stock_code,corp_code,corp_name,market,sector,listing_date,year,CorrectionCount,FirstCorrectionDate,LastCorrectionDate,CorrectionDummy
217590,00949161,티엠씨,KOSPI,절연선 및 케이블 제조업,2025-12-15,2018,0,,,0
217590,00949161,티엠씨,KOSPI,절연선 및 케이블 제조업,2025-12-15,2019,0,,,0
217590,00949161,티엠씨,KOSPI,절연선 및 케이블 제조업,2025-12-15,2020,0,,,0
217590,00949161,티엠씨,KOSPI,절연선 및 케이블 제조업,2025-12-15,2021,0,,,0
217590,00949161,티엠씨,KOSPI,절연선 및 케이블 제조업,2025-12-15,2022,0,,,0
217590,00949161,티엠씨,KOSPI,절연선 및 케이블 제조업,2025-12-15,2023,0,,,0
217590,00949161,티엠씨,KOSPI,절연선 및 케이블 제조업,2025-12-15,2024,0,,,0
001200,00131054,삼양바이오팜,KOSPI,의약품 제조업,2025-11-24,2018,0,,,0
001200,00131054,삼양바이오팜,KOSPI,의약품 제조업,2025-11-24,2019,0,,,0
001200,00131054,삼양바이오팜,KOSPI,의약품 제조업,2025-11-24,2020,0,,,0
001200,00131054,삼양바이오팜,KOSPI,의약품 제조업,2025-11-24,2021,0,,,0
001200,00131054,삼양바이오팜,KOSPI,의약품 제조업,2025-11-24,2022,0,,,0
001200,00131054,삼양바이오팜,KOSPI,의약품 제조업,2025-11-24,2023,0,,,0
001200,00131054,삼양바이오팜,KOSPI,의약품 제조업,2025-11-24,2024,0,,,0
001200,01965333,삼양바이오팜,KOSPI,의약품 제조업,2025-11-24,2018,0,,,0
001200,01965333,삼양바이오팜,KOSPI,의약품 제조업,2025-11-24,2019,0,,,0
001200,01965333,삼양바이오팜,KOSPI,의약품 제조업,2025-11-24,2020,0,,,0
001200,01965333,삼양바이오팜,KOSPI,의약품 제조업,2025-11-24,2021,0,,,0
001200,01965333,삼양바이오팜,KOSPI,의약품 제조업,2025-11-24,2022,0,,,0
001200,01965333,삼양바이오팜,KOSPI,의약품 제조업,2025-11-24,2023,0,,,0
001200,01965333,삼양바이오팜,KOSPI,의약품 제조업,2025-11-24,2024,0,,,0
317450,00179489,명인제약,KOSPI,의약품 제조업,2025-10-01,2018,0,,,0
317450,00179489,명인제약,KOSPI,의약품 제조업,2025-10-01,2019,0,,,0
317450,00179489,명인제약,KOSPI,의약품 제조업,2025-10-01,2020,0,,,0
317450,00179489,명인제약,KOSPI,의약품 제조업,2025-10-01,2021,0,,,0
317450,00179489,명인제약,KOSPI,의약품 제조업,2025-10-01,2022,0,,,0
317450,00179489,명인제약,KOSPI,의약품 제조업,2025-10-01,2023,0,,,0
317450,00179489,명인제약,KOSPI,의약품 제조업,2025-10-01,2024,0,,,0
439260,00182696,대한조선,KOSPI,선박 및 보트 건조업,2025-08-01,2018,0,,,0
439260,00182696,대한조선,KOSPI,선박 및 보트 건조업,2025-08-01,2019,0,,,0
439260,00182696,대한조선,KOSPI,선박 및 보트 건조업,2025-08-01,2020,0,,,0
439260,00182696,대한조선,KOSPI,선박 및 보트 건조업,2025-08-01,2021,0,,,0
439260,00182696,대한조선,KOSPI,선박 및 보트 건조업,2025-08-01,2022,0,,,0
439260,00182696,대한조선,KOSPI,선박 및 보트 건조업,2025-08-01,2023,0,,,0
439260,00182696,대한조선,KOSPI,선박 및 보트 건조업,2025-08-01,2024,0,,,0
483650,01649204,달바글로벌,KOSPI,기타 화학제품 제조업,2025-05-22,2018,0,,,0
483650,01649204,달바글로벌,KOSPI,기타 화학제품 제조업,2025-05-22,2019,0,,,0
483650,01649204,달바글로벌,KOSPI,기타 화학제품 제조업,2025-05-22,2020,0,,,0
483650,01649204,달바글로벌,KOSPI,기타 화학제품 제조업,2025-05-22,2021,0,,,0
483650,01649204,달바글로벌,KOSPI,기타 화학제품 제조업,2025-05-22,2022,0,,,0
483650,01649204,달바글로벌,KOSPI,기타 화학제품 제조업,2025-05-22,2023,0,,,0
483650,01649204,달바글로벌,KOSPI,기타 화학제품 제조업,2025-05-22,2024,0,,,0
480370,01210677,씨케이솔루션,KOSPI,일반 목적용 기계 제조업,2025-03-17,2018,0,,,0
480370,01210677,씨케이솔루션,KOSPI,일반 목적용 기계 제조업,2025-03-17,2019,0,,,0
480370,01210677,씨케이솔루션,KOSPI,일반 목적용 기계 제조업,2025-03-17,2020,0,,,0
480370,01210677,씨케이솔루션,KOSPI,일반 목적용 기계 제조업,2025-03-17,2021,0,,,0
480370,01210677,씨케이솔루션,KOSPI,일반 목적용 기계 제조업,2025-03-17,2022,0,,,0
480370,01210677,씨케이솔루션,KOSPI,일반 목적용 기계 제조업,2025-03-17,2023,0,,,0
480370,01210677,씨케이솔루션,KOSPI,일반 목적용 기계 제조업,2025-03-17,2024,0,,,0
064400,00139834,LG씨엔에스,KOSPI,"컴퓨터 프로그래밍, 시스템 통합 및 관리업",2025-02-05,2018,0,,,0
064400,00139834,LG씨엔에스,KOSPI,"컴퓨터 프로그래밍, 시스템 통합 및 관리업",2025-02-05,2019,0,,,0
064400,00139834,LG씨엔에스,KOSPI,"컴퓨터 프로그래밍, 시스템 통합 및 관리업",2025-02-05,2020,0,,,0
064400,00139834,LG씨엔에스,KOSPI,"컴퓨터 프로그래밍, 시스템 통합 및 관리업",2025-02-05,2021,0,,,0
064400,00139834,LG씨엔에스,KOSPI,"컴퓨터 프로그래밍, 시스템 통합 및 관리업",2025-02-05,2022,1,20220405,20220405,1
064400,00139834,LG씨엔에스,KOSPI,"컴퓨터 프로그래밍, 시스템 통합 및 관리업",2025-02-05,2023,0,,,0
064400,00139834,LG씨엔에스,KOSPI,"컴퓨터 프로그래밍, 시스템 통합 및 관리업",2025-02-05,2024,0,,,0
484870,01519790,엠앤씨솔루션,KOSPI,특수 목적용 기계 제조업,2024-12-16,2018,0,,,0
484870,01519790,엠앤씨솔루션,KOSPI,특수 목적용 기계 제조업,2024-12-16,2019,0,,,0
484870,01519790,엠앤씨솔루션,KOSPI,특수 목적용 기계 제조업,2024-12-16,2020,0,,,0
484870,01519790,엠앤씨솔루션,KOSPI,특수 목적용 기계 제조업,2024-12-16,2021,0,,,0
484870,01519790,엠앤씨솔루션,KOSPI,특수 목적용 기계 제조업,2024-12-16,2022,0,,,0
484870,01519790,엠앤씨솔루션,KOSPI,특수 목적용 기계 제조업,2024-12-16,2023,0,,,0
484870,01519790,엠앤씨솔루션,KOSPI,특수 목적용 기계 제조업,2024-12-16,2024,0,,,0
475560,00968607,더본코리아,KOSPI,상품 종합 도매업,2024-11-06,2018,0,,,0
475560,00968607,더본코리아,KOSPI,상품 종합 도매업,2024-11-06,2019,0,,,0
475560,00968607,더본코리아,KOSPI,상품 종합 도매업,2024-11-06,2020,0,,,0
475560,00968607,더본코리아,KOSPI,상품 종합 도매업,2024-11-06,2021,0,,,0
475560,00968607,더본코리아,KOSPI,상품 종합 도매업,2024-11-06,2022,0,,,0
475560,00968607,더본코리아,KOSPI,상품 종합 도매업,2024-11-06,2023,0,,,0
475560,00968607,더본코리아,KOSPI,상품 종합 도매업,2024-11-06,2024,0,,,0
489790,01867758,한화비전,KOSPI,통신 및 방송 장비 제조업,2024-09-27,2018,0,,,0
489790,01867758,한화비전,KOSPI,통신 및 방송 장비 제조업,2024-09-27,2019,0,,,0
489790,01867758,한화비전,KOSPI,통신 및 방송 장비 제조업,2024-09-27,2020,0,,,0
489790,01867758,한화비전,KOSPI,통신 및 방송 장비 제조업,2024-09-27,2021,0,,,0
489790,01867758,한화비전,KOSPI,통신 및 방송 장비 제조업,2024-09-27,2022,0,,,0
489790,01867758,한화비전,KOSPI,통신 및 방송 장비 제조업,2024-09-27,2023,0,,,0
489790,01867758,한화비전,KOSPI,통신 및 방송 장비 제조업,2024-09-27,2024,0,,,0
079900,00372129,전진건설로봇,KOSPI,특수 목적용 기계 제조업,2024-08-19,2018,0,,,0
079900,00372129,전진건설로봇,KOSPI,특수 목적용 기계 제조업,2024-08-19,2019,0,,,0
079900,00372129,전진건설로봇,KOSPI,특수 목적용 기계 제조업,2024-08-19,2020,0,,,0
079900,00372129,전진건설로봇,KOSPI,특수 목적용 기계 제조업,2024-08-19,2021,0,,,0
079900,00372129,전진건설로봇,KOSPI,특수 목적용 기계 제조업,2024-08-19,2022,0,,,0
079900,00372129,전진건설로봇,KOSPI,특수 목적용 기계 제조업,2024-08-19,2023,0,,,0
079900,00372129,전진건설로봇,KOSPI,특수 목적용 기계 제조업,2024-08-19,2024,0,,,0
062040,00366438,산일전기,KOSPI,"전동기, 발전기 및 전기 변환 · 공급 · 제어 장치 제조업",2024-07-29,2018,0,,,0
062040,00366438,산일전기,KOSPI,"전동기, 발전기 및 전기 변환 · 공급 · 제어 장치 제조업",2024-07-29,2019,0,,,0
062040,00366438,산일전기,KOSPI,"전동기, 발전기 및 전기 변환 · 공급 · 제어 장치 제조업",2024-07-29,2020,0,,,0
062040,00366438,산일전기,KOSPI,"전동기, 발전기 및 전기 변환 · 공급 · 제어 장치 제조업",2024-07-29,2021,0,,,0
062040,00366438,산일전기,KOSPI,"전동기, 발전기 및 전기 변환 · 공급 · 제어 장치 제조업",2024-07-29,2022,0,,,0
062040,00366438,산일전기,KOSPI,"전동기, 발전기 및 전기 변환 · 공급 · 제어 장치 제조업",2024-07-29,2023,0,,,0
062040,00366438,산일전기,KOSPI,"전동기, 발전기 및 전기 변환 · 공급 · 제어 장치 제조업",2024-07-29,2024,0,,,0
462870,01384787,시프트업,KOSPI,소프트웨어 개발 및 공급업,2024-07-11,2018,0,,,0
462870,01384787,시프트업,KOSPI,소프트웨어 개발 및 공급업,2024-07-11,2019,0,,,0
462870,01384787,시프트업,KOSPI,소프트웨어 개발 및 공급업,2024-07-11,2020,0,,,0
462870,01384787,시프트업,KOSPI,소프트웨어 개발 및 공급업,2024-07-11,2021,0,,,0
462870,01384787,시프트업,KOSPI,소프트웨어 개발 및 공급업,2024-07-11,2022,0,,,0
462870,01384787,시프트업,KOSPI,소프트웨어 개발 및 공급업,2024-07-11,2023,0,,,0
462870,01384787,시프트업,KOSPI,소프트웨어 개발 및 공급업,2024-07-11,2024,0,,,0
034230,00171265,파라다이스,KOSPI,유원지 및 기타 오락관련 서비스업,2024-06-24,2018,0,,,0
034230,00171265,파라다이스,KOSPI,유원지 및 기타 오락관련 서비스업,2024-06-24,2019,0,,,0
034230,00171265,파라다이스,KOSPI,유원지 및 기타 오락관련 서비스업,2024-06-24,2020,0,,,0
034230,00171265,파라다이스,KOSPI,유원지 및 기타 오락관련 서비스업,2024-06-24,2021,1,20210419,20210419,1
034230,00171265,파라다이스,KOSPI,유원지 및 기타 오락관련 서비스업,2024-06-24,2022,0,,,0
034230,00171265,파라다이스,KOSPI,유원지 및 기타 오락관련 서비스업,2024-06-24,2023,0,,,0
034230,00171265,파라다이스,KOSPI,유원지 및 기타 오락관련 서비스업,2024-06-24,2024,0,,,0
443060,01194689,HD현대마린솔루션,KOSPI,"건축기술, 엔지니어링 및 관련 기술 서비스업",2024-05-08,2018,0,,,0
443060,01194689,HD현대마린솔루션,KOSPI,"건축기술, 엔지니어링 및 관련 기술 서비스업",2024-05-08,2019,0,,,0
443060,01194689,HD현대마린솔루션,KOSPI,"건축기술, 엔지니어링 및 관련 기술 서비스업",2024-05-08,2020,0,,,0
443060,01194689,HD현대마린솔루션,KOSPI,"건축기술, 엔지니어링 및 관련 기술 서비스업",2024-05-08,2021,0,,,0
443060,01194689,HD현대마린솔루션,KOSPI,"건축기술, 엔지니어링 및 관련 기술 서비스업",2024-05-08,2022,0,,,0
443060,01194689,HD현대마린솔루션,KOSPI,"건축기술, 엔지니어링 및 관련 기술 서비스업",2024-05-08,2023,0,,,0
443060,01194689,HD현대마린솔루션,KOSPI,"건축기술, 엔지니어링 및 관련 기술 서비스업",2024-05-08,2024,0,,,0
475150,01817081,SK이터닉스,KOSPI,건물 건설업,2024-03-29,2018,0,,,0
475150,01817081,SK이터닉스,KOSPI,건물 건설업,2024-03-29,2019,0,,,0
475150,01817081,SK이터닉스,KOSPI,건물 건설업,2024-03-29,2020,0,,,0
475150,01817081,SK이터닉스,KOSPI,건물 건설업,2024-03-29,2021,0,,,0
475150,01817081,SK이터닉스,KOSPI,건물 건설업,2024-03-29,2022,0,,,0
475150,01817081,SK이터닉스,KOSPI,건물 건설업,2024-03-29,2023,0,,,0
475150,01817081,SK이터닉스,KOSPI,건물 건설업,2024-03-29,2024,0,,,0
278470,01190568,에이피알,KOSPI,기타 화학제품 제조업,2024-02-27,2018,2,20180417,20180528,1
278470,01190568,에이피알,KOSPI,기타 화학제품 제조업,2024-02-27,2019,3,20190528,20191114,1
278470,01190568,에이피알,KOSPI,기타 화학제품 제조업,2024-02-27,2020,5,20200814,20200924,1
278470,01190568,에이피알,KOSPI,기타 화학제품 제조업,2024-02-27,2021,0,,,0
278470,01190568,에이피알,KOSPI,기타 화학제품 제조업,2024-02-27,2022,0,,,0
278470,01190568,에이피알,KOSPI,기타 화학제품 제조업,2024-02-27,2023,0,,,0
278470,01190568,에이피알,KOSPI,기타 화학제품 제조업,2024-02-27,2024,0,,,0
066970,00398701,엘앤에프,KOSPI,일차전지 및 이차전지 제조업,2024-01-29,2018,0,,,0
066970,00398701,엘앤에프,KOSPI,일차전지 및 이차전지 제조업,2024-01-29,2019,0,,,0
066970,00398701,엘앤에프,KOSPI,일차전지 및 이차전지 제조업,2024-01-29,2020,0,,,0
066970,00398701,엘앤에프,KOSPI,일차전지 및 이차전지 제조업,2024-01-29,2021,0,,,0
066970,00398701,엘앤에프,KOSPI,일차전지 및 이차전지 제조업,2024-01-29,2022,0,,,0
066970,00398701,엘앤에프,KOSPI,일차전지 및 이차전지 제조업,2024-01-29,2023,1,20230828,20230828,1
066970,00398701,엘앤에프,KOSPI,일차전지 및 이차전지 제조업,2024-01-29,2024,1,20240328,20240328,1
022100,00155212,포스코DX,KOSPI,"건축기술, 엔지니어링 및 관련 기술 서비스업",2024-01-02,2018,1,20180622,20180622,1
022100,00155212,포스코DX,KOSPI,"건축기술, 엔지니어링 및 관련 기술 서비스업",2024-01-02,2019,0,,,0
022100,00155212,포스코DX,KOSPI,"건축기술, 엔지니어링 및 관련 기술 서비스업",2024-01-02,2020,0,,,0
022100,00155212,포스코DX,KOSPI,"건축기술, 엔지니어링 및 관련 기술 서비스업",2024-01-02,2021,0,,,0
022100,00155212,포스코DX,KOSPI,"건축기술, 엔지니어링 및 관련 기술 서비스업",2024-01-02,2022,1,20220504,20220504,1
022100,00155212,포스코DX,KOSPI,"건축기술, 엔지니어링 및 관련 기술 서비스업",2024-01-02,2023,0,,,0
022100,00155212,포스코DX,KOSPI,"건축기술, 엔지니어링 및 관련 기술 서비스업",2024-01-02,2024,2,20240313,20240618,1
017860,00108612,DS단석,KOSPI,기타 화학제품 제조업,2023-12-22,2018,0,,,0
017860,00108612,DS단석,KOSPI,기타 화학제품 제조업,2023-12-22,2019,0,,,0
017860,00108612,DS단석,KOSPI,기타 화학제품 제조업,2023-12-22,2020,0,,,0
017860,00108612,DS단석,KOSPI,기타 화학제품 제조업,2023-12-22,2021,0,,,0
017860,00108612,DS단석,KOSPI,기타 화학제품 제조업,2023-12-22,2022,0,,,0
017860,00108612,DS단석,KOSPI,기타 화학제품 제조업,2023-12-22,2023,0,,,0
017860,00108612,DS단석,KOSPI,기타 화학제품 제조업,2023-12-22,2024,0,,,0
111380,00367710,동인기연,KOSPI,"가죽, 가방 및 유사제품 제조업",2023-11-21,2018,0,,,0
111380,00367710,동인기연,KOSPI,"가죽, 가방 및 유사제품 제조업",2023-11-21,2019,0,,,0
111380,00367710,동인기연,KOSPI,"가죽, 가방 및 유사제품 제조업",2023-11-21,2020,0,,,0
111380,00367710,동인기연,KOSPI,"가죽, 가방 및 유사제품 제조업",2023-11-21,2021,0,,,0
111380,00367710,동인기연,KOSPI,"가죽, 가방 및 유사제품 제조업",2023-11-21,2022,0,,,0
111380,00367710,동인기연,KOSPI,"가죽, 가방 및 유사제품 제조업",2023-11-21,2023,0,,,0
111380,00367710,동인기연,KOSPI,"가죽, 가방 및 유사제품 제조업",2023-11-21,2024,0,,,0
450080,01311408,에코프로머티,KOSPI,일차전지 및 이차전지 제조업,2023-11-17,2018,0,,,0
450080,01311408,에코프로머티,KOSPI,일차전지 및 이차전지 제조업,2023-11-17,2019,0,,,0
450080,01311408,에코프로머티,KOSPI,일차전지 및 이차전지 제조업,2023-11-17,2020,0,,,0
450080,01311408,에코프로머티,KOSPI,일차전지 및 이차전지 제조업,2023-11-17,2021,0,,,0
450080,01311408,에코프로머티,KOSPI,일차전지 및 이차전지 제조업,2023-11-17,2022,0,,,0
450080,01311408,에코프로머티,KOSPI,일차전지 및 이차전지 제조업,2023-11-17,2023,0,,,0
450080,01311408,에코프로머티,KOSPI,일차전지 및 이차전지 제조업,2023-11-17,2024,1,20240417,20240417,1
454910,01105153,두산로보틱스,KOSPI,특수 목적용 기계 제조업,2023-10-05,2018,0,,,0
454910,01105153,두산로보틱스,KOSPI,특수 목적용 기계 제조업,2023-10-05,2019,0,,,0
454910,01105153,두산로보틱스,KOSPI,특수 목적용 기계 제조업,2023-10-05,2020,0,,,0
454910,01105153,두산로보틱스,KOSPI,특수 목적용 기계 제조업,2023-10-05,2021,0,,,0
454910,01105153,두산로보틱스,KOSPI,특수 목적용 기계 제조업,2023-10-05,2022,0,,,0
454910,01105153,두산로보틱스,KOSPI,특수 목적용 기계 제조업,2023-10-05,2023,0,,,0
454910,01105153,두산로보틱스,KOSPI,특수 목적용 기계 제조업,2023-10-05,2024,0,,,0
465770,01784394,STX그린로지스,KOSPI,해상 운송업,2023-09-15,2018,0,,,0
465770,01784394,STX그린로지스,KOSPI,해상 운송업,2023-09-15,2019,0,,,0
465770,01784394,STX그린로지스,KOSPI,해상 운송업,2023-09-15,2020,0,,,0
465770,01784394,STX그린로지스,KOSPI,해상 운송업,2023-09-15,2021,0,,,0
465770,01784394,STX그린로지스,KOSPI,해상 운송업,2023-09-15,2022,0,,,0
465770,01784394,STX그린로지스,KOSPI,해상 운송업,2023-09-15,2023,0,,,0
465770,01784394,STX그린로지스,KOSPI,해상 운송업,2023-09-15,2024,0,,,0
092790,00220613,넥스틸,KOSPI,1차 철강 제조업,2023-08-21,2018,0,,,0
092790,00220613,넥스틸,KOSPI,1차 철강 제조업,2023-08-21,2019,0,,,0
092790,00220613,넥스틸,KOSPI,1차 철강 제조업,2023-08-21,2020,0,,,0
092790,00220613,넥스틸,KOSPI,1차 철강 제조업,2023-08-21,2021,0,,,0
092790,00220613,넥스틸,KOSPI,1차 철강 제조업,2023-08-21,2022,0,,,0
092790,00220613,넥스틸,KOSPI,1차 철강 제조업,2023-08-21,2023,0,,,0
092790,00220613,넥스틸,KOSPI,1차 철강 제조업,2023-08-21,2024,0,,,0
030190,00158325,NICE평가정보,KOSPI,기타 정보 서비스업,2023-08-08,2018,0,,,0
030190,00158325,NICE평가정보,KOSPI,기타 정보 서비스업,2023-08-08,2019,0,,,0
030190,00158325,NICE평가정보,KOSPI,기타 정보 서비스업,2023-08-08,2020,0,,,0
030190,00158325,NICE평가정보,KOSPI,기타 정보 서비스업,2023-08-08,2021,0,,,0
030190,00158325,NICE평가정보,KOSPI,기타 정보 서비스업,2023-08-08,2022,0,,,0
030190,00158325,NICE평가정보,KOSPI,기타 정보 서비스업,2023-08-08,2023,0,,,0
030190,00158325,NICE평가정보,KOSPI,기타 정보 서비스업,2023-08-08,2024,0,,,0
462520,01770203,조선내화,KOSPI,"내화, 비내화 요업제품 제조업",2023-07-28,2018,0,,,0
462520,01770203,조선내화,KOSPI,"내화, 비내화 요업제품 제조업",2023-07-28,2019,0,,,0
462520,01770203,조선내화,KOSPI,"내화, 비내화 요업제품 제조업",2023-07-28,2020,0,,,0
462520,01770203,조선내화,KOSPI,"내화, 비내화 요업제품 제조업",2023-07-28,2021,0,,,0
462520,01770203,조선내화,KOSPI,"내화, 비내화 요업제품 제조업",2023-07-28,2022,0,,,0
462520,01770203,조선내화,KOSPI,"내화, 비내화 요업제품 제조업",2023-07-28,2023,0,,,0
462520,01770203,조선내화,KOSPI,"내화, 비내화 요업제품 제조업",2023-07-28,2024,1,20240315,20240315,1
090460,00447609,비에이치,KOSPI,전자부품 제조업,2023-06-20,2018,2,20180511,20180511,1
090460,00447609,비에이치,KOSPI,전자부품 제조업,2023-06-20,2019,1,20190620,20190620,1
090460,00447609,비에이치,KOSPI,전자부품 제조업,2023-06-20,2020,0,,,0
090460,00447609,비에이치,KOSPI,전자부품 제조업,2023-06-20,2021,2,20210322,20210331,1
090460,00447609,비에이치,KOSPI,전자부품 제조업,2023-06-20,2022,0,,,0
090460,00447609,비에이치,KOSPI,전자부품 제조업,2023-06-20,2023,0,,,0
090460,00447609,비에이치,KOSPI,전자부품 제조업,2023-06-20,2024,0,,,0
460850,01765256,동국씨엠,KOSPI,1차 철강 제조업,2023-06-16,2018,0,,,0
460850,01765256,동국씨엠,KOSPI,1차 철강 제조업,2023-06-16,2019,0,,,0
460850,01765256,동국씨엠,KOSPI,1차 철강 제조업,2023-06-16,2020,0,,,0
460850,01765256,동국씨엠,KOSPI,1차 철강 제조업,2023-06-16,2021,0,,,0
460850,01765256,동국씨엠,KOSPI,1차 철강 제조업,2023-06-16,2022,0,,,0
460850,01765256,동국씨엠,KOSPI,1차 철강 제조업,2023-06-16,2023,0,,,0
460850,01765256,동국씨엠,KOSPI,1차 철강 제조업,2023-06-16,2024,0,,,0
460860,01765265,동국제강,KOSPI,1차 철강 제조업,2023-06-16,2018,0,,,0
460860,01765265,동국제강,KOSPI,1차 철강 제조업,2023-06-16,2019,0,,,0
460860,01765265,동국제강,KOSPI,1차 철강 제조업,2023-06-16,2020,0,,,0
460860,01765265,동국제강,KOSPI,1차 철강 제조업,2023-06-16,2021,0,,,0
460860,01765265,동국제강,KOSPI,1차 철강 제조업,2023-06-16,2022,0,,,0
460860,01765265,동국제강,KOSPI,1차 철강 제조업,2023-06-16,2023,0,,,0
460860,01765265,동국제강,KOSPI,1차 철강 제조업,2023-06-16,2024,0,,,0
457190,01762569,이수스페셜티케미컬,KOSPI,기초 화학물질 제조업,2023-05-31,2018,0,,,0
457190,01762569,이수스페셜티케미컬,KOSPI,기초 화학물질 제조업,2023-05-31,2019,0,,,0
457190,01762569,이수스페셜티케미컬,KOSPI,기초 화학물질 제조업,2023-05-31,2020,0,,,0
457190,01762569,이수스페셜티케미컬,KOSPI,기초 화학물질 제조업,2023-05-31,2021,0,,,0
457190,01762569,이수스페셜티케미컬,KOSPI,기초 화학물질 제조업,2023-05-31,2022,0,,,0
457190,01762569,이수스페셜티케미컬,KOSPI,기초 화학물질 제조업,2023-05-31,2023,0,,,0
457190,01762569,이수스페셜티케미컬,KOSPI,기초 화학물질 제조업,2023-05-31,2024,1,20240411,20240411,1
456040,01760738,OCI,KOSPI,기초 화학물질 제조업,2023-05-30,2018,0,,,0
456040,01760738,OCI,KOSPI,기초 화학물질 제조업,2023-05-30,2019,0,,,0
456040,01760738,OCI,KOSPI,기초 화학물질 제조업,2023-05-30,2020,0,,,0
456040,01760738,OCI,KOSPI,기초 화학물질 제조업,2023-05-30,2021,0,,,0
456040,01760738,OCI,KOSPI,기초 화학물질 제조업,2023-05-30,2022,0,,,0
456040,01760738,OCI,KOSPI,기초 화학물질 제조업,2023-05-30,2023,0,,,0
456040,01760738,OCI,KOSPI,기초 화학물질 제조업,2023-05-30,2024,0,,,0
100090,00480367,SK오션플랜트,KOSPI,1차 철강 제조업,2023-04-19,2018,1,20180330,20180330,1
100090,00480367,SK오션플랜트,KOSPI,1차 철강 제조업,2023-04-19,2019,0,,,0
100090,00480367,SK오션플랜트,KOSPI,1차 철강 제조업,2023-04-19,2020,0,,,0
100090,00480367,SK오션플랜트,KOSPI,1차 철강 제조업,2023-04-19,2021,0,,,0
100090,00480367,SK오션플랜트,KOSPI,1차 철강 제조업,2023-04-19,2022,0,,,0
100090,00480367,SK오션플랜트,KOSPI,1차 철강 제조업,2023-04-19,2023,1,20230831,20230831,1
100090,00480367,SK오션플랜트,KOSPI,1차 철강 제조업,2023-04-19,2024,0,,,0
453340,01721809,현대그린푸드,KOSPI,종합 소매업,2023-04-10,2018,0,,,0
453340,01721809,현대그린푸드,KOSPI,종합 소매업,2023-04-10,2019,0,,,0
453340,01721809,현대그린푸드,KOSPI,종합 소매업,2023-04-10,2020,0,,,0
453340,01721809,현대그린푸드,KOSPI,종합 소매업,2023-04-10,2021,0,,,0
453340,01721809,현대그린푸드,KOSPI,종합 소매업,2023-04-10,2022,0,,,0
453340,01721809,현대그린푸드,KOSPI,종합 소매업,2023-04-10,2023,0,,,0
453340,01721809,현대그린푸드,KOSPI,종합 소매업,2023-04-10,2024,0,,,0
452260,01722437,한화갤러리아,KOSPI,종합 소매업,2023-03-31,2018,0,,,0
452260,01722437,한화갤러리아,KOSPI,종합 소매업,2023-03-31,2019,0,,,0
452260,01722437,한화갤러리아,KOSPI,종합 소매업,2023-03-31,2020,0,,,0
452260,01722437,한화갤러리아,KOSPI,종합 소매업,2023-03-31,2021,0,,,0
452260,01722437,한화갤러리아,KOSPI,종합 소매업,2023-03-31,2022,0,,,0
452260,01722437,한화갤러리아,KOSPI,종합 소매업,2023-03-31,2023,0,,,0
452260,01722437,한화갤러리아,KOSPI,종합 소매업,2023-03-31,2024,0,,,0
377740,00622787,바이오노트,KOSPI,의료용품 및 기타 의약 관련제품 제조업,2022-12-22,2018,0,,,0
377740,00622787,바이오노트,KOSPI,의료용품 및 기타 의약 관련제품 제조업,2022-12-22,2019,0,,,0
377740,00622787,바이오노트,KOSPI,의료용품 및 기타 의약 관련제품 제조업,2022-12-22,2020,0,,,0
377740,00622787,바이오노트,KOSPI,의료용품 및 기타 의약 관련제품 제조업,2022-12-22,2021,0,,,0
377740,00622787,바이오노트,KOSPI,의료용품 및 기타 의약 관련제품 제조업,2022-12-22,2022,0,,,0
377740,00622787,바이오노트,KOSPI,의료용품 및 기타 의약 관련제품 제조업,2022-12-22,2023,0,,,0
377740,00622787,바이오노트,KOSPI,의료용품 및 기타 의약 관련제품 제조업,2022-12-22,2024,2,20240320,20240322,1
446070,01702017,유니드비티플러스,KOSPI,제재 및 목재 가공업,2022-11-28,2018,0,,,0
446070,01702017,유니드비티플러스,KOSPI,제재 및 목재 가공업,2022-11-28,2019,0,,,0
446070,01702017,유니드비티플러스,KOSPI,제재 및 목재 가공업,2022-11-28,2020,0,,,0
446070,01702017,유니드비티플러스,KOSPI,제재 및 목재 가공업,2022-11-28,2021,0,,,0
446070,01702017,유니드비티플러스,KOSPI,제재 및 목재 가공업,2022-11-28,2022,0,,,0
446070,01702017,유니드비티플러스,KOSPI,제재 및 목재 가공업,2022-11-28,2023,0,,,0
446070,01702017,유니드비티플러스,KOSPI,제재 및 목재 가공업,2022-11-28,2024,0,,,0
108320,00525934,LX세미콘,KOSPI,반도체 제조업,2022-11-03,2018,0,,,0
108320,00525934,LX세미콘,KOSPI,반도체 제조업,2022-11-03,2019,0,,,0
108320,00525934,LX세미콘,KOSPI,반도체 제조업,2022-11-03,2020,0,,,0
108320,00525934,LX세미콘,KOSPI,반도체 제조업,2022-11-03,2021,0,,,0
108320,00525934,LX세미콘,KOSPI,반도체 제조업,2022-11-03,2022,0,,,0
108320,00525934,LX세미콘,KOSPI,반도체 제조업,2022-11-03,2023,0,,,0
108320,00525934,LX세미콘,KOSPI,반도체 제조업,2022-11-03,2024,0,,,0
403550,01026157,쏘카,KOSPI,운송장비 임대업,2022-08-22,2018,0,,,0
403550,01026157,쏘카,KOSPI,운송장비 임대업,2022-08-22,2019,0,,,0
403550,01026157,쏘카,KOSPI,운송장비 임대업,2022-08-22,2020,0,,,0
403550,01026157,쏘카,KOSPI,운송장비 임대업,2022-08-22,2021,0,,,0
403550,01026157,쏘카,KOSPI,운송장비 임대업,2022-08-22,2022,0,,,0
403550,01026157,쏘카,KOSPI,운송장비 임대업,2022-08-22,2023,0,,,0
403550,01026157,쏘카,KOSPI,운송장비 임대업,2022-08-22,2024,0,,,0
126720,00193328,수산인더스트리,KOSPI,전기 및 통신 공사업,2022-08-01,2018,0,,,0
126720,00193328,수산인더스트리,KOSPI,전기 및 통신 공사업,2022-08-01,2019,0,,,0
126720,00193328,수산인더스트리,KOSPI,전기 및 통신 공사업,2022-08-01,2020,0,,,0
126720,00193328,수산인더스트리,KOSPI,전기 및 통신 공사업,2022-08-01,2021,0,,,0
126720,00193328,수산인더스트리,KOSPI,전기 및 통신 공사업,2022-08-01,2022,0,,,0
126720,00193328,수산인더스트리,KOSPI,전기 및 통신 공사업,2022-08-01,2023,0,,,0
126720,00193328,수산인더스트리,KOSPI,전기 및 통신 공사업,2022-08-01,2024,0,,,0
373220,01515323,LG에너지솔루션,KOSPI,일차전지 및 이차전지 제조업,2022-01-27,2018,0,,,0
373220,01515323,LG에너지솔루션,KOSPI,일차전지 및 이차전지 제조업,2022-01-27,2019,0,,,0
373220,01515323,LG에너지솔루션,KOSPI,일차전지 및 이차전지 제조업,2022-01-27,2020,0,,,0
373220,01515323,LG에너지솔루션,KOSPI,일차전지 및 이차전지 제조업,2022-01-27,2021,0,,,0
373220,01515323,LG에너지솔루션,KOSPI,일차전지 및 이차전지 제조업,2022-01-27,2022,0,,,0
373220,01515323,LG에너지솔루션,KOSPI,일차전지 및 이차전지 제조업,2022-01-27,2023,0,,,0
373220,01515323,LG에너지솔루션,KOSPI,일차전지 및 이차전지 제조업,2022-01-27,2024,0,,,0
381970,01323032,케이카,KOSPI,자동차 판매업,2021-10-13,2018,0,,,0
381970,01323032,케이카,KOSPI,자동차 판매업,2021-10-13,2019,0,,,0
381970,01323032,케이카,KOSPI,자동차 판매업,2021-10-13,2020,0,,,0
381970,01323032,케이카,KOSPI,자동차 판매업,2021-10-13,2021,0,,,0
381970,01323032,케이카,KOSPI,자동차 판매업,2021-10-13,2022,0,,,0
381970,01323032,케이카,KOSPI,자동차 판매업,2021-10-13,2023,1,20230407,20230407,1
381970,01323032,케이카,KOSPI,자동차 판매업,2021-10-13,2024,1,20240424,20240424,1
329180,01390344,HD현대중공업,KOSPI,선박 및 보트 건조업,2021-09-17,2018,0,,,0
329180,01390344,HD현대중공업,KOSPI,선박 및 보트 건조업,2021-09-17,2019,0,,,0
329180,01390344,HD현대중공업,KOSPI,선박 및 보트 건조업,2021-09-17,2020,0,,,0
329180,01390344,HD현대중공업,KOSPI,선박 및 보트 건조업,2021-09-17,2021,0,,,0
329180,01390344,HD현대중공업,KOSPI,선박 및 보트 건조업,2021-09-17,2022,0,,,0
329180,01390344,HD현대중공업,KOSPI,선박 및 보트 건조업,2021-09-17,2023,0,,,0
329180,01390344,HD현대중공업,KOSPI,선박 및 보트 건조업,2021-09-17,2024,0,,,0
271940,00972503,일진하이솔루스,KOSPI,그외 기타 운송장비 제조업,2021-09-01,2018,0,,,0
271940,00972503,일진하이솔루스,KOSPI,그외 기타 운송장비 제조업,2021-09-01,2019,0,,,0
271940,00972503,일진하이솔루스,KOSPI,그외 기타 운송장비 제조업,2021-09-01,2020,0,,,0
271940,00972503,일진하이솔루스,KOSPI,그외 기타 운송장비 제조업,2021-09-01,2021,0,,,0
271940,00972503,일진하이솔루스,KOSPI,그외 기타 운송장비 제조업,2021-09-01,2022,0,,,0
271940,00972503,일진하이솔루스,KOSPI,그외 기타 운송장비 제조업,2021-09-01,2023,1,20230315,20230315,1
271940,00972503,일진하이솔루스,KOSPI,그외 기타 운송장비 제조업,2021-09-01,2024,0,,,0
139990,00486705,아주스틸,KOSPI,1차 철강 제조업,2021-08-20,2018,0,,,0
139990,00486705,아주스틸,KOSPI,1차 철강 제조업,2021-08-20,2019,0,,,0
139990,00486705,아주스틸,KOSPI,1차 철강 제조업,2021-08-20,2020,0,,,0
139990,00486705,아주스틸,KOSPI,1차 철강 제조업,2021-08-20,2021,0,,,0
139990,00486705,아주스틸,KOSPI,1차 철강 제조업,2021-08-20,2022,0,,,0
139990,00486705,아주스틸,KOSPI,1차 철강 제조업,2021-08-20,2023,0,,,0
139990,00486705,아주스틸,KOSPI,1차 철강 제조업,2021-08-20,2024,0,,,0
089860,00545716,롯데렌탈,KOSPI,운송장비 임대업,2021-08-19,2018,1,20180404,20180404,1
089860,00545716,롯데렌탈,KOSPI,운송장비 임대업,2021-08-19,2019,1,20190401,20190401,1
089860,00545716,롯데렌탈,KOSPI,운송장비 임대업,2021-08-19,2020,0,,,0
089860,00545716,롯데렌탈,KOSPI,운송장비 임대업,2021-08-19,2021,3,20210707,20210707,1
089860,00545716,롯데렌탈,KOSPI,운송장비 임대업,2021-08-19,2022,1,20220812,20220812,1
089860,00545716,롯데렌탈,KOSPI,운송장비 임대업,2021-08-19,2023,1,20230424,20230424,1
089860,00545716,롯데렌탈,KOSPI,운송장비 임대업,2021-08-19,2024,0,,,0
372910,00534598,한컴라이프케어,KOSPI,의료용 기기 제조업,2021-08-17,2018,0,,,0
372910,00534598,한컴라이프케어,KOSPI,의료용 기기 제조업,2021-08-17,2019,0,,,0
372910,00534598,한컴라이프케어,KOSPI,의료용 기기 제조업,2021-08-17,2020,0,,,0
372910,00534598,한컴라이프케어,KOSPI,의료용 기기 제조업,2021-08-17,2021,0,,,0
372910,00534598,한컴라이프케어,KOSPI,의료용 기기 제조업,2021-08-17,2022,0,,,0
372910,00534598,한컴라이프케어,KOSPI,의료용 기기 제조업,2021-08-17,2023,0,,,0
372910,00534598,한컴라이프케어,KOSPI,의료용 기기 제조업,2021-08-17,2024,0,,,0
259960,00760971,크래프톤,KOSPI,소프트웨어 개발 및 공급업,2021-08-10,2018,2,20180622,20180816,1
259960,00760971,크래프톤,KOSPI,소프트웨어 개발 및 공급업,2021-08-10,2019,7,20190125,20191107,1
259960,00760971,크래프톤,KOSPI,소프트웨어 개발 및 공급업,2021-08-10,2020,3,20200330,20200330,1
259960,00760971,크래프톤,KOSPI,소프트웨어 개발 및 공급업,2021-08-10,2021,0,,,0
259960,00760971,크래프톤,KOSPI,소프트웨어 개발 및 공급업,2021-08-10,2022,0,,,0
259960,00760971,크래프톤,KOSPI,소프트웨어 개발 및 공급업,2021-08-10,2023,0,,,0
259960,00760971,크래프톤,KOSPI,소프트웨어 개발 및 공급업,2021-08-10,2024,0,,,0
178920,00767460,PI첨단소재,KOSPI,플라스틱제품 제조업,2021-08-09,2018,0,,,0
178920,00767460,PI첨단소재,KOSPI,플라스틱제품 제조업,2021-08-09,2019,0,,,0
178920,00767460,PI첨단소재,KOSPI,플라스틱제품 제조업,2021-08-09,2020,0,,,0
178920,00767460,PI첨단소재,KOSPI,플라스틱제품 제조업,2021-08-09,2021,0,,,0
178920,00767460,PI첨단소재,KOSPI,플라스틱제품 제조업,2021-08-09,2022,0,,,0
178920,00767460,PI첨단소재,KOSPI,플라스틱제품 제조업,2021-08-09,2023,0,,,0
178920,00767460,PI첨단소재,KOSPI,플라스틱제품 제조업,2021-08-09,2024,0,,,0
137310,00854997,에스디바이오센서,KOSPI,의료용 기기 제조업,2021-07-16,2018,0,,,0
137310,00854997,에스디바이오센서,KOSPI,의료용 기기 제조업,2021-07-16,2019,0,,,0
137310,00854997,에스디바이오센서,KOSPI,의료용 기기 제조업,2021-07-16,2020,0,,,0
137310,00854997,에스디바이오센서,KOSPI,의료용 기기 제조업,2021-07-16,2021,1,20210514,20210514,1
137310,00854997,에스디바이오센서,KOSPI,의료용 기기 제조업,2021-07-16,2022,0,,,0
137310,00854997,에스디바이오센서,KOSPI,의료용 기기 제조업,2021-07-16,2023,1,20230515,20230515,1
137310,00854997,에스디바이오센서,KOSPI,의료용 기기 제조업,2021-07-16,2024,0,,,0
097520,00564562,엠씨넥스,KOSPI,영상 및 음향기기 제조업,2021-07-06,2018,0,,,0
097520,00564562,엠씨넥스,KOSPI,영상 및 음향기기 제조업,2021-07-06,2019,0,,,0
097520,00564562,엠씨넥스,KOSPI,영상 및 음향기기 제조업,2021-07-06,2020,0,,,0
097520,00564562,엠씨넥스,KOSPI,영상 및 음향기기 제조업,2021-07-06,2021,0,,,0
097520,00564562,엠씨넥스,KOSPI,영상 및 음향기기 제조업,2021-07-06,2022,0,,,0
097520,00564562,엠씨넥스,KOSPI,영상 및 음향기기 제조업,2021-07-06,2023,0,,,0
097520,00564562,엠씨넥스,KOSPI,영상 및 음향기기 제조업,2021-07-06,2024,0,,,0
383220,01568413,F&F,KOSPI,봉제의복 제조업,2021-05-21,2018,0,,,0
383220,01568413,F&F,KOSPI,봉제의복 제조업,2021-05-21,2019,0,,,0
383220,01568413,F&F,KOSPI,봉제의복 제조업,2021-05-21,2020,0,,,0
383220,01568413,F&F,KOSPI,봉제의복 제조업,2021-05-21,2021,0,,,0
383220,01568413,F&F,KOSPI,봉제의복 제조업,2021-05-21,2022,0,,,0
383220,01568413,F&F,KOSPI,봉제의복 제조업,2021-05-21,2023,1,20230831,20230831,1
383220,01568413,F&F,KOSPI,봉제의복 제조업,2021-05-21,2024,0,,,0
361610,01386916,SK아이이테크놀로지,KOSPI,일차전지 및 이차전지 제조업,2021-05-11,2018,0,,,0
361610,01386916,SK아이이테크놀로지,KOSPI,일차전지 및 이차전지 제조업,2021-05-11,2019,0,,,0
361610,01386916,SK아이이테크놀로지,KOSPI,일차전지 및 이차전지 제조업,2021-05-11,2020,0,,,0
361610,01386916,SK아이이테크놀로지,KOSPI,일차전지 및 이차전지 제조업,2021-05-11,2021,0,,,0
361610,01386916,SK아이이테크놀로지,KOSPI,일차전지 및 이차전지 제조업,2021-05-11,2022,0,,,0
361610,01386916,SK아이이테크놀로지,KOSPI,일차전지 및 이차전지 제조업,2021-05-11,2023,1,20230814,20230814,1
361610,01386916,SK아이이테크놀로지,KOSPI,일차전지 및 이차전지 제조업,2021-05-11,2024,0,,,0
302440,01319899,SK바이오사이언스,KOSPI,기초 의약물질 제조업,2021-03-18,2018,0,,,0
302440,01319899,SK바이오사이언스,KOSPI,기초 의약물질 제조업,2021-03-18,2019,0,,,0
302440,01319899,SK바이오사이언스,KOSPI,기초 의약물질 제조업,2021-03-18,2020,1,20201127,20201127,1
302440,01319899,SK바이오사이언스,KOSPI,기초 의약물질 제조업,2021-03-18,2021,0,,,0
302440,01319899,SK바이오사이언스,KOSPI,기초 의약물질 제조업,2021-03-18,2022,0,,,0
302440,01319899,SK바이오사이언스,KOSPI,기초 의약물질 제조업,2021-03-18,2023,0,,,0
302440,01319899,SK바이오사이언스,KOSPI,기초 의약물질 제조업,2021-03-18,2024,0,,,0
378850,01532603,화승알앤에이,KOSPI,자동차 신품 부품 제조업,2021-03-15,2018,0,,,0
378850,01532603,화승알앤에이,KOSPI,자동차 신품 부품 제조업,2021-03-15,2019,0,,,0
378850,01532603,화승알앤에이,KOSPI,자동차 신품 부품 제조업,2021-03-15,2020,0,,,0
378850,01532603,화승알앤에이,KOSPI,자동차 신품 부품 제조업,2021-03-15,2021,0,,,0
378850,01532603,화승알앤에이,KOSPI,자동차 신품 부품 제조업,2021-03-15,2022,0,,,0
378850,01532603,화승알앤에이,KOSPI,자동차 신품 부품 제조업,2021-03-15,2023,0,,,0
378850,01532603,화승알앤에이,KOSPI,자동차 신품 부품 제조업,2021-03-15,2024,0,,,0
950210,01510489,프레스티지바이오파마,KOSPI,자연과학 및 공학 연구개발업,2021-02-05,2018,0,,,0
950210,01510489,프레스티지바이오파마,KOSPI,자연과학 및 공학 연구개발업,2021-02-05,2019,0,,,0
950210,01510489,프레스티지바이오파마,KOSPI,자연과학 및 공학 연구개발업,2021-02-05,2020,0,,,0
950210,01510489,프레스티지바이오파마,KOSPI,자연과학 및 공학 연구개발업,2021-02-05,2021,0,,,0
950210,01510489,프레스티지바이오파마,KOSPI,자연과학 및 공학 연구개발업,2021-02-05,2022,0,,,0
950210,01510489,프레스티지바이오파마,KOSPI,자연과학 및 공학 연구개발업,2021-02-05,2023,1,20231129,20231129,1
950210,01510489,프레스티지바이오파마,KOSPI,자연과학 및 공학 연구개발업,2021-02-05,2024,0,,,0
248070,01159233,솔루엠,KOSPI,전자부품 제조업,2021-02-02,2018,0,,,0
248070,01159233,솔루엠,KOSPI,전자부품 제조업,2021-02-02,2019,0,,,0
248070,01159233,솔루엠,KOSPI,전자부품 제조업,2021-02-02,2020,4,20200814,20201208,1
248070,01159233,솔루엠,KOSPI,전자부품 제조업,2021-02-02,2021,2,20210324,20210421,1
248070,01159233,솔루엠,KOSPI,전자부품 제조업,2021-02-02,2022,0,,,0
248070,01159233,솔루엠,KOSPI,전자부품 제조업,2021-02-02,2023,0,,,0
248070,01159233,솔루엠,KOSPI,전자부품 제조업,2021-02-02,2024,1,20240319,20240319,1
375500,01524093,DL이앤씨,KOSPI,토목 건설업,2021-01-25,2018,0,,,0
375500,01524093,DL이앤씨,KOSPI,토목 건설업,2021-01-25,2019,0,,,0
375500,01524093,DL이앤씨,KOSPI,토목 건설업,2021-01-25,2020,0,,,0
375500,01524093,DL이앤씨,KOSPI,토목 건설업,2021-01-25,2021,0,,,0
375500,01524093,DL이앤씨,KOSPI,토목 건설업,2021-01-25,2022,0,,,0
375500,01524093,DL이앤씨,KOSPI,토목 건설업,2021-01-25,2023,0,,,0
375500,01524093,DL이앤씨,KOSPI,토목 건설업,2021-01-25,2024,1,20240328,20240328,1
009900,00173078,명신산업,KOSPI,자동차 신품 부품 제조업,2020-12-07,2018,0,,,0
009900,00173078,명신산업,KOSPI,자동차 신품 부품 제조업,2020-12-07,2019,0,,,0
009900,00173078,명신산업,KOSPI,자동차 신품 부품 제조업,2020-12-07,2020,0,,,0
009900,00173078,명신산업,KOSPI,자동차 신품 부품 제조업,2020-12-07,2021,0,,,0
009900,00173078,명신산업,KOSPI,자동차 신품 부품 제조업,2020-12-07,2022,0,,,0
009900,00173078,명신산업,KOSPI,자동차 신품 부품 제조업,2020-12-07,2023,0,,,0
009900,00173078,명신산업,KOSPI,자동차 신품 부품 제조업,2020-12-07,2024,1,20240328,20240328,1
339770,00453284,교촌에프앤비,KOSPI,음·식료품 및 담배 도매업,2020-11-12,2018,0,,,0
339770,00453284,교촌에프앤비,KOSPI,음·식료품 및 담배 도매업,2020-11-12,2019,0,,,0
339770,00453284,교촌에프앤비,KOSPI,음·식료품 및 담배 도매업,2020-11-12,2020,0,,,0
339770,00453284,교촌에프앤비,KOSPI,음·식료품 및 담배 도매업,2020-11-12,2021,0,,,0
339770,00453284,교촌에프앤비,KOSPI,음·식료품 및 담배 도매업,2020-11-12,2022,0,,,0
339770,00453284,교촌에프앤비,KOSPI,음·식료품 및 담배 도매업,2020-11-12,2023,0,,,0
339770,00453284,교촌에프앤비,KOSPI,음·식료품 및 담배 도매업,2020-11-12,2024,0,,,0
352820,01204056,하이브,KOSPI,오디오물 출판 및 원판 녹음업,2020-10-15,2018,0,,,0
352820,01204056,하이브,KOSPI,오디오물 출판 및 원판 녹음업,2020-10-15,2019,0,,,0
352820,01204056,하이브,KOSPI,오디오물 출판 및 원판 녹음업,2020-10-15,2020,0,,,0
352820,01204056,하이브,KOSPI,오디오물 출판 및 원판 녹음업,2020-10-15,2021,0,,,0
352820,01204056,하이브,KOSPI,오디오물 출판 및 원판 녹음업,2020-10-15,2022,0,,,0
352820,01204056,하이브,KOSPI,오디오물 출판 및 원판 녹음업,2020-10-15,2023,1,20230403,20230403,1
352820,01204056,하이브,KOSPI,오디오물 출판 및 원판 녹음업,2020-10-15,2024,1,20240322,20240322,1
326030,00878696,에스케이바이오팜,KOSPI,자연과학 및 공학 연구개발업,2020-07-02,2018,0,,,0
326030,00878696,에스케이바이오팜,KOSPI,자연과학 및 공학 연구개발업,2020-07-02,2019,0,,,0
326030,00878696,에스케이바이오팜,KOSPI,자연과학 및 공학 연구개발업,2020-07-02,2020,0,,,0
326030,00878696,에스케이바이오팜,KOSPI,자연과학 및 공학 연구개발업,2020-07-02,2021,0,,,0
326030,00878696,에스케이바이오팜,KOSPI,자연과학 및 공학 연구개발업,2020-07-02,2022,0,,,0
326030,00878696,에스케이바이오팜,KOSPI,자연과학 및 공학 연구개발업,2020-07-02,2023,0,,,0
326030,00878696,에스케이바이오팜,KOSPI,자연과학 및 공학 연구개발업,2020-07-02,2024,0,,,0
353200,01478712,대덕전자,KOSPI,전자부품 제조업,2020-05-21,2018,0,,,0
353200,01478712,대덕전자,KOSPI,전자부품 제조업,2020-05-21,2019,0,,,0
353200,01478712,대덕전자,KOSPI,전자부품 제조업,2020-05-21,2020,0,,,0
353200,01478712,대덕전자,KOSPI,전자부품 제조업,2020-05-21,2021,0,,,0
353200,01478712,대덕전자,KOSPI,전자부품 제조업,2020-05-21,2022,0,,,0
353200,01478712,대덕전자,KOSPI,전자부품 제조업,2020-05-21,2023,0,,,0
353200,01478712,대덕전자,KOSPI,전자부품 제조업,2020-05-21,2024,0,,,0
344820,01428203,케이씨씨글라스,KOSPI,유리 및 유리제품 제조업,2020-01-21,2018,0,,,0
344820,01428203,케이씨씨글라스,KOSPI,유리 및 유리제품 제조업,2020-01-21,2019,0,,,0
344820,01428203,케이씨씨글라스,KOSPI,유리 및 유리제품 제조업,2020-01-21,2020,0,,,0
344820,01428203,케이씨씨글라스,KOSPI,유리 및 유리제품 제조업,2020-01-21,2021,0,,,0
344820,01428203,케이씨씨글라스,KOSPI,유리 및 유리제품 제조업,2020-01-21,2022,2,20220318,20220713,1
344820,01428203,케이씨씨글라스,KOSPI,유리 및 유리제품 제조업,2020-01-21,2023,0,,,0
344820,01428203,케이씨씨글라스,KOSPI,유리 및 유리제품 제조업,2020-01-21,2024,1,20240328,20240328,1
308170,00450010,씨티알모빌리티,KOSPI,자동차 신품 부품 제조업,2019-11-25,2018,0,,,0
308170,00450010,씨티알모빌리티,KOSPI,자동차 신품 부품 제조업,2019-11-25,2019,0,,,0
308170,00450010,씨티알모빌리티,KOSPI,자동차 신품 부품 제조업,2019-11-25,2020,0,,,0
308170,00450010,씨티알모빌리티,KOSPI,자동차 신품 부품 제조업,2019-11-25,2021,0,,,0
308170,00450010,씨티알모빌리티,KOSPI,자동차 신품 부품 제조업,2019-11-25,2022,1,20220412,20220412,1
308170,00450010,씨티알모빌리티,KOSPI,자동차 신품 부품 제조업,2019-11-25,2023,1,20230710,20230710,1
308170,00450010,씨티알모빌리티,KOSPI,자동차 신품 부품 제조업,2019-11-25,2024,0,,,0
322000,01199550,HD현대에너지솔루션,KOSPI,반도체 제조업,2019-11-19,2018,0,,,0
322000,01199550,HD현대에너지솔루션,KOSPI,반도체 제조업,2019-11-19,2019,0,,,0
322000,01199550,HD현대에너지솔루션,KOSPI,반도체 제조업,2019-11-19,2020,1,20200514,20200514,1
322000,01199550,HD현대에너지솔루션,KOSPI,반도체 제조업,2019-11-19,2021,1,20210331,20210331,1
322000,01199550,HD현대에너지솔루션,KOSPI,반도체 제조업,2019-11-19,2022,1,20220318,20220318,1
322000,01199550,HD현대에너지솔루션,KOSPI,반도체 제조업,2019-11-19,2023,0,,,0
322000,01199550,HD현대에너지솔루션,KOSPI,반도체 제조업,2019-11-19,2024,0,,,0
272210,00339391,한화시스템,KOSPI,전자부품 제조업,2019-11-13,2018,0,,,0
272210,00339391,한화시스템,KOSPI,전자부품 제조업,2019-11-13,2019,0,,,0
272210,00339391,한화시스템,KOSPI,전자부품 제조업,2019-11-13,2020,0,,,0
272210,00339391,한화시스템,KOSPI,전자부품 제조업,2019-11-13,2021,1,20210511,20210511,1
272210,00339391,한화시스템,KOSPI,전자부품 제조업,2019-11-13,2022,2,20220316,20220516,1
272210,00339391,한화시스템,KOSPI,전자부품 제조업,2019-11-13,2023,2,20230331,20230411,1
272210,00339391,한화시스템,KOSPI,전자부품 제조업,2019-11-13,2024,2,20240328,20240516,1
013890,00150633,지누스,KOSPI,가구 제조업,2019-10-30,2018,1,20180402,20180402,1
013890,00150633,지누스,KOSPI,가구 제조업,2019-10-30,2019,4,20190814,20190821,1
013890,00150633,지누스,KOSPI,가구 제조업,2019-10-30,2020,0,,,0
013890,00150633,지누스,KOSPI,가구 제조업,2019-10-30,2021,0,,,0
013890,00150633,지누스,KOSPI,가구 제조업,2019-10-30,2022,0,,,0
013890,00150633,지누스,KOSPI,가구 제조업,2019-10-30,2023,0,,,0
013890,00150633,지누스,KOSPI,가구 제조업,2019-10-30,2024,2,20240313,20240425,1
336260,01412725,두산퓨얼셀,KOSPI,"전동기, 발전기 및 전기 변환 · 공급 · 제어 장치 제조업",2019-10-18,2018,0,,,0
336260,01412725,두산퓨얼셀,KOSPI,"전동기, 발전기 및 전기 변환 · 공급 · 제어 장치 제조업",2019-10-18,2019,0,,,0
336260,01412725,두산퓨얼셀,KOSPI,"전동기, 발전기 및 전기 변환 · 공급 · 제어 장치 제조업",2019-10-18,2020,0,,,0
336260,01412725,두산퓨얼셀,KOSPI,"전동기, 발전기 및 전기 변환 · 공급 · 제어 장치 제조업",2019-10-18,2021,0,,,0
336260,01412725,두산퓨얼셀,KOSPI,"전동기, 발전기 및 전기 변환 · 공급 · 제어 장치 제조업",2019-10-18,2022,0,,,0
336260,01412725,두산퓨얼셀,KOSPI,"전동기, 발전기 및 전기 변환 · 공급 · 제어 장치 제조업",2019-10-18,2023,0,,,0
336260,01412725,두산퓨얼셀,KOSPI,"전동기, 발전기 및 전기 변환 · 공급 · 제어 장치 제조업",2019-10-18,2024,0,,,0
336370,01412822,솔루스첨단소재,KOSPI,전자부품 제조업,2019-10-18,2018,0,,,0
336370,01412822,솔루스첨단소재,KOSPI,전자부품 제조업,2019-10-18,2019,0,,,0
336370,01412822,솔루스첨단소재,KOSPI,전자부품 제조업,2019-10-18,2020,0,,,0
336370,01412822,솔루스첨단소재,KOSPI,전자부품 제조업,2019-10-18,2021,0,,,0
336370,01412822,솔루스첨단소재,KOSPI,전자부품 제조업,2019-10-18,2022,1,20220812,20220812,1
336370,01412822,솔루스첨단소재,KOSPI,전자부품 제조업,2019-10-18,2023,0,,,0
336370,01412822,솔루스첨단소재,KOSPI,전자부품 제조업,2019-10-18,2024,0,,,0
036420,00203315,콘텐트리중앙,KOSPI,"영화, 비디오물, 방송프로그램 제작 및 배급업",2019-10-18,2018,0,,,0
036420,00203315,콘텐트리중앙,KOSPI,"영화, 비디오물, 방송프로그램 제작 및 배급업",2019-10-18,2019,1,20190717,20190717,1
036420,00203315,콘텐트리중앙,KOSPI,"영화, 비디오물, 방송프로그램 제작 및 배급업",2019-10-18,2020,0,,,0
036420,00203315,콘텐트리중앙,KOSPI,"영화, 비디오물, 방송프로그램 제작 및 배급업",2019-10-18,2021,0,,,0
036420,00203315,콘텐트리중앙,KOSPI,"영화, 비디오물, 방송프로그램 제작 및 배급업",2019-10-18,2022,0,,,0
036420,00203315,콘텐트리중앙,KOSPI,"영화, 비디오물, 방송프로그램 제작 및 배급업",2019-10-18,2023,0,,,0
036420,00203315,콘텐트리중앙,KOSPI,"영화, 비디오물, 방송프로그램 제작 및 배급업",2019-10-18,2024,0,,,0
003670,00155276,포스코퓨처엠,KOSPI,일차전지 및 이차전지 제조업,2019-05-29,2018,1,20180727,20180727,1
003670,00155276,포스코퓨처엠,KOSPI,일차전지 및 이차전지 제조업,2019-05-29,2019,0,,,0
003670,00155276,포스코퓨처엠,KOSPI,일차전지 및 이차전지 제조업,2019-05-29,2020,0,,,0
003670,00155276,포스코퓨처엠,KOSPI,일차전지 및 이차전지 제조업,2019-05-29,2021,1,20210512,20210512,1
003670,00155276,포스코퓨처엠,KOSPI,일차전지 및 이차전지 제조업,2019-05-29,2022,0,,,0
003670,00155276,포스코퓨처엠,KOSPI,일차전지 및 이차전지 제조업,2019-05-29,2023,1,20230317,20230317,1
003670,00155276,포스코퓨처엠,KOSPI,일차전지 및 이차전지 제조업,2019-05-29,2024,1,20240326,20240326,1
307950,00362441,현대오토에버,KOSPI,소프트웨어 개발 및 공급업,2019-03-28,2018,0,,,0
307950,00362441,현대오토에버,KOSPI,소프트웨어 개발 및 공급업,2019-03-28,2019,1,20190402,20190402,1
307950,00362441,현대오토에버,KOSPI,소프트웨어 개발 및 공급업,2019-03-28,2020,0,,,0
307950,00362441,현대오토에버,KOSPI,소프트웨어 개발 및 공급업,2019-03-28,2021,0,,,0
307950,00362441,현대오토에버,KOSPI,소프트웨어 개발 및 공급업,2019-03-28,2022,0,,,0
307950,00362441,현대오토에버,KOSPI,소프트웨어 개발 및 공급업,2019-03-28,2023,0,,,0
307950,00362441,현대오토에버,KOSPI,소프트웨어 개발 및 공급업,2019-03-28,2024,1,20240329,20240329,1
192650,00415646,드림텍,KOSPI,전자부품 제조업,2019-03-14,2018,0,,,0
192650,00415646,드림텍,KOSPI,전자부품 제조업,2019-03-14,2019,0,,,0
192650,00415646,드림텍,KOSPI,전자부품 제조업,2019-03-14,2020,0,,,0
192650,00415646,드림텍,KOSPI,전자부품 제조업,2019-03-14,2021,0,,,0
192650,00415646,드림텍,KOSPI,전자부품 제조업,2019-03-14,2022,1,20220812,20220812,1
192650,00415646,드림텍,KOSPI,전자부품 제조업,2019-03-14,2023,0,,,0
192650,00415646,드림텍,KOSPI,전자부품 제조업,2019-03-14,2024,0,,,0
192080,01010110,더블유게임즈,KOSPI,소프트웨어 개발 및 공급업,2019-03-12,2018,1,20180605,20180605,1
192080,01010110,더블유게임즈,KOSPI,소프트웨어 개발 및 공급업,2019-03-12,2019,0,,,0
192080,01010110,더블유게임즈,KOSPI,소프트웨어 개발 및 공급업,2019-03-12,2020,0,,,0
192080,01010110,더블유게임즈,KOSPI,소프트웨어 개발 및 공급업,2019-03-12,2021,0,,,0
192080,01010110,더블유게임즈,KOSPI,소프트웨어 개발 및 공급업,2019-03-12,2022,0,,,0
192080,01010110,더블유게임즈,KOSPI,소프트웨어 개발 및 공급업,2019-03-12,2023,0,,,0
192080,01010110,더블유게임즈,KOSPI,소프트웨어 개발 및 공급업,2019-03-12,2024,0,,,0
298690,00651901,에어부산,KOSPI,항공 여객 운송업,2018-12-27,2018,0,,,0
298690,00651901,에어부산,KOSPI,항공 여객 운송업,2018-12-27,2019,1,20190402,20190402,1
298690,00651901,에어부산,KOSPI,항공 여객 운송업,2018-12-27,2020,0,,,0
298690,00651901,에어부산,KOSPI,항공 여객 운송업,2018-12-27,2021,0,,,0
298690,00651901,에어부산,KOSPI,항공 여객 운송업,2018-12-27,2022,0,,,0
298690,00651901,에어부산,KOSPI,항공 여객 운송업,2018-12-27,2023,1,20230831,20230831,1
298690,00651901,에어부산,KOSPI,항공 여객 운송업,2018-12-27,2024,2,20240731,20240731,1
267850,00458234,아시아나IDT,KOSPI,"컴퓨터 프로그래밍, 시스템 통합 및 관리업",2018-11-23,2018,0,,,0
267850,00458234,아시아나IDT,KOSPI,"컴퓨터 프로그래밍, 시스템 통합 및 관리업",2018-11-23,2019,2,20190402,20190516,1
267850,00458234,아시아나IDT,KOSPI,"컴퓨터 프로그래밍, 시스템 통합 및 관리업",2018-11-23,2020,0,,,0
267850,00458234,아시아나IDT,KOSPI,"컴퓨터 프로그래밍, 시스템 통합 및 관리업",2018-11-23,2021,0,,,0
267850,00458234,아시아나IDT,KOSPI,"컴퓨터 프로그래밍, 시스템 통합 및 관리업",2018-11-23,2022,0,,,0
267850,00458234,아시아나IDT,KOSPI,"컴퓨터 프로그래밍, 시스템 통합 및 관리업",2018-11-23,2023,1,20230719,20230719,1
267850,00458234,아시아나IDT,KOSPI,"컴퓨터 프로그래밍, 시스템 통합 및 관리업",2018-11-23,2024,0,,,0
306200,01325979,세아제강,KOSPI,1차 철강 제조업,2018-10-05,2018,0,,,0
306200,01325979,세아제강,KOSPI,1차 철강 제조업,2018-10-05,2019,0,,,0
306200,01325979,세아제강,KOSPI,1차 철강 제조업,2018-10-05,2020,0,,,0
306200,01325979,세아제강,KOSPI,1차 철강 제조업,2018-10-05,2021,0,,,0
306200,01325979,세아제강,KOSPI,1차 철강 제조업,2018-10-05,2022,0,,,0
306200,01325979,세아제강,KOSPI,1차 철강 제조업,2018-10-05,2023,0,,,0
306200,01325979,세아제강,KOSPI,1차 철강 제조업,2018-10-05,2024,0,,,0
293480,00248974,하나제약,KOSPI,의약품 제조업,2018-10-02,2018,0,,,0
293480,00248974,하나제약,KOSPI,의약품 제조업,2018-10-02,2019,0,,,0
293480,00248974,하나제약,KOSPI,의약품 제조업,2018-10-02,2020,0,,,0
293480,00248974,하나제약,KOSPI,의약품 제조업,2018-10-02,2021,0,,,0
293480,00248974,하나제약,KOSPI,의약품 제조업,2018-10-02,2022,1,20220331,20220331,1
293480,00248974,하나제약,KOSPI,의약품 제조업,2018-10-02,2023,1,20230712,20230712,1
293480,00248974,하나제약,KOSPI,의약품 제조업,2018-10-02,2024,0,,,0
010400,00143262,우진아이엔에스,KOSPI,건물설비 설치 공사업,2018-09-14,2018,0,,,0
010400,00143262,우진아이엔에스,KOSPI,건물설비 설치 공사업,2018-09-14,2019,0,,,0
010400,00143262,우진아이엔에스,KOSPI,건물설비 설치 공사업,2018-09-14,2020,0,,,0
010400,00143262,우진아이엔에스,KOSPI,건물설비 설치 공사업,2018-09-14,2021,0,,,0
010400,00143262,우진아이엔에스,KOSPI,건물설비 설치 공사업,2018-09-14,2022,1,20220812,20220812,1
010400,00143262,우진아이엔에스,KOSPI,건물설비 설치 공사업,2018-09-14,2023,0,,,0
010400,00143262,우진아이엔에스,KOSPI,건물설비 설치 공사업,2018-09-14,2024,0,,,0
300720,01319808,한일시멘트,KOSPI,"시멘트, 석회, 플라스터 및 그 제품 제조업",2018-08-06,2018,0,,,0
300720,01319808,한일시멘트,KOSPI,"시멘트, 석회, 플라스터 및 그 제품 제조업",2018-08-06,2019,0,,,0
300720,01319808,한일시멘트,KOSPI,"시멘트, 석회, 플라스터 및 그 제품 제조업",2018-08-06,2020,1,20200401,20200401,1
300720,01319808,한일시멘트,KOSPI,"시멘트, 석회, 플라스터 및 그 제품 제조업",2018-08-06,2021,0,,,0
300720,01319808,한일시멘트,KOSPI,"시멘트, 석회, 플라스터 및 그 제품 제조업",2018-08-06,2022,0,,,0
300720,01319808,한일시멘트,KOSPI,"시멘트, 석회, 플라스터 및 그 제품 제조업",2018-08-06,2023,0,,,0
300720,01319808,한일시멘트,KOSPI,"시멘트, 석회, 플라스터 및 그 제품 제조업",2018-08-06,2024,0,,,0
091810,00671376,트리니티항공,KOSPI,항공 여객 운송업,2018-08-01,2018,0,,,0
091810,00671376,트리니티항공,KOSPI,항공 여객 운송업,2018-08-01,2019,0,,,0
091810,00671376,트리니티항공,KOSPI,항공 여객 운송업,2018-08-01,2020,0,,,0
091810,00671376,트리니티항공,KOSPI,항공 여객 운송업,2018-08-01,2021,1,20210601,20210601,1
091810,00671376,트리니티항공,KOSPI,항공 여객 운송업,2018-08-01,2022,0,,,0
091810,00671376,트리니티항공,KOSPI,항공 여객 운송업,2018-08-01,2023,0,,,0
091810,00671376,트리니티항공,KOSPI,항공 여객 운송업,2018-08-01,2024,0,,,0
286940,01262032,롯데이노베이트,KOSPI,"컴퓨터 프로그래밍, 시스템 통합 및 관리업",2018-07-27,2018,0,,,0
286940,01262032,롯데이노베이트,KOSPI,"컴퓨터 프로그래밍, 시스템 통합 및 관리업",2018-07-27,2019,0,,,0
286940,01262032,롯데이노베이트,KOSPI,"컴퓨터 프로그래밍, 시스템 통합 및 관리업",2018-07-27,2020,0,,,0
286940,01262032,롯데이노베이트,KOSPI,"컴퓨터 프로그래밍, 시스템 통합 및 관리업",2018-07-27,2021,0,,,0
286940,01262032,롯데이노베이트,KOSPI,"컴퓨터 프로그래밍, 시스템 통합 및 관리업",2018-07-27,2022,1,20220314,20220314,1
286940,01262032,롯데이노베이트,KOSPI,"컴퓨터 프로그래밍, 시스템 통합 및 관리업",2018-07-27,2023,0,,,0
286940,01262032,롯데이노베이트,KOSPI,"컴퓨터 프로그래밍, 시스템 통합 및 관리업",2018-07-27,2024,0,,,0
298050,01316254,HS효성첨단소재,KOSPI,화학섬유 제조업,2018-07-13,2018,0,,,0
298050,01316254,HS효성첨단소재,KOSPI,화학섬유 제조업,2018-07-13,2019,0,,,0
298050,01316254,HS효성첨단소재,KOSPI,화학섬유 제조업,2018-07-13,2020,1,20200330,20200330,1
298050,01316254,HS효성첨단소재,KOSPI,화학섬유 제조업,2018-07-13,2021,0,,,0
298050,01316254,HS효성첨단소재,KOSPI,화학섬유 제조업,2018-07-13,2022,0,,,0
298050,01316254,HS효성첨단소재,KOSPI,화학섬유 제조업,2018-07-13,2023,0,,,0
298050,01316254,HS효성첨단소재,KOSPI,화학섬유 제조업,2018-07-13,2024,0,,,0
298040,01316245,효성중공업,KOSPI,"전동기, 발전기 및 전기 변환 · 공급 · 제어 장치 제조업",2018-07-13,2018,0,,,0
298040,01316245,효성중공업,KOSPI,"전동기, 발전기 및 전기 변환 · 공급 · 제어 장치 제조업",2018-07-13,2019,1,20190618,20190618,1
298040,01316245,효성중공업,KOSPI,"전동기, 발전기 및 전기 변환 · 공급 · 제어 장치 제조업",2018-07-13,2020,0,,,0
298040,01316245,효성중공업,KOSPI,"전동기, 발전기 및 전기 변환 · 공급 · 제어 장치 제조업",2018-07-13,2021,0,,,0
298040,01316245,효성중공업,KOSPI,"전동기, 발전기 및 전기 변환 · 공급 · 제어 장치 제조업",2018-07-13,2022,1,20220727,20220727,1
298040,01316245,효성중공업,KOSPI,"전동기, 발전기 및 전기 변환 · 공급 · 제어 장치 제조업",2018-07-13,2023,1,20230309,20230309,1
298040,01316245,효성중공업,KOSPI,"전동기, 발전기 및 전기 변환 · 공급 · 제어 장치 제조업",2018-07-13,2024,1,20240315,20240315,1
298020,01316227,효성티앤씨,KOSPI,화학섬유 제조업,2018-07-13,2018,0,,,0
298020,01316227,효성티앤씨,KOSPI,화학섬유 제조업,2018-07-13,2019,0,,,0
298020,01316227,효성티앤씨,KOSPI,화학섬유 제조업,2018-07-13,2020,0,,,0
298020,01316227,효성티앤씨,KOSPI,화학섬유 제조업,2018-07-13,2021,0,,,0
298020,01316227,효성티앤씨,KOSPI,화학섬유 제조업,2018-07-13,2022,0,,,0
298020,01316227,효성티앤씨,KOSPI,화학섬유 제조업,2018-07-13,2023,0,,,0
298020,01316227,효성티앤씨,KOSPI,화학섬유 제조업,2018-07-13,2024,0,,,0
298000,01316236,효성화학,KOSPI,기초 화학물질 제조업,2018-07-13,2018,0,,,0
298000,01316236,효성화학,KOSPI,기초 화학물질 제조업,2018-07-13,2019,0,,,0
298000,01316236,효성화학,KOSPI,기초 화학물질 제조업,2018-07-13,2020,0,,,0
298000,01316236,효성화학,KOSPI,기초 화학물질 제조업,2018-07-13,2021,0,,,0
298000,01316236,효성화학,KOSPI,기초 화학물질 제조업,2018-07-13,2022,0,,,0
298000,01316236,효성화학,KOSPI,기초 화학물질 제조업,2018-07-13,2023,0,,,0
298000,01316236,효성화학,KOSPI,기초 화학물질 제조업,2018-07-13,2024,0,,,0
294870,01310269,IPARK현대산업개발,KOSPI,건물 건설업,2018-06-12,2018,0,,,0
294870,01310269,IPARK현대산업개발,KOSPI,건물 건설업,2018-06-12,2019,1,20190814,20190814,1
294870,01310269,IPARK현대산업개발,KOSPI,건물 건설업,2018-06-12,2020,2,20200630,20200630,1
294870,01310269,IPARK현대산업개발,KOSPI,건물 건설업,2018-06-12,2021,0,,,0
294870,01310269,IPARK현대산업개발,KOSPI,건물 건설업,2018-06-12,2022,0,,,0
294870,01310269,IPARK현대산업개발,KOSPI,건물 건설업,2018-06-12,2023,1,20230713,20230713,1
294870,01310269,IPARK현대산업개발,KOSPI,건물 건설업,2018-06-12,2024,1,20240401,20240401,1
018250,00139454,애경산업,KOSPI,기타 화학제품 제조업,2018-03-22,2018,0,,,0
018250,00139454,애경산업,KOSPI,기타 화학제품 제조업,2018-03-22,2019,1,20190702,20190702,1
018250,00139454,애경산업,KOSPI,기타 화학제품 제조업,2018-03-22,2020,0,,,0
018250,00139454,애경산업,KOSPI,기타 화학제품 제조업,2018-03-22,2021,0,,,0
018250,00139454,애경산업,KOSPI,기타 화학제품 제조업,2018-03-22,2022,0,,,0
018250,00139454,애경산업,KOSPI,기타 화학제품 제조업,2018-03-22,2023,0,,,0
018250,00139454,애경산업,KOSPI,기타 화학제품 제조업,2018-03-22,2024,0,,,0
068270,00413046,셀트리온,KOSPI,기초 의약물질 제조업,2018-02-09,2018,1,20180720,20180720,1
068270,00413046,셀트리온,KOSPI,기초 의약물질 제조업,2018-02-09,2019,0,,,0
068270,00413046,셀트리온,KOSPI,기초 의약물질 제조업,2018-02-09,2020,1,20200410,20200410,1
068270,00413046,셀트리온,KOSPI,기초 의약물질 제조업,2018-02-09,2021,0,,,0
068270,00413046,셀트리온,KOSPI,기초 의약물질 제조업,2018-02-09,2022,7,20220317,20220512,1
068270,00413046,셀트리온,KOSPI,기초 의약물질 제조업,2018-02-09,2023,0,,,0
068270,00413046,셀트리온,KOSPI,기초 의약물질 제조업,2018-02-09,2024,0,,,0
284740,01267684,쿠쿠홈시스,KOSPI,개인 및 가정용품 임대업,2018-01-11,2018,0,,,0
284740,01267684,쿠쿠홈시스,KOSPI,개인 및 가정용품 임대업,2018-01-11,2019,0,,,0
284740,01267684,쿠쿠홈시스,KOSPI,개인 및 가정용품 임대업,2018-01-11,2020,0,,,0
284740,01267684,쿠쿠홈시스,KOSPI,개인 및 가정용품 임대업,2018-01-11,2021,1,20210326,20210326,1
284740,01267684,쿠쿠홈시스,KOSPI,개인 및 가정용품 임대업,2018-01-11,2022,1,20220330,20220330,1
284740,01267684,쿠쿠홈시스,KOSPI,개인 및 가정용품 임대업,2018-01-11,2023,2,20230330,20230403,1
284740,01267684,쿠쿠홈시스,KOSPI,개인 및 가정용품 임대업,2018-01-11,2024,0,,,0
285130,01267170,SK케미칼,KOSPI,합성고무 및 플라스틱 물질 제조업,2018-01-05,2018,1,20180402,20180402,1
285130,01267170,SK케미칼,KOSPI,합성고무 및 플라스틱 물질 제조업,2018-01-05,2019,2,20190404,20190404,1
285130,01267170,SK케미칼,KOSPI,합성고무 및 플라스틱 물질 제조업,2018-01-05,2020,0,,,0
285130,01267170,SK케미칼,KOSPI,합성고무 및 플라스틱 물질 제조업,2018-01-05,2021,1,20210428,20210428,1
285130,01267170,SK케미칼,KOSPI,합성고무 및 플라스틱 물질 제조업,2018-01-05,2022,0,,,0
285130,01267170,SK케미칼,KOSPI,합성고무 및 플라스틱 물질 제조업,2018-01-05,2023,1,20230320,20230320,1
285130,01267170,SK케미칼,KOSPI,합성고무 및 플라스틱 물질 제조업,2018-01-05,2024,0,,,0
282330,01263022,BGF리테일,KOSPI,종합 소매업,2017-12-08,2018,0,,,0
282330,01263022,BGF리테일,KOSPI,종합 소매업,2017-12-08,2019,0,,,0
282330,01263022,BGF리테일,KOSPI,종합 소매업,2017-12-08,2020,0,,,0
282330,01263022,BGF리테일,KOSPI,종합 소매업,2017-12-08,2021,0,,,0
282330,01263022,BGF리테일,KOSPI,종합 소매업,2017-12-08,2022,0,,,0
282330,01263022,BGF리테일,KOSPI,종합 소매업,2017-12-08,2023,0,,,0
282330,01263022,BGF리테일,KOSPI,종합 소매업,2017-12-08,2024,1,20240412,20240412,1
092780,00117726,DYP,KOSPI,자동차용 엔진 및 자동차 제조업,2017-12-08,2018,0,,,0
092780,00117726,DYP,KOSPI,자동차용 엔진 및 자동차 제조업,2017-12-08,2019,0,,,0
092780,00117726,DYP,KOSPI,자동차용 엔진 및 자동차 제조업,2017-12-08,2020,0,,,0
092780,00117726,DYP,KOSPI,자동차용 엔진 및 자동차 제조업,2017-12-08,2021,0,,,0
092780,00117726,DYP,KOSPI,자동차용 엔진 및 자동차 제조업,2017-12-08,2022,0,,,0
092780,00117726,DYP,KOSPI,자동차용 엔진 및 자동차 제조업,2017-12-08,2023,0,,,0
092780,00117726,DYP,KOSPI,자동차용 엔진 및 자동차 제조업,2017-12-08,2024,0,,,0
272450,00653024,진에어,KOSPI,항공 여객 운송업,2017-12-08,2018,0,,,0
272450,00653024,진에어,KOSPI,항공 여객 운송업,2017-12-08,2019,0,,,0
272450,00653024,진에어,KOSPI,항공 여객 운송업,2017-12-08,2020,0,,,0
272450,00653024,진에어,KOSPI,항공 여객 운송업,2017-12-08,2021,0,,,0
272450,00653024,진에어,KOSPI,항공 여객 운송업,2017-12-08,2022,0,,,0
272450,00653024,진에어,KOSPI,항공 여객 운송업,2017-12-08,2023,0,,,0
272450,00653024,진에어,KOSPI,항공 여객 운송업,2017-12-08,2024,0,,,0
281820,01261893,케이씨텍,KOSPI,"측정, 시험, 항해, 제어 및 기타 정밀기기 제조업; 광학기기 제외",2017-12-05,2018,0,,,0
281820,01261893,케이씨텍,KOSPI,"측정, 시험, 항해, 제어 및 기타 정밀기기 제조업; 광학기기 제외",2017-12-05,2019,0,,,0
281820,01261893,케이씨텍,KOSPI,"측정, 시험, 항해, 제어 및 기타 정밀기기 제조업; 광학기기 제외",2017-12-05,2020,0,,,0
281820,01261893,케이씨텍,KOSPI,"측정, 시험, 항해, 제어 및 기타 정밀기기 제조업; 광학기기 제외",2017-12-05,2021,0,,,0
281820,01261893,케이씨텍,KOSPI,"측정, 시험, 항해, 제어 및 기타 정밀기기 제조업; 광학기기 제외",2017-12-05,2022,0,,,0
281820,01261893,케이씨텍,KOSPI,"측정, 시험, 항해, 제어 및 기타 정밀기기 제조업; 광학기기 제외",2017-12-05,2023,0,,,0
281820,01261893,케이씨텍,KOSPI,"측정, 시험, 항해, 제어 및 기타 정밀기기 제조업; 광학기기 제외",2017-12-05,2024,0,,,0
272550,01060814,삼양패키징,KOSPI,플라스틱제품 제조업,2017-11-29,2018,2,20180402,20180612,1
272550,01060814,삼양패키징,KOSPI,플라스틱제품 제조업,2017-11-29,2019,0,,,0
272550,01060814,삼양패키징,KOSPI,플라스틱제품 제조업,2017-11-29,2020,0,,,0
272550,01060814,삼양패키징,KOSPI,플라스틱제품 제조업,2017-11-29,2021,0,,,0
272550,01060814,삼양패키징,KOSPI,플라스틱제품 제조업,2017-11-29,2022,0,,,0
272550,01060814,삼양패키징,KOSPI,플라스틱제품 제조업,2017-11-29,2023,0,,,0
272550,01060814,삼양패키징,KOSPI,플라스틱제품 제조업,2017-11-29,2024,0,,,0
055490,00256955,테이팩스,KOSPI,플라스틱제품 제조업,2017-10-31,2018,1,20180628,20180628,1
055490,00256955,테이팩스,KOSPI,플라스틱제품 제조업,2017-10-31,2019,0,,,0
055490,00256955,테이팩스,KOSPI,플라스틱제품 제조업,2017-10-31,2020,0,,,0
055490,00256955,테이팩스,KOSPI,플라스틱제품 제조업,2017-10-31,2021,0,,,0
055490,00256955,테이팩스,KOSPI,플라스틱제품 제조업,2017-10-31,2022,1,20220816,20220816,1
055490,00256955,테이팩스,KOSPI,플라스틱제품 제조업,2017-10-31,2023,0,,,0
055490,00256955,테이팩스,KOSPI,플라스틱제품 제조업,2017-10-31,2024,1,20240322,20240322,1
280360,01258507,롯데웰푸드,KOSPI,기타 식품 제조업,2017-10-30,2018,0,,,0
280360,01258507,롯데웰푸드,KOSPI,기타 식품 제조업,2017-10-30,2019,0,,,0
280360,01258507,롯데웰푸드,KOSPI,기타 식품 제조업,2017-10-30,2020,0,,,0
280360,01258507,롯데웰푸드,KOSPI,기타 식품 제조업,2017-10-30,2021,0,,,0
280360,01258507,롯데웰푸드,KOSPI,기타 식품 제조업,2017-10-30,2022,0,,,0
280360,01258507,롯데웰푸드,KOSPI,기타 식품 제조업,2017-10-30,2023,0,,,0
280360,01258507,롯데웰푸드,KOSPI,기타 식품 제조업,2017-10-30,2024,2,20240318,20240322,1
271980,01236897,제일약품,KOSPI,의약품 제조업,2017-07-17,2018,0,,,0
271980,01236897,제일약품,KOSPI,의약품 제조업,2017-07-17,2019,0,,,0
271980,01236897,제일약품,KOSPI,의약품 제조업,2017-07-17,2020,0,,,0
271980,01236897,제일약품,KOSPI,의약품 제조업,2017-07-17,2021,0,,,0
271980,01236897,제일약품,KOSPI,의약품 제조업,2017-07-17,2022,0,,,0
271980,01236897,제일약품,KOSPI,의약품 제조업,2017-07-17,2023,0,,,0
271980,01236897,제일약품,KOSPI,의약품 제조업,2017-07-17,2024,0,,,0
035720,00258801,카카오,KOSPI,"자료처리, 호스팅, 포털 및 기타 인터넷 정보매개 서비스업",2017-07-10,2018,0,,,0
035720,00258801,카카오,KOSPI,"자료처리, 호스팅, 포털 및 기타 인터넷 정보매개 서비스업",2017-07-10,2019,0,,,0
035720,00258801,카카오,KOSPI,"자료처리, 호스팅, 포털 및 기타 인터넷 정보매개 서비스업",2017-07-10,2020,0,,,0
035720,00258801,카카오,KOSPI,"자료처리, 호스팅, 포털 및 기타 인터넷 정보매개 서비스업",2017-07-10,2021,0,,,0
035720,00258801,카카오,KOSPI,"자료처리, 호스팅, 포털 및 기타 인터넷 정보매개 서비스업",2017-07-10,2022,0,,,0
035720,00258801,카카오,KOSPI,"자료처리, 호스팅, 포털 및 기타 인터넷 정보매개 서비스업",2017-07-10,2023,0,,,0
035720,00258801,카카오,KOSPI,"자료처리, 호스팅, 포털 및 기타 인터넷 정보매개 서비스업",2017-07-10,2024,6,20240320,20240418,1
271560,01238169,오리온,KOSPI,기타 식품 제조업,2017-07-07,2018,0,,,0
271560,01238169,오리온,KOSPI,기타 식품 제조업,2017-07-07,2019,1,20190612,20190612,1
271560,01238169,오리온,KOSPI,기타 식품 제조업,2017-07-07,2020,0,,,0
271560,01238169,오리온,KOSPI,기타 식품 제조업,2017-07-07,2021,0,,,0
271560,01238169,오리온,KOSPI,기타 식품 제조업,2017-07-07,2022,1,20220323,20220323,1
271560,01238169,오리온,KOSPI,기타 식품 제조업,2017-07-07,2023,0,,,0
271560,01238169,오리온,KOSPI,기타 식품 제조업,2017-07-07,2024,0,,,0
268280,01234297,미원에스씨,KOSPI,기초 화학물질 제조업,2017-05-22,2018,0,,,0
268280,01234297,미원에스씨,KOSPI,기초 화학물질 제조업,2017-05-22,2019,0,,,0
268280,01234297,미원에스씨,KOSPI,기초 화학물질 제조업,2017-05-22,2020,0,,,0
268280,01234297,미원에스씨,KOSPI,기초 화학물질 제조업,2017-05-22,2021,0,,,0
268280,01234297,미원에스씨,KOSPI,기초 화학물질 제조업,2017-05-22,2022,1,20220816,20220816,1
268280,01234297,미원에스씨,KOSPI,기초 화학물질 제조업,2017-05-22,2023,0,,,0
268280,01234297,미원에스씨,KOSPI,기초 화학물질 제조업,2017-05-22,2024,0,,,0
267290,01208885,경동도시가스,KOSPI,연료용 가스 제조 및 배관공급업,2017-05-12,2018,0,,,0
267290,01208885,경동도시가스,KOSPI,연료용 가스 제조 및 배관공급업,2017-05-12,2019,0,,,0
267290,01208885,경동도시가스,KOSPI,연료용 가스 제조 및 배관공급업,2017-05-12,2020,0,,,0
267290,01208885,경동도시가스,KOSPI,연료용 가스 제조 및 배관공급업,2017-05-12,2021,0,,,0
267290,01208885,경동도시가스,KOSPI,연료용 가스 제조 및 배관공급업,2017-05-12,2022,0,,,0
267290,01208885,경동도시가스,KOSPI,연료용 가스 제조 및 배관공급업,2017-05-12,2023,0,,,0
267290,01208885,경동도시가스,KOSPI,연료용 가스 제조 및 배관공급업,2017-05-12,2024,0,,,0
251270,00904672,넷마블,KOSPI,소프트웨어 개발 및 공급업,2017-05-12,2018,1,20180403,20180403,1
251270,00904672,넷마블,KOSPI,소프트웨어 개발 및 공급업,2017-05-12,2019,2,20190515,20190521,1
251270,00904672,넷마블,KOSPI,소프트웨어 개발 및 공급업,2017-05-12,2020,1,20200330,20200330,1
251270,00904672,넷마블,KOSPI,소프트웨어 개발 및 공급업,2017-05-12,2021,0,,,0
251270,00904672,넷마블,KOSPI,소프트웨어 개발 및 공급업,2017-05-12,2022,0,,,0
251270,00904672,넷마블,KOSPI,소프트웨어 개발 및 공급업,2017-05-12,2023,0,,,0
251270,00904672,넷마블,KOSPI,소프트웨어 개발 및 공급업,2017-05-12,2024,0,,,0
267270,01205842,HD건설기계,KOSPI,특수 목적용 기계 제조업,2017-05-10,2018,0,,,0
267270,01205842,HD건설기계,KOSPI,특수 목적용 기계 제조업,2017-05-10,2019,0,,,0
267270,01205842,HD건설기계,KOSPI,특수 목적용 기계 제조업,2017-05-10,2020,0,,,0
267270,01205842,HD건설기계,KOSPI,특수 목적용 기계 제조업,2017-05-10,2021,0,,,0
267270,01205842,HD건설기계,KOSPI,특수 목적용 기계 제조업,2017-05-10,2022,2,20220315,20220816,1
267270,01205842,HD건설기계,KOSPI,특수 목적용 기계 제조업,2017-05-10,2023,0,,,0
267270,01205842,HD건설기계,KOSPI,특수 목적용 기계 제조업,2017-05-10,2024,0,,,0
267260,01205851,HD현대일렉트릭,KOSPI,"전동기, 발전기 및 전기 변환 · 공급 · 제어 장치 제조업",2017-05-10,2018,1,20180615,20180615,1
267260,01205851,HD현대일렉트릭,KOSPI,"전동기, 발전기 및 전기 변환 · 공급 · 제어 장치 제조업",2017-05-10,2019,0,,,0
267260,01205851,HD현대일렉트릭,KOSPI,"전동기, 발전기 및 전기 변환 · 공급 · 제어 장치 제조업",2017-05-10,2020,0,,,0
267260,01205851,HD현대일렉트릭,KOSPI,"전동기, 발전기 및 전기 변환 · 공급 · 제어 장치 제조업",2017-05-10,2021,0,,,0
267260,01205851,HD현대일렉트릭,KOSPI,"전동기, 발전기 및 전기 변환 · 공급 · 제어 장치 제조업",2017-05-10,2022,0,,,0
267260,01205851,HD현대일렉트릭,KOSPI,"전동기, 발전기 및 전기 변환 · 공급 · 제어 장치 제조업",2017-05-10,2023,0,,,0
267260,01205851,HD현대일렉트릭,KOSPI,"전동기, 발전기 및 전기 변환 · 공급 · 제어 장치 제조업",2017-05-10,2024,0,,,0
264900,01205329,크라운제과,KOSPI,"떡, 빵 및 과자류 제조업",2017-04-11,2018,0,,,0
264900,01205329,크라운제과,KOSPI,"떡, 빵 및 과자류 제조업",2017-04-11,2019,0,,,0
264900,01205329,크라운제과,KOSPI,"떡, 빵 및 과자류 제조업",2017-04-11,2020,0,,,0
264900,01205329,크라운제과,KOSPI,"떡, 빵 및 과자류 제조업",2017-04-11,2021,0,,,0
264900,01205329,크라운제과,KOSPI,"떡, 빵 및 과자류 제조업",2017-04-11,2022,2,20220322,20220323,1
264900,01205329,크라운제과,KOSPI,"떡, 빵 및 과자류 제조업",2017-04-11,2023,1,20230331,20230331,1
264900,01205329,크라운제과,KOSPI,"떡, 빵 및 과자류 제조업",2017-04-11,2024,0,,,0
145720,00526599,덴티움,KOSPI,의료용 기기 제조업,2017-03-15,2018,0,,,0
145720,00526599,덴티움,KOSPI,의료용 기기 제조업,2017-03-15,2019,0,,,0
145720,00526599,덴티움,KOSPI,의료용 기기 제조업,2017-03-15,2020,0,,,0
145720,00526599,덴티움,KOSPI,의료용 기기 제조업,2017-03-15,2021,0,,,0
145720,00526599,덴티움,KOSPI,의료용 기기 제조업,2017-03-15,2022,0,,,0
145720,00526599,덴티움,KOSPI,의료용 기기 제조업,2017-03-15,2023,1,20230322,20230322,1
145720,00526599,덴티움,KOSPI,의료용 기기 제조업,2017-03-15,2024,0,,,0
111110,00226316,호전실업,KOSPI,봉제의복 제조업,2017-02-02,2018,1,20180409,20180409,1
111110,00226316,호전실업,KOSPI,봉제의복 제조업,2017-02-02,2019,0,,,0
111110,00226316,호전실업,KOSPI,봉제의복 제조업,2017-02-02,2020,0,,,0
111110,00226316,호전실업,KOSPI,봉제의복 제조업,2017-02-02,2021,1,20210331,20210331,1
111110,00226316,호전실업,KOSPI,봉제의복 제조업,2017-02-02,2022,1,20220331,20220331,1
111110,00226316,호전실업,KOSPI,봉제의복 제조업,2017-02-02,2023,1,20230331,20230331,1
111110,00226316,호전실업,KOSPI,봉제의복 제조업,2017-02-02,2024,1,20240329,20240329,1
143210,00119140,핸즈코퍼레이션,KOSPI,자동차 신품 부품 제조업,2016-12-02,2018,0,,,0
143210,00119140,핸즈코퍼레이션,KOSPI,자동차 신품 부품 제조업,2016-12-02,2019,0,,,0
143210,00119140,핸즈코퍼레이션,KOSPI,자동차 신품 부품 제조업,2016-12-02,2020,0,,,0
143210,00119140,핸즈코퍼레이션,KOSPI,자동차 신품 부품 제조업,2016-12-02,2021,0,,,0
143210,00119140,핸즈코퍼레이션,KOSPI,자동차 신품 부품 제조업,2016-12-02,2022,0,,,0
143210,00119140,핸즈코퍼레이션,KOSPI,자동차 신품 부품 제조업,2016-12-02,2023,0,,,0
143210,00119140,핸즈코퍼레이션,KOSPI,자동차 신품 부품 제조업,2016-12-02,2024,1,20240513,20240513,1
241560,01032486,두산밥캣,KOSPI,특수 목적용 기계 제조업,2016-11-18,2018,0,,,0
241560,01032486,두산밥캣,KOSPI,특수 목적용 기계 제조업,2016-11-18,2019,0,,,0
241560,01032486,두산밥캣,KOSPI,특수 목적용 기계 제조업,2016-11-18,2020,0,,,0
241560,01032486,두산밥캣,KOSPI,특수 목적용 기계 제조업,2016-11-18,2021,0,,,0
241560,01032486,두산밥캣,KOSPI,특수 목적용 기계 제조업,2016-11-18,2022,1,20220812,20220812,1
241560,01032486,두산밥캣,KOSPI,특수 목적용 기계 제조업,2016-11-18,2023,0,,,0
241560,01032486,두산밥캣,KOSPI,특수 목적용 기계 제조업,2016-11-18,2024,1,20240329,20240329,1
207940,00877059,삼성바이오로직스,KOSPI,기초 의약물질 제조업,2016-11-10,2018,0,,,0
207940,00877059,삼성바이오로직스,KOSPI,기초 의약물질 제조업,2016-11-10,2019,1,20190723,20190723,1
207940,00877059,삼성바이오로직스,KOSPI,기초 의약물질 제조업,2016-11-10,2020,0,,,0
207940,00877059,삼성바이오로직스,KOSPI,기초 의약물질 제조업,2016-11-10,2021,0,,,0
207940,00877059,삼성바이오로직스,KOSPI,기초 의약물질 제조업,2016-11-10,2022,0,,,0
207940,00877059,삼성바이오로직스,KOSPI,기초 의약물질 제조업,2016-11-10,2023,0,,,0
207940,00877059,삼성바이오로직스,KOSPI,기초 의약물질 제조업,2016-11-10,2024,0,,,0
234080,00225706,JW생명과학,KOSPI,의약품 제조업,2016-10-27,2018,1,20180814,20180814,1
234080,00225706,JW생명과학,KOSPI,의약품 제조업,2016-10-27,2019,1,20190730,20190730,1
234080,00225706,JW생명과학,KOSPI,의약품 제조업,2016-10-27,2020,0,,,0
234080,00225706,JW생명과학,KOSPI,의약품 제조업,2016-10-27,2021,2,20210326,20210901,1
234080,00225706,JW생명과학,KOSPI,의약품 제조업,2016-10-27,2022,1,20220228,20220228,1
234080,00225706,JW생명과학,KOSPI,의약품 제조업,2016-10-27,2023,0,,,0
234080,00225706,JW생명과학,KOSPI,의약품 제조업,2016-10-27,2024,0,,,0
241590,01128613,화승엔터프라이즈,KOSPI,신발 및 신발 부분품 제조업,2016-10-04,2018,0,,,0
241590,01128613,화승엔터프라이즈,KOSPI,신발 및 신발 부분품 제조업,2016-10-04,2019,0,,,0
241590,01128613,화승엔터프라이즈,KOSPI,신발 및 신발 부분품 제조업,2016-10-04,2020,0,,,0
241590,01128613,화승엔터프라이즈,KOSPI,신발 및 신발 부분품 제조업,2016-10-04,2021,0,,,0
241590,01128613,화승엔터프라이즈,KOSPI,신발 및 신발 부분품 제조업,2016-10-04,2022,0,,,0
241590,01128613,화승엔터프라이즈,KOSPI,신발 및 신발 부분품 제조업,2016-10-04,2023,0,,,0
241590,01128613,화승엔터프라이즈,KOSPI,신발 및 신발 부분품 제조업,2016-10-04,2024,0,,,0
249420,01168383,일동제약,KOSPI,의약품 제조업,2016-08-31,2018,0,,,0
249420,01168383,일동제약,KOSPI,의약품 제조업,2016-08-31,2019,0,,,0
249420,01168383,일동제약,KOSPI,의약품 제조업,2016-08-31,2020,0,,,0
249420,01168383,일동제약,KOSPI,의약품 제조업,2016-08-31,2021,0,,,0
249420,01168383,일동제약,KOSPI,의약품 제조업,2016-08-31,2022,0,,,0
249420,01168383,일동제약,KOSPI,의약품 제조업,2016-08-31,2023,0,,,0
249420,01168383,일동제약,KOSPI,의약품 제조업,2016-08-31,2024,1,20240708,20240708,1
248170,01167056,샘표식품,KOSPI,기타 식품 제조업,2016-08-09,2018,0,,,0
248170,01167056,샘표식품,KOSPI,기타 식품 제조업,2016-08-09,2019,0,,,0
248170,01167056,샘표식품,KOSPI,기타 식품 제조업,2016-08-09,2020,0,,,0
248170,01167056,샘표식품,KOSPI,기타 식품 제조업,2016-08-09,2021,0,,,0
248170,01167056,샘표식품,KOSPI,기타 식품 제조업,2016-08-09,2022,0,,,0
248170,01167056,샘표식품,KOSPI,기타 식품 제조업,2016-08-09,2023,0,,,0
248170,01167056,샘표식품,KOSPI,기타 식품 제조업,2016-08-09,2024,0,,,0
016740,00119672,두올,KOSPI,자동차 신품 부품 제조업,2016-07-29,2018,1,20180615,20180615,1
016740,00119672,두올,KOSPI,자동차 신품 부품 제조업,2016-07-29,2019,0,,,0
016740,00119672,두올,KOSPI,자동차 신품 부품 제조업,2016-07-29,2020,0,,,0
016740,00119672,두올,KOSPI,자동차 신품 부품 제조업,2016-07-29,2021,1,20210322,20210322,1
016740,00119672,두올,KOSPI,자동차 신품 부품 제조업,2016-07-29,2022,0,,,0
016740,00119672,두올,KOSPI,자동차 신품 부품 제조업,2016-07-29,2023,1,20230713,20230713,1
016740,00119672,두올,KOSPI,자동차 신품 부품 제조업,2016-07-29,2024,0,,,0
026960,00144395,동서,KOSPI,음·식료품 및 담배 도매업,2016-07-15,2018,0,,,0
026960,00144395,동서,KOSPI,음·식료품 및 담배 도매업,2016-07-15,2019,0,,,0
026960,00144395,동서,KOSPI,음·식료품 및 담배 도매업,2016-07-15,2020,0,,,0
026960,00144395,동서,KOSPI,음·식료품 및 담배 도매업,2016-07-15,2021,1,20210318,20210318,1
026960,00144395,동서,KOSPI,음·식료품 및 담배 도매업,2016-07-15,2022,0,,,0
026960,00144395,동서,KOSPI,음·식료품 및 담배 도매업,2016-07-15,2023,0,,,0
026960,00144395,동서,KOSPI,음·식료품 및 담배 도매업,2016-07-15,2024,0,,,0
195870,01032413,해성디에스,KOSPI,전자부품 제조업,2016-06-24,2018,0,,,0
195870,01032413,해성디에스,KOSPI,전자부품 제조업,2016-06-24,2019,0,,,0
195870,01032413,해성디에스,KOSPI,전자부품 제조업,2016-06-24,2020,0,,,0
195870,01032413,해성디에스,KOSPI,전자부품 제조업,2016-06-24,2021,0,,,0
195870,01032413,해성디에스,KOSPI,전자부품 제조업,2016-06-24,2022,0,,,0
195870,01032413,해성디에스,KOSPI,전자부품 제조업,2016-06-24,2023,0,,,0
195870,01032413,해성디에스,KOSPI,전자부품 제조업,2016-06-24,2024,0,,,0
070960,00365989,모나용평,KOSPI,일반 및 생활 숙박시설 운영업,2016-05-27,2018,1,20180615,20180615,1
070960,00365989,모나용평,KOSPI,일반 및 생활 숙박시설 운영업,2016-05-27,2019,0,,,0
070960,00365989,모나용평,KOSPI,일반 및 생활 숙박시설 운영업,2016-05-27,2020,0,,,0
070960,00365989,모나용평,KOSPI,일반 및 생활 숙박시설 운영업,2016-05-27,2021,1,20210326,20210326,1
070960,00365989,모나용평,KOSPI,일반 및 생활 숙박시설 운영업,2016-05-27,2022,0,,,0
070960,00365989,모나용평,KOSPI,일반 및 생활 숙박시설 운영업,2016-05-27,2023,0,,,0
070960,00365989,모나용평,KOSPI,일반 및 생활 숙박시설 운영업,2016-05-27,2024,0,,,0
101530,00428321,해태제과식품,KOSPI,기타 식품 제조업,2016-05-11,2018,0,,,0
101530,00428321,해태제과식품,KOSPI,기타 식품 제조업,2016-05-11,2019,0,,,0
101530,00428321,해태제과식품,KOSPI,기타 식품 제조업,2016-05-11,2020,0,,,0
101530,00428321,해태제과식품,KOSPI,기타 식품 제조업,2016-05-11,2021,0,,,0
101530,00428321,해태제과식품,KOSPI,기타 식품 제조업,2016-05-11,2022,2,20220816,20220817,1
101530,00428321,해태제과식품,KOSPI,기타 식품 제조업,2016-05-11,2023,0,,,0
101530,00428321,해태제과식품,KOSPI,기타 식품 제조업,2016-05-11,2024,4,20240516,20240516,1
004440,00109806,삼일씨엔에스,KOSPI,"시멘트, 석회, 플라스터 및 그 제품 제조업",2016-03-30,2018,0,,,0
004440,00109806,삼일씨엔에스,KOSPI,"시멘트, 석회, 플라스터 및 그 제품 제조업",2016-03-30,2019,0,,,0
004440,00109806,삼일씨엔에스,KOSPI,"시멘트, 석회, 플라스터 및 그 제품 제조업",2016-03-30,2020,0,,,0
004440,00109806,삼일씨엔에스,KOSPI,"시멘트, 석회, 플라스터 및 그 제품 제조업",2016-03-30,2021,0,,,0
004440,00109806,삼일씨엔에스,KOSPI,"시멘트, 석회, 플라스터 및 그 제품 제조업",2016-03-30,2022,1,20220328,20220328,1
004440,00109806,삼일씨엔에스,KOSPI,"시멘트, 석회, 플라스터 및 그 제품 제조업",2016-03-30,2023,0,,,0
004440,00109806,삼일씨엔에스,KOSPI,"시멘트, 석회, 플라스터 및 그 제품 제조업",2016-03-30,2024,0,,,0
194370,00332927,제이에스코퍼레이션,KOSPI,"가죽, 가방 및 유사제품 제조업",2016-02-04,2018,0,,,0
194370,00332927,제이에스코퍼레이션,KOSPI,"가죽, 가방 및 유사제품 제조업",2016-02-04,2019,0,,,0
194370,00332927,제이에스코퍼레이션,KOSPI,"가죽, 가방 및 유사제품 제조업",2016-02-04,2020,0,,,0
194370,00332927,제이에스코퍼레이션,KOSPI,"가죽, 가방 및 유사제품 제조업",2016-02-04,2021,0,,,0
194370,00332927,제이에스코퍼레이션,KOSPI,"가죽, 가방 및 유사제품 제조업",2016-02-04,2022,1,20220715,20220715,1
194370,00332927,제이에스코퍼레이션,KOSPI,"가죽, 가방 및 유사제품 제조업",2016-02-04,2023,0,,,0
194370,00332927,제이에스코퍼레이션,KOSPI,"가죽, 가방 및 유사제품 제조업",2016-02-04,2024,0,,,0
226320,00911955,잇츠한불,KOSPI,기타 화학제품 제조업,2015-12-28,2018,1,20180625,20180625,1
226320,00911955,잇츠한불,KOSPI,기타 화학제품 제조업,2015-12-28,2019,0,,,0
226320,00911955,잇츠한불,KOSPI,기타 화학제품 제조업,2015-12-28,2020,0,,,0
226320,00911955,잇츠한불,KOSPI,기타 화학제품 제조업,2015-12-28,2021,0,,,0
226320,00911955,잇츠한불,KOSPI,기타 화학제품 제조업,2015-12-28,2022,0,,,0
226320,00911955,잇츠한불,KOSPI,기타 화학제품 제조업,2015-12-28,2023,0,,,0
226320,00911955,잇츠한불,KOSPI,기타 화학제품 제조업,2015-12-28,2024,0,,,0
075580,00415628,세진중공업,KOSPI,선박 및 보트 건조업,2015-11-30,2018,0,,,0
075580,00415628,세진중공업,KOSPI,선박 및 보트 건조업,2015-11-30,2019,0,,,0
075580,00415628,세진중공업,KOSPI,선박 및 보트 건조업,2015-11-30,2020,0,,,0
075580,00415628,세진중공업,KOSPI,선박 및 보트 건조업,2015-11-30,2021,0,,,0
075580,00415628,세진중공업,KOSPI,선박 및 보트 건조업,2015-11-30,2022,2,20220816,20221019,1
075580,00415628,세진중공업,KOSPI,선박 및 보트 건조업,2015-11-30,2023,0,,,0
075580,00415628,세진중공업,KOSPI,선박 및 보트 건조업,2015-11-30,2024,0,,,0
214330,00105606,금호에이치티,KOSPI,자동차 신품 부품 제조업,2015-11-11,2018,0,,,0
214330,00105606,금호에이치티,KOSPI,자동차 신품 부품 제조업,2015-11-11,2019,2,20190516,20190527,1
214330,00105606,금호에이치티,KOSPI,자동차 신품 부품 제조업,2015-11-11,2020,0,,,0
214330,00105606,금호에이치티,KOSPI,자동차 신품 부품 제조업,2015-11-11,2021,1,20210331,20210331,1
214330,00105606,금호에이치티,KOSPI,자동차 신품 부품 제조업,2015-11-11,2022,2,20220331,20220516,1
214330,00105606,금호에이치티,KOSPI,자동차 신품 부품 제조업,2015-11-11,2023,1,20230331,20230331,1
214330,00105606,금호에이치티,KOSPI,자동차 신품 부품 제조업,2015-11-11,2024,1,20240329,20240329,1
089590,00555874,제주항공,KOSPI,항공 여객 운송업,2015-11-06,2018,3,20180330,20180608,1
089590,00555874,제주항공,KOSPI,항공 여객 운송업,2015-11-06,2019,1,20190405,20190405,1
089590,00555874,제주항공,KOSPI,항공 여객 운송업,2015-11-06,2020,1,20200330,20200330,1
089590,00555874,제주항공,KOSPI,항공 여객 운송업,2015-11-06,2021,1,20210323,20210323,1
089590,00555874,제주항공,KOSPI,항공 여객 운송업,2015-11-06,2022,4,20220331,20220331,1
089590,00555874,제주항공,KOSPI,항공 여객 운송업,2015-11-06,2023,0,,,0
089590,00555874,제주항공,KOSPI,항공 여객 운송업,2015-11-06,2024,0,,,0
227840,01108099,현대코퍼레이션홀딩스,KOSPI,음·식료품 및 담배 도매업,2015-10-23,2018,1,20180618,20180618,1
227840,01108099,현대코퍼레이션홀딩스,KOSPI,음·식료품 및 담배 도매업,2015-10-23,2019,0,,,0
227840,01108099,현대코퍼레이션홀딩스,KOSPI,음·식료품 및 담배 도매업,2015-10-23,2020,0,,,0
227840,01108099,현대코퍼레이션홀딩스,KOSPI,음·식료품 및 담배 도매업,2015-10-23,2021,0,,,0
227840,01108099,현대코퍼레이션홀딩스,KOSPI,음·식료품 및 담배 도매업,2015-10-23,2022,0,,,0
227840,01108099,현대코퍼레이션홀딩스,KOSPI,음·식료품 및 담배 도매업,2015-10-23,2023,0,,,0
227840,01108099,현대코퍼레이션홀딩스,KOSPI,음·식료품 및 담배 도매업,2015-10-23,2024,0,,,0
079550,00503668,LIG디펜스앤에어로스페이스,KOSPI,무기 및 총포탄 제조업,2015-10-02,2018,0,,,0
079550,00503668,LIG디펜스앤에어로스페이스,KOSPI,무기 및 총포탄 제조업,2015-10-02,2019,1,20190402,20190402,1
079550,00503668,LIG디펜스앤에어로스페이스,KOSPI,무기 및 총포탄 제조업,2015-10-02,2020,1,20200403,20200403,1
079550,00503668,LIG디펜스앤에어로스페이스,KOSPI,무기 및 총포탄 제조업,2015-10-02,2021,1,20210427,20210427,1
079550,00503668,LIG디펜스앤에어로스페이스,KOSPI,무기 및 총포탄 제조업,2015-10-02,2022,1,20220318,20220318,1
079550,00503668,LIG디펜스앤에어로스페이스,KOSPI,무기 및 총포탄 제조업,2015-10-02,2023,0,,,0
079550,00503668,LIG디펜스앤에어로스페이스,KOSPI,무기 및 총포탄 제조업,2015-10-02,2024,1,20240320,20240320,1
039570,00350312,HDC랩스,KOSPI,전기 및 통신 공사업,2015-09-24,2018,0,,,0
039570,00350312,HDC랩스,KOSPI,전기 및 통신 공사업,2015-09-24,2019,0,,,0
039570,00350312,HDC랩스,KOSPI,전기 및 통신 공사업,2015-09-24,2020,0,,,0
039570,00350312,HDC랩스,KOSPI,전기 및 통신 공사업,2015-09-24,2021,0,,,0
039570,00350312,HDC랩스,KOSPI,전기 및 통신 공사업,2015-09-24,2022,2,20220330,20220804,1
039570,00350312,HDC랩스,KOSPI,전기 및 통신 공사업,2015-09-24,2023,0,,,0
039570,00350312,HDC랩스,KOSPI,전기 및 통신 공사업,2015-09-24,2024,0,,,0
002690,00118451,동일제강,KOSPI,1차 철강 제조업,2015-09-24,2018,0,,,0
002690,00118451,동일제강,KOSPI,1차 철강 제조업,2015-09-24,2019,0,,,0
002690,00118451,동일제강,KOSPI,1차 철강 제조업,2015-09-24,2020,0,,,0
002690,00118451,동일제강,KOSPI,1차 철강 제조업,2015-09-24,2021,0,,,0
002690,00118451,동일제강,KOSPI,1차 철강 제조업,2015-09-24,2022,0,,,0
002690,00118451,동일제강,KOSPI,1차 철강 제조업,2015-09-24,2023,0,,,0
002690,00118451,동일제강,KOSPI,1차 철강 제조업,2015-09-24,2024,0,,,0
095570,00365387,AJ네트웍스,KOSPI,산업용 기계 및 장비 임대업,2015-08-21,2018,0,,,0
095570,00365387,AJ네트웍스,KOSPI,산업용 기계 및 장비 임대업,2015-08-21,2019,1,20190531,20190531,1
095570,00365387,AJ네트웍스,KOSPI,산업용 기계 및 장비 임대업,2015-08-21,2020,0,,,0
095570,00365387,AJ네트웍스,KOSPI,산업용 기계 및 장비 임대업,2015-08-21,2021,1,20210323,20210323,1
095570,00365387,AJ네트웍스,KOSPI,산업용 기계 및 장비 임대업,2015-08-21,2022,1,20220805,20220805,1
095570,00365387,AJ네트웍스,KOSPI,산업용 기계 및 장비 임대업,2015-08-21,2023,0,,,0
095570,00365387,AJ네트웍스,KOSPI,산업용 기계 및 장비 임대업,2015-08-21,2024,0,,,0
214320,00565154,이노션,KOSPI,광고업,2015-07-17,2018,0,,,0
214320,00565154,이노션,KOSPI,광고업,2015-07-17,2019,0,,,0
214320,00565154,이노션,KOSPI,광고업,2015-07-17,2020,0,,,0
214320,00565154,이노션,KOSPI,광고업,2015-07-17,2021,1,20210427,20210427,1
214320,00565154,이노션,KOSPI,광고업,2015-07-17,2022,0,,,0
214320,00565154,이노션,KOSPI,광고업,2015-07-17,2023,0,,,0
214320,00565154,이노션,KOSPI,광고업,2015-07-17,2024,1,20240322,20240322,1
214420,00816544,토니모리,KOSPI,기타 화학제품 제조업,2015-07-10,2018,0,,,0
214420,00816544,토니모리,KOSPI,기타 화학제품 제조업,2015-07-10,2019,0,,,0
214420,00816544,토니모리,KOSPI,기타 화학제품 제조업,2015-07-10,2020,0,,,0
214420,00816544,토니모리,KOSPI,기타 화학제품 제조업,2015-07-10,2021,0,,,0
214420,00816544,토니모리,KOSPI,기타 화학제품 제조업,2015-07-10,2022,0,,,0
214420,00816544,토니모리,KOSPI,기타 화학제품 제조업,2015-07-10,2023,0,,,0
214420,00816544,토니모리,KOSPI,기타 화학제품 제조업,2015-07-10,2024,0,,,0
214390,00101664,경보제약,KOSPI,기초 의약물질 제조업,2015-06-29,2018,1,20180403,20180403,1
214390,00101664,경보제약,KOSPI,기초 의약물질 제조업,2015-06-29,2019,0,,,0
214390,00101664,경보제약,KOSPI,기초 의약물질 제조업,2015-06-29,2020,0,,,0
214390,00101664,경보제약,KOSPI,기초 의약물질 제조업,2015-06-29,2021,0,,,0
214390,00101664,경보제약,KOSPI,기초 의약물질 제조업,2015-06-29,2022,0,,,0
214390,00101664,경보제약,KOSPI,기초 의약물질 제조업,2015-06-29,2023,0,,,0
214390,00101664,경보제약,KOSPI,기초 의약물질 제조업,2015-06-29,2024,0,,,0
145210,00453488,다이나믹디자인,KOSPI,특수 목적용 기계 제조업,2015-03-19,2018,4,20180913,20180914,1
145210,00453488,다이나믹디자인,KOSPI,특수 목적용 기계 제조업,2015-03-19,2019,1,20190517,20190517,1
145210,00453488,다이나믹디자인,KOSPI,특수 목적용 기계 제조업,2015-03-19,2020,0,,,0
145210,00453488,다이나믹디자인,KOSPI,특수 목적용 기계 제조업,2015-03-19,2021,2,20210329,20210813,1
145210,00453488,다이나믹디자인,KOSPI,특수 목적용 기계 제조업,2015-03-19,2022,0,,,0
145210,00453488,다이나믹디자인,KOSPI,특수 목적용 기계 제조업,2015-03-19,2023,1,20230831,20230831,1
145210,00453488,다이나믹디자인,KOSPI,특수 목적용 기계 제조업,2015-03-19,2024,0,,,0
213500,01060744,한솔제지,KOSPI,"펄프, 종이 및 판지 제조업",2015-01-26,2018,1,20180607,20180607,1
213500,01060744,한솔제지,KOSPI,"펄프, 종이 및 판지 제조업",2015-01-26,2019,0,,,0
213500,01060744,한솔제지,KOSPI,"펄프, 종이 및 판지 제조업",2015-01-26,2020,0,,,0
213500,01060744,한솔제지,KOSPI,"펄프, 종이 및 판지 제조업",2015-01-26,2021,3,20210317,20210317,1
213500,01060744,한솔제지,KOSPI,"펄프, 종이 및 판지 제조업",2015-01-26,2022,0,,,0
213500,01060744,한솔제지,KOSPI,"펄프, 종이 및 판지 제조업",2015-01-26,2023,0,,,0
213500,01060744,한솔제지,KOSPI,"펄프, 종이 및 판지 제조업",2015-01-26,2024,0,,,0
210540,01059605,디와이파워,KOSPI,특수 목적용 기계 제조업,2015-01-15,2018,0,,,0
210540,01059605,디와이파워,KOSPI,특수 목적용 기계 제조업,2015-01-15,2019,0,,,0
210540,01059605,디와이파워,KOSPI,특수 목적용 기계 제조업,2015-01-15,2020,0,,,0
210540,01059605,디와이파워,KOSPI,특수 목적용 기계 제조업,2015-01-15,2021,0,,,0
210540,01059605,디와이파워,KOSPI,특수 목적용 기계 제조업,2015-01-15,2022,0,,,0
210540,01059605,디와이파워,KOSPI,특수 목적용 기계 제조업,2015-01-15,2023,0,,,0
210540,01059605,디와이파워,KOSPI,특수 목적용 기계 제조업,2015-01-15,2024,0,,,0
028260,00149655,삼성물산,KOSPI,기타 전문 도매업,2014-12-18,2018,0,,,0
028260,00149655,삼성물산,KOSPI,기타 전문 도매업,2014-12-18,2019,1,20190401,20190401,1
028260,00149655,삼성물산,KOSPI,기타 전문 도매업,2014-12-18,2020,0,,,0
028260,00149655,삼성물산,KOSPI,기타 전문 도매업,2014-12-18,2021,0,,,0
028260,00149655,삼성물산,KOSPI,기타 전문 도매업,2014-12-18,2022,0,,,0
028260,00149655,삼성물산,KOSPI,기타 전문 도매업,2014-12-18,2023,0,,,0
028260,00149655,삼성물산,KOSPI,기타 전문 도매업,2014-12-18,2024,2,20240329,20241220,1
112610,00670340,씨에스윈드,KOSPI,"구조용 금속제품, 탱크 및 증기발생기 제조업",2014-11-27,2018,0,,,0
112610,00670340,씨에스윈드,KOSPI,"구조용 금속제품, 탱크 및 증기발생기 제조업",2014-11-27,2019,0,,,0
112610,00670340,씨에스윈드,KOSPI,"구조용 금속제품, 탱크 및 증기발생기 제조업",2014-11-27,2020,1,20200330,20200330,1
112610,00670340,씨에스윈드,KOSPI,"구조용 금속제품, 탱크 및 증기발생기 제조업",2014-11-27,2021,0,,,0
112610,00670340,씨에스윈드,KOSPI,"구조용 금속제품, 탱크 및 증기발생기 제조업",2014-11-27,2022,0,,,0
112610,00670340,씨에스윈드,KOSPI,"구조용 금속제품, 탱크 및 증기발생기 제조업",2014-11-27,2023,1,20230901,20230901,1
112610,00670340,씨에스윈드,KOSPI,"구조용 금속제품, 탱크 및 증기발생기 제조업",2014-11-27,2024,0,,,0
018260,00126186,삼성에스디에스,KOSPI,"컴퓨터 프로그래밍, 시스템 통합 및 관리업",2014-11-14,2018,0,,,0
018260,00126186,삼성에스디에스,KOSPI,"컴퓨터 프로그래밍, 시스템 통합 및 관리업",2014-11-14,2019,0,,,0
018260,00126186,삼성에스디에스,KOSPI,"컴퓨터 프로그래밍, 시스템 통합 및 관리업",2014-11-14,2020,0,,,0
018260,00126186,삼성에스디에스,KOSPI,"컴퓨터 프로그래밍, 시스템 통합 및 관리업",2014-11-14,2021,0,,,0
018260,00126186,삼성에스디에스,KOSPI,"컴퓨터 프로그래밍, 시스템 통합 및 관리업",2014-11-14,2022,0,,,0
018260,00126186,삼성에스디에스,KOSPI,"컴퓨터 프로그래밍, 시스템 통합 및 관리업",2014-11-14,2023,0,,,0
018260,00126186,삼성에스디에스,KOSPI,"컴퓨터 프로그래밍, 시스템 통합 및 관리업",2014-11-14,2024,1,20240329,20240329,1
204320,01042775,HL만도,KOSPI,자동차 신품 부품 제조업,2014-10-06,2018,1,20180814,20180814,1
204320,01042775,HL만도,KOSPI,자동차 신품 부품 제조업,2014-10-06,2019,0,,,0
204320,01042775,HL만도,KOSPI,자동차 신품 부품 제조업,2014-10-06,2020,0,,,0
204320,01042775,HL만도,KOSPI,자동차 신품 부품 제조업,2014-10-06,2021,2,20210331,20211115,1
204320,01042775,HL만도,KOSPI,자동차 신품 부품 제조업,2014-10-06,2022,0,,,0
204320,01042775,HL만도,KOSPI,자동차 신품 부품 제조업,2014-10-06,2023,0,,,0
204320,01042775,HL만도,KOSPI,자동차 신품 부품 제조업,2014-10-06,2024,1,20240516,20240516,1
200880,01036446,서연이화,KOSPI,자동차 신품 부품 제조업,2014-08-08,2018,0,,,0
200880,01036446,서연이화,KOSPI,자동차 신품 부품 제조업,2014-08-08,2019,1,20190401,20190401,1
200880,01036446,서연이화,KOSPI,자동차 신품 부품 제조업,2014-08-08,2020,1,20200331,20200331,1
200880,01036446,서연이화,KOSPI,자동차 신품 부품 제조업,2014-08-08,2021,1,20210331,20210331,1
200880,01036446,서연이화,KOSPI,자동차 신품 부품 제조업,2014-08-08,2022,0,,,0
200880,01036446,서연이화,KOSPI,자동차 신품 부품 제조업,2014-08-08,2023,0,,,0
200880,01036446,서연이화,KOSPI,자동차 신품 부품 제조업,2014-08-08,2024,0,,,0
133820,00661847,화인베스틸,KOSPI,1차 철강 제조업,2014-07-22,2018,1,20180404,20180404,1
133820,00661847,화인베스틸,KOSPI,1차 철강 제조업,2014-07-22,2019,0,,,0
133820,00661847,화인베스틸,KOSPI,1차 철강 제조업,2014-07-22,2020,0,,,0
133820,00661847,화인베스틸,KOSPI,1차 철강 제조업,2014-07-22,2021,1,20210416,20210416,1
133820,00661847,화인베스틸,KOSPI,1차 철강 제조업,2014-07-22,2022,0,,,0
133820,00661847,화인베스틸,KOSPI,1차 철강 제조업,2014-07-22,2023,0,,,0
133820,00661847,화인베스틸,KOSPI,1차 철강 제조업,2014-07-22,2024,0,,,0
192820,01009789,코스맥스,KOSPI,기타 화학제품 제조업,2014-04-07,2018,0,,,0
192820,01009789,코스맥스,KOSPI,기타 화학제품 제조업,2014-04-07,2019,0,,,0
192820,01009789,코스맥스,KOSPI,기타 화학제품 제조업,2014-04-07,2020,0,,,0
192820,01009789,코스맥스,KOSPI,기타 화학제품 제조업,2014-04-07,2021,0,,,0
192820,01009789,코스맥스,KOSPI,기타 화학제품 제조업,2014-04-07,2022,1,20220816,20220816,1
192820,01009789,코스맥스,KOSPI,기타 화학제품 제조업,2014-04-07,2023,0,,,0
192820,01009789,코스맥스,KOSPI,기타 화학제품 제조업,2014-04-07,2024,0,,,0
185750,00992871,종근당,KOSPI,의약품 제조업,2013-12-06,2018,0,,,0
185750,00992871,종근당,KOSPI,의약품 제조업,2013-12-06,2019,0,,,0
185750,00992871,종근당,KOSPI,의약품 제조업,2013-12-06,2020,0,,,0
185750,00992871,종근당,KOSPI,의약품 제조업,2013-12-06,2021,0,,,0
185750,00992871,종근당,KOSPI,의약품 제조업,2013-12-06,2022,0,,,0
185750,00992871,종근당,KOSPI,의약품 제조업,2013-12-06,2023,1,20230316,20230316,1
185750,00992871,종근당,KOSPI,의약품 제조업,2013-12-06,2024,0,,,0
006880,00136402,신송홀딩스,KOSPI,산업용 농·축산물 및 동·식물 도매업,2013-11-21,2018,0,,,0
006880,00136402,신송홀딩스,KOSPI,산업용 농·축산물 및 동·식물 도매업,2013-11-21,2019,0,,,0
006880,00136402,신송홀딩스,KOSPI,산업용 농·축산물 및 동·식물 도매업,2013-11-21,2020,0,,,0
006880,00136402,신송홀딩스,KOSPI,산업용 농·축산물 및 동·식물 도매업,2013-11-21,2021,0,,,0
006880,00136402,신송홀딩스,KOSPI,산업용 농·축산물 및 동·식물 도매업,2013-11-21,2022,1,20220715,20220715,1
006880,00136402,신송홀딩스,KOSPI,산업용 농·축산물 및 동·식물 도매업,2013-11-21,2023,0,,,0
006880,00136402,신송홀딩스,KOSPI,산업용 농·축산물 및 동·식물 도매업,2013-11-21,2024,0,,,0
183190,00990165,아세아시멘트,KOSPI,"시멘트, 석회, 플라스터 및 그 제품 제조업",2013-11-06,2018,0,,,0
183190,00990165,아세아시멘트,KOSPI,"시멘트, 석회, 플라스터 및 그 제품 제조업",2013-11-06,2019,0,,,0
183190,00990165,아세아시멘트,KOSPI,"시멘트, 석회, 플라스터 및 그 제품 제조업",2013-11-06,2020,0,,,0
183190,00990165,아세아시멘트,KOSPI,"시멘트, 석회, 플라스터 및 그 제품 제조업",2013-11-06,2021,0,,,0
183190,00990165,아세아시멘트,KOSPI,"시멘트, 석회, 플라스터 및 그 제품 제조업",2013-11-06,2022,0,,,0
183190,00990165,아세아시멘트,KOSPI,"시멘트, 석회, 플라스터 및 그 제품 제조업",2013-11-06,2023,0,,,0
183190,00990165,아세아시멘트,KOSPI,"시멘트, 석회, 플라스터 및 그 제품 제조업",2013-11-06,2024,0,,,0
064350,00302926,현대로템,KOSPI,그외 기타 운송장비 제조업,2013-10-30,2018,0,,,0
064350,00302926,현대로템,KOSPI,그외 기타 운송장비 제조업,2013-10-30,2019,0,,,0
064350,00302926,현대로템,KOSPI,그외 기타 운송장비 제조업,2013-10-30,2020,0,,,0
064350,00302926,현대로템,KOSPI,그외 기타 운송장비 제조업,2013-10-30,2021,1,20210602,20210602,1
064350,00302926,현대로템,KOSPI,그외 기타 운송장비 제조업,2013-10-30,2022,0,,,0
064350,00302926,현대로템,KOSPI,그외 기타 운송장비 제조업,2013-10-30,2023,0,,,0
064350,00302926,현대로템,KOSPI,그외 기타 운송장비 제조업,2013-10-30,2024,0,,,0
181710,00983271,NHN,KOSPI,소프트웨어 개발 및 공급업,2013-08-29,2018,2,20180403,20180406,1
181710,00983271,NHN,KOSPI,소프트웨어 개발 및 공급업,2013-08-29,2019,0,,,0
181710,00983271,NHN,KOSPI,소프트웨어 개발 및 공급업,2013-08-29,2020,0,,,0
181710,00983271,NHN,KOSPI,소프트웨어 개발 및 공급업,2013-08-29,2021,0,,,0
181710,00983271,NHN,KOSPI,소프트웨어 개발 및 공급업,2013-08-29,2022,0,,,0
181710,00983271,NHN,KOSPI,소프트웨어 개발 및 공급업,2013-08-29,2023,0,,,0
181710,00983271,NHN,KOSPI,소프트웨어 개발 및 공급업,2013-08-29,2024,0,,,0
155660,00110608,DSR,KOSPI,1차 비철금속 제조업,2013-05-15,2018,0,,,0
155660,00110608,DSR,KOSPI,1차 비철금속 제조업,2013-05-15,2019,0,,,0
155660,00110608,DSR,KOSPI,1차 비철금속 제조업,2013-05-15,2020,0,,,0
155660,00110608,DSR,KOSPI,1차 비철금속 제조업,2013-05-15,2021,0,,,0
155660,00110608,DSR,KOSPI,1차 비철금속 제조업,2013-05-15,2022,0,,,0
155660,00110608,DSR,KOSPI,1차 비철금속 제조업,2013-05-15,2023,0,,,0
155660,00110608,DSR,KOSPI,1차 비철금속 제조업,2013-05-15,2024,0,,,0
170900,00956930,동아에스티,KOSPI,의약품 제조업,2013-04-08,2018,0,,,0
170900,00956930,동아에스티,KOSPI,의약품 제조업,2013-04-08,2019,0,,,0
170900,00956930,동아에스티,KOSPI,의약품 제조업,2013-04-08,2020,0,,,0
170900,00956930,동아에스티,KOSPI,의약품 제조업,2013-04-08,2021,0,,,0
170900,00956930,동아에스티,KOSPI,의약품 제조업,2013-04-08,2022,1,20220321,20220321,1
170900,00956930,동아에스티,KOSPI,의약품 제조업,2013-04-08,2023,0,,,0
170900,00956930,동아에스티,KOSPI,의약품 제조업,2013-04-08,2024,0,,,0
013870,00156354,지엠비코리아,KOSPI,자동차 신품 부품 제조업,2012-11-20,2018,0,,,0
013870,00156354,지엠비코리아,KOSPI,자동차 신품 부품 제조업,2012-11-20,2019,0,,,0
013870,00156354,지엠비코리아,KOSPI,자동차 신품 부품 제조업,2012-11-20,2020,0,,,0
013870,00156354,지엠비코리아,KOSPI,자동차 신품 부품 제조업,2012-11-20,2021,0,,,0
013870,00156354,지엠비코리아,KOSPI,자동차 신품 부품 제조업,2012-11-20,2022,0,,,0
013870,00156354,지엠비코리아,KOSPI,자동차 신품 부품 제조업,2012-11-20,2023,0,,,0
013870,00156354,지엠비코리아,KOSPI,자동차 신품 부품 제조업,2012-11-20,2024,0,,,0
037560,00222532,LG헬로비전,KOSPI,텔레비전 방송업,2012-11-09,2018,1,20180523,20180523,1
037560,00222532,LG헬로비전,KOSPI,텔레비전 방송업,2012-11-09,2019,0,,,0
037560,00222532,LG헬로비전,KOSPI,텔레비전 방송업,2012-11-09,2020,0,,,0
037560,00222532,LG헬로비전,KOSPI,텔레비전 방송업,2012-11-09,2021,0,,,0
037560,00222532,LG헬로비전,KOSPI,텔레비전 방송업,2012-11-09,2022,0,,,0
037560,00222532,LG헬로비전,KOSPI,텔레비전 방송업,2012-11-09,2023,1,20230321,20230321,1
037560,00222532,LG헬로비전,KOSPI,텔레비전 방송업,2012-11-09,2024,0,,,0
163560,00939687,동일고무벨트,KOSPI,고무제품 제조업,2012-10-19,2018,0,,,0
163560,00939687,동일고무벨트,KOSPI,고무제품 제조업,2012-10-19,2019,0,,,0
163560,00939687,동일고무벨트,KOSPI,고무제품 제조업,2012-10-19,2020,0,,,0
163560,00939687,동일고무벨트,KOSPI,고무제품 제조업,2012-10-19,2021,0,,,0
163560,00939687,동일고무벨트,KOSPI,고무제품 제조업,2012-10-19,2022,0,,,0
163560,00939687,동일고무벨트,KOSPI,고무제품 제조업,2012-10-19,2023,0,,,0
163560,00939687,동일고무벨트,KOSPI,고무제품 제조업,2012-10-19,2024,0,,,0
161890,00939331,한국콜마,KOSPI,기타 화학제품 제조업,2012-10-19,2018,0,,,0
161890,00939331,한국콜마,KOSPI,기타 화학제품 제조업,2012-10-19,2019,0,,,0
161890,00939331,한국콜마,KOSPI,기타 화학제품 제조업,2012-10-19,2020,0,,,0
161890,00939331,한국콜마,KOSPI,기타 화학제품 제조업,2012-10-19,2021,0,,,0
161890,00939331,한국콜마,KOSPI,기타 화학제품 제조업,2012-10-19,2022,0,,,0
161890,00939331,한국콜마,KOSPI,기타 화학제품 제조업,2012-10-19,2023,1,20230322,20230322,1
161890,00939331,한국콜마,KOSPI,기타 화학제품 제조업,2012-10-19,2024,1,20240321,20240321,1
161390,00937324,한국타이어앤테크놀로지,KOSPI,고무제품 제조업,2012-10-04,2018,0,,,0
161390,00937324,한국타이어앤테크놀로지,KOSPI,고무제품 제조업,2012-10-04,2019,0,,,0
161390,00937324,한국타이어앤테크놀로지,KOSPI,고무제품 제조업,2012-10-04,2020,0,,,0
161390,00937324,한국타이어앤테크놀로지,KOSPI,고무제품 제조업,2012-10-04,2021,1,20210330,20210330,1
161390,00937324,한국타이어앤테크놀로지,KOSPI,고무제품 제조업,2012-10-04,2022,1,20220322,20220322,1
161390,00937324,한국타이어앤테크놀로지,KOSPI,고무제품 제조업,2012-10-04,2023,1,20230324,20230324,1
161390,00937324,한국타이어앤테크놀로지,KOSPI,고무제품 제조업,2012-10-04,2024,1,20240325,20240325,1
161000,00936787,애경케미칼,KOSPI,기초 화학물질 제조업,2012-09-17,2018,0,,,0
161000,00936787,애경케미칼,KOSPI,기초 화학물질 제조업,2012-09-17,2019,1,20190814,20190814,1
161000,00936787,애경케미칼,KOSPI,기초 화학물질 제조업,2012-09-17,2020,0,,,0
161000,00936787,애경케미칼,KOSPI,기초 화학물질 제조업,2012-09-17,2021,0,,,0
161000,00936787,애경케미칼,KOSPI,기초 화학물질 제조업,2012-09-17,2022,1,20220811,20220811,1
161000,00936787,애경케미칼,KOSPI,기초 화학물질 제조업,2012-09-17,2023,0,,,0
161000,00936787,애경케미칼,KOSPI,기초 화학물질 제조업,2012-09-17,2024,0,,,0
014710,00124780,사조씨푸드,KOSPI,수산물 가공 및 저장 처리업,2012-06-29,2018,0,,,0
014710,00124780,사조씨푸드,KOSPI,수산물 가공 및 저장 처리업,2012-06-29,2019,0,,,0
014710,00124780,사조씨푸드,KOSPI,수산물 가공 및 저장 처리업,2012-06-29,2020,0,,,0
014710,00124780,사조씨푸드,KOSPI,수산물 가공 및 저장 처리업,2012-06-29,2021,0,,,0
014710,00124780,사조씨푸드,KOSPI,수산물 가공 및 저장 처리업,2012-06-29,2022,2,20220318,20220318,1
014710,00124780,사조씨푸드,KOSPI,수산물 가공 및 저장 처리업,2012-06-29,2023,0,,,0
014710,00124780,사조씨푸드,KOSPI,수산물 가공 및 저장 처리업,2012-06-29,2024,0,,,0
079980,00362238,휴비스,KOSPI,화학섬유 제조업,2012-02-23,2018,0,,,0
079980,00362238,휴비스,KOSPI,화학섬유 제조업,2012-02-23,2019,0,,,0
079980,00362238,휴비스,KOSPI,화학섬유 제조업,2012-02-23,2020,0,,,0
079980,00362238,휴비스,KOSPI,화학섬유 제조업,2012-02-23,2021,1,20210420,20210420,1
079980,00362238,휴비스,KOSPI,화학섬유 제조업,2012-02-23,2022,0,,,0
079980,00362238,휴비스,KOSPI,화학섬유 제조업,2012-02-23,2023,0,,,0
079980,00362238,휴비스,KOSPI,화학섬유 제조업,2012-02-23,2024,0,,,0
007070,00140177,GS리테일,KOSPI,종합 소매업,2011-12-23,2018,0,,,0
007070,00140177,GS리테일,KOSPI,종합 소매업,2011-12-23,2019,1,20190401,20190401,1
007070,00140177,GS리테일,KOSPI,종합 소매업,2011-12-23,2020,1,20200512,20200512,1
007070,00140177,GS리테일,KOSPI,종합 소매업,2011-12-23,2021,2,20210302,20210701,1
007070,00140177,GS리테일,KOSPI,종합 소매업,2011-12-23,2022,0,,,0
007070,00140177,GS리테일,KOSPI,종합 소매업,2011-12-23,2023,0,,,0
007070,00140177,GS리테일,KOSPI,종합 소매업,2011-12-23,2024,1,20240401,20240401,1
129260,00151368,인터지스,KOSPI,도로 화물 운송업,2011-12-16,2018,1,20180511,20180511,1
129260,00151368,인터지스,KOSPI,도로 화물 운송업,2011-12-16,2019,0,,,0
129260,00151368,인터지스,KOSPI,도로 화물 운송업,2011-12-16,2020,0,,,0
129260,00151368,인터지스,KOSPI,도로 화물 운송업,2011-12-16,2021,0,,,0
129260,00151368,인터지스,KOSPI,도로 화물 운송업,2011-12-16,2022,0,,,0
129260,00151368,인터지스,KOSPI,도로 화물 운송업,2011-12-16,2023,0,,,0
129260,00151368,인터지스,KOSPI,도로 화물 운송업,2011-12-16,2024,1,20240321,20240321,1
145990,00896285,삼양사,KOSPI,기타 식품 제조업,2011-12-05,2018,1,20180725,20180725,1
145990,00896285,삼양사,KOSPI,기타 식품 제조업,2011-12-05,2019,0,,,0
145990,00896285,삼양사,KOSPI,기타 식품 제조업,2011-12-05,2020,1,20200407,20200407,1
145990,00896285,삼양사,KOSPI,기타 식품 제조업,2011-12-05,2021,0,,,0
145990,00896285,삼양사,KOSPI,기타 식품 제조업,2011-12-05,2022,1,20220812,20220812,1
145990,00896285,삼양사,KOSPI,기타 식품 제조업,2011-12-05,2023,0,,,0
145990,00896285,삼양사,KOSPI,기타 식품 제조업,2011-12-05,2024,3,20240314,20240325,1
039130,00269940,하나투어,KOSPI,여행사 및 기타 여행보조 서비스업,2011-11-01,2018,1,20180418,20180418,1
039130,00269940,하나투어,KOSPI,여행사 및 기타 여행보조 서비스업,2011-11-01,2019,0,,,0
039130,00269940,하나투어,KOSPI,여행사 및 기타 여행보조 서비스업,2011-11-01,2020,0,,,0
039130,00269940,하나투어,KOSPI,여행사 및 기타 여행보조 서비스업,2011-11-01,2021,1,20210329,20210329,1
039130,00269940,하나투어,KOSPI,여행사 및 기타 여행보조 서비스업,2011-11-01,2022,0,,,0
039130,00269940,하나투어,KOSPI,여행사 및 기타 여행보조 서비스업,2011-11-01,2023,2,20230316,20230316,1
039130,00269940,하나투어,KOSPI,여행사 및 기타 여행보조 서비스업,2011-11-01,2024,0,,,0
078520,00400857,에이블씨엔씨,KOSPI,기타 화학제품 제조업,2011-09-07,2018,0,,,0
078520,00400857,에이블씨엔씨,KOSPI,기타 화학제품 제조업,2011-09-07,2019,0,,,0
078520,00400857,에이블씨엔씨,KOSPI,기타 화학제품 제조업,2011-09-07,2020,1,20200818,20200818,1
078520,00400857,에이블씨엔씨,KOSPI,기타 화학제품 제조업,2011-09-07,2021,3,20210817,20210817,1
078520,00400857,에이블씨엔씨,KOSPI,기타 화학제품 제조업,2011-09-07,2022,0,,,0
078520,00400857,에이블씨엔씨,KOSPI,기타 화학제품 제조업,2011-09-07,2023,0,,,0
078520,00400857,에이블씨엔씨,KOSPI,기타 화학제품 제조업,2011-09-07,2024,0,,,0
023000,00191588,삼원강재,KOSPI,자동차 신품 부품 제조업,2011-07-22,2018,0,,,0
023000,00191588,삼원강재,KOSPI,자동차 신품 부품 제조업,2011-07-22,2019,0,,,0
023000,00191588,삼원강재,KOSPI,자동차 신품 부품 제조업,2011-07-22,2020,0,,,0
023000,00191588,삼원강재,KOSPI,자동차 신품 부품 제조업,2011-07-22,2021,0,,,0
023000,00191588,삼원강재,KOSPI,자동차 신품 부품 제조업,2011-07-22,2022,0,,,0
023000,00191588,삼원강재,KOSPI,자동차 신품 부품 제조업,2011-07-22,2023,0,,,0
023000,00191588,삼원강재,KOSPI,자동차 신품 부품 제조업,2011-07-22,2024,0,,,0
031430,00234412,신세계인터내셔날,KOSPI,"섬유, 의복, 신발 및 가죽제품 소매업",2011-07-14,2018,1,20180403,20180403,1
031430,00234412,신세계인터내셔날,KOSPI,"섬유, 의복, 신발 및 가죽제품 소매업",2011-07-14,2019,0,,,0
031430,00234412,신세계인터내셔날,KOSPI,"섬유, 의복, 신발 및 가죽제품 소매업",2011-07-14,2020,0,,,0
031430,00234412,신세계인터내셔날,KOSPI,"섬유, 의복, 신발 및 가죽제품 소매업",2011-07-14,2021,0,,,0
031430,00234412,신세계인터내셔날,KOSPI,"섬유, 의복, 신발 및 가죽제품 소매업",2011-07-14,2022,0,,,0
031430,00234412,신세계인터내셔날,KOSPI,"섬유, 의복, 신발 및 가죽제품 소매업",2011-07-14,2023,0,,,0
031430,00234412,신세계인터내셔날,KOSPI,"섬유, 의복, 신발 및 가죽제품 소매업",2011-07-14,2024,0,,,0
047810,00309503,한국항공우주,KOSPI,"항공기,우주선 및 부품 제조업",2011-06-30,2018,1,20180814,20180814,1
047810,00309503,한국항공우주,KOSPI,"항공기,우주선 및 부품 제조업",2011-06-30,2019,3,20190419,20190802,1
047810,00309503,한국항공우주,KOSPI,"항공기,우주선 및 부품 제조업",2011-06-30,2020,0,,,0
047810,00309503,한국항공우주,KOSPI,"항공기,우주선 및 부품 제조업",2011-06-30,2021,1,20210415,20210415,1
047810,00309503,한국항공우주,KOSPI,"항공기,우주선 및 부품 제조업",2011-06-30,2022,0,,,0
047810,00309503,한국항공우주,KOSPI,"항공기,우주선 및 부품 제조업",2011-06-30,2023,0,,,0
047810,00309503,한국항공우주,KOSPI,"항공기,우주선 및 부품 제조업",2011-06-30,2024,1,20240326,20240326,1
071840,00158307,롯데하이마트,KOSPI,가전제품 및 정보통신장비 소매업,2011-06-29,2018,2,20180515,20180515,1
071840,00158307,롯데하이마트,KOSPI,가전제품 및 정보통신장비 소매업,2011-06-29,2019,0,,,0
071840,00158307,롯데하이마트,KOSPI,가전제품 및 정보통신장비 소매업,2011-06-29,2020,0,,,0
071840,00158307,롯데하이마트,KOSPI,가전제품 및 정보통신장비 소매업,2011-06-29,2021,0,,,0
071840,00158307,롯데하이마트,KOSPI,가전제품 및 정보통신장비 소매업,2011-06-29,2022,0,,,0
071840,00158307,롯데하이마트,KOSPI,가전제품 및 정보통신장비 소매업,2011-06-29,2023,0,,,0
071840,00158307,롯데하이마트,KOSPI,가전제품 및 정보통신장비 소매업,2011-06-29,2024,0,,,0
069640,00357360,한세엠케이,KOSPI,"섬유, 의복, 신발 및 가죽제품 소매업",2011-06-21,2018,0,,,0
069640,00357360,한세엠케이,KOSPI,"섬유, 의복, 신발 및 가죽제품 소매업",2011-06-21,2019,0,,,0
069640,00357360,한세엠케이,KOSPI,"섬유, 의복, 신발 및 가죽제품 소매업",2011-06-21,2020,0,,,0
069640,00357360,한세엠케이,KOSPI,"섬유, 의복, 신발 및 가죽제품 소매업",2011-06-21,2021,0,,,0
069640,00357360,한세엠케이,KOSPI,"섬유, 의복, 신발 및 가죽제품 소매업",2011-06-21,2022,0,,,0
069640,00357360,한세엠케이,KOSPI,"섬유, 의복, 신발 및 가죽제품 소매업",2011-06-21,2023,1,20230407,20230407,1
069640,00357360,한세엠케이,KOSPI,"섬유, 의복, 신발 및 가죽제품 소매업",2011-06-21,2024,1,20240321,20240321,1
139480,00872984,이마트,KOSPI,종합 소매업,2011-06-10,2018,0,,,0
139480,00872984,이마트,KOSPI,종합 소매업,2011-06-10,2019,0,,,0
139480,00872984,이마트,KOSPI,종합 소매업,2011-06-10,2020,0,,,0
139480,00872984,이마트,KOSPI,종합 소매업,2011-06-10,2021,0,,,0
139480,00872984,이마트,KOSPI,종합 소매업,2011-06-10,2022,1,20220816,20220816,1
139480,00872984,이마트,KOSPI,종합 소매업,2011-06-10,2023,0,,,0
139480,00872984,이마트,KOSPI,종합 소매업,2011-06-10,2024,2,20240320,20240320,1
053210,00349097,케이티스카이라이프,KOSPI,텔레비전 방송업,2011-06-03,2018,0,,,0
053210,00349097,케이티스카이라이프,KOSPI,텔레비전 방송업,2011-06-03,2019,0,,,0
053210,00349097,케이티스카이라이프,KOSPI,텔레비전 방송업,2011-06-03,2020,0,,,0
053210,00349097,케이티스카이라이프,KOSPI,텔레비전 방송업,2011-06-03,2021,0,,,0
053210,00349097,케이티스카이라이프,KOSPI,텔레비전 방송업,2011-06-03,2022,1,20220930,20220930,1
053210,00349097,케이티스카이라이프,KOSPI,텔레비전 방송업,2011-06-03,2023,0,,,0
053210,00349097,케이티스카이라이프,KOSPI,텔레비전 방송업,2011-06-03,2024,1,20240320,20240320,1
023350,00159500,한국종합기술,KOSPI,"건축기술, 엔지니어링 및 관련 기술 서비스업",2011-04-28,2018,0,,,0
023350,00159500,한국종합기술,KOSPI,"건축기술, 엔지니어링 및 관련 기술 서비스업",2011-04-28,2019,0,,,0
023350,00159500,한국종합기술,KOSPI,"건축기술, 엔지니어링 및 관련 기술 서비스업",2011-04-28,2020,0,,,0
023350,00159500,한국종합기술,KOSPI,"건축기술, 엔지니어링 및 관련 기술 서비스업",2011-04-28,2021,0,,,0
023350,00159500,한국종합기술,KOSPI,"건축기술, 엔지니어링 및 관련 기술 서비스업",2011-04-28,2022,0,,,0
023350,00159500,한국종합기술,KOSPI,"건축기술, 엔지니어링 및 관련 기술 서비스업",2011-04-28,2023,0,,,0
023350,00159500,한국종합기술,KOSPI,"건축기술, 엔지니어링 및 관련 기술 서비스업",2011-04-28,2024,0,,,0
020150,00113997,롯데에너지머티리얼즈,KOSPI,전자부품 제조업,2011-03-04,2018,0,,,0
020150,00113997,롯데에너지머티리얼즈,KOSPI,전자부품 제조업,2011-03-04,2019,0,,,0
020150,00113997,롯데에너지머티리얼즈,KOSPI,전자부품 제조업,2011-03-04,2020,0,,,0
020150,00113997,롯데에너지머티리얼즈,KOSPI,전자부품 제조업,2011-03-04,2021,2,20210322,20210323,1
020150,00113997,롯데에너지머티리얼즈,KOSPI,전자부품 제조업,2011-03-04,2022,0,,,0
020150,00113997,롯데에너지머티리얼즈,KOSPI,전자부품 제조업,2011-03-04,2023,0,,,0
020150,00113997,롯데에너지머티리얼즈,KOSPI,전자부품 제조업,2011-03-04,2024,0,,,0
011210,00106623,현대위아,KOSPI,자동차 신품 부품 제조업,2011-02-21,2018,0,,,0
011210,00106623,현대위아,KOSPI,자동차 신품 부품 제조업,2011-02-21,2019,0,,,0
011210,00106623,현대위아,KOSPI,자동차 신품 부품 제조업,2011-02-21,2020,0,,,0
011210,00106623,현대위아,KOSPI,자동차 신품 부품 제조업,2011-02-21,2021,0,,,0
011210,00106623,현대위아,KOSPI,자동차 신품 부품 제조업,2011-02-21,2022,0,,,0
011210,00106623,현대위아,KOSPI,자동차 신품 부품 제조업,2011-02-21,2023,0,,,0
011210,00106623,현대위아,KOSPI,자동차 신품 부품 제조업,2011-02-21,2024,1,20240329,20240329,1
136490,00855093,선진,KOSPI,동물용 사료 및 조제식품 제조업,2011-02-16,2018,0,,,0
136490,00855093,선진,KOSPI,동물용 사료 및 조제식품 제조업,2011-02-16,2019,0,,,0
136490,00855093,선진,KOSPI,동물용 사료 및 조제식품 제조업,2011-02-16,2020,0,,,0
136490,00855093,선진,KOSPI,동물용 사료 및 조제식품 제조업,2011-02-16,2021,0,,,0
136490,00855093,선진,KOSPI,동물용 사료 및 조제식품 제조업,2011-02-16,2022,0,,,0
136490,00855093,선진,KOSPI,동물용 사료 및 조제식품 제조업,2011-02-16,2023,0,,,0
136490,00855093,선진,KOSPI,동물용 사료 및 조제식품 제조업,2011-02-16,2024,0,,,0
134380,00855163,미원화학,KOSPI,기타 화학제품 제조업,2011-02-15,2018,0,,,0
134380,00855163,미원화학,KOSPI,기타 화학제품 제조업,2011-02-15,2019,0,,,0
134380,00855163,미원화학,KOSPI,기타 화학제품 제조업,2011-02-15,2020,0,,,0
134380,00855163,미원화학,KOSPI,기타 화학제품 제조업,2011-02-15,2021,0,,,0
134380,00855163,미원화학,KOSPI,기타 화학제품 제조업,2011-02-15,2022,0,,,0
134380,00855163,미원화학,KOSPI,기타 화학제품 제조업,2011-02-15,2023,0,,,0
134380,00855163,미원화학,KOSPI,기타 화학제품 제조업,2011-02-15,2024,0,,,0
134790,00852087,시디즈,KOSPI,가구 제조업,2011-01-25,2018,1,20180605,20180605,1
134790,00852087,시디즈,KOSPI,가구 제조업,2011-01-25,2019,0,,,0
134790,00852087,시디즈,KOSPI,가구 제조업,2011-01-25,2020,0,,,0
134790,00852087,시디즈,KOSPI,가구 제조업,2011-01-25,2021,0,,,0
134790,00852087,시디즈,KOSPI,가구 제조업,2011-01-25,2022,0,,,0
134790,00852087,시디즈,KOSPI,가구 제조업,2011-01-25,2023,0,,,0
134790,00852087,시디즈,KOSPI,가구 제조업,2011-01-25,2024,0,,,0
082740,00361008,한화엔진,KOSPI,일반 목적용 기계 제조업,2011-01-04,2018,0,,,0
082740,00361008,한화엔진,KOSPI,일반 목적용 기계 제조업,2011-01-04,2019,1,20190829,20190829,1
082740,00361008,한화엔진,KOSPI,일반 목적용 기계 제조업,2011-01-04,2020,0,,,0
082740,00361008,한화엔진,KOSPI,일반 목적용 기계 제조업,2011-01-04,2021,0,,,0
082740,00361008,한화엔진,KOSPI,일반 목적용 기계 제조업,2011-01-04,2022,0,,,0
082740,00361008,한화엔진,KOSPI,일반 목적용 기계 제조업,2011-01-04,2023,0,,,0
082740,00361008,한화엔진,KOSPI,일반 목적용 기계 제조업,2011-01-04,2024,0,,,0
117580,00787376,대성에너지,KOSPI,연료용 가스 제조 및 배관공급업,2010-12-24,2018,0,,,0
117580,00787376,대성에너지,KOSPI,연료용 가스 제조 및 배관공급업,2010-12-24,2019,0,,,0
117580,00787376,대성에너지,KOSPI,연료용 가스 제조 및 배관공급업,2010-12-24,2020,0,,,0
117580,00787376,대성에너지,KOSPI,연료용 가스 제조 및 배관공급업,2010-12-24,2021,0,,,0
117580,00787376,대성에너지,KOSPI,연료용 가스 제조 및 배관공급업,2010-12-24,2022,0,,,0
117580,00787376,대성에너지,KOSPI,연료용 가스 제조 및 배관공급업,2010-12-24,2023,0,,,0
117580,00787376,대성에너지,KOSPI,연료용 가스 제조 및 배관공급업,2010-12-24,2024,0,,,0
126560,00403632,현대퓨처넷,KOSPI,전기 통신업,2010-12-23,2018,0,,,0
126560,00403632,현대퓨처넷,KOSPI,전기 통신업,2010-12-23,2019,0,,,0
126560,00403632,현대퓨처넷,KOSPI,전기 통신업,2010-12-23,2020,0,,,0
126560,00403632,현대퓨처넷,KOSPI,전기 통신업,2010-12-23,2021,0,,,0
126560,00403632,현대퓨처넷,KOSPI,전기 통신업,2010-12-23,2022,0,,,0
126560,00403632,현대퓨처넷,KOSPI,전기 통신업,2010-12-23,2023,0,,,0
126560,00403632,현대퓨처넷,KOSPI,전기 통신업,2010-12-23,2024,0,,,0
058860,00372873,KTis,KOSPI,기타 정보 서비스업,2010-12-17,2018,0,,,0
058860,00372873,KTis,KOSPI,기타 정보 서비스업,2010-12-17,2019,0,,,0
058860,00372873,KTis,KOSPI,기타 정보 서비스업,2010-12-17,2020,0,,,0
058860,00372873,KTis,KOSPI,기타 정보 서비스업,2010-12-17,2021,0,,,0
058860,00372873,KTis,KOSPI,기타 정보 서비스업,2010-12-17,2022,0,,,0
058860,00372873,KTis,KOSPI,기타 정보 서비스업,2010-12-17,2023,0,,,0
058860,00372873,KTis,KOSPI,기타 정보 서비스업,2010-12-17,2024,0,,,0
130660,00194947,한전산업,KOSPI,"건축기술, 엔지니어링 및 관련 기술 서비스업",2010-12-16,2018,0,,,0
130660,00194947,한전산업,KOSPI,"건축기술, 엔지니어링 및 관련 기술 서비스업",2010-12-16,2019,0,,,0
130660,00194947,한전산업,KOSPI,"건축기술, 엔지니어링 및 관련 기술 서비스업",2010-12-16,2020,1,20200604,20200604,1
130660,00194947,한전산업,KOSPI,"건축기술, 엔지니어링 및 관련 기술 서비스업",2010-12-16,2021,0,,,0
130660,00194947,한전산업,KOSPI,"건축기술, 엔지니어링 및 관련 기술 서비스업",2010-12-16,2022,0,,,0
130660,00194947,한전산업,KOSPI,"건축기술, 엔지니어링 및 관련 기술 서비스업",2010-12-16,2023,0,,,0
130660,00194947,한전산업,KOSPI,"건축기술, 엔지니어링 및 관련 기술 서비스업",2010-12-16,2024,1,20240321,20240321,1
900140,00838500,엘브이엠씨,KOSPI,자동차 판매업,2010-11-30,2018,0,,,0
900140,00838500,엘브이엠씨,KOSPI,자동차 판매업,2010-11-30,2019,0,,,0
900140,00838500,엘브이엠씨,KOSPI,자동차 판매업,2010-11-30,2020,1,20200429,20200429,1
900140,00838500,엘브이엠씨,KOSPI,자동차 판매업,2010-11-30,2021,0,,,0
900140,00838500,엘브이엠씨,KOSPI,자동차 판매업,2010-11-30,2022,0,,,0
900140,00838500,엘브이엠씨,KOSPI,자동차 판매업,2010-11-30,2023,0,,,0
900140,00838500,엘브이엠씨,KOSPI,자동차 판매업,2010-11-30,2024,0,,,0
081660,00195229,미스토홀딩스,KOSPI,생활용품 도매업,2010-09-28,2018,1,20180419,20180419,1
081660,00195229,미스토홀딩스,KOSPI,생활용품 도매업,2010-09-28,2019,1,20190614,20190614,1
081660,00195229,미스토홀딩스,KOSPI,생활용품 도매업,2010-09-28,2020,0,,,0
081660,00195229,미스토홀딩스,KOSPI,생활용품 도매업,2010-09-28,2021,0,,,0
081660,00195229,미스토홀딩스,KOSPI,생활용품 도매업,2010-09-28,2022,1,20220812,20220812,1
081660,00195229,미스토홀딩스,KOSPI,생활용품 도매업,2010-09-28,2023,0,,,0
081660,00195229,미스토홀딩스,KOSPI,생활용품 도매업,2010-09-28,2024,0,,,0
058850,00372882,KTcs,KOSPI,기타 정보 서비스업,2010-09-16,2018,0,,,0
058850,00372882,KTcs,KOSPI,기타 정보 서비스업,2010-09-16,2019,2,20190404,20190404,1
058850,00372882,KTcs,KOSPI,기타 정보 서비스업,2010-09-16,2020,0,,,0
058850,00372882,KTcs,KOSPI,기타 정보 서비스업,2010-09-16,2021,1,20210409,20210409,1
058850,00372882,KTcs,KOSPI,기타 정보 서비스업,2010-09-16,2022,0,,,0
058850,00372882,KTcs,KOSPI,기타 정보 서비스업,2010-09-16,2023,0,,,0
058850,00372882,KTcs,KOSPI,기타 정보 서비스업,2010-09-16,2024,0,,,0
057050,00412597,현대홈쇼핑,KOSPI,무점포 소매업,2010-09-13,2018,0,,,0
057050,00412597,현대홈쇼핑,KOSPI,무점포 소매업,2010-09-13,2019,0,,,0
057050,00412597,현대홈쇼핑,KOSPI,무점포 소매업,2010-09-13,2020,0,,,0
057050,00412597,현대홈쇼핑,KOSPI,무점포 소매업,2010-09-13,2021,3,20210817,20210818,1
057050,00412597,현대홈쇼핑,KOSPI,무점포 소매업,2010-09-13,2022,1,20220324,20220324,1
057050,00412597,현대홈쇼핑,KOSPI,무점포 소매업,2010-09-13,2023,0,,,0
057050,00412597,현대홈쇼핑,KOSPI,무점포 소매업,2010-09-13,2024,0,,,0
002150,00114552,도화엔지니어링,KOSPI,"건축기술, 엔지니어링 및 관련 기술 서비스업",2010-08-12,2018,0,,,0
002150,00114552,도화엔지니어링,KOSPI,"건축기술, 엔지니어링 및 관련 기술 서비스업",2010-08-12,2019,0,,,0
002150,00114552,도화엔지니어링,KOSPI,"건축기술, 엔지니어링 및 관련 기술 서비스업",2010-08-12,2020,0,,,0
002150,00114552,도화엔지니어링,KOSPI,"건축기술, 엔지니어링 및 관련 기술 서비스업",2010-08-12,2021,0,,,0
002150,00114552,도화엔지니어링,KOSPI,"건축기술, 엔지니어링 및 관련 기술 서비스업",2010-08-12,2022,0,,,0
002150,00114552,도화엔지니어링,KOSPI,"건축기술, 엔지니어링 및 관련 기술 서비스업",2010-08-12,2023,0,,,0
002150,00114552,도화엔지니어링,KOSPI,"건축기술, 엔지니어링 및 관련 기술 서비스업",2010-08-12,2024,0,,,0
128820,00828789,대성산업,KOSPI,연료 소매업,2010-07-30,2018,1,20180405,20180405,1
128820,00828789,대성산업,KOSPI,연료 소매업,2010-07-30,2019,0,,,0
128820,00828789,대성산업,KOSPI,연료 소매업,2010-07-30,2020,0,,,0
128820,00828789,대성산업,KOSPI,연료 소매업,2010-07-30,2021,0,,,0
128820,00828789,대성산업,KOSPI,연료 소매업,2010-07-30,2022,0,,,0
128820,00828789,대성산업,KOSPI,연료 소매업,2010-07-30,2023,0,,,0
128820,00828789,대성산업,KOSPI,연료 소매업,2010-07-30,2024,0,,,0
122900,00360142,아이마켓코리아,KOSPI,상품 종합 도매업,2010-07-30,2018,0,,,0
122900,00360142,아이마켓코리아,KOSPI,상품 종합 도매업,2010-07-30,2019,0,,,0
122900,00360142,아이마켓코리아,KOSPI,상품 종합 도매업,2010-07-30,2020,1,20200402,20200402,1
122900,00360142,아이마켓코리아,KOSPI,상품 종합 도매업,2010-07-30,2021,0,,,0
122900,00360142,아이마켓코리아,KOSPI,상품 종합 도매업,2010-07-30,2022,0,,,0
122900,00360142,아이마켓코리아,KOSPI,상품 종합 도매업,2010-07-30,2023,0,,,0
122900,00360142,아이마켓코리아,KOSPI,상품 종합 도매업,2010-07-30,2024,0,,,0
128940,00828497,한미약품,KOSPI,의약품 제조업,2010-07-30,2018,0,,,0
128940,00828497,한미약품,KOSPI,의약품 제조업,2010-07-30,2019,0,,,0
128940,00828497,한미약품,KOSPI,의약품 제조업,2010-07-30,2020,1,20200330,20200330,1
128940,00828497,한미약품,KOSPI,의약품 제조업,2010-07-30,2021,0,,,0
128940,00828497,한미약품,KOSPI,의약품 제조업,2010-07-30,2022,0,,,0
128940,00828497,한미약품,KOSPI,의약품 제조업,2010-07-30,2023,0,,,0
128940,00828497,한미약품,KOSPI,의약품 제조업,2010-07-30,2024,0,,,0
105840,00173944,우진,KOSPI,"측정, 시험, 항해, 제어 및 기타 정밀기기 제조업; 광학기기 제외",2010-07-26,2018,0,,,0
105840,00173944,우진,KOSPI,"측정, 시험, 항해, 제어 및 기타 정밀기기 제조업; 광학기기 제외",2010-07-26,2019,0,,,0
105840,00173944,우진,KOSPI,"측정, 시험, 항해, 제어 및 기타 정밀기기 제조업; 광학기기 제외",2010-07-26,2020,0,,,0
105840,00173944,우진,KOSPI,"측정, 시험, 항해, 제어 및 기타 정밀기기 제조업; 광학기기 제외",2010-07-26,2021,0,,,0
105840,00173944,우진,KOSPI,"측정, 시험, 항해, 제어 및 기타 정밀기기 제조업; 광학기기 제외",2010-07-26,2022,0,,,0
105840,00173944,우진,KOSPI,"측정, 시험, 항해, 제어 및 기타 정밀기기 제조업; 광학기기 제외",2010-07-26,2023,0,,,0
105840,00173944,우진,KOSPI,"측정, 시험, 항해, 제어 및 기타 정밀기기 제조업; 광학기기 제외",2010-07-26,2024,0,,,0
033920,00121543,무학,KOSPI,알코올음료 제조업,2010-07-20,2018,0,,,0
033920,00121543,무학,KOSPI,알코올음료 제조업,2010-07-20,2019,4,20190225,20190225,1
033920,00121543,무학,KOSPI,알코올음료 제조업,2010-07-20,2020,0,,,0
033920,00121543,무학,KOSPI,알코올음료 제조업,2010-07-20,2021,0,,,0
033920,00121543,무학,KOSPI,알코올음료 제조업,2010-07-20,2022,0,,,0
033920,00121543,무학,KOSPI,알코올음료 제조업,2010-07-20,2023,0,,,0
033920,00121543,무학,KOSPI,알코올음료 제조업,2010-07-20,2024,0,,,0
102460,00145598,이연제약,KOSPI,의약품 제조업,2010-06-10,2018,2,20180816,20181031,1
102460,00145598,이연제약,KOSPI,의약품 제조업,2010-06-10,2019,0,,,0
102460,00145598,이연제약,KOSPI,의약품 제조업,2010-06-10,2020,0,,,0
102460,00145598,이연제약,KOSPI,의약품 제조업,2010-06-10,2021,0,,,0
102460,00145598,이연제약,KOSPI,의약품 제조업,2010-06-10,2022,0,,,0
102460,00145598,이연제약,KOSPI,의약품 제조업,2010-06-10,2023,0,,,0
102460,00145598,이연제약,KOSPI,의약품 제조업,2010-06-10,2024,0,,,0
123690,00823429,한국화장품,KOSPI,생활용품 도매업,2010-06-01,2018,0,,,0
123690,00823429,한국화장품,KOSPI,생활용품 도매업,2010-06-01,2019,0,,,0
123690,00823429,한국화장품,KOSPI,생활용품 도매업,2010-06-01,2020,0,,,0
123690,00823429,한국화장품,KOSPI,생활용품 도매업,2010-06-01,2021,0,,,0
123690,00823429,한국화장품,KOSPI,생활용품 도매업,2010-06-01,2022,2,20220516,20220812,1
123690,00823429,한국화장품,KOSPI,생활용품 도매업,2010-06-01,2023,0,,,0
123690,00823429,한국화장품,KOSPI,생활용품 도매업,2010-06-01,2024,0,,,0
123700,00815369,에스제이엠,KOSPI,자동차 신품 부품 제조업,2010-05-31,2018,0,,,0
123700,00815369,에스제이엠,KOSPI,자동차 신품 부품 제조업,2010-05-31,2019,1,20190711,20190711,1
123700,00815369,에스제이엠,KOSPI,자동차 신품 부품 제조업,2010-05-31,2020,0,,,0
123700,00815369,에스제이엠,KOSPI,자동차 신품 부품 제조업,2010-05-31,2021,0,,,0
123700,00815369,에스제이엠,KOSPI,자동차 신품 부품 제조업,2010-05-31,2022,1,20221223,20221223,1
123700,00815369,에스제이엠,KOSPI,자동차 신품 부품 제조업,2010-05-31,2023,0,,,0
123700,00815369,에스제이엠,KOSPI,자동차 신품 부품 제조업,2010-05-31,2024,0,,,0
031440,00274933,신세계푸드,KOSPI,음식점업,2010-04-29,2018,0,,,0
031440,00274933,신세계푸드,KOSPI,음식점업,2010-04-29,2019,0,,,0
031440,00274933,신세계푸드,KOSPI,음식점업,2010-04-29,2020,0,,,0
031440,00274933,신세계푸드,KOSPI,음식점업,2010-04-29,2021,0,,,0
031440,00274933,신세계푸드,KOSPI,음식점업,2010-04-29,2022,0,,,0
031440,00274933,신세계푸드,KOSPI,음식점업,2010-04-29,2023,0,,,0
031440,00274933,신세계푸드,KOSPI,음식점업,2010-04-29,2024,2,20240318,20240318,1
120030,00796994,조선선재,KOSPI,기타 금속 가공제품 제조업,2010-02-19,2018,0,,,0
120030,00796994,조선선재,KOSPI,기타 금속 가공제품 제조업,2010-02-19,2019,0,,,0
120030,00796994,조선선재,KOSPI,기타 금속 가공제품 제조업,2010-02-19,2020,0,,,0
120030,00796994,조선선재,KOSPI,기타 금속 가공제품 제조업,2010-02-19,2021,0,,,0
120030,00796994,조선선재,KOSPI,기타 금속 가공제품 제조업,2010-02-19,2022,1,20220325,20220325,1
120030,00796994,조선선재,KOSPI,기타 금속 가공제품 제조업,2010-02-19,2023,1,20230331,20230331,1
120030,00796994,조선선재,KOSPI,기타 금속 가공제품 제조업,2010-02-19,2024,0,,,0
120110,00795135,코오롱인더,KOSPI,화학섬유 제조업,2010-02-01,2018,0,,,0
120110,00795135,코오롱인더,KOSPI,화학섬유 제조업,2010-02-01,2019,2,20190626,20190626,1
120110,00795135,코오롱인더,KOSPI,화학섬유 제조업,2010-02-01,2020,0,,,0
120110,00795135,코오롱인더,KOSPI,화학섬유 제조업,2010-02-01,2021,0,,,0
120110,00795135,코오롱인더,KOSPI,화학섬유 제조업,2010-02-01,2022,1,20220325,20220325,1
120110,00795135,코오롱인더,KOSPI,화학섬유 제조업,2010-02-01,2023,0,,,0
120110,00795135,코오롱인더,KOSPI,화학섬유 제조업,2010-02-01,2024,0,,,0
119650,00797364,KC코트렐,KOSPI,일반 목적용 기계 제조업,2010-01-29,2018,0,,,0
119650,00797364,KC코트렐,KOSPI,일반 목적용 기계 제조업,2010-01-29,2019,1,20190401,20190401,1
119650,00797364,KC코트렐,KOSPI,일반 목적용 기계 제조업,2010-01-29,2020,0,,,0
119650,00797364,KC코트렐,KOSPI,일반 목적용 기계 제조업,2010-01-29,2021,0,,,0
119650,00797364,KC코트렐,KOSPI,일반 목적용 기계 제조업,2010-01-29,2022,0,,,0
119650,00797364,KC코트렐,KOSPI,일반 목적용 기계 제조업,2010-01-29,2023,0,,,0
119650,00797364,KC코트렐,KOSPI,일반 목적용 기계 제조업,2010-01-29,2024,0,,,0
071320,00159698,지역난방공사,KOSPI,"증기, 냉·온수 및 공기조절 공급업",2010-01-29,2018,0,,,0
071320,00159698,지역난방공사,KOSPI,"증기, 냉·온수 및 공기조절 공급업",2010-01-29,2019,1,20190711,20190711,1
071320,00159698,지역난방공사,KOSPI,"증기, 냉·온수 및 공기조절 공급업",2010-01-29,2020,0,,,0
071320,00159698,지역난방공사,KOSPI,"증기, 냉·온수 및 공기조절 공급업",2010-01-29,2021,0,,,0
071320,00159698,지역난방공사,KOSPI,"증기, 냉·온수 및 공기조절 공급업",2010-01-29,2022,0,,,0
071320,00159698,지역난방공사,KOSPI,"증기, 냉·온수 및 공기조절 공급업",2010-01-29,2023,0,,,0
071320,00159698,지역난방공사,KOSPI,"증기, 냉·온수 및 공기조절 공급업",2010-01-29,2024,1,20240321,20240321,1
012160,00141477,영흥,KOSPI,1차 철강 제조업,2010-01-25,2018,0,,,0
012160,00141477,영흥,KOSPI,1차 철강 제조업,2010-01-25,2019,0,,,0
012160,00141477,영흥,KOSPI,1차 철강 제조업,2010-01-25,2020,0,,,0
012160,00141477,영흥,KOSPI,1차 철강 제조업,2010-01-25,2021,0,,,0
012160,00141477,영흥,KOSPI,1차 철강 제조업,2010-01-25,2022,0,,,0
012160,00141477,영흥,KOSPI,1차 철강 제조업,2010-01-25,2023,0,,,0
012160,00141477,영흥,KOSPI,1차 철강 제조업,2010-01-25,2024,0,,,0
118000,00791209,메타케어,KOSPI,기계장비 및 관련 물품 도매업,2009-12-30,2018,1,20180612,20180612,1
118000,00791209,메타케어,KOSPI,기계장비 및 관련 물품 도매업,2009-12-30,2019,0,,,0
118000,00791209,메타케어,KOSPI,기계장비 및 관련 물품 도매업,2009-12-30,2020,0,,,0
118000,00791209,메타케어,KOSPI,기계장비 및 관련 물품 도매업,2009-12-30,2021,0,,,0
118000,00791209,메타케어,KOSPI,기계장비 및 관련 물품 도매업,2009-12-30,2022,1,20220816,20220816,1
118000,00791209,메타케어,KOSPI,기계장비 및 관련 물품 도매업,2009-12-30,2023,0,,,0
118000,00791209,메타케어,KOSPI,기계장비 및 관련 물품 도매업,2009-12-30,2024,0,,,0
052690,00159209,한전기술,KOSPI,"건축기술, 엔지니어링 및 관련 기술 서비스업",2009-12-14,2018,1,20180615,20180615,1
052690,00159209,한전기술,KOSPI,"건축기술, 엔지니어링 및 관련 기술 서비스업",2009-12-14,2019,0,,,0
052690,00159209,한전기술,KOSPI,"건축기술, 엔지니어링 및 관련 기술 서비스업",2009-12-14,2020,4,20200330,20200330,1
052690,00159209,한전기술,KOSPI,"건축기술, 엔지니어링 및 관련 기술 서비스업",2009-12-14,2021,1,20210322,20210322,1
052690,00159209,한전기술,KOSPI,"건축기술, 엔지니어링 및 관련 기술 서비스업",2009-12-14,2022,0,,,0
052690,00159209,한전기술,KOSPI,"건축기술, 엔지니어링 및 관련 기술 서비스업",2009-12-14,2023,0,,,0
052690,00159209,한전기술,KOSPI,"건축기술, 엔지니어링 및 관련 기술 서비스업",2009-12-14,2024,0,,,0
114090,00557508,GKL,KOSPI,유원지 및 기타 오락관련 서비스업,2009-11-19,2018,0,,,0
114090,00557508,GKL,KOSPI,유원지 및 기타 오락관련 서비스업,2009-11-19,2019,1,20190705,20190705,1
114090,00557508,GKL,KOSPI,유원지 및 기타 오락관련 서비스업,2009-11-19,2020,0,,,0
114090,00557508,GKL,KOSPI,유원지 및 기타 오락관련 서비스업,2009-11-19,2021,0,,,0
114090,00557508,GKL,KOSPI,유원지 및 기타 오락관련 서비스업,2009-11-19,2022,0,,,0
114090,00557508,GKL,KOSPI,유원지 및 기타 오락관련 서비스업,2009-11-19,2023,1,20230713,20230713,1
114090,00557508,GKL,KOSPI,유원지 및 기타 오락관련 서비스업,2009-11-19,2024,0,,,0
032560,00218575,황금에스티,KOSPI,1차 비철금속 제조업,2009-10-29,2018,0,,,0
032560,00218575,황금에스티,KOSPI,1차 비철금속 제조업,2009-10-29,2019,0,,,0
032560,00218575,황금에스티,KOSPI,1차 비철금속 제조업,2009-10-29,2020,1,20200330,20200330,1
032560,00218575,황금에스티,KOSPI,1차 비철금속 제조업,2009-10-29,2021,2,20210202,20211130,1
032560,00218575,황금에스티,KOSPI,1차 비철금속 제조업,2009-10-29,2022,3,20220224,20220225,1
032560,00218575,황금에스티,KOSPI,1차 비철금속 제조업,2009-10-29,2023,0,,,0
032560,00218575,황금에스티,KOSPI,1차 비철금속 제조업,2009-10-29,2024,0,,,0
000080,01294110,하이트진로,KOSPI,알코올음료 제조업,2009-10-19,2018,0,,,0
000080,01294110,하이트진로,KOSPI,알코올음료 제조업,2009-10-19,2019,0,,,0
000080,01294110,하이트진로,KOSPI,알코올음료 제조업,2009-10-19,2020,0,,,0
000080,01294110,하이트진로,KOSPI,알코올음료 제조업,2009-10-19,2021,0,,,0
000080,01294110,하이트진로,KOSPI,알코올음료 제조업,2009-10-19,2022,0,,,0
000080,01294110,하이트진로,KOSPI,알코올음료 제조업,2009-10-19,2023,0,,,0
000080,01294110,하이트진로,KOSPI,알코올음료 제조업,2009-10-19,2024,0,,,0
000080,00150244,하이트진로,KOSPI,알코올음료 제조업,2009-10-19,2018,1,20180411,20180411,1
000080,00150244,하이트진로,KOSPI,알코올음료 제조업,2009-10-19,2019,0,,,0
000080,00150244,하이트진로,KOSPI,알코올음료 제조업,2009-10-19,2020,0,,,0
000080,00150244,하이트진로,KOSPI,알코올음료 제조업,2009-10-19,2021,3,20210210,20210210,1
000080,00150244,하이트진로,KOSPI,알코올음료 제조업,2009-10-19,2022,0,,,0
000080,00150244,하이트진로,KOSPI,알코올음료 제조업,2009-10-19,2023,0,,,0
000080,00150244,하이트진로,KOSPI,알코올음료 제조업,2009-10-19,2024,0,,,0
047400,00369833,유니온머티리얼,KOSPI,"내화, 비내화 요업제품 제조업",2009-09-29,2018,0,,,0
047400,00369833,유니온머티리얼,KOSPI,"내화, 비내화 요업제품 제조업",2009-09-29,2019,1,20190613,20190613,1
047400,00369833,유니온머티리얼,KOSPI,"내화, 비내화 요업제품 제조업",2009-09-29,2020,0,,,0
047400,00369833,유니온머티리얼,KOSPI,"내화, 비내화 요업제품 제조업",2009-09-29,2021,2,20210323,20210324,1
047400,00369833,유니온머티리얼,KOSPI,"내화, 비내화 요업제품 제조업",2009-09-29,2022,0,,,0
047400,00369833,유니온머티리얼,KOSPI,"내화, 비내화 요업제품 제조업",2009-09-29,2023,1,20230324,20230324,1
047400,00369833,유니온머티리얼,KOSPI,"내화, 비내화 요업제품 제조업",2009-09-29,2024,0,,,0
093240,00441243,형지엘리트,KOSPI,봉제의복 제조업,2009-09-28,2018,0,,,0
093240,00441243,형지엘리트,KOSPI,봉제의복 제조업,2009-09-28,2019,0,,,0
093240,00441243,형지엘리트,KOSPI,봉제의복 제조업,2009-09-28,2020,1,20200130,20200130,1
093240,00441243,형지엘리트,KOSPI,봉제의복 제조업,2009-09-28,2021,0,,,0
093240,00441243,형지엘리트,KOSPI,봉제의복 제조업,2009-09-28,2022,0,,,0
093240,00441243,형지엘리트,KOSPI,봉제의복 제조업,2009-09-28,2023,0,,,0
093240,00441243,형지엘리트,KOSPI,봉제의복 제조업,2009-09-28,2024,0,,,0
111770,00776820,영원무역,KOSPI,상품 종합 도매업,2009-07-30,2018,0,,,0
111770,00776820,영원무역,KOSPI,상품 종합 도매업,2009-07-30,2019,0,,,0
111770,00776820,영원무역,KOSPI,상품 종합 도매업,2009-07-30,2020,0,,,0
111770,00776820,영원무역,KOSPI,상품 종합 도매업,2009-07-30,2021,0,,,0
111770,00776820,영원무역,KOSPI,상품 종합 도매업,2009-07-30,2022,1,20220321,20220321,1
111770,00776820,영원무역,KOSPI,상품 종합 도매업,2009-07-30,2023,0,,,0
111770,00776820,영원무역,KOSPI,상품 종합 도매업,2009-07-30,2024,0,,,0
053690,00413523,한미글로벌,KOSPI,"건축기술, 엔지니어링 및 관련 기술 서비스업",2009-06-23,2018,0,,,0
053690,00413523,한미글로벌,KOSPI,"건축기술, 엔지니어링 및 관련 기술 서비스업",2009-06-23,2019,0,,,0
053690,00413523,한미글로벌,KOSPI,"건축기술, 엔지니어링 및 관련 기술 서비스업",2009-06-23,2020,0,,,0
053690,00413523,한미글로벌,KOSPI,"건축기술, 엔지니어링 및 관련 기술 서비스업",2009-06-23,2021,1,20210326,20210326,1
053690,00413523,한미글로벌,KOSPI,"건축기술, 엔지니어링 및 관련 기술 서비스업",2009-06-23,2022,1,20220816,20220816,1
053690,00413523,한미글로벌,KOSPI,"건축기술, 엔지니어링 및 관련 기술 서비스업",2009-06-23,2023,0,,,0
053690,00413523,한미글로벌,KOSPI,"건축기술, 엔지니어링 및 관련 기술 서비스업",2009-06-23,2024,0,,,0
028100,00178754,동아지질,KOSPI,기반조성 및 시설물 축조관련 전문공사업,2009-06-12,2018,0,,,0
028100,00178754,동아지질,KOSPI,기반조성 및 시설물 축조관련 전문공사업,2009-06-12,2019,0,,,0
028100,00178754,동아지질,KOSPI,기반조성 및 시설물 축조관련 전문공사업,2009-06-12,2020,1,20200605,20200605,1
028100,00178754,동아지질,KOSPI,기반조성 및 시설물 축조관련 전문공사업,2009-06-12,2021,0,,,0
028100,00178754,동아지질,KOSPI,기반조성 및 시설물 축조관련 전문공사업,2009-06-12,2022,0,,,0
028100,00178754,동아지질,KOSPI,기반조성 및 시설물 축조관련 전문공사업,2009-06-12,2023,0,,,0
028100,00178754,동아지질,KOSPI,기반조성 및 시설물 축조관련 전문공사업,2009-06-12,2024,0,,,0
071970,00406046,HD현대마린엔진,KOSPI,일반 목적용 기계 제조업,2009-05-15,2018,0,,,0
071970,00406046,HD현대마린엔진,KOSPI,일반 목적용 기계 제조업,2009-05-15,2019,2,20190724,20191120,1
071970,00406046,HD현대마린엔진,KOSPI,일반 목적용 기계 제조업,2009-05-15,2020,0,,,0
071970,00406046,HD현대마린엔진,KOSPI,일반 목적용 기계 제조업,2009-05-15,2021,1,20210322,20210322,1
071970,00406046,HD현대마린엔진,KOSPI,일반 목적용 기계 제조업,2009-05-15,2022,1,20220727,20220727,1
071970,00406046,HD현대마린엔진,KOSPI,일반 목적용 기계 제조업,2009-05-15,2023,1,20230712,20230712,1
071970,00406046,HD현대마린엔진,KOSPI,일반 목적용 기계 제조업,2009-05-15,2024,1,20240411,20240411,1
108670,00759513,LX하우시스,KOSPI,플라스틱제품 제조업,2009-04-20,2018,0,,,0
108670,00759513,LX하우시스,KOSPI,플라스틱제품 제조업,2009-04-20,2019,0,,,0
108670,00759513,LX하우시스,KOSPI,플라스틱제품 제조업,2009-04-20,2020,0,,,0
108670,00759513,LX하우시스,KOSPI,플라스틱제품 제조업,2009-04-20,2021,0,,,0
108670,00759513,LX하우시스,KOSPI,플라스틱제품 제조업,2009-04-20,2022,0,,,0
108670,00759513,LX하우시스,KOSPI,플라스틱제품 제조업,2009-04-20,2023,0,,,0
108670,00759513,LX하우시스,KOSPI,플라스틱제품 제조업,2009-04-20,2024,0,,,0
105630,00728638,한세실업,KOSPI,봉제의복 제조업,2009-03-20,2018,0,,,0
105630,00728638,한세실업,KOSPI,봉제의복 제조업,2009-03-20,2019,0,,,0
105630,00728638,한세실업,KOSPI,봉제의복 제조업,2009-03-20,2020,0,,,0
105630,00728638,한세실업,KOSPI,봉제의복 제조업,2009-03-20,2021,1,20211112,20211112,1
105630,00728638,한세실업,KOSPI,봉제의복 제조업,2009-03-20,2022,1,20220324,20220324,1
105630,00728638,한세실업,KOSPI,봉제의복 제조업,2009-03-20,2023,0,,,0
105630,00728638,한세실업,KOSPI,봉제의복 제조업,2009-03-20,2024,0,,,0
109070,00753643,주성코퍼레이션,KOSPI,통신 및 방송 장비 제조업,2009-03-17,2018,1,20180608,20180608,1
109070,00753643,주성코퍼레이션,KOSPI,통신 및 방송 장비 제조업,2009-03-17,2019,1,20191128,20191128,1
109070,00753643,주성코퍼레이션,KOSPI,통신 및 방송 장비 제조업,2009-03-17,2020,2,20201006,20201007,1
109070,00753643,주성코퍼레이션,KOSPI,통신 및 방송 장비 제조업,2009-03-17,2021,0,,,0
109070,00753643,주성코퍼레이션,KOSPI,통신 및 방송 장비 제조업,2009-03-17,2022,0,,,0
109070,00753643,주성코퍼레이션,KOSPI,통신 및 방송 장비 제조업,2009-03-17,2023,0,,,0
109070,00753643,주성코퍼레이션,KOSPI,통신 및 방송 장비 제조업,2009-03-17,2024,0,,,0
035420,00266961,NAVER,KOSPI,"자료처리, 호스팅, 포털 및 기타 인터넷 정보매개 서비스업",2008-11-28,2018,0,,,0
035420,00266961,NAVER,KOSPI,"자료처리, 호스팅, 포털 및 기타 인터넷 정보매개 서비스업",2008-11-28,2019,0,,,0
035420,00266961,NAVER,KOSPI,"자료처리, 호스팅, 포털 및 기타 인터넷 정보매개 서비스업",2008-11-28,2020,0,,,0
035420,00266961,NAVER,KOSPI,"자료처리, 호스팅, 포털 및 기타 인터넷 정보매개 서비스업",2008-11-28,2021,0,,,0
035420,00266961,NAVER,KOSPI,"자료처리, 호스팅, 포털 및 기타 인터넷 정보매개 서비스업",2008-11-28,2022,0,,,0
035420,00266961,NAVER,KOSPI,"자료처리, 호스팅, 포털 및 기타 인터넷 정보매개 서비스업",2008-11-28,2023,0,,,0
035420,00266961,NAVER,KOSPI,"자료처리, 호스팅, 포털 및 기타 인터넷 정보매개 서비스업",2008-11-28,2024,0,,,0
026940,00123781,부국철강,KOSPI,1차 철강 제조업,2008-10-14,2018,0,,,0
026940,00123781,부국철강,KOSPI,1차 철강 제조업,2008-10-14,2019,1,20190618,20190618,1
026940,00123781,부국철강,KOSPI,1차 철강 제조업,2008-10-14,2020,0,,,0
026940,00123781,부국철강,KOSPI,1차 철강 제조업,2008-10-14,2021,0,,,0
026940,00123781,부국철강,KOSPI,1차 철강 제조업,2008-10-14,2022,0,,,0
026940,00123781,부국철강,KOSPI,1차 철강 제조업,2008-10-14,2023,0,,,0
026940,00123781,부국철강,KOSPI,1차 철강 제조업,2008-10-14,2024,0,,,0
104700,00687711,한국철강,KOSPI,1차 철강 제조업,2008-09-29,2018,0,,,0
104700,00687711,한국철강,KOSPI,1차 철강 제조업,2008-09-29,2019,0,,,0
104700,00687711,한국철강,KOSPI,1차 철강 제조업,2008-09-29,2020,0,,,0
104700,00687711,한국철강,KOSPI,1차 철강 제조업,2008-09-29,2021,0,,,0
104700,00687711,한국철강,KOSPI,1차 철강 제조업,2008-09-29,2022,1,20220412,20220412,1
104700,00687711,한국철강,KOSPI,1차 철강 제조업,2008-09-29,2023,1,20230324,20230324,1
104700,00687711,한국철강,KOSPI,1차 철강 제조업,2008-09-29,2024,0,,,0
103590,00683469,일진전기,KOSPI,절연선 및 케이블 제조업,2008-08-01,2018,0,,,0
103590,00683469,일진전기,KOSPI,절연선 및 케이블 제조업,2008-08-01,2019,1,20190814,20190814,1
103590,00683469,일진전기,KOSPI,절연선 및 케이블 제조업,2008-08-01,2020,0,,,0
103590,00683469,일진전기,KOSPI,절연선 및 케이블 제조업,2008-08-01,2021,1,20210329,20210329,1
103590,00683469,일진전기,KOSPI,절연선 및 케이블 제조업,2008-08-01,2022,0,,,0
103590,00683469,일진전기,KOSPI,절연선 및 케이블 제조업,2008-08-01,2023,0,,,0
103590,00683469,일진전기,KOSPI,절연선 및 케이블 제조업,2008-08-01,2024,0,,,0
103140,00684714,풍산,KOSPI,1차 비철금속 제조업,2008-07-30,2018,0,,,0
103140,00684714,풍산,KOSPI,1차 비철금속 제조업,2008-07-30,2019,0,,,0
103140,00684714,풍산,KOSPI,1차 비철금속 제조업,2008-07-30,2020,0,,,0
103140,00684714,풍산,KOSPI,1차 비철금속 제조업,2008-07-30,2021,0,,,0
103140,00684714,풍산,KOSPI,1차 비철금속 제조업,2008-07-30,2022,0,,,0
103140,00684714,풍산,KOSPI,1차 비철금속 제조업,2008-07-30,2023,0,,,0
103140,00684714,풍산,KOSPI,1차 비철금속 제조업,2008-07-30,2024,0,,,0
011070,00105961,LG이노텍,KOSPI,전자부품 제조업,2008-07-24,2018,0,,,0
011070,00105961,LG이노텍,KOSPI,전자부품 제조업,2008-07-24,2019,0,,,0
011070,00105961,LG이노텍,KOSPI,전자부품 제조업,2008-07-24,2020,0,,,0
011070,00105961,LG이노텍,KOSPI,전자부품 제조업,2008-07-24,2021,1,20210310,20210310,1
011070,00105961,LG이노텍,KOSPI,전자부품 제조업,2008-07-24,2022,0,,,0
011070,00105961,LG이노텍,KOSPI,전자부품 제조업,2008-07-24,2023,0,,,0
011070,00105961,LG이노텍,KOSPI,전자부품 제조업,2008-07-24,2024,1,20240313,20240313,1
017180,00121039,명문제약,KOSPI,의약품 제조업,2008-07-10,2018,2,20180618,20180626,1
017180,00121039,명문제약,KOSPI,의약품 제조업,2008-07-10,2019,1,20190814,20190814,1
017180,00121039,명문제약,KOSPI,의약품 제조업,2008-07-10,2020,1,20200331,20200331,1
017180,00121039,명문제약,KOSPI,의약품 제조업,2008-07-10,2021,2,20210331,20210419,1
017180,00121039,명문제약,KOSPI,의약품 제조업,2008-07-10,2022,1,20220331,20220331,1
017180,00121039,명문제약,KOSPI,의약품 제조업,2008-07-10,2023,2,20230331,20230811,1
017180,00121039,명문제약,KOSPI,의약품 제조업,2008-07-10,2024,4,20240329,20240412,1
100220,00520887,비상교육,KOSPI,"서적, 잡지 및 기타 인쇄물 출판업",2008-06-30,2018,0,,,0
100220,00520887,비상교육,KOSPI,"서적, 잡지 및 기타 인쇄물 출판업",2008-06-30,2019,1,20190624,20190624,1
100220,00520887,비상교육,KOSPI,"서적, 잡지 및 기타 인쇄물 출판업",2008-06-30,2020,0,,,0
100220,00520887,비상교육,KOSPI,"서적, 잡지 및 기타 인쇄물 출판업",2008-06-30,2021,1,20210514,20210514,1
100220,00520887,비상교육,KOSPI,"서적, 잡지 및 기타 인쇄물 출판업",2008-06-30,2022,1,20220712,20220712,1
100220,00520887,비상교육,KOSPI,"서적, 잡지 및 기타 인쇄물 출판업",2008-06-30,2023,0,,,0
100220,00520887,비상교육,KOSPI,"서적, 잡지 및 기타 인쇄물 출판업",2008-06-30,2024,0,,,0
102260,00679314,동성케미컬,KOSPI,합성고무 및 플라스틱 물질 제조업,2008-06-23,2018,1,20180703,20180703,1
102260,00679314,동성케미컬,KOSPI,합성고무 및 플라스틱 물질 제조업,2008-06-23,2019,1,20190724,20190724,1
102260,00679314,동성케미컬,KOSPI,합성고무 및 플라스틱 물질 제조업,2008-06-23,2020,0,,,0
102260,00679314,동성케미컬,KOSPI,합성고무 및 플라스틱 물질 제조업,2008-06-23,2021,0,,,0
102260,00679314,동성케미컬,KOSPI,합성고무 및 플라스틱 물질 제조업,2008-06-23,2022,1,20220527,20220527,1
102260,00679314,동성케미컬,KOSPI,합성고무 및 플라스틱 물질 제조업,2008-06-23,2023,0,,,0
102260,00679314,동성케미컬,KOSPI,합성고무 및 플라스틱 물질 제조업,2008-06-23,2024,0,,,0
032640,00231363,LG유플러스,KOSPI,전기 통신업,2008-04-21,2018,0,,,0
032640,00231363,LG유플러스,KOSPI,전기 통신업,2008-04-21,2019,0,,,0
032640,00231363,LG유플러스,KOSPI,전기 통신업,2008-04-21,2020,0,,,0
032640,00231363,LG유플러스,KOSPI,전기 통신업,2008-04-21,2021,0,,,0
032640,00231363,LG유플러스,KOSPI,전기 통신업,2008-04-21,2022,0,,,0
032640,00231363,LG유플러스,KOSPI,전기 통신업,2008-04-21,2023,0,,,0
032640,00231363,LG유플러스,KOSPI,전기 통신업,2008-04-21,2024,1,20240313,20240313,1
101140,00652423,인바이오젠,KOSPI,기계장비 및 관련 물품 도매업,2008-04-02,2018,0,,,0
101140,00652423,인바이오젠,KOSPI,기계장비 및 관련 물품 도매업,2008-04-02,2019,0,,,0
101140,00652423,인바이오젠,KOSPI,기계장비 및 관련 물품 도매업,2008-04-02,2020,0,,,0
101140,00652423,인바이오젠,KOSPI,기계장비 및 관련 물품 도매업,2008-04-02,2021,0,,,0
101140,00652423,인바이오젠,KOSPI,기계장비 및 관련 물품 도매업,2008-04-02,2022,0,,,0
101140,00652423,인바이오젠,KOSPI,기계장비 및 관련 물품 도매업,2008-04-02,2023,0,,,0
101140,00652423,인바이오젠,KOSPI,기계장비 및 관련 물품 도매업,2008-04-02,2024,0,,,0
020560,00138792,아시아나항공,KOSPI,항공 여객 운송업,2008-03-28,2018,0,,,0
020560,00138792,아시아나항공,KOSPI,항공 여객 운송업,2008-03-28,2019,0,,,0
020560,00138792,아시아나항공,KOSPI,항공 여객 운송업,2008-03-28,2020,0,,,0
020560,00138792,아시아나항공,KOSPI,항공 여객 운송업,2008-03-28,2021,1,20210331,20210331,1
020560,00138792,아시아나항공,KOSPI,항공 여객 운송업,2008-03-28,2022,0,,,0
020560,00138792,아시아나항공,KOSPI,항공 여객 운송업,2008-03-28,2023,2,20230324,20230829,1
020560,00138792,아시아나항공,KOSPI,항공 여객 운송업,2008-03-28,2024,1,20240325,20240325,1
100840,00648721,SNT에너지,KOSPI,일반 목적용 기계 제조업,2008-02-22,2018,0,,,0
100840,00648721,SNT에너지,KOSPI,일반 목적용 기계 제조업,2008-02-22,2019,0,,,0
100840,00648721,SNT에너지,KOSPI,일반 목적용 기계 제조업,2008-02-22,2020,0,,,0
100840,00648721,SNT에너지,KOSPI,일반 목적용 기계 제조업,2008-02-22,2021,0,,,0
100840,00648721,SNT에너지,KOSPI,일반 목적용 기계 제조업,2008-02-22,2022,0,,,0
100840,00648721,SNT에너지,KOSPI,일반 목적용 기계 제조업,2008-02-22,2023,0,,,0
100840,00648721,SNT에너지,KOSPI,일반 목적용 기계 제조업,2008-02-22,2024,0,,,0
100250,00646732,진양홀딩스,KOSPI,플라스틱제품 제조업,2008-02-15,2018,1,20180402,20180402,1
100250,00646732,진양홀딩스,KOSPI,플라스틱제품 제조업,2008-02-15,2019,0,,,0
100250,00646732,진양홀딩스,KOSPI,플라스틱제품 제조업,2008-02-15,2020,0,,,0
100250,00646732,진양홀딩스,KOSPI,플라스틱제품 제조업,2008-02-15,2021,0,,,0
100250,00646732,진양홀딩스,KOSPI,플라스틱제품 제조업,2008-02-15,2022,0,,,0
100250,00646732,진양홀딩스,KOSPI,플라스틱제품 제조업,2008-02-15,2023,0,,,0
100250,00646732,진양홀딩스,KOSPI,플라스틱제품 제조업,2008-02-15,2024,0,,,0
085310,00172228,엔케이,KOSPI,"구조용 금속제품, 탱크 및 증기발생기 제조업",2008-01-24,2018,0,,,0
085310,00172228,엔케이,KOSPI,"구조용 금속제품, 탱크 및 증기발생기 제조업",2008-01-24,2019,1,20190620,20190620,1
085310,00172228,엔케이,KOSPI,"구조용 금속제품, 탱크 및 증기발생기 제조업",2008-01-24,2020,0,,,0
085310,00172228,엔케이,KOSPI,"구조용 금속제품, 탱크 및 증기발생기 제조업",2008-01-24,2021,0,,,0
085310,00172228,엔케이,KOSPI,"구조용 금속제품, 탱크 및 증기발생기 제조업",2008-01-24,2022,1,20220712,20220712,1
085310,00172228,엔케이,KOSPI,"구조용 금속제품, 탱크 및 증기발생기 제조업",2008-01-24,2023,0,,,0
085310,00172228,엔케이,KOSPI,"구조용 금속제품, 탱크 및 증기발생기 제조업",2008-01-24,2024,0,,,0
051600,00159218,한전KPS,KOSPI,전기 및 통신 공사업,2007-12-14,2018,0,,,0
051600,00159218,한전KPS,KOSPI,전기 및 통신 공사업,2007-12-14,2019,0,,,0
051600,00159218,한전KPS,KOSPI,전기 및 통신 공사업,2007-12-14,2020,1,20200406,20200406,1
051600,00159218,한전KPS,KOSPI,전기 및 통신 공사업,2007-12-14,2021,0,,,0
051600,00159218,한전KPS,KOSPI,전기 및 통신 공사업,2007-12-14,2022,0,,,0
051600,00159218,한전KPS,KOSPI,전기 및 통신 공사업,2007-12-14,2023,0,,,0
051600,00159218,한전KPS,KOSPI,전기 및 통신 공사업,2007-12-14,2024,0,,,0
092440,00106614,기신정기,KOSPI,특수 목적용 기계 제조업,2007-10-30,2018,0,,,0
092440,00106614,기신정기,KOSPI,특수 목적용 기계 제조업,2007-10-30,2019,0,,,0
092440,00106614,기신정기,KOSPI,특수 목적용 기계 제조업,2007-10-30,2020,0,,,0
092440,00106614,기신정기,KOSPI,특수 목적용 기계 제조업,2007-10-30,2021,0,,,0
092440,00106614,기신정기,KOSPI,특수 목적용 기계 제조업,2007-10-30,2022,0,,,0
092440,00106614,기신정기,KOSPI,특수 목적용 기계 제조업,2007-10-30,2023,0,,,0
092440,00106614,기신정기,KOSPI,특수 목적용 기계 제조업,2007-10-30,2024,0,,,0
044450,00160232,KSS해운,KOSPI,해상 운송업,2007-10-26,2018,0,,,0
044450,00160232,KSS해운,KOSPI,해상 운송업,2007-10-26,2019,0,,,0
044450,00160232,KSS해운,KOSPI,해상 운송업,2007-10-26,2020,0,,,0
044450,00160232,KSS해운,KOSPI,해상 운송업,2007-10-26,2021,1,20210618,20210618,1
044450,00160232,KSS해운,KOSPI,해상 운송업,2007-10-26,2022,0,,,0
044450,00160232,KSS해운,KOSPI,해상 운송업,2007-10-26,2023,0,,,0
044450,00160232,KSS해운,KOSPI,해상 운송업,2007-10-26,2024,0,,,0
094280,00414850,효성 ITX,KOSPI,기타 사업지원 서비스업,2007-10-25,2018,0,,,0
094280,00414850,효성 ITX,KOSPI,기타 사업지원 서비스업,2007-10-25,2019,0,,,0
094280,00414850,효성 ITX,KOSPI,기타 사업지원 서비스업,2007-10-25,2020,0,,,0
094280,00414850,효성 ITX,KOSPI,기타 사업지원 서비스업,2007-10-25,2021,0,,,0
094280,00414850,효성 ITX,KOSPI,기타 사업지원 서비스업,2007-10-25,2022,0,,,0
094280,00414850,효성 ITX,KOSPI,기타 사업지원 서비스업,2007-10-25,2023,0,,,0
094280,00414850,효성 ITX,KOSPI,기타 사업지원 서비스업,2007-10-25,2024,0,,,0
033270,00158963,유나이티드,KOSPI,의약품 제조업,2007-10-23,2018,1,20180629,20180629,1
033270,00158963,유나이티드,KOSPI,의약품 제조업,2007-10-23,2019,0,,,0
033270,00158963,유나이티드,KOSPI,의약품 제조업,2007-10-23,2020,0,,,0
033270,00158963,유나이티드,KOSPI,의약품 제조업,2007-10-23,2021,0,,,0
033270,00158963,유나이티드,KOSPI,의약품 제조업,2007-10-23,2022,0,,,0
033270,00158963,유나이티드,KOSPI,의약품 제조업,2007-10-23,2023,1,20230317,20230317,1
033270,00158963,유나이티드,KOSPI,의약품 제조업,2007-10-23,2024,0,,,0
092200,00112165,디아이씨,KOSPI,자동차 신품 부품 제조업,2007-10-18,2018,0,,,0
092200,00112165,디아이씨,KOSPI,자동차 신품 부품 제조업,2007-10-18,2019,0,,,0
092200,00112165,디아이씨,KOSPI,자동차 신품 부품 제조업,2007-10-18,2020,1,20200807,20200807,1
092200,00112165,디아이씨,KOSPI,자동차 신품 부품 제조업,2007-10-18,2021,0,,,0
092200,00112165,디아이씨,KOSPI,자동차 신품 부품 제조업,2007-10-18,2022,1,20220318,20220318,1
092200,00112165,디아이씨,KOSPI,자동차 신품 부품 제조업,2007-10-18,2023,0,,,0
092200,00112165,디아이씨,KOSPI,자동차 신품 부품 제조업,2007-10-18,2024,0,,,0
097950,00635134,CJ제일제당,KOSPI,기타 식품 제조업,2007-09-28,2018,1,20180406,20180406,1
097950,00635134,CJ제일제당,KOSPI,기타 식품 제조업,2007-09-28,2019,0,,,0
097950,00635134,CJ제일제당,KOSPI,기타 식품 제조업,2007-09-28,2020,0,,,0
097950,00635134,CJ제일제당,KOSPI,기타 식품 제조업,2007-09-28,2021,0,,,0
097950,00635134,CJ제일제당,KOSPI,기타 식품 제조업,2007-09-28,2022,0,,,0
097950,00635134,CJ제일제당,KOSPI,기타 식품 제조업,2007-09-28,2023,2,20230417,20230814,1
097950,00635134,CJ제일제당,KOSPI,기타 식품 제조업,2007-09-28,2024,0,,,0
028670,00122737,팬오션,KOSPI,해상 운송업,2007-09-21,2018,1,20180417,20180417,1
028670,00122737,팬오션,KOSPI,해상 운송업,2007-09-21,2019,0,,,0
028670,00122737,팬오션,KOSPI,해상 운송업,2007-09-21,2020,0,,,0
028670,00122737,팬오션,KOSPI,해상 운송업,2007-09-21,2021,0,,,0
028670,00122737,팬오션,KOSPI,해상 운송업,2007-09-21,2022,0,,,0
028670,00122737,팬오션,KOSPI,해상 운송업,2007-09-21,2023,0,,,0
028670,00122737,팬오션,KOSPI,해상 운송업,2007-09-21,2024,0,,,0
097230,00633835,HJ중공업,KOSPI,토목 건설업,2007-08-31,2018,2,20180402,20180615,1
097230,00633835,HJ중공업,KOSPI,토목 건설업,2007-08-31,2019,0,,,0
097230,00633835,HJ중공업,KOSPI,토목 건설업,2007-08-31,2020,0,,,0
097230,00633835,HJ중공업,KOSPI,토목 건설업,2007-08-31,2021,0,,,0
097230,00633835,HJ중공업,KOSPI,토목 건설업,2007-08-31,2022,0,,,0
097230,00633835,HJ중공업,KOSPI,토목 건설업,2007-08-31,2023,0,,,0
097230,00633835,HJ중공업,KOSPI,토목 건설업,2007-08-31,2024,2,20240322,20240523,1
096770,00631518,SK이노베이션,KOSPI,석유 정제품 제조업,2007-07-25,2018,0,,,0
096770,00631518,SK이노베이션,KOSPI,석유 정제품 제조업,2007-07-25,2019,0,,,0
096770,00631518,SK이노베이션,KOSPI,석유 정제품 제조업,2007-07-25,2020,0,,,0
096770,00631518,SK이노베이션,KOSPI,석유 정제품 제조업,2007-07-25,2021,1,20210318,20210318,1
096770,00631518,SK이노베이션,KOSPI,석유 정제품 제조업,2007-07-25,2022,0,,,0
096770,00631518,SK이노베이션,KOSPI,석유 정제품 제조업,2007-07-25,2023,0,,,0
096770,00631518,SK이노베이션,KOSPI,석유 정제품 제조업,2007-07-25,2024,0,,,0
001780,00117027,알루코,KOSPI,1차 비철금속 제조업,2007-06-07,2018,0,,,0
001780,00117027,알루코,KOSPI,1차 비철금속 제조업,2007-06-07,2019,0,,,0
001780,00117027,알루코,KOSPI,1차 비철금속 제조업,2007-06-07,2020,1,20200814,20200814,1
001780,00117027,알루코,KOSPI,1차 비철금속 제조업,2007-06-07,2021,0,,,0
001780,00117027,알루코,KOSPI,1차 비철금속 제조업,2007-06-07,2022,0,,,0
001780,00117027,알루코,KOSPI,1차 비철금속 제조업,2007-06-07,2023,0,,,0
001780,00117027,알루코,KOSPI,1차 비철금속 제조업,2007-06-07,2024,0,,,0
095720,00628189,웅진씽크빅,KOSPI,초등 교육기관,2007-05-31,2018,0,,,0
095720,00628189,웅진씽크빅,KOSPI,초등 교육기관,2007-05-31,2019,0,,,0
095720,00628189,웅진씽크빅,KOSPI,초등 교육기관,2007-05-31,2020,0,,,0
095720,00628189,웅진씽크빅,KOSPI,초등 교육기관,2007-05-31,2021,0,,,0
095720,00628189,웅진씽크빅,KOSPI,초등 교육기관,2007-05-31,2022,0,,,0
095720,00628189,웅진씽크빅,KOSPI,초등 교육기관,2007-05-31,2023,0,,,0
095720,00628189,웅진씽크빅,KOSPI,초등 교육기관,2007-05-31,2024,0,,,0
090370,00442835,메타랩스,KOSPI,봉제의복 제조업,2006-12-26,2018,0,,,0
090370,00442835,메타랩스,KOSPI,봉제의복 제조업,2006-12-26,2019,1,20190719,20190719,1
090370,00442835,메타랩스,KOSPI,봉제의복 제조업,2006-12-26,2020,0,,,0
090370,00442835,메타랩스,KOSPI,봉제의복 제조업,2006-12-26,2021,1,20210405,20210405,1
090370,00442835,메타랩스,KOSPI,봉제의복 제조업,2006-12-26,2022,0,,,0
090370,00442835,메타랩스,KOSPI,봉제의복 제조업,2006-12-26,2023,0,,,0
090370,00442835,메타랩스,KOSPI,봉제의복 제조업,2006-12-26,2024,0,,,0
093370,00595191,후성,KOSPI,기초 화학물질 제조업,2006-12-22,2018,0,,,0
093370,00595191,후성,KOSPI,기초 화학물질 제조업,2006-12-22,2019,0,,,0
093370,00595191,후성,KOSPI,기초 화학물질 제조업,2006-12-22,2020,0,,,0
093370,00595191,후성,KOSPI,기초 화학물질 제조업,2006-12-22,2021,0,,,0
093370,00595191,후성,KOSPI,기초 화학물질 제조업,2006-12-22,2022,0,,,0
093370,00595191,후성,KOSPI,기초 화학물질 제조업,2006-12-22,2023,0,,,0
093370,00595191,후성,KOSPI,기초 화학물질 제조업,2006-12-22,2024,0,,,0
093050,00593032,LF,KOSPI,봉제의복 제조업,2006-12-01,2018,0,,,0
093050,00593032,LF,KOSPI,봉제의복 제조업,2006-12-01,2019,0,,,0
093050,00593032,LF,KOSPI,봉제의복 제조업,2006-12-01,2020,0,,,0
093050,00593032,LF,KOSPI,봉제의복 제조업,2006-12-01,2021,0,,,0
093050,00593032,LF,KOSPI,봉제의복 제조업,2006-12-01,2022,0,,,0
093050,00593032,LF,KOSPI,봉제의복 제조업,2006-12-01,2023,0,,,0
093050,00593032,LF,KOSPI,봉제의복 제조업,2006-12-01,2024,0,,,0
044380,00269241,주연테크,KOSPI,컴퓨터 및 주변장치 제조업,2006-11-15,2018,0,,,0
044380,00269241,주연테크,KOSPI,컴퓨터 및 주변장치 제조업,2006-11-15,2019,0,,,0
044380,00269241,주연테크,KOSPI,컴퓨터 및 주변장치 제조업,2006-11-15,2020,0,,,0
044380,00269241,주연테크,KOSPI,컴퓨터 및 주변장치 제조업,2006-11-15,2021,0,,,0
044380,00269241,주연테크,KOSPI,컴퓨터 및 주변장치 제조업,2006-11-15,2022,0,,,0
044380,00269241,주연테크,KOSPI,컴퓨터 및 주변장치 제조업,2006-11-15,2023,0,,,0
044380,00269241,주연테크,KOSPI,컴퓨터 및 주변장치 제조업,2006-11-15,2024,0,,,0
034590,00145862,인천도시가스,KOSPI,연료용 가스 제조 및 배관공급업,2006-11-07,2018,0,,,0
034590,00145862,인천도시가스,KOSPI,연료용 가스 제조 및 배관공급업,2006-11-07,2019,0,,,0
034590,00145862,인천도시가스,KOSPI,연료용 가스 제조 및 배관공급업,2006-11-07,2020,0,,,0
034590,00145862,인천도시가스,KOSPI,연료용 가스 제조 및 배관공급업,2006-11-07,2021,0,,,0
034590,00145862,인천도시가스,KOSPI,연료용 가스 제조 및 배관공급업,2006-11-07,2022,0,,,0
034590,00145862,인천도시가스,KOSPI,연료용 가스 제조 및 배관공급업,2006-11-07,2023,0,,,0
034590,00145862,인천도시가스,KOSPI,연료용 가스 제조 및 배관공급업,2006-11-07,2024,0,,,0
009770,00128227,삼정펄프,KOSPI,"펄프, 종이 및 판지 제조업",2006-10-17,2018,0,,,0
009770,00128227,삼정펄프,KOSPI,"펄프, 종이 및 판지 제조업",2006-10-17,2019,0,,,0
009770,00128227,삼정펄프,KOSPI,"펄프, 종이 및 판지 제조업",2006-10-17,2020,0,,,0
009770,00128227,삼정펄프,KOSPI,"펄프, 종이 및 판지 제조업",2006-10-17,2021,0,,,0
009770,00128227,삼정펄프,KOSPI,"펄프, 종이 및 판지 제조업",2006-10-17,2022,0,,,0
009770,00128227,삼정펄프,KOSPI,"펄프, 종이 및 판지 제조업",2006-10-17,2023,0,,,0
009770,00128227,삼정펄프,KOSPI,"펄프, 종이 및 판지 제조업",2006-10-17,2024,0,,,0
092220,00589127,KEC,KOSPI,반도체 제조업,2006-10-16,2018,0,,,0
092220,00589127,KEC,KOSPI,반도체 제조업,2006-10-16,2019,0,,,0
092220,00589127,KEC,KOSPI,반도체 제조업,2006-10-16,2020,0,,,0
092220,00589127,KEC,KOSPI,반도체 제조업,2006-10-16,2021,0,,,0
092220,00589127,KEC,KOSPI,반도체 제조업,2006-10-16,2022,0,,,0
092220,00589127,KEC,KOSPI,반도체 제조업,2006-10-16,2023,1,20230329,20230329,1
092220,00589127,KEC,KOSPI,반도체 제조업,2006-10-16,2024,2,20240321,20240322,1
092230,00587466,KPX홀딩스,KOSPI,기초 화학물질 제조업,2006-10-12,2018,0,,,0
092230,00587466,KPX홀딩스,KOSPI,기초 화학물질 제조업,2006-10-12,2019,0,,,0
092230,00587466,KPX홀딩스,KOSPI,기초 화학물질 제조업,2006-10-12,2020,0,,,0
092230,00587466,KPX홀딩스,KOSPI,기초 화학물질 제조업,2006-10-12,2021,0,,,0
092230,00587466,KPX홀딩스,KOSPI,기초 화학물질 제조업,2006-10-12,2022,0,,,0
092230,00587466,KPX홀딩스,KOSPI,기초 화학물질 제조업,2006-10-12,2023,0,,,0
092230,00587466,KPX홀딩스,KOSPI,기초 화학물질 제조업,2006-10-12,2024,0,,,0
089470,00357935,HDC현대EP,KOSPI,기타 화학제품 제조업,2006-09-25,2018,0,,,0
089470,00357935,HDC현대EP,KOSPI,기타 화학제품 제조업,2006-09-25,2019,0,,,0
089470,00357935,HDC현대EP,KOSPI,기타 화학제품 제조업,2006-09-25,2020,0,,,0
089470,00357935,HDC현대EP,KOSPI,기타 화학제품 제조업,2006-09-25,2021,0,,,0
089470,00357935,HDC현대EP,KOSPI,기타 화학제품 제조업,2006-09-25,2022,0,,,0
089470,00357935,HDC현대EP,KOSPI,기타 화학제품 제조업,2006-09-25,2023,0,,,0
089470,00357935,HDC현대EP,KOSPI,기타 화학제품 제조업,2006-09-25,2024,1,20240322,20240322,1
090350,00583442,노루페인트,KOSPI,기타 화학제품 제조업,2006-07-03,2018,0,,,0
090350,00583442,노루페인트,KOSPI,기타 화학제품 제조업,2006-07-03,2019,0,,,0
090350,00583442,노루페인트,KOSPI,기타 화학제품 제조업,2006-07-03,2020,0,,,0
090350,00583442,노루페인트,KOSPI,기타 화학제품 제조업,2006-07-03,2021,0,,,0
090350,00583442,노루페인트,KOSPI,기타 화학제품 제조업,2006-07-03,2022,0,,,0
090350,00583442,노루페인트,KOSPI,기타 화학제품 제조업,2006-07-03,2023,0,,,0
090350,00583442,노루페인트,KOSPI,기타 화학제품 제조업,2006-07-03,2024,0,,,0
090430,00583424,아모레퍼시픽,KOSPI,기타 화학제품 제조업,2006-06-29,2018,1,20180814,20180814,1
090430,00583424,아모레퍼시픽,KOSPI,기타 화학제품 제조업,2006-06-29,2019,0,,,0
090430,00583424,아모레퍼시픽,KOSPI,기타 화학제품 제조업,2006-06-29,2020,1,20200429,20200429,1
090430,00583424,아모레퍼시픽,KOSPI,기타 화학제품 제조업,2006-06-29,2021,0,,,0
090430,00583424,아모레퍼시픽,KOSPI,기타 화학제품 제조업,2006-06-29,2022,0,,,0
090430,00583424,아모레퍼시픽,KOSPI,기타 화학제품 제조업,2006-06-29,2023,0,,,0
090430,00583424,아모레퍼시픽,KOSPI,기타 화학제품 제조업,2006-06-29,2024,0,,,0
032350,00231372,롯데관광개발,KOSPI,여행사 및 기타 여행보조 서비스업,2006-06-08,2018,1,20180615,20180615,1
032350,00231372,롯데관광개발,KOSPI,여행사 및 기타 여행보조 서비스업,2006-06-08,2019,0,,,0
032350,00231372,롯데관광개발,KOSPI,여행사 및 기타 여행보조 서비스업,2006-06-08,2020,0,,,0
032350,00231372,롯데관광개발,KOSPI,여행사 및 기타 여행보조 서비스업,2006-06-08,2021,0,,,0
032350,00231372,롯데관광개발,KOSPI,여행사 및 기타 여행보조 서비스업,2006-06-08,2022,1,20220701,20220701,1
032350,00231372,롯데관광개발,KOSPI,여행사 및 기타 여행보조 서비스업,2006-06-08,2023,1,20230418,20230418,1
032350,00231372,롯데관광개발,KOSPI,여행사 및 기타 여행보조 서비스업,2006-06-08,2024,0,,,0
090080,00573579,평화산업,KOSPI,자동차 신품 부품 제조업,2006-06-02,2018,0,,,0
090080,00573579,평화산업,KOSPI,자동차 신품 부품 제조업,2006-06-02,2019,0,,,0
090080,00573579,평화산업,KOSPI,자동차 신품 부품 제조업,2006-06-02,2020,0,,,0
090080,00573579,평화산업,KOSPI,자동차 신품 부품 제조업,2006-06-02,2021,0,,,0
090080,00573579,평화산업,KOSPI,자동차 신품 부품 제조업,2006-06-02,2022,0,,,0
090080,00573579,평화산업,KOSPI,자동차 신품 부품 제조업,2006-06-02,2023,0,,,0
090080,00573579,평화산업,KOSPI,자동차 신품 부품 제조업,2006-06-02,2024,0,,,0
049800,00303217,우진플라임,KOSPI,특수 목적용 기계 제조업,2006-05-24,2018,0,,,0
049800,00303217,우진플라임,KOSPI,특수 목적용 기계 제조업,2006-05-24,2019,0,,,0
049800,00303217,우진플라임,KOSPI,특수 목적용 기계 제조업,2006-05-24,2020,0,,,0
049800,00303217,우진플라임,KOSPI,특수 목적용 기계 제조업,2006-05-24,2021,1,20210331,20210331,1
049800,00303217,우진플라임,KOSPI,특수 목적용 기계 제조업,2006-05-24,2022,0,,,0
049800,00303217,우진플라임,KOSPI,특수 목적용 기계 제조업,2006-05-24,2023,0,,,0
049800,00303217,우진플라임,KOSPI,특수 목적용 기계 제조업,2006-05-24,2024,2,20240329,20240704,1
035510,00219486,신세계I&C,KOSPI,"컴퓨터 프로그래밍, 시스템 통합 및 관리업",2006-05-18,2018,0,,,0
035510,00219486,신세계I&C,KOSPI,"컴퓨터 프로그래밍, 시스템 통합 및 관리업",2006-05-18,2019,0,,,0
035510,00219486,신세계I&C,KOSPI,"컴퓨터 프로그래밍, 시스템 통합 및 관리업",2006-05-18,2020,0,,,0
035510,00219486,신세계I&C,KOSPI,"컴퓨터 프로그래밍, 시스템 통합 및 관리업",2006-05-18,2021,0,,,0
035510,00219486,신세계I&C,KOSPI,"컴퓨터 프로그래밍, 시스템 통합 및 관리업",2006-05-18,2022,1,20220816,20220816,1
035510,00219486,신세계I&C,KOSPI,"컴퓨터 프로그래밍, 시스템 통합 및 관리업",2006-05-18,2023,1,20230814,20230814,1
035510,00219486,신세계I&C,KOSPI,"컴퓨터 프로그래밍, 시스템 통합 및 관리업",2006-05-18,2024,1,20240319,20240319,1
088790,00557933,진도,KOSPI,기타 전문 도매업,2006-03-28,2018,0,,,0
088790,00557933,진도,KOSPI,기타 전문 도매업,2006-03-28,2019,0,,,0
088790,00557933,진도,KOSPI,기타 전문 도매업,2006-03-28,2020,0,,,0
088790,00557933,진도,KOSPI,기타 전문 도매업,2006-03-28,2021,0,,,0
088790,00557933,진도,KOSPI,기타 전문 도매업,2006-03-28,2022,1,20220328,20220328,1
088790,00557933,진도,KOSPI,기타 전문 도매업,2006-03-28,2023,0,,,0
088790,00557933,진도,KOSPI,기타 전문 도매업,2006-03-28,2024,0,,,0
023530,00120526,롯데쇼핑,KOSPI,종합 소매업,2006-02-09,2018,0,,,0
023530,00120526,롯데쇼핑,KOSPI,종합 소매업,2006-02-09,2019,0,,,0
023530,00120526,롯데쇼핑,KOSPI,종합 소매업,2006-02-09,2020,1,20200814,20200814,1
023530,00120526,롯데쇼핑,KOSPI,종합 소매업,2006-02-09,2021,0,,,0
023530,00120526,롯데쇼핑,KOSPI,종합 소매업,2006-02-09,2022,0,,,0
023530,00120526,롯데쇼핑,KOSPI,종합 소매업,2006-02-09,2023,0,,,0
023530,00120526,롯데쇼핑,KOSPI,종합 소매업,2006-02-09,2024,0,,,0
086280,00360595,현대글로비스,KOSPI,기타 운송관련 서비스업,2005-12-26,2018,0,,,0
086280,00360595,현대글로비스,KOSPI,기타 운송관련 서비스업,2005-12-26,2019,0,,,0
086280,00360595,현대글로비스,KOSPI,기타 운송관련 서비스업,2005-12-26,2020,0,,,0
086280,00360595,현대글로비스,KOSPI,기타 운송관련 서비스업,2005-12-26,2021,0,,,0
086280,00360595,현대글로비스,KOSPI,기타 운송관련 서비스업,2005-12-26,2022,0,,,0
086280,00360595,현대글로비스,KOSPI,기타 운송관련 서비스업,2005-12-26,2023,0,,,0
086280,00360595,현대글로비스,KOSPI,기타 운송관련 서비스업,2005-12-26,2024,1,20240319,20240319,1
084870,00409672,티비에이치글로벌,KOSPI,봉제의복 제조업,2005-12-19,2018,0,,,0
084870,00409672,티비에이치글로벌,KOSPI,봉제의복 제조업,2005-12-19,2019,0,,,0
084870,00409672,티비에이치글로벌,KOSPI,봉제의복 제조업,2005-12-19,2020,0,,,0
084870,00409672,티비에이치글로벌,KOSPI,봉제의복 제조업,2005-12-19,2021,1,20210318,20210318,1
084870,00409672,티비에이치글로벌,KOSPI,봉제의복 제조업,2005-12-19,2022,0,,,0
084870,00409672,티비에이치글로벌,KOSPI,봉제의복 제조업,2005-12-19,2023,0,,,0
084870,00409672,티비에이치글로벌,KOSPI,봉제의복 제조업,2005-12-19,2024,0,,,0
001560,00148461,제일연마,KOSPI,기타 비금속 광물제품 제조업,2005-12-09,2018,0,,,0
001560,00148461,제일연마,KOSPI,기타 비금속 광물제품 제조업,2005-12-09,2019,0,,,0
001560,00148461,제일연마,KOSPI,기타 비금속 광물제품 제조업,2005-12-09,2020,0,,,0
001560,00148461,제일연마,KOSPI,기타 비금속 광물제품 제조업,2005-12-09,2021,0,,,0
001560,00148461,제일연마,KOSPI,기타 비금속 광물제품 제조업,2005-12-09,2022,0,,,0
001560,00148461,제일연마,KOSPI,기타 비금속 광물제품 제조업,2005-12-09,2023,0,,,0
001560,00148461,제일연마,KOSPI,기타 비금속 광물제품 제조업,2005-12-09,2024,0,,,0
079430,00300548,현대리바트,KOSPI,가구 제조업,2005-11-22,2018,2,20180423,20180619,1
079430,00300548,현대리바트,KOSPI,가구 제조업,2005-11-22,2019,0,,,0
079430,00300548,현대리바트,KOSPI,가구 제조업,2005-11-22,2020,0,,,0
079430,00300548,현대리바트,KOSPI,가구 제조업,2005-11-22,2021,0,,,0
079430,00300548,현대리바트,KOSPI,가구 제조업,2005-11-22,2022,0,,,0
079430,00300548,현대리바트,KOSPI,가구 제조업,2005-11-22,2023,0,,,0
079430,00300548,현대리바트,KOSPI,가구 제조업,2005-11-22,2024,1,20240320,20240320,1
084010,00113225,대한제강,KOSPI,1차 철강 제조업,2005-10-31,2018,1,20180404,20180404,1
084010,00113225,대한제강,KOSPI,1차 철강 제조업,2005-10-31,2019,0,,,0
084010,00113225,대한제강,KOSPI,1차 철강 제조업,2005-10-31,2020,0,,,0
084010,00113225,대한제강,KOSPI,1차 철강 제조업,2005-10-31,2021,1,20210318,20210318,1
084010,00113225,대한제강,KOSPI,1차 철강 제조업,2005-10-31,2022,0,,,0
084010,00113225,대한제강,KOSPI,1차 철강 제조업,2005-10-31,2023,1,20230331,20230331,1
084010,00113225,대한제강,KOSPI,1차 철강 제조업,2005-10-31,2024,0,,,0
075180,00305668,새론오토모티브,KOSPI,자동차 신품 부품 제조업,2005-10-21,2018,0,,,0
075180,00305668,새론오토모티브,KOSPI,자동차 신품 부품 제조업,2005-10-21,2019,0,,,0
075180,00305668,새론오토모티브,KOSPI,자동차 신품 부품 제조업,2005-10-21,2020,0,,,0
075180,00305668,새론오토모티브,KOSPI,자동차 신품 부품 제조업,2005-10-21,2021,0,,,0
075180,00305668,새론오토모티브,KOSPI,자동차 신품 부품 제조업,2005-10-21,2022,0,,,0
075180,00305668,새론오토모티브,KOSPI,자동차 신품 부품 제조업,2005-10-21,2023,0,,,0
075180,00305668,새론오토모티브,KOSPI,자동차 신품 부품 제조업,2005-10-21,2024,0,,,0
083420,00454946,그린케미칼,KOSPI,기타 화학제품 제조업,2005-10-20,2018,0,,,0
083420,00454946,그린케미칼,KOSPI,기타 화학제품 제조업,2005-10-20,2019,0,,,0
083420,00454946,그린케미칼,KOSPI,기타 화학제품 제조업,2005-10-20,2020,0,,,0
083420,00454946,그린케미칼,KOSPI,기타 화학제품 제조업,2005-10-20,2021,0,,,0
083420,00454946,그린케미칼,KOSPI,기타 화학제품 제조업,2005-10-20,2022,0,,,0
083420,00454946,그린케미칼,KOSPI,기타 화학제품 제조업,2005-10-20,2023,0,,,0
083420,00454946,그린케미칼,KOSPI,기타 화학제품 제조업,2005-10-20,2024,0,,,0
071950,00210856,코아스,KOSPI,가구 제조업,2005-08-04,2018,0,,,0
071950,00210856,코아스,KOSPI,가구 제조업,2005-08-04,2019,0,,,0
071950,00210856,코아스,KOSPI,가구 제조업,2005-08-04,2020,0,,,0
071950,00210856,코아스,KOSPI,가구 제조업,2005-08-04,2021,1,20210318,20210318,1
071950,00210856,코아스,KOSPI,가구 제조업,2005-08-04,2022,0,,,0
071950,00210856,코아스,KOSPI,가구 제조업,2005-08-04,2023,0,,,0
071950,00210856,코아스,KOSPI,가구 제조업,2005-08-04,2024,0,,,0
084680,00540605,이월드,KOSPI,귀금속 및 장신용품 제조업,2005-07-26,2018,0,,,0
084680,00540605,이월드,KOSPI,귀금속 및 장신용품 제조업,2005-07-26,2019,0,,,0
084680,00540605,이월드,KOSPI,귀금속 및 장신용품 제조업,2005-07-26,2020,0,,,0
084680,00540605,이월드,KOSPI,귀금속 및 장신용품 제조업,2005-07-26,2021,0,,,0
084680,00540605,이월드,KOSPI,귀금속 및 장신용품 제조업,2005-07-26,2022,0,,,0
084680,00540605,이월드,KOSPI,귀금속 및 장신용품 제조업,2005-07-26,2023,0,,,0
084680,00540605,이월드,KOSPI,귀금속 및 장신용품 제조업,2005-07-26,2024,0,,,0
084670,00540641,동양고속,KOSPI,육상 여객 운송업,2005-07-25,2018,0,,,0
084670,00540641,동양고속,KOSPI,육상 여객 운송업,2005-07-25,2019,0,,,0
084670,00540641,동양고속,KOSPI,육상 여객 운송업,2005-07-25,2020,0,,,0
084670,00540641,동양고속,KOSPI,육상 여객 운송업,2005-07-25,2021,0,,,0
084670,00540641,동양고속,KOSPI,육상 여객 운송업,2005-07-25,2022,1,20221013,20221013,1
084670,00540641,동양고속,KOSPI,육상 여객 운송업,2005-07-25,2023,0,,,0
084670,00540641,동양고속,KOSPI,육상 여객 운송업,2005-07-25,2024,0,,,0
042700,00161383,한미반도체,KOSPI,특수 목적용 기계 제조업,2005-07-22,2018,0,,,0
042700,00161383,한미반도체,KOSPI,특수 목적용 기계 제조업,2005-07-22,2019,0,,,0
042700,00161383,한미반도체,KOSPI,특수 목적용 기계 제조업,2005-07-22,2020,0,,,0
042700,00161383,한미반도체,KOSPI,특수 목적용 기계 제조업,2005-07-22,2021,0,,,0
042700,00161383,한미반도체,KOSPI,특수 목적용 기계 제조업,2005-07-22,2022,1,20220415,20220415,1
042700,00161383,한미반도체,KOSPI,특수 목적용 기계 제조업,2005-07-22,2023,0,,,0
042700,00161383,한미반도체,KOSPI,특수 목적용 기계 제조업,2005-07-22,2024,0,,,0
004890,00172936,동일산업,KOSPI,1차 철강 제조업,2005-06-30,2018,0,,,0
004890,00172936,동일산업,KOSPI,1차 철강 제조업,2005-06-30,2019,0,,,0
004890,00172936,동일산업,KOSPI,1차 철강 제조업,2005-06-30,2020,0,,,0
004890,00172936,동일산업,KOSPI,1차 철강 제조업,2005-06-30,2021,1,20210323,20210323,1
004890,00172936,동일산업,KOSPI,1차 철강 제조업,2005-06-30,2022,1,20220325,20220325,1
004890,00172936,동일산업,KOSPI,1차 철강 제조업,2005-06-30,2023,1,20230324,20230324,1
004890,00172936,동일산업,KOSPI,1차 철강 제조업,2005-06-30,2024,1,20240322,20240322,1
010960,00128980,삼호개발,KOSPI,기반조성 및 시설물 축조관련 전문공사업,2005-05-12,2018,0,,,0
010960,00128980,삼호개발,KOSPI,기반조성 및 시설물 축조관련 전문공사업,2005-05-12,2019,0,,,0
010960,00128980,삼호개발,KOSPI,기반조성 및 시설물 축조관련 전문공사업,2005-05-12,2020,0,,,0
010960,00128980,삼호개발,KOSPI,기반조성 및 시설물 축조관련 전문공사업,2005-05-12,2021,0,,,0
010960,00128980,삼호개발,KOSPI,기반조성 및 시설물 축조관련 전문공사업,2005-05-12,2022,0,,,0
010960,00128980,삼호개발,KOSPI,기반조성 및 시설물 축조관련 전문공사업,2005-05-12,2023,0,,,0
010960,00128980,삼호개발,KOSPI,기반조성 및 시설물 축조관련 전문공사업,2005-05-12,2024,1,20240321,20240321,1
073240,00481454,금호타이어,KOSPI,고무제품 제조업,2005-02-17,2018,1,20180515,20180515,1
073240,00481454,금호타이어,KOSPI,고무제품 제조업,2005-02-17,2019,1,20190627,20190627,1
073240,00481454,금호타이어,KOSPI,고무제품 제조업,2005-02-17,2020,3,20200429,20200506,1
073240,00481454,금호타이어,KOSPI,고무제품 제조업,2005-02-17,2021,3,20210323,20210330,1
073240,00481454,금호타이어,KOSPI,고무제품 제조업,2005-02-17,2022,1,20220330,20220330,1
073240,00481454,금호타이어,KOSPI,고무제품 제조업,2005-02-17,2023,0,,,0
073240,00481454,금호타이어,KOSPI,고무제품 제조업,2005-02-17,2024,1,20240326,20240326,1
079160,00303873,CJ CGV,KOSPI,"영화, 비디오물, 방송프로그램 제작 및 배급업",2004-12-24,2018,0,,,0
079160,00303873,CJ CGV,KOSPI,"영화, 비디오물, 방송프로그램 제작 및 배급업",2004-12-24,2019,1,20190702,20190702,1
079160,00303873,CJ CGV,KOSPI,"영화, 비디오물, 방송프로그램 제작 및 배급업",2004-12-24,2020,0,,,0
079160,00303873,CJ CGV,KOSPI,"영화, 비디오물, 방송프로그램 제작 및 배급업",2004-12-24,2021,0,,,0
079160,00303873,CJ CGV,KOSPI,"영화, 비디오물, 방송프로그램 제작 및 배급업",2004-12-24,2022,0,,,0
079160,00303873,CJ CGV,KOSPI,"영화, 비디오물, 방송프로그램 제작 및 배급업",2004-12-24,2023,0,,,0
079160,00303873,CJ CGV,KOSPI,"영화, 비디오물, 방송프로그램 제작 및 배급업",2004-12-24,2024,0,,,0
081000,00508274,일진다이아,KOSPI,기타 화학제품 제조업,2004-12-22,2018,0,,,0
081000,00508274,일진다이아,KOSPI,기타 화학제품 제조업,2004-12-22,2019,0,,,0
081000,00508274,일진다이아,KOSPI,기타 화학제품 제조업,2004-12-22,2020,0,,,0
081000,00508274,일진다이아,KOSPI,기타 화학제품 제조업,2004-12-22,2021,0,,,0
081000,00508274,일진다이아,KOSPI,기타 화학제품 제조업,2004-12-22,2022,0,,,0
081000,00508274,일진다이아,KOSPI,기타 화학제품 제조업,2004-12-22,2023,0,,,0
081000,00508274,일진다이아,KOSPI,기타 화학제품 제조업,2004-12-22,2024,0,,,0
014830,00159786,유니드,KOSPI,기초 화학물질 제조업,2004-12-03,2018,0,,,0
014830,00159786,유니드,KOSPI,기초 화학물질 제조업,2004-12-03,2019,0,,,0
014830,00159786,유니드,KOSPI,기초 화학물질 제조업,2004-12-03,2020,0,,,0
014830,00159786,유니드,KOSPI,기초 화학물질 제조업,2004-12-03,2021,0,,,0
014830,00159786,유니드,KOSPI,기초 화학물질 제조업,2004-12-03,2022,0,,,0
014830,00159786,유니드,KOSPI,기초 화학물질 제조업,2004-12-03,2023,0,,,0
014830,00159786,유니드,KOSPI,기초 화학물질 제조업,2004-12-03,2024,0,,,0
041650,00129642,상신브레이크,KOSPI,자동차 신품 부품 제조업,2004-10-27,2018,0,,,0
041650,00129642,상신브레이크,KOSPI,자동차 신품 부품 제조업,2004-10-27,2019,0,,,0
041650,00129642,상신브레이크,KOSPI,자동차 신품 부품 제조업,2004-10-27,2020,0,,,0
041650,00129642,상신브레이크,KOSPI,자동차 신품 부품 제조업,2004-10-27,2021,0,,,0
041650,00129642,상신브레이크,KOSPI,자동차 신품 부품 제조업,2004-10-27,2022,1,20220318,20220318,1
041650,00129642,상신브레이크,KOSPI,자동차 신품 부품 제조업,2004-10-27,2023,0,,,0
041650,00129642,상신브레이크,KOSPI,자동차 신품 부품 제조업,2004-10-27,2024,0,,,0
023810,00180795,인팩,KOSPI,자동차 신품 부품 제조업,2004-09-21,2018,0,,,0
023810,00180795,인팩,KOSPI,자동차 신품 부품 제조업,2004-09-21,2019,0,,,0
023810,00180795,인팩,KOSPI,자동차 신품 부품 제조업,2004-09-21,2020,0,,,0
023810,00180795,인팩,KOSPI,자동차 신품 부품 제조업,2004-09-21,2021,0,,,0
023810,00180795,인팩,KOSPI,자동차 신품 부품 제조업,2004-09-21,2022,0,,,0
023810,00180795,인팩,KOSPI,자동차 신품 부품 제조업,2004-09-21,2023,0,,,0
023810,00180795,인팩,KOSPI,자동차 신품 부품 제조업,2004-09-21,2024,0,,,0
077500,00414601,유니퀘스트,KOSPI,기계장비 및 관련 물품 도매업,2004-08-05,2018,0,,,0
077500,00414601,유니퀘스트,KOSPI,기계장비 및 관련 물품 도매업,2004-08-05,2019,7,20190320,20190321,1
077500,00414601,유니퀘스트,KOSPI,기계장비 및 관련 물품 도매업,2004-08-05,2020,0,,,0
077500,00414601,유니퀘스트,KOSPI,기계장비 및 관련 물품 도매업,2004-08-05,2021,0,,,0
077500,00414601,유니퀘스트,KOSPI,기계장비 및 관련 물품 도매업,2004-08-05,2022,0,,,0
077500,00414601,유니퀘스트,KOSPI,기계장비 및 관련 물품 도매업,2004-08-05,2023,0,,,0
077500,00414601,유니퀘스트,KOSPI,기계장비 및 관련 물품 도매업,2004-08-05,2024,0,,,0
058730,00353878,다스코,KOSPI,"구조용 금속제품, 탱크 및 증기발생기 제조업",2004-08-02,2018,0,,,0
058730,00353878,다스코,KOSPI,"구조용 금속제품, 탱크 및 증기발생기 제조업",2004-08-02,2019,0,,,0
058730,00353878,다스코,KOSPI,"구조용 금속제품, 탱크 및 증기발생기 제조업",2004-08-02,2020,2,20200317,20200317,1
058730,00353878,다스코,KOSPI,"구조용 금속제품, 탱크 및 증기발생기 제조업",2004-08-02,2021,0,,,0
058730,00353878,다스코,KOSPI,"구조용 금속제품, 탱크 및 증기발생기 제조업",2004-08-02,2022,1,20220405,20220405,1
058730,00353878,다스코,KOSPI,"구조용 금속제품, 탱크 및 증기발생기 제조업",2004-08-02,2023,0,,,0
058730,00353878,다스코,KOSPI,"구조용 금속제품, 탱크 및 증기발생기 제조업",2004-08-02,2024,0,,,0
034220,00105873,LG디스플레이,KOSPI,전자부품 제조업,2004-07-23,2018,0,,,0
034220,00105873,LG디스플레이,KOSPI,전자부품 제조업,2004-07-23,2019,0,,,0
034220,00105873,LG디스플레이,KOSPI,전자부품 제조업,2004-07-23,2020,0,,,0
034220,00105873,LG디스플레이,KOSPI,전자부품 제조업,2004-07-23,2021,0,,,0
034220,00105873,LG디스플레이,KOSPI,전자부품 제조업,2004-07-23,2022,0,,,0
034220,00105873,LG디스플레이,KOSPI,전자부품 제조업,2004-07-23,2023,0,,,0
034220,00105873,LG디스플레이,KOSPI,전자부품 제조업,2004-07-23,2024,0,,,0
078000,00361488,텔코웨어,KOSPI,"자료처리, 호스팅, 포털 및 기타 인터넷 정보매개 서비스업",2004-07-20,2018,0,,,0
078000,00361488,텔코웨어,KOSPI,"자료처리, 호스팅, 포털 및 기타 인터넷 정보매개 서비스업",2004-07-20,2019,0,,,0
078000,00361488,텔코웨어,KOSPI,"자료처리, 호스팅, 포털 및 기타 인터넷 정보매개 서비스업",2004-07-20,2020,0,,,0
078000,00361488,텔코웨어,KOSPI,"자료처리, 호스팅, 포털 및 기타 인터넷 정보매개 서비스업",2004-07-20,2021,0,,,0
078000,00361488,텔코웨어,KOSPI,"자료처리, 호스팅, 포털 및 기타 인터넷 정보매개 서비스업",2004-07-20,2022,0,,,0
078000,00361488,텔코웨어,KOSPI,"자료처리, 호스팅, 포털 및 기타 인터넷 정보매개 서비스업",2004-07-20,2023,0,,,0
078000,00361488,텔코웨어,KOSPI,"자료처리, 호스팅, 포털 및 기타 인터넷 정보매개 서비스업",2004-07-20,2024,0,,,0
077970,00480455,STX엔진,KOSPI,일반 목적용 기계 제조업,2004-05-10,2018,0,,,0
077970,00480455,STX엔진,KOSPI,일반 목적용 기계 제조업,2004-05-10,2019,1,20190708,20190708,1
077970,00480455,STX엔진,KOSPI,일반 목적용 기계 제조업,2004-05-10,2020,0,,,0
077970,00480455,STX엔진,KOSPI,일반 목적용 기계 제조업,2004-05-10,2021,0,,,0
077970,00480455,STX엔진,KOSPI,일반 목적용 기계 제조업,2004-05-10,2022,0,,,0
077970,00480455,STX엔진,KOSPI,일반 목적용 기계 제조업,2004-05-10,2023,0,,,0
077970,00480455,STX엔진,KOSPI,일반 목적용 기계 제조업,2004-05-10,2024,0,,,0
019680,00108913,대교,KOSPI,초등 교육기관,2004-02-03,2018,0,,,0
019680,00108913,대교,KOSPI,초등 교육기관,2004-02-03,2019,0,,,0
019680,00108913,대교,KOSPI,초등 교육기관,2004-02-03,2020,0,,,0
019680,00108913,대교,KOSPI,초등 교육기관,2004-02-03,2021,0,,,0
019680,00108913,대교,KOSPI,초등 교육기관,2004-02-03,2022,1,20220725,20220725,1
019680,00108913,대교,KOSPI,초등 교육기관,2004-02-03,2023,1,20230713,20230713,1
019680,00108913,대교,KOSPI,초등 교육기관,2004-02-03,2024,0,,,0
074610,00469799,이엔플러스,KOSPI,일반 목적용 기계 제조업,2003-12-23,2018,0,,,0
074610,00469799,이엔플러스,KOSPI,일반 목적용 기계 제조업,2003-12-23,2019,0,,,0
074610,00469799,이엔플러스,KOSPI,일반 목적용 기계 제조업,2003-12-23,2020,0,,,0
074610,00469799,이엔플러스,KOSPI,일반 목적용 기계 제조업,2003-12-23,2021,1,20210331,20210331,1
074610,00469799,이엔플러스,KOSPI,일반 목적용 기계 제조업,2003-12-23,2022,2,20220323,20220331,1
074610,00469799,이엔플러스,KOSPI,일반 목적용 기계 제조업,2003-12-23,2023,0,,,0
074610,00469799,이엔플러스,KOSPI,일반 목적용 기계 제조업,2003-12-23,2024,0,,,0
025750,00203582,한솔홈데코,KOSPI,제재 및 목재 가공업,2003-11-04,2018,0,,,0
025750,00203582,한솔홈데코,KOSPI,제재 및 목재 가공업,2003-11-04,2019,1,20190401,20190401,1
025750,00203582,한솔홈데코,KOSPI,제재 및 목재 가공업,2003-11-04,2020,0,,,0
025750,00203582,한솔홈데코,KOSPI,제재 및 목재 가공업,2003-11-04,2021,1,20210331,20210331,1
025750,00203582,한솔홈데코,KOSPI,제재 및 목재 가공업,2003-11-04,2022,0,,,0
025750,00203582,한솔홈데코,KOSPI,제재 및 목재 가공업,2003-11-04,2023,0,,,0
025750,00203582,한솔홈데코,KOSPI,제재 및 목재 가공업,2003-11-04,2024,1,20240329,20240329,1
007660,00107613,이수페타시스,KOSPI,전자부품 제조업,2003-10-07,2018,0,,,0
007660,00107613,이수페타시스,KOSPI,전자부품 제조업,2003-10-07,2019,0,,,0
007660,00107613,이수페타시스,KOSPI,전자부품 제조업,2003-10-07,2020,0,,,0
007660,00107613,이수페타시스,KOSPI,전자부품 제조업,2003-10-07,2021,1,20210405,20210405,1
007660,00107613,이수페타시스,KOSPI,전자부품 제조업,2003-10-07,2022,0,,,0
007660,00107613,이수페타시스,KOSPI,전자부품 제조업,2003-10-07,2023,0,,,0
007660,00107613,이수페타시스,KOSPI,전자부품 제조업,2003-10-07,2024,0,,,0
035250,00255619,강원랜드,KOSPI,유원지 및 기타 오락관련 서비스업,2003-09-04,2018,0,,,0
035250,00255619,강원랜드,KOSPI,유원지 및 기타 오락관련 서비스업,2003-09-04,2019,0,,,0
035250,00255619,강원랜드,KOSPI,유원지 및 기타 오락관련 서비스업,2003-09-04,2020,0,,,0
035250,00255619,강원랜드,KOSPI,유원지 및 기타 오락관련 서비스업,2003-09-04,2021,1,20210323,20210323,1
035250,00255619,강원랜드,KOSPI,유원지 및 기타 오락관련 서비스업,2003-09-04,2022,0,,,0
035250,00255619,강원랜드,KOSPI,유원지 및 기타 오락관련 서비스업,2003-09-04,2023,0,,,0
035250,00255619,강원랜드,KOSPI,유원지 및 기타 오락관련 서비스업,2003-09-04,2024,0,,,0
037270,00249247,YG PLUS,KOSPI,"자료처리, 호스팅, 포털 및 기타 인터넷 정보매개 서비스업",2003-08-01,2018,1,20180614,20180614,1
037270,00249247,YG PLUS,KOSPI,"자료처리, 호스팅, 포털 및 기타 인터넷 정보매개 서비스업",2003-08-01,2019,0,,,0
037270,00249247,YG PLUS,KOSPI,"자료처리, 호스팅, 포털 및 기타 인터넷 정보매개 서비스업",2003-08-01,2020,0,,,0
037270,00249247,YG PLUS,KOSPI,"자료처리, 호스팅, 포털 및 기타 인터넷 정보매개 서비스업",2003-08-01,2021,0,,,0
037270,00249247,YG PLUS,KOSPI,"자료처리, 호스팅, 포털 및 기타 인터넷 정보매개 서비스업",2003-08-01,2022,0,,,0
037270,00249247,YG PLUS,KOSPI,"자료처리, 호스팅, 포털 및 기타 인터넷 정보매개 서비스업",2003-08-01,2023,0,,,0
037270,00249247,YG PLUS,KOSPI,"자료처리, 호스팅, 포털 및 기타 인터넷 정보매개 서비스업",2003-08-01,2024,0,,,0
072130,00416654,유엔젤,KOSPI,"자료처리, 호스팅, 포털 및 기타 인터넷 정보매개 서비스업",2003-07-01,2018,0,,,0
072130,00416654,유엔젤,KOSPI,"자료처리, 호스팅, 포털 및 기타 인터넷 정보매개 서비스업",2003-07-01,2019,0,,,0
072130,00416654,유엔젤,KOSPI,"자료처리, 호스팅, 포털 및 기타 인터넷 정보매개 서비스업",2003-07-01,2020,0,,,0
072130,00416654,유엔젤,KOSPI,"자료처리, 호스팅, 포털 및 기타 인터넷 정보매개 서비스업",2003-07-01,2021,1,20210504,20210504,1
072130,00416654,유엔젤,KOSPI,"자료처리, 호스팅, 포털 및 기타 인터넷 정보매개 서비스업",2003-07-01,2022,1,20221007,20221007,1
072130,00416654,유엔젤,KOSPI,"자료처리, 호스팅, 포털 및 기타 인터넷 정보매개 서비스업",2003-07-01,2023,0,,,0
072130,00416654,유엔젤,KOSPI,"자료처리, 호스팅, 포털 및 기타 인터넷 정보매개 서비스업",2003-07-01,2024,0,,,0
034120,00130772,SBS,KOSPI,텔레비전 방송업,2003-06-25,2018,0,,,0
034120,00130772,SBS,KOSPI,텔레비전 방송업,2003-06-25,2019,0,,,0
034120,00130772,SBS,KOSPI,텔레비전 방송업,2003-06-25,2020,0,,,0
034120,00130772,SBS,KOSPI,텔레비전 방송업,2003-06-25,2021,0,,,0
034120,00130772,SBS,KOSPI,텔레비전 방송업,2003-06-25,2022,0,,,0
034120,00130772,SBS,KOSPI,텔레비전 방송업,2003-06-25,2023,0,,,0
034120,00130772,SBS,KOSPI,텔레비전 방송업,2003-06-25,2024,0,,,0
036570,00261443,NC,KOSPI,소프트웨어 개발 및 공급업,2003-05-22,2018,1,20180402,20180402,1
036570,00261443,NC,KOSPI,소프트웨어 개발 및 공급업,2003-05-22,2019,1,20190603,20190603,1
036570,00261443,NC,KOSPI,소프트웨어 개발 및 공급업,2003-05-22,2020,1,20200401,20200401,1
036570,00261443,NC,KOSPI,소프트웨어 개발 및 공급업,2003-05-22,2021,0,,,0
036570,00261443,NC,KOSPI,소프트웨어 개발 및 공급업,2003-05-22,2022,0,,,0
036570,00261443,NC,KOSPI,소프트웨어 개발 및 공급업,2003-05-22,2023,0,,,0
036570,00261443,NC,KOSPI,소프트웨어 개발 및 공급업,2003-05-22,2024,1,20240322,20240322,1
071090,00435312,하이스틸,KOSPI,1차 철강 제조업,2003-02-17,2018,0,,,0
071090,00435312,하이스틸,KOSPI,1차 철강 제조업,2003-02-17,2019,0,,,0
071090,00435312,하이스틸,KOSPI,1차 철강 제조업,2003-02-17,2020,0,,,0
071090,00435312,하이스틸,KOSPI,1차 철강 제조업,2003-02-17,2021,0,,,0
071090,00435312,하이스틸,KOSPI,1차 철강 제조업,2003-02-17,2022,0,,,0
071090,00435312,하이스틸,KOSPI,1차 철강 제조업,2003-02-17,2023,0,,,0
071090,00435312,하이스틸,KOSPI,1차 철강 제조업,2003-02-17,2024,0,,,0
069730,00151298,DSR제강,KOSPI,1차 철강 제조업,2003-01-28,2018,0,,,0
069730,00151298,DSR제강,KOSPI,1차 철강 제조업,2003-01-28,2019,0,,,0
069730,00151298,DSR제강,KOSPI,1차 철강 제조업,2003-01-28,2020,0,,,0
069730,00151298,DSR제강,KOSPI,1차 철강 제조업,2003-01-28,2021,0,,,0
069730,00151298,DSR제강,KOSPI,1차 철강 제조업,2003-01-28,2022,0,,,0
069730,00151298,DSR제강,KOSPI,1차 철강 제조업,2003-01-28,2023,0,,,0
069730,00151298,DSR제강,KOSPI,1차 철강 제조업,2003-01-28,2024,0,,,0
006890,00109161,태경케미컬,KOSPI,기초 화학물질 제조업,2003-01-28,2018,0,,,0
006890,00109161,태경케미컬,KOSPI,기초 화학물질 제조업,2003-01-28,2019,0,,,0
006890,00109161,태경케미컬,KOSPI,기초 화학물질 제조업,2003-01-28,2020,0,,,0
006890,00109161,태경케미컬,KOSPI,기초 화학물질 제조업,2003-01-28,2021,0,,,0
006890,00109161,태경케미컬,KOSPI,기초 화학물질 제조업,2003-01-28,2022,1,20220816,20220816,1
006890,00109161,태경케미컬,KOSPI,기초 화학물질 제조업,2003-01-28,2023,0,,,0
006890,00109161,태경케미컬,KOSPI,기초 화학물질 제조업,2003-01-28,2024,0,,,0
011500,00160861,한농화성,KOSPI,기타 화학제품 제조업,2003-01-09,2018,0,,,0
011500,00160861,한농화성,KOSPI,기타 화학제품 제조업,2003-01-09,2019,0,,,0
011500,00160861,한농화성,KOSPI,기타 화학제품 제조업,2003-01-09,2020,0,,,0
011500,00160861,한농화성,KOSPI,기타 화학제품 제조업,2003-01-09,2021,0,,,0
011500,00160861,한농화성,KOSPI,기타 화학제품 제조업,2003-01-09,2022,0,,,0
011500,00160861,한농화성,KOSPI,기타 화학제품 제조업,2003-01-09,2023,0,,,0
011500,00160861,한농화성,KOSPI,기타 화학제품 제조업,2003-01-09,2024,0,,,0
069960,00428251,현대백화점,KOSPI,종합 소매업,2002-11-25,2018,0,,,0
069960,00428251,현대백화점,KOSPI,종합 소매업,2002-11-25,2019,0,,,0
069960,00428251,현대백화점,KOSPI,종합 소매업,2002-11-25,2020,0,,,0
069960,00428251,현대백화점,KOSPI,종합 소매업,2002-11-25,2021,0,,,0
069960,00428251,현대백화점,KOSPI,종합 소매업,2002-11-25,2022,0,,,0
069960,00428251,현대백화점,KOSPI,종합 소매업,2002-11-25,2023,0,,,0
069960,00428251,현대백화점,KOSPI,종합 소매업,2002-11-25,2024,0,,,0
069460,00428729,대호에이엘,KOSPI,1차 비철금속 제조업,2002-11-11,2018,0,,,0
069460,00428729,대호에이엘,KOSPI,1차 비철금속 제조업,2002-11-11,2019,1,20190401,20190401,1
069460,00428729,대호에이엘,KOSPI,1차 비철금속 제조업,2002-11-11,2020,0,,,0
069460,00428729,대호에이엘,KOSPI,1차 비철금속 제조업,2002-11-11,2021,0,,,0
069460,00428729,대호에이엘,KOSPI,1차 비철금속 제조업,2002-11-11,2022,0,,,0
069460,00428729,대호에이엘,KOSPI,1차 비철금속 제조업,2002-11-11,2023,1,20230711,20230711,1
069460,00428729,대호에이엘,KOSPI,1차 비철금속 제조업,2002-11-11,2024,1,20240312,20240312,1
069620,00427483,대웅제약,KOSPI,의약품 제조업,2002-11-01,2018,0,,,0
069620,00427483,대웅제약,KOSPI,의약품 제조업,2002-11-01,2019,0,,,0
069620,00427483,대웅제약,KOSPI,의약품 제조업,2002-11-01,2020,0,,,0
069620,00427483,대웅제약,KOSPI,의약품 제조업,2002-11-01,2021,1,20210817,20210817,1
069620,00427483,대웅제약,KOSPI,의약품 제조업,2002-11-01,2022,0,,,0
069620,00427483,대웅제약,KOSPI,의약품 제조업,2002-11-01,2023,0,,,0
069620,00427483,대웅제약,KOSPI,의약품 제조업,2002-11-01,2024,0,,,0
027740,00204208,마니커,KOSPI,"도축, 육류 가공 및 저장 처리업",2002-10-29,2018,0,,,0
027740,00204208,마니커,KOSPI,"도축, 육류 가공 및 저장 처리업",2002-10-29,2019,0,,,0
027740,00204208,마니커,KOSPI,"도축, 육류 가공 및 저장 처리업",2002-10-29,2020,0,,,0
027740,00204208,마니커,KOSPI,"도축, 육류 가공 및 저장 처리업",2002-10-29,2021,1,20210419,20210419,1
027740,00204208,마니커,KOSPI,"도축, 육류 가공 및 저장 처리업",2002-10-29,2022,0,,,0
027740,00204208,마니커,KOSPI,"도축, 육류 가공 및 저장 처리업",2002-10-29,2023,0,,,0
027740,00204208,마니커,KOSPI,"도축, 육류 가공 및 저장 처리업",2002-10-29,2024,0,,,0
069260,00426086,티케이지휴켐스,KOSPI,기타 화학제품 제조업,2002-10-07,2018,0,,,0
069260,00426086,티케이지휴켐스,KOSPI,기타 화학제품 제조업,2002-10-07,2019,0,,,0
069260,00426086,티케이지휴켐스,KOSPI,기타 화학제품 제조업,2002-10-07,2020,0,,,0
069260,00426086,티케이지휴켐스,KOSPI,기타 화학제품 제조업,2002-10-07,2021,0,,,0
069260,00426086,티케이지휴켐스,KOSPI,기타 화학제품 제조업,2002-10-07,2022,0,,,0
069260,00426086,티케이지휴켐스,KOSPI,기타 화학제품 제조업,2002-10-07,2023,0,,,0
069260,00426086,티케이지휴켐스,KOSPI,기타 화학제품 제조업,2002-10-07,2024,0,,,0
033530,00134510,SJG세종,KOSPI,자동차 신품 부품 제조업,2002-09-25,2018,0,,,0
033530,00134510,SJG세종,KOSPI,자동차 신품 부품 제조업,2002-09-25,2019,0,,,0
033530,00134510,SJG세종,KOSPI,자동차 신품 부품 제조업,2002-09-25,2020,0,,,0
033530,00134510,SJG세종,KOSPI,자동차 신품 부품 제조업,2002-09-25,2021,0,,,0
033530,00134510,SJG세종,KOSPI,자동차 신품 부품 제조업,2002-09-25,2022,0,,,0
033530,00134510,SJG세종,KOSPI,자동차 신품 부품 제조업,2002-09-25,2023,2,20230320,20230726,1
033530,00134510,SJG세종,KOSPI,자동차 신품 부품 제조업,2002-09-25,2024,0,,,0
058430,00155258,포스코스틸리온,KOSPI,1차 철강 제조업,2002-08-16,2018,1,20180622,20180622,1
058430,00155258,포스코스틸리온,KOSPI,1차 철강 제조업,2002-08-16,2019,0,,,0
058430,00155258,포스코스틸리온,KOSPI,1차 철강 제조업,2002-08-16,2020,0,,,0
058430,00155258,포스코스틸리온,KOSPI,1차 철강 제조업,2002-08-16,2021,0,,,0
058430,00155258,포스코스틸리온,KOSPI,1차 철강 제조업,2002-08-16,2022,0,,,0
058430,00155258,포스코스틸리온,KOSPI,1차 철강 제조업,2002-08-16,2023,0,,,0
058430,00155258,포스코스틸리온,KOSPI,1차 철강 제조업,2002-08-16,2024,0,,,0
068290,00423690,삼성출판사,KOSPI,"서적, 잡지 및 기타 인쇄물 출판업",2002-08-05,2018,0,,,0
068290,00423690,삼성출판사,KOSPI,"서적, 잡지 및 기타 인쇄물 출판업",2002-08-05,2019,0,,,0
068290,00423690,삼성출판사,KOSPI,"서적, 잡지 및 기타 인쇄물 출판업",2002-08-05,2020,0,,,0
068290,00423690,삼성출판사,KOSPI,"서적, 잡지 및 기타 인쇄물 출판업",2002-08-05,2021,0,,,0
068290,00423690,삼성출판사,KOSPI,"서적, 잡지 및 기타 인쇄물 출판업",2002-08-05,2022,0,,,0
068290,00423690,삼성출판사,KOSPI,"서적, 잡지 및 기타 인쇄물 출판업",2002-08-05,2023,1,20230713,20230713,1
068290,00423690,삼성출판사,KOSPI,"서적, 잡지 및 기타 인쇄물 출판업",2002-08-05,2024,0,,,0
067830,00422895,세이브존I&C,KOSPI,종합 소매업,2002-07-25,2018,0,,,0
067830,00422895,세이브존I&C,KOSPI,종합 소매업,2002-07-25,2019,0,,,0
067830,00422895,세이브존I&C,KOSPI,종합 소매업,2002-07-25,2020,0,,,0
067830,00422895,세이브존I&C,KOSPI,종합 소매업,2002-07-25,2021,0,,,0
067830,00422895,세이브존I&C,KOSPI,종합 소매업,2002-07-25,2022,0,,,0
067830,00422895,세이브존I&C,KOSPI,종합 소매업,2002-07-25,2023,0,,,0
067830,00422895,세이브존I&C,KOSPI,종합 소매업,2002-07-25,2024,0,,,0
009240,00161693,한샘,KOSPI,생활용품 도매업,2002-07-16,2018,1,20180629,20180629,1
009240,00161693,한샘,KOSPI,생활용품 도매업,2002-07-16,2019,0,,,0
009240,00161693,한샘,KOSPI,생활용품 도매업,2002-07-16,2020,0,,,0
009240,00161693,한샘,KOSPI,생활용품 도매업,2002-07-16,2021,1,20210319,20210319,1
009240,00161693,한샘,KOSPI,생활용품 도매업,2002-07-16,2022,2,20220331,20220816,1
009240,00161693,한샘,KOSPI,생활용품 도매업,2002-07-16,2023,0,,,0
009240,00161693,한샘,KOSPI,생활용품 도매업,2002-07-16,2024,1,20240328,20240328,1
017370,00142883,우신시스템,KOSPI,특수 목적용 기계 제조업,2002-05-28,2018,0,,,0
017370,00142883,우신시스템,KOSPI,특수 목적용 기계 제조업,2002-05-28,2019,0,,,0
017370,00142883,우신시스템,KOSPI,특수 목적용 기계 제조업,2002-05-28,2020,0,,,0
017370,00142883,우신시스템,KOSPI,특수 목적용 기계 제조업,2002-05-28,2021,0,,,0
017370,00142883,우신시스템,KOSPI,특수 목적용 기계 제조업,2002-05-28,2022,3,20220429,20220429,1
017370,00142883,우신시스템,KOSPI,특수 목적용 기계 제조업,2002-05-28,2023,1,20230331,20230331,1
017370,00142883,우신시스템,KOSPI,특수 목적용 기계 제조업,2002-05-28,2024,1,20240322,20240322,1
066570,00401731,LG전자,KOSPI,통신 및 방송 장비 제조업,2002-04-22,2018,0,,,0
066570,00401731,LG전자,KOSPI,통신 및 방송 장비 제조업,2002-04-22,2019,0,,,0
066570,00401731,LG전자,KOSPI,통신 및 방송 장비 제조업,2002-04-22,2020,0,,,0
066570,00401731,LG전자,KOSPI,통신 및 방송 장비 제조업,2002-04-22,2021,1,20210316,20210316,1
066570,00401731,LG전자,KOSPI,통신 및 방송 장비 제조업,2002-04-22,2022,1,20220316,20220316,1
066570,00401731,LG전자,KOSPI,통신 및 방송 장비 제조업,2002-04-22,2023,0,,,0
066570,00401731,LG전자,KOSPI,통신 및 방송 장비 제조업,2002-04-22,2024,0,,,0
064960,00398792,SNT모티브,KOSPI,자동차 신품 부품 제조업,2002-03-11,2018,0,,,0
064960,00398792,SNT모티브,KOSPI,자동차 신품 부품 제조업,2002-03-11,2019,0,,,0
064960,00398792,SNT모티브,KOSPI,자동차 신품 부품 제조업,2002-03-11,2020,0,,,0
064960,00398792,SNT모티브,KOSPI,자동차 신품 부품 제조업,2002-03-11,2021,0,,,0
064960,00398792,SNT모티브,KOSPI,자동차 신품 부품 제조업,2002-03-11,2022,0,,,0
064960,00398792,SNT모티브,KOSPI,자동차 신품 부품 제조업,2002-03-11,2023,0,,,0
064960,00398792,SNT모티브,KOSPI,자동차 신품 부품 제조업,2002-03-11,2024,0,,,0
037710,00220561,광주신세계,KOSPI,종합 소매업,2002-02-07,2018,0,,,0
037710,00220561,광주신세계,KOSPI,종합 소매업,2002-02-07,2019,0,,,0
037710,00220561,광주신세계,KOSPI,종합 소매업,2002-02-07,2020,0,,,0
037710,00220561,광주신세계,KOSPI,종합 소매업,2002-02-07,2021,0,,,0
037710,00220561,광주신세계,KOSPI,종합 소매업,2002-02-07,2022,1,20220816,20220816,1
037710,00220561,광주신세계,KOSPI,종합 소매업,2002-02-07,2023,0,,,0
037710,00220561,광주신세계,KOSPI,종합 소매업,2002-02-07,2024,0,,,0
020760,00198697,일진디스플,KOSPI,반도체 제조업,2002-01-09,2018,0,,,0
020760,00198697,일진디스플,KOSPI,반도체 제조업,2002-01-09,2019,1,20190814,20190814,1
020760,00198697,일진디스플,KOSPI,반도체 제조업,2002-01-09,2020,0,,,0
020760,00198697,일진디스플,KOSPI,반도체 제조업,2002-01-09,2021,0,,,0
020760,00198697,일진디스플,KOSPI,반도체 제조업,2002-01-09,2022,0,,,0
020760,00198697,일진디스플,KOSPI,반도체 제조업,2002-01-09,2023,2,20230327,20230714,1
020760,00198697,일진디스플,KOSPI,반도체 제조업,2002-01-09,2024,0,,,0
063160,00390055,종근당바이오,KOSPI,의약품 제조업,2001-12-11,2018,0,,,0
063160,00390055,종근당바이오,KOSPI,의약품 제조업,2001-12-11,2019,1,20190703,20190703,1
063160,00390055,종근당바이오,KOSPI,의약품 제조업,2001-12-11,2020,1,20200814,20200814,1
063160,00390055,종근당바이오,KOSPI,의약품 제조업,2001-12-11,2021,0,,,0
063160,00390055,종근당바이오,KOSPI,의약품 제조업,2001-12-11,2022,0,,,0
063160,00390055,종근당바이오,KOSPI,의약품 제조업,2001-12-11,2023,0,,,0
063160,00390055,종근당바이오,KOSPI,의약품 제조업,2001-12-11,2024,0,,,0
021240,00170558,코웨이,KOSPI,그외 기타 개인 서비스업,2001-08-07,2018,0,,,0
021240,00170558,코웨이,KOSPI,그외 기타 개인 서비스업,2001-08-07,2019,1,20190814,20190814,1
021240,00170558,코웨이,KOSPI,그외 기타 개인 서비스업,2001-08-07,2020,0,,,0
021240,00170558,코웨이,KOSPI,그외 기타 개인 서비스업,2001-08-07,2021,0,,,0
021240,00170558,코웨이,KOSPI,그외 기타 개인 서비스업,2001-08-07,2022,1,20220816,20220816,1
021240,00170558,코웨이,KOSPI,그외 기타 개인 서비스업,2001-08-07,2023,0,,,0
021240,00170558,코웨이,KOSPI,그외 기타 개인 서비스업,2001-08-07,2024,1,20240329,20240329,1
058650,00377610,세아홀딩스,KOSPI,1차 철강 제조업,2001-07-30,2018,0,,,0
058650,00377610,세아홀딩스,KOSPI,1차 철강 제조업,2001-07-30,2019,0,,,0
058650,00377610,세아홀딩스,KOSPI,1차 철강 제조업,2001-07-30,2020,0,,,0
058650,00377610,세아홀딩스,KOSPI,1차 철강 제조업,2001-07-30,2021,0,,,0
058650,00377610,세아홀딩스,KOSPI,1차 철강 제조업,2001-07-30,2022,1,20220802,20220802,1
058650,00377610,세아홀딩스,KOSPI,1차 철강 제조업,2001-07-30,2023,0,,,0
058650,00377610,세아홀딩스,KOSPI,1차 철강 제조업,2001-07-30,2024,2,20240314,20240318,1
051900,00356370,LG생활건강,KOSPI,기타 화학제품 제조업,2001-04-25,2018,0,,,0
051900,00356370,LG생활건강,KOSPI,기타 화학제품 제조업,2001-04-25,2019,0,,,0
051900,00356370,LG생활건강,KOSPI,기타 화학제품 제조업,2001-04-25,2020,0,,,0
051900,00356370,LG생활건강,KOSPI,기타 화학제품 제조업,2001-04-25,2021,0,,,0
051900,00356370,LG생활건강,KOSPI,기타 화학제품 제조업,2001-04-25,2022,1,20220516,20220516,1
051900,00356370,LG생활건강,KOSPI,기타 화학제품 제조업,2001-04-25,2023,0,,,0
051900,00356370,LG생활건강,KOSPI,기타 화학제품 제조업,2001-04-25,2024,0,,,0
051910,00356361,LG화학,KOSPI,기초 화학물질 제조업,2001-04-25,2018,0,,,0
051910,00356361,LG화학,KOSPI,기초 화학물질 제조업,2001-04-25,2019,0,,,0
051910,00356361,LG화학,KOSPI,기초 화학물질 제조업,2001-04-25,2020,1,20200330,20200330,1
051910,00356361,LG화학,KOSPI,기초 화학물질 제조업,2001-04-25,2021,0,,,0
051910,00356361,LG화학,KOSPI,기초 화학물질 제조업,2001-04-25,2022,0,,,0
051910,00356361,LG화학,KOSPI,기초 화학물질 제조업,2001-04-25,2023,1,20230324,20230324,1
051910,00356361,LG화학,KOSPI,기초 화학물질 제조업,2001-04-25,2024,0,,,0
047040,00124540,대우건설,KOSPI,건물 건설업,2001-03-23,2018,0,,,0
047040,00124540,대우건설,KOSPI,건물 건설업,2001-03-23,2019,0,,,0
047040,00124540,대우건설,KOSPI,건물 건설업,2001-03-23,2020,3,20200925,20200928,1
047040,00124540,대우건설,KOSPI,건물 건설업,2001-03-23,2021,2,20210120,20210319,1
047040,00124540,대우건설,KOSPI,건물 건설업,2001-03-23,2022,0,,,0
047040,00124540,대우건설,KOSPI,건물 건설업,2001-03-23,2023,0,,,0
047040,00124540,대우건설,KOSPI,건물 건설업,2001-03-23,2024,0,,,0
047050,00124504,포스코인터내셔널,KOSPI,상품 중개업,2001-03-23,2018,1,20180611,20180611,1
047050,00124504,포스코인터내셔널,KOSPI,상품 중개업,2001-03-23,2019,0,,,0
047050,00124504,포스코인터내셔널,KOSPI,상품 중개업,2001-03-23,2020,0,,,0
047050,00124504,포스코인터내셔널,KOSPI,상품 중개업,2001-03-23,2021,0,,,0
047050,00124504,포스코인터내셔널,KOSPI,상품 중개업,2001-03-23,2022,0,,,0
047050,00124504,포스코인터내셔널,KOSPI,상품 중개업,2001-03-23,2023,0,,,0
047050,00124504,포스코인터내셔널,KOSPI,상품 중개업,2001-03-23,2024,2,20240320,20240329,1
042660,00111704,한화오션,KOSPI,선박 및 보트 건조업,2001-02-02,2018,2,20180403,20180523,1
042660,00111704,한화오션,KOSPI,선박 및 보트 건조업,2001-02-02,2019,0,,,0
042660,00111704,한화오션,KOSPI,선박 및 보트 건조업,2001-02-02,2020,0,,,0
042660,00111704,한화오션,KOSPI,선박 및 보트 건조업,2001-02-02,2021,0,,,0
042660,00111704,한화오션,KOSPI,선박 및 보트 건조업,2001-02-02,2022,0,,,0
042660,00111704,한화오션,KOSPI,선박 및 보트 건조업,2001-02-02,2023,0,,,0
042660,00111704,한화오션,KOSPI,선박 및 보트 건조업,2001-02-02,2024,1,20240328,20240328,1
051630,00347734,진양화학,KOSPI,플라스틱제품 제조업,2001-01-29,2018,0,,,0
051630,00347734,진양화학,KOSPI,플라스틱제품 제조업,2001-01-29,2019,0,,,0
051630,00347734,진양화학,KOSPI,플라스틱제품 제조업,2001-01-29,2020,0,,,0
051630,00347734,진양화학,KOSPI,플라스틱제품 제조업,2001-01-29,2021,0,,,0
051630,00347734,진양화학,KOSPI,플라스틱제품 제조업,2001-01-29,2022,0,,,0
051630,00347734,진양화학,KOSPI,플라스틱제품 제조업,2001-01-29,2023,0,,,0
051630,00347734,진양화학,KOSPI,플라스틱제품 제조업,2001-01-29,2024,0,,,0
034020,00159616,두산에너빌리티,KOSPI,일반 목적용 기계 제조업,2000-10-25,2018,0,,,0
034020,00159616,두산에너빌리티,KOSPI,일반 목적용 기계 제조업,2000-10-25,2019,0,,,0
034020,00159616,두산에너빌리티,KOSPI,일반 목적용 기계 제조업,2000-10-25,2020,0,,,0
034020,00159616,두산에너빌리티,KOSPI,일반 목적용 기계 제조업,2000-10-25,2021,0,,,0
034020,00159616,두산에너빌리티,KOSPI,일반 목적용 기계 제조업,2000-10-25,2022,0,,,0
034020,00159616,두산에너빌리티,KOSPI,일반 목적용 기계 제조업,2000-10-25,2023,0,,,0
034020,00159616,두산에너빌리티,KOSPI,일반 목적용 기계 제조업,2000-10-25,2024,6,20240327,20240516,1
010040,00160205,한국내화,KOSPI,"내화, 비내화 요업제품 제조업",2000-10-16,2018,0,,,0
010040,00160205,한국내화,KOSPI,"내화, 비내화 요업제품 제조업",2000-10-16,2019,1,20190619,20190619,1
010040,00160205,한국내화,KOSPI,"내화, 비내화 요업제품 제조업",2000-10-16,2020,0,,,0
010040,00160205,한국내화,KOSPI,"내화, 비내화 요업제품 제조업",2000-10-16,2021,0,,,0
010040,00160205,한국내화,KOSPI,"내화, 비내화 요업제품 제조업",2000-10-16,2022,0,,,0
010040,00160205,한국내화,KOSPI,"내화, 비내화 요업제품 제조업",2000-10-16,2023,0,,,0
010040,00160205,한국내화,KOSPI,"내화, 비내화 요업제품 제조업",2000-10-16,2024,0,,,0
016450,00161976,한세예스24홀딩스,KOSPI,봉제의복 제조업,2000-01-06,2018,1,20180430,20180430,1
016450,00161976,한세예스24홀딩스,KOSPI,봉제의복 제조업,2000-01-06,2019,0,,,0
016450,00161976,한세예스24홀딩스,KOSPI,봉제의복 제조업,2000-01-06,2020,0,,,0
016450,00161976,한세예스24홀딩스,KOSPI,봉제의복 제조업,2000-01-06,2021,0,,,0
016450,00161976,한세예스24홀딩스,KOSPI,봉제의복 제조업,2000-01-06,2022,0,,,0
016450,00161976,한세예스24홀딩스,KOSPI,봉제의복 제조업,2000-01-06,2023,0,,,0
016450,00161976,한세예스24홀딩스,KOSPI,봉제의복 제조업,2000-01-06,2024,0,,,0
003220,00111999,대원제약,KOSPI,의약품 제조업,1999-12-15,2018,2,20180402,20180709,1
003220,00111999,대원제약,KOSPI,의약품 제조업,1999-12-15,2019,0,,,0
003220,00111999,대원제약,KOSPI,의약품 제조업,1999-12-15,2020,0,,,0
003220,00111999,대원제약,KOSPI,의약품 제조업,1999-12-15,2021,2,20210331,20210416,1
003220,00111999,대원제약,KOSPI,의약품 제조업,1999-12-15,2022,0,,,0
003220,00111999,대원제약,KOSPI,의약품 제조업,1999-12-15,2023,0,,,0
003220,00111999,대원제약,KOSPI,의약품 제조업,1999-12-15,2024,0,,,0
036460,00261285,한국가스공사,KOSPI,연료용 가스 제조 및 배관공급업,1999-12-15,2018,1,20180329,20180329,1
036460,00261285,한국가스공사,KOSPI,연료용 가스 제조 및 배관공급업,1999-12-15,2019,1,20190627,20190627,1
036460,00261285,한국가스공사,KOSPI,연료용 가스 제조 및 배관공급업,1999-12-15,2020,0,,,0
036460,00261285,한국가스공사,KOSPI,연료용 가스 제조 및 배관공급업,1999-12-15,2021,1,20210402,20210402,1
036460,00261285,한국가스공사,KOSPI,연료용 가스 제조 및 배관공급업,1999-12-15,2022,2,20220325,20220325,1
036460,00261285,한국가스공사,KOSPI,연료용 가스 제조 및 배관공급업,1999-12-15,2023,0,,,0
036460,00261285,한국가스공사,KOSPI,연료용 가스 제조 및 배관공급업,1999-12-15,2024,1,20240325,20240325,1
007120,00104786,미래아이앤지,KOSPI,"컴퓨터 프로그래밍, 시스템 통합 및 관리업",1999-11-26,2018,1,20180515,20180515,1
007120,00104786,미래아이앤지,KOSPI,"컴퓨터 프로그래밍, 시스템 통합 및 관리업",1999-11-26,2019,0,,,0
007120,00104786,미래아이앤지,KOSPI,"컴퓨터 프로그래밍, 시스템 통합 및 관리업",1999-11-26,2020,0,,,0
007120,00104786,미래아이앤지,KOSPI,"컴퓨터 프로그래밍, 시스템 통합 및 관리업",1999-11-26,2021,0,,,0
007120,00104786,미래아이앤지,KOSPI,"컴퓨터 프로그래밍, 시스템 통합 및 관리업",1999-11-26,2022,0,,,0
007120,00104786,미래아이앤지,KOSPI,"컴퓨터 프로그래밍, 시스템 통합 및 관리업",1999-11-26,2023,0,,,0
007120,00104786,미래아이앤지,KOSPI,"컴퓨터 프로그래밍, 시스템 통합 및 관리업",1999-11-26,2024,0,,,0
000850,00166519,화천기공,KOSPI,특수 목적용 기계 제조업,1999-11-18,2018,0,,,0
000850,00166519,화천기공,KOSPI,특수 목적용 기계 제조업,1999-11-18,2019,0,,,0
000850,00166519,화천기공,KOSPI,특수 목적용 기계 제조업,1999-11-18,2020,0,,,0
000850,00166519,화천기공,KOSPI,특수 목적용 기계 제조업,1999-11-18,2021,0,,,0
000850,00166519,화천기공,KOSPI,특수 목적용 기계 제조업,1999-11-18,2022,0,,,0
000850,00166519,화천기공,KOSPI,특수 목적용 기계 제조업,1999-11-18,2023,0,,,0
000850,00166519,화천기공,KOSPI,특수 목적용 기계 제조업,1999-11-18,2024,0,,,0
036580,00260408,팜스코,KOSPI,"곡물가공품, 전분 및 전분제품 제조업",1999-10-25,2018,0,,,0
036580,00260408,팜스코,KOSPI,"곡물가공품, 전분 및 전분제품 제조업",1999-10-25,2019,1,20190328,20190328,1
036580,00260408,팜스코,KOSPI,"곡물가공품, 전분 및 전분제품 제조업",1999-10-25,2020,1,20200331,20200331,1
036580,00260408,팜스코,KOSPI,"곡물가공품, 전분 및 전분제품 제조업",1999-10-25,2021,0,,,0
036580,00260408,팜스코,KOSPI,"곡물가공품, 전분 및 전분제품 제조업",1999-10-25,2022,0,,,0
036580,00260408,팜스코,KOSPI,"곡물가공품, 전분 및 전분제품 제조업",1999-10-25,2023,1,20230228,20230228,1
036580,00260408,팜스코,KOSPI,"곡물가공품, 전분 및 전분제품 제조업",1999-10-25,2024,0,,,0
033780,00244455,케이티앤지,KOSPI,담배 제조업,1999-10-08,2018,2,20180514,20180618,1
033780,00244455,케이티앤지,KOSPI,담배 제조업,1999-10-08,2019,1,20190419,20190419,1
033780,00244455,케이티앤지,KOSPI,담배 제조업,1999-10-08,2020,9,20201116,20201230,1
033780,00244455,케이티앤지,KOSPI,담배 제조업,1999-10-08,2021,0,,,0
033780,00244455,케이티앤지,KOSPI,담배 제조업,1999-10-08,2022,0,,,0
033780,00244455,케이티앤지,KOSPI,담배 제조업,1999-10-08,2023,0,,,0
033780,00244455,케이티앤지,KOSPI,담배 제조업,1999-10-08,2024,0,,,0
024090,00177199,디씨엠,KOSPI,1차 철강 제조업,1999-08-18,2018,0,,,0
024090,00177199,디씨엠,KOSPI,1차 철강 제조업,1999-08-18,2019,0,,,0
024090,00177199,디씨엠,KOSPI,1차 철강 제조업,1999-08-18,2020,0,,,0
024090,00177199,디씨엠,KOSPI,1차 철강 제조업,1999-08-18,2021,0,,,0
024090,00177199,디씨엠,KOSPI,1차 철강 제조업,1999-08-18,2022,0,,,0
024090,00177199,디씨엠,KOSPI,1차 철강 제조업,1999-08-18,2023,0,,,0
024090,00177199,디씨엠,KOSPI,1차 철강 제조업,1999-08-18,2024,0,,,0
035000,00140168,HS애드,KOSPI,광고업,1999-08-11,2018,0,,,0
035000,00140168,HS애드,KOSPI,광고업,1999-08-11,2019,1,20190814,20190814,1
035000,00140168,HS애드,KOSPI,광고업,1999-08-11,2020,0,,,0
035000,00140168,HS애드,KOSPI,광고업,1999-08-11,2021,0,,,0
035000,00140168,HS애드,KOSPI,광고업,1999-08-11,2022,0,,,0
035000,00140168,HS애드,KOSPI,광고업,1999-08-11,2023,0,,,0
035000,00140168,HS애드,KOSPI,광고업,1999-08-11,2024,1,20240314,20240314,1
006650,00260383,대한유화,KOSPI,기초 화학물질 제조업,1999-08-11,2018,0,,,0
006650,00260383,대한유화,KOSPI,기초 화학물질 제조업,1999-08-11,2019,0,,,0
006650,00260383,대한유화,KOSPI,기초 화학물질 제조업,1999-08-11,2020,0,,,0
006650,00260383,대한유화,KOSPI,기초 화학물질 제조업,1999-08-11,2021,0,,,0
006650,00260383,대한유화,KOSPI,기초 화학물질 제조업,1999-08-11,2022,0,,,0
006650,00260383,대한유화,KOSPI,기초 화학물질 제조업,1999-08-11,2023,0,,,0
006650,00260383,대한유화,KOSPI,기초 화학물질 제조업,1999-08-11,2024,0,,,0
035150,00122551,백산,KOSPI,플라스틱제품 제조업,1999-08-11,2018,0,,,0
035150,00122551,백산,KOSPI,플라스틱제품 제조업,1999-08-11,2019,0,,,0
035150,00122551,백산,KOSPI,플라스틱제품 제조업,1999-08-11,2020,0,,,0
035150,00122551,백산,KOSPI,플라스틱제품 제조업,1999-08-11,2021,1,20210420,20210420,1
035150,00122551,백산,KOSPI,플라스틱제품 제조업,1999-08-11,2022,1,20220712,20220712,1
035150,00122551,백산,KOSPI,플라스틱제품 제조업,1999-08-11,2023,0,,,0
035150,00122551,백산,KOSPI,플라스틱제품 제조업,1999-08-11,2024,0,,,0
033250,00125576,체시스,KOSPI,자동차 신품 부품 제조업,1999-08-11,2018,0,,,0
033250,00125576,체시스,KOSPI,자동차 신품 부품 제조업,1999-08-11,2019,0,,,0
033250,00125576,체시스,KOSPI,자동차 신품 부품 제조업,1999-08-11,2020,1,20200103,20200103,1
033250,00125576,체시스,KOSPI,자동차 신품 부품 제조업,1999-08-11,2021,0,,,0
033250,00125576,체시스,KOSPI,자동차 신품 부품 제조업,1999-08-11,2022,0,,,0
033250,00125576,체시스,KOSPI,자동차 신품 부품 제조업,1999-08-11,2023,0,,,0
033250,00125576,체시스,KOSPI,자동차 신품 부품 제조업,1999-08-11,2024,0,,,0
033240,00146861,자화전자,KOSPI,전자부품 제조업,1999-01-06,2018,0,,,0
033240,00146861,자화전자,KOSPI,전자부품 제조업,1999-01-06,2019,0,,,0
033240,00146861,자화전자,KOSPI,전자부품 제조업,1999-01-06,2020,0,,,0
033240,00146861,자화전자,KOSPI,전자부품 제조업,1999-01-06,2021,0,,,0
033240,00146861,자화전자,KOSPI,전자부품 제조업,1999-01-06,2022,0,,,0
033240,00146861,자화전자,KOSPI,전자부품 제조업,1999-01-06,2023,0,,,0
033240,00146861,자화전자,KOSPI,전자부품 제조업,1999-01-06,2024,0,,,0
030200,00190321,케이티,KOSPI,전기 통신업,1998-12-23,2018,0,,,0
030200,00190321,케이티,KOSPI,전기 통신업,1998-12-23,2019,0,,,0
030200,00190321,케이티,KOSPI,전기 통신업,1998-12-23,2020,0,,,0
030200,00190321,케이티,KOSPI,전기 통신업,1998-12-23,2021,0,,,0
030200,00190321,케이티,KOSPI,전기 통신업,1998-12-23,2022,1,20221006,20221006,1
030200,00190321,케이티,KOSPI,전기 통신업,1998-12-23,2023,0,,,0
030200,00190321,케이티,KOSPI,전기 통신업,1998-12-23,2024,1,20240320,20240320,1
019490,00156150,엑시큐어하이트론,KOSPI,영상 및 음향기기 제조업,1998-11-04,2018,0,,,0
019490,00156150,엑시큐어하이트론,KOSPI,영상 및 음향기기 제조업,1998-11-04,2019,0,,,0
019490,00156150,엑시큐어하이트론,KOSPI,영상 및 음향기기 제조업,1998-11-04,2020,0,,,0
019490,00156150,엑시큐어하이트론,KOSPI,영상 및 음향기기 제조업,1998-11-04,2021,1,20210331,20210331,1
019490,00156150,엑시큐어하이트론,KOSPI,영상 및 음향기기 제조업,1998-11-04,2022,1,20220720,20220720,1
019490,00156150,엑시큐어하이트론,KOSPI,영상 및 음향기기 제조업,1998-11-04,2023,1,20231030,20231030,1
019490,00156150,엑시큐어하이트론,KOSPI,영상 및 음향기기 제조업,1998-11-04,2024,1,20240731,20240731,1
030000,00148276,제일기획,KOSPI,광고업,1998-03-03,2018,1,20180615,20180615,1
030000,00148276,제일기획,KOSPI,광고업,1998-03-03,2019,0,,,0
030000,00148276,제일기획,KOSPI,광고업,1998-03-03,2020,0,,,0
030000,00148276,제일기획,KOSPI,광고업,1998-03-03,2021,1,20210409,20210409,1
030000,00148276,제일기획,KOSPI,광고업,1998-03-03,2022,1,20220324,20220324,1
030000,00148276,제일기획,KOSPI,광고업,1998-03-03,2023,0,,,0
030000,00148276,제일기획,KOSPI,광고업,1998-03-03,2024,0,,,0
029460,00209780,케이씨,KOSPI,"측정, 시험, 항해, 제어 및 기타 정밀기기 제조업; 광학기기 제외",1997-11-25,2018,1,20180621,20180621,1
029460,00209780,케이씨,KOSPI,"측정, 시험, 항해, 제어 및 기타 정밀기기 제조업; 광학기기 제외",1997-11-25,2019,1,20190715,20190715,1
029460,00209780,케이씨,KOSPI,"측정, 시험, 항해, 제어 및 기타 정밀기기 제조업; 광학기기 제외",1997-11-25,2020,1,20201222,20201222,1
029460,00209780,케이씨,KOSPI,"측정, 시험, 항해, 제어 및 기타 정밀기기 제조업; 광학기기 제외",1997-11-25,2021,0,,,0
029460,00209780,케이씨,KOSPI,"측정, 시험, 항해, 제어 및 기타 정밀기기 제조업; 광학기기 제외",1997-11-25,2022,0,,,0
029460,00209780,케이씨,KOSPI,"측정, 시험, 항해, 제어 및 기타 정밀기기 제조업; 광학기기 제외",1997-11-25,2023,0,,,0
029460,00209780,케이씨,KOSPI,"측정, 시험, 항해, 제어 및 기타 정밀기기 제조업; 광학기기 제외",1997-11-25,2024,0,,,0
024890,00112022,대원화성,KOSPI,플라스틱제품 제조업,1997-10-28,2018,0,,,0
024890,00112022,대원화성,KOSPI,플라스틱제품 제조업,1997-10-28,2019,0,,,0
024890,00112022,대원화성,KOSPI,플라스틱제품 제조업,1997-10-28,2020,0,,,0
024890,00112022,대원화성,KOSPI,플라스틱제품 제조업,1997-10-28,2021,3,20210506,20210507,1
024890,00112022,대원화성,KOSPI,플라스틱제품 제조업,1997-10-28,2022,1,20220816,20220816,1
024890,00112022,대원화성,KOSPI,플라스틱제품 제조업,1997-10-28,2023,0,,,0
024890,00112022,대원화성,KOSPI,플라스틱제품 제조업,1997-10-28,2024,0,,,0
017940,00165583,E1,KOSPI,기타 전문 도매업,1997-08-27,2018,1,20180130,20180130,1
017940,00165583,E1,KOSPI,기타 전문 도매업,1997-08-27,2019,0,,,0
017940,00165583,E1,KOSPI,기타 전문 도매업,1997-08-27,2020,0,,,0
017940,00165583,E1,KOSPI,기타 전문 도매업,1997-08-27,2021,0,,,0
017940,00165583,E1,KOSPI,기타 전문 도매업,1997-08-27,2022,0,,,0
017940,00165583,E1,KOSPI,기타 전문 도매업,1997-08-27,2023,0,,,0
017940,00165583,E1,KOSPI,기타 전문 도매업,1997-08-27,2024,0,,,0
018670,00144164,SK가스,KOSPI,기타 전문 도매업,1997-08-27,2018,1,20180704,20180704,1
018670,00144164,SK가스,KOSPI,기타 전문 도매업,1997-08-27,2019,0,,,0
018670,00144164,SK가스,KOSPI,기타 전문 도매업,1997-08-27,2020,0,,,0
018670,00144164,SK가스,KOSPI,기타 전문 도매업,1997-08-27,2021,0,,,0
018670,00144164,SK가스,KOSPI,기타 전문 도매업,1997-08-27,2022,0,,,0
018670,00144164,SK가스,KOSPI,기타 전문 도매업,1997-08-27,2023,0,,,0
018670,00144164,SK가스,KOSPI,기타 전문 도매업,1997-08-27,2024,1,20240320,20240320,1
023590,00176914,다우기술,KOSPI,"자료처리, 호스팅, 포털 및 기타 인터넷 정보매개 서비스업",1997-08-27,2018,0,,,0
023590,00176914,다우기술,KOSPI,"자료처리, 호스팅, 포털 및 기타 인터넷 정보매개 서비스업",1997-08-27,2019,3,20190401,20190508,1
023590,00176914,다우기술,KOSPI,"자료처리, 호스팅, 포털 및 기타 인터넷 정보매개 서비스업",1997-08-27,2020,0,,,0
023590,00176914,다우기술,KOSPI,"자료처리, 호스팅, 포털 및 기타 인터넷 정보매개 서비스업",1997-08-27,2021,6,20210317,20210324,1
023590,00176914,다우기술,KOSPI,"자료처리, 호스팅, 포털 및 기타 인터넷 정보매개 서비스업",1997-08-27,2022,1,20220324,20220324,1
023590,00176914,다우기술,KOSPI,"자료처리, 호스팅, 포털 및 기타 인터넷 정보매개 서비스업",1997-08-27,2023,0,,,0
023590,00176914,다우기술,KOSPI,"자료처리, 호스팅, 포털 및 기타 인터넷 정보매개 서비스업",1997-08-27,2024,1,20240226,20240226,1
014440,00140779,영보화학,KOSPI,플라스틱제품 제조업,1997-08-27,2018,0,,,0
014440,00140779,영보화학,KOSPI,플라스틱제품 제조업,1997-08-27,2019,0,,,0
014440,00140779,영보화학,KOSPI,플라스틱제품 제조업,1997-08-27,2020,0,,,0
014440,00140779,영보화학,KOSPI,플라스틱제품 제조업,1997-08-27,2021,0,,,0
014440,00140779,영보화학,KOSPI,플라스틱제품 제조업,1997-08-27,2022,0,,,0
014440,00140779,영보화학,KOSPI,플라스틱제품 제조업,1997-08-27,2023,0,,,0
014440,00140779,영보화학,KOSPI,플라스틱제품 제조업,1997-08-27,2024,0,,,0
011790,00139889,SKC,KOSPI,기타 화학제품 제조업,1997-07-18,2018,0,,,0
011790,00139889,SKC,KOSPI,기타 화학제품 제조업,1997-07-18,2019,0,,,0
011790,00139889,SKC,KOSPI,기타 화학제품 제조업,1997-07-18,2020,0,,,0
011790,00139889,SKC,KOSPI,기타 화학제품 제조업,1997-07-18,2021,1,20210423,20210423,1
011790,00139889,SKC,KOSPI,기타 화학제품 제조업,1997-07-18,2022,1,20220816,20220816,1
011790,00139889,SKC,KOSPI,기타 화학제품 제조업,1997-07-18,2023,0,,,0
011790,00139889,SKC,KOSPI,기타 화학제품 제조업,1997-07-18,2024,1,20240409,20240409,1
025890,00159564,한국주강,KOSPI,특수 목적용 기계 제조업,1997-07-18,2018,0,,,0
025890,00159564,한국주강,KOSPI,특수 목적용 기계 제조업,1997-07-18,2019,0,,,0
025890,00159564,한국주강,KOSPI,특수 목적용 기계 제조업,1997-07-18,2020,0,,,0
025890,00159564,한국주강,KOSPI,특수 목적용 기계 제조업,1997-07-18,2021,0,,,0
025890,00159564,한국주강,KOSPI,특수 목적용 기계 제조업,1997-07-18,2022,1,20220325,20220325,1
025890,00159564,한국주강,KOSPI,특수 목적용 기계 제조업,1997-07-18,2023,0,,,0
025890,00159564,한국주강,KOSPI,특수 목적용 기계 제조업,1997-07-18,2024,0,,,0
024900,00114154,디와이덕양,KOSPI,자동차 신품 부품 제조업,1997-06-23,2018,1,20181026,20181026,1
024900,00114154,디와이덕양,KOSPI,자동차 신품 부품 제조업,1997-06-23,2019,0,,,0
024900,00114154,디와이덕양,KOSPI,자동차 신품 부품 제조업,1997-06-23,2020,0,,,0
024900,00114154,디와이덕양,KOSPI,자동차 신품 부품 제조업,1997-06-23,2021,1,20210609,20210609,1
024900,00114154,디와이덕양,KOSPI,자동차 신품 부품 제조업,1997-06-23,2022,1,20220404,20220404,1
024900,00114154,디와이덕양,KOSPI,자동차 신품 부품 제조업,1997-06-23,2023,1,20230320,20230320,1
024900,00114154,디와이덕양,KOSPI,자동차 신품 부품 제조업,1997-06-23,2024,0,,,0
023960,00121969,에쓰씨엔지니어링,KOSPI,토목 건설업,1997-06-23,2018,0,,,0
023960,00121969,에쓰씨엔지니어링,KOSPI,토목 건설업,1997-06-23,2019,0,,,0
023960,00121969,에쓰씨엔지니어링,KOSPI,토목 건설업,1997-06-23,2020,1,20200228,20200228,1
023960,00121969,에쓰씨엔지니어링,KOSPI,토목 건설업,1997-06-23,2021,1,20210325,20210325,1
023960,00121969,에쓰씨엔지니어링,KOSPI,토목 건설업,1997-06-23,2022,1,20220726,20220726,1
023960,00121969,에쓰씨엔지니어링,KOSPI,토목 건설업,1997-06-23,2023,0,,,0
023960,00121969,에쓰씨엔지니어링,KOSPI,토목 건설업,1997-06-23,2024,1,20240328,20240328,1
023800,00103510,인지컨트롤스,KOSPI,자동차 신품 부품 제조업,1997-06-23,2018,0,,,0
023800,00103510,인지컨트롤스,KOSPI,자동차 신품 부품 제조업,1997-06-23,2019,0,,,0
023800,00103510,인지컨트롤스,KOSPI,자동차 신품 부품 제조업,1997-06-23,2020,0,,,0
023800,00103510,인지컨트롤스,KOSPI,자동차 신품 부품 제조업,1997-06-23,2021,0,,,0
023800,00103510,인지컨트롤스,KOSPI,자동차 신품 부품 제조업,1997-06-23,2022,0,,,0
023800,00103510,인지컨트롤스,KOSPI,자동차 신품 부품 제조업,1997-06-23,2023,0,,,0
023800,00103510,인지컨트롤스,KOSPI,자동차 신품 부품 제조업,1997-06-23,2024,0,,,0
031820,00186559,아이티센씨티에스,KOSPI,"컴퓨터 프로그래밍, 시스템 통합 및 관리업",1997-02-12,2018,1,20180104,20180104,1
031820,00186559,아이티센씨티에스,KOSPI,"컴퓨터 프로그래밍, 시스템 통합 및 관리업",1997-02-12,2019,0,,,0
031820,00186559,아이티센씨티에스,KOSPI,"컴퓨터 프로그래밍, 시스템 통합 및 관리업",1997-02-12,2020,0,,,0
031820,00186559,아이티센씨티에스,KOSPI,"컴퓨터 프로그래밍, 시스템 통합 및 관리업",1997-02-12,2021,1,20210322,20210322,1
031820,00186559,아이티센씨티에스,KOSPI,"컴퓨터 프로그래밍, 시스템 통합 및 관리업",1997-02-12,2022,0,,,0
031820,00186559,아이티센씨티에스,KOSPI,"컴퓨터 프로그래밍, 시스템 통합 및 관리업",1997-02-12,2023,0,,,0
031820,00186559,아이티센씨티에스,KOSPI,"컴퓨터 프로그래밍, 시스템 통합 및 관리업",1997-02-12,2024,0,,,0
025530,00181943,에스제이엠홀딩스,KOSPI,자동차 부품 및 내장품 판매업,1997-02-12,2018,0,,,0
025530,00181943,에스제이엠홀딩스,KOSPI,자동차 부품 및 내장품 판매업,1997-02-12,2019,0,,,0
025530,00181943,에스제이엠홀딩스,KOSPI,자동차 부품 및 내장품 판매업,1997-02-12,2020,0,,,0
025530,00181943,에스제이엠홀딩스,KOSPI,자동차 부품 및 내장품 판매업,1997-02-12,2021,0,,,0
025530,00181943,에스제이엠홀딩스,KOSPI,자동차 부품 및 내장품 판매업,1997-02-12,2022,1,20221223,20221223,1
025530,00181943,에스제이엠홀딩스,KOSPI,자동차 부품 및 내장품 판매업,1997-02-12,2023,0,,,0
025530,00181943,에스제이엠홀딩스,KOSPI,자동차 부품 및 내장품 판매업,1997-02-12,2024,0,,,0
000660,00164779,SK하이닉스,KOSPI,반도체 제조업,1996-12-26,2018,1,20180615,20180615,1
000660,00164779,SK하이닉스,KOSPI,반도체 제조업,1996-12-26,2019,1,20190404,20190404,1
000660,00164779,SK하이닉스,KOSPI,반도체 제조업,1996-12-26,2020,0,,,0
000660,00164779,SK하이닉스,KOSPI,반도체 제조업,1996-12-26,2021,1,20210330,20210330,1
000660,00164779,SK하이닉스,KOSPI,반도체 제조업,1996-12-26,2022,0,,,0
000660,00164779,SK하이닉스,KOSPI,반도체 제조업,1996-12-26,2023,0,,,0
000660,00164779,SK하이닉스,KOSPI,반도체 제조업,1996-12-26,2024,0,,,0
023150,00121534,MH에탄올,KOSPI,알코올음료 제조업,1996-12-24,2018,0,,,0
023150,00121534,MH에탄올,KOSPI,알코올음료 제조업,1996-12-24,2019,0,,,0
023150,00121534,MH에탄올,KOSPI,알코올음료 제조업,1996-12-24,2020,0,,,0
023150,00121534,MH에탄올,KOSPI,알코올음료 제조업,1996-12-24,2021,0,,,0
023150,00121534,MH에탄올,KOSPI,알코올음료 제조업,1996-12-24,2022,0,,,0
023150,00121534,MH에탄올,KOSPI,알코올음료 제조업,1996-12-24,2023,0,,,0
023150,00121534,MH에탄올,KOSPI,알코올음료 제조업,1996-12-24,2024,0,,,0
023450,00115065,동남합성,KOSPI,기초 화학물질 제조업,1996-12-24,2018,0,,,0
023450,00115065,동남합성,KOSPI,기초 화학물질 제조업,1996-12-24,2019,0,,,0
023450,00115065,동남합성,KOSPI,기초 화학물질 제조업,1996-12-24,2020,0,,,0
023450,00115065,동남합성,KOSPI,기초 화학물질 제조업,1996-12-24,2021,0,,,0
023450,00115065,동남합성,KOSPI,기초 화학물질 제조업,1996-12-24,2022,1,20220808,20220808,1
023450,00115065,동남합성,KOSPI,기초 화학물질 제조업,1996-12-24,2023,0,,,0
023450,00115065,동남합성,KOSPI,기초 화학물질 제조업,1996-12-24,2024,0,,,0
028050,00126308,삼성E&A,KOSPI,"건축기술, 엔지니어링 및 관련 기술 서비스업",1996-12-24,2018,2,20180417,20180417,1
028050,00126308,삼성E&A,KOSPI,"건축기술, 엔지니어링 및 관련 기술 서비스업",1996-12-24,2019,0,,,0
028050,00126308,삼성E&A,KOSPI,"건축기술, 엔지니어링 및 관련 기술 서비스업",1996-12-24,2020,0,,,0
028050,00126308,삼성E&A,KOSPI,"건축기술, 엔지니어링 및 관련 기술 서비스업",1996-12-24,2021,5,20210517,20210517,1
028050,00126308,삼성E&A,KOSPI,"건축기술, 엔지니어링 및 관련 기술 서비스업",1996-12-24,2022,0,,,0
028050,00126308,삼성E&A,KOSPI,"건축기술, 엔지니어링 및 관련 기술 서비스업",1996-12-24,2023,1,20230831,20230831,1
028050,00126308,삼성E&A,KOSPI,"건축기술, 엔지니어링 및 관련 기술 서비스업",1996-12-24,2024,2,20240314,20240329,1
029530,00135795,신도리코,KOSPI,컴퓨터 및 주변장치 제조업,1996-12-24,2018,0,,,0
029530,00135795,신도리코,KOSPI,컴퓨터 및 주변장치 제조업,1996-12-24,2019,0,,,0
029530,00135795,신도리코,KOSPI,컴퓨터 및 주변장치 제조업,1996-12-24,2020,0,,,0
029530,00135795,신도리코,KOSPI,컴퓨터 및 주변장치 제조업,1996-12-24,2021,0,,,0
029530,00135795,신도리코,KOSPI,컴퓨터 및 주변장치 제조업,1996-12-24,2022,0,,,0
029530,00135795,신도리코,KOSPI,컴퓨터 및 주변장치 제조업,1996-12-24,2023,0,,,0
029530,00135795,신도리코,KOSPI,컴퓨터 및 주변장치 제조업,1996-12-24,2024,0,,,0
005320,00168331,온타이드,KOSPI,생활용품 도매업,1996-12-24,2018,0,,,0
005320,00168331,온타이드,KOSPI,생활용품 도매업,1996-12-24,2019,0,,,0
005320,00168331,온타이드,KOSPI,생활용품 도매업,1996-12-24,2020,0,,,0
005320,00168331,온타이드,KOSPI,생활용품 도매업,1996-12-24,2021,1,20210504,20210504,1
005320,00168331,온타이드,KOSPI,생활용품 도매업,1996-12-24,2022,3,20220318,20220318,1
005320,00168331,온타이드,KOSPI,생활용품 도매업,1996-12-24,2023,0,,,0
005320,00168331,온타이드,KOSPI,생활용품 도매업,1996-12-24,2024,0,,,0
016800,00161709,퍼시스,KOSPI,가구 제조업,1996-12-24,2018,0,,,0
016800,00161709,퍼시스,KOSPI,가구 제조업,1996-12-24,2019,0,,,0
016800,00161709,퍼시스,KOSPI,가구 제조업,1996-12-24,2020,0,,,0
016800,00161709,퍼시스,KOSPI,가구 제조업,1996-12-24,2021,0,,,0
016800,00161709,퍼시스,KOSPI,가구 제조업,1996-12-24,2022,0,,,0
016800,00161709,퍼시스,KOSPI,가구 제조업,1996-12-24,2023,0,,,0
016800,00161709,퍼시스,KOSPI,가구 제조업,1996-12-24,2024,0,,,0
024070,00142865,WISCOM,KOSPI,플라스틱제품 제조업,1996-11-22,2018,0,,,0
024070,00142865,WISCOM,KOSPI,플라스틱제품 제조업,1996-11-22,2019,0,,,0
024070,00142865,WISCOM,KOSPI,플라스틱제품 제조업,1996-11-22,2020,1,20200330,20200330,1
024070,00142865,WISCOM,KOSPI,플라스틱제품 제조업,1996-11-22,2021,0,,,0
024070,00142865,WISCOM,KOSPI,플라스틱제품 제조업,1996-11-22,2022,0,,,0
024070,00142865,WISCOM,KOSPI,플라스틱제품 제조업,1996-11-22,2023,0,,,0
024070,00142865,WISCOM,KOSPI,플라스틱제품 제조업,1996-11-22,2024,0,,,0
030720,00118044,동원수산,KOSPI,어로 어업,1996-11-22,2018,0,,,0
030720,00118044,동원수산,KOSPI,어로 어업,1996-11-22,2019,0,,,0
030720,00118044,동원수산,KOSPI,어로 어업,1996-11-22,2020,0,,,0
030720,00118044,동원수산,KOSPI,어로 어업,1996-11-22,2021,0,,,0
030720,00118044,동원수산,KOSPI,어로 어업,1996-11-22,2022,0,,,0
030720,00118044,동원수산,KOSPI,어로 어업,1996-11-22,2023,0,,,0
030720,00118044,동원수산,KOSPI,어로 어업,1996-11-22,2024,0,,,0
025560,00197759,미래산업,KOSPI,"측정, 시험, 항해, 제어 및 기타 정밀기기 제조업; 광학기기 제외",1996-11-22,2018,0,,,0
025560,00197759,미래산업,KOSPI,"측정, 시험, 항해, 제어 및 기타 정밀기기 제조업; 광학기기 제외",1996-11-22,2019,0,,,0
025560,00197759,미래산업,KOSPI,"측정, 시험, 항해, 제어 및 기타 정밀기기 제조업; 광학기기 제외",1996-11-22,2020,1,20201223,20201223,1
025560,00197759,미래산업,KOSPI,"측정, 시험, 항해, 제어 및 기타 정밀기기 제조업; 광학기기 제외",1996-11-22,2021,1,20210111,20210111,1
025560,00197759,미래산업,KOSPI,"측정, 시험, 항해, 제어 및 기타 정밀기기 제조업; 광학기기 제외",1996-11-22,2022,1,20221006,20221006,1
025560,00197759,미래산업,KOSPI,"측정, 시험, 항해, 제어 및 기타 정밀기기 제조업; 광학기기 제외",1996-11-22,2023,0,,,0
025560,00197759,미래산업,KOSPI,"측정, 시험, 항해, 제어 및 기타 정밀기기 제조업; 광학기기 제외",1996-11-22,2024,0,,,0
017900,00152729,광전자,KOSPI,반도체 제조업,1996-10-16,2018,0,,,0
017900,00152729,광전자,KOSPI,반도체 제조업,1996-10-16,2019,0,,,0
017900,00152729,광전자,KOSPI,반도체 제조업,1996-10-16,2020,0,,,0
017900,00152729,광전자,KOSPI,반도체 제조업,1996-10-16,2021,0,,,0
017900,00152729,광전자,KOSPI,반도체 제조업,1996-10-16,2022,0,,,0
017900,00152729,광전자,KOSPI,반도체 제조업,1996-10-16,2023,0,,,0
017900,00152729,광전자,KOSPI,반도체 제조업,1996-10-16,2024,1,20240315,20240315,1
025540,00157070,한국단자공업,KOSPI,"전동기, 발전기 및 전기 변환 · 공급 · 제어 장치 제조업",1996-10-16,2018,0,,,0
025540,00157070,한국단자공업,KOSPI,"전동기, 발전기 및 전기 변환 · 공급 · 제어 장치 제조업",1996-10-16,2019,0,,,0
025540,00157070,한국단자공업,KOSPI,"전동기, 발전기 및 전기 변환 · 공급 · 제어 장치 제조업",1996-10-16,2020,0,,,0
025540,00157070,한국단자공업,KOSPI,"전동기, 발전기 및 전기 변환 · 공급 · 제어 장치 제조업",1996-10-16,2021,0,,,0
025540,00157070,한국단자공업,KOSPI,"전동기, 발전기 및 전기 변환 · 공급 · 제어 장치 제조업",1996-10-16,2022,0,,,0
025540,00157070,한국단자공업,KOSPI,"전동기, 발전기 및 전기 변환 · 공급 · 제어 장치 제조업",1996-10-16,2023,0,,,0
025540,00157070,한국단자공업,KOSPI,"전동기, 발전기 및 전기 변환 · 공급 · 제어 장치 제조업",1996-10-16,2024,1,20240325,20240325,1
003160,00118275,디아이,KOSPI,"측정, 시험, 항해, 제어 및 기타 정밀기기 제조업; 광학기기 제외",1996-07-31,2018,0,,,0
003160,00118275,디아이,KOSPI,"측정, 시험, 항해, 제어 및 기타 정밀기기 제조업; 광학기기 제외",1996-07-31,2019,0,,,0
003160,00118275,디아이,KOSPI,"측정, 시험, 항해, 제어 및 기타 정밀기기 제조업; 광학기기 제외",1996-07-31,2020,0,,,0
003160,00118275,디아이,KOSPI,"측정, 시험, 항해, 제어 및 기타 정밀기기 제조업; 광학기기 제외",1996-07-31,2021,0,,,0
003160,00118275,디아이,KOSPI,"측정, 시험, 항해, 제어 및 기타 정밀기기 제조업; 광학기기 제외",1996-07-31,2022,0,,,0
003160,00118275,디아이,KOSPI,"측정, 시험, 항해, 제어 및 기타 정밀기기 제조업; 광학기기 제외",1996-07-31,2023,9,20230309,20230309,1
003160,00118275,디아이,KOSPI,"측정, 시험, 항해, 제어 및 기타 정밀기기 제조업; 광학기기 제외",1996-07-31,2024,0,,,0
011930,00136271,신성이엔지,KOSPI,반도체 제조업,1996-07-31,2018,2,20180420,20180713,1
011930,00136271,신성이엔지,KOSPI,반도체 제조업,1996-07-31,2019,0,,,0
011930,00136271,신성이엔지,KOSPI,반도체 제조업,1996-07-31,2020,0,,,0
011930,00136271,신성이엔지,KOSPI,반도체 제조업,1996-07-31,2021,6,20210322,20210621,1
011930,00136271,신성이엔지,KOSPI,반도체 제조업,1996-07-31,2022,1,20220713,20220713,1
011930,00136271,신성이엔지,KOSPI,반도체 제조업,1996-07-31,2023,0,,,0
011930,00136271,신성이엔지,KOSPI,반도체 제조업,1996-07-31,2024,0,,,0
019180,00118965,티에이치엔,KOSPI,기타 전기장비 제조업,1996-07-31,2018,0,,,0
019180,00118965,티에이치엔,KOSPI,기타 전기장비 제조업,1996-07-31,2019,0,,,0
019180,00118965,티에이치엔,KOSPI,기타 전기장비 제조업,1996-07-31,2020,0,,,0
019180,00118965,티에이치엔,KOSPI,기타 전기장비 제조업,1996-07-31,2021,0,,,0
019180,00118965,티에이치엔,KOSPI,기타 전기장비 제조업,1996-07-31,2022,0,,,0
019180,00118965,티에이치엔,KOSPI,기타 전기장비 제조업,1996-07-31,2023,0,,,0
019180,00118965,티에이치엔,KOSPI,기타 전기장비 제조업,1996-07-31,2024,0,,,0
018880,00161125,한온시스템,KOSPI,일반 목적용 기계 제조업,1996-07-31,2018,0,,,0
018880,00161125,한온시스템,KOSPI,일반 목적용 기계 제조업,1996-07-31,2019,1,20190409,20190409,1
018880,00161125,한온시스템,KOSPI,일반 목적용 기계 제조업,1996-07-31,2020,0,,,0
018880,00161125,한온시스템,KOSPI,일반 목적용 기계 제조업,1996-07-31,2021,0,,,0
018880,00161125,한온시스템,KOSPI,일반 목적용 기계 제조업,1996-07-31,2022,1,20220816,20220816,1
018880,00161125,한온시스템,KOSPI,일반 목적용 기계 제조업,1996-07-31,2023,1,20230515,20230515,1
018880,00161125,한온시스템,KOSPI,일반 목적용 기계 제조업,1996-07-31,2024,0,,,0
006740,00141404,블루산업개발,KOSPI,"골판지, 종이 상자 및 종이용기 제조업",1996-07-03,2018,0,,,0
006740,00141404,블루산업개발,KOSPI,"골판지, 종이 상자 및 종이용기 제조업",1996-07-03,2019,0,,,0
006740,00141404,블루산업개발,KOSPI,"골판지, 종이 상자 및 종이용기 제조업",1996-07-03,2020,0,,,0
006740,00141404,블루산업개발,KOSPI,"골판지, 종이 상자 및 종이용기 제조업",1996-07-03,2021,1,20210323,20210323,1
006740,00141404,블루산업개발,KOSPI,"골판지, 종이 상자 및 종이용기 제조업",1996-07-03,2022,0,,,0
006740,00141404,블루산업개발,KOSPI,"골판지, 종이 상자 및 종이용기 제조업",1996-07-03,2023,3,20230331,20230712,1
006740,00141404,블루산업개발,KOSPI,"골판지, 종이 상자 및 종이용기 제조업",1996-07-03,2024,1,20240321,20240321,1
021820,00134316,세원정공,KOSPI,자동차 신품 부품 제조업,1996-07-03,2018,1,20181018,20181018,1
021820,00134316,세원정공,KOSPI,자동차 신품 부품 제조업,1996-07-03,2019,1,20191231,20191231,1
021820,00134316,세원정공,KOSPI,자동차 신품 부품 제조업,1996-07-03,2020,0,,,0
021820,00134316,세원정공,KOSPI,자동차 신품 부품 제조업,1996-07-03,2021,0,,,0
021820,00134316,세원정공,KOSPI,자동차 신품 부품 제조업,1996-07-03,2022,0,,,0
021820,00134316,세원정공,KOSPI,자동차 신품 부품 제조업,1996-07-03,2023,5,20230228,20230302,1
021820,00134316,세원정공,KOSPI,자동차 신품 부품 제조업,1996-07-03,2024,1,20241122,20241122,1
000910,00144252,유니온,KOSPI,"시멘트, 석회, 플라스터 및 그 제품 제조업",1996-07-03,2018,0,,,0
000910,00144252,유니온,KOSPI,"시멘트, 석회, 플라스터 및 그 제품 제조업",1996-07-03,2019,0,,,0
000910,00144252,유니온,KOSPI,"시멘트, 석회, 플라스터 및 그 제품 제조업",1996-07-03,2020,0,,,0
000910,00144252,유니온,KOSPI,"시멘트, 석회, 플라스터 및 그 제품 제조업",1996-07-03,2021,0,,,0
000910,00144252,유니온,KOSPI,"시멘트, 석회, 플라스터 및 그 제품 제조업",1996-07-03,2022,0,,,0
000910,00144252,유니온,KOSPI,"시멘트, 석회, 플라스터 및 그 제품 제조업",1996-07-03,2023,0,,,0
000910,00144252,유니온,KOSPI,"시멘트, 석회, 플라스터 및 그 제품 제조업",1996-07-03,2024,0,,,0
000910,01945339,유니온,KOSPI,"시멘트, 석회, 플라스터 및 그 제품 제조업",1996-07-03,2018,0,,,0
000910,01945339,유니온,KOSPI,"시멘트, 석회, 플라스터 및 그 제품 제조업",1996-07-03,2019,0,,,0
000910,01945339,유니온,KOSPI,"시멘트, 석회, 플라스터 및 그 제품 제조업",1996-07-03,2020,0,,,0
000910,01945339,유니온,KOSPI,"시멘트, 석회, 플라스터 및 그 제품 제조업",1996-07-03,2021,0,,,0
000910,01945339,유니온,KOSPI,"시멘트, 석회, 플라스터 및 그 제품 제조업",1996-07-03,2022,0,,,0
000910,01945339,유니온,KOSPI,"시멘트, 석회, 플라스터 및 그 제품 제조업",1996-07-03,2023,0,,,0
000910,01945339,유니온,KOSPI,"시멘트, 석회, 플라스터 및 그 제품 제조업",1996-07-03,2024,0,,,0
020120,00140131,키다리스튜디오,KOSPI,"자료처리, 호스팅, 포털 및 기타 인터넷 정보매개 서비스업",1996-07-03,2018,0,,,0
020120,00140131,키다리스튜디오,KOSPI,"자료처리, 호스팅, 포털 및 기타 인터넷 정보매개 서비스업",1996-07-03,2019,2,20190401,20190418,1
020120,00140131,키다리스튜디오,KOSPI,"자료처리, 호스팅, 포털 및 기타 인터넷 정보매개 서비스업",1996-07-03,2020,0,,,0
020120,00140131,키다리스튜디오,KOSPI,"자료처리, 호스팅, 포털 및 기타 인터넷 정보매개 서비스업",1996-07-03,2021,0,,,0
020120,00140131,키다리스튜디오,KOSPI,"자료처리, 호스팅, 포털 및 기타 인터넷 정보매개 서비스업",1996-07-03,2022,0,,,0
020120,00140131,키다리스튜디오,KOSPI,"자료처리, 호스팅, 포털 및 기타 인터넷 정보매개 서비스업",1996-07-03,2023,0,,,0
020120,00140131,키다리스튜디오,KOSPI,"자료처리, 호스팅, 포털 및 기타 인터넷 정보매개 서비스업",1996-07-03,2024,0,,,0
027970,00133706,한국제지,KOSPI,"펄프, 종이 및 판지 제조업",1996-07-03,2018,0,,,0
027970,00133706,한국제지,KOSPI,"펄프, 종이 및 판지 제조업",1996-07-03,2019,0,,,0
027970,00133706,한국제지,KOSPI,"펄프, 종이 및 판지 제조업",1996-07-03,2020,0,,,0
027970,00133706,한국제지,KOSPI,"펄프, 종이 및 판지 제조업",1996-07-03,2021,0,,,0
027970,00133706,한국제지,KOSPI,"펄프, 종이 및 판지 제조업",1996-07-03,2022,0,,,0
027970,00133706,한국제지,KOSPI,"펄프, 종이 및 판지 제조업",1996-07-03,2023,0,,,0
027970,00133706,한국제지,KOSPI,"펄프, 종이 및 판지 제조업",1996-07-03,2024,0,,,0
020000,00188089,한섬,KOSPI,봉제의복 제조업,1996-07-03,2018,0,,,0
020000,00188089,한섬,KOSPI,봉제의복 제조업,1996-07-03,2019,0,,,0
020000,00188089,한섬,KOSPI,봉제의복 제조업,1996-07-03,2020,0,,,0
020000,00188089,한섬,KOSPI,봉제의복 제조업,1996-07-03,2021,0,,,0
020000,00188089,한섬,KOSPI,봉제의복 제조업,1996-07-03,2022,1,20220816,20220816,1
020000,00188089,한섬,KOSPI,봉제의복 제조업,1996-07-03,2023,0,,,0
020000,00188089,한섬,KOSPI,봉제의복 제조업,1996-07-03,2024,0,,,0
017800,00164724,현대엘리베이터,KOSPI,일반 목적용 기계 제조업,1996-07-03,2018,1,20180814,20180814,1
017800,00164724,현대엘리베이터,KOSPI,일반 목적용 기계 제조업,1996-07-03,2019,0,,,0
017800,00164724,현대엘리베이터,KOSPI,일반 목적용 기계 제조업,1996-07-03,2020,0,,,0
017800,00164724,현대엘리베이터,KOSPI,일반 목적용 기계 제조업,1996-07-03,2021,0,,,0
017800,00164724,현대엘리베이터,KOSPI,일반 목적용 기계 제조업,1996-07-03,2022,0,,,0
017800,00164724,현대엘리베이터,KOSPI,일반 목적용 기계 제조업,1996-07-03,2023,0,,,0
017800,00164724,현대엘리베이터,KOSPI,일반 목적용 기계 제조업,1996-07-03,2024,0,,,0
016580,00166573,환인제약,KOSPI,의약품 제조업,1996-07-03,2018,0,,,0
016580,00166573,환인제약,KOSPI,의약품 제조업,1996-07-03,2019,0,,,0
016580,00166573,환인제약,KOSPI,의약품 제조업,1996-07-03,2020,0,,,0
016580,00166573,환인제약,KOSPI,의약품 제조업,1996-07-03,2021,0,,,0
016580,00166573,환인제약,KOSPI,의약품 제조업,1996-07-03,2022,0,,,0
016580,00166573,환인제약,KOSPI,의약품 제조업,1996-07-03,2023,0,,,0
016580,00166573,환인제약,KOSPI,의약품 제조업,1996-07-03,2024,0,,,0
013580,00102432,계룡건설산업,KOSPI,토목 건설업,1996-01-30,2018,0,,,0
013580,00102432,계룡건설산업,KOSPI,토목 건설업,1996-01-30,2019,1,20190401,20190401,1
013580,00102432,계룡건설산업,KOSPI,토목 건설업,1996-01-30,2020,0,,,0
013580,00102432,계룡건설산업,KOSPI,토목 건설업,1996-01-30,2021,1,20211025,20211025,1
013580,00102432,계룡건설산업,KOSPI,토목 건설업,1996-01-30,2022,0,,,0
013580,00102432,계룡건설산업,KOSPI,토목 건설업,1996-01-30,2023,0,,,0
013580,00102432,계룡건설산업,KOSPI,토목 건설업,1996-01-30,2024,0,,,0
021050,00131197,서원,KOSPI,금속 주조업,1996-01-30,2018,0,,,0
021050,00131197,서원,KOSPI,금속 주조업,1996-01-30,2019,0,,,0
021050,00131197,서원,KOSPI,금속 주조업,1996-01-30,2020,0,,,0
021050,00131197,서원,KOSPI,금속 주조업,1996-01-30,2021,1,20210316,20210316,1
021050,00131197,서원,KOSPI,금속 주조업,1996-01-30,2022,0,,,0
021050,00131197,서원,KOSPI,금속 주조업,1996-01-30,2023,1,20230309,20230309,1
021050,00131197,서원,KOSPI,금속 주조업,1996-01-30,2024,0,,,0
012750,00158501,에스원,KOSPI,"경비, 경호 및 탐정업",1996-01-30,2018,0,,,0
012750,00158501,에스원,KOSPI,"경비, 경호 및 탐정업",1996-01-30,2019,0,,,0
012750,00158501,에스원,KOSPI,"경비, 경호 및 탐정업",1996-01-30,2020,0,,,0
012750,00158501,에스원,KOSPI,"경비, 경호 및 탐정업",1996-01-30,2021,0,,,0
012750,00158501,에스원,KOSPI,"경비, 경호 및 탐정업",1996-01-30,2022,0,,,0
012750,00158501,에스원,KOSPI,"경비, 경호 및 탐정업",1996-01-30,2023,0,,,0
012750,00158501,에스원,KOSPI,"경비, 경호 및 탐정업",1996-01-30,2024,0,,,0
015890,00153339,태경산업,KOSPI,기초 화학물질 제조업,1996-01-30,2018,0,,,0
015890,00153339,태경산업,KOSPI,기초 화학물질 제조업,1996-01-30,2019,0,,,0
015890,00153339,태경산업,KOSPI,기초 화학물질 제조업,1996-01-30,2020,0,,,0
015890,00153339,태경산업,KOSPI,기초 화학물질 제조업,1996-01-30,2021,0,,,0
015890,00153339,태경산업,KOSPI,기초 화학물질 제조업,1996-01-30,2022,0,,,0
015890,00153339,태경산업,KOSPI,기초 화학물질 제조업,1996-01-30,2023,0,,,0
015890,00153339,태경산업,KOSPI,기초 화학물질 제조업,1996-01-30,2024,0,,,0
016590,00135777,신대양제지,KOSPI,"골판지, 종이 상자 및 종이용기 제조업",1995-12-21,2018,0,,,0
016590,00135777,신대양제지,KOSPI,"골판지, 종이 상자 및 종이용기 제조업",1995-12-21,2019,0,,,0
016590,00135777,신대양제지,KOSPI,"골판지, 종이 상자 및 종이용기 제조업",1995-12-21,2020,0,,,0
016590,00135777,신대양제지,KOSPI,"골판지, 종이 상자 및 종이용기 제조업",1995-12-21,2021,0,,,0
016590,00135777,신대양제지,KOSPI,"골판지, 종이 상자 및 종이용기 제조업",1995-12-21,2022,0,,,0
016590,00135777,신대양제지,KOSPI,"골판지, 종이 상자 및 종이용기 제조업",1995-12-21,2023,4,20230217,20230905,1
016590,00135777,신대양제지,KOSPI,"골판지, 종이 상자 및 종이용기 제조업",1995-12-21,2024,0,,,0
011690,00144720,와이투솔루션,KOSPI,반도체 제조업,1995-12-21,2018,0,,,0
011690,00144720,와이투솔루션,KOSPI,반도체 제조업,1995-12-21,2019,1,20190613,20190613,1
011690,00144720,와이투솔루션,KOSPI,반도체 제조업,1995-12-21,2020,0,,,0
011690,00144720,와이투솔루션,KOSPI,반도체 제조업,1995-12-21,2021,0,,,0
011690,00144720,와이투솔루션,KOSPI,반도체 제조업,1995-12-21,2022,0,,,0
011690,00144720,와이투솔루션,KOSPI,반도체 제조업,1995-12-21,2023,0,,,0
011690,00144720,와이투솔루션,KOSPI,반도체 제조업,1995-12-21,2024,0,,,0
025860,00107987,남해화학,KOSPI,"비료, 농약 및 살균, 살충제 제조업",1995-11-10,2018,0,,,0
025860,00107987,남해화학,KOSPI,"비료, 농약 및 살균, 살충제 제조업",1995-11-10,2019,0,,,0
025860,00107987,남해화학,KOSPI,"비료, 농약 및 살균, 살충제 제조업",1995-11-10,2020,0,,,0
025860,00107987,남해화학,KOSPI,"비료, 농약 및 살균, 살충제 제조업",1995-11-10,2021,0,,,0
025860,00107987,남해화학,KOSPI,"비료, 농약 및 살균, 살충제 제조업",1995-11-10,2022,0,,,0
025860,00107987,남해화학,KOSPI,"비료, 농약 및 살균, 살충제 제조업",1995-11-10,2023,0,,,0
025860,00107987,남해화학,KOSPI,"비료, 농약 및 살균, 살충제 제조업",1995-11-10,2024,0,,,0
018500,00118008,동원금속,KOSPI,자동차 신품 부품 제조업,1995-11-10,2018,0,,,0
018500,00118008,동원금속,KOSPI,자동차 신품 부품 제조업,1995-11-10,2019,0,,,0
018500,00118008,동원금속,KOSPI,자동차 신품 부품 제조업,1995-11-10,2020,1,20200116,20200116,1
018500,00118008,동원금속,KOSPI,자동차 신품 부품 제조업,1995-11-10,2021,1,20210706,20210706,1
018500,00118008,동원금속,KOSPI,자동차 신품 부품 제조업,1995-11-10,2022,0,,,0
018500,00118008,동원금속,KOSPI,자동차 신품 부품 제조업,1995-11-10,2023,0,,,0
018500,00118008,동원금속,KOSPI,자동차 신품 부품 제조업,1995-11-10,2024,0,,,0
011300,00132868,우성머티리얼스,KOSPI,직물직조 및 직물제품 제조업,1995-11-10,2018,0,,,0
011300,00132868,우성머티리얼스,KOSPI,직물직조 및 직물제품 제조업,1995-11-10,2019,0,,,0
011300,00132868,우성머티리얼스,KOSPI,직물직조 및 직물제품 제조업,1995-11-10,2020,0,,,0
011300,00132868,우성머티리얼스,KOSPI,직물직조 및 직물제품 제조업,1995-11-10,2021,0,,,0
011300,00132868,우성머티리얼스,KOSPI,직물직조 및 직물제품 제조업,1995-11-10,2022,1,20220218,20220218,1
011300,00132868,우성머티리얼스,KOSPI,직물직조 및 직물제품 제조업,1995-11-10,2023,0,,,0
011300,00132868,우성머티리얼스,KOSPI,직물직조 및 직물제품 제조업,1995-11-10,2024,0,,,0
011200,00164645,HMM,KOSPI,해상 운송업,1995-10-05,2018,4,20180907,20180907,1
011200,00164645,HMM,KOSPI,해상 운송업,1995-10-05,2019,0,,,0
011200,00164645,HMM,KOSPI,해상 운송업,1995-10-05,2020,0,,,0
011200,00164645,HMM,KOSPI,해상 운송업,1995-10-05,2021,0,,,0
011200,00164645,HMM,KOSPI,해상 운송업,1995-10-05,2022,0,,,0
011200,00164645,HMM,KOSPI,해상 운송업,1995-10-05,2023,1,20230714,20230714,1
011200,00164645,HMM,KOSPI,해상 운송업,1995-10-05,2024,1,20240328,20240328,1
012610,00102113,경인양행,KOSPI,기초 화학물질 제조업,1995-10-05,2018,0,,,0
012610,00102113,경인양행,KOSPI,기초 화학물질 제조업,1995-10-05,2019,0,,,0
012610,00102113,경인양행,KOSPI,기초 화학물질 제조업,1995-10-05,2020,0,,,0
012610,00102113,경인양행,KOSPI,기초 화학물질 제조업,1995-10-05,2021,1,20210331,20210331,1
012610,00102113,경인양행,KOSPI,기초 화학물질 제조업,1995-10-05,2022,1,20220330,20220330,1
012610,00102113,경인양행,KOSPI,기초 화학물질 제조업,1995-10-05,2023,0,,,0
012610,00102113,경인양행,KOSPI,기초 화학물질 제조업,1995-10-05,2024,0,,,0
017810,00155355,풀무원,KOSPI,기타 식품 제조업,1995-10-05,2018,0,,,0
017810,00155355,풀무원,KOSPI,기타 식품 제조업,1995-10-05,2019,0,,,0
017810,00155355,풀무원,KOSPI,기타 식품 제조업,1995-10-05,2020,0,,,0
017810,00155355,풀무원,KOSPI,기타 식품 제조업,1995-10-05,2021,1,20210616,20210616,1
017810,00155355,풀무원,KOSPI,기타 식품 제조업,1995-10-05,2022,0,,,0
017810,00155355,풀무원,KOSPI,기타 식품 제조업,1995-10-05,2023,0,,,0
017810,00155355,풀무원,KOSPI,기타 식품 제조업,1995-10-05,2024,0,,,0
017390,00130684,서울도시가스,KOSPI,연료용 가스 제조 및 배관공급업,1995-08-18,2018,0,,,0
017390,00130684,서울도시가스,KOSPI,연료용 가스 제조 및 배관공급업,1995-08-18,2019,0,,,0
017390,00130684,서울도시가스,KOSPI,연료용 가스 제조 및 배관공급업,1995-08-18,2020,0,,,0
017390,00130684,서울도시가스,KOSPI,연료용 가스 제조 및 배관공급업,1995-08-18,2021,0,,,0
017390,00130684,서울도시가스,KOSPI,연료용 가스 제조 및 배관공급업,1995-08-18,2022,0,,,0
017390,00130684,서울도시가스,KOSPI,연료용 가스 제조 및 배관공급업,1995-08-18,2023,0,,,0
017390,00130684,서울도시가스,KOSPI,연료용 가스 제조 및 배관공급업,1995-08-18,2024,1,20240319,20240319,1
025820,00145464,이구산업,KOSPI,1차 비철금속 제조업,1995-08-18,2018,0,,,0
025820,00145464,이구산업,KOSPI,1차 비철금속 제조업,1995-08-18,2019,0,,,0
025820,00145464,이구산업,KOSPI,1차 비철금속 제조업,1995-08-18,2020,0,,,0
025820,00145464,이구산업,KOSPI,1차 비철금속 제조업,1995-08-18,2021,0,,,0
025820,00145464,이구산업,KOSPI,1차 비철금속 제조업,1995-08-18,2022,0,,,0
025820,00145464,이구산업,KOSPI,1차 비철금속 제조업,1995-08-18,2023,0,,,0
025820,00145464,이구산업,KOSPI,1차 비철금속 제조업,1995-08-18,2024,0,,,0
011090,00139764,에넥스,KOSPI,가구 제조업,1995-07-08,2018,0,,,0
011090,00139764,에넥스,KOSPI,가구 제조업,1995-07-08,2019,0,,,0
011090,00139764,에넥스,KOSPI,가구 제조업,1995-07-08,2020,0,,,0
011090,00139764,에넥스,KOSPI,가구 제조업,1995-07-08,2021,0,,,0
011090,00139764,에넥스,KOSPI,가구 제조업,1995-07-08,2022,0,,,0
011090,00139764,에넥스,KOSPI,가구 제조업,1995-07-08,2023,0,,,0
011090,00139764,에넥스,KOSPI,가구 제조업,1995-07-08,2024,1,20240321,20240321,1
007460,00152385,에이프로젠,KOSPI,의약품 제조업,1995-07-08,2018,0,,,0
007460,00152385,에이프로젠,KOSPI,의약품 제조업,1995-07-08,2019,0,,,0
007460,00152385,에이프로젠,KOSPI,의약품 제조업,1995-07-08,2020,1,20201113,20201113,1
007460,00152385,에이프로젠,KOSPI,의약품 제조업,1995-07-08,2021,0,,,0
007460,00152385,에이프로젠,KOSPI,의약품 제조업,1995-07-08,2022,0,,,0
007460,00152385,에이프로젠,KOSPI,의약품 제조업,1995-07-08,2023,0,,,0
007460,00152385,에이프로젠,KOSPI,의약품 제조업,1995-07-08,2024,0,,,0
025620,00136776,차AI헬스케어,KOSPI,기타 화학제품 제조업,1995-07-08,2018,1,20180814,20180814,1
025620,00136776,차AI헬스케어,KOSPI,기타 화학제품 제조업,1995-07-08,2019,2,20190814,20191031,1
025620,00136776,차AI헬스케어,KOSPI,기타 화학제품 제조업,1995-07-08,2020,0,,,0
025620,00136776,차AI헬스케어,KOSPI,기타 화학제품 제조업,1995-07-08,2021,0,,,0
025620,00136776,차AI헬스케어,KOSPI,기타 화학제품 제조업,1995-07-08,2022,2,20220331,20220816,1
025620,00136776,차AI헬스케어,KOSPI,기타 화학제품 제조업,1995-07-08,2023,0,,,0
025620,00136776,차AI헬스케어,KOSPI,기타 화학제품 제조업,1995-07-08,2024,0,,,0
017960,00159795,한국카본,KOSPI,"구조용 금속제품, 탱크 및 증기발생기 제조업",1995-07-08,2018,0,,,0
017960,00159795,한국카본,KOSPI,"구조용 금속제품, 탱크 및 증기발생기 제조업",1995-07-08,2019,1,20190711,20190711,1
017960,00159795,한국카본,KOSPI,"구조용 금속제품, 탱크 및 증기발생기 제조업",1995-07-08,2020,0,,,0
017960,00159795,한국카본,KOSPI,"구조용 금속제품, 탱크 및 증기발생기 제조업",1995-07-08,2021,0,,,0
017960,00159795,한국카본,KOSPI,"구조용 금속제품, 탱크 및 증기발생기 제조업",1995-07-08,2022,0,,,0
017960,00159795,한국카본,KOSPI,"구조용 금속제품, 탱크 및 증기발생기 제조업",1995-07-08,2023,0,,,0
017960,00159795,한국카본,KOSPI,"구조용 금속제품, 탱크 및 증기발생기 제조업",1995-07-08,2024,0,,,0
025000,00191472,KPX케미칼,KOSPI,기초 화학물질 제조업,1994-12-27,2018,0,,,0
025000,00191472,KPX케미칼,KOSPI,기초 화학물질 제조업,1994-12-27,2019,0,,,0
025000,00191472,KPX케미칼,KOSPI,기초 화학물질 제조업,1994-12-27,2020,0,,,0
025000,00191472,KPX케미칼,KOSPI,기초 화학물질 제조업,1994-12-27,2021,0,,,0
025000,00191472,KPX케미칼,KOSPI,기초 화학물질 제조업,1994-12-27,2022,0,,,0
025000,00191472,KPX케미칼,KOSPI,기초 화학물질 제조업,1994-12-27,2023,0,,,0
025000,00191472,KPX케미칼,KOSPI,기초 화학물질 제조업,1994-12-27,2024,0,,,0
007980,00154329,TP,KOSPI,봉제의복 제조업,1994-12-27,2018,0,,,0
007980,00154329,TP,KOSPI,봉제의복 제조업,1994-12-27,2019,0,,,0
007980,00154329,TP,KOSPI,봉제의복 제조업,1994-12-27,2020,0,,,0
007980,00154329,TP,KOSPI,봉제의복 제조업,1994-12-27,2021,0,,,0
007980,00154329,TP,KOSPI,봉제의복 제조업,1994-12-27,2022,0,,,0
007980,00154329,TP,KOSPI,봉제의복 제조업,1994-12-27,2023,0,,,0
007980,00154329,TP,KOSPI,봉제의복 제조업,1994-12-27,2024,0,,,0
010580,00147860,에스엠벡셀,KOSPI,자동차 신품 부품 제조업,1994-12-27,2018,0,,,0
010580,00147860,에스엠벡셀,KOSPI,자동차 신품 부품 제조업,1994-12-27,2019,0,,,0
010580,00147860,에스엠벡셀,KOSPI,자동차 신품 부품 제조업,1994-12-27,2020,0,,,0
010580,00147860,에스엠벡셀,KOSPI,자동차 신품 부품 제조업,1994-12-27,2021,2,20210811,20210820,1
010580,00147860,에스엠벡셀,KOSPI,자동차 신품 부품 제조업,1994-12-27,2022,0,,,0
010580,00147860,에스엠벡셀,KOSPI,자동차 신품 부품 제조업,1994-12-27,2023,0,,,0
010580,00147860,에스엠벡셀,KOSPI,자동차 신품 부품 제조업,1994-12-27,2024,0,,,0
008420,00121570,문배철강,KOSPI,1차 철강 제조업,1994-11-05,2018,1,20180611,20180611,1
008420,00121570,문배철강,KOSPI,1차 철강 제조업,1994-11-05,2019,1,20190618,20190618,1
008420,00121570,문배철강,KOSPI,1차 철강 제조업,1994-11-05,2020,0,,,0
008420,00121570,문배철강,KOSPI,1차 철강 제조업,1994-11-05,2021,1,20210312,20210312,1
008420,00121570,문배철강,KOSPI,1차 철강 제조업,1994-11-05,2022,0,,,0
008420,00121570,문배철강,KOSPI,1차 철강 제조업,1994-11-05,2023,0,,,0
008420,00121570,문배철강,KOSPI,1차 철강 제조업,1994-11-05,2024,0,,,0
014790,00161116,HL D&I,KOSPI,토목 건설업,1994-08-12,2018,0,,,0
014790,00161116,HL D&I,KOSPI,토목 건설업,1994-08-12,2019,0,,,0
014790,00161116,HL D&I,KOSPI,토목 건설업,1994-08-12,2020,0,,,0
014790,00161116,HL D&I,KOSPI,토목 건설업,1994-08-12,2021,1,20210422,20210422,1
014790,00161116,HL D&I,KOSPI,토목 건설업,1994-08-12,2022,0,,,0
014790,00161116,HL D&I,KOSPI,토목 건설업,1994-08-12,2023,0,,,0
014790,00161116,HL D&I,KOSPI,토목 건설업,1994-08-12,2024,0,,,0
007310,00141529,오뚜기,KOSPI,기타 식품 제조업,1994-08-12,2018,0,,,0
007310,00141529,오뚜기,KOSPI,기타 식품 제조업,1994-08-12,2019,0,,,0
007310,00141529,오뚜기,KOSPI,기타 식품 제조업,1994-08-12,2020,0,,,0
007310,00141529,오뚜기,KOSPI,기타 식품 제조업,1994-08-12,2021,0,,,0
007310,00141529,오뚜기,KOSPI,기타 식품 제조업,1994-08-12,2022,0,,,0
007310,00141529,오뚜기,KOSPI,기타 식품 제조업,1994-08-12,2023,0,,,0
007310,00141529,오뚜기,KOSPI,기타 식품 제조업,1994-08-12,2024,0,,,0
008500,00146542,일정실업,KOSPI,편조원단 제조업,1994-08-12,2018,2,20180330,20180330,1
008500,00146542,일정실업,KOSPI,편조원단 제조업,1994-08-12,2019,0,,,0
008500,00146542,일정실업,KOSPI,편조원단 제조업,1994-08-12,2020,0,,,0
008500,00146542,일정실업,KOSPI,편조원단 제조업,1994-08-12,2021,2,20210330,20210506,1
008500,00146542,일정실업,KOSPI,편조원단 제조업,1994-08-12,2022,0,,,0
008500,00146542,일정실업,KOSPI,편조원단 제조업,1994-08-12,2023,0,,,0
008500,00146542,일정실업,KOSPI,편조원단 제조업,1994-08-12,2024,2,20240321,20240321,1
010120,00105855,엘에스일렉트릭,KOSPI,"전동기, 발전기 및 전기 변환 · 공급 · 제어 장치 제조업",1994-07-11,2018,0,,,0
010120,00105855,엘에스일렉트릭,KOSPI,"전동기, 발전기 및 전기 변환 · 공급 · 제어 장치 제조업",1994-07-11,2019,1,20190401,20190401,1
010120,00105855,엘에스일렉트릭,KOSPI,"전동기, 발전기 및 전기 변환 · 공급 · 제어 장치 제조업",1994-07-11,2020,0,,,0
010120,00105855,엘에스일렉트릭,KOSPI,"전동기, 발전기 및 전기 변환 · 공급 · 제어 장치 제조업",1994-07-11,2021,0,,,0
010120,00105855,엘에스일렉트릭,KOSPI,"전동기, 발전기 및 전기 변환 · 공급 · 제어 장치 제조업",1994-07-11,2022,0,,,0
010120,00105855,엘에스일렉트릭,KOSPI,"전동기, 발전기 및 전기 변환 · 공급 · 제어 장치 제조업",1994-07-11,2023,0,,,0
010120,00105855,엘에스일렉트릭,KOSPI,"전동기, 발전기 및 전기 변환 · 공급 · 제어 장치 제조업",1994-07-11,2024,1,20240326,20240326,1
009190,00111111,대양금속,KOSPI,1차 철강 제조업,1994-04-29,2018,1,20180615,20180615,1
009190,00111111,대양금속,KOSPI,1차 철강 제조업,1994-04-29,2019,0,,,0
009190,00111111,대양금속,KOSPI,1차 철강 제조업,1994-04-29,2020,1,20200814,20200814,1
009190,00111111,대양금속,KOSPI,1차 철강 제조업,1994-04-29,2021,1,20210323,20210323,1
009190,00111111,대양금속,KOSPI,1차 철강 제조업,1994-04-29,2022,1,20220422,20220422,1
009190,00111111,대양금속,KOSPI,1차 철강 제조업,1994-04-29,2023,0,,,0
009190,00111111,대양금속,KOSPI,1차 철강 제조업,1994-04-29,2024,0,,,0
000760,00145686,이화산업,KOSPI,기타 전문 도매업,1994-04-29,2018,0,,,0
000760,00145686,이화산업,KOSPI,기타 전문 도매업,1994-04-29,2019,0,,,0
000760,00145686,이화산업,KOSPI,기타 전문 도매업,1994-04-29,2020,0,,,0
000760,00145686,이화산업,KOSPI,기타 전문 도매업,1994-04-29,2021,1,20210326,20210326,1
000760,00145686,이화산업,KOSPI,기타 전문 도매업,1994-04-29,2022,0,,,0
000760,00145686,이화산업,KOSPI,기타 전문 도매업,1994-04-29,2023,0,,,0
000760,00145686,이화산업,KOSPI,기타 전문 도매업,1994-04-29,2024,4,20240314,20240315,1
014820,00132637,동원시스템즈,KOSPI,플라스틱제품 제조업,1994-03-29,2018,0,,,0
014820,00132637,동원시스템즈,KOSPI,플라스틱제품 제조업,1994-03-29,2019,0,,,0
014820,00132637,동원시스템즈,KOSPI,플라스틱제품 제조업,1994-03-29,2020,0,,,0
014820,00132637,동원시스템즈,KOSPI,플라스틱제품 제조업,1994-03-29,2021,0,,,0
014820,00132637,동원시스템즈,KOSPI,플라스틱제품 제조업,1994-03-29,2022,2,20220324,20220510,1
014820,00132637,동원시스템즈,KOSPI,플라스틱제품 제조업,1994-03-29,2023,0,,,0
014820,00132637,동원시스템즈,KOSPI,플라스틱제품 제조업,1994-03-29,2024,0,,,0
010140,00126478,삼성중공업,KOSPI,선박 및 보트 건조업,1994-01-28,2018,0,,,0
010140,00126478,삼성중공업,KOSPI,선박 및 보트 건조업,1994-01-28,2019,0,,,0
010140,00126478,삼성중공업,KOSPI,선박 및 보트 건조업,1994-01-28,2020,0,,,0
010140,00126478,삼성중공업,KOSPI,선박 및 보트 건조업,1994-01-28,2021,0,,,0
010140,00126478,삼성중공업,KOSPI,선박 및 보트 건조업,1994-01-28,2022,0,,,0
010140,00126478,삼성중공업,KOSPI,선박 및 보트 건조업,1994-01-28,2023,0,,,0
010140,00126478,삼성중공업,KOSPI,선박 및 보트 건조업,1994-01-28,2024,1,20240315,20240315,1
009680,00151128,모토닉,KOSPI,자동차 신품 부품 제조업,1994-01-14,2018,0,,,0
009680,00151128,모토닉,KOSPI,자동차 신품 부품 제조업,1994-01-14,2019,0,,,0
009680,00151128,모토닉,KOSPI,자동차 신품 부품 제조업,1994-01-14,2020,5,20200724,20200724,1
009680,00151128,모토닉,KOSPI,자동차 신품 부품 제조업,1994-01-14,2021,0,,,0
009680,00151128,모토닉,KOSPI,자동차 신품 부품 제조업,1994-01-14,2022,0,,,0
009680,00151128,모토닉,KOSPI,자동차 신품 부품 제조업,1994-01-14,2023,0,,,0
009680,00151128,모토닉,KOSPI,자동차 신품 부품 제조업,1994-01-14,2024,0,,,0
010690,00166315,화신,KOSPI,자동차 신품 부품 제조업,1994-01-14,2018,0,,,0
010690,00166315,화신,KOSPI,자동차 신품 부품 제조업,1994-01-14,2019,0,,,0
010690,00166315,화신,KOSPI,자동차 신품 부품 제조업,1994-01-14,2020,0,,,0
010690,00166315,화신,KOSPI,자동차 신품 부품 제조업,1994-01-14,2021,0,,,0
010690,00166315,화신,KOSPI,자동차 신품 부품 제조업,1994-01-14,2022,0,,,0
010690,00166315,화신,KOSPI,자동차 신품 부품 제조업,1994-01-14,2023,0,,,0
010690,00166315,화신,KOSPI,자동차 신품 부품 제조업,1994-01-14,2024,0,,,0
000390,00129387,SP삼화,KOSPI,기타 화학제품 제조업,1993-09-10,2018,0,,,0
000390,00129387,SP삼화,KOSPI,기타 화학제품 제조업,1993-09-10,2019,0,,,0
000390,00129387,SP삼화,KOSPI,기타 화학제품 제조업,1993-09-10,2020,0,,,0
000390,00129387,SP삼화,KOSPI,기타 화학제품 제조업,1993-09-10,2021,0,,,0
000390,00129387,SP삼화,KOSPI,기타 화학제품 제조업,1993-09-10,2022,0,,,0
000390,00129387,SP삼화,KOSPI,기타 화학제품 제조업,1993-09-10,2023,0,,,0
000390,00129387,SP삼화,KOSPI,기타 화학제품 제조업,1993-09-10,2024,0,,,0
009450,00101488,경동나비엔,KOSPI,가정용 기기 제조업,1993-08-31,2018,0,,,0
009450,00101488,경동나비엔,KOSPI,가정용 기기 제조업,1993-08-31,2019,0,,,0
009450,00101488,경동나비엔,KOSPI,가정용 기기 제조업,1993-08-31,2020,0,,,0
009450,00101488,경동나비엔,KOSPI,가정용 기기 제조업,1993-08-31,2021,2,20210319,20210419,1
009450,00101488,경동나비엔,KOSPI,가정용 기기 제조업,1993-08-31,2022,0,,,0
009450,00101488,경동나비엔,KOSPI,가정용 기기 제조업,1993-08-31,2023,0,,,0
009450,00101488,경동나비엔,KOSPI,가정용 기기 제조업,1993-08-31,2024,1,20240319,20240319,1
012030,00163345,DB,KOSPI,"컴퓨터 프로그래밍, 시스템 통합 및 관리업",1993-01-06,2018,0,,,0
012030,00163345,DB,KOSPI,"컴퓨터 프로그래밍, 시스템 통합 및 관리업",1993-01-06,2019,0,,,0
012030,00163345,DB,KOSPI,"컴퓨터 프로그래밍, 시스템 통합 및 관리업",1993-01-06,2020,0,,,0
012030,00163345,DB,KOSPI,"컴퓨터 프로그래밍, 시스템 통합 및 관리업",1993-01-06,2021,0,,,0
012030,00163345,DB,KOSPI,"컴퓨터 프로그래밍, 시스템 통합 및 관리업",1993-01-06,2022,0,,,0
012030,00163345,DB,KOSPI,"컴퓨터 프로그래밍, 시스템 통합 및 관리업",1993-01-06,2023,0,,,0
012030,00163345,DB,KOSPI,"컴퓨터 프로그래밍, 시스템 통합 및 관리업",1993-01-06,2024,0,,,0
005090,00125150,SGC에너지,KOSPI,전기업,1993-01-06,2018,1,20181106,20181106,1
005090,00125150,SGC에너지,KOSPI,전기업,1993-01-06,2019,0,,,0
005090,00125150,SGC에너지,KOSPI,전기업,1993-01-06,2020,0,,,0
005090,00125150,SGC에너지,KOSPI,전기업,1993-01-06,2021,0,,,0
005090,00125150,SGC에너지,KOSPI,전기업,1993-01-06,2022,1,20220812,20220812,1
005090,00125150,SGC에너지,KOSPI,전기업,1993-01-06,2023,0,,,0
005090,00125150,SGC에너지,KOSPI,전기업,1993-01-06,2024,0,,,0
005750,00109754,대림바스,KOSPI,"내화, 비내화 요업제품 제조업",1992-12-23,2018,0,,,0
005750,00109754,대림바스,KOSPI,"내화, 비내화 요업제품 제조업",1992-12-23,2019,0,,,0
005750,00109754,대림바스,KOSPI,"내화, 비내화 요업제품 제조업",1992-12-23,2020,0,,,0
005750,00109754,대림바스,KOSPI,"내화, 비내화 요업제품 제조업",1992-12-23,2021,1,20210318,20210318,1
005750,00109754,대림바스,KOSPI,"내화, 비내화 요업제품 제조업",1992-12-23,2022,0,,,0
005750,00109754,대림바스,KOSPI,"내화, 비내화 요업제품 제조업",1992-12-23,2023,0,,,0
005750,00109754,대림바스,KOSPI,"내화, 비내화 요업제품 제조업",1992-12-23,2024,0,,,0
005880,00113535,대한해운,KOSPI,해상 운송업,1992-04-23,2018,0,,,0
005880,00113535,대한해운,KOSPI,해상 운송업,1992-04-23,2019,0,,,0
005880,00113535,대한해운,KOSPI,해상 운송업,1992-04-23,2020,1,20200318,20200318,1
005880,00113535,대한해운,KOSPI,해상 운송업,1992-04-23,2021,0,,,0
005880,00113535,대한해운,KOSPI,해상 운송업,1992-04-23,2022,0,,,0
005880,00113535,대한해운,KOSPI,해상 운송업,1992-04-23,2023,0,,,0
005880,00113535,대한해운,KOSPI,해상 운송업,1992-04-23,2024,0,,,0
005870,00111421,휴니드테크놀러지스,KOSPI,통신 및 방송 장비 제조업,1991-09-03,2018,0,,,0
005870,00111421,휴니드테크놀러지스,KOSPI,통신 및 방송 장비 제조업,1991-09-03,2019,2,20191016,20191016,1
005870,00111421,휴니드테크놀러지스,KOSPI,통신 및 방송 장비 제조업,1991-09-03,2020,0,,,0
005870,00111421,휴니드테크놀러지스,KOSPI,통신 및 방송 장비 제조업,1991-09-03,2021,0,,,0
005870,00111421,휴니드테크놀러지스,KOSPI,통신 및 방송 장비 제조업,1991-09-03,2022,0,,,0
005870,00111421,휴니드테크놀러지스,KOSPI,통신 및 방송 장비 제조업,1991-09-03,2023,0,,,0
005870,00111421,휴니드테크놀러지스,KOSPI,통신 및 방송 장비 제조업,1991-09-03,2024,0,,,0
017550,00135111,수산세보틱스,KOSPI,특수 목적용 기계 제조업,1991-08-30,2018,2,20180330,20181016,1
017550,00135111,수산세보틱스,KOSPI,특수 목적용 기계 제조업,1991-08-30,2019,0,,,0
017550,00135111,수산세보틱스,KOSPI,특수 목적용 기계 제조업,1991-08-30,2020,1,20200330,20200330,1
017550,00135111,수산세보틱스,KOSPI,특수 목적용 기계 제조업,1991-08-30,2021,0,,,0
017550,00135111,수산세보틱스,KOSPI,특수 목적용 기계 제조업,1991-08-30,2022,0,,,0
017550,00135111,수산세보틱스,KOSPI,특수 목적용 기계 제조업,1991-08-30,2023,0,,,0
017550,00135111,수산세보틱스,KOSPI,특수 목적용 기계 제조업,1991-08-30,2024,0,,,0
011170,00165413,롯데케미칼,KOSPI,기초 화학물질 제조업,1991-05-30,2018,0,,,0
011170,00165413,롯데케미칼,KOSPI,기초 화학물질 제조업,1991-05-30,2019,1,20190726,20190726,1
011170,00165413,롯데케미칼,KOSPI,기초 화학물질 제조업,1991-05-30,2020,1,20200331,20200331,1
011170,00165413,롯데케미칼,KOSPI,기초 화학물질 제조업,1991-05-30,2021,0,,,0
011170,00165413,롯데케미칼,KOSPI,기초 화학물질 제조업,1991-05-30,2022,0,,,0
011170,00165413,롯데케미칼,KOSPI,기초 화학물질 제조업,1991-05-30,2023,1,20230321,20230321,1
011170,00165413,롯데케미칼,KOSPI,기초 화학물질 제조업,1991-05-30,2024,1,20240401,20240401,1
001430,00106669,세아베스틸지주,KOSPI,1차 철강 제조업,1991-03-12,2018,0,,,0
001430,00106669,세아베스틸지주,KOSPI,1차 철강 제조업,1991-03-12,2019,1,20190401,20190401,1
001430,00106669,세아베스틸지주,KOSPI,1차 철강 제조업,1991-03-12,2020,0,,,0
001430,00106669,세아베스틸지주,KOSPI,1차 철강 제조업,1991-03-12,2021,0,,,0
001430,00106669,세아베스틸지주,KOSPI,1차 철강 제조업,1991-03-12,2022,0,,,0
001430,00106669,세아베스틸지주,KOSPI,1차 철강 제조업,1991-03-12,2023,0,,,0
001430,00106669,세아베스틸지주,KOSPI,1차 철강 제조업,1991-03-12,2024,0,,,0
008770,00165680,호텔신라,KOSPI,기타 상품 전문 소매업,1991-03-12,2018,0,,,0
008770,00165680,호텔신라,KOSPI,기타 상품 전문 소매업,1991-03-12,2019,0,,,0
008770,00165680,호텔신라,KOSPI,기타 상품 전문 소매업,1991-03-12,2020,0,,,0
008770,00165680,호텔신라,KOSPI,기타 상품 전문 소매업,1991-03-12,2021,0,,,0
008770,00165680,호텔신라,KOSPI,기타 상품 전문 소매업,1991-03-12,2022,1,20220310,20220310,1
008770,00165680,호텔신라,KOSPI,기타 상품 전문 소매업,1991-03-12,2023,0,,,0
008770,00165680,호텔신라,KOSPI,기타 상품 전문 소매업,1991-03-12,2024,0,,,0
014580,00122481,태경비케이,KOSPI,"시멘트, 석회, 플라스터 및 그 제품 제조업",1991-03-07,2018,0,,,0
014580,00122481,태경비케이,KOSPI,"시멘트, 석회, 플라스터 및 그 제품 제조업",1991-03-07,2019,0,,,0
014580,00122481,태경비케이,KOSPI,"시멘트, 석회, 플라스터 및 그 제품 제조업",1991-03-07,2020,0,,,0
014580,00122481,태경비케이,KOSPI,"시멘트, 석회, 플라스터 및 그 제품 제조업",1991-03-07,2021,0,,,0
014580,00122481,태경비케이,KOSPI,"시멘트, 석회, 플라스터 및 그 제품 제조업",1991-03-07,2022,0,,,0
014580,00122481,태경비케이,KOSPI,"시멘트, 석회, 플라스터 및 그 제품 제조업",1991-03-07,2023,0,,,0
014580,00122481,태경비케이,KOSPI,"시멘트, 석회, 플라스터 및 그 제품 제조업",1991-03-07,2024,0,,,0
013520,00166272,화승코퍼레이션,KOSPI,자동차 신품 부품 제조업,1991-02-22,2018,0,,,0
013520,00166272,화승코퍼레이션,KOSPI,자동차 신품 부품 제조업,1991-02-22,2019,0,,,0
013520,00166272,화승코퍼레이션,KOSPI,자동차 신품 부품 제조업,1991-02-22,2020,0,,,0
013520,00166272,화승코퍼레이션,KOSPI,자동차 신품 부품 제조업,1991-02-22,2021,0,,,0
013520,00166272,화승코퍼레이션,KOSPI,자동차 신품 부품 제조업,1991-02-22,2022,1,20220328,20220328,1
013520,00166272,화승코퍼레이션,KOSPI,자동차 신품 부품 제조업,1991-02-22,2023,0,,,0
013520,00166272,화승코퍼레이션,KOSPI,자동차 신품 부품 제조업,1991-02-22,2024,0,,,0
004080,00173795,신흥,KOSPI,기계장비 및 관련 물품 도매업,1991-02-08,2018,0,,,0
004080,00173795,신흥,KOSPI,기계장비 및 관련 물품 도매업,1991-02-08,2019,0,,,0
004080,00173795,신흥,KOSPI,기계장비 및 관련 물품 도매업,1991-02-08,2020,0,,,0
004080,00173795,신흥,KOSPI,기계장비 및 관련 물품 도매업,1991-02-08,2021,0,,,0
004080,00173795,신흥,KOSPI,기계장비 및 관련 물품 도매업,1991-02-08,2022,0,,,0
004080,00173795,신흥,KOSPI,기계장비 및 관련 물품 도매업,1991-02-08,2023,1,20230411,20230411,1
004080,00173795,신흥,KOSPI,기계장비 및 관련 물품 도매업,1991-02-08,2024,0,,,0
006060,00166227,화승인더스트리,KOSPI,상품 종합 도매업,1991-02-04,2018,0,,,0
006060,00166227,화승인더스트리,KOSPI,상품 종합 도매업,1991-02-04,2019,0,,,0
006060,00166227,화승인더스트리,KOSPI,상품 종합 도매업,1991-02-04,2020,1,20200402,20200402,1
006060,00166227,화승인더스트리,KOSPI,상품 종합 도매업,1991-02-04,2021,0,,,0
006060,00166227,화승인더스트리,KOSPI,상품 종합 도매업,1991-02-04,2022,1,20220812,20220812,1
006060,00166227,화승인더스트리,KOSPI,상품 종합 도매업,1991-02-04,2023,0,,,0
006060,00166227,화승인더스트리,KOSPI,상품 종합 도매업,1991-02-04,2024,0,,,0
014530,00105156,극동유화,KOSPI,석유 정제품 제조업,1991-01-31,2018,0,,,0
014530,00105156,극동유화,KOSPI,석유 정제품 제조업,1991-01-31,2019,0,,,0
014530,00105156,극동유화,KOSPI,석유 정제품 제조업,1991-01-31,2020,0,,,0
014530,00105156,극동유화,KOSPI,석유 정제품 제조업,1991-01-31,2021,0,,,0
014530,00105156,극동유화,KOSPI,석유 정제품 제조업,1991-01-31,2022,0,,,0
014530,00105156,극동유화,KOSPI,석유 정제품 제조업,1991-01-31,2023,0,,,0
014530,00105156,극동유화,KOSPI,석유 정제품 제조업,1991-01-31,2024,0,,,0
002140,00102751,고려산업,KOSPI,"곡물가공품, 전분 및 전분제품 제조업",1991-01-14,2018,0,,,0
002140,00102751,고려산업,KOSPI,"곡물가공품, 전분 및 전분제품 제조업",1991-01-14,2019,0,,,0
002140,00102751,고려산업,KOSPI,"곡물가공품, 전분 및 전분제품 제조업",1991-01-14,2020,0,,,0
002140,00102751,고려산업,KOSPI,"곡물가공품, 전분 및 전분제품 제조업",1991-01-14,2021,0,,,0
002140,00102751,고려산업,KOSPI,"곡물가공품, 전분 및 전분제품 제조업",1991-01-14,2022,0,,,0
002140,00102751,고려산업,KOSPI,"곡물가공품, 전분 및 전분제품 제조업",1991-01-14,2023,0,,,0
002140,00102751,고려산업,KOSPI,"곡물가공품, 전분 및 전분제품 제조업",1991-01-14,2024,1,20240318,20240318,1
016090,00113614,대현,KOSPI,봉제의복 제조업,1990-09-20,2018,0,,,0
016090,00113614,대현,KOSPI,봉제의복 제조업,1990-09-20,2019,0,,,0
016090,00113614,대현,KOSPI,봉제의복 제조업,1990-09-20,2020,0,,,0
016090,00113614,대현,KOSPI,봉제의복 제조업,1990-09-20,2021,1,20210419,20210419,1
016090,00113614,대현,KOSPI,봉제의복 제조업,1990-09-20,2022,0,,,0
016090,00113614,대현,KOSPI,봉제의복 제조업,1990-09-20,2023,0,,,0
016090,00113614,대현,KOSPI,봉제의복 제조업,1990-09-20,2024,1,20240329,20240329,1
001620,00114765,케이비아이동국실업,KOSPI,자동차 신품 부품 제조업,1990-09-15,2018,0,,,0
001620,00114765,케이비아이동국실업,KOSPI,자동차 신품 부품 제조업,1990-09-15,2019,0,,,0
001620,00114765,케이비아이동국실업,KOSPI,자동차 신품 부품 제조업,1990-09-15,2020,0,,,0
001620,00114765,케이비아이동국실업,KOSPI,자동차 신품 부품 제조업,1990-09-15,2021,0,,,0
001620,00114765,케이비아이동국실업,KOSPI,자동차 신품 부품 제조업,1990-09-15,2022,0,,,0
001620,00114765,케이비아이동국실업,KOSPI,자동차 신품 부품 제조업,1990-09-15,2023,0,,,0
001620,00114765,케이비아이동국실업,KOSPI,자동차 신품 부품 제조업,1990-09-15,2024,0,,,0
017040,00103662,광명전기,KOSPI,"전동기, 발전기 및 전기 변환 · 공급 · 제어 장치 제조업",1990-09-14,2018,0,,,0
017040,00103662,광명전기,KOSPI,"전동기, 발전기 및 전기 변환 · 공급 · 제어 장치 제조업",1990-09-14,2019,2,20190314,20190314,1
017040,00103662,광명전기,KOSPI,"전동기, 발전기 및 전기 변환 · 공급 · 제어 장치 제조업",1990-09-14,2020,0,,,0
017040,00103662,광명전기,KOSPI,"전동기, 발전기 및 전기 변환 · 공급 · 제어 장치 제조업",1990-09-14,2021,0,,,0
017040,00103662,광명전기,KOSPI,"전동기, 발전기 및 전기 변환 · 공급 · 제어 장치 제조업",1990-09-14,2022,0,,,0
017040,00103662,광명전기,KOSPI,"전동기, 발전기 및 전기 변환 · 공급 · 제어 장치 제조업",1990-09-14,2023,0,,,0
017040,00103662,광명전기,KOSPI,"전동기, 발전기 및 전기 변환 · 공급 · 제어 장치 제조업",1990-09-14,2024,8,20241113,20241114,1
011390,00124027,부산산업,KOSPI,"시멘트, 석회, 플라스터 및 그 제품 제조업",1990-09-14,2018,0,,,0
011390,00124027,부산산업,KOSPI,"시멘트, 석회, 플라스터 및 그 제품 제조업",1990-09-14,2019,0,,,0
011390,00124027,부산산업,KOSPI,"시멘트, 석회, 플라스터 및 그 제품 제조업",1990-09-14,2020,0,,,0
011390,00124027,부산산업,KOSPI,"시멘트, 석회, 플라스터 및 그 제품 제조업",1990-09-14,2021,0,,,0
011390,00124027,부산산업,KOSPI,"시멘트, 석회, 플라스터 및 그 제품 제조업",1990-09-14,2022,0,,,0
011390,00124027,부산산업,KOSPI,"시멘트, 석회, 플라스터 및 그 제품 제조업",1990-09-14,2023,0,,,0
011390,00124027,부산산업,KOSPI,"시멘트, 석회, 플라스터 및 그 제품 제조업",1990-09-14,2024,0,,,0
011810,00138297,STX,KOSPI,상품 종합 도매업,1990-09-12,2018,0,,,0
011810,00138297,STX,KOSPI,상품 종합 도매업,1990-09-12,2019,1,20190709,20190709,1
011810,00138297,STX,KOSPI,상품 종합 도매업,1990-09-12,2020,0,,,0
011810,00138297,STX,KOSPI,상품 종합 도매업,1990-09-12,2021,0,,,0
011810,00138297,STX,KOSPI,상품 종합 도매업,1990-09-12,2022,1,20220331,20220331,1
011810,00138297,STX,KOSPI,상품 종합 도매업,1990-09-12,2023,0,,,0
011810,00138297,STX,KOSPI,상품 종합 도매업,1990-09-12,2024,0,,,0
010130,00102858,고려아연,KOSPI,1차 비철금속 제조업,1990-07-28,2018,1,20180405,20180405,1
010130,00102858,고려아연,KOSPI,1차 비철금속 제조업,1990-07-28,2019,0,,,0
010130,00102858,고려아연,KOSPI,1차 비철금속 제조업,1990-07-28,2020,0,,,0
010130,00102858,고려아연,KOSPI,1차 비철금속 제조업,1990-07-28,2021,0,,,0
010130,00102858,고려아연,KOSPI,1차 비철금속 제조업,1990-07-28,2022,0,,,0
010130,00102858,고려아연,KOSPI,1차 비철금속 제조업,1990-07-28,2023,0,,,0
010130,00102858,고려아연,KOSPI,1차 비철금속 제조업,1990-07-28,2024,1,20240328,20240328,1
004720,00135050,팜젠사이언스,KOSPI,의약품 제조업,1990-06-15,2018,0,,,0
004720,00135050,팜젠사이언스,KOSPI,의약품 제조업,1990-06-15,2019,0,,,0
004720,00135050,팜젠사이언스,KOSPI,의약품 제조업,1990-06-15,2020,0,,,0
004720,00135050,팜젠사이언스,KOSPI,의약품 제조업,1990-06-15,2021,0,,,0
004720,00135050,팜젠사이언스,KOSPI,의약품 제조업,1990-06-15,2022,0,,,0
004720,00135050,팜젠사이언스,KOSPI,의약품 제조업,1990-06-15,2023,0,,,0
004720,00135050,팜젠사이언스,KOSPI,의약품 제조업,1990-06-15,2024,0,,,0
009200,00136086,무림페이퍼,KOSPI,"펄프, 종이 및 판지 제조업",1990-06-09,2018,0,,,0
009200,00136086,무림페이퍼,KOSPI,"펄프, 종이 및 판지 제조업",1990-06-09,2019,0,,,0
009200,00136086,무림페이퍼,KOSPI,"펄프, 종이 및 판지 제조업",1990-06-09,2020,0,,,0
009200,00136086,무림페이퍼,KOSPI,"펄프, 종이 및 판지 제조업",1990-06-09,2021,0,,,0
009200,00136086,무림페이퍼,KOSPI,"펄프, 종이 및 판지 제조업",1990-06-09,2022,0,,,0
009200,00136086,무림페이퍼,KOSPI,"펄프, 종이 및 판지 제조업",1990-06-09,2023,0,,,0
009200,00136086,무림페이퍼,KOSPI,"펄프, 종이 및 판지 제조업",1990-06-09,2024,0,,,0
008870,00168401,금비,KOSPI,유리 및 유리제품 제조업,1990-06-08,2018,0,,,0
008870,00168401,금비,KOSPI,유리 및 유리제품 제조업,1990-06-08,2019,1,20191230,20191230,1
008870,00168401,금비,KOSPI,유리 및 유리제품 제조업,1990-06-08,2020,0,,,0
008870,00168401,금비,KOSPI,유리 및 유리제품 제조업,1990-06-08,2021,1,20211222,20211222,1
008870,00168401,금비,KOSPI,유리 및 유리제품 제조업,1990-06-08,2022,0,,,0
008870,00168401,금비,KOSPI,유리 및 유리제품 제조업,1990-06-08,2023,0,,,0
008870,00168401,금비,KOSPI,유리 및 유리제품 제조업,1990-06-08,2024,0,,,0
005820,00143794,원림,KOSPI,직물직조 및 직물제품 제조업,1990-04-20,2018,0,,,0
005820,00143794,원림,KOSPI,직물직조 및 직물제품 제조업,1990-04-20,2019,0,,,0
005820,00143794,원림,KOSPI,직물직조 및 직물제품 제조업,1990-04-20,2020,0,,,0
005820,00143794,원림,KOSPI,직물직조 및 직물제품 제조업,1990-04-20,2021,0,,,0
005820,00143794,원림,KOSPI,직물직조 및 직물제품 제조업,1990-04-20,2022,1,20220930,20220930,1
005820,00143794,원림,KOSPI,직물직조 및 직물제품 제조업,1990-04-20,2023,0,,,0
005820,00143794,원림,KOSPI,직물직조 및 직물제품 제조업,1990-04-20,2024,1,20240326,20240326,1
008490,00131692,서흥,KOSPI,기타 화학제품 제조업,1990-03-27,2018,0,,,0
008490,00131692,서흥,KOSPI,기타 화학제품 제조업,1990-03-27,2019,0,,,0
008490,00131692,서흥,KOSPI,기타 화학제품 제조업,1990-03-27,2020,0,,,0
008490,00131692,서흥,KOSPI,기타 화학제품 제조업,1990-03-27,2021,0,,,0
008490,00131692,서흥,KOSPI,기타 화학제품 제조업,1990-03-27,2022,0,,,0
008490,00131692,서흥,KOSPI,기타 화학제품 제조업,1990-03-27,2023,0,,,0
008490,00131692,서흥,KOSPI,기타 화학제품 제조업,1990-03-27,2024,0,,,0
014910,00132628,성문전자,KOSPI,전자부품 제조업,1990-03-24,2018,0,,,0
014910,00132628,성문전자,KOSPI,전자부품 제조업,1990-03-24,2019,0,,,0
014910,00132628,성문전자,KOSPI,전자부품 제조업,1990-03-24,2020,0,,,0
014910,00132628,성문전자,KOSPI,전자부품 제조업,1990-03-24,2021,0,,,0
014910,00132628,성문전자,KOSPI,전자부품 제조업,1990-03-24,2022,0,,,0
014910,00132628,성문전자,KOSPI,전자부품 제조업,1990-03-24,2023,0,,,0
014910,00132628,성문전자,KOSPI,전자부품 제조업,1990-03-24,2024,0,,,0
003580,00169048,HLB글로벌,KOSPI,종합 소매업,1990-03-23,2018,2,20180830,20180830,1
003580,00169048,HLB글로벌,KOSPI,종합 소매업,1990-03-23,2019,0,,,0
003580,00169048,HLB글로벌,KOSPI,종합 소매업,1990-03-23,2020,1,20200515,20200515,1
003580,00169048,HLB글로벌,KOSPI,종합 소매업,1990-03-23,2021,0,,,0
003580,00169048,HLB글로벌,KOSPI,종합 소매업,1990-03-23,2022,0,,,0
003580,00169048,HLB글로벌,KOSPI,종합 소매업,1990-03-23,2023,0,,,0
003580,00169048,HLB글로벌,KOSPI,종합 소매업,1990-03-23,2024,0,,,0
014160,00111458,대영포장,KOSPI,"골판지, 종이 상자 및 종이용기 제조업",1990-03-06,2018,0,,,0
014160,00111458,대영포장,KOSPI,"골판지, 종이 상자 및 종이용기 제조업",1990-03-06,2019,0,,,0
014160,00111458,대영포장,KOSPI,"골판지, 종이 상자 및 종이용기 제조업",1990-03-06,2020,0,,,0
014160,00111458,대영포장,KOSPI,"골판지, 종이 상자 및 종이용기 제조업",1990-03-06,2021,0,,,0
014160,00111458,대영포장,KOSPI,"골판지, 종이 상자 및 종이용기 제조업",1990-03-06,2022,2,20220322,20220322,1
014160,00111458,대영포장,KOSPI,"골판지, 종이 상자 및 종이용기 제조업",1990-03-06,2023,0,,,0
014160,00111458,대영포장,KOSPI,"골판지, 종이 상자 및 종이용기 제조업",1990-03-06,2024,0,,,0
012280,00141413,영화금속,KOSPI,자동차 신품 부품 제조업,1990-01-25,2018,0,,,0
012280,00141413,영화금속,KOSPI,자동차 신품 부품 제조업,1990-01-25,2019,0,,,0
012280,00141413,영화금속,KOSPI,자동차 신품 부품 제조업,1990-01-25,2020,0,,,0
012280,00141413,영화금속,KOSPI,자동차 신품 부품 제조업,1990-01-25,2021,0,,,0
012280,00141413,영화금속,KOSPI,자동차 신품 부품 제조업,1990-01-25,2022,0,,,0
012280,00141413,영화금속,KOSPI,자동차 신품 부품 제조업,1990-01-25,2023,0,,,0
012280,00141413,영화금속,KOSPI,자동차 신품 부품 제조업,1990-01-25,2024,0,,,0
019170,00137359,신풍제약,KOSPI,의약품 제조업,1990-01-20,2018,1,20180611,20180611,1
019170,00137359,신풍제약,KOSPI,의약품 제조업,1990-01-20,2019,0,,,0
019170,00137359,신풍제약,KOSPI,의약품 제조업,1990-01-20,2020,3,20201016,20201016,1
019170,00137359,신풍제약,KOSPI,의약품 제조업,1990-01-20,2021,0,,,0
019170,00137359,신풍제약,KOSPI,의약품 제조업,1990-01-20,2022,0,,,0
019170,00137359,신풍제약,KOSPI,의약품 제조업,1990-01-20,2023,10,20230502,20230712,1
019170,00137359,신풍제약,KOSPI,의약품 제조업,1990-01-20,2024,1,20240322,20240322,1
002210,00116268,동성제약,KOSPI,의약품 제조업,1990-01-19,2018,0,,,0
002210,00116268,동성제약,KOSPI,의약품 제조업,1990-01-19,2019,1,20190710,20190710,1
002210,00116268,동성제약,KOSPI,의약품 제조업,1990-01-19,2020,0,,,0
002210,00116268,동성제약,KOSPI,의약품 제조업,1990-01-19,2021,0,,,0
002210,00116268,동성제약,KOSPI,의약품 제조업,1990-01-19,2022,2,20220318,20220328,1
002210,00116268,동성제약,KOSPI,의약품 제조업,1990-01-19,2023,1,20230331,20230331,1
002210,00116268,동성제약,KOSPI,의약품 제조업,1990-01-19,2024,0,,,0
012170,00145437,아센디오,KOSPI,"영화, 비디오물, 방송프로그램 제작 및 배급업",1989-12-20,2018,2,20180402,20180411,1
012170,00145437,아센디오,KOSPI,"영화, 비디오물, 방송프로그램 제작 및 배급업",1989-12-20,2019,0,,,0
012170,00145437,아센디오,KOSPI,"영화, 비디오물, 방송프로그램 제작 및 배급업",1989-12-20,2020,0,,,0
012170,00145437,아센디오,KOSPI,"영화, 비디오물, 방송프로그램 제작 및 배급업",1989-12-20,2021,2,20210203,20210416,1
012170,00145437,아센디오,KOSPI,"영화, 비디오물, 방송프로그램 제작 및 배급업",1989-12-20,2022,1,20220816,20220816,1
012170,00145437,아센디오,KOSPI,"영화, 비디오물, 방송프로그램 제작 및 배급업",1989-12-20,2023,0,,,0
012170,00145437,아센디오,KOSPI,"영화, 비디오물, 방송프로그램 제작 및 배급업",1989-12-20,2024,2,20240731,20240801,1
009420,00162586,한올바이오파마,KOSPI,의약품 제조업,1989-12-18,2018,0,,,0
009420,00162586,한올바이오파마,KOSPI,의약품 제조업,1989-12-18,2019,0,,,0
009420,00162586,한올바이오파마,KOSPI,의약품 제조업,1989-12-18,2020,0,,,0
009420,00162586,한올바이오파마,KOSPI,의약품 제조업,1989-12-18,2021,0,,,0
009420,00162586,한올바이오파마,KOSPI,의약품 제조업,1989-12-18,2022,1,20220816,20220816,1
009420,00162586,한올바이오파마,KOSPI,의약품 제조업,1989-12-18,2023,0,,,0
009420,00162586,한올바이오파마,KOSPI,의약품 제조업,1989-12-18,2024,0,,,0
011330,00137207,유니켐,KOSPI,자동차 신품 부품 제조업,1989-12-14,2018,0,,,0
011330,00137207,유니켐,KOSPI,자동차 신품 부품 제조업,1989-12-14,2019,0,,,0
011330,00137207,유니켐,KOSPI,자동차 신품 부품 제조업,1989-12-14,2020,1,20200514,20200514,1
011330,00137207,유니켐,KOSPI,자동차 신품 부품 제조업,1989-12-14,2021,0,,,0
011330,00137207,유니켐,KOSPI,자동차 신품 부품 제조업,1989-12-14,2022,0,,,0
011330,00137207,유니켐,KOSPI,자동차 신품 부품 제조업,1989-12-14,2023,1,20230329,20230329,1
011330,00137207,유니켐,KOSPI,자동차 신품 부품 제조업,1989-12-14,2024,0,,,0
012800,00112651,대창,KOSPI,1차 비철금속 제조업,1989-12-05,2018,0,,,0
012800,00112651,대창,KOSPI,1차 비철금속 제조업,1989-12-05,2019,1,20190625,20190625,1
012800,00112651,대창,KOSPI,1차 비철금속 제조업,1989-12-05,2020,0,,,0
012800,00112651,대창,KOSPI,1차 비철금속 제조업,1989-12-05,2021,0,,,0
012800,00112651,대창,KOSPI,1차 비철금속 제조업,1989-12-05,2022,0,,,0
012800,00112651,대창,KOSPI,1차 비철금속 제조업,1989-12-05,2023,0,,,0
012800,00112651,대창,KOSPI,1차 비철금속 제조업,1989-12-05,2024,0,,,0
013360,00146232,일성건설,KOSPI,토목 건설업,1989-12-02,2018,0,,,0
013360,00146232,일성건설,KOSPI,토목 건설업,1989-12-02,2019,0,,,0
013360,00146232,일성건설,KOSPI,토목 건설업,1989-12-02,2020,0,,,0
013360,00146232,일성건설,KOSPI,토목 건설업,1989-12-02,2021,0,,,0
013360,00146232,일성건설,KOSPI,토목 건설업,1989-12-02,2022,0,,,0
013360,00146232,일성건설,KOSPI,토목 건설업,1989-12-02,2023,0,,,0
013360,00146232,일성건설,KOSPI,토목 건설업,1989-12-02,2024,0,,,0
013700,00129420,까뮤이앤씨,KOSPI,건물 건설업,1989-11-30,2018,3,20181204,20181204,1
013700,00129420,까뮤이앤씨,KOSPI,건물 건설업,1989-11-30,2019,0,,,0
013700,00129420,까뮤이앤씨,KOSPI,건물 건설업,1989-11-30,2020,0,,,0
013700,00129420,까뮤이앤씨,KOSPI,건물 건설업,1989-11-30,2021,0,,,0
013700,00129420,까뮤이앤씨,KOSPI,건물 건설업,1989-11-30,2022,1,20220711,20220711,1
013700,00129420,까뮤이앤씨,KOSPI,건물 건설업,1989-11-30,2023,0,,,0
013700,00129420,까뮤이앤씨,KOSPI,건물 건설업,1989-11-30,2024,0,,,0
002760,00123107,보락,KOSPI,기타 화학제품 제조업,1989-11-30,2018,0,,,0
002760,00123107,보락,KOSPI,기타 화학제품 제조업,1989-11-30,2019,0,,,0
002760,00123107,보락,KOSPI,기타 화학제품 제조업,1989-11-30,2020,0,,,0
002760,00123107,보락,KOSPI,기타 화학제품 제조업,1989-11-30,2021,0,,,0
002760,00123107,보락,KOSPI,기타 화학제품 제조업,1989-11-30,2022,0,,,0
002760,00123107,보락,KOSPI,기타 화학제품 제조업,1989-11-30,2023,0,,,0
002760,00123107,보락,KOSPI,기타 화학제품 제조업,1989-11-30,2024,0,,,0
007610,00131939,선도전기,KOSPI,"전동기, 발전기 및 전기 변환 · 공급 · 제어 장치 제조업",1989-11-30,2018,0,,,0
007610,00131939,선도전기,KOSPI,"전동기, 발전기 및 전기 변환 · 공급 · 제어 장치 제조업",1989-11-30,2019,0,,,0
007610,00131939,선도전기,KOSPI,"전동기, 발전기 및 전기 변환 · 공급 · 제어 장치 제조업",1989-11-30,2020,0,,,0
007610,00131939,선도전기,KOSPI,"전동기, 발전기 및 전기 변환 · 공급 · 제어 장치 제조업",1989-11-30,2021,2,20210322,20210326,1
007610,00131939,선도전기,KOSPI,"전동기, 발전기 및 전기 변환 · 공급 · 제어 장치 제조업",1989-11-30,2022,0,,,0
007610,00131939,선도전기,KOSPI,"전동기, 발전기 및 전기 변환 · 공급 · 제어 장치 제조업",1989-11-30,2023,2,20230327,20231229,1
007610,00131939,선도전기,KOSPI,"전동기, 발전기 및 전기 변환 · 공급 · 제어 장치 제조업",1989-11-30,2024,2,20240502,20240502,1
004920,00127158,씨아이테크,KOSPI,영상 및 음향기기 제조업,1989-11-30,2018,0,,,0
004920,00127158,씨아이테크,KOSPI,영상 및 음향기기 제조업,1989-11-30,2019,0,,,0
004920,00127158,씨아이테크,KOSPI,영상 및 음향기기 제조업,1989-11-30,2020,0,,,0
004920,00127158,씨아이테크,KOSPI,영상 및 음향기기 제조업,1989-11-30,2021,1,20210517,20210517,1
004920,00127158,씨아이테크,KOSPI,영상 및 음향기기 제조업,1989-11-30,2022,0,,,0
004920,00127158,씨아이테크,KOSPI,영상 및 음향기기 제조업,1989-11-30,2023,0,,,0
004920,00127158,씨아이테크,KOSPI,영상 및 음향기기 제조업,1989-11-30,2024,1,20240402,20240402,1
009290,00103592,광동제약,KOSPI,의약품 제조업,1989-11-17,2018,0,,,0
009290,00103592,광동제약,KOSPI,의약품 제조업,1989-11-17,2019,0,,,0
009290,00103592,광동제약,KOSPI,의약품 제조업,1989-11-17,2020,0,,,0
009290,00103592,광동제약,KOSPI,의약품 제조업,1989-11-17,2021,2,20210405,20210405,1
009290,00103592,광동제약,KOSPI,의약품 제조업,1989-11-17,2022,0,,,0
009290,00103592,광동제약,KOSPI,의약품 제조업,1989-11-17,2023,1,20230321,20230321,1
009290,00103592,광동제약,KOSPI,의약품 제조업,1989-11-17,2024,1,20240322,20240322,1
011420,00129554,갤럭시아에스엠,KOSPI,스포츠 서비스업,1989-11-14,2018,0,,,0
011420,00129554,갤럭시아에스엠,KOSPI,스포츠 서비스업,1989-11-14,2019,0,,,0
011420,00129554,갤럭시아에스엠,KOSPI,스포츠 서비스업,1989-11-14,2020,2,20200331,20200331,1
011420,00129554,갤럭시아에스엠,KOSPI,스포츠 서비스업,1989-11-14,2021,0,,,0
011420,00129554,갤럭시아에스엠,KOSPI,스포츠 서비스업,1989-11-14,2022,1,20220323,20220323,1
011420,00129554,갤럭시아에스엠,KOSPI,스포츠 서비스업,1989-11-14,2023,0,,,0
011420,00129554,갤럭시아에스엠,KOSPI,스포츠 서비스업,1989-11-14,2024,0,,,0
004270,00172185,남성,KOSPI,기타 전문 도매업,1989-11-14,2018,0,,,0
004270,00172185,남성,KOSPI,기타 전문 도매업,1989-11-14,2019,0,,,0
004270,00172185,남성,KOSPI,기타 전문 도매업,1989-11-14,2020,0,,,0
004270,00172185,남성,KOSPI,기타 전문 도매업,1989-11-14,2021,0,,,0
004270,00172185,남성,KOSPI,기타 전문 도매업,1989-11-14,2022,0,,,0
004270,00172185,남성,KOSPI,기타 전문 도매업,1989-11-14,2023,0,,,0
004270,00172185,남성,KOSPI,기타 전문 도매업,1989-11-14,2024,0,,,0
001940,00159740,KISCO홀딩스,KOSPI,1차 철강 제조업,1989-11-13,2018,0,,,0
001940,00159740,KISCO홀딩스,KOSPI,1차 철강 제조업,1989-11-13,2019,1,20190418,20190418,1
001940,00159740,KISCO홀딩스,KOSPI,1차 철강 제조업,1989-11-13,2020,0,,,0
001940,00159740,KISCO홀딩스,KOSPI,1차 철강 제조업,1989-11-13,2021,1,20210326,20210326,1
001940,00159740,KISCO홀딩스,KOSPI,1차 철강 제조업,1989-11-13,2022,0,,,0
001940,00159740,KISCO홀딩스,KOSPI,1차 철강 제조업,1989-11-13,2023,1,20230324,20230324,1
001940,00159740,KISCO홀딩스,KOSPI,1차 철강 제조업,1989-11-13,2024,0,,,0
009410,00153861,태영건설,KOSPI,토목 건설업,1989-11-13,2018,1,20180612,20180612,1
009410,00153861,태영건설,KOSPI,토목 건설업,1989-11-13,2019,0,,,0
009410,00153861,태영건설,KOSPI,토목 건설업,1989-11-13,2020,0,,,0
009410,00153861,태영건설,KOSPI,토목 건설업,1989-11-13,2021,0,,,0
009410,00153861,태영건설,KOSPI,토목 건설업,1989-11-13,2022,0,,,0
009410,00153861,태영건설,KOSPI,토목 건설업,1989-11-13,2023,1,20230317,20230317,1
009410,00153861,태영건설,KOSPI,토목 건설업,1989-11-13,2024,1,20240927,20240927,1
007280,00124090,한국특강,KOSPI,1차 철강 제조업,1989-11-13,2018,1,20180612,20180612,1
007280,00124090,한국특강,KOSPI,1차 철강 제조업,1989-11-13,2019,0,,,0
007280,00124090,한국특강,KOSPI,1차 철강 제조업,1989-11-13,2020,0,,,0
007280,00124090,한국특강,KOSPI,1차 철강 제조업,1989-11-13,2021,2,20210817,20210818,1
007280,00124090,한국특강,KOSPI,1차 철강 제조업,1989-11-13,2022,0,,,0
007280,00124090,한국특강,KOSPI,1차 철강 제조업,1989-11-13,2023,0,,,0
007280,00124090,한국특강,KOSPI,1차 철강 제조업,1989-11-13,2024,1,20240318,20240318,1
009180,00140946,한솔로지스틱스,KOSPI,기타 운송관련 서비스업,1989-11-13,2018,2,20180604,20180615,1
009180,00140946,한솔로지스틱스,KOSPI,기타 운송관련 서비스업,1989-11-13,2019,0,,,0
009180,00140946,한솔로지스틱스,KOSPI,기타 운송관련 서비스업,1989-11-13,2020,0,,,0
009180,00140946,한솔로지스틱스,KOSPI,기타 운송관련 서비스업,1989-11-13,2021,0,,,0
009180,00140946,한솔로지스틱스,KOSPI,기타 운송관련 서비스업,1989-11-13,2022,0,,,0
009180,00140946,한솔로지스틱스,KOSPI,기타 운송관련 서비스업,1989-11-13,2023,0,,,0
009180,00140946,한솔로지스틱스,KOSPI,기타 운송관련 서비스업,1989-11-13,2024,0,,,0
002170,00127042,SYTS,KOSPI,"가죽, 가방 및 유사제품 제조업",1989-11-10,2018,0,,,0
002170,00127042,SYTS,KOSPI,"가죽, 가방 및 유사제품 제조업",1989-11-10,2019,0,,,0
002170,00127042,SYTS,KOSPI,"가죽, 가방 및 유사제품 제조업",1989-11-10,2020,1,20200401,20200401,1
002170,00127042,SYTS,KOSPI,"가죽, 가방 및 유사제품 제조업",1989-11-10,2021,0,,,0
002170,00127042,SYTS,KOSPI,"가죽, 가방 및 유사제품 제조업",1989-11-10,2022,1,20220331,20220331,1
002170,00127042,SYTS,KOSPI,"가죽, 가방 및 유사제품 제조업",1989-11-10,2023,0,,,0
002170,00127042,SYTS,KOSPI,"가죽, 가방 및 유사제품 제조업",1989-11-10,2024,0,,,0
017670,00159023,SK텔레콤,KOSPI,전기 통신업,1989-11-07,2018,0,,,0
017670,00159023,SK텔레콤,KOSPI,전기 통신업,1989-11-07,2019,0,,,0
017670,00159023,SK텔레콤,KOSPI,전기 통신업,1989-11-07,2020,0,,,0
017670,00159023,SK텔레콤,KOSPI,전기 통신업,1989-11-07,2021,0,,,0
017670,00159023,SK텔레콤,KOSPI,전기 통신업,1989-11-07,2022,1,20220812,20220812,1
017670,00159023,SK텔레콤,KOSPI,전기 통신업,1989-11-07,2023,0,,,0
017670,00159023,SK텔레콤,KOSPI,전기 통신업,1989-11-07,2024,0,,,0
010640,00160375,진양폴리우레탄,KOSPI,플라스틱제품 제조업,1989-09-30,2018,0,,,0
010640,00160375,진양폴리우레탄,KOSPI,플라스틱제품 제조업,1989-09-30,2019,0,,,0
010640,00160375,진양폴리우레탄,KOSPI,플라스틱제품 제조업,1989-09-30,2020,0,,,0
010640,00160375,진양폴리우레탄,KOSPI,플라스틱제품 제조업,1989-09-30,2021,0,,,0
010640,00160375,진양폴리우레탄,KOSPI,플라스틱제품 제조업,1989-09-30,2022,1,20220729,20220729,1
010640,00160375,진양폴리우레탄,KOSPI,플라스틱제품 제조업,1989-09-30,2023,0,,,0
010640,00160375,진양폴리우레탄,KOSPI,플라스틱제품 제조업,1989-09-30,2024,0,,,0
003650,00122056,미창석유공업,KOSPI,석유 정제품 제조업,1989-09-27,2018,1,20180329,20180329,1
003650,00122056,미창석유공업,KOSPI,석유 정제품 제조업,1989-09-27,2019,0,,,0
003650,00122056,미창석유공업,KOSPI,석유 정제품 제조업,1989-09-27,2020,0,,,0
003650,00122056,미창석유공업,KOSPI,석유 정제품 제조업,1989-09-27,2021,0,,,0
003650,00122056,미창석유공업,KOSPI,석유 정제품 제조업,1989-09-27,2022,0,,,0
003650,00122056,미창석유공업,KOSPI,석유 정제품 제조업,1989-09-27,2023,0,,,0
003650,00122056,미창석유공업,KOSPI,석유 정제품 제조업,1989-09-27,2024,0,,,0
004380,00127802,삼익THK,KOSPI,일반 목적용 기계 제조업,1989-09-26,2018,0,,,0
004380,00127802,삼익THK,KOSPI,일반 목적용 기계 제조업,1989-09-26,2019,1,20190626,20190626,1
004380,00127802,삼익THK,KOSPI,일반 목적용 기계 제조업,1989-09-26,2020,0,,,0
004380,00127802,삼익THK,KOSPI,일반 목적용 기계 제조업,1989-09-26,2021,0,,,0
004380,00127802,삼익THK,KOSPI,일반 목적용 기계 제조업,1989-09-26,2022,1,20220329,20220329,1
004380,00127802,삼익THK,KOSPI,일반 목적용 기계 제조업,1989-09-26,2023,0,,,0
004380,00127802,삼익THK,KOSPI,일반 목적용 기계 제조업,1989-09-26,2024,0,,,0
002840,00121932,미원상사,KOSPI,기타 화학제품 제조업,1989-09-25,2018,0,,,0
002840,00121932,미원상사,KOSPI,기타 화학제품 제조업,1989-09-25,2019,0,,,0
002840,00121932,미원상사,KOSPI,기타 화학제품 제조업,1989-09-25,2020,1,20200401,20200401,1
002840,00121932,미원상사,KOSPI,기타 화학제품 제조업,1989-09-25,2021,1,20210419,20210419,1
002840,00121932,미원상사,KOSPI,기타 화학제품 제조업,1989-09-25,2022,1,20220728,20220728,1
002840,00121932,미원상사,KOSPI,기타 화학제품 제조업,1989-09-25,2023,0,,,0
002840,00121932,미원상사,KOSPI,기타 화학제품 제조업,1989-09-25,2024,0,,,0
013000,00134176,세우글로벌,KOSPI,기타 전문 도매업,1989-09-05,2018,0,,,0
013000,00134176,세우글로벌,KOSPI,기타 전문 도매업,1989-09-05,2019,0,,,0
013000,00134176,세우글로벌,KOSPI,기타 전문 도매업,1989-09-05,2020,0,,,0
013000,00134176,세우글로벌,KOSPI,기타 전문 도매업,1989-09-05,2021,1,20210910,20210910,1
013000,00134176,세우글로벌,KOSPI,기타 전문 도매업,1989-09-05,2022,1,20220728,20220728,1
013000,00134176,세우글로벌,KOSPI,기타 전문 도매업,1989-09-05,2023,2,20230323,20230724,1
013000,00134176,세우글로벌,KOSPI,기타 전문 도매업,1989-09-05,2024,0,,,0
012330,00164788,현대모비스,KOSPI,자동차 신품 부품 제조업,1989-09-05,2018,0,,,0
012330,00164788,현대모비스,KOSPI,자동차 신품 부품 제조업,1989-09-05,2019,1,20190401,20190401,1
012330,00164788,현대모비스,KOSPI,자동차 신품 부품 제조업,1989-09-05,2020,0,,,0
012330,00164788,현대모비스,KOSPI,자동차 신품 부품 제조업,1989-09-05,2021,1,20210326,20210326,1
012330,00164788,현대모비스,KOSPI,자동차 신품 부품 제조업,1989-09-05,2022,1,20221005,20221005,1
012330,00164788,현대모비스,KOSPI,자동차 신품 부품 제조업,1989-09-05,2023,1,20230321,20230321,1
012330,00164788,현대모비스,KOSPI,자동차 신품 부품 제조업,1989-09-05,2024,1,20240319,20240319,1
001390,00101220,KG케미칼,KOSPI,기초 화학물질 제조업,1989-08-25,2018,0,,,0
001390,00101220,KG케미칼,KOSPI,기초 화학물질 제조업,1989-08-25,2019,0,,,0
001390,00101220,KG케미칼,KOSPI,기초 화학물질 제조업,1989-08-25,2020,1,20200217,20200217,1
001390,00101220,KG케미칼,KOSPI,기초 화학물질 제조업,1989-08-25,2021,0,,,0
001390,00101220,KG케미칼,KOSPI,기초 화학물질 제조업,1989-08-25,2022,0,,,0
001390,00101220,KG케미칼,KOSPI,기초 화학물질 제조업,1989-08-25,2023,0,,,0
001390,00101220,KG케미칼,KOSPI,기초 화학물질 제조업,1989-08-25,2024,0,,,0
009320,00111689,아진전자부품,KOSPI,자동차 신품 부품 제조업,1989-08-25,2018,0,,,0
009320,00111689,아진전자부품,KOSPI,자동차 신품 부품 제조업,1989-08-25,2019,0,,,0
009320,00111689,아진전자부품,KOSPI,자동차 신품 부품 제조업,1989-08-25,2020,0,,,0
009320,00111689,아진전자부품,KOSPI,자동차 신품 부품 제조업,1989-08-25,2021,1,20210325,20210325,1
009320,00111689,아진전자부품,KOSPI,자동차 신품 부품 제조업,1989-08-25,2022,0,,,0
009320,00111689,아진전자부품,KOSPI,자동차 신품 부품 제조업,1989-08-25,2023,0,,,0
009320,00111689,아진전자부품,KOSPI,자동차 신품 부품 제조업,1989-08-25,2024,0,,,0
015760,00159193,한국전력공사,KOSPI,전기업,1989-08-10,2018,0,,,0
015760,00159193,한국전력공사,KOSPI,전기업,1989-08-10,2019,0,,,0
015760,00159193,한국전력공사,KOSPI,전기업,1989-08-10,2020,1,20200402,20200402,1
015760,00159193,한국전력공사,KOSPI,전기업,1989-08-10,2021,1,20210514,20210514,1
015760,00159193,한국전력공사,KOSPI,전기업,1989-08-10,2022,1,20220516,20220516,1
015760,00159193,한국전력공사,KOSPI,전기업,1989-08-10,2023,2,20230410,20230525,1
015760,00159193,한국전력공사,KOSPI,전기업,1989-08-10,2024,1,20240329,20240329,1
007690,00104388,국도화학,KOSPI,기초 화학물질 제조업,1989-08-05,2018,0,,,0
007690,00104388,국도화학,KOSPI,기초 화학물질 제조업,1989-08-05,2019,0,,,0
007690,00104388,국도화학,KOSPI,기초 화학물질 제조업,1989-08-05,2020,0,,,0
007690,00104388,국도화학,KOSPI,기초 화학물질 제조업,1989-08-05,2021,2,20210312,20210312,1
007690,00104388,국도화학,KOSPI,기초 화학물질 제조업,1989-08-05,2022,0,,,0
007690,00104388,국도화학,KOSPI,기초 화학물질 제조업,1989-08-05,2023,0,,,0
007690,00104388,국도화학,KOSPI,기초 화학물질 제조업,1989-08-05,2024,0,,,0
006280,00129679,녹십자,KOSPI,의약품 제조업,1989-08-01,2018,1,20180618,20180618,1
006280,00129679,녹십자,KOSPI,의약품 제조업,1989-08-01,2019,0,,,0
006280,00129679,녹십자,KOSPI,의약품 제조업,1989-08-01,2020,0,,,0
006280,00129679,녹십자,KOSPI,의약품 제조업,1989-08-01,2021,2,20210324,20210428,1
006280,00129679,녹십자,KOSPI,의약품 제조업,1989-08-01,2022,0,,,0
006280,00129679,녹십자,KOSPI,의약품 제조업,1989-08-01,2023,0,,,0
006280,00129679,녹십자,KOSPI,의약품 제조업,1989-08-01,2024,0,,,0
009160,00138260,SIMPAC,KOSPI,1차 철강 제조업,1989-07-29,2018,0,,,0
009160,00138260,SIMPAC,KOSPI,1차 철강 제조업,1989-07-29,2019,0,,,0
009160,00138260,SIMPAC,KOSPI,1차 철강 제조업,1989-07-29,2020,0,,,0
009160,00138260,SIMPAC,KOSPI,1차 철강 제조업,1989-07-29,2021,0,,,0
009160,00138260,SIMPAC,KOSPI,1차 철강 제조업,1989-07-29,2022,0,,,0
009160,00138260,SIMPAC,KOSPI,1차 철강 제조업,1989-07-29,2023,0,,,0
009160,00138260,SIMPAC,KOSPI,1차 철강 제조업,1989-07-29,2024,0,,,0
008600,00104999,윌비스,KOSPI,생활용품 도매업,1989-07-28,2018,0,,,0
008600,00104999,윌비스,KOSPI,생활용품 도매업,1989-07-28,2019,0,,,0
008600,00104999,윌비스,KOSPI,생활용품 도매업,1989-07-28,2020,0,,,0
008600,00104999,윌비스,KOSPI,생활용품 도매업,1989-07-28,2021,0,,,0
008600,00104999,윌비스,KOSPI,생활용품 도매업,1989-07-28,2022,2,20220331,20221226,1
008600,00104999,윌비스,KOSPI,생활용품 도매업,1989-07-28,2023,0,,,0
008600,00104999,윌비스,KOSPI,생활용품 도매업,1989-07-28,2024,0,,,0
015230,00112679,대창단조,KOSPI,자동차 신품 부품 제조업,1989-07-25,2018,0,,,0
015230,00112679,대창단조,KOSPI,자동차 신품 부품 제조업,1989-07-25,2019,0,,,0
015230,00112679,대창단조,KOSPI,자동차 신품 부품 제조업,1989-07-25,2020,0,,,0
015230,00112679,대창단조,KOSPI,자동차 신품 부품 제조업,1989-07-25,2021,0,,,0
015230,00112679,대창단조,KOSPI,자동차 신품 부품 제조업,1989-07-25,2022,1,20220930,20220930,1
015230,00112679,대창단조,KOSPI,자동차 신품 부품 제조업,1989-07-25,2023,0,,,0
015230,00112679,대창단조,KOSPI,자동차 신품 부품 제조업,1989-07-25,2024,0,,,0
007160,00124799,사조산업,KOSPI,수산물 가공 및 저장 처리업,1989-07-25,2018,0,,,0
007160,00124799,사조산업,KOSPI,수산물 가공 및 저장 처리업,1989-07-25,2019,0,,,0
007160,00124799,사조산업,KOSPI,수산물 가공 및 저장 처리업,1989-07-25,2020,0,,,0
007160,00124799,사조산업,KOSPI,수산물 가공 및 저장 처리업,1989-07-25,2021,0,,,0
007160,00124799,사조산업,KOSPI,수산물 가공 및 저장 처리업,1989-07-25,2022,0,,,0
007160,00124799,사조산업,KOSPI,수산물 가공 및 저장 처리업,1989-07-25,2023,0,,,0
007160,00124799,사조산업,KOSPI,수산물 가공 및 저장 처리업,1989-07-25,2024,0,,,0
014130,00129509,한익스프레스,KOSPI,도로 화물 운송업,1989-07-25,2018,0,,,0
014130,00129509,한익스프레스,KOSPI,도로 화물 운송업,1989-07-25,2019,0,,,0
014130,00129509,한익스프레스,KOSPI,도로 화물 운송업,1989-07-25,2020,0,,,0
014130,00129509,한익스프레스,KOSPI,도로 화물 운송업,1989-07-25,2021,0,,,0
014130,00129509,한익스프레스,KOSPI,도로 화물 운송업,1989-07-25,2022,0,,,0
014130,00129509,한익스프레스,KOSPI,도로 화물 운송업,1989-07-25,2023,1,20230711,20230711,1
014130,00129509,한익스프레스,KOSPI,도로 화물 운송업,1989-07-25,2024,1,20240416,20240416,1
008040,00137252,사조동아원,KOSPI,"곡물가공품, 전분 및 전분제품 제조업",1989-06-24,2018,0,,,0
008040,00137252,사조동아원,KOSPI,"곡물가공품, 전분 및 전분제품 제조업",1989-06-24,2019,0,,,0
008040,00137252,사조동아원,KOSPI,"곡물가공품, 전분 및 전분제품 제조업",1989-06-24,2020,0,,,0
008040,00137252,사조동아원,KOSPI,"곡물가공품, 전분 및 전분제품 제조업",1989-06-24,2021,0,,,0
008040,00137252,사조동아원,KOSPI,"곡물가공품, 전분 및 전분제품 제조업",1989-06-24,2022,0,,,0
008040,00137252,사조동아원,KOSPI,"곡물가공품, 전분 및 전분제품 제조업",1989-06-24,2023,0,,,0
008040,00137252,사조동아원,KOSPI,"곡물가공품, 전분 및 전분제품 제조업",1989-06-24,2024,0,,,0
009140,00102140,경인전자,KOSPI,전자부품 제조업,1989-06-20,2018,0,,,0
009140,00102140,경인전자,KOSPI,전자부품 제조업,1989-06-20,2019,0,,,0
009140,00102140,경인전자,KOSPI,전자부품 제조업,1989-06-20,2020,0,,,0
009140,00102140,경인전자,KOSPI,전자부품 제조업,1989-06-20,2021,0,,,0
009140,00102140,경인전자,KOSPI,전자부품 제조업,1989-06-20,2022,0,,,0
009140,00102140,경인전자,KOSPI,전자부품 제조업,1989-06-20,2023,0,,,0
009140,00102140,경인전자,KOSPI,전자부품 제조업,1989-06-20,2024,0,,,0
009580,00119007,무림P&P,KOSPI,"펄프, 종이 및 판지 제조업",1989-06-20,2018,0,,,0
009580,00119007,무림P&P,KOSPI,"펄프, 종이 및 판지 제조업",1989-06-20,2019,0,,,0
009580,00119007,무림P&P,KOSPI,"펄프, 종이 및 판지 제조업",1989-06-20,2020,0,,,0
009580,00119007,무림P&P,KOSPI,"펄프, 종이 및 판지 제조업",1989-06-20,2021,0,,,0
009580,00119007,무림P&P,KOSPI,"펄프, 종이 및 판지 제조업",1989-06-20,2022,0,,,0
009580,00119007,무림P&P,KOSPI,"펄프, 종이 및 판지 제조업",1989-06-20,2023,0,,,0
009580,00119007,무림P&P,KOSPI,"펄프, 종이 및 판지 제조업",1989-06-20,2024,0,,,0
014990,00106881,인디에프,KOSPI,봉제의복 제조업,1989-06-20,2018,0,,,0
014990,00106881,인디에프,KOSPI,봉제의복 제조업,1989-06-20,2019,0,,,0
014990,00106881,인디에프,KOSPI,봉제의복 제조업,1989-06-20,2020,0,,,0
014990,00106881,인디에프,KOSPI,봉제의복 제조업,1989-06-20,2021,1,20210419,20210419,1
014990,00106881,인디에프,KOSPI,봉제의복 제조업,1989-06-20,2022,0,,,0
014990,00106881,인디에프,KOSPI,봉제의복 제조업,1989-06-20,2023,0,,,0
014990,00106881,인디에프,KOSPI,봉제의복 제조업,1989-06-20,2024,0,,,0
003610,00122348,방림,KOSPI,직물직조 및 직물제품 제조업,1989-05-30,2018,1,20181231,20181231,1
003610,00122348,방림,KOSPI,직물직조 및 직물제품 제조업,1989-05-30,2019,1,20191216,20191216,1
003610,00122348,방림,KOSPI,직물직조 및 직물제품 제조업,1989-05-30,2020,0,,,0
003610,00122348,방림,KOSPI,직물직조 및 직물제품 제조업,1989-05-30,2021,0,,,0
003610,00122348,방림,KOSPI,직물직조 및 직물제품 제조업,1989-05-30,2022,1,20221230,20221230,1
003610,00122348,방림,KOSPI,직물직조 및 직물제품 제조업,1989-05-30,2023,0,,,0
003610,00122348,방림,KOSPI,직물직조 및 직물제품 제조업,1989-05-30,2024,0,,,0
015590,00108746,DKME,KOSPI,일반 목적용 기계 제조업,1989-05-27,2018,0,,,0
015590,00108746,DKME,KOSPI,일반 목적용 기계 제조업,1989-05-27,2019,0,,,0
015590,00108746,DKME,KOSPI,일반 목적용 기계 제조업,1989-05-27,2020,0,,,0
015590,00108746,DKME,KOSPI,일반 목적용 기계 제조업,1989-05-27,2021,0,,,0
015590,00108746,DKME,KOSPI,일반 목적용 기계 제조업,1989-05-27,2022,0,,,0
015590,00108746,DKME,KOSPI,일반 목적용 기계 제조업,1989-05-27,2023,1,20230317,20230317,1
015590,00108746,DKME,KOSPI,일반 목적용 기계 제조업,1989-05-27,2024,1,20240322,20240322,1
014680,00140955,한솔케미칼,KOSPI,기초 화학물질 제조업,1989-05-20,2018,0,,,0
014680,00140955,한솔케미칼,KOSPI,기초 화학물질 제조업,1989-05-20,2019,0,,,0
014680,00140955,한솔케미칼,KOSPI,기초 화학물질 제조업,1989-05-20,2020,1,20200331,20200331,1
014680,00140955,한솔케미칼,KOSPI,기초 화학물질 제조업,1989-05-20,2021,1,20210317,20210317,1
014680,00140955,한솔케미칼,KOSPI,기초 화학물질 제조업,1989-05-20,2022,0,,,0
014680,00140955,한솔케미칼,KOSPI,기초 화학물질 제조업,1989-05-20,2023,0,,,0
014680,00140955,한솔케미칼,KOSPI,기초 화학물질 제조업,1989-05-20,2024,0,,,0
010820,00148522,퍼스텍,KOSPI,무기 및 총포탄 제조업,1989-05-10,2018,1,20180412,20180412,1
010820,00148522,퍼스텍,KOSPI,무기 및 총포탄 제조업,1989-05-10,2019,0,,,0
010820,00148522,퍼스텍,KOSPI,무기 및 총포탄 제조업,1989-05-10,2020,0,,,0
010820,00148522,퍼스텍,KOSPI,무기 및 총포탄 제조업,1989-05-10,2021,0,,,0
010820,00148522,퍼스텍,KOSPI,무기 및 총포탄 제조업,1989-05-10,2022,0,,,0
010820,00148522,퍼스텍,KOSPI,무기 및 총포탄 제조업,1989-05-10,2023,0,,,0
010820,00148522,퍼스텍,KOSPI,무기 및 총포탄 제조업,1989-05-10,2024,0,,,0
003680,00161860,한성기업,KOSPI,수산물 가공 및 저장 처리업,1989-01-26,2018,0,,,0
003680,00161860,한성기업,KOSPI,수산물 가공 및 저장 처리업,1989-01-26,2019,0,,,0
003680,00161860,한성기업,KOSPI,수산물 가공 및 저장 처리업,1989-01-26,2020,0,,,0
003680,00161860,한성기업,KOSPI,수산물 가공 및 저장 처리업,1989-01-26,2021,1,20210322,20210322,1
003680,00161860,한성기업,KOSPI,수산물 가공 및 저장 처리업,1989-01-26,2022,0,,,0
003680,00161860,한성기업,KOSPI,수산물 가공 및 저장 처리업,1989-01-26,2023,0,,,0
003680,00161860,한성기업,KOSPI,수산물 가공 및 저장 처리업,1989-01-26,2024,0,,,0
011280,00153524,태림포장,KOSPI,"골판지, 종이 상자 및 종이용기 제조업",1988-12-20,2018,0,,,0
011280,00153524,태림포장,KOSPI,"골판지, 종이 상자 및 종이용기 제조업",1988-12-20,2019,1,20190823,20190823,1
011280,00153524,태림포장,KOSPI,"골판지, 종이 상자 및 종이용기 제조업",1988-12-20,2020,0,,,0
011280,00153524,태림포장,KOSPI,"골판지, 종이 상자 및 종이용기 제조업",1988-12-20,2021,0,,,0
011280,00153524,태림포장,KOSPI,"골판지, 종이 상자 및 종이용기 제조업",1988-12-20,2022,0,,,0
011280,00153524,태림포장,KOSPI,"골판지, 종이 상자 및 종이용기 제조업",1988-12-20,2023,0,,,0
011280,00153524,태림포장,KOSPI,"골판지, 종이 상자 및 종이용기 제조업",1988-12-20,2024,0,,,0
002310,00138729,아세아제지,KOSPI,"골판지, 종이 상자 및 종이용기 제조업",1988-12-15,2018,0,,,0
002310,00138729,아세아제지,KOSPI,"골판지, 종이 상자 및 종이용기 제조업",1988-12-15,2019,0,,,0
002310,00138729,아세아제지,KOSPI,"골판지, 종이 상자 및 종이용기 제조업",1988-12-15,2020,0,,,0
002310,00138729,아세아제지,KOSPI,"골판지, 종이 상자 및 종이용기 제조업",1988-12-15,2021,0,,,0
002310,00138729,아세아제지,KOSPI,"골판지, 종이 상자 및 종이용기 제조업",1988-12-15,2022,0,,,0
002310,00138729,아세아제지,KOSPI,"골판지, 종이 상자 및 종이용기 제조업",1988-12-15,2023,0,,,0
002310,00138729,아세아제지,KOSPI,"골판지, 종이 상자 및 종이용기 제조업",1988-12-15,2024,0,,,0
010660,00166500,화천기계,KOSPI,특수 목적용 기계 제조업,1988-12-12,2018,0,,,0
010660,00166500,화천기계,KOSPI,특수 목적용 기계 제조업,1988-12-12,2019,0,,,0
010660,00166500,화천기계,KOSPI,특수 목적용 기계 제조업,1988-12-12,2020,0,,,0
010660,00166500,화천기계,KOSPI,특수 목적용 기계 제조업,1988-12-12,2021,0,,,0
010660,00166500,화천기계,KOSPI,특수 목적용 기계 제조업,1988-12-12,2022,0,,,0
010660,00166500,화천기계,KOSPI,특수 목적용 기계 제조업,1988-12-12,2023,0,,,0
010660,00166500,화천기계,KOSPI,특수 목적용 기계 제조업,1988-12-12,2024,0,,,0
011150,00129013,CJ씨푸드,KOSPI,기타 식품 제조업,1988-11-26,2018,0,,,0
011150,00129013,CJ씨푸드,KOSPI,기타 식품 제조업,1988-11-26,2019,0,,,0
011150,00129013,CJ씨푸드,KOSPI,기타 식품 제조업,1988-11-26,2020,0,,,0
011150,00129013,CJ씨푸드,KOSPI,기타 식품 제조업,1988-11-26,2021,0,,,0
011150,00129013,CJ씨푸드,KOSPI,기타 식품 제조업,1988-11-26,2022,0,,,0
011150,00129013,CJ씨푸드,KOSPI,기타 식품 제조업,1988-11-26,2023,0,,,0
011150,00129013,CJ씨푸드,KOSPI,기타 식품 제조업,1988-11-26,2024,0,,,0
001770,00137809,SHD,KOSPI,1차 철강 제조업,1988-11-23,2018,0,,,0
001770,00137809,SHD,KOSPI,1차 철강 제조업,1988-11-23,2019,0,,,0
001770,00137809,SHD,KOSPI,1차 철강 제조업,1988-11-23,2020,1,20200131,20200131,1
001770,00137809,SHD,KOSPI,1차 철강 제조업,1988-11-23,2021,0,,,0
001770,00137809,SHD,KOSPI,1차 철강 제조업,1988-11-23,2022,0,,,0
001770,00137809,SHD,KOSPI,1차 철강 제조업,1988-11-23,2023,0,,,0
001770,00137809,SHD,KOSPI,1차 철강 제조업,1988-11-23,2024,0,,,0
018470,00149239,조일알미늄,KOSPI,1차 비철금속 제조업,1988-11-22,2018,0,,,0
018470,00149239,조일알미늄,KOSPI,1차 비철금속 제조업,1988-11-22,2019,0,,,0
018470,00149239,조일알미늄,KOSPI,1차 비철금속 제조업,1988-11-22,2020,0,,,0
018470,00149239,조일알미늄,KOSPI,1차 비철금속 제조업,1988-11-22,2021,0,,,0
018470,00149239,조일알미늄,KOSPI,1차 비철금속 제조업,1988-11-22,2022,1,20220318,20220318,1
018470,00149239,조일알미늄,KOSPI,1차 비철금속 제조업,1988-11-22,2023,0,,,0
018470,00149239,조일알미늄,KOSPI,1차 비철금속 제조업,1988-11-22,2024,0,,,0
005850,00125521,에스엘,KOSPI,자동차 신품 부품 제조업,1988-11-08,2018,0,,,0
005850,00125521,에스엘,KOSPI,자동차 신품 부품 제조업,1988-11-08,2019,12,20190402,20191028,1
005850,00125521,에스엘,KOSPI,자동차 신품 부품 제조업,1988-11-08,2020,3,20200625,20200625,1
005850,00125521,에스엘,KOSPI,자동차 신품 부품 제조업,1988-11-08,2021,0,,,0
005850,00125521,에스엘,KOSPI,자동차 신품 부품 제조업,1988-11-08,2022,1,20220930,20220930,1
005850,00125521,에스엘,KOSPI,자동차 신품 부품 제조업,1988-11-08,2023,0,,,0
005850,00125521,에스엘,KOSPI,자동차 신품 부품 제조업,1988-11-08,2024,0,,,0
012510,00172291,더존비즈온,KOSPI,"컴퓨터 프로그래밍, 시스템 통합 및 관리업",1988-10-28,2018,0,,,0
012510,00172291,더존비즈온,KOSPI,"컴퓨터 프로그래밍, 시스템 통합 및 관리업",1988-10-28,2019,0,,,0
012510,00172291,더존비즈온,KOSPI,"컴퓨터 프로그래밍, 시스템 통합 및 관리업",1988-10-28,2020,0,,,0
012510,00172291,더존비즈온,KOSPI,"컴퓨터 프로그래밍, 시스템 통합 및 관리업",1988-10-28,2021,2,20210330,20210706,1
012510,00172291,더존비즈온,KOSPI,"컴퓨터 프로그래밍, 시스템 통합 및 관리업",1988-10-28,2022,1,20220330,20220330,1
012510,00172291,더존비즈온,KOSPI,"컴퓨터 프로그래밍, 시스템 통합 및 관리업",1988-10-28,2023,0,,,0
012510,00172291,더존비즈온,KOSPI,"컴퓨터 프로그래밍, 시스템 통합 및 관리업",1988-10-28,2024,0,,,0
003850,00123143,보령,KOSPI,의약품 제조업,1988-10-24,2018,2,20180403,20180625,1
003850,00123143,보령,KOSPI,의약품 제조업,1988-10-24,2019,0,,,0
003850,00123143,보령,KOSPI,의약품 제조업,1988-10-24,2020,0,,,0
003850,00123143,보령,KOSPI,의약품 제조업,1988-10-24,2021,0,,,0
003850,00123143,보령,KOSPI,의약품 제조업,1988-10-24,2022,0,,,0
003850,00123143,보령,KOSPI,의약품 제조업,1988-10-24,2023,0,,,0
003850,00123143,보령,KOSPI,의약품 제조업,1988-10-24,2024,0,,,0
008250,00145446,이건산업,KOSPI,나무제품 제조업,1988-10-21,2018,0,,,0
008250,00145446,이건산업,KOSPI,나무제품 제조업,1988-10-21,2019,0,,,0
008250,00145446,이건산업,KOSPI,나무제품 제조업,1988-10-21,2020,0,,,0
008250,00145446,이건산업,KOSPI,나무제품 제조업,1988-10-21,2021,0,,,0
008250,00145446,이건산업,KOSPI,나무제품 제조업,1988-10-21,2022,0,,,0
008250,00145446,이건산업,KOSPI,나무제품 제조업,1988-10-21,2023,0,,,0
008250,00145446,이건산업,KOSPI,나무제품 제조업,1988-10-21,2024,0,,,0
012690,00173102,모나리자,KOSPI,기타 종이 및 판지 제품 제조업,1988-10-14,2018,1,20180402,20180402,1
012690,00173102,모나리자,KOSPI,기타 종이 및 판지 제품 제조업,1988-10-14,2019,0,,,0
012690,00173102,모나리자,KOSPI,기타 종이 및 판지 제품 제조업,1988-10-14,2020,0,,,0
012690,00173102,모나리자,KOSPI,기타 종이 및 판지 제품 제조업,1988-10-14,2021,0,,,0
012690,00173102,모나리자,KOSPI,기타 종이 및 판지 제품 제조업,1988-10-14,2022,2,20220812,20221114,1
012690,00173102,모나리자,KOSPI,기타 종이 및 판지 제품 제조업,1988-10-14,2023,0,,,0
012690,00173102,모나리자,KOSPI,기타 종이 및 판지 제품 제조업,1988-10-14,2024,0,,,0
006370,00108977,대구백화점,KOSPI,종합 소매업,1988-10-10,2018,0,,,0
006370,00108977,대구백화점,KOSPI,종합 소매업,1988-10-10,2019,0,,,0
006370,00108977,대구백화점,KOSPI,종합 소매업,1988-10-10,2020,0,,,0
006370,00108977,대구백화점,KOSPI,종합 소매업,1988-10-10,2021,0,,,0
006370,00108977,대구백화점,KOSPI,종합 소매업,1988-10-10,2022,0,,,0
006370,00108977,대구백화점,KOSPI,종합 소매업,1988-10-10,2023,1,20230412,20230412,1
006370,00108977,대구백화점,KOSPI,종합 소매업,1988-10-10,2024,0,,,0
006980,00142661,우성,KOSPI,"곡물가공품, 전분 및 전분제품 제조업",1988-10-10,2018,0,,,0
006980,00142661,우성,KOSPI,"곡물가공품, 전분 및 전분제품 제조업",1988-10-10,2019,0,,,0
006980,00142661,우성,KOSPI,"곡물가공품, 전분 및 전분제품 제조업",1988-10-10,2020,0,,,0
006980,00142661,우성,KOSPI,"곡물가공품, 전분 및 전분제품 제조업",1988-10-10,2021,0,,,0
006980,00142661,우성,KOSPI,"곡물가공품, 전분 및 전분제품 제조업",1988-10-10,2022,1,20220816,20220816,1
006980,00142661,우성,KOSPI,"곡물가공품, 전분 및 전분제품 제조업",1988-10-10,2023,0,,,0
006980,00142661,우성,KOSPI,"곡물가공품, 전분 및 전분제품 제조업",1988-10-10,2024,0,,,0
002920,00174004,유성기업,KOSPI,자동차 신품 부품 제조업,1988-10-10,2018,0,,,0
002920,00174004,유성기업,KOSPI,자동차 신품 부품 제조업,1988-10-10,2019,0,,,0
002920,00174004,유성기업,KOSPI,자동차 신품 부품 제조업,1988-10-10,2020,0,,,0
002920,00174004,유성기업,KOSPI,자동차 신품 부품 제조업,1988-10-10,2021,2,20210429,20210430,1
002920,00174004,유성기업,KOSPI,자동차 신품 부품 제조업,1988-10-10,2022,0,,,0
002920,00174004,유성기업,KOSPI,자동차 신품 부품 제조업,1988-10-10,2023,1,20230323,20230323,1
002920,00174004,유성기업,KOSPI,자동차 신품 부품 제조업,1988-10-10,2024,0,,,0
002220,00163196,한일철강,KOSPI,1차 철강 제조업,1988-10-07,2018,6,20180129,20180129,1
002220,00163196,한일철강,KOSPI,1차 철강 제조업,1988-10-07,2019,0,,,0
002220,00163196,한일철강,KOSPI,1차 철강 제조업,1988-10-07,2020,1,20200330,20200330,1
002220,00163196,한일철강,KOSPI,1차 철강 제조업,1988-10-07,2021,0,,,0
002220,00163196,한일철강,KOSPI,1차 철강 제조업,1988-10-07,2022,0,,,0
002220,00163196,한일철강,KOSPI,1차 철강 제조업,1988-10-07,2023,1,20230323,20230323,1
002220,00163196,한일철강,KOSPI,1차 철강 제조업,1988-10-07,2024,0,,,0
002450,00127857,삼익악기,KOSPI,악기 제조업,1988-09-30,2018,1,20180621,20180621,1
002450,00127857,삼익악기,KOSPI,악기 제조업,1988-09-30,2019,1,20190423,20190423,1
002450,00127857,삼익악기,KOSPI,악기 제조업,1988-09-30,2020,0,,,0
002450,00127857,삼익악기,KOSPI,악기 제조업,1988-09-30,2021,0,,,0
002450,00127857,삼익악기,KOSPI,악기 제조업,1988-09-30,2022,0,,,0
002450,00127857,삼익악기,KOSPI,악기 제조업,1988-09-30,2023,0,,,0
002450,00127857,삼익악기,KOSPI,악기 제조업,1988-09-30,2024,0,,,0
002460,00174527,HS화성,KOSPI,건물 건설업,1988-09-29,2018,0,,,0
002460,00174527,HS화성,KOSPI,건물 건설업,1988-09-29,2019,0,,,0
002460,00174527,HS화성,KOSPI,건물 건설업,1988-09-29,2020,0,,,0
002460,00174527,HS화성,KOSPI,건물 건설업,1988-09-29,2021,0,,,0
002460,00174527,HS화성,KOSPI,건물 건설업,1988-09-29,2022,1,20220331,20220331,1
002460,00174527,HS화성,KOSPI,건물 건설업,1988-09-29,2023,0,,,0
002460,00174527,HS화성,KOSPI,건물 건설업,1988-09-29,2024,0,,,0
007340,00116949,DN오토모티브,KOSPI,일차전지 및 이차전지 제조업,1988-09-24,2018,0,,,0
007340,00116949,DN오토모티브,KOSPI,일차전지 및 이차전지 제조업,1988-09-24,2019,1,20190701,20190701,1
007340,00116949,DN오토모티브,KOSPI,일차전지 및 이차전지 제조업,1988-09-24,2020,0,,,0
007340,00116949,DN오토모티브,KOSPI,일차전지 및 이차전지 제조업,1988-09-24,2021,0,,,0
007340,00116949,DN오토모티브,KOSPI,일차전지 및 이차전지 제조업,1988-09-24,2022,0,,,0
007340,00116949,DN오토모티브,KOSPI,일차전지 및 이차전지 제조업,1988-09-24,2023,1,20230322,20230322,1
007340,00116949,DN오토모티브,KOSPI,일차전지 및 이차전지 제조업,1988-09-24,2024,1,20240315,20240315,1
000890,00123541,보해양조,KOSPI,알코올음료 제조업,1988-09-23,2018,0,,,0
000890,00123541,보해양조,KOSPI,알코올음료 제조업,1988-09-23,2019,1,20190822,20190822,1
000890,00123541,보해양조,KOSPI,알코올음료 제조업,1988-09-23,2020,0,,,0
000890,00123541,보해양조,KOSPI,알코올음료 제조업,1988-09-23,2021,1,20210319,20210319,1
000890,00123541,보해양조,KOSPI,알코올음료 제조업,1988-09-23,2022,0,,,0
000890,00123541,보해양조,KOSPI,알코올음료 제조업,1988-09-23,2023,0,,,0
000890,00123541,보해양조,KOSPI,알코올음료 제조업,1988-09-23,2024,0,,,0
003010,00165343,혜인,KOSPI,기계장비 및 관련 물품 도매업,1988-09-20,2018,0,,,0
003010,00165343,혜인,KOSPI,기계장비 및 관련 물품 도매업,1988-09-20,2019,0,,,0
003010,00165343,혜인,KOSPI,기계장비 및 관련 물품 도매업,1988-09-20,2020,0,,,0
003010,00165343,혜인,KOSPI,기계장비 및 관련 물품 도매업,1988-09-20,2021,0,,,0
003010,00165343,혜인,KOSPI,기계장비 및 관련 물품 도매업,1988-09-20,2022,1,20220812,20220812,1
003010,00165343,혜인,KOSPI,기계장비 및 관련 물품 도매업,1988-09-20,2023,0,,,0
003010,00165343,혜인,KOSPI,기계장비 및 관련 물품 도매업,1988-09-20,2024,0,,,0
014280,00105299,금강공업,KOSPI,1차 철강 제조업,1988-09-10,2018,0,,,0
014280,00105299,금강공업,KOSPI,1차 철강 제조업,1988-09-10,2019,1,20190814,20190814,1
014280,00105299,금강공업,KOSPI,1차 철강 제조업,1988-09-10,2020,0,,,0
014280,00105299,금강공업,KOSPI,1차 철강 제조업,1988-09-10,2021,0,,,0
014280,00105299,금강공업,KOSPI,1차 철강 제조업,1988-09-10,2022,0,,,0
014280,00105299,금강공업,KOSPI,1차 철강 제조업,1988-09-10,2023,0,,,0
014280,00105299,금강공업,KOSPI,1차 철강 제조업,1988-09-10,2024,0,,,0
009810,00103130,플레이그램,KOSPI,기타 전문 도매업,1988-08-31,2018,3,20180322,20180417,1
009810,00103130,플레이그램,KOSPI,기타 전문 도매업,1988-08-31,2019,0,,,0
009810,00103130,플레이그램,KOSPI,기타 전문 도매업,1988-08-31,2020,4,20200525,20201023,1
009810,00103130,플레이그램,KOSPI,기타 전문 도매업,1988-08-31,2021,2,20210319,20210319,1
009810,00103130,플레이그램,KOSPI,기타 전문 도매업,1988-08-31,2022,0,,,0
009810,00103130,플레이그램,KOSPI,기타 전문 도매업,1988-08-31,2023,0,,,0
009810,00103130,플레이그램,KOSPI,기타 전문 도매업,1988-08-31,2024,0,,,0
008730,00145260,율촌화학,KOSPI,플라스틱제품 제조업,1988-08-30,2018,0,,,0
008730,00145260,율촌화학,KOSPI,플라스틱제품 제조업,1988-08-30,2019,0,,,0
008730,00145260,율촌화학,KOSPI,플라스틱제품 제조업,1988-08-30,2020,0,,,0
008730,00145260,율촌화학,KOSPI,플라스틱제품 제조업,1988-08-30,2021,0,,,0
008730,00145260,율촌화학,KOSPI,플라스틱제품 제조업,1988-08-30,2022,0,,,0
008730,00145260,율촌화학,KOSPI,플라스틱제품 제조업,1988-08-30,2023,1,20230328,20230328,1
008730,00145260,율촌화학,KOSPI,플라스틱제품 제조업,1988-08-30,2024,0,,,0
009270,00136864,신원,KOSPI,봉제의복 제조업,1988-08-24,2018,1,20180404,20180404,1
009270,00136864,신원,KOSPI,봉제의복 제조업,1988-08-24,2019,0,,,0
009270,00136864,신원,KOSPI,봉제의복 제조업,1988-08-24,2020,0,,,0
009270,00136864,신원,KOSPI,봉제의복 제조업,1988-08-24,2021,0,,,0
009270,00136864,신원,KOSPI,봉제의복 제조업,1988-08-24,2022,1,20220816,20220816,1
009270,00136864,신원,KOSPI,봉제의복 제조업,1988-08-24,2023,1,20230324,20230324,1
009270,00136864,신원,KOSPI,봉제의복 제조업,1988-08-24,2024,2,20240329,20240730,1
004140,00115287,동방,KOSPI,기타 운송관련 서비스업,1988-08-10,2018,0,,,0
004140,00115287,동방,KOSPI,기타 운송관련 서비스업,1988-08-10,2019,0,,,0
004140,00115287,동방,KOSPI,기타 운송관련 서비스업,1988-08-10,2020,0,,,0
004140,00115287,동방,KOSPI,기타 운송관련 서비스업,1988-08-10,2021,7,20210318,20210824,1
004140,00115287,동방,KOSPI,기타 운송관련 서비스업,1988-08-10,2022,0,,,0
004140,00115287,동방,KOSPI,기타 운송관련 서비스업,1988-08-10,2023,0,,,0
004140,00115287,동방,KOSPI,기타 운송관련 서비스업,1988-08-10,2024,0,,,0
002960,00158149,한국쉘석유,KOSPI,석유 정제품 제조업,1988-08-10,2018,1,20180406,20180406,1
002960,00158149,한국쉘석유,KOSPI,석유 정제품 제조업,1988-08-10,2019,0,,,0
002960,00158149,한국쉘석유,KOSPI,석유 정제품 제조업,1988-08-10,2020,1,20200403,20200403,1
002960,00158149,한국쉘석유,KOSPI,석유 정제품 제조업,1988-08-10,2021,0,,,0
002960,00158149,한국쉘석유,KOSPI,석유 정제품 제조업,1988-08-10,2022,0,,,0
002960,00158149,한국쉘석유,KOSPI,석유 정제품 제조업,1988-08-10,2023,0,,,0
002960,00158149,한국쉘석유,KOSPI,석유 정제품 제조업,1988-08-10,2024,0,,,0
003000,00123718,부광약품,KOSPI,의약품 제조업,1988-08-05,2018,0,,,0
003000,00123718,부광약품,KOSPI,의약품 제조업,1988-08-05,2019,1,20190814,20190814,1
003000,00123718,부광약품,KOSPI,의약품 제조업,1988-08-05,2020,0,,,0
003000,00123718,부광약품,KOSPI,의약품 제조업,1988-08-05,2021,1,20210324,20210324,1
003000,00123718,부광약품,KOSPI,의약품 제조업,1988-08-05,2022,1,20220812,20220812,1
003000,00123718,부광약품,KOSPI,의약품 제조업,1988-08-05,2023,1,20230328,20230328,1
003000,00123718,부광약품,KOSPI,의약품 제조업,1988-08-05,2024,1,20240322,20240322,1
012200,00102618,계양전기,KOSPI,일반 목적용 기계 제조업,1988-07-06,2018,0,,,0
012200,00102618,계양전기,KOSPI,일반 목적용 기계 제조업,1988-07-06,2019,0,,,0
012200,00102618,계양전기,KOSPI,일반 목적용 기계 제조업,1988-07-06,2020,0,,,0
012200,00102618,계양전기,KOSPI,일반 목적용 기계 제조업,1988-07-06,2021,0,,,0
012200,00102618,계양전기,KOSPI,일반 목적용 기계 제조업,1988-07-06,2022,4,20220420,20220420,1
012200,00102618,계양전기,KOSPI,일반 목적용 기계 제조업,1988-07-06,2023,1,20230323,20230323,1
012200,00102618,계양전기,KOSPI,일반 목적용 기계 제조업,1988-07-06,2024,1,20240322,20240322,1
004710,00157399,한솔테크닉스,KOSPI,전자부품 제조업,1988-07-06,2018,0,,,0
004710,00157399,한솔테크닉스,KOSPI,전자부품 제조업,1988-07-06,2019,1,20190625,20190625,1
004710,00157399,한솔테크닉스,KOSPI,전자부품 제조업,1988-07-06,2020,0,,,0
004710,00157399,한솔테크닉스,KOSPI,전자부품 제조업,1988-07-06,2021,0,,,0
004710,00157399,한솔테크닉스,KOSPI,전자부품 제조업,1988-07-06,2022,0,,,0
004710,00157399,한솔테크닉스,KOSPI,전자부품 제조업,1988-07-06,2023,1,20230328,20230328,1
004710,00157399,한솔테크닉스,KOSPI,전자부품 제조업,1988-07-06,2024,0,,,0
005500,00128412,삼진제약,KOSPI,의약품 제조업,1988-06-18,2018,0,,,0
005500,00128412,삼진제약,KOSPI,의약품 제조업,1988-06-18,2019,0,,,0
005500,00128412,삼진제약,KOSPI,의약품 제조업,1988-06-18,2020,1,20200928,20200928,1
005500,00128412,삼진제약,KOSPI,의약품 제조업,1988-06-18,2021,0,,,0
005500,00128412,삼진제약,KOSPI,의약품 제조업,1988-06-18,2022,0,,,0
005500,00128412,삼진제약,KOSPI,의약품 제조업,1988-06-18,2023,1,20230410,20230410,1
005500,00128412,삼진제약,KOSPI,의약품 제조업,1988-06-18,2024,0,,,0
005490,00155319,POSCO홀딩스,KOSPI,1차 철강 제조업,1988-06-10,2018,1,20180621,20180621,1
005490,00155319,POSCO홀딩스,KOSPI,1차 철강 제조업,1988-06-10,2019,0,,,0
005490,00155319,POSCO홀딩스,KOSPI,1차 철강 제조업,1988-06-10,2020,0,,,0
005490,00155319,POSCO홀딩스,KOSPI,1차 철강 제조업,1988-06-10,2021,0,,,0
005490,00155319,POSCO홀딩스,KOSPI,1차 철강 제조업,1988-06-10,2022,1,20221114,20221114,1
005490,00155319,POSCO홀딩스,KOSPI,1차 철강 제조업,1988-06-10,2023,0,,,0
005490,00155319,POSCO홀딩스,KOSPI,1차 철강 제조업,1988-06-10,2024,1,20240322,20240322,1
002410,00122694,범양건영,KOSPI,건물 건설업,1988-05-25,2018,2,20180402,20180612,1
002410,00122694,범양건영,KOSPI,건물 건설업,1988-05-25,2019,0,,,0
002410,00122694,범양건영,KOSPI,건물 건설업,1988-05-25,2020,0,,,0
002410,00122694,범양건영,KOSPI,건물 건설업,1988-05-25,2021,0,,,0
002410,00122694,범양건영,KOSPI,건물 건설업,1988-05-25,2022,0,,,0
002410,00122694,범양건영,KOSPI,건물 건설업,1988-05-25,2023,1,20231103,20231103,1
002410,00122694,범양건영,KOSPI,건물 건설업,1988-05-25,2024,0,,,0
005690,00145163,파미셀,KOSPI,전자부품 제조업,1988-05-20,2018,0,,,0
005690,00145163,파미셀,KOSPI,전자부품 제조업,1988-05-20,2019,1,20190718,20190718,1
005690,00145163,파미셀,KOSPI,전자부품 제조업,1988-05-20,2020,0,,,0
005690,00145163,파미셀,KOSPI,전자부품 제조업,1988-05-20,2021,0,,,0
005690,00145163,파미셀,KOSPI,전자부품 제조업,1988-05-20,2022,0,,,0
005690,00145163,파미셀,KOSPI,전자부품 제조업,1988-05-20,2023,0,,,0
005690,00145163,파미셀,KOSPI,전자부품 제조업,1988-05-20,2024,0,,,0
006340,00260392,대원전선,KOSPI,절연선 및 케이블 제조업,1988-05-04,2018,0,,,0
006340,00260392,대원전선,KOSPI,절연선 및 케이블 제조업,1988-05-04,2019,0,,,0
006340,00260392,대원전선,KOSPI,절연선 및 케이블 제조업,1988-05-04,2020,0,,,0
006340,00260392,대원전선,KOSPI,절연선 및 케이블 제조업,1988-05-04,2021,0,,,0
006340,00260392,대원전선,KOSPI,절연선 및 케이블 제조업,1988-05-04,2022,0,,,0
006340,00260392,대원전선,KOSPI,절연선 및 케이블 제조업,1988-05-04,2023,0,,,0
006340,00260392,대원전선,KOSPI,절연선 및 케이블 제조업,1988-05-04,2024,0,,,0
005950,00145552,이수화학,KOSPI,기초 화학물질 제조업,1988-04-28,2018,10,20180406,20181107,1
005950,00145552,이수화학,KOSPI,기초 화학물질 제조업,1988-04-28,2019,0,,,0
005950,00145552,이수화학,KOSPI,기초 화학물질 제조업,1988-04-28,2020,0,,,0
005950,00145552,이수화학,KOSPI,기초 화학물질 제조업,1988-04-28,2021,1,20210322,20210322,1
005950,00145552,이수화학,KOSPI,기초 화학물질 제조업,1988-04-28,2022,2,20220315,20220324,1
005950,00145552,이수화학,KOSPI,기초 화학물질 제조업,1988-04-28,2023,1,20230328,20230328,1
005950,00145552,이수화학,KOSPI,기초 화학물질 제조업,1988-04-28,2024,1,20240322,20240322,1
002810,00127167,삼영무역,KOSPI,기타 전문 도매업,1988-03-28,2018,0,,,0
002810,00127167,삼영무역,KOSPI,기타 전문 도매업,1988-03-28,2019,0,,,0
002810,00127167,삼영무역,KOSPI,기타 전문 도매업,1988-03-28,2020,0,,,0
002810,00127167,삼영무역,KOSPI,기타 전문 도매업,1988-03-28,2021,1,20210324,20210324,1
002810,00127167,삼영무역,KOSPI,기타 전문 도매업,1988-03-28,2022,0,,,0
002810,00127167,삼영무역,KOSPI,기타 전문 도매업,1988-03-28,2023,1,20230524,20230524,1
002810,00127167,삼영무역,KOSPI,기타 전문 도매업,1988-03-28,2024,0,,,0
011780,00106368,금호석유화학,KOSPI,기초 화학물질 제조업,1988-01-22,2018,0,,,0
011780,00106368,금호석유화학,KOSPI,기초 화학물질 제조업,1988-01-22,2019,0,,,0
011780,00106368,금호석유화학,KOSPI,기초 화학물질 제조업,1988-01-22,2020,0,,,0
011780,00106368,금호석유화학,KOSPI,기초 화학물질 제조업,1988-01-22,2021,1,20210330,20210330,1
011780,00106368,금호석유화학,KOSPI,기초 화학물질 제조업,1988-01-22,2022,1,20220328,20220328,1
011780,00106368,금호석유화학,KOSPI,기초 화학물질 제조업,1988-01-22,2023,0,,,0
011780,00106368,금호석유화학,KOSPI,기초 화학물질 제조업,1988-01-22,2024,1,20240328,20240328,1
015260,00143314,에이엔피,KOSPI,전자부품 제조업,1988-01-18,2018,1,20180515,20180515,1
015260,00143314,에이엔피,KOSPI,전자부품 제조업,1988-01-18,2019,0,,,0
015260,00143314,에이엔피,KOSPI,전자부품 제조업,1988-01-18,2020,0,,,0
015260,00143314,에이엔피,KOSPI,전자부품 제조업,1988-01-18,2021,4,20210127,20210713,1
015260,00143314,에이엔피,KOSPI,전자부품 제조업,1988-01-18,2022,0,,,0
015260,00143314,에이엔피,KOSPI,전자부품 제조업,1988-01-18,2023,1,20230713,20230713,1
015260,00143314,에이엔피,KOSPI,전자부품 제조업,1988-01-18,2024,0,,,0
009460,00163761,한창제지,KOSPI,"펄프, 종이 및 판지 제조업",1987-12-23,2018,0,,,0
009460,00163761,한창제지,KOSPI,"펄프, 종이 및 판지 제조업",1987-12-23,2019,0,,,0
009460,00163761,한창제지,KOSPI,"펄프, 종이 및 판지 제조업",1987-12-23,2020,0,,,0
009460,00163761,한창제지,KOSPI,"펄프, 종이 및 판지 제조업",1987-12-23,2021,0,,,0
009460,00163761,한창제지,KOSPI,"펄프, 종이 및 판지 제조업",1987-12-23,2022,0,,,0
009460,00163761,한창제지,KOSPI,"펄프, 종이 및 판지 제조업",1987-12-23,2023,0,,,0
009460,00163761,한창제지,KOSPI,"펄프, 종이 및 판지 제조업",1987-12-23,2024,0,,,0
005720,00167192,넥센,KOSPI,고무제품 제조업,1987-12-19,2018,0,,,0
005720,00167192,넥센,KOSPI,고무제품 제조업,1987-12-19,2019,0,,,0
005720,00167192,넥센,KOSPI,고무제품 제조업,1987-12-19,2020,0,,,0
005720,00167192,넥센,KOSPI,고무제품 제조업,1987-12-19,2021,0,,,0
005720,00167192,넥센,KOSPI,고무제품 제조업,1987-12-19,2022,0,,,0
005720,00167192,넥센,KOSPI,고무제품 제조업,1987-12-19,2023,0,,,0
005720,00167192,넥센,KOSPI,고무제품 제조업,1987-12-19,2024,0,,,0
006660,00126201,삼성공조,KOSPI,자동차 신품 부품 제조업,1987-11-28,2018,0,,,0
006660,00126201,삼성공조,KOSPI,자동차 신품 부품 제조업,1987-11-28,2019,0,,,0
006660,00126201,삼성공조,KOSPI,자동차 신품 부품 제조업,1987-11-28,2020,0,,,0
006660,00126201,삼성공조,KOSPI,자동차 신품 부품 제조업,1987-11-28,2021,0,,,0
006660,00126201,삼성공조,KOSPI,자동차 신품 부품 제조업,1987-11-28,2022,0,,,0
006660,00126201,삼성공조,KOSPI,자동차 신품 부품 제조업,1987-11-28,2023,0,,,0
006660,00126201,삼성공조,KOSPI,자동차 신품 부품 제조업,1987-11-28,2024,0,,,0
004490,00133858,세방전지,KOSPI,일차전지 및 이차전지 제조업,1987-11-28,2018,0,,,0
004490,00133858,세방전지,KOSPI,일차전지 및 이차전지 제조업,1987-11-28,2019,0,,,0
004490,00133858,세방전지,KOSPI,일차전지 및 이차전지 제조업,1987-11-28,2020,0,,,0
004490,00133858,세방전지,KOSPI,일차전지 및 이차전지 제조업,1987-11-28,2021,0,,,0
004490,00133858,세방전지,KOSPI,일차전지 및 이차전지 제조업,1987-11-28,2022,0,,,0
004490,00133858,세방전지,KOSPI,일차전지 및 이차전지 제조업,1987-11-28,2023,0,,,0
004490,00133858,세방전지,KOSPI,일차전지 및 이차전지 제조업,1987-11-28,2024,0,,,0
011000,00118521,진원생명과학,KOSPI,의약품 제조업,1987-11-16,2018,1,20180629,20180629,1
011000,00118521,진원생명과학,KOSPI,의약품 제조업,1987-11-16,2019,0,,,0
011000,00118521,진원생명과학,KOSPI,의약품 제조업,1987-11-16,2020,0,,,0
011000,00118521,진원생명과학,KOSPI,의약품 제조업,1987-11-16,2021,0,,,0
011000,00118521,진원생명과학,KOSPI,의약품 제조업,1987-11-16,2022,5,20220908,20220908,1
011000,00118521,진원생명과학,KOSPI,의약품 제조업,1987-11-16,2023,1,20230711,20230711,1
011000,00118521,진원생명과학,KOSPI,의약품 제조업,1987-11-16,2024,0,,,0
009310,00153621,참엔지니어링,KOSPI,특수 목적용 기계 제조업,1987-11-12,2018,0,,,0
009310,00153621,참엔지니어링,KOSPI,특수 목적용 기계 제조업,1987-11-12,2019,0,,,0
009310,00153621,참엔지니어링,KOSPI,특수 목적용 기계 제조업,1987-11-12,2020,0,,,0
009310,00153621,참엔지니어링,KOSPI,특수 목적용 기계 제조업,1987-11-12,2021,1,20210805,20210805,1
009310,00153621,참엔지니어링,KOSPI,특수 목적용 기계 제조업,1987-11-12,2022,0,,,0
009310,00153621,참엔지니어링,KOSPI,특수 목적용 기계 제조업,1987-11-12,2023,0,,,0
009310,00153621,참엔지니어링,KOSPI,특수 목적용 기계 제조업,1987-11-12,2024,1,20240730,20240730,1
010100,00160418,한국무브넥스,KOSPI,자동차 신품 부품 제조업,1987-10-02,2018,0,,,0
010100,00160418,한국무브넥스,KOSPI,자동차 신품 부품 제조업,1987-10-02,2019,0,,,0
010100,00160418,한국무브넥스,KOSPI,자동차 신품 부품 제조업,1987-10-02,2020,0,,,0
010100,00160418,한국무브넥스,KOSPI,자동차 신품 부품 제조업,1987-10-02,2021,0,,,0
010100,00160418,한국무브넥스,KOSPI,자동차 신품 부품 제조업,1987-10-02,2022,0,,,0
010100,00160418,한국무브넥스,KOSPI,자동차 신품 부품 제조업,1987-10-02,2023,0,,,0
010100,00160418,한국무브넥스,KOSPI,자동차 신품 부품 제조업,1987-10-02,2024,0,,,0
005070,00129989,코스모신소재,KOSPI,기타 화학제품 제조업,1987-09-28,2018,13,20180612,20180820,1
005070,00129989,코스모신소재,KOSPI,기타 화학제품 제조업,1987-09-28,2019,0,,,0
005070,00129989,코스모신소재,KOSPI,기타 화학제품 제조업,1987-09-28,2020,0,,,0
005070,00129989,코스모신소재,KOSPI,기타 화학제품 제조업,1987-09-28,2021,1,20210217,20210217,1
005070,00129989,코스모신소재,KOSPI,기타 화학제품 제조업,1987-09-28,2022,1,20220408,20220408,1
005070,00129989,코스모신소재,KOSPI,기타 화학제품 제조업,1987-09-28,2023,0,,,0
005070,00129989,코스모신소재,KOSPI,기타 화학제품 제조업,1987-09-28,2024,0,,,0
004830,00114093,덕성,KOSPI,플라스틱제품 제조업,1987-09-25,2018,0,,,0
004830,00114093,덕성,KOSPI,플라스틱제품 제조업,1987-09-25,2019,0,,,0
004830,00114093,덕성,KOSPI,플라스틱제품 제조업,1987-09-25,2020,0,,,0
004830,00114093,덕성,KOSPI,플라스틱제품 제조업,1987-09-25,2021,0,,,0
004830,00114093,덕성,KOSPI,플라스틱제품 제조업,1987-09-25,2022,0,,,0
004830,00114093,덕성,KOSPI,플라스틱제품 제조업,1987-09-25,2023,0,,,0
004830,00114093,덕성,KOSPI,플라스틱제품 제조업,1987-09-25,2024,0,,,0
011700,00162072,한신기계공업,KOSPI,일반 목적용 기계 제조업,1987-07-24,2018,0,,,0
011700,00162072,한신기계공업,KOSPI,일반 목적용 기계 제조업,1987-07-24,2019,0,,,0
011700,00162072,한신기계공업,KOSPI,일반 목적용 기계 제조업,1987-07-24,2020,0,,,0
011700,00162072,한신기계공업,KOSPI,일반 목적용 기계 제조업,1987-07-24,2021,1,20210325,20210325,1
011700,00162072,한신기계공업,KOSPI,일반 목적용 기계 제조업,1987-07-24,2022,0,,,0
011700,00162072,한신기계공업,KOSPI,일반 목적용 기계 제조업,1987-07-24,2023,0,,,0
011700,00162072,한신기계공업,KOSPI,일반 목적용 기계 제조업,1987-07-24,2024,0,,,0
005420,00160302,코스모화학,KOSPI,기타 화학제품 제조업,1987-07-23,2018,11,20180525,20181005,1
005420,00160302,코스모화학,KOSPI,기타 화학제품 제조업,1987-07-23,2019,0,,,0
005420,00160302,코스모화학,KOSPI,기타 화학제품 제조업,1987-07-23,2020,0,,,0
005420,00160302,코스모화학,KOSPI,기타 화학제품 제조업,1987-07-23,2021,2,20210217,20210330,1
005420,00160302,코스모화학,KOSPI,기타 화학제품 제조업,1987-07-23,2022,0,,,0
005420,00160302,코스모화학,KOSPI,기타 화학제품 제조업,1987-07-23,2023,1,20230913,20230913,1
005420,00160302,코스모화학,KOSPI,기타 화학제품 제조업,1987-07-23,2024,1,20240327,20240327,1
000500,00104768,가온전선,KOSPI,절연선 및 케이블 제조업,1987-06-08,2018,0,,,0
000500,00104768,가온전선,KOSPI,절연선 및 케이블 제조업,1987-06-08,2019,1,20190515,20190515,1
000500,00104768,가온전선,KOSPI,절연선 및 케이블 제조업,1987-06-08,2020,0,,,0
000500,00104768,가온전선,KOSPI,절연선 및 케이블 제조업,1987-06-08,2021,0,,,0
000500,00104768,가온전선,KOSPI,절연선 및 케이블 제조업,1987-06-08,2022,1,20220816,20220816,1
000500,00104768,가온전선,KOSPI,절연선 및 케이블 제조업,1987-06-08,2023,0,,,0
000500,00104768,가온전선,KOSPI,절연선 및 케이블 제조업,1987-06-08,2024,0,,,0
010950,00138279,S-Oil,KOSPI,석유 정제품 제조업,1987-05-27,2018,0,,,0
010950,00138279,S-Oil,KOSPI,석유 정제품 제조업,1987-05-27,2019,0,,,0
010950,00138279,S-Oil,KOSPI,석유 정제품 제조업,1987-05-27,2020,0,,,0
010950,00138279,S-Oil,KOSPI,석유 정제품 제조업,1987-05-27,2021,0,,,0
010950,00138279,S-Oil,KOSPI,석유 정제품 제조업,1987-05-27,2022,0,,,0
010950,00138279,S-Oil,KOSPI,석유 정제품 제조업,1987-05-27,2023,0,,,0
010950,00138279,S-Oil,KOSPI,석유 정제품 제조업,1987-05-27,2024,0,,,0
012450,00126566,한화에어로스페이스,KOSPI,"항공기,우주선 및 부품 제조업",1987-05-27,2018,1,20180725,20180725,1
012450,00126566,한화에어로스페이스,KOSPI,"항공기,우주선 및 부품 제조업",1987-05-27,2019,0,,,0
012450,00126566,한화에어로스페이스,KOSPI,"항공기,우주선 및 부품 제조업",1987-05-27,2020,0,,,0
012450,00126566,한화에어로스페이스,KOSPI,"항공기,우주선 및 부품 제조업",1987-05-27,2021,0,,,0
012450,00126566,한화에어로스페이스,KOSPI,"항공기,우주선 및 부품 제조업",1987-05-27,2022,1,20220812,20220812,1
012450,00126566,한화에어로스페이스,KOSPI,"항공기,우주선 및 부품 제조업",1987-05-27,2023,1,20230321,20230321,1
012450,00126566,한화에어로스페이스,KOSPI,"항공기,우주선 및 부품 제조업",1987-05-27,2024,1,20240329,20240329,1
011230,00129280,삼화전자공업,KOSPI,영상 및 음향기기 제조업,1987-05-25,2018,0,,,0
011230,00129280,삼화전자공업,KOSPI,영상 및 음향기기 제조업,1987-05-25,2019,0,,,0
011230,00129280,삼화전자공업,KOSPI,영상 및 음향기기 제조업,1987-05-25,2020,1,20200331,20200331,1
011230,00129280,삼화전자공업,KOSPI,영상 및 음향기기 제조업,1987-05-25,2021,0,,,0
011230,00129280,삼화전자공업,KOSPI,영상 및 음향기기 제조업,1987-05-25,2022,0,,,0
011230,00129280,삼화전자공업,KOSPI,영상 및 음향기기 제조업,1987-05-25,2023,1,20231017,20231017,1
011230,00129280,삼화전자공업,KOSPI,영상 및 음향기기 제조업,1987-05-25,2024,0,,,0
004020,00145880,현대제철,KOSPI,1차 철강 제조업,1987-05-23,2018,0,,,0
004020,00145880,현대제철,KOSPI,1차 철강 제조업,1987-05-23,2019,0,,,0
004020,00145880,현대제철,KOSPI,1차 철강 제조업,1987-05-23,2020,0,,,0
004020,00145880,현대제철,KOSPI,1차 철강 제조업,1987-05-23,2021,0,,,0
004020,00145880,현대제철,KOSPI,1차 철강 제조업,1987-05-23,2022,0,,,0
004020,00145880,현대제철,KOSPI,1차 철강 제조업,1987-05-23,2023,0,,,0
004020,00145880,현대제철,KOSPI,1차 철강 제조업,1987-05-23,2024,0,,,0
004770,00138057,써니전자,KOSPI,전자부품 제조업,1987-04-22,2018,1,20180405,20180405,1
004770,00138057,써니전자,KOSPI,전자부품 제조업,1987-04-22,2019,0,,,0
004770,00138057,써니전자,KOSPI,전자부품 제조업,1987-04-22,2020,0,,,0
004770,00138057,써니전자,KOSPI,전자부품 제조업,1987-04-22,2021,0,,,0
004770,00138057,써니전자,KOSPI,전자부품 제조업,1987-04-22,2022,0,,,0
004770,00138057,써니전자,KOSPI,전자부품 제조업,1987-04-22,2023,0,,,0
004770,00138057,써니전자,KOSPI,전자부품 제조업,1987-04-22,2024,0,,,0
004560,00125743,현대비앤지스틸,KOSPI,1차 철강 제조업,1987-03-24,2018,0,,,0
004560,00125743,현대비앤지스틸,KOSPI,1차 철강 제조업,1987-03-24,2019,0,,,0
004560,00125743,현대비앤지스틸,KOSPI,1차 철강 제조업,1987-03-24,2020,0,,,0
004560,00125743,현대비앤지스틸,KOSPI,1차 철강 제조업,1987-03-24,2021,0,,,0
004560,00125743,현대비앤지스틸,KOSPI,1차 철강 제조업,1987-03-24,2022,0,,,0
004560,00125743,현대비앤지스틸,KOSPI,1차 철강 제조업,1987-03-24,2023,0,,,0
004560,00125743,현대비앤지스틸,KOSPI,1차 철강 제조업,1987-03-24,2024,0,,,0
006090,00141875,사조오양,KOSPI,수산물 가공 및 저장 처리업,1986-12-24,2018,0,,,0
006090,00141875,사조오양,KOSPI,수산물 가공 및 저장 처리업,1986-12-24,2019,0,,,0
006090,00141875,사조오양,KOSPI,수산물 가공 및 저장 처리업,1986-12-24,2020,0,,,0
006090,00141875,사조오양,KOSPI,수산물 가공 및 저장 처리업,1986-12-24,2021,0,,,0
006090,00141875,사조오양,KOSPI,수산물 가공 및 저장 처리업,1986-12-24,2022,1,20220331,20220331,1
006090,00141875,사조오양,KOSPI,수산물 가공 및 저장 처리업,1986-12-24,2023,0,,,0
006090,00141875,사조오양,KOSPI,수산물 가공 및 저장 처리업,1986-12-24,2024,0,,,0
009470,00129271,삼화전기,KOSPI,전자부품 제조업,1986-11-24,2018,7,20180119,20180122,1
009470,00129271,삼화전기,KOSPI,전자부품 제조업,1986-11-24,2019,0,,,0
009470,00129271,삼화전기,KOSPI,전자부품 제조업,1986-11-24,2020,0,,,0
009470,00129271,삼화전기,KOSPI,전자부품 제조업,1986-11-24,2021,0,,,0
009470,00129271,삼화전기,KOSPI,전자부품 제조업,1986-11-24,2022,0,,,0
009470,00129271,삼화전기,KOSPI,전자부품 제조업,1986-11-24,2023,0,,,0
009470,00129271,삼화전기,KOSPI,전자부품 제조업,1986-11-24,2024,0,,,0
010770,00155124,평화홀딩스,KOSPI,자동차 신품 부품 제조업,1986-03-31,2018,0,,,0
010770,00155124,평화홀딩스,KOSPI,자동차 신품 부품 제조업,1986-03-31,2019,2,20190625,20191031,1
010770,00155124,평화홀딩스,KOSPI,자동차 신품 부품 제조업,1986-03-31,2020,0,,,0
010770,00155124,평화홀딩스,KOSPI,자동차 신품 부품 제조업,1986-03-31,2021,1,20210331,20210331,1
010770,00155124,평화홀딩스,KOSPI,자동차 신품 부품 제조업,1986-03-31,2022,0,,,0
010770,00155124,평화홀딩스,KOSPI,자동차 신품 부품 제조업,1986-03-31,2023,0,,,0
010770,00155124,평화홀딩스,KOSPI,자동차 신품 부품 제조업,1986-03-31,2024,1,20240312,20240312,1
007110,00146296,일신석재,KOSPI,"건축자재, 철물 및 난방장치 도매업",1986-03-04,2018,0,,,0
007110,00146296,일신석재,KOSPI,"건축자재, 철물 및 난방장치 도매업",1986-03-04,2019,0,,,0
007110,00146296,일신석재,KOSPI,"건축자재, 철물 및 난방장치 도매업",1986-03-04,2020,0,,,0
007110,00146296,일신석재,KOSPI,"건축자재, 철물 및 난방장치 도매업",1986-03-04,2021,0,,,0
007110,00146296,일신석재,KOSPI,"건축자재, 철물 및 난방장치 도매업",1986-03-04,2022,0,,,0
007110,00146296,일신석재,KOSPI,"건축자재, 철물 및 난방장치 도매업",1986-03-04,2023,0,,,0
007110,00146296,일신석재,KOSPI,"건축자재, 철물 및 난방장치 도매업",1986-03-04,2024,0,,,0
016380,00115676,KG스틸,KOSPI,1차 철강 제조업,1986-02-03,2018,0,,,0
016380,00115676,KG스틸,KOSPI,1차 철강 제조업,1986-02-03,2019,0,,,0
016380,00115676,KG스틸,KOSPI,1차 철강 제조업,1986-02-03,2020,1,20200416,20200416,1
016380,00115676,KG스틸,KOSPI,1차 철강 제조업,1986-02-03,2021,0,,,0
016380,00115676,KG스틸,KOSPI,1차 철강 제조업,1986-02-03,2022,0,,,0
016380,00115676,KG스틸,KOSPI,1차 철강 제조업,1986-02-03,2023,0,,,0
016380,00115676,KG스틸,KOSPI,1차 철강 제조업,1986-02-03,2024,1,20240326,20240326,1
010780,00115977,아이에스동서,KOSPI,"시멘트, 석회, 플라스터 및 그 제품 제조업",1986-01-27,2018,0,,,0
010780,00115977,아이에스동서,KOSPI,"시멘트, 석회, 플라스터 및 그 제품 제조업",1986-01-27,2019,0,,,0
010780,00115977,아이에스동서,KOSPI,"시멘트, 석회, 플라스터 및 그 제품 제조업",1986-01-27,2020,0,,,0
010780,00115977,아이에스동서,KOSPI,"시멘트, 석회, 플라스터 및 그 제품 제조업",1986-01-27,2021,0,,,0
010780,00115977,아이에스동서,KOSPI,"시멘트, 석회, 플라스터 및 그 제품 제조업",1986-01-27,2022,0,,,0
010780,00115977,아이에스동서,KOSPI,"시멘트, 석회, 플라스터 및 그 제품 제조업",1986-01-27,2023,0,,,0
010780,00115977,아이에스동서,KOSPI,"시멘트, 석회, 플라스터 및 그 제품 제조업",1986-01-27,2024,0,,,0
002360,00136457,SH에너지화학,KOSPI,기초 화학물질 제조업,1985-12-23,2018,0,,,0
002360,00136457,SH에너지화학,KOSPI,기초 화학물질 제조업,1985-12-23,2019,0,,,0
002360,00136457,SH에너지화학,KOSPI,기초 화학물질 제조업,1985-12-23,2020,0,,,0
002360,00136457,SH에너지화학,KOSPI,기초 화학물질 제조업,1985-12-23,2021,0,,,0
002360,00136457,SH에너지화학,KOSPI,기초 화학물질 제조업,1985-12-23,2022,0,,,0
002360,00136457,SH에너지화학,KOSPI,기초 화학물질 제조업,1985-12-23,2023,0,,,0
002360,00136457,SH에너지화학,KOSPI,기초 화학물질 제조업,1985-12-23,2024,0,,,0
003830,00113544,대한화섬,KOSPI,화학섬유 제조업,1985-12-23,2018,0,,,0
003830,00113544,대한화섬,KOSPI,화학섬유 제조업,1985-12-23,2019,5,20190417,20190417,1
003830,00113544,대한화섬,KOSPI,화학섬유 제조업,1985-12-23,2020,0,,,0
003830,00113544,대한화섬,KOSPI,화학섬유 제조업,1985-12-23,2021,0,,,0
003830,00113544,대한화섬,KOSPI,화학섬유 제조업,1985-12-23,2022,0,,,0
003830,00113544,대한화섬,KOSPI,화학섬유 제조업,1985-12-23,2023,0,,,0
003830,00113544,대한화섬,KOSPI,화학섬유 제조업,1985-12-23,2024,0,,,0
007810,00152686,코리아써키트,KOSPI,전자부품 제조업,1985-09-09,2018,0,,,0
007810,00152686,코리아써키트,KOSPI,전자부품 제조업,1985-09-09,2019,0,,,0
007810,00152686,코리아써키트,KOSPI,전자부품 제조업,1985-09-09,2020,0,,,0
007810,00152686,코리아써키트,KOSPI,전자부품 제조업,1985-09-09,2021,1,20210326,20210326,1
007810,00152686,코리아써키트,KOSPI,전자부품 제조업,1985-09-09,2022,0,,,0
007810,00152686,코리아써키트,KOSPI,전자부품 제조업,1985-09-09,2023,0,,,0
007810,00152686,코리아써키트,KOSPI,전자부품 제조업,1985-09-09,2024,0,,,0
004170,00136378,신세계,KOSPI,종합 소매업,1985-08-19,2018,0,,,0
004170,00136378,신세계,KOSPI,종합 소매업,1985-08-19,2019,0,,,0
004170,00136378,신세계,KOSPI,종합 소매업,1985-08-19,2020,0,,,0
004170,00136378,신세계,KOSPI,종합 소매업,1985-08-19,2021,0,,,0
004170,00136378,신세계,KOSPI,종합 소매업,1985-08-19,2022,0,,,0
004170,00136378,신세계,KOSPI,종합 소매업,1985-08-19,2023,0,,,0
004170,00136378,신세계,KOSPI,종합 소매업,1985-08-19,2024,0,,,0
000520,00128032,삼일제약,KOSPI,의약품 제조업,1985-05-29,2018,0,,,0
000520,00128032,삼일제약,KOSPI,의약품 제조업,1985-05-29,2019,1,20190712,20190712,1
000520,00128032,삼일제약,KOSPI,의약품 제조업,1985-05-29,2020,0,,,0
000520,00128032,삼일제약,KOSPI,의약품 제조업,1985-05-29,2021,0,,,0
000520,00128032,삼일제약,KOSPI,의약품 제조업,1985-05-29,2022,0,,,0
000520,00128032,삼일제약,KOSPI,의약품 제조업,1985-05-29,2023,0,,,0
000520,00128032,삼일제약,KOSPI,의약품 제조업,1985-05-29,2024,0,,,0
006490,00122825,인스코비,KOSPI,전기 통신업,1985-01-17,2018,0,,,0
006490,00122825,인스코비,KOSPI,전기 통신업,1985-01-17,2019,0,,,0
006490,00122825,인스코비,KOSPI,전기 통신업,1985-01-17,2020,0,,,0
006490,00122825,인스코비,KOSPI,전기 통신업,1985-01-17,2021,0,,,0
006490,00122825,인스코비,KOSPI,전기 통신업,1985-01-17,2022,1,20220317,20220317,1
006490,00122825,인스코비,KOSPI,전기 통신업,1985-01-17,2023,0,,,0
006490,00122825,인스코비,KOSPI,전기 통신업,1985-01-17,2024,0,,,0
003120,00146214,일성아이에스,KOSPI,의약품 제조업,1985-01-14,2018,0,,,0
003120,00146214,일성아이에스,KOSPI,의약품 제조업,1985-01-14,2019,0,,,0
003120,00146214,일성아이에스,KOSPI,의약품 제조업,1985-01-14,2020,0,,,0
003120,00146214,일성아이에스,KOSPI,의약품 제조업,1985-01-14,2021,0,,,0
003120,00146214,일성아이에스,KOSPI,의약품 제조업,1985-01-14,2022,0,,,0
003120,00146214,일성아이에스,KOSPI,의약품 제조업,1985-01-14,2023,0,,,0
003120,00146214,일성아이에스,KOSPI,의약품 제조업,1985-01-14,2024,0,,,0
000720,00164478,현대건설,KOSPI,토목 건설업,1984-12-22,2018,0,,,0
000720,00164478,현대건설,KOSPI,토목 건설업,1984-12-22,2019,0,,,0
000720,00164478,현대건설,KOSPI,토목 건설업,1984-12-22,2020,0,,,0
000720,00164478,현대건설,KOSPI,토목 건설업,1984-12-22,2021,0,,,0
000720,00164478,현대건설,KOSPI,토목 건설업,1984-12-22,2022,1,20220325,20220325,1
000720,00164478,현대건설,KOSPI,토목 건설업,1984-12-22,2023,0,,,0
000720,00164478,현대건설,KOSPI,토목 건설업,1984-12-22,2024,2,20240314,20240329,1
000720,01934935,현대건설,KOSPI,토목 건설업,1984-12-22,2018,0,,,0
000720,01934935,현대건설,KOSPI,토목 건설업,1984-12-22,2019,0,,,0
000720,01934935,현대건설,KOSPI,토목 건설업,1984-12-22,2020,0,,,0
000720,01934935,현대건설,KOSPI,토목 건설업,1984-12-22,2021,0,,,0
000720,01934935,현대건설,KOSPI,토목 건설업,1984-12-22,2022,0,,,0
000720,01934935,현대건설,KOSPI,토목 건설업,1984-12-22,2023,0,,,0
000720,01934935,현대건설,KOSPI,토목 건설업,1984-12-22,2024,0,,,0
002710,00117300,TCC스틸,KOSPI,1차 철강 제조업,1984-12-21,2018,0,,,0
002710,00117300,TCC스틸,KOSPI,1차 철강 제조업,1984-12-21,2019,1,20190719,20190719,1
002710,00117300,TCC스틸,KOSPI,1차 철강 제조업,1984-12-21,2020,0,,,0
002710,00117300,TCC스틸,KOSPI,1차 철강 제조업,1984-12-21,2021,0,,,0
002710,00117300,TCC스틸,KOSPI,1차 철강 제조업,1984-12-21,2022,1,20220812,20220812,1
002710,00117300,TCC스틸,KOSPI,1차 철강 제조업,1984-12-21,2023,0,,,0
002710,00117300,TCC스틸,KOSPI,1차 철강 제조업,1984-12-21,2024,0,,,0
003060,00101044,에이프로젠바이오로직스,KOSPI,의약품 제조업,1984-10-19,2018,1,20180911,20180911,1
003060,00101044,에이프로젠바이오로직스,KOSPI,의약품 제조업,1984-10-19,2019,1,20190626,20190626,1
003060,00101044,에이프로젠바이오로직스,KOSPI,의약품 제조업,1984-10-19,2020,0,,,0
003060,00101044,에이프로젠바이오로직스,KOSPI,의약품 제조업,1984-10-19,2021,0,,,0
003060,00101044,에이프로젠바이오로직스,KOSPI,의약품 제조업,1984-10-19,2022,0,,,0
003060,00101044,에이프로젠바이오로직스,KOSPI,의약품 제조업,1984-10-19,2023,0,,,0
003060,00101044,에이프로젠바이오로직스,KOSPI,의약품 제조업,1984-10-19,2024,1,20240314,20240314,1
008700,00138516,아남전자,KOSPI,영상 및 음향기기 제조업,1984-08-11,2018,0,,,0
008700,00138516,아남전자,KOSPI,영상 및 음향기기 제조업,1984-08-11,2019,0,,,0
008700,00138516,아남전자,KOSPI,영상 및 음향기기 제조업,1984-08-11,2020,0,,,0
008700,00138516,아남전자,KOSPI,영상 및 음향기기 제조업,1984-08-11,2021,0,,,0
008700,00138516,아남전자,KOSPI,영상 및 음향기기 제조업,1984-08-11,2022,0,,,0
008700,00138516,아남전자,KOSPI,영상 및 음향기기 제조업,1984-08-11,2023,0,,,0
008700,00138516,아남전자,KOSPI,영상 및 음향기기 제조업,1984-08-11,2024,0,,,0
006360,00120030,GS건설,KOSPI,건물 건설업,1981-08-03,2018,0,,,0
006360,00120030,GS건설,KOSPI,건물 건설업,1981-08-03,2019,0,,,0
006360,00120030,GS건설,KOSPI,건물 건설업,1981-08-03,2020,0,,,0
006360,00120030,GS건설,KOSPI,건물 건설업,1981-08-03,2021,0,,,0
006360,00120030,GS건설,KOSPI,건물 건설업,1981-08-03,2022,0,,,0
006360,00120030,GS건설,KOSPI,건물 건설업,1981-08-03,2023,0,,,0
006360,00120030,GS건설,KOSPI,건물 건설업,1981-08-03,2024,2,20240328,20240329,1
006110,00126779,삼아알미늄,KOSPI,1차 비철금속 제조업,1980-12-05,2018,0,,,0
006110,00126779,삼아알미늄,KOSPI,1차 비철금속 제조업,1980-12-05,2019,0,,,0
006110,00126779,삼아알미늄,KOSPI,1차 비철금속 제조업,1980-12-05,2020,0,,,0
006110,00126779,삼아알미늄,KOSPI,1차 비철금속 제조업,1980-12-05,2021,0,,,0
006110,00126779,삼아알미늄,KOSPI,1차 비철금속 제조업,1980-12-05,2022,2,20220317,20220325,1
006110,00126779,삼아알미늄,KOSPI,1차 비철금속 제조업,1980-12-05,2023,0,,,0
006110,00126779,삼아알미늄,KOSPI,1차 비철금속 제조업,1980-12-05,2024,0,,,0
006400,00126362,삼성SDI,KOSPI,일차전지 및 이차전지 제조업,1979-02-27,2018,1,20180330,20180330,1
006400,00126362,삼성SDI,KOSPI,일차전지 및 이차전지 제조업,1979-02-27,2019,0,,,0
006400,00126362,삼성SDI,KOSPI,일차전지 및 이차전지 제조업,1979-02-27,2020,0,,,0
006400,00126362,삼성SDI,KOSPI,일차전지 및 이차전지 제조업,1979-02-27,2021,0,,,0
006400,00126362,삼성SDI,KOSPI,일차전지 및 이차전지 제조업,1979-02-27,2022,0,,,0
006400,00126362,삼성SDI,KOSPI,일차전지 및 이차전지 제조업,1979-02-27,2023,1,20230313,20230313,1
006400,00126362,삼성SDI,KOSPI,일차전지 및 이차전지 제조업,1979-02-27,2024,0,,,0
009150,00126371,삼성전기,KOSPI,전자부품 제조업,1979-02-27,2018,1,20180814,20180814,1
009150,00126371,삼성전기,KOSPI,전자부품 제조업,1979-02-27,2019,0,,,0
009150,00126371,삼성전기,KOSPI,전자부품 제조업,1979-02-27,2020,0,,,0
009150,00126371,삼성전기,KOSPI,전자부품 제조업,1979-02-27,2021,0,,,0
009150,00126371,삼성전기,KOSPI,전자부품 제조업,1979-02-27,2022,0,,,0
009150,00126371,삼성전기,KOSPI,전자부품 제조업,1979-02-27,2023,0,,,0
009150,00126371,삼성전기,KOSPI,전자부품 제조업,1979-02-27,2024,1,20240329,20240329,1
005960,00115612,동부건설,KOSPI,토목 건설업,1978-10-30,2018,0,,,0
005960,00115612,동부건설,KOSPI,토목 건설업,1978-10-30,2019,0,,,0
005960,00115612,동부건설,KOSPI,토목 건설업,1978-10-30,2020,0,,,0
005960,00115612,동부건설,KOSPI,토목 건설업,1978-10-30,2021,3,20210318,20210423,1
005960,00115612,동부건설,KOSPI,토목 건설업,1978-10-30,2022,1,20220713,20220713,1
005960,00115612,동부건설,KOSPI,토목 건설업,1978-10-30,2023,0,,,0
005960,00115612,동부건설,KOSPI,토목 건설업,1978-10-30,2024,1,20240318,20240318,1
009070,00103042,케이씨티시,KOSPI,도로 화물 운송업,1978-09-29,2018,1,20180410,20180410,1
009070,00103042,케이씨티시,KOSPI,도로 화물 운송업,1978-09-29,2019,0,,,0
009070,00103042,케이씨티시,KOSPI,도로 화물 운송업,1978-09-29,2020,0,,,0
009070,00103042,케이씨티시,KOSPI,도로 화물 운송업,1978-09-29,2021,1,20210330,20210330,1
009070,00103042,케이씨티시,KOSPI,도로 화물 운송업,1978-09-29,2022,0,,,0
009070,00103042,케이씨티시,KOSPI,도로 화물 운송업,1978-09-29,2023,0,,,0
009070,00103042,케이씨티시,KOSPI,도로 화물 운송업,1978-09-29,2024,1,20240322,20240322,1
003070,00152880,코오롱글로벌,KOSPI,토목 건설업,1978-09-15,2018,0,,,0
003070,00152880,코오롱글로벌,KOSPI,토목 건설업,1978-09-15,2019,0,,,0
003070,00152880,코오롱글로벌,KOSPI,토목 건설업,1978-09-15,2020,1,20201116,20201116,1
003070,00152880,코오롱글로벌,KOSPI,토목 건설업,1978-09-15,2021,0,,,0
003070,00152880,코오롱글로벌,KOSPI,토목 건설업,1978-09-15,2022,0,,,0
003070,00152880,코오롱글로벌,KOSPI,토목 건설업,1978-09-15,2023,1,20230814,20230814,1
003070,00152880,코오롱글로벌,KOSPI,토목 건설업,1978-09-15,2024,1,20240326,20240326,1
005180,00124726,빙그레,KOSPI,동·식물성 유지 및 낙농제품 제조업,1978-08-31,2018,0,,,0
005180,00124726,빙그레,KOSPI,동·식물성 유지 및 낙농제품 제조업,1978-08-31,2019,0,,,0
005180,00124726,빙그레,KOSPI,동·식물성 유지 및 낙농제품 제조업,1978-08-31,2020,0,,,0
005180,00124726,빙그레,KOSPI,동·식물성 유지 및 낙농제품 제조업,1978-08-31,2021,0,,,0
005180,00124726,빙그레,KOSPI,동·식물성 유지 및 낙농제품 제조업,1978-08-31,2022,1,20220812,20220812,1
005180,00124726,빙그레,KOSPI,동·식물성 유지 및 낙농제품 제조업,1978-08-31,2023,0,,,0
005180,00124726,빙그레,KOSPI,동·식물성 유지 및 낙농제품 제조업,1978-08-31,2024,0,,,0
000480,00148984,시알홀딩스,KOSPI,"내화, 비내화 요업제품 제조업",1978-06-30,2018,1,20180406,20180406,1
000480,00148984,시알홀딩스,KOSPI,"내화, 비내화 요업제품 제조업",1978-06-30,2019,0,,,0
000480,00148984,시알홀딩스,KOSPI,"내화, 비내화 요업제품 제조업",1978-06-30,2020,1,20200402,20200402,1
000480,00148984,시알홀딩스,KOSPI,"내화, 비내화 요업제품 제조업",1978-06-30,2021,0,,,0
000480,00148984,시알홀딩스,KOSPI,"내화, 비내화 요업제품 제조업",1978-06-30,2022,0,,,0
000480,00148984,시알홀딩스,KOSPI,"내화, 비내화 요업제품 제조업",1978-06-30,2023,0,,,0
000480,00148984,시알홀딩스,KOSPI,"내화, 비내화 요업제품 제조업",1978-06-30,2024,2,20240313,20240315,1
004310,00164706,현대약품,KOSPI,의약품 제조업,1978-06-28,2018,0,,,0
004310,00164706,현대약품,KOSPI,의약품 제조업,1978-06-28,2019,0,,,0
004310,00164706,현대약품,KOSPI,의약품 제조업,1978-06-28,2020,0,,,0
004310,00164706,현대약품,KOSPI,의약품 제조업,1978-06-28,2021,2,20210218,20210218,1
004310,00164706,현대약품,KOSPI,의약품 제조업,1978-06-28,2022,0,,,0
004310,00164706,현대약품,KOSPI,의약품 제조업,1978-06-28,2023,0,,,0
004310,00164706,현대약품,KOSPI,의약품 제조업,1978-06-28,2024,0,,,0
003920,00107598,남양유업,KOSPI,동·식물성 유지 및 낙농제품 제조업,1978-06-24,2018,5,20180921,20180921,1
003920,00107598,남양유업,KOSPI,동·식물성 유지 및 낙농제품 제조업,1978-06-24,2019,0,,,0
003920,00107598,남양유업,KOSPI,동·식물성 유지 및 낙농제품 제조업,1978-06-24,2020,0,,,0
003920,00107598,남양유업,KOSPI,동·식물성 유지 및 낙농제품 제조업,1978-06-24,2021,0,,,0
003920,00107598,남양유업,KOSPI,동·식물성 유지 및 낙농제품 제조업,1978-06-24,2022,1,20220408,20220408,1
003920,00107598,남양유업,KOSPI,동·식물성 유지 및 낙농제품 제조업,1978-06-24,2023,0,,,0
003920,00107598,남양유업,KOSPI,동·식물성 유지 및 낙농제품 제조업,1978-06-24,2024,0,,,0
008350,00107224,남선알미늄,KOSPI,1차 비철금속 제조업,1978-05-22,2018,0,,,0
008350,00107224,남선알미늄,KOSPI,1차 비철금속 제조업,1978-05-22,2019,0,,,0
008350,00107224,남선알미늄,KOSPI,1차 비철금속 제조업,1978-05-22,2020,0,,,0
008350,00107224,남선알미늄,KOSPI,1차 비철금속 제조업,1978-05-22,2021,0,,,0
008350,00107224,남선알미늄,KOSPI,1차 비철금속 제조업,1978-05-22,2022,0,,,0
008350,00107224,남선알미늄,KOSPI,1차 비철금속 제조업,1978-05-22,2023,0,,,0
008350,00107224,남선알미늄,KOSPI,1차 비철금속 제조업,1978-05-22,2024,1,20240604,20240604,1
003350,00160621,한국화장품제조,KOSPI,기타 화학제품 제조업,1978-02-06,2018,0,,,0
003350,00160621,한국화장품제조,KOSPI,기타 화학제품 제조업,1978-02-06,2019,0,,,0
003350,00160621,한국화장품제조,KOSPI,기타 화학제품 제조업,1978-02-06,2020,0,,,0
003350,00160621,한국화장품제조,KOSPI,기타 화학제품 제조업,1978-02-06,2021,0,,,0
003350,00160621,한국화장품제조,KOSPI,기타 화학제품 제조업,1978-02-06,2022,1,20220318,20220318,1
003350,00160621,한국화장품제조,KOSPI,기타 화학제품 제조업,1978-02-06,2023,0,,,0
003350,00160621,한국화장품제조,KOSPI,기타 화학제품 제조업,1978-02-06,2024,0,,,0
011760,00164812,현대코퍼레이션,KOSPI,상품 종합 도매업,1977-12-01,2018,1,20180614,20180614,1
011760,00164812,현대코퍼레이션,KOSPI,상품 종합 도매업,1977-12-01,2019,0,,,0
011760,00164812,현대코퍼레이션,KOSPI,상품 종합 도매업,1977-12-01,2020,0,,,0
011760,00164812,현대코퍼레이션,KOSPI,상품 종합 도매업,1977-12-01,2021,0,,,0
011760,00164812,현대코퍼레이션,KOSPI,상품 종합 도매업,1977-12-01,2022,0,,,0
011760,00164812,현대코퍼레이션,KOSPI,상품 종합 도매업,1977-12-01,2023,0,,,0
011760,00164812,현대코퍼레이션,KOSPI,상품 종합 도매업,1977-12-01,2024,0,,,0
001740,00131780,SK네트웍스,KOSPI,기타 전문 도매업,1977-06-30,2018,0,,,0
001740,00131780,SK네트웍스,KOSPI,기타 전문 도매업,1977-06-30,2019,0,,,0
001740,00131780,SK네트웍스,KOSPI,기타 전문 도매업,1977-06-30,2020,0,,,0
001740,00131780,SK네트웍스,KOSPI,기타 전문 도매업,1977-06-30,2021,1,20210322,20210322,1
001740,00131780,SK네트웍스,KOSPI,기타 전문 도매업,1977-06-30,2022,1,20220404,20220404,1
001740,00131780,SK네트웍스,KOSPI,기타 전문 도매업,1977-06-30,2023,2,20230323,20231114,1
001740,00131780,SK네트웍스,KOSPI,기타 전문 도매업,1977-06-30,2024,0,,,0
002100,00101433,경농,KOSPI,"비료, 농약 및 살균, 살충제 제조업",1977-06-30,2018,0,,,0
002100,00101433,경농,KOSPI,"비료, 농약 및 살균, 살충제 제조업",1977-06-30,2019,1,20190403,20190403,1
002100,00101433,경농,KOSPI,"비료, 농약 및 살균, 살충제 제조업",1977-06-30,2020,0,,,0
002100,00101433,경농,KOSPI,"비료, 농약 및 살균, 살충제 제조업",1977-06-30,2021,0,,,0
002100,00101433,경농,KOSPI,"비료, 농약 및 살균, 살충제 제조업",1977-06-30,2022,0,,,0
002100,00101433,경농,KOSPI,"비료, 농약 및 살균, 살충제 제조업",1977-06-30,2023,0,,,0
002100,00101433,경농,KOSPI,"비료, 농약 및 살균, 살충제 제조업",1977-06-30,2024,0,,,0
004870,00109514,티웨이홀딩스,KOSPI,"시멘트, 석회, 플라스터 및 그 제품 제조업",1977-06-30,2018,0,,,0
004870,00109514,티웨이홀딩스,KOSPI,"시멘트, 석회, 플라스터 및 그 제품 제조업",1977-06-30,2019,0,,,0
004870,00109514,티웨이홀딩스,KOSPI,"시멘트, 석회, 플라스터 및 그 제품 제조업",1977-06-30,2020,0,,,0
004870,00109514,티웨이홀딩스,KOSPI,"시멘트, 석회, 플라스터 및 그 제품 제조업",1977-06-30,2021,0,,,0
004870,00109514,티웨이홀딩스,KOSPI,"시멘트, 석회, 플라스터 및 그 제품 제조업",1977-06-30,2022,0,,,0
004870,00109514,티웨이홀딩스,KOSPI,"시멘트, 석회, 플라스터 및 그 제품 제조업",1977-06-30,2023,0,,,0
004870,00109514,티웨이홀딩스,KOSPI,"시멘트, 석회, 플라스터 및 그 제품 제조업",1977-06-30,2024,0,,,0
007590,00115384,동방아그로,KOSPI,"비료, 농약 및 살균, 살충제 제조업",1977-06-29,2018,0,,,0
007590,00115384,동방아그로,KOSPI,"비료, 농약 및 살균, 살충제 제조업",1977-06-29,2019,0,,,0
007590,00115384,동방아그로,KOSPI,"비료, 농약 및 살균, 살충제 제조업",1977-06-29,2020,0,,,0
007590,00115384,동방아그로,KOSPI,"비료, 농약 및 살균, 살충제 제조업",1977-06-29,2021,0,,,0
007590,00115384,동방아그로,KOSPI,"비료, 농약 및 살균, 살충제 제조업",1977-06-29,2022,0,,,0
007590,00115384,동방아그로,KOSPI,"비료, 농약 및 살균, 살충제 제조업",1977-06-29,2023,0,,,0
007590,00115384,동방아그로,KOSPI,"비료, 농약 및 살균, 살충제 제조업",1977-06-29,2024,0,,,0
004430,00134963,송원산업,KOSPI,기타 화학제품 제조업,1977-06-25,2018,0,,,0
004430,00134963,송원산업,KOSPI,기타 화학제품 제조업,1977-06-25,2019,0,,,0
004430,00134963,송원산업,KOSPI,기타 화학제품 제조업,1977-06-25,2020,0,,,0
004430,00134963,송원산업,KOSPI,기타 화학제품 제조업,1977-06-25,2021,0,,,0
004430,00134963,송원산업,KOSPI,기타 화학제품 제조업,1977-06-25,2022,0,,,0
004430,00134963,송원산업,KOSPI,기타 화학제품 제조업,1977-06-25,2023,0,,,0
004430,00134963,송원산업,KOSPI,기타 화학제품 제조업,1977-06-25,2024,0,,,0
002780,00150828,진흥기업,KOSPI,토목 건설업,1977-06-25,2018,0,,,0
002780,00150828,진흥기업,KOSPI,토목 건설업,1977-06-25,2019,0,,,0
002780,00150828,진흥기업,KOSPI,토목 건설업,1977-06-25,2020,0,,,0
002780,00150828,진흥기업,KOSPI,토목 건설업,1977-06-25,2021,0,,,0
002780,00150828,진흥기업,KOSPI,토목 건설업,1977-06-25,2022,1,20220811,20220811,1
002780,00150828,진흥기업,KOSPI,토목 건설업,1977-06-25,2023,0,,,0
002780,00150828,진흥기업,KOSPI,토목 건설업,1977-06-25,2024,0,,,0
004090,00157991,한국석유공업,KOSPI,기타 비금속 광물제품 제조업,1977-06-25,2018,0,,,0
004090,00157991,한국석유공업,KOSPI,기타 비금속 광물제품 제조업,1977-06-25,2019,0,,,0
004090,00157991,한국석유공업,KOSPI,기타 비금속 광물제품 제조업,1977-06-25,2020,0,,,0
004090,00157991,한국석유공업,KOSPI,기타 비금속 광물제품 제조업,1977-06-25,2021,0,,,0
004090,00157991,한국석유공업,KOSPI,기타 비금속 광물제품 제조업,1977-06-25,2022,0,,,0
004090,00157991,한국석유공업,KOSPI,기타 비금속 광물제품 제조업,1977-06-25,2023,0,,,0
004090,00157991,한국석유공업,KOSPI,기타 비금속 광물제품 제조업,1977-06-25,2024,0,,,0
000650,00151395,천일고속,KOSPI,육상 여객 운송업,1977-06-23,2018,1,20180615,20180615,1
000650,00151395,천일고속,KOSPI,육상 여객 운송업,1977-06-23,2019,0,,,0
000650,00151395,천일고속,KOSPI,육상 여객 운송업,1977-06-23,2020,0,,,0
000650,00151395,천일고속,KOSPI,육상 여객 운송업,1977-06-23,2021,0,,,0
000650,00151395,천일고속,KOSPI,육상 여객 운송업,1977-06-23,2022,1,20220810,20220810,1
000650,00151395,천일고속,KOSPI,육상 여객 운송업,1977-06-23,2023,0,,,0
000650,00151395,천일고속,KOSPI,육상 여객 운송업,1977-06-23,2024,0,,,0
000430,00111847,대원강업,KOSPI,자동차 신품 부품 제조업,1977-06-22,2018,0,,,0
000430,00111847,대원강업,KOSPI,자동차 신품 부품 제조업,1977-06-22,2019,0,,,0
000430,00111847,대원강업,KOSPI,자동차 신품 부품 제조업,1977-06-22,2020,0,,,0
000430,00111847,대원강업,KOSPI,자동차 신품 부품 제조업,1977-06-22,2021,0,,,0
000430,00111847,대원강업,KOSPI,자동차 신품 부품 제조업,1977-06-22,2022,0,,,0
000430,00111847,대원강업,KOSPI,자동차 신품 부품 제조업,1977-06-22,2023,1,20230324,20230324,1
000430,00111847,대원강업,KOSPI,자동차 신품 부품 제조업,1977-06-22,2024,0,,,0
001080,00120872,만호제강,KOSPI,1차 철강 제조업,1977-06-18,2018,0,,,0
001080,00120872,만호제강,KOSPI,1차 철강 제조업,1977-06-18,2019,0,,,0
001080,00120872,만호제강,KOSPI,1차 철강 제조업,1977-06-18,2020,0,,,0
001080,00120872,만호제강,KOSPI,1차 철강 제조업,1977-06-18,2021,0,,,0
001080,00120872,만호제강,KOSPI,1차 철강 제조업,1977-06-18,2022,0,,,0
001080,00120872,만호제강,KOSPI,1차 철강 제조업,1977-06-18,2023,0,,,0
001080,00120872,만호제강,KOSPI,1차 철강 제조업,1977-06-18,2024,0,,,0
004700,00148939,조광피혁,KOSPI,"가죽, 가방 및 유사제품 제조업",1977-05-27,2018,0,,,0
004700,00148939,조광피혁,KOSPI,"가죽, 가방 및 유사제품 제조업",1977-05-27,2019,0,,,0
004700,00148939,조광피혁,KOSPI,"가죽, 가방 및 유사제품 제조업",1977-05-27,2020,0,,,0
004700,00148939,조광피혁,KOSPI,"가죽, 가방 및 유사제품 제조업",1977-05-27,2021,1,20210326,20210326,1
004700,00148939,조광피혁,KOSPI,"가죽, 가방 및 유사제품 제조업",1977-05-27,2022,7,20220325,20220818,1
004700,00148939,조광피혁,KOSPI,"가죽, 가방 및 유사제품 제조업",1977-05-27,2023,0,,,0
004700,00148939,조광피혁,KOSPI,"가죽, 가방 및 유사제품 제조업",1977-05-27,2024,0,,,0
004360,00133812,세방,KOSPI,도로 화물 운송업,1977-05-19,2018,0,,,0
004360,00133812,세방,KOSPI,도로 화물 운송업,1977-05-19,2019,2,20190401,20190403,1
004360,00133812,세방,KOSPI,도로 화물 운송업,1977-05-19,2020,0,,,0
004360,00133812,세방,KOSPI,도로 화물 운송업,1977-05-19,2021,0,,,0
004360,00133812,세방,KOSPI,도로 화물 운송업,1977-05-19,2022,1,20220812,20220812,1
004360,00133812,세방,KOSPI,도로 화물 운송업,1977-05-19,2023,0,,,0
004360,00133812,세방,KOSPI,도로 화물 운송업,1977-05-19,2024,0,,,0
008970,00117629,KBI동양철관,KOSPI,1차 철강 제조업,1977-03-05,2018,0,,,0
008970,00117629,KBI동양철관,KOSPI,1차 철강 제조업,1977-03-05,2019,0,,,0
008970,00117629,KBI동양철관,KOSPI,1차 철강 제조업,1977-03-05,2020,0,,,0
008970,00117629,KBI동양철관,KOSPI,1차 철강 제조업,1977-03-05,2021,0,,,0
008970,00117629,KBI동양철관,KOSPI,1차 철강 제조업,1977-03-05,2022,0,,,0
008970,00117629,KBI동양철관,KOSPI,1차 철강 제조업,1977-03-05,2023,0,,,0
008970,00117629,KBI동양철관,KOSPI,1차 철강 제조업,1977-03-05,2024,0,,,0
002880,00149804,디와이에이,KOSPI,자동차 신품 부품 제조업,1977-02-18,2018,1,20180406,20180406,1
002880,00149804,디와이에이,KOSPI,자동차 신품 부품 제조업,1977-02-18,2019,1,20190409,20190409,1
002880,00149804,디와이에이,KOSPI,자동차 신품 부품 제조업,1977-02-18,2020,0,,,0
002880,00149804,디와이에이,KOSPI,자동차 신품 부품 제조업,1977-02-18,2021,3,20210218,20210218,1
002880,00149804,디와이에이,KOSPI,자동차 신품 부품 제조업,1977-02-18,2022,1,20220324,20220324,1
002880,00149804,디와이에이,KOSPI,자동차 신품 부품 제조업,1977-02-18,2023,0,,,0
002880,00149804,디와이에이,KOSPI,자동차 신품 부품 제조업,1977-02-18,2024,0,,,0
001260,00107066,남광토건,KOSPI,토목 건설업,1976-12-28,2018,0,,,0
001260,00107066,남광토건,KOSPI,토목 건설업,1976-12-28,2019,0,,,0
001260,00107066,남광토건,KOSPI,토목 건설업,1976-12-28,2020,0,,,0
001260,00107066,남광토건,KOSPI,토목 건설업,1976-12-28,2021,1,20210319,20210319,1
001260,00107066,남광토건,KOSPI,토목 건설업,1976-12-28,2022,0,,,0
001260,00107066,남광토건,KOSPI,토목 건설업,1976-12-28,2023,1,20230712,20230712,1
001260,00107066,남광토건,KOSPI,토목 건설업,1976-12-28,2024,0,,,0
001260,01965324,남광토건,KOSPI,토목 건설업,1976-12-28,2018,0,,,0
001260,01965324,남광토건,KOSPI,토목 건설업,1976-12-28,2019,0,,,0
001260,01965324,남광토건,KOSPI,토목 건설업,1976-12-28,2020,0,,,0
001260,01965324,남광토건,KOSPI,토목 건설업,1976-12-28,2021,0,,,0
001260,01965324,남광토건,KOSPI,토목 건설업,1976-12-28,2022,0,,,0
001260,01965324,남광토건,KOSPI,토목 건설업,1976-12-28,2023,0,,,0
001260,01965324,남광토건,KOSPI,토목 건설업,1976-12-28,2024,0,,,0
005680,00127200,삼영전자공업,KOSPI,전자부품 제조업,1976-12-28,2018,0,,,0
005680,00127200,삼영전자공업,KOSPI,전자부품 제조업,1976-12-28,2019,1,20190626,20190626,1
005680,00127200,삼영전자공업,KOSPI,전자부품 제조업,1976-12-28,2020,0,,,0
005680,00127200,삼영전자공업,KOSPI,전자부품 제조업,1976-12-28,2021,0,,,0
005680,00127200,삼영전자공업,KOSPI,전자부품 제조업,1976-12-28,2022,0,,,0
005680,00127200,삼영전자공업,KOSPI,전자부품 제조업,1976-12-28,2023,0,,,0
005680,00127200,삼영전자공업,KOSPI,전자부품 제조업,1976-12-28,2024,0,,,0
005800,00136624,신영와코루,KOSPI,봉제의복 제조업,1976-12-28,2018,0,,,0
005800,00136624,신영와코루,KOSPI,봉제의복 제조업,1976-12-28,2019,0,,,0
005800,00136624,신영와코루,KOSPI,봉제의복 제조업,1976-12-28,2020,1,20200330,20200330,1
005800,00136624,신영와코루,KOSPI,봉제의복 제조업,1976-12-28,2021,1,20210317,20210317,1
005800,00136624,신영와코루,KOSPI,봉제의복 제조업,1976-12-28,2022,0,,,0
005800,00136624,신영와코루,KOSPI,봉제의복 제조업,1976-12-28,2023,0,,,0
005800,00136624,신영와코루,KOSPI,봉제의복 제조업,1976-12-28,2024,0,,,0
002630,00141626,오리엔트바이오,KOSPI,의약품 제조업,1976-12-28,2018,0,,,0
002630,00141626,오리엔트바이오,KOSPI,의약품 제조업,1976-12-28,2019,0,,,0
002630,00141626,오리엔트바이오,KOSPI,의약품 제조업,1976-12-28,2020,0,,,0
002630,00141626,오리엔트바이오,KOSPI,의약품 제조업,1976-12-28,2021,1,20211111,20211111,1
002630,00141626,오리엔트바이오,KOSPI,의약품 제조업,1976-12-28,2022,1,20220621,20220621,1
002630,00141626,오리엔트바이오,KOSPI,의약품 제조업,1976-12-28,2023,0,,,0
002630,00141626,오리엔트바이오,KOSPI,의약품 제조업,1976-12-28,2024,0,,,0
001550,00148948,조비,KOSPI,"비료, 농약 및 살균, 살충제 제조업",1976-12-28,2018,1,20180607,20180607,1
001550,00148948,조비,KOSPI,"비료, 농약 및 살균, 살충제 제조업",1976-12-28,2019,1,20190403,20190403,1
001550,00148948,조비,KOSPI,"비료, 농약 및 살균, 살충제 제조업",1976-12-28,2020,0,,,0
001550,00148948,조비,KOSPI,"비료, 농약 및 살균, 살충제 제조업",1976-12-28,2021,0,,,0
001550,00148948,조비,KOSPI,"비료, 농약 및 살균, 살충제 제조업",1976-12-28,2022,0,,,0
001550,00148948,조비,KOSPI,"비료, 농약 및 살균, 살충제 제조업",1976-12-28,2023,0,,,0
001550,00148948,조비,KOSPI,"비료, 농약 및 살균, 살충제 제조업",1976-12-28,2024,0,,,0
005430,00156691,한국공항,KOSPI,기타 운송관련 서비스업,1976-12-28,2018,0,,,0
005430,00156691,한국공항,KOSPI,기타 운송관련 서비스업,1976-12-28,2019,0,,,0
005430,00156691,한국공항,KOSPI,기타 운송관련 서비스업,1976-12-28,2020,0,,,0
005430,00156691,한국공항,KOSPI,기타 운송관련 서비스업,1976-12-28,2021,0,,,0
005430,00156691,한국공항,KOSPI,기타 운송관련 서비스업,1976-12-28,2022,0,,,0
005430,00156691,한국공항,KOSPI,기타 운송관련 서비스업,1976-12-28,2023,0,,,0
005430,00156691,한국공항,KOSPI,기타 운송관련 서비스업,1976-12-28,2024,0,,,0
004910,00148920,조광페인트,KOSPI,기타 화학제품 제조업,1976-12-27,2018,0,,,0
004910,00148920,조광페인트,KOSPI,기타 화학제품 제조업,1976-12-27,2019,0,,,0
004910,00148920,조광페인트,KOSPI,기타 화학제품 제조업,1976-12-27,2020,0,,,0
004910,00148920,조광페인트,KOSPI,기타 화학제품 제조업,1976-12-27,2021,1,20210419,20210419,1
004910,00148920,조광페인트,KOSPI,기타 화학제품 제조업,1976-12-27,2022,0,,,0
004910,00148920,조광페인트,KOSPI,기타 화학제품 제조업,1976-12-27,2023,1,20230327,20230327,1
004910,00148920,조광페인트,KOSPI,기타 화학제품 제조업,1976-12-27,2024,0,,,0
003080,00132725,SB성보,KOSPI,"비료, 농약 및 살균, 살충제 제조업",1976-12-23,2018,1,20180615,20180615,1
003080,00132725,SB성보,KOSPI,"비료, 농약 및 살균, 살충제 제조업",1976-12-23,2019,0,,,0
003080,00132725,SB성보,KOSPI,"비료, 농약 및 살균, 살충제 제조업",1976-12-23,2020,0,,,0
003080,00132725,SB성보,KOSPI,"비료, 농약 및 살균, 살충제 제조업",1976-12-23,2021,0,,,0
003080,00132725,SB성보,KOSPI,"비료, 농약 및 살균, 살충제 제조업",1976-12-23,2022,0,,,0
003080,00132725,SB성보,KOSPI,"비료, 농약 및 살균, 살충제 제조업",1976-12-23,2023,0,,,0
003080,00132725,SB성보,KOSPI,"비료, 농약 및 살균, 살충제 제조업",1976-12-23,2024,0,,,0
004690,00128555,삼천리,KOSPI,연료용 가스 제조 및 배관공급업,1976-12-23,2018,0,,,0
004690,00128555,삼천리,KOSPI,연료용 가스 제조 및 배관공급업,1976-12-23,2019,0,,,0
004690,00128555,삼천리,KOSPI,연료용 가스 제조 및 배관공급업,1976-12-23,2020,0,,,0
004690,00128555,삼천리,KOSPI,연료용 가스 제조 및 배관공급업,1976-12-23,2021,0,,,0
004690,00128555,삼천리,KOSPI,연료용 가스 제조 및 배관공급업,1976-12-23,2022,0,,,0
004690,00128555,삼천리,KOSPI,연료용 가스 제조 및 배관공급업,1976-12-23,2023,0,,,0
004690,00128555,삼천리,KOSPI,연료용 가스 제조 및 배관공급업,1976-12-23,2024,1,20240319,20240319,1
002600,00149345,조흥,KOSPI,기타 식품 제조업,1976-12-23,2018,0,,,0
002600,00149345,조흥,KOSPI,기타 식품 제조업,1976-12-23,2019,0,,,0
002600,00149345,조흥,KOSPI,기타 식품 제조업,1976-12-23,2020,0,,,0
002600,00149345,조흥,KOSPI,기타 식품 제조업,1976-12-23,2021,1,20210305,20210305,1
002600,00149345,조흥,KOSPI,기타 식품 제조업,1976-12-23,2022,0,,,0
002600,00149345,조흥,KOSPI,기타 식품 제조업,1976-12-23,2023,0,,,0
002600,00149345,조흥,KOSPI,기타 식품 제조업,1976-12-23,2024,0,,,0
001570,00106119,금양,KOSPI,기초 화학물질 제조업,1976-12-17,2018,0,,,0
001570,00106119,금양,KOSPI,기초 화학물질 제조업,1976-12-17,2019,1,20190619,20190619,1
001570,00106119,금양,KOSPI,기초 화학물질 제조업,1976-12-17,2020,0,,,0
001570,00106119,금양,KOSPI,기초 화학물질 제조업,1976-12-17,2021,0,,,0
001570,00106119,금양,KOSPI,기초 화학물질 제조업,1976-12-17,2022,0,,,0
001570,00106119,금양,KOSPI,기초 화학물질 제조업,1976-12-17,2023,1,20230323,20230323,1
001570,00106119,금양,KOSPI,기초 화학물질 제조업,1976-12-17,2024,2,20240313,20240417,1
003960,00109718,사조대림,KOSPI,수산물 가공 및 저장 처리업,1976-09-16,2018,0,,,0
003960,00109718,사조대림,KOSPI,수산물 가공 및 저장 처리업,1976-09-16,2019,1,20190117,20190117,1
003960,00109718,사조대림,KOSPI,수산물 가공 및 저장 처리업,1976-09-16,2020,0,,,0
003960,00109718,사조대림,KOSPI,수산물 가공 및 저장 처리업,1976-09-16,2021,0,,,0
003960,00109718,사조대림,KOSPI,수산물 가공 및 저장 처리업,1976-09-16,2022,1,20220929,20220929,1
003960,00109718,사조대림,KOSPI,수산물 가공 및 저장 처리업,1976-09-16,2023,0,,,0
003960,00109718,사조대림,KOSPI,수산물 가공 및 저장 처리업,1976-09-16,2024,0,,,0
002070,00107677,비비안,KOSPI,봉제의복 제조업,1976-07-13,2018,1,20180118,20180118,1
002070,00107677,비비안,KOSPI,봉제의복 제조업,1976-07-13,2019,0,,,0
002070,00107677,비비안,KOSPI,봉제의복 제조업,1976-07-13,2020,3,20200327,20200331,1
002070,00107677,비비안,KOSPI,봉제의복 제조업,1976-07-13,2021,2,20210413,20210817,1
002070,00107677,비비안,KOSPI,봉제의복 제조업,1976-07-13,2022,0,,,0
002070,00107677,비비안,KOSPI,봉제의복 제조업,1976-07-13,2023,0,,,0
002070,00107677,비비안,KOSPI,봉제의복 제조업,1976-07-13,2024,0,,,0
003570,00134477,SNT다이내믹스,KOSPI,자동차 신품 부품 제조업,1976-07-08,2018,0,,,0
003570,00134477,SNT다이내믹스,KOSPI,자동차 신품 부품 제조업,1976-07-08,2019,0,,,0
003570,00134477,SNT다이내믹스,KOSPI,자동차 신품 부품 제조업,1976-07-08,2020,0,,,0
003570,00134477,SNT다이내믹스,KOSPI,자동차 신품 부품 제조업,1976-07-08,2021,0,,,0
003570,00134477,SNT다이내믹스,KOSPI,자동차 신품 부품 제조업,1976-07-08,2022,0,,,0
003570,00134477,SNT다이내믹스,KOSPI,자동차 신품 부품 제조업,1976-07-08,2023,0,,,0
003570,00134477,SNT다이내믹스,KOSPI,자동차 신품 부품 제조업,1976-07-08,2024,0,,,0
004960,00162063,한신공영,KOSPI,건물 건설업,1976-07-07,2018,0,,,0
004960,00162063,한신공영,KOSPI,건물 건설업,1976-07-07,2019,0,,,0
004960,00162063,한신공영,KOSPI,건물 건설업,1976-07-07,2020,0,,,0
004960,00162063,한신공영,KOSPI,건물 건설업,1976-07-07,2021,0,,,0
004960,00162063,한신공영,KOSPI,건물 건설업,1976-07-07,2022,1,20220713,20220713,1
004960,00162063,한신공영,KOSPI,건물 건설업,1976-07-07,2023,0,,,0
004960,00162063,한신공영,KOSPI,건물 건설업,1976-07-07,2024,0,,,0
004370,00108241,농심,KOSPI,기타 식품 제조업,1976-06-30,2018,0,,,0
004370,00108241,농심,KOSPI,기타 식품 제조업,1976-06-30,2019,0,,,0
004370,00108241,농심,KOSPI,기타 식품 제조업,1976-06-30,2020,0,,,0
004370,00108241,농심,KOSPI,기타 식품 제조업,1976-06-30,2021,0,,,0
004370,00108241,농심,KOSPI,기타 식품 제조업,1976-06-30,2022,0,,,0
004370,00108241,농심,KOSPI,기타 식품 제조업,1976-06-30,2023,0,,,0
004370,00108241,농심,KOSPI,기타 식품 제조업,1976-06-30,2024,0,,,0
003720,00127255,삼영,KOSPI,플라스틱제품 제조업,1976-06-30,2018,0,,,0
003720,00127255,삼영,KOSPI,플라스틱제품 제조업,1976-06-30,2019,0,,,0
003720,00127255,삼영,KOSPI,플라스틱제품 제조업,1976-06-30,2020,0,,,0
003720,00127255,삼영,KOSPI,플라스틱제품 제조업,1976-06-30,2021,0,,,0
003720,00127255,삼영,KOSPI,플라스틱제품 제조업,1976-06-30,2022,0,,,0
003720,00127255,삼영,KOSPI,플라스틱제품 제조업,1976-06-30,2023,1,20230713,20230713,1
003720,00127255,삼영,KOSPI,플라스틱제품 제조업,1976-06-30,2024,0,,,0
004980,00132804,성신양회,KOSPI,"시멘트, 석회, 플라스터 및 그 제품 제조업",1976-06-30,2018,0,,,0
004980,00132804,성신양회,KOSPI,"시멘트, 석회, 플라스터 및 그 제품 제조업",1976-06-30,2019,0,,,0
004980,00132804,성신양회,KOSPI,"시멘트, 석회, 플라스터 및 그 제품 제조업",1976-06-30,2020,0,,,0
004980,00132804,성신양회,KOSPI,"시멘트, 석회, 플라스터 및 그 제품 제조업",1976-06-30,2021,0,,,0
004980,00132804,성신양회,KOSPI,"시멘트, 석회, 플라스터 및 그 제품 제조업",1976-06-30,2022,0,,,0
004980,00132804,성신양회,KOSPI,"시멘트, 석회, 플라스터 및 그 제품 제조업",1976-06-30,2023,0,,,0
004980,00132804,성신양회,KOSPI,"시멘트, 석회, 플라스터 및 그 제품 제조업",1976-06-30,2024,0,,,0
004970,00135962,신라교역,KOSPI,어로 어업,1976-06-30,2018,2,20180403,20180608,1
004970,00135962,신라교역,KOSPI,어로 어업,1976-06-30,2019,0,,,0
004970,00135962,신라교역,KOSPI,어로 어업,1976-06-30,2020,0,,,0
004970,00135962,신라교역,KOSPI,어로 어업,1976-06-30,2021,1,20210317,20210317,1
004970,00135962,신라교역,KOSPI,어로 어업,1976-06-30,2022,1,20220930,20220930,1
004970,00135962,신라교역,KOSPI,어로 어업,1976-06-30,2023,0,,,0
004970,00135962,신라교역,KOSPI,어로 어업,1976-06-30,2024,0,,,0
002870,00137368,신풍,KOSPI,기타 전문 도매업,1976-06-30,2018,0,,,0
002870,00137368,신풍,KOSPI,기타 전문 도매업,1976-06-30,2019,0,,,0
002870,00137368,신풍,KOSPI,기타 전문 도매업,1976-06-30,2020,0,,,0
002870,00137368,신풍,KOSPI,기타 전문 도매업,1976-06-30,2021,0,,,0
002870,00137368,신풍,KOSPI,기타 전문 도매업,1976-06-30,2022,0,,,0
002870,00137368,신풍,KOSPI,기타 전문 도매업,1976-06-30,2023,0,,,0
002870,00137368,신풍,KOSPI,기타 전문 도매업,1976-06-30,2024,0,,,0
001630,00149354,종근당홀딩스,KOSPI,의약품 제조업,1976-06-30,2018,0,,,0
001630,00149354,종근당홀딩스,KOSPI,의약품 제조업,1976-06-30,2019,0,,,0
001630,00149354,종근당홀딩스,KOSPI,의약품 제조업,1976-06-30,2020,1,20200429,20200429,1
001630,00149354,종근당홀딩스,KOSPI,의약품 제조업,1976-06-30,2021,0,,,0
001630,00149354,종근당홀딩스,KOSPI,의약품 제조업,1976-06-30,2022,0,,,0
001630,00149354,종근당홀딩스,KOSPI,의약품 제조업,1976-06-30,2023,0,,,0
001630,00149354,종근당홀딩스,KOSPI,의약품 제조업,1976-06-30,2024,0,,,0
002390,00161046,한독,KOSPI,의약품 제조업,1976-06-30,2018,0,,,0
002390,00161046,한독,KOSPI,의약품 제조업,1976-06-30,2019,1,20190619,20190619,1
002390,00161046,한독,KOSPI,의약품 제조업,1976-06-30,2020,0,,,0
002390,00161046,한독,KOSPI,의약품 제조업,1976-06-30,2021,0,,,0
002390,00161046,한독,KOSPI,의약품 제조업,1976-06-30,2022,0,,,0
002390,00161046,한독,KOSPI,의약품 제조업,1976-06-30,2023,0,,,0
002390,00161046,한독,KOSPI,의약품 제조업,1976-06-30,2024,0,,,0
001380,00152039,SG글로벌,KOSPI,자동차 신품 부품 제조업,1976-06-29,2018,0,,,0
001380,00152039,SG글로벌,KOSPI,자동차 신품 부품 제조업,1976-06-29,2019,0,,,0
001380,00152039,SG글로벌,KOSPI,자동차 신품 부품 제조업,1976-06-29,2020,0,,,0
001380,00152039,SG글로벌,KOSPI,자동차 신품 부품 제조업,1976-06-29,2021,0,,,0
001380,00152039,SG글로벌,KOSPI,자동차 신품 부품 제조업,1976-06-29,2022,0,,,0
001380,00152039,SG글로벌,KOSPI,자동차 신품 부품 제조업,1976-06-29,2023,0,,,0
001380,00152039,SG글로벌,KOSPI,자동차 신품 부품 제조업,1976-06-29,2024,0,,,0
003280,00167208,흥아해운,KOSPI,해상 운송업,1976-06-29,2018,0,,,0
003280,00167208,흥아해운,KOSPI,해상 운송업,1976-06-29,2019,2,20190820,20191120,1
003280,00167208,흥아해운,KOSPI,해상 운송업,1976-06-29,2020,0,,,0
003280,00167208,흥아해운,KOSPI,해상 운송업,1976-06-29,2021,1,20210729,20210729,1
003280,00167208,흥아해운,KOSPI,해상 운송업,1976-06-29,2022,1,20220816,20220816,1
003280,00167208,흥아해운,KOSPI,해상 운송업,1976-06-29,2023,0,,,0
003280,00167208,흥아해운,KOSPI,해상 운송업,1976-06-29,2024,0,,,0
001250,00138190,GS글로벌,KOSPI,상품 종합 도매업,1976-06-26,2018,1,20180605,20180605,1
001250,00138190,GS글로벌,KOSPI,상품 종합 도매업,1976-06-26,2019,0,,,0
001250,00138190,GS글로벌,KOSPI,상품 종합 도매업,1976-06-26,2020,0,,,0
001250,00138190,GS글로벌,KOSPI,상품 종합 도매업,1976-06-26,2021,0,,,0
001250,00138190,GS글로벌,KOSPI,상품 종합 도매업,1976-06-26,2022,0,,,0
001250,00138190,GS글로벌,KOSPI,상품 종합 도매업,1976-06-26,2023,1,20230406,20230406,1
001250,00138190,GS글로벌,KOSPI,상품 종합 도매업,1976-06-26,2024,1,20240328,20240328,1
002990,00106313,금호건설,KOSPI,건물 건설업,1976-06-26,2018,0,,,0
002990,00106313,금호건설,KOSPI,건물 건설업,1976-06-26,2019,0,,,0
002990,00106313,금호건설,KOSPI,건물 건설업,1976-06-26,2020,0,,,0
002990,00106313,금호건설,KOSPI,건물 건설업,1976-06-26,2021,0,,,0
002990,00106313,금호건설,KOSPI,건물 건설업,1976-06-26,2022,0,,,0
002990,00106313,금호건설,KOSPI,건물 건설업,1976-06-26,2023,0,,,0
002990,00106313,금호건설,KOSPI,건물 건설업,1976-06-26,2024,1,20240318,20240318,1
001470,00125974,삼부토건,KOSPI,토목 건설업,1976-06-26,2018,0,,,0
001470,00125974,삼부토건,KOSPI,토목 건설업,1976-06-26,2019,1,20190708,20190708,1
001470,00125974,삼부토건,KOSPI,토목 건설업,1976-06-26,2020,0,,,0
001470,00125974,삼부토건,KOSPI,토목 건설업,1976-06-26,2021,0,,,0
001470,00125974,삼부토건,KOSPI,토목 건설업,1976-06-26,2022,0,,,0
001470,00125974,삼부토건,KOSPI,토목 건설업,1976-06-26,2023,8,20230323,20231212,1
001470,00125974,삼부토건,KOSPI,토목 건설업,1976-06-26,2024,4,20240423,20240822,1
001820,00129350,삼화콘덴서공업,KOSPI,전자부품 제조업,1976-06-26,2018,0,,,0
001820,00129350,삼화콘덴서공업,KOSPI,전자부품 제조업,1976-06-26,2019,0,,,0
001820,00129350,삼화콘덴서공업,KOSPI,전자부품 제조업,1976-06-26,2020,0,,,0
001820,00129350,삼화콘덴서공업,KOSPI,전자부품 제조업,1976-06-26,2021,0,,,0
001820,00129350,삼화콘덴서공업,KOSPI,전자부품 제조업,1976-06-26,2022,0,,,0
001820,00129350,삼화콘덴서공업,KOSPI,전자부품 제조업,1976-06-26,2023,0,,,0
001820,00129350,삼화콘덴서공업,KOSPI,전자부품 제조업,1976-06-26,2024,0,,,0
001020,00134723,페이퍼코리아,KOSPI,"펄프, 종이 및 판지 제조업",1976-06-26,2018,0,,,0
001020,00134723,페이퍼코리아,KOSPI,"펄프, 종이 및 판지 제조업",1976-06-26,2019,1,20190814,20190814,1
001020,00134723,페이퍼코리아,KOSPI,"펄프, 종이 및 판지 제조업",1976-06-26,2020,0,,,0
001020,00134723,페이퍼코리아,KOSPI,"펄프, 종이 및 판지 제조업",1976-06-26,2021,1,20210503,20210503,1
001020,00134723,페이퍼코리아,KOSPI,"펄프, 종이 및 판지 제조업",1976-06-26,2022,1,20220330,20220330,1
001020,00134723,페이퍼코리아,KOSPI,"펄프, 종이 및 판지 제조업",1976-06-26,2023,0,,,0
001020,00134723,페이퍼코리아,KOSPI,"펄프, 종이 및 판지 제조업",1976-06-26,2024,0,,,0
001520,00117337,동양,KOSPI,"시멘트, 석회, 플라스터 및 그 제품 제조업",1976-06-25,2018,1,20180921,20180921,1
001520,00117337,동양,KOSPI,"시멘트, 석회, 플라스터 및 그 제품 제조업",1976-06-25,2019,1,20190814,20190814,1
001520,00117337,동양,KOSPI,"시멘트, 석회, 플라스터 및 그 제품 제조업",1976-06-25,2020,0,,,0
001520,00117337,동양,KOSPI,"시멘트, 석회, 플라스터 및 그 제품 제조업",1976-06-25,2021,0,,,0
001520,00117337,동양,KOSPI,"시멘트, 석회, 플라스터 및 그 제품 제조업",1976-06-25,2022,2,20220321,20220323,1
001520,00117337,동양,KOSPI,"시멘트, 석회, 플라스터 및 그 제품 제조업",1976-06-25,2023,1,20230403,20230403,1
001520,00117337,동양,KOSPI,"시멘트, 석회, 플라스터 및 그 제품 제조업",1976-06-25,2024,0,,,0
000880,01958111,한화,KOSPI,기타 화학제품 제조업,1976-06-24,2018,0,,,0
000880,01958111,한화,KOSPI,기타 화학제품 제조업,1976-06-24,2019,0,,,0
000880,01958111,한화,KOSPI,기타 화학제품 제조업,1976-06-24,2020,0,,,0
000880,01958111,한화,KOSPI,기타 화학제품 제조업,1976-06-24,2021,0,,,0
000880,01958111,한화,KOSPI,기타 화학제품 제조업,1976-06-24,2022,0,,,0
000880,01958111,한화,KOSPI,기타 화학제품 제조업,1976-06-24,2023,0,,,0
000880,01958111,한화,KOSPI,기타 화학제품 제조업,1976-06-24,2024,0,,,0
000880,01780608,한화,KOSPI,기타 화학제품 제조업,1976-06-24,2018,0,,,0
000880,01780608,한화,KOSPI,기타 화학제품 제조업,1976-06-24,2019,0,,,0
000880,01780608,한화,KOSPI,기타 화학제품 제조업,1976-06-24,2020,0,,,0
000880,01780608,한화,KOSPI,기타 화학제품 제조업,1976-06-24,2021,0,,,0
000880,01780608,한화,KOSPI,기타 화학제품 제조업,1976-06-24,2022,0,,,0
000880,01780608,한화,KOSPI,기타 화학제품 제조업,1976-06-24,2023,0,,,0
000880,01780608,한화,KOSPI,기타 화학제품 제조업,1976-06-24,2024,0,,,0
000880,00160588,한화,KOSPI,기타 화학제품 제조업,1976-06-24,2018,1,20180611,20180611,1
000880,00160588,한화,KOSPI,기타 화학제품 제조업,1976-06-24,2019,0,,,0
000880,00160588,한화,KOSPI,기타 화학제품 제조업,1976-06-24,2020,0,,,0
000880,00160588,한화,KOSPI,기타 화학제품 제조업,1976-06-24,2021,0,,,0
000880,00160588,한화,KOSPI,기타 화학제품 제조업,1976-06-24,2022,2,20220322,20220324,1
000880,00160588,한화,KOSPI,기타 화학제품 제조업,1976-06-24,2023,0,,,0
000880,00160588,한화,KOSPI,기타 화학제품 제조업,1976-06-24,2024,2,20240328,20240430,1
001060,00149947,JW중외제약,KOSPI,의약품 제조업,1976-06-14,2018,3,20180605,20181024,1
001060,00149947,JW중외제약,KOSPI,의약품 제조업,1976-06-14,2019,2,20190402,20190730,1
001060,00149947,JW중외제약,KOSPI,의약품 제조업,1976-06-14,2020,0,,,0
001060,00149947,JW중외제약,KOSPI,의약품 제조업,1976-06-14,2021,0,,,0
001060,00149947,JW중외제약,KOSPI,의약품 제조업,1976-06-14,2022,0,,,0
001060,00149947,JW중외제약,KOSPI,의약품 제조업,1976-06-14,2023,0,,,0
001060,00149947,JW중외제약,KOSPI,의약품 제조업,1976-06-14,2024,0,,,0
000670,00141307,영풍,KOSPI,1차 비철금속 제조업,1976-06-12,2018,1,20180515,20180515,1
000670,00141307,영풍,KOSPI,1차 비철금속 제조업,1976-06-12,2019,0,,,0
000670,00141307,영풍,KOSPI,1차 비철금속 제조업,1976-06-12,2020,0,,,0
000670,00141307,영풍,KOSPI,1차 비철금속 제조업,1976-06-12,2021,0,,,0
000670,00141307,영풍,KOSPI,1차 비철금속 제조업,1976-06-12,2022,0,,,0
000670,00141307,영풍,KOSPI,1차 비철금속 제조업,1976-06-12,2023,1,20230713,20230713,1
000670,00141307,영풍,KOSPI,1차 비철금속 제조업,1976-06-12,2024,2,20240325,20240814,1
001340,00122472,PKC,KOSPI,기초 화학물질 제조업,1976-06-10,2018,0,,,0
001340,00122472,PKC,KOSPI,기초 화학물질 제조업,1976-06-10,2019,2,20190814,20190814,1
001340,00122472,PKC,KOSPI,기초 화학물질 제조업,1976-06-10,2020,3,20200330,20200330,1
001340,00122472,PKC,KOSPI,기초 화학물질 제조업,1976-06-10,2021,0,,,0
001340,00122472,PKC,KOSPI,기초 화학물질 제조업,1976-06-10,2022,0,,,0
001340,00122472,PKC,KOSPI,기초 화학물질 제조업,1976-06-10,2023,1,20230831,20230831,1
001340,00122472,PKC,KOSPI,기초 화학물질 제조업,1976-06-10,2024,1,20240315,20240315,1
005110,00163716,한창,KOSPI,기계장비 및 관련 물품 도매업,1976-06-01,2018,0,,,0
005110,00163716,한창,KOSPI,기계장비 및 관련 물품 도매업,1976-06-01,2019,0,,,0
005110,00163716,한창,KOSPI,기계장비 및 관련 물품 도매업,1976-06-01,2020,0,,,0
005110,00163716,한창,KOSPI,기계장비 및 관련 물품 도매업,1976-06-01,2021,2,20210331,20210817,1
005110,00163716,한창,KOSPI,기계장비 및 관련 물품 도매업,1976-06-01,2022,0,,,0
005110,00163716,한창,KOSPI,기계장비 및 관련 물품 도매업,1976-06-01,2023,0,,,0
005110,00163716,한창,KOSPI,기계장비 및 관련 물품 도매업,1976-06-01,2024,0,,,0
004450,00129235,삼화왕관,KOSPI,기타 금속 가공제품 제조업,1976-05-28,2018,0,,,0
004450,00129235,삼화왕관,KOSPI,기타 금속 가공제품 제조업,1976-05-28,2019,1,20190626,20190626,1
004450,00129235,삼화왕관,KOSPI,기타 금속 가공제품 제조업,1976-05-28,2020,0,,,0
004450,00129235,삼화왕관,KOSPI,기타 금속 가공제품 제조업,1976-05-28,2021,1,20210608,20210608,1
004450,00129235,삼화왕관,KOSPI,기타 금속 가공제품 제조업,1976-05-28,2022,0,,,0
004450,00129235,삼화왕관,KOSPI,기타 금속 가공제품 제조업,1976-05-28,2023,0,,,0
004450,00129235,삼화왕관,KOSPI,기타 금속 가공제품 제조업,1976-05-28,2024,0,,,0
000040,00924931,KR모터스,KOSPI,그외 기타 운송장비 제조업,1976-05-25,2018,0,,,0
000040,00924931,KR모터스,KOSPI,그외 기타 운송장비 제조업,1976-05-25,2019,0,,,0
000040,00924931,KR모터스,KOSPI,그외 기타 운송장비 제조업,1976-05-25,2020,0,,,0
000040,00924931,KR모터스,KOSPI,그외 기타 운송장비 제조업,1976-05-25,2021,0,,,0
000040,00924931,KR모터스,KOSPI,그외 기타 운송장비 제조업,1976-05-25,2022,0,,,0
000040,00924931,KR모터스,KOSPI,그외 기타 운송장비 제조업,1976-05-25,2023,0,,,0
000040,00924931,KR모터스,KOSPI,그외 기타 운송장비 제조업,1976-05-25,2024,0,,,0
000040,00112378,KR모터스,KOSPI,그외 기타 운송장비 제조업,1976-05-25,2018,3,20180207,20180207,1
000040,00112378,KR모터스,KOSPI,그외 기타 운송장비 제조업,1976-05-25,2019,0,,,0
000040,00112378,KR모터스,KOSPI,그외 기타 운송장비 제조업,1976-05-25,2020,1,20200519,20200519,1
000040,00112378,KR모터스,KOSPI,그외 기타 운송장비 제조업,1976-05-25,2021,0,,,0
000040,00112378,KR모터스,KOSPI,그외 기타 운송장비 제조업,1976-05-25,2022,2,20220324,20220518,1
000040,00112378,KR모터스,KOSPI,그외 기타 운송장비 제조업,1976-05-25,2023,0,,,0
000040,00112378,KR모터스,KOSPI,그외 기타 운송장비 제조업,1976-05-25,2024,0,,,0
000040,01884065,KR모터스,KOSPI,그외 기타 운송장비 제조업,1976-05-25,2018,0,,,0
000040,01884065,KR모터스,KOSPI,그외 기타 운송장비 제조업,1976-05-25,2019,0,,,0
000040,01884065,KR모터스,KOSPI,그외 기타 운송장비 제조업,1976-05-25,2020,0,,,0
000040,01884065,KR모터스,KOSPI,그외 기타 운송장비 제조업,1976-05-25,2021,0,,,0
000040,01884065,KR모터스,KOSPI,그외 기타 운송장비 제조업,1976-05-25,2022,0,,,0
000040,01884065,KR모터스,KOSPI,그외 기타 운송장비 제조업,1976-05-25,2023,0,,,0
000040,01884065,KR모터스,KOSPI,그외 기타 운송장비 제조업,1976-05-25,2024,0,,,0
002240,00103006,고려제강,KOSPI,1차 철강 제조업,1976-05-25,2018,3,20180312,20180921,1
002240,00103006,고려제강,KOSPI,1차 철강 제조업,1976-05-25,2019,1,20190402,20190402,1
002240,00103006,고려제강,KOSPI,1차 철강 제조업,1976-05-25,2020,0,,,0
002240,00103006,고려제강,KOSPI,1차 철강 제조업,1976-05-25,2021,0,,,0
002240,00103006,고려제강,KOSPI,1차 철강 제조업,1976-05-25,2022,0,,,0
002240,00103006,고려제강,KOSPI,1차 철강 제조업,1976-05-25,2023,0,,,0
002240,00103006,고려제강,KOSPI,1차 철강 제조업,1976-05-25,2024,0,,,0
004100,00153755,태양금속공업,KOSPI,자동차 신품 부품 제조업,1976-05-25,2018,0,,,0
004100,00153755,태양금속공업,KOSPI,자동차 신품 부품 제조업,1976-05-25,2019,0,,,0
004100,00153755,태양금속공업,KOSPI,자동차 신품 부품 제조업,1976-05-25,2020,0,,,0
004100,00153755,태양금속공업,KOSPI,자동차 신품 부품 제조업,1976-05-25,2021,0,,,0
004100,00153755,태양금속공업,KOSPI,자동차 신품 부품 제조업,1976-05-25,2022,4,20220630,20220630,1
004100,00153755,태양금속공업,KOSPI,자동차 신품 부품 제조업,1976-05-25,2023,0,,,0
004100,00153755,태양금속공업,KOSPI,자동차 신품 부품 제조업,1976-05-25,2024,0,,,0
002820,00132211,SUN&L,KOSPI,플라스틱제품 제조업,1976-05-22,2018,0,,,0
002820,00132211,SUN&L,KOSPI,플라스틱제품 제조업,1976-05-22,2019,0,,,0
002820,00132211,SUN&L,KOSPI,플라스틱제품 제조업,1976-05-22,2020,0,,,0
002820,00132211,SUN&L,KOSPI,플라스틱제품 제조업,1976-05-22,2021,0,,,0
002820,00132211,SUN&L,KOSPI,플라스틱제품 제조업,1976-05-22,2022,1,20220812,20220812,1
002820,00132211,SUN&L,KOSPI,플라스틱제품 제조업,1976-05-22,2023,1,20230515,20230515,1
002820,00132211,SUN&L,KOSPI,플라스틱제품 제조업,1976-05-22,2024,0,,,0
004840,00118266,DRB동일,KOSPI,고무제품 제조업,1976-05-21,2018,2,20180713,20180713,1
004840,00118266,DRB동일,KOSPI,고무제품 제조업,1976-05-21,2019,0,,,0
004840,00118266,DRB동일,KOSPI,고무제품 제조업,1976-05-21,2020,0,,,0
004840,00118266,DRB동일,KOSPI,고무제품 제조업,1976-05-21,2021,0,,,0
004840,00118266,DRB동일,KOSPI,고무제품 제조업,1976-05-21,2022,0,,,0
004840,00118266,DRB동일,KOSPI,고무제품 제조업,1976-05-21,2023,0,,,0
004840,00118266,DRB동일,KOSPI,고무제품 제조업,1976-05-21,2024,0,,,0
002350,00173874,넥센타이어,KOSPI,고무제품 제조업,1976-05-19,2018,0,,,0
002350,00173874,넥센타이어,KOSPI,고무제품 제조업,1976-05-19,2019,0,,,0
002350,00173874,넥센타이어,KOSPI,고무제품 제조업,1976-05-19,2020,0,,,0
002350,00173874,넥센타이어,KOSPI,고무제품 제조업,1976-05-19,2021,0,,,0
002350,00173874,넥센타이어,KOSPI,고무제품 제조업,1976-05-19,2022,0,,,0
002350,00173874,넥센타이어,KOSPI,고무제품 제조업,1976-05-19,2023,0,,,0
002350,00173874,넥센타이어,KOSPI,고무제품 제조업,1976-05-19,2024,0,,,0
004060,00133511,SG세계물산,KOSPI,상품 종합 도매업,1976-04-19,2018,0,,,0
004060,00133511,SG세계물산,KOSPI,상품 종합 도매업,1976-04-19,2019,0,,,0
004060,00133511,SG세계물산,KOSPI,상품 종합 도매업,1976-04-19,2020,0,,,0
004060,00133511,SG세계물산,KOSPI,상품 종합 도매업,1976-04-19,2021,0,,,0
004060,00133511,SG세계물산,KOSPI,상품 종합 도매업,1976-04-19,2022,0,,,0
004060,00133511,SG세계물산,KOSPI,상품 종합 도매업,1976-04-19,2023,0,,,0
004060,00133511,SG세계물산,KOSPI,상품 종합 도매업,1976-04-19,2024,0,,,0
004000,00157681,롯데정밀화학,KOSPI,기초 화학물질 제조업,1976-04-15,2018,0,,,0
004000,00157681,롯데정밀화학,KOSPI,기초 화학물질 제조업,1976-04-15,2019,0,,,0
004000,00157681,롯데정밀화학,KOSPI,기초 화학물질 제조업,1976-04-15,2020,0,,,0
004000,00157681,롯데정밀화학,KOSPI,기초 화학물질 제조업,1976-04-15,2021,0,,,0
004000,00157681,롯데정밀화학,KOSPI,기초 화학물질 제조업,1976-04-15,2022,0,,,0
004000,00157681,롯데정밀화학,KOSPI,기초 화학물질 제조업,1976-04-15,2023,0,,,0
004000,00157681,롯데정밀화학,KOSPI,기초 화학물질 제조업,1976-04-15,2024,1,20240329,20240329,1
000020,00119195,동화약품,KOSPI,의약품 제조업,1976-03-24,2018,2,20180618,20180618,1
000020,00119195,동화약품,KOSPI,의약품 제조업,1976-03-24,2019,0,,,0
000020,00119195,동화약품,KOSPI,의약품 제조업,1976-03-24,2020,0,,,0
000020,00119195,동화약품,KOSPI,의약품 제조업,1976-03-24,2021,0,,,0
000020,00119195,동화약품,KOSPI,의약품 제조업,1976-03-24,2022,0,,,0
000020,00119195,동화약품,KOSPI,의약품 제조업,1976-03-24,2023,0,,,0
000020,00119195,동화약품,KOSPI,의약품 제조업,1976-03-24,2024,0,,,0
000210,00109693,DL,KOSPI,기초 화학물질 제조업,1976-02-02,2018,1,20180402,20180402,1
000210,00109693,DL,KOSPI,기초 화학물질 제조업,1976-02-02,2019,0,,,0
000210,00109693,DL,KOSPI,기초 화학물질 제조업,1976-02-02,2020,1,20200515,20200515,1
000210,00109693,DL,KOSPI,기초 화학물질 제조업,1976-02-02,2021,2,20210319,20210405,1
000210,00109693,DL,KOSPI,기초 화학물질 제조업,1976-02-02,2022,1,20220816,20220816,1
000210,00109693,DL,KOSPI,기초 화학물질 제조업,1976-02-02,2023,2,20230728,20230728,1
000210,00109693,DL,KOSPI,기초 화학물질 제조업,1976-02-02,2024,1,20240329,20240329,1
001120,00120076,LX인터내셔널,KOSPI,상품 중개업,1976-01-30,2018,0,,,0
001120,00120076,LX인터내셔널,KOSPI,상품 중개업,1976-01-30,2019,0,,,0
001120,00120076,LX인터내셔널,KOSPI,상품 중개업,1976-01-30,2020,0,,,0
001120,00120076,LX인터내셔널,KOSPI,상품 중개업,1976-01-30,2021,0,,,0
001120,00120076,LX인터내셔널,KOSPI,상품 중개업,1976-01-30,2022,0,,,0
001120,00120076,LX인터내셔널,KOSPI,상품 중개업,1976-01-30,2023,0,,,0
001120,00120076,LX인터내셔널,KOSPI,상품 중개업,1976-01-30,2024,1,20240320,20240320,1
002720,00104722,국제약품,KOSPI,의약품 제조업,1975-12-27,2018,0,,,0
002720,00104722,국제약품,KOSPI,의약품 제조업,1975-12-27,2019,0,,,0
002720,00104722,국제약품,KOSPI,의약품 제조업,1975-12-27,2020,0,,,0
002720,00104722,국제약품,KOSPI,의약품 제조업,1975-12-27,2021,0,,,0
002720,00104722,국제약품,KOSPI,의약품 제조업,1975-12-27,2022,0,,,0
002720,00104722,국제약품,KOSPI,의약품 제조업,1975-12-27,2023,0,,,0
002720,00104722,국제약품,KOSPI,의약품 제조업,1975-12-27,2024,0,,,0
003240,00153393,태광산업,KOSPI,화학섬유 제조업,1975-12-27,2018,0,,,0
003240,00153393,태광산업,KOSPI,화학섬유 제조업,1975-12-27,2019,5,20190417,20190417,1
003240,00153393,태광산업,KOSPI,화학섬유 제조업,1975-12-27,2020,0,,,0
003240,00153393,태광산업,KOSPI,화학섬유 제조업,1975-12-27,2021,0,,,0
003240,00153393,태광산업,KOSPI,화학섬유 제조업,1975-12-27,2022,1,20220225,20220225,1
003240,00153393,태광산업,KOSPI,화학섬유 제조업,1975-12-27,2023,0,,,0
003240,00153393,태광산업,KOSPI,화학섬유 제조업,1975-12-27,2024,1,20240329,20240329,1
005030,00124151,부산주공,KOSPI,자동차 신품 부품 제조업,1975-12-26,2018,8,20180330,20180615,1
005030,00124151,부산주공,KOSPI,자동차 신품 부품 제조업,1975-12-26,2019,1,20190401,20190401,1
005030,00124151,부산주공,KOSPI,자동차 신품 부품 제조업,1975-12-26,2020,0,,,0
005030,00124151,부산주공,KOSPI,자동차 신품 부품 제조업,1975-12-26,2021,4,20210319,20210420,1
005030,00124151,부산주공,KOSPI,자동차 신품 부품 제조업,1975-12-26,2022,0,,,0
005030,00124151,부산주공,KOSPI,자동차 신품 부품 제조업,1975-12-26,2023,1,20230323,20230323,1
005030,00124151,부산주공,KOSPI,자동차 신품 부품 제조업,1975-12-26,2024,0,,,0
000990,00160843,DB하이텍,KOSPI,반도체 제조업,1975-12-12,2018,1,20180813,20180813,1
000990,00160843,DB하이텍,KOSPI,반도체 제조업,1975-12-12,2019,0,,,0
000990,00160843,DB하이텍,KOSPI,반도체 제조업,1975-12-12,2020,0,,,0
000990,00160843,DB하이텍,KOSPI,반도체 제조업,1975-12-12,2021,0,,,0
000990,00160843,DB하이텍,KOSPI,반도체 제조업,1975-12-12,2022,0,,,0
000990,00160843,DB하이텍,KOSPI,반도체 제조업,1975-12-12,2023,0,,,0
000990,00160843,DB하이텍,KOSPI,반도체 제조업,1975-12-12,2024,1,20240327,20240327,1
000990,01949584,DB하이텍,KOSPI,반도체 제조업,1975-12-12,2018,0,,,0
000990,01949584,DB하이텍,KOSPI,반도체 제조업,1975-12-12,2019,0,,,0
000990,01949584,DB하이텍,KOSPI,반도체 제조업,1975-12-12,2020,0,,,0
000990,01949584,DB하이텍,KOSPI,반도체 제조업,1975-12-12,2021,0,,,0
000990,01949584,DB하이텍,KOSPI,반도체 제조업,1975-12-12,2022,0,,,0
000990,01949584,DB하이텍,KOSPI,반도체 제조업,1975-12-12,2023,0,,,0
000990,01949584,DB하이텍,KOSPI,반도체 제조업,1975-12-12,2024,0,,,0
000990,01948220,DB하이텍,KOSPI,반도체 제조업,1975-12-12,2018,0,,,0
000990,01948220,DB하이텍,KOSPI,반도체 제조업,1975-12-12,2019,0,,,0
000990,01948220,DB하이텍,KOSPI,반도체 제조업,1975-12-12,2020,0,,,0
000990,01948220,DB하이텍,KOSPI,반도체 제조업,1975-12-12,2021,0,,,0
000990,01948220,DB하이텍,KOSPI,반도체 제조업,1975-12-12,2022,0,,,0
000990,01948220,DB하이텍,KOSPI,반도체 제조업,1975-12-12,2023,0,,,0
000990,01948220,DB하이텍,KOSPI,반도체 제조업,1975-12-12,2024,0,,,0
006570,00109824,대림통상,KOSPI,기타 금속 가공제품 제조업,1975-11-20,2018,0,,,0
006570,00109824,대림통상,KOSPI,기타 금속 가공제품 제조업,1975-11-20,2019,1,20190619,20190619,1
006570,00109824,대림통상,KOSPI,기타 금속 가공제품 제조업,1975-11-20,2020,0,,,0
006570,00109824,대림통상,KOSPI,기타 금속 가공제품 제조업,1975-11-20,2021,0,,,0
006570,00109824,대림통상,KOSPI,기타 금속 가공제품 제조업,1975-11-20,2022,0,,,0
006570,00109824,대림통상,KOSPI,기타 금속 가공제품 제조업,1975-11-20,2023,0,,,0
006570,00109824,대림통상,KOSPI,기타 금속 가공제품 제조업,1975-11-20,2024,0,,,0
000220,00144818,유유제약,KOSPI,의약품 제조업,1975-11-18,2018,0,,,0
000220,00144818,유유제약,KOSPI,의약품 제조업,1975-11-18,2019,0,,,0
000220,00144818,유유제약,KOSPI,의약품 제조업,1975-11-18,2020,0,,,0
000220,00144818,유유제약,KOSPI,의약품 제조업,1975-11-18,2021,0,,,0
000220,00144818,유유제약,KOSPI,의약품 제조업,1975-11-18,2022,0,,,0
000220,00144818,유유제약,KOSPI,의약품 제조업,1975-11-18,2023,0,,,0
000220,00144818,유유제약,KOSPI,의약품 제조업,1975-11-18,2024,0,,,0
000860,00100939,강남제비스코,KOSPI,기타 화학제품 제조업,1975-11-12,2018,7,20181231,20181231,1
000860,00100939,강남제비스코,KOSPI,기타 화학제품 제조업,1975-11-12,2019,0,,,0
000860,00100939,강남제비스코,KOSPI,기타 화학제품 제조업,1975-11-12,2020,0,,,0
000860,00100939,강남제비스코,KOSPI,기타 화학제품 제조업,1975-11-12,2021,0,,,0
000860,00100939,강남제비스코,KOSPI,기타 화학제품 제조업,1975-11-12,2022,0,,,0
000860,00100939,강남제비스코,KOSPI,기타 화학제품 제조업,1975-11-12,2023,0,,,0
000860,00100939,강남제비스코,KOSPI,기타 화학제품 제조업,1975-11-12,2024,0,,,0
002700,00173698,신일전자,KOSPI,기계장비 및 관련 물품 도매업,1975-09-30,2018,0,,,0
002700,00173698,신일전자,KOSPI,기계장비 및 관련 물품 도매업,1975-09-30,2019,1,20190626,20190626,1
002700,00173698,신일전자,KOSPI,기계장비 및 관련 물품 도매업,1975-09-30,2020,0,,,0
002700,00173698,신일전자,KOSPI,기계장비 및 관련 물품 도매업,1975-09-30,2021,0,,,0
002700,00173698,신일전자,KOSPI,기계장비 및 관련 물품 도매업,1975-09-30,2022,0,,,0
002700,00173698,신일전자,KOSPI,기계장비 및 관련 물품 도매업,1975-09-30,2023,0,,,0
002700,00173698,신일전자,KOSPI,기계장비 및 관련 물품 도매업,1975-09-30,2024,0,,,0
001360,00126414,삼성제약,KOSPI,의약품 제조업,1975-07-04,2018,1,20180607,20180607,1
001360,00126414,삼성제약,KOSPI,의약품 제조업,1975-07-04,2019,0,,,0
001360,00126414,삼성제약,KOSPI,의약품 제조업,1975-07-04,2020,0,,,0
001360,00126414,삼성제약,KOSPI,의약품 제조업,1975-07-04,2021,1,20210707,20210707,1
001360,00126414,삼성제약,KOSPI,의약품 제조업,1975-07-04,2022,1,20220812,20220812,1
001360,00126414,삼성제약,KOSPI,의약품 제조업,1975-07-04,2023,0,,,0
001360,00126414,삼성제약,KOSPI,의약품 제조업,1975-07-04,2024,0,,,0
003230,00126955,삼양식품,KOSPI,기타 식품 제조업,1975-06-30,2018,0,,,0
003230,00126955,삼양식품,KOSPI,기타 식품 제조업,1975-06-30,2019,0,,,0
003230,00126955,삼양식품,KOSPI,기타 식품 제조업,1975-06-30,2020,1,20200331,20200331,1
003230,00126955,삼양식품,KOSPI,기타 식품 제조업,1975-06-30,2021,0,,,0
003230,00126955,삼양식품,KOSPI,기타 식품 제조업,1975-06-30,2022,0,,,0
003230,00126955,삼양식품,KOSPI,기타 식품 제조업,1975-06-30,2023,0,,,0
003230,00126955,삼양식품,KOSPI,기타 식품 제조업,1975-06-30,2024,0,,,0
008260,00116301,NI스틸,KOSPI,1차 철강 제조업,1975-06-28,2018,1,20180611,20180611,1
008260,00116301,NI스틸,KOSPI,1차 철강 제조업,1975-06-28,2019,1,20190618,20190618,1
008260,00116301,NI스틸,KOSPI,1차 철강 제조업,1975-06-28,2020,0,,,0
008260,00116301,NI스틸,KOSPI,1차 철강 제조업,1975-06-28,2021,0,,,0
008260,00116301,NI스틸,KOSPI,1차 철강 제조업,1975-06-28,2022,0,,,0
008260,00116301,NI스틸,KOSPI,1차 철강 제조업,1975-06-28,2023,0,,,0
008260,00116301,NI스틸,KOSPI,1차 철강 제조업,1975-06-28,2024,0,,,0
000230,00146083,일동홀딩스,KOSPI,의약품 제조업,1975-06-28,2018,0,,,0
000230,00146083,일동홀딩스,KOSPI,의약품 제조업,1975-06-28,2019,0,,,0
000230,00146083,일동홀딩스,KOSPI,의약품 제조업,1975-06-28,2020,0,,,0
000230,00146083,일동홀딩스,KOSPI,의약품 제조업,1975-06-28,2021,0,,,0
000230,00146083,일동홀딩스,KOSPI,의약품 제조업,1975-06-28,2022,0,,,0
000230,00146083,일동홀딩스,KOSPI,의약품 제조업,1975-06-28,2023,0,,,0
000230,00146083,일동홀딩스,KOSPI,의약품 제조업,1975-06-28,2024,0,,,0
000490,00109286,대동,KOSPI,특수 목적용 기계 제조업,1975-06-27,2018,0,,,0
000490,00109286,대동,KOSPI,특수 목적용 기계 제조업,1975-06-27,2019,0,,,0
000490,00109286,대동,KOSPI,특수 목적용 기계 제조업,1975-06-27,2020,0,,,0
000490,00109286,대동,KOSPI,특수 목적용 기계 제조업,1975-06-27,2021,0,,,0
000490,00109286,대동,KOSPI,특수 목적용 기계 제조업,1975-06-27,2022,0,,,0
000490,00109286,대동,KOSPI,특수 목적용 기계 제조업,1975-06-27,2023,0,,,0
000490,00109286,대동,KOSPI,특수 목적용 기계 제조업,1975-06-27,2024,1,20240320,20240320,1
004540,00113492,깨끗한나라,KOSPI,"펄프, 종이 및 판지 제조업",1975-06-25,2018,0,,,0
004540,00113492,깨끗한나라,KOSPI,"펄프, 종이 및 판지 제조업",1975-06-25,2019,0,,,0
004540,00113492,깨끗한나라,KOSPI,"펄프, 종이 및 판지 제조업",1975-06-25,2020,1,20200709,20200709,1
004540,00113492,깨끗한나라,KOSPI,"펄프, 종이 및 판지 제조업",1975-06-25,2021,0,,,0
004540,00113492,깨끗한나라,KOSPI,"펄프, 종이 및 판지 제조업",1975-06-25,2022,1,20220325,20220325,1
004540,00113492,깨끗한나라,KOSPI,"펄프, 종이 및 판지 제조업",1975-06-25,2023,0,,,0
004540,00113492,깨끗한나라,KOSPI,"펄프, 종이 및 판지 제조업",1975-06-25,2024,1,20240401,20240401,1
001420,00154055,태원물산,KOSPI,자동차 신품 부품 제조업,1975-06-24,2018,0,,,0
001420,00154055,태원물산,KOSPI,자동차 신품 부품 제조업,1975-06-24,2019,0,,,0
001420,00154055,태원물산,KOSPI,자동차 신품 부품 제조업,1975-06-24,2020,0,,,0
001420,00154055,태원물산,KOSPI,자동차 신품 부품 제조업,1975-06-24,2021,0,,,0
001420,00154055,태원물산,KOSPI,자동차 신품 부품 제조업,1975-06-24,2022,0,,,0
001420,00154055,태원물산,KOSPI,자동차 신품 부품 제조업,1975-06-24,2023,0,,,0
001420,00154055,태원물산,KOSPI,자동차 신품 부품 제조업,1975-06-24,2024,0,,,0
005930,00126380,삼성전자,KOSPI,통신 및 방송 장비 제조업,1975-06-11,2018,0,,,0
005930,00126380,삼성전자,KOSPI,통신 및 방송 장비 제조업,1975-06-11,2019,0,,,0
005930,00126380,삼성전자,KOSPI,통신 및 방송 장비 제조업,1975-06-11,2020,0,,,0
005930,00126380,삼성전자,KOSPI,통신 및 방송 장비 제조업,1975-06-11,2021,0,,,0
005930,00126380,삼성전자,KOSPI,통신 및 방송 장비 제조업,1975-06-11,2022,0,,,0
005930,00126380,삼성전자,KOSPI,통신 및 방송 장비 제조업,1975-06-11,2023,0,,,0
005930,00126380,삼성전자,KOSPI,통신 및 방송 장비 제조업,1975-06-11,2024,0,,,0
000300,00126089,DH오토넥스,KOSPI,자동차 신품 부품 제조업,1975-06-09,2018,0,,,0
000300,00126089,DH오토넥스,KOSPI,자동차 신품 부품 제조업,1975-06-09,2019,0,,,0
000300,00126089,DH오토넥스,KOSPI,자동차 신품 부품 제조업,1975-06-09,2020,1,20200812,20200812,1
000300,00126089,DH오토넥스,KOSPI,자동차 신품 부품 제조업,1975-06-09,2021,6,20210406,20210607,1
000300,00126089,DH오토넥스,KOSPI,자동차 신품 부품 제조업,1975-06-09,2022,3,20220503,20220503,1
000300,00126089,DH오토넥스,KOSPI,자동차 신품 부품 제조업,1975-06-09,2023,1,20230324,20230324,1
000300,00126089,DH오토넥스,KOSPI,자동차 신품 부품 제조업,1975-06-09,2024,0,,,0
000300,01885222,DH오토넥스,KOSPI,자동차 신품 부품 제조업,1975-06-09,2018,0,,,0
000300,01885222,DH오토넥스,KOSPI,자동차 신품 부품 제조업,1975-06-09,2019,0,,,0
000300,01885222,DH오토넥스,KOSPI,자동차 신품 부품 제조업,1975-06-09,2020,0,,,0
000300,01885222,DH오토넥스,KOSPI,자동차 신품 부품 제조업,1975-06-09,2021,0,,,0
000300,01885222,DH오토넥스,KOSPI,자동차 신품 부품 제조업,1975-06-09,2022,0,,,0
000300,01885222,DH오토넥스,KOSPI,자동차 신품 부품 제조업,1975-06-09,2023,0,,,0
000300,01885222,DH오토넥스,KOSPI,자동차 신품 부품 제조업,1975-06-09,2024,0,,,0
001460,00122579,BYC,KOSPI,봉제의복 제조업,1975-06-02,2018,0,,,0
001460,00122579,BYC,KOSPI,봉제의복 제조업,1975-06-02,2019,0,,,0
001460,00122579,BYC,KOSPI,봉제의복 제조업,1975-06-02,2020,0,,,0
001460,00122579,BYC,KOSPI,봉제의복 제조업,1975-06-02,2021,0,,,0
001460,00122579,BYC,KOSPI,봉제의복 제조업,1975-06-02,2022,0,,,0
001460,00122579,BYC,KOSPI,봉제의복 제조업,1975-06-02,2023,0,,,0
001460,00122579,BYC,KOSPI,봉제의복 제조업,1975-06-02,2024,0,,,0
003620,00138242,KG모빌리티,KOSPI,자동차용 엔진 및 자동차 제조업,1975-05-29,2018,0,,,0
003620,00138242,KG모빌리티,KOSPI,자동차용 엔진 및 자동차 제조업,1975-05-29,2019,0,,,0
003620,00138242,KG모빌리티,KOSPI,자동차용 엔진 및 자동차 제조업,1975-05-29,2020,0,,,0
003620,00138242,KG모빌리티,KOSPI,자동차용 엔진 및 자동차 제조업,1975-05-29,2021,0,,,0
003620,00138242,KG모빌리티,KOSPI,자동차용 엔진 및 자동차 제조업,1975-05-29,2022,1,20220427,20220427,1
003620,00138242,KG모빌리티,KOSPI,자동차용 엔진 및 자동차 제조업,1975-05-29,2023,0,,,0
003620,00138242,KG모빌리티,KOSPI,자동차용 엔진 및 자동차 제조업,1975-05-29,2024,0,,,0
005610,00125530,삼립,KOSPI,기타 식품 제조업,1975-05-02,2018,0,,,0
005610,00125530,삼립,KOSPI,기타 식품 제조업,1975-05-02,2019,0,,,0
005610,00125530,삼립,KOSPI,기타 식품 제조업,1975-05-02,2020,0,,,0
005610,00125530,삼립,KOSPI,기타 식품 제조업,1975-05-02,2021,0,,,0
005610,00125530,삼립,KOSPI,기타 식품 제조업,1975-05-02,2022,0,,,0
005610,00125530,삼립,KOSPI,기타 식품 제조업,1975-05-02,2023,0,,,0
005610,00125530,삼립,KOSPI,기타 식품 제조업,1975-05-02,2024,0,,,0
007570,00146454,일양약품,KOSPI,의약품 제조업,1974-08-28,2018,2,20180814,20180817,1
007570,00146454,일양약품,KOSPI,의약품 제조업,1974-08-28,2019,1,20190813,20190813,1
007570,00146454,일양약품,KOSPI,의약품 제조업,1974-08-28,2020,0,,,0
007570,00146454,일양약품,KOSPI,의약품 제조업,1974-08-28,2021,0,,,0
007570,00146454,일양약품,KOSPI,의약품 제조업,1974-08-28,2022,0,,,0
007570,00146454,일양약품,KOSPI,의약품 제조업,1974-08-28,2023,0,,,0
007570,00146454,일양약품,KOSPI,의약품 제조업,1974-08-28,2024,0,,,0
002320,00163512,한진,KOSPI,도로 화물 운송업,1974-08-12,2018,0,,,0
002320,00163512,한진,KOSPI,도로 화물 운송업,1974-08-12,2019,0,,,0
002320,00163512,한진,KOSPI,도로 화물 운송업,1974-08-12,2020,0,,,0
002320,00163512,한진,KOSPI,도로 화물 운송업,1974-08-12,2021,1,20210325,20210325,1
002320,00163512,한진,KOSPI,도로 화물 운송업,1974-08-12,2022,1,20220812,20220812,1
002320,00163512,한진,KOSPI,도로 화물 운송업,1974-08-12,2023,0,,,0
002320,00163512,한진,KOSPI,도로 화물 운송업,1974-08-12,2024,1,20240328,20240328,1
002200,00158112,한국수출포장공업,KOSPI,"골판지, 종이 상자 및 종이용기 제조업",1974-06-28,2018,0,,,0
002200,00158112,한국수출포장공업,KOSPI,"골판지, 종이 상자 및 종이용기 제조업",1974-06-28,2019,0,,,0
002200,00158112,한국수출포장공업,KOSPI,"골판지, 종이 상자 및 종이용기 제조업",1974-06-28,2020,0,,,0
002200,00158112,한국수출포장공업,KOSPI,"골판지, 종이 상자 및 종이용기 제조업",1974-06-28,2021,0,,,0
002200,00158112,한국수출포장공업,KOSPI,"골판지, 종이 상자 및 종이용기 제조업",1974-06-28,2022,0,,,0
002200,00158112,한국수출포장공업,KOSPI,"골판지, 종이 상자 및 종이용기 제조업",1974-06-28,2023,0,,,0
002200,00158112,한국수출포장공업,KOSPI,"골판지, 종이 상자 및 종이용기 제조업",1974-06-28,2024,0,,,0
005380,00164742,현대자동차,KOSPI,자동차용 엔진 및 자동차 제조업,1974-06-28,2018,0,,,0
005380,00164742,현대자동차,KOSPI,자동차용 엔진 및 자동차 제조업,1974-06-28,2019,0,,,0
005380,00164742,현대자동차,KOSPI,자동차용 엔진 및 자동차 제조업,1974-06-28,2020,0,,,0
005380,00164742,현대자동차,KOSPI,자동차용 엔진 및 자동차 제조업,1974-06-28,2021,0,,,0
005380,00164742,현대자동차,KOSPI,자동차용 엔진 및 자동차 제조업,1974-06-28,2022,7,20220217,20220217,1
005380,00164742,현대자동차,KOSPI,자동차용 엔진 및 자동차 제조업,1974-06-28,2023,0,,,0
005380,00164742,현대자동차,KOSPI,자동차용 엔진 및 자동차 제조업,1974-06-28,2024,2,20240314,20240314,1
005360,00121288,모나미,KOSPI,생활용품 도매업,1974-06-26,2018,0,,,0
005360,00121288,모나미,KOSPI,생활용품 도매업,1974-06-26,2019,0,,,0
005360,00121288,모나미,KOSPI,생활용품 도매업,1974-06-26,2020,0,,,0
005360,00121288,모나미,KOSPI,생활용품 도매업,1974-06-26,2021,1,20210331,20210331,1
005360,00121288,모나미,KOSPI,생활용품 도매업,1974-06-26,2022,0,,,0
005360,00121288,모나미,KOSPI,생활용품 도매업,1974-06-26,2023,0,,,0
005360,00121288,모나미,KOSPI,생활용품 도매업,1974-06-26,2024,0,,,0
009830,00162461,한화솔루션,KOSPI,기초 화학물질 제조업,1974-06-19,2018,1,20180814,20180814,1
009830,00162461,한화솔루션,KOSPI,기초 화학물질 제조업,1974-06-19,2019,0,,,0
009830,00162461,한화솔루션,KOSPI,기초 화학물질 제조업,1974-06-19,2020,1,20200402,20200402,1
009830,00162461,한화솔루션,KOSPI,기초 화학물질 제조업,1974-06-19,2021,0,,,0
009830,00162461,한화솔루션,KOSPI,기초 화학물질 제조업,1974-06-19,2022,3,20220315,20220728,1
009830,00162461,한화솔루션,KOSPI,기초 화학물질 제조업,1974-06-19,2023,1,20230316,20230316,1
009830,00162461,한화솔루션,KOSPI,기초 화학물질 제조업,1974-06-19,2024,1,20240328,20240328,1
006380,00159810,카프로,KOSPI,기초 화학물질 제조업,1974-05-28,2018,0,,,0
006380,00159810,카프로,KOSPI,기초 화학물질 제조업,1974-05-28,2019,0,,,0
006380,00159810,카프로,KOSPI,기초 화학물질 제조업,1974-05-28,2020,0,,,0
006380,00159810,카프로,KOSPI,기초 화학물질 제조업,1974-05-28,2021,0,,,0
006380,00159810,카프로,KOSPI,기초 화학물질 제조업,1974-05-28,2022,0,,,0
006380,00159810,카프로,KOSPI,기초 화학물질 제조업,1974-05-28,2023,1,20230711,20230711,1
006380,00159810,카프로,KOSPI,기초 화학물질 제조업,1974-05-28,2024,1,20240814,20240814,1
001070,00112970,대한방직,KOSPI,직물직조 및 직물제품 제조업,1973-12-28,2018,1,20180403,20180403,1
001070,00112970,대한방직,KOSPI,직물직조 및 직물제품 제조업,1973-12-28,2019,1,20190814,20190814,1
001070,00112970,대한방직,KOSPI,직물직조 및 직물제품 제조업,1973-12-28,2020,1,20200330,20200330,1
001070,00112970,대한방직,KOSPI,직물직조 및 직물제품 제조업,1973-12-28,2021,1,20210329,20210329,1
001070,00112970,대한방직,KOSPI,직물직조 및 직물제품 제조업,1973-12-28,2022,1,20220328,20220328,1
001070,00112970,대한방직,KOSPI,직물직조 및 직물제품 제조업,1973-12-28,2023,0,,,0
001070,00112970,대한방직,KOSPI,직물직조 및 직물제품 제조업,1973-12-28,2024,0,,,0
004410,00130879,서울식품공업,KOSPI,기타 식품 제조업,1973-12-28,2018,1,20180402,20180402,1
004410,00130879,서울식품공업,KOSPI,기타 식품 제조업,1973-12-28,2019,0,,,0
004410,00130879,서울식품공업,KOSPI,기타 식품 제조업,1973-12-28,2020,0,,,0
004410,00130879,서울식품공업,KOSPI,기타 식품 제조업,1973-12-28,2021,0,,,0
004410,00130879,서울식품공업,KOSPI,기타 식품 제조업,1973-12-28,2022,0,,,0
004410,00130879,서울식품공업,KOSPI,기타 식품 제조업,1973-12-28,2023,0,,,0
004410,00130879,서울식품공업,KOSPI,기타 식품 제조업,1973-12-28,2024,0,,,0
000680,01933981,LS네트웍스,KOSPI,상품 종합 도매업,1973-11-15,2018,0,,,0
000680,01933981,LS네트웍스,KOSPI,상품 종합 도매업,1973-11-15,2019,0,,,0
000680,01933981,LS네트웍스,KOSPI,상품 종합 도매업,1973-11-15,2020,0,,,0
000680,01933981,LS네트웍스,KOSPI,상품 종합 도매업,1973-11-15,2021,0,,,0
000680,01933981,LS네트웍스,KOSPI,상품 종합 도매업,1973-11-15,2022,0,,,0
000680,01933981,LS네트웍스,KOSPI,상품 종합 도매업,1973-11-15,2023,0,,,0
000680,01933981,LS네트웍스,KOSPI,상품 종합 도매업,1973-11-15,2024,0,,,0
000680,00104698,LS네트웍스,KOSPI,상품 종합 도매업,1973-11-15,2018,0,,,0
000680,00104698,LS네트웍스,KOSPI,상품 종합 도매업,1973-11-15,2019,1,20190402,20190402,1
000680,00104698,LS네트웍스,KOSPI,상품 종합 도매업,1973-11-15,2020,0,,,0
000680,00104698,LS네트웍스,KOSPI,상품 종합 도매업,1973-11-15,2021,0,,,0
000680,00104698,LS네트웍스,KOSPI,상품 종합 도매업,1973-11-15,2022,1,20220519,20220519,1
000680,00104698,LS네트웍스,KOSPI,상품 종합 도매업,1973-11-15,2023,0,,,0
000680,00104698,LS네트웍스,KOSPI,상품 종합 도매업,1973-11-15,2024,1,20240321,20240321,1
001210,00106395,금호전기,KOSPI,전구 및 조명장치 제조업,1973-11-15,2018,0,,,0
001210,00106395,금호전기,KOSPI,전구 및 조명장치 제조업,1973-11-15,2019,0,,,0
001210,00106395,금호전기,KOSPI,전구 및 조명장치 제조업,1973-11-15,2020,0,,,0
001210,00106395,금호전기,KOSPI,전구 및 조명장치 제조업,1973-11-15,2021,1,20210331,20210331,1
001210,00106395,금호전기,KOSPI,전구 및 조명장치 제조업,1973-11-15,2022,1,20220811,20220811,1
001210,00106395,금호전기,KOSPI,전구 및 조명장치 제조업,1973-11-15,2023,0,,,0
001210,00106395,금호전기,KOSPI,전구 및 조명장치 제조업,1973-11-15,2024,0,,,0
000270,00106641,기아,KOSPI,자동차용 엔진 및 자동차 제조업,1973-07-21,2018,0,,,0
000270,00106641,기아,KOSPI,자동차용 엔진 및 자동차 제조업,1973-07-21,2019,0,,,0
000270,00106641,기아,KOSPI,자동차용 엔진 및 자동차 제조업,1973-07-21,2020,0,,,0
000270,00106641,기아,KOSPI,자동차용 엔진 및 자동차 제조업,1973-07-21,2021,7,20211210,20211210,1
000270,00106641,기아,KOSPI,자동차용 엔진 및 자동차 제조업,1973-07-21,2022,0,,,0
000270,00106641,기아,KOSPI,자동차용 엔진 및 자동차 제조업,1973-07-21,2023,0,,,0
000270,00106641,기아,KOSPI,자동차용 엔진 및 자동차 제조업,1973-07-21,2024,1,20240312,20240312,1
000150,01817920,두산,KOSPI,전자부품 제조업,1973-06-29,2018,0,,,0
000150,01817920,두산,KOSPI,전자부품 제조업,1973-06-29,2019,0,,,0
000150,01817920,두산,KOSPI,전자부품 제조업,1973-06-29,2020,0,,,0
000150,01817920,두산,KOSPI,전자부품 제조업,1973-06-29,2021,0,,,0
000150,01817920,두산,KOSPI,전자부품 제조업,1973-06-29,2022,0,,,0
000150,01817920,두산,KOSPI,전자부품 제조업,1973-06-29,2023,0,,,0
000150,01817920,두산,KOSPI,전자부품 제조업,1973-06-29,2024,0,,,0
000150,01381805,두산,KOSPI,전자부품 제조업,1973-06-29,2018,0,,,0
000150,01381805,두산,KOSPI,전자부품 제조업,1973-06-29,2019,0,,,0
000150,01381805,두산,KOSPI,전자부품 제조업,1973-06-29,2020,0,,,0
000150,01381805,두산,KOSPI,전자부품 제조업,1973-06-29,2021,0,,,0
000150,01381805,두산,KOSPI,전자부품 제조업,1973-06-29,2022,0,,,0
000150,01381805,두산,KOSPI,전자부품 제조업,1973-06-29,2023,0,,,0
000150,01381805,두산,KOSPI,전자부품 제조업,1973-06-29,2024,0,,,0
000150,00117212,두산,KOSPI,전자부품 제조업,1973-06-29,2018,0,,,0
000150,00117212,두산,KOSPI,전자부품 제조업,1973-06-29,2019,0,,,0
000150,00117212,두산,KOSPI,전자부품 제조업,1973-06-29,2020,0,,,0
000150,00117212,두산,KOSPI,전자부품 제조업,1973-06-29,2021,0,,,0
000150,00117212,두산,KOSPI,전자부품 제조업,1973-06-29,2022,1,20220322,20220322,1
000150,00117212,두산,KOSPI,전자부품 제조업,1973-06-29,2023,0,,,0
000150,00117212,두산,KOSPI,전자부품 제조업,1973-06-29,2024,8,20240418,20241002,1
000150,00677486,두산,KOSPI,전자부품 제조업,1973-06-29,2018,0,,,0
000150,00677486,두산,KOSPI,전자부품 제조업,1973-06-29,2019,0,,,0
000150,00677486,두산,KOSPI,전자부품 제조업,1973-06-29,2020,0,,,0
000150,00677486,두산,KOSPI,전자부품 제조업,1973-06-29,2021,0,,,0
000150,00677486,두산,KOSPI,전자부품 제조업,1973-06-29,2022,0,,,0
000150,00677486,두산,KOSPI,전자부품 제조업,1973-06-29,2023,0,,,0
000150,00677486,두산,KOSPI,전자부품 제조업,1973-06-29,2024,0,,,0
005010,00156488,휴스틸,KOSPI,1차 철강 제조업,1973-06-29,2018,0,,,0
005010,00156488,휴스틸,KOSPI,1차 철강 제조업,1973-06-29,2019,0,,,0
005010,00156488,휴스틸,KOSPI,1차 철강 제조업,1973-06-29,2020,0,,,0
005010,00156488,휴스틸,KOSPI,1차 철강 제조업,1973-06-29,2021,0,,,0
005010,00156488,휴스틸,KOSPI,1차 철강 제조업,1973-06-29,2022,0,,,0
005010,00156488,휴스틸,KOSPI,1차 철강 제조업,1973-06-29,2023,0,,,0
005010,00156488,휴스틸,KOSPI,1차 철강 제조업,1973-06-29,2024,0,,,0
002900,00117230,TYM,KOSPI,특수 목적용 기계 제조업,1973-06-26,2018,0,,,0
002900,00117230,TYM,KOSPI,특수 목적용 기계 제조업,1973-06-26,2019,2,20190404,20190410,1
002900,00117230,TYM,KOSPI,특수 목적용 기계 제조업,1973-06-26,2020,1,20200331,20200331,1
002900,00117230,TYM,KOSPI,특수 목적용 기계 제조업,1973-06-26,2021,0,,,0
002900,00117230,TYM,KOSPI,특수 목적용 기계 제조업,1973-06-26,2022,0,,,0
002900,00117230,TYM,KOSPI,특수 목적용 기계 제조업,1973-06-26,2023,0,,,0
002900,00117230,TYM,KOSPI,특수 목적용 기계 제조업,1973-06-26,2024,0,,,0
003090,00111810,대웅,KOSPI,의약품 제조업,1973-06-26,2018,0,,,0
003090,00111810,대웅,KOSPI,의약품 제조업,1973-06-26,2019,0,,,0
003090,00111810,대웅,KOSPI,의약품 제조업,1973-06-26,2020,0,,,0
003090,00111810,대웅,KOSPI,의약품 제조업,1973-06-26,2021,0,,,0
003090,00111810,대웅,KOSPI,의약품 제조업,1973-06-26,2022,0,,,0
003090,00111810,대웅,KOSPI,의약품 제조업,1973-06-26,2023,0,,,0
003090,00111810,대웅,KOSPI,의약품 제조업,1973-06-26,2024,0,,,0
003780,00150439,진양산업,KOSPI,플라스틱제품 제조업,1973-06-26,2018,0,,,0
003780,00150439,진양산업,KOSPI,플라스틱제품 제조업,1973-06-26,2019,0,,,0
003780,00150439,진양산업,KOSPI,플라스틱제품 제조업,1973-06-26,2020,0,,,0
003780,00150439,진양산업,KOSPI,플라스틱제품 제조업,1973-06-26,2021,0,,,0
003780,00150439,진양산업,KOSPI,플라스틱제품 제조업,1973-06-26,2022,0,,,0
003780,00150439,진양산업,KOSPI,플라스틱제품 제조업,1973-06-26,2023,0,,,0
003780,00150439,진양산업,KOSPI,플라스틱제품 제조업,1973-06-26,2024,0,,,0
003520,00141149,영진약품,KOSPI,의약품 제조업,1973-06-25,2018,1,20180705,20180705,1
003520,00141149,영진약품,KOSPI,의약품 제조업,1973-06-25,2019,0,,,0
003520,00141149,영진약품,KOSPI,의약품 제조업,1973-06-25,2020,0,,,0
003520,00141149,영진약품,KOSPI,의약품 제조업,1973-06-25,2021,0,,,0
003520,00141149,영진약품,KOSPI,의약품 제조업,1973-06-25,2022,1,20220318,20220318,1
003520,00141149,영진약품,KOSPI,의약품 제조업,1973-06-25,2023,0,,,0
003520,00141149,영진약품,KOSPI,의약품 제조업,1973-06-25,2024,0,,,0
002380,00105271,케이씨씨,KOSPI,기타 화학제품 제조업,1973-06-25,2018,0,,,0
002380,00105271,케이씨씨,KOSPI,기타 화학제품 제조업,1973-06-25,2019,0,,,0
002380,00105271,케이씨씨,KOSPI,기타 화학제품 제조업,1973-06-25,2020,0,,,0
002380,00105271,케이씨씨,KOSPI,기타 화학제품 제조업,1973-06-25,2021,5,20210317,20210318,1
002380,00105271,케이씨씨,KOSPI,기타 화학제품 제조업,1973-06-25,2022,0,,,0
002380,00105271,케이씨씨,KOSPI,기타 화학제품 제조업,1973-06-25,2023,0,,,0
002380,00105271,케이씨씨,KOSPI,기타 화학제품 제조업,1973-06-25,2024,1,20240327,20240327,1
005300,00120571,롯데칠성음료,KOSPI,비알코올음료 및 얼음 제조업,1973-06-21,2018,0,,,0
005300,00120571,롯데칠성음료,KOSPI,비알코올음료 및 얼음 제조업,1973-06-21,2019,0,,,0
005300,00120571,롯데칠성음료,KOSPI,비알코올음료 및 얼음 제조업,1973-06-21,2020,0,,,0
005300,00120571,롯데칠성음료,KOSPI,비알코올음료 및 얼음 제조업,1973-06-21,2021,0,,,0
005300,00120571,롯데칠성음료,KOSPI,비알코올음료 및 얼음 제조업,1973-06-21,2022,1,20220317,20220317,1
005300,00120571,롯데칠성음료,KOSPI,비알코올음료 및 얼음 제조업,1973-06-21,2023,0,,,0
005300,00120571,롯데칠성음료,KOSPI,비알코올음료 및 얼음 제조업,1973-06-21,2024,1,20240326,20240326,1
003200,00146269,일신방직,KOSPI,방적 및 가공사 제조업,1973-05-23,2018,0,,,0
003200,00146269,일신방직,KOSPI,방적 및 가공사 제조업,1973-05-23,2019,0,,,0
003200,00146269,일신방직,KOSPI,방적 및 가공사 제조업,1973-05-23,2020,0,,,0
003200,00146269,일신방직,KOSPI,방적 및 가공사 제조업,1973-05-23,2021,0,,,0
003200,00146269,일신방직,KOSPI,방적 및 가공사 제조업,1973-05-23,2022,1,20220725,20220725,1
003200,00146269,일신방직,KOSPI,방적 및 가공사 제조업,1973-05-23,2023,0,,,0
003200,00146269,일신방직,KOSPI,방적 및 가공사 제조업,1973-05-23,2024,1,20240402,20240402,1
002790,00154462,아모레퍼시픽홀딩스,KOSPI,기타 화학제품 제조업,1973-04-30,2018,0,,,0
002790,00154462,아모레퍼시픽홀딩스,KOSPI,기타 화학제품 제조업,1973-04-30,2019,0,,,0
002790,00154462,아모레퍼시픽홀딩스,KOSPI,기타 화학제품 제조업,1973-04-30,2020,2,20200429,20200429,1
002790,00154462,아모레퍼시픽홀딩스,KOSPI,기타 화학제품 제조업,1973-04-30,2021,0,,,0
002790,00154462,아모레퍼시픽홀딩스,KOSPI,기타 화학제품 제조업,1973-04-30,2022,0,,,0
002790,00154462,아모레퍼시픽홀딩스,KOSPI,기타 화학제품 제조업,1973-04-30,2023,0,,,0
002790,00154462,아모레퍼시픽홀딩스,KOSPI,기타 화학제품 제조업,1973-04-30,2024,0,,,0
007210,00122898,벽산,KOSPI,기타 비금속 광물제품 제조업,1972-01-04,2018,0,,,0
007210,00122898,벽산,KOSPI,기타 비금속 광물제품 제조업,1972-01-04,2019,0,,,0
007210,00122898,벽산,KOSPI,기타 비금속 광물제품 제조업,1972-01-04,2020,0,,,0
007210,00122898,벽산,KOSPI,기타 비금속 광물제품 제조업,1972-01-04,2021,0,,,0
007210,00122898,벽산,KOSPI,기타 비금속 광물제품 제조업,1972-01-04,2022,0,,,0
007210,00122898,벽산,KOSPI,기타 비금속 광물제품 제조업,1972-01-04,2023,0,,,0
007210,00122898,벽산,KOSPI,기타 비금속 광물제품 제조업,1972-01-04,2024,0,,,0
001130,00113243,대한제분,KOSPI,"곡물가공품, 전분 및 전분제품 제조업",1970-11-25,2018,0,,,0
001130,00113243,대한제분,KOSPI,"곡물가공품, 전분 및 전분제품 제조업",1970-11-25,2019,1,20190329,20190329,1
001130,00113243,대한제분,KOSPI,"곡물가공품, 전분 및 전분제품 제조업",1970-11-25,2020,0,,,0
001130,00113243,대한제분,KOSPI,"곡물가공품, 전분 및 전분제품 제조업",1970-11-25,2021,0,,,0
001130,00113243,대한제분,KOSPI,"곡물가공품, 전분 및 전분제품 제조업",1970-11-25,2022,0,,,0
001130,00113243,대한제분,KOSPI,"곡물가공품, 전분 및 전분제품 제조업",1970-11-25,2023,0,,,0
001130,00113243,대한제분,KOSPI,"곡물가공품, 전분 및 전분제품 제조업",1970-11-25,2024,1,20240510,20240510,1
001680,00121941,대상,KOSPI,기타 식품 제조업,1970-04-01,2018,0,,,0
001680,00121941,대상,KOSPI,기타 식품 제조업,1970-04-01,2019,0,,,0
001680,00121941,대상,KOSPI,기타 식품 제조업,1970-04-01,2020,1,20200330,20200330,1
001680,00121941,대상,KOSPI,기타 식품 제조업,1970-04-01,2021,0,,,0
001680,00121941,대상,KOSPI,기타 식품 제조업,1970-04-01,2022,2,20220324,20220816,1
001680,00121941,대상,KOSPI,기타 식품 제조업,1970-04-01,2023,0,,,0
001680,00121941,대상,KOSPI,기타 식품 제조업,1970-04-01,2024,1,20240327,20240327,1
000970,00159573,한국주철관공업,KOSPI,1차 철강 제조업,1969-12-12,2018,0,,,0
000970,00159573,한국주철관공업,KOSPI,1차 철강 제조업,1969-12-12,2019,0,,,0
000970,00159573,한국주철관공업,KOSPI,1차 철강 제조업,1969-12-12,2020,0,,,0
000970,00159573,한국주철관공업,KOSPI,1차 철강 제조업,1969-12-12,2021,0,,,0
000970,00159573,한국주철관공업,KOSPI,1차 철강 제조업,1969-12-12,2022,0,,,0
000970,00159573,한국주철관공업,KOSPI,1차 철강 제조업,1969-12-12,2023,0,,,0
000970,00159573,한국주철관공업,KOSPI,1차 철강 제조업,1969-12-12,2024,0,,,0
000970,01949469,한국주철관공업,KOSPI,1차 철강 제조업,1969-12-12,2018,0,,,0
000970,01949469,한국주철관공업,KOSPI,1차 철강 제조업,1969-12-12,2019,0,,,0
000970,01949469,한국주철관공업,KOSPI,1차 철강 제조업,1969-12-12,2020,0,,,0
000970,01949469,한국주철관공업,KOSPI,1차 철강 제조업,1969-12-12,2021,0,,,0
000970,01949469,한국주철관공업,KOSPI,1차 철강 제조업,1969-12-12,2022,0,,,0
000970,01949469,한국주철관공업,KOSPI,1차 철강 제조업,1969-12-12,2023,0,,,0
000970,01949469,한국주철관공업,KOSPI,1차 철강 제조업,1969-12-12,2024,0,,,0
003300,00162993,한일홀딩스,KOSPI,"시멘트, 석회, 플라스터 및 그 제품 제조업",1969-11-20,2018,0,,,0
003300,00162993,한일홀딩스,KOSPI,"시멘트, 석회, 플라스터 및 그 제품 제조업",1969-11-20,2019,2,20190515,20190716,1
003300,00162993,한일홀딩스,KOSPI,"시멘트, 석회, 플라스터 및 그 제품 제조업",1969-11-20,2020,0,,,0
003300,00162993,한일홀딩스,KOSPI,"시멘트, 석회, 플라스터 및 그 제품 제조업",1969-11-20,2021,1,20210624,20210624,1
003300,00162993,한일홀딩스,KOSPI,"시멘트, 석회, 플라스터 및 그 제품 제조업",1969-11-20,2022,0,,,0
003300,00162993,한일홀딩스,KOSPI,"시멘트, 석회, 플라스터 및 그 제품 제조업",1969-11-20,2023,1,20230717,20230717,1
003300,00162993,한일홀딩스,KOSPI,"시멘트, 석회, 플라스터 및 그 제품 제조업",1969-11-20,2024,0,,,0
004250,00108038,엔피씨,KOSPI,플라스틱제품 제조업,1969-09-08,2018,0,,,0
004250,00108038,엔피씨,KOSPI,플라스틱제품 제조업,1969-09-08,2019,0,,,0
004250,00108038,엔피씨,KOSPI,플라스틱제품 제조업,1969-09-08,2020,0,,,0
004250,00108038,엔피씨,KOSPI,플라스틱제품 제조업,1969-09-08,2021,0,,,0
004250,00108038,엔피씨,KOSPI,플라스틱제품 제조업,1969-09-08,2022,0,,,0
004250,00108038,엔피씨,KOSPI,플라스틱제품 제조업,1969-09-08,2023,0,,,0
004250,00108038,엔피씨,KOSPI,플라스틱제품 제조업,1969-09-08,2024,0,,,0
001440,00113207,대한전선,KOSPI,절연선 및 케이블 제조업,1968-12-27,2018,0,,,0
001440,00113207,대한전선,KOSPI,절연선 및 케이블 제조업,1968-12-27,2019,0,,,0
001440,00113207,대한전선,KOSPI,절연선 및 케이블 제조업,1968-12-27,2020,0,,,0
001440,00113207,대한전선,KOSPI,절연선 및 케이블 제조업,1968-12-27,2021,0,,,0
001440,00113207,대한전선,KOSPI,절연선 및 케이블 제조업,1968-12-27,2022,0,,,0
001440,00113207,대한전선,KOSPI,절연선 및 케이블 제조업,1968-12-27,2023,0,,,0
001440,00113207,대한전선,KOSPI,절연선 및 케이블 제조업,1968-12-27,2024,0,,,0
001790,00113234,대한제당,KOSPI,"곡물가공품, 전분 및 전분제품 제조업",1968-12-27,2018,0,,,0
001790,00113234,대한제당,KOSPI,"곡물가공품, 전분 및 전분제품 제조업",1968-12-27,2019,1,20190408,20190408,1
001790,00113234,대한제당,KOSPI,"곡물가공품, 전분 및 전분제품 제조업",1968-12-27,2020,0,,,0
001790,00113234,대한제당,KOSPI,"곡물가공품, 전분 및 전분제품 제조업",1968-12-27,2021,1,20210419,20210419,1
001790,00113234,대한제당,KOSPI,"곡물가공품, 전분 및 전분제품 제조업",1968-12-27,2022,0,,,0
001790,00113234,대한제당,KOSPI,"곡물가공품, 전분 및 전분제품 제조업",1968-12-27,2023,0,,,0
001790,00113234,대한제당,KOSPI,"곡물가공품, 전분 및 전분제품 제조업",1968-12-27,2024,0,,,0
002420,00133618,세기상사,KOSPI,연료 소매업,1968-12-27,2018,0,,,0
002420,00133618,세기상사,KOSPI,연료 소매업,1968-12-27,2019,0,,,0
002420,00133618,세기상사,KOSPI,연료 소매업,1968-12-27,2020,1,20200512,20200512,1
002420,00133618,세기상사,KOSPI,연료 소매업,1968-12-27,2021,1,20210326,20210326,1
002420,00133618,세기상사,KOSPI,연료 소매업,1968-12-27,2022,0,,,0
002420,00133618,세기상사,KOSPI,연료 소매업,1968-12-27,2023,0,,,0
002420,00133618,세기상사,KOSPI,연료 소매업,1968-12-27,2024,0,,,0
000950,00147222,전방,KOSPI,방적 및 가공사 제조업,1968-10-21,2018,0,,,0
000950,00147222,전방,KOSPI,방적 및 가공사 제조업,1968-10-21,2019,1,20190628,20190628,1
000950,00147222,전방,KOSPI,방적 및 가공사 제조업,1968-10-21,2020,0,,,0
000950,00147222,전방,KOSPI,방적 및 가공사 제조업,1968-10-21,2021,1,20210215,20210215,1
000950,00147222,전방,KOSPI,방적 및 가공사 제조업,1968-10-21,2022,0,,,0
000950,00147222,전방,KOSPI,방적 및 가공사 제조업,1968-10-21,2023,1,20230317,20230317,1
000950,00147222,전방,KOSPI,방적 및 가공사 제조업,1968-10-21,2024,0,,,0
003490,00113526,대한항공,KOSPI,항공 여객 운송업,1966-03-18,2018,0,,,0
003490,00113526,대한항공,KOSPI,항공 여객 운송업,1966-03-18,2019,1,20190401,20190401,1
003490,00113526,대한항공,KOSPI,항공 여객 운송업,1966-03-18,2020,2,20200409,20200414,1
003490,00113526,대한항공,KOSPI,항공 여객 운송업,1966-03-18,2021,1,20210318,20210318,1
003490,00113526,대한항공,KOSPI,항공 여객 운송업,1966-03-18,2022,0,,,0
003490,00113526,대한항공,KOSPI,항공 여객 운송업,1966-03-18,2023,0,,,0
003490,00113526,대한항공,KOSPI,항공 여객 운송업,1966-03-18,2024,0,,,0
001530,00118345,디아이동일,KOSPI,상품 중개업,1964-01-04,2018,0,,,0
001530,00118345,디아이동일,KOSPI,상품 중개업,1964-01-04,2019,0,,,0
001530,00118345,디아이동일,KOSPI,상품 중개업,1964-01-04,2020,0,,,0
001530,00118345,디아이동일,KOSPI,상품 중개업,1964-01-04,2021,0,,,0
001530,00118345,디아이동일,KOSPI,상품 중개업,1964-01-04,2022,0,,,0
001530,00118345,디아이동일,KOSPI,상품 중개업,1964-01-04,2023,0,,,0
001530,00118345,디아이동일,KOSPI,상품 중개업,1964-01-04,2024,0,,,0
000100,00145109,유한양행,KOSPI,의약품 제조업,1962-11-01,2018,0,,,0
000100,00145109,유한양행,KOSPI,의약품 제조업,1962-11-01,2019,0,,,0
000100,00145109,유한양행,KOSPI,의약품 제조업,1962-11-01,2020,0,,,0
000100,00145109,유한양행,KOSPI,의약품 제조업,1962-11-01,2021,0,,,0
000100,00145109,유한양행,KOSPI,의약품 제조업,1962-11-01,2022,0,,,0
000100,00145109,유한양행,KOSPI,의약품 제조업,1962-11-01,2023,0,,,0
000100,00145109,유한양행,KOSPI,의약품 제조업,1962-11-01,2024,0,,,0
000100,00871587,유한양행,KOSPI,의약품 제조업,1962-11-01,2018,0,,,0
000100,00871587,유한양행,KOSPI,의약품 제조업,1962-11-01,2019,0,,,0
000100,00871587,유한양행,KOSPI,의약품 제조업,1962-11-01,2020,0,,,0
000100,00871587,유한양행,KOSPI,의약품 제조업,1962-11-01,2021,0,,,0
000100,00871587,유한양행,KOSPI,의약품 제조업,1962-11-01,2022,0,,,0
000100,00871587,유한양행,KOSPI,의약품 제조업,1962-11-01,2023,0,,,0
000100,00871587,유한양행,KOSPI,의약품 제조업,1962-11-01,2024,0,,,0
000100,00185301,유한양행,KOSPI,의약품 제조업,1962-11-01,2018,0,,,0
000100,00185301,유한양행,KOSPI,의약품 제조업,1962-11-01,2019,0,,,0
000100,00185301,유한양행,KOSPI,의약품 제조업,1962-11-01,2020,0,,,0
000100,00185301,유한양행,KOSPI,의약품 제조업,1962-11-01,2021,0,,,0
000100,00185301,유한양행,KOSPI,의약품 제조업,1962-11-01,2022,0,,,0
000100,00185301,유한양행,KOSPI,의약품 제조업,1962-11-01,2023,0,,,0
000100,00185301,유한양행,KOSPI,의약품 제조업,1962-11-01,2024,0,,,0
000120,00113410,CJ대한통운,KOSPI,도로 화물 운송업,1956-07-02,2018,0,,,0
000120,00113410,CJ대한통운,KOSPI,도로 화물 운송업,1956-07-02,2019,1,20191002,20191002,1
000120,00113410,CJ대한통운,KOSPI,도로 화물 운송업,1956-07-02,2020,0,,,0
000120,00113410,CJ대한통운,KOSPI,도로 화물 운송업,1956-07-02,2021,0,,,0
000120,00113410,CJ대한통운,KOSPI,도로 화물 운송업,1956-07-02,2022,0,,,0
000120,00113410,CJ대한통운,KOSPI,도로 화물 운송업,1956-07-02,2023,0,,,0
000120,00113410,CJ대한통운,KOSPI,도로 화물 운송업,1956-07-02,2024,1,20240320,20240320,1
000050,00101628,경방,KOSPI,종합 소매업,1956-03-03,2018,0,,,0
000050,00101628,경방,KOSPI,종합 소매업,1956-03-03,2019,0,,,0
000050,00101628,경방,KOSPI,종합 소매업,1956-03-03,2020,0,,,0
000050,00101628,경방,KOSPI,종합 소매업,1956-03-03,2021,0,,,0
000050,00101628,경방,KOSPI,종합 소매업,1956-03-03,2022,1,20220805,20220805,1
000050,00101628,경방,KOSPI,종합 소매업,1956-03-03,2023,0,,,0
000050,00101628,경방,KOSPI,종합 소매업,1956-03-03,2024,0,,,0
003480,00163673,한진중공업홀딩스,KOSPI,연료용 가스 제조 및 배관공급업,1956-03-03,2018,0,,,0
003480,00163673,한진중공업홀딩스,KOSPI,연료용 가스 제조 및 배관공급업,1956-03-03,2019,0,,,0
003480,00163673,한진중공업홀딩스,KOSPI,연료용 가스 제조 및 배관공급업,1956-03-03,2020,0,,,0
003480,00163673,한진중공업홀딩스,KOSPI,연료용 가스 제조 및 배관공급업,1956-03-03,2021,0,,,0
003480,00163673,한진중공업홀딩스,KOSPI,연료용 가스 제조 및 배관공급업,1956-03-03,2022,0,,,0
003480,00163673,한진중공업홀딩스,KOSPI,연료용 가스 제조 및 배관공급업,1956-03-03,2023,0,,,0
003480,00163673,한진중공업홀딩스,KOSPI,연료용 가스 제조 및 배관공급업,1956-03-03,2024,1,20240321,20240321,1
