rcept_no,reprt_code,bsns_year,corp_code,stock_code,fs_div,fs_nm,sj_div,sj_nm,account_nm,thstrm_nm,thstrm_dt,thstrm_amount,frmtrm_nm,frmtrm_dt,frmtrm_amount,bfefrmtrm_nm,bfefrmtrm_dt,bfefrmtrm_amount,ord,currency,query_year
20250318000466,11011,2024,01649204,483650,CFS,연결재무제표,BS,재무상태표,유동자산,제 9 기,2024.12.31 현재,"128,308,613,752",제 8 기,2023.12.31 현재,"73,534,860,990",제 7 기,2022.12.31 현재,"36,367,952,162",1,KRW,2024
20250318000466,11011,2024,01649204,483650,CFS,연결재무제표,BS,재무상태표,비유동자산,제 9 기,2024.12.31 현재,"7,799,551,441",제 8 기,2023.12.31 현재,"4,468,748,136",제 7 기,2022.12.31 현재,"2,987,618,289",3,KRW,2024
20250318000466,11011,2024,01649204,483650,CFS,연결재무제표,BS,재무상태표,자산총계,제 9 기,2024.12.31 현재,"136,108,165,193",제 8 기,2023.12.31 현재,"78,003,609,126",제 7 기,2022.12.31 현재,"39,355,570,451",5,KRW,2024
20250318000466,11011,2024,01649204,483650,CFS,연결재무제표,BS,재무상태표,유동부채,제 9 기,2024.12.31 현재,"31,320,324,507",제 8 기,2023.12.31 현재,"56,037,891,135",제 7 기,2022.12.31 현재,"34,280,975,281",7,KRW,2024
20250318000466,11011,2024,01649204,483650,CFS,연결재무제표,BS,재무상태표,비유동부채,제 9 기,2024.12.31 현재,"2,718,768,216",제 8 기,2023.12.31 현재,"6,451,975,264",제 7 기,2022.12.31 현재,"3,382,533,584",9,KRW,2024
20250318000466,11011,2024,01649204,483650,CFS,연결재무제표,BS,재무상태표,부채총계,제 9 기,2024.12.31 현재,"34,039,092,723",제 8 기,2023.12.31 현재,"62,489,866,399",제 7 기,2022.12.31 현재,"37,663,508,865",11,KRW,2024
20250318000466,11011,2024,01649204,483650,CFS,연결재무제표,BS,재무상태표,자본금,제 9 기,2024.12.31 현재,"1,146,566,500",제 8 기,2023.12.31 현재,"889,580,500",제 7 기,2022.12.31 현재,"865,647,500",13,KRW,2024
20250318000466,11011,2024,01649204,483650,CFS,연결재무제표,BS,재무상태표,이익잉여금,제 9 기,2024.12.31 현재,"25,802,142,837",제 8 기,2023.12.31 현재,"13,056,632,386",제 7 기,2022.12.31 현재,"-3,764,724,550",17,KRW,2024
20250318000466,11011,2024,01649204,483650,CFS,연결재무제표,BS,재무상태표,자본총계,제 9 기,2024.12.31 현재,"102,069,072,470",제 8 기,2023.12.31 현재,"15,513,742,727",제 7 기,2022.12.31 현재,"1,692,061,586",21,KRW,2024
20250318000466,11011,2024,01649204,483650,CFS,연결재무제표,IS,손익계산서,매출액,제 9 기,2024.01.01 ~ 2024.12.31,"309,062,616,157",제 8 기,2023.01.01 ~ 2023.12.31,"200,802,470,160",제 7 기,2022.01.01 ~ 2022.12.31,-,23,KRW,2024
20250318000466,11011,2024,01649204,483650,CFS,연결재무제표,IS,손익계산서,영업이익,제 9 기,2024.01.01 ~ 2024.12.31,"59,844,712,688",제 8 기,2023.01.01 ~ 2023.12.31,"32,445,933,395",제 7 기,2022.01.01 ~ 2022.12.31,-,25,KRW,2024
20250318000466,11011,2024,01649204,483650,CFS,연결재무제표,IS,손익계산서,법인세차감전 순이익,제 9 기,2024.01.01 ~ 2024.12.31,"29,064,874,181",제 8 기,2023.01.01 ~ 2023.12.31,"15,321,013,991",제 7 기,2022.01.01 ~ 2022.12.31,-,27,KRW,2024
20250318000466,11011,2024,01649204,483650,CFS,연결재무제표,IS,손익계산서,당기순이익(손실),제 9 기,2024.01.01 ~ 2024.12.31,"15,408,977,423",제 8 기,2023.01.01 ~ 2023.12.31,"13,604,748,485",제 7 기,2022.01.01 ~ 2022.12.31,-,29,KRW,2024
20250318000466,11011,2024,01649204,483650,CFS,연결재무제표,IS,손익계산서,당기순이익(손실),제 9 기,2024.01.01 ~ 2024.12.31,"15,408,977,423",제 8 기,2023.01.01 ~ 2023.12.31,"13,604,748,485",제 7 기,2022.01.01 ~ 2022.12.31,-,61,KRW,2024
20250318000466,11011,2024,01649204,483650,CFS,연결재무제표,IS,손익계산서,총포괄손익,제 9 기,2024.01.01 ~ 2024.12.31,"14,166,187,904",제 8 기,2023.01.01 ~ 2023.12.31,"13,223,701,275",제 7 기,2022.01.01 ~ 2022.12.31,-,63,KRW,2024
20250318000466,11011,2024,01649204,483650,OFS,재무제표,BS,재무상태표,유동자산,제 9 기,2024.12.31 현재,"131,635,094,171",제 8 기,2023.12.31 현재,"71,924,100,040",제 7 기,2022.12.31 현재,"36,367,952,162",2,KRW,2024
20250318000466,11011,2024,01649204,483650,OFS,재무제표,BS,재무상태표,비유동자산,제 9 기,2024.12.31 현재,"7,507,487,192",제 8 기,2023.12.31 현재,"5,866,725,734",제 7 기,2022.12.31 현재,"2,987,618,289",4,KRW,2024
20250318000466,11011,2024,01649204,483650,OFS,재무제표,BS,재무상태표,자산총계,제 9 기,2024.12.31 현재,"139,142,581,363",제 8 기,2023.12.31 현재,"77,790,825,774",제 7 기,2022.12.31 현재,"39,355,570,451",6,KRW,2024
20250318000466,11011,2024,01649204,483650,OFS,재무제표,BS,재무상태표,유동부채,제 9 기,2024.12.31 현재,"29,889,055,594",제 8 기,2023.12.31 현재,"55,551,870,793",제 7 기,2022.12.31 현재,"34,280,975,281",8,KRW,2024
20250318000466,11011,2024,01649204,483650,OFS,재무제표,BS,재무상태표,비유동부채,제 9 기,2024.12.31 현재,"2,715,869,511",제 8 기,2023.12.31 현재,"6,435,722,578",제 7 기,2022.12.31 현재,"3,382,533,584",10,KRW,2024
20250318000466,11011,2024,01649204,483650,OFS,재무제표,BS,재무상태표,부채총계,제 9 기,2024.12.31 현재,"32,604,925,105",제 8 기,2023.12.31 현재,"61,987,593,371",제 7 기,2022.12.31 현재,"37,663,508,865",12,KRW,2024
20250318000466,11011,2024,01649204,483650,OFS,재무제표,BS,재무상태표,자본금,제 9 기,2024.12.31 현재,"1,146,566,500",제 8 기,2023.12.31 현재,"889,580,500",제 7 기,2022.12.31 현재,"865,647,500",15,KRW,2024
20250318000466,11011,2024,01649204,483650,OFS,재무제표,BS,재무상태표,이익잉여금,제 9 기,2024.12.31 현재,"29,350,252,654",제 8 기,2023.12.31 현재,"13,376,592,251",제 7 기,2022.12.31 현재,"-3,764,724,550",19,KRW,2024
20250318000466,11011,2024,01649204,483650,OFS,재무제표,BS,재무상태표,자본총계,제 9 기,2024.12.31 현재,"106,537,656,258",제 8 기,2023.12.31 현재,"15,803,232,403",제 7 기,2022.12.31 현재,"1,692,061,586",22,KRW,2024
20250318000466,11011,2024,01649204,483650,OFS,재무제표,IS,손익계산서,매출액,제 9 기,2024.01.01 ~ 2024.12.31,"303,018,754,129",제 8 기,2023.01.01 ~ 2023.12.31,"200,032,607,788",제 7 기,2022.01.01 ~ 2022.12.31,-,24,KRW,2024
20250318000466,11011,2024,01649204,483650,OFS,재무제표,IS,손익계산서,영업이익,제 9 기,2024.01.01 ~ 2024.12.31,"62,808,036,887",제 8 기,2023.01.01 ~ 2023.12.31,"32,910,810,340",제 7 기,2022.01.01 ~ 2022.12.31,-,26,KRW,2024
20250318000466,11011,2024,01649204,483650,OFS,재무제표,IS,손익계산서,법인세차감전 순이익,제 9 기,2024.01.01 ~ 2024.12.31,"32,794,251,223",제 8 기,2023.01.01 ~ 2023.12.31,"15,715,005,684",제 7 기,2022.01.01 ~ 2022.12.31,-,28,KRW,2024
20250318000466,11011,2024,01649204,483650,OFS,재무제표,IS,손익계산서,당기순이익(손실),제 9 기,2024.01.01 ~ 2024.12.31,"18,637,127,375",제 8 기,2023.01.01 ~ 2023.12.31,"13,924,708,350",제 7 기,2022.01.01 ~ 2022.12.31,-,30,KRW,2024
20250318000466,11011,2024,01649204,483650,OFS,재무제표,IS,손익계산서,당기순이익(손실),제 9 기,2024.01.01 ~ 2024.12.31,"18,637,127,375",제 8 기,2023.01.01 ~ 2023.12.31,"13,924,708,350",제 7 기,2022.01.01 ~ 2022.12.31,-,62,KRW,2024
20250318000466,11011,2024,01649204,483650,OFS,재무제표,IS,손익계산서,총포괄손익,제 9 기,2024.01.01 ~ 2024.12.31,"18,345,282,016",제 8 기,2023.01.01 ~ 2023.12.31,"13,513,190,951",제 7 기,2022.01.01 ~ 2022.12.31,-,64,KRW,2024
20250320001576,11011,2024,01210677,480370,CFS,연결재무제표,BS,재무상태표,유동자산,제 21 기,2024.12.31 현재,"156,222,425,652",제 20 기,2023.12.31 현재,"107,539,452,051",제 19 기,2022.12.31 현재,"130,461,358,136",1,KRW,2024
20250320001576,11011,2024,01210677,480370,CFS,연결재무제표,BS,재무상태표,비유동자산,제 21 기,2024.12.31 현재,"32,200,652,524",제 20 기,2023.12.31 현재,"29,048,780,511",제 19 기,2022.12.31 현재,"25,091,752,973",3,KRW,2024
20250320001576,11011,2024,01210677,480370,CFS,연결재무제표,BS,재무상태표,자산총계,제 21 기,2024.12.31 현재,"188,423,078,176",제 20 기,2023.12.31 현재,"136,588,232,562",제 19 기,2022.12.31 현재,"155,553,111,109",5,KRW,2024
20250320001576,11011,2024,01210677,480370,CFS,연결재무제표,BS,재무상태표,유동부채,제 21 기,2024.12.31 현재,"92,432,056,362",제 20 기,2023.12.31 현재,"90,514,091,179",제 19 기,2022.12.31 현재,"110,918,350,078",7,KRW,2024
20250320001576,11011,2024,01210677,480370,CFS,연결재무제표,BS,재무상태표,비유동부채,제 21 기,2024.12.31 현재,"4,859,827,465",제 20 기,2023.12.31 현재,"3,230,513,016",제 19 기,2022.12.31 현재,"17,765,072,062",9,KRW,2024
20250320001576,11011,2024,01210677,480370,CFS,연결재무제표,BS,재무상태표,부채총계,제 21 기,2024.12.31 현재,"97,291,883,827",제 20 기,2023.12.31 현재,"93,744,604,195",제 19 기,2022.12.31 현재,"128,683,422,140",11,KRW,2024
20250320001576,11011,2024,01210677,480370,CFS,연결재무제표,BS,재무상태표,자본금,제 21 기,2024.12.31 현재,"943,486,100",제 20 기,2023.12.31 현재,"679,350,000",제 19 기,2022.12.31 현재,"500,000,000",13,KRW,2024
20250320001576,11011,2024,01210677,480370,CFS,연결재무제표,BS,재무상태표,이익잉여금,제 21 기,2024.12.31 현재,"61,319,500,901",제 20 기,2023.12.31 현재,"41,506,955,285",제 19 기,2022.12.31 현재,"26,409,760,355",17,KRW,2024
20250320001576,11011,2024,01210677,480370,CFS,연결재무제표,BS,재무상태표,자본총계,제 21 기,2024.12.31 현재,"91,131,194,349",제 20 기,2023.12.31 현재,"42,843,628,367",제 19 기,2022.12.31 현재,"26,869,688,969",21,KRW,2024
20250320001576,11011,2024,01210677,480370,CFS,연결재무제표,IS,손익계산서,매출액,제 21 기,2024.01.01 ~ 2024.12.31,"295,772,527,163",제 20 기,2023.01.01 ~ 2023.12.31,"215,298,444,210",제 19 기,2022.01.01 ~ 2022.12.31,"269,463,267,750",23,KRW,2024
20250320001576,11011,2024,01210677,480370,CFS,연결재무제표,IS,손익계산서,영업이익,제 21 기,2024.01.01 ~ 2024.12.31,"16,524,305,283",제 20 기,2023.01.01 ~ 2023.12.31,"17,666,706,565",제 19 기,2022.01.01 ~ 2022.12.31,"-2,856,241,311",25,KRW,2024
20250320001576,11011,2024,01210677,480370,CFS,연결재무제표,IS,손익계산서,법인세차감전 순이익,제 21 기,2024.01.01 ~ 2024.12.31,"24,830,469,220",제 20 기,2023.01.01 ~ 2023.12.31,"17,377,544,400",제 19 기,2022.01.01 ~ 2022.12.31,"-3,015,909,442",27,KRW,2024
20250320001576,11011,2024,01210677,480370,CFS,연결재무제표,IS,손익계산서,당기순이익(손실),제 21 기,2024.01.01 ~ 2024.12.31,"19,812,545,616",제 20 기,2023.01.01 ~ 2023.12.31,"15,097,194,930",제 19 기,2022.01.01 ~ 2022.12.31,"-3,137,262,805",29,KRW,2024
20250320001576,11011,2024,01210677,480370,CFS,연결재무제표,IS,손익계산서,당기순이익(손실),제 21 기,2024.01.01 ~ 2024.12.31,"19,812,545,616",제 20 기,2023.01.01 ~ 2023.12.31,"15,097,194,930",제 19 기,2022.01.01 ~ 2022.12.31,"-3,137,262,805",61,KRW,2024
20250320001576,11011,2024,01210677,480370,CFS,연결재무제표,IS,손익계산서,총포괄손익,제 21 기,2024.01.01 ~ 2024.12.31,"19,412,797,324",제 20 기,2023.01.01 ~ 2023.12.31,"15,794,589,398",제 19 기,2022.01.01 ~ 2022.12.31,"-3,091,261,026",63,KRW,2024
20250320001576,11011,2024,01210677,480370,OFS,재무제표,BS,재무상태표,유동자산,제 21 기,2024.12.31 현재,"121,425,040,564",제 20 기,2023.12.31 현재,"89,279,532,272",제 19 기,2022.12.31 현재,"96,593,659,770",2,KRW,2024
20250320001576,11011,2024,01210677,480370,OFS,재무제표,BS,재무상태표,비유동자산,제 21 기,2024.12.31 현재,"30,925,430,552",제 20 기,2023.12.31 현재,"29,831,626,326",제 19 기,2022.12.31 현재,"25,736,868,723",4,KRW,2024
20250320001576,11011,2024,01210677,480370,OFS,재무제표,BS,재무상태표,자산총계,제 21 기,2024.12.31 현재,"152,350,471,116",제 20 기,2023.12.31 현재,"119,111,158,598",제 19 기,2022.12.31 현재,"122,330,528,493",6,KRW,2024
20250320001576,11011,2024,01210677,480370,OFS,재무제표,BS,재무상태표,유동부채,제 21 기,2024.12.31 현재,"72,022,320,753",제 20 기,2023.12.31 현재,"83,334,760,525",제 19 기,2022.12.31 현재,"79,940,003,926",8,KRW,2024
20250320001576,11011,2024,01210677,480370,OFS,재무제표,BS,재무상태표,비유동부채,제 21 기,2024.12.31 현재,"2,986,680,964",제 20 기,2023.12.31 현재,"2,324,088,051",제 19 기,2022.12.31 현재,"17,116,237,531",10,KRW,2024
20250320001576,11011,2024,01210677,480370,OFS,재무제표,BS,재무상태표,부채총계,제 21 기,2024.12.31 현재,"75,009,001,717",제 20 기,2023.12.31 현재,"85,658,848,576",제 19 기,2022.12.31 현재,"97,056,241,457",12,KRW,2024
20250320001576,11011,2024,01210677,480370,OFS,재무제표,BS,재무상태표,자본금,제 21 기,2024.12.31 현재,"943,486,100",제 20 기,2023.12.31 현재,"679,350,000",제 19 기,2022.12.31 현재,"500,000,000",15,KRW,2024
20250320001576,11011,2024,01210677,480370,OFS,재무제표,BS,재무상태표,이익잉여금,제 21 기,2024.12.31 현재,"47,787,350,741",제 20 기,2023.12.31 현재,"32,380,058,407",제 19 기,2022.12.31 현재,"24,194,500,616",19,KRW,2024
20250320001576,11011,2024,01210677,480370,OFS,재무제표,BS,재무상태표,자본총계,제 21 기,2024.12.31 현재,"77,341,469,399",제 20 기,2023.12.31 현재,"33,452,310,022",제 19 기,2022.12.31 현재,"25,274,287,036",22,KRW,2024
20250320001576,11011,2024,01210677,480370,OFS,재무제표,IS,손익계산서,매출액,제 21 기,2024.01.01 ~ 2024.12.31,"178,243,036,875",제 20 기,2023.01.01 ~ 2023.12.31,"145,563,679,386",제 19 기,2022.01.01 ~ 2022.12.31,"184,342,464,998",24,KRW,2024
20250320001576,11011,2024,01210677,480370,OFS,재무제표,IS,손익계산서,영업이익,제 21 기,2024.01.01 ~ 2024.12.31,"2,815,287,546",제 20 기,2023.01.01 ~ 2023.12.31,"14,558,689,436",제 19 기,2022.01.01 ~ 2022.12.31,"-433,506,679",26,KRW,2024
20250320001576,11011,2024,01210677,480370,OFS,재무제표,IS,손익계산서,법인세차감전 순이익,제 21 기,2024.01.01 ~ 2024.12.31,"18,703,374,071",제 20 기,2023.01.01 ~ 2023.12.31,"10,010,358,372",제 19 기,2022.01.01 ~ 2022.12.31,"1,157,159,441",28,KRW,2024
20250320001576,11011,2024,01210677,480370,OFS,재무제표,IS,손익계산서,당기순이익(손실),제 21 기,2024.01.01 ~ 2024.12.31,"15,407,292,334",제 20 기,2023.01.01 ~ 2023.12.31,"8,185,557,791",제 19 기,2022.01.01 ~ 2022.12.31,"1,633,869,794",30,KRW,2024
20250320001576,11011,2024,01210677,480370,OFS,재무제표,IS,손익계산서,당기순이익(손실),제 21 기,2024.01.01 ~ 2024.12.31,"15,407,292,334",제 20 기,2023.01.01 ~ 2023.12.31,"8,185,557,791",제 19 기,2022.01.01 ~ 2022.12.31,"1,633,869,794",62,KRW,2024
20250320001576,11011,2024,01210677,480370,OFS,재무제표,IS,손익계산서,총포괄손익,제 21 기,2024.01.01 ~ 2024.12.31,"15,014,390,719",제 20 기,2023.01.01 ~ 2023.12.31,"7,998,672,986",제 19 기,2022.01.01 ~ 2022.12.31,"2,177,679,652",64,KRW,2024
20240401003467,11011,2023,00139834,064400,CFS,연결재무제표,BS,재무상태표,유동자산,제 37 기,2023.12.31 현재,"3,037,231,971,000",제 36 기,2022.12.31 현재,"2,847,939,028,000",제 35 기,2021.12.31 현재,"2,330,448,997,000",1,KRW,2023
20240401003467,11011,2023,00139834,064400,CFS,연결재무제표,BS,재무상태표,비유동자산,제 37 기,2023.12.31 현재,"1,003,447,629,000",제 36 기,2022.12.31 현재,"1,017,196,115,000",제 35 기,2021.12.31 현재,"994,223,007,000",3,KRW,2023
20240401003467,11011,2023,00139834,064400,CFS,연결재무제표,BS,재무상태표,자산총계,제 37 기,2023.12.31 현재,"4,040,679,600,000",제 36 기,2022.12.31 현재,"3,865,135,143,000",제 35 기,2021.12.31 현재,"3,324,672,004,000",5,KRW,2023
20240401003467,11011,2023,00139834,064400,CFS,연결재무제표,BS,재무상태표,유동부채,제 37 기,2023.12.31 현재,"1,543,112,565,000",제 36 기,2022.12.31 현재,"2,005,334,640,000",제 35 기,2021.12.31 현재,"1,382,440,620,000",7,KRW,2023
20240401003467,11011,2023,00139834,064400,CFS,연결재무제표,BS,재무상태표,비유동부채,제 37 기,2023.12.31 현재,"629,310,772,000",제 36 기,2022.12.31 현재,"229,011,823,000",제 35 기,2021.12.31 현재,"480,254,136,000",9,KRW,2023
20240401003467,11011,2023,00139834,064400,CFS,연결재무제표,BS,재무상태표,부채총계,제 37 기,2023.12.31 현재,"2,172,423,337,000",제 36 기,2022.12.31 현재,"2,234,346,463,000",제 35 기,2021.12.31 현재,"1,862,694,756,000",11,KRW,2023
20240401003467,11011,2023,00139834,064400,CFS,연결재무제표,BS,재무상태표,자본금,제 37 기,2023.12.31 현재,"47,198,411,000",제 36 기,2022.12.31 현재,"47,198,411,000",제 35 기,2021.12.31 현재,"47,198,411,000",13,KRW,2023
20240401003467,11011,2023,00139834,064400,CFS,연결재무제표,BS,재무상태표,이익잉여금,제 37 기,2023.12.31 현재,"1,772,366,336,000",제 36 기,2022.12.31 현재,"1,553,012,183,000",제 35 기,2021.12.31 현재,"1,382,397,508,000",17,KRW,2023
20240401003467,11011,2023,00139834,064400,CFS,연결재무제표,BS,재무상태표,자본총계,제 37 기,2023.12.31 현재,"1,868,256,263,000",제 36 기,2022.12.31 현재,"1,630,788,680,000",제 35 기,2021.12.31 현재,"1,461,977,248,000",21,KRW,2023
20240401003467,11011,2023,00139834,064400,CFS,연결재무제표,IS,손익계산서,매출액,제 37 기,2023.01.01 ~ 2023.12.31,"5,605,300,168,000",제 36 기,2022.01.01 ~ 2022.12.31,"4,969,651,212,000",제 35 기,2021.01.01 ~ 2021.12.31,"4,143,140,260,000",23,KRW,2023
20240401003467,11011,2023,00139834,064400,CFS,연결재무제표,IS,손익계산서,영업이익,제 37 기,2023.01.01 ~ 2023.12.31,"464,048,383,000",제 36 기,2022.01.01 ~ 2022.12.31,"385,394,776,000",제 35 기,2021.01.01 ~ 2021.12.31,"328,584,939,000",25,KRW,2023
20240401003467,11011,2023,00139834,064400,CFS,연결재무제표,IS,손익계산서,법인세차감전 순이익,제 37 기,2023.01.01 ~ 2023.12.31,"442,662,493,000",제 36 기,2022.01.01 ~ 2022.12.31,"364,864,128,000",제 35 기,2021.01.01 ~ 2021.12.31,"316,090,462,000",27,KRW,2023
20240401003467,11011,2023,00139834,064400,CFS,연결재무제표,IS,손익계산서,당기순이익(손실),제 37 기,2023.01.01 ~ 2023.12.31,"332,352,235,000",제 36 기,2022.01.01 ~ 2022.12.31,"264,968,155,000",제 35 기,2021.01.01 ~ 2021.12.31,"234,946,496,000",29,KRW,2023
20240401003467,11011,2023,00139834,064400,CFS,연결재무제표,IS,손익계산서,당기순이익(손실),제 37 기,2023.01.01 ~ 2023.12.31,"332,352,235,000",제 36 기,2022.01.01 ~ 2022.12.31,"264,968,155,000",제 35 기,2021.01.01 ~ 2021.12.31,"234,946,496,000",61,KRW,2023
20240401003467,11011,2023,00139834,064400,CFS,연결재무제표,IS,손익계산서,총포괄손익,제 37 기,2023.01.01 ~ 2023.12.31,"341,232,433,000",제 36 기,2022.01.01 ~ 2022.12.31,"264,940,588,000",제 35 기,2021.01.01 ~ 2021.12.31,"246,351,144,000",63,KRW,2023
20240401003467,11011,2023,00139834,064400,OFS,재무제표,BS,재무상태표,유동자산,제 37 기,2023.12.31 현재,"2,723,025,312,000",제 36 기,2022.12.31 현재,"2,587,250,710,000",제 35 기,2021.12.31 현재,"2,092,251,085,000",2,KRW,2023
20240401003467,11011,2023,00139834,064400,OFS,재무제표,BS,재무상태표,비유동자산,제 37 기,2023.12.31 현재,"966,385,536,000",제 36 기,2022.12.31 현재,"1,003,510,438,000",제 35 기,2021.12.31 현재,"980,393,404,000",4,KRW,2023
20240401003467,11011,2023,00139834,064400,OFS,재무제표,BS,재무상태표,자산총계,제 37 기,2023.12.31 현재,"3,689,410,848,000",제 36 기,2022.12.31 현재,"3,590,761,148,000",제 35 기,2021.12.31 현재,"3,072,644,489,000",6,KRW,2023
20240401003467,11011,2023,00139834,064400,OFS,재무제표,BS,재무상태표,유동부채,제 37 기,2023.12.31 현재,"1,388,590,318,000",제 36 기,2022.12.31 현재,"1,858,173,271,000",제 35 기,2021.12.31 현재,"1,231,093,381,000",8,KRW,2023
20240401003467,11011,2023,00139834,064400,OFS,재무제표,BS,재무상태표,비유동부채,제 37 기,2023.12.31 현재,"613,255,728,000",제 36 기,2022.12.31 현재,"218,815,758,000",제 35 기,2021.12.31 현재,"468,930,580,000",10,KRW,2023
20240401003467,11011,2023,00139834,064400,OFS,재무제표,BS,재무상태표,부채총계,제 37 기,2023.12.31 현재,"2,001,846,046,000",제 36 기,2022.12.31 현재,"2,076,989,029,000",제 35 기,2021.12.31 현재,"1,700,023,961,000",12,KRW,2023
20240401003467,11011,2023,00139834,064400,OFS,재무제표,BS,재무상태표,자본금,제 37 기,2023.12.31 현재,"47,198,411,000",제 36 기,2022.12.31 현재,"47,198,411,000",제 35 기,2021.12.31 현재,"47,198,411,000",15,KRW,2023
20240401003467,11011,2023,00139834,064400,OFS,재무제표,BS,재무상태표,이익잉여금,제 37 기,2023.12.31 현재,"1,502,808,682,000",제 36 기,2022.12.31 현재,"1,342,296,959,000",제 35 기,2021.12.31 현재,"1,201,127,050,000",19,KRW,2023
20240401003467,11011,2023,00139834,064400,OFS,재무제표,BS,재무상태표,자본총계,제 37 기,2023.12.31 현재,"1,687,564,802,000",제 36 기,2022.12.31 현재,"1,513,772,119,000",제 35 기,2021.12.31 현재,"1,372,620,528,000",22,KRW,2023
20240401003467,11011,2023,00139834,064400,OFS,재무제표,IS,손익계산서,매출액,제 37 기,2023.01.01 ~ 2023.12.31,"5,112,688,400,000",제 36 기,2022.01.01 ~ 2022.12.31,"4,590,452,884,000",제 35 기,2021.01.01 ~ 2021.12.31,"3,826,781,022,000",24,KRW,2023
20240401003467,11011,2023,00139834,064400,OFS,재무제표,IS,손익계산서,영업이익,제 37 기,2023.01.01 ~ 2023.12.31,"373,164,112,000",제 36 기,2022.01.01 ~ 2022.12.31,"317,774,098,000",제 35 기,2021.01.01 ~ 2021.12.31,"275,207,348,000",26,KRW,2023
20240401003467,11011,2023,00139834,064400,OFS,재무제표,IS,손익계산서,법인세차감전 순이익,제 37 기,2023.01.01 ~ 2023.12.31,"364,325,230,000",제 36 기,2022.01.01 ~ 2022.12.31,"320,252,070,000",제 35 기,2021.01.01 ~ 2021.12.31,"277,527,547,000",28,KRW,2023
20240401003467,11011,2023,00139834,064400,OFS,재무제표,IS,손익계산서,당기순이익(손실),제 37 기,2023.01.01 ~ 2023.12.31,"273,840,760,000",제 36 기,2022.01.01 ~ 2022.12.31,"235,792,430,000",제 35 기,2021.01.01 ~ 2021.12.31,"213,942,404,000",30,KRW,2023
20240401003467,11011,2023,00139834,064400,OFS,재무제표,IS,손익계산서,당기순이익(손실),제 37 기,2023.01.01 ~ 2023.12.31,"273,840,760,000",제 36 기,2022.01.01 ~ 2022.12.31,"235,792,430,000",제 35 기,2021.01.01 ~ 2021.12.31,"213,942,404,000",62,KRW,2023
20240401003467,11011,2023,00139834,064400,OFS,재무제표,IS,손익계산서,총포괄손익,제 37 기,2023.01.01 ~ 2023.12.31,"277,557,533,000",제 36 기,2022.01.01 ~ 2022.12.31,"236,196,706,000",제 35 기,2021.01.01 ~ 2021.12.31,"215,262,754,000",64,KRW,2023
20250311001270,11011,2024,00139834,064400,CFS,연결재무제표,BS,재무상태표,유동자산,제 38 기,2024.12.31 현재,"3,435,316,290,000",제 37 기,2023.12.31 현재,"3,037,231,971,000",제 36 기,2022.12.31 현재,"2,847,939,028,000",1,KRW,2024
20250311001270,11011,2024,00139834,064400,CFS,연결재무제표,BS,재무상태표,비유동자산,제 38 기,2024.12.31 현재,"1,069,191,473,000",제 37 기,2023.12.31 현재,"1,003,447,629,000",제 36 기,2022.12.31 현재,"1,017,196,115,000",3,KRW,2024
20250311001270,11011,2024,00139834,064400,CFS,연결재무제표,BS,재무상태표,자산총계,제 38 기,2024.12.31 현재,"4,504,507,763,000",제 37 기,2023.12.31 현재,"4,040,679,600,000",제 36 기,2022.12.31 현재,"3,865,135,143,000",5,KRW,2024
20250311001270,11011,2024,00139834,064400,CFS,연결재무제표,BS,재무상태표,유동부채,제 38 기,2024.12.31 현재,"1,852,324,271,000",제 37 기,2023.12.31 현재,"1,543,112,565,000",제 36 기,2022.12.31 현재,"2,005,334,640,000",7,KRW,2024
20250311001270,11011,2024,00139834,064400,CFS,연결재무제표,BS,재무상태표,비유동부채,제 38 기,2024.12.31 현재,"529,373,093,000",제 37 기,2023.12.31 현재,"629,310,772,000",제 36 기,2022.12.31 현재,"229,011,823,000",9,KRW,2024
20250311001270,11011,2024,00139834,064400,CFS,연결재무제표,BS,재무상태표,부채총계,제 38 기,2024.12.31 현재,"2,381,697,364,000",제 37 기,2023.12.31 현재,"2,172,423,337,000",제 36 기,2022.12.31 현재,"2,234,346,463,000",11,KRW,2024
20250311001270,11011,2024,00139834,064400,CFS,연결재무제표,BS,재무상태표,자본금,제 38 기,2024.12.31 현재,"47,198,411,000",제 37 기,2023.12.31 현재,"47,198,411,000",제 36 기,2022.12.31 현재,"47,198,411,000",13,KRW,2024
20250311001270,11011,2024,00139834,064400,CFS,연결재무제표,BS,재무상태표,이익잉여금,제 38 기,2024.12.31 현재,"2,003,112,201,000",제 37 기,2023.12.31 현재,"1,772,366,336,000",제 36 기,2022.12.31 현재,"1,553,012,183,000",17,KRW,2024
20250311001270,11011,2024,00139834,064400,CFS,연결재무제표,BS,재무상태표,자본총계,제 38 기,2024.12.31 현재,"2,122,810,399,000",제 37 기,2023.12.31 현재,"1,868,256,263,000",제 36 기,2022.12.31 현재,"1,630,788,680,000",21,KRW,2024
20250311001270,11011,2024,00139834,064400,CFS,연결재무제표,IS,손익계산서,매출액,제 38 기,2024.01.01 ~ 2024.12.31,"5,982,627,063,000",제 37 기,2023.01.01 ~ 2023.12.31,"5,605,300,168,000",제 36 기,2022.01.01 ~ 2022.12.31,"4,969,651,212,000",23,KRW,2024
20250311001270,11011,2024,00139834,064400,CFS,연결재무제표,IS,손익계산서,영업이익,제 38 기,2024.01.01 ~ 2024.12.31,"512,864,077,000",제 37 기,2023.01.01 ~ 2023.12.31,"464,048,383,000",제 36 기,2022.01.01 ~ 2022.12.31,"385,394,776,000",25,KRW,2024
20250311001270,11011,2024,00139834,064400,CFS,연결재무제표,IS,손익계산서,법인세차감전 순이익,제 38 기,2024.01.01 ~ 2024.12.31,"485,484,977,000",제 37 기,2023.01.01 ~ 2023.12.31,"442,662,493,000",제 36 기,2022.01.01 ~ 2022.12.31,"364,864,128,000",27,KRW,2024
20250311001270,11011,2024,00139834,064400,CFS,연결재무제표,IS,손익계산서,당기순이익(손실),제 38 기,2024.01.01 ~ 2024.12.31,"364,914,430,000",제 37 기,2023.01.01 ~ 2023.12.31,"332,352,235,000",제 36 기,2022.01.01 ~ 2022.12.31,"264,968,155,000",29,KRW,2024
20250311001270,11011,2024,00139834,064400,CFS,연결재무제표,IS,손익계산서,당기순이익(손실),제 38 기,2024.01.01 ~ 2024.12.31,"364,914,430,000",제 37 기,2023.01.01 ~ 2023.12.31,"332,352,235,000",제 36 기,2022.01.01 ~ 2022.12.31,"264,968,155,000",61,KRW,2024
20250311001270,11011,2024,00139834,064400,CFS,연결재무제표,IS,손익계산서,총포괄손익,제 38 기,2024.01.01 ~ 2024.12.31,"384,684,789,000",제 37 기,2023.01.01 ~ 2023.12.31,"341,232,433,000",제 36 기,2022.01.01 ~ 2022.12.31,"264,940,588,000",63,KRW,2024
20250311001270,11011,2024,00139834,064400,OFS,재무제표,BS,재무상태표,유동자산,제 38 기,2024.12.31 현재,"3,080,361,669,000",제 37 기,2023.12.31 현재,"2,723,025,312,000",제 36 기,2022.12.31 현재,"2,587,250,710,000",2,KRW,2024
20250311001270,11011,2024,00139834,064400,OFS,재무제표,BS,재무상태표,비유동자산,제 38 기,2024.12.31 현재,"1,027,820,136,000",제 37 기,2023.12.31 현재,"966,385,536,000",제 36 기,2022.12.31 현재,"1,003,510,438,000",4,KRW,2024
20250311001270,11011,2024,00139834,064400,OFS,재무제표,BS,재무상태표,자산총계,제 38 기,2024.12.31 현재,"4,108,181,805,000",제 37 기,2023.12.31 현재,"3,689,410,848,000",제 36 기,2022.12.31 현재,"3,590,761,148,000",6,KRW,2024
20250311001270,11011,2024,00139834,064400,OFS,재무제표,BS,재무상태표,유동부채,제 38 기,2024.12.31 현재,"1,716,644,845,000",제 37 기,2023.12.31 현재,"1,388,590,318,000",제 36 기,2022.12.31 현재,"1,858,173,271,000",8,KRW,2024
20250311001270,11011,2024,00139834,064400,OFS,재무제표,BS,재무상태표,비유동부채,제 38 기,2024.12.31 현재,"511,742,621,000",제 37 기,2023.12.31 현재,"613,255,728,000",제 36 기,2022.12.31 현재,"218,815,758,000",10,KRW,2024
20250311001270,11011,2024,00139834,064400,OFS,재무제표,BS,재무상태표,부채총계,제 38 기,2024.12.31 현재,"2,228,387,466,000",제 37 기,2023.12.31 현재,"2,001,846,046,000",제 36 기,2022.12.31 현재,"2,076,989,029,000",12,KRW,2024
20250311001270,11011,2024,00139834,064400,OFS,재무제표,BS,재무상태표,자본금,제 38 기,2024.12.31 현재,"47,198,411,000",제 37 기,2023.12.31 현재,"47,198,411,000",제 36 기,2022.12.31 현재,"47,198,411,000",15,KRW,2024
20250311001270,11011,2024,00139834,064400,OFS,재무제표,BS,재무상태표,이익잉여금,제 38 기,2024.12.31 현재,"1,695,543,047,000",제 37 기,2023.12.31 현재,"1,502,808,682,000",제 36 기,2022.12.31 현재,"1,342,296,959,000",19,KRW,2024
20250311001270,11011,2024,00139834,064400,OFS,재무제표,BS,재무상태표,자본총계,제 38 기,2024.12.31 현재,"1,879,794,339,000",제 37 기,2023.12.31 현재,"1,687,564,802,000",제 36 기,2022.12.31 현재,"1,513,772,119,000",22,KRW,2024
20250311001270,11011,2024,00139834,064400,OFS,재무제표,IS,손익계산서,매출액,제 38 기,2024.01.01 ~ 2024.12.31,"5,407,585,590,000",제 37 기,2023.01.01 ~ 2023.12.31,"5,112,688,400,000",제 36 기,2022.01.01 ~ 2022.12.31,"4,590,452,884,000",24,KRW,2024
20250311001270,11011,2024,00139834,064400,OFS,재무제표,IS,손익계산서,영업이익,제 38 기,2024.01.01 ~ 2024.12.31,"413,488,606,000",제 37 기,2023.01.01 ~ 2023.12.31,"373,164,112,000",제 36 기,2022.01.01 ~ 2022.12.31,"317,774,098,000",26,KRW,2024
20250311001270,11011,2024,00139834,064400,OFS,재무제표,IS,손익계산서,법인세차감전 순이익,제 38 기,2024.01.01 ~ 2024.12.31,"419,956,155,000",제 37 기,2023.01.01 ~ 2023.12.31,"364,325,230,000",제 36 기,2022.01.01 ~ 2022.12.31,"320,252,070,000",28,KRW,2024
20250311001270,11011,2024,00139834,064400,OFS,재무제표,IS,손익계산서,당기순이익(손실),제 38 기,2024.01.01 ~ 2024.12.31,"325,496,787,000",제 37 기,2023.01.01 ~ 2023.12.31,"273,840,760,000",제 36 기,2022.01.01 ~ 2022.12.31,"235,792,430,000",30,KRW,2024
20250311001270,11011,2024,00139834,064400,OFS,재무제표,IS,손익계산서,당기순이익(손실),제 38 기,2024.01.01 ~ 2024.12.31,"325,496,787,000",제 37 기,2023.01.01 ~ 2023.12.31,"273,840,760,000",제 36 기,2022.01.01 ~ 2022.12.31,"235,792,430,000",62,KRW,2024
20250311001270,11011,2024,00139834,064400,OFS,재무제표,IS,손익계산서,총포괄손익,제 38 기,2024.01.01 ~ 2024.12.31,"324,769,513,000",제 37 기,2023.01.01 ~ 2023.12.31,"277,557,533,000",제 36 기,2022.01.01 ~ 2022.12.31,"236,196,706,000",64,KRW,2024
20250319000653,11011,2024,01519790,484870,OFS,재무제표,BS,재무상태표,유동자산,제 5 기,2024.12.31 현재,"243,839,572,784",제 4 기,2023.12.31 현재,"221,869,859,534",제 3 기,2022.12.31 현재,"295,739,147,959",2,KRW,2024
20250319000653,11011,2024,01519790,484870,OFS,재무제표,BS,재무상태표,비유동자산,제 5 기,2024.12.31 현재,"113,273,741,704",제 4 기,2023.12.31 현재,"106,886,606,607",제 3 기,2022.12.31 현재,"259,665,331,202",4,KRW,2024
20250319000653,11011,2024,01519790,484870,OFS,재무제표,BS,재무상태표,자산총계,제 5 기,2024.12.31 현재,"357,113,314,488",제 4 기,2023.12.31 현재,"328,756,466,141",제 3 기,2022.12.31 현재,"555,404,479,161",6,KRW,2024
20250319000653,11011,2024,01519790,484870,OFS,재무제표,BS,재무상태표,유동부채,제 5 기,2024.12.31 현재,"190,452,655,198",제 4 기,2023.12.31 현재,"245,763,440,627",제 3 기,2022.12.31 현재,"234,040,266,346",8,KRW,2024
20250319000653,11011,2024,01519790,484870,OFS,재무제표,BS,재무상태표,비유동부채,제 5 기,2024.12.31 현재,"1,274,828,074",제 4 기,2023.12.31 현재,"1,200,635,175",제 3 기,2022.12.31 현재,"1,329,563,104",10,KRW,2024
20250319000653,11011,2024,01519790,484870,OFS,재무제표,BS,재무상태표,부채총계,제 5 기,2024.12.31 현재,"191,727,483,272",제 4 기,2023.12.31 현재,"246,964,075,802",제 3 기,2022.12.31 현재,"235,369,829,450",12,KRW,2024
20250319000653,11011,2024,01519790,484870,OFS,재무제표,BS,재무상태표,자본금,제 5 기,2024.12.31 현재,"915,390,000",제 4 기,2023.12.31 현재,"530,260,000",제 3 기,2022.12.31 현재,"3,000,000,000",15,KRW,2024
20250319000653,11011,2024,01519790,484870,OFS,재무제표,BS,재무상태표,이익잉여금,제 5 기,2024.12.31 현재,"268,645,373,222",제 4 기,2023.12.31 현재,"262,846,230,842",제 3 기,2022.12.31 현재,"268,634,975,766",19,KRW,2024
20250319000653,11011,2024,01519790,484870,OFS,재무제표,BS,재무상태표,자본총계,제 5 기,2024.12.31 현재,"165,385,831,216",제 4 기,2023.12.31 현재,"81,792,390,339",제 3 기,2022.12.31 현재,"320,034,649,711",22,KRW,2024
20250319000653,11011,2024,01519790,484870,OFS,재무제표,IS,손익계산서,매출액,제 5 기,2024.01.01 ~ 2024.12.31,"282,796,626,108",제 4 기,2023.01.01 ~ 2023.12.31,"183,449,862,293",제 3 기,2022.01.01 ~ 2022.12.31,"125,933,211,509",24,KRW,2024
20250319000653,11011,2024,01519790,484870,OFS,재무제표,IS,손익계산서,영업이익,제 5 기,2024.01.01 ~ 2024.12.31,"34,824,919,168",제 4 기,2023.01.01 ~ 2023.12.31,"20,656,059,764",제 3 기,2022.01.01 ~ 2022.12.31,"11,340,921,504",26,KRW,2024
20250319000653,11011,2024,01519790,484870,OFS,재무제표,IS,손익계산서,법인세차감전 순이익,제 5 기,2024.01.01 ~ 2024.12.31,"34,389,625,104",제 4 기,2023.01.01 ~ 2023.12.31,"20,740,490,247",제 3 기,2022.01.01 ~ 2022.12.31,"10,245,135,807",28,KRW,2024
20250319000653,11011,2024,01519790,484870,OFS,재무제표,IS,손익계산서,당기순이익(손실),제 5 기,2024.01.01 ~ 2024.12.31,"26,964,425,031",제 4 기,2023.01.01 ~ 2023.12.31,"14,531,236,179",제 3 기,2022.01.01 ~ 2022.12.31,"12,419,335,635",30,KRW,2024
20250319000653,11011,2024,01519790,484870,OFS,재무제표,BS,재무상태표,당기손익-공정가치측정금융자산,제 5 기,2024.12.31 현재,"4,076,323,642",제 4 기,2023.12.31 현재,"4,043,827,193",제 3 기,2022.12.31 현재,"4,017,767,249",36,KRW,2024
20250319000653,11011,2024,01519790,484870,OFS,재무제표,BS,재무상태표,파생상품자산,제 5 기,2024.12.31 현재,-,제 4 기,2023.12.31 현재,-,제 3 기,2022.12.31 현재,"754,145,687",48,KRW,2024
20250319000653,11011,2024,01519790,484870,OFS,재무제표,BS,재무상태표,파생상품부채,제 5 기,2024.12.31 현재,-,제 4 기,2023.12.31 현재,-,제 3 기,2022.12.31 현재,"17,568,157",50,KRW,2024
20250319000653,11011,2024,01519790,484870,OFS,재무제표,IS,손익계산서,당기순이익(손실),제 5 기,2024.01.01 ~ 2024.12.31,"26,964,425,031",제 4 기,2023.01.01 ~ 2023.12.31,"14,531,236,179",제 3 기,2022.01.01 ~ 2022.12.31,"12,419,335,635",62,KRW,2024
20250319000653,11011,2024,01519790,484870,OFS,재무제표,IS,손익계산서,총포괄손익,제 5 기,2024.01.01 ~ 2024.12.31,"26,979,673,877",제 4 기,2023.01.01 ~ 2023.12.31,"7,285,685,570",제 3 기,2022.01.01 ~ 2022.12.31,"15,352,884,714",64,KRW,2024
20250320000574,11011,2024,00968607,475560,CFS,연결재무제표,BS,재무상태표,유동자산,제 31 기,2024.12.31 현재,"263,881,963,406",제 30 기,2023.12.31 현재,"117,553,123,280",제 29 기,2022.12.31 현재,"76,102,570,209",1,KRW,2024
20250320000574,11011,2024,00968607,475560,CFS,연결재무제표,BS,재무상태표,비유동자산,제 31 기,2024.12.31 현재,"88,815,403,460",제 30 기,2023.12.31 현재,"90,828,168,899",제 29 기,2022.12.31 현재,"98,623,012,682",3,KRW,2024
20250320000574,11011,2024,00968607,475560,CFS,연결재무제표,BS,재무상태표,자산총계,제 31 기,2024.12.31 현재,"352,697,366,866",제 30 기,2023.12.31 현재,"208,381,292,179",제 29 기,2022.12.31 현재,"174,725,582,891",5,KRW,2024
20250320000574,11011,2024,00968607,475560,CFS,연결재무제표,BS,재무상태표,유동부채,제 31 기,2024.12.31 현재,"81,466,457,210",제 30 기,2023.12.31 현재,"61,437,707,169",제 29 기,2022.12.31 현재,"57,178,884,376",7,KRW,2024
20250320000574,11011,2024,00968607,475560,CFS,연결재무제표,BS,재무상태표,비유동부채,제 31 기,2024.12.31 현재,"3,643,124,284",제 30 기,2023.12.31 현재,"14,213,761,996",제 29 기,2022.12.31 현재,"12,588,439,096",9,KRW,2024
20250320000574,11011,2024,00968607,475560,CFS,연결재무제표,BS,재무상태표,부채총계,제 31 기,2024.12.31 현재,"85,109,581,494",제 30 기,2023.12.31 현재,"75,651,469,165",제 29 기,2022.12.31 현재,"69,767,323,472",11,KRW,2024
20250320000574,11011,2024,00968607,475560,CFS,연결재무제표,BS,재무상태표,자본금,제 31 기,2024.12.31 현재,"7,467,280,000",제 30 기,2023.12.31 현재,"2,049,725,000",제 29 기,2022.12.31 현재,"2,049,725,000",13,KRW,2024
20250320000574,11011,2024,00968607,475560,CFS,연결재무제표,BS,재무상태표,이익잉여금,제 31 기,2024.12.31 현재,"146,953,968,459",제 30 기,2023.12.31 현재,"115,898,534,691",제 29 기,2022.12.31 현재,"94,834,125,559",17,KRW,2024
20250320000574,11011,2024,00968607,475560,CFS,연결재무제표,BS,재무상태표,자본총계,제 31 기,2024.12.31 현재,"267,587,785,372",제 30 기,2023.12.31 현재,"132,729,823,014",제 29 기,2022.12.31 현재,"104,958,259,419",21,KRW,2024
20250320000574,11011,2024,00968607,475560,CFS,연결재무제표,IS,손익계산서,매출액,제 31 기,2024.01.01 ~ 2024.12.31,"464,151,201,512",제 30 기,2023.01.01 ~ 2023.12.31,"410,657,834,107",제 29 기,2022.01.01 ~ 2022.12.31,"282,176,937,237",23,KRW,2024
20250320000574,11011,2024,00968607,475560,CFS,연결재무제표,IS,손익계산서,영업이익,제 31 기,2024.01.01 ~ 2024.12.31,"36,023,906,701",제 30 기,2023.01.01 ~ 2023.12.31,"25,593,781,484",제 29 기,2022.01.01 ~ 2022.12.31,"25,760,053,583",25,KRW,2024
20250320000574,11011,2024,00968607,475560,CFS,연결재무제표,IS,손익계산서,법인세차감전 순이익,제 31 기,2024.01.01 ~ 2024.12.31,"39,281,842,061",제 30 기,2023.01.01 ~ 2023.12.31,"27,964,597,666",제 29 기,2022.01.01 ~ 2022.12.31,"20,597,146,902",27,KRW,2024
20250320000574,11011,2024,00968607,475560,CFS,연결재무제표,IS,손익계산서,당기순이익(손실),제 31 기,2024.01.01 ~ 2024.12.31,"30,992,599,183",제 30 기,2023.01.01 ~ 2023.12.31,"20,914,829,443",제 29 기,2022.01.01 ~ 2022.12.31,"15,959,544,523",29,KRW,2024
20250320000574,11011,2024,00968607,475560,CFS,연결재무제표,IS,손익계산서,당기순이익(손실),제 31 기,2024.01.01 ~ 2024.12.31,"30,992,599,183",제 30 기,2023.01.01 ~ 2023.12.31,"20,914,829,443",제 29 기,2022.01.01 ~ 2022.12.31,"15,959,544,523",61,KRW,2024
20250320000574,11011,2024,00968607,475560,CFS,연결재무제표,IS,손익계산서,총포괄손익,제 31 기,2024.01.01 ~ 2024.12.31,"32,013,174,182",제 30 기,2023.01.01 ~ 2023.12.31,"21,057,174,980",제 29 기,2022.01.01 ~ 2022.12.31,"15,860,879,655",63,KRW,2024
20250320000574,11011,2024,00968607,475560,OFS,재무제표,BS,재무상태표,유동자산,제 31 기,2024.12.31 현재,"251,318,922,261",제 30 기,2023.12.31 현재,"105,384,430,604",제 29 기,2022.12.31 현재,"65,823,302,288",2,KRW,2024
20250320000574,11011,2024,00968607,475560,OFS,재무제표,BS,재무상태표,비유동자산,제 31 기,2024.12.31 현재,"86,634,125,021",제 30 기,2023.12.31 현재,"88,209,733,492",제 29 기,2022.12.31 현재,"96,588,744,882",4,KRW,2024
20250320000574,11011,2024,00968607,475560,OFS,재무제표,BS,재무상태표,자산총계,제 31 기,2024.12.31 현재,"337,953,047,282",제 30 기,2023.12.31 현재,"193,594,164,096",제 29 기,2022.12.31 현재,"162,412,047,170",6,KRW,2024
20250320000574,11011,2024,00968607,475560,OFS,재무제표,BS,재무상태표,유동부채,제 31 기,2024.12.31 현재,"76,369,303,271",제 30 기,2023.12.31 현재,"55,325,260,107",제 29 기,2022.12.31 현재,"51,470,990,114",8,KRW,2024
20250320000574,11011,2024,00968607,475560,OFS,재무제표,BS,재무상태표,비유동부채,제 31 기,2024.12.31 현재,"3,412,183,374",제 30 기,2023.12.31 현재,"13,052,071,257",제 29 기,2022.12.31 현재,"10,919,802,774",10,KRW,2024
20250320000574,11011,2024,00968607,475560,OFS,재무제표,BS,재무상태표,부채총계,제 31 기,2024.12.31 현재,"79,781,486,645",제 30 기,2023.12.31 현재,"68,377,331,364",제 29 기,2022.12.31 현재,"62,390,792,888",12,KRW,2024
20250320000574,11011,2024,00968607,475560,OFS,재무제표,BS,재무상태표,자본금,제 31 기,2024.12.31 현재,"7,467,280,000",제 30 기,2023.12.31 현재,"2,049,725,000",제 29 기,2022.12.31 현재,"2,049,725,000",15,KRW,2024
20250320000574,11011,2024,00968607,475560,OFS,재무제표,BS,재무상태표,이익잉여금,제 31 기,2024.12.31 현재,"140,819,530,409",제 30 기,2023.12.31 현재,"110,637,364,120",제 29 기,2022.12.31 현재,"91,311,839,763",19,KRW,2024
20250320000574,11011,2024,00968607,475560,OFS,재무제표,BS,재무상태표,자본총계,제 31 기,2024.12.31 현재,"258,171,560,637",제 30 기,2023.12.31 현재,"125,216,832,732",제 29 기,2022.12.31 현재,"100,021,254,282",22,KRW,2024
20250320000574,11011,2024,00968607,475560,OFS,재무제표,IS,손익계산서,매출액,제 31 기,2024.01.01 ~ 2024.12.31,"441,853,061,880",제 30 기,2023.01.01 ~ 2023.12.31,"388,087,962,935",제 29 기,2022.01.01 ~ 2022.12.31,"263,286,183,935",24,KRW,2024
20250320000574,11011,2024,00968607,475560,OFS,재무제표,IS,손익계산서,영업이익,제 31 기,2024.01.01 ~ 2024.12.31,"34,614,914,561",제 30 기,2023.01.01 ~ 2023.12.31,"23,924,281,863",제 29 기,2022.01.01 ~ 2022.12.31,"23,337,874,815",26,KRW,2024
20250320000574,11011,2024,00968607,475560,OFS,재무제표,IS,손익계산서,법인세차감전 순이익,제 31 기,2024.01.01 ~ 2024.12.31,"37,981,739,590",제 30 기,2023.01.01 ~ 2023.12.31,"25,688,793,226",제 29 기,2022.01.01 ~ 2022.12.31,"18,461,968,769",28,KRW,2024
20250320000574,11011,2024,00968607,475560,OFS,재무제표,IS,손익계산서,당기순이익(손실),제 31 기,2024.01.01 ~ 2024.12.31,"30,182,166,289",제 30 기,2023.01.01 ~ 2023.12.31,"19,325,524,357",제 29 기,2022.01.01 ~ 2022.12.31,"14,260,047,857",30,KRW,2024
20250320000574,11011,2024,00968607,475560,OFS,재무제표,IS,손익계산서,당기순이익(손실),제 31 기,2024.01.01 ~ 2024.12.31,"30,182,166,289",제 30 기,2023.01.01 ~ 2023.12.31,"19,325,524,357",제 29 기,2022.01.01 ~ 2022.12.31,"14,260,047,857",62,KRW,2024
20250320000574,11011,2024,00968607,475560,OFS,재무제표,IS,손익계산서,총포괄손익,제 31 기,2024.01.01 ~ 2024.12.31,"30,182,166,289",제 30 기,2023.01.01 ~ 2023.12.31,"19,325,524,357",제 29 기,2022.01.01 ~ 2022.12.31,"14,260,047,857",64,KRW,2024
20250317000812,11011,2024,01867758,489790,CFS,연결재무제표,BS,재무상태표,유동자산,제 1 기,2024.12.31 현재,"996,234,441,988",,,-,,,-,1,KRW,2024
20250317000812,11011,2024,01867758,489790,CFS,연결재무제표,BS,재무상태표,비유동자산,제 1 기,2024.12.31 현재,"594,911,739,866",,,-,,,-,3,KRW,2024
20250317000812,11011,2024,01867758,489790,CFS,연결재무제표,BS,재무상태표,자산총계,제 1 기,2024.12.31 현재,"1,591,146,181,854",,,-,,,-,5,KRW,2024
20250317000812,11011,2024,01867758,489790,CFS,연결재무제표,BS,재무상태표,유동부채,제 1 기,2024.12.31 현재,"530,103,580,800",,,-,,,-,7,KRW,2024
20250317000812,11011,2024,01867758,489790,CFS,연결재무제표,BS,재무상태표,비유동부채,제 1 기,2024.12.31 현재,"236,315,827,317",,,-,,,-,9,KRW,2024
20250317000812,11011,2024,01867758,489790,CFS,연결재무제표,BS,재무상태표,부채총계,제 1 기,2024.12.31 현재,"766,419,408,117",,,-,,,-,11,KRW,2024
20250317000812,11011,2024,01867758,489790,CFS,연결재무제표,BS,재무상태표,자본금,제 1 기,2024.12.31 현재,"25,244,195,000",,,-,,,-,13,KRW,2024
20250317000812,11011,2024,01867758,489790,CFS,연결재무제표,BS,재무상태표,이익잉여금,제 1 기,2024.12.31 현재,"12,301,007,783",,,-,,,-,17,KRW,2024
20250317000812,11011,2024,01867758,489790,CFS,연결재무제표,BS,재무상태표,자본총계,제 1 기,2024.12.31 현재,"824,726,773,737",,,-,,,-,21,KRW,2024
20250317000812,11011,2024,01867758,489790,CFS,연결재무제표,IS,손익계산서,매출액,제 1 기,2024.09.01 ~ 2024.12.31,"493,322,362,934",,,-,,,-,23,KRW,2024
20250317000812,11011,2024,01867758,489790,CFS,연결재무제표,IS,손익계산서,영업이익,제 1 기,2024.09.01 ~ 2024.12.31,"-120,362,075",,,-,,,-,25,KRW,2024
20250317000812,11011,2024,01867758,489790,CFS,연결재무제표,IS,손익계산서,법인세차감전 순이익,제 1 기,2024.09.01 ~ 2024.12.31,"19,879,526,722",,,-,,,-,27,KRW,2024
20250317000812,11011,2024,01867758,489790,CFS,연결재무제표,IS,손익계산서,당기순이익(손실),제 1 기,2024.09.01 ~ 2024.12.31,"3,210,792,631",,,-,,,-,29,KRW,2024
20250317000812,11011,2024,01867758,489790,CFS,연결재무제표,IS,손익계산서,당기순이익(손실),제 1 기,2024.09.01 ~ 2024.12.31,"3,210,792,631",,,-,,,-,61,KRW,2024
20250317000812,11011,2024,01867758,489790,CFS,연결재무제표,IS,손익계산서,총포괄손익,제 1 기,2024.09.01 ~ 2024.12.31,"20,979,671,123",,,-,,,-,63,KRW,2024
20250317000812,11011,2024,01867758,489790,OFS,재무제표,BS,재무상태표,유동자산,제 1 기,2024.12.31 현재,"15,209,514,328",,,-,,,-,2,KRW,2024
20250317000812,11011,2024,01867758,489790,OFS,재무제표,BS,재무상태표,비유동자산,제 1 기,2024.12.31 현재,"520,488,758,851",,,-,,,-,4,KRW,2024
20250317000812,11011,2024,01867758,489790,OFS,재무제표,BS,재무상태표,자산총계,제 1 기,2024.12.31 현재,"535,698,273,179",,,-,,,-,6,KRW,2024
20250317000812,11011,2024,01867758,489790,OFS,재무제표,BS,재무상태표,유동부채,제 1 기,2024.12.31 현재,"1,326,103,550",,,-,,,-,8,KRW,2024
20250317000812,11011,2024,01867758,489790,OFS,재무제표,BS,재무상태표,비유동부채,제 1 기,2024.12.31 현재,"14,973,979,294",,,-,,,-,10,KRW,2024
20250317000812,11011,2024,01867758,489790,OFS,재무제표,BS,재무상태표,부채총계,제 1 기,2024.12.31 현재,"16,300,082,844",,,-,,,-,12,KRW,2024
20250317000812,11011,2024,01867758,489790,OFS,재무제표,BS,재무상태표,자본금,제 1 기,2024.12.31 현재,"25,244,195,000",,,-,,,-,15,KRW,2024
20250317000812,11011,2024,01867758,489790,OFS,재무제표,BS,재무상태표,이익잉여금,제 1 기,2024.12.31 현재,"-1,981,018,756",,,-,,,-,19,KRW,2024
20250317000812,11011,2024,01867758,489790,OFS,재무제표,BS,재무상태표,자본총계,제 1 기,2024.12.31 현재,"519,398,190,335",,,-,,,-,22,KRW,2024
20250317000812,11011,2024,01867758,489790,OFS,재무제표,IS,손익계산서,매출액,제 1 기,2024.09.01 ~ 2024.12.31,0,,,-,,,-,24,KRW,2024
20250317000812,11011,2024,01867758,489790,OFS,재무제표,IS,손익계산서,영업이익,제 1 기,2024.09.01 ~ 2024.12.31,"-2,202,929,150",,,-,,,-,26,KRW,2024
20250317000812,11011,2024,01867758,489790,OFS,재무제표,IS,손익계산서,법인세차감전 순이익,제 1 기,2024.09.01 ~ 2024.12.31,"-2,192,668,120",,,-,,,-,28,KRW,2024
20250317000812,11011,2024,01867758,489790,OFS,재무제표,IS,손익계산서,당기순이익(손실),제 1 기,2024.09.01 ~ 2024.12.31,"-1,981,018,756",,,-,,,-,30,KRW,2024
20250317000812,11011,2024,01867758,489790,OFS,재무제표,IS,손익계산서,당기순이익(손실),제 1 기,2024.09.01 ~ 2024.12.31,"-1,981,018,756",,,-,,,-,62,KRW,2024
20250317000812,11011,2024,01867758,489790,OFS,재무제표,IS,손익계산서,총포괄손익,제 1 기,2024.09.01 ~ 2024.12.31,"-1,981,018,756",,,-,,,-,64,KRW,2024
20250317000812,11011,2024,01867758,489790,OFS,재무제표,IS,손익계산서,영업비용,제 1 기,2024.09.01 ~ 2024.12.31,"2,202,929,150",,,-,,,-,66,KRW,2024
20250317000567,11011,2024,00372129,079900,CFS,연결재무제표,BS,재무상태표,유동자산,제 26 기,2024.12.31 현재,"160,248,199,462",제 25 기,2023.12.31 현재,"107,095,285,404",제 24 기,2022.12.31 현재,"92,598,515,675",1,KRW,2024
20250317000567,11011,2024,00372129,079900,CFS,연결재무제표,BS,재무상태표,비유동자산,제 26 기,2024.12.31 현재,"58,988,128,444",제 25 기,2023.12.31 현재,"51,221,213,258",제 24 기,2022.12.31 현재,"50,163,372,043",3,KRW,2024
20250317000567,11011,2024,00372129,079900,CFS,연결재무제표,BS,재무상태표,자산총계,제 26 기,2024.12.31 현재,"219,236,327,906",제 25 기,2023.12.31 현재,"158,316,498,662",제 24 기,2022.12.31 현재,"142,761,887,718",5,KRW,2024
20250317000567,11011,2024,00372129,079900,CFS,연결재무제표,BS,재무상태표,유동부채,제 26 기,2024.12.31 현재,"62,139,938,871",제 25 기,2023.12.31 현재,"52,221,362,238",제 24 기,2022.12.31 현재,"39,513,894,536",7,KRW,2024
20250317000567,11011,2024,00372129,079900,CFS,연결재무제표,BS,재무상태표,비유동부채,제 26 기,2024.12.31 현재,"2,698,496,533",제 25 기,2023.12.31 현재,"1,703,989,217",제 24 기,2022.12.31 현재,"10,370,772,422",9,KRW,2024
20250317000567,11011,2024,00372129,079900,CFS,연결재무제표,BS,재무상태표,부채총계,제 26 기,2024.12.31 현재,"64,838,435,404",제 25 기,2023.12.31 현재,"53,925,351,455",제 24 기,2022.12.31 현재,"49,884,666,958",11,KRW,2024
20250317000567,11011,2024,00372129,079900,CFS,연결재무제표,BS,재무상태표,자본금,제 26 기,2024.12.31 현재,"8,774,543,000",제 25 기,2023.12.31 현재,"5,336,612,000",제 24 기,2022.12.31 현재,"5,336,612,000",13,KRW,2024
20250317000567,11011,2024,00372129,079900,CFS,연결재무제표,BS,재무상태표,이익잉여금,제 26 기,2024.12.31 현재,"104,746,214,841",제 25 기,2023.12.31 현재,"80,774,835,354",제 24 기,2022.12.31 현재,"68,769,176,989",17,KRW,2024
20250317000567,11011,2024,00372129,079900,CFS,연결재무제표,BS,재무상태표,자본총계,제 26 기,2024.12.31 현재,"154,397,892,502",제 25 기,2023.12.31 현재,"104,391,147,207",제 24 기,2022.12.31 현재,"92,877,220,760",21,KRW,2024
20250317000567,11011,2024,00372129,079900,CFS,연결재무제표,IS,손익계산서,매출액,제 26 기,2024.01.01 ~ 2024.12.31,"169,785,980,240",제 25 기,2023.01.01 ~ 2023.12.31,"158,370,290,546",제 24 기,2022.01.01 ~ 2022.12.31,"141,320,573,291",23,KRW,2024
20250317000567,11011,2024,00372129,079900,CFS,연결재무제표,IS,손익계산서,영업이익,제 26 기,2024.01.01 ~ 2024.12.31,"31,345,210,502",제 25 기,2023.01.01 ~ 2023.12.31,"32,904,822,481",제 24 기,2022.01.01 ~ 2022.12.31,"27,923,920,818",25,KRW,2024
20250317000567,11011,2024,00372129,079900,CFS,연결재무제표,IS,손익계산서,법인세차감전 순이익,제 26 기,2024.01.01 ~ 2024.12.31,"39,421,995,438",제 25 기,2023.01.01 ~ 2023.12.31,"36,561,956,425",제 24 기,2022.01.01 ~ 2022.12.31,"29,703,030,582",27,KRW,2024
20250317000567,11011,2024,00372129,079900,CFS,연결재무제표,IS,손익계산서,당기순이익(손실),제 26 기,2024.01.01 ~ 2024.12.31,"31,404,637,943",제 25 기,2023.01.01 ~ 2023.12.31,"28,947,782,333",제 24 기,2022.01.01 ~ 2022.12.31,"23,329,941,303",29,KRW,2024
20250317000567,11011,2024,00372129,079900,CFS,연결재무제표,IS,손익계산서,당기순이익(손실),제 26 기,2024.01.01 ~ 2024.12.31,"31,404,637,943",제 25 기,2023.01.01 ~ 2023.12.31,"28,947,782,333",제 24 기,2022.01.01 ~ 2022.12.31,"23,329,941,303",61,KRW,2024
20250317000567,11011,2024,00372129,079900,CFS,연결재무제표,IS,손익계산서,총포괄손익,제 26 기,2024.01.01 ~ 2024.12.31,"33,703,959,116",제 25 기,2023.01.01 ~ 2023.12.31,"28,456,050,415",제 24 기,2022.01.01 ~ 2022.12.31,"24,316,574,972",63,KRW,2024
20250317000567,11011,2024,00372129,079900,OFS,재무제표,BS,재무상태표,유동자산,제 26 기,2024.12.31 현재,"144,669,164,303",제 25 기,2023.12.31 현재,"105,848,225,903",제 24 기,2022.12.31 현재,"91,412,519,100",2,KRW,2024
20250317000567,11011,2024,00372129,079900,OFS,재무제표,BS,재무상태표,비유동자산,제 26 기,2024.12.31 현재,"59,488,732,864",제 25 기,2023.12.31 현재,"51,735,208,271",제 24 기,2022.12.31 현재,"50,677,221,333",4,KRW,2024
20250317000567,11011,2024,00372129,079900,OFS,재무제표,BS,재무상태표,자산총계,제 26 기,2024.12.31 현재,"204,157,897,167",제 25 기,2023.12.31 현재,"157,583,434,174",제 24 기,2022.12.31 현재,"142,089,740,433",6,KRW,2024
20250317000567,11011,2024,00372129,079900,OFS,재무제표,BS,재무상태표,유동부채,제 26 기,2024.12.31 현재,"51,326,048,432",제 25 기,2023.12.31 현재,"52,045,941,114",제 24 기,2022.12.31 현재,"39,385,885,763",8,KRW,2024
20250317000567,11011,2024,00372129,079900,OFS,재무제표,BS,재무상태표,비유동부채,제 26 기,2024.12.31 현재,"2,586,262,632",제 25 기,2023.12.31 현재,"1,703,989,217",제 24 기,2022.12.31 현재,"10,370,772,422",10,KRW,2024
20250317000567,11011,2024,00372129,079900,OFS,재무제표,BS,재무상태표,부채총계,제 26 기,2024.12.31 현재,"53,912,311,064",제 25 기,2023.12.31 현재,"53,749,930,331",제 24 기,2022.12.31 현재,"49,756,658,185",12,KRW,2024
20250317000567,11011,2024,00372129,079900,OFS,재무제표,BS,재무상태표,자본금,제 26 기,2024.12.31 현재,"8,774,543,000",제 25 기,2023.12.31 현재,"5,336,612,000",제 24 기,2022.12.31 현재,"5,336,612,000",15,KRW,2024
20250317000567,11011,2024,00372129,079900,OFS,재무제표,BS,재무상태표,이익잉여금,제 26 기,2024.12.31 현재,"89,467,482,778",제 25 기,2023.12.31 현재,"65,930,746,357",제 24 기,2022.12.31 현재,"53,939,793,264",19,KRW,2024
20250317000567,11011,2024,00372129,079900,OFS,재무제표,BS,재무상태표,자본총계,제 26 기,2024.12.31 현재,"150,245,586,103",제 25 기,2023.12.31 현재,"103,833,503,843",제 24 기,2022.12.31 현재,"92,333,082,248",22,KRW,2024
20250317000567,11011,2024,00372129,079900,OFS,재무제표,IS,손익계산서,매출액,제 26 기,2024.01.01 ~ 2024.12.31,"165,962,987,643",제 25 기,2023.01.01 ~ 2023.12.31,"158,079,710,420",제 24 기,2022.01.01 ~ 2022.12.31,"140,965,940,782",24,KRW,2024
20250317000567,11011,2024,00372129,079900,OFS,재무제표,IS,손익계산서,영업이익,제 26 기,2024.01.01 ~ 2024.12.31,"31,036,656,912",제 25 기,2023.01.01 ~ 2023.12.31,"32,920,653,826",제 24 기,2022.01.01 ~ 2022.12.31,"27,819,334,127",26,KRW,2024
20250317000567,11011,2024,00372129,079900,OFS,재무제표,IS,손익계산서,법인세차감전 순이익,제 26 기,2024.01.01 ~ 2024.12.31,"38,936,105,621",제 25 기,2023.01.01 ~ 2023.12.31,"36,547,517,184",제 24 기,2022.01.01 ~ 2022.12.31,"29,605,088,238",28,KRW,2024
20250317000567,11011,2024,00372129,079900,OFS,재무제표,IS,손익계산서,당기순이익(손실),제 26 기,2024.01.01 ~ 2024.12.31,"30,907,660,485",제 25 기,2023.01.01 ~ 2023.12.31,"28,933,077,061",제 24 기,2022.01.01 ~ 2022.12.31,"23,233,699,313",30,KRW,2024
20250317000567,11011,2024,00372129,079900,OFS,재무제표,IS,손익계산서,당기순이익(손실),제 26 기,2024.01.01 ~ 2024.12.31,"30,907,660,485",제 25 기,2023.01.01 ~ 2023.12.31,"28,933,077,061",제 24 기,2022.01.01 ~ 2022.12.31,"23,233,699,313",62,KRW,2024
20250317000567,11011,2024,00372129,079900,OFS,재무제표,IS,손익계산서,총포괄손익,제 26 기,2024.01.01 ~ 2024.12.31,"33,155,492,360",제 25 기,2023.01.01 ~ 2023.12.31,"28,442,545,563",제 24 기,2022.01.01 ~ 2022.12.31,"24,229,038,835",64,KRW,2024
20250328001583,11011,2024,00366438,062040,OFS,재무제표,BS,재무상태표,유동자산,제 31 기,2024.12.31 현재,"305,188,896,644",제 30 기,2023.12.31 현재,"103,258,072,584",제 29 기,2022.12.31 현재,"73,096,852,401",2,KRW,2024
20250328001583,11011,2024,00366438,062040,OFS,재무제표,BS,재무상태표,비유동자산,제 31 기,2024.12.31 현재,"187,485,301,863",제 30 기,2023.12.31 현재,"88,044,191,842",제 29 기,2022.12.31 현재,"58,881,510,093",4,KRW,2024
20250328001583,11011,2024,00366438,062040,OFS,재무제표,BS,재무상태표,자산총계,제 31 기,2024.12.31 현재,"492,674,198,507",제 30 기,2023.12.31 현재,"191,302,264,426",제 29 기,2022.12.31 현재,"131,978,362,494",6,KRW,2024
20250328001583,11011,2024,00366438,062040,OFS,재무제표,BS,재무상태표,유동부채,제 31 기,2024.12.31 현재,"52,564,399,265",제 30 기,2023.12.31 현재,"52,921,440,520",제 29 기,2022.12.31 현재,"76,963,418,364",8,KRW,2024
20250328001583,11011,2024,00366438,062040,OFS,재무제표,BS,재무상태표,비유동부채,제 31 기,2024.12.31 현재,"5,867,912,004",제 30 기,2023.12.31 현재,"12,474,917,520",제 29 기,2022.12.31 현재,"11,253,578,250",10,KRW,2024
20250328001583,11011,2024,00366438,062040,OFS,재무제표,BS,재무상태표,부채총계,제 31 기,2024.12.31 현재,"58,432,311,269",제 30 기,2023.12.31 현재,"65,396,358,040",제 29 기,2022.12.31 현재,"88,216,996,614",12,KRW,2024
20250328001583,11011,2024,00366438,062040,OFS,재무제표,BS,재무상태표,자본금,제 31 기,2024.12.31 현재,"15,222,600,000",제 30 기,2023.12.31 현재,"2,394,520,000",제 29 기,2022.12.31 현재,"2,132,990,000",15,KRW,2024
20250328001583,11011,2024,00366438,062040,OFS,재무제표,BS,재무상태표,이익잉여금,제 31 기,2024.12.31 현재,"147,861,382,505",제 30 기,2023.12.31 현재,"69,543,656,397",제 29 기,2022.12.31 현재,"31,267,872,381",19,KRW,2024
20250328001583,11011,2024,00366438,062040,OFS,재무제표,BS,재무상태표,자본총계,제 31 기,2024.12.31 현재,"434,241,887,238",제 30 기,2023.12.31 현재,"125,905,906,386",제 29 기,2022.12.31 현재,"43,761,365,880",22,KRW,2024
20250328001583,11011,2024,00366438,062040,OFS,재무제표,IS,손익계산서,매출액,제 31 기,2024.01.01 ~ 2024.12.31,"333,996,550,771",제 30 기,2023.01.01 ~ 2023.12.31,"214,537,829,766",제 29 기,2022.01.01 ~ 2022.12.31,"107,674,107,439",24,KRW,2024
20250328001583,11011,2024,00366438,062040,OFS,재무제표,IS,손익계산서,영업이익,제 31 기,2024.01.01 ~ 2024.12.31,"109,231,906,505",제 30 기,2023.01.01 ~ 2023.12.31,"46,604,557,786",제 29 기,2022.01.01 ~ 2022.12.31,"12,183,036,623",26,KRW,2024
20250328001583,11011,2024,00366438,062040,OFS,재무제표,IS,손익계산서,법인세차감전 순이익,제 31 기,2024.01.01 ~ 2024.12.31,"105,330,818,491",제 30 기,2023.01.01 ~ 2023.12.31,"48,114,235,893",제 29 기,2022.01.01 ~ 2022.12.31,"4,570,315,434",28,KRW,2024
20250328001583,11011,2024,00366438,062040,OFS,재무제표,IS,손익계산서,당기순이익(손실),제 31 기,2024.01.01 ~ 2024.12.31,"83,676,177,904",제 30 기,2023.01.01 ~ 2023.12.31,"39,051,131,678",제 29 기,2022.01.01 ~ 2022.12.31,"4,108,350,834",30,KRW,2024
20250328001583,11011,2024,00366438,062040,OFS,재무제표,BS,재무상태표,당기손익-공정가치측정금융자산,제 31 기,2024.12.31 현재,"28,053,354,047",제 30 기,2023.12.31 현재,-,제 29 기,2022.12.31 현재,-,36,KRW,2024
20250328001583,11011,2024,00366438,062040,OFS,재무제표,BS,재무상태표,상각후원가측정금융자산,제 31 기,2024.12.31 현재,"5,016,955,301",제 30 기,2023.12.31 현재,-,제 29 기,2022.12.31 현재,-,40,KRW,2024
20250328001583,11011,2024,00366438,062040,OFS,재무제표,IS,손익계산서,당기순이익(손실),제 31 기,2024.01.01 ~ 2024.12.31,"83,676,177,904",제 30 기,2023.01.01 ~ 2023.12.31,"39,051,131,678",제 29 기,2022.01.01 ~ 2022.12.31,"4,108,350,834",62,KRW,2024
20250328001583,11011,2024,00366438,062040,OFS,재무제표,IS,손익계산서,총포괄손익,제 31 기,2024.01.01 ~ 2024.12.31,"82,853,904,796",제 30 기,2023.01.01 ~ 2023.12.31,"51,777,869,788",제 29 기,2022.01.01 ~ 2022.12.31,"4,219,733,068",64,KRW,2024
20250319000952,11011,2024,01384787,462870,OFS,재무제표,BS,재무상태표,유동자산,제 12 기,2024.12.31 현재,"768,171,881,980",제 11 기,2023.12.31 현재,"177,200,980,837",제 10 기,2022.12.31 현재,"69,208,558,342",2,KRW,2024
20250319000952,11011,2024,01384787,462870,OFS,재무제표,BS,재무상태표,비유동자산,제 12 기,2024.12.31 현재,"35,660,027,909",제 11 기,2023.12.31 현재,"26,717,121,628",제 10 기,2022.12.31 현재,"22,695,630,901",4,KRW,2024
20250319000952,11011,2024,01384787,462870,OFS,재무제표,BS,재무상태표,자산총계,제 12 기,2024.12.31 현재,"803,831,909,889",제 11 기,2023.12.31 현재,"203,918,102,465",제 10 기,2022.12.31 현재,"91,904,189,243",6,KRW,2024
20250319000952,11011,2024,01384787,462870,OFS,재무제표,BS,재무상태표,유동부채,제 12 기,2024.12.31 현재,"28,585,967,115",제 11 기,2023.12.31 현재,"11,198,987,853",제 10 기,2022.12.31 현재,"40,272,032,507",8,KRW,2024
20250319000952,11011,2024,01384787,462870,OFS,재무제표,BS,재무상태표,비유동부채,제 12 기,2024.12.31 현재,"10,841,807,169",제 11 기,2023.12.31 현재,"11,660,829,867",제 10 기,2022.12.31 현재,"17,512,013,838",10,KRW,2024
20250319000952,11011,2024,01384787,462870,OFS,재무제표,BS,재무상태표,부채총계,제 12 기,2024.12.31 현재,"39,427,774,284",제 11 기,2023.12.31 현재,"22,859,817,720",제 10 기,2022.12.31 현재,"57,784,046,345",12,KRW,2024
20250319000952,11011,2024,01384787,462870,OFS,재무제표,BS,재무상태표,자본금,제 12 기,2024.12.31 현재,"11,666,944,000",제 11 기,2023.12.31 현재,"9,916,152,000",제 10 기,2022.12.31 현재,"741,464,500",15,KRW,2024
20250319000952,11011,2024,01384787,462870,OFS,재무제표,BS,재무상태표,이익잉여금,제 12 기,2024.12.31 현재,"219,070,685,362",제 11 기,2023.12.31 현재,"71,097,412,670",제 10 기,2022.12.31 현재,"-35,593,165,649",19,KRW,2024
20250319000952,11011,2024,01384787,462870,OFS,재무제표,BS,재무상태표,자본총계,제 12 기,2024.12.31 현재,"764,404,135,605",제 11 기,2023.12.31 현재,"181,058,284,745",제 10 기,2022.12.31 현재,"34,120,142,898",22,KRW,2024
20250319000952,11011,2024,01384787,462870,OFS,재무제표,IS,손익계산서,매출액,제 12 기,2024.01.01 ~ 2024.12.31,"224,084,645,616",제 11 기,2023.01.01 ~ 2023.12.31,"168,594,168,364",제 10 기,2022.01.01 ~ 2022.12.31,"66,072,853,795",24,KRW,2024
20250319000952,11011,2024,01384787,462870,OFS,재무제표,IS,손익계산서,영업이익,제 12 기,2024.01.01 ~ 2024.12.31,"152,676,273,166",제 11 기,2023.01.01 ~ 2023.12.31,"111,062,581,629",제 10 기,2022.01.01 ~ 2022.12.31,"18,263,783,353",26,KRW,2024
20250319000952,11011,2024,01384787,462870,OFS,재무제표,IS,손익계산서,법인세차감전 순이익,제 12 기,2024.01.01 ~ 2024.12.31,"178,788,681,976",제 11 기,2023.01.01 ~ 2023.12.31,"114,349,287,458",제 10 기,2022.01.01 ~ 2022.12.31,"-3,340,342,367",28,KRW,2024
20250319000952,11011,2024,01384787,462870,OFS,재무제표,IS,손익계산서,당기순이익(손실),제 12 기,2024.01.01 ~ 2024.12.31,"147,973,272,692",제 11 기,2023.01.01 ~ 2023.12.31,"106,690,578,319",제 10 기,2022.01.01 ~ 2022.12.31,"-7,133,151,988",30,KRW,2024
20250319000952,11011,2024,01384787,462870,OFS,재무제표,IS,손익계산서,당기순이익(손실),제 12 기,2024.01.01 ~ 2024.12.31,"147,973,272,692",제 11 기,2023.01.01 ~ 2023.12.31,"106,690,578,319",제 10 기,2022.01.01 ~ 2022.12.31,"-7,133,151,988",62,KRW,2024
20250319000952,11011,2024,01384787,462870,OFS,재무제표,IS,손익계산서,총포괄손익,제 12 기,2024.01.01 ~ 2024.12.31,"147,975,285,501",제 11 기,2023.01.01 ~ 2023.12.31,"106,619,127,401",제 10 기,2022.01.01 ~ 2022.12.31,"-7,111,914,119",64,KRW,2024
20250319000952,11011,2024,01384787,462870,OFS,재무제표,IS,손익계산서,영업비용,제 12 기,2024.01.01 ~ 2024.12.31,"71,408,372,450",제 11 기,2023.01.01 ~ 2023.12.31,"57,531,586,735",제 10 기,2022.01.01 ~ 2022.12.31,"47,809,070,442",66,KRW,2024
20190329004010,11011,2018,00171265,034230,CFS,연결재무제표,BS,재무상태표,유동자산,제 48 기,2018.12.31 현재,"327,545,212,242",제 47 기,2017.12.31 현재,"344,658,525,309",제 46 기,2016.12.31 현재,"491,982,014,229",1,KRW,2018
20190329004010,11011,2018,00171265,034230,CFS,연결재무제표,BS,재무상태표,비유동자산,제 48 기,2018.12.31 현재,"2,823,222,194,286",제 47 기,2017.12.31 현재,"2,090,665,466,337",제 46 기,2016.12.31 현재,"1,816,036,629,077",3,KRW,2018
20190329004010,11011,2018,00171265,034230,CFS,연결재무제표,BS,재무상태표,자산총계,제 48 기,2018.12.31 현재,"3,150,767,406,528",제 47 기,2017.12.31 현재,"2,435,323,991,646",제 46 기,2016.12.31 현재,"2,308,018,643,306",5,KRW,2018
20190329004010,11011,2018,00171265,034230,CFS,연결재무제표,BS,재무상태표,유동부채,제 48 기,2018.12.31 현재,"421,768,555,471",제 47 기,2017.12.31 현재,"252,631,886,497",제 46 기,2016.12.31 현재,"289,949,145,220",7,KRW,2018
20190329004010,11011,2018,00171265,034230,CFS,연결재무제표,BS,재무상태표,비유동부채,제 48 기,2018.12.31 현재,"1,102,907,118,680",제 47 기,2017.12.31 현재,"889,353,217,989",제 46 기,2016.12.31 현재,"708,403,992,108",9,KRW,2018
20190329004010,11011,2018,00171265,034230,CFS,연결재무제표,BS,재무상태표,부채총계,제 48 기,2018.12.31 현재,"1,524,675,674,151",제 47 기,2017.12.31 현재,"1,141,985,104,486",제 46 기,2016.12.31 현재,"998,353,137,328",11,KRW,2018
20190329004010,11011,2018,00171265,034230,CFS,연결재무제표,BS,재무상태표,자본금,제 48 기,2018.12.31 현재,"47,032,355,000",제 47 기,2017.12.31 현재,"47,032,355,000",제 46 기,2016.12.31 현재,"47,032,355,000",13,KRW,2018
20190329004010,11011,2018,00171265,034230,CFS,연결재무제표,BS,재무상태표,이익잉여금,제 48 기,2018.12.31 현재,"643,171,217,392",제 47 기,2017.12.31 현재,"680,107,279,346",제 46 기,2016.12.31 현재,"726,949,182,043",17,KRW,2018
20190329004010,11011,2018,00171265,034230,CFS,연결재무제표,BS,재무상태표,자본총계,제 48 기,2018.12.31 현재,"1,626,091,732,377",제 47 기,2017.12.31 현재,"1,293,338,887,160",제 46 기,2016.12.31 현재,"1,309,665,505,978",21,KRW,2018
20190329004010,11011,2018,00171265,034230,CFS,연결재무제표,IS,손익계산서,매출액,제 48 기,2018.01.01 ~ 2018.12.31,"787,616,484,264",제 47 기,2017.01.01 ~ 2017.12.31,"668,041,930,489",제 46 기,2016.01.01 ~ 2016.12.31,"694,856,269,443",23,KRW,2018
20190329004010,11011,2018,00171265,034230,CFS,연결재무제표,IS,손익계산서,영업이익,제 48 기,2018.01.01 ~ 2018.12.31,"2,407,781,942",제 47 기,2017.01.01 ~ 2017.12.31,"-29,952,294,408",제 46 기,2016.01.01 ~ 2016.12.31,"65,785,845,041",25,KRW,2018
20190329004010,11011,2018,00171265,034230,CFS,연결재무제표,IS,손익계산서,법인세차감전 순이익,제 48 기,2018.01.01 ~ 2018.12.31,"-42,870,095,019",제 47 기,2017.01.01 ~ 2017.12.31,"-33,508,413,449",제 46 기,2016.01.01 ~ 2016.12.31,"75,448,763,354",27,KRW,2018
20190329004010,11011,2018,00171265,034230,CFS,연결재무제표,IS,손익계산서,당기순이익(손실),제 48 기,2018.01.01 ~ 2018.12.31,"-44,147,197,621",제 47 기,2017.01.01 ~ 2017.12.31,"-39,852,527,562",제 46 기,2016.01.01 ~ 2016.12.31,"57,622,077,994",29,KRW,2018
20190329004010,11011,2018,00171265,034230,CFS,연결재무제표,IS,손익계산서,당기순이익(손실),제 48 기,2018.01.01 ~ 2018.12.31,"-44,147,197,621",제 47 기,2017.01.01 ~ 2017.12.31,"-39,852,527,562",제 46 기,2016.01.01 ~ 2016.12.31,"57,622,077,994",61,KRW,2018
20190329004010,11011,2018,00171265,034230,OFS,재무제표,BS,재무상태표,유동자산,제 48 기,2018.12.31 현재,"162,403,527,140",제 47 기,2017.12.31 현재,"130,474,264,584",제 46 기,2016.12.31 현재,"187,414,978,789",2,KRW,2018
20190329004010,11011,2018,00171265,034230,OFS,재무제표,BS,재무상태표,비유동자산,제 48 기,2018.12.31 현재,"1,338,362,542,057",제 47 기,2017.12.31 현재,"1,079,682,722,592",제 46 기,2016.12.31 현재,"995,698,586,704",4,KRW,2018
20190329004010,11011,2018,00171265,034230,OFS,재무제표,BS,재무상태표,자산총계,제 48 기,2018.12.31 현재,"1,500,766,069,197",제 47 기,2017.12.31 현재,"1,210,156,987,176",제 46 기,2016.12.31 현재,"1,183,113,565,493",6,KRW,2018
20190329004010,11011,2018,00171265,034230,OFS,재무제표,BS,재무상태표,유동부채,제 48 기,2018.12.31 현재,"184,024,308,985",제 47 기,2017.12.31 현재,"124,162,738,045",제 46 기,2016.12.31 현재,"169,478,993,944",8,KRW,2018
20190329004010,11011,2018,00171265,034230,OFS,재무제표,BS,재무상태표,비유동부채,제 48 기,2018.12.31 현재,"228,474,345,193",제 47 기,2017.12.31 현재,"151,825,658,529",제 46 기,2016.12.31 현재,"58,228,893,660",10,KRW,2018
20190329004010,11011,2018,00171265,034230,OFS,재무제표,BS,재무상태표,부채총계,제 48 기,2018.12.31 현재,"412,498,654,178",제 47 기,2017.12.31 현재,"275,988,396,574",제 46 기,2016.12.31 현재,"227,707,887,604",12,KRW,2018
20190329004010,11011,2018,00171265,034230,OFS,재무제표,BS,재무상태표,자본금,제 48 기,2018.12.31 현재,"47,032,355,000",제 47 기,2017.12.31 현재,"47,032,355,000",제 46 기,2016.12.31 현재,"47,032,355,000",15,KRW,2018
20190329004010,11011,2018,00171265,034230,OFS,재무제표,BS,재무상태표,이익잉여금,제 48 기,2018.12.31 현재,"635,535,271,957",제 47 기,2017.12.31 현재,"642,175,243,270",제 46 기,2016.12.31 현재,"662,171,612,998",19,KRW,2018
20190329004010,11011,2018,00171265,034230,OFS,재무제표,BS,재무상태표,자본총계,제 48 기,2018.12.31 현재,"1,088,267,415,019",제 47 기,2017.12.31 현재,"934,168,590,602",제 46 기,2016.12.31 현재,"955,405,677,889",22,KRW,2018
20190329004010,11011,2018,00171265,034230,OFS,재무제표,IS,손익계산서,매출액,제 48 기,2018.01.01 ~ 2018.12.31,"403,766,411,249",제 47 기,2017.01.01 ~ 2017.12.31,"391,971,788,238",제 46 기,2016.01.01 ~ 2016.12.31,"520,751,139,913",24,KRW,2018
20190329004010,11011,2018,00171265,034230,OFS,재무제표,IS,손익계산서,영업이익,제 48 기,2018.01.01 ~ 2018.12.31,"15,438,315,236",제 47 기,2017.01.01 ~ 2017.12.31,"-2,395,160,408",제 46 기,2016.01.01 ~ 2016.12.31,"54,457,314,953",26,KRW,2018
20190329004010,11011,2018,00171265,034230,OFS,재무제표,IS,손익계산서,법인세차감전 순이익,제 48 기,2018.01.01 ~ 2018.12.31,"8,231,561,652",제 47 기,2017.01.01 ~ 2017.12.31,"13,866,510,275",제 46 기,2016.01.01 ~ 2016.12.31,"63,323,264,388",28,KRW,2018
20190329004010,11011,2018,00171265,034230,OFS,재무제표,IS,손익계산서,당기순이익(손실),제 48 기,2018.01.01 ~ 2018.12.31,"8,079,401,846",제 47 기,2017.01.01 ~ 2017.12.31,"7,302,899,761",제 46 기,2016.01.01 ~ 2016.12.31,"48,591,929,795",30,KRW,2018
20190329004010,11011,2018,00171265,034230,OFS,재무제표,IS,손익계산서,당기순이익(손실),제 48 기,2018.01.01 ~ 2018.12.31,"8,079,401,846",제 47 기,2017.01.01 ~ 2017.12.31,"7,302,899,761",제 46 기,2016.01.01 ~ 2016.12.31,"48,591,929,795",62,KRW,2018
20200330001372,11011,2019,00171265,034230,CFS,연결재무제표,BS,재무상태표,유동자산,제 49 기,2019.12.31 현재,"498,624,595,905",제 48 기,2018.12.31 현재,"327,545,212,242",제 47 기,2017.12.31 현재,"344,658,525,309",1,KRW,2019
20200330001372,11011,2019,00171265,034230,CFS,연결재무제표,BS,재무상태표,비유동자산,제 49 기,2019.12.31 현재,"2,938,157,892,016",제 48 기,2018.12.31 현재,"2,823,222,194,286",제 47 기,2017.12.31 현재,"2,090,665,466,337",3,KRW,2019
20200330001372,11011,2019,00171265,034230,CFS,연결재무제표,BS,재무상태표,자산총계,제 49 기,2019.12.31 현재,"3,470,353,602,407",제 48 기,2018.12.31 현재,"3,150,767,406,528",제 47 기,2017.12.31 현재,"2,435,323,991,646",5,KRW,2019
20200330001372,11011,2019,00171265,034230,CFS,연결재무제표,BS,재무상태표,유동부채,제 49 기,2019.12.31 현재,"632,416,773,041",제 48 기,2018.12.31 현재,"421,768,555,471",제 47 기,2017.12.31 현재,"252,631,886,497",7,KRW,2019
20200330001372,11011,2019,00171265,034230,CFS,연결재무제표,BS,재무상태표,비유동부채,제 49 기,2019.12.31 현재,"1,233,734,248,713",제 48 기,2018.12.31 현재,"1,102,907,118,680",제 47 기,2017.12.31 현재,"889,353,217,989",9,KRW,2019
20200330001372,11011,2019,00171265,034230,CFS,연결재무제표,BS,재무상태표,부채총계,제 49 기,2019.12.31 현재,"1,866,151,021,754",제 48 기,2018.12.31 현재,"1,524,675,674,151",제 47 기,2017.12.31 현재,"1,141,985,104,486",11,KRW,2019
20200330001372,11011,2019,00171265,034230,CFS,연결재무제표,BS,재무상태표,자본금,제 49 기,2019.12.31 현재,"47,032,355,000",제 48 기,2018.12.31 현재,"47,032,355,000",제 47 기,2017.12.31 현재,"47,032,355,000",13,KRW,2019
20200330001372,11011,2019,00171265,034230,CFS,연결재무제표,BS,재무상태표,이익잉여금,제 49 기,2019.12.31 현재,"644,256,345,541",제 48 기,2018.12.31 현재,"643,171,217,392",제 47 기,2017.12.31 현재,"680,107,279,346",17,KRW,2019
20200330001372,11011,2019,00171265,034230,CFS,연결재무제표,BS,재무상태표,자본총계,제 49 기,2019.12.31 현재,"1,604,202,580,653",제 48 기,2018.12.31 현재,"1,626,091,732,377",제 47 기,2017.12.31 현재,"1,293,338,887,160",21,KRW,2019
20200330001372,11011,2019,00171265,034230,CFS,연결재무제표,IS,손익계산서,매출액,제 49 기,2019.01.01 ~ 2019.12.31,"979,432,908,913",제 48 기,2018.01.01 ~ 2018.12.31,"787,616,484,264",제 47 기,2017.01.01 ~ 2017.12.31,"668,041,930,489",23,KRW,2019
20200330001372,11011,2019,00171265,034230,CFS,연결재무제표,IS,손익계산서,영업이익,제 49 기,2019.01.01 ~ 2019.12.31,"51,868,333,792",제 48 기,2018.01.01 ~ 2018.12.31,"2,407,781,942",제 47 기,2017.01.01 ~ 2017.12.31,"-29,952,294,408",25,KRW,2019
20200330001372,11011,2019,00171265,034230,CFS,연결재무제표,IS,손익계산서,법인세차감전 순이익,제 49 기,2019.01.01 ~ 2019.12.31,"15,480,128,121",제 48 기,2018.01.01 ~ 2018.12.31,"-42,870,095,019",제 47 기,2017.01.01 ~ 2017.12.31,"-33,508,413,449",27,KRW,2019
20200330001372,11011,2019,00171265,034230,CFS,연결재무제표,IS,손익계산서,당기순이익(손실),제 49 기,2019.01.01 ~ 2019.12.31,"6,729,906,734",제 48 기,2018.01.01 ~ 2018.12.31,"-44,147,197,621",제 47 기,2017.01.01 ~ 2017.12.31,"-39,852,527,562",29,KRW,2019
20200330001372,11011,2019,00171265,034230,CFS,연결재무제표,IS,손익계산서,당기순이익(손실),제 49 기,2019.01.01 ~ 2019.12.31,"6,729,906,734",제 48 기,2018.01.01 ~ 2018.12.31,"-44,147,197,621",제 47 기,2017.01.01 ~ 2017.12.31,"-39,852,527,562",61,KRW,2019
20200330001372,11011,2019,00171265,034230,OFS,재무제표,BS,재무상태표,유동자산,제 49 기,2019.12.31 현재,"290,395,315,974",제 48 기,2018.12.31 현재,"162,403,527,140",제 47 기,2017.12.31 현재,"130,474,264,584",2,KRW,2019
20200330001372,11011,2019,00171265,034230,OFS,재무제표,BS,재무상태표,비유동자산,제 49 기,2019.12.31 현재,"1,432,422,452,116",제 48 기,2018.12.31 현재,"1,338,362,542,057",제 47 기,2017.12.31 현재,"1,079,682,722,592",4,KRW,2019
20200330001372,11011,2019,00171265,034230,OFS,재무제표,BS,재무상태표,자산총계,제 49 기,2019.12.31 현재,"1,756,388,882,576",제 48 기,2018.12.31 현재,"1,500,766,069,197",제 47 기,2017.12.31 현재,"1,210,156,987,176",6,KRW,2019
20200330001372,11011,2019,00171265,034230,OFS,재무제표,BS,재무상태표,유동부채,제 49 기,2019.12.31 현재,"326,545,338,362",제 48 기,2018.12.31 현재,"184,024,308,985",제 47 기,2017.12.31 현재,"124,162,738,045",8,KRW,2019
20200330001372,11011,2019,00171265,034230,OFS,재무제표,BS,재무상태표,비유동부채,제 49 기,2019.12.31 현재,"332,475,282,014",제 48 기,2018.12.31 현재,"228,474,345,193",제 47 기,2017.12.31 현재,"151,825,658,529",10,KRW,2019
20200330001372,11011,2019,00171265,034230,OFS,재무제표,BS,재무상태표,부채총계,제 49 기,2019.12.31 현재,"659,020,620,376",제 48 기,2018.12.31 현재,"412,498,654,178",제 47 기,2017.12.31 현재,"275,988,396,574",12,KRW,2019
20200330001372,11011,2019,00171265,034230,OFS,재무제표,BS,재무상태표,자본금,제 49 기,2019.12.31 현재,"47,032,355,000",제 48 기,2018.12.31 현재,"47,032,355,000",제 47 기,2017.12.31 현재,"47,032,355,000",15,KRW,2019
20200330001372,11011,2019,00171265,034230,OFS,재무제표,BS,재무상태표,이익잉여금,제 49 기,2019.12.31 현재,"644,719,621,159",제 48 기,2018.12.31 현재,"635,535,271,957",제 47 기,2017.12.31 현재,"642,175,243,270",19,KRW,2019
20200330001372,11011,2019,00171265,034230,OFS,재무제표,BS,재무상태표,자본총계,제 49 기,2019.12.31 현재,"1,097,368,262,200",제 48 기,2018.12.31 현재,"1,088,267,415,019",제 47 기,2017.12.31 현재,"934,168,590,602",22,KRW,2019
20200330001372,11011,2019,00171265,034230,OFS,재무제표,IS,손익계산서,매출액,제 49 기,2019.01.01 ~ 2019.12.31,"424,588,401,313",제 48 기,2018.01.01 ~ 2018.12.31,"403,766,411,249",제 47 기,2017.01.01 ~ 2017.12.31,"391,971,788,238",24,KRW,2019
20200330001372,11011,2019,00171265,034230,OFS,재무제표,IS,손익계산서,영업이익,제 49 기,2019.01.01 ~ 2019.12.31,"18,732,966,792",제 48 기,2018.01.01 ~ 2018.12.31,"15,438,315,236",제 47 기,2017.01.01 ~ 2017.12.31,"-2,395,160,408",26,KRW,2019
20200330001372,11011,2019,00171265,034230,OFS,재무제표,IS,손익계산서,법인세차감전 순이익,제 49 기,2019.01.01 ~ 2019.12.31,"29,185,318,786",제 48 기,2018.01.01 ~ 2018.12.31,"8,231,561,652",제 47 기,2017.01.01 ~ 2017.12.31,"13,866,510,275",28,KRW,2019
20200330001372,11011,2019,00171265,034230,OFS,재무제표,IS,손익계산서,당기순이익(손실),제 49 기,2019.01.01 ~ 2019.12.31,"21,383,187,481",제 48 기,2018.01.01 ~ 2018.12.31,"8,079,401,846",제 47 기,2017.01.01 ~ 2017.12.31,"7,302,899,761",30,KRW,2019
20200330001372,11011,2019,00171265,034230,OFS,재무제표,IS,손익계산서,당기순이익(손실),제 49 기,2019.01.01 ~ 2019.12.31,"21,383,187,481",제 48 기,2018.01.01 ~ 2018.12.31,"8,079,401,846",제 47 기,2017.01.01 ~ 2017.12.31,"7,302,899,761",62,KRW,2019
20210419000082,11011,2020,00171265,034230,CFS,연결재무제표,BS,재무상태표,유동자산,제 50 기,2020.12.31 현재,"520,916,396,884",제 49 기,2019.12.31 현재,"498,624,595,905",제 48 기,2018.12.31 현재,"327,545,212,242",1,KRW,2020
20210419000082,11011,2020,00171265,034230,CFS,연결재무제표,BS,재무상태표,비유동자산,제 50 기,2020.12.31 현재,"2,792,596,062,109",제 49 기,2019.12.31 현재,"2,938,157,892,016",제 48 기,2018.12.31 현재,"2,823,222,194,286",3,KRW,2020
20210419000082,11011,2020,00171265,034230,CFS,연결재무제표,BS,재무상태표,자산총계,제 50 기,2020.12.31 현재,"3,313,512,458,993",제 49 기,2019.12.31 현재,"3,470,353,602,407",제 48 기,2018.12.31 현재,"3,150,767,406,528",5,KRW,2020
20210419000082,11011,2020,00171265,034230,CFS,연결재무제표,BS,재무상태표,유동부채,제 50 기,2020.12.31 현재,"361,866,976,688",제 49 기,2019.12.31 현재,"632,416,773,041",제 48 기,2018.12.31 현재,"421,768,555,471",7,KRW,2020
20210419000082,11011,2020,00171265,034230,CFS,연결재무제표,BS,재무상태표,비유동부채,제 50 기,2020.12.31 현재,"1,518,095,268,431",제 49 기,2019.12.31 현재,"1,233,734,248,713",제 48 기,2018.12.31 현재,"1,102,907,118,680",9,KRW,2020
20210419000082,11011,2020,00171265,034230,CFS,연결재무제표,BS,재무상태표,부채총계,제 50 기,2020.12.31 현재,"1,879,962,245,119",제 49 기,2019.12.31 현재,"1,866,151,021,754",제 48 기,2018.12.31 현재,"1,524,675,674,151",11,KRW,2020
20210419000082,11011,2020,00171265,034230,CFS,연결재무제표,BS,재무상태표,자본금,제 50 기,2020.12.31 현재,"47,032,355,000",제 49 기,2019.12.31 현재,"47,032,355,000",제 48 기,2018.12.31 현재,"47,032,355,000",13,KRW,2020
20210419000082,11011,2020,00171265,034230,CFS,연결재무제표,BS,재무상태표,이익잉여금,제 50 기,2020.12.31 현재,"520,558,065,372",제 49 기,2019.12.31 현재,"644,256,345,541",제 48 기,2018.12.31 현재,"643,171,217,392",17,KRW,2020
20210419000082,11011,2020,00171265,034230,CFS,연결재무제표,BS,재무상태표,자본총계,제 50 기,2020.12.31 현재,"1,433,550,213,874",제 49 기,2019.12.31 현재,"1,604,202,580,653",제 48 기,2018.12.31 현재,"1,626,091,732,377",21,KRW,2020
20210419000082,11011,2020,00171265,034230,CFS,연결재무제표,IS,손익계산서,매출액,제 50 기,2020.01.01 ~ 2020.12.31,"453,881,181,278",제 49 기,2019.01.01 ~ 2019.12.31,"979,432,908,913",제 48 기,2018.01.01 ~ 2018.12.31,"787,616,484,264",23,KRW,2020
20210419000082,11011,2020,00171265,034230,CFS,연결재무제표,IS,손익계산서,영업이익,제 50 기,2020.01.01 ~ 2020.12.31,"-86,150,819,625",제 49 기,2019.01.01 ~ 2019.12.31,"51,868,333,792",제 48 기,2018.01.01 ~ 2018.12.31,"2,407,781,942",25,KRW,2020
20210419000082,11011,2020,00171265,034230,CFS,연결재무제표,IS,손익계산서,법인세차감전 순이익,제 50 기,2020.01.01 ~ 2020.12.31,"-175,415,815,614",제 49 기,2019.01.01 ~ 2019.12.31,"15,480,128,121",제 48 기,2018.01.01 ~ 2018.12.31,"-42,870,095,019",27,KRW,2020
20210419000082,11011,2020,00171265,034230,CFS,연결재무제표,IS,손익계산서,당기순이익(손실),제 50 기,2020.01.01 ~ 2020.12.31,"-166,876,406,727",제 49 기,2019.01.01 ~ 2019.12.31,"6,729,906,734",제 48 기,2018.01.01 ~ 2018.12.31,"-44,147,197,621",29,KRW,2020
20210419000082,11011,2020,00171265,034230,CFS,연결재무제표,IS,손익계산서,당기순이익(손실),제 50 기,2020.01.01 ~ 2020.12.31,"-166,876,406,727",제 49 기,2019.01.01 ~ 2019.12.31,"6,729,906,734",제 48 기,2018.01.01 ~ 2018.12.31,"-44,147,197,621",61,KRW,2020
20210419000082,11011,2020,00171265,034230,OFS,재무제표,BS,재무상태표,유동자산,제 50 기,2020.12.31 현재,"440,823,720,844",제 49 기,2019.12.31 현재,"290,395,315,974",제 48 기,2018.12.31 현재,"162,403,527,140",2,KRW,2020
20210419000082,11011,2020,00171265,034230,OFS,재무제표,BS,재무상태표,비유동자산,제 50 기,2020.12.31 현재,"1,310,820,453,300",제 49 기,2019.12.31 현재,"1,432,422,452,116",제 48 기,2018.12.31 현재,"1,338,362,542,057",4,KRW,2020
20210419000082,11011,2020,00171265,034230,OFS,재무제표,BS,재무상태표,자산총계,제 50 기,2020.12.31 현재,"1,751,644,174,144",제 49 기,2019.12.31 현재,"1,756,388,882,576",제 48 기,2018.12.31 현재,"1,500,766,069,197",6,KRW,2020
20210419000082,11011,2020,00171265,034230,OFS,재무제표,BS,재무상태표,유동부채,제 50 기,2020.12.31 현재,"196,596,376,768",제 49 기,2019.12.31 현재,"326,545,338,362",제 48 기,2018.12.31 현재,"184,024,308,985",8,KRW,2020
20210419000082,11011,2020,00171265,034230,OFS,재무제표,BS,재무상태표,비유동부채,제 50 기,2020.12.31 현재,"558,063,619,482",제 49 기,2019.12.31 현재,"332,475,282,014",제 48 기,2018.12.31 현재,"228,474,345,193",10,KRW,2020
20210419000082,11011,2020,00171265,034230,OFS,재무제표,BS,재무상태표,부채총계,제 50 기,2020.12.31 현재,"754,659,996,250",제 49 기,2019.12.31 현재,"659,020,620,376",제 48 기,2018.12.31 현재,"412,498,654,178",12,KRW,2020
20210419000082,11011,2020,00171265,034230,OFS,재무제표,BS,재무상태표,자본금,제 50 기,2020.12.31 현재,"47,032,355,000",제 49 기,2019.12.31 현재,"47,032,355,000",제 48 기,2018.12.31 현재,"47,032,355,000",15,KRW,2020
20210419000082,11011,2020,00171265,034230,OFS,재무제표,BS,재무상태표,이익잉여금,제 50 기,2020.12.31 현재,"541,446,913,149",제 49 기,2019.12.31 현재,"644,719,621,159",제 48 기,2018.12.31 현재,"635,535,271,957",19,KRW,2020
20210419000082,11011,2020,00171265,034230,OFS,재무제표,BS,재무상태표,자본총계,제 50 기,2020.12.31 현재,"996,984,177,894",제 49 기,2019.12.31 현재,"1,097,368,262,200",제 48 기,2018.12.31 현재,"1,088,267,415,019",22,KRW,2020
20210419000082,11011,2020,00171265,034230,OFS,재무제표,IS,손익계산서,매출액,제 50 기,2020.01.01 ~ 2020.12.31,"213,948,025,537",제 49 기,2019.01.01 ~ 2019.12.31,"424,588,401,313",제 48 기,2018.01.01 ~ 2018.12.31,"403,766,411,249",24,KRW,2020
20210419000082,11011,2020,00171265,034230,OFS,재무제표,IS,손익계산서,영업이익,제 50 기,2020.01.01 ~ 2020.12.31,"-18,569,229,390",제 49 기,2019.01.01 ~ 2019.12.31,"18,732,966,792",제 48 기,2018.01.01 ~ 2018.12.31,"15,438,315,236",26,KRW,2020
20210419000082,11011,2020,00171265,034230,OFS,재무제표,IS,손익계산서,법인세차감전 순이익,제 50 기,2020.01.01 ~ 2020.12.31,"-102,254,469,629",제 49 기,2019.01.01 ~ 2019.12.31,"29,185,318,786",제 48 기,2018.01.01 ~ 2018.12.31,"8,231,561,652",28,KRW,2020
20210419000082,11011,2020,00171265,034230,OFS,재무제표,IS,손익계산서,당기순이익(손실),제 50 기,2020.01.01 ~ 2020.12.31,"-96,114,835,485",제 49 기,2019.01.01 ~ 2019.12.31,"21,383,187,481",제 48 기,2018.01.01 ~ 2018.12.31,"8,079,401,846",30,KRW,2020
20210419000082,11011,2020,00171265,034230,OFS,재무제표,IS,손익계산서,당기순이익(손실),제 50 기,2020.01.01 ~ 2020.12.31,"-96,114,835,485",제 49 기,2019.01.01 ~ 2019.12.31,"21,383,187,481",제 48 기,2018.01.01 ~ 2018.12.31,"8,079,401,846",62,KRW,2020
20220317001345,11011,2021,00171265,034230,CFS,연결재무제표,BS,재무상태표,유동자산,제 51 기,2021.12.31 현재,"698,166,528,275",제 50 기,2020.12.31 현재,"520,916,396,884",제 49 기,2019.12.31 현재,"498,624,595,905",1,KRW,2021
20220317001345,11011,2021,00171265,034230,CFS,연결재무제표,BS,재무상태표,비유동자산,제 51 기,2021.12.31 현재,"2,773,629,722,014",제 50 기,2020.12.31 현재,"2,792,596,062,109",제 49 기,2019.12.31 현재,"2,938,157,892,016",3,KRW,2021
20220317001345,11011,2021,00171265,034230,CFS,연결재무제표,BS,재무상태표,자산총계,제 51 기,2021.12.31 현재,"3,471,796,250,289",제 50 기,2020.12.31 현재,"3,313,512,458,993",제 49 기,2019.12.31 현재,"3,470,353,602,407",5,KRW,2021
20220317001345,11011,2021,00171265,034230,CFS,연결재무제표,BS,재무상태표,유동부채,제 51 기,2021.12.31 현재,"483,277,821,862",제 50 기,2020.12.31 현재,"361,866,976,688",제 49 기,2019.12.31 현재,"632,416,773,041",7,KRW,2021
20220317001345,11011,2021,00171265,034230,CFS,연결재무제표,BS,재무상태표,비유동부채,제 51 기,2021.12.31 현재,"1,474,077,941,956",제 50 기,2020.12.31 현재,"1,518,095,268,431",제 49 기,2019.12.31 현재,"1,233,734,248,713",9,KRW,2021
20220317001345,11011,2021,00171265,034230,CFS,연결재무제표,BS,재무상태표,부채총계,제 51 기,2021.12.31 현재,"1,957,355,763,818",제 50 기,2020.12.31 현재,"1,879,962,245,119",제 49 기,2019.12.31 현재,"1,866,151,021,754",11,KRW,2021
20220317001345,11011,2021,00171265,034230,CFS,연결재무제표,BS,재무상태표,자본금,제 51 기,2021.12.31 현재,"47,032,355,000",제 50 기,2020.12.31 현재,"47,032,355,000",제 49 기,2019.12.31 현재,"47,032,355,000",13,KRW,2021
20220317001345,11011,2021,00171265,034230,CFS,연결재무제표,BS,재무상태표,이익잉여금,제 51 기,2021.12.31 현재,"489,633,451,298",제 50 기,2020.12.31 현재,"520,558,065,372",제 49 기,2019.12.31 현재,"644,256,345,541",17,KRW,2021
20220317001345,11011,2021,00171265,034230,CFS,연결재무제표,BS,재무상태표,자본총계,제 51 기,2021.12.31 현재,"1,514,440,486,471",제 50 기,2020.12.31 현재,"1,433,550,213,874",제 49 기,2019.12.31 현재,"1,604,202,580,653",21,KRW,2021
20220317001345,11011,2021,00171265,034230,CFS,연결재무제표,IS,손익계산서,매출액,제 51 기,2021.01.01 ~ 2021.12.31,"414,466,172,837",제 50 기,2020.01.01 ~ 2020.12.31,"453,881,181,278",제 49 기,2019.01.01 ~ 2019.12.31,"979,432,908,913",23,KRW,2021
20220317001345,11011,2021,00171265,034230,CFS,연결재무제표,IS,손익계산서,영업이익,제 51 기,2021.01.01 ~ 2021.12.31,"-55,245,896,594",제 50 기,2020.01.01 ~ 2020.12.31,"-86,150,819,625",제 49 기,2019.01.01 ~ 2019.12.31,"51,868,333,792",25,KRW,2021
20220317001345,11011,2021,00171265,034230,CFS,연결재무제표,IS,손익계산서,법인세차감전 순이익,제 51 기,2021.01.01 ~ 2021.12.31,"-65,884,916,614",제 50 기,2020.01.01 ~ 2020.12.31,"-175,415,815,614",제 49 기,2019.01.01 ~ 2019.12.31,"15,480,128,121",27,KRW,2021
20220317001345,11011,2021,00171265,034230,CFS,연결재무제표,IS,손익계산서,당기순이익(손실),제 51 기,2021.01.01 ~ 2021.12.31,"-78,564,040,253",제 50 기,2020.01.01 ~ 2020.12.31,"-166,876,406,727",제 49 기,2019.01.01 ~ 2019.12.31,"6,729,906,734",29,KRW,2021
20220317001345,11011,2021,00171265,034230,CFS,연결재무제표,IS,손익계산서,당기순이익(손실),제 51 기,2021.01.01 ~ 2021.12.31,"-78,564,040,253",제 50 기,2020.01.01 ~ 2020.12.31,"-166,876,406,727",제 49 기,2019.01.01 ~ 2019.12.31,"6,729,906,734",61,KRW,2021
20220317001345,11011,2021,00171265,034230,OFS,재무제표,BS,재무상태표,유동자산,제 51 기,2021.12.31 현재,"502,834,788,028",제 50 기,2020.12.31 현재,"440,823,720,844",제 49 기,2019.12.31 현재,"290,395,315,974",2,KRW,2021
20220317001345,11011,2021,00171265,034230,OFS,재무제표,BS,재무상태표,비유동자산,제 51 기,2021.12.31 현재,"1,243,114,983,624",제 50 기,2020.12.31 현재,"1,310,820,453,300",제 49 기,2019.12.31 현재,"1,432,422,452,116",4,KRW,2021
20220317001345,11011,2021,00171265,034230,OFS,재무제표,BS,재무상태표,자산총계,제 51 기,2021.12.31 현재,"1,745,949,771,652",제 50 기,2020.12.31 현재,"1,751,644,174,144",제 49 기,2019.12.31 현재,"1,756,388,882,576",6,KRW,2021
20220317001345,11011,2021,00171265,034230,OFS,재무제표,BS,재무상태표,유동부채,제 51 기,2021.12.31 현재,"246,074,945,580",제 50 기,2020.12.31 현재,"196,596,376,768",제 49 기,2019.12.31 현재,"326,545,338,362",8,KRW,2021
20220317001345,11011,2021,00171265,034230,OFS,재무제표,BS,재무상태표,비유동부채,제 51 기,2021.12.31 현재,"557,900,141,419",제 50 기,2020.12.31 현재,"558,063,619,482",제 49 기,2019.12.31 현재,"332,475,282,014",10,KRW,2021
20220317001345,11011,2021,00171265,034230,OFS,재무제표,BS,재무상태표,부채총계,제 51 기,2021.12.31 현재,"803,975,086,999",제 50 기,2020.12.31 현재,"754,659,996,250",제 49 기,2019.12.31 현재,"659,020,620,376",12,KRW,2021
20220317001345,11011,2021,00171265,034230,OFS,재무제표,BS,재무상태표,자본금,제 51 기,2021.12.31 현재,"47,032,355,000",제 50 기,2020.12.31 현재,"47,032,355,000",제 49 기,2019.12.31 현재,"47,032,355,000",15,KRW,2021
20220317001345,11011,2021,00171265,034230,OFS,재무제표,BS,재무상태표,이익잉여금,제 51 기,2021.12.31 현재,"424,639,482,462",제 50 기,2020.12.31 현재,"541,446,913,149",제 49 기,2019.12.31 현재,"644,719,621,159",19,KRW,2021
20220317001345,11011,2021,00171265,034230,OFS,재무제표,BS,재무상태표,자본총계,제 51 기,2021.12.31 현재,"941,974,684,653",제 50 기,2020.12.31 현재,"996,984,177,894",제 49 기,2019.12.31 현재,"1,097,368,262,200",22,KRW,2021
20220317001345,11011,2021,00171265,034230,OFS,재무제표,IS,손익계산서,매출액,제 51 기,2021.01.01 ~ 2021.12.31,"167,041,804,318",제 50 기,2020.01.01 ~ 2020.12.31,"213,948,025,537",제 49 기,2019.01.01 ~ 2019.12.31,"424,588,401,313",24,KRW,2021
20220317001345,11011,2021,00171265,034230,OFS,재무제표,IS,손익계산서,영업이익,제 51 기,2021.01.01 ~ 2021.12.31,"-18,719,682,787",제 50 기,2020.01.01 ~ 2020.12.31,"-18,569,229,390",제 49 기,2019.01.01 ~ 2019.12.31,"18,732,966,792",26,KRW,2021
20220317001345,11011,2021,00171265,034230,OFS,재무제표,IS,손익계산서,법인세차감전 순이익,제 51 기,2021.01.01 ~ 2021.12.31,"-134,430,530,439",제 50 기,2020.01.01 ~ 2020.12.31,"-102,254,469,629",제 49 기,2019.01.01 ~ 2019.12.31,"29,185,318,786",28,KRW,2021
20220317001345,11011,2021,00171265,034230,OFS,재무제표,IS,손익계산서,당기순이익(손실),제 51 기,2021.01.01 ~ 2021.12.31,"-120,637,357,595",제 50 기,2020.01.01 ~ 2020.12.31,"-96,114,835,485",제 49 기,2019.01.01 ~ 2019.12.31,"21,383,187,481",30,KRW,2021
20220317001345,11011,2021,00171265,034230,OFS,재무제표,IS,손익계산서,당기순이익(손실),제 51 기,2021.01.01 ~ 2021.12.31,"-120,637,357,595",제 50 기,2020.01.01 ~ 2020.12.31,"-96,114,835,485",제 49 기,2019.01.01 ~ 2019.12.31,"21,383,187,481",62,KRW,2021
20230316001131,11011,2022,00171265,034230,CFS,연결재무제표,BS,재무상태표,유동자산,제 52 기,2022.12.31 현재,"694,517,541,841",제 51 기,2021.12.31 현재,"698,166,528,275",제 50 기,2020.12.31 현재,"520,916,396,884",1,KRW,2022
20230316001131,11011,2022,00171265,034230,CFS,연결재무제표,BS,재무상태표,비유동자산,제 52 기,2022.12.31 현재,"2,817,006,263,751",제 51 기,2021.12.31 현재,"2,773,629,722,014",제 50 기,2020.12.31 현재,"2,792,596,062,109",3,KRW,2022
20230316001131,11011,2022,00171265,034230,CFS,연결재무제표,BS,재무상태표,자산총계,제 52 기,2022.12.31 현재,"3,511,523,805,592",제 51 기,2021.12.31 현재,"3,471,796,250,289",제 50 기,2020.12.31 현재,"3,313,512,458,993",5,KRW,2022
20230316001131,11011,2022,00171265,034230,CFS,연결재무제표,BS,재무상태표,유동부채,제 52 기,2022.12.31 현재,"1,174,093,555,790",제 51 기,2021.12.31 현재,"483,277,821,862",제 50 기,2020.12.31 현재,"361,866,976,688",7,KRW,2022
20230316001131,11011,2022,00171265,034230,CFS,연결재무제표,BS,재무상태표,비유동부채,제 52 기,2022.12.31 현재,"652,263,362,474",제 51 기,2021.12.31 현재,"1,474,077,941,956",제 50 기,2020.12.31 현재,"1,518,095,268,431",9,KRW,2022
20230316001131,11011,2022,00171265,034230,CFS,연결재무제표,BS,재무상태표,부채총계,제 52 기,2022.12.31 현재,"1,826,356,918,264",제 51 기,2021.12.31 현재,"1,957,355,763,818",제 50 기,2020.12.31 현재,"1,879,962,245,119",11,KRW,2022
20230316001131,11011,2022,00171265,034230,CFS,연결재무제표,BS,재무상태표,자본금,제 52 기,2022.12.31 현재,"47,065,542,000",제 51 기,2021.12.31 현재,"47,032,355,000",제 50 기,2020.12.31 현재,"47,032,355,000",13,KRW,2022
20230316001131,11011,2022,00171265,034230,CFS,연결재무제표,BS,재무상태표,이익잉여금,제 52 기,2022.12.31 현재,"524,910,068,727",제 51 기,2021.12.31 현재,"489,633,451,298",제 50 기,2020.12.31 현재,"520,558,065,372",17,KRW,2022
20230316001131,11011,2022,00171265,034230,CFS,연결재무제표,BS,재무상태표,자본총계,제 52 기,2022.12.31 현재,"1,685,166,887,328",제 51 기,2021.12.31 현재,"1,514,440,486,471",제 50 기,2020.12.31 현재,"1,433,550,213,874",21,KRW,2022
20230316001131,11011,2022,00171265,034230,CFS,연결재무제표,IS,손익계산서,매출액,제 52 기,2022.01.01 ~ 2022.12.31,"587,637,410,933",제 51 기,2021.01.01 ~ 2021.12.31,"414,466,172,837",제 50 기,2020.01.01 ~ 2020.12.31,"453,881,181,278",23,KRW,2022
20230316001131,11011,2022,00171265,034230,CFS,연결재무제표,IS,손익계산서,영업이익,제 52 기,2022.01.01 ~ 2022.12.31,"10,412,544,286",제 51 기,2021.01.01 ~ 2021.12.31,"-55,245,896,594",제 50 기,2020.01.01 ~ 2020.12.31,"-86,150,819,625",25,KRW,2022
20230316001131,11011,2022,00171265,034230,CFS,연결재무제표,IS,손익계산서,법인세차감전 순이익,제 52 기,2022.01.01 ~ 2022.12.31,"30,133,291,670",제 51 기,2021.01.01 ~ 2021.12.31,"-65,884,916,614",제 50 기,2020.01.01 ~ 2020.12.31,"-175,415,815,614",27,KRW,2022
20230316001131,11011,2022,00171265,034230,CFS,연결재무제표,IS,손익계산서,당기순이익(손실),제 52 기,2022.01.01 ~ 2022.12.31,"15,811,360,776",제 51 기,2021.01.01 ~ 2021.12.31,"-78,564,040,253",제 50 기,2020.01.01 ~ 2020.12.31,"-166,876,406,727",29,KRW,2022
20230316001131,11011,2022,00171265,034230,CFS,연결재무제표,IS,손익계산서,당기순이익(손실),제 52 기,2022.01.01 ~ 2022.12.31,"15,811,360,776",제 51 기,2021.01.01 ~ 2021.12.31,"-78,564,040,253",제 50 기,2020.01.01 ~ 2020.12.31,"-166,876,406,727",61,KRW,2022
20230316001131,11011,2022,00171265,034230,OFS,재무제표,BS,재무상태표,유동자산,제 52 기,2022.12.31 현재,"340,347,829,499",제 51 기,2021.12.31 현재,"502,834,788,028",제 50 기,2020.12.31 현재,"440,823,720,844",2,KRW,2022
20230316001131,11011,2022,00171265,034230,OFS,재무제표,BS,재무상태표,비유동자산,제 52 기,2022.12.31 현재,"1,479,901,963,812",제 51 기,2021.12.31 현재,"1,243,114,983,624",제 50 기,2020.12.31 현재,"1,310,820,453,300",4,KRW,2022
20230316001131,11011,2022,00171265,034230,OFS,재무제표,BS,재무상태표,자산총계,제 52 기,2022.12.31 현재,"1,820,249,793,311",제 51 기,2021.12.31 현재,"1,745,949,771,652",제 50 기,2020.12.31 현재,"1,751,644,174,144",6,KRW,2022
20230316001131,11011,2022,00171265,034230,OFS,재무제표,BS,재무상태표,유동부채,제 52 기,2022.12.31 현재,"304,824,511,890",제 51 기,2021.12.31 현재,"246,074,945,580",제 50 기,2020.12.31 현재,"196,596,376,768",8,KRW,2022
20230316001131,11011,2022,00171265,034230,OFS,재무제표,BS,재무상태표,비유동부채,제 52 기,2022.12.31 현재,"449,833,726,395",제 51 기,2021.12.31 현재,"557,900,141,419",제 50 기,2020.12.31 현재,"558,063,619,482",10,KRW,2022
20230316001131,11011,2022,00171265,034230,OFS,재무제표,BS,재무상태표,부채총계,제 52 기,2022.12.31 현재,"754,658,238,285",제 51 기,2021.12.31 현재,"803,975,086,999",제 50 기,2020.12.31 현재,"754,659,996,250",12,KRW,2022
20230316001131,11011,2022,00171265,034230,OFS,재무제표,BS,재무상태표,자본금,제 52 기,2022.12.31 현재,"47,065,542,000",제 51 기,2021.12.31 현재,"47,032,355,000",제 50 기,2020.12.31 현재,"47,032,355,000",15,KRW,2022
20230316001131,11011,2022,00171265,034230,OFS,재무제표,BS,재무상태표,이익잉여금,제 52 기,2022.12.31 현재,"460,160,811,266",제 51 기,2021.12.31 현재,"424,639,482,462",제 50 기,2020.12.31 현재,"541,446,913,149",19,KRW,2022
20230316001131,11011,2022,00171265,034230,OFS,재무제표,BS,재무상태표,자본총계,제 52 기,2022.12.31 현재,"1,065,591,555,026",제 51 기,2021.12.31 현재,"941,974,684,653",제 50 기,2020.12.31 현재,"996,984,177,894",22,KRW,2022
20230316001131,11011,2022,00171265,034230,OFS,재무제표,IS,손익계산서,매출액,제 52 기,2022.01.01 ~ 2022.12.31,"202,689,686,747",제 51 기,2021.01.01 ~ 2021.12.31,"167,041,804,318",제 50 기,2020.01.01 ~ 2020.12.31,"213,948,025,537",24,KRW,2022
20230316001131,11011,2022,00171265,034230,OFS,재무제표,IS,손익계산서,영업이익,제 52 기,2022.01.01 ~ 2022.12.31,"-19,864,664,008",제 51 기,2021.01.01 ~ 2021.12.31,"-18,719,682,787",제 50 기,2020.01.01 ~ 2020.12.31,"-18,569,229,390",26,KRW,2022
20230316001131,11011,2022,00171265,034230,OFS,재무제표,IS,손익계산서,법인세차감전 순이익,제 52 기,2022.01.01 ~ 2022.12.31,"38,095,293,336",제 51 기,2021.01.01 ~ 2021.12.31,"-134,430,530,439",제 50 기,2020.01.01 ~ 2020.12.31,"-102,254,469,629",28,KRW,2022
20230316001131,11011,2022,00171265,034230,OFS,재무제표,IS,손익계산서,당기순이익(손실),제 52 기,2022.01.01 ~ 2022.12.31,"26,154,552,943",제 51 기,2021.01.01 ~ 2021.12.31,"-120,637,357,595",제 50 기,2020.01.01 ~ 2020.12.31,"-96,114,835,485",30,KRW,2022
20230316001131,11011,2022,00171265,034230,OFS,재무제표,IS,손익계산서,당기순이익(손실),제 52 기,2022.01.01 ~ 2022.12.31,"26,154,552,943",제 51 기,2021.01.01 ~ 2021.12.31,"-120,637,357,595",제 50 기,2020.01.01 ~ 2020.12.31,"-96,114,835,485",62,KRW,2022
20240314000746,11011,2023,00171265,034230,CFS,연결재무제표,BS,재무상태표,유동자산,제 53 기,2023.12.31 현재,"862,802,346,434",제 52 기,2022.12.31 현재,"694,517,541,841",제 51 기,2021.12.31 현재,"698,166,528,275",1,KRW,2023
20240314000746,11011,2023,00171265,034230,CFS,연결재무제표,BS,재무상태표,비유동자산,제 53 기,2023.12.31 현재,"2,755,477,020,606",제 52 기,2022.12.31 현재,"2,817,006,263,751",제 51 기,2021.12.31 현재,"2,773,629,722,014",3,KRW,2023
20240314000746,11011,2023,00171265,034230,CFS,연결재무제표,BS,재무상태표,자산총계,제 53 기,2023.12.31 현재,"3,618,279,367,040",제 52 기,2022.12.31 현재,"3,511,523,805,592",제 51 기,2021.12.31 현재,"3,471,796,250,289",5,KRW,2023
20240314000746,11011,2023,00171265,034230,CFS,연결재무제표,BS,재무상태표,유동부채,제 53 기,2023.12.31 현재,"690,669,675,163",제 52 기,2022.12.31 현재,"1,174,093,555,790",제 51 기,2021.12.31 현재,"483,277,821,862",7,KRW,2023
20240314000746,11011,2023,00171265,034230,CFS,연결재무제표,BS,재무상태표,비유동부채,제 53 기,2023.12.31 현재,"1,142,144,604,707",제 52 기,2022.12.31 현재,"652,263,362,474",제 51 기,2021.12.31 현재,"1,474,077,941,956",9,KRW,2023
20240314000746,11011,2023,00171265,034230,CFS,연결재무제표,BS,재무상태표,부채총계,제 53 기,2023.12.31 현재,"1,832,814,279,870",제 52 기,2022.12.31 현재,"1,826,356,918,264",제 51 기,2021.12.31 현재,"1,957,355,763,818",11,KRW,2023
20240314000746,11011,2023,00171265,034230,CFS,연결재무제표,BS,재무상태표,자본금,제 53 기,2023.12.31 현재,"47,440,556,500",제 52 기,2022.12.31 현재,"47,065,542,000",제 51 기,2021.12.31 현재,"47,032,355,000",13,KRW,2023
20240314000746,11011,2023,00171265,034230,CFS,연결재무제표,BS,재무상태표,이익잉여금,제 53 기,2023.12.31 현재,"571,762,000,712",제 52 기,2022.12.31 현재,"524,910,068,727",제 51 기,2021.12.31 현재,"489,633,451,298",17,KRW,2023
20240314000746,11011,2023,00171265,034230,CFS,연결재무제표,BS,재무상태표,자본총계,제 53 기,2023.12.31 현재,"1,785,465,087,170",제 52 기,2022.12.31 현재,"1,685,166,887,328",제 51 기,2021.12.31 현재,"1,514,440,486,471",21,KRW,2023
20240314000746,11011,2023,00171265,034230,CFS,연결재무제표,IS,손익계산서,매출액,제 53 기,2023.01.01 ~ 2023.12.31,"994,199,113,643",제 52 기,2022.01.01 ~ 2022.12.31,"587,637,410,933",제 51 기,2021.01.01 ~ 2021.12.31,"414,466,172,837",23,KRW,2023
20240314000746,11011,2023,00171265,034230,CFS,연결재무제표,IS,손익계산서,영업이익,제 53 기,2023.01.01 ~ 2023.12.31,"145,770,072,264",제 52 기,2022.01.01 ~ 2022.12.31,"10,412,544,286",제 51 기,2021.01.01 ~ 2021.12.31,"-55,245,896,594",25,KRW,2023
20240314000746,11011,2023,00171265,034230,CFS,연결재무제표,IS,손익계산서,법인세차감전 순이익,제 53 기,2023.01.01 ~ 2023.12.31,"91,500,022,553",제 52 기,2022.01.01 ~ 2022.12.31,"30,133,291,670",제 51 기,2021.01.01 ~ 2021.12.31,"-65,884,916,614",27,KRW,2023
20240314000746,11011,2023,00171265,034230,CFS,연결재무제표,IS,손익계산서,당기순이익(손실),제 53 기,2023.01.01 ~ 2023.12.31,"80,184,040,634",제 52 기,2022.01.01 ~ 2022.12.31,"15,811,360,776",제 51 기,2021.01.01 ~ 2021.12.31,"-78,564,040,253",29,KRW,2023
20240314000746,11011,2023,00171265,034230,CFS,연결재무제표,IS,손익계산서,당기순이익(손실),제 53 기,2023.01.01 ~ 2023.12.31,"80,184,040,634",제 52 기,2022.01.01 ~ 2022.12.31,"15,811,360,776",제 51 기,2021.01.01 ~ 2021.12.31,"-78,564,040,253",61,KRW,2023
20240314000746,11011,2023,00171265,034230,CFS,연결재무제표,IS,손익계산서,총포괄손익,제 53 기,2023.01.01 ~ 2023.12.31,"47,493,896,150",제 52 기,2022.01.01 ~ 2022.12.31,"121,830,634,743",제 51 기,2021.01.01 ~ 2021.12.31,"53,800,847,943",63,KRW,2023
20240314000746,11011,2023,00171265,034230,OFS,재무제표,BS,재무상태표,유동자산,제 53 기,2023.12.31 현재,"518,049,439,118",제 52 기,2022.12.31 현재,"340,347,829,499",제 51 기,2021.12.31 현재,"502,834,788,028",2,KRW,2023
20240314000746,11011,2023,00171265,034230,OFS,재무제표,BS,재무상태표,비유동자산,제 53 기,2023.12.31 현재,"1,490,652,331,759",제 52 기,2022.12.31 현재,"1,479,901,963,812",제 51 기,2021.12.31 현재,"1,243,114,983,624",4,KRW,2023
20240314000746,11011,2023,00171265,034230,OFS,재무제표,BS,재무상태표,자산총계,제 53 기,2023.12.31 현재,"2,008,701,770,877",제 52 기,2022.12.31 현재,"1,820,249,793,311",제 51 기,2021.12.31 현재,"1,745,949,771,652",6,KRW,2023
20240314000746,11011,2023,00171265,034230,OFS,재무제표,BS,재무상태표,유동부채,제 53 기,2023.12.31 현재,"486,181,287,862",제 52 기,2022.12.31 현재,"304,824,511,890",제 51 기,2021.12.31 현재,"246,074,945,580",8,KRW,2023
20240314000746,11011,2023,00171265,034230,OFS,재무제표,BS,재무상태표,비유동부채,제 53 기,2023.12.31 현재,"436,573,137,503",제 52 기,2022.12.31 현재,"449,833,726,395",제 51 기,2021.12.31 현재,"557,900,141,419",10,KRW,2023
20240314000746,11011,2023,00171265,034230,OFS,재무제표,BS,재무상태표,부채총계,제 53 기,2023.12.31 현재,"922,754,425,365",제 52 기,2022.12.31 현재,"754,658,238,285",제 51 기,2021.12.31 현재,"803,975,086,999",12,KRW,2023
20240314000746,11011,2023,00171265,034230,OFS,재무제표,BS,재무상태표,자본금,제 53 기,2023.12.31 현재,"47,440,556,500",제 52 기,2022.12.31 현재,"47,065,542,000",제 51 기,2021.12.31 현재,"47,032,355,000",15,KRW,2023
20240314000746,11011,2023,00171265,034230,OFS,재무제표,BS,재무상태표,이익잉여금,제 53 기,2023.12.31 현재,"478,625,821,572",제 52 기,2022.12.31 현재,"460,160,811,266",제 51 기,2021.12.31 현재,"424,639,482,462",19,KRW,2023
20240314000746,11011,2023,00171265,034230,OFS,재무제표,BS,재무상태표,자본총계,제 53 기,2023.12.31 현재,"1,085,947,345,512",제 52 기,2022.12.31 현재,"1,065,591,555,026",제 51 기,2021.12.31 현재,"941,974,684,653",22,KRW,2023
20240314000746,11011,2023,00171265,034230,OFS,재무제표,IS,손익계산서,매출액,제 53 기,2023.01.01 ~ 2023.12.31,"430,017,237,546",제 52 기,2022.01.01 ~ 2022.12.31,"202,689,686,747",제 51 기,2021.01.01 ~ 2021.12.31,"167,041,804,318",24,KRW,2023
20240314000746,11011,2023,00171265,034230,OFS,재무제표,IS,손익계산서,영업이익,제 53 기,2023.01.01 ~ 2023.12.31,"69,773,239,234",제 52 기,2022.01.01 ~ 2022.12.31,"-19,864,664,008",제 51 기,2021.01.01 ~ 2021.12.31,"-18,719,682,787",26,KRW,2023
20240314000746,11011,2023,00171265,034230,OFS,재무제표,IS,손익계산서,법인세차감전 순이익,제 53 기,2023.01.01 ~ 2023.12.31,"37,942,339,001",제 52 기,2022.01.01 ~ 2022.12.31,"38,095,293,336",제 51 기,2021.01.01 ~ 2021.12.31,"-134,430,530,439",28,KRW,2023
20240314000746,11011,2023,00171265,034230,OFS,재무제표,IS,손익계산서,당기순이익(손실),제 53 기,2023.01.01 ~ 2023.12.31,"31,694,824,541",제 52 기,2022.01.01 ~ 2022.12.31,"26,154,552,943",제 51 기,2021.01.01 ~ 2021.12.31,"-120,637,357,595",30,KRW,2023
20240314000746,11011,2023,00171265,034230,OFS,재무제표,IS,손익계산서,당기순이익(손실),제 53 기,2023.01.01 ~ 2023.12.31,"31,694,824,541",제 52 기,2022.01.01 ~ 2022.12.31,"26,154,552,943",제 51 기,2021.01.01 ~ 2021.12.31,"-120,637,357,595",62,KRW,2023
20240314000746,11011,2023,00171265,034230,OFS,재무제표,IS,손익계산서,총포괄손익,제 53 기,2023.01.01 ~ 2023.12.31,"12,438,570,388",제 52 기,2022.01.01 ~ 2022.12.31,"119,608,187,852",제 51 기,2021.01.01 ~ 2021.12.31,"-82,098,917,895",64,KRW,2023
20250415000021,11011,2024,00171265,034230,CFS,연결재무제표,BS,재무상태표,유동자산,제 54 기,2024.12.31 현재,"863,960,043,760",제 53 기,2023.12.31 현재,"862,802,346,434",제 52 기,2022.12.31 현재,"694,517,541,841",1,KRW,2024
20250415000021,11011,2024,00171265,034230,CFS,연결재무제표,BS,재무상태표,비유동자산,제 54 기,2024.12.31 현재,"3,069,808,337,541",제 53 기,2023.12.31 현재,"2,755,477,020,606",제 52 기,2022.12.31 현재,"2,817,006,263,751",3,KRW,2024
20250415000021,11011,2024,00171265,034230,CFS,연결재무제표,BS,재무상태표,자산총계,제 54 기,2024.12.31 현재,"3,933,768,381,301",제 53 기,2023.12.31 현재,"3,618,279,367,040",제 52 기,2022.12.31 현재,"3,511,523,805,592",5,KRW,2024
20250415000021,11011,2024,00171265,034230,CFS,연결재무제표,BS,재무상태표,유동부채,제 54 기,2024.12.31 현재,"668,181,620,209",제 53 기,2023.12.31 현재,"690,669,675,163",제 52 기,2022.12.31 현재,"1,174,093,555,790",7,KRW,2024
20250415000021,11011,2024,00171265,034230,CFS,연결재무제표,BS,재무상태표,비유동부채,제 54 기,2024.12.31 현재,"1,190,384,130,550",제 53 기,2023.12.31 현재,"1,142,144,604,707",제 52 기,2022.12.31 현재,"652,263,362,474",9,KRW,2024
20250415000021,11011,2024,00171265,034230,CFS,연결재무제표,BS,재무상태표,부채총계,제 54 기,2024.12.31 현재,"1,858,565,750,759",제 53 기,2023.12.31 현재,"1,832,814,279,870",제 52 기,2022.12.31 현재,"1,826,356,918,264",11,KRW,2024
20250415000021,11011,2024,00171265,034230,CFS,연결재무제표,BS,재무상태표,자본금,제 54 기,2024.12.31 현재,"47,446,830,500",제 53 기,2023.12.31 현재,"47,440,556,500",제 52 기,2022.12.31 현재,"47,065,542,000",13,KRW,2024
20250415000021,11011,2024,00171265,034230,CFS,연결재무제표,BS,재무상태표,이익잉여금,제 54 기,2024.12.31 현재,"628,783,591,739",제 53 기,2023.12.31 현재,"571,762,000,712",제 52 기,2022.12.31 현재,"524,910,068,727",17,KRW,2024
20250415000021,11011,2024,00171265,034230,CFS,연결재무제표,BS,재무상태표,자본총계,제 54 기,2024.12.31 현재,"2,075,202,630,542",제 53 기,2023.12.31 현재,"1,785,465,087,170",제 52 기,2022.12.31 현재,"1,685,166,887,328",21,KRW,2024
20250415000021,11011,2024,00171265,034230,CFS,연결재무제표,IS,손익계산서,매출액,제 54 기,2024.01.01 ~ 2024.12.31,"1,072,108,965,111",제 53 기,2023.01.01 ~ 2023.12.31,"994,199,113,643",제 52 기,2022.01.01 ~ 2022.12.31,"587,637,410,933",23,KRW,2024
20250415000021,11011,2024,00171265,034230,CFS,연결재무제표,IS,손익계산서,영업이익,제 54 기,2024.01.01 ~ 2024.12.31,"136,055,145,217",제 53 기,2023.01.01 ~ 2023.12.31,"145,770,072,264",제 52 기,2022.01.01 ~ 2022.12.31,"10,412,544,286",25,KRW,2024
20250415000021,11011,2024,00171265,034230,CFS,연결재무제표,IS,손익계산서,법인세차감전 순이익,제 54 기,2024.01.01 ~ 2024.12.31,"100,813,106,111",제 53 기,2023.01.01 ~ 2023.12.31,"91,500,022,553",제 52 기,2022.01.01 ~ 2022.12.31,"30,133,291,670",27,KRW,2024
20250415000021,11011,2024,00171265,034230,CFS,연결재무제표,IS,손익계산서,당기순이익(손실),제 54 기,2024.01.01 ~ 2024.12.31,"110,693,395,334",제 53 기,2023.01.01 ~ 2023.12.31,"80,184,040,634",제 52 기,2022.01.01 ~ 2022.12.31,"15,811,360,776",29,KRW,2024
20250415000021,11011,2024,00171265,034230,CFS,연결재무제표,IS,손익계산서,당기순이익(손실),제 54 기,2024.01.01 ~ 2024.12.31,"110,693,395,334",제 53 기,2023.01.01 ~ 2023.12.31,"80,184,040,634",제 52 기,2022.01.01 ~ 2022.12.31,"15,811,360,776",61,KRW,2024
20250415000021,11011,2024,00171265,034230,CFS,연결재무제표,IS,손익계산서,총포괄손익,제 54 기,2024.01.01 ~ 2024.12.31,"298,195,551,907",제 53 기,2023.01.01 ~ 2023.12.31,"47,493,896,150",제 52 기,2022.01.01 ~ 2022.12.31,"121,830,634,743",63,KRW,2024
20250415000021,11011,2024,00171265,034230,OFS,재무제표,BS,재무상태표,유동자산,제 54 기,2024.12.31 현재,"435,836,714,687",제 53 기,2023.12.31 현재,"518,049,439,118",제 52 기,2022.12.31 현재,"340,347,829,499",2,KRW,2024
20250415000021,11011,2024,00171265,034230,OFS,재무제표,BS,재무상태표,비유동자산,제 54 기,2024.12.31 현재,"1,647,398,759,818",제 53 기,2023.12.31 현재,"1,490,652,331,759",제 52 기,2022.12.31 현재,"1,479,901,963,812",4,KRW,2024
20250415000021,11011,2024,00171265,034230,OFS,재무제표,BS,재무상태표,자산총계,제 54 기,2024.12.31 현재,"2,083,235,474,505",제 53 기,2023.12.31 현재,"2,008,701,770,877",제 52 기,2022.12.31 현재,"1,820,249,793,311",6,KRW,2024
20250415000021,11011,2024,00171265,034230,OFS,재무제표,BS,재무상태표,유동부채,제 54 기,2024.12.31 현재,"435,493,894,802",제 53 기,2023.12.31 현재,"486,181,287,862",제 52 기,2022.12.31 현재,"304,824,511,890",8,KRW,2024
20250415000021,11011,2024,00171265,034230,OFS,재무제표,BS,재무상태표,비유동부채,제 54 기,2024.12.31 현재,"413,169,396,828",제 53 기,2023.12.31 현재,"436,573,137,503",제 52 기,2022.12.31 현재,"449,833,726,395",10,KRW,2024
20250415000021,11011,2024,00171265,034230,OFS,재무제표,BS,재무상태표,부채총계,제 54 기,2024.12.31 현재,"848,663,291,630",제 53 기,2023.12.31 현재,"922,754,425,365",제 52 기,2022.12.31 현재,"754,658,238,285",12,KRW,2024
20250415000021,11011,2024,00171265,034230,OFS,재무제표,BS,재무상태표,자본금,제 54 기,2024.12.31 현재,"47,446,830,500",제 53 기,2023.12.31 현재,"47,440,556,500",제 52 기,2022.12.31 현재,"47,065,542,000",15,KRW,2024
20250415000021,11011,2024,00171265,034230,OFS,재무제표,BS,재무상태표,이익잉여금,제 54 기,2024.12.31 현재,"605,545,684,301",제 53 기,2023.12.31 현재,"478,625,821,572",제 52 기,2022.12.31 현재,"460,160,811,266",19,KRW,2024
20250415000021,11011,2024,00171265,034230,OFS,재무제표,BS,재무상태표,자본총계,제 54 기,2024.12.31 현재,"1,234,572,182,875",제 53 기,2023.12.31 현재,"1,085,947,345,512",제 52 기,2022.12.31 현재,"1,065,591,555,026",22,KRW,2024
20250415000021,11011,2024,00171265,034230,OFS,재무제표,IS,손익계산서,매출액,제 54 기,2024.01.01 ~ 2024.12.31,"419,284,600,650",제 53 기,2023.01.01 ~ 2023.12.31,"430,017,237,546",제 52 기,2022.01.01 ~ 2022.12.31,"202,689,686,747",24,KRW,2024
20250415000021,11011,2024,00171265,034230,OFS,재무제표,IS,손익계산서,영업이익,제 54 기,2024.01.01 ~ 2024.12.31,"44,553,236,502",제 53 기,2023.01.01 ~ 2023.12.31,"69,773,239,234",제 52 기,2022.01.01 ~ 2022.12.31,"-19,864,664,008",26,KRW,2024
20250415000021,11011,2024,00171265,034230,OFS,재무제표,IS,손익계산서,법인세차감전 순이익,제 54 기,2024.01.01 ~ 2024.12.31,"151,954,504,639",제 53 기,2023.01.01 ~ 2023.12.31,"37,942,339,001",제 52 기,2022.01.01 ~ 2022.12.31,"38,095,293,336",28,KRW,2024
20250415000021,11011,2024,00171265,034230,OFS,재무제표,IS,손익계산서,당기순이익(손실),제 54 기,2024.01.01 ~ 2024.12.31,"143,729,699,556",제 53 기,2023.01.01 ~ 2023.12.31,"31,694,824,541",제 52 기,2022.01.01 ~ 2022.12.31,"26,154,552,943",30,KRW,2024
20250415000021,11011,2024,00171265,034230,OFS,재무제표,IS,손익계산서,당기순이익(손실),제 54 기,2024.01.01 ~ 2024.12.31,"143,729,699,556",제 53 기,2023.01.01 ~ 2023.12.31,"31,694,824,541",제 52 기,2022.01.01 ~ 2022.12.31,"26,154,552,943",62,KRW,2024
20250415000021,11011,2024,00171265,034230,OFS,재무제표,IS,손익계산서,총포괄손익,제 54 기,2024.01.01 ~ 2024.12.31,"157,082,845,898",제 53 기,2023.01.01 ~ 2023.12.31,"12,438,570,388",제 52 기,2022.01.01 ~ 2022.12.31,"119,608,187,852",64,KRW,2024
20250509000499,11011,2024,01194689,443060,CFS,연결재무제표,BS,재무상태표,유동자산,제 9 기,2024.12.31 현재,"1,075,525,917,500",제 8 기,2023.12.31 현재,"597,262,316,831",제 7 기,2022.12.31 현재,"453,230,897,268",1,KRW,2024
20250509000499,11011,2024,01194689,443060,CFS,연결재무제표,BS,재무상태표,비유동자산,제 9 기,2024.12.31 현재,"76,702,050,981",제 8 기,2023.12.31 현재,"59,355,829,665",제 7 기,2022.12.31 현재,"66,584,860,923",3,KRW,2024
20250509000499,11011,2024,01194689,443060,CFS,연결재무제표,BS,재무상태표,자산총계,제 9 기,2024.12.31 현재,"1,152,227,968,481",제 8 기,2023.12.31 현재,"656,618,146,496",제 7 기,2022.12.31 현재,"519,815,758,191",5,KRW,2024
20250509000499,11011,2024,01194689,443060,CFS,연결재무제표,BS,재무상태표,유동부채,제 9 기,2024.12.31 현재,"342,617,751,499",제 8 기,2023.12.31 현재,"387,790,345,478",제 7 기,2022.12.31 현재,"313,608,125,164",7,KRW,2024
20250509000499,11011,2024,01194689,443060,CFS,연결재무제표,BS,재무상태표,비유동부채,제 9 기,2024.12.31 현재,"36,075,655,424",제 8 기,2023.12.31 현재,"28,860,949,538",제 7 기,2022.12.31 현재,"23,990,752,119",9,KRW,2024
20250509000499,11011,2024,01194689,443060,CFS,연결재무제표,BS,재무상태표,부채총계,제 9 기,2024.12.31 현재,"378,693,406,923",제 8 기,2023.12.31 현재,"416,651,295,016",제 7 기,2022.12.31 현재,"337,598,877,283",11,KRW,2024
20250509000499,11011,2024,01194689,443060,CFS,연결재무제표,BS,재무상태표,자본금,제 9 기,2024.12.31 현재,"22,225,000,000",제 8 기,2023.12.31 현재,"20,000,000,000",제 7 기,2022.12.31 현재,"20,000,000,000",13,KRW,2024
20250509000499,11011,2024,01194689,443060,CFS,연결재무제표,BS,재무상태표,이익잉여금,제 9 기,2024.12.31 현재,"323,527,073,431",제 8 기,2023.12.31 현재,"198,358,444,164",제 7 기,2022.12.31 현재,"139,616,531,936",17,KRW,2024
20250509000499,11011,2024,01194689,443060,CFS,연결재무제표,BS,재무상태표,자본총계,제 9 기,2024.12.31 현재,"773,534,561,558",제 8 기,2023.12.31 현재,"239,966,851,480",제 7 기,2022.12.31 현재,"182,216,880,908",21,KRW,2024
20250509000499,11011,2024,01194689,443060,CFS,연결재무제표,IS,손익계산서,매출액,제 9 기,2024.01.01 ~ 2024.12.31,"1,745,458,578,779",제 8 기,2023.01.01 ~ 2023.12.31,"1,430,463,166,385",제 7 기,2022.01.01 ~ 2022.12.31,"1,333,798,581,178",23,KRW,2024
20250509000499,11011,2024,01194689,443060,CFS,연결재무제표,IS,손익계산서,영업이익,제 9 기,2024.01.01 ~ 2024.12.31,"271,729,951,500",제 8 기,2023.01.01 ~ 2023.12.31,"201,472,478,355",제 7 기,2022.01.01 ~ 2022.12.31,"141,950,407,376",25,KRW,2024
20250509000499,11011,2024,01194689,443060,CFS,연결재무제표,IS,손익계산서,법인세차감전 순이익,제 9 기,2024.01.01 ~ 2024.12.31,"296,920,610,917",제 8 기,2023.01.01 ~ 2023.12.31,"201,008,440,331",제 7 기,2022.01.01 ~ 2022.12.31,"141,898,529,319",27,KRW,2024
20250509000499,11011,2024,01194689,443060,CFS,연결재무제표,IS,손익계산서,당기순이익(손실),제 9 기,2024.01.01 ~ 2024.12.31,"227,940,276,635",제 8 기,2023.01.01 ~ 2023.12.31,"151,116,175,331",제 7 기,2022.01.01 ~ 2022.12.31,"104,926,507,806",29,KRW,2024
20250509000499,11011,2024,01194689,443060,CFS,연결재무제표,IS,손익계산서,당기순이익(손실),제 9 기,2024.01.01 ~ 2024.12.31,"227,940,276,635",제 8 기,2023.01.01 ~ 2023.12.31,"151,116,175,331",제 7 기,2022.01.01 ~ 2022.12.31,"104,926,507,806",61,KRW,2024
20250509000499,11011,2024,01194689,443060,CFS,연결재무제표,IS,손익계산서,총포괄손익,제 9 기,2024.01.01 ~ 2024.12.31,"237,728,353,168",제 8 기,2023.01.01 ~ 2023.12.31,"147,239,127,588",제 7 기,2022.01.01 ~ 2022.12.31,"107,345,727,096",63,KRW,2024
20250509000499,11011,2024,01194689,443060,OFS,재무제표,BS,재무상태표,유동자산,제 9 기,2024.12.31 현재,"910,176,474,049",제 8 기,2023.12.31 현재,"479,747,146,100",제 7 기,2022.12.31 현재,"408,182,165,139",2,KRW,2024
20250509000499,11011,2024,01194689,443060,OFS,재무제표,BS,재무상태표,비유동자산,제 9 기,2024.12.31 현재,"122,729,231,030",제 8 기,2023.12.31 현재,"107,133,837,210",제 7 기,2022.12.31 현재,"75,317,676,343",4,KRW,2024
20250509000499,11011,2024,01194689,443060,OFS,재무제표,BS,재무상태표,자산총계,제 9 기,2024.12.31 현재,"1,032,905,705,079",제 8 기,2023.12.31 현재,"586,880,983,310",제 7 기,2022.12.31 현재,"483,499,841,482",6,KRW,2024
20250509000499,11011,2024,01194689,443060,OFS,재무제표,BS,재무상태표,유동부채,제 9 기,2024.12.31 현재,"268,406,211,863",제 8 기,2023.12.31 현재,"320,801,158,871",제 7 기,2022.12.31 현재,"262,098,659,907",8,KRW,2024
20250509000499,11011,2024,01194689,443060,OFS,재무제표,BS,재무상태표,비유동부채,제 9 기,2024.12.31 현재,"12,119,129,248",제 8 기,2023.12.31 현재,"12,123,520,216",제 7 기,2022.12.31 현재,"19,121,456,330",10,KRW,2024
20250509000499,11011,2024,01194689,443060,OFS,재무제표,BS,재무상태표,부채총계,제 9 기,2024.12.31 현재,"280,525,341,111",제 8 기,2023.12.31 현재,"332,924,679,087",제 7 기,2022.12.31 현재,"281,220,116,237",12,KRW,2024
20250509000499,11011,2024,01194689,443060,OFS,재무제표,BS,재무상태표,자본금,제 9 기,2024.12.31 현재,"22,225,000,000",제 8 기,2023.12.31 현재,"20,000,000,000",제 7 기,2022.12.31 현재,"20,000,000,000",15,KRW,2024
20250509000499,11011,2024,01194689,443060,OFS,재무제표,BS,재무상태표,이익잉여금,제 9 기,2024.12.31 현재,"316,063,290,544",제 8 기,2023.12.31 현재,"213,481,087,709",제 7 기,2022.12.31 현재,"162,315,351,715",19,KRW,2024
20250509000499,11011,2024,01194689,443060,OFS,재무제표,BS,재무상태표,자본총계,제 9 기,2024.12.31 현재,"752,380,363,968",제 8 기,2023.12.31 현재,"253,956,304,223",제 7 기,2022.12.31 현재,"202,279,725,245",22,KRW,2024
20250509000499,11011,2024,01194689,443060,OFS,재무제표,IS,손익계산서,매출액,제 9 기,2024.01.01 ~ 2024.12.31,"1,301,321,358,872",제 8 기,2023.01.01 ~ 2023.12.31,"1,145,160,303,472",제 7 기,2022.01.01 ~ 2022.12.31,"1,080,844,655,058",24,KRW,2024
20250509000499,11011,2024,01194689,443060,OFS,재무제표,IS,손익계산서,영업이익,제 9 기,2024.01.01 ~ 2024.12.31,"240,192,196,941",제 8 기,2023.01.01 ~ 2023.12.31,"185,602,953,530",제 7 기,2022.01.01 ~ 2022.12.31,"150,613,002,167",26,KRW,2024
20250509000499,11011,2024,01194689,443060,OFS,재무제표,IS,손익계산서,법인세차감전 순이익,제 9 기,2024.01.01 ~ 2024.12.31,"267,578,118,922",제 8 기,2023.01.01 ~ 2023.12.31,"190,189,602,498",제 7 기,2022.01.01 ~ 2022.12.31,"154,142,264,879",28,KRW,2024
20250509000499,11011,2024,01194689,443060,OFS,재무제표,IS,손익계산서,당기순이익(손실),제 9 기,2024.01.01 ~ 2024.12.31,"205,210,592,404",제 8 기,2023.01.01 ~ 2023.12.31,"143,474,006,953",제 7 기,2022.01.01 ~ 2022.12.31,"113,599,645,764",30,KRW,2024
20250509000499,11011,2024,01194689,443060,OFS,재무제표,IS,손익계산서,당기순이익(손실),제 9 기,2024.01.01 ~ 2024.12.31,"205,210,592,404",제 8 기,2023.01.01 ~ 2023.12.31,"143,474,006,953",제 7 기,2022.01.01 ~ 2022.12.31,"113,599,645,764",62,KRW,2024
20250509000499,11011,2024,01194689,443060,OFS,재무제표,IS,손익계산서,총포괄손익,제 9 기,2024.01.01 ~ 2024.12.31,"202,584,702,835",제 8 기,2023.01.01 ~ 2023.12.31,"141,165,735,994",제 7 기,2022.01.01 ~ 2022.12.31,"115,045,638,070",64,KRW,2024
20250317000875,11011,2024,01817081,475150,CFS,연결재무제표,BS,재무상태표,유동자산,제 1 기,2024.12.31 현재,"255,027,256,240",,,-,,,-,1,KRW,2024
20250317000875,11011,2024,01817081,475150,CFS,연결재무제표,BS,재무상태표,비유동자산,제 1 기,2024.12.31 현재,"476,667,420,417",,,-,,,-,3,KRW,2024
20250317000875,11011,2024,01817081,475150,CFS,연결재무제표,BS,재무상태표,자산총계,제 1 기,2024.12.31 현재,"731,694,676,657",,,-,,,-,5,KRW,2024
20250317000875,11011,2024,01817081,475150,CFS,연결재무제표,BS,재무상태표,유동부채,제 1 기,2024.12.31 현재,"297,066,304,665",,,-,,,-,7,KRW,2024
20250317000875,11011,2024,01817081,475150,CFS,연결재무제표,BS,재무상태표,비유동부채,제 1 기,2024.12.31 현재,"192,655,618,753",,,-,,,-,9,KRW,2024
20250317000875,11011,2024,01817081,475150,CFS,연결재무제표,BS,재무상태표,부채총계,제 1 기,2024.12.31 현재,"489,721,923,418",,,-,,,-,11,KRW,2024
20250317000875,11011,2024,01817081,475150,CFS,연결재무제표,BS,재무상태표,자본금,제 1 기,2024.12.31 현재,"6,738,379,000",,,-,,,-,13,KRW,2024
20250317000875,11011,2024,01817081,475150,CFS,연결재무제표,BS,재무상태표,이익잉여금,제 1 기,2024.12.31 현재,"21,421,020,279",,,-,,,-,17,KRW,2024
20250317000875,11011,2024,01817081,475150,CFS,연결재무제표,BS,재무상태표,자본총계,제 1 기,2024.12.31 현재,"241,972,753,239",,,-,,,-,21,KRW,2024
20250317000875,11011,2024,01817081,475150,CFS,연결재무제표,IS,손익계산서,매출액,제 1 기,2024.03.01 ~ 2024.12.31,"332,151,737,229",,,-,,,-,23,KRW,2024
20250317000875,11011,2024,01817081,475150,CFS,연결재무제표,IS,손익계산서,영업이익,제 1 기,2024.03.01 ~ 2024.12.31,"37,637,399,717",,,-,,,-,25,KRW,2024
20250317000875,11011,2024,01817081,475150,CFS,연결재무제표,IS,손익계산서,법인세차감전 순이익,제 1 기,2024.03.01 ~ 2024.12.31,"27,483,891,580",,,-,,,-,27,KRW,2024
20250317000875,11011,2024,01817081,475150,CFS,연결재무제표,IS,손익계산서,당기순이익(손실),제 1 기,2024.03.01 ~ 2024.12.31,"22,380,995,585",,,-,,,-,29,KRW,2024
20250317000875,11011,2024,01817081,475150,CFS,연결재무제표,IS,손익계산서,당기순이익(손실),제 1 기,2024.03.01 ~ 2024.12.31,"22,380,995,585",,,-,,,-,61,KRW,2024
20250317000875,11011,2024,01817081,475150,CFS,연결재무제표,IS,손익계산서,총포괄손익,제 1 기,2024.03.01 ~ 2024.12.31,"22,937,466,503",,,-,,,-,63,KRW,2024
20250317000875,11011,2024,01817081,475150,OFS,재무제표,BS,재무상태표,유동자산,제 1 기,2024.12.31 현재,"242,832,467,680",,,-,,,-,2,KRW,2024
20250317000875,11011,2024,01817081,475150,OFS,재무제표,BS,재무상태표,비유동자산,제 1 기,2024.12.31 현재,"427,234,631,494",,,-,,,-,4,KRW,2024
20250317000875,11011,2024,01817081,475150,OFS,재무제표,BS,재무상태표,자산총계,제 1 기,2024.12.31 현재,"670,067,099,174",,,-,,,-,6,KRW,2024
20250317000875,11011,2024,01817081,475150,OFS,재무제표,BS,재무상태표,유동부채,제 1 기,2024.12.31 현재,"291,124,131,184",,,-,,,-,8,KRW,2024
20250317000875,11011,2024,01817081,475150,OFS,재무제표,BS,재무상태표,비유동부채,제 1 기,2024.12.31 현재,"136,970,214,751",,,-,,,-,10,KRW,2024
20250317000875,11011,2024,01817081,475150,OFS,재무제표,BS,재무상태표,부채총계,제 1 기,2024.12.31 현재,"428,094,345,935",,,-,,,-,12,KRW,2024
20250317000875,11011,2024,01817081,475150,OFS,재무제표,BS,재무상태표,자본금,제 1 기,2024.12.31 현재,"6,738,379,000",,,-,,,-,15,KRW,2024
20250317000875,11011,2024,01817081,475150,OFS,재무제표,BS,재무상태표,이익잉여금,제 1 기,2024.12.31 현재,"22,963,786,279",,,-,,,-,19,KRW,2024
20250317000875,11011,2024,01817081,475150,OFS,재무제표,BS,재무상태표,자본총계,제 1 기,2024.12.31 현재,"241,972,753,239",,,-,,,-,22,KRW,2024
20250317000875,11011,2024,01817081,475150,OFS,재무제표,IS,손익계산서,매출액,제 1 기,2024.03.01 ~ 2024.12.31,"325,644,011,913",,,-,,,-,24,KRW,2024
20250317000875,11011,2024,01817081,475150,OFS,재무제표,IS,손익계산서,영업이익,제 1 기,2024.03.01 ~ 2024.12.31,"35,986,550,741",,,-,,,-,26,KRW,2024
20250317000875,11011,2024,01817081,475150,OFS,재무제표,IS,손익계산서,법인세차감전 순이익,제 1 기,2024.03.01 ~ 2024.12.31,"28,938,931,708",,,-,,,-,28,KRW,2024
20250317000875,11011,2024,01817081,475150,OFS,재무제표,IS,손익계산서,당기순이익(손실),제 1 기,2024.03.01 ~ 2024.12.31,"22,999,188,652",,,-,,,-,30,KRW,2024
20250317000875,11011,2024,01817081,475150,OFS,재무제표,IS,손익계산서,당기순이익(손실),제 1 기,2024.03.01 ~ 2024.12.31,"22,999,188,652",,,-,,,-,62,KRW,2024
20250317000875,11011,2024,01817081,475150,OFS,재무제표,IS,손익계산서,총포괄손익,제 1 기,2024.03.01 ~ 2024.12.31,"23,555,659,570",,,-,,,-,64,KRW,2024
20200924000296,11011,2019,01190568,278470,CFS,연결재무제표,BS,재무상태표,유동자산,제 6 기,2019.12.31 현재,"47,475,785,739",제 5 기,2018.12.31 현재,"44,799,712,618",제 5 기초,2018.01.01 현재,"22,210,494,595",1,KRW,2019
20200924000296,11011,2019,01190568,278470,CFS,연결재무제표,BS,재무상태표,비유동자산,제 6 기,2019.12.31 현재,"13,049,423,769",제 5 기,2018.12.31 현재,"13,264,308,272",제 5 기초,2018.01.01 현재,"8,178,692,796",3,KRW,2019
20200924000296,11011,2019,01190568,278470,CFS,연결재무제표,BS,재무상태표,자산총계,제 6 기,2019.12.31 현재,"60,525,209,508",제 5 기,2018.12.31 현재,"58,064,020,890",제 5 기초,2018.01.01 현재,"30,389,187,391",5,KRW,2019
20200924000296,11011,2019,01190568,278470,CFS,연결재무제표,BS,재무상태표,유동부채,제 6 기,2019.12.31 현재,"48,864,802,988",제 5 기,2018.12.31 현재,"48,013,307,638",제 5 기초,2018.01.01 현재,"19,737,804,802",7,KRW,2019
20200924000296,11011,2019,01190568,278470,CFS,연결재무제표,BS,재무상태표,비유동부채,제 6 기,2019.12.31 현재,"2,263,653,555",제 5 기,2018.12.31 현재,"1,784,344,132",제 5 기초,2018.01.01 현재,"2,009,559,100",9,KRW,2019
20200924000296,11011,2019,01190568,278470,CFS,연결재무제표,BS,재무상태표,부채총계,제 6 기,2019.12.31 현재,"51,128,456,543",제 5 기,2018.12.31 현재,"49,797,651,770",제 5 기초,2018.01.01 현재,"21,747,363,902",11,KRW,2019
20200924000296,11011,2019,01190568,278470,CFS,연결재무제표,BS,재무상태표,자본금,제 6 기,2019.12.31 현재,"2,982,160,000",제 5 기,2018.12.31 현재,"2,982,160,000",제 5 기초,2018.01.01 현재,"2,800,000,000",13,KRW,2019
20200924000296,11011,2019,01190568,278470,CFS,연결재무제표,BS,재무상태표,이익잉여금,제 6 기,2019.12.31 현재,"-5,191,367,455",제 5 기,2018.12.31 현재,"-4,812,317,349",제 5 기초,2018.01.01 현재,"3,563,459,458",17,KRW,2019
20200924000296,11011,2019,01190568,278470,CFS,연결재무제표,BS,재무상태표,자본총계,제 6 기,2019.12.31 현재,"9,396,752,965",제 5 기,2018.12.31 현재,"8,266,369,120",제 5 기초,2018.01.01 현재,"8,641,823,489",21,KRW,2019
20200924000296,11011,2019,01190568,278470,CFS,연결재무제표,IS,손익계산서,매출액,제 6 기,2019.01.01 ~ 2019.12.31,"158,999,740,099",제 5 기,2018.01.01 ~ 2018.12.31,"102,627,923,034",제 4 기,2017.01.01 ~ 2017.12.31,-,23,KRW,2019
20200924000296,11011,2019,01190568,278470,CFS,연결재무제표,IS,손익계산서,영업이익,제 6 기,2019.01.01 ~ 2019.12.31,"7,152,417,688",제 5 기,2018.01.01 ~ 2018.12.31,"-5,970,927,570",제 4 기,2017.01.01 ~ 2017.12.31,-,25,KRW,2019
20200924000296,11011,2019,01190568,278470,CFS,연결재무제표,IS,손익계산서,법인세차감전 순이익,제 6 기,2019.01.01 ~ 2019.12.31,"1,077,420,317",제 5 기,2018.01.01 ~ 2018.12.31,"-8,823,615,362",제 4 기,2017.01.01 ~ 2017.12.31,-,27,KRW,2019
20200924000296,11011,2019,01190568,278470,CFS,연결재무제표,IS,손익계산서,당기순이익(손실),제 6 기,2019.01.01 ~ 2019.12.31,"-68,802,895",제 5 기,2018.01.01 ~ 2018.12.31,"-7,586,371,672",제 4 기,2017.01.01 ~ 2017.12.31,-,29,KRW,2019
20200924000296,11011,2019,01190568,278470,CFS,연결재무제표,IS,손익계산서,당기순이익(손실),제 6 기,2019.01.01 ~ 2019.12.31,"-68,802,895",제 5 기,2018.01.01 ~ 2018.12.31,"-7,586,371,672",제 4 기,2017.01.01 ~ 2017.12.31,-,61,KRW,2019
20200924000296,11011,2019,01190568,278470,OFS,재무제표,BS,재무상태표,유동자산,제 6 기,2019.12.31 현재,"33,402,233,498",제 5 기,2018.12.31 현재,"36,916,049,571",제 5 기초,2018.01.01 현재,"21,095,746,922",2,KRW,2019
20200924000296,11011,2019,01190568,278470,OFS,재무제표,BS,재무상태표,비유동자산,제 6 기,2019.12.31 현재,"22,752,153,677",제 5 기,2018.12.31 현재,"18,847,583,152",제 5 기초,2018.01.01 현재,"6,686,030,963",4,KRW,2019
20200924000296,11011,2019,01190568,278470,OFS,재무제표,BS,재무상태표,자산총계,제 6 기,2019.12.31 현재,"56,154,387,175",제 5 기,2018.12.31 현재,"55,763,632,723",제 5 기초,2018.01.01 현재,"27,781,777,885",6,KRW,2019
20200924000296,11011,2019,01190568,278470,OFS,재무제표,BS,재무상태표,유동부채,제 6 기,2019.12.31 현재,"45,704,192,828",제 5 기,2018.12.31 현재,"45,785,679,380",제 5 기초,2018.01.01 현재,"18,360,707,333",8,KRW,2019
20200924000296,11011,2019,01190568,278470,OFS,재무제표,BS,재무상태표,비유동부채,제 6 기,2019.12.31 현재,"710,760,393",제 5 기,2018.12.31 현재,"798,079,941",제 5 기초,2018.01.01 현재,"946,561,767",10,KRW,2019
20200924000296,11011,2019,01190568,278470,OFS,재무제표,BS,재무상태표,부채총계,제 6 기,2019.12.31 현재,"46,414,953,221",제 5 기,2018.12.31 현재,"46,583,759,321",제 5 기초,2018.01.01 현재,"19,307,269,100",12,KRW,2019
20200924000296,11011,2019,01190568,278470,OFS,재무제표,BS,재무상태표,자본금,제 6 기,2019.12.31 현재,"2,982,160,000",제 5 기,2018.12.31 현재,"2,982,160,000",제 5 기초,2018.01.01 현재,"2,800,000,000",15,KRW,2019
20200924000296,11011,2019,01190568,278470,OFS,재무제표,BS,재무상태표,이익잉여금,제 6 기,2019.12.31 현재,"-4,219,752,346",제 5 기,2018.12.31 현재,"-3,072,424,932",제 5 기초,2018.01.01 현재,"3,595,272,435",19,KRW,2019
20200924000296,11011,2019,01190568,278470,OFS,재무제표,BS,재무상태표,자본총계,제 6 기,2019.12.31 현재,"9,739,433,954",제 5 기,2018.12.31 현재,"9,179,873,402",제 5 기초,2018.01.01 현재,"8,474,508,785",22,KRW,2019
20200924000296,11011,2019,01190568,278470,OFS,재무제표,IS,손익계산서,매출액,제 6 기,2019.01.01 ~ 2019.12.31,"118,727,116,052",제 5 기,2018.01.01 ~ 2018.12.31,"77,447,978,449",제 4 기,2017.01.01 ~ 2017.12.31,-,24,KRW,2019
20200924000296,11011,2019,01190568,278470,OFS,재무제표,IS,손익계산서,영업이익,제 6 기,2019.01.01 ~ 2019.12.31,"2,310,983,450",제 5 기,2018.01.01 ~ 2018.12.31,"-7,024,891,500",제 4 기,2017.01.01 ~ 2017.12.31,-,26,KRW,2019
20200924000296,11011,2019,01190568,278470,OFS,재무제표,IS,손익계산서,법인세차감전 순이익,제 6 기,2019.01.01 ~ 2019.12.31,"-70,839,757",제 5 기,2018.01.01 ~ 2018.12.31,"-8,010,249,438",제 4 기,2017.01.01 ~ 2017.12.31,-,28,KRW,2019
20200924000296,11011,2019,01190568,278470,OFS,재무제표,IS,손익계산서,당기순이익(손실),제 6 기,2019.01.01 ~ 2019.12.31,"-1,087,322,746",제 5 기,2018.01.01 ~ 2018.12.31,"-6,505,605,686",제 4 기,2017.01.01 ~ 2017.12.31,-,30,KRW,2019
20200924000296,11011,2019,01190568,278470,OFS,재무제표,IS,손익계산서,당기순이익(손실),제 6 기,2019.01.01 ~ 2019.12.31,"-1,087,322,746",제 5 기,2018.01.01 ~ 2018.12.31,"-6,505,605,686",제 4 기,2017.01.01 ~ 2017.12.31,-,62,KRW,2019
20210331000895,11011,2020,01190568,278470,CFS,연결재무제표,BS,재무상태표,유동자산,제 7 기,2020.12.31 현재,"62,817,954,586",제 6 기,2019.12.31 현재,"47,475,785,739",제 5 기,2018.12.31 현재,"44,799,712,618",1,KRW,2020
20210331000895,11011,2020,01190568,278470,CFS,연결재무제표,BS,재무상태표,비유동자산,제 7 기,2020.12.31 현재,"29,010,706,735",제 6 기,2019.12.31 현재,"13,049,423,769",제 5 기,2018.12.31 현재,"13,264,308,272",3,KRW,2020
20210331000895,11011,2020,01190568,278470,CFS,연결재무제표,BS,재무상태표,자산총계,제 7 기,2020.12.31 현재,"91,828,661,321",제 6 기,2019.12.31 현재,"60,525,209,508",제 5 기,2018.12.31 현재,"58,064,020,890",5,KRW,2020
20210331000895,11011,2020,01190568,278470,CFS,연결재무제표,BS,재무상태표,유동부채,제 7 기,2020.12.31 현재,"29,046,487,205",제 6 기,2019.12.31 현재,"48,864,802,988",제 5 기,2018.12.31 현재,"48,013,307,638",7,KRW,2020
20210331000895,11011,2020,01190568,278470,CFS,연결재무제표,BS,재무상태표,비유동부채,제 7 기,2020.12.31 현재,"11,082,258,968",제 6 기,2019.12.31 현재,"2,263,653,555",제 5 기,2018.12.31 현재,"1,784,344,132",9,KRW,2020
20210331000895,11011,2020,01190568,278470,CFS,연결재무제표,BS,재무상태표,부채총계,제 7 기,2020.12.31 현재,"40,128,746,173",제 6 기,2019.12.31 현재,"51,128,456,543",제 5 기,2018.12.31 현재,"49,797,651,770",11,KRW,2020
20210331000895,11011,2020,01190568,278470,CFS,연결재무제표,BS,재무상태표,자본금,제 7 기,2020.12.31 현재,"3,447,104,000",제 6 기,2019.12.31 현재,"2,982,160,000",제 5 기,2018.12.31 현재,"2,982,160,000",13,KRW,2020
20210331000895,11011,2020,01190568,278470,CFS,연결재무제표,BS,재무상태표,이익잉여금,제 7 기,2020.12.31 현재,"2,498,609,837",제 6 기,2019.12.31 현재,"-5,191,367,455",제 5 기,2018.12.31 현재,"-4,812,317,349",17,KRW,2020
20210331000895,11011,2020,01190568,278470,CFS,연결재무제표,BS,재무상태표,자본총계,제 7 기,2020.12.31 현재,"51,699,915,148",제 6 기,2019.12.31 현재,"9,396,752,965",제 5 기,2018.12.31 현재,"8,266,369,120",21,KRW,2020
20210331000895,11011,2020,01190568,278470,CFS,연결재무제표,IS,손익계산서,매출액,제 7 기,2020.01.01 ~ 2020.12.31,"219,939,337,665",제 6 기,2019.01.01 ~ 2019.12.31,"158,999,740,099",제 5 기,2018.01.01 ~ 2018.12.31,"102,627,923,034",23,KRW,2020
20210331000895,11011,2020,01190568,278470,CFS,연결재무제표,IS,손익계산서,영업이익,제 7 기,2020.01.01 ~ 2020.12.31,"14,469,696,877",제 6 기,2019.01.01 ~ 2019.12.31,"7,152,417,688",제 5 기,2018.01.01 ~ 2018.12.31,"-5,970,927,570",25,KRW,2020
20210331000895,11011,2020,01190568,278470,CFS,연결재무제표,IS,손익계산서,법인세차감전 순이익,제 7 기,2020.01.01 ~ 2020.12.31,"8,853,878,654",제 6 기,2019.01.01 ~ 2019.12.31,"1,077,420,317",제 5 기,2018.01.01 ~ 2018.12.31,"-8,823,615,362",27,KRW,2020
20210331000895,11011,2020,01190568,278470,CFS,연결재무제표,IS,손익계산서,당기순이익(손실),제 7 기,2020.01.01 ~ 2020.12.31,"7,891,717,267",제 6 기,2019.01.01 ~ 2019.12.31,"-68,802,895",제 5 기,2018.01.01 ~ 2018.12.31,"-7,586,371,672",29,KRW,2020
20210331000895,11011,2020,01190568,278470,CFS,연결재무제표,IS,손익계산서,당기순이익(손실),제 7 기,2020.01.01 ~ 2020.12.31,"7,891,717,267",제 6 기,2019.01.01 ~ 2019.12.31,"-68,802,895",제 5 기,2018.01.01 ~ 2018.12.31,"-7,586,371,672",61,KRW,2020
20210331000895,11011,2020,01190568,278470,OFS,재무제표,BS,재무상태표,유동자산,제 7 기,2020.12.31 현재,"39,816,433,876",제 6 기,2019.12.31 현재,"33,402,233,498",제 5 기,2018.12.31 현재,"36,916,049,571",2,KRW,2020
20210331000895,11011,2020,01190568,278470,OFS,재무제표,BS,재무상태표,비유동자산,제 7 기,2020.12.31 현재,"46,047,234,174",제 6 기,2019.12.31 현재,"22,752,153,677",제 5 기,2018.12.31 현재,"18,847,583,152",4,KRW,2020
20210331000895,11011,2020,01190568,278470,OFS,재무제표,BS,재무상태표,자산총계,제 7 기,2020.12.31 현재,"85,863,668,050",제 6 기,2019.12.31 현재,"56,154,387,175",제 5 기,2018.12.31 현재,"55,763,632,723",6,KRW,2020
20210331000895,11011,2020,01190568,278470,OFS,재무제표,BS,재무상태표,유동부채,제 7 기,2020.12.31 현재,"23,187,037,268",제 6 기,2019.12.31 현재,"45,704,192,828",제 5 기,2018.12.31 현재,"45,785,679,380",8,KRW,2020
20210331000895,11011,2020,01190568,278470,OFS,재무제표,BS,재무상태표,비유동부채,제 7 기,2020.12.31 현재,"8,586,576,106",제 6 기,2019.12.31 현재,"710,760,393",제 5 기,2018.12.31 현재,"798,079,941",10,KRW,2020
20210331000895,11011,2020,01190568,278470,OFS,재무제표,BS,재무상태표,부채총계,제 7 기,2020.12.31 현재,"31,773,613,374",제 6 기,2019.12.31 현재,"46,414,953,221",제 5 기,2018.12.31 현재,"46,583,759,321",12,KRW,2020
20210331000895,11011,2020,01190568,278470,OFS,재무제표,BS,재무상태표,자본금,제 7 기,2020.12.31 현재,"3,447,104,000",제 6 기,2019.12.31 현재,"2,982,160,000",제 5 기,2018.12.31 현재,"2,982,160,000",15,KRW,2020
20210331000895,11011,2020,01190568,278470,OFS,재무제표,BS,재무상태표,이익잉여금,제 7 기,2020.12.31 현재,"3,896,062,778",제 6 기,2019.12.31 현재,"-4,219,752,346",제 5 기,2018.12.31 현재,"-3,072,424,932",19,KRW,2020
20210331000895,11011,2020,01190568,278470,OFS,재무제표,BS,재무상태표,자본총계,제 7 기,2020.12.31 현재,"54,090,054,676",제 6 기,2019.12.31 현재,"9,739,433,954",제 5 기,2018.12.31 현재,"9,179,873,402",22,KRW,2020
20210331000895,11011,2020,01190568,278470,OFS,재무제표,IS,손익계산서,매출액,제 7 기,2020.01.01 ~ 2020.12.31,"170,610,580,231",제 6 기,2019.01.01 ~ 2019.12.31,"118,727,116,052",제 5 기,2018.01.01 ~ 2018.12.31,"77,447,978,449",24,KRW,2020
20210331000895,11011,2020,01190568,278470,OFS,재무제표,IS,손익계산서,영업이익,제 7 기,2020.01.01 ~ 2020.12.31,"2,703,057,609",제 6 기,2019.01.01 ~ 2019.12.31,"2,310,983,450",제 5 기,2018.01.01 ~ 2018.12.31,"-7,024,891,500",26,KRW,2020
20210331000895,11011,2020,01190568,278470,OFS,재무제표,IS,손익계산서,법인세차감전 순이익,제 7 기,2020.01.01 ~ 2020.12.31,"6,688,165,786",제 6 기,2019.01.01 ~ 2019.12.31,"-70,839,757",제 5 기,2018.01.01 ~ 2018.12.31,"-8,010,249,438",28,KRW,2020
20210331000895,11011,2020,01190568,278470,OFS,재무제표,IS,손익계산서,당기순이익(손실),제 7 기,2020.01.01 ~ 2020.12.31,"8,317,555,099",제 6 기,2019.01.01 ~ 2019.12.31,"-1,087,322,746",제 5 기,2018.01.01 ~ 2018.12.31,"-6,505,605,686",30,KRW,2020
20210331000895,11011,2020,01190568,278470,OFS,재무제표,IS,손익계산서,당기순이익(손실),제 7 기,2020.01.01 ~ 2020.12.31,"8,317,555,099",제 6 기,2019.01.01 ~ 2019.12.31,"-1,087,322,746",제 5 기,2018.01.01 ~ 2018.12.31,"-6,505,605,686",62,KRW,2020
20220331002148,11011,2021,01190568,278470,CFS,연결재무제표,BS,재무상태표,유동자산,제 8 기,2021.12.31 현재,"90,318,935,738",제 7 기,2020.12.31 현재,"62,817,954,586",제 6 기,2019.12.31 현재,"47,475,785,739",1,KRW,2021
20220331002148,11011,2021,01190568,278470,CFS,연결재무제표,BS,재무상태표,비유동자산,제 8 기,2021.12.31 현재,"36,109,894,412",제 7 기,2020.12.31 현재,"29,010,706,735",제 6 기,2019.12.31 현재,"13,049,423,769",3,KRW,2021
20220331002148,11011,2021,01190568,278470,CFS,연결재무제표,BS,재무상태표,자산총계,제 8 기,2021.12.31 현재,"126,428,830,150",제 7 기,2020.12.31 현재,"91,828,661,321",제 6 기,2019.12.31 현재,"60,525,209,508",5,KRW,2021
20220331002148,11011,2021,01190568,278470,CFS,연결재무제표,BS,재무상태표,유동부채,제 8 기,2021.12.31 현재,"50,064,266,575",제 7 기,2020.12.31 현재,"29,046,487,205",제 6 기,2019.12.31 현재,"48,864,802,988",7,KRW,2021
20220331002148,11011,2021,01190568,278470,CFS,연결재무제표,BS,재무상태표,비유동부채,제 8 기,2021.12.31 현재,"10,363,482,951",제 7 기,2020.12.31 현재,"11,082,258,968",제 6 기,2019.12.31 현재,"2,263,653,555",9,KRW,2021
20220331002148,11011,2021,01190568,278470,CFS,연결재무제표,BS,재무상태표,부채총계,제 8 기,2021.12.31 현재,"60,427,749,526",제 7 기,2020.12.31 현재,"40,128,746,173",제 6 기,2019.12.31 현재,"51,128,456,543",11,KRW,2021
20220331002148,11011,2021,01190568,278470,CFS,연결재무제표,BS,재무상태표,자본금,제 8 기,2021.12.31 현재,"3,495,104,000",제 7 기,2020.12.31 현재,"3,447,104,000",제 6 기,2019.12.31 현재,"2,982,160,000",13,KRW,2021
20220331002148,11011,2021,01190568,278470,CFS,연결재무제표,BS,재무상태표,이익잉여금,제 8 기,2021.12.31 현재,"13,975,982,766",제 7 기,2020.12.31 현재,"2,498,609,837",제 6 기,2019.12.31 현재,"-5,191,367,455",17,KRW,2021
20220331002148,11011,2021,01190568,278470,CFS,연결재무제표,BS,재무상태표,자본총계,제 8 기,2021.12.31 현재,"66,001,080,624",제 7 기,2020.12.31 현재,"51,699,915,148",제 6 기,2019.12.31 현재,"9,396,752,965",21,KRW,2021
20220331002148,11011,2021,01190568,278470,CFS,연결재무제표,IS,손익계산서,매출액,제 8 기,2021.01.01 ~ 2021.12.31,"259,146,144,182",제 7 기,2020.01.01 ~ 2020.12.31,"219,939,337,665",제 6 기,2019.01.01 ~ 2019.12.31,"158,999,740,099",23,KRW,2021
20220331002148,11011,2021,01190568,278470,CFS,연결재무제표,IS,손익계산서,영업이익,제 8 기,2021.01.01 ~ 2021.12.31,"14,273,152,154",제 7 기,2020.01.01 ~ 2020.12.31,"14,469,696,877",제 6 기,2019.01.01 ~ 2019.12.31,"7,152,417,688",25,KRW,2021
20220331002148,11011,2021,01190568,278470,CFS,연결재무제표,IS,손익계산서,법인세차감전 순이익,제 8 기,2021.01.01 ~ 2021.12.31,"13,737,679,498",제 7 기,2020.01.01 ~ 2020.12.31,"8,853,878,654",제 6 기,2019.01.01 ~ 2019.12.31,"1,077,420,317",27,KRW,2021
20220331002148,11011,2021,01190568,278470,CFS,연결재무제표,IS,손익계산서,당기순이익(손실),제 8 기,2021.01.01 ~ 2021.12.31,"11,398,827,028",제 7 기,2020.01.01 ~ 2020.12.31,"7,891,717,267",제 6 기,2019.01.01 ~ 2019.12.31,"-68,802,895",29,KRW,2021
20220331002148,11011,2021,01190568,278470,CFS,연결재무제표,IS,손익계산서,당기순이익(손실),제 8 기,2021.01.01 ~ 2021.12.31,"11,398,827,028",제 7 기,2020.01.01 ~ 2020.12.31,"7,891,717,267",제 6 기,2019.01.01 ~ 2019.12.31,"-68,802,895",61,KRW,2021
20220331002148,11011,2021,01190568,278470,OFS,재무제표,BS,재무상태표,유동자산,제 8 기,2021.12.31 현재,"81,874,905,885",제 7 기,2020.12.31 현재,"39,816,433,876",제 6 기,2019.12.31 현재,"33,402,233,498",2,KRW,2021
20220331002148,11011,2021,01190568,278470,OFS,재무제표,BS,재무상태표,비유동자산,제 8 기,2021.12.31 현재,"46,732,050,817",제 7 기,2020.12.31 현재,"46,047,234,174",제 6 기,2019.12.31 현재,"22,752,153,677",4,KRW,2021
20220331002148,11011,2021,01190568,278470,OFS,재무제표,BS,재무상태표,자산총계,제 8 기,2021.12.31 현재,"128,606,956,702",제 7 기,2020.12.31 현재,"85,863,668,050",제 6 기,2019.12.31 현재,"56,154,387,175",6,KRW,2021
20220331002148,11011,2021,01190568,278470,OFS,재무제표,BS,재무상태표,유동부채,제 8 기,2021.12.31 현재,"50,368,868,520",제 7 기,2020.12.31 현재,"23,187,037,268",제 6 기,2019.12.31 현재,"45,704,192,828",8,KRW,2021
20220331002148,11011,2021,01190568,278470,OFS,재무제표,BS,재무상태표,비유동부채,제 8 기,2021.12.31 현재,"9,647,966,145",제 7 기,2020.12.31 현재,"8,586,576,106",제 6 기,2019.12.31 현재,"710,760,393",10,KRW,2021
20220331002148,11011,2021,01190568,278470,OFS,재무제표,BS,재무상태표,부채총계,제 8 기,2021.12.31 현재,"60,016,834,665",제 7 기,2020.12.31 현재,"31,773,613,374",제 6 기,2019.12.31 현재,"46,414,953,221",12,KRW,2021
20220331002148,11011,2021,01190568,278470,OFS,재무제표,BS,재무상태표,자본금,제 8 기,2021.12.31 현재,"3,495,104,000",제 7 기,2020.12.31 현재,"3,447,104,000",제 6 기,2019.12.31 현재,"2,982,160,000",15,KRW,2021
20220331002148,11011,2021,01190568,278470,OFS,재무제표,BS,재무상태표,이익잉여금,제 8 기,2021.12.31 현재,"16,522,610,488",제 7 기,2020.12.31 현재,"3,896,062,778",제 6 기,2019.12.31 현재,"-4,219,752,346",19,KRW,2021
20220331002148,11011,2021,01190568,278470,OFS,재무제표,BS,재무상태표,자본총계,제 8 기,2021.12.31 현재,"68,590,122,037",제 7 기,2020.12.31 현재,"54,090,054,676",제 6 기,2019.12.31 현재,"9,739,433,954",22,KRW,2021
20220331002148,11011,2021,01190568,278470,OFS,재무제표,IS,손익계산서,매출액,제 8 기,2021.01.01 ~ 2021.12.31,"228,867,820,140",제 7 기,2020.01.01 ~ 2020.12.31,"170,610,580,231",제 6 기,2019.01.01 ~ 2019.12.31,"118,727,116,052",24,KRW,2021
20220331002148,11011,2021,01190568,278470,OFS,재무제표,IS,손익계산서,영업이익,제 8 기,2021.01.01 ~ 2021.12.31,"8,535,939,577",제 7 기,2020.01.01 ~ 2020.12.31,"2,703,057,609",제 6 기,2019.01.01 ~ 2019.12.31,"2,310,983,450",26,KRW,2021
20220331002148,11011,2021,01190568,278470,OFS,재무제표,IS,손익계산서,법인세차감전 순이익,제 8 기,2021.01.01 ~ 2021.12.31,"13,728,216,465",제 7 기,2020.01.01 ~ 2020.12.31,"6,688,165,786",제 6 기,2019.01.01 ~ 2019.12.31,"-70,839,757",28,KRW,2021
20220331002148,11011,2021,01190568,278470,OFS,재무제표,IS,손익계산서,당기순이익(손실),제 8 기,2021.01.01 ~ 2021.12.31,"12,548,001,809",제 7 기,2020.01.01 ~ 2020.12.31,"8,317,555,099",제 6 기,2019.01.01 ~ 2019.12.31,"-1,087,322,746",30,KRW,2021
20220331002148,11011,2021,01190568,278470,OFS,재무제표,IS,손익계산서,당기순이익(손실),제 8 기,2021.01.01 ~ 2021.12.31,"12,548,001,809",제 7 기,2020.01.01 ~ 2020.12.31,"8,317,555,099",제 6 기,2019.01.01 ~ 2019.12.31,"-1,087,322,746",62,KRW,2021
20230329001036,11011,2022,01190568,278470,CFS,연결재무제표,BS,재무상태표,유동자산,제 9 기,2022.12.31 현재,"137,024,020,095",제 8 기,2021.12.31 현재,"90,318,935,738",제 7 기,2020.12.31 현재,"62,817,954,586",1,KRW,2022
20230329001036,11011,2022,01190568,278470,CFS,연결재무제표,BS,재무상태표,비유동자산,제 9 기,2022.12.31 현재,"47,098,602,719",제 8 기,2021.12.31 현재,"36,109,894,412",제 7 기,2020.12.31 현재,"29,010,706,735",3,KRW,2022
20230329001036,11011,2022,01190568,278470,CFS,연결재무제표,BS,재무상태표,자산총계,제 9 기,2022.12.31 현재,"184,122,622,814",제 8 기,2021.12.31 현재,"126,428,830,150",제 7 기,2020.12.31 현재,"91,828,661,321",5,KRW,2022
20230329001036,11011,2022,01190568,278470,CFS,연결재무제표,BS,재무상태표,유동부채,제 9 기,2022.12.31 현재,"76,266,539,344",제 8 기,2021.12.31 현재,"50,064,266,575",제 7 기,2020.12.31 현재,"29,046,487,205",7,KRW,2022
20230329001036,11011,2022,01190568,278470,CFS,연결재무제표,BS,재무상태표,비유동부채,제 9 기,2022.12.31 현재,"7,598,088,754",제 8 기,2021.12.31 현재,"10,363,482,951",제 7 기,2020.12.31 현재,"11,082,258,968",9,KRW,2022
20230329001036,11011,2022,01190568,278470,CFS,연결재무제표,BS,재무상태표,부채총계,제 9 기,2022.12.31 현재,"83,864,628,098",제 8 기,2021.12.31 현재,"60,427,749,526",제 7 기,2020.12.31 현재,"40,128,746,173",11,KRW,2022
20230329001036,11011,2022,01190568,278470,CFS,연결재무제표,BS,재무상태표,자본금,제 9 기,2022.12.31 현재,"3,592,604,000",제 8 기,2021.12.31 현재,"3,495,104,000",제 7 기,2020.12.31 현재,"3,447,104,000",13,KRW,2022
20230329001036,11011,2022,01190568,278470,CFS,연결재무제표,BS,재무상태표,이익잉여금,제 9 기,2022.12.31 현재,"43,330,251,950",제 8 기,2021.12.31 현재,"13,975,982,766",제 7 기,2020.12.31 현재,"2,498,609,837",17,KRW,2022
20230329001036,11011,2022,01190568,278470,CFS,연결재무제표,BS,재무상태표,자본총계,제 9 기,2022.12.31 현재,"100,257,994,716",제 8 기,2021.12.31 현재,"66,001,080,624",제 7 기,2020.12.31 현재,"51,699,915,148",21,KRW,2022
20230329001036,11011,2022,01190568,278470,CFS,연결재무제표,IS,손익계산서,매출액,제 9 기,2022.01.01 ~ 2022.12.31,"397,698,119,336",제 8 기,2021.01.01 ~ 2021.12.31,"259,146,144,182",제 7 기,2020.01.01 ~ 2020.12.31,"219,939,337,665",23,KRW,2022
20230329001036,11011,2022,01190568,278470,CFS,연결재무제표,IS,손익계산서,영업이익,제 9 기,2022.01.01 ~ 2022.12.31,"39,228,479,397",제 8 기,2021.01.01 ~ 2021.12.31,"14,273,152,154",제 7 기,2020.01.01 ~ 2020.12.31,"14,469,696,877",25,KRW,2022
20230329001036,11011,2022,01190568,278470,CFS,연결재무제표,IS,손익계산서,법인세차감전 순이익,제 9 기,2022.01.01 ~ 2022.12.31,"38,923,200,581",제 8 기,2021.01.01 ~ 2021.12.31,"13,737,679,498",제 7 기,2020.01.01 ~ 2020.12.31,"8,853,878,654",27,KRW,2022
20230329001036,11011,2022,01190568,278470,CFS,연결재무제표,IS,손익계산서,당기순이익(손실),제 9 기,2022.01.01 ~ 2022.12.31,"29,954,676,293",제 8 기,2021.01.01 ~ 2021.12.31,"11,398,827,028",제 7 기,2020.01.01 ~ 2020.12.31,"7,891,717,267",29,KRW,2022
20230329001036,11011,2022,01190568,278470,CFS,연결재무제표,IS,손익계산서,당기순이익(손실),제 9 기,2022.01.01 ~ 2022.12.31,"29,954,676,293",제 8 기,2021.01.01 ~ 2021.12.31,"11,398,827,028",제 7 기,2020.01.01 ~ 2020.12.31,"7,891,717,267",61,KRW,2022
20230329001036,11011,2022,01190568,278470,OFS,재무제표,BS,재무상태표,유동자산,제 9 기,2022.12.31 현재,"129,147,344,520",제 8 기,2021.12.31 현재,"81,874,905,885",제 7 기,2020.12.31 현재,"39,816,433,876",2,KRW,2022
20230329001036,11011,2022,01190568,278470,OFS,재무제표,BS,재무상태표,비유동자산,제 9 기,2022.12.31 현재,"51,139,954,953",제 8 기,2021.12.31 현재,"46,732,050,817",제 7 기,2020.12.31 현재,"46,047,234,174",4,KRW,2022
20230329001036,11011,2022,01190568,278470,OFS,재무제표,BS,재무상태표,자산총계,제 9 기,2022.12.31 현재,"180,287,299,473",제 8 기,2021.12.31 현재,"128,606,956,702",제 7 기,2020.12.31 현재,"85,863,668,050",6,KRW,2022
20230329001036,11011,2022,01190568,278470,OFS,재무제표,BS,재무상태표,유동부채,제 9 기,2022.12.31 현재,"72,450,197,500",제 8 기,2021.12.31 현재,"50,368,868,520",제 7 기,2020.12.31 현재,"23,187,037,268",8,KRW,2022
20230329001036,11011,2022,01190568,278470,OFS,재무제표,BS,재무상태표,비유동부채,제 9 기,2022.12.31 현재,"7,602,487,885",제 8 기,2021.12.31 현재,"9,647,966,145",제 7 기,2020.12.31 현재,"8,586,576,106",10,KRW,2022
20230329001036,11011,2022,01190568,278470,OFS,재무제표,BS,재무상태표,부채총계,제 9 기,2022.12.31 현재,"80,052,685,385",제 8 기,2021.12.31 현재,"60,016,834,665",제 7 기,2020.12.31 현재,"31,773,613,374",12,KRW,2022
20230329001036,11011,2022,01190568,278470,OFS,재무제표,BS,재무상태표,자본금,제 9 기,2022.12.31 현재,"3,592,604,000",제 8 기,2021.12.31 현재,"3,495,104,000",제 7 기,2020.12.31 현재,"3,447,104,000",15,KRW,2022
20230329001036,11011,2022,01190568,278470,OFS,재무제표,BS,재무상태표,이익잉여금,제 9 기,2022.12.31 현재,"43,195,163,655",제 8 기,2021.12.31 현재,"16,522,610,488",제 7 기,2020.12.31 현재,"3,896,062,778",19,KRW,2022
20230329001036,11011,2022,01190568,278470,OFS,재무제표,BS,재무상태표,자본총계,제 9 기,2022.12.31 현재,"100,234,614,088",제 8 기,2021.12.31 현재,"68,590,122,037",제 7 기,2020.12.31 현재,"54,090,054,676",22,KRW,2022
20230329001036,11011,2022,01190568,278470,OFS,재무제표,IS,손익계산서,매출액,제 9 기,2022.01.01 ~ 2022.12.31,"398,593,142,555",제 8 기,2021.01.01 ~ 2021.12.31,"228,867,820,140",제 7 기,2020.01.01 ~ 2020.12.31,"170,610,580,231",24,KRW,2022
20230329001036,11011,2022,01190568,278470,OFS,재무제표,IS,손익계산서,영업이익,제 9 기,2022.01.01 ~ 2022.12.31,"43,612,419,759",제 8 기,2021.01.01 ~ 2021.12.31,"8,535,939,577",제 7 기,2020.01.01 ~ 2020.12.31,"2,703,057,609",26,KRW,2022
20230329001036,11011,2022,01190568,278470,OFS,재무제표,IS,손익계산서,법인세차감전 순이익,제 9 기,2022.01.01 ~ 2022.12.31,"36,051,922,071",제 8 기,2021.01.01 ~ 2021.12.31,"13,728,216,465",제 7 기,2020.01.01 ~ 2020.12.31,"6,688,165,786",28,KRW,2022
20230329001036,11011,2022,01190568,278470,OFS,재무제표,IS,손익계산서,당기순이익(손실),제 9 기,2022.01.01 ~ 2022.12.31,"27,291,994,622",제 8 기,2021.01.01 ~ 2021.12.31,"12,548,001,809",제 7 기,2020.01.01 ~ 2020.12.31,"8,317,555,099",30,KRW,2022
20230329001036,11011,2022,01190568,278470,OFS,재무제표,IS,손익계산서,당기순이익(손실),제 9 기,2022.01.01 ~ 2022.12.31,"27,291,994,622",제 8 기,2021.01.01 ~ 2021.12.31,"12,548,001,809",제 7 기,2020.01.01 ~ 2020.12.31,"8,317,555,099",62,KRW,2022
20240321000964,11011,2023,01190568,278470,CFS,연결재무제표,BS,재무상태표,유동자산,제 10 기,2023.12.31 현재,"219,307,995,672",제 9 기,2022.12.31 현재,"137,024,020,095",제 8 기,2021.12.31 현재,"90,318,935,738",1,KRW,2023
20240321000964,11011,2023,01190568,278470,CFS,연결재무제표,BS,재무상태표,비유동자산,제 10 기,2023.12.31 현재,"68,001,492,571",제 9 기,2022.12.31 현재,"46,106,919,538",제 8 기,2021.12.31 현재,"36,109,894,412",3,KRW,2023
20240321000964,11011,2023,01190568,278470,CFS,연결재무제표,BS,재무상태표,자산총계,제 10 기,2023.12.31 현재,"287,309,488,243",제 9 기,2022.12.31 현재,"183,130,939,633",제 8 기,2021.12.31 현재,"126,428,830,150",5,KRW,2023
20240321000964,11011,2023,01190568,278470,CFS,연결재무제표,BS,재무상태표,유동부채,제 10 기,2023.12.31 현재,"82,296,421,377",제 9 기,2022.12.31 현재,"76,266,539,341",제 8 기,2021.12.31 현재,"50,064,266,575",7,KRW,2023
20240321000964,11011,2023,01190568,278470,CFS,연결재무제표,BS,재무상태표,비유동부채,제 10 기,2023.12.31 현재,"8,064,198,088",제 9 기,2022.12.31 현재,"7,598,088,754",제 8 기,2021.12.31 현재,"10,363,482,951",9,KRW,2023
20240321000964,11011,2023,01190568,278470,CFS,연결재무제표,BS,재무상태표,부채총계,제 10 기,2023.12.31 현재,"90,360,619,465",제 9 기,2022.12.31 현재,"83,864,628,095",제 8 기,2021.12.31 현재,"60,427,749,526",11,KRW,2023
20240321000964,11011,2023,01190568,278470,CFS,연결재무제표,BS,재무상태표,자본금,제 10 기,2023.12.31 현재,"3,637,689,000",제 9 기,2022.12.31 현재,"3,592,604,000",제 8 기,2021.12.31 현재,"3,495,104,000",13,KRW,2023
20240321000964,11011,2023,01190568,278470,CFS,연결재무제표,BS,재무상태표,이익잉여금,제 10 기,2023.12.31 현재,"123,704,427,689",제 9 기,2022.12.31 현재,"42,338,568,772",제 8 기,2021.12.31 현재,"13,975,982,766",17,KRW,2023
20240321000964,11011,2023,01190568,278470,CFS,연결재무제표,BS,재무상태표,자본총계,제 10 기,2023.12.31 현재,"196,948,868,778",제 9 기,2022.12.31 현재,"99,266,311,538",제 8 기,2021.12.31 현재,"66,001,080,624",21,KRW,2023
20240321000964,11011,2023,01190568,278470,CFS,연결재무제표,IS,손익계산서,매출액,제 10 기,2023.01.01 ~ 2023.12.31,"523,809,364,559",제 9 기,2022.01.01 ~ 2022.12.31,"397,698,119,336",제 8 기,2021.01.01 ~ 2021.12.31,"259,146,144,182",23,KRW,2023
20240321000964,11011,2023,01190568,278470,CFS,연결재무제표,IS,손익계산서,영업이익,제 10 기,2023.01.01 ~ 2023.12.31,"104,193,724,865",제 9 기,2022.01.01 ~ 2022.12.31,"39,228,479,397",제 8 기,2021.01.01 ~ 2021.12.31,"14,273,152,154",25,KRW,2023
20240321000964,11011,2023,01190568,278470,CFS,연결재무제표,IS,손익계산서,법인세차감전 순이익,제 10 기,2023.01.01 ~ 2023.12.31,"105,823,349,827",제 9 기,2022.01.01 ~ 2022.12.31,"39,204,580,281",제 8 기,2021.01.01 ~ 2021.12.31,"13,737,679,498",27,KRW,2023
20240321000964,11011,2023,01190568,278470,CFS,연결재무제표,IS,손익계산서,당기순이익(손실),제 10 기,2023.01.01 ~ 2023.12.31,"81,546,050,952",제 9 기,2022.01.01 ~ 2022.12.31,"28,962,993,115",제 8 기,2021.01.01 ~ 2021.12.31,"11,398,827,028",29,KRW,2023
20240321000964,11011,2023,01190568,278470,CFS,연결재무제표,IS,손익계산서,당기순이익(손실),제 10 기,2023.01.01 ~ 2023.12.31,"81,546,050,952",제 9 기,2022.01.01 ~ 2022.12.31,"28,962,993,115",제 8 기,2021.01.01 ~ 2021.12.31,"11,398,827,028",61,KRW,2023
20240321000964,11011,2023,01190568,278470,CFS,연결재무제표,IS,손익계산서,총포괄손익,제 10 기,2023.01.01 ~ 2023.12.31,"81,454,744,628",제 9 기,2022.01.01 ~ 2022.12.31,"28,932,042,839",제 8 기,2021.01.01 ~ 2021.12.31,"12,047,001,596",63,KRW,2023
20240321000964,11011,2023,01190568,278470,OFS,재무제표,BS,재무상태표,유동자산,제 10 기,2023.12.31 현재,"205,901,944,773",제 9 기,2022.12.31 현재,"129,147,344,520",제 8 기,2021.12.31 현재,"81,874,905,885",2,KRW,2023
20240321000964,11011,2023,01190568,278470,OFS,재무제표,BS,재무상태표,비유동자산,제 10 기,2023.12.31 현재,"69,496,212,046",제 9 기,2022.12.31 현재,"51,242,470,680",제 8 기,2021.12.31 현재,"46,732,050,817",4,KRW,2023
20240321000964,11011,2023,01190568,278470,OFS,재무제표,BS,재무상태표,자산총계,제 10 기,2023.12.31 현재,"275,398,156,819",제 9 기,2022.12.31 현재,"180,389,815,200",제 8 기,2021.12.31 현재,"128,606,956,702",6,KRW,2023
20240321000964,11011,2023,01190568,278470,OFS,재무제표,BS,재무상태표,유동부채,제 10 기,2023.12.31 현재,"69,780,643,604",제 9 기,2022.12.31 현재,"72,450,197,497",제 8 기,2021.12.31 현재,"50,368,868,520",8,KRW,2023
20240321000964,11011,2023,01190568,278470,OFS,재무제표,BS,재무상태표,비유동부채,제 10 기,2023.12.31 현재,"7,257,162,995",제 9 기,2022.12.31 현재,"7,602,487,885",제 8 기,2021.12.31 현재,"9,647,966,145",10,KRW,2023
20240321000964,11011,2023,01190568,278470,OFS,재무제표,BS,재무상태표,부채총계,제 10 기,2023.12.31 현재,"77,037,806,599",제 9 기,2022.12.31 현재,"80,052,685,382",제 8 기,2021.12.31 현재,"60,016,834,665",12,KRW,2023
20240321000964,11011,2023,01190568,278470,OFS,재무제표,BS,재무상태표,자본금,제 10 기,2023.12.31 현재,"3,637,689,000",제 9 기,2022.12.31 현재,"3,592,604,000",제 8 기,2021.12.31 현재,"3,495,104,000",15,KRW,2023
20240321000964,11011,2023,01190568,278470,OFS,재무제표,BS,재무상태표,이익잉여금,제 10 기,2023.12.31 현재,"125,146,537,451",제 9 기,2022.12.31 현재,"43,354,085,329",제 8 기,2021.12.31 현재,"16,522,610,488",19,KRW,2023
20240321000964,11011,2023,01190568,278470,OFS,재무제표,BS,재무상태표,자본총계,제 10 기,2023.12.31 현재,"198,360,350,220",제 9 기,2022.12.31 현재,"100,337,129,818",제 8 기,2021.12.31 현재,"68,590,122,037",22,KRW,2023
20240321000964,11011,2023,01190568,278470,OFS,재무제표,IS,손익계산서,매출액,제 10 기,2023.01.01 ~ 2023.12.31,"524,059,049,705",제 9 기,2022.01.01 ~ 2022.12.31,"398,593,142,555",제 8 기,2021.01.01 ~ 2021.12.31,"228,867,820,140",24,KRW,2023
20240321000964,11011,2023,01190568,278470,OFS,재무제표,IS,손익계산서,영업이익,제 10 기,2023.01.01 ~ 2023.12.31,"104,946,370,008",제 9 기,2022.01.01 ~ 2022.12.31,"43,612,419,759",제 8 기,2021.01.01 ~ 2021.12.31,"8,535,939,577",26,KRW,2023
20240321000964,11011,2023,01190568,278470,OFS,재무제표,IS,손익계산서,법인세차감전 순이익,제 10 기,2023.01.01 ~ 2023.12.31,"105,749,260,135",제 9 기,2022.01.01 ~ 2022.12.31,"37,483,906,623",제 8 기,2021.01.01 ~ 2021.12.31,"13,728,216,465",28,KRW,2023
20240321000964,11011,2023,01190568,278470,OFS,재무제표,IS,손익계산서,당기순이익(손실),제 10 기,2023.01.01 ~ 2023.12.31,"81,918,896,094",제 9 기,2022.01.01 ~ 2022.12.31,"27,450,916,296",제 8 기,2021.01.01 ~ 2021.12.31,"12,548,001,809",30,KRW,2023
20240321000964,11011,2023,01190568,278470,OFS,재무제표,IS,손익계산서,당기순이익(손실),제 10 기,2023.01.01 ~ 2023.12.31,"81,918,896,094",제 9 기,2022.01.01 ~ 2022.12.31,"27,450,916,296",제 8 기,2021.01.01 ~ 2021.12.31,"12,548,001,809",62,KRW,2023
20240321000964,11011,2023,01190568,278470,OFS,재무제표,IS,손익계산서,총포괄손익,제 10 기,2023.01.01 ~ 2023.12.31,"81,795,407,790",제 9 기,2022.01.01 ~ 2022.12.31,"27,413,819,706",제 8 기,2021.01.01 ~ 2021.12.31,"13,510,611,245",64,KRW,2023
20250321001576,11011,2024,01190568,278470,CFS,연결재무제표,BS,재무상태표,유동자산,제 11 기,2024.12.31 현재,"286,027,445,388",제 10 기,2023.12.31 현재,"219,307,995,672",제 9 기,2022.12.31 현재,"137,024,020,095",1,KRW,2024
20250321001576,11011,2024,01190568,278470,CFS,연결재무제표,BS,재무상태표,비유동자산,제 11 기,2024.12.31 현재,"279,116,117,799",제 10 기,2023.12.31 현재,"68,001,492,571",제 9 기,2022.12.31 현재,"46,106,919,538",3,KRW,2024
20250321001576,11011,2024,01190568,278470,CFS,연결재무제표,BS,재무상태표,자산총계,제 11 기,2024.12.31 현재,"565,143,563,187",제 10 기,2023.12.31 현재,"287,309,488,243",제 9 기,2022.12.31 현재,"183,130,939,633",5,KRW,2024
20250321001576,11011,2024,01190568,278470,CFS,연결재무제표,BS,재무상태표,유동부채,제 11 기,2024.12.31 현재,"145,136,758,580",제 10 기,2023.12.31 현재,"82,296,421,377",제 9 기,2022.12.31 현재,"76,266,539,341",7,KRW,2024
20250321001576,11011,2024,01190568,278470,CFS,연결재무제표,BS,재무상태표,비유동부채,제 11 기,2024.12.31 현재,"96,482,730,617",제 10 기,2023.12.31 현재,"8,064,198,088",제 9 기,2022.12.31 현재,"7,598,088,754",9,KRW,2024
20250321001576,11011,2024,01190568,278470,CFS,연결재무제표,BS,재무상태표,부채총계,제 11 기,2024.12.31 현재,"241,619,489,197",제 10 기,2023.12.31 현재,"90,360,619,465",제 9 기,2022.12.31 현재,"83,864,628,095",11,KRW,2024
20250321001576,11011,2024,01190568,278470,CFS,연결재무제표,BS,재무상태표,자본금,제 11 기,2024.12.31 현재,"3,812,589,000",제 10 기,2023.12.31 현재,"3,637,689,000",제 9 기,2022.12.31 현재,"3,592,604,000",13,KRW,2024
20250321001576,11011,2024,01190568,278470,CFS,연결재무제표,BS,재무상태표,이익잉여금,제 11 기,2024.12.31 현재,"229,092,205,925",제 10 기,2023.12.31 현재,"123,704,427,689",제 9 기,2022.12.31 현재,"42,338,568,772",17,KRW,2024
20250321001576,11011,2024,01190568,278470,CFS,연결재무제표,BS,재무상태표,자본총계,제 11 기,2024.12.31 현재,"323,524,073,990",제 10 기,2023.12.31 현재,"196,948,868,778",제 9 기,2022.12.31 현재,"99,266,311,538",21,KRW,2024
20250321001576,11011,2024,01190568,278470,CFS,연결재무제표,IS,손익계산서,매출액,제 11 기,2024.01.01 ~ 2024.12.31,"722,753,862,301",제 10 기,2023.01.01 ~ 2023.12.31,"523,809,364,559",제 9 기,2022.01.01 ~ 2022.12.31,"397,698,119,336",23,KRW,2024
20250321001576,11011,2024,01190568,278470,CFS,연결재무제표,IS,손익계산서,영업이익,제 11 기,2024.01.01 ~ 2024.12.31,"122,705,544,449",제 10 기,2023.01.01 ~ 2023.12.31,"104,193,724,865",제 9 기,2022.01.01 ~ 2022.12.31,"39,228,479,397",25,KRW,2024
20250321001576,11011,2024,01190568,278470,CFS,연결재무제표,IS,손익계산서,법인세차감전 순이익,제 11 기,2024.01.01 ~ 2024.12.31,"133,300,687,869",제 10 기,2023.01.01 ~ 2023.12.31,"105,823,349,827",제 9 기,2022.01.01 ~ 2022.12.31,"39,204,580,281",27,KRW,2024
20250321001576,11011,2024,01190568,278470,CFS,연결재무제표,IS,손익계산서,당기순이익(손실),제 11 기,2024.01.01 ~ 2024.12.31,"107,590,435,967",제 10 기,2023.01.01 ~ 2023.12.31,"81,546,050,952",제 9 기,2022.01.01 ~ 2022.12.31,"28,962,993,115",29,KRW,2024
20250321001576,11011,2024,01190568,278470,CFS,연결재무제표,IS,손익계산서,당기순이익(손실),제 11 기,2024.01.01 ~ 2024.12.31,"107,590,435,967",제 10 기,2023.01.01 ~ 2023.12.31,"81,546,050,952",제 9 기,2022.01.01 ~ 2022.12.31,"28,962,993,115",61,KRW,2024
20250321001576,11011,2024,01190568,278470,CFS,연결재무제표,IS,손익계산서,총포괄손익,제 11 기,2024.01.01 ~ 2024.12.31,"105,848,501,435",제 10 기,2023.01.01 ~ 2023.12.31,"81,454,744,628",제 9 기,2022.01.01 ~ 2022.12.31,"28,932,042,839",63,KRW,2024
20250321001576,11011,2024,01190568,278470,OFS,재무제표,BS,재무상태표,유동자산,제 11 기,2024.12.31 현재,"269,988,594,707",제 10 기,2023.12.31 현재,"205,901,944,773",제 9 기,2022.12.31 현재,"129,147,344,520",2,KRW,2024
20250321001576,11011,2024,01190568,278470,OFS,재무제표,BS,재무상태표,비유동자산,제 11 기,2024.12.31 현재,"258,810,080,766",제 10 기,2023.12.31 현재,"69,496,212,046",제 9 기,2022.12.31 현재,"51,242,470,680",4,KRW,2024
20250321001576,11011,2024,01190568,278470,OFS,재무제표,BS,재무상태표,자산총계,제 11 기,2024.12.31 현재,"528,798,675,473",제 10 기,2023.12.31 현재,"275,398,156,819",제 9 기,2022.12.31 현재,"180,389,815,200",6,KRW,2024
20250321001576,11011,2024,01190568,278470,OFS,재무제표,BS,재무상태표,유동부채,제 11 기,2024.12.31 현재,"122,070,196,766",제 10 기,2023.12.31 현재,"69,780,643,604",제 9 기,2022.12.31 현재,"72,450,197,497",8,KRW,2024
20250321001576,11011,2024,01190568,278470,OFS,재무제표,BS,재무상태표,비유동부채,제 11 기,2024.12.31 현재,"82,177,585,831",제 10 기,2023.12.31 현재,"7,257,162,995",제 9 기,2022.12.31 현재,"7,602,487,885",10,KRW,2024
20250321001576,11011,2024,01190568,278470,OFS,재무제표,BS,재무상태표,부채총계,제 11 기,2024.12.31 현재,"204,247,782,597",제 10 기,2023.12.31 현재,"77,037,806,599",제 9 기,2022.12.31 현재,"80,052,685,382",12,KRW,2024
20250321001576,11011,2024,01190568,278470,OFS,재무제표,BS,재무상태표,자본금,제 11 기,2024.12.31 현재,"3,812,589,000",제 10 기,2023.12.31 현재,"3,637,689,000",제 9 기,2022.12.31 현재,"3,592,604,000",15,KRW,2024
20250321001576,11011,2024,01190568,278470,OFS,재무제표,BS,재무상태표,이익잉여금,제 11 기,2024.12.31 현재,"230,058,414,650",제 10 기,2023.12.31 현재,"125,146,537,451",제 9 기,2022.12.31 현재,"43,354,085,329",19,KRW,2024
20250321001576,11011,2024,01190568,278470,OFS,재무제표,BS,재무상태표,자본총계,제 11 기,2024.12.31 현재,"324,550,892,876",제 10 기,2023.12.31 현재,"198,360,350,220",제 9 기,2022.12.31 현재,"100,337,129,818",22,KRW,2024
20250321001576,11011,2024,01190568,278470,OFS,재무제표,IS,손익계산서,매출액,제 11 기,2024.01.01 ~ 2024.12.31,"723,000,956,467",제 10 기,2023.01.01 ~ 2023.12.31,"524,059,049,705",제 9 기,2022.01.01 ~ 2022.12.31,"398,593,142,555",24,KRW,2024
20250321001576,11011,2024,01190568,278470,OFS,재무제표,IS,손익계산서,영업이익,제 11 기,2024.01.01 ~ 2024.12.31,"118,397,992,536",제 10 기,2023.01.01 ~ 2023.12.31,"104,946,370,008",제 9 기,2022.01.01 ~ 2022.12.31,"43,612,419,759",26,KRW,2024
20250321001576,11011,2024,01190568,278470,OFS,재무제표,IS,손익계산서,법인세차감전 순이익,제 11 기,2024.01.01 ~ 2024.12.31,"133,296,858,310",제 10 기,2023.01.01 ~ 2023.12.31,"105,749,260,135",제 9 기,2022.01.01 ~ 2022.12.31,"37,483,906,623",28,KRW,2024
20250321001576,11011,2024,01190568,278470,OFS,재무제표,IS,손익계산서,당기순이익(손실),제 11 기,2024.01.01 ~ 2024.12.31,"107,095,062,027",제 10 기,2023.01.01 ~ 2023.12.31,"81,918,896,094",제 9 기,2022.01.01 ~ 2022.12.31,"27,450,916,296",30,KRW,2024
20250321001576,11011,2024,01190568,278470,OFS,재무제표,IS,손익계산서,당기순이익(손실),제 11 기,2024.01.01 ~ 2024.12.31,"107,095,062,027",제 10 기,2023.01.01 ~ 2023.12.31,"81,918,896,094",제 9 기,2022.01.01 ~ 2022.12.31,"27,450,916,296",62,KRW,2024
20250321001576,11011,2024,01190568,278470,OFS,재무제표,IS,손익계산서,총포괄손익,제 11 기,2024.01.01 ~ 2024.12.31,"105,463,838,879",제 10 기,2023.01.01 ~ 2023.12.31,"81,795,407,790",제 9 기,2022.01.01 ~ 2022.12.31,"27,413,819,706",64,KRW,2024
20190329003209,11011,2018,00398701,066970,CFS,연결재무제표,BS,재무상태표,유동자산,제 19 기,2018.12.31 현재,"199,012,035,297",제 18 기,2017.12.31 현재,"160,906,484,479",제 17 기,2016.12.31 현재,"106,903,880,167",1,KRW,2018
20190329003209,11011,2018,00398701,066970,CFS,연결재무제표,BS,재무상태표,비유동자산,제 19 기,2018.12.31 현재,"131,969,575,866",제 18 기,2017.12.31 현재,"104,569,788,498",제 17 기,2016.12.31 현재,"95,765,130,655",3,KRW,2018
20190329003209,11011,2018,00398701,066970,CFS,연결재무제표,BS,재무상태표,자산총계,제 19 기,2018.12.31 현재,"330,981,611,163",제 18 기,2017.12.31 현재,"265,476,272,977",제 17 기,2016.12.31 현재,"202,669,010,822",5,KRW,2018
20190329003209,11011,2018,00398701,066970,CFS,연결재무제표,BS,재무상태표,유동부채,제 19 기,2018.12.31 현재,"140,783,139,546",제 18 기,2017.12.31 현재,"104,280,823,305",제 17 기,2016.12.31 현재,"81,010,973,208",7,KRW,2018
20190329003209,11011,2018,00398701,066970,CFS,연결재무제표,BS,재무상태표,비유동부채,제 19 기,2018.12.31 현재,"47,208,976,999",제 18 기,2017.12.31 현재,"37,890,589,320",제 17 기,2016.12.31 현재,"34,306,969,669",9,KRW,2018
20190329003209,11011,2018,00398701,066970,CFS,연결재무제표,BS,재무상태표,부채총계,제 19 기,2018.12.31 현재,"187,992,116,545",제 18 기,2017.12.31 현재,"142,171,412,625",제 17 기,2016.12.31 현재,"115,317,942,877",11,KRW,2018
20190329003209,11011,2018,00398701,066970,CFS,연결재무제표,BS,재무상태표,자본금,제 19 기,2018.12.31 현재,"12,378,837,500",제 18 기,2017.12.31 현재,"12,288,959,500",제 17 기,2016.12.31 현재,"11,592,215,000",13,KRW,2018
20190329003209,11011,2018,00398701,066970,CFS,연결재무제표,BS,재무상태표,이익잉여금,제 19 기,2018.12.31 현재,"46,135,482,094",제 18 기,2017.12.31 현재,"28,340,155,641",제 17 기,2016.12.31 현재,"8,712,293,535",17,KRW,2018
20190329003209,11011,2018,00398701,066970,CFS,연결재무제표,BS,재무상태표,자본총계,제 19 기,2018.12.31 현재,"142,989,494,618",제 18 기,2017.12.31 현재,"123,304,860,352",제 17 기,2016.12.31 현재,"87,351,067,945",21,KRW,2018
20190329003209,11011,2018,00398701,066970,CFS,연결재무제표,IS,손익계산서,매출액,제 19 기,2018.01.01 ~ 2018.12.31,"505,664,305,453",제 18 기,2017.01.01 ~ 2017.12.31,"403,019,915,789",제 17 기,2016.01.01 ~ 2016.12.31,"249,732,039,131",23,KRW,2018
20190329003209,11011,2018,00398701,066970,CFS,연결재무제표,IS,손익계산서,영업이익,제 19 기,2018.01.01 ~ 2018.12.31,"27,020,669,071",제 18 기,2017.01.01 ~ 2017.12.31,"29,371,157,719",제 17 기,2016.01.01 ~ 2016.12.31,"13,862,699,606",25,KRW,2018
20190329003209,11011,2018,00398701,066970,CFS,연결재무제표,IS,손익계산서,법인세차감전 순이익,제 19 기,2018.01.01 ~ 2018.12.31,"25,930,800,899",제 18 기,2017.01.01 ~ 2017.12.31,"18,570,801,257",제 17 기,2016.01.01 ~ 2016.12.31,"6,758,871,462",27,KRW,2018
20190329003209,11011,2018,00398701,066970,CFS,연결재무제표,IS,손익계산서,당기순이익(손실),제 19 기,2018.01.01 ~ 2018.12.31,"19,883,670,519",제 18 기,2017.01.01 ~ 2017.12.31,"20,639,184,241",제 17 기,2016.01.01 ~ 2016.12.31,"5,224,613,001",29,KRW,2018
20190329003209,11011,2018,00398701,066970,CFS,연결재무제표,IS,손익계산서,당기순이익(손실),제 19 기,2018.01.01 ~ 2018.12.31,"19,883,670,519",제 18 기,2017.01.01 ~ 2017.12.31,"20,639,184,241",제 17 기,2016.01.01 ~ 2016.12.31,"5,224,613,001",61,KRW,2018
20190329003209,11011,2018,00398701,066970,OFS,재무제표,BS,재무상태표,유동자산,제 19 기,2018.12.31 현재,"180,975,224,798",제 18 기,2017.12.31 현재,"143,897,133,333",제 17 기,2016.12.31 현재,"94,543,034,196",2,KRW,2018
20190329003209,11011,2018,00398701,066970,OFS,재무제표,BS,재무상태표,비유동자산,제 19 기,2018.12.31 현재,"121,434,392,287",제 18 기,2017.12.31 현재,"96,167,760,454",제 17 기,2016.12.31 현재,"82,123,522,332",4,KRW,2018
20190329003209,11011,2018,00398701,066970,OFS,재무제표,BS,재무상태표,자산총계,제 19 기,2018.12.31 현재,"302,409,617,085",제 18 기,2017.12.31 현재,"240,064,893,787",제 17 기,2016.12.31 현재,"176,666,556,528",6,KRW,2018
20190329003209,11011,2018,00398701,066970,OFS,재무제표,BS,재무상태표,유동부채,제 19 기,2018.12.31 현재,"112,129,407,853",제 18 기,2017.12.31 현재,"79,715,594,658",제 17 기,2016.12.31 현재,"60,107,125,497",8,KRW,2018
20190329003209,11011,2018,00398701,066970,OFS,재무제표,BS,재무상태표,비유동부채,제 19 기,2018.12.31 현재,"44,184,683,811",제 18 기,2017.12.31 현재,"32,645,899,829",제 17 기,2016.12.31 현재,"25,288,526,669",10,KRW,2018
20190329003209,11011,2018,00398701,066970,OFS,재무제표,BS,재무상태표,부채총계,제 19 기,2018.12.31 현재,"156,314,091,664",제 18 기,2017.12.31 현재,"112,361,494,487",제 17 기,2016.12.31 현재,"85,395,652,166",12,KRW,2018
20190329003209,11011,2018,00398701,066970,OFS,재무제표,BS,재무상태표,자본금,제 19 기,2018.12.31 현재,"12,378,837,500",제 18 기,2017.12.31 현재,"12,288,959,500",제 17 기,2016.12.31 현재,"11,592,215,000",15,KRW,2018
20190329003209,11011,2018,00398701,066970,OFS,재무제표,BS,재무상태표,이익잉여금,제 19 기,2018.12.31 현재,"46,407,700,849",제 18 기,2017.12.31 현재,"29,483,751,243",제 17 기,2016.12.31 현재,"8,847,476,262",19,KRW,2018
20190329003209,11011,2018,00398701,066970,OFS,재무제표,BS,재무상태표,자본총계,제 19 기,2018.12.31 현재,"146,095,525,421",제 18 기,2017.12.31 현재,"127,703,399,300",제 17 기,2016.12.31 현재,"91,270,904,362",22,KRW,2018
20190329003209,11011,2018,00398701,066970,OFS,재무제표,IS,손익계산서,매출액,제 19 기,2018.01.01 ~ 2018.12.31,"494,339,483,572",제 18 기,2017.01.01 ~ 2017.12.31,"359,393,986,384",제 17 기,2016.01.01 ~ 2016.12.31,"218,851,706,105",24,KRW,2018
20190329003209,11011,2018,00398701,066970,OFS,재무제표,IS,손익계산서,영업이익,제 19 기,2018.01.01 ~ 2018.12.31,"25,202,714,510",제 18 기,2017.01.01 ~ 2017.12.31,"25,468,329,923",제 17 기,2016.01.01 ~ 2016.12.31,"13,501,797,292",26,KRW,2018
20190329003209,11011,2018,00398701,066970,OFS,재무제표,IS,손익계산서,법인세차감전 순이익,제 19 기,2018.01.01 ~ 2018.12.31,"24,138,801,146",제 18 기,2017.01.01 ~ 2017.12.31,"19,055,575,775",제 17 기,2016.01.01 ~ 2016.12.31,"7,158,502,780",28,KRW,2018
20190329003209,11011,2018,00398701,066970,OFS,재무제표,IS,손익계산서,당기순이익(손실),제 19 기,2018.01.01 ~ 2018.12.31,"18,484,690,573",제 18 기,2017.01.01 ~ 2017.12.31,"20,802,484,846",제 17 기,2016.01.01 ~ 2016.12.31,"5,659,661,893",30,KRW,2018
20190329003209,11011,2018,00398701,066970,OFS,재무제표,IS,손익계산서,당기순이익(손실),제 19 기,2018.01.01 ~ 2018.12.31,"18,484,690,573",제 18 기,2017.01.01 ~ 2017.12.31,"20,802,484,846",제 17 기,2016.01.01 ~ 2016.12.31,"5,659,661,893",62,KRW,2018
20200326000817,11011,2019,00398701,066970,CFS,연결재무제표,BS,재무상태표,유동자산,제 20 기,2019.12.31 현재,"206,225,288,157",제 19 기,2018.12.31 현재,"199,012,035,297",제 18 기,2017.12.31 현재,"160,906,484,479",1,KRW,2019
20200326000817,11011,2019,00398701,066970,CFS,연결재무제표,BS,재무상태표,비유동자산,제 20 기,2019.12.31 현재,"209,975,990,567",제 19 기,2018.12.31 현재,"131,969,575,866",제 18 기,2017.12.31 현재,"104,569,788,498",3,KRW,2019
20200326000817,11011,2019,00398701,066970,CFS,연결재무제표,BS,재무상태표,자산총계,제 20 기,2019.12.31 현재,"416,201,278,724",제 19 기,2018.12.31 현재,"330,981,611,163",제 18 기,2017.12.31 현재,"265,476,272,977",5,KRW,2019
20200326000817,11011,2019,00398701,066970,CFS,연결재무제표,BS,재무상태표,유동부채,제 20 기,2019.12.31 현재,"187,498,227,371",제 19 기,2018.12.31 현재,"140,783,139,546",제 18 기,2017.12.31 현재,"104,280,823,305",7,KRW,2019
20200326000817,11011,2019,00398701,066970,CFS,연결재무제표,BS,재무상태표,비유동부채,제 20 기,2019.12.31 현재,"96,882,518,791",제 19 기,2018.12.31 현재,"47,208,976,999",제 18 기,2017.12.31 현재,"37,890,589,320",9,KRW,2019
20200326000817,11011,2019,00398701,066970,CFS,연결재무제표,BS,재무상태표,부채총계,제 20 기,2019.12.31 현재,"284,380,746,162",제 19 기,2018.12.31 현재,"187,992,116,545",제 18 기,2017.12.31 현재,"142,171,412,625",11,KRW,2019
20200326000817,11011,2019,00398701,066970,CFS,연결재무제표,BS,재무상태표,자본금,제 20 기,2019.12.31 현재,"12,379,364,500",제 19 기,2018.12.31 현재,"12,378,837,500",제 18 기,2017.12.31 현재,"12,288,959,500",13,KRW,2019
20200326000817,11011,2019,00398701,066970,CFS,연결재무제표,BS,재무상태표,이익잉여금,제 20 기,2019.12.31 현재,"34,830,793,775",제 19 기,2018.12.31 현재,"46,135,482,094",제 18 기,2017.12.31 현재,"28,340,155,641",17,KRW,2019
20200326000817,11011,2019,00398701,066970,CFS,연결재무제표,BS,재무상태표,자본총계,제 20 기,2019.12.31 현재,"131,820,532,562",제 19 기,2018.12.31 현재,"142,989,494,618",제 18 기,2017.12.31 현재,"123,304,860,352",21,KRW,2019
20200326000817,11011,2019,00398701,066970,CFS,연결재무제표,IS,손익계산서,매출액,제 20 기,2019.01.01 ~ 2019.12.31,"313,264,234,672",제 19 기,2018.01.01 ~ 2018.12.31,"505,664,305,453",제 18 기,2017.01.01 ~ 2017.12.31,"403,019,915,789",23,KRW,2019
20200326000817,11011,2019,00398701,066970,CFS,연결재무제표,IS,손익계산서,영업이익,제 20 기,2019.01.01 ~ 2019.12.31,"-7,662,576,802",제 19 기,2018.01.01 ~ 2018.12.31,"27,020,669,071",제 18 기,2017.01.01 ~ 2017.12.31,"29,371,157,719",25,KRW,2019
20200326000817,11011,2019,00398701,066970,CFS,연결재무제표,IS,손익계산서,법인세차감전 순이익,제 20 기,2019.01.01 ~ 2019.12.31,"-10,711,210,408",제 19 기,2018.01.01 ~ 2018.12.31,"25,930,800,899",제 18 기,2017.01.01 ~ 2017.12.31,"18,570,801,257",27,KRW,2019
20200326000817,11011,2019,00398701,066970,CFS,연결재무제표,IS,손익계산서,당기순이익(손실),제 20 기,2019.01.01 ~ 2019.12.31,"-8,809,230,051",제 19 기,2018.01.01 ~ 2018.12.31,"19,883,670,519",제 18 기,2017.01.01 ~ 2017.12.31,"20,639,184,241",29,KRW,2019
20200326000817,11011,2019,00398701,066970,CFS,연결재무제표,IS,손익계산서,당기순이익(손실),제 20 기,2019.01.01 ~ 2019.12.31,"-8,809,230,051",제 19 기,2018.01.01 ~ 2018.12.31,"19,883,670,519",제 18 기,2017.01.01 ~ 2017.12.31,"20,639,184,241",61,KRW,2019
20200326000817,11011,2019,00398701,066970,OFS,재무제표,BS,재무상태표,유동자산,제 20 기,2019.12.31 현재,"195,459,033,572",제 19 기,2018.12.31 현재,"180,975,224,798",제 18 기,2017.12.31 현재,"143,897,133,333",2,KRW,2019
20200326000817,11011,2019,00398701,066970,OFS,재무제표,BS,재무상태표,비유동자산,제 20 기,2019.12.31 현재,"197,898,806,914",제 19 기,2018.12.31 현재,"121,434,392,287",제 18 기,2017.12.31 현재,"96,167,760,454",4,KRW,2019
20200326000817,11011,2019,00398701,066970,OFS,재무제표,BS,재무상태표,자산총계,제 20 기,2019.12.31 현재,"393,357,840,486",제 19 기,2018.12.31 현재,"302,409,617,085",제 18 기,2017.12.31 현재,"240,064,893,787",6,KRW,2019
20200326000817,11011,2019,00398701,066970,OFS,재무제표,BS,재무상태표,유동부채,제 20 기,2019.12.31 현재,"168,757,701,144",제 19 기,2018.12.31 현재,"112,129,407,853",제 18 기,2017.12.31 현재,"79,715,594,658",8,KRW,2019
20200326000817,11011,2019,00398701,066970,OFS,재무제표,BS,재무상태표,비유동부채,제 20 기,2019.12.31 현재,"91,576,337,831",제 19 기,2018.12.31 현재,"44,184,683,811",제 18 기,2017.12.31 현재,"32,645,899,829",10,KRW,2019
20200326000817,11011,2019,00398701,066970,OFS,재무제표,BS,재무상태표,부채총계,제 20 기,2019.12.31 현재,"260,334,038,975",제 19 기,2018.12.31 현재,"156,314,091,664",제 18 기,2017.12.31 현재,"112,361,494,487",12,KRW,2019
20200326000817,11011,2019,00398701,066970,OFS,재무제표,BS,재무상태표,자본금,제 20 기,2019.12.31 현재,"12,379,364,500",제 19 기,2018.12.31 현재,"12,378,837,500",제 18 기,2017.12.31 현재,"12,288,959,500",15,KRW,2019
20200326000817,11011,2019,00398701,066970,OFS,재무제표,BS,재무상태표,이익잉여금,제 20 기,2019.12.31 현재,"33,166,899,448",제 19 기,2018.12.31 현재,"46,407,700,849",제 18 기,2017.12.31 현재,"29,483,751,243",19,KRW,2019
20200326000817,11011,2019,00398701,066970,OFS,재무제표,BS,재무상태표,자본총계,제 20 기,2019.12.31 현재,"133,023,801,511",제 19 기,2018.12.31 현재,"146,095,525,421",제 18 기,2017.12.31 현재,"127,703,399,300",22,KRW,2019
20200326000817,11011,2019,00398701,066970,OFS,재무제표,IS,손익계산서,매출액,제 20 기,2019.01.01 ~ 2019.12.31,"312,072,282,621",제 19 기,2018.01.01 ~ 2018.12.31,"494,339,483,572",제 18 기,2017.01.01 ~ 2017.12.31,"359,393,986,384",24,KRW,2019
20200326000817,11011,2019,00398701,066970,OFS,재무제표,IS,손익계산서,영업이익,제 20 기,2019.01.01 ~ 2019.12.31,"-9,054,001,781",제 19 기,2018.01.01 ~ 2018.12.31,"25,202,714,510",제 18 기,2017.01.01 ~ 2017.12.31,"25,468,329,923",26,KRW,2019
20200326000817,11011,2019,00398701,066970,OFS,재무제표,IS,손익계산서,법인세차감전 순이익,제 20 기,2019.01.01 ~ 2019.12.31,"-12,933,926,388",제 19 기,2018.01.01 ~ 2018.12.31,"24,138,801,146",제 18 기,2017.01.01 ~ 2017.12.31,"19,055,575,775",28,KRW,2019
20200326000817,11011,2019,00398701,066970,OFS,재무제표,IS,손익계산서,당기순이익(손실),제 20 기,2019.01.01 ~ 2019.12.31,"-10,805,049,036",제 19 기,2018.01.01 ~ 2018.12.31,"18,484,690,573",제 18 기,2017.01.01 ~ 2017.12.31,"20,802,484,846",30,KRW,2019
20200326000817,11011,2019,00398701,066970,OFS,재무제표,IS,손익계산서,당기순이익(손실),제 20 기,2019.01.01 ~ 2019.12.31,"-10,805,049,036",제 19 기,2018.01.01 ~ 2018.12.31,"18,484,690,573",제 18 기,2017.01.01 ~ 2017.12.31,"20,802,484,846",62,KRW,2019
20210309000400,11011,2020,00398701,066970,CFS,연결재무제표,BS,재무상태표,유동자산,제 21 기,2020.12.31 현재,"212,043,543,708",제 20 기,2019.12.31 현재,"206,225,288,157",제 19 기,2018.12.31 현재,"199,012,035,297",1,KRW,2020
20210309000400,11011,2020,00398701,066970,CFS,연결재무제표,BS,재무상태표,비유동자산,제 21 기,2020.12.31 현재,"254,173,855,486",제 20 기,2019.12.31 현재,"209,975,990,567",제 19 기,2018.12.31 현재,"131,969,575,866",3,KRW,2020
20210309000400,11011,2020,00398701,066970,CFS,연결재무제표,BS,재무상태표,자산총계,제 21 기,2020.12.31 현재,"466,217,399,194",제 20 기,2019.12.31 현재,"416,201,278,724",제 19 기,2018.12.31 현재,"330,981,611,163",5,KRW,2020
20210309000400,11011,2020,00398701,066970,CFS,연결재무제표,BS,재무상태표,유동부채,제 21 기,2020.12.31 현재,"158,120,232,264",제 20 기,2019.12.31 현재,"187,498,227,371",제 19 기,2018.12.31 현재,"140,783,139,546",7,KRW,2020
20210309000400,11011,2020,00398701,066970,CFS,연결재무제표,BS,재무상태표,비유동부채,제 21 기,2020.12.31 현재,"110,491,321,110",제 20 기,2019.12.31 현재,"96,882,518,791",제 19 기,2018.12.31 현재,"47,208,976,999",9,KRW,2020
20210309000400,11011,2020,00398701,066970,CFS,연결재무제표,BS,재무상태표,부채총계,제 21 기,2020.12.31 현재,"268,611,553,374",제 20 기,2019.12.31 현재,"284,380,746,162",제 19 기,2018.12.31 현재,"187,992,116,545",11,KRW,2020
20210309000400,11011,2020,00398701,066970,CFS,연결재무제표,BS,재무상태표,자본금,제 21 기,2020.12.31 현재,"14,029,364,500",제 20 기,2019.12.31 현재,"12,379,364,500",제 19 기,2018.12.31 현재,"12,378,837,500",13,KRW,2020
20210309000400,11011,2020,00398701,066970,CFS,연결재무제표,BS,재무상태표,이익잉여금,제 21 기,2020.12.31 현재,"17,904,411,668",제 20 기,2019.12.31 현재,"34,830,793,775",제 19 기,2018.12.31 현재,"46,135,482,094",17,KRW,2020
20210309000400,11011,2020,00398701,066970,CFS,연결재무제표,BS,재무상태표,자본총계,제 21 기,2020.12.31 현재,"197,605,845,820",제 20 기,2019.12.31 현재,"131,820,532,562",제 19 기,2018.12.31 현재,"142,989,494,618",21,KRW,2020
20210309000400,11011,2020,00398701,066970,CFS,연결재무제표,IS,손익계산서,매출액,제 21 기,2020.01.01 ~ 2020.12.31,"356,105,956,054",제 20 기,2019.01.01 ~ 2019.12.31,"313,264,234,672",제 19 기,2018.01.01 ~ 2018.12.31,"505,664,305,453",23,KRW,2020
20210309000400,11011,2020,00398701,066970,CFS,연결재무제표,IS,손익계산서,영업이익,제 21 기,2020.01.01 ~ 2020.12.31,"1,470,005,055",제 20 기,2019.01.01 ~ 2019.12.31,"-7,662,576,802",제 19 기,2018.01.01 ~ 2018.12.31,"27,020,669,071",25,KRW,2020
20210309000400,11011,2020,00398701,066970,CFS,연결재무제표,IS,손익계산서,법인세차감전 순이익,제 21 기,2020.01.01 ~ 2020.12.31,"-17,881,023,311",제 20 기,2019.01.01 ~ 2019.12.31,"-10,711,210,408",제 19 기,2018.01.01 ~ 2018.12.31,"25,930,800,899",27,KRW,2020
20210309000400,11011,2020,00398701,066970,CFS,연결재무제표,IS,손익계산서,당기순이익(손실),제 21 기,2020.01.01 ~ 2020.12.31,"-15,018,130,143",제 20 기,2019.01.01 ~ 2019.12.31,"-8,809,230,051",제 19 기,2018.01.01 ~ 2018.12.31,"19,883,670,519",29,KRW,2020
20210309000400,11011,2020,00398701,066970,CFS,연결재무제표,IS,손익계산서,당기순이익(손실),제 21 기,2020.01.01 ~ 2020.12.31,"-15,018,130,143",제 20 기,2019.01.01 ~ 2019.12.31,"-8,809,230,051",제 19 기,2018.01.01 ~ 2018.12.31,"19,883,670,519",61,KRW,2020
20210309000400,11011,2020,00398701,066970,OFS,재무제표,BS,재무상태표,유동자산,제 21 기,2020.12.31 현재,"200,633,716,051",제 20 기,2019.12.31 현재,"195,459,033,572",제 19 기,2018.12.31 현재,"180,975,224,798",2,KRW,2020
20210309000400,11011,2020,00398701,066970,OFS,재무제표,BS,재무상태표,비유동자산,제 21 기,2020.12.31 현재,"245,272,503,614",제 20 기,2019.12.31 현재,"197,898,806,914",제 19 기,2018.12.31 현재,"121,434,392,287",4,KRW,2020
20210309000400,11011,2020,00398701,066970,OFS,재무제표,BS,재무상태표,자산총계,제 21 기,2020.12.31 현재,"445,906,219,665",제 20 기,2019.12.31 현재,"393,357,840,486",제 19 기,2018.12.31 현재,"302,409,617,085",6,KRW,2020
20210309000400,11011,2020,00398701,066970,OFS,재무제표,BS,재무상태표,유동부채,제 21 기,2020.12.31 현재,"141,331,901,464",제 20 기,2019.12.31 현재,"168,757,701,144",제 19 기,2018.12.31 현재,"112,129,407,853",8,KRW,2020
20210309000400,11011,2020,00398701,066970,OFS,재무제표,BS,재무상태표,비유동부채,제 21 기,2020.12.31 현재,"105,839,863,113",제 20 기,2019.12.31 현재,"91,576,337,831",제 19 기,2018.12.31 현재,"44,184,683,811",10,KRW,2020
20210309000400,11011,2020,00398701,066970,OFS,재무제표,BS,재무상태표,부채총계,제 21 기,2020.12.31 현재,"247,171,764,577",제 20 기,2019.12.31 현재,"260,334,038,975",제 19 기,2018.12.31 현재,"156,314,091,664",12,KRW,2020
20210309000400,11011,2020,00398701,066970,OFS,재무제표,BS,재무상태표,자본금,제 21 기,2020.12.31 현재,"14,029,364,500",제 20 기,2019.12.31 현재,"12,379,364,500",제 19 기,2018.12.31 현재,"12,378,837,500",15,KRW,2020
20210309000400,11011,2020,00398701,066970,OFS,재무제표,BS,재무상태표,이익잉여금,제 21 기,2020.12.31 현재,"16,399,697,068",제 20 기,2019.12.31 현재,"33,166,899,448",제 19 기,2018.12.31 현재,"46,407,700,849",19,KRW,2020
20210309000400,11011,2020,00398701,066970,OFS,재무제표,BS,재무상태표,자본총계,제 21 기,2020.12.31 현재,"198,734,455,088",제 20 기,2019.12.31 현재,"133,023,801,511",제 19 기,2018.12.31 현재,"146,095,525,421",22,KRW,2020
20210309000400,11011,2020,00398701,066970,OFS,재무제표,IS,손익계산서,매출액,제 21 기,2020.01.01 ~ 2020.12.31,"355,967,910,793",제 20 기,2019.01.01 ~ 2019.12.31,"312,072,282,621",제 19 기,2018.01.01 ~ 2018.12.31,"494,339,483,572",24,KRW,2020
20210309000400,11011,2020,00398701,066970,OFS,재무제표,IS,손익계산서,영업이익,제 21 기,2020.01.01 ~ 2020.12.31,"450,240,882",제 20 기,2019.01.01 ~ 2019.12.31,"-9,054,001,781",제 19 기,2018.01.01 ~ 2018.12.31,"25,202,714,510",26,KRW,2020
20210309000400,11011,2020,00398701,066970,OFS,재무제표,IS,손익계산서,법인세차감전 순이익,제 21 기,2020.01.01 ~ 2020.12.31,"-18,130,009,731",제 20 기,2019.01.01 ~ 2019.12.31,"-12,933,926,388",제 19 기,2018.01.01 ~ 2018.12.31,"24,138,801,146",28,KRW,2020
20210309000400,11011,2020,00398701,066970,OFS,재무제표,IS,손익계산서,당기순이익(손실),제 21 기,2020.01.01 ~ 2020.12.31,"-15,081,845,620",제 20 기,2019.01.01 ~ 2019.12.31,"-10,805,049,036",제 19 기,2018.01.01 ~ 2018.12.31,"18,484,690,573",30,KRW,2020
20210309000400,11011,2020,00398701,066970,OFS,재무제표,IS,손익계산서,당기순이익(손실),제 21 기,2020.01.01 ~ 2020.12.31,"-15,081,845,620",제 20 기,2019.01.01 ~ 2019.12.31,"-10,805,049,036",제 19 기,2018.01.01 ~ 2018.12.31,"18,484,690,573",62,KRW,2020
20220315000434,11011,2021,00398701,066970,CFS,연결재무제표,BS,재무상태표,유동자산,제 22 기,2021.12.31 현재,"1,070,617,278,632",제 21 기,2020.12.31 현재,"212,043,543,708",제 20 기,2019.12.31 현재,"206,225,288,157",1,KRW,2021
20220315000434,11011,2021,00398701,066970,CFS,연결재무제표,BS,재무상태표,비유동자산,제 22 기,2021.12.31 현재,"461,582,149,505",제 21 기,2020.12.31 현재,"254,173,855,486",제 20 기,2019.12.31 현재,"209,975,990,567",3,KRW,2021
20220315000434,11011,2021,00398701,066970,CFS,연결재무제표,BS,재무상태표,자산총계,제 22 기,2021.12.31 현재,"1,532,199,428,137",제 21 기,2020.12.31 현재,"466,217,399,194",제 20 기,2019.12.31 현재,"416,201,278,724",5,KRW,2021
20220315000434,11011,2021,00398701,066970,CFS,연결재무제표,BS,재무상태표,유동부채,제 22 기,2021.12.31 현재,"398,276,731,074",제 21 기,2020.12.31 현재,"158,120,232,264",제 20 기,2019.12.31 현재,"187,498,227,371",7,KRW,2021
20220315000434,11011,2021,00398701,066970,CFS,연결재무제표,BS,재무상태표,비유동부채,제 22 기,2021.12.31 현재,"498,732,341,507",제 21 기,2020.12.31 현재,"110,491,321,110",제 20 기,2019.12.31 현재,"96,882,518,791",9,KRW,2021
20220315000434,11011,2021,00398701,066970,CFS,연결재무제표,BS,재무상태표,부채총계,제 22 기,2021.12.31 현재,"897,009,072,581",제 21 기,2020.12.31 현재,"268,611,553,374",제 20 기,2019.12.31 현재,"284,380,746,162",11,KRW,2021
20220315000434,11011,2021,00398701,066970,CFS,연결재무제표,BS,재무상태표,자본금,제 22 기,2021.12.31 현재,"17,405,132,000",제 21 기,2020.12.31 현재,"14,029,364,500",제 20 기,2019.12.31 현재,"12,379,364,500",13,KRW,2021
20220315000434,11011,2021,00398701,066970,CFS,연결재무제표,BS,재무상태표,이익잉여금,제 22 기,2021.12.31 현재,"-98,589,954,831",제 21 기,2020.12.31 현재,"17,904,411,668",제 20 기,2019.12.31 현재,"34,830,793,775",17,KRW,2021
20220315000434,11011,2021,00398701,066970,CFS,연결재무제표,BS,재무상태표,자본총계,제 22 기,2021.12.31 현재,"635,190,355,556",제 21 기,2020.12.31 현재,"197,605,845,820",제 20 기,2019.12.31 현재,"131,820,532,562",21,KRW,2021
20220315000434,11011,2021,00398701,066970,CFS,연결재무제표,IS,손익계산서,매출액,제 22 기,2021.01.01 ~ 2021.12.31,"970,760,874,482",제 21 기,2020.01.01 ~ 2020.12.31,"356,105,956,054",제 20 기,2019.01.01 ~ 2019.12.31,"313,264,234,672",23,KRW,2021
20220315000434,11011,2021,00398701,066970,CFS,연결재무제표,IS,손익계산서,영업이익,제 22 기,2021.01.01 ~ 2021.12.31,"44,252,213,145",제 21 기,2020.01.01 ~ 2020.12.31,"1,470,005,055",제 20 기,2019.01.01 ~ 2019.12.31,"-7,662,576,802",25,KRW,2021
20220315000434,11011,2021,00398701,066970,CFS,연결재무제표,IS,손익계산서,법인세차감전 순이익,제 22 기,2021.01.01 ~ 2021.12.31,"-125,638,907,554",제 21 기,2020.01.01 ~ 2020.12.31,"-17,881,023,311",제 20 기,2019.01.01 ~ 2019.12.31,"-10,711,210,408",27,KRW,2021
20220315000434,11011,2021,00398701,066970,CFS,연결재무제표,IS,손익계산서,당기순이익(손실),제 22 기,2021.01.01 ~ 2021.12.31,"-112,263,172,018",제 21 기,2020.01.01 ~ 2020.12.31,"-15,018,130,143",제 20 기,2019.01.01 ~ 2019.12.31,"-8,809,230,051",29,KRW,2021
20220315000434,11011,2021,00398701,066970,CFS,연결재무제표,IS,손익계산서,당기순이익(손실),제 22 기,2021.01.01 ~ 2021.12.31,"-112,263,172,018",제 21 기,2020.01.01 ~ 2020.12.31,"-15,018,130,143",제 20 기,2019.01.01 ~ 2019.12.31,"-8,809,230,051",61,KRW,2021
20220315000434,11011,2021,00398701,066970,OFS,재무제표,BS,재무상태표,유동자산,제 22 기,2021.12.31 현재,"1,054,793,096,205",제 21 기,2020.12.31 현재,"200,633,716,051",제 20 기,2019.12.31 현재,"195,459,033,572",2,KRW,2021
20220315000434,11011,2021,00398701,066970,OFS,재무제표,BS,재무상태표,비유동자산,제 22 기,2021.12.31 현재,"440,927,078,409",제 21 기,2020.12.31 현재,"245,272,503,614",제 20 기,2019.12.31 현재,"197,898,806,914",4,KRW,2021
20220315000434,11011,2021,00398701,066970,OFS,재무제표,BS,재무상태표,자산총계,제 22 기,2021.12.31 현재,"1,495,720,174,614",제 21 기,2020.12.31 현재,"445,906,219,665",제 20 기,2019.12.31 현재,"393,357,840,486",6,KRW,2021
20220315000434,11011,2021,00398701,066970,OFS,재무제표,BS,재무상태표,유동부채,제 22 기,2021.12.31 현재,"373,949,950,433",제 21 기,2020.12.31 현재,"141,331,901,464",제 20 기,2019.12.31 현재,"168,757,701,144",8,KRW,2021
20220315000434,11011,2021,00398701,066970,OFS,재무제표,BS,재무상태표,비유동부채,제 22 기,2021.12.31 현재,"488,482,354,767",제 21 기,2020.12.31 현재,"105,839,863,113",제 20 기,2019.12.31 현재,"91,576,337,831",10,KRW,2021
20220315000434,11011,2021,00398701,066970,OFS,재무제표,BS,재무상태표,부채총계,제 22 기,2021.12.31 현재,"862,432,305,200",제 21 기,2020.12.31 현재,"247,171,764,577",제 20 기,2019.12.31 현재,"260,334,038,975",12,KRW,2021
20220315000434,11011,2021,00398701,066970,OFS,재무제표,BS,재무상태표,자본금,제 22 기,2021.12.31 현재,"17,405,132,000",제 21 기,2020.12.31 현재,"14,029,364,500",제 20 기,2019.12.31 현재,"12,379,364,500",15,KRW,2021
20220315000434,11011,2021,00398701,066970,OFS,재무제표,BS,재무상태표,이익잉여금,제 22 기,2021.12.31 현재,"-101,123,493,116",제 21 기,2020.12.31 현재,"16,399,697,068",제 20 기,2019.12.31 현재,"33,166,899,448",19,KRW,2021
20220315000434,11011,2021,00398701,066970,OFS,재무제표,BS,재무상태표,자본총계,제 22 기,2021.12.31 현재,"633,287,869,414",제 21 기,2020.12.31 현재,"198,734,455,088",제 20 기,2019.12.31 현재,"133,023,801,511",22,KRW,2021
20220315000434,11011,2021,00398701,066970,OFS,재무제표,IS,손익계산서,매출액,제 22 기,2021.01.01 ~ 2021.12.31,"966,422,607,511",제 21 기,2020.01.01 ~ 2020.12.31,"355,967,910,793",제 20 기,2019.01.01 ~ 2019.12.31,"312,072,282,621",24,KRW,2021
20220315000434,11011,2021,00398701,066970,OFS,재무제표,IS,손익계산서,영업이익,제 22 기,2021.01.01 ~ 2021.12.31,"41,750,154,998",제 21 기,2020.01.01 ~ 2020.12.31,"450,240,882",제 20 기,2019.01.01 ~ 2019.12.31,"-9,054,001,781",26,KRW,2021
20220315000434,11011,2021,00398701,066970,OFS,재무제표,IS,손익계산서,법인세차감전 순이익,제 22 기,2021.01.01 ~ 2021.12.31,"-127,238,819,558",제 21 기,2020.01.01 ~ 2020.12.31,"-18,130,009,731",제 20 기,2019.01.01 ~ 2019.12.31,"-12,933,926,388",28,KRW,2021
20220315000434,11011,2021,00398701,066970,OFS,재무제표,IS,손익계산서,당기순이익(손실),제 22 기,2021.01.01 ~ 2021.12.31,"-114,120,042,339",제 21 기,2020.01.01 ~ 2020.12.31,"-15,081,845,620",제 20 기,2019.01.01 ~ 2019.12.31,"-10,805,049,036",30,KRW,2021
20220315000434,11011,2021,00398701,066970,OFS,재무제표,IS,손익계산서,당기순이익(손실),제 22 기,2021.01.01 ~ 2021.12.31,"-114,120,042,339",제 21 기,2020.01.01 ~ 2020.12.31,"-15,081,845,620",제 20 기,2019.01.01 ~ 2019.12.31,"-10,805,049,036",62,KRW,2021
20230828000596,11011,2022,00398701,066970,CFS,연결재무제표,BS,재무상태표,유동자산,제 23 기,2022.12.31 현재,"2,302,551,789,075",제 22 기,2021.12.31 현재,"1,070,617,278,632",제 21 기,2020.12.31 현재,"212,043,543,708",1,KRW,2022
20230828000596,11011,2022,00398701,066970,CFS,연결재무제표,BS,재무상태표,비유동자산,제 23 기,2022.12.31 현재,"721,381,185,689",제 22 기,2021.12.31 현재,"461,582,149,505",제 21 기,2020.12.31 현재,"254,173,855,486",3,KRW,2022
20230828000596,11011,2022,00398701,066970,CFS,연결재무제표,BS,재무상태표,자산총계,제 23 기,2022.12.31 현재,"3,023,932,974,764",제 22 기,2021.12.31 현재,"1,532,199,428,137",제 21 기,2020.12.31 현재,"466,217,399,194",5,KRW,2022
20230828000596,11011,2022,00398701,066970,CFS,연결재무제표,BS,재무상태표,유동부채,제 23 기,2022.12.31 현재,"1,287,536,919,484",제 22 기,2021.12.31 현재,"398,276,731,074",제 21 기,2020.12.31 현재,"158,120,232,264",7,KRW,2022
20230828000596,11011,2022,00398701,066970,CFS,연결재무제표,BS,재무상태표,비유동부채,제 23 기,2022.12.31 현재,"451,065,674,803",제 22 기,2021.12.31 현재,"498,732,341,507",제 21 기,2020.12.31 현재,"110,491,321,110",9,KRW,2022
20230828000596,11011,2022,00398701,066970,CFS,연결재무제표,BS,재무상태표,부채총계,제 23 기,2022.12.31 현재,"1,738,602,594,287",제 22 기,2021.12.31 현재,"897,009,072,581",제 21 기,2020.12.31 현재,"268,611,553,374",11,KRW,2022
20230828000596,11011,2022,00398701,066970,CFS,연결재무제표,BS,재무상태표,자본금,제 23 기,2022.12.31 현재,"18,009,158,000",제 22 기,2021.12.31 현재,"17,405,132,000",제 21 기,2020.12.31 현재,"14,029,364,500",13,KRW,2022
20230828000596,11011,2022,00398701,066970,CFS,연결재무제표,BS,재무상태표,이익잉여금,제 23 기,2022.12.31 현재,"571,608,334,218",제 22 기,2021.12.31 현재,"-98,589,954,831",제 21 기,2020.12.31 현재,"17,904,411,668",17,KRW,2022
20230828000596,11011,2022,00398701,066970,CFS,연결재무제표,BS,재무상태표,자본총계,제 23 기,2022.12.31 현재,"1,285,330,380,477",제 22 기,2021.12.31 현재,"635,190,355,556",제 21 기,2020.12.31 현재,"197,605,845,820",21,KRW,2022
20230828000596,11011,2022,00398701,066970,CFS,연결재무제표,IS,손익계산서,매출액,제 23 기,2022.01.01 ~ 2022.12.31,"3,887,293,713,353",제 22 기,2021.01.01 ~ 2021.12.31,"970,760,874,482",제 21 기,2020.01.01 ~ 2020.12.31,"356,105,956,054",23,KRW,2022
20230828000596,11011,2022,00398701,066970,CFS,연결재무제표,IS,손익계산서,영업이익,제 23 기,2022.01.01 ~ 2022.12.31,"266,321,029,961",제 22 기,2021.01.01 ~ 2021.12.31,"44,252,213,145",제 21 기,2020.01.01 ~ 2020.12.31,"1,470,005,055",25,KRW,2022
20230828000596,11011,2022,00398701,066970,CFS,연결재무제표,IS,손익계산서,법인세차감전 순이익,제 23 기,2022.01.01 ~ 2022.12.31,"340,535,961,422",제 22 기,2021.01.01 ~ 2021.12.31,"-125,638,907,554",제 21 기,2020.01.01 ~ 2020.12.31,"-17,881,023,311",27,KRW,2022
20230828000596,11011,2022,00398701,066970,CFS,연결재무제표,IS,손익계산서,당기순이익(손실),제 23 기,2022.01.01 ~ 2022.12.31,"271,012,385,909",제 22 기,2021.01.01 ~ 2021.12.31,"-112,263,172,018",제 21 기,2020.01.01 ~ 2020.12.31,"-15,018,130,143",29,KRW,2022
20230828000596,11011,2022,00398701,066970,CFS,연결재무제표,IS,손익계산서,당기순이익(손실),제 23 기,2022.01.01 ~ 2022.12.31,"271,012,385,909",제 22 기,2021.01.01 ~ 2021.12.31,"-112,263,172,018",제 21 기,2020.01.01 ~ 2020.12.31,"-15,018,130,143",61,KRW,2022
20230828000596,11011,2022,00398701,066970,OFS,재무제표,BS,재무상태표,유동자산,제 23 기,2022.12.31 현재,"2,287,279,349,274",제 22 기,2021.12.31 현재,"1,054,793,096,205",제 21 기,2020.12.31 현재,"200,633,716,051",2,KRW,2022
20230828000596,11011,2022,00398701,066970,OFS,재무제표,BS,재무상태표,비유동자산,제 23 기,2022.12.31 현재,"693,020,725,123",제 22 기,2021.12.31 현재,"440,927,078,409",제 21 기,2020.12.31 현재,"245,272,503,614",4,KRW,2022
20230828000596,11011,2022,00398701,066970,OFS,재무제표,BS,재무상태표,자산총계,제 23 기,2022.12.31 현재,"2,980,300,074,397",제 22 기,2021.12.31 현재,"1,495,720,174,614",제 21 기,2020.12.31 현재,"445,906,219,665",6,KRW,2022
20230828000596,11011,2022,00398701,066970,OFS,재무제표,BS,재무상태표,유동부채,제 23 기,2022.12.31 현재,"1,261,998,351,540",제 22 기,2021.12.31 현재,"373,949,950,433",제 21 기,2020.12.31 현재,"141,331,901,464",8,KRW,2022
20230828000596,11011,2022,00398701,066970,OFS,재무제표,BS,재무상태표,비유동부채,제 23 기,2022.12.31 현재,"433,812,490,860",제 22 기,2021.12.31 현재,"488,482,354,767",제 21 기,2020.12.31 현재,"105,839,863,113",10,KRW,2022
20230828000596,11011,2022,00398701,066970,OFS,재무제표,BS,재무상태표,부채총계,제 23 기,2022.12.31 현재,"1,695,810,842,400",제 22 기,2021.12.31 현재,"862,432,305,200",제 21 기,2020.12.31 현재,"247,171,764,577",12,KRW,2022
20230828000596,11011,2022,00398701,066970,OFS,재무제표,BS,재무상태표,자본금,제 23 기,2022.12.31 현재,"18,009,158,000",제 22 기,2021.12.31 현재,"17,405,132,000",제 21 기,2020.12.31 현재,"14,029,364,500",15,KRW,2022
20230828000596,11011,2022,00398701,066970,OFS,재무제표,BS,재무상태표,이익잉여금,제 23 기,2022.12.31 현재,"571,151,625,463",제 22 기,2021.12.31 현재,"-101,123,493,116",제 21 기,2020.12.31 현재,"16,399,697,068",19,KRW,2022
20230828000596,11011,2022,00398701,066970,OFS,재무제표,BS,재무상태표,자본총계,제 23 기,2022.12.31 현재,"1,284,489,231,997",제 22 기,2021.12.31 현재,"633,287,869,414",제 21 기,2020.12.31 현재,"198,734,455,088",22,KRW,2022
20230828000596,11011,2022,00398701,066970,OFS,재무제표,IS,손익계산서,매출액,제 23 기,2022.01.01 ~ 2022.12.31,"3,886,225,572,896",제 22 기,2021.01.01 ~ 2021.12.31,"966,422,607,511",제 21 기,2020.01.01 ~ 2020.12.31,"355,967,910,793",24,KRW,2022
20230828000596,11011,2022,00398701,066970,OFS,재무제표,IS,손익계산서,영업이익,제 23 기,2022.01.01 ~ 2022.12.31,"265,358,083,903",제 22 기,2021.01.01 ~ 2021.12.31,"41,750,154,998",제 21 기,2020.01.01 ~ 2020.12.31,"450,240,882",26,KRW,2022
20230828000596,11011,2022,00398701,066970,OFS,재무제표,IS,손익계산서,법인세차감전 순이익,제 23 기,2022.01.01 ~ 2022.12.31,"340,641,773,883",제 22 기,2021.01.01 ~ 2021.12.31,"-127,238,819,558",제 21 기,2020.01.01 ~ 2020.12.31,"-18,130,009,731",28,KRW,2022
20230828000596,11011,2022,00398701,066970,OFS,재무제표,IS,손익계산서,당기순이익(손실),제 23 기,2022.01.01 ~ 2022.12.31,"272,172,837,471",제 22 기,2021.01.01 ~ 2021.12.31,"-114,120,042,339",제 21 기,2020.01.01 ~ 2020.12.31,"-15,081,845,620",30,KRW,2022
20230828000596,11011,2022,00398701,066970,OFS,재무제표,IS,손익계산서,당기순이익(손실),제 23 기,2022.01.01 ~ 2022.12.31,"272,172,837,471",제 22 기,2021.01.01 ~ 2021.12.31,"-114,120,042,339",제 21 기,2020.01.01 ~ 2020.12.31,"-15,081,845,620",62,KRW,2022
20240328001260,11011,2023,00398701,066970,CFS,연결재무제표,BS,재무상태표,유동자산,제 24 기,2023.12.31 현재,"1,969,480,525,059",제 23 기,2022.12.31 현재,"2,302,551,789,075",제 22 기,2021.12.31 현재,"1,070,617,278,632",1,KRW,2023
20240328001260,11011,2023,00398701,066970,CFS,연결재무제표,BS,재무상태표,비유동자산,제 24 기,2023.12.31 현재,"1,381,964,085,529",제 23 기,2022.12.31 현재,"721,381,185,689",제 22 기,2021.12.31 현재,"461,582,149,505",3,KRW,2023
20240328001260,11011,2023,00398701,066970,CFS,연결재무제표,BS,재무상태표,자산총계,제 24 기,2023.12.31 현재,"3,351,444,610,588",제 23 기,2022.12.31 현재,"3,023,932,974,764",제 22 기,2021.12.31 현재,"1,532,199,428,137",5,KRW,2023
20240328001260,11011,2023,00398701,066970,CFS,연결재무제표,BS,재무상태표,유동부채,제 24 기,2023.12.31 현재,"1,747,319,185,275",제 23 기,2022.12.31 현재,"1,287,536,919,484",제 22 기,2021.12.31 현재,"398,276,731,074",7,KRW,2023
20240328001260,11011,2023,00398701,066970,CFS,연결재무제표,BS,재무상태표,비유동부채,제 24 기,2023.12.31 현재,"494,136,821,512",제 23 기,2022.12.31 현재,"451,065,674,803",제 22 기,2021.12.31 현재,"498,732,341,507",9,KRW,2023
20240328001260,11011,2023,00398701,066970,CFS,연결재무제표,BS,재무상태표,부채총계,제 24 기,2023.12.31 현재,"2,241,456,006,787",제 23 기,2022.12.31 현재,"1,738,602,594,287",제 22 기,2021.12.31 현재,"897,009,072,581",11,KRW,2023
20240328001260,11011,2023,00398701,066970,CFS,연결재무제표,BS,재무상태표,자본금,제 24 기,2023.12.31 현재,"18,123,912,500",제 23 기,2022.12.31 현재,"18,009,158,000",제 22 기,2021.12.31 현재,"17,405,132,000",13,KRW,2023
20240328001260,11011,2023,00398701,066970,CFS,연결재무제표,BS,재무상태표,이익잉여금,제 24 기,2023.12.31 현재,"357,864,909,593",제 23 기,2022.12.31 현재,"571,608,334,218",제 22 기,2021.12.31 현재,"-98,589,954,831",17,KRW,2023
20240328001260,11011,2023,00398701,066970,CFS,연결재무제표,BS,재무상태표,자본총계,제 24 기,2023.12.31 현재,"1,109,988,603,801",제 23 기,2022.12.31 현재,"1,285,330,380,477",제 22 기,2021.12.31 현재,"635,190,355,556",21,KRW,2023
20240328001260,11011,2023,00398701,066970,CFS,연결재무제표,IS,손익계산서,매출액,제 24 기,2023.01.01 ~ 2023.12.31,"4,644,090,367,589",제 23 기,2022.01.01 ~ 2022.12.31,"3,887,293,713,353",제 22 기,2021.01.01 ~ 2021.12.31,"970,760,874,482",23,KRW,2023
20240328001260,11011,2023,00398701,066970,CFS,연결재무제표,IS,손익계산서,영업이익,제 24 기,2023.01.01 ~ 2023.12.31,"-222,296,651,919",제 23 기,2022.01.01 ~ 2022.12.31,"266,321,029,961",제 22 기,2021.01.01 ~ 2021.12.31,"44,252,213,145",25,KRW,2023
20240328001260,11011,2023,00398701,066970,CFS,연결재무제표,IS,손익계산서,법인세차감전 순이익,제 24 기,2023.01.01 ~ 2023.12.31,"-295,687,381,185",제 23 기,2022.01.01 ~ 2022.12.31,"340,535,961,422",제 22 기,2021.01.01 ~ 2021.12.31,"-125,638,907,554",27,KRW,2023
20240328001260,11011,2023,00398701,066970,CFS,연결재무제표,IS,손익계산서,당기순이익(손실),제 24 기,2023.01.01 ~ 2023.12.31,"-194,922,089,742",제 23 기,2022.01.01 ~ 2022.12.31,"271,012,385,909",제 22 기,2021.01.01 ~ 2021.12.31,"-112,263,172,018",29,KRW,2023
20240328001260,11011,2023,00398701,066970,CFS,연결재무제표,IS,손익계산서,당기순이익(손실),제 24 기,2023.01.01 ~ 2023.12.31,"-194,922,089,742",제 23 기,2022.01.01 ~ 2022.12.31,"271,012,385,909",제 22 기,2021.01.01 ~ 2021.12.31,"-112,263,172,018",61,KRW,2023
20240328001260,11011,2023,00398701,066970,CFS,연결재무제표,IS,손익계산서,총포괄손익,제 24 기,2023.01.01 ~ 2023.12.31,"-198,937,911,733",제 23 기,2022.01.01 ~ 2022.12.31,"272,192,614,952",제 22 기,2021.01.01 ~ 2021.12.31,"-104,266,922,395",63,KRW,2023
20240328001260,11011,2023,00398701,066970,OFS,재무제표,BS,재무상태표,유동자산,제 24 기,2023.12.31 현재,"1,946,243,030,601",제 23 기,2022.12.31 현재,"2,287,279,349,274",제 22 기,2021.12.31 현재,"1,054,793,096,205",2,KRW,2023
20240328001260,11011,2023,00398701,066970,OFS,재무제표,BS,재무상태표,비유동자산,제 24 기,2023.12.31 현재,"1,355,044,858,182",제 23 기,2022.12.31 현재,"693,020,725,123",제 22 기,2021.12.31 현재,"440,927,078,409",4,KRW,2023
20240328001260,11011,2023,00398701,066970,OFS,재무제표,BS,재무상태표,자산총계,제 24 기,2023.12.31 현재,"3,301,287,888,783",제 23 기,2022.12.31 현재,"2,980,300,074,397",제 22 기,2021.12.31 현재,"1,495,720,174,614",6,KRW,2023
20240328001260,11011,2023,00398701,066970,OFS,재무제표,BS,재무상태표,유동부채,제 24 기,2023.12.31 현재,"1,717,249,623,745",제 23 기,2022.12.31 현재,"1,261,998,351,540",제 22 기,2021.12.31 현재,"373,949,950,433",8,KRW,2023
20240328001260,11011,2023,00398701,066970,OFS,재무제표,BS,재무상태표,비유동부채,제 24 기,2023.12.31 현재,"478,663,119,434",제 23 기,2022.12.31 현재,"433,812,490,860",제 22 기,2021.12.31 현재,"488,482,354,767",10,KRW,2023
20240328001260,11011,2023,00398701,066970,OFS,재무제표,BS,재무상태표,부채총계,제 24 기,2023.12.31 현재,"2,195,912,743,179",제 23 기,2022.12.31 현재,"1,695,810,842,400",제 22 기,2021.12.31 현재,"862,432,305,200",12,KRW,2023
20240328001260,11011,2023,00398701,066970,OFS,재무제표,BS,재무상태표,자본금,제 24 기,2023.12.31 현재,"18,123,912,500",제 23 기,2022.12.31 현재,"18,009,158,000",제 22 기,2021.12.31 현재,"17,405,132,000",15,KRW,2023
20240328001260,11011,2023,00398701,066970,OFS,재무제표,BS,재무상태표,이익잉여금,제 24 기,2023.12.31 현재,"359,504,274,132",제 23 기,2022.12.31 현재,"571,151,625,463",제 22 기,2021.12.31 현재,"-101,123,493,116",19,KRW,2023
20240328001260,11011,2023,00398701,066970,OFS,재무제표,BS,재무상태표,자본총계,제 24 기,2023.12.31 현재,"1,105,375,145,604",제 23 기,2022.12.31 현재,"1,284,489,231,997",제 22 기,2021.12.31 현재,"633,287,869,414",22,KRW,2023
20240328001260,11011,2023,00398701,066970,OFS,재무제표,IS,손익계산서,매출액,제 24 기,2023.01.01 ~ 2023.12.31,"4,600,044,289,859",제 23 기,2022.01.01 ~ 2022.12.31,"3,886,225,572,896",제 22 기,2021.01.01 ~ 2021.12.31,"966,422,607,511",24,KRW,2023
20240328001260,11011,2023,00398701,066970,OFS,재무제표,IS,손익계산서,영업이익,제 24 기,2023.01.01 ~ 2023.12.31,"-224,139,651,645",제 23 기,2022.01.01 ~ 2022.12.31,"265,358,083,903",제 22 기,2021.01.01 ~ 2021.12.31,"41,750,154,998",26,KRW,2023
20240328001260,11011,2023,00398701,066970,OFS,재무제표,IS,손익계산서,법인세차감전 순이익,제 24 기,2023.01.01 ~ 2023.12.31,"-293,211,086,450",제 23 기,2022.01.01 ~ 2022.12.31,"340,641,773,883",제 22 기,2021.01.01 ~ 2021.12.31,"-127,238,819,558",28,KRW,2023
20240328001260,11011,2023,00398701,066970,OFS,재무제표,IS,손익계산서,당기순이익(손실),제 24 기,2023.01.01 ~ 2023.12.31,"-192,392,418,388",제 23 기,2022.01.01 ~ 2022.12.31,"272,172,837,471",제 22 기,2021.01.01 ~ 2021.12.31,"-114,120,042,339",30,KRW,2023
20240328001260,11011,2023,00398701,066970,OFS,재무제표,IS,손익계산서,당기순이익(손실),제 24 기,2023.01.01 ~ 2023.12.31,"-192,392,418,388",제 23 기,2022.01.01 ~ 2022.12.31,"272,172,837,471",제 22 기,2021.01.01 ~ 2021.12.31,"-114,120,042,339",62,KRW,2023
20240328001260,11011,2023,00398701,066970,OFS,재무제표,IS,손익계산서,총포괄손익,제 24 기,2023.01.01 ~ 2023.12.31,"-195,007,498,831",제 23 기,2022.01.01 ~ 2022.12.31,"273,457,430,734",제 22 기,2021.01.01 ~ 2021.12.31,"-107,171,725,065",64,KRW,2023
20250311001260,11011,2024,00398701,066970,CFS,연결재무제표,BS,재무상태표,유동자산,제 25 기,2024.12.31 현재,"1,089,837,750,806",제 24 기,2023.12.31 현재,"1,969,480,525,059",제 23 기,2022.12.31 현재,"2,302,551,789,075",1,KRW,2024
20250311001260,11011,2024,00398701,066970,CFS,연결재무제표,BS,재무상태표,비유동자산,제 25 기,2024.12.31 현재,"1,709,993,766,927",제 24 기,2023.12.31 현재,"1,381,964,085,529",제 23 기,2022.12.31 현재,"721,381,185,689",3,KRW,2024
20250311001260,11011,2024,00398701,066970,CFS,연결재무제표,BS,재무상태표,자산총계,제 25 기,2024.12.31 현재,"2,799,831,517,733",제 24 기,2023.12.31 현재,"3,351,444,610,588",제 23 기,2022.12.31 현재,"3,023,932,974,764",5,KRW,2024
20250311001260,11011,2024,00398701,066970,CFS,연결재무제표,BS,재무상태표,유동부채,제 25 기,2024.12.31 현재,"1,552,202,559,623",제 24 기,2023.12.31 현재,"1,747,319,185,275",제 23 기,2022.12.31 현재,"1,287,536,919,484",7,KRW,2024
20250311001260,11011,2024,00398701,066970,CFS,연결재무제표,BS,재무상태표,비유동부채,제 25 기,2024.12.31 현재,"524,281,026,749",제 24 기,2023.12.31 현재,"494,136,821,512",제 23 기,2022.12.31 현재,"451,065,674,803",9,KRW,2024
20250311001260,11011,2024,00398701,066970,CFS,연결재무제표,BS,재무상태표,부채총계,제 25 기,2024.12.31 현재,"2,076,483,586,372",제 24 기,2023.12.31 현재,"2,241,456,006,787",제 23 기,2022.12.31 현재,"1,738,602,594,287",11,KRW,2024
20250311001260,11011,2024,00398701,066970,CFS,연결재무제표,BS,재무상태표,자본금,제 25 기,2024.12.31 현재,"18,148,587,000",제 24 기,2023.12.31 현재,"18,123,912,500",제 23 기,2022.12.31 현재,"18,009,158,000",13,KRW,2024
20250311001260,11011,2024,00398701,066970,CFS,연결재무제표,BS,재무상태표,이익잉여금,제 25 기,2024.12.31 현재,"-22,707,262,796",제 24 기,2023.12.31 현재,"357,864,909,593",제 23 기,2022.12.31 현재,"571,608,334,218",17,KRW,2024
20250311001260,11011,2024,00398701,066970,CFS,연결재무제표,BS,재무상태표,자본총계,제 25 기,2024.12.31 현재,"723,347,931,361",제 24 기,2023.12.31 현재,"1,109,988,603,801",제 23 기,2022.12.31 현재,"1,285,330,380,477",21,KRW,2024
20250311001260,11011,2024,00398701,066970,CFS,연결재무제표,IS,손익계산서,매출액,제 25 기,2024.01.01 ~ 2024.12.31,"1,907,478,512,809",제 24 기,2023.01.01 ~ 2023.12.31,"4,644,090,367,589",제 23 기,2022.01.01 ~ 2022.12.31,"3,887,293,713,353",23,KRW,2024
20250311001260,11011,2024,00398701,066970,CFS,연결재무제표,IS,손익계산서,영업이익,제 25 기,2024.01.01 ~ 2024.12.31,"-558,685,355,192",제 24 기,2023.01.01 ~ 2023.12.31,"-222,296,651,919",제 23 기,2022.01.01 ~ 2022.12.31,"266,321,029,961",25,KRW,2024
20250311001260,11011,2024,00398701,066970,CFS,연결재무제표,IS,손익계산서,법인세차감전 순이익,제 25 기,2024.01.01 ~ 2024.12.31,"-519,507,103,441",제 24 기,2023.01.01 ~ 2023.12.31,"-295,687,381,185",제 23 기,2022.01.01 ~ 2022.12.31,"340,535,961,422",27,KRW,2024
20250311001260,11011,2024,00398701,066970,CFS,연결재무제표,IS,손익계산서,당기순이익(손실),제 25 기,2024.01.01 ~ 2024.12.31,"-380,729,239,417",제 24 기,2023.01.01 ~ 2023.12.31,"-194,922,089,742",제 23 기,2022.01.01 ~ 2022.12.31,"271,012,385,909",29,KRW,2024
20250311001260,11011,2024,00398701,066970,CFS,연결재무제표,IS,손익계산서,당기순이익(손실),제 25 기,2024.01.01 ~ 2024.12.31,"-380,729,239,417",제 24 기,2023.01.01 ~ 2023.12.31,"-194,922,089,742",제 23 기,2022.01.01 ~ 2022.12.31,"271,012,385,909",61,KRW,2024
20250311001260,11011,2024,00398701,066970,CFS,연결재무제표,IS,손익계산서,총포괄손익,제 25 기,2024.01.01 ~ 2024.12.31,"-383,599,147,372",제 24 기,2023.01.01 ~ 2023.12.31,"-198,937,911,733",제 23 기,2022.01.01 ~ 2022.12.31,"272,192,614,952",63,KRW,2024
20250311001260,11011,2024,00398701,066970,OFS,재무제표,BS,재무상태표,유동자산,제 25 기,2024.12.31 현재,"1,084,265,112,771",제 24 기,2023.12.31 현재,"1,946,243,030,601",제 23 기,2022.12.31 현재,"2,287,279,349,274",2,KRW,2024
20250311001260,11011,2024,00398701,066970,OFS,재무제표,BS,재무상태표,비유동자산,제 25 기,2024.12.31 현재,"1,653,301,695,638",제 24 기,2023.12.31 현재,"1,355,044,858,182",제 23 기,2022.12.31 현재,"693,020,725,123",4,KRW,2024
20250311001260,11011,2024,00398701,066970,OFS,재무제표,BS,재무상태표,자산총계,제 25 기,2024.12.31 현재,"2,737,566,808,409",제 24 기,2023.12.31 현재,"3,301,287,888,783",제 23 기,2022.12.31 현재,"2,980,300,074,397",6,KRW,2024
20250311001260,11011,2024,00398701,066970,OFS,재무제표,BS,재무상태표,유동부채,제 25 기,2024.12.31 현재,"1,515,044,738,598",제 24 기,2023.12.31 현재,"1,717,249,623,745",제 23 기,2022.12.31 현재,"1,261,998,351,540",8,KRW,2024
20250311001260,11011,2024,00398701,066970,OFS,재무제표,BS,재무상태표,비유동부채,제 25 기,2024.12.31 현재,"500,491,063,679",제 24 기,2023.12.31 현재,"478,663,119,434",제 23 기,2022.12.31 현재,"433,812,490,860",10,KRW,2024
20250311001260,11011,2024,00398701,066970,OFS,재무제표,BS,재무상태표,부채총계,제 25 기,2024.12.31 현재,"2,015,535,802,277",제 24 기,2023.12.31 현재,"2,195,912,743,179",제 23 기,2022.12.31 현재,"1,695,810,842,400",12,KRW,2024
20250311001260,11011,2024,00398701,066970,OFS,재무제표,BS,재무상태표,자본금,제 25 기,2024.12.31 현재,"18,148,587,000",제 24 기,2023.12.31 현재,"18,123,912,500",제 23 기,2022.12.31 현재,"18,009,158,000",15,KRW,2024
20250311001260,11011,2024,00398701,066970,OFS,재무제표,BS,재무상태표,이익잉여금,제 25 기,2024.12.31 현재,"-20,798,340,272",제 24 기,2023.12.31 현재,"359,504,274,132",제 23 기,2022.12.31 현재,"571,151,625,463",19,KRW,2024
20250311001260,11011,2024,00398701,066970,OFS,재무제표,BS,재무상태표,자본총계,제 25 기,2024.12.31 현재,"722,031,006,132",제 24 기,2023.12.31 현재,"1,105,375,145,604",제 23 기,2022.12.31 현재,"1,284,489,231,997",22,KRW,2024
20250311001260,11011,2024,00398701,066970,OFS,재무제표,IS,손익계산서,매출액,제 25 기,2024.01.01 ~ 2024.12.31,"1,903,173,521,972",제 24 기,2023.01.01 ~ 2023.12.31,"4,600,044,289,859",제 23 기,2022.01.01 ~ 2022.12.31,"3,886,225,572,896",24,KRW,2024
20250311001260,11011,2024,00398701,066970,OFS,재무제표,IS,손익계산서,영업이익,제 25 기,2024.01.01 ~ 2024.12.31,"-558,742,289,817",제 24 기,2023.01.01 ~ 2023.12.31,"-224,139,651,645",제 23 기,2022.01.01 ~ 2022.12.31,"265,358,083,903",26,KRW,2024
20250311001260,11011,2024,00398701,066970,OFS,재무제표,IS,손익계산서,법인세차감전 순이익,제 25 기,2024.01.01 ~ 2024.12.31,"-516,923,048,804",제 24 기,2023.01.01 ~ 2023.12.31,"-293,211,086,450",제 23 기,2022.01.01 ~ 2022.12.31,"340,641,773,883",28,KRW,2024
20250311001260,11011,2024,00398701,066970,OFS,재무제표,IS,손익계산서,당기순이익(손실),제 25 기,2024.01.01 ~ 2024.12.31,"-377,796,774,946",제 24 기,2023.01.01 ~ 2023.12.31,"-192,392,418,388",제 23 기,2022.01.01 ~ 2022.12.31,"272,172,837,471",30,KRW,2024
20250311001260,11011,2024,00398701,066970,OFS,재무제표,IS,손익계산서,당기순이익(손실),제 25 기,2024.01.01 ~ 2024.12.31,"-377,796,774,946",제 24 기,2023.01.01 ~ 2023.12.31,"-192,392,418,388",제 23 기,2022.01.01 ~ 2022.12.31,"272,172,837,471",62,KRW,2024
20250311001260,11011,2024,00398701,066970,OFS,재무제표,IS,손익계산서,총포괄손익,제 25 기,2024.01.01 ~ 2024.12.31,"-380,302,614,404",제 24 기,2023.01.01 ~ 2023.12.31,"-195,007,498,831",제 23 기,2022.01.01 ~ 2022.12.31,"273,457,430,734",64,KRW,2024
20190329003165,11011,2018,00155212,022100,CFS,연결재무제표,BS,재무상태표,유동자산,제 30 기,2018.12.31 현재,"342,215,091,162",제 29 기,2017.12.31 현재,"379,477,934,633",제 28 기,2016.12.31 현재,"397,319,200,901",1,KRW,2018
20190329003165,11011,2018,00155212,022100,CFS,연결재무제표,BS,재무상태표,비유동자산,제 30 기,2018.12.31 현재,"268,017,380,335",제 29 기,2017.12.31 현재,"266,823,384,152",제 28 기,2016.12.31 현재,"259,550,449,857",3,KRW,2018
20190329003165,11011,2018,00155212,022100,CFS,연결재무제표,BS,재무상태표,자산총계,제 30 기,2018.12.31 현재,"610,232,471,497",제 29 기,2017.12.31 현재,"646,301,318,785",제 28 기,2016.12.31 현재,"662,199,650,758",5,KRW,2018
20190329003165,11011,2018,00155212,022100,CFS,연결재무제표,BS,재무상태표,유동부채,제 30 기,2018.12.31 현재,"218,400,066,912",제 29 기,2017.12.31 현재,"212,809,735,571",제 28 기,2016.12.31 현재,"260,610,571,503",7,KRW,2018
20190329003165,11011,2018,00155212,022100,CFS,연결재무제표,BS,재무상태표,비유동부채,제 30 기,2018.12.31 현재,"52,639,511,471",제 29 기,2017.12.31 현재,"33,255,962,684",제 28 기,2016.12.31 현재,"26,773,197,454",9,KRW,2018
20190329003165,11011,2018,00155212,022100,CFS,연결재무제표,BS,재무상태표,부채총계,제 30 기,2018.12.31 현재,"271,039,578,383",제 29 기,2017.12.31 현재,"246,065,698,255",제 28 기,2016.12.31 현재,"287,383,768,957",11,KRW,2018
20190329003165,11011,2018,00155212,022100,CFS,연결재무제표,BS,재무상태표,자본금,제 30 기,2018.12.31 현재,"76,017,364,500",제 29 기,2017.12.31 현재,"76,017,364,500",제 28 기,2016.12.31 현재,"76,017,364,500",13,KRW,2018
20190329003165,11011,2018,00155212,022100,CFS,연결재무제표,BS,재무상태표,이익잉여금,제 30 기,2018.12.31 현재,"41,566,742,049",제 29 기,2017.12.31 현재,"100,624,968,737",제 28 기,2016.12.31 현재,"75,105,674,288",17,KRW,2018
20190329003165,11011,2018,00155212,022100,CFS,연결재무제표,BS,재무상태표,자본총계,제 30 기,2018.12.31 현재,"339,192,893,114",제 29 기,2017.12.31 현재,"400,235,620,530",제 28 기,2016.12.31 현재,"374,815,881,801",21,KRW,2018
20190329003165,11011,2018,00155212,022100,CFS,연결재무제표,IS,손익계산서,매출액,제 30 기,2018.01.01 ~ 2018.12.31,"927,076,974,004",제 29 기,2017.01.01 ~ 2017.12.31,"950,592,312,530",제 28 기,2016.01.01 ~ 2016.12.31,"866,893,880,605",23,KRW,2018
20190329003165,11011,2018,00155212,022100,CFS,연결재무제표,IS,손익계산서,영업이익,제 30 기,2018.01.01 ~ 2018.12.31,"42,133,726,169",제 29 기,2017.01.01 ~ 2017.12.31,"56,071,083,954",제 28 기,2016.01.01 ~ 2016.12.31,"52,249,217,693",25,KRW,2018
20190329003165,11011,2018,00155212,022100,CFS,연결재무제표,IS,손익계산서,법인세차감전 순이익,제 30 기,2018.01.01 ~ 2018.12.31,"-40,130,240,549",제 29 기,2017.01.01 ~ 2017.12.31,"47,538,521,215",제 28 기,2016.01.01 ~ 2016.12.31,"35,912,446,342",27,KRW,2018
20190329003165,11011,2018,00155212,022100,CFS,연결재무제표,IS,손익계산서,당기순이익(손실),제 30 기,2018.01.01 ~ 2018.12.31,"-34,160,439,018",제 29 기,2017.01.01 ~ 2017.12.31,"41,996,484,797",제 28 기,2016.01.01 ~ 2016.12.31,"37,558,729,472",29,KRW,2018
20190329003165,11011,2018,00155212,022100,CFS,연결재무제표,IS,손익계산서,당기순이익(손실),제 30 기,2018.01.01 ~ 2018.12.31,"-34,160,439,018",제 29 기,2017.01.01 ~ 2017.12.31,"41,996,484,797",제 28 기,2016.01.01 ~ 2016.12.31,"37,558,729,472",61,KRW,2018
20190329003165,11011,2018,00155212,022100,OFS,재무제표,BS,재무상태표,유동자산,제 30 기,2018.12.31 현재,"329,776,360,595",제 29 기,2017.12.31 현재,"370,424,382,708",제 28 기,2016.12.31 현재,"385,075,168,675",2,KRW,2018
20190329003165,11011,2018,00155212,022100,OFS,재무제표,BS,재무상태표,비유동자산,제 30 기,2018.12.31 현재,"267,214,752,729",제 29 기,2017.12.31 현재,"264,044,428,466",제 28 기,2016.12.31 현재,"259,433,044,244",4,KRW,2018
20190329003165,11011,2018,00155212,022100,OFS,재무제표,BS,재무상태표,자산총계,제 30 기,2018.12.31 현재,"596,991,113,324",제 29 기,2017.12.31 현재,"634,468,811,174",제 28 기,2016.12.31 현재,"649,838,212,919",6,KRW,2018
20190329003165,11011,2018,00155212,022100,OFS,재무제표,BS,재무상태표,유동부채,제 30 기,2018.12.31 현재,"207,941,067,728",제 29 기,2017.12.31 현재,"203,924,490,608",제 28 기,2016.12.31 현재,"251,576,516,829",8,KRW,2018
20190329003165,11011,2018,00155212,022100,OFS,재무제표,BS,재무상태표,비유동부채,제 30 기,2018.12.31 현재,"51,158,179,646",제 29 기,2017.12.31 현재,"31,899,708,273",제 28 기,2016.12.31 현재,"25,488,552,796",10,KRW,2018
20190329003165,11011,2018,00155212,022100,OFS,재무제표,BS,재무상태표,부채총계,제 30 기,2018.12.31 현재,"259,099,247,374",제 29 기,2017.12.31 현재,"235,824,198,881",제 28 기,2016.12.31 현재,"277,065,069,625",12,KRW,2018
20190329003165,11011,2018,00155212,022100,OFS,재무제표,BS,재무상태표,자본금,제 30 기,2018.12.31 현재,"76,017,364,500",제 29 기,2017.12.31 현재,"76,017,364,500",제 28 기,2016.12.31 현재,"76,017,364,500",15,KRW,2018
20190329003165,11011,2018,00155212,022100,OFS,재무제표,BS,재무상태표,이익잉여금,제 30 기,2018.12.31 현재,"42,636,494,781",제 29 기,2017.12.31 현재,"101,009,036,885",제 28 기,2016.12.31 현재,"74,999,845,008",19,KRW,2018
20190329003165,11011,2018,00155212,022100,OFS,재무제표,BS,재무상태표,자본총계,제 30 기,2018.12.31 현재,"337,891,865,950",제 29 기,2017.12.31 현재,"398,644,612,293",제 28 기,2016.12.31 현재,"372,773,143,294",22,KRW,2018
20190329003165,11011,2018,00155212,022100,OFS,재무제표,IS,손익계산서,매출액,제 30 기,2018.01.01 ~ 2018.12.31,"894,977,849,870",제 29 기,2017.01.01 ~ 2017.12.31,"918,344,969,596",제 28 기,2016.01.01 ~ 2016.12.31,"838,257,962,966",24,KRW,2018
20190329003165,11011,2018,00155212,022100,OFS,재무제표,IS,손익계산서,영업이익,제 30 기,2018.01.01 ~ 2018.12.31,"39,957,120,189",제 29 기,2017.01.01 ~ 2017.12.31,"56,584,959,603",제 28 기,2016.01.01 ~ 2016.12.31,"50,534,344,095",26,KRW,2018
20190329003165,11011,2018,00155212,022100,OFS,재무제표,IS,손익계산서,법인세차감전 순이익,제 30 기,2018.01.01 ~ 2018.12.31,"-39,833,198,830",제 29 기,2017.01.01 ~ 2017.12.31,"47,302,323,724",제 28 기,2016.01.01 ~ 2016.12.31,"33,342,732,329",28,KRW,2018
20190329003165,11011,2018,00155212,022100,OFS,재무제표,IS,손익계산서,당기순이익(손실),제 30 기,2018.01.01 ~ 2018.12.31,"-33,230,148,041",제 29 기,2017.01.01 ~ 2017.12.31,"42,375,836,932",제 28 기,2016.01.01 ~ 2016.12.31,"27,890,528,895",30,KRW,2018
20190329003165,11011,2018,00155212,022100,OFS,재무제표,IS,손익계산서,당기순이익(손실),제 30 기,2018.01.01 ~ 2018.12.31,"-33,230,148,041",제 29 기,2017.01.01 ~ 2017.12.31,"42,375,836,932",제 28 기,2016.01.01 ~ 2016.12.31,"27,890,528,895",62,KRW,2018
20200325000784,11011,2019,00155212,022100,CFS,연결재무제표,BS,재무상태표,유동자산,제 31 기,2019.12.31 현재,"453,829,005,436",제 30 기,2018.12.31 현재,"342,215,091,162",제 29 기,2017.12.31 현재,"379,477,934,633",1,KRW,2019
20200325000784,11011,2019,00155212,022100,CFS,연결재무제표,BS,재무상태표,비유동자산,제 31 기,2019.12.31 현재,"221,590,394,113",제 30 기,2018.12.31 현재,"268,017,380,335",제 29 기,2017.12.31 현재,"266,823,384,152",3,KRW,2019
20200325000784,11011,2019,00155212,022100,CFS,연결재무제표,BS,재무상태표,자산총계,제 31 기,2019.12.31 현재,"675,419,399,549",제 30 기,2018.12.31 현재,"610,232,471,497",제 29 기,2017.12.31 현재,"646,301,318,785",5,KRW,2019
20200325000784,11011,2019,00155212,022100,CFS,연결재무제표,BS,재무상태표,유동부채,제 31 기,2019.12.31 현재,"268,536,477,191",제 30 기,2018.12.31 현재,"218,400,066,912",제 29 기,2017.12.31 현재,"212,809,735,571",7,KRW,2019
20200325000784,11011,2019,00155212,022100,CFS,연결재무제표,BS,재무상태표,비유동부채,제 31 기,2019.12.31 현재,"40,613,731,027",제 30 기,2018.12.31 현재,"52,639,511,471",제 29 기,2017.12.31 현재,"33,255,962,684",9,KRW,2019
20200325000784,11011,2019,00155212,022100,CFS,연결재무제표,BS,재무상태표,부채총계,제 31 기,2019.12.31 현재,"309,150,208,218",제 30 기,2018.12.31 현재,"271,039,578,383",제 29 기,2017.12.31 현재,"246,065,698,255",11,KRW,2019
20200325000784,11011,2019,00155212,022100,CFS,연결재무제표,BS,재무상태표,자본금,제 31 기,2019.12.31 현재,"76,017,364,500",제 30 기,2018.12.31 현재,"76,017,364,500",제 29 기,2017.12.31 현재,"76,017,364,500",13,KRW,2019
20200325000784,11011,2019,00155212,022100,CFS,연결재무제표,BS,재무상태표,이익잉여금,제 31 기,2019.12.31 현재,"68,712,826,845",제 30 기,2018.12.31 현재,"41,566,742,049",제 29 기,2017.12.31 현재,"100,624,968,737",17,KRW,2019
20200325000784,11011,2019,00155212,022100,CFS,연결재무제표,BS,재무상태표,자본총계,제 31 기,2019.12.31 현재,"366,269,191,331",제 30 기,2018.12.31 현재,"339,192,893,114",제 29 기,2017.12.31 현재,"400,235,620,530",21,KRW,2019
20200325000784,11011,2019,00155212,022100,CFS,연결재무제표,IS,손익계산서,매출액,제 31 기,2019.01.01 ~ 2019.12.31,"969,787,009,533",제 30 기,2018.01.01 ~ 2018.12.31,"927,076,974,004",제 29 기,2017.01.01 ~ 2017.12.31,"950,592,312,530",23,KRW,2019
20200325000784,11011,2019,00155212,022100,CFS,연결재무제표,IS,손익계산서,영업이익,제 31 기,2019.01.01 ~ 2019.12.31,"48,101,224,987",제 30 기,2018.01.01 ~ 2018.12.31,"42,133,726,169",제 29 기,2017.01.01 ~ 2017.12.31,"56,071,083,954",25,KRW,2019
20200325000784,11011,2019,00155212,022100,CFS,연결재무제표,IS,손익계산서,법인세차감전 순이익,제 31 기,2019.01.01 ~ 2019.12.31,"52,805,644,683",제 30 기,2018.01.01 ~ 2018.12.31,"-40,130,240,549",제 29 기,2017.01.01 ~ 2017.12.31,"47,538,521,215",27,KRW,2019
20200325000784,11011,2019,00155212,022100,CFS,연결재무제표,IS,손익계산서,당기순이익(손실),제 31 기,2019.01.01 ~ 2019.12.31,"39,675,367,921",제 30 기,2018.01.01 ~ 2018.12.31,"-34,160,439,018",제 29 기,2017.01.01 ~ 2017.12.31,"41,996,484,797",29,KRW,2019
20200325000784,11011,2019,00155212,022100,CFS,연결재무제표,IS,손익계산서,당기순이익(손실),제 31 기,2019.01.01 ~ 2019.12.31,"39,675,367,921",제 30 기,2018.01.01 ~ 2018.12.31,"-34,160,439,018",제 29 기,2017.01.01 ~ 2017.12.31,"41,996,484,797",61,KRW,2019
20200325000784,11011,2019,00155212,022100,OFS,재무제표,BS,재무상태표,유동자산,제 31 기,2019.12.31 현재,"443,799,954,980",제 30 기,2018.12.31 현재,"329,776,360,595",제 29 기,2017.12.31 현재,"370,424,382,708",2,KRW,2019
20200325000784,11011,2019,00155212,022100,OFS,재무제표,BS,재무상태표,비유동자산,제 31 기,2019.12.31 현재,"220,097,988,559",제 30 기,2018.12.31 현재,"267,214,752,729",제 29 기,2017.12.31 현재,"264,044,428,466",4,KRW,2019
20200325000784,11011,2019,00155212,022100,OFS,재무제표,BS,재무상태표,자산총계,제 31 기,2019.12.31 현재,"663,897,943,539",제 30 기,2018.12.31 현재,"596,991,113,324",제 29 기,2017.12.31 현재,"634,468,811,174",6,KRW,2019
20200325000784,11011,2019,00155212,022100,OFS,재무제표,BS,재무상태표,유동부채,제 31 기,2019.12.31 현재,"261,850,839,507",제 30 기,2018.12.31 현재,"207,941,067,728",제 29 기,2017.12.31 현재,"203,924,490,608",8,KRW,2019
20200325000784,11011,2019,00155212,022100,OFS,재무제표,BS,재무상태표,비유동부채,제 31 기,2019.12.31 현재,"38,830,083,185",제 30 기,2018.12.31 현재,"51,158,179,646",제 29 기,2017.12.31 현재,"31,899,708,273",10,KRW,2019
20200325000784,11011,2019,00155212,022100,OFS,재무제표,BS,재무상태표,부채총계,제 31 기,2019.12.31 현재,"300,680,922,692",제 30 기,2018.12.31 현재,"259,099,247,374",제 29 기,2017.12.31 현재,"235,824,198,881",12,KRW,2019
20200325000784,11011,2019,00155212,022100,OFS,재무제표,BS,재무상태표,자본금,제 31 기,2019.12.31 현재,"76,017,364,500",제 30 기,2018.12.31 현재,"76,017,364,500",제 29 기,2017.12.31 현재,"76,017,364,500",15,KRW,2019
20200325000784,11011,2019,00155212,022100,OFS,재무제표,BS,재무상태표,이익잉여금,제 31 기,2019.12.31 현재,"68,739,847,035",제 30 기,2018.12.31 현재,"42,636,494,781",제 29 기,2017.12.31 현재,"101,009,036,885",19,KRW,2019
20200325000784,11011,2019,00155212,022100,OFS,재무제표,BS,재무상태표,자본총계,제 31 기,2019.12.31 현재,"363,217,020,847",제 30 기,2018.12.31 현재,"337,891,865,950",제 29 기,2017.12.31 현재,"398,644,612,293",22,KRW,2019
20200325000784,11011,2019,00155212,022100,OFS,재무제표,IS,손익계산서,매출액,제 31 기,2019.01.01 ~ 2019.12.31,"936,989,857,989",제 30 기,2018.01.01 ~ 2018.12.31,"894,977,849,870",제 29 기,2017.01.01 ~ 2017.12.31,"918,344,969,596",24,KRW,2019
20200325000784,11011,2019,00155212,022100,OFS,재무제표,IS,손익계산서,영업이익,제 31 기,2019.01.01 ~ 2019.12.31,"46,501,557,273",제 30 기,2018.01.01 ~ 2018.12.31,"39,957,120,189",제 29 기,2017.01.01 ~ 2017.12.31,"56,584,959,603",26,KRW,2019
20200325000784,11011,2019,00155212,022100,OFS,재무제표,IS,손익계산서,법인세차감전 순이익,제 31 기,2019.01.01 ~ 2019.12.31,"50,519,021,633",제 30 기,2018.01.01 ~ 2018.12.31,"-39,833,198,830",제 29 기,2017.01.01 ~ 2017.12.31,"47,302,323,724",28,KRW,2019
20200325000784,11011,2019,00155212,022100,OFS,재무제표,IS,손익계산서,당기순이익(손실),제 31 기,2019.01.01 ~ 2019.12.31,"38,093,076,970",제 30 기,2018.01.01 ~ 2018.12.31,"-33,230,148,041",제 29 기,2017.01.01 ~ 2017.12.31,"42,375,836,932",30,KRW,2019
20200325000784,11011,2019,00155212,022100,OFS,재무제표,IS,손익계산서,당기순이익(손실),제 31 기,2019.01.01 ~ 2019.12.31,"38,093,076,970",제 30 기,2018.01.01 ~ 2018.12.31,"-33,230,148,041",제 29 기,2017.01.01 ~ 2017.12.31,"42,375,836,932",62,KRW,2019
20210305000693,11011,2020,00155212,022100,CFS,연결재무제표,BS,재무상태표,유동자산,제 32 기,2020.12.31 현재,"479,765,665,587",제 31 기,2019.12.31 현재,"453,829,005,436",제 30 기,2018.12.31 현재,"342,215,091,162",1,KRW,2020
20210305000693,11011,2020,00155212,022100,CFS,연결재무제표,BS,재무상태표,비유동자산,제 32 기,2020.12.31 현재,"204,678,845,150",제 31 기,2019.12.31 현재,"221,590,394,113",제 30 기,2018.12.31 현재,"268,017,380,335",3,KRW,2020
20210305000693,11011,2020,00155212,022100,CFS,연결재무제표,BS,재무상태표,자산총계,제 32 기,2020.12.31 현재,"684,444,510,737",제 31 기,2019.12.31 현재,"675,419,399,549",제 30 기,2018.12.31 현재,"610,232,471,497",5,KRW,2020
20210305000693,11011,2020,00155212,022100,CFS,연결재무제표,BS,재무상태표,유동부채,제 32 기,2020.12.31 현재,"288,478,113,747",제 31 기,2019.12.31 현재,"268,536,477,191",제 30 기,2018.12.31 현재,"218,400,066,912",7,KRW,2020
20210305000693,11011,2020,00155212,022100,CFS,연결재무제표,BS,재무상태표,비유동부채,제 32 기,2020.12.31 현재,"26,003,564,719",제 31 기,2019.12.31 현재,"40,613,731,027",제 30 기,2018.12.31 현재,"52,639,511,471",9,KRW,2020
20210305000693,11011,2020,00155212,022100,CFS,연결재무제표,BS,재무상태표,부채총계,제 32 기,2020.12.31 현재,"314,481,678,466",제 31 기,2019.12.31 현재,"309,150,208,218",제 30 기,2018.12.31 현재,"271,039,578,383",11,KRW,2020
20210305000693,11011,2020,00155212,022100,CFS,연결재무제표,BS,재무상태표,자본금,제 32 기,2020.12.31 현재,"76,017,364,500",제 31 기,2019.12.31 현재,"76,017,364,500",제 30 기,2018.12.31 현재,"76,017,364,500",13,KRW,2020
20210305000693,11011,2020,00155212,022100,CFS,연결재무제표,BS,재무상태표,이익잉여금,제 32 기,2020.12.31 현재,"71,702,076,902",제 31 기,2019.12.31 현재,"68,712,826,845",제 30 기,2018.12.31 현재,"41,566,742,049",17,KRW,2020
20210305000693,11011,2020,00155212,022100,CFS,연결재무제표,BS,재무상태표,자본총계,제 32 기,2020.12.31 현재,"369,962,832,271",제 31 기,2019.12.31 현재,"366,269,191,331",제 30 기,2018.12.31 현재,"339,192,893,114",21,KRW,2020
20210305000693,11011,2020,00155212,022100,CFS,연결재무제표,IS,손익계산서,매출액,제 32 기,2020.01.01 ~ 2020.12.31,"964,202,340,142",제 31 기,2019.01.01 ~ 2019.12.31,"969,787,009,533",제 30 기,2018.01.01 ~ 2018.12.31,"927,076,974,004",23,KRW,2020
20210305000693,11011,2020,00155212,022100,CFS,연결재무제표,IS,손익계산서,영업이익,제 32 기,2020.01.01 ~ 2020.12.31,"26,087,467,478",제 31 기,2019.01.01 ~ 2019.12.31,"48,101,224,987",제 30 기,2018.01.01 ~ 2018.12.31,"42,133,726,169",25,KRW,2020
20210305000693,11011,2020,00155212,022100,CFS,연결재무제표,IS,손익계산서,법인세차감전 순이익,제 32 기,2020.01.01 ~ 2020.12.31,"16,337,408,554",제 31 기,2019.01.01 ~ 2019.12.31,"52,805,644,683",제 30 기,2018.01.01 ~ 2018.12.31,"-40,130,240,549",27,KRW,2020
20210305000693,11011,2020,00155212,022100,CFS,연결재무제표,IS,손익계산서,당기순이익(손실),제 32 기,2020.01.01 ~ 2020.12.31,"8,996,905,609",제 31 기,2019.01.01 ~ 2019.12.31,"39,675,367,921",제 30 기,2018.01.01 ~ 2018.12.31,"-34,160,439,018",29,KRW,2020
20210305000693,11011,2020,00155212,022100,CFS,연결재무제표,IS,손익계산서,당기순이익(손실),제 32 기,2020.01.01 ~ 2020.12.31,"8,996,905,609",제 31 기,2019.01.01 ~ 2019.12.31,"39,675,367,921",제 30 기,2018.01.01 ~ 2018.12.31,"-34,160,439,018",61,KRW,2020
20210305000693,11011,2020,00155212,022100,OFS,재무제표,BS,재무상태표,유동자산,제 32 기,2020.12.31 현재,"469,998,085,487",제 31 기,2019.12.31 현재,"443,799,954,980",제 30 기,2018.12.31 현재,"329,776,360,595",2,KRW,2020
20210305000693,11011,2020,00155212,022100,OFS,재무제표,BS,재무상태표,비유동자산,제 32 기,2020.12.31 현재,"204,399,988,987",제 31 기,2019.12.31 현재,"220,097,988,559",제 30 기,2018.12.31 현재,"267,214,752,729",4,KRW,2020
20210305000693,11011,2020,00155212,022100,OFS,재무제표,BS,재무상태표,자산총계,제 32 기,2020.12.31 현재,"674,398,074,474",제 31 기,2019.12.31 현재,"663,897,943,539",제 30 기,2018.12.31 현재,"596,991,113,324",6,KRW,2020
20210305000693,11011,2020,00155212,022100,OFS,재무제표,BS,재무상태표,유동부채,제 32 기,2020.12.31 현재,"283,467,844,338",제 31 기,2019.12.31 현재,"261,850,839,507",제 30 기,2018.12.31 현재,"207,941,067,728",8,KRW,2020
20210305000693,11011,2020,00155212,022100,OFS,재무제표,BS,재무상태표,비유동부채,제 32 기,2020.12.31 현재,"24,430,622,892",제 31 기,2019.12.31 현재,"38,830,083,185",제 30 기,2018.12.31 현재,"51,158,179,646",10,KRW,2020
20210305000693,11011,2020,00155212,022100,OFS,재무제표,BS,재무상태표,부채총계,제 32 기,2020.12.31 현재,"307,898,467,230",제 31 기,2019.12.31 현재,"300,680,922,692",제 30 기,2018.12.31 현재,"259,099,247,374",12,KRW,2020
20210305000693,11011,2020,00155212,022100,OFS,재무제표,BS,재무상태표,자본금,제 32 기,2020.12.31 현재,"76,017,364,500",제 31 기,2019.12.31 현재,"76,017,364,500",제 30 기,2018.12.31 현재,"76,017,364,500",15,KRW,2020
20210305000693,11011,2020,00155212,022100,OFS,재무제표,BS,재무상태표,이익잉여금,제 32 기,2020.12.31 현재,"73,173,747,181",제 31 기,2019.12.31 현재,"68,739,847,035",제 30 기,2018.12.31 현재,"42,636,494,781",19,KRW,2020
20210305000693,11011,2020,00155212,022100,OFS,재무제표,BS,재무상태표,자본총계,제 32 기,2020.12.31 현재,"366,499,607,244",제 31 기,2019.12.31 현재,"363,217,020,847",제 30 기,2018.12.31 현재,"337,891,865,950",22,KRW,2020
20210305000693,11011,2020,00155212,022100,OFS,재무제표,IS,손익계산서,매출액,제 32 기,2020.01.01 ~ 2020.12.31,"935,803,064,247",제 31 기,2019.01.01 ~ 2019.12.31,"936,989,857,989",제 30 기,2018.01.01 ~ 2018.12.31,"894,977,849,870",24,KRW,2020
20210305000693,11011,2020,00155212,022100,OFS,재무제표,IS,손익계산서,영업이익,제 32 기,2020.01.01 ~ 2020.12.31,"23,912,740,725",제 31 기,2019.01.01 ~ 2019.12.31,"46,501,557,273",제 30 기,2018.01.01 ~ 2018.12.31,"39,957,120,189",26,KRW,2020
20210305000693,11011,2020,00155212,022100,OFS,재무제표,IS,손익계산서,법인세차감전 순이익,제 32 기,2020.01.01 ~ 2020.12.31,"16,344,493,319",제 31 기,2019.01.01 ~ 2019.12.31,"50,519,021,633",제 30 기,2018.01.01 ~ 2018.12.31,"-39,833,198,830",28,KRW,2020
20210305000693,11011,2020,00155212,022100,OFS,재무제표,IS,손익계산서,당기순이익(손실),제 32 기,2020.01.01 ~ 2020.12.31,"10,135,856,070",제 31 기,2019.01.01 ~ 2019.12.31,"38,093,076,970",제 30 기,2018.01.01 ~ 2018.12.31,"-33,230,148,041",30,KRW,2020
20210305000693,11011,2020,00155212,022100,OFS,재무제표,IS,손익계산서,당기순이익(손실),제 32 기,2020.01.01 ~ 2020.12.31,"10,135,856,070",제 31 기,2019.01.01 ~ 2019.12.31,"38,093,076,970",제 30 기,2018.01.01 ~ 2018.12.31,"-33,230,148,041",62,KRW,2020
20220504000292,11011,2021,00155212,022100,CFS,연결재무제표,BS,재무상태표,유동자산,제 33 기,2021.12.31 현재,"441,810,639,746",제 32 기,2020.12.31 현재,"479,765,665,587",제 31 기,2019.12.31 현재,"453,829,005,436",1,KRW,2021
20220504000292,11011,2021,00155212,022100,CFS,연결재무제표,BS,재무상태표,비유동자산,제 33 기,2021.12.31 현재,"205,159,319,990",제 32 기,2020.12.31 현재,"204,678,845,150",제 31 기,2019.12.31 현재,"221,590,394,113",3,KRW,2021
20220504000292,11011,2021,00155212,022100,CFS,연결재무제표,BS,재무상태표,자산총계,제 33 기,2021.12.31 현재,"646,969,959,736",제 32 기,2020.12.31 현재,"684,444,510,737",제 31 기,2019.12.31 현재,"675,419,399,549",5,KRW,2021
20220504000292,11011,2021,00155212,022100,CFS,연결재무제표,BS,재무상태표,유동부채,제 33 기,2021.12.31 현재,"275,742,799,840",제 32 기,2020.12.31 현재,"288,478,113,747",제 31 기,2019.12.31 현재,"268,536,477,191",7,KRW,2021
20220504000292,11011,2021,00155212,022100,CFS,연결재무제표,BS,재무상태표,비유동부채,제 33 기,2021.12.31 현재,"12,023,234,112",제 32 기,2020.12.31 현재,"26,003,564,719",제 31 기,2019.12.31 현재,"40,613,731,027",9,KRW,2021
20220504000292,11011,2021,00155212,022100,CFS,연결재무제표,BS,재무상태표,부채총계,제 33 기,2021.12.31 현재,"287,766,033,952",제 32 기,2020.12.31 현재,"314,481,678,466",제 31 기,2019.12.31 현재,"309,150,208,218",11,KRW,2021
20220504000292,11011,2021,00155212,022100,CFS,연결재무제표,BS,재무상태표,자본금,제 33 기,2021.12.31 현재,"76,017,364,500",제 32 기,2020.12.31 현재,"76,017,364,500",제 31 기,2019.12.31 현재,"76,017,364,500",13,KRW,2021
20220504000292,11011,2021,00155212,022100,CFS,연결재무제표,BS,재무상태표,이익잉여금,제 33 기,2021.12.31 현재,"58,980,893,170",제 32 기,2020.12.31 현재,"71,702,076,902",제 31 기,2019.12.31 현재,"68,712,826,845",17,KRW,2021
20220504000292,11011,2021,00155212,022100,CFS,연결재무제표,BS,재무상태표,자본총계,제 33 기,2021.12.31 현재,"359,203,925,784",제 32 기,2020.12.31 현재,"369,962,832,271",제 31 기,2019.12.31 현재,"366,269,191,331",21,KRW,2021
20220504000292,11011,2021,00155212,022100,CFS,연결재무제표,IS,손익계산서,매출액,제 33 기,2021.01.01 ~ 2021.12.31,"869,274,143,659",제 32 기,2020.01.01 ~ 2020.12.31,"964,202,340,142",제 31 기,2019.01.01 ~ 2019.12.31,"969,787,009,533",23,KRW,2021
20220504000292,11011,2021,00155212,022100,CFS,연결재무제표,IS,손익계산서,영업이익,제 33 기,2021.01.01 ~ 2021.12.31,"-19,477,262,841",제 32 기,2020.01.01 ~ 2020.12.31,"26,087,467,478",제 31 기,2019.01.01 ~ 2019.12.31,"48,101,224,987",25,KRW,2021
20220504000292,11011,2021,00155212,022100,CFS,연결재무제표,IS,손익계산서,법인세차감전 순이익,제 33 기,2021.01.01 ~ 2021.12.31,"-15,266,024,320",제 32 기,2020.01.01 ~ 2020.12.31,"16,337,408,554",제 31 기,2019.01.01 ~ 2019.12.31,"52,805,644,683",27,KRW,2021
20220504000292,11011,2021,00155212,022100,CFS,연결재무제표,IS,손익계산서,당기순이익(손실),제 33 기,2021.01.01 ~ 2021.12.31,"-13,923,043,578",제 32 기,2020.01.01 ~ 2020.12.31,"8,996,905,609",제 31 기,2019.01.01 ~ 2019.12.31,"39,675,367,921",29,KRW,2021
20220504000292,11011,2021,00155212,022100,CFS,연결재무제표,IS,손익계산서,당기순이익(손실),제 33 기,2021.01.01 ~ 2021.12.31,"-13,923,043,578",제 32 기,2020.01.01 ~ 2020.12.31,"8,996,905,609",제 31 기,2019.01.01 ~ 2019.12.31,"39,675,367,921",61,KRW,2021
20220504000292,11011,2021,00155212,022100,OFS,재무제표,BS,재무상태표,유동자산,제 33 기,2021.12.31 현재,"423,615,438,102",제 32 기,2020.12.31 현재,"469,998,085,487",제 31 기,2019.12.31 현재,"443,799,954,980",2,KRW,2021
20220504000292,11011,2021,00155212,022100,OFS,재무제표,BS,재무상태표,비유동자산,제 33 기,2021.12.31 현재,"204,528,326,356",제 32 기,2020.12.31 현재,"204,399,988,987",제 31 기,2019.12.31 현재,"220,097,988,559",4,KRW,2021
20220504000292,11011,2021,00155212,022100,OFS,재무제표,BS,재무상태표,자산총계,제 33 기,2021.12.31 현재,"628,143,764,458",제 32 기,2020.12.31 현재,"674,398,074,474",제 31 기,2019.12.31 현재,"663,897,943,539",6,KRW,2021
20220504000292,11011,2021,00155212,022100,OFS,재무제표,BS,재무상태표,유동부채,제 33 기,2021.12.31 현재,"264,421,306,606",제 32 기,2020.12.31 현재,"283,467,844,338",제 31 기,2019.12.31 현재,"261,850,839,507",8,KRW,2021
20220504000292,11011,2021,00155212,022100,OFS,재무제표,BS,재무상태표,비유동부채,제 33 기,2021.12.31 현재,"10,156,912,824",제 32 기,2020.12.31 현재,"24,430,622,892",제 31 기,2019.12.31 현재,"38,830,083,185",10,KRW,2021
20220504000292,11011,2021,00155212,022100,OFS,재무제표,BS,재무상태표,부채총계,제 33 기,2021.12.31 현재,"274,578,219,430",제 32 기,2020.12.31 현재,"307,898,467,230",제 31 기,2019.12.31 현재,"300,680,922,692",12,KRW,2021
20220504000292,11011,2021,00155212,022100,OFS,재무제표,BS,재무상태표,자본금,제 33 기,2021.12.31 현재,"76,017,364,500",제 32 기,2020.12.31 현재,"76,017,364,500",제 31 기,2019.12.31 현재,"76,017,364,500",15,KRW,2021
20220504000292,11011,2021,00155212,022100,OFS,재무제표,BS,재무상태표,이익잉여금,제 33 기,2021.12.31 현재,"59,107,496,963",제 32 기,2020.12.31 현재,"73,173,747,181",제 31 기,2019.12.31 현재,"68,739,847,035",19,KRW,2021
20220504000292,11011,2021,00155212,022100,OFS,재무제표,BS,재무상태표,자본총계,제 33 기,2021.12.31 현재,"353,565,545,028",제 32 기,2020.12.31 현재,"366,499,607,244",제 31 기,2019.12.31 현재,"363,217,020,847",22,KRW,2021
20220504000292,11011,2021,00155212,022100,OFS,재무제표,IS,손익계산서,매출액,제 33 기,2021.01.01 ~ 2021.12.31,"839,245,466,509",제 32 기,2020.01.01 ~ 2020.12.31,"935,803,064,247",제 31 기,2019.01.01 ~ 2019.12.31,"936,989,857,989",24,KRW,2021
20220504000292,11011,2021,00155212,022100,OFS,재무제표,IS,손익계산서,영업이익,제 33 기,2021.01.01 ~ 2021.12.31,"-21,675,055,032",제 32 기,2020.01.01 ~ 2020.12.31,"23,912,740,725",제 31 기,2019.01.01 ~ 2019.12.31,"46,501,557,273",26,KRW,2021
20220504000292,11011,2021,00155212,022100,OFS,재무제표,IS,손익계산서,법인세차감전 순이익,제 33 기,2021.01.01 ~ 2021.12.31,"-17,621,624,929",제 32 기,2020.01.01 ~ 2020.12.31,"16,344,493,319",제 31 기,2019.01.01 ~ 2019.12.31,"50,519,021,633",28,KRW,2021
20220504000292,11011,2021,00155212,022100,OFS,재무제표,IS,손익계산서,당기순이익(손실),제 33 기,2021.01.01 ~ 2021.12.31,"-15,533,720,019",제 32 기,2020.01.01 ~ 2020.12.31,"10,135,856,070",제 31 기,2019.01.01 ~ 2019.12.31,"38,093,076,970",30,KRW,2021
20220504000292,11011,2021,00155212,022100,OFS,재무제표,IS,손익계산서,당기순이익(손실),제 33 기,2021.01.01 ~ 2021.12.31,"-15,533,720,019",제 32 기,2020.01.01 ~ 2020.12.31,"10,135,856,070",제 31 기,2019.01.01 ~ 2019.12.31,"38,093,076,970",62,KRW,2021
20230310000806,11011,2022,00155212,022100,CFS,연결재무제표,BS,재무상태표,유동자산,제 34 기,2022.12.31 현재,"603,491,896,789",제 33 기,2021.12.31 현재,"441,810,639,746",제 32 기,2020.12.31 현재,"479,765,665,587",1,KRW,2022
20230310000806,11011,2022,00155212,022100,CFS,연결재무제표,BS,재무상태표,비유동자산,제 34 기,2022.12.31 현재,"248,101,889,195",제 33 기,2021.12.31 현재,"205,159,319,990",제 32 기,2020.12.31 현재,"204,678,845,150",3,KRW,2022
20230310000806,11011,2022,00155212,022100,CFS,연결재무제표,BS,재무상태표,자산총계,제 34 기,2022.12.31 현재,"851,593,785,984",제 33 기,2021.12.31 현재,"646,969,959,736",제 32 기,2020.12.31 현재,"684,444,510,737",5,KRW,2022
20230310000806,11011,2022,00155212,022100,CFS,연결재무제표,BS,재무상태표,유동부채,제 34 기,2022.12.31 현재,"431,131,515,113",제 33 기,2021.12.31 현재,"275,742,799,840",제 32 기,2020.12.31 현재,"288,478,113,747",7,KRW,2022
20230310000806,11011,2022,00155212,022100,CFS,연결재무제표,BS,재무상태표,비유동부채,제 34 기,2022.12.31 현재,"6,469,761,012",제 33 기,2021.12.31 현재,"12,023,234,112",제 32 기,2020.12.31 현재,"26,003,564,719",9,KRW,2022
20230310000806,11011,2022,00155212,022100,CFS,연결재무제표,BS,재무상태표,부채총계,제 34 기,2022.12.31 현재,"437,601,276,125",제 33 기,2021.12.31 현재,"287,766,033,952",제 32 기,2020.12.31 현재,"314,481,678,466",11,KRW,2022
20230310000806,11011,2022,00155212,022100,CFS,연결재무제표,BS,재무상태표,자본금,제 34 기,2022.12.31 현재,"76,017,364,500",제 33 기,2021.12.31 현재,"76,017,364,500",제 32 기,2020.12.31 현재,"76,017,364,500",13,KRW,2022
20230310000806,11011,2022,00155212,022100,CFS,연결재무제표,BS,재무상태표,이익잉여금,제 34 기,2022.12.31 현재,"114,937,061,618",제 33 기,2021.12.31 현재,"58,980,893,170",제 32 기,2020.12.31 현재,"71,702,076,902",17,KRW,2022
20230310000806,11011,2022,00155212,022100,CFS,연결재무제표,BS,재무상태표,자본총계,제 34 기,2022.12.31 현재,"413,992,509,859",제 33 기,2021.12.31 현재,"359,203,925,784",제 32 기,2020.12.31 현재,"369,962,832,271",21,KRW,2022
20230310000806,11011,2022,00155212,022100,CFS,연결재무제표,IS,손익계산서,매출액,제 34 기,2022.01.01 ~ 2022.12.31,"1,152,680,199,426",제 33 기,2021.01.01 ~ 2021.12.31,"869,274,143,659",제 32 기,2020.01.01 ~ 2020.12.31,"964,202,340,142",23,KRW,2022
20230310000806,11011,2022,00155212,022100,CFS,연결재무제표,IS,손익계산서,영업이익,제 34 기,2022.01.01 ~ 2022.12.31,"64,668,494,002",제 33 기,2021.01.01 ~ 2021.12.31,"-19,477,262,841",제 32 기,2020.01.01 ~ 2020.12.31,"26,087,467,478",25,KRW,2022
20230310000806,11011,2022,00155212,022100,CFS,연결재무제표,IS,손익계산서,법인세차감전 순이익,제 34 기,2022.01.01 ~ 2022.12.31,"60,786,831,559",제 33 기,2021.01.01 ~ 2021.12.31,"-15,266,024,320",제 32 기,2020.01.01 ~ 2020.12.31,"16,337,408,554",27,KRW,2022
20230310000806,11011,2022,00155212,022100,CFS,연결재무제표,IS,손익계산서,당기순이익(손실),제 34 기,2022.01.01 ~ 2022.12.31,"45,850,938,928",제 33 기,2021.01.01 ~ 2021.12.31,"-13,923,043,578",제 32 기,2020.01.01 ~ 2020.12.31,"8,996,905,609",29,KRW,2022
20230310000806,11011,2022,00155212,022100,CFS,연결재무제표,IS,손익계산서,당기순이익(손실),제 34 기,2022.01.01 ~ 2022.12.31,"45,850,938,928",제 33 기,2021.01.01 ~ 2021.12.31,"-13,923,043,578",제 32 기,2020.01.01 ~ 2020.12.31,"8,996,905,609",61,KRW,2022
20230310000806,11011,2022,00155212,022100,OFS,재무제표,BS,재무상태표,유동자산,제 34 기,2022.12.31 현재,"583,534,031,224",제 33 기,2021.12.31 현재,"423,615,438,102",제 32 기,2020.12.31 현재,"469,998,085,487",2,KRW,2022
20230310000806,11011,2022,00155212,022100,OFS,재무제표,BS,재무상태표,비유동자산,제 34 기,2022.12.31 현재,"248,305,062,772",제 33 기,2021.12.31 현재,"204,528,326,356",제 32 기,2020.12.31 현재,"204,399,988,987",4,KRW,2022
20230310000806,11011,2022,00155212,022100,OFS,재무제표,BS,재무상태표,자산총계,제 34 기,2022.12.31 현재,"831,839,093,996",제 33 기,2021.12.31 현재,"628,143,764,458",제 32 기,2020.12.31 현재,"674,398,074,474",6,KRW,2022
20230310000806,11011,2022,00155212,022100,OFS,재무제표,BS,재무상태표,유동부채,제 34 기,2022.12.31 현재,"420,330,731,389",제 33 기,2021.12.31 현재,"264,421,306,606",제 32 기,2020.12.31 현재,"283,467,844,338",8,KRW,2022
20230310000806,11011,2022,00155212,022100,OFS,재무제표,BS,재무상태표,비유동부채,제 34 기,2022.12.31 현재,"4,437,191,476",제 33 기,2021.12.31 현재,"10,156,912,824",제 32 기,2020.12.31 현재,"24,430,622,892",10,KRW,2022
20230310000806,11011,2022,00155212,022100,OFS,재무제표,BS,재무상태표,부채총계,제 34 기,2022.12.31 현재,"424,767,922,865",제 33 기,2021.12.31 현재,"274,578,219,430",제 32 기,2020.12.31 현재,"307,898,467,230",12,KRW,2022
20230310000806,11011,2022,00155212,022100,OFS,재무제표,BS,재무상태표,자본금,제 34 기,2022.12.31 현재,"76,017,364,500",제 33 기,2021.12.31 현재,"76,017,364,500",제 32 기,2020.12.31 현재,"76,017,364,500",15,KRW,2022
20230310000806,11011,2022,00155212,022100,OFS,재무제표,BS,재무상태표,이익잉여금,제 34 기,2022.12.31 현재,"112,947,927,606",제 33 기,2021.12.31 현재,"59,107,496,963",제 32 기,2020.12.31 현재,"73,173,747,181",19,KRW,2022
20230310000806,11011,2022,00155212,022100,OFS,재무제표,BS,재무상태표,자본총계,제 34 기,2022.12.31 현재,"407,071,171,131",제 33 기,2021.12.31 현재,"353,565,545,028",제 32 기,2020.12.31 현재,"366,499,607,244",22,KRW,2022
20230310000806,11011,2022,00155212,022100,OFS,재무제표,IS,손익계산서,매출액,제 34 기,2022.01.01 ~ 2022.12.31,"1,108,702,125,452",제 33 기,2021.01.01 ~ 2021.12.31,"839,245,466,509",제 32 기,2020.01.01 ~ 2020.12.31,"935,803,064,247",24,KRW,2022
20230310000806,11011,2022,00155212,022100,OFS,재무제표,IS,손익계산서,영업이익,제 34 기,2022.01.01 ~ 2022.12.31,"61,635,263,346",제 33 기,2021.01.01 ~ 2021.12.31,"-21,675,055,032",제 32 기,2020.01.01 ~ 2020.12.31,"23,912,740,725",26,KRW,2022
20230310000806,11011,2022,00155212,022100,OFS,재무제표,IS,손익계산서,법인세차감전 순이익,제 34 기,2022.01.01 ~ 2022.12.31,"56,950,079,602",제 33 기,2021.01.01 ~ 2021.12.31,"-17,621,624,929",제 32 기,2020.01.01 ~ 2020.12.31,"16,344,493,319",28,KRW,2022
20230310000806,11011,2022,00155212,022100,OFS,재무제표,IS,손익계산서,당기순이익(손실),제 34 기,2022.01.01 ~ 2022.12.31,"43,463,066,583",제 33 기,2021.01.01 ~ 2021.12.31,"-15,533,720,019",제 32 기,2020.01.01 ~ 2020.12.31,"10,135,856,070",30,KRW,2022
20230310000806,11011,2022,00155212,022100,OFS,재무제표,IS,손익계산서,당기순이익(손실),제 34 기,2022.01.01 ~ 2022.12.31,"43,463,066,583",제 33 기,2021.01.01 ~ 2021.12.31,"-15,533,720,019",제 32 기,2020.01.01 ~ 2020.12.31,"10,135,856,070",62,KRW,2022
20240618000197,11011,2023,00155212,022100,CFS,연결재무제표,BS,재무상태표,유동자산,제 35 기,2023.12.31 현재,"661,855,691,387",제 34 기,2022.12.31 현재,"603,491,896,789",제 33 기,2021.12.31 현재,"441,810,639,746",1,KRW,2023
20240618000197,11011,2023,00155212,022100,CFS,연결재무제표,BS,재무상태표,비유동자산,제 35 기,2023.12.31 현재,"227,951,529,073",제 34 기,2022.12.31 현재,"248,101,889,195",제 33 기,2021.12.31 현재,"205,159,319,990",3,KRW,2023
20240618000197,11011,2023,00155212,022100,CFS,연결재무제표,BS,재무상태표,자산총계,제 35 기,2023.12.31 현재,"889,807,220,460",제 34 기,2022.12.31 현재,"851,593,785,984",제 33 기,2021.12.31 현재,"646,969,959,736",5,KRW,2023
20240618000197,11011,2023,00155212,022100,CFS,연결재무제표,BS,재무상태표,유동부채,제 35 기,2023.12.31 현재,"421,366,947,879",제 34 기,2022.12.31 현재,"431,131,515,113",제 33 기,2021.12.31 현재,"275,742,799,840",7,KRW,2023
20240618000197,11011,2023,00155212,022100,CFS,연결재무제표,BS,재무상태표,비유동부채,제 35 기,2023.12.31 현재,"6,990,890,378",제 34 기,2022.12.31 현재,"6,469,761,012",제 33 기,2021.12.31 현재,"12,023,234,112",9,KRW,2023
20240618000197,11011,2023,00155212,022100,CFS,연결재무제표,BS,재무상태표,부채총계,제 35 기,2023.12.31 현재,"428,357,838,257",제 34 기,2022.12.31 현재,"437,601,276,125",제 33 기,2021.12.31 현재,"287,766,033,952",11,KRW,2023
20240618000197,11011,2023,00155212,022100,CFS,연결재무제표,BS,재무상태표,자본금,제 35 기,2023.12.31 현재,"76,017,364,500",제 34 기,2022.12.31 현재,"76,017,364,500",제 33 기,2021.12.31 현재,"76,017,364,500",13,KRW,2023
20240618000197,11011,2023,00155212,022100,CFS,연결재무제표,BS,재무상태표,이익잉여금,제 35 기,2023.12.31 현재,"163,313,304,743",제 34 기,2022.12.31 현재,"114,937,061,618",제 33 기,2021.12.31 현재,"58,980,893,170",17,KRW,2023
20240618000197,11011,2023,00155212,022100,CFS,연결재무제표,BS,재무상태표,자본총계,제 35 기,2023.12.31 현재,"461,449,382,203",제 34 기,2022.12.31 현재,"413,992,509,859",제 33 기,2021.12.31 현재,"359,203,925,784",21,KRW,2023
20240618000197,11011,2023,00155212,022100,CFS,연결재무제표,IS,손익계산서,매출액,제 35 기,2023.01.01 ~ 2023.12.31,"1,485,875,620,930",제 34 기,2022.01.01 ~ 2022.12.31,"1,152,680,199,426",제 33 기,2021.01.01 ~ 2021.12.31,"869,274,143,659",23,KRW,2023
20240618000197,11011,2023,00155212,022100,CFS,연결재무제표,IS,손익계산서,영업이익,제 35 기,2023.01.01 ~ 2023.12.31,"110,563,784,581",제 34 기,2022.01.01 ~ 2022.12.31,"64,668,494,002",제 33 기,2021.01.01 ~ 2021.12.31,"-19,477,262,841",25,KRW,2023
20240618000197,11011,2023,00155212,022100,CFS,연결재무제표,IS,손익계산서,법인세차감전 순이익,제 35 기,2023.01.01 ~ 2023.12.31,"113,017,741,118",제 34 기,2022.01.01 ~ 2022.12.31,"60,786,831,559",제 33 기,2021.01.01 ~ 2021.12.31,"-15,266,024,320",27,KRW,2023
20240618000197,11011,2023,00155212,022100,CFS,연결재무제표,IS,손익계산서,당기순이익(손실),제 35 기,2023.01.01 ~ 2023.12.31,"92,128,228,460",제 34 기,2022.01.01 ~ 2022.12.31,"45,850,938,928",제 33 기,2021.01.01 ~ 2021.12.31,"-13,923,043,578",29,KRW,2023
20240618000197,11011,2023,00155212,022100,CFS,연결재무제표,IS,손익계산서,당기순이익(손실),제 35 기,2023.01.01 ~ 2023.12.31,"92,128,228,460",제 34 기,2022.01.01 ~ 2022.12.31,"45,850,938,928",제 33 기,2021.01.01 ~ 2021.12.31,"-13,923,043,578",61,KRW,2023
20240618000197,11011,2023,00155212,022100,CFS,연결재무제표,IS,손익계산서,총포괄손익,제 35 기,2023.01.01 ~ 2023.12.31,"58,841,161,958",제 34 기,2022.01.01 ~ 2022.12.31,"62,421,616,409",제 33 기,2021.01.01 ~ 2021.12.31,"-3,128,791,197",63,KRW,2023
20240618000197,11011,2023,00155212,022100,OFS,재무제표,BS,재무상태표,유동자산,제 35 기,2023.12.31 현재,"644,903,144,938",제 34 기,2022.12.31 현재,"583,534,031,224",제 33 기,2021.12.31 현재,"423,615,438,102",2,KRW,2023
20240618000197,11011,2023,00155212,022100,OFS,재무제표,BS,재무상태표,비유동자산,제 35 기,2023.12.31 현재,"226,439,580,366",제 34 기,2022.12.31 현재,"248,305,062,772",제 33 기,2021.12.31 현재,"204,528,326,356",4,KRW,2023
20240618000197,11011,2023,00155212,022100,OFS,재무제표,BS,재무상태표,자산총계,제 35 기,2023.12.31 현재,"871,342,725,304",제 34 기,2022.12.31 현재,"831,839,093,996",제 33 기,2021.12.31 현재,"628,143,764,458",6,KRW,2023
20240618000197,11011,2023,00155212,022100,OFS,재무제표,BS,재무상태표,유동부채,제 35 기,2023.12.31 현재,"414,052,226,757",제 34 기,2022.12.31 현재,"420,330,731,389",제 33 기,2021.12.31 현재,"264,421,306,606",8,KRW,2023
20240618000197,11011,2023,00155212,022100,OFS,재무제표,BS,재무상태표,비유동부채,제 35 기,2023.12.31 현재,"4,393,859,106",제 34 기,2022.12.31 현재,"4,437,191,476",제 33 기,2021.12.31 현재,"10,156,912,824",10,KRW,2023
20240618000197,11011,2023,00155212,022100,OFS,재무제표,BS,재무상태표,부채총계,제 35 기,2023.12.31 현재,"418,446,085,863",제 34 기,2022.12.31 현재,"424,767,922,865",제 33 기,2021.12.31 현재,"274,578,219,430",12,KRW,2023
20240618000197,11011,2023,00155212,022100,OFS,재무제표,BS,재무상태표,자본금,제 35 기,2023.12.31 현재,"76,017,364,500",제 34 기,2022.12.31 현재,"76,017,364,500",제 33 기,2021.12.31 현재,"76,017,364,500",15,KRW,2023
20240618000197,11011,2023,00155212,022100,OFS,재무제표,BS,재무상태표,이익잉여금,제 35 기,2023.12.31 현재,"157,998,407,463",제 34 기,2022.12.31 현재,"112,947,927,606",제 33 기,2021.12.31 현재,"59,107,496,963",19,KRW,2023
20240618000197,11011,2023,00155212,022100,OFS,재무제표,BS,재무상태표,자본총계,제 35 기,2023.12.31 현재,"452,896,639,441",제 34 기,2022.12.31 현재,"407,071,171,131",제 33 기,2021.12.31 현재,"353,565,545,028",22,KRW,2023
20240618000197,11011,2023,00155212,022100,OFS,재무제표,IS,손익계산서,매출액,제 35 기,2023.01.01 ~ 2023.12.31,"1,445,325,769,305",제 34 기,2022.01.01 ~ 2022.12.31,"1,108,702,125,452",제 33 기,2021.01.01 ~ 2021.12.31,"839,245,466,509",24,KRW,2023
20240618000197,11011,2023,00155212,022100,OFS,재무제표,IS,손익계산서,영업이익,제 35 기,2023.01.01 ~ 2023.12.31,"108,625,656,317",제 34 기,2022.01.01 ~ 2022.12.31,"61,635,263,346",제 33 기,2021.01.01 ~ 2021.12.31,"-21,675,055,032",26,KRW,2023
20240618000197,11011,2023,00155212,022100,OFS,재무제표,IS,손익계산서,법인세차감전 순이익,제 35 기,2023.01.01 ~ 2023.12.31,"109,782,206,234",제 34 기,2022.01.01 ~ 2022.12.31,"56,950,079,602",제 33 기,2021.01.01 ~ 2021.12.31,"-17,621,624,929",28,KRW,2023
20240618000197,11011,2023,00155212,022100,OFS,재무제표,IS,손익계산서,당기순이익(손실),제 35 기,2023.01.01 ~ 2023.12.31,"88,526,889,772",제 34 기,2022.01.01 ~ 2022.12.31,"43,463,066,583",제 33 기,2021.01.01 ~ 2021.12.31,"-15,533,720,019",30,KRW,2023
20240618000197,11011,2023,00155212,022100,OFS,재무제표,IS,손익계산서,당기순이익(손실),제 35 기,2023.01.01 ~ 2023.12.31,"88,526,889,772",제 34 기,2022.01.01 ~ 2022.12.31,"43,463,066,583",제 33 기,2021.01.01 ~ 2021.12.31,"-15,533,720,019",62,KRW,2023
20240618000197,11011,2023,00155212,022100,OFS,재무제표,IS,손익계산서,총포괄손익,제 35 기,2023.01.01 ~ 2023.12.31,"57,117,892,176",제 34 기,2022.01.01 ~ 2022.12.31,"61,096,001,953",제 33 기,2021.01.01 ~ 2021.12.31,"-5,343,686,366",64,KRW,2023
20250314001261,11011,2024,00155212,022100,CFS,연결재무제표,BS,재무상태표,유동자산,제 36 기,2024.12.31 현재,"676,687,634,640",제 35 기,2023.12.31 현재,"661,855,691,387",제 34 기,2022.12.31 현재,"603,491,896,789",1,KRW,2024
20250314001261,11011,2024,00155212,022100,CFS,연결재무제표,BS,재무상태표,비유동자산,제 36 기,2024.12.31 현재,"215,765,381,499",제 35 기,2023.12.31 현재,"227,951,529,073",제 34 기,2022.12.31 현재,"248,101,889,195",3,KRW,2024
20250314001261,11011,2024,00155212,022100,CFS,연결재무제표,BS,재무상태표,자산총계,제 36 기,2024.12.31 현재,"892,453,016,139",제 35 기,2023.12.31 현재,"889,807,220,460",제 34 기,2022.12.31 현재,"851,593,785,984",5,KRW,2024
20250314001261,11011,2024,00155212,022100,CFS,연결재무제표,BS,재무상태표,유동부채,제 36 기,2024.12.31 현재,"355,027,712,350",제 35 기,2023.12.31 현재,"421,366,947,879",제 34 기,2022.12.31 현재,"431,131,515,113",7,KRW,2024
20250314001261,11011,2024,00155212,022100,CFS,연결재무제표,BS,재무상태표,비유동부채,제 36 기,2024.12.31 현재,"11,527,802,913",제 35 기,2023.12.31 현재,"6,990,890,378",제 34 기,2022.12.31 현재,"6,469,761,012",9,KRW,2024
20250314001261,11011,2024,00155212,022100,CFS,연결재무제표,BS,재무상태표,부채총계,제 36 기,2024.12.31 현재,"366,555,515,263",제 35 기,2023.12.31 현재,"428,357,838,257",제 34 기,2022.12.31 현재,"437,601,276,125",11,KRW,2024
20250314001261,11011,2024,00155212,022100,CFS,연결재무제표,BS,재무상태표,자본금,제 36 기,2024.12.31 현재,"76,017,364,500",제 35 기,2023.12.31 현재,"76,017,364,500",제 34 기,2022.12.31 현재,"76,017,364,500",13,KRW,2024
20250314001261,11011,2024,00155212,022100,CFS,연결재무제표,BS,재무상태표,이익잉여금,제 36 기,2024.12.31 현재,"222,424,226,845",제 35 기,2023.12.31 현재,"163,313,304,743",제 34 기,2022.12.31 현재,"114,937,061,618",17,KRW,2024
20250314001261,11011,2024,00155212,022100,CFS,연결재무제표,BS,재무상태표,자본총계,제 36 기,2024.12.31 현재,"525,897,500,876",제 35 기,2023.12.31 현재,"461,449,382,203",제 34 기,2022.12.31 현재,"413,992,509,859",21,KRW,2024
20250314001261,11011,2024,00155212,022100,CFS,연결재무제표,IS,손익계산서,매출액,제 36 기,2024.01.01 ~ 2024.12.31,"1,473,290,670,631",제 35 기,2023.01.01 ~ 2023.12.31,"1,485,875,620,930",제 34 기,2022.01.01 ~ 2022.12.31,"1,152,680,199,426",23,KRW,2024
20250314001261,11011,2024,00155212,022100,CFS,연결재무제표,IS,손익계산서,영업이익,제 36 기,2024.01.01 ~ 2024.12.31,"108,991,969,223",제 35 기,2023.01.01 ~ 2023.12.31,"110,563,784,581",제 34 기,2022.01.01 ~ 2022.12.31,"64,668,494,002",25,KRW,2024
20250314001261,11011,2024,00155212,022100,CFS,연결재무제표,IS,손익계산서,법인세차감전 순이익,제 36 기,2024.01.01 ~ 2024.12.31,"118,508,853,149",제 35 기,2023.01.01 ~ 2023.12.31,"113,017,741,118",제 34 기,2022.01.01 ~ 2022.12.31,"60,786,831,559",27,KRW,2024
20250314001261,11011,2024,00155212,022100,CFS,연결재무제표,IS,손익계산서,당기순이익(손실),제 36 기,2024.01.01 ~ 2024.12.31,"88,599,060,003",제 35 기,2023.01.01 ~ 2023.12.31,"92,128,228,460",제 34 기,2022.01.01 ~ 2022.12.31,"45,850,938,928",29,KRW,2024
20250314001261,11011,2024,00155212,022100,CFS,연결재무제표,IS,손익계산서,당기순이익(손실),제 36 기,2024.01.01 ~ 2024.12.31,"88,599,060,003",제 35 기,2023.01.01 ~ 2023.12.31,"92,128,228,460",제 34 기,2022.01.01 ~ 2022.12.31,"45,850,938,928",61,KRW,2024
20250314001261,11011,2024,00155212,022100,CFS,연결재무제표,IS,손익계산서,총포괄손익,제 36 기,2024.01.01 ~ 2024.12.31,"79,725,745,229",제 35 기,2023.01.01 ~ 2023.12.31,"58,841,161,958",제 34 기,2022.01.01 ~ 2022.12.31,"62,421,616,409",63,KRW,2024
20250314001261,11011,2024,00155212,022100,OFS,재무제표,BS,재무상태표,유동자산,제 36 기,2024.12.31 현재,"657,549,535,231",제 35 기,2023.12.31 현재,"644,903,144,938",제 34 기,2022.12.31 현재,"583,534,031,224",2,KRW,2024
20250314001261,11011,2024,00155212,022100,OFS,재무제표,BS,재무상태표,비유동자산,제 36 기,2024.12.31 현재,"213,493,212,756",제 35 기,2023.12.31 현재,"226,439,580,366",제 34 기,2022.12.31 현재,"248,305,062,772",4,KRW,2024
20250314001261,11011,2024,00155212,022100,OFS,재무제표,BS,재무상태표,자산총계,제 36 기,2024.12.31 현재,"871,042,747,987",제 35 기,2023.12.31 현재,"871,342,725,304",제 34 기,2022.12.31 현재,"831,839,093,996",6,KRW,2024
20250314001261,11011,2024,00155212,022100,OFS,재무제표,BS,재무상태표,유동부채,제 36 기,2024.12.31 현재,"346,020,639,722",제 35 기,2023.12.31 현재,"414,052,226,757",제 34 기,2022.12.31 현재,"420,330,731,389",8,KRW,2024
20250314001261,11011,2024,00155212,022100,OFS,재무제표,BS,재무상태표,비유동부채,제 36 기,2024.12.31 현재,"10,478,841,002",제 35 기,2023.12.31 현재,"4,393,859,106",제 34 기,2022.12.31 현재,"4,437,191,476",10,KRW,2024
20250314001261,11011,2024,00155212,022100,OFS,재무제표,BS,재무상태표,부채총계,제 36 기,2024.12.31 현재,"356,499,480,724",제 35 기,2023.12.31 현재,"418,446,085,863",제 34 기,2022.12.31 현재,"424,767,922,865",12,KRW,2024
20250314001261,11011,2024,00155212,022100,OFS,재무제표,BS,재무상태표,자본금,제 36 기,2024.12.31 현재,"76,017,364,500",제 35 기,2023.12.31 현재,"76,017,364,500",제 34 기,2022.12.31 현재,"76,017,364,500",15,KRW,2024
20250314001261,11011,2024,00155212,022100,OFS,재무제표,BS,재무상태표,이익잉여금,제 36 기,2024.12.31 현재,"215,820,776,963",제 35 기,2023.12.31 현재,"157,998,407,463",제 34 기,2022.12.31 현재,"112,947,927,606",19,KRW,2024
20250314001261,11011,2024,00155212,022100,OFS,재무제표,BS,재무상태표,자본총계,제 36 기,2024.12.31 현재,"514,543,267,263",제 35 기,2023.12.31 현재,"452,896,639,441",제 34 기,2022.12.31 현재,"407,071,171,131",22,KRW,2024
20250314001261,11011,2024,00155212,022100,OFS,재무제표,IS,손익계산서,매출액,제 36 기,2024.01.01 ~ 2024.12.31,"1,440,386,040,098",제 35 기,2023.01.01 ~ 2023.12.31,"1,445,325,769,305",제 34 기,2022.01.01 ~ 2022.12.31,"1,108,702,125,452",24,KRW,2024
20250314001261,11011,2024,00155212,022100,OFS,재무제표,IS,손익계산서,영업이익,제 36 기,2024.01.01 ~ 2024.12.31,"106,173,964,761",제 35 기,2023.01.01 ~ 2023.12.31,"108,625,656,317",제 34 기,2022.01.01 ~ 2022.12.31,"61,635,263,346",26,KRW,2024
20250314001261,11011,2024,00155212,022100,OFS,재무제표,IS,손익계산서,법인세차감전 순이익,제 36 기,2024.01.01 ~ 2024.12.31,"115,814,664,264",제 35 기,2023.01.01 ~ 2023.12.31,"109,782,206,234",제 34 기,2022.01.01 ~ 2022.12.31,"56,950,079,602",28,KRW,2024
20250314001261,11011,2024,00155212,022100,OFS,재무제표,IS,손익계산서,당기순이익(손실),제 36 기,2024.01.01 ~ 2024.12.31,"86,758,661,403",제 35 기,2023.01.01 ~ 2023.12.31,"88,526,889,772",제 34 기,2022.01.01 ~ 2022.12.31,"43,463,066,583",30,KRW,2024
20250314001261,11011,2024,00155212,022100,OFS,재무제표,IS,손익계산서,당기순이익(손실),제 36 기,2024.01.01 ~ 2024.12.31,"86,758,661,403",제 35 기,2023.01.01 ~ 2023.12.31,"88,526,889,772",제 34 기,2022.01.01 ~ 2022.12.31,"43,463,066,583",62,KRW,2024
20250314001261,11011,2024,00155212,022100,OFS,재무제표,IS,손익계산서,총포괄손익,제 36 기,2024.01.01 ~ 2024.12.31,"76,828,879,722",제 35 기,2023.01.01 ~ 2023.12.31,"57,117,892,176",제 34 기,2022.01.01 ~ 2022.12.31,"61,096,001,953",64,KRW,2024
20240320000618,11011,2023,00108612,017860,CFS,연결재무제표,BS,재무상태표,유동자산,제 40 기,2023.12.31 현재,"351,804,566,271",제 39 기,2022.12.31 현재,"303,351,742,913",제 38 기,2021.12.31 현재,"249,420,778,222",1,KRW,2023
20240320000618,11011,2023,00108612,017860,CFS,연결재무제표,BS,재무상태표,비유동자산,제 40 기,2023.12.31 현재,"367,099,570,364",제 39 기,2022.12.31 현재,"262,235,426,576",제 38 기,2021.12.31 현재,"252,417,984,718",3,KRW,2023
20240320000618,11011,2023,00108612,017860,CFS,연결재무제표,BS,재무상태표,자산총계,제 40 기,2023.12.31 현재,"718,904,136,635",제 39 기,2022.12.31 현재,"565,587,169,489",제 38 기,2021.12.31 현재,"501,838,762,940",5,KRW,2023
20240320000618,11011,2023,00108612,017860,CFS,연결재무제표,BS,재무상태표,유동부채,제 40 기,2023.12.31 현재,"340,137,477,914",제 39 기,2022.12.31 현재,"317,923,054,910",제 38 기,2021.12.31 현재,"245,905,945,678",7,KRW,2023
20240320000618,11011,2023,00108612,017860,CFS,연결재무제표,BS,재무상태표,비유동부채,제 40 기,2023.12.31 현재,"97,591,447,833",제 39 기,2022.12.31 현재,"107,920,686,970",제 38 기,2021.12.31 현재,"82,572,420,812",9,KRW,2023
20240320000618,11011,2023,00108612,017860,CFS,연결재무제표,BS,재무상태표,부채총계,제 40 기,2023.12.31 현재,"437,728,925,747",제 39 기,2022.12.31 현재,"425,843,741,880",제 38 기,2021.12.31 현재,"328,478,366,490",11,KRW,2023
20240320000618,11011,2023,00108612,017860,CFS,연결재무제표,BS,재무상태표,이익잉여금,제 40 기,2023.12.31 현재,"130,203,819,385",제 39 기,2022.12.31 현재,"91,419,384,481",제 38 기,2021.12.31 현재,"120,106,621,327",17,KRW,2023
20240320000618,11011,2023,00108612,017860,CFS,연결재무제표,BS,재무상태표,자본총계,제 40 기,2023.12.31 현재,"281,175,210,888",제 39 기,2022.12.31 현재,"139,743,427,609",제 38 기,2021.12.31 현재,"173,360,396,450",21,KRW,2023
20240320000618,11011,2023,00108612,017860,CFS,연결재무제표,IS,손익계산서,매출액,제 40 기,2023.01.01 ~ 2023.12.31,"1,070,440,042,557",제 39 기,2022.01.01 ~ 2022.12.31,"1,133,719,963,759",제 38 기,2021.01.01 ~ 2021.12.31,"900,507,213,805",23,KRW,2023
20240320000618,11011,2023,00108612,017860,CFS,연결재무제표,IS,손익계산서,영업이익,제 40 기,2023.01.01 ~ 2023.12.31,"76,240,446,307",제 39 기,2022.01.01 ~ 2022.12.31,"73,985,310,875",제 38 기,2021.01.01 ~ 2021.12.31,"72,531,627,708",25,KRW,2023
20240320000618,11011,2023,00108612,017860,CFS,연결재무제표,IS,손익계산서,법인세차감전 순이익,제 40 기,2023.01.01 ~ 2023.12.31,"51,422,437,048",제 39 기,2022.01.01 ~ 2022.12.31,"37,758,724,680",제 38 기,2021.01.01 ~ 2021.12.31,"51,796,732,020",27,KRW,2023
20240320000618,11011,2023,00108612,017860,CFS,연결재무제표,IS,손익계산서,당기순이익(손실),제 40 기,2023.01.01 ~ 2023.12.31,"39,161,852,822",제 39 기,2022.01.01 ~ 2022.12.31,"27,181,948,575",제 38 기,2021.01.01 ~ 2021.12.31,"39,820,713,896",29,KRW,2023
20240320000618,11011,2023,00108612,017860,CFS,연결재무제표,IS,손익계산서,당기순이익(손실),제 40 기,2023.01.01 ~ 2023.12.31,"39,161,852,822",제 39 기,2022.01.01 ~ 2022.12.31,"27,181,948,575",제 38 기,2021.01.01 ~ 2021.12.31,"39,820,713,896",61,KRW,2023
20240320000618,11011,2023,00108612,017860,CFS,연결재무제표,IS,손익계산서,총포괄손익,제 40 기,2023.01.01 ~ 2023.12.31,"50,126,517,878",제 39 기,2022.01.01 ~ 2022.12.31,"27,171,728,857",제 38 기,2021.01.01 ~ 2021.12.31,"47,158,827,191",63,KRW,2023
20240320000618,11011,2023,00108612,017860,OFS,재무제표,BS,재무상태표,유동자산,제 40 기,2023.12.31 현재,"314,671,311,046",제 39 기,2022.12.31 현재,"286,466,473,176",제 38 기,2021.12.31 현재,"229,440,669,517",2,KRW,2023
20240320000618,11011,2023,00108612,017860,OFS,재무제표,BS,재무상태표,비유동자산,제 40 기,2023.12.31 현재,"345,483,083,428",제 39 기,2022.12.31 현재,"246,529,980,309",제 38 기,2021.12.31 현재,"237,931,127,680",4,KRW,2023
20240320000618,11011,2023,00108612,017860,OFS,재무제표,BS,재무상태표,자산총계,제 40 기,2023.12.31 현재,"660,154,394,474",제 39 기,2022.12.31 현재,"532,996,453,485",제 38 기,2021.12.31 현재,"467,371,797,197",6,KRW,2023
20240320000618,11011,2023,00108612,017860,OFS,재무제표,BS,재무상태표,유동부채,제 40 기,2023.12.31 현재,"287,647,698,725",제 39 기,2022.12.31 현재,"295,917,009,758",제 38 기,2021.12.31 현재,"228,373,283,739",8,KRW,2023
20240320000618,11011,2023,00108612,017860,OFS,재무제표,BS,재무상태표,비유동부채,제 40 기,2023.12.31 현재,"93,711,488,210",제 39 기,2022.12.31 현재,"99,865,402,903",제 38 기,2021.12.31 현재,"73,642,814,713",10,KRW,2023
20240320000618,11011,2023,00108612,017860,OFS,재무제표,BS,재무상태표,부채총계,제 40 기,2023.12.31 현재,"381,359,186,935",제 39 기,2022.12.31 현재,"395,782,412,661",제 38 기,2021.12.31 현재,"302,016,098,452",12,KRW,2023
20240320000618,11011,2023,00108612,017860,OFS,재무제표,BS,재무상태표,자본금,제 40 기,2023.12.31 현재,"4,653,150,000",제 39 기,2022.12.31 현재,"4,200,000,000",제 38 기,2021.12.31 현재,"4,200,000,000",15,KRW,2023
20240320000618,11011,2023,00108612,017860,OFS,재무제표,BS,재무상태표,이익잉여금,제 40 기,2023.12.31 현재,"135,228,317,195",제 39 기,2022.12.31 현재,"92,356,634,173",제 38 기,2021.12.31 현재,"120,524,354,469",19,KRW,2023
20240320000618,11011,2023,00108612,017860,OFS,재무제표,BS,재무상태표,자본총계,제 40 기,2023.12.31 현재,"278,795,207,539",제 39 기,2022.12.31 현재,"137,214,040,824",제 38 기,2021.12.31 현재,"165,355,698,745",22,KRW,2023
20240320000618,11011,2023,00108612,017860,OFS,재무제표,IS,손익계산서,매출액,제 40 기,2023.01.01 ~ 2023.12.31,"1,010,886,711,522",제 39 기,2022.01.01 ~ 2022.12.31,"1,099,651,675,626",제 38 기,2021.01.01 ~ 2021.12.31,"883,159,622,182",24,KRW,2023
20240320000618,11011,2023,00108612,017860,OFS,재무제표,IS,손익계산서,영업이익,제 40 기,2023.01.01 ~ 2023.12.31,"78,103,068,219",제 39 기,2022.01.01 ~ 2022.12.31,"73,439,268,171",제 38 기,2021.01.01 ~ 2021.12.31,"69,296,863,701",26,KRW,2023
20240320000618,11011,2023,00108612,017860,OFS,재무제표,IS,손익계산서,법인세차감전 순이익,제 40 기,2023.01.01 ~ 2023.12.31,"56,315,931,657",제 39 기,2022.01.01 ~ 2022.12.31,"38,131,416,169",제 38 기,2021.01.01 ~ 2021.12.31,"49,037,975,874",28,KRW,2023
20240320000618,11011,2023,00108612,017860,OFS,재무제표,IS,손익계산서,당기순이익(손실),제 40 기,2023.01.01 ~ 2023.12.31,"44,030,507,836",제 39 기,2022.01.01 ~ 2022.12.31,"27,618,140,279",제 38 기,2021.01.01 ~ 2021.12.31,"37,590,376,263",30,KRW,2023
20240320000618,11011,2023,00108612,017860,OFS,재무제표,IS,손익계산서,당기순이익(손실),제 40 기,2023.01.01 ~ 2023.12.31,"44,030,507,836",제 39 기,2022.01.01 ~ 2022.12.31,"27,618,140,279",제 38 기,2021.01.01 ~ 2021.12.31,"37,590,376,263",62,KRW,2023
20240320000618,11011,2023,00108612,017860,OFS,재무제표,IS,손익계산서,총포괄손익,제 40 기,2023.01.01 ~ 2023.12.31,"54,714,853,015",제 39 기,2022.01.01 ~ 2022.12.31,"27,877,596,777",제 38 기,2021.01.01 ~ 2021.12.31,"41,432,051,529",64,KRW,2023
20250321001800,11011,2024,00108612,017860,CFS,연결재무제표,BS,재무상태표,유동자산,제 41 기,2024.12.31 현재,"307,863,278,744",제 40 기,2023.12.31 현재,"351,804,566,271",제 39 기,2022.12.31 현재,"303,351,742,913",1,KRW,2024
20250321001800,11011,2024,00108612,017860,CFS,연결재무제표,BS,재무상태표,비유동자산,제 41 기,2024.12.31 현재,"427,955,774,617",제 40 기,2023.12.31 현재,"367,099,570,364",제 39 기,2022.12.31 현재,"262,235,426,576",3,KRW,2024
20250321001800,11011,2024,00108612,017860,CFS,연결재무제표,BS,재무상태표,자산총계,제 41 기,2024.12.31 현재,"735,819,053,361",제 40 기,2023.12.31 현재,"718,904,136,635",제 39 기,2022.12.31 현재,"565,587,169,489",5,KRW,2024
20250321001800,11011,2024,00108612,017860,CFS,연결재무제표,BS,재무상태표,유동부채,제 41 기,2024.12.31 현재,"300,059,010,432",제 40 기,2023.12.31 현재,"340,137,477,914",제 39 기,2022.12.31 현재,"317,923,054,910",7,KRW,2024
20250321001800,11011,2024,00108612,017860,CFS,연결재무제표,BS,재무상태표,비유동부채,제 41 기,2024.12.31 현재,"152,721,575,049",제 40 기,2023.12.31 현재,"97,591,447,833",제 39 기,2022.12.31 현재,"107,920,686,970",9,KRW,2024
20250321001800,11011,2024,00108612,017860,CFS,연결재무제표,BS,재무상태표,부채총계,제 41 기,2024.12.31 현재,"452,780,585,481",제 40 기,2023.12.31 현재,"437,728,925,747",제 39 기,2022.12.31 현재,"425,843,741,880",11,KRW,2024
20250321001800,11011,2024,00108612,017860,CFS,연결재무제표,BS,재무상태표,자본금,제 41 기,2024.12.31 현재,"10,514,554,000",제 40 기,2023.12.31 현재,"4,653,150,000",제 39 기,2022.12.31 현재,"4,200,000,000",13,KRW,2024
20250321001800,11011,2024,00108612,017860,CFS,연결재무제표,BS,재무상태표,이익잉여금,제 41 기,2024.12.31 현재,"120,718,908,688",제 40 기,2023.12.31 현재,"130,203,819,385",제 39 기,2022.12.31 현재,"91,419,384,481",17,KRW,2024
20250321001800,11011,2024,00108612,017860,CFS,연결재무제표,BS,재무상태표,자본총계,제 41 기,2024.12.31 현재,"283,038,467,880",제 40 기,2023.12.31 현재,"281,175,210,888",제 39 기,2022.12.31 현재,"139,743,427,609",21,KRW,2024
20250321001800,11011,2024,00108612,017860,CFS,연결재무제표,IS,손익계산서,매출액,제 41 기,2024.01.01 ~ 2024.12.31,"961,722,369,625",제 40 기,2023.01.01 ~ 2023.12.31,"1,070,440,042,557",제 39 기,2022.01.01 ~ 2022.12.31,"1,133,719,963,759",23,KRW,2024
20250321001800,11011,2024,00108612,017860,CFS,연결재무제표,IS,손익계산서,영업이익,제 41 기,2024.01.01 ~ 2024.12.31,"12,187,575,770",제 40 기,2023.01.01 ~ 2023.12.31,"76,240,446,307",제 39 기,2022.01.01 ~ 2022.12.31,"73,985,310,875",25,KRW,2024
20250321001800,11011,2024,00108612,017860,CFS,연결재무제표,IS,손익계산서,법인세차감전 순이익,제 41 기,2024.01.01 ~ 2024.12.31,"-12,340,347,017",제 40 기,2023.01.01 ~ 2023.12.31,"51,422,437,048",제 39 기,2022.01.01 ~ 2022.12.31,"37,758,724,680",27,KRW,2024
20250321001800,11011,2024,00108612,017860,CFS,연결재무제표,IS,손익계산서,당기순이익(손실),제 41 기,2024.01.01 ~ 2024.12.31,"-10,321,573,908",제 40 기,2023.01.01 ~ 2023.12.31,"39,161,852,822",제 39 기,2022.01.01 ~ 2022.12.31,"27,181,948,575",29,KRW,2024
20250321001800,11011,2024,00108612,017860,CFS,연결재무제표,IS,손익계산서,당기순이익(손실),제 41 기,2024.01.01 ~ 2024.12.31,"-10,321,573,908",제 40 기,2023.01.01 ~ 2023.12.31,"39,161,852,822",제 39 기,2022.01.01 ~ 2022.12.31,"27,181,948,575",61,KRW,2024
20250321001800,11011,2024,00108612,017860,OFS,재무제표,BS,재무상태표,유동자산,제 41 기,2024.12.31 현재,"271,220,971,484",제 40 기,2023.12.31 현재,"314,671,311,046",제 39 기,2022.12.31 현재,"286,466,473,176",2,KRW,2024
20250321001800,11011,2024,00108612,017860,OFS,재무제표,BS,재무상태표,비유동자산,제 41 기,2024.12.31 현재,"410,532,488,195",제 40 기,2023.12.31 현재,"345,483,083,428",제 39 기,2022.12.31 현재,"246,529,980,309",4,KRW,2024
20250321001800,11011,2024,00108612,017860,OFS,재무제표,BS,재무상태표,자산총계,제 41 기,2024.12.31 현재,"681,753,459,679",제 40 기,2023.12.31 현재,"660,154,394,474",제 39 기,2022.12.31 현재,"532,996,453,485",6,KRW,2024
20250321001800,11011,2024,00108612,017860,OFS,재무제표,BS,재무상태표,유동부채,제 41 기,2024.12.31 현재,"247,506,312,815",제 40 기,2023.12.31 현재,"287,647,698,725",제 39 기,2022.12.31 현재,"295,917,009,758",8,KRW,2024
20250321001800,11011,2024,00108612,017860,OFS,재무제표,BS,재무상태표,비유동부채,제 41 기,2024.12.31 현재,"144,533,407,172",제 40 기,2023.12.31 현재,"93,711,488,210",제 39 기,2022.12.31 현재,"99,865,402,903",10,KRW,2024
20250321001800,11011,2024,00108612,017860,OFS,재무제표,BS,재무상태표,부채총계,제 41 기,2024.12.31 현재,"392,039,719,987",제 40 기,2023.12.31 현재,"381,359,186,935",제 39 기,2022.12.31 현재,"395,782,412,661",12,KRW,2024
20250321001800,11011,2024,00108612,017860,OFS,재무제표,BS,재무상태표,자본금,제 41 기,2024.12.31 현재,"10,514,554,000",제 40 기,2023.12.31 현재,"4,653,150,000",제 39 기,2022.12.31 현재,"4,200,000,000",15,KRW,2024
20250321001800,11011,2024,00108612,017860,OFS,재무제표,BS,재무상태표,이익잉여금,제 41 기,2024.12.31 현재,"135,052,125,847",제 40 기,2023.12.31 현재,"135,228,317,195",제 39 기,2022.12.31 현재,"92,356,634,173",19,KRW,2024
20250321001800,11011,2024,00108612,017860,OFS,재무제표,BS,재무상태표,자본총계,제 41 기,2024.12.31 현재,"289,713,739,692",제 40 기,2023.12.31 현재,"278,795,207,539",제 39 기,2022.12.31 현재,"137,214,040,824",22,KRW,2024
20250321001800,11011,2024,00108612,017860,OFS,재무제표,IS,손익계산서,매출액,제 41 기,2024.01.01 ~ 2024.12.31,"898,741,643,392",제 40 기,2023.01.01 ~ 2023.12.31,"1,010,886,711,522",제 39 기,2022.01.01 ~ 2022.12.31,"1,099,651,675,626",24,KRW,2024
20250321001800,11011,2024,00108612,017860,OFS,재무제표,IS,손익계산서,영업이익,제 41 기,2024.01.01 ~ 2024.12.31,"16,541,095,479",제 40 기,2023.01.01 ~ 2023.12.31,"78,103,068,219",제 39 기,2022.01.01 ~ 2022.12.31,"73,439,268,171",26,KRW,2024
20250321001800,11011,2024,00108612,017860,OFS,재무제표,IS,손익계산서,법인세차감전 순이익,제 41 기,2024.01.01 ~ 2024.12.31,"-859,180,179",제 40 기,2023.01.01 ~ 2023.12.31,"56,315,931,657",제 39 기,2022.01.01 ~ 2022.12.31,"38,131,416,169",28,KRW,2024
20250321001800,11011,2024,00108612,017860,OFS,재무제표,IS,손익계산서,당기순이익(손실),제 41 기,2024.01.01 ~ 2024.12.31,"123,746,404",제 40 기,2023.01.01 ~ 2023.12.31,"44,030,507,836",제 39 기,2022.01.01 ~ 2022.12.31,"27,618,140,279",30,KRW,2024
20250321001800,11011,2024,00108612,017860,OFS,재무제표,IS,손익계산서,당기순이익(손실),제 41 기,2024.01.01 ~ 2024.12.31,"123,746,404",제 40 기,2023.01.01 ~ 2023.12.31,"44,030,507,836",제 39 기,2022.01.01 ~ 2022.12.31,"27,618,140,279",62,KRW,2024
20250321001800,11011,2024,00108612,017860,OFS,재무제표,IS,손익계산서,총포괄손익,제 41 기,2024.01.01 ~ 2024.12.31,"10,613,452,971",제 40 기,2023.01.01 ~ 2023.12.31,"54,714,853,015",제 39 기,2022.01.01 ~ 2022.12.31,"27,877,596,777",64,KRW,2024
20240321000011,11011,2023,00367710,111380,CFS,연결재무제표,BS,재무상태표,유동자산,제 32 기,2023.12.31 현재,"110,409,839,253",제 31 기,2022.12.31 현재,"100,661,073,116",제 30 기,2021.12.31 현재,"91,412,377,946",1,KRW,2023
20240321000011,11011,2023,00367710,111380,CFS,연결재무제표,BS,재무상태표,비유동자산,제 32 기,2023.12.31 현재,"106,899,169,260",제 31 기,2022.12.31 현재,"97,833,461,809",제 30 기,2021.12.31 현재,"87,259,239,599",3,KRW,2023
20240321000011,11011,2023,00367710,111380,CFS,연결재무제표,BS,재무상태표,자산총계,제 32 기,2023.12.31 현재,"217,309,008,513",제 31 기,2022.12.31 현재,"198,494,534,925",제 30 기,2021.12.31 현재,"178,671,617,545",5,KRW,2023
20240321000011,11011,2023,00367710,111380,CFS,연결재무제표,BS,재무상태표,유동부채,제 32 기,2023.12.31 현재,"68,534,456,172",제 31 기,2022.12.31 현재,"116,807,275,604",제 30 기,2021.12.31 현재,"127,956,291,558",7,KRW,2023
20240321000011,11011,2023,00367710,111380,CFS,연결재무제표,BS,재무상태표,비유동부채,제 32 기,2023.12.31 현재,"16,017,179,703",제 31 기,2022.12.31 현재,"30,082,141,860",제 30 기,2021.12.31 현재,"25,779,755,648",9,KRW,2023
20240321000011,11011,2023,00367710,111380,CFS,연결재무제표,BS,재무상태표,부채총계,제 32 기,2023.12.31 현재,"84,551,635,875",제 31 기,2022.12.31 현재,"146,889,417,464",제 30 기,2021.12.31 현재,"153,736,047,206",11,KRW,2023
20240321000011,11011,2023,00367710,111380,CFS,연결재무제표,BS,재무상태표,자본금,제 32 기,2023.12.31 현재,"612,800,000",제 31 기,2022.12.31 현재,"425,000,000",제 30 기,2021.12.31 현재,"425,000,000",13,KRW,2023
20240321000011,11011,2023,00367710,111380,CFS,연결재무제표,BS,재무상태표,이익잉여금,제 32 기,2023.12.31 현재,"82,571,781,236",제 31 기,2022.12.31 현재,"66,176,627,146",제 30 기,2021.12.31 현재,"38,010,239,756",17,KRW,2023
20240321000011,11011,2023,00367710,111380,CFS,연결재무제표,BS,재무상태표,자본총계,제 32 기,2023.12.31 현재,"132,757,372,638",제 31 기,2022.12.31 현재,"51,605,117,461",제 30 기,2021.12.31 현재,"24,935,570,339",21,KRW,2023
20240321000011,11011,2023,00367710,111380,CFS,연결재무제표,IS,손익계산서,매출액,제 32 기,2023.01.01 ~ 2023.12.31,"216,057,247,215",제 31 기,2022.01.01 ~ 2022.12.31,"250,589,220,895",제 30 기,2021.01.01 ~ 2021.12.31,"168,382,892,583",23,KRW,2023
20240321000011,11011,2023,00367710,111380,CFS,연결재무제표,IS,손익계산서,영업이익,제 32 기,2023.01.01 ~ 2023.12.31,"28,253,714,819",제 31 기,2022.01.01 ~ 2022.12.31,"42,653,702,422",제 30 기,2021.01.01 ~ 2021.12.31,"18,834,602,811",25,KRW,2023
20240321000011,11011,2023,00367710,111380,CFS,연결재무제표,IS,손익계산서,법인세차감전 순이익,제 32 기,2023.01.01 ~ 2023.12.31,"27,306,978,229",제 31 기,2022.01.01 ~ 2022.12.31,"36,679,183,088",제 30 기,2021.01.01 ~ 2021.12.31,"16,237,365,091",27,KRW,2023
20240321000011,11011,2023,00367710,111380,CFS,연결재무제표,IS,손익계산서,당기순이익(손실),제 32 기,2023.01.01 ~ 2023.12.31,"20,625,632,427",제 31 기,2022.01.01 ~ 2022.12.31,"28,098,801,937",제 30 기,2021.01.01 ~ 2021.12.31,"14,952,931,606",29,KRW,2023
20240321000011,11011,2023,00367710,111380,CFS,연결재무제표,IS,손익계산서,당기순이익(손실),제 32 기,2023.01.01 ~ 2023.12.31,"20,625,632,427",제 31 기,2022.01.01 ~ 2022.12.31,"28,098,801,937",제 30 기,2021.01.01 ~ 2021.12.31,"14,952,931,606",61,KRW,2023
20240321000011,11011,2023,00367710,111380,CFS,연결재무제표,IS,손익계산서,총포괄손익,제 32 기,2023.01.01 ~ 2023.12.31,"21,335,835,526",제 31 기,2022.01.01 ~ 2022.12.31,"28,226,210,051",제 30 기,2021.01.01 ~ 2021.12.31,"16,969,283,869",63,KRW,2023
20240321000011,11011,2023,00367710,111380,OFS,재무제표,BS,재무상태표,유동자산,제 32 기,2023.12.31 현재,"104,059,601,377",제 31 기,2022.12.31 현재,"96,979,630,372",제 30 기,2021.12.31 현재,"79,616,536,933",2,KRW,2023
20240321000011,11011,2023,00367710,111380,OFS,재무제표,BS,재무상태표,비유동자산,제 32 기,2023.12.31 현재,"98,202,726,466",제 31 기,2022.12.31 현재,"82,625,166,821",제 30 기,2021.12.31 현재,"81,213,425,755",4,KRW,2023
20240321000011,11011,2023,00367710,111380,OFS,재무제표,BS,재무상태표,자산총계,제 32 기,2023.12.31 현재,"202,262,327,843",제 31 기,2022.12.31 현재,"179,604,797,193",제 30 기,2021.12.31 현재,"160,829,962,688",6,KRW,2023
20240321000011,11011,2023,00367710,111380,OFS,재무제표,BS,재무상태표,유동부채,제 32 기,2023.12.31 현재,"63,893,964,213",제 31 기,2022.12.31 현재,"109,167,748,440",제 30 기,2021.12.31 현재,"120,190,443,280",8,KRW,2023
20240321000011,11011,2023,00367710,111380,OFS,재무제표,BS,재무상태표,비유동부채,제 32 기,2023.12.31 현재,"3,798,219,772",제 31 기,2022.12.31 현재,"18,354,530,097",제 30 기,2021.12.31 현재,"15,058,957,985",10,KRW,2023
20240321000011,11011,2023,00367710,111380,OFS,재무제표,BS,재무상태표,부채총계,제 32 기,2023.12.31 현재,"67,692,183,985",제 31 기,2022.12.31 현재,"127,522,278,537",제 30 기,2021.12.31 현재,"135,249,401,265",12,KRW,2023
20240321000011,11011,2023,00367710,111380,OFS,재무제표,BS,재무상태표,자본금,제 32 기,2023.12.31 현재,"612,800,000",제 31 기,2022.12.31 현재,"425,000,000",제 30 기,2021.12.31 현재,"425,000,000",15,KRW,2023
20240321000011,11011,2023,00367710,111380,OFS,재무제표,BS,재무상태표,이익잉여금,제 32 기,2023.12.31 현재,"83,078,552,927",제 31 기,2022.12.31 현재,"64,964,217,089",제 30 기,2021.12.31 현재,"38,473,307,314",19,KRW,2023
20240321000011,11011,2023,00367710,111380,OFS,재무제표,BS,재무상태표,자본총계,제 32 기,2023.12.31 현재,"134,570,143,858",제 31 기,2022.12.31 현재,"52,082,518,656",제 30 기,2021.12.31 현재,"25,580,561,423",22,KRW,2023
20240321000011,11011,2023,00367710,111380,OFS,재무제표,IS,손익계산서,매출액,제 32 기,2023.01.01 ~ 2023.12.31,"208,975,060,852",제 31 기,2022.01.01 ~ 2022.12.31,"246,944,728,410",제 30 기,2021.01.01 ~ 2021.12.31,"166,623,130,924",24,KRW,2023
20240321000011,11011,2023,00367710,111380,OFS,재무제표,IS,손익계산서,영업이익,제 32 기,2023.01.01 ~ 2023.12.31,"28,268,690,903",제 31 기,2022.01.01 ~ 2022.12.31,"37,747,044,703",제 30 기,2021.01.01 ~ 2021.12.31,"19,792,281,503",26,KRW,2023
20240321000011,11011,2023,00367710,111380,OFS,재무제표,IS,손익계산서,법인세차감전 순이익,제 32 기,2023.01.01 ~ 2023.12.31,"28,234,258,117",제 31 기,2022.01.01 ~ 2022.12.31,"35,540,376,352",제 30 기,2021.01.01 ~ 2021.12.31,"16,287,226,537",28,KRW,2023
20240321000011,11011,2023,00367710,111380,OFS,재무제표,IS,손익계산서,당기순이익(손실),제 32 기,2023.01.01 ~ 2023.12.31,"22,116,448,427",제 31 기,2022.01.01 ~ 2022.12.31,"27,914,713,687",제 30 기,2021.01.01 ~ 2021.12.31,"11,890,163,397",30,KRW,2023
20240321000011,11011,2023,00367710,111380,OFS,재무제표,IS,손익계산서,당기순이익(손실),제 32 기,2023.01.01 ~ 2023.12.31,"22,116,448,427",제 31 기,2022.01.01 ~ 2022.12.31,"27,914,713,687",제 30 기,2021.01.01 ~ 2021.12.31,"11,890,163,397",62,KRW,2023
20240321000011,11011,2023,00367710,111380,OFS,재무제표,IS,손익계산서,총포괄손익,제 32 기,2023.01.01 ~ 2023.12.31,"22,671,205,551",제 31 기,2022.01.01 ~ 2022.12.31,"28,201,957,233",제 30 기,2021.01.01 ~ 2021.12.31,"13,829,485,682",64,KRW,2023
20250320001366,11011,2024,00367710,111380,CFS,연결재무제표,BS,재무상태표,유동자산,제 33 기,2024.12.31 현재,"157,504,617,295",제 32 기,2023.12.31 현재,"110,409,839,253",제 31 기,2022.12.31 현재,"100,661,073,116",1,KRW,2024
20250320001366,11011,2024,00367710,111380,CFS,연결재무제표,BS,재무상태표,비유동자산,제 33 기,2024.12.31 현재,"134,903,358,082",제 32 기,2023.12.31 현재,"106,899,169,260",제 31 기,2022.12.31 현재,"97,833,461,809",3,KRW,2024
20250320001366,11011,2024,00367710,111380,CFS,연결재무제표,BS,재무상태표,자산총계,제 33 기,2024.12.31 현재,"292,407,975,377",제 32 기,2023.12.31 현재,"217,309,008,513",제 31 기,2022.12.31 현재,"198,494,534,925",5,KRW,2024
20250320001366,11011,2024,00367710,111380,CFS,연결재무제표,BS,재무상태표,유동부채,제 33 기,2024.12.31 현재,"106,455,471,033",제 32 기,2023.12.31 현재,"68,534,456,172",제 31 기,2022.12.31 현재,"116,807,275,604",7,KRW,2024
20250320001366,11011,2024,00367710,111380,CFS,연결재무제표,BS,재무상태표,비유동부채,제 33 기,2024.12.31 현재,"36,654,714,011",제 32 기,2023.12.31 현재,"16,017,179,703",제 31 기,2022.12.31 현재,"30,082,141,860",9,KRW,2024
20250320001366,11011,2024,00367710,111380,CFS,연결재무제표,BS,재무상태표,부채총계,제 33 기,2024.12.31 현재,"143,110,185,044",제 32 기,2023.12.31 현재,"84,551,635,875",제 31 기,2022.12.31 현재,"146,889,417,464",11,KRW,2024
20250320001366,11011,2024,00367710,111380,CFS,연결재무제표,BS,재무상태표,자본금,제 33 기,2024.12.31 현재,"612,800,000",제 32 기,2023.12.31 현재,"612,800,000",제 31 기,2022.12.31 현재,"425,000,000",13,KRW,2024
20250320001366,11011,2024,00367710,111380,CFS,연결재무제표,BS,재무상태표,이익잉여금,제 33 기,2024.12.31 현재,"142,482,917,326",제 32 기,2023.12.31 현재,"82,571,781,236",제 31 기,2022.12.31 현재,"66,176,627,146",17,KRW,2024
20250320001366,11011,2024,00367710,111380,CFS,연결재무제표,BS,재무상태표,자본총계,제 33 기,2024.12.31 현재,"149,297,790,333",제 32 기,2023.12.31 현재,"132,757,372,638",제 31 기,2022.12.31 현재,"51,605,117,461",21,KRW,2024
20250320001366,11011,2024,00367710,111380,CFS,연결재무제표,IS,손익계산서,매출액,제 33 기,2024.01.01 ~ 2024.12.31,"226,691,392,865",제 32 기,2023.01.01 ~ 2023.12.31,"216,057,247,215",제 31 기,2022.01.01 ~ 2022.12.31,"250,589,220,895",23,KRW,2024
20250320001366,11011,2024,00367710,111380,CFS,연결재무제표,IS,손익계산서,영업이익,제 33 기,2024.01.01 ~ 2024.12.31,"21,119,302,102",제 32 기,2023.01.01 ~ 2023.12.31,"28,253,714,819",제 31 기,2022.01.01 ~ 2022.12.31,"42,653,702,422",25,KRW,2024
20250320001366,11011,2024,00367710,111380,CFS,연결재무제표,IS,손익계산서,법인세차감전 순이익,제 33 기,2024.01.01 ~ 2024.12.31,"24,472,597,230",제 32 기,2023.01.01 ~ 2023.12.31,"27,306,978,229",제 31 기,2022.01.01 ~ 2022.12.31,"36,679,183,088",27,KRW,2024
20250320001366,11011,2024,00367710,111380,CFS,연결재무제표,IS,손익계산서,당기순이익(손실),제 33 기,2024.01.01 ~ 2024.12.31,"16,978,674,472",제 32 기,2023.01.01 ~ 2023.12.31,"20,625,632,427",제 31 기,2022.01.01 ~ 2022.12.31,"28,098,801,937",29,KRW,2024
20250320001366,11011,2024,00367710,111380,CFS,연결재무제표,IS,손익계산서,당기순이익(손실),제 33 기,2024.01.01 ~ 2024.12.31,"16,978,674,472",제 32 기,2023.01.01 ~ 2023.12.31,"20,625,632,427",제 31 기,2022.01.01 ~ 2022.12.31,"28,098,801,937",61,KRW,2024
20250320001366,11011,2024,00367710,111380,CFS,연결재무제표,IS,손익계산서,총포괄손익,제 33 기,2024.01.01 ~ 2024.12.31,"23,467,549,337",제 32 기,2023.01.01 ~ 2023.12.31,"21,335,835,526",제 31 기,2022.01.01 ~ 2022.12.31,"28,226,210,051",63,KRW,2024
20250320001366,11011,2024,00367710,111380,OFS,재무제표,BS,재무상태표,유동자산,제 33 기,2024.12.31 현재,"142,775,217,873",제 32 기,2023.12.31 현재,"104,059,601,377",제 31 기,2022.12.31 현재,"96,979,630,372",2,KRW,2024
20250320001366,11011,2024,00367710,111380,OFS,재무제표,BS,재무상태표,비유동자산,제 33 기,2024.12.31 현재,"130,054,047,465",제 32 기,2023.12.31 현재,"98,202,726,466",제 31 기,2022.12.31 현재,"82,625,166,821",4,KRW,2024
20250320001366,11011,2024,00367710,111380,OFS,재무제표,BS,재무상태표,자산총계,제 33 기,2024.12.31 현재,"272,829,265,338",제 32 기,2023.12.31 현재,"202,262,327,843",제 31 기,2022.12.31 현재,"179,604,797,193",6,KRW,2024
20250320001366,11011,2024,00367710,111380,OFS,재무제표,BS,재무상태표,유동부채,제 33 기,2024.12.31 현재,"99,397,360,756",제 32 기,2023.12.31 현재,"63,893,964,213",제 31 기,2022.12.31 현재,"109,167,748,440",8,KRW,2024
20250320001366,11011,2024,00367710,111380,OFS,재무제표,BS,재무상태표,비유동부채,제 33 기,2024.12.31 현재,"17,938,972,936",제 32 기,2023.12.31 현재,"3,798,219,772",제 31 기,2022.12.31 현재,"18,354,530,097",10,KRW,2024
20250320001366,11011,2024,00367710,111380,OFS,재무제표,BS,재무상태표,부채총계,제 33 기,2024.12.31 현재,"117,336,333,692",제 32 기,2023.12.31 현재,"67,692,183,985",제 31 기,2022.12.31 현재,"127,522,278,537",12,KRW,2024
20250320001366,11011,2024,00367710,111380,OFS,재무제표,BS,재무상태표,자본금,제 33 기,2024.12.31 현재,"612,800,000",제 32 기,2023.12.31 현재,"612,800,000",제 31 기,2022.12.31 현재,"425,000,000",15,KRW,2024
20250320001366,11011,2024,00367710,111380,OFS,재무제표,BS,재무상태표,이익잉여금,제 33 기,2024.12.31 현재,"147,025,736,420",제 32 기,2023.12.31 현재,"83,078,552,927",제 31 기,2022.12.31 현재,"64,964,217,089",19,KRW,2024
20250320001366,11011,2024,00367710,111380,OFS,재무제표,BS,재무상태표,자본총계,제 33 기,2024.12.31 현재,"155,492,931,646",제 32 기,2023.12.31 현재,"134,570,143,858",제 31 기,2022.12.31 현재,"52,082,518,656",22,KRW,2024
20250320001366,11011,2024,00367710,111380,OFS,재무제표,IS,손익계산서,매출액,제 33 기,2024.01.01 ~ 2024.12.31,"218,394,674,686",제 32 기,2023.01.01 ~ 2023.12.31,"208,975,060,852",제 31 기,2022.01.01 ~ 2022.12.31,"246,944,728,410",24,KRW,2024
20250320001366,11011,2024,00367710,111380,OFS,재무제표,IS,손익계산서,영업이익,제 33 기,2024.01.01 ~ 2024.12.31,"29,906,075,010",제 32 기,2023.01.01 ~ 2023.12.31,"28,268,690,903",제 31 기,2022.01.01 ~ 2022.12.31,"37,747,044,703",26,KRW,2024
20250320001366,11011,2024,00367710,111380,OFS,재무제표,IS,손익계산서,법인세차감전 순이익,제 33 기,2024.01.01 ~ 2024.12.31,"28,731,043,021",제 32 기,2023.01.01 ~ 2023.12.31,"28,234,258,117",제 31 기,2022.01.01 ~ 2022.12.31,"35,540,376,352",28,KRW,2024
20250320001366,11011,2024,00367710,111380,OFS,재무제표,IS,손익계산서,당기순이익(손실),제 33 기,2024.01.01 ~ 2024.12.31,"20,796,489,098",제 32 기,2023.01.01 ~ 2023.12.31,"22,116,448,427",제 31 기,2022.01.01 ~ 2022.12.31,"27,914,713,687",30,KRW,2024
20250320001366,11011,2024,00367710,111380,OFS,재무제표,IS,손익계산서,당기순이익(손실),제 33 기,2024.01.01 ~ 2024.12.31,"20,796,489,098",제 32 기,2023.01.01 ~ 2023.12.31,"22,116,448,427",제 31 기,2022.01.01 ~ 2022.12.31,"27,914,713,687",62,KRW,2024
20250320001366,11011,2024,00367710,111380,OFS,재무제표,IS,손익계산서,총포괄손익,제 33 기,2024.01.01 ~ 2024.12.31,"27,850,675,618",제 32 기,2023.01.01 ~ 2023.12.31,"22,671,205,551",제 31 기,2022.01.01 ~ 2022.12.31,"28,201,957,233",64,KRW,2024
20230321001386,11011,2022,01311408,450080,OFS,재무제표,BS,재무상태표,유동자산,제 6 기,2022.12.31 현재,"265,125,163,060",제 5 기,2021.12.31 현재,"130,243,037,364",제 5 기초,2021.01.01 현재,"81,266,291,227",2,KRW,2022
20230321001386,11011,2022,01311408,450080,OFS,재무제표,BS,재무상태표,비유동자산,제 6 기,2022.12.31 현재,"369,787,982,129",제 5 기,2021.12.31 현재,"242,340,863,551",제 5 기초,2021.01.01 현재,"153,053,085,861",4,KRW,2022
20230321001386,11011,2022,01311408,450080,OFS,재무제표,BS,재무상태표,자산총계,제 6 기,2022.12.31 현재,"634,913,145,189",제 5 기,2021.12.31 현재,"372,583,900,915",제 5 기초,2021.01.01 현재,"234,319,377,088",6,KRW,2022
20230321001386,11011,2022,01311408,450080,OFS,재무제표,BS,재무상태표,유동부채,제 6 기,2022.12.31 현재,"249,084,998,903",제 5 기,2021.12.31 현재,"158,726,086,279",제 5 기초,2021.01.01 현재,"54,494,514,251",8,KRW,2022
20230321001386,11011,2022,01311408,450080,OFS,재무제표,BS,재무상태표,비유동부채,제 6 기,2022.12.31 현재,"71,527,564,995",제 5 기,2021.12.31 현재,"145,557,194,706",제 5 기초,2021.01.01 현재,"105,546,621,972",10,KRW,2022
20230321001386,11011,2022,01311408,450080,OFS,재무제표,BS,재무상태표,부채총계,제 6 기,2022.12.31 현재,"320,612,563,898",제 5 기,2021.12.31 현재,"304,283,280,985",제 5 기초,2021.01.01 현재,"160,041,136,223",12,KRW,2022
20230321001386,11011,2022,01311408,450080,OFS,재무제표,BS,재무상태표,자본금,제 6 기,2022.12.31 현재,"28,951,079,000",제 5 기,2021.12.31 현재,"19,515,481,500",제 5 기초,2021.01.01 현재,"18,140,481,500",15,KRW,2022
20230321001386,11011,2022,01311408,450080,OFS,재무제표,BS,재무상태표,이익잉여금,제 6 기,2022.12.31 현재,"7,436,668,337",제 5 기,2021.12.31 현재,"-8,316,233,290",제 5 기초,2021.01.01 현재,"14,863,287,018",19,KRW,2022
20230321001386,11011,2022,01311408,450080,OFS,재무제표,BS,재무상태표,자본총계,제 6 기,2022.12.31 현재,"314,300,581,291",제 5 기,2021.12.31 현재,"68,300,619,930",제 5 기초,2021.01.01 현재,"74,278,240,865",22,KRW,2022
20230321001386,11011,2022,01311408,450080,OFS,재무제표,IS,손익계산서,매출액,제 6 기,2022.01.01 ~ 2022.12.31,"665,248,278,975",제 5 기,2021.01.01 ~ 2021.12.31,"342,888,306,397",제 4 기,2020.01.01 ~ 2020.12.31,"216,667,106,764",24,KRW,2022
20230321001386,11011,2022,01311408,450080,OFS,재무제표,IS,손익계산서,영업이익,제 6 기,2022.01.01 ~ 2022.12.31,"38,988,203,638",제 5 기,2021.01.01 ~ 2021.12.31,"16,252,651,418",제 4 기,2020.01.01 ~ 2020.12.31,"12,427,402,969",26,KRW,2022
20230321001386,11011,2022,01311408,450080,OFS,재무제표,IS,손익계산서,법인세차감전 순이익,제 6 기,2022.01.01 ~ 2022.12.31,"12,675,595,931",제 5 기,2021.01.01 ~ 2021.12.31,"-22,860,062,845",제 4 기,2020.01.01 ~ 2020.12.31,"20,089,166,096",28,KRW,2022
20230321001386,11011,2022,01311408,450080,OFS,재무제표,IS,손익계산서,당기순이익(손실),제 6 기,2022.01.01 ~ 2022.12.31,"15,582,712,507",제 5 기,2021.01.01 ~ 2021.12.31,"-22,979,543,277",제 4 기,2020.01.01 ~ 2020.12.31,"25,676,722,554",30,KRW,2022
20230321001386,11011,2022,01311408,450080,OFS,재무제표,IS,손익계산서,당기순이익(손실),제 6 기,2022.01.01 ~ 2022.12.31,"15,582,712,507",제 5 기,2021.01.01 ~ 2021.12.31,"-22,979,543,277",제 4 기,2020.01.01 ~ 2020.12.31,"25,676,722,554",62,KRW,2022
20240417000528,11011,2023,01311408,450080,OFS,재무제표,BS,재무상태표,유동자산,제 7 기,2023.12.31 현재,"576,305,363,672",제 6 기,2022.12.31 현재,"265,125,163,060",제 5 기,2021.12.31 현재,"130,243,037,364",2,KRW,2023
20240417000528,11011,2023,01311408,450080,OFS,재무제표,BS,재무상태표,비유동자산,제 7 기,2023.12.31 현재,"527,929,842,125",제 6 기,2022.12.31 현재,"369,787,982,129",제 5 기,2021.12.31 현재,"242,340,863,551",4,KRW,2023
20240417000528,11011,2023,01311408,450080,OFS,재무제표,BS,재무상태표,자산총계,제 7 기,2023.12.31 현재,"1,104,235,205,797",제 6 기,2022.12.31 현재,"634,913,145,189",제 5 기,2021.12.31 현재,"372,583,900,915",6,KRW,2023
20240417000528,11011,2023,01311408,450080,OFS,재무제표,BS,재무상태표,유동부채,제 7 기,2023.12.31 현재,"267,426,437,386",제 6 기,2022.12.31 현재,"249,084,998,903",제 5 기,2021.12.31 현재,"158,726,086,279",8,KRW,2023
20240417000528,11011,2023,01311408,450080,OFS,재무제표,BS,재무상태표,비유동부채,제 7 기,2023.12.31 현재,"37,711,372,216",제 6 기,2022.12.31 현재,"71,527,564,995",제 5 기,2021.12.31 현재,"145,557,194,706",10,KRW,2023
20240417000528,11011,2023,01311408,450080,OFS,재무제표,BS,재무상태표,부채총계,제 7 기,2023.12.31 현재,"305,137,809,602",제 6 기,2022.12.31 현재,"320,612,563,898",제 5 기,2021.12.31 현재,"304,283,280,985",12,KRW,2023
20240417000528,11011,2023,01311408,450080,OFS,재무제표,BS,재무상태표,자본금,제 7 기,2023.12.31 현재,"35,120,609,000",제 6 기,2022.12.31 현재,"28,951,079,000",제 5 기,2021.12.31 현재,"19,515,481,500",15,KRW,2023
20240417000528,11011,2023,01311408,450080,OFS,재무제표,BS,재무상태표,이익잉여금,제 7 기,2023.12.31 현재,"11,113,569,829",제 6 기,2022.12.31 현재,"7,436,668,337",제 5 기,2021.12.31 현재,"-8,316,233,290",19,KRW,2023
20240417000528,11011,2023,01311408,450080,OFS,재무제표,BS,재무상태표,자본총계,제 7 기,2023.12.31 현재,"799,097,396,195",제 6 기,2022.12.31 현재,"314,300,581,291",제 5 기,2021.12.31 현재,"68,300,619,930",22,KRW,2023
20240417000528,11011,2023,01311408,450080,OFS,재무제표,IS,손익계산서,매출액,제 7 기,2023.01.01 ~ 2023.12.31,"952,523,315,840",제 6 기,2022.01.01 ~ 2022.12.31,"665,248,278,975",제 5 기,2021.01.01 ~ 2021.12.31,"342,888,306,397",24,KRW,2023
20240417000528,11011,2023,01311408,450080,OFS,재무제표,IS,손익계산서,영업이익,제 7 기,2023.01.01 ~ 2023.12.31,"8,772,772,409",제 6 기,2022.01.01 ~ 2022.12.31,"38,988,203,638",제 5 기,2021.01.01 ~ 2021.12.31,"16,252,651,418",26,KRW,2023
20240417000528,11011,2023,01311408,450080,OFS,재무제표,IS,손익계산서,법인세차감전 순이익,제 7 기,2023.01.01 ~ 2023.12.31,"-3,247,550,323",제 6 기,2022.01.01 ~ 2022.12.31,"12,675,595,931",제 5 기,2021.01.01 ~ 2021.12.31,"-22,860,062,845",28,KRW,2023
20240417000528,11011,2023,01311408,450080,OFS,재무제표,IS,손익계산서,당기순이익(손실),제 7 기,2023.01.01 ~ 2023.12.31,"5,045,159,766",제 6 기,2022.01.01 ~ 2022.12.31,"15,582,712,507",제 5 기,2021.01.01 ~ 2021.12.31,"-22,979,543,277",30,KRW,2023
20240417000528,11011,2023,01311408,450080,OFS,재무제표,BS,재무상태표,파생상품자산,제 7 기,2023.12.31 현재,"578,819,653",제 6 기,2022.12.31 현재,-,제 5 기,2021.12.31 현재,"20,409,781",48,KRW,2023
20240417000528,11011,2023,01311408,450080,OFS,재무제표,BS,재무상태표,파생상품부채,제 7 기,2023.12.31 현재,-,제 6 기,2022.12.31 현재,-,제 5 기,2021.12.31 현재,"52,924,708,824",50,KRW,2023
20240417000528,11011,2023,01311408,450080,OFS,재무제표,IS,손익계산서,당기순이익(손실),제 7 기,2023.01.01 ~ 2023.12.31,"5,045,159,766",제 6 기,2022.01.01 ~ 2022.12.31,"15,582,712,507",제 5 기,2021.01.01 ~ 2021.12.31,"-22,979,543,277",62,KRW,2023
20240417000528,11011,2023,01311408,450080,OFS,재무제표,IS,손익계산서,총포괄손익,제 7 기,2023.01.01 ~ 2023.12.31,"3,676,901,492",제 6 기,2022.01.01 ~ 2022.12.31,"15,752,901,627",제 5 기,2021.01.01 ~ 2021.12.31,"-23,179,520,308",64,KRW,2023
20250402002504,11011,2024,01311408,450080,OFS,재무제표,BS,재무상태표,유동자산,제 8 기,2024.12.31 현재,"426,945,927,746",제 7 기,2023.12.31 현재,"576,305,363,672",제 6 기,2022.12.31 현재,"265,125,163,060",2,KRW,2024
20250402002504,11011,2024,01311408,450080,OFS,재무제표,BS,재무상태표,비유동자산,제 8 기,2024.12.31 현재,"863,290,770,992",제 7 기,2023.12.31 현재,"527,929,842,125",제 6 기,2022.12.31 현재,"369,787,982,129",4,KRW,2024
20250402002504,11011,2024,01311408,450080,OFS,재무제표,BS,재무상태표,자산총계,제 8 기,2024.12.31 현재,"1,290,236,698,738",제 7 기,2023.12.31 현재,"1,104,235,205,797",제 6 기,2022.12.31 현재,"634,913,145,189",6,KRW,2024
20250402002504,11011,2024,01311408,450080,OFS,재무제표,BS,재무상태표,유동부채,제 8 기,2024.12.31 현재,"428,984,528,487",제 7 기,2023.12.31 현재,"267,426,437,386",제 6 기,2022.12.31 현재,"249,084,998,903",8,KRW,2024
20250402002504,11011,2024,01311408,450080,OFS,재무제표,BS,재무상태표,비유동부채,제 8 기,2024.12.31 현재,"123,646,722,039",제 7 기,2023.12.31 현재,"37,711,372,216",제 6 기,2022.12.31 현재,"71,527,564,995",10,KRW,2024
20250402002504,11011,2024,01311408,450080,OFS,재무제표,BS,재무상태표,부채총계,제 8 기,2024.12.31 현재,"552,631,250,526",제 7 기,2023.12.31 현재,"305,137,809,602",제 6 기,2022.12.31 현재,"320,612,563,898",12,KRW,2024
20250402002504,11011,2024,01311408,450080,OFS,재무제표,BS,재무상태표,자본금,제 8 기,2024.12.31 현재,"35,497,284,000",제 7 기,2023.12.31 현재,"35,120,609,000",제 6 기,2022.12.31 현재,"28,951,079,000",15,KRW,2024
20250402002504,11011,2024,01311408,450080,OFS,재무제표,BS,재무상태표,이익잉여금,제 8 기,2024.12.31 현재,"467,714,909,906",제 7 기,2023.12.31 현재,"11,113,569,829",제 6 기,2022.12.31 현재,"7,436,668,337",19,KRW,2024
20250402002504,11011,2024,01311408,450080,OFS,재무제표,BS,재무상태표,자본총계,제 8 기,2024.12.31 현재,"737,605,448,212",제 7 기,2023.12.31 현재,"799,097,396,195",제 6 기,2022.12.31 현재,"314,300,581,291",22,KRW,2024
20250402002504,11011,2024,01311408,450080,OFS,재무제표,IS,손익계산서,매출액,제 8 기,2024.01.01 ~ 2024.12.31,"299,846,484,651",제 7 기,2023.01.01 ~ 2023.12.31,"952,523,315,840",제 6 기,2022.01.01 ~ 2022.12.31,"665,248,278,975",24,KRW,2024
20250402002504,11011,2024,01311408,450080,OFS,재무제표,IS,손익계산서,영업이익,제 8 기,2024.01.01 ~ 2024.12.31,"-64,719,926,202",제 7 기,2023.01.01 ~ 2023.12.31,"8,772,772,409",제 6 기,2022.01.01 ~ 2022.12.31,"38,988,203,638",26,KRW,2024
20250402002504,11011,2024,01311408,450080,OFS,재무제표,IS,손익계산서,법인세차감전 순이익,제 8 기,2024.01.01 ~ 2024.12.31,"-63,251,182,460",제 7 기,2023.01.01 ~ 2023.12.31,"-3,247,550,323",제 6 기,2022.01.01 ~ 2022.12.31,"12,675,595,931",28,KRW,2024
20250402002504,11011,2024,01311408,450080,OFS,재무제표,IS,손익계산서,당기순이익(손실),제 8 기,2024.01.01 ~ 2024.12.31,"-42,686,351,369",제 7 기,2023.01.01 ~ 2023.12.31,"5,045,159,766",제 6 기,2022.01.01 ~ 2022.12.31,"15,582,712,507",30,KRW,2024
20250402002504,11011,2024,01311408,450080,OFS,재무제표,IS,손익계산서,당기순이익(손실),제 8 기,2024.01.01 ~ 2024.12.31,"-42,686,351,369",제 7 기,2023.01.01 ~ 2023.12.31,"5,045,159,766",제 6 기,2022.01.01 ~ 2022.12.31,"15,582,712,507",62,KRW,2024
20250402002504,11011,2024,01311408,450080,OFS,재무제표,IS,손익계산서,총포괄손익,제 8 기,2024.01.01 ~ 2024.12.31,"-43,398,659,923",제 7 기,2023.01.01 ~ 2023.12.31,"3,676,901,492",제 6 기,2022.01.01 ~ 2022.12.31,"15,752,901,627",64,KRW,2024
20240320001860,11011,2023,01105153,454910,CFS,연결재무제표,BS,재무상태표,유동자산,제 9 기,2023.12.31 현재,"426,104,997,914",제 8 기,2022.12.31 현재,"38,836,786,832",제 7 기,2021.12.31 현재,"19,662,534,344",1,KRW,2023
20240320001860,11011,2023,01105153,454910,CFS,연결재무제표,BS,재무상태표,비유동자산,제 9 기,2023.12.31 현재,"30,317,081,808",제 8 기,2022.12.31 현재,"23,781,617,764",제 7 기,2021.12.31 현재,"9,782,536,048",3,KRW,2023
20240320001860,11011,2023,01105153,454910,CFS,연결재무제표,BS,재무상태표,자산총계,제 9 기,2023.12.31 현재,"456,422,079,722",제 8 기,2022.12.31 현재,"62,618,404,596",제 7 기,2021.12.31 현재,"29,445,070,392",5,KRW,2023
20240320001860,11011,2023,01105153,454910,CFS,연결재무제표,BS,재무상태표,유동부채,제 9 기,2023.12.31 현재,"13,352,660,263",제 8 기,2022.12.31 현재,"14,736,738,226",제 7 기,2021.12.31 현재,"11,808,543,177",7,KRW,2023
20240320001860,11011,2023,01105153,454910,CFS,연결재무제표,BS,재무상태표,비유동부채,제 9 기,2023.12.31 현재,"4,261,326,060",제 8 기,2022.12.31 현재,"5,116,304,517",제 7 기,2021.12.31 현재,"2,134,447,270",9,KRW,2023
20240320001860,11011,2023,01105153,454910,CFS,연결재무제표,BS,재무상태표,부채총계,제 9 기,2023.12.31 현재,"17,613,986,323",제 8 기,2022.12.31 현재,"19,853,042,743",제 7 기,2021.12.31 현재,"13,942,990,447",11,KRW,2023
20240320001860,11011,2023,01105153,454910,CFS,연결재무제표,BS,재무상태표,자본금,제 9 기,2023.12.31 현재,"32,409,990,000",제 8 기,2022.12.31 현재,"24,309,990,000",제 7 기,2021.12.31 현재,"22,100,000,000",13,KRW,2023
20240320001860,11011,2023,01105153,454910,CFS,연결재무제표,BS,재무상태표,이익잉여금,제 9 기,2023.12.31 현재,"-98,756,840,949",제 8 기,2022.12.31 현재,"-82,614,951,997",제 7 기,2021.12.31 현재,"-70,173,484,293",17,KRW,2023
20240320001860,11011,2023,01105153,454910,CFS,연결재무제표,BS,재무상태표,자본총계,제 9 기,2023.12.31 현재,"438,808,093,399",제 8 기,2022.12.31 현재,"42,765,361,853",제 7 기,2021.12.31 현재,"15,502,079,945",21,KRW,2023
20240320001860,11011,2023,01105153,454910,CFS,연결재무제표,IS,손익계산서,매출액,제 9 기,2023.01.01 ~ 2023.12.31,"53,038,372,299",제 8 기,2022.01.01 ~ 2022.12.31,"44,953,674,400",제 7 기,2021.01.01 ~ 2021.12.31,"36,980,223,150",23,KRW,2023
20240320001860,11011,2023,01105153,454910,CFS,연결재무제표,IS,손익계산서,영업이익,제 9 기,2023.01.01 ~ 2023.12.31,"-19,167,549,522",제 8 기,2022.01.01 ~ 2022.12.31,"-13,228,333,085",제 7 기,2021.01.01 ~ 2021.12.31,"-7,084,713,278",25,KRW,2023
20240320001860,11011,2023,01105153,454910,CFS,연결재무제표,IS,손익계산서,법인세차감전 순이익,제 9 기,2023.01.01 ~ 2023.12.31,"-15,873,538,546",제 8 기,2022.01.01 ~ 2022.12.31,"-12,548,180,138",제 7 기,2021.01.01 ~ 2021.12.31,"-7,417,405,631",27,KRW,2023
20240320001860,11011,2023,01105153,454910,CFS,연결재무제표,IS,손익계산서,당기순이익(손실),제 9 기,2023.01.01 ~ 2023.12.31,"-15,873,538,546",제 8 기,2022.01.01 ~ 2022.12.31,"-12,548,180,138",제 7 기,2021.01.01 ~ 2021.12.31,"-7,417,405,631",29,KRW,2023
20240320001860,11011,2023,01105153,454910,CFS,연결재무제표,IS,손익계산서,당기순이익(손실),제 9 기,2023.01.01 ~ 2023.12.31,"-15,873,538,546",제 8 기,2022.01.01 ~ 2022.12.31,"-12,548,180,138",제 7 기,2021.01.01 ~ 2021.12.31,"-7,417,405,631",61,KRW,2023
20240320001860,11011,2023,01105153,454910,CFS,연결재무제표,IS,손익계산서,총포괄손익,제 9 기,2023.01.01 ~ 2023.12.31,"-16,083,576,787",제 8 기,2022.01.01 ~ 2022.12.31,"-12,463,748,224",제 7 기,2021.01.01 ~ 2021.12.31,"-7,626,692,563",63,KRW,2023
20240320001860,11011,2023,01105153,454910,OFS,재무제표,BS,재무상태표,유동자산,제 9 기,2023.12.31 현재,"422,717,340,285",제 8 기,2022.12.31 현재,"35,493,609,854",제 7 기,2021.12.31 현재,"19,662,534,344",2,KRW,2023
20240320001860,11011,2023,01105153,454910,OFS,재무제표,BS,재무상태표,비유동자산,제 9 기,2023.12.31 현재,"37,199,333,622",제 8 기,2022.12.31 현재,"28,070,636,786",제 7 기,2021.12.31 현재,"9,782,536,048",4,KRW,2023
20240320001860,11011,2023,01105153,454910,OFS,재무제표,BS,재무상태표,자산총계,제 9 기,2023.12.31 현재,"459,916,673,907",제 8 기,2022.12.31 현재,"63,564,246,640",제 7 기,2021.12.31 현재,"29,445,070,392",6,KRW,2023
20240320001860,11011,2023,01105153,454910,OFS,재무제표,BS,재무상태표,유동부채,제 9 기,2023.12.31 현재,"14,416,020,037",제 8 기,2022.12.31 현재,"14,538,158,602",제 7 기,2021.12.31 현재,"11,808,543,177",8,KRW,2023
20240320001860,11011,2023,01105153,454910,OFS,재무제표,BS,재무상태표,비유동부채,제 9 기,2023.12.31 현재,"3,333,958,802",제 8 기,2022.12.31 현재,"5,116,304,517",제 7 기,2021.12.31 현재,"2,134,447,270",10,KRW,2023
20240320001860,11011,2023,01105153,454910,OFS,재무제표,BS,재무상태표,부채총계,제 9 기,2023.12.31 현재,"17,749,978,839",제 8 기,2022.12.31 현재,"19,654,463,119",제 7 기,2021.12.31 현재,"13,942,990,447",12,KRW,2023
20240320001860,11011,2023,01105153,454910,OFS,재무제표,BS,재무상태표,자본금,제 9 기,2023.12.31 현재,"32,409,990,000",제 8 기,2022.12.31 현재,"24,309,990,000",제 7 기,2021.12.31 현재,"22,100,000,000",15,KRW,2023
20240320001860,11011,2023,01105153,454910,OFS,재무제표,BS,재무상태표,이익잉여금,제 9 기,2023.12.31 현재,"-95,362,207,635",제 8 기,2022.12.31 현재,"-81,492,810,849",제 7 기,2021.12.31 현재,"-70,173,484,293",19,KRW,2023
20240320001860,11011,2023,01105153,454910,OFS,재무제표,BS,재무상태표,자본총계,제 9 기,2023.12.31 현재,"442,166,695,068",제 8 기,2022.12.31 현재,"43,909,783,521",제 7 기,2021.12.31 현재,"15,502,079,945",22,KRW,2023
20240320001860,11011,2023,01105153,454910,OFS,재무제표,IS,손익계산서,매출액,제 9 기,2023.01.01 ~ 2023.12.31,"55,052,581,744",제 8 기,2022.01.01 ~ 2022.12.31,"44,953,674,400",제 7 기,2021.01.01 ~ 2021.12.31,"36,980,223,150",24,KRW,2023
20240320001860,11011,2023,01105153,454910,OFS,재무제표,IS,손익계산서,영업이익,제 9 기,2023.01.01 ~ 2023.12.31,"-16,944,576,617",제 8 기,2022.01.01 ~ 2022.12.31,"-12,102,908,579",제 7 기,2021.01.01 ~ 2021.12.31,"-7,084,713,278",26,KRW,2023
20240320001860,11011,2023,01105153,454910,OFS,재무제표,IS,손익계산서,법인세차감전 순이익,제 9 기,2023.01.01 ~ 2023.12.31,"-13,601,046,380",제 8 기,2022.01.01 ~ 2022.12.31,"-11,426,038,990",제 7 기,2021.01.01 ~ 2021.12.31,"-7,417,405,631",28,KRW,2023
20240320001860,11011,2023,01105153,454910,OFS,재무제표,IS,손익계산서,당기순이익(손실),제 9 기,2023.01.01 ~ 2023.12.31,"-13,601,046,380",제 8 기,2022.01.01 ~ 2022.12.31,"-11,426,038,990",제 7 기,2021.01.01 ~ 2021.12.31,"-7,417,405,631",30,KRW,2023
20240320001860,11011,2023,01105153,454910,OFS,재무제표,IS,손익계산서,당기순이익(손실),제 9 기,2023.01.01 ~ 2023.12.31,"-13,601,046,380",제 8 기,2022.01.01 ~ 2022.12.31,"-11,426,038,990",제 7 기,2021.01.01 ~ 2021.12.31,"-7,417,405,631",62,KRW,2023
20240320001860,11011,2023,01105153,454910,OFS,재무제표,IS,손익계산서,총포괄손익,제 9 기,2023.01.01 ~ 2023.12.31,"-13,869,396,786",제 8 기,2022.01.01 ~ 2022.12.31,"-11,319,326,556",제 7 기,2021.01.01 ~ 2021.12.31,"-7,626,692,563",64,KRW,2023
20250321001817,11011,2024,01105153,454910,CFS,연결재무제표,BS,재무상태표,유동자산,제 10 기,2024.12.31 현재,"342,028,598,622",제 9 기,2023.12.31 현재,"426,104,997,914",제 8 기,2022.12.31 현재,"38,836,786,832",1,KRW,2024
20250321001817,11011,2024,01105153,454910,CFS,연결재무제표,BS,재무상태표,비유동자산,제 10 기,2024.12.31 현재,"79,662,373,324",제 9 기,2023.12.31 현재,"30,317,081,808",제 8 기,2022.12.31 현재,"23,781,617,764",3,KRW,2024
20250321001817,11011,2024,01105153,454910,CFS,연결재무제표,BS,재무상태표,자산총계,제 10 기,2024.12.31 현재,"421,690,971,946",제 9 기,2023.12.31 현재,"456,422,079,722",제 8 기,2022.12.31 현재,"62,618,404,596",5,KRW,2024
20250321001817,11011,2024,01105153,454910,CFS,연결재무제표,BS,재무상태표,유동부채,제 10 기,2024.12.31 현재,"15,446,451,719",제 9 기,2023.12.31 현재,"13,352,660,263",제 8 기,2022.12.31 현재,"14,736,738,226",7,KRW,2024
20250321001817,11011,2024,01105153,454910,CFS,연결재무제표,BS,재무상태표,비유동부채,제 10 기,2024.12.31 현재,"3,743,339,999",제 9 기,2023.12.31 현재,"4,261,326,060",제 8 기,2022.12.31 현재,"5,116,304,517",9,KRW,2024
20250321001817,11011,2024,01105153,454910,CFS,연결재무제표,BS,재무상태표,부채총계,제 10 기,2024.12.31 현재,"19,189,791,718",제 9 기,2023.12.31 현재,"17,613,986,323",제 8 기,2022.12.31 현재,"19,853,042,743",11,KRW,2024
20250321001817,11011,2024,01105153,454910,CFS,연결재무제표,BS,재무상태표,자본금,제 10 기,2024.12.31 현재,"32,409,990,000",제 9 기,2023.12.31 현재,"32,409,990,000",제 8 기,2022.12.31 현재,"24,309,990,000",13,KRW,2024
20250321001817,11011,2024,01105153,454910,CFS,연결재무제표,BS,재무상태표,이익잉여금,제 10 기,2024.12.31 현재,"-136,709,021,061",제 9 기,2023.12.31 현재,"-98,756,840,949",제 8 기,2022.12.31 현재,"-82,614,951,997",17,KRW,2024
20250321001817,11011,2024,01105153,454910,CFS,연결재무제표,BS,재무상태표,자본총계,제 10 기,2024.12.31 현재,"402,501,180,228",제 9 기,2023.12.31 현재,"438,808,093,399",제 8 기,2022.12.31 현재,"42,765,361,853",21,KRW,2024
20250321001817,11011,2024,01105153,454910,CFS,연결재무제표,IS,손익계산서,매출액,제 10 기,2024.01.01 ~ 2024.12.31,"46,829,943,837",제 9 기,2023.01.01 ~ 2023.12.31,"53,038,372,299",제 8 기,2022.01.01 ~ 2022.12.31,"44,953,674,400",23,KRW,2024
20250321001817,11011,2024,01105153,454910,CFS,연결재무제표,IS,손익계산서,영업이익,제 10 기,2024.01.01 ~ 2024.12.31,"-41,202,116,246",제 9 기,2023.01.01 ~ 2023.12.31,"-19,167,549,522",제 8 기,2022.01.01 ~ 2022.12.31,"-13,228,333,085",25,KRW,2024
20250321001817,11011,2024,01105153,454910,CFS,연결재무제표,IS,손익계산서,법인세차감전 순이익,제 10 기,2024.01.01 ~ 2024.12.31,"-36,552,504,490",제 9 기,2023.01.01 ~ 2023.12.31,"-15,873,538,546",제 8 기,2022.01.01 ~ 2022.12.31,"-12,548,180,138",27,KRW,2024
20250321001817,11011,2024,01105153,454910,CFS,연결재무제표,IS,손익계산서,당기순이익(손실),제 10 기,2024.01.01 ~ 2024.12.31,"-36,560,851,475",제 9 기,2023.01.01 ~ 2023.12.31,"-15,873,538,546",제 8 기,2022.01.01 ~ 2022.12.31,"-12,548,180,138",29,KRW,2024
20250321001817,11011,2024,01105153,454910,CFS,연결재무제표,IS,손익계산서,당기순이익(손실),제 10 기,2024.01.01 ~ 2024.12.31,"-36,560,851,475",제 9 기,2023.01.01 ~ 2023.12.31,"-15,873,538,546",제 8 기,2022.01.01 ~ 2022.12.31,"-12,548,180,138",61,KRW,2024
20250321001817,11011,2024,01105153,454910,CFS,연결재무제표,IS,손익계산서,총포괄손익,제 10 기,2024.01.01 ~ 2024.12.31,"-37,112,168,325",제 9 기,2023.01.01 ~ 2023.12.31,"-16,083,576,787",제 8 기,2022.01.01 ~ 2022.12.31,"-12,463,748,224",63,KRW,2024
20250321001817,11011,2024,01105153,454910,OFS,재무제표,BS,재무상태표,유동자산,제 10 기,2024.12.31 현재,"340,214,077,664",제 9 기,2023.12.31 현재,"422,717,340,285",제 8 기,2022.12.31 현재,"35,493,609,854",2,KRW,2024
20250321001817,11011,2024,01105153,454910,OFS,재무제표,BS,재무상태표,비유동자산,제 10 기,2024.12.31 현재,"87,733,957,150",제 9 기,2023.12.31 현재,"37,199,333,622",제 8 기,2022.12.31 현재,"28,070,636,786",4,KRW,2024
20250321001817,11011,2024,01105153,454910,OFS,재무제표,BS,재무상태표,자산총계,제 10 기,2024.12.31 현재,"427,948,034,814",제 9 기,2023.12.31 현재,"459,916,673,907",제 8 기,2022.12.31 현재,"63,564,246,640",6,KRW,2024
20250321001817,11011,2024,01105153,454910,OFS,재무제표,BS,재무상태표,유동부채,제 10 기,2024.12.31 현재,"14,428,173,678",제 9 기,2023.12.31 현재,"14,416,020,037",제 8 기,2022.12.31 현재,"14,538,158,602",8,KRW,2024
20250321001817,11011,2024,01105153,454910,OFS,재무제표,BS,재무상태표,비유동부채,제 10 기,2024.12.31 현재,"2,966,256,192",제 9 기,2023.12.31 현재,"3,333,958,802",제 8 기,2022.12.31 현재,"5,116,304,517",10,KRW,2024
20250321001817,11011,2024,01105153,454910,OFS,재무제표,BS,재무상태표,부채총계,제 10 기,2024.12.31 현재,"17,394,429,870",제 9 기,2023.12.31 현재,"17,749,978,839",제 8 기,2022.12.31 현재,"19,654,463,119",12,KRW,2024
20250321001817,11011,2024,01105153,454910,OFS,재무제표,BS,재무상태표,자본금,제 10 기,2024.12.31 현재,"32,409,990,000",제 9 기,2023.12.31 현재,"32,409,990,000",제 8 기,2022.12.31 현재,"24,309,990,000",15,KRW,2024
20250321001817,11011,2024,01105153,454910,OFS,재무제표,BS,재무상태표,이익잉여금,제 10 기,2024.12.31 현재,"-127,780,552,913",제 9 기,2023.12.31 현재,"-95,362,207,635",제 8 기,2022.12.31 현재,"-81,492,810,849",19,KRW,2024
20250321001817,11011,2024,01105153,454910,OFS,재무제표,BS,재무상태표,자본총계,제 10 기,2024.12.31 현재,"410,553,604,944",제 9 기,2023.12.31 현재,"442,166,695,068",제 8 기,2022.12.31 현재,"43,909,783,521",22,KRW,2024
20250321001817,11011,2024,01105153,454910,OFS,재무제표,IS,손익계산서,매출액,제 10 기,2024.01.01 ~ 2024.12.31,"51,571,428,411",제 9 기,2023.01.01 ~ 2023.12.31,"55,052,581,744",제 8 기,2022.01.01 ~ 2022.12.31,"44,953,674,400",24,KRW,2024
20250321001817,11011,2024,01105153,454910,OFS,재무제표,IS,손익계산서,영업이익,제 10 기,2024.01.01 ~ 2024.12.31,"-36,717,859,664",제 9 기,2023.01.01 ~ 2023.12.31,"-16,944,576,617",제 8 기,2022.01.01 ~ 2022.12.31,"-12,102,908,579",26,KRW,2024
20250321001817,11011,2024,01105153,454910,OFS,재무제표,IS,손익계산서,법인세차감전 순이익,제 10 기,2024.01.01 ~ 2024.12.31,"-31,027,016,641",제 9 기,2023.01.01 ~ 2023.12.31,"-13,601,046,380",제 8 기,2022.01.01 ~ 2022.12.31,"-11,426,038,990",28,KRW,2024
20250321001817,11011,2024,01105153,454910,OFS,재무제표,IS,손익계산서,당기순이익(손실),제 10 기,2024.01.01 ~ 2024.12.31,"-31,027,016,641",제 9 기,2023.01.01 ~ 2023.12.31,"-13,601,046,380",제 8 기,2022.01.01 ~ 2022.12.31,"-11,426,038,990",30,KRW,2024
20250321001817,11011,2024,01105153,454910,OFS,재무제표,IS,손익계산서,당기순이익(손실),제 10 기,2024.01.01 ~ 2024.12.31,"-31,027,016,641",제 9 기,2023.01.01 ~ 2023.12.31,"-13,601,046,380",제 8 기,2022.01.01 ~ 2022.12.31,"-11,426,038,990",62,KRW,2024
20250321001817,11011,2024,01105153,454910,OFS,재무제표,IS,손익계산서,총포괄손익,제 10 기,2024.01.01 ~ 2024.12.31,"-32,418,345,278",제 9 기,2023.01.01 ~ 2023.12.31,"-13,869,396,786",제 8 기,2022.01.01 ~ 2022.12.31,"-11,319,326,556",64,KRW,2024
20240321001878,11011,2023,01784394,465770,CFS,연결재무제표,BS,재무상태표,유동자산,제 1 기,2023.12.31 현재,"23,994,396,545",,,-,,,-,1,KRW,2023
20240321001878,11011,2023,01784394,465770,CFS,연결재무제표,BS,재무상태표,비유동자산,제 1 기,2023.12.31 현재,"49,939,886,784",,,-,,,-,3,KRW,2023
20240321001878,11011,2023,01784394,465770,CFS,연결재무제표,BS,재무상태표,자산총계,제 1 기,2023.12.31 현재,"73,934,283,329",,,-,,,-,5,KRW,2023
20240321001878,11011,2023,01784394,465770,CFS,연결재무제표,BS,재무상태표,유동부채,제 1 기,2023.12.31 현재,"24,246,702,945",,,-,,,-,7,KRW,2023
20240321001878,11011,2023,01784394,465770,CFS,연결재무제표,BS,재무상태표,비유동부채,제 1 기,2023.12.31 현재,"19,248,234,117",,,-,,,-,9,KRW,2023
20240321001878,11011,2023,01784394,465770,CFS,연결재무제표,BS,재무상태표,부채총계,제 1 기,2023.12.31 현재,"43,494,937,062",,,-,,,-,11,KRW,2023
20240321001878,11011,2023,01784394,465770,CFS,연결재무제표,BS,재무상태표,자본금,제 1 기,2023.12.31 현재,"17,927,580,000",,,-,,,-,13,KRW,2023
20240321001878,11011,2023,01784394,465770,CFS,연결재무제표,BS,재무상태표,이익잉여금,제 1 기,2023.12.31 현재,"1,437,256,126",,,-,,,-,17,KRW,2023
20240321001878,11011,2023,01784394,465770,CFS,연결재무제표,BS,재무상태표,자본총계,제 1 기,2023.12.31 현재,"30,439,346,267",,,-,,,-,21,KRW,2023
20240321001878,11011,2023,01784394,465770,CFS,연결재무제표,IS,손익계산서,매출액,제 1 기,2023.09.01 ~ 2023.12.31,"28,310,433,178",,,-,,,-,23,KRW,2023
20240321001878,11011,2023,01784394,465770,CFS,연결재무제표,IS,손익계산서,영업이익,제 1 기,2023.09.01 ~ 2023.12.31,"1,847,006,212",,,-,,,-,25,KRW,2023
20240321001878,11011,2023,01784394,465770,CFS,연결재무제표,IS,손익계산서,법인세차감전 순이익,제 1 기,2023.09.01 ~ 2023.12.31,"1,454,057,464",,,-,,,-,27,KRW,2023
20240321001878,11011,2023,01784394,465770,CFS,연결재무제표,IS,손익계산서,당기순이익(손실),제 1 기,2023.09.01 ~ 2023.12.31,"1,437,256,126",,,-,,,-,29,KRW,2023
20240321001878,11011,2023,01784394,465770,CFS,연결재무제표,IS,손익계산서,당기순이익(손실),제 1 기,2023.09.01 ~ 2023.12.31,"1,437,256,126",,,-,,,-,61,KRW,2023
20240321001878,11011,2023,01784394,465770,CFS,연결재무제표,IS,손익계산서,총포괄손익,제 1 기,2023.09.01 ~ 2023.12.31,"975,780,150",,,-,,,-,63,KRW,2023
20240321001878,11011,2023,01784394,465770,OFS,재무제표,BS,재무상태표,유동자산,제 1 기,2023.12.31 현재,"23,994,396,545",,,-,,,-,2,KRW,2023
20240321001878,11011,2023,01784394,465770,OFS,재무제표,BS,재무상태표,비유동자산,제 1 기,2023.12.31 현재,"49,939,886,784",,,-,,,-,4,KRW,2023
20240321001878,11011,2023,01784394,465770,OFS,재무제표,BS,재무상태표,자산총계,제 1 기,2023.12.31 현재,"73,934,283,329",,,-,,,-,6,KRW,2023
20240321001878,11011,2023,01784394,465770,OFS,재무제표,BS,재무상태표,유동부채,제 1 기,2023.12.31 현재,"24,246,702,945",,,-,,,-,8,KRW,2023
20240321001878,11011,2023,01784394,465770,OFS,재무제표,BS,재무상태표,비유동부채,제 1 기,2023.12.31 현재,"19,248,234,117",,,-,,,-,10,KRW,2023
20240321001878,11011,2023,01784394,465770,OFS,재무제표,BS,재무상태표,부채총계,제 1 기,2023.12.31 현재,"43,494,937,062",,,-,,,-,12,KRW,2023
20240321001878,11011,2023,01784394,465770,OFS,재무제표,BS,재무상태표,자본금,제 1 기,2023.12.31 현재,"17,927,580,000",,,-,,,-,15,KRW,2023
20240321001878,11011,2023,01784394,465770,OFS,재무제표,BS,재무상태표,이익잉여금,제 1 기,2023.12.31 현재,"1,437,256,126",,,-,,,-,19,KRW,2023
20240321001878,11011,2023,01784394,465770,OFS,재무제표,BS,재무상태표,자본총계,제 1 기,2023.12.31 현재,"30,439,346,267",,,-,,,-,22,KRW,2023
20240321001878,11011,2023,01784394,465770,OFS,재무제표,IS,손익계산서,매출액,제 1 기,2023.09.01 ~ 2023.12.31,"28,310,433,178",,,-,,,-,24,KRW,2023
20240321001878,11011,2023,01784394,465770,OFS,재무제표,IS,손익계산서,영업이익,제 1 기,2023.09.01 ~ 2023.12.31,"1,847,006,212",,,-,,,-,26,KRW,2023
20240321001878,11011,2023,01784394,465770,OFS,재무제표,IS,손익계산서,법인세차감전 순이익,제 1 기,2023.09.01 ~ 2023.12.31,"1,454,057,464",,,-,,,-,28,KRW,2023
20240321001878,11011,2023,01784394,465770,OFS,재무제표,IS,손익계산서,당기순이익(손실),제 1 기,2023.09.01 ~ 2023.12.31,"1,437,256,126",,,-,,,-,30,KRW,2023
20240321001878,11011,2023,01784394,465770,OFS,재무제표,IS,손익계산서,당기순이익(손실),제 1 기,2023.09.01 ~ 2023.12.31,"1,437,256,126",,,-,,,-,62,KRW,2023
20240321001878,11011,2023,01784394,465770,OFS,재무제표,IS,손익계산서,총포괄손익,제 1 기,2023.09.01 ~ 2023.12.31,"975,780,150",,,-,,,-,64,KRW,2023
20250320001570,11011,2024,01784394,465770,CFS,연결재무제표,BS,재무상태표,유동자산,제 2 기,2024.12.31 현재,"54,306,004,506",제 1 기,2023.12.31 현재,"23,994,396,545",,,-,1,KRW,2024
20250320001570,11011,2024,01784394,465770,CFS,연결재무제표,BS,재무상태표,비유동자산,제 2 기,2024.12.31 현재,"184,720,708,129",제 1 기,2023.12.31 현재,"49,939,886,784",,,-,3,KRW,2024
20250320001570,11011,2024,01784394,465770,CFS,연결재무제표,BS,재무상태표,자산총계,제 2 기,2024.12.31 현재,"239,026,712,635",제 1 기,2023.12.31 현재,"73,934,283,329",,,-,5,KRW,2024
20250320001570,11011,2024,01784394,465770,CFS,연결재무제표,BS,재무상태표,유동부채,제 2 기,2024.12.31 현재,"99,153,865,485",제 1 기,2023.12.31 현재,"24,246,702,945",,,-,7,KRW,2024
20250320001570,11011,2024,01784394,465770,CFS,연결재무제표,BS,재무상태표,비유동부채,제 2 기,2024.12.31 현재,"64,399,348,762",제 1 기,2023.12.31 현재,"19,248,234,117",,,-,9,KRW,2024
20250320001570,11011,2024,01784394,465770,CFS,연결재무제표,BS,재무상태표,부채총계,제 2 기,2024.12.31 현재,"163,553,214,247",제 1 기,2023.12.31 현재,"43,494,937,062",,,-,11,KRW,2024
20250320001570,11011,2024,01784394,465770,CFS,연결재무제표,BS,재무상태표,자본금,제 2 기,2024.12.31 현재,"17,927,580,000",제 1 기,2023.12.31 현재,"17,927,580,000",,,-,13,KRW,2024
20250320001570,11011,2024,01784394,465770,CFS,연결재무제표,BS,재무상태표,이익잉여금,제 2 기,2024.12.31 현재,"26,227,570,972",제 1 기,2023.12.31 현재,"1,437,256,126",,,-,17,KRW,2024
20250320001570,11011,2024,01784394,465770,CFS,연결재무제표,BS,재무상태표,자본총계,제 2 기,2024.12.31 현재,"75,473,498,388",제 1 기,2023.12.31 현재,"30,439,346,267",,,-,21,KRW,2024
20250320001570,11011,2024,01784394,465770,CFS,연결재무제표,IS,손익계산서,매출액,제 2 기,2024.01.01 ~ 2024.12.31,"70,543,551,647",제 1 기,2023.09.01 ~ 2023.12.31,"28,310,433,178",,,-,23,KRW,2024
20250320001570,11011,2024,01784394,465770,CFS,연결재무제표,IS,손익계산서,영업이익,제 2 기,2024.01.01 ~ 2024.12.31,"7,157,565,667",제 1 기,2023.09.01 ~ 2023.12.31,"1,847,006,212",,,-,25,KRW,2024
20250320001570,11011,2024,01784394,465770,CFS,연결재무제표,IS,손익계산서,법인세차감전 순이익,제 2 기,2024.01.01 ~ 2024.12.31,"25,642,816,976",제 1 기,2023.09.01 ~ 2023.12.31,"1,454,057,464",,,-,27,KRW,2024
20250320001570,11011,2024,01784394,465770,CFS,연결재무제표,IS,손익계산서,당기순이익(손실),제 2 기,2024.01.01 ~ 2024.12.31,"25,558,944,983",제 1 기,2023.09.01 ~ 2023.12.31,"1,437,256,126",,,-,29,KRW,2024
20250320001570,11011,2024,01784394,465770,CFS,연결재무제표,BS,재무상태표,당기손익-공정가치측정금융자산,제 2 기,2024.12.31 현재,"461,856,228",제 1 기,2023.12.31 현재,0,,,-,35,KRW,2024
20250320001570,11011,2024,01784394,465770,CFS,연결재무제표,IS,손익계산서,당기순이익(손실),제 2 기,2024.01.01 ~ 2024.12.31,"25,558,944,983",제 1 기,2023.09.01 ~ 2023.12.31,"1,437,256,126",,,-,61,KRW,2024
20250320001570,11011,2024,01784394,465770,CFS,연결재무제표,IS,손익계산서,총포괄손익,제 2 기,2024.01.01 ~ 2024.12.31,"32,805,681,998",제 1 기,2023.09.01 ~ 2023.12.31,"975,780,150",,,-,63,KRW,2024
20250320001570,11011,2024,01784394,465770,OFS,재무제표,BS,재무상태표,유동자산,제 2 기,2024.12.31 현재,"24,434,612,124",제 1 기,2023.12.31 현재,"23,994,396,545",,,-,2,KRW,2024
20250320001570,11011,2024,01784394,465770,OFS,재무제표,BS,재무상태표,비유동자산,제 2 기,2024.12.31 현재,"123,453,668,568",제 1 기,2023.12.31 현재,"49,939,886,784",,,-,4,KRW,2024
20250320001570,11011,2024,01784394,465770,OFS,재무제표,BS,재무상태표,자산총계,제 2 기,2024.12.31 현재,"147,888,280,692",제 1 기,2023.12.31 현재,"73,934,283,329",,,-,6,KRW,2024
20250320001570,11011,2024,01784394,465770,OFS,재무제표,BS,재무상태표,유동부채,제 2 기,2024.12.31 현재,"71,075,630,630",제 1 기,2023.12.31 현재,"24,246,702,945",,,-,8,KRW,2024
20250320001570,11011,2024,01784394,465770,OFS,재무제표,BS,재무상태표,비유동부채,제 2 기,2024.12.31 현재,"24,035,816,111",제 1 기,2023.12.31 현재,"19,248,234,117",,,-,10,KRW,2024
20250320001570,11011,2024,01784394,465770,OFS,재무제표,BS,재무상태표,부채총계,제 2 기,2024.12.31 현재,"95,111,446,741",제 1 기,2023.12.31 현재,"43,494,937,062",,,-,12,KRW,2024
20250320001570,11011,2024,01784394,465770,OFS,재무제표,BS,재무상태표,자본금,제 2 기,2024.12.31 현재,"17,927,580,000",제 1 기,2023.12.31 현재,"17,927,580,000",,,-,15,KRW,2024
20250320001570,11011,2024,01784394,465770,OFS,재무제표,BS,재무상태표,이익잉여금,제 2 기,2024.12.31 현재,"5,967,238,685",제 1 기,2023.12.31 현재,"1,437,256,126",,,-,19,KRW,2024
20250320001570,11011,2024,01784394,465770,OFS,재무제표,BS,재무상태표,자본총계,제 2 기,2024.12.31 현재,"52,776,833,951",제 1 기,2023.12.31 현재,"30,439,346,267",,,-,22,KRW,2024
20250320001570,11011,2024,01784394,465770,OFS,재무제표,IS,손익계산서,매출액,제 2 기,2024.01.01 ~ 2024.12.31,"46,509,032,719",제 1 기,2023.09.01 ~ 2023.12.31,"28,310,433,178",,,-,24,KRW,2024
20250320001570,11011,2024,01784394,465770,OFS,재무제표,IS,손익계산서,영업이익,제 2 기,2024.01.01 ~ 2024.12.31,"7,572,284,312",제 1 기,2023.09.01 ~ 2023.12.31,"1,847,006,212",,,-,26,KRW,2024
20250320001570,11011,2024,01784394,465770,OFS,재무제표,IS,손익계산서,법인세차감전 순이익,제 2 기,2024.01.01 ~ 2024.12.31,"5,369,934,175",제 1 기,2023.09.01 ~ 2023.12.31,"1,454,057,464",,,-,28,KRW,2024
20250320001570,11011,2024,01784394,465770,OFS,재무제표,IS,손익계산서,당기순이익(손실),제 2 기,2024.01.01 ~ 2024.12.31,"5,298,612,696",제 1 기,2023.09.01 ~ 2023.12.31,"1,437,256,126",,,-,30,KRW,2024
20250320001570,11011,2024,01784394,465770,OFS,재무제표,BS,재무상태표,당기손익-공정가치측정금융자산,제 2 기,2024.12.31 현재,"461,856,228",제 1 기,2023.12.31 현재,0,,,-,36,KRW,2024
20250320001570,11011,2024,01784394,465770,OFS,재무제표,IS,손익계산서,당기순이익(손실),제 2 기,2024.01.01 ~ 2024.12.31,"5,298,612,696",제 1 기,2023.09.01 ~ 2023.12.31,"1,437,256,126",,,-,62,KRW,2024
20250320001570,11011,2024,01784394,465770,OFS,재무제표,IS,손익계산서,총포괄손익,제 2 기,2024.01.01 ~ 2024.12.31,"10,109,017,561",제 1 기,2023.09.01 ~ 2023.12.31,"975,780,150",,,-,64,KRW,2024
20240321001898,11011,2023,00220613,092790,CFS,연결재무제표,BS,재무상태표,유동자산,제 34 기,2023.12.31 현재,"314,008,530,263",제 33 기,2022.12.31 현재,"287,366,485,555",제 32 기,2021.12.31 현재,"196,143,628,515",1,KRW,2023
20240321001898,11011,2023,00220613,092790,CFS,연결재무제표,BS,재무상태표,비유동자산,제 34 기,2023.12.31 현재,"328,472,077,822",제 33 기,2022.12.31 현재,"300,645,831,475",제 32 기,2021.12.31 현재,"220,428,769,814",3,KRW,2023
20240321001898,11011,2023,00220613,092790,CFS,연결재무제표,BS,재무상태표,자산총계,제 34 기,2023.12.31 현재,"642,480,608,085",제 33 기,2022.12.31 현재,"588,012,317,030",제 32 기,2021.12.31 현재,"416,572,398,329",5,KRW,2023
20240321001898,11011,2023,00220613,092790,CFS,연결재무제표,BS,재무상태표,유동부채,제 34 기,2023.12.31 현재,"157,312,312,995",제 33 기,2022.12.31 현재,"230,370,423,611",제 32 기,2021.12.31 현재,"248,663,229,983",7,KRW,2023
20240321001898,11011,2023,00220613,092790,CFS,연결재무제표,BS,재무상태표,비유동부채,제 34 기,2023.12.31 현재,"40,223,300,801",제 33 기,2022.12.31 현재,"72,377,068,023",제 32 기,2021.12.31 현재,"66,406,355,356",9,KRW,2023
20240321001898,11011,2023,00220613,092790,CFS,연결재무제표,BS,재무상태표,부채총계,제 34 기,2023.12.31 현재,"197,535,613,796",제 33 기,2022.12.31 현재,"302,747,491,634",제 32 기,2021.12.31 현재,"315,069,585,339",11,KRW,2023
20240321001898,11011,2023,00220613,092790,CFS,연결재무제표,BS,재무상태표,자본금,제 34 기,2023.12.31 현재,"13,001,000,000",제 33 기,2022.12.31 현재,"5,488,000,000",제 32 기,2021.12.31 현재,"4,000,000,000",13,KRW,2023
20240321001898,11011,2023,00220613,092790,CFS,연결재무제표,BS,재무상태표,이익잉여금,제 34 기,2023.12.31 현재,"412,933,999,156",제 33 기,2022.12.31 현재,"239,252,370,065",제 32 기,2021.12.31 현재,"97,145,038,712",17,KRW,2023
20240321001898,11011,2023,00220613,092790,CFS,연결재무제표,BS,재무상태표,자본총계,제 34 기,2023.12.31 현재,"444,944,994,289",제 33 기,2022.12.31 현재,"285,264,825,396",제 32 기,2021.12.31 현재,"101,502,812,990",21,KRW,2023
20240321001898,11011,2023,00220613,092790,CFS,연결재무제표,IS,손익계산서,매출액,제 34 기,2023.01.01 ~ 2023.12.31,"619,052,056,916",제 33 기,2022.01.01 ~ 2022.12.31,"668,403,649,813",제 32 기,2021.01.01 ~ 2021.12.31,"424,718,548,060",23,KRW,2023
20240321001898,11011,2023,00220613,092790,CFS,연결재무제표,IS,손익계산서,영업이익,제 34 기,2023.01.01 ~ 2023.12.31,"157,337,247,358",제 33 기,2022.01.01 ~ 2022.12.31,"181,300,504,021",제 32 기,2021.01.01 ~ 2021.12.31,"16,977,488,102",25,KRW,2023
20240321001898,11011,2023,00220613,092790,CFS,연결재무제표,IS,손익계산서,법인세차감전 순이익,제 34 기,2023.01.01 ~ 2023.12.31,"167,505,435,039",제 33 기,2022.01.01 ~ 2022.12.31,"189,189,313,255",제 32 기,2021.01.01 ~ 2021.12.31,"-8,835,124",27,KRW,2023
20240321001898,11011,2023,00220613,092790,CFS,연결재무제표,IS,손익계산서,당기순이익(손실),제 34 기,2023.01.01 ~ 2023.12.31,"129,580,237,655",제 33 기,2022.01.01 ~ 2022.12.31,"144,193,113,559",제 32 기,2021.01.01 ~ 2021.12.31,"-1,128,019,547",29,KRW,2023
20240321001898,11011,2023,00220613,092790,CFS,연결재무제표,IS,손익계산서,당기순이익(손실),제 34 기,2023.01.01 ~ 2023.12.31,"129,580,237,655",제 33 기,2022.01.01 ~ 2022.12.31,"144,193,113,559",제 32 기,2021.01.01 ~ 2021.12.31,"-1,128,019,547",61,KRW,2023
20240321001898,11011,2023,00220613,092790,CFS,연결재무제표,IS,손익계산서,총포괄손익,제 34 기,2023.01.01 ~ 2023.12.31,"129,956,774,974",제 33 기,2022.01.01 ~ 2022.12.31,"145,510,248,527",제 32 기,2021.01.01 ~ 2021.12.31,"-554,162,439",63,KRW,2023
20240321001898,11011,2023,00220613,092790,OFS,재무제표,BS,재무상태표,유동자산,제 34 기,2023.12.31 현재,"311,855,603,812",제 33 기,2022.12.31 현재,"285,612,144,474",제 32 기,2021.12.31 현재,"196,072,168,436",2,KRW,2023
20240321001898,11011,2023,00220613,092790,OFS,재무제표,BS,재무상태표,비유동자산,제 34 기,2023.12.31 현재,"323,969,103,841",제 33 기,2022.12.31 현재,"295,569,999,244",제 32 기,2021.12.31 현재,"224,933,245,496",4,KRW,2023
20240321001898,11011,2023,00220613,092790,OFS,재무제표,BS,재무상태표,자산총계,제 34 기,2023.12.31 현재,"635,824,707,653",제 33 기,2022.12.31 현재,"581,182,143,718",제 32 기,2021.12.31 현재,"421,005,413,932",6,KRW,2023
20240321001898,11011,2023,00220613,092790,OFS,재무제표,BS,재무상태표,유동부채,제 34 기,2023.12.31 현재,"159,514,897,905",제 33 기,2022.12.31 현재,"231,287,742,300",제 32 기,2021.12.31 현재,"250,841,616,451",8,KRW,2023
20240321001898,11011,2023,00220613,092790,OFS,재무제표,BS,재무상태표,비유동부채,제 34 기,2023.12.31 현재,"39,428,924,781",제 33 기,2022.12.31 현재,"72,199,007,425",제 32 기,2021.12.31 현재,"66,977,678,409",10,KRW,2023
20240321001898,11011,2023,00220613,092790,OFS,재무제표,BS,재무상태표,부채총계,제 34 기,2023.12.31 현재,"198,943,822,686",제 33 기,2022.12.31 현재,"303,486,749,725",제 32 기,2021.12.31 현재,"317,819,294,860",12,KRW,2023
20240321001898,11011,2023,00220613,092790,OFS,재무제표,BS,재무상태표,자본금,제 34 기,2023.12.31 현재,"13,001,000,000",제 33 기,2022.12.31 현재,"5,488,000,000",제 32 기,2021.12.31 현재,"4,000,000,000",15,KRW,2023
20240321001898,11011,2023,00220613,092790,OFS,재무제표,BS,재무상태표,이익잉여금,제 34 기,2023.12.31 현재,"406,688,847,169",제 33 기,2022.12.31 현재,"233,028,910,114",제 32 기,2021.12.31 현재,"99,186,119,072",19,KRW,2023
20240321001898,11011,2023,00220613,092790,OFS,재무제표,BS,재무상태표,자본총계,제 34 기,2023.12.31 현재,"436,880,884,967",제 33 기,2022.12.31 현재,"277,695,393,993",제 32 기,2021.12.31 현재,"103,186,119,072",22,KRW,2023
20240321001898,11011,2023,00220613,092790,OFS,재무제표,IS,손익계산서,매출액,제 34 기,2023.01.01 ~ 2023.12.31,"619,052,056,916",제 33 기,2022.01.01 ~ 2022.12.31,"668,403,649,813",제 32 기,2021.01.01 ~ 2021.12.31,"424,402,466,956",24,KRW,2023
20240321001898,11011,2023,00220613,092790,OFS,재무제표,IS,손익계산서,영업이익,제 34 기,2023.01.01 ~ 2023.12.31,"155,925,827,910",제 33 기,2022.01.01 ~ 2022.12.31,"181,430,006,602",제 32 기,2021.01.01 ~ 2021.12.31,"16,814,041,088",26,KRW,2023
20240321001898,11011,2023,00220613,092790,OFS,재무제표,IS,손익계산서,법인세차감전 순이익,제 34 기,2023.01.01 ~ 2023.12.31,"167,187,382,075",제 33 기,2022.01.01 ~ 2022.12.31,"178,612,779,161",제 32 기,2021.01.01 ~ 2021.12.31,"4,315,519,713",28,KRW,2023
20240321001898,11011,2023,00220613,092790,OFS,재무제표,IS,손익계산서,당기순이익(손실),제 34 기,2023.01.01 ~ 2023.12.31,"129,558,545,619",제 33 기,2022.01.01 ~ 2022.12.31,"135,928,573,248",제 32 기,2021.01.01 ~ 2021.12.31,"2,288,256,024",30,KRW,2023
20240321001898,11011,2023,00220613,092790,OFS,재무제표,IS,손익계산서,당기순이익(손실),제 34 기,2023.01.01 ~ 2023.12.31,"129,558,545,619",제 33 기,2022.01.01 ~ 2022.12.31,"135,928,573,248",제 32 기,2021.01.01 ~ 2021.12.31,"2,288,256,024",62,KRW,2023
20240321001898,11011,2023,00220613,092790,OFS,재무제표,IS,손익계산서,총포괄손익,제 34 기,2023.01.01 ~ 2023.12.31,"129,462,097,055",제 33 기,2022.01.01 ~ 2022.12.31,"136,257,511,042",제 32 기,2021.01.01 ~ 2021.12.31,"2,508,145,297",64,KRW,2023
20250331002907,11011,2024,00220613,092790,CFS,연결재무제표,BS,재무상태표,유동자산,제 35 기,2024.12.31 현재,"330,408,979,180",제 34 기,2023.12.31 현재,"314,008,530,263",제 33 기,2022.12.31 현재,"287,366,485,555",1,KRW,2024
20250331002907,11011,2024,00220613,092790,CFS,연결재무제표,BS,재무상태표,비유동자산,제 35 기,2024.12.31 현재,"361,374,344,705",제 34 기,2023.12.31 현재,"328,472,077,822",제 33 기,2022.12.31 현재,"300,645,831,475",3,KRW,2024
20250331002907,11011,2024,00220613,092790,CFS,연결재무제표,BS,재무상태표,자산총계,제 35 기,2024.12.31 현재,"691,783,323,885",제 34 기,2023.12.31 현재,"642,480,608,085",제 33 기,2022.12.31 현재,"588,012,317,030",5,KRW,2024
20250331002907,11011,2024,00220613,092790,CFS,연결재무제표,BS,재무상태표,유동부채,제 35 기,2024.12.31 현재,"161,461,005,443",제 34 기,2023.12.31 현재,"157,312,312,995",제 33 기,2022.12.31 현재,"230,370,423,611",7,KRW,2024
20250331002907,11011,2024,00220613,092790,CFS,연결재무제표,BS,재무상태표,비유동부채,제 35 기,2024.12.31 현재,"65,390,557,941",제 34 기,2023.12.31 현재,"40,223,300,801",제 33 기,2022.12.31 현재,"72,377,068,023",9,KRW,2024
20250331002907,11011,2024,00220613,092790,CFS,연결재무제표,BS,재무상태표,부채총계,제 35 기,2024.12.31 현재,"226,851,563,384",제 34 기,2023.12.31 현재,"197,535,613,796",제 33 기,2022.12.31 현재,"302,747,491,634",11,KRW,2024
20250331002907,11011,2024,00220613,092790,CFS,연결재무제표,BS,재무상태표,자본금,제 35 기,2024.12.31 현재,"13,001,000,000",제 34 기,2023.12.31 현재,"13,001,000,000",제 33 기,2022.12.31 현재,"5,488,000,000",13,KRW,2024
20250331002907,11011,2024,00220613,092790,CFS,연결재무제표,BS,재무상태표,이익잉여금,제 35 기,2024.12.31 현재,"429,282,862,976",제 34 기,2023.12.31 현재,"412,933,999,156",제 33 기,2022.12.31 현재,"239,252,370,065",17,KRW,2024
20250331002907,11011,2024,00220613,092790,CFS,연결재무제표,BS,재무상태표,자본총계,제 35 기,2024.12.31 현재,"464,931,760,501",제 34 기,2023.12.31 현재,"444,944,994,289",제 33 기,2022.12.31 현재,"285,264,825,396",21,KRW,2024
20250331002907,11011,2024,00220613,092790,CFS,연결재무제표,IS,손익계산서,매출액,제 35 기,2024.01.01 ~ 2024.12.31,"552,365,337,649",제 34 기,2023.01.01 ~ 2023.12.31,"619,052,056,916",제 33 기,2022.01.01 ~ 2022.12.31,"668,403,649,813",23,KRW,2024
20250331002907,11011,2024,00220613,092790,CFS,연결재무제표,IS,손익계산서,영업이익,제 35 기,2024.01.01 ~ 2024.12.31,"63,204,878,400",제 34 기,2023.01.01 ~ 2023.12.31,"157,337,247,358",제 33 기,2022.01.01 ~ 2022.12.31,"181,300,504,021",25,KRW,2024
20250331002907,11011,2024,00220613,092790,CFS,연결재무제표,IS,손익계산서,법인세차감전 순이익,제 35 기,2024.01.01 ~ 2024.12.31,"51,532,657,572",제 34 기,2023.01.01 ~ 2023.12.31,"167,505,435,039",제 33 기,2022.01.01 ~ 2022.12.31,"189,189,313,255",27,KRW,2024
20250331002907,11011,2024,00220613,092790,CFS,연결재무제표,IS,손익계산서,당기순이익(손실),제 35 기,2024.01.01 ~ 2024.12.31,"34,685,192,319",제 34 기,2023.01.01 ~ 2023.12.31,"129,580,237,655",제 33 기,2022.01.01 ~ 2022.12.31,"144,193,113,559",29,KRW,2024
20250331002907,11011,2024,00220613,092790,CFS,연결재무제표,IS,손익계산서,당기순이익(손실),제 35 기,2024.01.01 ~ 2024.12.31,"34,685,192,319",제 34 기,2023.01.01 ~ 2023.12.31,"129,580,237,655",제 33 기,2022.01.01 ~ 2022.12.31,"144,193,113,559",61,KRW,2024
20250331002907,11011,2024,00220613,092790,CFS,연결재무제표,IS,손익계산서,총포괄손익,제 35 기,2024.01.01 ~ 2024.12.31,"38,017,889,329",제 34 기,2023.01.01 ~ 2023.12.31,"129,956,774,974",제 33 기,2022.01.01 ~ 2022.12.31,"145,510,248,527",63,KRW,2024
20250331002907,11011,2024,00220613,092790,OFS,재무제표,BS,재무상태표,유동자산,제 35 기,2024.12.31 현재,"325,935,004,873",제 34 기,2023.12.31 현재,"311,855,603,812",제 33 기,2022.12.31 현재,"285,612,144,474",2,KRW,2024
20250331002907,11011,2024,00220613,092790,OFS,재무제표,BS,재무상태표,비유동자산,제 35 기,2024.12.31 현재,"363,344,411,926",제 34 기,2023.12.31 현재,"323,969,103,841",제 33 기,2022.12.31 현재,"295,569,999,244",4,KRW,2024
20250331002907,11011,2024,00220613,092790,OFS,재무제표,BS,재무상태표,자산총계,제 35 기,2024.12.31 현재,"689,279,416,799",제 34 기,2023.12.31 현재,"635,824,707,653",제 33 기,2022.12.31 현재,"581,182,143,718",6,KRW,2024
20250331002907,11011,2024,00220613,092790,OFS,재무제표,BS,재무상태표,유동부채,제 35 기,2024.12.31 현재,"163,531,452,778",제 34 기,2023.12.31 현재,"159,514,897,905",제 33 기,2022.12.31 현재,"231,287,742,300",8,KRW,2024
20250331002907,11011,2024,00220613,092790,OFS,재무제표,BS,재무상태표,비유동부채,제 35 기,2024.12.31 현재,"65,945,759,371",제 34 기,2023.12.31 현재,"39,428,924,781",제 33 기,2022.12.31 현재,"72,199,007,425",10,KRW,2024
20250331002907,11011,2024,00220613,092790,OFS,재무제표,BS,재무상태표,부채총계,제 35 기,2024.12.31 현재,"229,477,212,149",제 34 기,2023.12.31 현재,"198,943,822,686",제 33 기,2022.12.31 현재,"303,486,749,725",12,KRW,2024
20250331002907,11011,2024,00220613,092790,OFS,재무제표,BS,재무상태표,자본금,제 35 기,2024.12.31 현재,"13,001,000,000",제 34 기,2023.12.31 현재,"13,001,000,000",제 33 기,2022.12.31 현재,"5,488,000,000",15,KRW,2024
20250331002907,11011,2024,00220613,092790,OFS,재무제표,BS,재무상태표,이익잉여금,제 35 기,2024.12.31 현재,"429,537,013,849",제 34 기,2023.12.31 현재,"406,688,847,169",제 33 기,2022.12.31 현재,"233,028,910,114",19,KRW,2024
20250331002907,11011,2024,00220613,092790,OFS,재무제표,BS,재무상태표,자본총계,제 35 기,2024.12.31 현재,"459,802,204,650",제 34 기,2023.12.31 현재,"436,880,884,967",제 33 기,2022.12.31 현재,"277,695,393,993",22,KRW,2024
20250331002907,11011,2024,00220613,092790,OFS,재무제표,IS,손익계산서,매출액,제 35 기,2024.01.01 ~ 2024.12.31,"552,365,337,649",제 34 기,2023.01.01 ~ 2023.12.31,"619,052,056,916",제 33 기,2022.01.01 ~ 2022.12.31,"668,403,649,813",24,KRW,2024
20250331002907,11011,2024,00220613,092790,OFS,재무제표,IS,손익계산서,영업이익,제 35 기,2024.01.01 ~ 2024.12.31,"61,518,303,092",제 34 기,2023.01.01 ~ 2023.12.31,"155,925,827,910",제 33 기,2022.01.01 ~ 2022.12.31,"181,430,006,602",26,KRW,2024
20250331002907,11011,2024,00220613,092790,OFS,재무제표,IS,손익계산서,법인세차감전 순이익,제 35 기,2024.01.01 ~ 2024.12.31,"60,121,913,905",제 34 기,2023.01.01 ~ 2023.12.31,"167,187,382,075",제 33 기,2022.01.01 ~ 2022.12.31,"178,612,779,161",28,KRW,2024
20250331002907,11011,2024,00220613,092790,OFS,재무제표,IS,손익계산서,당기순이익(손실),제 35 기,2024.01.01 ~ 2024.12.31,"41,257,047,847",제 34 기,2023.01.01 ~ 2023.12.31,"129,558,545,619",제 33 기,2022.01.01 ~ 2022.12.31,"135,928,573,248",30,KRW,2024
20250331002907,11011,2024,00220613,092790,OFS,재무제표,IS,손익계산서,당기순이익(손실),제 35 기,2024.01.01 ~ 2024.12.31,"41,257,047,847",제 34 기,2023.01.01 ~ 2023.12.31,"129,558,545,619",제 33 기,2022.01.01 ~ 2022.12.31,"135,928,573,248",62,KRW,2024
20250331002907,11011,2024,00220613,092790,OFS,재무제표,IS,손익계산서,총포괄손익,제 35 기,2024.01.01 ~ 2024.12.31,"41,049,566,680",제 34 기,2023.01.01 ~ 2023.12.31,"129,462,097,055",제 33 기,2022.01.01 ~ 2022.12.31,"136,257,511,042",64,KRW,2024
20190329002018,11011,2018,00158325,030190,CFS,연결재무제표,BS,재무상태표,유동자산,제 35 기,2018.12.31 현재,"144,404,638,087",제 34 기,2017.12.31 현재,"122,985,295,273",제 33 기,2016.12.31 현재,"117,357,301,433",1,KRW,2018
20190329002018,11011,2018,00158325,030190,CFS,연결재무제표,BS,재무상태표,비유동자산,제 35 기,2018.12.31 현재,"123,651,548,036",제 34 기,2017.12.31 현재,"111,700,922,427",제 33 기,2016.12.31 현재,"101,316,589,745",3,KRW,2018
20190329002018,11011,2018,00158325,030190,CFS,연결재무제표,BS,재무상태표,자산총계,제 35 기,2018.12.31 현재,"268,056,186,123",제 34 기,2017.12.31 현재,"234,686,217,700",제 33 기,2016.12.31 현재,"218,673,891,178",5,KRW,2018
20190329002018,11011,2018,00158325,030190,CFS,연결재무제표,BS,재무상태표,유동부채,제 35 기,2018.12.31 현재,"68,678,878,210",제 34 기,2017.12.31 현재,"62,306,023,186",제 33 기,2016.12.31 현재,"62,196,372,387",7,KRW,2018
20190329002018,11011,2018,00158325,030190,CFS,연결재무제표,BS,재무상태표,비유동부채,제 35 기,2018.12.31 현재,"1,020,735,779",제 34 기,2017.12.31 현재,"840,325,043",제 33 기,2016.12.31 현재,"1,152,709,519",9,KRW,2018
20190329002018,11011,2018,00158325,030190,CFS,연결재무제표,BS,재무상태표,부채총계,제 35 기,2018.12.31 현재,"69,699,613,989",제 34 기,2017.12.31 현재,"63,146,348,229",제 33 기,2016.12.31 현재,"63,349,081,906",11,KRW,2018
20190329002018,11011,2018,00158325,030190,CFS,연결재무제표,BS,재무상태표,자본금,제 35 기,2018.12.31 현재,"30,357,410,000",제 34 기,2017.12.31 현재,"30,357,410,000",제 33 기,2016.12.31 현재,"30,357,410,000",13,KRW,2018
20190329002018,11011,2018,00158325,030190,CFS,연결재무제표,BS,재무상태표,이익잉여금,제 35 기,2018.12.31 현재,"128,823,433,208",제 34 기,2017.12.31 현재,"98,627,743,298",제 33 기,2016.12.31 현재,"75,173,410,920",17,KRW,2018
20190329002018,11011,2018,00158325,030190,CFS,연결재무제표,BS,재무상태표,자본총계,제 35 기,2018.12.31 현재,"198,356,572,134",제 34 기,2017.12.31 현재,"171,539,869,471",제 33 기,2016.12.31 현재,"155,324,809,272",21,KRW,2018
20190329002018,11011,2018,00158325,030190,CFS,연결재무제표,IS,손익계산서,매출액,제 35 기,2018.01.01 ~ 2018.12.31,"383,774,178,387",제 34 기,2017.01.01 ~ 2017.12.31,"360,404,384,772",제 33 기,2016.01.01 ~ 2016.12.31,"345,547,071,631",23,KRW,2018
20190329002018,11011,2018,00158325,030190,CFS,연결재무제표,IS,손익계산서,영업이익,제 35 기,2018.01.01 ~ 2018.12.31,"48,605,375,969",제 34 기,2017.01.01 ~ 2017.12.31,"42,623,652,227",제 33 기,2016.01.01 ~ 2016.12.31,"39,206,934,007",25,KRW,2018
20190329002018,11011,2018,00158325,030190,CFS,연결재무제표,IS,손익계산서,법인세차감전 순이익,제 35 기,2018.01.01 ~ 2018.12.31,"50,624,390,573",제 34 기,2017.01.01 ~ 2017.12.31,"41,444,244,961",제 33 기,2016.01.01 ~ 2016.12.31,"38,314,987,019",27,KRW,2018
20190329002018,11011,2018,00158325,030190,CFS,연결재무제표,IS,손익계산서,당기순이익(손실),제 35 기,2018.01.01 ~ 2018.12.31,"38,305,271,430",제 34 기,2017.01.01 ~ 2017.12.31,"30,669,953,442",제 33 기,2016.01.01 ~ 2016.12.31,"28,312,277,925",29,KRW,2018
20190329002018,11011,2018,00158325,030190,CFS,연결재무제표,IS,손익계산서,당기순이익(손실),제 35 기,2018.01.01 ~ 2018.12.31,"38,305,271,430",제 34 기,2017.01.01 ~ 2017.12.31,"30,669,953,442",제 33 기,2016.01.01 ~ 2016.12.31,"28,312,277,925",61,KRW,2018
20190329002018,11011,2018,00158325,030190,OFS,재무제표,BS,재무상태표,유동자산,제 35 기,2018.12.31 현재,"121,855,104,655",제 34 기,2017.12.31 현재,"101,194,920,993",제 33 기,2016.12.31 현재,"95,698,360,131",2,KRW,2018
20190329002018,11011,2018,00158325,030190,OFS,재무제표,BS,재무상태표,비유동자산,제 35 기,2018.12.31 현재,"143,329,043,477",제 34 기,2017.12.31 현재,"131,919,761,064",제 33 기,2016.12.31 현재,"113,311,626,113",4,KRW,2018
20190329002018,11011,2018,00158325,030190,OFS,재무제표,BS,재무상태표,자산총계,제 35 기,2018.12.31 현재,"265,184,148,132",제 34 기,2017.12.31 현재,"233,114,682,057",제 33 기,2016.12.31 현재,"209,009,986,244",6,KRW,2018
20190329002018,11011,2018,00158325,030190,OFS,재무제표,BS,재무상태표,유동부채,제 35 기,2018.12.31 현재,"60,661,758,898",제 34 기,2017.12.31 현재,"54,264,940,789",제 33 기,2016.12.31 현재,"52,860,301,015",8,KRW,2018
20190329002018,11011,2018,00158325,030190,OFS,재무제표,BS,재무상태표,비유동부채,제 35 기,2018.12.31 현재,"384,988,699",제 34 기,2017.12.31 현재,"368,465,064",제 33 기,2016.12.31 현재,"822,495,195",10,KRW,2018
20190329002018,11011,2018,00158325,030190,OFS,재무제표,BS,재무상태표,부채총계,제 35 기,2018.12.31 현재,"61,046,747,597",제 34 기,2017.12.31 현재,"54,633,405,853",제 33 기,2016.12.31 현재,"53,682,796,210",12,KRW,2018
20190329002018,11011,2018,00158325,030190,OFS,재무제표,BS,재무상태표,자본금,제 35 기,2018.12.31 현재,"30,357,410,000",제 34 기,2017.12.31 현재,"30,357,410,000",제 33 기,2016.12.31 현재,"30,357,410,000",15,KRW,2018
20190329002018,11011,2018,00158325,030190,OFS,재무제표,BS,재무상태표,이익잉여금,제 35 기,2018.12.31 현재,"130,022,374,256",제 34 기,2017.12.31 현재,"101,017,638,488",제 33 기,2016.12.31 현재,"77,093,043,675",19,KRW,2018
20190329002018,11011,2018,00158325,030190,OFS,재무제표,BS,재무상태표,자본총계,제 35 기,2018.12.31 현재,"204,137,400,535",제 34 기,2017.12.31 현재,"178,481,276,204",제 33 기,2016.12.31 현재,"155,327,190,034",22,KRW,2018
20190329002018,11011,2018,00158325,030190,OFS,재무제표,IS,손익계산서,매출액,제 35 기,2018.01.01 ~ 2018.12.31,"323,817,189,817",제 34 기,2017.01.01 ~ 2017.12.31,"301,384,740,231",제 33 기,2016.01.01 ~ 2016.12.31,"288,665,097,370",24,KRW,2018
20190329002018,11011,2018,00158325,030190,OFS,재무제표,IS,손익계산서,영업이익,제 35 기,2018.01.01 ~ 2018.12.31,"47,439,006,801",제 34 기,2017.01.01 ~ 2017.12.31,"43,052,599,955",제 33 기,2016.01.01 ~ 2016.12.31,"39,439,958,257",26,KRW,2018
20190329002018,11011,2018,00158325,030190,OFS,재무제표,IS,손익계산서,법인세차감전 순이익,제 35 기,2018.01.01 ~ 2018.12.31,"48,944,469,920",제 34 기,2017.01.01 ~ 2017.12.31,"42,069,394,867",제 33 기,2016.01.01 ~ 2016.12.31,"38,914,094,864",28,KRW,2018
20190329002018,11011,2018,00158325,030190,OFS,재무제표,IS,손익계산서,당기순이익(손실),제 35 기,2018.01.01 ~ 2018.12.31,"37,057,257,079",제 34 기,2017.01.01 ~ 2017.12.31,"31,319,526,265",제 33 기,2016.01.01 ~ 2016.12.31,"29,095,311,834",30,KRW,2018
20190329002018,11011,2018,00158325,030190,OFS,재무제표,IS,손익계산서,당기순이익(손실),제 35 기,2018.01.01 ~ 2018.12.31,"37,057,257,079",제 34 기,2017.01.01 ~ 2017.12.31,"31,319,526,265",제 33 기,2016.01.01 ~ 2016.12.31,"29,095,311,834",62,KRW,2018
20200330001709,11011,2019,00158325,030190,CFS,연결재무제표,BS,재무상태표,유동자산,제 36 기,2019.12.31 현재,"174,454,101,618",제 35 기,2018.12.31 현재,"144,404,638,087",제 34 기,2017.12.31 현재,"122,985,295,273",1,KRW,2019
20200330001709,11011,2019,00158325,030190,CFS,연결재무제표,BS,재무상태표,비유동자산,제 36 기,2019.12.31 현재,"144,628,728,909",제 35 기,2018.12.31 현재,"123,651,548,036",제 34 기,2017.12.31 현재,"111,700,922,427",3,KRW,2019
20200330001709,11011,2019,00158325,030190,CFS,연결재무제표,BS,재무상태표,자산총계,제 36 기,2019.12.31 현재,"319,082,830,527",제 35 기,2018.12.31 현재,"268,056,186,123",제 34 기,2017.12.31 현재,"234,686,217,700",5,KRW,2019
20200330001709,11011,2019,00158325,030190,CFS,연결재무제표,BS,재무상태표,유동부채,제 36 기,2019.12.31 현재,"81,192,337,341",제 35 기,2018.12.31 현재,"68,678,878,210",제 34 기,2017.12.31 현재,"62,306,023,186",7,KRW,2019
20200330001709,11011,2019,00158325,030190,CFS,연결재무제표,BS,재무상태표,비유동부채,제 36 기,2019.12.31 현재,"13,709,420,758",제 35 기,2018.12.31 현재,"1,020,735,779",제 34 기,2017.12.31 현재,"840,325,043",9,KRW,2019
20200330001709,11011,2019,00158325,030190,CFS,연결재무제표,BS,재무상태표,부채총계,제 36 기,2019.12.31 현재,"94,901,758,099",제 35 기,2018.12.31 현재,"69,699,613,989",제 34 기,2017.12.31 현재,"63,146,348,229",11,KRW,2019
20200330001709,11011,2019,00158325,030190,CFS,연결재무제표,BS,재무상태표,자본금,제 36 기,2019.12.31 현재,"30,357,410,000",제 35 기,2018.12.31 현재,"30,357,410,000",제 34 기,2017.12.31 현재,"30,357,410,000",13,KRW,2019
20200330001709,11011,2019,00158325,030190,CFS,연결재무제표,BS,재무상태표,이익잉여금,제 36 기,2019.12.31 현재,"155,491,738,452",제 35 기,2018.12.31 현재,"128,823,433,208",제 34 기,2017.12.31 현재,"98,627,743,298",17,KRW,2019
20200330001709,11011,2019,00158325,030190,CFS,연결재무제표,BS,재무상태표,자본총계,제 36 기,2019.12.31 현재,"224,181,072,428",제 35 기,2018.12.31 현재,"198,356,572,134",제 34 기,2017.12.31 현재,"171,539,869,471",21,KRW,2019
20200330001709,11011,2019,00158325,030190,CFS,연결재무제표,IS,손익계산서,매출액,제 36 기,2019.01.01 ~ 2019.12.31,"410,914,933,674",제 35 기,2018.01.01 ~ 2018.12.31,"383,774,178,387",제 34 기,2017.01.01 ~ 2017.12.31,"360,404,384,772",23,KRW,2019
20200330001709,11011,2019,00158325,030190,CFS,연결재무제표,IS,손익계산서,영업이익,제 36 기,2019.01.01 ~ 2019.12.31,"51,340,882,668",제 35 기,2018.01.01 ~ 2018.12.31,"48,605,375,969",제 34 기,2017.01.01 ~ 2017.12.31,"42,623,652,227",25,KRW,2019
20200330001709,11011,2019,00158325,030190,CFS,연결재무제표,IS,손익계산서,법인세차감전 순이익,제 36 기,2019.01.01 ~ 2019.12.31,"53,661,391,849",제 35 기,2018.01.01 ~ 2018.12.31,"50,624,390,573",제 34 기,2017.01.01 ~ 2017.12.31,"41,444,244,961",27,KRW,2019
20200330001709,11011,2019,00158325,030190,CFS,연결재무제표,IS,손익계산서,당기순이익(손실),제 36 기,2019.01.01 ~ 2019.12.31,"40,781,413,459",제 35 기,2018.01.01 ~ 2018.12.31,"38,305,271,430",제 34 기,2017.01.01 ~ 2017.12.31,"30,669,953,442",29,KRW,2019
20200330001709,11011,2019,00158325,030190,CFS,연결재무제표,IS,손익계산서,당기순이익(손실),제 36 기,2019.01.01 ~ 2019.12.31,"40,781,413,459",제 35 기,2018.01.01 ~ 2018.12.31,"38,305,271,430",제 34 기,2017.01.01 ~ 2017.12.31,"30,669,953,442",61,KRW,2019
20200330001709,11011,2019,00158325,030190,OFS,재무제표,BS,재무상태표,유동자산,제 36 기,2019.12.31 현재,"147,974,964,878",제 35 기,2018.12.31 현재,"121,855,104,655",제 34 기,2017.12.31 현재,"101,194,920,993",2,KRW,2019
20200330001709,11011,2019,00158325,030190,OFS,재무제표,BS,재무상태표,비유동자산,제 36 기,2019.12.31 현재,"164,360,000,578",제 35 기,2018.12.31 현재,"143,329,043,477",제 34 기,2017.12.31 현재,"131,919,761,064",4,KRW,2019
20200330001709,11011,2019,00158325,030190,OFS,재무제표,BS,재무상태표,자산총계,제 36 기,2019.12.31 현재,"312,334,965,456",제 35 기,2018.12.31 현재,"265,184,148,132",제 34 기,2017.12.31 현재,"233,114,682,057",6,KRW,2019
20200330001709,11011,2019,00158325,030190,OFS,재무제표,BS,재무상태표,유동부채,제 36 기,2019.12.31 현재,"70,641,353,510",제 35 기,2018.12.31 현재,"60,661,758,898",제 34 기,2017.12.31 현재,"54,264,940,789",8,KRW,2019
20200330001709,11011,2019,00158325,030190,OFS,재무제표,BS,재무상태표,비유동부채,제 36 기,2019.12.31 현재,"12,868,342,464",제 35 기,2018.12.31 현재,"384,988,699",제 34 기,2017.12.31 현재,"368,465,064",10,KRW,2019
20200330001709,11011,2019,00158325,030190,OFS,재무제표,BS,재무상태표,부채총계,제 36 기,2019.12.31 현재,"83,509,695,974",제 35 기,2018.12.31 현재,"61,046,747,597",제 34 기,2017.12.31 현재,"54,633,405,853",12,KRW,2019
20200330001709,11011,2019,00158325,030190,OFS,재무제표,BS,재무상태표,자본금,제 36 기,2019.12.31 현재,"30,357,410,000",제 35 기,2018.12.31 현재,"30,357,410,000",제 34 기,2017.12.31 현재,"30,357,410,000",15,KRW,2019
20200330001709,11011,2019,00158325,030190,OFS,재무제표,BS,재무상태표,이익잉여금,제 36 기,2019.12.31 현재,"155,608,367,332",제 35 기,2018.12.31 현재,"130,022,374,256",제 34 기,2017.12.31 현재,"101,017,638,488",19,KRW,2019
20200330001709,11011,2019,00158325,030190,OFS,재무제표,BS,재무상태표,자본총계,제 36 기,2019.12.31 현재,"228,825,269,482",제 35 기,2018.12.31 현재,"204,137,400,535",제 34 기,2017.12.31 현재,"178,481,276,204",22,KRW,2019
20200330001709,11011,2019,00158325,030190,OFS,재무제표,IS,손익계산서,매출액,제 36 기,2019.01.01 ~ 2019.12.31,"345,645,819,884",제 35 기,2018.01.01 ~ 2018.12.31,"323,817,189,817",제 34 기,2017.01.01 ~ 2017.12.31,"301,384,740,231",24,KRW,2019
20200330001709,11011,2019,00158325,030190,OFS,재무제표,IS,손익계산서,영업이익,제 36 기,2019.01.01 ~ 2019.12.31,"49,970,919,891",제 35 기,2018.01.01 ~ 2018.12.31,"47,439,006,801",제 34 기,2017.01.01 ~ 2017.12.31,"43,052,599,955",26,KRW,2019
20200330001709,11011,2019,00158325,030190,OFS,재무제표,IS,손익계산서,법인세차감전 순이익,제 36 기,2019.01.01 ~ 2019.12.31,"52,012,627,423",제 35 기,2018.01.01 ~ 2018.12.31,"48,944,469,920",제 34 기,2017.01.01 ~ 2017.12.31,"42,069,394,867",28,KRW,2019
20200330001709,11011,2019,00158325,030190,OFS,재무제표,IS,손익계산서,당기순이익(손실),제 36 기,2019.01.01 ~ 2019.12.31,"39,601,936,768",제 35 기,2018.01.01 ~ 2018.12.31,"37,057,257,079",제 34 기,2017.01.01 ~ 2017.12.31,"31,319,526,265",30,KRW,2019
20200330001709,11011,2019,00158325,030190,OFS,재무제표,IS,손익계산서,당기순이익(손실),제 36 기,2019.01.01 ~ 2019.12.31,"39,601,936,768",제 35 기,2018.01.01 ~ 2018.12.31,"37,057,257,079",제 34 기,2017.01.01 ~ 2017.12.31,"31,319,526,265",62,KRW,2019
20210317000949,11011,2020,00158325,030190,CFS,연결재무제표,BS,재무상태표,유동자산,제 37 기,2020.12.31 현재,"201,359,631,832",제 36 기,2019.12.31 현재,"174,454,101,618",제 35 기,2018.12.31 현재,"144,404,638,087",1,KRW,2020
20210317000949,11011,2020,00158325,030190,CFS,연결재무제표,BS,재무상태표,비유동자산,제 37 기,2020.12.31 현재,"167,443,999,082",제 36 기,2019.12.31 현재,"144,628,728,909",제 35 기,2018.12.31 현재,"123,651,548,036",3,KRW,2020
20210317000949,11011,2020,00158325,030190,CFS,연결재무제표,BS,재무상태표,자산총계,제 37 기,2020.12.31 현재,"368,803,630,914",제 36 기,2019.12.31 현재,"319,082,830,527",제 35 기,2018.12.31 현재,"268,056,186,123",5,KRW,2020
20210317000949,11011,2020,00158325,030190,CFS,연결재무제표,BS,재무상태표,유동부채,제 37 기,2020.12.31 현재,"95,590,904,779",제 36 기,2019.12.31 현재,"81,192,337,341",제 35 기,2018.12.31 현재,"68,678,878,210",7,KRW,2020
20210317000949,11011,2020,00158325,030190,CFS,연결재무제표,BS,재무상태표,비유동부채,제 37 기,2020.12.31 현재,"14,411,330,390",제 36 기,2019.12.31 현재,"13,709,420,758",제 35 기,2018.12.31 현재,"1,020,735,779",9,KRW,2020
20210317000949,11011,2020,00158325,030190,CFS,연결재무제표,BS,재무상태표,부채총계,제 37 기,2020.12.31 현재,"110,002,235,169",제 36 기,2019.12.31 현재,"94,901,758,099",제 35 기,2018.12.31 현재,"69,699,613,989",11,KRW,2020
20210317000949,11011,2020,00158325,030190,CFS,연결재무제표,BS,재무상태표,자본금,제 37 기,2020.12.31 현재,"30,357,410,000",제 36 기,2019.12.31 현재,"30,357,410,000",제 35 기,2018.12.31 현재,"30,357,410,000",13,KRW,2020
20210317000949,11011,2020,00158325,030190,CFS,연결재무제표,BS,재무상태표,이익잉여금,제 37 기,2020.12.31 현재,"189,764,004,494",제 36 기,2019.12.31 현재,"155,491,738,452",제 35 기,2018.12.31 현재,"128,823,433,208",17,KRW,2020
20210317000949,11011,2020,00158325,030190,CFS,연결재무제표,BS,재무상태표,자본총계,제 37 기,2020.12.31 현재,"258,801,395,745",제 36 기,2019.12.31 현재,"224,181,072,428",제 35 기,2018.12.31 현재,"198,356,572,134",21,KRW,2020
20210317000949,11011,2020,00158325,030190,CFS,연결재무제표,IS,손익계산서,매출액,제 37 기,2020.01.01 ~ 2020.12.31,"446,005,796,022",제 36 기,2019.01.01 ~ 2019.12.31,"410,914,933,674",제 35 기,2018.01.01 ~ 2018.12.31,"383,774,178,387",23,KRW,2020
20210317000949,11011,2020,00158325,030190,CFS,연결재무제표,IS,손익계산서,영업이익,제 37 기,2020.01.01 ~ 2020.12.31,"62,718,416,760",제 36 기,2019.01.01 ~ 2019.12.31,"51,340,882,668",제 35 기,2018.01.01 ~ 2018.12.31,"48,605,375,969",25,KRW,2020
20210317000949,11011,2020,00158325,030190,CFS,연결재무제표,IS,손익계산서,법인세차감전 순이익,제 37 기,2020.01.01 ~ 2020.12.31,"61,171,483,398",제 36 기,2019.01.01 ~ 2019.12.31,"53,661,391,849",제 35 기,2018.01.01 ~ 2018.12.31,"50,624,390,573",27,KRW,2020
20210317000949,11011,2020,00158325,030190,CFS,연결재무제표,IS,손익계산서,당기순이익(손실),제 37 기,2020.01.01 ~ 2020.12.31,"47,176,003,670",제 36 기,2019.01.01 ~ 2019.12.31,"40,781,413,459",제 35 기,2018.01.01 ~ 2018.12.31,"38,305,271,430",29,KRW,2020
20210317000949,11011,2020,00158325,030190,CFS,연결재무제표,IS,손익계산서,당기순이익(손실),제 37 기,2020.01.01 ~ 2020.12.31,"47,176,003,670",제 36 기,2019.01.01 ~ 2019.12.31,"40,781,413,459",제 35 기,2018.01.01 ~ 2018.12.31,"38,305,271,430",61,KRW,2020
20210317000949,11011,2020,00158325,030190,OFS,재무제표,BS,재무상태표,유동자산,제 37 기,2020.12.31 현재,"174,782,147,868",제 36 기,2019.12.31 현재,"147,974,964,878",제 35 기,2018.12.31 현재,"121,855,104,655",2,KRW,2020
20210317000949,11011,2020,00158325,030190,OFS,재무제표,BS,재무상태표,비유동자산,제 37 기,2020.12.31 현재,"178,777,785,474",제 36 기,2019.12.31 현재,"164,360,000,578",제 35 기,2018.12.31 현재,"143,329,043,477",4,KRW,2020
20210317000949,11011,2020,00158325,030190,OFS,재무제표,BS,재무상태표,자산총계,제 37 기,2020.12.31 현재,"353,559,933,342",제 36 기,2019.12.31 현재,"312,334,965,456",제 35 기,2018.12.31 현재,"265,184,148,132",6,KRW,2020
20210317000949,11011,2020,00158325,030190,OFS,재무제표,BS,재무상태표,유동부채,제 37 기,2020.12.31 현재,"84,831,493,096",제 36 기,2019.12.31 현재,"70,641,353,510",제 35 기,2018.12.31 현재,"60,661,758,898",8,KRW,2020
20210317000949,11011,2020,00158325,030190,OFS,재무제표,BS,재무상태표,비유동부채,제 37 기,2020.12.31 현재,"14,059,303,990",제 36 기,2019.12.31 현재,"12,868,342,464",제 35 기,2018.12.31 현재,"384,988,699",10,KRW,2020
20210317000949,11011,2020,00158325,030190,OFS,재무제표,BS,재무상태표,부채총계,제 37 기,2020.12.31 현재,"98,890,797,086",제 36 기,2019.12.31 현재,"83,509,695,974",제 35 기,2018.12.31 현재,"61,046,747,597",12,KRW,2020
20210317000949,11011,2020,00158325,030190,OFS,재무제표,BS,재무상태표,자본금,제 37 기,2020.12.31 현재,"30,357,410,000",제 36 기,2019.12.31 현재,"30,357,410,000",제 35 기,2018.12.31 현재,"30,357,410,000",15,KRW,2020
20210317000949,11011,2020,00158325,030190,OFS,재무제표,BS,재무상태표,이익잉여금,제 37 기,2020.12.31 현재,"187,606,473,984",제 36 기,2019.12.31 현재,"155,608,367,332",제 35 기,2018.12.31 현재,"130,022,374,256",19,KRW,2020
20210317000949,11011,2020,00158325,030190,OFS,재무제표,BS,재무상태표,자본총계,제 37 기,2020.12.31 현재,"254,669,136,256",제 36 기,2019.12.31 현재,"228,825,269,482",제 35 기,2018.12.31 현재,"204,137,400,535",22,KRW,2020
20210317000949,11011,2020,00158325,030190,OFS,재무제표,IS,손익계산서,매출액,제 37 기,2020.01.01 ~ 2020.12.31,"381,901,466,484",제 36 기,2019.01.01 ~ 2019.12.31,"345,645,819,884",제 35 기,2018.01.01 ~ 2018.12.31,"323,817,189,817",24,KRW,2020
20210317000949,11011,2020,00158325,030190,OFS,재무제표,IS,손익계산서,영업이익,제 37 기,2020.01.01 ~ 2020.12.31,"59,984,925,444",제 36 기,2019.01.01 ~ 2019.12.31,"49,970,919,891",제 35 기,2018.01.01 ~ 2018.12.31,"47,439,006,801",26,KRW,2020
20210317000949,11011,2020,00158325,030190,OFS,재무제표,IS,손익계산서,법인세차감전 순이익,제 37 기,2020.01.01 ~ 2020.12.31,"58,639,050,410",제 36 기,2019.01.01 ~ 2019.12.31,"52,012,627,423",제 35 기,2018.01.01 ~ 2018.12.31,"48,944,469,920",28,KRW,2020
20210317000949,11011,2020,00158325,030190,OFS,재무제표,IS,손익계산서,당기순이익(손실),제 37 기,2020.01.01 ~ 2020.12.31,"44,989,252,968",제 36 기,2019.01.01 ~ 2019.12.31,"39,601,936,768",제 35 기,2018.01.01 ~ 2018.12.31,"37,057,257,079",30,KRW,2020
20210317000949,11011,2020,00158325,030190,OFS,재무제표,IS,손익계산서,당기순이익(손실),제 37 기,2020.01.01 ~ 2020.12.31,"44,989,252,968",제 36 기,2019.01.01 ~ 2019.12.31,"39,601,936,768",제 35 기,2018.01.01 ~ 2018.12.31,"37,057,257,079",62,KRW,2020
20220318000520,11011,2021,00158325,030190,CFS,연결재무제표,BS,재무상태표,유동자산,제 38 기,2021.12.31 현재,"238,046,495,848",제 37 기,2020.12.31 현재,"201,359,631,832",제 36 기,2019.12.31 현재,"174,454,101,618",1,KRW,2021
20220318000520,11011,2021,00158325,030190,CFS,연결재무제표,BS,재무상태표,비유동자산,제 38 기,2021.12.31 현재,"196,223,533,966",제 37 기,2020.12.31 현재,"167,443,999,082",제 36 기,2019.12.31 현재,"144,628,728,909",3,KRW,2021
20220318000520,11011,2021,00158325,030190,CFS,연결재무제표,BS,재무상태표,자산총계,제 38 기,2021.12.31 현재,"434,270,029,814",제 37 기,2020.12.31 현재,"368,803,630,914",제 36 기,2019.12.31 현재,"319,082,830,527",5,KRW,2021
20220318000520,11011,2021,00158325,030190,CFS,연결재무제표,BS,재무상태표,유동부채,제 38 기,2021.12.31 현재,"118,482,018,184",제 37 기,2020.12.31 현재,"95,590,904,779",제 36 기,2019.12.31 현재,"81,192,337,341",7,KRW,2021
20220318000520,11011,2021,00158325,030190,CFS,연결재무제표,BS,재무상태표,비유동부채,제 38 기,2021.12.31 현재,"14,243,145,488",제 37 기,2020.12.31 현재,"14,411,330,390",제 36 기,2019.12.31 현재,"13,709,420,758",9,KRW,2021
20220318000520,11011,2021,00158325,030190,CFS,연결재무제표,BS,재무상태표,부채총계,제 38 기,2021.12.31 현재,"132,725,163,672",제 37 기,2020.12.31 현재,"110,002,235,169",제 36 기,2019.12.31 현재,"94,901,758,099",11,KRW,2021
20220318000520,11011,2021,00158325,030190,CFS,연결재무제표,BS,재무상태표,자본금,제 38 기,2021.12.31 현재,"30,357,410,000",제 37 기,2020.12.31 현재,"30,357,410,000",제 36 기,2019.12.31 현재,"30,357,410,000",13,KRW,2021
20220318000520,11011,2021,00158325,030190,CFS,연결재무제표,BS,재무상태표,이익잉여금,제 38 기,2021.12.31 현재,"230,761,905,241",제 37 기,2020.12.31 현재,"189,764,004,494",제 36 기,2019.12.31 현재,"155,491,738,452",17,KRW,2021
20220318000520,11011,2021,00158325,030190,CFS,연결재무제표,BS,재무상태표,자본총계,제 38 기,2021.12.31 현재,"301,544,866,142",제 37 기,2020.12.31 현재,"258,801,395,745",제 36 기,2019.12.31 현재,"224,181,072,428",21,KRW,2021
20220318000520,11011,2021,00158325,030190,CFS,연결재무제표,IS,손익계산서,매출액,제 38 기,2021.01.01 ~ 2021.12.31,"484,797,305,616",제 37 기,2020.01.01 ~ 2020.12.31,"446,005,796,022",제 36 기,2019.01.01 ~ 2019.12.31,"410,914,933,674",23,KRW,2021
20220318000520,11011,2021,00158325,030190,CFS,연결재무제표,IS,손익계산서,영업이익,제 38 기,2021.01.01 ~ 2021.12.31,"72,604,608,652",제 37 기,2020.01.01 ~ 2020.12.31,"62,718,416,760",제 36 기,2019.01.01 ~ 2019.12.31,"51,340,882,668",25,KRW,2021
20220318000520,11011,2021,00158325,030190,CFS,연결재무제표,IS,손익계산서,법인세차감전 순이익,제 38 기,2021.01.01 ~ 2021.12.31,"74,680,486,751",제 37 기,2020.01.01 ~ 2020.12.31,"61,171,483,398",제 36 기,2019.01.01 ~ 2019.12.31,"53,661,391,849",27,KRW,2021
20220318000520,11011,2021,00158325,030190,CFS,연결재무제표,IS,손익계산서,당기순이익(손실),제 38 기,2021.01.01 ~ 2021.12.31,"54,679,028,163",제 37 기,2020.01.01 ~ 2020.12.31,"47,176,003,670",제 36 기,2019.01.01 ~ 2019.12.31,"40,781,413,459",29,KRW,2021
20220318000520,11011,2021,00158325,030190,CFS,연결재무제표,IS,손익계산서,당기순이익(손실),제 38 기,2021.01.01 ~ 2021.12.31,"54,679,028,163",제 37 기,2020.01.01 ~ 2020.12.31,"47,176,003,670",제 36 기,2019.01.01 ~ 2019.12.31,"40,781,413,459",61,KRW,2021
20220318000520,11011,2021,00158325,030190,OFS,재무제표,BS,재무상태표,유동자산,제 38 기,2021.12.31 현재,"209,997,029,829",제 37 기,2020.12.31 현재,"174,782,147,868",제 36 기,2019.12.31 현재,"147,974,964,878",2,KRW,2021
20220318000520,11011,2021,00158325,030190,OFS,재무제표,BS,재무상태표,비유동자산,제 38 기,2021.12.31 현재,"206,801,050,027",제 37 기,2020.12.31 현재,"178,777,785,474",제 36 기,2019.12.31 현재,"164,360,000,578",4,KRW,2021
20220318000520,11011,2021,00158325,030190,OFS,재무제표,BS,재무상태표,자산총계,제 38 기,2021.12.31 현재,"416,798,079,856",제 37 기,2020.12.31 현재,"353,559,933,342",제 36 기,2019.12.31 현재,"312,334,965,456",6,KRW,2021
20220318000520,11011,2021,00158325,030190,OFS,재무제표,BS,재무상태표,유동부채,제 38 기,2021.12.31 현재,"108,546,417,979",제 37 기,2020.12.31 현재,"84,831,493,096",제 36 기,2019.12.31 현재,"70,641,353,510",8,KRW,2021
20220318000520,11011,2021,00158325,030190,OFS,재무제표,BS,재무상태표,비유동부채,제 38 기,2021.12.31 현재,"13,770,524,907",제 37 기,2020.12.31 현재,"14,059,303,990",제 36 기,2019.12.31 현재,"12,868,342,464",10,KRW,2021
20220318000520,11011,2021,00158325,030190,OFS,재무제표,BS,재무상태표,부채총계,제 38 기,2021.12.31 현재,"122,316,942,886",제 37 기,2020.12.31 현재,"98,890,797,086",제 36 기,2019.12.31 현재,"83,509,695,974",12,KRW,2021
20220318000520,11011,2021,00158325,030190,OFS,재무제표,BS,재무상태표,자본금,제 38 기,2021.12.31 현재,"30,357,410,000",제 37 기,2020.12.31 현재,"30,357,410,000",제 36 기,2019.12.31 현재,"30,357,410,000",15,KRW,2021
20220318000520,11011,2021,00158325,030190,OFS,재무제표,BS,재무상태표,이익잉여금,제 38 기,2021.12.31 현재,"226,187,239,374",제 37 기,2020.12.31 현재,"187,606,473,984",제 36 기,2019.12.31 현재,"155,608,367,332",19,KRW,2021
20220318000520,11011,2021,00158325,030190,OFS,재무제표,BS,재무상태표,자본총계,제 38 기,2021.12.31 현재,"294,481,136,970",제 37 기,2020.12.31 현재,"254,669,136,256",제 36 기,2019.12.31 현재,"228,825,269,482",22,KRW,2021
20220318000520,11011,2021,00158325,030190,OFS,재무제표,IS,손익계산서,매출액,제 38 기,2021.01.01 ~ 2021.12.31,"422,968,076,300",제 37 기,2020.01.01 ~ 2020.12.31,"381,901,466,484",제 36 기,2019.01.01 ~ 2019.12.31,"345,645,819,884",24,KRW,2021
20220318000520,11011,2021,00158325,030190,OFS,재무제표,IS,손익계산서,영업이익,제 38 기,2021.01.01 ~ 2021.12.31,"71,491,058,279",제 37 기,2020.01.01 ~ 2020.12.31,"59,984,925,444",제 36 기,2019.01.01 ~ 2019.12.31,"49,970,919,891",26,KRW,2021
20220318000520,11011,2021,00158325,030190,OFS,재무제표,IS,손익계산서,법인세차감전 순이익,제 38 기,2021.01.01 ~ 2021.12.31,"71,993,522,116",제 37 기,2020.01.01 ~ 2020.12.31,"58,639,050,410",제 36 기,2019.01.01 ~ 2019.12.31,"52,012,627,423",28,KRW,2021
20220318000520,11011,2021,00158325,030190,OFS,재무제표,IS,손익계산서,당기순이익(손실),제 38 기,2021.01.01 ~ 2021.12.31,"52,601,444,292",제 37 기,2020.01.01 ~ 2020.12.31,"44,989,252,968",제 36 기,2019.01.01 ~ 2019.12.31,"39,601,936,768",30,KRW,2021
20220318000520,11011,2021,00158325,030190,OFS,재무제표,IS,손익계산서,당기순이익(손실),제 38 기,2021.01.01 ~ 2021.12.31,"52,601,444,292",제 37 기,2020.01.01 ~ 2020.12.31,"44,989,252,968",제 36 기,2019.01.01 ~ 2019.12.31,"39,601,936,768",62,KRW,2021
20230317000824,11011,2022,00158325,030190,CFS,연결재무제표,BS,재무상태표,유동자산,제 39 기,2022.12.31 현재,"243,660,114,663",제 38 기,2021.12.31 현재,"238,046,495,848",제 37 기,2020.12.31 현재,"201,359,631,832",1,KRW,2022
20230317000824,11011,2022,00158325,030190,CFS,연결재무제표,BS,재무상태표,비유동자산,제 39 기,2022.12.31 현재,"237,431,347,457",제 38 기,2021.12.31 현재,"196,223,533,966",제 37 기,2020.12.31 현재,"167,443,999,082",3,KRW,2022
20230317000824,11011,2022,00158325,030190,CFS,연결재무제표,BS,재무상태표,자산총계,제 39 기,2022.12.31 현재,"481,091,462,120",제 38 기,2021.12.31 현재,"434,270,029,814",제 37 기,2020.12.31 현재,"368,803,630,914",5,KRW,2022
20230317000824,11011,2022,00158325,030190,CFS,연결재무제표,BS,재무상태표,유동부채,제 39 기,2022.12.31 현재,"122,789,700,288",제 38 기,2021.12.31 현재,"118,482,018,184",제 37 기,2020.12.31 현재,"95,590,904,779",7,KRW,2022
20230317000824,11011,2022,00158325,030190,CFS,연결재무제표,BS,재무상태표,비유동부채,제 39 기,2022.12.31 현재,"16,656,997,269",제 38 기,2021.12.31 현재,"14,243,145,488",제 37 기,2020.12.31 현재,"14,411,330,390",9,KRW,2022
20230317000824,11011,2022,00158325,030190,CFS,연결재무제표,BS,재무상태표,부채총계,제 39 기,2022.12.31 현재,"139,446,697,557",제 38 기,2021.12.31 현재,"132,725,163,672",제 37 기,2020.12.31 현재,"110,002,235,169",11,KRW,2022
20230317000824,11011,2022,00158325,030190,CFS,연결재무제표,BS,재무상태표,자본금,제 39 기,2022.12.31 현재,"30,357,410,000",제 38 기,2021.12.31 현재,"30,357,410,000",제 37 기,2020.12.31 현재,"30,357,410,000",13,KRW,2022
20230317000824,11011,2022,00158325,030190,CFS,연결재무제표,BS,재무상태표,이익잉여금,제 39 기,2022.12.31 현재,"269,920,369,546",제 38 기,2021.12.31 현재,"230,761,905,241",제 37 기,2020.12.31 현재,"189,764,004,494",17,KRW,2022
20230317000824,11011,2022,00158325,030190,CFS,연결재무제표,BS,재무상태표,자본총계,제 39 기,2022.12.31 현재,"341,644,764,563",제 38 기,2021.12.31 현재,"301,544,866,142",제 37 기,2020.12.31 현재,"258,801,395,745",21,KRW,2022
20230317000824,11011,2022,00158325,030190,CFS,연결재무제표,IS,손익계산서,매출액,제 39 기,2022.01.01 ~ 2022.12.31,"479,868,591,387",제 38 기,2021.01.01 ~ 2021.12.31,"484,797,305,616",제 37 기,2020.01.01 ~ 2020.12.31,"446,005,796,022",23,KRW,2022
20230317000824,11011,2022,00158325,030190,CFS,연결재무제표,IS,손익계산서,영업이익,제 39 기,2022.01.01 ~ 2022.12.31,"71,616,495,095",제 38 기,2021.01.01 ~ 2021.12.31,"72,604,608,652",제 37 기,2020.01.01 ~ 2020.12.31,"62,718,416,760",25,KRW,2022
20230317000824,11011,2022,00158325,030190,CFS,연결재무제표,IS,손익계산서,법인세차감전 순이익,제 39 기,2022.01.01 ~ 2022.12.31,"74,705,266,693",제 38 기,2021.01.01 ~ 2021.12.31,"74,680,486,751",제 37 기,2020.01.01 ~ 2020.12.31,"61,171,483,398",27,KRW,2022
20230317000824,11011,2022,00158325,030190,CFS,연결재무제표,IS,손익계산서,당기순이익(손실),제 39 기,2022.01.01 ~ 2022.12.31,"52,697,598,208",제 38 기,2021.01.01 ~ 2021.12.31,"54,679,028,163",제 37 기,2020.01.01 ~ 2020.12.31,"47,176,003,670",29,KRW,2022
20230317000824,11011,2022,00158325,030190,CFS,연결재무제표,IS,손익계산서,당기순이익(손실),제 39 기,2022.01.01 ~ 2022.12.31,"52,697,598,208",제 38 기,2021.01.01 ~ 2021.12.31,"54,679,028,163",제 37 기,2020.01.01 ~ 2020.12.31,"47,176,003,670",61,KRW,2022
20230317000824,11011,2022,00158325,030190,OFS,재무제표,BS,재무상태표,유동자산,제 39 기,2022.12.31 현재,"214,131,798,393",제 38 기,2021.12.31 현재,"209,997,029,829",제 37 기,2020.12.31 현재,"174,782,147,868",2,KRW,2022
20230317000824,11011,2022,00158325,030190,OFS,재무제표,BS,재무상태표,비유동자산,제 39 기,2022.12.31 현재,"245,512,305,888",제 38 기,2021.12.31 현재,"206,801,050,027",제 37 기,2020.12.31 현재,"178,777,785,474",4,KRW,2022
20230317000824,11011,2022,00158325,030190,OFS,재무제표,BS,재무상태표,자산총계,제 39 기,2022.12.31 현재,"459,644,104,281",제 38 기,2021.12.31 현재,"416,798,079,856",제 37 기,2020.12.31 현재,"353,559,933,342",6,KRW,2022
20230317000824,11011,2022,00158325,030190,OFS,재무제표,BS,재무상태표,유동부채,제 39 기,2022.12.31 현재,"111,278,695,535",제 38 기,2021.12.31 현재,"108,546,417,979",제 37 기,2020.12.31 현재,"84,831,493,096",8,KRW,2022
20230317000824,11011,2022,00158325,030190,OFS,재무제표,BS,재무상태표,비유동부채,제 39 기,2022.12.31 현재,"13,406,833,434",제 38 기,2021.12.31 현재,"13,770,524,907",제 37 기,2020.12.31 현재,"14,059,303,990",10,KRW,2022
20230317000824,11011,2022,00158325,030190,OFS,재무제표,BS,재무상태표,부채총계,제 39 기,2022.12.31 현재,"124,685,528,969",제 38 기,2021.12.31 현재,"122,316,942,886",제 37 기,2020.12.31 현재,"98,890,797,086",12,KRW,2022
20230317000824,11011,2022,00158325,030190,OFS,재무제표,BS,재무상태표,자본금,제 39 기,2022.12.31 현재,"30,357,410,000",제 38 기,2021.12.31 현재,"30,357,410,000",제 37 기,2020.12.31 현재,"30,357,410,000",15,KRW,2022
20230317000824,11011,2022,00158325,030190,OFS,재무제표,BS,재무상태표,이익잉여금,제 39 기,2022.12.31 현재,"265,621,620,034",제 38 기,2021.12.31 현재,"226,187,239,374",제 37 기,2020.12.31 현재,"187,606,473,984",19,KRW,2022
20230317000824,11011,2022,00158325,030190,OFS,재무제표,BS,재무상태표,자본총계,제 39 기,2022.12.31 현재,"334,958,575,312",제 38 기,2021.12.31 현재,"294,481,136,970",제 37 기,2020.12.31 현재,"254,669,136,256",22,KRW,2022
20230317000824,11011,2022,00158325,030190,OFS,재무제표,IS,손익계산서,매출액,제 39 기,2022.01.01 ~ 2022.12.31,"415,023,682,344",제 38 기,2021.01.01 ~ 2021.12.31,"422,968,076,300",제 37 기,2020.01.01 ~ 2020.12.31,"381,901,466,484",24,KRW,2022
20230317000824,11011,2022,00158325,030190,OFS,재무제표,IS,손익계산서,영업이익,제 39 기,2022.01.01 ~ 2022.12.31,"71,654,857,762",제 38 기,2021.01.01 ~ 2021.12.31,"71,491,058,279",제 37 기,2020.01.01 ~ 2020.12.31,"59,984,925,444",26,KRW,2022
20230317000824,11011,2022,00158325,030190,OFS,재무제표,IS,손익계산서,법인세차감전 순이익,제 39 기,2022.01.01 ~ 2022.12.31,"74,850,902,356",제 38 기,2021.01.01 ~ 2021.12.31,"71,993,522,116",제 37 기,2020.01.01 ~ 2020.12.31,"58,639,050,410",28,KRW,2022
20230317000824,11011,2022,00158325,030190,OFS,재무제표,IS,손익계산서,당기순이익(손실),제 39 기,2022.01.01 ~ 2022.12.31,"53,114,841,854",제 38 기,2021.01.01 ~ 2021.12.31,"52,601,444,292",제 37 기,2020.01.01 ~ 2020.12.31,"44,989,252,968",30,KRW,2022
20230317000824,11011,2022,00158325,030190,OFS,재무제표,IS,손익계산서,당기순이익(손실),제 39 기,2022.01.01 ~ 2022.12.31,"53,114,841,854",제 38 기,2021.01.01 ~ 2021.12.31,"52,601,444,292",제 37 기,2020.01.01 ~ 2020.12.31,"44,989,252,968",62,KRW,2022
20240319000797,11011,2023,00158325,030190,CFS,연결재무제표,BS,재무상태표,유동자산,제 40 기,2023.12.31 현재,"239,633,515,609",제 39 기,2022.12.31 현재,"243,660,114,663",제 38 기,2021.12.31 현재,"238,046,495,848",1,KRW,2023
20240319000797,11011,2023,00158325,030190,CFS,연결재무제표,BS,재무상태표,비유동자산,제 40 기,2023.12.31 현재,"254,076,179,603",제 39 기,2022.12.31 현재,"237,431,347,457",제 38 기,2021.12.31 현재,"196,223,533,966",3,KRW,2023
20240319000797,11011,2023,00158325,030190,CFS,연결재무제표,BS,재무상태표,자산총계,제 40 기,2023.12.31 현재,"493,709,695,212",제 39 기,2022.12.31 현재,"481,091,462,120",제 38 기,2021.12.31 현재,"434,270,029,814",5,KRW,2023
20240319000797,11011,2023,00158325,030190,CFS,연결재무제표,BS,재무상태표,유동부채,제 40 기,2023.12.31 현재,"108,182,596,843",제 39 기,2022.12.31 현재,"122,789,700,288",제 38 기,2021.12.31 현재,"118,482,018,184",7,KRW,2023
20240319000797,11011,2023,00158325,030190,CFS,연결재무제표,BS,재무상태표,비유동부채,제 40 기,2023.12.31 현재,"15,927,322,707",제 39 기,2022.12.31 현재,"16,656,997,269",제 38 기,2021.12.31 현재,"14,243,145,488",9,KRW,2023
20240319000797,11011,2023,00158325,030190,CFS,연결재무제표,BS,재무상태표,부채총계,제 40 기,2023.12.31 현재,"124,109,919,550",제 39 기,2022.12.31 현재,"139,446,697,557",제 38 기,2021.12.31 현재,"132,725,163,672",11,KRW,2023
20240319000797,11011,2023,00158325,030190,CFS,연결재무제표,BS,재무상태표,자본금,제 40 기,2023.12.31 현재,"30,357,410,000",제 39 기,2022.12.31 현재,"30,357,410,000",제 38 기,2021.12.31 현재,"30,357,410,000",13,KRW,2023
20240319000797,11011,2023,00158325,030190,CFS,연결재무제표,BS,재무상태표,이익잉여금,제 40 기,2023.12.31 현재,"295,835,814,931",제 39 기,2022.12.31 현재,"269,920,369,546",제 38 기,2021.12.31 현재,"230,761,905,241",17,KRW,2023
20240319000797,11011,2023,00158325,030190,CFS,연결재무제표,BS,재무상태표,자본총계,제 40 기,2023.12.31 현재,"369,599,775,662",제 39 기,2022.12.31 현재,"341,644,764,563",제 38 기,2021.12.31 현재,"301,544,866,142",21,KRW,2023
20240319000797,11011,2023,00158325,030190,CFS,연결재무제표,IS,손익계산서,매출액,제 40 기,2023.01.01 ~ 2023.12.31,"485,713,636,119",제 39 기,2022.01.01 ~ 2022.12.31,"479,868,591,387",제 38 기,2021.01.01 ~ 2021.12.31,"484,797,305,616",23,KRW,2023
20240319000797,11011,2023,00158325,030190,CFS,연결재무제표,IS,손익계산서,영업이익,제 40 기,2023.01.01 ~ 2023.12.31,"65,329,237,352",제 39 기,2022.01.01 ~ 2022.12.31,"71,616,495,095",제 38 기,2021.01.01 ~ 2021.12.31,"72,604,608,652",25,KRW,2023
20240319000797,11011,2023,00158325,030190,CFS,연결재무제표,IS,손익계산서,법인세차감전 순이익,제 40 기,2023.01.01 ~ 2023.12.31,"69,451,214,959",제 39 기,2022.01.01 ~ 2022.12.31,"74,705,266,693",제 38 기,2021.01.01 ~ 2021.12.31,"74,680,486,751",27,KRW,2023
20240319000797,11011,2023,00158325,030190,CFS,연결재무제표,IS,손익계산서,당기순이익(손실),제 40 기,2023.01.01 ~ 2023.12.31,"56,046,652,275",제 39 기,2022.01.01 ~ 2022.12.31,"52,697,598,208",제 38 기,2021.01.01 ~ 2021.12.31,"54,679,028,163",29,KRW,2023
20240319000797,11011,2023,00158325,030190,CFS,연결재무제표,IS,손익계산서,당기순이익(손실),제 40 기,2023.01.01 ~ 2023.12.31,"56,046,652,275",제 39 기,2022.01.01 ~ 2022.12.31,"52,697,598,208",제 38 기,2021.01.01 ~ 2021.12.31,"54,679,028,163",61,KRW,2023
20240319000797,11011,2023,00158325,030190,CFS,연결재무제표,IS,손익계산서,총포괄손익,제 40 기,2023.01.01 ~ 2023.12.31,"55,458,012,041",제 39 기,2022.01.01 ~ 2022.12.31,"61,168,026,679",제 38 기,2021.01.01 ~ 2021.12.31,"57,473,686,709",63,KRW,2023
20240319000797,11011,2023,00158325,030190,CFS,연결재무제표,IS,손익계산서,영업비용,제 40 기,2023.01.01 ~ 2023.12.31,"420,384,398,767",제 39 기,2022.01.01 ~ 2022.12.31,"408,252,096,292",제 38 기,2021.01.01 ~ 2021.12.31,"412,192,696,964",65,KRW,2023
20240319000797,11011,2023,00158325,030190,OFS,재무제표,BS,재무상태표,유동자산,제 40 기,2023.12.31 현재,"208,588,921,664",제 39 기,2022.12.31 현재,"214,131,798,393",제 38 기,2021.12.31 현재,"209,997,029,829",2,KRW,2023
20240319000797,11011,2023,00158325,030190,OFS,재무제표,BS,재무상태표,비유동자산,제 40 기,2023.12.31 현재,"260,717,500,048",제 39 기,2022.12.31 현재,"245,512,305,888",제 38 기,2021.12.31 현재,"206,801,050,027",4,KRW,2023
20240319000797,11011,2023,00158325,030190,OFS,재무제표,BS,재무상태표,자산총계,제 40 기,2023.12.31 현재,"469,306,421,712",제 39 기,2022.12.31 현재,"459,644,104,281",제 38 기,2021.12.31 현재,"416,798,079,856",6,KRW,2023
20240319000797,11011,2023,00158325,030190,OFS,재무제표,BS,재무상태표,유동부채,제 40 기,2023.12.31 현재,"94,700,782,587",제 39 기,2022.12.31 현재,"111,278,695,535",제 38 기,2021.12.31 현재,"108,546,417,979",8,KRW,2023
20240319000797,11011,2023,00158325,030190,OFS,재무제표,BS,재무상태표,비유동부채,제 40 기,2023.12.31 현재,"14,306,222,065",제 39 기,2022.12.31 현재,"13,406,833,434",제 38 기,2021.12.31 현재,"13,770,524,907",10,KRW,2023
20240319000797,11011,2023,00158325,030190,OFS,재무제표,BS,재무상태표,부채총계,제 40 기,2023.12.31 현재,"109,007,004,652",제 39 기,2022.12.31 현재,"124,685,528,969",제 38 기,2021.12.31 현재,"122,316,942,886",12,KRW,2023
20240319000797,11011,2023,00158325,030190,OFS,재무제표,BS,재무상태표,자본금,제 40 기,2023.12.31 현재,"30,357,410,000",제 39 기,2022.12.31 현재,"30,357,410,000",제 38 기,2021.12.31 현재,"30,357,410,000",15,KRW,2023
20240319000797,11011,2023,00158325,030190,OFS,재무제표,BS,재무상태표,이익잉여금,제 40 기,2023.12.31 현재,"292,990,408,675",제 39 기,2022.12.31 현재,"265,621,620,034",제 38 기,2021.12.31 현재,"226,187,239,374",19,KRW,2023
20240319000797,11011,2023,00158325,030190,OFS,재무제표,BS,재무상태표,자본총계,제 40 기,2023.12.31 현재,"360,299,417,060",제 39 기,2022.12.31 현재,"334,958,575,312",제 38 기,2021.12.31 현재,"294,481,136,970",22,KRW,2023
20240319000797,11011,2023,00158325,030190,OFS,재무제표,IS,손익계산서,매출액,제 40 기,2023.01.01 ~ 2023.12.31,"419,498,048,315",제 39 기,2022.01.01 ~ 2022.12.31,"415,023,682,344",제 38 기,2021.01.01 ~ 2021.12.31,"422,968,076,300",24,KRW,2023
20240319000797,11011,2023,00158325,030190,OFS,재무제표,IS,손익계산서,영업이익,제 40 기,2023.01.01 ~ 2023.12.31,"66,321,105,306",제 39 기,2022.01.01 ~ 2022.12.31,"71,654,857,762",제 38 기,2021.01.01 ~ 2021.12.31,"71,491,058,279",26,KRW,2023
20240319000797,11011,2023,00158325,030190,OFS,재무제표,IS,손익계산서,법인세차감전 순이익,제 40 기,2023.01.01 ~ 2023.12.31,"68,908,590,333",제 39 기,2022.01.01 ~ 2022.12.31,"74,850,902,356",제 38 기,2021.01.01 ~ 2021.12.31,"71,993,522,116",28,KRW,2023
20240319000797,11011,2023,00158325,030190,OFS,재무제표,IS,손익계산서,당기순이익(손실),제 40 기,2023.01.01 ~ 2023.12.31,"56,906,419,369",제 39 기,2022.01.01 ~ 2022.12.31,"53,114,841,854",제 38 기,2021.01.01 ~ 2021.12.31,"52,601,444,292",30,KRW,2023
20240319000797,11011,2023,00158325,030190,OFS,재무제표,IS,손익계산서,당기순이익(손실),제 40 기,2023.01.01 ~ 2023.12.31,"56,906,419,369",제 39 기,2022.01.01 ~ 2022.12.31,"53,114,841,854",제 38 기,2021.01.01 ~ 2021.12.31,"52,601,444,292",62,KRW,2023
20240319000797,11011,2023,00158325,030190,OFS,재무제표,IS,손익계산서,총포괄손익,제 40 기,2023.01.01 ~ 2023.12.31,"55,091,571,240",제 39 기,2022.01.01 ~ 2022.12.31,"59,162,702,350",제 38 기,2021.01.01 ~ 2021.12.31,"55,021,033,465",64,KRW,2023
20240319000797,11011,2023,00158325,030190,OFS,재무제표,IS,손익계산서,영업비용,제 40 기,2023.01.01 ~ 2023.12.31,"353,176,943,009",제 39 기,2022.01.01 ~ 2022.12.31,"343,368,824,582",제 38 기,2021.01.01 ~ 2021.12.31,"351,477,018,021",66,KRW,2023
20250314001653,11011,2024,00158325,030190,CFS,연결재무제표,BS,재무상태표,유동자산,제 41 기,2024.12.31 현재,"273,006,123,077",제 40 기,2023.12.31 현재,"239,633,515,609",제 39 기,2022.12.31 현재,"243,660,114,663",1,KRW,2024
20250314001653,11011,2024,00158325,030190,CFS,연결재무제표,BS,재무상태표,비유동자산,제 41 기,2024.12.31 현재,"312,661,077,661",제 40 기,2023.12.31 현재,"254,076,179,603",제 39 기,2022.12.31 현재,"237,431,347,457",3,KRW,2024
20250314001653,11011,2024,00158325,030190,CFS,연결재무제표,BS,재무상태표,자산총계,제 41 기,2024.12.31 현재,"585,667,200,738",제 40 기,2023.12.31 현재,"493,709,695,212",제 39 기,2022.12.31 현재,"481,091,462,120",5,KRW,2024
20250314001653,11011,2024,00158325,030190,CFS,연결재무제표,BS,재무상태표,유동부채,제 41 기,2024.12.31 현재,"144,087,439,540",제 40 기,2023.12.31 현재,"108,182,596,843",제 39 기,2022.12.31 현재,"122,789,700,288",7,KRW,2024
20250314001653,11011,2024,00158325,030190,CFS,연결재무제표,BS,재무상태표,비유동부채,제 41 기,2024.12.31 현재,"24,841,430,237",제 40 기,2023.12.31 현재,"15,927,322,707",제 39 기,2022.12.31 현재,"16,656,997,269",9,KRW,2024
20250314001653,11011,2024,00158325,030190,CFS,연결재무제표,BS,재무상태표,부채총계,제 41 기,2024.12.31 현재,"168,928,869,777",제 40 기,2023.12.31 현재,"124,109,919,550",제 39 기,2022.12.31 현재,"139,446,697,557",11,KRW,2024
20250314001653,11011,2024,00158325,030190,CFS,연결재무제표,BS,재무상태표,자본금,제 41 기,2024.12.31 현재,"30,357,410,000",제 40 기,2023.12.31 현재,"30,357,410,000",제 39 기,2022.12.31 현재,"30,357,410,000",13,KRW,2024
20250314001653,11011,2024,00158325,030190,CFS,연결재무제표,BS,재무상태표,이익잉여금,제 41 기,2024.12.31 현재,"341,443,546,840",제 40 기,2023.12.31 현재,"295,835,814,931",제 39 기,2022.12.31 현재,"269,920,369,546",17,KRW,2024
20250314001653,11011,2024,00158325,030190,CFS,연결재무제표,BS,재무상태표,자본총계,제 41 기,2024.12.31 현재,"416,738,330,961",제 40 기,2023.12.31 현재,"369,599,775,662",제 39 기,2022.12.31 현재,"341,644,764,563",21,KRW,2024
20250314001653,11011,2024,00158325,030190,CFS,연결재무제표,IS,손익계산서,매출액,제 41 기,2024.01.01 ~ 2024.12.31,"535,031,889,316",제 40 기,2023.01.01 ~ 2023.12.31,"485,713,636,119",제 39 기,2022.01.01 ~ 2022.12.31,"479,868,591,387",23,KRW,2024
20250314001653,11011,2024,00158325,030190,CFS,연결재무제표,IS,손익계산서,영업이익,제 41 기,2024.01.01 ~ 2024.12.31,"86,788,428,829",제 40 기,2023.01.01 ~ 2023.12.31,"65,329,237,352",제 39 기,2022.01.01 ~ 2022.12.31,"71,616,495,095",25,KRW,2024
20250314001653,11011,2024,00158325,030190,CFS,연결재무제표,IS,손익계산서,법인세차감전 순이익,제 41 기,2024.01.01 ~ 2024.12.31,"96,351,286,952",제 40 기,2023.01.01 ~ 2023.12.31,"69,451,214,959",제 39 기,2022.01.01 ~ 2022.12.31,"74,705,266,693",27,KRW,2024
20250314001653,11011,2024,00158325,030190,CFS,연결재무제표,IS,손익계산서,당기순이익(손실),제 41 기,2024.01.01 ~ 2024.12.31,"76,030,945,393",제 40 기,2023.01.01 ~ 2023.12.31,"56,046,652,275",제 39 기,2022.01.01 ~ 2022.12.31,"52,697,598,208",29,KRW,2024
20250314001653,11011,2024,00158325,030190,CFS,연결재무제표,IS,손익계산서,당기순이익(손실),제 41 기,2024.01.01 ~ 2024.12.31,"76,030,945,393",제 40 기,2023.01.01 ~ 2023.12.31,"56,046,652,275",제 39 기,2022.01.01 ~ 2022.12.31,"52,697,598,208",61,KRW,2024
20250314001653,11011,2024,00158325,030190,CFS,연결재무제표,IS,손익계산서,총포괄손익,제 41 기,2024.01.01 ~ 2024.12.31,"74,143,126,812",제 40 기,2023.01.01 ~ 2023.12.31,"55,458,012,041",제 39 기,2022.01.01 ~ 2022.12.31,"61,168,026,679",63,KRW,2024
20250314001653,11011,2024,00158325,030190,CFS,연결재무제표,IS,손익계산서,영업비용,제 41 기,2024.01.01 ~ 2024.12.31,"448,243,460,487",제 40 기,2023.01.01 ~ 2023.12.31,"420,384,398,767",제 39 기,2022.01.01 ~ 2022.12.31,"408,252,096,292",65,KRW,2024
20250314001653,11011,2024,00158325,030190,OFS,재무제표,BS,재무상태표,유동자산,제 41 기,2024.12.31 현재,"182,467,384,710",제 40 기,2023.12.31 현재,"208,588,921,664",제 39 기,2022.12.31 현재,"214,131,798,393",2,KRW,2024
20250314001653,11011,2024,00158325,030190,OFS,재무제표,BS,재무상태표,비유동자산,제 41 기,2024.12.31 현재,"329,159,654,683",제 40 기,2023.12.31 현재,"260,717,500,048",제 39 기,2022.12.31 현재,"245,512,305,888",4,KRW,2024
20250314001653,11011,2024,00158325,030190,OFS,재무제표,BS,재무상태표,자산총계,제 41 기,2024.12.31 현재,"511,627,039,393",제 40 기,2023.12.31 현재,"469,306,421,712",제 39 기,2022.12.31 현재,"459,644,104,281",6,KRW,2024
20250314001653,11011,2024,00158325,030190,OFS,재무제표,BS,재무상태표,유동부채,제 41 기,2024.12.31 현재,"103,495,398,695",제 40 기,2023.12.31 현재,"94,700,782,587",제 39 기,2022.12.31 현재,"111,278,695,535",8,KRW,2024
20250314001653,11011,2024,00158325,030190,OFS,재무제표,BS,재무상태표,비유동부채,제 41 기,2024.12.31 현재,"14,101,096,729",제 40 기,2023.12.31 현재,"14,306,222,065",제 39 기,2022.12.31 현재,"13,406,833,434",10,KRW,2024
20250314001653,11011,2024,00158325,030190,OFS,재무제표,BS,재무상태표,부채총계,제 41 기,2024.12.31 현재,"117,596,495,424",제 40 기,2023.12.31 현재,"109,007,004,652",제 39 기,2022.12.31 현재,"124,685,528,969",12,KRW,2024
20250314001653,11011,2024,00158325,030190,OFS,재무제표,BS,재무상태표,자본금,제 41 기,2024.12.31 현재,"30,357,410,000",제 40 기,2023.12.31 현재,"30,357,410,000",제 39 기,2022.12.31 현재,"30,357,410,000",15,KRW,2024
20250314001653,11011,2024,00158325,030190,OFS,재무제표,BS,재무상태표,이익잉여금,제 41 기,2024.12.31 현재,"327,115,136,464",제 40 기,2023.12.31 현재,"292,990,408,675",제 39 기,2022.12.31 현재,"265,621,620,034",19,KRW,2024
20250314001653,11011,2024,00158325,030190,OFS,재무제표,BS,재무상태표,자본총계,제 41 기,2024.12.31 현재,"394,030,543,969",제 40 기,2023.12.31 현재,"360,299,417,060",제 39 기,2022.12.31 현재,"334,958,575,312",22,KRW,2024
20250314001653,11011,2024,00158325,030190,OFS,재무제표,IS,손익계산서,매출액,제 41 기,2024.01.01 ~ 2024.12.31,"442,593,326,289",제 40 기,2023.01.01 ~ 2023.12.31,"419,498,048,315",제 39 기,2022.01.01 ~ 2022.12.31,"415,023,682,344",24,KRW,2024
20250314001653,11011,2024,00158325,030190,OFS,재무제표,IS,손익계산서,영업이익,제 41 기,2024.01.01 ~ 2024.12.31,"81,540,307,495",제 40 기,2023.01.01 ~ 2023.12.31,"66,321,105,306",제 39 기,2022.01.01 ~ 2022.12.31,"71,654,857,762",26,KRW,2024
20250314001653,11011,2024,00158325,030190,OFS,재무제표,IS,손익계산서,법인세차감전 순이익,제 41 기,2024.01.01 ~ 2024.12.31,"82,579,701,316",제 40 기,2023.01.01 ~ 2023.12.31,"68,908,590,333",제 39 기,2022.01.01 ~ 2022.12.31,"74,850,902,356",28,KRW,2024
20250314001653,11011,2024,00158325,030190,OFS,재무제표,IS,손익계산서,당기순이익(손실),제 41 기,2024.01.01 ~ 2024.12.31,"64,084,661,243",제 40 기,2023.01.01 ~ 2023.12.31,"56,906,419,369",제 39 기,2022.01.01 ~ 2022.12.31,"53,114,841,854",30,KRW,2024
20250314001653,11011,2024,00158325,030190,OFS,재무제표,IS,손익계산서,당기순이익(손실),제 41 기,2024.01.01 ~ 2024.12.31,"64,084,661,243",제 40 기,2023.01.01 ~ 2023.12.31,"56,906,419,369",제 39 기,2022.01.01 ~ 2022.12.31,"53,114,841,854",62,KRW,2024
20250314001653,11011,2024,00158325,030190,OFS,재무제표,IS,손익계산서,총포괄손익,제 41 기,2024.01.01 ~ 2024.12.31,"63,926,517,149",제 40 기,2023.01.01 ~ 2023.12.31,"55,091,571,240",제 39 기,2022.01.01 ~ 2022.12.31,"59,162,702,350",64,KRW,2024
20250314001653,11011,2024,00158325,030190,OFS,재무제표,IS,손익계산서,영업비용,제 41 기,2024.01.01 ~ 2024.12.31,"361,053,018,794",제 40 기,2023.01.01 ~ 2023.12.31,"353,176,943,009",제 39 기,2022.01.01 ~ 2022.12.31,"343,368,824,582",66,KRW,2024
20240315000658,11011,2023,01770203,462520,CFS,연결재무제표,BS,재무상태표,유동자산,제 1 기,2023.12.31 현재,"191,014,588,036",,,-,,,-,1,KRW,2023
20240315000658,11011,2023,01770203,462520,CFS,연결재무제표,BS,재무상태표,비유동자산,제 1 기,2023.12.31 현재,"247,019,194,857",,,-,,,-,3,KRW,2023
20240315000658,11011,2023,01770203,462520,CFS,연결재무제표,BS,재무상태표,자산총계,제 1 기,2023.12.31 현재,"438,033,782,893",,,-,,,-,5,KRW,2023
20240315000658,11011,2023,01770203,462520,CFS,연결재무제표,BS,재무상태표,유동부채,제 1 기,2023.12.31 현재,"208,318,896,606",,,-,,,-,7,KRW,2023
20240315000658,11011,2023,01770203,462520,CFS,연결재무제표,BS,재무상태표,비유동부채,제 1 기,2023.12.31 현재,"8,889,649,221",,,-,,,-,9,KRW,2023
20240315000658,11011,2023,01770203,462520,CFS,연결재무제표,BS,재무상태표,부채총계,제 1 기,2023.12.31 현재,"217,208,545,827",,,-,,,-,11,KRW,2023
20240315000658,11011,2023,01770203,462520,CFS,연결재무제표,BS,재무상태표,자본금,제 1 기,2023.12.31 현재,"5,927,584,000",,,-,,,-,13,KRW,2023
20240315000658,11011,2023,01770203,462520,CFS,연결재무제표,BS,재무상태표,이익잉여금,제 1 기,2023.12.31 현재,"23,583,497,833",,,-,,,-,17,KRW,2023
20240315000658,11011,2023,01770203,462520,CFS,연결재무제표,BS,재무상태표,자본총계,제 1 기,2023.12.31 현재,"220,825,237,066",,,-,,,-,21,KRW,2023
20240315000658,11011,2023,01770203,462520,CFS,연결재무제표,IS,손익계산서,매출액,제 1 기,2023.07.01 ~ 2023.12.31,"279,366,908,292",,,-,,,-,23,KRW,2023
20240315000658,11011,2023,01770203,462520,CFS,연결재무제표,IS,손익계산서,영업이익,제 1 기,2023.07.01 ~ 2023.12.31,"31,851,793,726",,,-,,,-,25,KRW,2023
20240315000658,11011,2023,01770203,462520,CFS,연결재무제표,IS,손익계산서,법인세차감전 순이익,제 1 기,2023.07.01 ~ 2023.12.31,"30,392,099,400",,,-,,,-,27,KRW,2023
20240315000658,11011,2023,01770203,462520,CFS,연결재무제표,IS,손익계산서,당기순이익(손실),제 1 기,2023.07.01 ~ 2023.12.31,"24,143,455,808",,,-,,,-,29,KRW,2023
20240315000658,11011,2023,01770203,462520,CFS,연결재무제표,IS,손익계산서,당기순이익(손실),제 1 기,2023.07.01 ~ 2023.12.31,"24,143,455,808",,,-,,,-,61,KRW,2023
20240315000658,11011,2023,01770203,462520,CFS,연결재무제표,IS,손익계산서,총포괄손익,제 1 기,2023.07.01 ~ 2023.12.31,"17,742,547,650",,,-,,,-,63,KRW,2023
20240315000658,11011,2023,01770203,462520,OFS,재무제표,BS,재무상태표,유동자산,제 1 기,2023.12.31 현재,"165,115,786,255",,,-,,,-,2,KRW,2023
20240315000658,11011,2023,01770203,462520,OFS,재무제표,BS,재무상태표,비유동자산,제 1 기,2023.12.31 현재,"214,351,593,763",,,-,,,-,4,KRW,2023
20240315000658,11011,2023,01770203,462520,OFS,재무제표,BS,재무상태표,자산총계,제 1 기,2023.12.31 현재,"379,467,380,018",,,-,,,-,6,KRW,2023
20240315000658,11011,2023,01770203,462520,OFS,재무제표,BS,재무상태표,유동부채,제 1 기,2023.12.31 현재,"195,250,924,727",,,-,,,-,8,KRW,2023
20240315000658,11011,2023,01770203,462520,OFS,재무제표,BS,재무상태표,비유동부채,제 1 기,2023.12.31 현재,"3,604,489,255",,,-,,,-,10,KRW,2023
20240315000658,11011,2023,01770203,462520,OFS,재무제표,BS,재무상태표,부채총계,제 1 기,2023.12.31 현재,"198,855,413,982",,,-,,,-,12,KRW,2023
20240315000658,11011,2023,01770203,462520,OFS,재무제표,BS,재무상태표,자본금,제 1 기,2023.12.31 현재,"5,927,584,000",,,-,,,-,15,KRW,2023
20240315000658,11011,2023,01770203,462520,OFS,재무제표,BS,재무상태표,이익잉여금,제 1 기,2023.12.31 현재,"21,236,438,292",,,-,,,-,19,KRW,2023
20240315000658,11011,2023,01770203,462520,OFS,재무제표,BS,재무상태표,자본총계,제 1 기,2023.12.31 현재,"180,611,966,036",,,-,,,-,22,KRW,2023
20240315000658,11011,2023,01770203,462520,OFS,재무제표,IS,손익계산서,매출액,제 1 기,2023.07.01 ~ 2023.12.31,"262,465,656,451",,,-,,,-,24,KRW,2023
20240315000658,11011,2023,01770203,462520,OFS,재무제표,IS,손익계산서,영업이익,제 1 기,2023.07.01 ~ 2023.12.31,"29,021,529,087",,,-,,,-,26,KRW,2023
20240315000658,11011,2023,01770203,462520,OFS,재무제표,IS,손익계산서,법인세차감전 순이익,제 1 기,2023.07.01 ~ 2023.12.31,"27,861,418,090",,,-,,,-,28,KRW,2023
20240315000658,11011,2023,01770203,462520,OFS,재무제표,IS,손익계산서,당기순이익(손실),제 1 기,2023.07.01 ~ 2023.12.31,"21,236,438,292",,,-,,,-,30,KRW,2023
20240315000658,11011,2023,01770203,462520,OFS,재무제표,IS,손익계산서,당기순이익(손실),제 1 기,2023.07.01 ~ 2023.12.31,"21,236,438,292",,,-,,,-,62,KRW,2023
20240315000658,11011,2023,01770203,462520,OFS,재무제표,IS,손익계산서,총포괄손익,제 1 기,2023.07.01 ~ 2023.12.31,"19,071,452,518",,,-,,,-,64,KRW,2023
20250311000815,11011,2024,01770203,462520,CFS,연결재무제표,BS,재무상태표,유동자산,제 2 기,2024.12.31 현재,"234,272,761,000",제 1 기,2023.12.31 현재,"191,014,588,000",,,-,1,KRW,2024
20250311000815,11011,2024,01770203,462520,CFS,연결재무제표,BS,재무상태표,비유동자산,제 2 기,2024.12.31 현재,"341,265,452,000",제 1 기,2023.12.31 현재,"247,019,195,000",,,-,3,KRW,2024
20250311000815,11011,2024,01770203,462520,CFS,연결재무제표,BS,재무상태표,자산총계,제 2 기,2024.12.31 현재,"575,538,213,000",제 1 기,2023.12.31 현재,"438,033,783,000",,,-,5,KRW,2024
20250311000815,11011,2024,01770203,462520,CFS,연결재무제표,BS,재무상태표,유동부채,제 2 기,2024.12.31 현재,"320,102,740,000",제 1 기,2023.12.31 현재,"208,318,897,000",,,-,7,KRW,2024
20250311000815,11011,2024,01770203,462520,CFS,연결재무제표,BS,재무상태표,비유동부채,제 2 기,2024.12.31 현재,"14,009,798,000",제 1 기,2023.12.31 현재,"8,889,649,000",,,-,9,KRW,2024
20250311000815,11011,2024,01770203,462520,CFS,연결재무제표,BS,재무상태표,부채총계,제 2 기,2024.12.31 현재,"334,112,538,000",제 1 기,2023.12.31 현재,"217,208,546,000",,,-,11,KRW,2024
20250311000815,11011,2024,01770203,462520,CFS,연결재무제표,BS,재무상태표,자본금,제 2 기,2024.12.31 현재,"5,927,584,000",제 1 기,2023.12.31 현재,"5,927,584,000",,,-,13,KRW,2024
20250311000815,11011,2024,01770203,462520,CFS,연결재무제표,BS,재무상태표,이익잉여금,제 2 기,2024.12.31 현재,"23,431,580,000",제 1 기,2023.12.31 현재,"23,583,499,000",,,-,17,KRW,2024
20250311000815,11011,2024,01770203,462520,CFS,연결재무제표,BS,재무상태표,자본총계,제 2 기,2024.12.31 현재,"241,425,675,000",제 1 기,2023.12.31 현재,"220,825,237,000",,,-,21,KRW,2024
20250311000815,11011,2024,01770203,462520,CFS,연결재무제표,IS,손익계산서,매출액,제 2 기,2024.01.01 ~ 2024.12.31,"500,640,282,000",제 1 기,2023.07.01 ~ 2023.12.31,"279,366,908,000",,,-,23,KRW,2024
20250311000815,11011,2024,01770203,462520,CFS,연결재무제표,IS,손익계산서,영업이익,제 2 기,2024.01.01 ~ 2024.12.31,"20,019,112,000",제 1 기,2023.07.01 ~ 2023.12.31,"31,851,794,000",,,-,25,KRW,2024
20250311000815,11011,2024,01770203,462520,CFS,연결재무제표,IS,손익계산서,법인세차감전 순이익,제 2 기,2024.01.01 ~ 2024.12.31,"11,937,069,000",제 1 기,2023.07.01 ~ 2023.12.31,"30,392,099,000",,,-,27,KRW,2024
20250311000815,11011,2024,01770203,462520,CFS,연결재무제표,IS,손익계산서,당기순이익(손실),제 2 기,2024.01.01 ~ 2024.12.31,"6,641,641,000",제 1 기,2023.07.01 ~ 2023.12.31,"24,143,456,000",,,-,29,KRW,2024
20250311000815,11011,2024,01770203,462520,CFS,연결재무제표,IS,손익계산서,당기순이익(손실),제 2 기,2024.01.01 ~ 2024.12.31,"6,641,641,000",제 1 기,2023.07.01 ~ 2023.12.31,"24,143,456,000",,,-,61,KRW,2024
20250311000815,11011,2024,01770203,462520,CFS,연결재무제표,IS,손익계산서,총포괄손익,제 2 기,2024.01.01 ~ 2024.12.31,"20,004,670,000",제 1 기,2023.07.01 ~ 2023.12.31,"17,742,548,000",,,-,63,KRW,2024
20250311000815,11011,2024,01770203,462520,OFS,재무제표,BS,재무상태표,유동자산,제 2 기,2024.12.31 현재,"144,757,576,000",제 1 기,2023.12.31 현재,"165,115,786,000",,,-,2,KRW,2024
20250311000815,11011,2024,01770203,462520,OFS,재무제표,BS,재무상태표,비유동자산,제 2 기,2024.12.31 현재,"360,168,096,000",제 1 기,2023.12.31 현재,"214,351,594,000",,,-,4,KRW,2024
20250311000815,11011,2024,01770203,462520,OFS,재무제표,BS,재무상태표,자산총계,제 2 기,2024.12.31 현재,"504,925,672,000",제 1 기,2023.12.31 현재,"379,467,380,000",,,-,6,KRW,2024
20250311000815,11011,2024,01770203,462520,OFS,재무제표,BS,재무상태표,유동부채,제 2 기,2024.12.31 현재,"303,979,700,000",제 1 기,2023.12.31 현재,"195,250,925,000",,,-,8,KRW,2024
20250311000815,11011,2024,01770203,462520,OFS,재무제표,BS,재무상태표,비유동부채,제 2 기,2024.12.31 현재,"8,020,288,000",제 1 기,2023.12.31 현재,"3,604,489,000",,,-,10,KRW,2024
20250311000815,11011,2024,01770203,462520,OFS,재무제표,BS,재무상태표,부채총계,제 2 기,2024.12.31 현재,"311,999,988,000",제 1 기,2023.12.31 현재,"198,855,414,000",,,-,12,KRW,2024
20250311000815,11011,2024,01770203,462520,OFS,재무제표,BS,재무상태표,자본금,제 2 기,2024.12.31 현재,"5,927,584,000",제 1 기,2023.12.31 현재,"5,927,584,000",,,-,15,KRW,2024
20250311000815,11011,2024,01770203,462520,OFS,재무제표,BS,재무상태표,이익잉여금,제 2 기,2024.12.31 현재,"26,239,345,000",제 1 기,2023.12.31 현재,"21,236,439,000",,,-,19,KRW,2024
20250311000815,11011,2024,01770203,462520,OFS,재무제표,BS,재무상태표,자본총계,제 2 기,2024.12.31 현재,"192,925,684,000",제 1 기,2023.12.31 현재,"180,611,966,000",,,-,22,KRW,2024
20250311000815,11011,2024,01770203,462520,OFS,재무제표,IS,손익계산서,매출액,제 2 기,2024.01.01 ~ 2024.12.31,"465,779,641,000",제 1 기,2023.07.01 ~ 2023.12.31,"262,465,657,000",,,-,24,KRW,2024
20250311000815,11011,2024,01770203,462520,OFS,재무제표,IS,손익계산서,영업이익,제 2 기,2024.01.01 ~ 2024.12.31,"17,360,371,000",제 1 기,2023.07.01 ~ 2023.12.31,"29,021,529,000",,,-,26,KRW,2024
20250311000815,11011,2024,01770203,462520,OFS,재무제표,IS,손익계산서,법인세차감전 순이익,제 2 기,2024.01.01 ~ 2024.12.31,"15,164,223,000",제 1 기,2023.07.01 ~ 2023.12.31,"27,861,418,000",,,-,28,KRW,2024
20250311000815,11011,2024,01770203,462520,OFS,재무제표,IS,손익계산서,당기순이익(손실),제 2 기,2024.01.01 ~ 2024.12.31,"10,980,315,000",제 1 기,2023.07.01 ~ 2023.12.31,"21,236,438,000",,,-,30,KRW,2024
20250311000815,11011,2024,01770203,462520,OFS,재무제표,IS,손익계산서,당기순이익(손실),제 2 기,2024.01.01 ~ 2024.12.31,"10,980,315,000",제 1 기,2023.07.01 ~ 2023.12.31,"21,236,438,000",,,-,62,KRW,2024
20250311000815,11011,2024,01770203,462520,OFS,재무제표,IS,손익계산서,총포괄손익,제 2 기,2024.01.01 ~ 2024.12.31,"21,793,025,000",제 1 기,2023.07.01 ~ 2023.12.31,"19,071,453,000",,,-,64,KRW,2024
20190620000077,11011,2018,00447609,090460,CFS,연결재무제표,BS,재무상태표,유동자산,제 20 기,2018.12.31 현재,"242,169,816,519",제 19 기,2017.12.31 현재,"336,138,924,743",제 18 기,2016.12.31 현재,"154,353,070,171",1,KRW,2018
20190620000077,11011,2018,00447609,090460,CFS,연결재무제표,BS,재무상태표,비유동자산,제 20 기,2018.12.31 현재,"227,586,321,199",제 19 기,2017.12.31 현재,"183,667,077,060",제 18 기,2016.12.31 현재,"156,269,355,025",3,KRW,2018
20190620000077,11011,2018,00447609,090460,CFS,연결재무제표,BS,재무상태표,자산총계,제 20 기,2018.12.31 현재,"469,756,137,718",제 19 기,2017.12.31 현재,"519,806,001,803",제 18 기,2016.12.31 현재,"310,622,425,196",5,KRW,2018
20190620000077,11011,2018,00447609,090460,CFS,연결재무제표,BS,재무상태표,유동부채,제 20 기,2018.12.31 현재,"232,066,451,088",제 19 기,2017.12.31 현재,"255,951,805,484",제 18 기,2016.12.31 현재,"126,907,246,688",7,KRW,2018
20190620000077,11011,2018,00447609,090460,CFS,연결재무제표,BS,재무상태표,비유동부채,제 20 기,2018.12.31 현재,"49,779,167,095",제 19 기,2017.12.31 현재,"111,096,957,664",제 18 기,2016.12.31 현재,"77,681,123,477",9,KRW,2018
20190620000077,11011,2018,00447609,090460,CFS,연결재무제표,BS,재무상태표,부채총계,제 20 기,2018.12.31 현재,"281,845,618,183",제 19 기,2017.12.31 현재,"367,048,763,148",제 18 기,2016.12.31 현재,"204,588,370,165",11,KRW,2018
20190620000077,11011,2018,00447609,090460,CFS,연결재무제표,BS,재무상태표,자본금,제 20 기,2018.12.31 현재,"15,689,888,000",제 19 기,2017.12.31 현재,"15,634,888,000",제 18 기,2016.12.31 현재,"7,817,444,000",13,KRW,2018
20190620000077,11011,2018,00447609,090460,CFS,연결재무제표,BS,재무상태표,이익잉여금,제 20 기,2018.12.31 현재,"186,597,025,170",제 19 기,2017.12.31 현재,"105,028,371,208",제 18 기,2016.12.31 현재,"59,748,914,625",17,KRW,2018
20190620000077,11011,2018,00447609,090460,CFS,연결재무제표,BS,재무상태표,자본총계,제 20 기,2018.12.31 현재,"187,910,519,535",제 19 기,2017.12.31 현재,"152,757,238,655",제 18 기,2016.12.31 현재,"106,034,055,031",21,KRW,2018
20190620000077,11011,2018,00447609,090460,CFS,연결재무제표,IS,손익계산서,매출액,제 20 기,2018.01.01 ~ 2018.12.31,"767,882,469,568",제 19 기,2017.01.01 ~ 2017.12.31,"691,341,626,549",제 18 기,2016.01.01 ~ 2016.12.31,"371,953,544,578",23,KRW,2018
20190620000077,11011,2018,00447609,090460,CFS,연결재무제표,IS,손익계산서,영업이익,제 20 기,2018.01.01 ~ 2018.12.31,"91,029,824,734",제 19 기,2017.01.01 ~ 2017.12.31,"75,731,189,950",제 18 기,2016.01.01 ~ 2016.12.31,"-25,782,419,140",25,KRW,2018
20190620000077,11011,2018,00447609,090460,CFS,연결재무제표,IS,손익계산서,법인세차감전 순이익,제 20 기,2018.01.01 ~ 2018.12.31,"99,234,763,792",제 19 기,2017.01.01 ~ 2017.12.31,"58,689,521,716",제 18 기,2016.01.01 ~ 2016.12.31,"-28,247,284,796",27,KRW,2018
20190620000077,11011,2018,00447609,090460,CFS,연결재무제표,IS,손익계산서,당기순이익(손실),제 20 기,2018.01.01 ~ 2018.12.31,"81,634,647,434",제 19 기,2017.01.01 ~ 2017.12.31,"46,380,928,626",제 18 기,2016.01.01 ~ 2016.12.31,"-24,498,437,330",29,KRW,2018
20190620000077,11011,2018,00447609,090460,CFS,연결재무제표,IS,손익계산서,당기순이익(손실),제 20 기,2018.01.01 ~ 2018.12.31,"81,634,647,434",제 19 기,2017.01.01 ~ 2017.12.31,"46,380,928,626",제 18 기,2016.01.01 ~ 2016.12.31,"-24,498,437,330",61,KRW,2018
20190620000077,11011,2018,00447609,090460,OFS,재무제표,BS,재무상태표,유동자산,제 20 기,2018.12.31 현재,"250,920,260,530",제 19 기,2017.12.31 현재,"297,934,977,720",제 18 기,2016.12.31 현재,"148,102,876,482",2,KRW,2018
20190620000077,11011,2018,00447609,090460,OFS,재무제표,BS,재무상태표,비유동자산,제 20 기,2018.12.31 현재,"135,039,523,975",제 19 기,2017.12.31 현재,"127,961,777,599",제 18 기,2016.12.31 현재,"137,119,088,637",4,KRW,2018
20190620000077,11011,2018,00447609,090460,OFS,재무제표,BS,재무상태표,자산총계,제 20 기,2018.12.31 현재,"385,959,784,505",제 19 기,2017.12.31 현재,"425,896,755,319",제 18 기,2016.12.31 현재,"285,221,965,119",6,KRW,2018
20190620000077,11011,2018,00447609,090460,OFS,재무제표,BS,재무상태표,유동부채,제 20 기,2018.12.31 현재,"175,876,826,446",제 19 기,2017.12.31 현재,"179,984,288,177",제 18 기,2016.12.31 현재,"107,059,365,449",8,KRW,2018
20190620000077,11011,2018,00447609,090460,OFS,재무제표,BS,재무상태표,비유동부채,제 20 기,2018.12.31 현재,"36,563,948,283",제 19 기,2017.12.31 현재,"91,791,686,373",제 18 기,2016.12.31 현재,"55,461,170,303",10,KRW,2018
20190620000077,11011,2018,00447609,090460,OFS,재무제표,BS,재무상태표,부채총계,제 20 기,2018.12.31 현재,"212,440,774,729",제 19 기,2017.12.31 현재,"271,775,974,550",제 18 기,2016.12.31 현재,"162,520,535,752",12,KRW,2018
20190620000077,11011,2018,00447609,090460,OFS,재무제표,BS,재무상태표,자본금,제 20 기,2018.12.31 현재,"15,689,888,000",제 19 기,2017.12.31 현재,"15,634,888,000",제 18 기,2016.12.31 현재,"7,817,444,000",15,KRW,2018
20190620000077,11011,2018,00447609,090460,OFS,재무제표,BS,재무상태표,이익잉여금,제 20 기,2018.12.31 현재,"173,545,403,790",제 19 기,2017.12.31 현재,"105,426,046,016",제 18 기,2016.12.31 현재,"74,423,939,709",19,KRW,2018
20190620000077,11011,2018,00447609,090460,OFS,재무제표,BS,재무상태표,자본총계,제 20 기,2018.12.31 현재,"173,519,009,776",제 19 기,2017.12.31 현재,"154,120,780,769",제 18 기,2016.12.31 현재,"122,701,429,367",22,KRW,2018
20190620000077,11011,2018,00447609,090460,OFS,재무제표,IS,손익계산서,매출액,제 20 기,2018.01.01 ~ 2018.12.31,"473,574,349,264",제 19 기,2017.01.01 ~ 2017.12.31,"513,248,234,234",제 18 기,2016.01.01 ~ 2016.12.31,"296,715,579,528",24,KRW,2018
20190620000077,11011,2018,00447609,090460,OFS,재무제표,IS,손익계산서,영업이익,제 20 기,2018.01.01 ~ 2018.12.31,"68,806,898,252",제 19 기,2017.01.01 ~ 2017.12.31,"65,951,439,359",제 18 기,2016.01.01 ~ 2016.12.31,"-19,561,037,317",26,KRW,2018
20190620000077,11011,2018,00447609,090460,OFS,재무제표,IS,손익계산서,법인세차감전 순이익,제 20 기,2018.01.01 ~ 2018.12.31,"87,228,621,304",제 19 기,2017.01.01 ~ 2017.12.31,"40,616,422,768",제 18 기,2016.01.01 ~ 2016.12.31,"-20,077,874,120",28,KRW,2018
20190620000077,11011,2018,00447609,090460,OFS,재무제표,IS,손익계산서,당기순이익(손실),제 20 기,2018.01.01 ~ 2018.12.31,"68,196,730,280",제 19 기,2017.01.01 ~ 2017.12.31,"31,912,461,736",제 18 기,2016.01.01 ~ 2016.12.31,"-16,445,330,899",30,KRW,2018
20190620000077,11011,2018,00447609,090460,OFS,재무제표,IS,손익계산서,당기순이익(손실),제 20 기,2018.01.01 ~ 2018.12.31,"68,196,730,280",제 19 기,2017.01.01 ~ 2017.12.31,"31,912,461,736",제 18 기,2016.01.01 ~ 2016.12.31,"-16,445,330,899",62,KRW,2018
20200330000561,11011,2019,00447609,090460,CFS,연결재무제표,BS,재무상태표,유동자산,제 21 기,2019.12.31 현재,"232,725,404,322",제 20 기,2018.12.31 현재,"242,169,816,519",제 19 기,2017.12.31 현재,"336,138,924,743",1,KRW,2019
20200330000561,11011,2019,00447609,090460,CFS,연결재무제표,BS,재무상태표,비유동자산,제 21 기,2019.12.31 현재,"245,218,391,251",제 20 기,2018.12.31 현재,"227,586,321,199",제 19 기,2017.12.31 현재,"183,667,077,060",3,KRW,2019
20200330000561,11011,2019,00447609,090460,CFS,연결재무제표,BS,재무상태표,자산총계,제 21 기,2019.12.31 현재,"477,943,795,573",제 20 기,2018.12.31 현재,"469,756,137,718",제 19 기,2017.12.31 현재,"519,806,001,803",5,KRW,2019
20200330000561,11011,2019,00447609,090460,CFS,연결재무제표,BS,재무상태표,유동부채,제 21 기,2019.12.31 현재,"174,409,315,762",제 20 기,2018.12.31 현재,"232,066,451,088",제 19 기,2017.12.31 현재,"255,951,805,484",7,KRW,2019
20200330000561,11011,2019,00447609,090460,CFS,연결재무제표,BS,재무상태표,비유동부채,제 21 기,2019.12.31 현재,"24,076,410,035",제 20 기,2018.12.31 현재,"49,779,167,095",제 19 기,2017.12.31 현재,"111,096,957,664",9,KRW,2019
20200330000561,11011,2019,00447609,090460,CFS,연결재무제표,BS,재무상태표,부채총계,제 21 기,2019.12.31 현재,"198,485,725,797",제 20 기,2018.12.31 현재,"281,845,618,183",제 19 기,2017.12.31 현재,"367,048,763,148",11,KRW,2019
20200330000561,11011,2019,00447609,090460,CFS,연결재무제표,BS,재무상태표,자본금,제 21 기,2019.12.31 현재,"16,340,234,000",제 20 기,2018.12.31 현재,"15,689,888,000",제 19 기,2017.12.31 현재,"15,634,888,000",13,KRW,2019
20200330000561,11011,2019,00447609,090460,CFS,연결재무제표,BS,재무상태표,이익잉여금,제 21 기,2019.12.31 현재,"252,991,093,089",제 20 기,2018.12.31 현재,"188,882,227,954",제 19 기,2017.12.31 현재,"105,028,371,208",17,KRW,2019
20200330000561,11011,2019,00447609,090460,CFS,연결재무제표,BS,재무상태표,자본총계,제 21 기,2019.12.31 현재,"279,458,069,776",제 20 기,2018.12.31 현재,"187,910,519,535",제 19 기,2017.12.31 현재,"152,757,238,655",21,KRW,2019
20200330000561,11011,2019,00447609,090460,CFS,연결재무제표,IS,손익계산서,매출액,제 21 기,2019.01.01 ~ 2019.12.31,"654,853,721,434",제 20 기,2018.01.01 ~ 2018.12.31,"767,882,469,568",제 19 기,2017.01.01 ~ 2017.12.31,"691,341,626,549",23,KRW,2019
20200330000561,11011,2019,00447609,090460,CFS,연결재무제표,IS,손익계산서,영업이익,제 21 기,2019.01.01 ~ 2019.12.31,"62,568,027,030",제 20 기,2018.01.01 ~ 2018.12.31,"91,029,824,734",제 19 기,2017.01.01 ~ 2017.12.31,"75,731,189,950",25,KRW,2019
20200330000561,11011,2019,00447609,090460,CFS,연결재무제표,IS,손익계산서,법인세차감전 순이익,제 21 기,2019.01.01 ~ 2019.12.31,"66,531,547,764",제 20 기,2018.01.01 ~ 2018.12.31,"102,164,510,951",제 19 기,2017.01.01 ~ 2017.12.31,"58,689,521,716",27,KRW,2019
20200330000561,11011,2019,00447609,090460,CFS,연결재무제표,IS,손익계산서,당기순이익(손실),제 21 기,2019.01.01 ~ 2019.12.31,"56,601,199,305",제 20 기,2018.01.01 ~ 2018.12.31,"83,919,850,218",제 19 기,2017.01.01 ~ 2017.12.31,"46,380,928,626",29,KRW,2019
20200330000561,11011,2019,00447609,090460,CFS,연결재무제표,IS,손익계산서,당기순이익(손실),제 21 기,2019.01.01 ~ 2019.12.31,"56,601,199,305",제 20 기,2018.01.01 ~ 2018.12.31,"83,919,850,218",제 19 기,2017.01.01 ~ 2017.12.31,"46,380,928,626",61,KRW,2019
20200330000561,11011,2019,00447609,090460,OFS,재무제표,BS,재무상태표,유동자산,제 21 기,2019.12.31 현재,"248,435,014,992",제 20 기,2018.12.31 현재,"250,920,260,530",제 19 기,2017.12.31 현재,"297,934,977,720",2,KRW,2019
20200330000561,11011,2019,00447609,090460,OFS,재무제표,BS,재무상태표,비유동자산,제 21 기,2019.12.31 현재,"126,680,586,301",제 20 기,2018.12.31 현재,"135,039,523,975",제 19 기,2017.12.31 현재,"127,961,777,599",4,KRW,2019
20200330000561,11011,2019,00447609,090460,OFS,재무제표,BS,재무상태표,자산총계,제 21 기,2019.12.31 현재,"375,115,601,293",제 20 기,2018.12.31 현재,"385,959,784,505",제 19 기,2017.12.31 현재,"425,896,755,319",6,KRW,2019
20200330000561,11011,2019,00447609,090460,OFS,재무제표,BS,재무상태표,유동부채,제 21 기,2019.12.31 현재,"118,571,221,048",제 20 기,2018.12.31 현재,"175,876,826,446",제 19 기,2017.12.31 현재,"179,984,288,177",8,KRW,2019
20200330000561,11011,2019,00447609,090460,OFS,재무제표,BS,재무상태표,비유동부채,제 21 기,2019.12.31 현재,"16,625,478,241",제 20 기,2018.12.31 현재,"36,563,948,283",제 19 기,2017.12.31 현재,"91,791,686,373",10,KRW,2019
20200330000561,11011,2019,00447609,090460,OFS,재무제표,BS,재무상태표,부채총계,제 21 기,2019.12.31 현재,"135,196,699,289",제 20 기,2018.12.31 현재,"212,440,774,729",제 19 기,2017.12.31 현재,"271,775,974,550",12,KRW,2019
20200330000561,11011,2019,00447609,090460,OFS,재무제표,BS,재무상태표,자본금,제 21 기,2019.12.31 현재,"16,340,234,000",제 20 기,2018.12.31 현재,"15,689,888,000",제 19 기,2017.12.31 현재,"15,634,888,000",15,KRW,2019
20200330000561,11011,2019,00447609,090460,OFS,재무제표,BS,재무상태표,이익잉여금,제 21 기,2019.12.31 현재,"214,533,341,940",제 20 기,2018.12.31 현재,"173,545,403,790",제 19 기,2017.12.31 현재,"105,426,046,016",19,KRW,2019
20200330000561,11011,2019,00447609,090460,OFS,재무제표,BS,재무상태표,자본총계,제 21 기,2019.12.31 현재,"239,918,902,004",제 20 기,2018.12.31 현재,"173,519,009,776",제 19 기,2017.12.31 현재,"154,120,780,769",22,KRW,2019
20200330000561,11011,2019,00447609,090460,OFS,재무제표,IS,손익계산서,매출액,제 21 기,2019.01.01 ~ 2019.12.31,"351,927,255,326",제 20 기,2018.01.01 ~ 2018.12.31,"473,574,349,264",제 19 기,2017.01.01 ~ 2017.12.31,"513,248,234,234",24,KRW,2019
20200330000561,11011,2019,00447609,090460,OFS,재무제표,IS,손익계산서,영업이익,제 21 기,2019.01.01 ~ 2019.12.31,"32,647,961,445",제 20 기,2018.01.01 ~ 2018.12.31,"68,806,898,252",제 19 기,2017.01.01 ~ 2017.12.31,"65,951,439,359",26,KRW,2019
20200330000561,11011,2019,00447609,090460,OFS,재무제표,IS,손익계산서,법인세차감전 순이익,제 21 기,2019.01.01 ~ 2019.12.31,"41,750,276,689",제 20 기,2018.01.01 ~ 2018.12.31,"87,228,621,304",제 19 기,2017.01.01 ~ 2017.12.31,"40,616,422,768",28,KRW,2019
20200330000561,11011,2019,00447609,090460,OFS,재무제표,IS,손익계산서,당기순이익(손실),제 21 기,2019.01.01 ~ 2019.12.31,"33,521,387,643",제 20 기,2018.01.01 ~ 2018.12.31,"68,196,730,280",제 19 기,2017.01.01 ~ 2017.12.31,"31,912,461,736",30,KRW,2019
20200330000561,11011,2019,00447609,090460,OFS,재무제표,IS,손익계산서,당기순이익(손실),제 21 기,2019.01.01 ~ 2019.12.31,"33,521,387,643",제 20 기,2018.01.01 ~ 2018.12.31,"68,196,730,280",제 19 기,2017.01.01 ~ 2017.12.31,"31,912,461,736",62,KRW,2019
20210331002350,11011,2020,00447609,090460,CFS,연결재무제표,BS,재무상태표,유동자산,제 22 기,2020.12.31 현재,"302,183,106,112",제 21 기,2019.12.31 현재,"232,725,404,322",제 20 기,2018.12.31 현재,"242,169,816,519",1,KRW,2020
20210331002350,11011,2020,00447609,090460,CFS,연결재무제표,BS,재무상태표,비유동자산,제 22 기,2020.12.31 현재,"258,937,302,381",제 21 기,2019.12.31 현재,"245,218,391,251",제 20 기,2018.12.31 현재,"227,586,321,199",3,KRW,2020
20210331002350,11011,2020,00447609,090460,CFS,연결재무제표,BS,재무상태표,자산총계,제 22 기,2020.12.31 현재,"561,120,408,493",제 21 기,2019.12.31 현재,"477,943,795,573",제 20 기,2018.12.31 현재,"469,756,137,718",5,KRW,2020
20210331002350,11011,2020,00447609,090460,CFS,연결재무제표,BS,재무상태표,유동부채,제 22 기,2020.12.31 현재,"226,640,749,125",제 21 기,2019.12.31 현재,"174,409,315,762",제 20 기,2018.12.31 현재,"232,066,451,088",7,KRW,2020
20210331002350,11011,2020,00447609,090460,CFS,연결재무제표,BS,재무상태표,비유동부채,제 22 기,2020.12.31 현재,"17,502,386,757",제 21 기,2019.12.31 현재,"24,076,410,035",제 20 기,2018.12.31 현재,"49,779,167,095",9,KRW,2020
20210331002350,11011,2020,00447609,090460,CFS,연결재무제표,BS,재무상태표,부채총계,제 22 기,2020.12.31 현재,"244,143,135,882",제 21 기,2019.12.31 현재,"198,485,725,797",제 20 기,2018.12.31 현재,"281,845,618,183",11,KRW,2020
20210331002350,11011,2020,00447609,090460,CFS,연결재무제표,BS,재무상태표,자본금,제 22 기,2020.12.31 현재,"16,736,344,000",제 21 기,2019.12.31 현재,"16,340,234,000",제 20 기,2018.12.31 현재,"15,689,888,000",13,KRW,2020
20210331002350,11011,2020,00447609,090460,CFS,연결재무제표,BS,재무상태표,이익잉여금,제 22 기,2020.12.31 현재,"279,166,289,542",제 21 기,2019.12.31 현재,"252,991,093,089",제 20 기,2018.12.31 현재,"186,597,025,170",17,KRW,2020
20210331002350,11011,2020,00447609,090460,CFS,연결재무제표,BS,재무상태표,자본총계,제 22 기,2020.12.31 현재,"316,977,272,611",제 21 기,2019.12.31 현재,"279,458,069,776",제 20 기,2018.12.31 현재,"187,910,519,535",21,KRW,2020
20210331002350,11011,2020,00447609,090460,CFS,연결재무제표,IS,손익계산서,매출액,제 22 기,2020.01.01 ~ 2020.12.31,"721,358,197,178",제 21 기,2019.01.01 ~ 2019.12.31,"654,853,721,434",제 20 기,2018.01.01 ~ 2018.12.31,"767,882,469,568",23,KRW,2020
20210331002350,11011,2020,00447609,090460,CFS,연결재무제표,IS,손익계산서,영업이익,제 22 기,2020.01.01 ~ 2020.12.31,"34,045,702,993",제 21 기,2019.01.01 ~ 2019.12.31,"62,568,027,030",제 20 기,2018.01.01 ~ 2018.12.31,"91,029,824,734",25,KRW,2020
20210331002350,11011,2020,00447609,090460,CFS,연결재무제표,IS,손익계산서,법인세차감전 순이익,제 22 기,2020.01.01 ~ 2020.12.31,"33,876,025,485",제 21 기,2019.01.01 ~ 2019.12.31,"66,531,547,764",제 20 기,2018.01.01 ~ 2018.12.31,"102,164,510,951",27,KRW,2020
20210331002350,11011,2020,00447609,090460,CFS,연결재무제표,IS,손익계산서,당기순이익(손실),제 22 기,2020.01.01 ~ 2020.12.31,"25,903,845,202",제 21 기,2019.01.01 ~ 2019.12.31,"56,601,199,305",제 20 기,2018.01.01 ~ 2018.12.31,"83,919,850,218",29,KRW,2020
20210331002350,11011,2020,00447609,090460,CFS,연결재무제표,IS,손익계산서,당기순이익(손실),제 22 기,2020.01.01 ~ 2020.12.31,"25,903,845,202",제 21 기,2019.01.01 ~ 2019.12.31,"56,601,199,305",제 20 기,2018.01.01 ~ 2018.12.31,"83,919,850,218",61,KRW,2020
20210331002350,11011,2020,00447609,090460,OFS,재무제표,BS,재무상태표,유동자산,제 22 기,2020.12.31 현재,"280,073,709,296",제 21 기,2019.12.31 현재,"248,435,014,992",제 20 기,2018.12.31 현재,"250,920,260,530",2,KRW,2020
20210331002350,11011,2020,00447609,090460,OFS,재무제표,BS,재무상태표,비유동자산,제 22 기,2020.12.31 현재,"121,328,992,377",제 21 기,2019.12.31 현재,"126,680,586,301",제 20 기,2018.12.31 현재,"135,039,523,975",4,KRW,2020
20210331002350,11011,2020,00447609,090460,OFS,재무제표,BS,재무상태표,자산총계,제 22 기,2020.12.31 현재,"401,402,701,673",제 21 기,2019.12.31 현재,"375,115,601,293",제 20 기,2018.12.31 현재,"385,959,784,505",6,KRW,2020
20210331002350,11011,2020,00447609,090460,OFS,재무제표,BS,재무상태표,유동부채,제 22 기,2020.12.31 현재,"143,066,661,589",제 21 기,2019.12.31 현재,"118,571,221,048",제 20 기,2018.12.31 현재,"175,876,826,446",8,KRW,2020
20210331002350,11011,2020,00447609,090460,OFS,재무제표,BS,재무상태표,비유동부채,제 22 기,2020.12.31 현재,"11,790,542,569",제 21 기,2019.12.31 현재,"16,625,478,241",제 20 기,2018.12.31 현재,"36,563,948,283",10,KRW,2020
20210331002350,11011,2020,00447609,090460,OFS,재무제표,BS,재무상태표,부채총계,제 22 기,2020.12.31 현재,"154,857,204,158",제 21 기,2019.12.31 현재,"135,196,699,289",제 20 기,2018.12.31 현재,"212,440,774,729",12,KRW,2020
20210331002350,11011,2020,00447609,090460,OFS,재무제표,BS,재무상태표,자본금,제 22 기,2020.12.31 현재,"16,736,344,000",제 21 기,2019.12.31 현재,"16,340,234,000",제 20 기,2018.12.31 현재,"15,689,888,000",15,KRW,2020
20210331002350,11011,2020,00447609,090460,OFS,재무제표,BS,재무상태표,이익잉여금,제 22 기,2020.12.31 현재,"204,151,043,217",제 21 기,2019.12.31 현재,"214,533,341,940",제 20 기,2018.12.31 현재,"173,545,403,790",19,KRW,2020
20210331002350,11011,2020,00447609,090460,OFS,재무제표,BS,재무상태표,자본총계,제 22 기,2020.12.31 현재,"246,545,497,515",제 21 기,2019.12.31 현재,"239,918,902,004",제 20 기,2018.12.31 현재,"173,519,009,776",22,KRW,2020
20210331002350,11011,2020,00447609,090460,OFS,재무제표,IS,손익계산서,매출액,제 22 기,2020.01.01 ~ 2020.12.31,"323,300,321,751",제 21 기,2019.01.01 ~ 2019.12.31,"351,927,255,326",제 20 기,2018.01.01 ~ 2018.12.31,"473,574,349,264",24,KRW,2020
20210331002350,11011,2020,00447609,090460,OFS,재무제표,IS,손익계산서,영업이익,제 22 기,2020.01.01 ~ 2020.12.31,"5,330,313,944",제 21 기,2019.01.01 ~ 2019.12.31,"32,647,961,445",제 20 기,2018.01.01 ~ 2018.12.31,"68,806,898,252",26,KRW,2020
20210331002350,11011,2020,00447609,090460,OFS,재무제표,IS,손익계산서,법인세차감전 순이익,제 22 기,2020.01.01 ~ 2020.12.31,"-1,493,980,524",제 21 기,2019.01.01 ~ 2019.12.31,"41,750,276,689",제 20 기,2018.01.01 ~ 2018.12.31,"87,228,621,304",28,KRW,2020
20210331002350,11011,2020,00447609,090460,OFS,재무제표,IS,손익계산서,당기순이익(손실),제 22 기,2020.01.01 ~ 2020.12.31,"-10,616,841,870",제 21 기,2019.01.01 ~ 2019.12.31,"33,521,387,643",제 20 기,2018.01.01 ~ 2018.12.31,"68,196,730,280",30,KRW,2020
20210331002350,11011,2020,00447609,090460,OFS,재무제표,IS,손익계산서,당기순이익(손실),제 22 기,2020.01.01 ~ 2020.12.31,"-10,616,841,870",제 21 기,2019.01.01 ~ 2019.12.31,"33,521,387,643",제 20 기,2018.01.01 ~ 2018.12.31,"68,196,730,280",62,KRW,2020
20220317000686,11011,2021,00447609,090460,CFS,연결재무제표,BS,재무상태표,유동자산,제 23 기,2021.12.31 현재,"505,029,567,771",제 22 기,2020.12.31 현재,"302,183,106,112",제 21 기,2019.12.31 현재,"232,725,404,322",1,KRW,2021
20220317000686,11011,2021,00447609,090460,CFS,연결재무제표,BS,재무상태표,비유동자산,제 23 기,2021.12.31 현재,"288,370,854,653",제 22 기,2020.12.31 현재,"258,937,302,381",제 21 기,2019.12.31 현재,"245,218,391,251",3,KRW,2021
20220317000686,11011,2021,00447609,090460,CFS,연결재무제표,BS,재무상태표,자산총계,제 23 기,2021.12.31 현재,"793,400,422,424",제 22 기,2020.12.31 현재,"561,120,408,493",제 21 기,2019.12.31 현재,"477,943,795,573",5,KRW,2021
20220317000686,11011,2021,00447609,090460,CFS,연결재무제표,BS,재무상태표,유동부채,제 23 기,2021.12.31 현재,"371,498,083,286",제 22 기,2020.12.31 현재,"226,640,749,125",제 21 기,2019.12.31 현재,"174,409,315,762",7,KRW,2021
20220317000686,11011,2021,00447609,090460,CFS,연결재무제표,BS,재무상태표,비유동부채,제 23 기,2021.12.31 현재,"13,925,485,074",제 22 기,2020.12.31 현재,"17,502,386,757",제 21 기,2019.12.31 현재,"24,076,410,035",9,KRW,2021
20220317000686,11011,2021,00447609,090460,CFS,연결재무제표,BS,재무상태표,부채총계,제 23 기,2021.12.31 현재,"385,423,568,360",제 22 기,2020.12.31 현재,"244,143,135,882",제 21 기,2019.12.31 현재,"198,485,725,797",11,KRW,2021
20220317000686,11011,2021,00447609,090460,CFS,연결재무제표,BS,재무상태표,자본금,제 23 기,2021.12.31 현재,"16,905,036,000",제 22 기,2020.12.31 현재,"16,736,344,000",제 21 기,2019.12.31 현재,"16,340,234,000",13,KRW,2021
20220317000686,11011,2021,00447609,090460,CFS,연결재무제표,BS,재무상태표,이익잉여금,제 23 기,2021.12.31 현재,"350,334,199,269",제 22 기,2020.12.31 현재,"279,166,289,542",제 21 기,2019.12.31 현재,"252,991,093,089",17,KRW,2021
20220317000686,11011,2021,00447609,090460,CFS,연결재무제표,BS,재무상태표,자본총계,제 23 기,2021.12.31 현재,"407,976,854,064",제 22 기,2020.12.31 현재,"316,977,272,611",제 21 기,2019.12.31 현재,"279,458,069,776",21,KRW,2021
20220317000686,11011,2021,00447609,090460,CFS,연결재무제표,IS,손익계산서,매출액,제 23 기,2021.01.01 ~ 2021.12.31,"1,036,962,656,916",제 22 기,2020.01.01 ~ 2020.12.31,"721,358,197,178",제 21 기,2019.01.01 ~ 2019.12.31,"654,853,721,434",23,KRW,2021
20220317000686,11011,2021,00447609,090460,CFS,연결재무제표,IS,손익계산서,영업이익,제 23 기,2021.01.01 ~ 2021.12.31,"71,085,420,062",제 22 기,2020.01.01 ~ 2020.12.31,"34,045,702,993",제 21 기,2019.01.01 ~ 2019.12.31,"62,568,027,030",25,KRW,2021
20220317000686,11011,2021,00447609,090460,CFS,연결재무제표,IS,손익계산서,법인세차감전 순이익,제 23 기,2021.01.01 ~ 2021.12.31,"104,434,075,689",제 22 기,2020.01.01 ~ 2020.12.31,"33,876,025,485",제 21 기,2019.01.01 ~ 2019.12.31,"66,531,547,764",27,KRW,2021
20220317000686,11011,2021,00447609,090460,CFS,연결재무제표,IS,손익계산서,당기순이익(손실),제 23 기,2021.01.01 ~ 2021.12.31,"81,735,535,426",제 22 기,2020.01.01 ~ 2020.12.31,"25,903,845,202",제 21 기,2019.01.01 ~ 2019.12.31,"56,601,199,305",29,KRW,2021
20220317000686,11011,2021,00447609,090460,CFS,연결재무제표,IS,손익계산서,당기순이익(손실),제 23 기,2021.01.01 ~ 2021.12.31,"81,735,535,426",제 22 기,2020.01.01 ~ 2020.12.31,"25,903,845,202",제 21 기,2019.01.01 ~ 2019.12.31,"56,601,199,305",61,KRW,2021
20220317000686,11011,2021,00447609,090460,OFS,재무제표,BS,재무상태표,유동자산,제 23 기,2021.12.31 현재,"369,074,524,904",제 22 기,2020.12.31 현재,"280,073,709,296",제 21 기,2019.12.31 현재,"248,435,014,992",2,KRW,2021
20220317000686,11011,2021,00447609,090460,OFS,재무제표,BS,재무상태표,비유동자산,제 23 기,2021.12.31 현재,"124,635,068,838",제 22 기,2020.12.31 현재,"121,328,992,377",제 21 기,2019.12.31 현재,"126,680,586,301",4,KRW,2021
20220317000686,11011,2021,00447609,090460,OFS,재무제표,BS,재무상태표,자산총계,제 23 기,2021.12.31 현재,"493,709,593,742",제 22 기,2020.12.31 현재,"401,402,701,673",제 21 기,2019.12.31 현재,"375,115,601,293",6,KRW,2021
20220317000686,11011,2021,00447609,090460,OFS,재무제표,BS,재무상태표,유동부채,제 23 기,2021.12.31 현재,"161,903,952,238",제 22 기,2020.12.31 현재,"143,066,661,589",제 21 기,2019.12.31 현재,"118,571,221,048",8,KRW,2021
20220317000686,11011,2021,00447609,090460,OFS,재무제표,BS,재무상태표,비유동부채,제 23 기,2021.12.31 현재,"11,355,610,419",제 22 기,2020.12.31 현재,"11,790,542,569",제 21 기,2019.12.31 현재,"16,625,478,241",10,KRW,2021
20220317000686,11011,2021,00447609,090460,OFS,재무제표,BS,재무상태표,부채총계,제 23 기,2021.12.31 현재,"173,259,562,657",제 22 기,2020.12.31 현재,"154,857,204,158",제 21 기,2019.12.31 현재,"135,196,699,289",12,KRW,2021
20220317000686,11011,2021,00447609,090460,OFS,재무제표,BS,재무상태표,자본금,제 23 기,2021.12.31 현재,"16,905,036,000",제 22 기,2020.12.31 현재,"16,736,344,000",제 21 기,2019.12.31 현재,"16,340,234,000",15,KRW,2021
20220317000686,11011,2021,00447609,090460,OFS,재무제표,BS,재무상태표,이익잉여금,제 23 기,2021.12.31 현재,"267,861,608,965",제 22 기,2020.12.31 현재,"204,151,043,217",제 21 기,2019.12.31 현재,"214,533,341,940",19,KRW,2021
20220317000686,11011,2021,00447609,090460,OFS,재무제표,BS,재무상태표,자본총계,제 23 기,2021.12.31 현재,"320,450,031,085",제 22 기,2020.12.31 현재,"246,545,497,515",제 21 기,2019.12.31 현재,"239,918,902,004",22,KRW,2021
20220317000686,11011,2021,00447609,090460,OFS,재무제표,IS,손익계산서,매출액,제 23 기,2021.01.01 ~ 2021.12.31,"443,080,894,332",제 22 기,2020.01.01 ~ 2020.12.31,"323,300,321,751",제 21 기,2019.01.01 ~ 2019.12.31,"351,927,255,326",24,KRW,2021
20220317000686,11011,2021,00447609,090460,OFS,재무제표,IS,손익계산서,영업이익,제 23 기,2021.01.01 ~ 2021.12.31,"76,911,494,573",제 22 기,2020.01.01 ~ 2020.12.31,"5,330,313,944",제 21 기,2019.01.01 ~ 2019.12.31,"32,647,961,445",26,KRW,2021
20220317000686,11011,2021,00447609,090460,OFS,재무제표,IS,손익계산서,법인세차감전 순이익,제 23 기,2021.01.01 ~ 2021.12.31,"95,951,928,600",제 22 기,2020.01.01 ~ 2020.12.31,"-1,493,980,524",제 21 기,2019.01.01 ~ 2019.12.31,"41,750,276,689",28,KRW,2021
20220317000686,11011,2021,00447609,090460,OFS,재무제표,IS,손익계산서,당기순이익(손실),제 23 기,2021.01.01 ~ 2021.12.31,"74,255,345,453",제 22 기,2020.01.01 ~ 2020.12.31,"-10,616,841,870",제 21 기,2019.01.01 ~ 2019.12.31,"33,521,387,643",30,KRW,2021
20220317000686,11011,2021,00447609,090460,OFS,재무제표,IS,손익계산서,당기순이익(손실),제 23 기,2021.01.01 ~ 2021.12.31,"74,255,345,453",제 22 기,2020.01.01 ~ 2020.12.31,"-10,616,841,870",제 21 기,2019.01.01 ~ 2019.12.31,"33,521,387,643",62,KRW,2021
20230323000767,11011,2022,00447609,090460,CFS,연결재무제표,BS,재무상태표,유동자산,제 24 기,2022.12.31 현재,"529,238,911,435",제 23 기,2021.12.31 현재,"505,029,567,771",제 22 기,2020.12.31 현재,"302,183,106,112",1,KRW,2022
20230323000767,11011,2022,00447609,090460,CFS,연결재무제표,BS,재무상태표,비유동자산,제 24 기,2022.12.31 현재,"478,076,454,635",제 23 기,2021.12.31 현재,"288,370,854,653",제 22 기,2020.12.31 현재,"258,937,302,381",3,KRW,2022
20230323000767,11011,2022,00447609,090460,CFS,연결재무제표,BS,재무상태표,자산총계,제 24 기,2022.12.31 현재,"1,007,315,366,070",제 23 기,2021.12.31 현재,"793,400,422,424",제 22 기,2020.12.31 현재,"561,120,408,493",5,KRW,2022
20230323000767,11011,2022,00447609,090460,CFS,연결재무제표,BS,재무상태표,유동부채,제 24 기,2022.12.31 현재,"412,054,834,185",제 23 기,2021.12.31 현재,"371,498,083,286",제 22 기,2020.12.31 현재,"226,640,749,125",7,KRW,2022
20230323000767,11011,2022,00447609,090460,CFS,연결재무제표,BS,재무상태표,비유동부채,제 24 기,2022.12.31 현재,"17,285,302,386",제 23 기,2021.12.31 현재,"13,925,485,074",제 22 기,2020.12.31 현재,"17,502,386,757",9,KRW,2022
20230323000767,11011,2022,00447609,090460,CFS,연결재무제표,BS,재무상태표,부채총계,제 24 기,2022.12.31 현재,"429,340,136,571",제 23 기,2021.12.31 현재,"385,423,568,360",제 22 기,2020.12.31 현재,"244,143,135,882",11,KRW,2022
20230323000767,11011,2022,00447609,090460,CFS,연결재무제표,BS,재무상태표,자본금,제 24 기,2022.12.31 현재,"17,232,189,500",제 23 기,2021.12.31 현재,"16,905,036,000",제 22 기,2020.12.31 현재,"16,736,344,000",13,KRW,2022
20230323000767,11011,2022,00447609,090460,CFS,연결재무제표,BS,재무상태표,이익잉여금,제 24 기,2022.12.31 현재,"487,884,050,485",제 23 기,2021.12.31 현재,"350,334,199,269",제 22 기,2020.12.31 현재,"279,166,289,542",17,KRW,2022
20230323000767,11011,2022,00447609,090460,CFS,연결재무제표,BS,재무상태표,자본총계,제 24 기,2022.12.31 현재,"577,975,229,499",제 23 기,2021.12.31 현재,"407,976,854,064",제 22 기,2020.12.31 현재,"316,977,272,611",21,KRW,2022
20230323000767,11011,2022,00447609,090460,CFS,연결재무제표,IS,손익계산서,매출액,제 24 기,2022.01.01 ~ 2022.12.31,"1,681,053,919,767",제 23 기,2021.01.01 ~ 2021.12.31,"1,036,962,656,916",제 22 기,2020.01.01 ~ 2020.12.31,"721,358,197,178",23,KRW,2022
20230323000767,11011,2022,00447609,090460,CFS,연결재무제표,IS,손익계산서,영업이익,제 24 기,2022.01.01 ~ 2022.12.31,"131,267,542,314",제 23 기,2021.01.01 ~ 2021.12.31,"71,085,420,062",제 22 기,2020.01.01 ~ 2020.12.31,"34,045,702,993",25,KRW,2022
20230323000767,11011,2022,00447609,090460,CFS,연결재무제표,IS,손익계산서,법인세차감전 순이익,제 24 기,2022.01.01 ~ 2022.12.31,"164,456,373,822",제 23 기,2021.01.01 ~ 2021.12.31,"104,434,075,689",제 22 기,2020.01.01 ~ 2020.12.31,"33,876,025,485",27,KRW,2022
20230323000767,11011,2022,00447609,090460,CFS,연결재무제표,IS,손익계산서,당기순이익(손실),제 24 기,2022.01.01 ~ 2022.12.31,"140,664,719,735",제 23 기,2021.01.01 ~ 2021.12.31,"81,735,535,426",제 22 기,2020.01.01 ~ 2020.12.31,"25,903,845,202",29,KRW,2022
20230323000767,11011,2022,00447609,090460,CFS,연결재무제표,IS,손익계산서,당기순이익(손실),제 24 기,2022.01.01 ~ 2022.12.31,"140,664,719,735",제 23 기,2021.01.01 ~ 2021.12.31,"81,735,535,426",제 22 기,2020.01.01 ~ 2020.12.31,"25,903,845,202",61,KRW,2022
20230323000767,11011,2022,00447609,090460,OFS,재무제표,BS,재무상태표,유동자산,제 24 기,2022.12.31 현재,"338,823,942,137",제 23 기,2021.12.31 현재,"369,074,524,904",제 22 기,2020.12.31 현재,"280,073,709,296",2,KRW,2022
20230323000767,11011,2022,00447609,090460,OFS,재무제표,BS,재무상태표,비유동자산,제 24 기,2022.12.31 현재,"181,979,090,653",제 23 기,2021.12.31 현재,"124,635,068,838",제 22 기,2020.12.31 현재,"121,328,992,377",4,KRW,2022
20230323000767,11011,2022,00447609,090460,OFS,재무제표,BS,재무상태표,자산총계,제 24 기,2022.12.31 현재,"520,803,032,790",제 23 기,2021.12.31 현재,"493,709,593,742",제 22 기,2020.12.31 현재,"401,402,701,673",6,KRW,2022
20230323000767,11011,2022,00447609,090460,OFS,재무제표,BS,재무상태표,유동부채,제 24 기,2022.12.31 현재,"125,361,460,734",제 23 기,2021.12.31 현재,"161,903,952,238",제 22 기,2020.12.31 현재,"143,066,661,589",8,KRW,2022
20230323000767,11011,2022,00447609,090460,OFS,재무제표,BS,재무상태표,비유동부채,제 24 기,2022.12.31 현재,"12,159,118,179",제 23 기,2021.12.31 현재,"11,355,610,419",제 22 기,2020.12.31 현재,"11,790,542,569",10,KRW,2022
20230323000767,11011,2022,00447609,090460,OFS,재무제표,BS,재무상태표,부채총계,제 24 기,2022.12.31 현재,"137,520,578,913",제 23 기,2021.12.31 현재,"173,259,562,657",제 22 기,2020.12.31 현재,"154,857,204,158",12,KRW,2022
20230323000767,11011,2022,00447609,090460,OFS,재무제표,BS,재무상태표,자본금,제 24 기,2022.12.31 현재,"17,232,189,500",제 23 기,2021.12.31 현재,"16,905,036,000",제 22 기,2020.12.31 현재,"16,736,344,000",15,KRW,2022
20230323000767,11011,2022,00447609,090460,OFS,재무제표,BS,재무상태표,이익잉여금,제 24 기,2022.12.31 현재,"318,242,589,763",제 23 기,2021.12.31 현재,"267,861,608,965",제 22 기,2020.12.31 현재,"204,151,043,217",19,KRW,2022
20230323000767,11011,2022,00447609,090460,OFS,재무제표,BS,재무상태표,자본총계,제 24 기,2022.12.31 현재,"383,282,453,877",제 23 기,2021.12.31 현재,"320,450,031,085",제 22 기,2020.12.31 현재,"246,545,497,515",22,KRW,2022
20230323000767,11011,2022,00447609,090460,OFS,재무제표,IS,손익계산서,매출액,제 24 기,2022.01.01 ~ 2022.12.31,"448,405,273,409",제 23 기,2021.01.01 ~ 2021.12.31,"443,080,894,332",제 22 기,2020.01.01 ~ 2020.12.31,"323,300,321,751",24,KRW,2022
20230323000767,11011,2022,00447609,090460,OFS,재무제표,IS,손익계산서,영업이익,제 24 기,2022.01.01 ~ 2022.12.31,"50,366,572,889",제 23 기,2021.01.01 ~ 2021.12.31,"76,911,494,573",제 22 기,2020.01.01 ~ 2020.12.31,"5,330,313,944",26,KRW,2022
20230323000767,11011,2022,00447609,090460,OFS,재무제표,IS,손익계산서,법인세차감전 순이익,제 24 기,2022.01.01 ~ 2022.12.31,"76,198,374,878",제 23 기,2021.01.01 ~ 2021.12.31,"95,951,928,600",제 22 기,2020.01.01 ~ 2020.12.31,"-1,493,980,524",28,KRW,2022
20230323000767,11011,2022,00447609,090460,OFS,재무제표,IS,손익계산서,당기순이익(손실),제 24 기,2022.01.01 ~ 2022.12.31,"56,760,142,320",제 23 기,2021.01.01 ~ 2021.12.31,"74,255,345,453",제 22 기,2020.01.01 ~ 2020.12.31,"-10,616,841,870",30,KRW,2022
20230323000767,11011,2022,00447609,090460,OFS,재무제표,IS,손익계산서,당기순이익(손실),제 24 기,2022.01.01 ~ 2022.12.31,"56,760,142,320",제 23 기,2021.01.01 ~ 2021.12.31,"74,255,345,453",제 22 기,2020.01.01 ~ 2020.12.31,"-10,616,841,870",62,KRW,2022
20240321001824,11011,2023,00447609,090460,CFS,연결재무제표,BS,재무상태표,유동자산,제 25 기,2023.12.31 현재,"575,063,094,262",제 24 기,2022.12.31 현재,"529,238,911,435",제 23 기,2021.12.31 현재,"505,029,567,771",1,KRW,2023
20240321001824,11011,2023,00447609,090460,CFS,연결재무제표,BS,재무상태표,비유동자산,제 25 기,2023.12.31 현재,"514,297,950,383",제 24 기,2022.12.31 현재,"480,420,255,101",제 23 기,2021.12.31 현재,"288,370,854,653",3,KRW,2023
20240321001824,11011,2023,00447609,090460,CFS,연결재무제표,BS,재무상태표,자산총계,제 25 기,2023.12.31 현재,"1,089,361,044,645",제 24 기,2022.12.31 현재,"1,009,659,166,536",제 23 기,2021.12.31 현재,"793,400,422,424",5,KRW,2023
20240321001824,11011,2023,00447609,090460,CFS,연결재무제표,BS,재무상태표,유동부채,제 25 기,2023.12.31 현재,"419,181,211,549",제 24 기,2022.12.31 현재,"412,054,834,185",제 23 기,2021.12.31 현재,"371,498,083,286",7,KRW,2023
20240321001824,11011,2023,00447609,090460,CFS,연결재무제표,BS,재무상태표,비유동부채,제 25 기,2023.12.31 현재,"19,618,811,169",제 24 기,2022.12.31 현재,"19,629,102,852",제 23 기,2021.12.31 현재,"13,925,485,074",9,KRW,2023
20240321001824,11011,2023,00447609,090460,CFS,연결재무제표,BS,재무상태표,부채총계,제 25 기,2023.12.31 현재,"438,800,022,718",제 24 기,2022.12.31 현재,"431,683,937,037",제 23 기,2021.12.31 현재,"385,423,568,360",11,KRW,2023
20240321001824,11011,2023,00447609,090460,CFS,연결재무제표,BS,재무상태표,자본금,제 25 기,2023.12.31 현재,"17,232,189,500",제 24 기,2022.12.31 현재,"17,232,189,500",제 23 기,2021.12.31 현재,"16,905,036,000",13,KRW,2023
20240321001824,11011,2023,00447609,090460,CFS,연결재무제표,BS,재무상태표,이익잉여금,제 25 기,2023.12.31 현재,"571,584,226,169",제 24 기,2022.12.31 현재,"487,884,050,485",제 23 기,2021.12.31 현재,"350,334,199,269",17,KRW,2023
20240321001824,11011,2023,00447609,090460,CFS,연결재무제표,BS,재무상태표,자본총계,제 25 기,2023.12.31 현재,"650,561,021,927",제 24 기,2022.12.31 현재,"577,975,229,499",제 23 기,2021.12.31 현재,"407,976,854,064",21,KRW,2023
20240321001824,11011,2023,00447609,090460,CFS,연결재무제표,IS,손익계산서,매출액,제 25 기,2023.01.01 ~ 2023.12.31,"1,591,992,250,709",제 24 기,2022.01.01 ~ 2022.12.31,"1,681,053,919,767",제 23 기,2021.01.01 ~ 2021.12.31,"1,036,962,656,916",23,KRW,2023
20240321001824,11011,2023,00447609,090460,CFS,연결재무제표,IS,손익계산서,영업이익,제 25 기,2023.01.01 ~ 2023.12.31,"84,792,055,684",제 24 기,2022.01.01 ~ 2022.12.31,"131,267,542,314",제 23 기,2021.01.01 ~ 2021.12.31,"71,085,420,062",25,KRW,2023
20240321001824,11011,2023,00447609,090460,CFS,연결재무제표,IS,손익계산서,법인세차감전 순이익,제 25 기,2023.01.01 ~ 2023.12.31,"97,147,457,591",제 24 기,2022.01.01 ~ 2022.12.31,"164,456,373,822",제 23 기,2021.01.01 ~ 2021.12.31,"104,434,075,689",27,KRW,2023
20240321001824,11011,2023,00447609,090460,CFS,연결재무제표,IS,손익계산서,당기순이익(손실),제 25 기,2023.01.01 ~ 2023.12.31,"84,855,132,551",제 24 기,2022.01.01 ~ 2022.12.31,"140,664,719,735",제 23 기,2021.01.01 ~ 2021.12.31,"81,735,535,426",29,KRW,2023
20240321001824,11011,2023,00447609,090460,CFS,연결재무제표,IS,손익계산서,당기순이익(손실),제 25 기,2023.01.01 ~ 2023.12.31,"84,855,132,551",제 24 기,2022.01.01 ~ 2022.12.31,"140,664,719,735",제 23 기,2021.01.01 ~ 2021.12.31,"81,735,535,426",61,KRW,2023
20240321001824,11011,2023,00447609,090460,CFS,연결재무제표,IS,손익계산서,총포괄손익,제 25 기,2023.01.01 ~ 2023.12.31,"80,929,793,980",제 24 기,2022.01.01 ~ 2022.12.31,"146,584,411,987",제 23 기,2021.01.01 ~ 2021.12.31,"94,786,571,035",63,KRW,2023
20240321001824,11011,2023,00447609,090460,OFS,재무제표,BS,재무상태표,유동자산,제 25 기,2023.12.31 현재,"238,271,432,227",제 24 기,2022.12.31 현재,"338,823,942,137",제 23 기,2021.12.31 현재,"369,074,524,904",2,KRW,2023
20240321001824,11011,2023,00447609,090460,OFS,재무제표,BS,재무상태표,비유동자산,제 25 기,2023.12.31 현재,"287,189,320,864",제 24 기,2022.12.31 현재,"181,979,090,653",제 23 기,2021.12.31 현재,"124,635,068,838",4,KRW,2023
20240321001824,11011,2023,00447609,090460,OFS,재무제표,BS,재무상태표,자산총계,제 25 기,2023.12.31 현재,"525,460,753,091",제 24 기,2022.12.31 현재,"520,803,032,790",제 23 기,2021.12.31 현재,"493,709,593,742",6,KRW,2023
20240321001824,11011,2023,00447609,090460,OFS,재무제표,BS,재무상태표,유동부채,제 25 기,2023.12.31 현재,"119,422,944,741",제 24 기,2022.12.31 현재,"125,361,460,734",제 23 기,2021.12.31 현재,"161,903,952,238",8,KRW,2023
20240321001824,11011,2023,00447609,090460,OFS,재무제표,BS,재무상태표,비유동부채,제 25 기,2023.12.31 현재,"9,445,709,261",제 24 기,2022.12.31 현재,"12,159,118,179",제 23 기,2021.12.31 현재,"11,355,610,419",10,KRW,2023
20240321001824,11011,2023,00447609,090460,OFS,재무제표,BS,재무상태표,부채총계,제 25 기,2023.12.31 현재,"128,868,654,002",제 24 기,2022.12.31 현재,"137,520,578,913",제 23 기,2021.12.31 현재,"173,259,562,657",12,KRW,2023
20240321001824,11011,2023,00447609,090460,OFS,재무제표,BS,재무상태표,자본금,제 25 기,2023.12.31 현재,"17,232,189,500",제 24 기,2022.12.31 현재,"17,232,189,500",제 23 기,2021.12.31 현재,"16,905,036,000",15,KRW,2023
20240321001824,11011,2023,00447609,090460,OFS,재무제표,BS,재무상태표,이익잉여금,제 25 기,2023.12.31 현재,"331,965,585,775",제 24 기,2022.12.31 현재,"318,242,589,763",제 23 기,2021.12.31 현재,"267,861,608,965",19,KRW,2023
20240321001824,11011,2023,00447609,090460,OFS,재무제표,BS,재무상태표,자본총계,제 25 기,2023.12.31 현재,"396,592,099,089",제 24 기,2022.12.31 현재,"383,282,453,877",제 23 기,2021.12.31 현재,"320,450,031,085",22,KRW,2023
20240321001824,11011,2023,00447609,090460,OFS,재무제표,IS,손익계산서,매출액,제 25 기,2023.01.01 ~ 2023.12.31,"299,412,465,751",제 24 기,2022.01.01 ~ 2022.12.31,"448,405,273,409",제 23 기,2021.01.01 ~ 2021.12.31,"443,080,894,332",24,KRW,2023
20240321001824,11011,2023,00447609,090460,OFS,재무제표,IS,손익계산서,영업이익,제 25 기,2023.01.01 ~ 2023.12.31,"17,498,271,693",제 24 기,2022.01.01 ~ 2022.12.31,"50,366,572,889",제 23 기,2021.01.01 ~ 2021.12.31,"76,911,494,573",26,KRW,2023
20240321001824,11011,2023,00447609,090460,OFS,재무제표,IS,손익계산서,법인세차감전 순이익,제 25 기,2023.01.01 ~ 2023.12.31,"28,114,724,876",제 24 기,2022.01.01 ~ 2022.12.31,"76,198,374,878",제 23 기,2021.01.01 ~ 2021.12.31,"95,951,928,600",28,KRW,2023
20240321001824,11011,2023,00447609,090460,OFS,재무제표,IS,손익계산서,당기순이익(손실),제 25 기,2023.01.01 ~ 2023.12.31,"20,316,995,320",제 24 기,2022.01.01 ~ 2022.12.31,"56,760,142,320",제 23 기,2021.01.01 ~ 2021.12.31,"74,255,345,453",30,KRW,2023
20240321001824,11011,2023,00447609,090460,OFS,재무제표,IS,손익계산서,당기순이익(손실),제 25 기,2023.01.01 ~ 2023.12.31,"20,316,995,320",제 24 기,2022.01.01 ~ 2022.12.31,"56,760,142,320",제 23 기,2021.01.01 ~ 2021.12.31,"74,255,345,453",62,KRW,2023
20240321001824,11011,2023,00447609,090460,OFS,재무제표,IS,손익계산서,총포괄손익,제 25 기,2023.01.01 ~ 2023.12.31,"21,646,576,512",제 24 기,2022.01.01 ~ 2022.12.31,"59,192,169,344",제 23 기,2021.01.01 ~ 2021.12.31,"77,691,523,152",64,KRW,2023
20250326000026,11011,2024,00447609,090460,CFS,연결재무제표,BS,재무상태표,유동자산,제 26 기,2024.12.31 현재,"752,149,257,044",제 25 기,2023.12.31 현재,"575,063,094,262",제 24 기,2022.12.31 현재,"529,238,911,435",1,KRW,2024
20250326000026,11011,2024,00447609,090460,CFS,연결재무제표,BS,재무상태표,비유동자산,제 26 기,2024.12.31 현재,"567,719,494,093",제 25 기,2023.12.31 현재,"514,297,950,383",제 24 기,2022.12.31 현재,"480,420,255,101",3,KRW,2024
20250326000026,11011,2024,00447609,090460,CFS,연결재무제표,BS,재무상태표,자산총계,제 26 기,2024.12.31 현재,"1,319,868,751,137",제 25 기,2023.12.31 현재,"1,089,361,044,645",제 24 기,2022.12.31 현재,"1,009,659,166,536",5,KRW,2024
20250326000026,11011,2024,00447609,090460,CFS,연결재무제표,BS,재무상태표,유동부채,제 26 기,2024.12.31 현재,"471,938,509,300",제 25 기,2023.12.31 현재,"419,181,211,549",제 24 기,2022.12.31 현재,"412,054,834,185",7,KRW,2024
20250326000026,11011,2024,00447609,090460,CFS,연결재무제표,BS,재무상태표,비유동부채,제 26 기,2024.12.31 현재,"107,031,726,482",제 25 기,2023.12.31 현재,"19,618,811,169",제 24 기,2022.12.31 현재,"19,629,102,852",9,KRW,2024
20250326000026,11011,2024,00447609,090460,CFS,연결재무제표,BS,재무상태표,부채총계,제 26 기,2024.12.31 현재,"578,970,235,782",제 25 기,2023.12.31 현재,"438,800,022,718",제 24 기,2022.12.31 현재,"431,683,937,037",11,KRW,2024
20250326000026,11011,2024,00447609,090460,CFS,연결재무제표,BS,재무상태표,자본금,제 26 기,2024.12.31 현재,"17,232,189,500",제 25 기,2023.12.31 현재,"17,232,189,500",제 24 기,2022.12.31 현재,"17,232,189,500",13,KRW,2024
20250326000026,11011,2024,00447609,090460,CFS,연결재무제표,BS,재무상태표,이익잉여금,제 26 기,2024.12.31 현재,"626,874,958,442",제 25 기,2023.12.31 현재,"571,584,226,169",제 24 기,2022.12.31 현재,"487,884,050,485",17,KRW,2024
20250326000026,11011,2024,00447609,090460,CFS,연결재무제표,BS,재무상태표,자본총계,제 26 기,2024.12.31 현재,"740,898,515,355",제 25 기,2023.12.31 현재,"650,561,021,927",제 24 기,2022.12.31 현재,"577,975,229,499",21,KRW,2024
20250326000026,11011,2024,00447609,090460,CFS,연결재무제표,IS,손익계산서,매출액,제 26 기,2024.01.01 ~ 2024.12.31,"1,754,441,744,291",제 25 기,2023.01.01 ~ 2023.12.31,"1,591,992,250,709",제 24 기,2022.01.01 ~ 2022.12.31,"1,681,053,919,767",23,KRW,2024
20250326000026,11011,2024,00447609,090460,CFS,연결재무제표,IS,손익계산서,영업이익,제 26 기,2024.01.01 ~ 2024.12.31,"87,053,422,982",제 25 기,2023.01.01 ~ 2023.12.31,"84,792,055,684",제 24 기,2022.01.01 ~ 2022.12.31,"131,267,542,314",25,KRW,2024
20250326000026,11011,2024,00447609,090460,CFS,연결재무제표,IS,손익계산서,법인세차감전 순이익,제 26 기,2024.01.01 ~ 2024.12.31,"105,479,619,004",제 25 기,2023.01.01 ~ 2023.12.31,"97,147,457,591",제 24 기,2022.01.01 ~ 2022.12.31,"164,456,373,822",27,KRW,2024
20250326000026,11011,2024,00447609,090460,CFS,연결재무제표,IS,손익계산서,당기순이익(손실),제 26 기,2024.01.01 ~ 2024.12.31,"77,590,055,772",제 25 기,2023.01.01 ~ 2023.12.31,"84,855,132,551",제 24 기,2022.01.01 ~ 2022.12.31,"140,664,719,735",29,KRW,2024
20250326000026,11011,2024,00447609,090460,CFS,연결재무제표,IS,손익계산서,당기순이익(손실),제 26 기,2024.01.01 ~ 2024.12.31,"77,590,055,772",제 25 기,2023.01.01 ~ 2023.12.31,"84,855,132,551",제 24 기,2022.01.01 ~ 2022.12.31,"140,664,719,735",61,KRW,2024
20250326000026,11011,2024,00447609,090460,CFS,연결재무제표,IS,손익계산서,총포괄손익,제 26 기,2024.01.01 ~ 2024.12.31,"102,976,942,087",제 25 기,2023.01.01 ~ 2023.12.31,"80,929,793,980",제 24 기,2022.01.01 ~ 2022.12.31,"146,584,411,987",63,KRW,2024
20250326000026,11011,2024,00447609,090460,OFS,재무제표,BS,재무상태표,유동자산,제 26 기,2024.12.31 현재,"294,165,423,012",제 25 기,2023.12.31 현재,"238,271,432,227",제 24 기,2022.12.31 현재,"338,823,942,137",2,KRW,2024
20250326000026,11011,2024,00447609,090460,OFS,재무제표,BS,재무상태표,비유동자산,제 26 기,2024.12.31 현재,"331,697,577,165",제 25 기,2023.12.31 현재,"287,189,320,864",제 24 기,2022.12.31 현재,"181,979,090,653",4,KRW,2024
20250326000026,11011,2024,00447609,090460,OFS,재무제표,BS,재무상태표,자산총계,제 26 기,2024.12.31 현재,"625,863,000,177",제 25 기,2023.12.31 현재,"525,460,753,091",제 24 기,2022.12.31 현재,"520,803,032,790",6,KRW,2024
20250326000026,11011,2024,00447609,090460,OFS,재무제표,BS,재무상태표,유동부채,제 26 기,2024.12.31 현재,"134,335,012,165",제 25 기,2023.12.31 현재,"119,422,944,741",제 24 기,2022.12.31 현재,"125,361,460,734",8,KRW,2024
20250326000026,11011,2024,00447609,090460,OFS,재무제표,BS,재무상태표,비유동부채,제 26 기,2024.12.31 현재,"66,210,342,831",제 25 기,2023.12.31 현재,"9,445,709,261",제 24 기,2022.12.31 현재,"12,159,118,179",10,KRW,2024
20250326000026,11011,2024,00447609,090460,OFS,재무제표,BS,재무상태표,부채총계,제 26 기,2024.12.31 현재,"200,545,354,996",제 25 기,2023.12.31 현재,"128,868,654,002",제 24 기,2022.12.31 현재,"137,520,578,913",12,KRW,2024
20250326000026,11011,2024,00447609,090460,OFS,재무제표,BS,재무상태표,자본금,제 26 기,2024.12.31 현재,"17,232,189,500",제 25 기,2023.12.31 현재,"17,232,189,500",제 24 기,2022.12.31 현재,"17,232,189,500",15,KRW,2024
20250326000026,11011,2024,00447609,090460,OFS,재무제표,BS,재무상태표,이익잉여금,제 26 기,2024.12.31 현재,"372,916,825,677",제 25 기,2023.12.31 현재,"331,965,585,775",제 24 기,2022.12.31 현재,"318,242,589,763",19,KRW,2024
20250326000026,11011,2024,00447609,090460,OFS,재무제표,BS,재무상태표,자본총계,제 26 기,2024.12.31 현재,"425,317,645,181",제 25 기,2023.12.31 현재,"396,592,099,089",제 24 기,2022.12.31 현재,"383,282,453,877",22,KRW,2024
20250326000026,11011,2024,00447609,090460,OFS,재무제표,IS,손익계산서,매출액,제 26 기,2024.01.01 ~ 2024.12.31,"346,403,440,277",제 25 기,2023.01.01 ~ 2023.12.31,"299,412,465,751",제 24 기,2022.01.01 ~ 2022.12.31,"448,405,273,409",24,KRW,2024
20250326000026,11011,2024,00447609,090460,OFS,재무제표,IS,손익계산서,영업이익,제 26 기,2024.01.01 ~ 2024.12.31,"59,627,326,326",제 25 기,2023.01.01 ~ 2023.12.31,"17,498,271,693",제 24 기,2022.01.01 ~ 2022.12.31,"50,366,572,889",26,KRW,2024
20250326000026,11011,2024,00447609,090460,OFS,재무제표,IS,손익계산서,법인세차감전 순이익,제 26 기,2024.01.01 ~ 2024.12.31,"76,696,499,187",제 25 기,2023.01.01 ~ 2023.12.31,"28,114,724,876",제 24 기,2022.01.01 ~ 2022.12.31,"76,198,374,878",28,KRW,2024
20250326000026,11011,2024,00447609,090460,OFS,재무제표,IS,손익계산서,당기순이익(손실),제 26 기,2024.01.01 ~ 2024.12.31,"52,500,930,440",제 25 기,2023.01.01 ~ 2023.12.31,"20,316,995,320",제 24 기,2022.01.01 ~ 2022.12.31,"56,760,142,320",30,KRW,2024
20250326000026,11011,2024,00447609,090460,OFS,재무제표,IS,손익계산서,당기순이익(손실),제 26 기,2024.01.01 ~ 2024.12.31,"52,500,930,440",제 25 기,2023.01.01 ~ 2023.12.31,"20,316,995,320",제 24 기,2022.01.01 ~ 2022.12.31,"56,760,142,320",62,KRW,2024
20250326000026,11011,2024,00447609,090460,OFS,재무제표,IS,손익계산서,총포괄손익,제 26 기,2024.01.01 ~ 2024.12.31,"48,870,194,402",제 25 기,2023.01.01 ~ 2023.12.31,"21,646,576,512",제 24 기,2022.01.01 ~ 2022.12.31,"59,192,169,344",64,KRW,2024
20240313000637,11011,2023,01765256,460850,OFS,재무제표,BS,재무상태표,유동자산,제 1 기,2023.12.31 현재,"741,102,851,753",,,-,,,-,2,KRW,2023
20240313000637,11011,2023,01765256,460850,OFS,재무제표,BS,재무상태표,비유동자산,제 1 기,2023.12.31 현재,"969,631,655,278",,,-,,,-,4,KRW,2023
20240313000637,11011,2023,01765256,460850,OFS,재무제표,BS,재무상태표,자산총계,제 1 기,2023.12.31 현재,"1,710,734,507,031",,,-,,,-,6,KRW,2023
20240313000637,11011,2023,01765256,460850,OFS,재무제표,BS,재무상태표,유동부채,제 1 기,2023.12.31 현재,"687,084,329,583",,,-,,,-,8,KRW,2023
20240313000637,11011,2023,01765256,460850,OFS,재무제표,BS,재무상태표,비유동부채,제 1 기,2023.12.31 현재,"62,017,568,172",,,-,,,-,10,KRW,2023
20240313000637,11011,2023,01765256,460850,OFS,재무제표,BS,재무상태표,부채총계,제 1 기,2023.12.31 현재,"749,101,897,755",,,-,,,-,12,KRW,2023
20240313000637,11011,2023,01765256,460850,OFS,재무제표,BS,재무상태표,자본금,제 1 기,2023.12.31 현재,"149,493,280,000",,,-,,,-,15,KRW,2023
20240313000637,11011,2023,01765256,460850,OFS,재무제표,BS,재무상태표,이익잉여금,제 1 기,2023.12.31 현재,"7,265,837,618",,,-,,,-,19,KRW,2023
20240313000637,11011,2023,01765256,460850,OFS,재무제표,BS,재무상태표,자본총계,제 1 기,2023.12.31 현재,"961,632,609,276",,,-,,,-,22,KRW,2023
20240313000637,11011,2023,01765256,460850,OFS,재무제표,IS,손익계산서,매출액,제 1 기,2023.06.01 ~ 2023.12.31,"1,266,149,070,283",,,-,,,-,24,KRW,2023
20240313000637,11011,2023,01765256,460850,OFS,재무제표,IS,손익계산서,영업이익,제 1 기,2023.06.01 ~ 2023.12.31,"26,689,442,862",,,-,,,-,26,KRW,2023
20240313000637,11011,2023,01765256,460850,OFS,재무제표,IS,손익계산서,법인세차감전 순이익,제 1 기,2023.06.01 ~ 2023.12.31,"13,424,496,562",,,-,,,-,28,KRW,2023
20240313000637,11011,2023,01765256,460850,OFS,재무제표,IS,손익계산서,당기순이익(손실),제 1 기,2023.06.01 ~ 2023.12.31,"10,113,300,697",,,-,,,-,30,KRW,2023
20240313000637,11011,2023,01765256,460850,OFS,재무제표,IS,손익계산서,당기순이익(손실),제 1 기,2023.06.01 ~ 2023.12.31,"10,113,300,697",,,-,,,-,62,KRW,2023
20240313000637,11011,2023,01765256,460850,OFS,재무제표,IS,손익계산서,총포괄손익,제 1 기,2023.06.01 ~ 2023.12.31,"2,858,078,413",,,-,,,-,64,KRW,2023
20250317000943,11011,2024,01765256,460850,OFS,재무제표,BS,재무상태표,유동자산,제 2 기,2024.12.31 현재,"818,914,273,781",제 1 기,2023.12.31 현재,"741,102,851,753",,,-,2,KRW,2024
20250317000943,11011,2024,01765256,460850,OFS,재무제표,BS,재무상태표,비유동자산,제 2 기,2024.12.31 현재,"1,016,225,456,713",제 1 기,2023.12.31 현재,"969,631,655,278",,,-,4,KRW,2024
20250317000943,11011,2024,01765256,460850,OFS,재무제표,BS,재무상태표,자산총계,제 2 기,2024.12.31 현재,"1,835,139,730,494",제 1 기,2023.12.31 현재,"1,710,734,507,031",,,-,6,KRW,2024
20250317000943,11011,2024,01765256,460850,OFS,재무제표,BS,재무상태표,유동부채,제 2 기,2024.12.31 현재,"758,015,279,702",제 1 기,2023.12.31 현재,"687,084,329,583",,,-,8,KRW,2024
20250317000943,11011,2024,01765256,460850,OFS,재무제표,BS,재무상태표,비유동부채,제 2 기,2024.12.31 현재,"61,824,835,024",제 1 기,2023.12.31 현재,"62,017,568,172",,,-,10,KRW,2024
20250317000943,11011,2024,01765256,460850,OFS,재무제표,BS,재무상태표,부채총계,제 2 기,2024.12.31 현재,"819,840,114,726",제 1 기,2023.12.31 현재,"749,101,897,755",,,-,12,KRW,2024
20250317000943,11011,2024,01765256,460850,OFS,재무제표,BS,재무상태표,자본금,제 2 기,2024.12.31 현재,"149,493,280,000",제 1 기,2023.12.31 현재,"149,493,280,000",,,-,15,KRW,2024
20250317000943,11011,2024,01765256,460850,OFS,재무제표,BS,재무상태표,이익잉여금,제 2 기,2024.12.31 현재,"160,932,844,110",제 1 기,2023.12.31 현재,"7,265,837,618",,,-,19,KRW,2024
20250317000943,11011,2024,01765256,460850,OFS,재무제표,BS,재무상태표,자본총계,제 2 기,2024.12.31 현재,"1,015,299,615,768",제 1 기,2023.12.31 현재,"961,632,609,276",,,-,22,KRW,2024
20250317000943,11011,2024,01765256,460850,OFS,재무제표,IS,손익계산서,매출액,제 2 기,2024.01.01 ~ 2024.12.31,"2,163,761,368,649",제 1 기,2023.06.01 ~ 2023.12.31,"1,266,149,070,283",,,-,24,KRW,2024
20250317000943,11011,2024,01765256,460850,OFS,재무제표,IS,손익계산서,영업이익,제 2 기,2024.01.01 ~ 2024.12.31,"77,329,845,672",제 1 기,2023.06.01 ~ 2023.12.31,"26,689,442,862",,,-,26,KRW,2024
20250317000943,11011,2024,01765256,460850,OFS,재무제표,IS,손익계산서,법인세차감전 순이익,제 2 기,2024.01.01 ~ 2024.12.31,"79,925,091,843",제 1 기,2023.06.01 ~ 2023.12.31,"13,424,496,562",,,-,28,KRW,2024
20250317000943,11011,2024,01765256,460850,OFS,재무제표,IS,손익계산서,당기순이익(손실),제 2 기,2024.01.01 ~ 2024.12.31,"63,782,304,320",제 1 기,2023.06.01 ~ 2023.12.31,"10,113,300,697",,,-,30,KRW,2024
20250317000943,11011,2024,01765256,460850,OFS,재무제표,IS,손익계산서,당기순이익(손실),제 2 기,2024.01.01 ~ 2024.12.31,"63,782,304,320",제 1 기,2023.06.01 ~ 2023.12.31,"10,113,300,697",,,-,62,KRW,2024
20250317000943,11011,2024,01765256,460850,OFS,재무제표,IS,손익계산서,총포괄손익,제 2 기,2024.01.01 ~ 2024.12.31,"56,651,848,092",제 1 기,2023.06.01 ~ 2023.12.31,"2,858,078,413",,,-,64,KRW,2024
20240312000543,11011,2023,01765265,460860,OFS,재무제표,BS,재무상태표,유동자산,제 1 기,2023.12.31 현재,"1,461,339,860,181",,,-,,,-,2,KRW,2023
20240312000543,11011,2023,01765265,460860,OFS,재무제표,BS,재무상태표,비유동자산,제 1 기,2023.12.31 현재,"2,070,447,226,055",,,-,,,-,4,KRW,2023
20240312000543,11011,2023,01765265,460860,OFS,재무제표,BS,재무상태표,자산총계,제 1 기,2023.12.31 현재,"3,531,787,086,236",,,-,,,-,6,KRW,2023
20240312000543,11011,2023,01765265,460860,OFS,재무제표,BS,재무상태표,유동부채,제 1 기,2023.12.31 현재,"1,531,727,717,545",,,-,,,-,8,KRW,2023
20240312000543,11011,2023,01765265,460860,OFS,재무제표,BS,재무상태표,비유동부채,제 1 기,2023.12.31 현재,"278,698,511,624",,,-,,,-,10,KRW,2023
20240312000543,11011,2023,01765265,460860,OFS,재무제표,BS,재무상태표,부채총계,제 1 기,2023.12.31 현재,"1,810,426,229,169",,,-,,,-,12,KRW,2023
20240312000543,11011,2023,01765265,460860,OFS,재무제표,BS,재무상태표,자본금,제 1 기,2023.12.31 현재,"248,040,085,000",,,-,,,-,15,KRW,2023
20240312000543,11011,2023,01765265,460860,OFS,재무제표,BS,재무상태표,이익잉여금,제 1 기,2023.12.31 현재,"134,516,791,971",,,-,,,-,19,KRW,2023
20240312000543,11011,2023,01765265,460860,OFS,재무제표,BS,재무상태표,자본총계,제 1 기,2023.12.31 현재,"1,721,360,857,067",,,-,,,-,22,KRW,2023
20240312000543,11011,2023,01765265,460860,OFS,재무제표,IS,손익계산서,매출액,제 1 기,2023.06.01 ~ 2023.12.31,"2,632,104,129,307",,,-,,,-,24,KRW,2023
20240312000543,11011,2023,01765265,460860,OFS,재무제표,IS,손익계산서,영업이익,제 1 기,2023.06.01 ~ 2023.12.31,"235,489,924,847",,,-,,,-,26,KRW,2023
20240312000543,11011,2023,01765265,460860,OFS,재무제표,IS,손익계산서,법인세차감전 순이익,제 1 기,2023.06.01 ~ 2023.12.31,"190,108,842,796",,,-,,,-,28,KRW,2023
20240312000543,11011,2023,01765265,460860,OFS,재무제표,IS,손익계산서,당기순이익(손실),제 1 기,2023.06.01 ~ 2023.12.31,"142,170,864,518",,,-,,,-,30,KRW,2023
20240312000543,11011,2023,01765265,460860,OFS,재무제표,IS,손익계산서,당기순이익(손실),제 1 기,2023.06.01 ~ 2023.12.31,"142,170,864,518",,,-,,,-,62,KRW,2023
20240312000543,11011,2023,01765265,460860,OFS,재무제표,IS,손익계산서,총포괄손익,제 1 기,2023.06.01 ~ 2023.12.31,"129,952,582,021",,,-,,,-,64,KRW,2023
20250317000722,11011,2024,01765265,460860,OFS,재무제표,BS,재무상태표,유동자산,제 2 기,2024.12.31 현재,"1,184,763,059,309",제 1 기,2023.12.31 현재,"1,461,339,860,181",,,-,2,KRW,2024
20250317000722,11011,2024,01765265,460860,OFS,재무제표,BS,재무상태표,비유동자산,제 2 기,2024.12.31 현재,"2,009,251,962,137",제 1 기,2023.12.31 현재,"2,070,447,226,055",,,-,4,KRW,2024
20250317000722,11011,2024,01765265,460860,OFS,재무제표,BS,재무상태표,자산총계,제 2 기,2024.12.31 현재,"3,194,015,021,446",제 1 기,2023.12.31 현재,"3,531,787,086,236",,,-,6,KRW,2024
20250317000722,11011,2024,01765265,460860,OFS,재무제표,BS,재무상태표,유동부채,제 2 기,2024.12.31 현재,"1,271,534,776,390",제 1 기,2023.12.31 현재,"1,531,727,717,545",,,-,8,KRW,2024
20250317000722,11011,2024,01765265,460860,OFS,재무제표,BS,재무상태표,비유동부채,제 2 기,2024.12.31 현재,"220,648,986,802",제 1 기,2023.12.31 현재,"278,698,511,624",,,-,10,KRW,2024
20250317000722,11011,2024,01765265,460860,OFS,재무제표,BS,재무상태표,부채총계,제 2 기,2024.12.31 현재,"1,492,183,763,192",제 1 기,2023.12.31 현재,"1,810,426,229,169",,,-,12,KRW,2024
20250317000722,11011,2024,01765265,460860,OFS,재무제표,BS,재무상태표,자본금,제 2 기,2024.12.31 현재,"248,040,085,000",제 1 기,2023.12.31 현재,"248,040,085,000",,,-,15,KRW,2024
20250317000722,11011,2024,01765265,460860,OFS,재무제표,BS,재무상태표,이익잉여금,제 2 기,2024.12.31 현재,"314,426,079,112",제 1 기,2023.12.31 현재,"134,516,791,971",,,-,19,KRW,2024
20250317000722,11011,2024,01765265,460860,OFS,재무제표,BS,재무상태표,자본총계,제 2 기,2024.12.31 현재,"1,701,831,258,254",제 1 기,2023.12.31 현재,"1,721,360,857,067",,,-,22,KRW,2024
20250317000722,11011,2024,01765265,460860,OFS,재무제표,IS,손익계산서,매출액,제 2 기,2024.01.01 ~ 2024.12.31,"3,527,525,783,006",제 1 기,2023.06.01 ~ 2023.12.31,"2,632,104,129,307",,,-,24,KRW,2024
20250317000722,11011,2024,01765265,460860,OFS,재무제표,IS,손익계산서,영업이익,제 2 기,2024.01.01 ~ 2024.12.31,"102,474,077,764",제 1 기,2023.06.01 ~ 2023.12.31,"235,489,924,847",,,-,26,KRW,2024
20250317000722,11011,2024,01765265,460860,OFS,재무제표,IS,손익계산서,법인세차감전 순이익,제 2 기,2024.01.01 ~ 2024.12.31,"44,854,786,794",제 1 기,2023.06.01 ~ 2023.12.31,"190,108,842,796",,,-,28,KRW,2024
20250317000722,11011,2024,01765265,460860,OFS,재무제표,IS,손익계산서,당기순이익(손실),제 2 기,2024.01.01 ~ 2024.12.31,"34,835,234,266",제 1 기,2023.06.01 ~ 2023.12.31,"142,170,864,518",,,-,30,KRW,2024
20250317000722,11011,2024,01765265,460860,OFS,재무제표,IS,손익계산서,당기순이익(손실),제 2 기,2024.01.01 ~ 2024.12.31,"34,835,234,266",제 1 기,2023.06.01 ~ 2023.12.31,"142,170,864,518",,,-,62,KRW,2024
20250317000722,11011,2024,01765265,460860,OFS,재무제표,IS,손익계산서,총포괄손익,제 2 기,2024.01.01 ~ 2024.12.31,"30,020,443,187",제 1 기,2023.06.01 ~ 2023.12.31,"129,952,582,021",,,-,64,KRW,2024
20240411004116,11011,2023,01762569,457190,OFS,재무제표,BS,재무상태표,유동자산,제 1 기,2023.12.31 현재,"87,504,440,407",,,-,,,-,2,KRW,2023
20240411004116,11011,2023,01762569,457190,OFS,재무제표,BS,재무상태표,비유동자산,제 1 기,2023.12.31 현재,"130,455,702,003",,,-,,,-,4,KRW,2023
20240411004116,11011,2023,01762569,457190,OFS,재무제표,BS,재무상태표,자산총계,제 1 기,2023.12.31 현재,"217,960,142,410",,,-,,,-,6,KRW,2023
20240411004116,11011,2023,01762569,457190,OFS,재무제표,BS,재무상태표,유동부채,제 1 기,2023.12.31 현재,"115,394,317,923",,,-,,,-,8,KRW,2023
20240411004116,11011,2023,01762569,457190,OFS,재무제표,BS,재무상태표,비유동부채,제 1 기,2023.12.31 현재,"7,577,285,351",,,-,,,-,10,KRW,2023
20240411004116,11011,2023,01762569,457190,OFS,재무제표,BS,재무상태표,부채총계,제 1 기,2023.12.31 현재,"122,971,603,274",,,-,,,-,12,KRW,2023
20240411004116,11011,2023,01762569,457190,OFS,재무제표,BS,재무상태표,자본금,제 1 기,2023.12.31 현재,"27,993,865,000",,,-,,,-,15,KRW,2023
20240411004116,11011,2023,01762569,457190,OFS,재무제표,BS,재무상태표,이익잉여금,제 1 기,2023.12.31 현재,"-7,655,895,423",,,-,,,-,19,KRW,2023
20240411004116,11011,2023,01762569,457190,OFS,재무제표,BS,재무상태표,자본총계,제 1 기,2023.12.31 현재,"94,988,539,136",,,-,,,-,22,KRW,2023
20240411004116,11011,2023,01762569,457190,OFS,재무제표,IS,손익계산서,매출액,제 1 기,2023.05.01 ~ 2023.12.31,"117,528,614,931",,,-,,,-,24,KRW,2023
20240411004116,11011,2023,01762569,457190,OFS,재무제표,IS,손익계산서,영업이익,제 1 기,2023.05.01 ~ 2023.12.31,"-6,119,544,615",,,-,,,-,26,KRW,2023
20240411004116,11011,2023,01762569,457190,OFS,재무제표,IS,손익계산서,법인세차감전 순이익,제 1 기,2023.05.01 ~ 2023.12.31,"-9,337,724,806",,,-,,,-,28,KRW,2023
20240411004116,11011,2023,01762569,457190,OFS,재무제표,IS,손익계산서,당기순이익(손실),제 1 기,2023.05.01 ~ 2023.12.31,"-6,205,555,775",,,-,,,-,30,KRW,2023
20240411004116,11011,2023,01762569,457190,OFS,재무제표,IS,손익계산서,당기순이익(손실),제 1 기,2023.05.01 ~ 2023.12.31,"-6,205,555,775",,,-,,,-,62,KRW,2023
20240411004116,11011,2023,01762569,457190,OFS,재무제표,IS,손익계산서,총포괄손익,제 1 기,2023.05.01 ~ 2023.12.31,"-7,655,895,423",,,-,,,-,64,KRW,2023
20250320001543,11011,2024,01762569,457190,OFS,재무제표,BS,재무상태표,유동자산,제 2 기,2024.12.31 현재,"140,988,568,163",제 1 기,2023.12.31 현재,"87,504,440,407",,,-,2,KRW,2024
20250320001543,11011,2024,01762569,457190,OFS,재무제표,BS,재무상태표,비유동자산,제 2 기,2024.12.31 현재,"158,558,176,971",제 1 기,2023.12.31 현재,"130,455,702,003",,,-,4,KRW,2024
20250320001543,11011,2024,01762569,457190,OFS,재무제표,BS,재무상태표,자산총계,제 2 기,2024.12.31 현재,"299,546,745,134",제 1 기,2023.12.31 현재,"217,960,142,410",,,-,6,KRW,2024
20250320001543,11011,2024,01762569,457190,OFS,재무제표,BS,재무상태표,유동부채,제 2 기,2024.12.31 현재,"164,100,833,549",제 1 기,2023.12.31 현재,"115,394,317,923",,,-,8,KRW,2024
20250320001543,11011,2024,01762569,457190,OFS,재무제표,BS,재무상태표,비유동부채,제 2 기,2024.12.31 현재,"13,791,363,294",제 1 기,2023.12.31 현재,"7,577,285,351",,,-,10,KRW,2024
20250320001543,11011,2024,01762569,457190,OFS,재무제표,BS,재무상태표,부채총계,제 2 기,2024.12.31 현재,"177,892,196,843",제 1 기,2023.12.31 현재,"122,971,603,274",,,-,12,KRW,2024
20250320001543,11011,2024,01762569,457190,OFS,재무제표,BS,재무상태표,자본금,제 2 기,2024.12.31 현재,"30,208,280,000",제 1 기,2023.12.31 현재,"27,993,865,000",,,-,15,KRW,2024
20250320001543,11011,2024,01762569,457190,OFS,재무제표,BS,재무상태표,이익잉여금,제 2 기,2024.12.31 현재,"1,383,123,791",제 1 기,2023.12.31 현재,"-7,655,895,423",,,-,19,KRW,2024
20250320001543,11011,2024,01762569,457190,OFS,재무제표,BS,재무상태표,자본총계,제 2 기,2024.12.31 현재,"121,654,548,291",제 1 기,2023.12.31 현재,"94,988,539,136",,,-,22,KRW,2024
20250320001543,11011,2024,01762569,457190,OFS,재무제표,IS,손익계산서,매출액,제 2 기,2024.01.01 ~ 2024.12.31,"332,069,862,904",제 1 기,2023.05.01 ~ 2023.12.31,"117,528,614,931",,,-,24,KRW,2024
20250320001543,11011,2024,01762569,457190,OFS,재무제표,IS,손익계산서,영업이익,제 2 기,2024.01.01 ~ 2024.12.31,"14,206,083,843",제 1 기,2023.05.01 ~ 2023.12.31,"-6,119,544,615",,,-,26,KRW,2024
20250320001543,11011,2024,01762569,457190,OFS,재무제표,IS,손익계산서,법인세차감전 순이익,제 2 기,2024.01.01 ~ 2024.12.31,"7,434,430,372",제 1 기,2023.05.01 ~ 2023.12.31,"-9,337,724,806",,,-,28,KRW,2024
20250320001543,11011,2024,01762569,457190,OFS,재무제표,IS,손익계산서,당기순이익(손실),제 2 기,2024.01.01 ~ 2024.12.31,"10,511,891,726",제 1 기,2023.05.01 ~ 2023.12.31,"-6,205,555,775",,,-,30,KRW,2024
20250320001543,11011,2024,01762569,457190,OFS,재무제표,IS,손익계산서,당기순이익(손실),제 2 기,2024.01.01 ~ 2024.12.31,"10,511,891,726",제 1 기,2023.05.01 ~ 2023.12.31,"-6,205,555,775",,,-,62,KRW,2024
20250320001543,11011,2024,01762569,457190,OFS,재무제표,IS,손익계산서,총포괄손익,제 2 기,2024.01.01 ~ 2024.12.31,"9,039,019,214",제 1 기,2023.05.01 ~ 2023.12.31,"-7,655,895,423",,,-,64,KRW,2024
20240314000710,11011,2023,01760738,456040,OFS,재무제표,BS,재무상태표,유동자산,제 1 기,2023.12.31 현재,"1,030,706,896,000",,,-,,,-,2,KRW,2023
20240314000710,11011,2023,01760738,456040,OFS,재무제표,BS,재무상태표,비유동자산,제 1 기,2023.12.31 현재,"959,764,297,000",,,-,,,-,4,KRW,2023
20240314000710,11011,2023,01760738,456040,OFS,재무제표,BS,재무상태표,자산총계,제 1 기,2023.12.31 현재,"1,990,471,193,000",,,-,,,-,6,KRW,2023
20240314000710,11011,2023,01760738,456040,OFS,재무제표,BS,재무상태표,유동부채,제 1 기,2023.12.31 현재,"861,688,555,000",,,-,,,-,8,KRW,2023
20240314000710,11011,2023,01760738,456040,OFS,재무제표,BS,재무상태표,비유동부채,제 1 기,2023.12.31 현재,"145,254,291,000",,,-,,,-,10,KRW,2023
20240314000710,11011,2023,01760738,456040,OFS,재무제표,BS,재무상태표,부채총계,제 1 기,2023.12.31 현재,"1,006,942,846,000",,,-,,,-,12,KRW,2023
20240314000710,11011,2023,01760738,456040,OFS,재무제표,BS,재무상태표,자본금,제 1 기,2023.12.31 현재,"37,183,645,000",,,-,,,-,15,KRW,2023
20240314000710,11011,2023,01760738,456040,OFS,재무제표,BS,재무상태표,이익잉여금,제 1 기,2023.12.31 현재,"46,672,247,000",,,-,,,-,19,KRW,2023
20240314000710,11011,2023,01760738,456040,OFS,재무제표,BS,재무상태표,자본총계,제 1 기,2023.12.31 현재,"983,528,347,000",,,-,,,-,22,KRW,2023
20240314000710,11011,2023,01760738,456040,OFS,재무제표,IS,손익계산서,매출액,제 1 기,2023.05.01 ~ 2023.12.31,"1,288,825,675,000",,,-,,,-,24,KRW,2023
20240314000710,11011,2023,01760738,456040,OFS,재무제표,IS,손익계산서,영업이익,제 1 기,2023.05.01 ~ 2023.12.31,"57,451,316,000",,,-,,,-,26,KRW,2023
20240314000710,11011,2023,01760738,456040,OFS,재무제표,IS,손익계산서,법인세차감전 순이익,제 1 기,2023.05.01 ~ 2023.12.31,"62,908,826,000",,,-,,,-,28,KRW,2023
20240314000710,11011,2023,01760738,456040,OFS,재무제표,IS,손익계산서,당기순이익(손실),제 1 기,2023.05.01 ~ 2023.12.31,"52,204,137,000",,,-,,,-,30,KRW,2023
20240314000710,11011,2023,01760738,456040,OFS,재무제표,IS,손익계산서,당기순이익(손실),제 1 기,2023.05.01 ~ 2023.12.31,"52,204,137,000",,,-,,,-,62,KRW,2023
20240314000710,11011,2023,01760738,456040,OFS,재무제표,IS,손익계산서,총포괄손익,제 1 기,2023.05.01 ~ 2023.12.31,"46,368,605,000",,,-,,,-,64,KRW,2023
20250314001304,11011,2024,01760738,456040,CFS,연결재무제표,BS,재무상태표,유동자산,제 2 기,2024.12.31 현재,"1,210,697,237,000",제 1 기,2023.12.31 현재,"1,030,706,896,000",,,-,1,KRW,2024
20250314001304,11011,2024,01760738,456040,CFS,연결재무제표,BS,재무상태표,비유동자산,제 2 기,2024.12.31 현재,"1,072,348,180,000",제 1 기,2023.12.31 현재,"959,764,297,000",,,-,3,KRW,2024
20250314001304,11011,2024,01760738,456040,CFS,연결재무제표,BS,재무상태표,자산총계,제 2 기,2024.12.31 현재,"2,283,045,417,000",제 1 기,2023.12.31 현재,"1,990,471,193,000",,,-,5,KRW,2024
20250314001304,11011,2024,01760738,456040,CFS,연결재무제표,BS,재무상태표,유동부채,제 2 기,2024.12.31 현재,"612,355,011,000",제 1 기,2023.12.31 현재,"861,688,555,000",,,-,7,KRW,2024
20250314001304,11011,2024,01760738,456040,CFS,연결재무제표,BS,재무상태표,비유동부채,제 2 기,2024.12.31 현재,"429,068,344,000",제 1 기,2023.12.31 현재,"145,254,291,000",,,-,9,KRW,2024
20250314001304,11011,2024,01760738,456040,CFS,연결재무제표,BS,재무상태표,부채총계,제 2 기,2024.12.31 현재,"1,041,423,355,000",제 1 기,2023.12.31 현재,"1,006,942,846,000",,,-,11,KRW,2024
20250314001304,11011,2024,01760738,456040,CFS,연결재무제표,BS,재무상태표,자본금,제 2 기,2024.12.31 현재,"44,762,475,000",제 1 기,2023.12.31 현재,"37,183,645,000",,,-,13,KRW,2024
20250314001304,11011,2024,01760738,456040,CFS,연결재무제표,BS,재무상태표,이익잉여금,제 2 기,2024.12.31 현재,"118,072,966,000",제 1 기,2023.12.31 현재,"46,672,247,000",,,-,17,KRW,2024
20250314001304,11011,2024,01760738,456040,CFS,연결재무제표,BS,재무상태표,자본총계,제 2 기,2024.12.31 현재,"1,241,622,062,000",제 1 기,2023.12.31 현재,"983,528,347,000",,,-,21,KRW,2024
20250314001304,11011,2024,01760738,456040,CFS,연결재무제표,IS,손익계산서,매출액,제 2 기,2024.01.01 ~ 2024.12.31,"2,215,285,616,000",제 1 기,2023.05.01 ~ 2023.12.31,"1,288,825,675,000",,,-,23,KRW,2024
20250314001304,11011,2024,01760738,456040,CFS,연결재무제표,IS,손익계산서,영업이익,제 2 기,2024.01.01 ~ 2024.12.31,"110,492,797,000",제 1 기,2023.05.01 ~ 2023.12.31,"57,451,316,000",,,-,25,KRW,2024
20250314001304,11011,2024,01760738,456040,CFS,연결재무제표,IS,손익계산서,법인세차감전 순이익,제 2 기,2024.01.01 ~ 2024.12.31,"115,460,934,000",제 1 기,2023.05.01 ~ 2023.12.31,"62,908,826,000",,,-,27,KRW,2024
20250314001304,11011,2024,01760738,456040,CFS,연결재무제표,IS,손익계산서,당기순이익(손실),제 2 기,2024.01.01 ~ 2024.12.31,"89,669,461,000",제 1 기,2023.05.01 ~ 2023.12.31,"52,204,137,000",,,-,29,KRW,2024
20250314001304,11011,2024,01760738,456040,CFS,연결재무제표,IS,손익계산서,당기순이익(손실),제 2 기,2024.01.01 ~ 2024.12.31,"89,669,461,000",제 1 기,2023.05.01 ~ 2023.12.31,"52,204,137,000",,,-,61,KRW,2024
20250314001304,11011,2024,01760738,456040,CFS,연결재무제표,IS,손익계산서,총포괄손익,제 2 기,2024.01.01 ~ 2024.12.31,"91,445,532,000",제 1 기,2023.05.01 ~ 2023.12.31,"46,368,605,000",,,-,63,KRW,2024
20250314001304,11011,2024,01760738,456040,OFS,재무제표,BS,재무상태표,유동자산,제 2 기,2024.12.31 현재,"1,084,245,267,000",제 1 기,2023.12.31 현재,"1,030,706,896,000",,,-,2,KRW,2024
20250314001304,11011,2024,01760738,456040,OFS,재무제표,BS,재무상태표,비유동자산,제 2 기,2024.12.31 현재,"1,004,034,650,000",제 1 기,2023.12.31 현재,"868,334,280,000",,,-,4,KRW,2024
20250314001304,11011,2024,01760738,456040,OFS,재무제표,BS,재무상태표,자산총계,제 2 기,2024.12.31 현재,"2,088,279,917,000",제 1 기,2023.12.31 현재,"1,899,041,176,000",,,-,6,KRW,2024
20250314001304,11011,2024,01760738,456040,OFS,재무제표,BS,재무상태표,유동부채,제 2 기,2024.12.31 현재,"578,432,020,000",제 1 기,2023.12.31 현재,"861,688,555,000",,,-,8,KRW,2024
20250314001304,11011,2024,01760738,456040,OFS,재무제표,BS,재무상태표,비유동부채,제 2 기,2024.12.31 현재,"409,678,906,000",제 1 기,2023.12.31 현재,"145,254,291,000",,,-,10,KRW,2024
20250314001304,11011,2024,01760738,456040,OFS,재무제표,BS,재무상태표,부채총계,제 2 기,2024.12.31 현재,"988,110,926,000",제 1 기,2023.12.31 현재,"1,006,942,846,000",,,-,12,KRW,2024
20250314001304,11011,2024,01760738,456040,OFS,재무제표,BS,재무상태표,자본금,제 2 기,2024.12.31 현재,"44,762,475,000",제 1 기,2023.12.31 현재,"37,183,645,000",,,-,15,KRW,2024
20250314001304,11011,2024,01760738,456040,OFS,재무제표,BS,재무상태표,이익잉여금,제 2 기,2024.12.31 현재,"94,942,078,000",제 1 기,2023.12.31 현재,"30,773,523,000",,,-,19,KRW,2024
20250314001304,11011,2024,01760738,456040,OFS,재무제표,BS,재무상태표,자본총계,제 2 기,2024.12.31 현재,"1,100,168,991,000",제 1 기,2023.12.31 현재,"892,098,330,000",,,-,22,KRW,2024
20250314001304,11011,2024,01760738,456040,OFS,재무제표,IS,손익계산서,매출액,제 2 기,2024.01.01 ~ 2024.12.31,"1,989,717,669,000",제 1 기,2023.05.01 ~ 2023.12.31,"1,288,825,675,000",,,-,24,KRW,2024
20250314001304,11011,2024,01760738,456040,OFS,재무제표,IS,손익계산서,영업이익,제 2 기,2024.01.01 ~ 2024.12.31,"120,919,683,000",제 1 기,2023.05.01 ~ 2023.12.31,"57,451,316,000",,,-,26,KRW,2024
20250314001304,11011,2024,01760738,456040,OFS,재무제표,IS,손익계산서,법인세차감전 순이익,제 2 기,2024.01.01 ~ 2024.12.31,"114,685,925,000",제 1 기,2023.05.01 ~ 2023.12.31,"46,213,674,000",,,-,28,KRW,2024
20250314001304,11011,2024,01760738,456040,OFS,재무제표,IS,손익계산서,당기순이익(손실),제 2 기,2024.01.01 ~ 2024.12.31,"88,518,537,000",제 1 기,2023.05.01 ~ 2023.12.31,"36,305,413,000",,,-,30,KRW,2024
20250314001304,11011,2024,01760738,456040,OFS,재무제표,IS,손익계산서,당기순이익(손실),제 2 기,2024.01.01 ~ 2024.12.31,"88,518,537,000",제 1 기,2023.05.01 ~ 2023.12.31,"36,305,413,000",,,-,62,KRW,2024
20250314001304,11011,2024,01760738,456040,OFS,재무제표,IS,손익계산서,총포괄손익,제 2 기,2024.01.01 ~ 2024.12.31,"78,965,933,000",제 1 기,2023.05.01 ~ 2023.12.31,"30,773,523,000",,,-,64,KRW,2024
20190329001733,11011,2018,00480367,100090,CFS,연결재무제표,BS,재무상태표,유동자산,제 23 기,2018.12.31 현재,"55,177,112,811",제 22 기,2017.12.31 현재,"59,797,655,001",제 21 기,2016.12.31 현재,"36,057,280,143",1,KRW,2018
20190329001733,11011,2018,00480367,100090,CFS,연결재무제표,BS,재무상태표,비유동자산,제 23 기,2018.12.31 현재,"482,881,230,600",제 22 기,2017.12.31 현재,"470,665,927,517",제 21 기,2016.12.31 현재,"202,207,848,741",3,KRW,2018
20190329001733,11011,2018,00480367,100090,CFS,연결재무제표,BS,재무상태표,자산총계,제 23 기,2018.12.31 현재,"538,058,343,411",제 22 기,2017.12.31 현재,"530,463,582,518",제 21 기,2016.12.31 현재,"238,265,128,884",5,KRW,2018
20190329001733,11011,2018,00480367,100090,CFS,연결재무제표,BS,재무상태표,유동부채,제 23 기,2018.12.31 현재,"157,932,789,696",제 22 기,2017.12.31 현재,"157,354,137,712",제 21 기,2016.12.31 현재,"151,789,513,758",7,KRW,2018
20190329001733,11011,2018,00480367,100090,CFS,연결재무제표,BS,재무상태표,비유동부채,제 23 기,2018.12.31 현재,"154,433,956,255",제 22 기,2017.12.31 현재,"123,703,686,169",제 21 기,2016.12.31 현재,"13,474,891,367",9,KRW,2018
20190329001733,11011,2018,00480367,100090,CFS,연결재무제표,BS,재무상태표,부채총계,제 23 기,2018.12.31 현재,"312,366,745,951",제 22 기,2017.12.31 현재,"281,057,823,881",제 21 기,2016.12.31 현재,"165,264,405,125",11,KRW,2018
20190329001733,11011,2018,00480367,100090,CFS,연결재무제표,BS,재무상태표,자본금,제 23 기,2018.12.31 현재,"13,212,704,500",제 22 기,2017.12.31 현재,"8,426,850,500",제 21 기,2016.12.31 현재,"8,426,850,500",13,KRW,2018
20190329001733,11011,2018,00480367,100090,CFS,연결재무제표,BS,재무상태표,이익잉여금,제 23 기,2018.12.31 현재,"66,455,168,880",제 22 기,2017.12.31 현재,"115,782,033,951",제 21 기,2016.12.31 현재,"18,041,470,754",17,KRW,2018
20190329001733,11011,2018,00480367,100090,CFS,연결재무제표,BS,재무상태표,자본총계,제 23 기,2018.12.31 현재,"225,691,597,460",제 22 기,2017.12.31 현재,"249,405,758,637",제 21 기,2016.12.31 현재,"73,000,723,759",21,KRW,2018
20190329001733,11011,2018,00480367,100090,CFS,연결재무제표,IS,손익계산서,매출액,제 23 기,2018.01.01 ~ 2018.12.31,"143,966,170,303",제 22 기,2017.01.01 ~ 2017.12.31,"123,068,752,891",제 21 기,2016.01.01 ~ 2016.12.31,"173,052,158,646",23,KRW,2018
20190329001733,11011,2018,00480367,100090,CFS,연결재무제표,IS,손익계산서,영업이익,제 23 기,2018.01.01 ~ 2018.12.31,"-35,331,634,148",제 22 기,2017.01.01 ~ 2017.12.31,"-20,971,131,449",제 21 기,2016.01.01 ~ 2016.12.31,"10,483,551,204",25,KRW,2018
20190329001733,11011,2018,00480367,100090,CFS,연결재무제표,IS,손익계산서,법인세차감전 순이익,제 23 기,2018.01.01 ~ 2018.12.31,"-60,616,899,941",제 22 기,2017.01.01 ~ 2017.12.31,"81,268,169,441",제 21 기,2016.01.01 ~ 2016.12.31,"4,484,082,668",27,KRW,2018
20190329001733,11011,2018,00480367,100090,CFS,연결재무제표,IS,손익계산서,당기순이익(손실),제 23 기,2018.01.01 ~ 2018.12.31,"-60,181,098,972",제 22 기,2017.01.01 ~ 2017.12.31,"96,254,150,620",제 21 기,2016.01.01 ~ 2016.12.31,"3,158,996,376",29,KRW,2018
20190329001733,11011,2018,00480367,100090,CFS,연결재무제표,IS,손익계산서,당기순이익(손실),제 23 기,2018.01.01 ~ 2018.12.31,"-60,181,098,972",제 22 기,2017.01.01 ~ 2017.12.31,"96,254,150,620",제 21 기,2016.01.01 ~ 2016.12.31,"3,158,996,376",61,KRW,2018
20190329001733,11011,2018,00480367,100090,OFS,재무제표,BS,재무상태표,유동자산,제 23 기,2018.12.31 현재,"42,322,698,521",제 22 기,2017.12.31 현재,"48,543,707,300",제 21 기,2016.12.31 현재,"36,057,280,143",2,KRW,2018
20190329001733,11011,2018,00480367,100090,OFS,재무제표,BS,재무상태표,비유동자산,제 23 기,2018.12.31 현재,"363,848,125,639",제 22 기,2017.12.31 현재,"348,268,266,979",제 21 기,2016.12.31 현재,"202,207,848,741",4,KRW,2018
20190329001733,11011,2018,00480367,100090,OFS,재무제표,BS,재무상태표,자산총계,제 23 기,2018.12.31 현재,"406,170,824,160",제 22 기,2017.12.31 현재,"396,811,974,279",제 21 기,2016.12.31 현재,"238,265,128,884",6,KRW,2018
20190329001733,11011,2018,00480367,100090,OFS,재무제표,BS,재무상태표,유동부채,제 23 기,2018.12.31 현재,"140,603,909,248",제 22 기,2017.12.31 현재,"153,766,543,500",제 21 기,2016.12.31 현재,"151,789,513,758",8,KRW,2018
20190329001733,11011,2018,00480367,100090,OFS,재무제표,BS,재무상태표,비유동부채,제 23 기,2018.12.31 현재,"103,708,644,690",제 22 기,2017.12.31 현재,"73,501,091,998",제 21 기,2016.12.31 현재,"13,474,891,367",10,KRW,2018
20190329001733,11011,2018,00480367,100090,OFS,재무제표,BS,재무상태표,부채총계,제 23 기,2018.12.31 현재,"244,312,553,938",제 22 기,2017.12.31 현재,"227,267,635,498",제 21 기,2016.12.31 현재,"165,264,405,125",12,KRW,2018
20190329001733,11011,2018,00480367,100090,OFS,재무제표,BS,재무상태표,자본금,제 23 기,2018.12.31 현재,"13,212,704,500",제 22 기,2017.12.31 현재,"8,426,850,500",제 21 기,2016.12.31 현재,"8,426,850,500",15,KRW,2018
20190329001733,11011,2018,00480367,100090,OFS,재무제표,BS,재무상태표,이익잉여금,제 23 기,2018.12.31 현재,"68,036,428,081",제 22 기,2017.12.31 현재,"112,955,268,418",제 21 기,2016.12.31 현재,"18,041,470,754",19,KRW,2018
20190329001733,11011,2018,00480367,100090,OFS,재무제표,BS,재무상태표,자본총계,제 23 기,2018.12.31 현재,"161,858,270,222",제 22 기,2017.12.31 현재,"169,544,338,781",제 21 기,2016.12.31 현재,"73,000,723,759",22,KRW,2018
20190329001733,11011,2018,00480367,100090,OFS,재무제표,IS,손익계산서,매출액,제 23 기,2018.01.01 ~ 2018.12.31,"117,539,476,816",제 22 기,2017.01.01 ~ 2017.12.31,"121,818,685,959",제 21 기,2016.01.01 ~ 2016.12.31,"173,052,158,646",24,KRW,2018
20190329001733,11011,2018,00480367,100090,OFS,재무제표,IS,손익계산서,영업이익,제 23 기,2018.01.01 ~ 2018.12.31,"-13,587,152,332",제 22 기,2017.01.01 ~ 2017.12.31,"-14,176,194,921",제 21 기,2016.01.01 ~ 2016.12.31,"10,483,551,204",26,KRW,2018
20190329001733,11011,2018,00480367,100090,OFS,재무제표,IS,손익계산서,법인세차감전 순이익,제 23 기,2018.01.01 ~ 2018.12.31,"-45,929,809,253",제 22 기,2017.01.01 ~ 2017.12.31,"93,611,520,546",제 21 기,2016.01.01 ~ 2016.12.31,"4,484,082,668",28,KRW,2018
20190329001733,11011,2018,00480367,100090,OFS,재무제표,IS,손익계산서,당기순이익(손실),제 23 기,2018.01.01 ~ 2018.12.31,"-44,751,664,905",제 22 기,2017.01.01 ~ 2017.12.31,"94,354,099,387",제 21 기,2016.01.01 ~ 2016.12.31,"3,158,996,376",30,KRW,2018
20190329001733,11011,2018,00480367,100090,OFS,재무제표,IS,손익계산서,당기순이익(손실),제 23 기,2018.01.01 ~ 2018.12.31,"-44,751,664,905",제 22 기,2017.01.01 ~ 2017.12.31,"94,354,099,387",제 21 기,2016.01.01 ~ 2016.12.31,"3,158,996,376",62,KRW,2018
20200330003171,11011,2019,00480367,100090,CFS,연결재무제표,BS,재무상태표,유동자산,제 24 기,2019.12.31 현재,"142,046,985,512",제 23 기,2018.12.31 현재,"55,177,112,811",제 22 기,2017.12.31 현재,"59,797,655,001",1,KRW,2019
20200330003171,11011,2019,00480367,100090,CFS,연결재무제표,BS,재무상태표,비유동자산,제 24 기,2019.12.31 현재,"485,884,358,062",제 23 기,2018.12.31 현재,"482,881,230,600",제 22 기,2017.12.31 현재,"470,665,927,517",3,KRW,2019
20200330003171,11011,2019,00480367,100090,CFS,연결재무제표,BS,재무상태표,자산총계,제 24 기,2019.12.31 현재,"627,931,343,574",제 23 기,2018.12.31 현재,"538,058,343,411",제 22 기,2017.12.31 현재,"530,463,582,518",5,KRW,2019
20200330003171,11011,2019,00480367,100090,CFS,연결재무제표,BS,재무상태표,유동부채,제 24 기,2019.12.31 현재,"304,319,416,012",제 23 기,2018.12.31 현재,"157,932,789,696",제 22 기,2017.12.31 현재,"157,354,137,712",7,KRW,2019
20200330003171,11011,2019,00480367,100090,CFS,연결재무제표,BS,재무상태표,비유동부채,제 24 기,2019.12.31 현재,"127,833,074,864",제 23 기,2018.12.31 현재,"154,433,956,255",제 22 기,2017.12.31 현재,"123,703,686,169",9,KRW,2019
20200330003171,11011,2019,00480367,100090,CFS,연결재무제표,BS,재무상태표,부채총계,제 24 기,2019.12.31 현재,"432,152,490,876",제 23 기,2018.12.31 현재,"312,366,745,951",제 22 기,2017.12.31 현재,"281,057,823,881",11,KRW,2019
20200330003171,11011,2019,00480367,100090,CFS,연결재무제표,BS,재무상태표,자본금,제 24 기,2019.12.31 현재,"13,931,710,000",제 23 기,2018.12.31 현재,"13,212,704,500",제 22 기,2017.12.31 현재,"8,426,850,500",13,KRW,2019
20200330003171,11011,2019,00480367,100090,CFS,연결재무제표,BS,재무상태표,이익잉여금,제 24 기,2019.12.31 현재,"43,218,321,789",제 23 기,2018.12.31 현재,"66,455,168,880",제 22 기,2017.12.31 현재,"115,782,033,951",17,KRW,2019
20200330003171,11011,2019,00480367,100090,CFS,연결재무제표,BS,재무상태표,자본총계,제 24 기,2019.12.31 현재,"195,778,852,698",제 23 기,2018.12.31 현재,"225,691,597,460",제 22 기,2017.12.31 현재,"249,405,758,637",21,KRW,2019
20200330003171,11011,2019,00480367,100090,CFS,연결재무제표,IS,손익계산서,매출액,제 24 기,2019.01.01 ~ 2019.12.31,"384,531,743,425",제 23 기,2018.01.01 ~ 2018.12.31,"143,966,170,303",제 22 기,2017.01.01 ~ 2017.12.31,"123,068,752,891",23,KRW,2019
20200330003171,11011,2019,00480367,100090,CFS,연결재무제표,IS,손익계산서,영업이익,제 24 기,2019.01.01 ~ 2019.12.31,"-20,595,049,708",제 23 기,2018.01.01 ~ 2018.12.31,"-35,331,634,148",제 22 기,2017.01.01 ~ 2017.12.31,"-20,971,131,449",25,KRW,2019
20200330003171,11011,2019,00480367,100090,CFS,연결재무제표,IS,손익계산서,법인세차감전 순이익,제 24 기,2019.01.01 ~ 2019.12.31,"-36,804,835,892",제 23 기,2018.01.01 ~ 2018.12.31,"-60,616,899,941",제 22 기,2017.01.01 ~ 2017.12.31,"81,268,169,441",27,KRW,2019
20200330003171,11011,2019,00480367,100090,CFS,연결재무제표,IS,손익계산서,당기순이익(손실),제 24 기,2019.01.01 ~ 2019.12.31,"-37,129,796,614",제 23 기,2018.01.01 ~ 2018.12.31,"-60,181,098,972",제 22 기,2017.01.01 ~ 2017.12.31,"96,254,150,620",29,KRW,2019
20200330003171,11011,2019,00480367,100090,CFS,연결재무제표,IS,손익계산서,당기순이익(손실),제 24 기,2019.01.01 ~ 2019.12.31,"-37,129,796,614",제 23 기,2018.01.01 ~ 2018.12.31,"-60,181,098,972",제 22 기,2017.01.01 ~ 2017.12.31,"96,254,150,620",61,KRW,2019
20200330003171,11011,2019,00480367,100090,OFS,재무제표,BS,재무상태표,유동자산,제 24 기,2019.12.31 현재,"124,429,634,547",제 23 기,2018.12.31 현재,"42,322,698,521",제 22 기,2017.12.31 현재,"48,543,707,300",2,KRW,2019
20200330003171,11011,2019,00480367,100090,OFS,재무제표,BS,재무상태표,비유동자산,제 24 기,2019.12.31 현재,"349,380,925,279",제 23 기,2018.12.31 현재,"363,848,125,639",제 22 기,2017.12.31 현재,"348,268,266,979",4,KRW,2019
20200330003171,11011,2019,00480367,100090,OFS,재무제표,BS,재무상태표,자산총계,제 24 기,2019.12.31 현재,"473,810,559,826",제 23 기,2018.12.31 현재,"406,170,824,160",제 22 기,2017.12.31 현재,"396,811,974,279",6,KRW,2019
20200330003171,11011,2019,00480367,100090,OFS,재무제표,BS,재무상태표,유동부채,제 24 기,2019.12.31 현재,"258,894,035,537",제 23 기,2018.12.31 현재,"140,603,909,248",제 22 기,2017.12.31 현재,"153,766,543,500",8,KRW,2019
20200330003171,11011,2019,00480367,100090,OFS,재무제표,BS,재무상태표,비유동부채,제 24 기,2019.12.31 현재,"66,483,647,973",제 23 기,2018.12.31 현재,"103,708,644,690",제 22 기,2017.12.31 현재,"73,501,091,998",10,KRW,2019
20200330003171,11011,2019,00480367,100090,OFS,재무제표,BS,재무상태표,부채총계,제 24 기,2019.12.31 현재,"325,377,683,510",제 23 기,2018.12.31 현재,"244,312,553,938",제 22 기,2017.12.31 현재,"227,267,635,498",12,KRW,2019
20200330003171,11011,2019,00480367,100090,OFS,재무제표,BS,재무상태표,자본금,제 24 기,2019.12.31 현재,"13,931,710,000",제 23 기,2018.12.31 현재,"13,212,704,500",제 22 기,2017.12.31 현재,"8,426,850,500",15,KRW,2019
20200330003171,11011,2019,00480367,100090,OFS,재무제표,BS,재무상태표,이익잉여금,제 24 기,2019.12.31 현재,"45,787,462,824",제 23 기,2018.12.31 현재,"68,036,428,081",제 22 기,2017.12.31 현재,"112,955,268,418",19,KRW,2019
20200330003171,11011,2019,00480367,100090,OFS,재무제표,BS,재무상태표,자본총계,제 24 기,2019.12.31 현재,"148,432,876,316",제 23 기,2018.12.31 현재,"161,858,270,222",제 22 기,2017.12.31 현재,"169,544,338,781",22,KRW,2019
20200330003171,11011,2019,00480367,100090,OFS,재무제표,IS,손익계산서,매출액,제 24 기,2019.01.01 ~ 2019.12.31,"265,255,696,594",제 23 기,2018.01.01 ~ 2018.12.31,"117,539,476,816",제 22 기,2017.01.01 ~ 2017.12.31,"121,818,685,959",24,KRW,2019
20200330003171,11011,2019,00480367,100090,OFS,재무제표,IS,손익계산서,영업이익,제 24 기,2019.01.01 ~ 2019.12.31,"17,161,251,757",제 23 기,2018.01.01 ~ 2018.12.31,"-13,587,152,332",제 22 기,2017.01.01 ~ 2017.12.31,"-14,176,194,921",26,KRW,2019
20200330003171,11011,2019,00480367,100090,OFS,재무제표,IS,손익계산서,법인세차감전 순이익,제 24 기,2019.01.01 ~ 2019.12.31,"-21,845,202,963",제 23 기,2018.01.01 ~ 2018.12.31,"-45,929,809,253",제 22 기,2017.01.01 ~ 2017.12.31,"93,611,520,546",28,KRW,2019
20200330003171,11011,2019,00480367,100090,OFS,재무제표,IS,손익계산서,당기순이익(손실),제 24 기,2019.01.01 ~ 2019.12.31,"-22,170,163,685",제 23 기,2018.01.01 ~ 2018.12.31,"-44,751,664,905",제 22 기,2017.01.01 ~ 2017.12.31,"94,354,099,387",30,KRW,2019
20200330003171,11011,2019,00480367,100090,OFS,재무제표,IS,손익계산서,당기순이익(손실),제 24 기,2019.01.01 ~ 2019.12.31,"-22,170,163,685",제 23 기,2018.01.01 ~ 2018.12.31,"-44,751,664,905",제 22 기,2017.01.01 ~ 2017.12.31,"94,354,099,387",62,KRW,2019
20210318000211,11011,2020,00480367,100090,CFS,연결재무제표,BS,재무상태표,유동자산,제 25 기,2020.12.31 현재,"189,099,172,940",제 24 기,2019.12.31 현재,"142,046,985,512",제 23 기,2018.12.31 현재,"55,177,112,811",1,KRW,2020
20210318000211,11011,2020,00480367,100090,CFS,연결재무제표,BS,재무상태표,비유동자산,제 25 기,2020.12.31 현재,"470,945,273,746",제 24 기,2019.12.31 현재,"485,884,358,062",제 23 기,2018.12.31 현재,"482,881,230,600",3,KRW,2020
20210318000211,11011,2020,00480367,100090,CFS,연결재무제표,BS,재무상태표,자산총계,제 25 기,2020.12.31 현재,"660,044,446,686",제 24 기,2019.12.31 현재,"627,931,343,574",제 23 기,2018.12.31 현재,"538,058,343,411",5,KRW,2020
20210318000211,11011,2020,00480367,100090,CFS,연결재무제표,BS,재무상태표,유동부채,제 25 기,2020.12.31 현재,"263,137,673,272",제 24 기,2019.12.31 현재,"304,319,416,012",제 23 기,2018.12.31 현재,"157,932,789,696",7,KRW,2020
20210318000211,11011,2020,00480367,100090,CFS,연결재무제표,BS,재무상태표,비유동부채,제 25 기,2020.12.31 현재,"163,202,446,216",제 24 기,2019.12.31 현재,"127,833,074,864",제 23 기,2018.12.31 현재,"154,433,956,255",9,KRW,2020
20210318000211,11011,2020,00480367,100090,CFS,연결재무제표,BS,재무상태표,부채총계,제 25 기,2020.12.31 현재,"426,340,119,488",제 24 기,2019.12.31 현재,"432,152,490,876",제 23 기,2018.12.31 현재,"312,366,745,951",11,KRW,2020
20210318000211,11011,2020,00480367,100090,CFS,연결재무제표,BS,재무상태표,자본금,제 25 기,2020.12.31 현재,"17,546,337,000",제 24 기,2019.12.31 현재,"13,931,710,000",제 23 기,2018.12.31 현재,"13,212,704,500",13,KRW,2020
20210318000211,11011,2020,00480367,100090,CFS,연결재무제표,BS,재무상태표,이익잉여금,제 25 기,2020.12.31 현재,"49,554,755,460",제 24 기,2019.12.31 현재,"43,218,321,789",제 23 기,2018.12.31 현재,"66,455,168,880",17,KRW,2020
20210318000211,11011,2020,00480367,100090,CFS,연결재무제표,BS,재무상태표,자본총계,제 25 기,2020.12.31 현재,"233,704,327,198",제 24 기,2019.12.31 현재,"195,778,852,698",제 23 기,2018.12.31 현재,"225,691,597,460",21,KRW,2020
20210318000211,11011,2020,00480367,100090,CFS,연결재무제표,IS,손익계산서,매출액,제 25 기,2020.01.01 ~ 2020.12.31,"427,239,225,830",제 24 기,2019.01.01 ~ 2019.12.31,"384,531,743,425",제 23 기,2018.01.01 ~ 2018.12.31,"143,966,170,303",23,KRW,2020
20210318000211,11011,2020,00480367,100090,CFS,연결재무제표,IS,손익계산서,영업이익,제 25 기,2020.01.01 ~ 2020.12.31,"29,049,486,060",제 24 기,2019.01.01 ~ 2019.12.31,"-20,595,049,708",제 23 기,2018.01.01 ~ 2018.12.31,"-35,331,634,148",25,KRW,2020
20210318000211,11011,2020,00480367,100090,CFS,연결재무제표,IS,손익계산서,법인세차감전 순이익,제 25 기,2020.01.01 ~ 2020.12.31,"9,173,898,891",제 24 기,2019.01.01 ~ 2019.12.31,"-36,804,835,892",제 23 기,2018.01.01 ~ 2018.12.31,"-60,616,899,941",27,KRW,2020
20210318000211,11011,2020,00480367,100090,CFS,연결재무제표,IS,손익계산서,당기순이익(손실),제 25 기,2020.01.01 ~ 2020.12.31,"12,245,484,601",제 24 기,2019.01.01 ~ 2019.12.31,"-37,129,796,614",제 23 기,2018.01.01 ~ 2018.12.31,"-60,181,098,972",29,KRW,2020
20210318000211,11011,2020,00480367,100090,CFS,연결재무제표,IS,손익계산서,당기순이익(손실),제 25 기,2020.01.01 ~ 2020.12.31,"12,245,484,601",제 24 기,2019.01.01 ~ 2019.12.31,"-37,129,796,614",제 23 기,2018.01.01 ~ 2018.12.31,"-60,181,098,972",61,KRW,2020
20210318000211,11011,2020,00480367,100090,OFS,재무제표,BS,재무상태표,유동자산,제 25 기,2020.12.31 현재,"182,337,246,021",제 24 기,2019.12.31 현재,"124,429,634,547",제 23 기,2018.12.31 현재,"42,322,698,521",2,KRW,2020
20210318000211,11011,2020,00480367,100090,OFS,재무제표,BS,재무상태표,비유동자산,제 25 기,2020.12.31 현재,"342,819,111,625",제 24 기,2019.12.31 현재,"349,380,925,279",제 23 기,2018.12.31 현재,"363,848,125,639",4,KRW,2020
20210318000211,11011,2020,00480367,100090,OFS,재무제표,BS,재무상태표,자산총계,제 25 기,2020.12.31 현재,"525,156,357,646",제 24 기,2019.12.31 현재,"473,810,559,826",제 23 기,2018.12.31 현재,"406,170,824,160",6,KRW,2020
20210318000211,11011,2020,00480367,100090,OFS,재무제표,BS,재무상태표,유동부채,제 25 기,2020.12.31 현재,"234,482,848,437",제 24 기,2019.12.31 현재,"258,894,035,537",제 23 기,2018.12.31 현재,"140,603,909,248",8,KRW,2020
20210318000211,11011,2020,00480367,100090,OFS,재무제표,BS,재무상태표,비유동부채,제 25 기,2020.12.31 현재,"108,383,769,526",제 24 기,2019.12.31 현재,"66,483,647,973",제 23 기,2018.12.31 현재,"103,708,644,690",10,KRW,2020
20210318000211,11011,2020,00480367,100090,OFS,재무제표,BS,재무상태표,부채총계,제 25 기,2020.12.31 현재,"342,866,617,963",제 24 기,2019.12.31 현재,"325,377,683,510",제 23 기,2018.12.31 현재,"244,312,553,938",12,KRW,2020
20210318000211,11011,2020,00480367,100090,OFS,재무제표,BS,재무상태표,자본금,제 25 기,2020.12.31 현재,"17,546,337,000",제 24 기,2019.12.31 현재,"13,931,710,000",제 23 기,2018.12.31 현재,"13,212,704,500",15,KRW,2020
20210318000211,11011,2020,00480367,100090,OFS,재무제표,BS,재무상태표,이익잉여금,제 25 기,2020.12.31 현재,"51,681,106,008",제 24 기,2019.12.31 현재,"45,787,462,824",제 23 기,2018.12.31 현재,"68,036,428,081",19,KRW,2020
20210318000211,11011,2020,00480367,100090,OFS,재무제표,BS,재무상태표,자본총계,제 25 기,2020.12.31 현재,"182,289,739,683",제 24 기,2019.12.31 현재,"148,432,876,316",제 23 기,2018.12.31 현재,"161,858,270,222",22,KRW,2020
20210318000211,11011,2020,00480367,100090,OFS,재무제표,IS,손익계산서,매출액,제 25 기,2020.01.01 ~ 2020.12.31,"368,686,071,083",제 24 기,2019.01.01 ~ 2019.12.31,"265,255,696,594",제 23 기,2018.01.01 ~ 2018.12.31,"117,539,476,816",24,KRW,2020
20210318000211,11011,2020,00480367,100090,OFS,재무제표,IS,손익계산서,영업이익,제 25 기,2020.01.01 ~ 2020.12.31,"19,588,654,239",제 24 기,2019.01.01 ~ 2019.12.31,"17,161,251,757",제 23 기,2018.01.01 ~ 2018.12.31,"-13,587,152,332",26,KRW,2020
20210318000211,11011,2020,00480367,100090,OFS,재무제표,IS,손익계산서,법인세차감전 순이익,제 25 기,2020.01.01 ~ 2020.12.31,"4,937,562,677",제 24 기,2019.01.01 ~ 2019.12.31,"-21,845,202,963",제 23 기,2018.01.01 ~ 2018.12.31,"-45,929,809,253",28,KRW,2020
20210318000211,11011,2020,00480367,100090,OFS,재무제표,IS,손익계산서,당기순이익(손실),제 25 기,2020.01.01 ~ 2020.12.31,"5,684,841,343",제 24 기,2019.01.01 ~ 2019.12.31,"-22,170,163,685",제 23 기,2018.01.01 ~ 2018.12.31,"-44,751,664,905",30,KRW,2020
20210318000211,11011,2020,00480367,100090,OFS,재무제표,IS,손익계산서,당기순이익(손실),제 25 기,2020.01.01 ~ 2020.12.31,"5,684,841,343",제 24 기,2019.01.01 ~ 2019.12.31,"-22,170,163,685",제 23 기,2018.01.01 ~ 2018.12.31,"-44,751,664,905",62,KRW,2020
20220323001382,11011,2021,00480367,100090,CFS,연결재무제표,BS,재무상태표,유동자산,제 26 기,2021.12.31 현재,"301,286,813,979",제 25 기,2020.12.31 현재,"189,099,172,940",제 24 기,2019.12.31 현재,"142,046,985,512",1,KRW,2021
20220323001382,11011,2021,00480367,100090,CFS,연결재무제표,BS,재무상태표,비유동자산,제 26 기,2021.12.31 현재,"438,105,376,206",제 25 기,2020.12.31 현재,"470,945,273,746",제 24 기,2019.12.31 현재,"485,884,358,062",3,KRW,2021
20220323001382,11011,2021,00480367,100090,CFS,연결재무제표,BS,재무상태표,자산총계,제 26 기,2021.12.31 현재,"739,392,190,185",제 25 기,2020.12.31 현재,"660,044,446,686",제 24 기,2019.12.31 현재,"627,931,343,574",5,KRW,2021
20220323001382,11011,2021,00480367,100090,CFS,연결재무제표,BS,재무상태표,유동부채,제 26 기,2021.12.31 현재,"495,761,277,618",제 25 기,2020.12.31 현재,"263,137,673,272",제 24 기,2019.12.31 현재,"304,319,416,012",7,KRW,2021
20220323001382,11011,2021,00480367,100090,CFS,연결재무제표,BS,재무상태표,비유동부채,제 26 기,2021.12.31 현재,"63,550,894,718",제 25 기,2020.12.31 현재,"163,202,446,216",제 24 기,2019.12.31 현재,"127,833,074,864",9,KRW,2021
20220323001382,11011,2021,00480367,100090,CFS,연결재무제표,BS,재무상태표,부채총계,제 26 기,2021.12.31 현재,"559,312,172,336",제 25 기,2020.12.31 현재,"426,340,119,488",제 24 기,2019.12.31 현재,"432,152,490,876",11,KRW,2021
20220323001382,11011,2021,00480367,100090,CFS,연결재무제표,BS,재무상태표,자본금,제 26 기,2021.12.31 현재,"18,287,184,000",제 25 기,2020.12.31 현재,"17,546,337,000",제 24 기,2019.12.31 현재,"13,931,710,000",13,KRW,2021
20220323001382,11011,2021,00480367,100090,CFS,연결재무제표,BS,재무상태표,이익잉여금,제 26 기,2021.12.31 현재,"-1,217,736,134",제 25 기,2020.12.31 현재,"49,554,755,460",제 24 기,2019.12.31 현재,"43,218,321,789",17,KRW,2021
20220323001382,11011,2021,00480367,100090,CFS,연결재무제표,BS,재무상태표,자본총계,제 26 기,2021.12.31 현재,"180,080,017,849",제 25 기,2020.12.31 현재,"233,704,327,198",제 24 기,2019.12.31 현재,"195,778,852,698",21,KRW,2021
20220323001382,11011,2021,00480367,100090,CFS,연결재무제표,IS,손익계산서,매출액,제 26 기,2021.01.01 ~ 2021.12.31,"503,060,400,073",제 25 기,2020.01.01 ~ 2020.12.31,"427,239,225,830",제 24 기,2019.01.01 ~ 2019.12.31,"384,531,743,425",23,KRW,2021
20220323001382,11011,2021,00480367,100090,CFS,연결재무제표,IS,손익계산서,영업이익,제 26 기,2021.01.01 ~ 2021.12.31,"26,431,994,695",제 25 기,2020.01.01 ~ 2020.12.31,"29,049,486,060",제 24 기,2019.01.01 ~ 2019.12.31,"-20,595,049,708",25,KRW,2021
20220323001382,11011,2021,00480367,100090,CFS,연결재무제표,IS,손익계산서,법인세차감전 순이익,제 26 기,2021.01.01 ~ 2021.12.31,"-81,684,875,195",제 25 기,2020.01.01 ~ 2020.12.31,"9,173,898,891",제 24 기,2019.01.01 ~ 2019.12.31,"-36,804,835,892",27,KRW,2021
20220323001382,11011,2021,00480367,100090,CFS,연결재무제표,IS,손익계산서,당기순이익(손실),제 26 기,2021.01.01 ~ 2021.12.31,"-86,811,625,287",제 25 기,2020.01.01 ~ 2020.12.31,"12,245,484,601",제 24 기,2019.01.01 ~ 2019.12.31,"-37,129,796,614",29,KRW,2021
20220323001382,11011,2021,00480367,100090,CFS,연결재무제표,IS,손익계산서,당기순이익(손실),제 26 기,2021.01.01 ~ 2021.12.31,"-86,811,625,287",제 25 기,2020.01.01 ~ 2020.12.31,"12,245,484,601",제 24 기,2019.01.01 ~ 2019.12.31,"-37,129,796,614",61,KRW,2021
20220323001382,11011,2021,00480367,100090,OFS,재무제표,BS,재무상태표,유동자산,제 26 기,2021.12.31 현재,"299,142,426,466",제 25 기,2020.12.31 현재,"182,337,246,021",제 24 기,2019.12.31 현재,"124,429,634,547",2,KRW,2021
20220323001382,11011,2021,00480367,100090,OFS,재무제표,BS,재무상태표,비유동자산,제 26 기,2021.12.31 현재,"323,883,048,764",제 25 기,2020.12.31 현재,"342,819,111,625",제 24 기,2019.12.31 현재,"349,380,925,279",4,KRW,2021
20220323001382,11011,2021,00480367,100090,OFS,재무제표,BS,재무상태표,자산총계,제 26 기,2021.12.31 현재,"623,025,475,230",제 25 기,2020.12.31 현재,"525,156,357,646",제 24 기,2019.12.31 현재,"473,810,559,826",6,KRW,2021
20220323001382,11011,2021,00480367,100090,OFS,재무제표,BS,재무상태표,유동부채,제 26 기,2021.12.31 현재,"404,183,808,591",제 25 기,2020.12.31 현재,"234,482,848,437",제 24 기,2019.12.31 현재,"258,894,035,537",8,KRW,2021
20220323001382,11011,2021,00480367,100090,OFS,재무제표,BS,재무상태표,비유동부채,제 26 기,2021.12.31 현재,"62,973,832,187",제 25 기,2020.12.31 현재,"108,383,769,526",제 24 기,2019.12.31 현재,"66,483,647,973",10,KRW,2021
20220323001382,11011,2021,00480367,100090,OFS,재무제표,BS,재무상태표,부채총계,제 26 기,2021.12.31 현재,"467,157,640,778",제 25 기,2020.12.31 현재,"342,866,617,963",제 24 기,2019.12.31 현재,"325,377,683,510",12,KRW,2021
20220323001382,11011,2021,00480367,100090,OFS,재무제표,BS,재무상태표,자본금,제 26 기,2021.12.31 현재,"18,287,184,000",제 25 기,2020.12.31 현재,"17,546,337,000",제 24 기,2019.12.31 현재,"13,931,710,000",15,KRW,2021
20220323001382,11011,2021,00480367,100090,OFS,재무제표,BS,재무상태표,이익잉여금,제 26 기,2021.12.31 현재,"2,480,093,350",제 25 기,2020.12.31 현재,"51,681,106,008",제 24 기,2019.12.31 현재,"45,787,462,824",19,KRW,2021
20220323001382,11011,2021,00480367,100090,OFS,재무제표,BS,재무상태표,자본총계,제 26 기,2021.12.31 현재,"155,867,834,452",제 25 기,2020.12.31 현재,"182,289,739,683",제 24 기,2019.12.31 현재,"148,432,876,316",22,KRW,2021
20220323001382,11011,2021,00480367,100090,OFS,재무제표,IS,손익계산서,매출액,제 26 기,2021.01.01 ~ 2021.12.31,"451,450,156,286",제 25 기,2020.01.01 ~ 2020.12.31,"368,686,071,083",제 24 기,2019.01.01 ~ 2019.12.31,"265,255,696,594",24,KRW,2021
20220323001382,11011,2021,00480367,100090,OFS,재무제표,IS,손익계산서,영업이익,제 26 기,2021.01.01 ~ 2021.12.31,"35,375,747,006",제 25 기,2020.01.01 ~ 2020.12.31,"19,588,654,239",제 24 기,2019.01.01 ~ 2019.12.31,"17,161,251,757",26,KRW,2021
20220323001382,11011,2021,00480367,100090,OFS,재무제표,IS,손익계산서,법인세차감전 순이익,제 26 기,2021.01.01 ~ 2021.12.31,"-38,290,244,623",제 25 기,2020.01.01 ~ 2020.12.31,"4,937,562,677",제 24 기,2019.01.01 ~ 2019.12.31,"-21,845,202,963",28,KRW,2021
20220323001382,11011,2021,00480367,100090,OFS,재무제표,IS,손익계산서,당기순이익(손실),제 26 기,2021.01.01 ~ 2021.12.31,"-48,937,832,708",제 25 기,2020.01.01 ~ 2020.12.31,"5,684,841,343",제 24 기,2019.01.01 ~ 2019.12.31,"-22,170,163,685",30,KRW,2021
20220323001382,11011,2021,00480367,100090,OFS,재무제표,IS,손익계산서,당기순이익(손실),제 26 기,2021.01.01 ~ 2021.12.31,"-48,937,832,708",제 25 기,2020.01.01 ~ 2020.12.31,"5,684,841,343",제 24 기,2019.01.01 ~ 2019.12.31,"-22,170,163,685",62,KRW,2021
20230831000707,11011,2022,00480367,100090,CFS,연결재무제표,BS,재무상태표,유동자산,제 27 기,2022.12.31 현재,"594,390,293,947",제 26 기,2021.12.31 현재,"301,286,813,979",제 25 기,2020.12.31 현재,"189,099,172,940",1,KRW,2022
20230831000707,11011,2022,00480367,100090,CFS,연결재무제표,BS,재무상태표,비유동자산,제 27 기,2022.12.31 현재,"625,613,640,205",제 26 기,2021.12.31 현재,"438,105,376,206",제 25 기,2020.12.31 현재,"470,945,273,746",3,KRW,2022
20230831000707,11011,2022,00480367,100090,CFS,연결재무제표,BS,재무상태표,자산총계,제 27 기,2022.12.31 현재,"1,220,003,934,152",제 26 기,2021.12.31 현재,"739,392,190,185",제 25 기,2020.12.31 현재,"660,044,446,686",5,KRW,2022
20230831000707,11011,2022,00480367,100090,CFS,연결재무제표,BS,재무상태표,유동부채,제 27 기,2022.12.31 현재,"642,506,418,910",제 26 기,2021.12.31 현재,"495,761,277,618",제 25 기,2020.12.31 현재,"263,137,673,272",7,KRW,2022
20230831000707,11011,2022,00480367,100090,CFS,연결재무제표,BS,재무상태표,비유동부채,제 27 기,2022.12.31 현재,"51,540,016,043",제 26 기,2021.12.31 현재,"63,550,894,718",제 25 기,2020.12.31 현재,"163,202,446,216",9,KRW,2022
20230831000707,11011,2022,00480367,100090,CFS,연결재무제표,BS,재무상태표,부채총계,제 27 기,2022.12.31 현재,"694,046,434,953",제 26 기,2021.12.31 현재,"559,312,172,336",제 25 기,2020.12.31 현재,"426,340,119,488",11,KRW,2022
20230831000707,11011,2022,00480367,100090,CFS,연결재무제표,BS,재무상태표,자본금,제 27 기,2022.12.31 현재,"26,617,506,000",제 26 기,2021.12.31 현재,"18,287,184,000",제 25 기,2020.12.31 현재,"17,546,337,000",13,KRW,2022
20230831000707,11011,2022,00480367,100090,CFS,연결재무제표,BS,재무상태표,이익잉여금,제 27 기,2022.12.31 현재,"22,180,831,626",제 26 기,2021.12.31 현재,"-1,217,736,134",제 25 기,2020.12.31 현재,"49,554,755,460",17,KRW,2022
20230831000707,11011,2022,00480367,100090,CFS,연결재무제표,BS,재무상태표,자본총계,제 27 기,2022.12.31 현재,"525,957,499,199",제 26 기,2021.12.31 현재,"180,080,017,849",제 25 기,2020.12.31 현재,"233,704,327,198",21,KRW,2022
20230831000707,11011,2022,00480367,100090,CFS,연결재무제표,IS,손익계산서,매출액,제 27 기,2022.01.01 ~ 2022.12.31,"691,830,139,228",제 26 기,2021.01.01 ~ 2021.12.31,"503,060,400,073",제 25 기,2020.01.01 ~ 2020.12.31,"427,239,225,830",23,KRW,2022
20230831000707,11011,2022,00480367,100090,CFS,연결재무제표,IS,손익계산서,영업이익,제 27 기,2022.01.01 ~ 2022.12.31,"71,940,779,701",제 26 기,2021.01.01 ~ 2021.12.31,"26,431,994,695",제 25 기,2020.01.01 ~ 2020.12.31,"29,049,486,060",25,KRW,2022
20230831000707,11011,2022,00480367,100090,CFS,연결재무제표,IS,손익계산서,법인세차감전 순이익,제 27 기,2022.01.01 ~ 2022.12.31,"34,796,229,822",제 26 기,2021.01.01 ~ 2021.12.31,"-81,684,875,195",제 25 기,2020.01.01 ~ 2020.12.31,"9,173,898,891",27,KRW,2022
20230831000707,11011,2022,00480367,100090,CFS,연결재무제표,IS,손익계산서,당기순이익(손실),제 27 기,2022.01.01 ~ 2022.12.31,"28,013,900,233",제 26 기,2021.01.01 ~ 2021.12.31,"-86,811,625,287",제 25 기,2020.01.01 ~ 2020.12.31,"12,245,484,601",29,KRW,2022
20230831000707,11011,2022,00480367,100090,CFS,연결재무제표,IS,손익계산서,당기순이익(손실),제 27 기,2022.01.01 ~ 2022.12.31,"28,013,900,233",제 26 기,2021.01.01 ~ 2021.12.31,"-86,811,625,287",제 25 기,2020.01.01 ~ 2020.12.31,"12,245,484,601",61,KRW,2022
20230831000707,11011,2022,00480367,100090,OFS,재무제표,BS,재무상태표,유동자산,제 27 기,2022.12.31 현재,"629,263,161,594",제 26 기,2021.12.31 현재,"299,142,426,466",제 25 기,2020.12.31 현재,"182,337,246,021",2,KRW,2022
20230831000707,11011,2022,00480367,100090,OFS,재무제표,BS,재무상태표,비유동자산,제 27 기,2022.12.31 현재,"560,802,891,990",제 26 기,2021.12.31 현재,"323,883,048,764",제 25 기,2020.12.31 현재,"342,819,111,625",4,KRW,2022
20230831000707,11011,2022,00480367,100090,OFS,재무제표,BS,재무상태표,자산총계,제 27 기,2022.12.31 현재,"1,190,066,053,584",제 26 기,2021.12.31 현재,"623,025,475,230",제 25 기,2020.12.31 현재,"525,156,357,646",6,KRW,2022
20230831000707,11011,2022,00480367,100090,OFS,재무제표,BS,재무상태표,유동부채,제 27 기,2022.12.31 현재,"616,965,150,272",제 26 기,2021.12.31 현재,"404,183,808,591",제 25 기,2020.12.31 현재,"234,482,848,437",8,KRW,2022
20230831000707,11011,2022,00480367,100090,OFS,재무제표,BS,재무상태표,비유동부채,제 27 기,2022.12.31 현재,"51,410,653,293",제 26 기,2021.12.31 현재,"62,973,832,187",제 25 기,2020.12.31 현재,"108,383,769,526",10,KRW,2022
20230831000707,11011,2022,00480367,100090,OFS,재무제표,BS,재무상태표,부채총계,제 27 기,2022.12.31 현재,"668,375,803,565",제 26 기,2021.12.31 현재,"467,157,640,778",제 25 기,2020.12.31 현재,"342,866,617,963",12,KRW,2022
20230831000707,11011,2022,00480367,100090,OFS,재무제표,BS,재무상태표,자본금,제 27 기,2022.12.31 현재,"26,617,506,000",제 26 기,2021.12.31 현재,"18,287,184,000",제 25 기,2020.12.31 현재,"17,546,337,000",15,KRW,2022
20230831000707,11011,2022,00480367,100090,OFS,재무제표,BS,재무상태표,이익잉여금,제 27 기,2022.12.31 현재,"26,996,301,777",제 26 기,2021.12.31 현재,"2,480,093,350",제 25 기,2020.12.31 현재,"51,681,106,008",19,KRW,2022
20230831000707,11011,2022,00480367,100090,OFS,재무제표,BS,재무상태표,자본총계,제 27 기,2022.12.31 현재,"521,690,250,019",제 26 기,2021.12.31 현재,"155,867,834,452",제 25 기,2020.12.31 현재,"182,289,739,683",22,KRW,2022
20230831000707,11011,2022,00480367,100090,OFS,재무제표,IS,손익계산서,매출액,제 27 기,2022.01.01 ~ 2022.12.31,"654,274,379,270",제 26 기,2021.01.01 ~ 2021.12.31,"451,450,156,286",제 25 기,2020.01.01 ~ 2020.12.31,"368,686,071,083",24,KRW,2022
20230831000707,11011,2022,00480367,100090,OFS,재무제표,IS,손익계산서,영업이익,제 27 기,2022.01.01 ~ 2022.12.31,"51,600,144,493",제 26 기,2021.01.01 ~ 2021.12.31,"35,375,747,006",제 25 기,2020.01.01 ~ 2020.12.31,"19,588,654,239",26,KRW,2022
20230831000707,11011,2022,00480367,100090,OFS,재무제표,IS,손익계산서,법인세차감전 순이익,제 27 기,2022.01.01 ~ 2022.12.31,"31,556,577,587",제 26 기,2021.01.01 ~ 2021.12.31,"-38,290,244,623",제 25 기,2020.01.01 ~ 2020.12.31,"4,937,562,677",28,KRW,2022
20230831000707,11011,2022,00480367,100090,OFS,재무제표,IS,손익계산서,당기순이익(손실),제 27 기,2022.01.01 ~ 2022.12.31,"24,926,399,943",제 26 기,2021.01.01 ~ 2021.12.31,"-48,937,832,708",제 25 기,2020.01.01 ~ 2020.12.31,"5,684,841,343",30,KRW,2022
20230831000707,11011,2022,00480367,100090,OFS,재무제표,IS,손익계산서,당기순이익(손실),제 27 기,2022.01.01 ~ 2022.12.31,"24,926,399,943",제 26 기,2021.01.01 ~ 2021.12.31,"-48,937,832,708",제 25 기,2020.01.01 ~ 2020.12.31,"5,684,841,343",62,KRW,2022
20240320000346,11011,2023,00480367,100090,CFS,연결재무제표,BS,재무상태표,유동자산,제 28 기,2023.12.31 현재,"754,790,512,544",제 27 기,2022.12.31 현재,"594,390,293,947",제 26 기,2021.12.31 현재,"301,286,813,979",1,KRW,2023
20240320000346,11011,2023,00480367,100090,CFS,연결재무제표,BS,재무상태표,비유동자산,제 28 기,2023.12.31 현재,"677,116,154,336",제 27 기,2022.12.31 현재,"625,613,640,205",제 26 기,2021.12.31 현재,"438,105,376,206",3,KRW,2023
20240320000346,11011,2023,00480367,100090,CFS,연결재무제표,BS,재무상태표,자산총계,제 28 기,2023.12.31 현재,"1,431,906,666,880",제 27 기,2022.12.31 현재,"1,220,003,934,152",제 26 기,2021.12.31 현재,"739,392,190,185",5,KRW,2023
20240320000346,11011,2023,00480367,100090,CFS,연결재무제표,BS,재무상태표,유동부채,제 28 기,2023.12.31 현재,"687,194,081,824",제 27 기,2022.12.31 현재,"642,506,418,910",제 26 기,2021.12.31 현재,"495,761,277,618",7,KRW,2023
20240320000346,11011,2023,00480367,100090,CFS,연결재무제표,BS,재무상태표,비유동부채,제 28 기,2023.12.31 현재,"45,870,623,464",제 27 기,2022.12.31 현재,"51,540,016,043",제 26 기,2021.12.31 현재,"63,550,894,718",9,KRW,2023
20240320000346,11011,2023,00480367,100090,CFS,연결재무제표,BS,재무상태표,부채총계,제 28 기,2023.12.31 현재,"733,064,705,288",제 27 기,2022.12.31 현재,"694,046,434,953",제 26 기,2021.12.31 현재,"559,312,172,336",11,KRW,2023
20240320000346,11011,2023,00480367,100090,CFS,연결재무제표,BS,재무상태표,자본금,제 28 기,2023.12.31 현재,"29,597,784,000",제 27 기,2022.12.31 현재,"26,617,506,000",제 26 기,2021.12.31 현재,"18,287,184,000",13,KRW,2023
20240320000346,11011,2023,00480367,100090,CFS,연결재무제표,BS,재무상태표,이익잉여금,제 28 기,2023.12.31 현재,"77,430,438,743",제 27 기,2022.12.31 현재,"22,180,831,626",제 26 기,2021.12.31 현재,"-1,217,736,134",17,KRW,2023
20240320000346,11011,2023,00480367,100090,CFS,연결재무제표,BS,재무상태표,자본총계,제 28 기,2023.12.31 현재,"698,841,961,592",제 27 기,2022.12.31 현재,"525,957,499,199",제 26 기,2021.12.31 현재,"180,080,017,849",21,KRW,2023
20240320000346,11011,2023,00480367,100090,CFS,연결재무제표,IS,손익계산서,매출액,제 28 기,2023.01.01 ~ 2023.12.31,"925,835,675,846",제 27 기,2022.01.01 ~ 2022.12.31,"691,830,139,228",제 26 기,2021.01.01 ~ 2021.12.31,"503,060,400,073",23,KRW,2023
20240320000346,11011,2023,00480367,100090,CFS,연결재무제표,IS,손익계산서,영업이익,제 28 기,2023.01.01 ~ 2023.12.31,"75,604,296,314",제 27 기,2022.01.01 ~ 2022.12.31,"71,940,779,701",제 26 기,2021.01.01 ~ 2021.12.31,"26,431,994,695",25,KRW,2023
20240320000346,11011,2023,00480367,100090,CFS,연결재무제표,IS,손익계산서,법인세차감전 순이익,제 28 기,2023.01.01 ~ 2023.12.31,"63,098,919,944",제 27 기,2022.01.01 ~ 2022.12.31,"34,796,229,822",제 26 기,2021.01.01 ~ 2021.12.31,"-81,684,875,195",27,KRW,2023
20240320000346,11011,2023,00480367,100090,CFS,연결재무제표,IS,손익계산서,당기순이익(손실),제 28 기,2023.01.01 ~ 2023.12.31,"57,548,769,236",제 27 기,2022.01.01 ~ 2022.12.31,"28,013,900,233",제 26 기,2021.01.01 ~ 2021.12.31,"-86,811,625,287",29,KRW,2023
20240320000346,11011,2023,00480367,100090,CFS,연결재무제표,IS,손익계산서,당기순이익(손실),제 28 기,2023.01.01 ~ 2023.12.31,"57,548,769,236",제 27 기,2022.01.01 ~ 2022.12.31,"28,013,900,233",제 26 기,2021.01.01 ~ 2021.12.31,"-86,811,625,287",61,KRW,2023
20240320000346,11011,2023,00480367,100090,CFS,연결재무제표,IS,손익계산서,총포괄손익,제 28 기,2023.01.01 ~ 2023.12.31,"55,322,913,038",제 27 기,2022.01.01 ~ 2022.12.31,"27,603,708,717",제 26 기,2021.01.01 ~ 2021.12.31,"-58,221,138,960",63,KRW,2023
20240320000346,11011,2023,00480367,100090,OFS,재무제표,BS,재무상태표,유동자산,제 28 기,2023.12.31 현재,"764,532,955,660",제 27 기,2022.12.31 현재,"629,263,161,594",제 26 기,2021.12.31 현재,"299,142,426,466",2,KRW,2023
20240320000346,11011,2023,00480367,100090,OFS,재무제표,BS,재무상태표,비유동자산,제 28 기,2023.12.31 현재,"609,927,441,421",제 27 기,2022.12.31 현재,"560,802,891,990",제 26 기,2021.12.31 현재,"323,883,048,764",4,KRW,2023
20240320000346,11011,2023,00480367,100090,OFS,재무제표,BS,재무상태표,자산총계,제 28 기,2023.12.31 현재,"1,374,460,397,081",제 27 기,2022.12.31 현재,"1,190,066,053,584",제 26 기,2021.12.31 현재,"623,025,475,230",6,KRW,2023
20240320000346,11011,2023,00480367,100090,OFS,재무제표,BS,재무상태표,유동부채,제 28 기,2023.12.31 현재,"632,522,016,115",제 27 기,2022.12.31 현재,"616,965,150,272",제 26 기,2021.12.31 현재,"404,183,808,591",8,KRW,2023
20240320000346,11011,2023,00480367,100090,OFS,재무제표,BS,재무상태표,비유동부채,제 28 기,2023.12.31 현재,"45,089,579,308",제 27 기,2022.12.31 현재,"51,410,653,293",제 26 기,2021.12.31 현재,"62,973,832,187",10,KRW,2023
20240320000346,11011,2023,00480367,100090,OFS,재무제표,BS,재무상태표,부채총계,제 28 기,2023.12.31 현재,"677,611,595,423",제 27 기,2022.12.31 현재,"668,375,803,565",제 26 기,2021.12.31 현재,"467,157,640,778",12,KRW,2023
20240320000346,11011,2023,00480367,100090,OFS,재무제표,BS,재무상태표,자본금,제 28 기,2023.12.31 현재,"29,597,784,000",제 27 기,2022.12.31 현재,"26,617,506,000",제 26 기,2021.12.31 현재,"18,287,184,000",15,KRW,2023
20240320000346,11011,2023,00480367,100090,OFS,재무제표,BS,재무상태표,이익잉여금,제 28 기,2023.12.31 현재,"82,245,908,894",제 27 기,2022.12.31 현재,"26,996,301,777",제 26 기,2021.12.31 현재,"2,480,093,350",19,KRW,2023
20240320000346,11011,2023,00480367,100090,OFS,재무제표,BS,재무상태표,자본총계,제 28 기,2023.12.31 현재,"696,848,801,658",제 27 기,2022.12.31 현재,"521,690,250,019",제 26 기,2021.12.31 현재,"155,867,834,452",22,KRW,2023
20240320000346,11011,2023,00480367,100090,OFS,재무제표,IS,손익계산서,매출액,제 28 기,2023.01.01 ~ 2023.12.31,"906,019,617,252",제 27 기,2022.01.01 ~ 2022.12.31,"654,274,379,270",제 26 기,2021.01.01 ~ 2021.12.31,"451,450,156,286",24,KRW,2023
20240320000346,11011,2023,00480367,100090,OFS,재무제표,IS,손익계산서,영업이익,제 28 기,2023.01.01 ~ 2023.12.31,"69,757,194,658",제 27 기,2022.01.01 ~ 2022.12.31,"51,600,144,493",제 26 기,2021.01.01 ~ 2021.12.31,"35,375,747,006",26,KRW,2023
20240320000346,11011,2023,00480367,100090,OFS,재무제표,IS,손익계산서,법인세차감전 순이익,제 28 기,2023.01.01 ~ 2023.12.31,"63,015,602,335",제 27 기,2022.01.01 ~ 2022.12.31,"31,556,577,587",제 26 기,2021.01.01 ~ 2021.12.31,"-38,290,244,623",28,KRW,2023
20240320000346,11011,2023,00480367,100090,OFS,재무제표,IS,손익계산서,당기순이익(손실),제 28 기,2023.01.01 ~ 2023.12.31,"57,475,463,315",제 27 기,2022.01.01 ~ 2022.12.31,"24,926,399,943",제 26 기,2021.01.01 ~ 2021.12.31,"-48,937,832,708",30,KRW,2023
20240320000346,11011,2023,00480367,100090,OFS,재무제표,IS,손익계산서,당기순이익(손실),제 28 기,2023.01.01 ~ 2023.12.31,"57,475,463,315",제 27 기,2022.01.01 ~ 2022.12.31,"24,926,399,943",제 26 기,2021.01.01 ~ 2021.12.31,"-48,937,832,708",62,KRW,2023
20240320000346,11011,2023,00480367,100090,OFS,재무제표,IS,손익계산서,총포괄손익,제 28 기,2023.01.01 ~ 2023.12.31,"55,249,607,117",제 27 기,2022.01.01 ~ 2022.12.31,"24,516,208,427",제 26 기,2021.01.01 ~ 2021.12.31,"-31,204,653,795",64,KRW,2023
20250814001175,11011,2024,00480367,100090,CFS,연결재무제표,BS,재무상태표,유동자산,제 29 기,2024.12.31 현재,"588,057,571,898",제 28 기,2023.12.31 현재,"754,790,512,544",제 27 기,2022.12.31 현재,"594,390,293,947",1,KRW,2024
20250814001175,11011,2024,00480367,100090,CFS,연결재무제표,BS,재무상태표,비유동자산,제 29 기,2024.12.31 현재,"833,883,995,300",제 28 기,2023.12.31 현재,"677,116,154,336",제 27 기,2022.12.31 현재,"625,613,640,205",3,KRW,2024
20250814001175,11011,2024,00480367,100090,CFS,연결재무제표,BS,재무상태표,자산총계,제 29 기,2024.12.31 현재,"1,421,941,567,198",제 28 기,2023.12.31 현재,"1,431,906,666,880",제 27 기,2022.12.31 현재,"1,220,003,934,152",5,KRW,2024
20250814001175,11011,2024,00480367,100090,CFS,연결재무제표,BS,재무상태표,유동부채,제 29 기,2024.12.31 현재,"618,812,439,102",제 28 기,2023.12.31 현재,"687,194,081,824",제 27 기,2022.12.31 현재,"642,506,418,910",7,KRW,2024
20250814001175,11011,2024,00480367,100090,CFS,연결재무제표,BS,재무상태표,비유동부채,제 29 기,2024.12.31 현재,"89,623,428,152",제 28 기,2023.12.31 현재,"45,870,623,464",제 27 기,2022.12.31 현재,"51,540,016,043",9,KRW,2024
20250814001175,11011,2024,00480367,100090,CFS,연결재무제표,BS,재무상태표,부채총계,제 29 기,2024.12.31 현재,"708,435,867,254",제 28 기,2023.12.31 현재,"733,064,705,288",제 27 기,2022.12.31 현재,"694,046,434,953",11,KRW,2024
20250814001175,11011,2024,00480367,100090,CFS,연결재무제표,BS,재무상태표,자본금,제 29 기,2024.12.31 현재,"29,597,784,000",제 28 기,2023.12.31 현재,"29,597,784,000",제 27 기,2022.12.31 현재,"26,617,506,000",13,KRW,2024
20250814001175,11011,2024,00480367,100090,CFS,연결재무제표,BS,재무상태표,이익잉여금,제 29 기,2024.12.31 현재,"91,464,955,487",제 28 기,2023.12.31 현재,"77,430,438,743",제 27 기,2022.12.31 현재,"22,180,831,626",17,KRW,2024
20250814001175,11011,2024,00480367,100090,CFS,연결재무제표,BS,재무상태표,자본총계,제 29 기,2024.12.31 현재,"713,505,699,944",제 28 기,2023.12.31 현재,"698,841,961,592",제 27 기,2022.12.31 현재,"525,957,499,199",21,KRW,2024
20250814001175,11011,2024,00480367,100090,CFS,연결재무제표,IS,손익계산서,매출액,제 29 기,2024.01.01 ~ 2024.12.31,"662,615,726,791",제 28 기,2023.01.01 ~ 2023.12.31,"925,835,675,846",제 27 기,2022.01.01 ~ 2022.12.31,"691,830,139,228",23,KRW,2024
20250814001175,11011,2024,00480367,100090,CFS,연결재무제표,IS,손익계산서,영업이익,제 29 기,2024.01.01 ~ 2024.12.31,"41,797,283,162",제 28 기,2023.01.01 ~ 2023.12.31,"75,604,296,314",제 27 기,2022.01.01 ~ 2022.12.31,"71,940,779,701",25,KRW,2024
20250814001175,11011,2024,00480367,100090,CFS,연결재무제표,IS,손익계산서,법인세차감전 순이익,제 29 기,2024.01.01 ~ 2024.12.31,"17,648,348,470",제 28 기,2023.01.01 ~ 2023.12.31,"63,098,919,944",제 27 기,2022.01.01 ~ 2022.12.31,"34,796,229,822",27,KRW,2024
20250814001175,11011,2024,00480367,100090,CFS,연결재무제표,IS,손익계산서,당기순이익(손실),제 29 기,2024.01.01 ~ 2024.12.31,"16,871,459,149",제 28 기,2023.01.01 ~ 2023.12.31,"57,548,769,236",제 27 기,2022.01.01 ~ 2022.12.31,"28,013,900,233",29,KRW,2024
20250814001175,11011,2024,00480367,100090,CFS,연결재무제표,IS,손익계산서,당기순이익(손실),제 29 기,2024.01.01 ~ 2024.12.31,"16,871,459,149",제 28 기,2023.01.01 ~ 2023.12.31,"57,548,769,236",제 27 기,2022.01.01 ~ 2022.12.31,"28,013,900,233",61,KRW,2024
20250814001175,11011,2024,00480367,100090,CFS,연결재무제표,IS,손익계산서,총포괄손익,제 29 기,2024.01.01 ~ 2024.12.31,"14,519,680,308",제 28 기,2023.01.01 ~ 2023.12.31,"55,322,913,038",제 27 기,2022.01.01 ~ 2022.12.31,"27,603,708,717",63,KRW,2024
20250814001175,11011,2024,00480367,100090,OFS,재무제표,BS,재무상태표,유동자산,제 29 기,2024.12.31 현재,"581,139,837,518",제 28 기,2023.12.31 현재,"764,532,955,660",제 27 기,2022.12.31 현재,"629,263,161,594",2,KRW,2024
20250814001175,11011,2024,00480367,100090,OFS,재무제표,BS,재무상태표,비유동자산,제 29 기,2024.12.31 현재,"782,602,541,281",제 28 기,2023.12.31 현재,"609,927,441,421",제 27 기,2022.12.31 현재,"560,802,891,990",4,KRW,2024
20250814001175,11011,2024,00480367,100090,OFS,재무제표,BS,재무상태표,자산총계,제 29 기,2024.12.31 현재,"1,363,742,378,799",제 28 기,2023.12.31 현재,"1,374,460,397,081",제 27 기,2022.12.31 현재,"1,190,066,053,584",6,KRW,2024
20250814001175,11011,2024,00480367,100090,OFS,재무제표,BS,재무상태표,유동부채,제 29 기,2024.12.31 현재,"591,324,709,285",제 28 기,2023.12.31 현재,"632,522,016,115",제 27 기,2022.12.31 현재,"616,965,150,272",8,KRW,2024
20250814001175,11011,2024,00480367,100090,OFS,재무제표,BS,재무상태표,비유동부채,제 29 기,2024.12.31 현재,"61,373,111,230",제 28 기,2023.12.31 현재,"45,089,579,308",제 27 기,2022.12.31 현재,"51,410,653,293",10,KRW,2024
20250814001175,11011,2024,00480367,100090,OFS,재무제표,BS,재무상태표,부채총계,제 29 기,2024.12.31 현재,"652,697,820,515",제 28 기,2023.12.31 현재,"677,611,595,423",제 27 기,2022.12.31 현재,"668,375,803,565",12,KRW,2024
20250814001175,11011,2024,00480367,100090,OFS,재무제표,BS,재무상태표,자본금,제 29 기,2024.12.31 현재,"29,597,784,000",제 28 기,2023.12.31 현재,"29,597,784,000",제 27 기,2022.12.31 현재,"26,617,506,000",15,KRW,2024
20250814001175,11011,2024,00480367,100090,OFS,재무제표,BS,재무상태표,이익잉여금,제 29 기,2024.12.31 현재,"96,293,992,459",제 28 기,2023.12.31 현재,"82,245,908,894",제 27 기,2022.12.31 현재,"26,996,301,777",19,KRW,2024
20250814001175,11011,2024,00480367,100090,OFS,재무제표,BS,재무상태표,자본총계,제 29 기,2024.12.31 현재,"711,044,558,284",제 28 기,2023.12.31 현재,"696,848,801,658",제 27 기,2022.12.31 현재,"521,690,250,019",22,KRW,2024
20250814001175,11011,2024,00480367,100090,OFS,재무제표,IS,손익계산서,매출액,제 29 기,2024.01.01 ~ 2024.12.31,"626,418,503,995",제 28 기,2023.01.01 ~ 2023.12.31,"906,019,617,252",제 27 기,2022.01.01 ~ 2022.12.31,"654,274,379,270",24,KRW,2024
20250814001175,11011,2024,00480367,100090,OFS,재무제표,IS,손익계산서,영업이익,제 29 기,2024.01.01 ~ 2024.12.31,"23,827,815,238",제 28 기,2023.01.01 ~ 2023.12.31,"69,757,194,658",제 27 기,2022.01.01 ~ 2022.12.31,"51,600,144,493",26,KRW,2024
20250814001175,11011,2024,00480367,100090,OFS,재무제표,IS,손익계산서,법인세차감전 순이익,제 29 기,2024.01.01 ~ 2024.12.31,"17,002,671,817",제 28 기,2023.01.01 ~ 2023.12.31,"63,015,602,335",제 27 기,2022.01.01 ~ 2022.12.31,"31,556,577,587",28,KRW,2024
20250814001175,11011,2024,00480367,100090,OFS,재무제표,IS,손익계산서,당기순이익(손실),제 29 기,2024.01.01 ~ 2024.12.31,"16,403,477,423",제 28 기,2023.01.01 ~ 2023.12.31,"57,475,463,315",제 27 기,2022.01.01 ~ 2022.12.31,"24,926,399,943",30,KRW,2024
20250814001175,11011,2024,00480367,100090,OFS,재무제표,IS,손익계산서,당기순이익(손실),제 29 기,2024.01.01 ~ 2024.12.31,"16,403,477,423",제 28 기,2023.01.01 ~ 2023.12.31,"57,475,463,315",제 27 기,2022.01.01 ~ 2022.12.31,"24,926,399,943",62,KRW,2024
20240318000716,11011,2023,01721809,453340,CFS,연결재무제표,BS,재무상태표,유동자산,제 1 기,2023.12.31 현재,"378,556,857,000",,,-,,,-,1,KRW,2023
20240318000716,11011,2023,01721809,453340,CFS,연결재무제표,BS,재무상태표,비유동자산,제 1 기,2023.12.31 현재,"501,760,346,000",,,-,,,-,3,KRW,2023
20240318000716,11011,2023,01721809,453340,CFS,연결재무제표,BS,재무상태표,자산총계,제 1 기,2023.12.31 현재,"880,317,203,000",,,-,,,-,5,KRW,2023
20240318000716,11011,2023,01721809,453340,CFS,연결재무제표,BS,재무상태표,유동부채,제 1 기,2023.12.31 현재,"224,641,379,000",,,-,,,-,7,KRW,2023
20240318000716,11011,2023,01721809,453340,CFS,연결재무제표,BS,재무상태표,비유동부채,제 1 기,2023.12.31 현재,"27,164,837,000",,,-,,,-,9,KRW,2023
20240318000716,11011,2023,01721809,453340,CFS,연결재무제표,BS,재무상태표,부채총계,제 1 기,2023.12.31 현재,"251,806,216,000",,,-,,,-,11,KRW,2023
20240318000716,11011,2023,01721809,453340,CFS,연결재무제표,BS,재무상태표,자본금,제 1 기,2023.12.31 현재,"16,940,457,000",,,-,,,-,13,KRW,2023
20240318000716,11011,2023,01721809,453340,CFS,연결재무제표,BS,재무상태표,이익잉여금,제 1 기,2023.12.31 현재,"25,941,501,000",,,-,,,-,17,KRW,2023
20240318000716,11011,2023,01721809,453340,CFS,연결재무제표,BS,재무상태표,자본총계,제 1 기,2023.12.31 현재,"628,510,987,000",,,-,,,-,21,KRW,2023
20240318000716,11011,2023,01721809,453340,CFS,연결재무제표,IS,손익계산서,매출액,제 1 기,2023.03.01 ~ 2023.12.31,"1,826,998,311,000",,,-,,,-,23,KRW,2023
20240318000716,11011,2023,01721809,453340,CFS,연결재무제표,IS,손익계산서,영업이익,제 1 기,2023.03.01 ~ 2023.12.31,"64,841,641,000",,,-,,,-,25,KRW,2023
20240318000716,11011,2023,01721809,453340,CFS,연결재무제표,IS,손익계산서,법인세차감전 순이익,제 1 기,2023.03.01 ~ 2023.12.31,"52,832,892,000",,,-,,,-,27,KRW,2023
20240318000716,11011,2023,01721809,453340,CFS,연결재무제표,IS,손익계산서,당기순이익(손실),제 1 기,2023.03.01 ~ 2023.12.31,"39,327,155,000",,,-,,,-,29,KRW,2023
20240318000716,11011,2023,01721809,453340,CFS,연결재무제표,IS,손익계산서,당기순이익(손실),제 1 기,2023.03.01 ~ 2023.12.31,"39,327,155,000",,,-,,,-,61,KRW,2023
20240318000716,11011,2023,01721809,453340,OFS,재무제표,BS,재무상태표,유동자산,제 1 기,2023.12.31 현재,"347,283,683,000",,,-,,,-,2,KRW,2023
20240318000716,11011,2023,01721809,453340,OFS,재무제표,BS,재무상태표,비유동자산,제 1 기,2023.12.31 현재,"512,113,081,000",,,-,,,-,4,KRW,2023
20240318000716,11011,2023,01721809,453340,OFS,재무제표,BS,재무상태표,자산총계,제 1 기,2023.12.31 현재,"859,396,764,000",,,-,,,-,6,KRW,2023
20240318000716,11011,2023,01721809,453340,OFS,재무제표,BS,재무상태표,유동부채,제 1 기,2023.12.31 현재,"209,979,093,000",,,-,,,-,8,KRW,2023
20240318000716,11011,2023,01721809,453340,OFS,재무제표,BS,재무상태표,비유동부채,제 1 기,2023.12.31 현재,"26,223,989,000",,,-,,,-,10,KRW,2023
20240318000716,11011,2023,01721809,453340,OFS,재무제표,BS,재무상태표,부채총계,제 1 기,2023.12.31 현재,"236,203,082,000",,,-,,,-,12,KRW,2023
20240318000716,11011,2023,01721809,453340,OFS,재무제표,BS,재무상태표,자본금,제 1 기,2023.12.31 현재,"16,940,457,000",,,-,,,-,15,KRW,2023
20240318000716,11011,2023,01721809,453340,OFS,재무제표,BS,재무상태표,이익잉여금,제 1 기,2023.12.31 현재,"30,099,854,000",,,-,,,-,19,KRW,2023
20240318000716,11011,2023,01721809,453340,OFS,재무제표,BS,재무상태표,자본총계,제 1 기,2023.12.31 현재,"623,193,682,000",,,-,,,-,22,KRW,2023
20240318000716,11011,2023,01721809,453340,OFS,재무제표,IS,손익계산서,매출액,제 1 기,2023.03.01 ~ 2023.12.31,"1,770,802,749,000",,,-,,,-,24,KRW,2023
20240318000716,11011,2023,01721809,453340,OFS,재무제표,IS,손익계산서,영업이익,제 1 기,2023.03.01 ~ 2023.12.31,"61,891,708,000",,,-,,,-,26,KRW,2023
20240318000716,11011,2023,01721809,453340,OFS,재무제표,IS,손익계산서,법인세차감전 순이익,제 1 기,2023.03.01 ~ 2023.12.31,"56,143,198,000",,,-,,,-,28,KRW,2023
20240318000716,11011,2023,01721809,453340,OFS,재무제표,IS,손익계산서,당기순이익(손실),제 1 기,2023.03.01 ~ 2023.12.31,"42,930,219,000",,,-,,,-,30,KRW,2023
20240318000716,11011,2023,01721809,453340,OFS,재무제표,IS,손익계산서,당기순이익(손실),제 1 기,2023.03.01 ~ 2023.12.31,"42,930,219,000",,,-,,,-,62,KRW,2023
20240318000716,11011,2023,01721809,453340,OFS,재무제표,IS,손익계산서,총포괄손익,제 1 기,2023.03.01 ~ 2023.12.31,"30,135,211,000",,,-,,,-,64,KRW,2023
20250314000805,11011,2024,01721809,453340,CFS,연결재무제표,BS,재무상태표,유동자산,제 2 기,2024.12.31 현재,"475,256,242,000",제 1 기,2023.12.31 현재,"378,556,857,000",,,-,1,KRW,2024
20250314000805,11011,2024,01721809,453340,CFS,연결재무제표,BS,재무상태표,비유동자산,제 2 기,2024.12.31 현재,"480,370,031,000",제 1 기,2023.12.31 현재,"501,760,346,000",,,-,3,KRW,2024
20250314000805,11011,2024,01721809,453340,CFS,연결재무제표,BS,재무상태표,자산총계,제 2 기,2024.12.31 현재,"955,626,273,000",제 1 기,2023.12.31 현재,"880,317,203,000",,,-,5,KRW,2024
20250314000805,11011,2024,01721809,453340,CFS,연결재무제표,BS,재무상태표,유동부채,제 2 기,2024.12.31 현재,"246,697,464,000",제 1 기,2023.12.31 현재,"224,641,379,000",,,-,7,KRW,2024
20250314000805,11011,2024,01721809,453340,CFS,연결재무제표,BS,재무상태표,비유동부채,제 2 기,2024.12.31 현재,"38,707,324,000",제 1 기,2023.12.31 현재,"27,164,837,000",,,-,9,KRW,2024
20250314000805,11011,2024,01721809,453340,CFS,연결재무제표,BS,재무상태표,부채총계,제 2 기,2024.12.31 현재,"285,404,788,000",제 1 기,2023.12.31 현재,"251,806,216,000",,,-,11,KRW,2024
20250314000805,11011,2024,01721809,453340,CFS,연결재무제표,BS,재무상태표,자본금,제 2 기,2024.12.31 현재,"16,940,457,000",제 1 기,2023.12.31 현재,"16,940,457,000",,,-,13,KRW,2024
20250314000805,11011,2024,01721809,453340,CFS,연결재무제표,BS,재무상태표,이익잉여금,제 2 기,2024.12.31 현재,"73,253,158,000",제 1 기,2023.12.31 현재,"25,941,501,000",,,-,17,KRW,2024
20250314000805,11011,2024,01721809,453340,CFS,연결재무제표,BS,재무상태표,자본총계,제 2 기,2024.12.31 현재,"670,221,485,000",제 1 기,2023.12.31 현재,"628,510,987,000",,,-,21,KRW,2024
20250314000805,11011,2024,01721809,453340,CFS,연결재무제표,IS,손익계산서,매출액,제 2 기,2024.01.01 ~ 2024.12.31,"2,270,420,052,000",제 1 기,2023.03.01 ~ 2023.12.31,"1,826,998,311,000",,,-,23,KRW,2024
20250314000805,11011,2024,01721809,453340,CFS,연결재무제표,IS,손익계산서,영업이익,제 2 기,2024.01.01 ~ 2024.12.31,"96,676,372,000",제 1 기,2023.03.01 ~ 2023.12.31,"64,841,641,000",,,-,25,KRW,2024
20250314000805,11011,2024,01721809,453340,CFS,연결재무제표,IS,손익계산서,법인세차감전 순이익,제 2 기,2024.01.01 ~ 2024.12.31,"99,069,547,000",제 1 기,2023.03.01 ~ 2023.12.31,"52,832,892,000",,,-,27,KRW,2024
20250314000805,11011,2024,01721809,453340,CFS,연결재무제표,IS,손익계산서,당기순이익(손실),제 2 기,2024.01.01 ~ 2024.12.31,"74,463,529,000",제 1 기,2023.03.01 ~ 2023.12.31,"39,327,155,000",,,-,29,KRW,2024
20250314000805,11011,2024,01721809,453340,CFS,연결재무제표,IS,손익계산서,당기순이익(손실),제 2 기,2024.01.01 ~ 2024.12.31,"74,463,529,000",제 1 기,2023.03.01 ~ 2023.12.31,"39,327,155,000",,,-,61,KRW,2024
20250314000805,11011,2024,01721809,453340,CFS,연결재무제표,IS,손익계산서,총포괄손익,제 2 기,2024.01.01 ~ 2024.12.31,"60,404,063,000",제 1 기,2023.03.01 ~ 2023.12.31,"27,616,879,000",,,-,63,KRW,2024
20250314000805,11011,2024,01721809,453340,OFS,재무제표,BS,재무상태표,유동자산,제 2 기,2024.12.31 현재,"448,002,273,000",제 1 기,2023.12.31 현재,"347,283,683,000",,,-,2,KRW,2024
20250314000805,11011,2024,01721809,453340,OFS,재무제표,BS,재무상태표,비유동자산,제 2 기,2024.12.31 현재,"479,604,910,000",제 1 기,2023.12.31 현재,"512,113,081,000",,,-,4,KRW,2024
20250314000805,11011,2024,01721809,453340,OFS,재무제표,BS,재무상태표,자산총계,제 2 기,2024.12.31 현재,"927,607,183,000",제 1 기,2023.12.31 현재,"859,396,764,000",,,-,6,KRW,2024
20250314000805,11011,2024,01721809,453340,OFS,재무제표,BS,재무상태표,유동부채,제 2 기,2024.12.31 현재,"230,079,749,000",제 1 기,2023.12.31 현재,"209,979,093,000",,,-,8,KRW,2024
20250314000805,11011,2024,01721809,453340,OFS,재무제표,BS,재무상태표,비유동부채,제 2 기,2024.12.31 현재,"29,050,612,000",제 1 기,2023.12.31 현재,"26,223,989,000",,,-,10,KRW,2024
20250314000805,11011,2024,01721809,453340,OFS,재무제표,BS,재무상태표,부채총계,제 2 기,2024.12.31 현재,"259,130,361,000",제 1 기,2023.12.31 현재,"236,203,082,000",,,-,12,KRW,2024
20250314000805,11011,2024,01721809,453340,OFS,재무제표,BS,재무상태표,자본금,제 2 기,2024.12.31 현재,"16,940,457,000",제 1 기,2023.12.31 현재,"16,940,457,000",,,-,15,KRW,2024
20250314000805,11011,2024,01721809,453340,OFS,재무제표,BS,재무상태표,이익잉여금,제 2 기,2024.12.31 현재,"80,949,056,000",제 1 기,2023.12.31 현재,"30,099,854,000",,,-,19,KRW,2024
20250314000805,11011,2024,01721809,453340,OFS,재무제표,BS,재무상태표,자본총계,제 2 기,2024.12.31 현재,"668,476,822,000",제 1 기,2023.12.31 현재,"623,193,682,000",,,-,22,KRW,2024
20250314000805,11011,2024,01721809,453340,OFS,재무제표,IS,손익계산서,매출액,제 2 기,2024.01.01 ~ 2024.12.31,"2,207,495,106,000",제 1 기,2023.03.01 ~ 2023.12.31,"1,770,802,749,000",,,-,24,KRW,2024
20250314000805,11011,2024,01721809,453340,OFS,재무제표,IS,손익계산서,영업이익,제 2 기,2024.01.01 ~ 2024.12.31,"88,641,472,000",제 1 기,2023.03.01 ~ 2023.12.31,"61,891,708,000",,,-,26,KRW,2024
20250314000805,11011,2024,01721809,453340,OFS,재무제표,IS,손익계산서,법인세차감전 순이익,제 2 기,2024.01.01 ~ 2024.12.31,"97,931,159,000",제 1 기,2023.03.01 ~ 2023.12.31,"56,143,198,000",,,-,28,KRW,2024
20250314000805,11011,2024,01721809,453340,OFS,재무제표,IS,손익계산서,당기순이익(손실),제 2 기,2024.01.01 ~ 2024.12.31,"75,652,340,000",제 1 기,2023.03.01 ~ 2023.12.31,"42,930,219,000",,,-,30,KRW,2024
20250314000805,11011,2024,01721809,453340,OFS,재무제표,IS,손익계산서,당기순이익(손실),제 2 기,2024.01.01 ~ 2024.12.31,"75,652,340,000",제 1 기,2023.03.01 ~ 2023.12.31,"42,930,219,000",,,-,62,KRW,2024
20250314000805,11011,2024,01721809,453340,OFS,재무제표,IS,손익계산서,총포괄손익,제 2 기,2024.01.01 ~ 2024.12.31,"63,902,555,000",제 1 기,2023.03.01 ~ 2023.12.31,"30,135,211,000",,,-,64,KRW,2024
20240318000820,11011,2023,01722437,452260,CFS,연결재무제표,BS,재무상태표,유동자산,제 1 기,2023.12.31 현재,"360,687,785,576",,,-,,,-,1,KRW,2023
20240318000820,11011,2023,01722437,452260,CFS,연결재무제표,BS,재무상태표,비유동자산,제 1 기,2023.12.31 현재,"1,494,384,354,180",,,-,,,-,3,KRW,2023
20240318000820,11011,2023,01722437,452260,CFS,연결재무제표,BS,재무상태표,자산총계,제 1 기,2023.12.31 현재,"1,855,072,139,756",,,-,,,-,5,KRW,2023
20240318000820,11011,2023,01722437,452260,CFS,연결재무제표,BS,재무상태표,유동부채,제 1 기,2023.12.31 현재,"577,680,227,051",,,-,,,-,7,KRW,2023
20240318000820,11011,2023,01722437,452260,CFS,연결재무제표,BS,재무상태표,비유동부채,제 1 기,2023.12.31 현재,"448,727,353,453",,,-,,,-,9,KRW,2023
20240318000820,11011,2023,01722437,452260,CFS,연결재무제표,BS,재무상태표,부채총계,제 1 기,2023.12.31 현재,"1,026,407,580,504",,,-,,,-,11,KRW,2023
20240318000820,11011,2023,01722437,452260,CFS,연결재무제표,BS,재무상태표,자본금,제 1 기,2023.12.31 현재,"98,382,040,000",,,-,,,-,13,KRW,2023
20240318000820,11011,2023,01722437,452260,CFS,연결재무제표,BS,재무상태표,이익잉여금,제 1 기,2023.12.31 현재,"-31,454,138,266",,,-,,,-,17,KRW,2023
20240318000820,11011,2023,01722437,452260,CFS,연결재무제표,BS,재무상태표,자본총계,제 1 기,2023.12.31 현재,"828,664,559,252",,,-,,,-,21,KRW,2023
20240318000820,11011,2023,01722437,452260,CFS,연결재무제표,IS,손익계산서,매출액,제 1 기,2023.03.01 ~ 2023.12.31,"434,495,384,619",,,-,,,-,23,KRW,2023
20240318000820,11011,2023,01722437,452260,CFS,연결재무제표,IS,손익계산서,영업이익,제 1 기,2023.03.01 ~ 2023.12.31,"9,820,592,817",,,-,,,-,25,KRW,2023
20240318000820,11011,2023,01722437,452260,CFS,연결재무제표,IS,손익계산서,법인세차감전 순이익,제 1 기,2023.03.01 ~ 2023.12.31,"-38,544,808,925",,,-,,,-,27,KRW,2023
20240318000820,11011,2023,01722437,452260,CFS,연결재무제표,IS,손익계산서,당기순이익(손실),제 1 기,2023.03.01 ~ 2023.12.31,"-30,102,383,936",,,-,,,-,29,KRW,2023
20240318000820,11011,2023,01722437,452260,CFS,연결재무제표,IS,손익계산서,당기순이익(손실),제 1 기,2023.03.01 ~ 2023.12.31,"-30,102,383,936",,,-,,,-,61,KRW,2023
20240318000820,11011,2023,01722437,452260,CFS,연결재무제표,IS,손익계산서,총포괄손익,제 1 기,2023.03.01 ~ 2023.12.31,"-46,831,228,456",,,-,,,-,63,KRW,2023
20240318000820,11011,2023,01722437,452260,OFS,재무제표,BS,재무상태표,유동자산,제 1 기,2023.12.31 현재,"327,043,236,566",,,-,,,-,2,KRW,2023
20240318000820,11011,2023,01722437,452260,OFS,재무제표,BS,재무상태표,비유동자산,제 1 기,2023.12.31 현재,"1,395,138,450,414",,,-,,,-,4,KRW,2023
20240318000820,11011,2023,01722437,452260,OFS,재무제표,BS,재무상태표,자산총계,제 1 기,2023.12.31 현재,"1,722,181,686,980",,,-,,,-,6,KRW,2023
20240318000820,11011,2023,01722437,452260,OFS,재무제표,BS,재무상태표,유동부채,제 1 기,2023.12.31 현재,"482,036,355,591",,,-,,,-,8,KRW,2023
20240318000820,11011,2023,01722437,452260,OFS,재무제표,BS,재무상태표,비유동부채,제 1 기,2023.12.31 현재,"402,364,872,606",,,-,,,-,10,KRW,2023
20240318000820,11011,2023,01722437,452260,OFS,재무제표,BS,재무상태표,부채총계,제 1 기,2023.12.31 현재,"884,401,228,197",,,-,,,-,12,KRW,2023
20240318000820,11011,2023,01722437,452260,OFS,재무제표,BS,재무상태표,자본금,제 1 기,2023.12.31 현재,"98,382,040,000",,,-,,,-,15,KRW,2023
20240318000820,11011,2023,01722437,452260,OFS,재무제표,BS,재무상태표,이익잉여금,제 1 기,2023.12.31 현재,"-31,199,815,664",,,-,,,-,19,KRW,2023
20240318000820,11011,2023,01722437,452260,OFS,재무제표,BS,재무상태표,자본총계,제 1 기,2023.12.31 현재,"837,780,458,783",,,-,,,-,22,KRW,2023
20240318000820,11011,2023,01722437,452260,OFS,재무제표,IS,손익계산서,매출액,제 1 기,2023.03.01 ~ 2023.12.31,"351,947,650,857",,,-,,,-,24,KRW,2023
20240318000820,11011,2023,01722437,452260,OFS,재무제표,IS,손익계산서,영업이익,제 1 기,2023.03.01 ~ 2023.12.31,"8,570,338,022",,,-,,,-,26,KRW,2023
20240318000820,11011,2023,01722437,452260,OFS,재무제표,IS,손익계산서,법인세차감전 순이익,제 1 기,2023.03.01 ~ 2023.12.31,"-38,067,423,288",,,-,,,-,28,KRW,2023
20240318000820,11011,2023,01722437,452260,OFS,재무제표,IS,손익계산서,당기순이익(손실),제 1 기,2023.03.01 ~ 2023.12.31,"-29,837,130,616",,,-,,,-,30,KRW,2023
20240318000820,11011,2023,01722437,452260,OFS,재무제표,IS,손익계산서,당기순이익(손실),제 1 기,2023.03.01 ~ 2023.12.31,"-29,837,130,616",,,-,,,-,62,KRW,2023
20240318000820,11011,2023,01722437,452260,OFS,재무제표,IS,손익계산서,총포괄손익,제 1 기,2023.03.01 ~ 2023.12.31,"-31,199,815,664",,,-,,,-,64,KRW,2023
20250317000838,11011,2024,01722437,452260,CFS,연결재무제표,BS,재무상태표,유동자산,제 2 기,2024.12.31 현재,"369,031,271,416",제 1 기,2023.12.31 현재,"360,687,785,576",,,-,1,KRW,2024
20250317000838,11011,2024,01722437,452260,CFS,연결재무제표,BS,재무상태표,비유동자산,제 2 기,2024.12.31 현재,"1,518,798,533,618",제 1 기,2023.12.31 현재,"1,494,384,354,180",,,-,3,KRW,2024
20250317000838,11011,2024,01722437,452260,CFS,연결재무제표,BS,재무상태표,자산총계,제 2 기,2024.12.31 현재,"1,887,829,805,034",제 1 기,2023.12.31 현재,"1,855,072,139,756",,,-,5,KRW,2024
20250317000838,11011,2024,01722437,452260,CFS,연결재무제표,BS,재무상태표,유동부채,제 2 기,2024.12.31 현재,"606,002,758,042",제 1 기,2023.12.31 현재,"577,680,227,051",,,-,7,KRW,2024
20250317000838,11011,2024,01722437,452260,CFS,연결재무제표,BS,재무상태표,비유동부채,제 2 기,2024.12.31 현재,"479,297,358,825",제 1 기,2023.12.31 현재,"448,727,353,453",,,-,9,KRW,2024
20250317000838,11011,2024,01722437,452260,CFS,연결재무제표,BS,재무상태표,부채총계,제 2 기,2024.12.31 현재,"1,085,300,116,867",제 1 기,2023.12.31 현재,"1,026,407,580,504",,,-,11,KRW,2024
20250317000838,11011,2024,01722437,452260,CFS,연결재무제표,BS,재무상태표,자본금,제 2 기,2024.12.31 현재,"98,382,040,000",제 1 기,2023.12.31 현재,"98,382,040,000",,,-,13,KRW,2024
20250317000838,11011,2024,01722437,452260,CFS,연결재무제표,BS,재무상태표,이익잉여금,제 2 기,2024.12.31 현재,"-52,658,467,031",제 1 기,2023.12.31 현재,"-31,454,138,266",,,-,17,KRW,2024
20250317000838,11011,2024,01722437,452260,CFS,연결재무제표,BS,재무상태표,자본총계,제 2 기,2024.12.31 현재,"802,529,688,167",제 1 기,2023.12.31 현재,"828,664,559,252",,,-,21,KRW,2024
20250317000838,11011,2024,01722437,452260,CFS,연결재무제표,IS,손익계산서,매출액,제 2 기,2024.01.01 ~ 2024.12.31,"538,313,690,512",제 1 기,2023.03.01 ~ 2023.12.31,"434,495,384,619",,,-,23,KRW,2024
20250317000838,11011,2024,01722437,452260,CFS,연결재무제표,IS,손익계산서,영업이익,제 2 기,2024.01.01 ~ 2024.12.31,"3,129,155,480",제 1 기,2023.03.01 ~ 2023.12.31,"9,820,592,817",,,-,25,KRW,2024
20250317000838,11011,2024,01722437,452260,CFS,연결재무제표,IS,손익계산서,법인세차감전 순이익,제 2 기,2024.01.01 ~ 2024.12.31,"-14,991,911,455",제 1 기,2023.03.01 ~ 2023.12.31,"-38,544,808,925",,,-,27,KRW,2024
20250317000838,11011,2024,01722437,452260,CFS,연결재무제표,IS,손익계산서,당기순이익(손실),제 2 기,2024.01.01 ~ 2024.12.31,"-18,842,499,769",제 1 기,2023.03.01 ~ 2023.12.31,"-30,102,383,936",,,-,29,KRW,2024
20250317000838,11011,2024,01722437,452260,CFS,연결재무제표,IS,손익계산서,당기순이익(손실),제 2 기,2024.01.01 ~ 2024.12.31,"-18,842,499,769",제 1 기,2023.03.01 ~ 2023.12.31,"-30,102,383,936",,,-,61,KRW,2024
20250317000838,11011,2024,01722437,452260,CFS,연결재무제표,IS,손익계산서,총포괄손익,제 2 기,2024.01.01 ~ 2024.12.31,"-26,827,271,085",제 1 기,2023.03.01 ~ 2023.12.31,"-46,831,228,456",,,-,63,KRW,2024
20250317000838,11011,2024,01722437,452260,OFS,재무제표,BS,재무상태표,유동자산,제 2 기,2024.12.31 현재,"310,440,749,198",제 1 기,2023.12.31 현재,"327,043,236,566",,,-,2,KRW,2024
20250317000838,11011,2024,01722437,452260,OFS,재무제표,BS,재무상태표,비유동자산,제 2 기,2024.12.31 현재,"1,420,229,965,877",제 1 기,2023.12.31 현재,"1,395,138,450,414",,,-,4,KRW,2024
20250317000838,11011,2024,01722437,452260,OFS,재무제표,BS,재무상태표,자산총계,제 2 기,2024.12.31 현재,"1,730,670,715,075",제 1 기,2023.12.31 현재,"1,722,181,686,980",,,-,6,KRW,2024
20250317000838,11011,2024,01722437,452260,OFS,재무제표,BS,재무상태표,유동부채,제 2 기,2024.12.31 현재,"494,981,929,677",제 1 기,2023.12.31 현재,"482,036,355,591",,,-,8,KRW,2024
20250317000838,11011,2024,01722437,452260,OFS,재무제표,BS,재무상태표,비유동부채,제 2 기,2024.12.31 현재,"424,404,147,582",제 1 기,2023.12.31 현재,"402,364,872,606",,,-,10,KRW,2024
20250317000838,11011,2024,01722437,452260,OFS,재무제표,BS,재무상태표,부채총계,제 2 기,2024.12.31 현재,"919,386,077,259",제 1 기,2023.12.31 현재,"884,401,228,197",,,-,12,KRW,2024
20250317000838,11011,2024,01722437,452260,OFS,재무제표,BS,재무상태표,자본금,제 2 기,2024.12.31 현재,"98,382,040,000",제 1 기,2023.12.31 현재,"98,382,040,000",,,-,15,KRW,2024
20250317000838,11011,2024,01722437,452260,OFS,재무제표,BS,재무상태표,이익잉여금,제 2 기,2024.12.31 현재,"-58,388,036,631",제 1 기,2023.12.31 현재,"-31,199,815,664",,,-,19,KRW,2024
20250317000838,11011,2024,01722437,452260,OFS,재무제표,BS,재무상태표,자본총계,제 2 기,2024.12.31 현재,"811,284,637,816",제 1 기,2023.12.31 현재,"837,780,458,783",,,-,22,KRW,2024
20250317000838,11011,2024,01722437,452260,OFS,재무제표,IS,손익계산서,매출액,제 2 기,2024.01.01 ~ 2024.12.31,"396,480,573,880",제 1 기,2023.03.01 ~ 2023.12.31,"351,947,650,857",,,-,24,KRW,2024
20250317000838,11011,2024,01722437,452260,OFS,재무제표,IS,손익계산서,영업이익,제 2 기,2024.01.01 ~ 2024.12.31,"-1,126,852,294",제 1 기,2023.03.01 ~ 2023.12.31,"8,570,338,022",,,-,26,KRW,2024
20250317000838,11011,2024,01722437,452260,OFS,재무제표,IS,손익계산서,법인세차감전 순이익,제 2 기,2024.01.01 ~ 2024.12.31,"-23,022,895,876",제 1 기,2023.03.01 ~ 2023.12.31,"-38,067,423,288",,,-,28,KRW,2024
20250317000838,11011,2024,01722437,452260,OFS,재무제표,IS,손익계산서,당기순이익(손실),제 2 기,2024.01.01 ~ 2024.12.31,"-25,979,816,743",제 1 기,2023.03.01 ~ 2023.12.31,"-29,837,130,616",,,-,30,KRW,2024
20250317000838,11011,2024,01722437,452260,OFS,재무제표,IS,손익계산서,당기순이익(손실),제 2 기,2024.01.01 ~ 2024.12.31,"-25,979,816,743",제 1 기,2023.03.01 ~ 2023.12.31,"-29,837,130,616",,,-,62,KRW,2024
20250317000838,11011,2024,01722437,452260,OFS,재무제표,IS,손익계산서,총포괄손익,제 2 기,2024.01.01 ~ 2024.12.31,"-27,188,220,967",제 1 기,2023.03.01 ~ 2023.12.31,"-31,199,815,664",,,-,64,KRW,2024
20230321001282,11011,2022,00622787,377740,CFS,연결재무제표,BS,재무상태표,유동자산,제 20 기,2022.12.31 현재,"824,836,143,679",제 19 기,2021.12.31 현재,"640,708,645,896",제 18 기,2020.12.31 현재,"573,427,894,914",1,KRW,2022
20230321001282,11011,2022,00622787,377740,CFS,연결재무제표,BS,재무상태표,비유동자산,제 20 기,2022.12.31 현재,"932,165,622,107",제 19 기,2021.12.31 현재,"848,158,627,331",제 18 기,2020.12.31 현재,"280,012,168,867",3,KRW,2022
20230321001282,11011,2022,00622787,377740,CFS,연결재무제표,BS,재무상태표,자산총계,제 20 기,2022.12.31 현재,"1,757,001,765,786",제 19 기,2021.12.31 현재,"1,488,867,273,227",제 18 기,2020.12.31 현재,"853,440,063,781",5,KRW,2022
20230321001282,11011,2022,00622787,377740,CFS,연결재무제표,BS,재무상태표,유동부채,제 20 기,2022.12.31 현재,"49,505,015,315",제 19 기,2021.12.31 현재,"118,273,329,758",제 18 기,2020.12.31 현재,"183,912,319,615",7,KRW,2022
20230321001282,11011,2022,00622787,377740,CFS,연결재무제표,BS,재무상태표,비유동부채,제 20 기,2022.12.31 현재,"107,344,668,533",제 19 기,2021.12.31 현재,"98,089,718,846",제 18 기,2020.12.31 현재,"30,831,778,896",9,KRW,2022
20230321001282,11011,2022,00622787,377740,CFS,연결재무제표,BS,재무상태표,부채총계,제 20 기,2022.12.31 현재,"156,849,683,848",제 19 기,2021.12.31 현재,"216,363,048,604",제 18 기,2020.12.31 현재,"214,744,098,511",11,KRW,2022
20230321001282,11011,2022,00622787,377740,CFS,연결재무제표,BS,재무상태표,자본금,제 20 기,2022.12.31 현재,"50,938,024,000",제 19 기,2021.12.31 현재,"46,778,024,000",제 18 기,2020.12.31 현재,"2,923,626,500",13,KRW,2022
20230321001282,11011,2022,00622787,377740,CFS,연결재무제표,BS,재무상태표,이익잉여금,제 20 기,2022.12.31 현재,"1,466,033,764,619",제 19 기,2021.12.31 현재,"1,207,900,322,797",제 18 기,2020.12.31 현재,"580,216,557,971",17,KRW,2022
20230321001282,11011,2022,00622787,377740,CFS,연결재무제표,BS,재무상태표,자본총계,제 20 기,2022.12.31 현재,"1,600,152,081,938",제 19 기,2021.12.31 현재,"1,272,504,224,623",제 18 기,2020.12.31 현재,"638,695,965,270",21,KRW,2022
20230321001282,11011,2022,00622787,377740,CFS,연결재무제표,IS,손익계산서,매출액,제 20 기,2022.01.01 ~ 2022.12.31,"479,657,089,813",제 19 기,2021.01.01 ~ 2021.12.31,"622,355,164,435",제 18 기,2020.01.01 ~ 2020.12.31,"631,504,544,796",23,KRW,2022
20230321001282,11011,2022,00622787,377740,CFS,연결재무제표,IS,손익계산서,영업이익,제 20 기,2022.01.01 ~ 2022.12.31,"295,409,547,762",제 19 기,2021.01.01 ~ 2021.12.31,"468,747,621,538",제 18 기,2020.01.01 ~ 2020.12.31,"558,030,969,819",25,KRW,2022
20230321001282,11011,2022,00622787,377740,CFS,연결재무제표,IS,손익계산서,법인세차감전 순이익,제 20 기,2022.01.01 ~ 2022.12.31,"414,778,234,489",제 19 기,2021.01.01 ~ 2021.12.31,"869,884,864,195",제 18 기,2020.01.01 ~ 2020.12.31,"695,197,708,043",27,KRW,2022
20230321001282,11011,2022,00622787,377740,CFS,연결재무제표,IS,손익계산서,당기순이익(손실),제 20 기,2022.01.01 ~ 2022.12.31,"307,797,756,625",제 19 기,2021.01.01 ~ 2021.12.31,"676,600,968,170",제 18 기,2020.01.01 ~ 2020.12.31,"528,228,844,808",29,KRW,2022
20230321001282,11011,2022,00622787,377740,CFS,연결재무제표,IS,손익계산서,당기순이익(손실),제 20 기,2022.01.01 ~ 2022.12.31,"307,797,756,625",제 19 기,2021.01.01 ~ 2021.12.31,"676,600,968,170",제 18 기,2020.01.01 ~ 2020.12.31,"528,228,844,808",61,KRW,2022
20230321001282,11011,2022,00622787,377740,OFS,재무제표,BS,재무상태표,유동자산,제 20 기,2022.12.31 현재,"821,308,768,410",제 19 기,2021.12.31 현재,"639,389,938,811",제 18 기,2020.12.31 현재,"572,917,913,875",2,KRW,2022
20230321001282,11011,2022,00622787,377740,OFS,재무제표,BS,재무상태표,비유동자산,제 20 기,2022.12.31 현재,"275,275,622,667",제 19 기,2021.12.31 현재,"354,370,090,683",제 18 기,2020.12.31 현재,"139,935,385,653",4,KRW,2022
20230321001282,11011,2022,00622787,377740,OFS,재무제표,BS,재무상태표,자산총계,제 20 기,2022.12.31 현재,"1,096,584,391,077",제 19 기,2021.12.31 현재,"993,760,029,494",제 18 기,2020.12.31 현재,"712,853,299,528",6,KRW,2022
20230321001282,11011,2022,00622787,377740,OFS,재무제표,BS,재무상태표,유동부채,제 20 기,2022.12.31 현재,"48,567,449,604",제 19 기,2021.12.31 현재,"117,439,160,928",제 18 기,2020.12.31 현재,"184,007,865,675",8,KRW,2022
20230321001282,11011,2022,00622787,377740,OFS,재무제표,BS,재무상태표,비유동부채,제 20 기,2022.12.31 현재,"1,044,404,131",제 19 기,2021.12.31 현재,"3,985,600,281",제 18 기,2020.12.31 현재,"3,520,748,500",10,KRW,2022
20230321001282,11011,2022,00622787,377740,OFS,재무제표,BS,재무상태표,부채총계,제 20 기,2022.12.31 현재,"49,611,853,735",제 19 기,2021.12.31 현재,"121,424,761,209",제 18 기,2020.12.31 현재,"187,528,614,175",12,KRW,2022
20230321001282,11011,2022,00622787,377740,OFS,재무제표,BS,재무상태표,자본금,제 20 기,2022.12.31 현재,"50,938,024,000",제 19 기,2021.12.31 현재,"46,778,024,000",제 18 기,2020.12.31 현재,"2,923,626,500",15,KRW,2022
20230321001282,11011,2022,00622787,377740,OFS,재무제표,BS,재무상태표,이익잉여금,제 20 기,2022.12.31 현재,"911,066,971,883",제 19 기,2021.12.31 현재,"811,346,690,880",제 18 기,2020.12.31 현재,"466,321,159,908",19,KRW,2022
20230321001282,11011,2022,00622787,377740,OFS,재무제표,BS,재무상태표,자본총계,제 20 기,2022.12.31 현재,"1,046,972,537,342",제 19 기,2021.12.31 현재,"872,335,268,285",제 18 기,2020.12.31 현재,"525,324,685,353",22,KRW,2022
20230321001282,11011,2022,00622787,377740,OFS,재무제표,IS,손익계산서,매출액,제 20 기,2022.01.01 ~ 2022.12.31,"475,158,632,065",제 19 기,2021.01.01 ~ 2021.12.31,"620,046,067,170",제 18 기,2020.01.01 ~ 2020.12.31,"631,310,435,126",24,KRW,2022
20230321001282,11011,2022,00622787,377740,OFS,재무제표,IS,손익계산서,영업이익,제 20 기,2022.01.01 ~ 2022.12.31,"298,440,452,472",제 19 기,2021.01.01 ~ 2021.12.31,"470,020,867,606",제 18 기,2020.01.01 ~ 2020.12.31,"559,022,031,364",26,KRW,2022
20230321001282,11011,2022,00622787,377740,OFS,재무제표,IS,손익계산서,법인세차감전 순이익,제 20 기,2022.01.01 ~ 2022.12.31,"240,287,039,092",제 19 기,2021.01.01 ~ 2021.12.31,"523,215,574,271",제 18 기,2020.01.01 ~ 2020.12.31,"553,618,061,672",28,KRW,2022
20230321001282,11011,2022,00622787,377740,OFS,재무제표,IS,손익계산서,당기순이익(손실),제 20 기,2022.01.01 ~ 2022.12.31,"149,679,210,635",제 19 기,2021.01.01 ~ 2021.12.31,"395,022,862,795",제 18 기,2020.01.01 ~ 2020.12.31,"414,064,625,746",30,KRW,2022
20230321001282,11011,2022,00622787,377740,OFS,재무제표,IS,손익계산서,당기순이익(손실),제 20 기,2022.01.01 ~ 2022.12.31,"149,679,210,635",제 19 기,2021.01.01 ~ 2021.12.31,"395,022,862,795",제 18 기,2020.01.01 ~ 2020.12.31,"414,064,625,746",62,KRW,2022
20240322000144,11011,2023,00622787,377740,CFS,연결재무제표,BS,재무상태표,유동자산,제 21 기,2023.12.31 현재,"456,477,758,210",제 20 기,2022.12.31 현재,"824,836,143,679",제 19 기,2021.12.31 현재,"640,708,645,896",1,KRW,2023
20240322000144,11011,2023,00622787,377740,CFS,연결재무제표,BS,재무상태표,비유동자산,제 21 기,2023.12.31 현재,"1,136,364,565,981",제 20 기,2022.12.31 현재,"932,165,622,107",제 19 기,2021.12.31 현재,"848,158,627,331",3,KRW,2023
20240322000144,11011,2023,00622787,377740,CFS,연결재무제표,BS,재무상태표,자산총계,제 21 기,2023.12.31 현재,"1,592,842,324,191",제 20 기,2022.12.31 현재,"1,757,001,765,786",제 19 기,2021.12.31 현재,"1,488,867,273,227",5,KRW,2023
20240322000144,11011,2023,00622787,377740,CFS,연결재무제표,BS,재무상태표,유동부채,제 21 기,2023.12.31 현재,"10,800,896,172",제 20 기,2022.12.31 현재,"49,505,015,315",제 19 기,2021.12.31 현재,"118,273,329,758",7,KRW,2023
20240322000144,11011,2023,00622787,377740,CFS,연결재무제표,BS,재무상태표,비유동부채,제 21 기,2023.12.31 현재,"25,465,514,968",제 20 기,2022.12.31 현재,"107,344,668,533",제 19 기,2021.12.31 현재,"98,089,718,846",9,KRW,2023
20240322000144,11011,2023,00622787,377740,CFS,연결재무제표,BS,재무상태표,부채총계,제 21 기,2023.12.31 현재,"36,266,411,140",제 20 기,2022.12.31 현재,"156,849,683,848",제 19 기,2021.12.31 현재,"216,363,048,604",11,KRW,2023
20240322000144,11011,2023,00622787,377740,CFS,연결재무제표,BS,재무상태표,자본금,제 21 기,2023.12.31 현재,"51,028,024,000",제 20 기,2022.12.31 현재,"50,938,024,000",제 19 기,2021.12.31 현재,"46,778,024,000",13,KRW,2023
20240322000144,11011,2023,00622787,377740,CFS,연결재무제표,BS,재무상태표,이익잉여금,제 21 기,2023.12.31 현재,"1,392,827,991,983",제 20 기,2022.12.31 현재,"1,466,033,764,619",제 19 기,2021.12.31 현재,"1,207,900,322,797",17,KRW,2023
20240322000144,11011,2023,00622787,377740,CFS,연결재무제표,BS,재무상태표,자본총계,제 21 기,2023.12.31 현재,"1,556,575,913,051",제 20 기,2022.12.31 현재,"1,600,152,081,938",제 19 기,2021.12.31 현재,"1,272,504,224,623",21,KRW,2023
20240322000144,11011,2023,00622787,377740,CFS,연결재무제표,IS,손익계산서,매출액,제 21 기,2023.01.01 ~ 2023.12.31,"90,080,965,589",제 20 기,2022.01.01 ~ 2022.12.31,"479,657,089,813",제 19 기,2021.01.01 ~ 2021.12.31,"622,355,164,435",23,KRW,2023
20240322000144,11011,2023,00622787,377740,CFS,연결재무제표,IS,손익계산서,영업이익,제 21 기,2023.01.01 ~ 2023.12.31,"-47,041,101,526",제 20 기,2022.01.01 ~ 2022.12.31,"295,409,547,762",제 19 기,2021.01.01 ~ 2021.12.31,"468,747,621,538",25,KRW,2023
20240322000144,11011,2023,00622787,377740,CFS,연결재무제표,IS,손익계산서,법인세차감전 순이익,제 21 기,2023.01.01 ~ 2023.12.31,"-109,490,603,960",제 20 기,2022.01.01 ~ 2022.12.31,"414,778,234,489",제 19 기,2021.01.01 ~ 2021.12.31,"869,884,864,195",27,KRW,2023
20240322000144,11011,2023,00622787,377740,CFS,연결재무제표,IS,손익계산서,당기순이익(손실),제 21 기,2023.01.01 ~ 2023.12.31,"-20,496,527,310",제 20 기,2022.01.01 ~ 2022.12.31,"307,797,756,625",제 19 기,2021.01.01 ~ 2021.12.31,"676,600,968,170",29,KRW,2023
20240322000144,11011,2023,00622787,377740,CFS,연결재무제표,IS,손익계산서,당기순이익(손실),제 21 기,2023.01.01 ~ 2023.12.31,"-20,496,527,310",제 20 기,2022.01.01 ~ 2022.12.31,"307,797,756,625",제 19 기,2021.01.01 ~ 2021.12.31,"676,600,968,170",61,KRW,2023
20240322000144,11011,2023,00622787,377740,CFS,연결재무제표,IS,손익계산서,총포괄손익,제 21 기,2023.01.01 ~ 2023.12.31,"5,499,434,633",제 20 기,2022.01.01 ~ 2022.12.31,"302,689,798,893",제 19 기,2021.01.01 ~ 2021.12.31,"680,740,410,737",63,KRW,2023
20240322000144,11011,2023,00622787,377740,OFS,재무제표,BS,재무상태표,유동자산,제 21 기,2023.12.31 현재,"454,370,596,460",제 20 기,2022.12.31 현재,"821,308,768,410",제 19 기,2021.12.31 현재,"639,389,938,811",2,KRW,2023
20240322000144,11011,2023,00622787,377740,OFS,재무제표,BS,재무상태표,비유동자산,제 21 기,2023.12.31 현재,"547,248,646,131",제 20 기,2022.12.31 현재,"275,275,622,667",제 19 기,2021.12.31 현재,"354,370,090,683",4,KRW,2023
20240322000144,11011,2023,00622787,377740,OFS,재무제표,BS,재무상태표,자산총계,제 21 기,2023.12.31 현재,"1,001,619,242,591",제 20 기,2022.12.31 현재,"1,096,584,391,077",제 19 기,2021.12.31 현재,"993,760,029,494",6,KRW,2023
20240322000144,11011,2023,00622787,377740,OFS,재무제표,BS,재무상태표,유동부채,제 21 기,2023.12.31 현재,"9,602,647,550",제 20 기,2022.12.31 현재,"48,567,449,604",제 19 기,2021.12.31 현재,"117,439,160,928",8,KRW,2023
20240322000144,11011,2023,00622787,377740,OFS,재무제표,BS,재무상태표,비유동부채,제 21 기,2023.12.31 현재,"2,992,999,796",제 20 기,2022.12.31 현재,"1,044,404,131",제 19 기,2021.12.31 현재,"3,985,600,281",10,KRW,2023
20240322000144,11011,2023,00622787,377740,OFS,재무제표,BS,재무상태표,부채총계,제 21 기,2023.12.31 현재,"12,595,647,346",제 20 기,2022.12.31 현재,"49,611,853,735",제 19 기,2021.12.31 현재,"121,424,761,209",12,KRW,2023
20240322000144,11011,2023,00622787,377740,OFS,재무제표,BS,재무상태표,자본금,제 21 기,2023.12.31 현재,"51,028,024,000",제 20 기,2022.12.31 현재,"50,938,024,000",제 19 기,2021.12.31 현재,"46,778,024,000",15,KRW,2023
20240322000144,11011,2023,00622787,377740,OFS,재무제표,BS,재무상태표,이익잉여금,제 21 기,2023.12.31 현재,"852,274,369,786",제 20 기,2022.12.31 현재,"911,066,971,883",제 19 기,2021.12.31 현재,"811,346,690,880",19,KRW,2023
20240322000144,11011,2023,00622787,377740,OFS,재무제표,BS,재무상태표,자본총계,제 21 기,2023.12.31 현재,"989,023,595,245",제 20 기,2022.12.31 현재,"1,046,972,537,342",제 19 기,2021.12.31 현재,"872,335,268,285",22,KRW,2023
20240322000144,11011,2023,00622787,377740,OFS,재무제표,IS,손익계산서,매출액,제 21 기,2023.01.01 ~ 2023.12.31,"84,875,760,790",제 20 기,2022.01.01 ~ 2022.12.31,"475,158,632,065",제 19 기,2021.01.01 ~ 2021.12.31,"620,046,067,170",24,KRW,2023
20240322000144,11011,2023,00622787,377740,OFS,재무제표,IS,손익계산서,영업이익,제 21 기,2023.01.01 ~ 2023.12.31,"-42,416,540,589",제 20 기,2022.01.01 ~ 2022.12.31,"298,440,452,472",제 19 기,2021.01.01 ~ 2021.12.31,"470,020,867,606",26,KRW,2023
20240322000144,11011,2023,00622787,377740,OFS,재무제표,IS,손익계산서,법인세차감전 순이익,제 21 기,2023.01.01 ~ 2023.12.31,"-14,301,759,870",제 20 기,2022.01.01 ~ 2022.12.31,"240,287,039,092",제 19 기,2021.01.01 ~ 2021.12.31,"523,215,574,271",28,KRW,2023
20240322000144,11011,2023,00622787,377740,OFS,재무제표,IS,손익계산서,당기순이익(손실),제 21 기,2023.01.01 ~ 2023.12.31,"-7,858,716,908",제 20 기,2022.01.01 ~ 2022.12.31,"149,679,210,635",제 19 기,2021.01.01 ~ 2021.12.31,"395,022,862,795",30,KRW,2023
20240322000144,11011,2023,00622787,377740,OFS,재무제표,IS,손익계산서,당기순이익(손실),제 21 기,2023.01.01 ~ 2023.12.31,"-7,858,716,908",제 20 기,2022.01.01 ~ 2022.12.31,"149,679,210,635",제 19 기,2021.01.01 ~ 2021.12.31,"395,022,862,795",62,KRW,2023
20240322000144,11011,2023,00622787,377740,OFS,재무제표,IS,손익계산서,총포괄손익,제 21 기,2023.01.01 ~ 2023.12.31,"-8,873,338,577",제 20 기,2022.01.01 ~ 2022.12.31,"149,679,210,635",제 19 기,2021.01.01 ~ 2021.12.31,"395,022,862,795",64,KRW,2023
20250318001275,11011,2024,00622787,377740,CFS,연결재무제표,BS,재무상태표,유동자산,제 22 기,2024.12.31 현재,"465,700,247,721",제 21 기,2023.12.31 현재,"456,477,758,210",제 20 기,2022.12.31 현재,"824,836,143,679",1,KRW,2024
20250318001275,11011,2024,00622787,377740,CFS,연결재무제표,BS,재무상태표,비유동자산,제 22 기,2024.12.31 현재,"1,231,457,008,881",제 21 기,2023.12.31 현재,"1,136,364,565,981",제 20 기,2022.12.31 현재,"932,165,622,107",3,KRW,2024
20250318001275,11011,2024,00622787,377740,CFS,연결재무제표,BS,재무상태표,자산총계,제 22 기,2024.12.31 현재,"1,697,157,256,602",제 21 기,2023.12.31 현재,"1,592,842,324,191",제 20 기,2022.12.31 현재,"1,757,001,765,786",5,KRW,2024
20250318001275,11011,2024,00622787,377740,CFS,연결재무제표,BS,재무상태표,유동부채,제 22 기,2024.12.31 현재,"23,655,700,987",제 21 기,2023.12.31 현재,"10,800,896,172",제 20 기,2022.12.31 현재,"49,505,015,315",7,KRW,2024
20250318001275,11011,2024,00622787,377740,CFS,연결재무제표,BS,재무상태표,비유동부채,제 22 기,2024.12.31 현재,"37,728,456,471",제 21 기,2023.12.31 현재,"25,465,514,968",제 20 기,2022.12.31 현재,"107,344,668,533",9,KRW,2024
20250318001275,11011,2024,00622787,377740,CFS,연결재무제표,BS,재무상태표,부채총계,제 22 기,2024.12.31 현재,"61,384,157,458",제 21 기,2023.12.31 현재,"36,266,411,140",제 20 기,2022.12.31 현재,"156,849,683,848",11,KRW,2024
20250318001275,11011,2024,00622787,377740,CFS,연결재무제표,BS,재무상태표,자본금,제 22 기,2024.12.31 현재,"51,028,024,000",제 21 기,2023.12.31 현재,"51,028,024,000",제 20 기,2022.12.31 현재,"50,938,024,000",13,KRW,2024
20250318001275,11011,2024,00622787,377740,CFS,연결재무제표,BS,재무상태표,이익잉여금,제 22 기,2024.12.31 현재,"1,427,616,049,963",제 21 기,2023.12.31 현재,"1,392,827,991,983",제 20 기,2022.12.31 현재,"1,466,033,764,619",17,KRW,2024
20250318001275,11011,2024,00622787,377740,CFS,연결재무제표,BS,재무상태표,자본총계,제 22 기,2024.12.31 현재,"1,635,773,099,144",제 21 기,2023.12.31 현재,"1,556,575,913,051",제 20 기,2022.12.31 현재,"1,600,152,081,938",21,KRW,2024
20250318001275,11011,2024,00622787,377740,CFS,연결재무제표,IS,손익계산서,매출액,제 22 기,2024.01.01 ~ 2024.12.31,"102,780,333,919",제 21 기,2023.01.01 ~ 2023.12.31,"90,080,965,589",제 20 기,2022.01.01 ~ 2022.12.31,"479,657,089,813",23,KRW,2024
20250318001275,11011,2024,00622787,377740,CFS,연결재무제표,IS,손익계산서,영업이익,제 22 기,2024.01.01 ~ 2024.12.31,"12,215,167,998",제 21 기,2023.01.01 ~ 2023.12.31,"-47,041,101,526",제 20 기,2022.01.01 ~ 2022.12.31,"295,409,547,762",25,KRW,2024
20250318001275,11011,2024,00622787,377740,CFS,연결재무제표,IS,손익계산서,법인세차감전 순이익,제 22 기,2024.01.01 ~ 2024.12.31,"73,326,771,325",제 21 기,2023.01.01 ~ 2023.12.31,"-109,490,603,960",제 20 기,2022.01.01 ~ 2022.12.31,"414,778,234,489",27,KRW,2024
20250318001275,11011,2024,00622787,377740,CFS,연결재무제표,IS,손익계산서,당기순이익(손실),제 22 기,2024.01.01 ~ 2024.12.31,"55,261,403,734",제 21 기,2023.01.01 ~ 2023.12.31,"-20,496,527,310",제 20 기,2022.01.01 ~ 2022.12.31,"307,797,756,625",29,KRW,2024
20250318001275,11011,2024,00622787,377740,CFS,연결재무제표,IS,손익계산서,당기순이익(손실),제 22 기,2024.01.01 ~ 2024.12.31,"55,261,403,734",제 21 기,2023.01.01 ~ 2023.12.31,"-20,496,527,310",제 20 기,2022.01.01 ~ 2022.12.31,"307,797,756,625",61,KRW,2024
20250318001275,11011,2024,00622787,377740,CFS,연결재무제표,IS,손익계산서,총포괄손익,제 22 기,2024.01.01 ~ 2024.12.31,"102,616,343,211",제 21 기,2023.01.01 ~ 2023.12.31,"5,499,434,633",제 20 기,2022.01.01 ~ 2022.12.31,"302,689,798,893",63,KRW,2024
20250318001275,11011,2024,00622787,377740,OFS,재무제표,BS,재무상태표,유동자산,제 22 기,2024.12.31 현재,"459,648,432,378",제 21 기,2023.12.31 현재,"454,370,596,460",제 20 기,2022.12.31 현재,"821,308,768,410",2,KRW,2024
20250318001275,11011,2024,00622787,377740,OFS,재무제표,BS,재무상태표,비유동자산,제 22 기,2024.12.31 현재,"615,505,381,639",제 21 기,2023.12.31 현재,"547,248,646,131",제 20 기,2022.12.31 현재,"275,275,622,667",4,KRW,2024
20250318001275,11011,2024,00622787,377740,OFS,재무제표,BS,재무상태표,자산총계,제 22 기,2024.12.31 현재,"1,075,153,814,017",제 21 기,2023.12.31 현재,"1,001,619,242,591",제 20 기,2022.12.31 현재,"1,096,584,391,077",6,KRW,2024
20250318001275,11011,2024,00622787,377740,OFS,재무제표,BS,재무상태표,유동부채,제 22 기,2024.12.31 현재,"23,016,278,236",제 21 기,2023.12.31 현재,"9,602,647,550",제 20 기,2022.12.31 현재,"48,567,449,604",8,KRW,2024
20250318001275,11011,2024,00622787,377740,OFS,재무제표,BS,재무상태표,비유동부채,제 22 기,2024.12.31 현재,"2,520,230,274",제 21 기,2023.12.31 현재,"2,992,999,796",제 20 기,2022.12.31 현재,"1,044,404,131",10,KRW,2024
20250318001275,11011,2024,00622787,377740,OFS,재무제표,BS,재무상태표,부채총계,제 22 기,2024.12.31 현재,"25,536,508,510",제 21 기,2023.12.31 현재,"12,595,647,346",제 20 기,2022.12.31 현재,"49,611,853,735",12,KRW,2024
20250318001275,11011,2024,00622787,377740,OFS,재무제표,BS,재무상태표,자본금,제 22 기,2024.12.31 현재,"51,028,024,000",제 21 기,2023.12.31 현재,"51,028,024,000",제 20 기,2022.12.31 현재,"50,938,024,000",15,KRW,2024
20250318001275,11011,2024,00622787,377740,OFS,재무제표,BS,재무상태표,이익잉여금,제 22 기,2024.12.31 현재,"915,876,027,566",제 21 기,2023.12.31 현재,"852,274,369,786",제 20 기,2022.12.31 현재,"911,066,971,883",19,KRW,2024
20250318001275,11011,2024,00622787,377740,OFS,재무제표,BS,재무상태표,자본총계,제 22 기,2024.12.31 현재,"1,049,617,305,507",제 21 기,2023.12.31 현재,"989,023,595,245",제 20 기,2022.12.31 현재,"1,046,972,537,342",22,KRW,2024
20250318001275,11011,2024,00622787,377740,OFS,재무제표,IS,손익계산서,매출액,제 22 기,2024.01.01 ~ 2024.12.31,"96,936,947,478",제 21 기,2023.01.01 ~ 2023.12.31,"84,875,760,790",제 20 기,2022.01.01 ~ 2022.12.31,"475,158,632,065",24,KRW,2024
20250318001275,11011,2024,00622787,377740,OFS,재무제표,IS,손익계산서,영업이익,제 22 기,2024.01.01 ~ 2024.12.31,"17,718,725,194",제 21 기,2023.01.01 ~ 2023.12.31,"-42,416,540,589",제 20 기,2022.01.01 ~ 2022.12.31,"298,440,452,472",26,KRW,2024
20250318001275,11011,2024,00622787,377740,OFS,재무제표,IS,손익계산서,법인세차감전 순이익,제 22 기,2024.01.01 ~ 2024.12.31,"103,108,521,750",제 21 기,2023.01.01 ~ 2023.12.31,"-14,301,759,870",제 20 기,2022.01.01 ~ 2022.12.31,"240,287,039,092",28,KRW,2024
20250318001275,11011,2024,00622787,377740,OFS,재무제표,IS,손익계산서,당기순이익(손실),제 22 기,2024.01.01 ~ 2024.12.31,"84,012,867,380",제 21 기,2023.01.01 ~ 2023.12.31,"-7,858,716,908",제 20 기,2022.01.01 ~ 2022.12.31,"149,679,210,635",30,KRW,2024
20250318001275,11011,2024,00622787,377740,OFS,재무제표,IS,손익계산서,당기순이익(손실),제 22 기,2024.01.01 ~ 2024.12.31,"84,012,867,380",제 21 기,2023.01.01 ~ 2023.12.31,"-7,858,716,908",제 20 기,2022.01.01 ~ 2022.12.31,"149,679,210,635",62,KRW,2024
20250318001275,11011,2024,00622787,377740,OFS,재무제표,IS,손익계산서,총포괄손익,제 22 기,2024.01.01 ~ 2024.12.31,"84,012,867,380",제 21 기,2023.01.01 ~ 2023.12.31,"-8,873,338,577",제 20 기,2022.01.01 ~ 2022.12.31,"149,679,210,635",64,KRW,2024
20230322000303,11011,2022,01702017,446070,OFS,재무제표,BS,재무상태표,유동자산,제 1 기,2022.12.31 현재,"136,713,797,294",,,-,,,-,2,KRW,2022
20230322000303,11011,2022,01702017,446070,OFS,재무제표,BS,재무상태표,비유동자산,제 1 기,2022.12.31 현재,"76,917,477,500",,,-,,,-,4,KRW,2022
20230322000303,11011,2022,01702017,446070,OFS,재무제표,BS,재무상태표,자산총계,제 1 기,2022.12.31 현재,"213,631,274,794",,,-,,,-,6,KRW,2022
20230322000303,11011,2022,01702017,446070,OFS,재무제표,BS,재무상태표,유동부채,제 1 기,2022.12.31 현재,"18,091,294,473",,,-,,,-,8,KRW,2022
20230322000303,11011,2022,01702017,446070,OFS,재무제표,BS,재무상태표,비유동부채,제 1 기,2022.12.31 현재,"3,408,069,085",,,-,,,-,10,KRW,2022
20230322000303,11011,2022,01702017,446070,OFS,재무제표,BS,재무상태표,부채총계,제 1 기,2022.12.31 현재,"21,499,363,558",,,-,,,-,12,KRW,2022
20230322000303,11011,2022,01702017,446070,OFS,재무제표,BS,재무상태표,자본금,제 1 기,2022.12.31 현재,"10,611,215,000",,,-,,,-,15,KRW,2022
20230322000303,11011,2022,01702017,446070,OFS,재무제표,BS,재무상태표,이익잉여금,제 1 기,2022.12.31 현재,"1,537,552,178",,,-,,,-,19,KRW,2022
20230322000303,11011,2022,01702017,446070,OFS,재무제표,BS,재무상태표,자본총계,제 1 기,2022.12.31 현재,"192,131,911,236",,,-,,,-,22,KRW,2022
20230322000303,11011,2022,01702017,446070,OFS,재무제표,IS,손익계산서,매출액,제 1 기,2022.11.01 ~ 2022.12.31,"29,221,282,156",,,-,,,-,24,KRW,2022
20230322000303,11011,2022,01702017,446070,OFS,재무제표,IS,손익계산서,영업이익,제 1 기,2022.11.01 ~ 2022.12.31,"1,427,051,307",,,-,,,-,26,KRW,2022
20230322000303,11011,2022,01702017,446070,OFS,재무제표,IS,손익계산서,법인세차감전 순이익,제 1 기,2022.11.01 ~ 2022.12.31,"1,798,097,995",,,-,,,-,28,KRW,2022
20230322000303,11011,2022,01702017,446070,OFS,재무제표,IS,손익계산서,당기순이익(손실),제 1 기,2022.11.01 ~ 2022.12.31,"959,501,849",,,-,,,-,30,KRW,2022
20230322000303,11011,2022,01702017,446070,OFS,재무제표,IS,손익계산서,당기순이익(손실),제 1 기,2022.11.01 ~ 2022.12.31,"959,501,849",,,-,,,-,62,KRW,2022
20240320000313,11011,2023,01702017,446070,OFS,재무제표,BS,재무상태표,유동자산,제 2 기,2023.12.31 현재,"139,250,183,481",제 1 기,2022.12.31 현재,"136,713,797,294",,,-,2,KRW,2023
20240320000313,11011,2023,01702017,446070,OFS,재무제표,BS,재무상태표,비유동자산,제 2 기,2023.12.31 현재,"80,635,230,789",제 1 기,2022.12.31 현재,"76,917,477,500",,,-,4,KRW,2023
20240320000313,11011,2023,01702017,446070,OFS,재무제표,BS,재무상태표,자산총계,제 2 기,2023.12.31 현재,"219,885,414,270",제 1 기,2022.12.31 현재,"213,631,274,794",,,-,6,KRW,2023
20240320000313,11011,2023,01702017,446070,OFS,재무제표,BS,재무상태표,유동부채,제 2 기,2023.12.31 현재,"23,079,781,513",제 1 기,2022.12.31 현재,"18,091,294,473",,,-,8,KRW,2023
20240320000313,11011,2023,01702017,446070,OFS,재무제표,BS,재무상태표,비유동부채,제 2 기,2023.12.31 현재,"4,914,052,915",제 1 기,2022.12.31 현재,"3,408,069,085",,,-,10,KRW,2023
20240320000313,11011,2023,01702017,446070,OFS,재무제표,BS,재무상태표,부채총계,제 2 기,2023.12.31 현재,"27,993,834,428",제 1 기,2022.12.31 현재,"21,499,363,558",,,-,12,KRW,2023
20240320000313,11011,2023,01702017,446070,OFS,재무제표,BS,재무상태표,자본금,제 2 기,2023.12.31 현재,"10,611,215,000",제 1 기,2022.12.31 현재,"10,611,215,000",,,-,15,KRW,2023
20240320000313,11011,2023,01702017,446070,OFS,재무제표,BS,재무상태표,이익잉여금,제 2 기,2023.12.31 현재,"31,297,220,784",제 1 기,2022.12.31 현재,"1,537,552,178",,,-,19,KRW,2023
20240320000313,11011,2023,01702017,446070,OFS,재무제표,BS,재무상태표,자본총계,제 2 기,2023.12.31 현재,"191,891,579,842",제 1 기,2022.12.31 현재,"192,131,911,236",,,-,22,KRW,2023
20240320000313,11011,2023,01702017,446070,OFS,재무제표,IS,손익계산서,매출액,제 2 기,2023.01.01 ~ 2023.12.31,"168,785,613,274",제 1 기,2022.11.01 ~ 2022.12.31,"29,221,282,156",,,-,24,KRW,2023
20240320000313,11011,2023,01702017,446070,OFS,재무제표,IS,손익계산서,영업이익,제 2 기,2023.01.01 ~ 2023.12.31,"-4,071,770,040",제 1 기,2022.11.01 ~ 2022.12.31,"1,427,051,307",,,-,26,KRW,2023
20240320000313,11011,2023,01702017,446070,OFS,재무제표,IS,손익계산서,법인세차감전 순이익,제 2 기,2023.01.01 ~ 2023.12.31,"1,120,059,902",제 1 기,2022.11.01 ~ 2022.12.31,"1,798,097,995",,,-,28,KRW,2023
20240320000313,11011,2023,01702017,446070,OFS,재무제표,IS,손익계산서,당기순이익(손실),제 2 기,2023.01.01 ~ 2023.12.31,"861,666,713",제 1 기,2022.11.01 ~ 2022.12.31,"959,501,849",,,-,30,KRW,2023
20240320000313,11011,2023,01702017,446070,OFS,재무제표,IS,손익계산서,당기순이익(손실),제 2 기,2023.01.01 ~ 2023.12.31,"861,666,713",제 1 기,2022.11.01 ~ 2022.12.31,"959,501,849",,,-,62,KRW,2023
20240320000313,11011,2023,01702017,446070,OFS,재무제표,IS,손익계산서,총포괄손익,제 2 기,2023.01.01 ~ 2023.12.31,"-240,331,394",제 1 기,2022.11.01 ~ 2022.12.31,"1,537,552,178",,,-,64,KRW,2023
20250319000185,11011,2024,01702017,446070,OFS,재무제표,BS,재무상태표,유동자산,제 3 기,2024.12.31 현재,"153,026,633,842",제 2 기,2023.12.31 현재,"139,250,183,481",제 1 기,2022.12.31 현재,"136,713,797,294",2,KRW,2024
20250319000185,11011,2024,01702017,446070,OFS,재무제표,BS,재무상태표,비유동자산,제 3 기,2024.12.31 현재,"82,424,979,866",제 2 기,2023.12.31 현재,"80,635,230,789",제 1 기,2022.12.31 현재,"76,917,477,500",4,KRW,2024
20250319000185,11011,2024,01702017,446070,OFS,재무제표,BS,재무상태표,자산총계,제 3 기,2024.12.31 현재,"235,451,613,708",제 2 기,2023.12.31 현재,"219,885,414,270",제 1 기,2022.12.31 현재,"213,631,274,794",6,KRW,2024
20250319000185,11011,2024,01702017,446070,OFS,재무제표,BS,재무상태표,유동부채,제 3 기,2024.12.31 현재,"34,622,689,311",제 2 기,2023.12.31 현재,"23,079,781,513",제 1 기,2022.12.31 현재,"18,091,294,473",8,KRW,2024
20250319000185,11011,2024,01702017,446070,OFS,재무제표,BS,재무상태표,비유동부채,제 3 기,2024.12.31 현재,"6,034,809,197",제 2 기,2023.12.31 현재,"4,914,052,915",제 1 기,2022.12.31 현재,"3,408,069,085",10,KRW,2024
20250319000185,11011,2024,01702017,446070,OFS,재무제표,BS,재무상태표,부채총계,제 3 기,2024.12.31 현재,"40,657,498,508",제 2 기,2023.12.31 현재,"27,993,834,428",제 1 기,2022.12.31 현재,"21,499,363,558",12,KRW,2024
20250319000185,11011,2024,01702017,446070,OFS,재무제표,BS,재무상태표,자본금,제 3 기,2024.12.31 현재,"10,611,215,000",제 2 기,2023.12.31 현재,"10,611,215,000",제 1 기,2022.12.31 현재,"10,611,215,000",15,KRW,2024
20250319000185,11011,2024,01702017,446070,OFS,재무제표,BS,재무상태표,이익잉여금,제 3 기,2024.12.31 현재,"35,821,235,422",제 2 기,2023.12.31 현재,"31,297,220,784",제 1 기,2022.12.31 현재,"1,537,552,178",19,KRW,2024
20250319000185,11011,2024,01702017,446070,OFS,재무제표,BS,재무상태표,자본총계,제 3 기,2024.12.31 현재,"194,794,115,200",제 2 기,2023.12.31 현재,"191,891,579,842",제 1 기,2022.12.31 현재,"192,131,911,236",22,KRW,2024
20250319000185,11011,2024,01702017,446070,OFS,재무제표,IS,손익계산서,매출액,제 3 기,2024.01.01 ~ 2024.12.31,"194,894,088,152",제 2 기,2023.01.01 ~ 2023.12.31,"168,785,613,274",제 1 기,2022.11.01 ~ 2022.12.31,"29,221,282,156",24,KRW,2024
20250319000185,11011,2024,01702017,446070,OFS,재무제표,IS,손익계산서,영업이익,제 3 기,2024.01.01 ~ 2024.12.31,"3,054,336,971",제 2 기,2023.01.01 ~ 2023.12.31,"-4,071,770,040",제 1 기,2022.11.01 ~ 2022.12.31,"1,427,051,307",26,KRW,2024
20250319000185,11011,2024,01702017,446070,OFS,재무제표,IS,손익계산서,법인세차감전 순이익,제 3 기,2024.01.01 ~ 2024.12.31,"8,157,954,511",제 2 기,2023.01.01 ~ 2023.12.31,"1,120,059,902",제 1 기,2022.11.01 ~ 2022.12.31,"1,798,097,995",28,KRW,2024
20250319000185,11011,2024,01702017,446070,OFS,재무제표,IS,손익계산서,당기순이익(손실),제 3 기,2024.01.01 ~ 2024.12.31,"6,397,032,832",제 2 기,2023.01.01 ~ 2023.12.31,"861,666,713",제 1 기,2022.11.01 ~ 2022.12.31,"959,501,849",30,KRW,2024
20250319000185,11011,2024,01702017,446070,OFS,재무제표,IS,손익계산서,당기순이익(손실),제 3 기,2024.01.01 ~ 2024.12.31,"6,397,032,832",제 2 기,2023.01.01 ~ 2023.12.31,"861,666,713",제 1 기,2022.11.01 ~ 2022.12.31,"959,501,849",62,KRW,2024
20250319000185,11011,2024,01702017,446070,OFS,재무제표,IS,손익계산서,총포괄손익,제 3 기,2024.01.01 ~ 2024.12.31,"4,524,014,638",제 2 기,2023.01.01 ~ 2023.12.31,"-240,331,394",제 1 기,2022.11.01 ~ 2022.12.31,"1,537,552,178",64,KRW,2024
20190401002209,11011,2018,00525934,108320,CFS,연결재무제표,BS,재무상태표,유동자산,제 20 기,2018.12.31 현재,"508,162,893,203",제 19 기,2017.12.31 현재,"497,749,253,911",제 18 기,2016.12.31 현재,"440,498,706,729",1,KRW,2018
20190401002209,11011,2018,00525934,108320,CFS,연결재무제표,BS,재무상태표,비유동자산,제 20 기,2018.12.31 현재,"99,395,412,661",제 19 기,2017.12.31 현재,"46,544,871,417",제 18 기,2016.12.31 현재,"45,499,035,535",3,KRW,2018
20190401002209,11011,2018,00525934,108320,CFS,연결재무제표,BS,재무상태표,자산총계,제 20 기,2018.12.31 현재,"607,558,305,864",제 19 기,2017.12.31 현재,"544,294,125,328",제 18 기,2016.12.31 현재,"485,997,742,264",5,KRW,2018
20190401002209,11011,2018,00525934,108320,CFS,연결재무제표,BS,재무상태표,유동부채,제 20 기,2018.12.31 현재,"155,223,703,292",제 19 기,2017.12.31 현재,"129,360,440,474",제 18 기,2016.12.31 현재,"100,300,511,556",7,KRW,2018
20190401002209,11011,2018,00525934,108320,CFS,연결재무제표,BS,재무상태표,비유동부채,제 20 기,2018.12.31 현재,"5,721,034,233",제 19 기,2017.12.31 현재,"2,708,263,242",제 18 기,2016.12.31 현재,"5,019,150,886",9,KRW,2018
20190401002209,11011,2018,00525934,108320,CFS,연결재무제표,BS,재무상태표,부채총계,제 20 기,2018.12.31 현재,"160,944,737,525",제 19 기,2017.12.31 현재,"132,068,703,716",제 18 기,2016.12.31 현재,"105,319,662,442",11,KRW,2018
20190401002209,11011,2018,00525934,108320,CFS,연결재무제표,BS,재무상태표,자본금,제 20 기,2018.12.31 현재,"8,132,150,000",제 19 기,2017.12.31 현재,"8,132,150,000",제 18 기,2016.12.31 현재,"8,132,150,000",13,KRW,2018
20190401002209,11011,2018,00525934,108320,CFS,연결재무제표,BS,재무상태표,이익잉여금,제 20 기,2018.12.31 현재,"362,625,799,686",제 19 기,2017.12.31 현재,"326,104,320,415",제 18 기,2016.12.31 현재,"294,732,662,342",17,KRW,2018
20190401002209,11011,2018,00525934,108320,CFS,연결재무제표,BS,재무상태표,자본총계,제 20 기,2018.12.31 현재,"446,613,568,339",제 19 기,2017.12.31 현재,"412,225,421,612",제 18 기,2016.12.31 현재,"380,678,079,822",21,KRW,2018
20190401002209,11011,2018,00525934,108320,CFS,연결재무제표,IS,손익계산서,매출액,제 20 기,2018.01.01 ~ 2018.12.31,"791,818,131,828",제 19 기,2017.01.01 ~ 2017.12.31,"692,761,282,198",제 18 기,2016.01.01 ~ 2016.12.31,"610,043,215,195",23,KRW,2018
20190401002209,11011,2018,00525934,108320,CFS,연결재무제표,IS,손익계산서,영업이익,제 20 기,2018.01.01 ~ 2018.12.31,"55,797,058,547",제 19 기,2017.01.01 ~ 2017.12.31,"45,521,508,802",제 18 기,2016.01.01 ~ 2016.12.31,"50,617,455,686",25,KRW,2018
20190401002209,11011,2018,00525934,108320,CFS,연결재무제표,IS,손익계산서,법인세차감전 순이익,제 20 기,2018.01.01 ~ 2018.12.31,"59,240,742,753",제 19 기,2017.01.01 ~ 2017.12.31,"48,350,131,324",제 18 기,2016.01.01 ~ 2016.12.31,"58,028,401,905",27,KRW,2018
20190401002209,11011,2018,00525934,108320,CFS,연결재무제표,IS,손익계산서,당기순이익(손실),제 20 기,2018.01.01 ~ 2018.12.31,"48,960,453,314",제 19 기,2017.01.01 ~ 2017.12.31,"47,064,354,128",제 18 기,2016.01.01 ~ 2016.12.31,"50,680,306,018",29,KRW,2018
20190401002209,11011,2018,00525934,108320,CFS,연결재무제표,IS,손익계산서,당기순이익(손실),제 20 기,2018.01.01 ~ 2018.12.31,"48,960,453,314",제 19 기,2017.01.01 ~ 2017.12.31,"47,064,354,128",제 18 기,2016.01.01 ~ 2016.12.31,"50,680,306,018",61,KRW,2018
20190401002209,11011,2018,00525934,108320,OFS,재무제표,BS,재무상태표,유동자산,제 20 기,2018.12.31 현재,"506,873,236,097",제 19 기,2017.12.31 현재,"496,552,389,629",제 18 기,2016.12.31 현재,"440,305,213,335",2,KRW,2018
20190401002209,11011,2018,00525934,108320,OFS,재무제표,BS,재무상태표,비유동자산,제 20 기,2018.12.31 현재,"100,375,583,355",제 19 기,2017.12.31 현재,"47,293,891,063",제 18 기,2016.12.31 현재,"45,630,651,175",4,KRW,2018
20190401002209,11011,2018,00525934,108320,OFS,재무제표,BS,재무상태표,자산총계,제 20 기,2018.12.31 현재,"607,248,819,452",제 19 기,2017.12.31 현재,"543,846,280,692",제 18 기,2016.12.31 현재,"485,935,864,510",6,KRW,2018
20190401002209,11011,2018,00525934,108320,OFS,재무제표,BS,재무상태표,유동부채,제 20 기,2018.12.31 현재,"155,610,549,028",제 19 기,2017.12.31 현재,"129,626,588,064",제 18 기,2016.12.31 현재,"100,401,190,760",8,KRW,2018
20190401002209,11011,2018,00525934,108320,OFS,재무제표,BS,재무상태표,비유동부채,제 20 기,2018.12.31 현재,"5,721,034,233",제 19 기,2017.12.31 현재,"2,708,263,242",제 18 기,2016.12.31 현재,"5,019,150,886",10,KRW,2018
20190401002209,11011,2018,00525934,108320,OFS,재무제표,BS,재무상태표,부채총계,제 20 기,2018.12.31 현재,"161,331,583,261",제 19 기,2017.12.31 현재,"132,334,851,306",제 18 기,2016.12.31 현재,"105,420,341,646",12,KRW,2018
20190401002209,11011,2018,00525934,108320,OFS,재무제표,BS,재무상태표,자본금,제 20 기,2018.12.31 현재,"8,132,150,000",제 19 기,2017.12.31 현재,"8,132,150,000",제 18 기,2016.12.31 현재,"8,132,150,000",15,KRW,2018
20190401002209,11011,2018,00525934,108320,OFS,재무제표,BS,재무상태표,이익잉여금,제 20 기,2018.12.31 현재,"361,822,723,422",제 19 기,2017.12.31 현재,"325,330,329,194",제 18 기,2016.12.31 현재,"294,565,491,597",19,KRW,2018
20190401002209,11011,2018,00525934,108320,OFS,재무제표,BS,재무상태표,자본총계,제 20 기,2018.12.31 현재,"445,917,236,191",제 19 기,2017.12.31 현재,"411,511,429,386",제 18 기,2016.12.31 현재,"380,515,522,864",22,KRW,2018
20190401002209,11011,2018,00525934,108320,OFS,재무제표,IS,손익계산서,매출액,제 20 기,2018.01.01 ~ 2018.12.31,"791,817,912,209",제 19 기,2017.01.01 ~ 2017.12.31,"692,756,755,514",제 18 기,2016.01.01 ~ 2016.12.31,"610,042,625,661",24,KRW,2018
20190401002209,11011,2018,00525934,108320,OFS,재무제표,IS,손익계산서,영업이익,제 20 기,2018.01.01 ~ 2018.12.31,"55,686,046,812",제 19 기,2017.01.01 ~ 2017.12.31,"44,713,713,691",제 18 기,2016.01.01 ~ 2016.12.31,"50,500,043,390",26,KRW,2018
20190401002209,11011,2018,00525934,108320,OFS,재무제표,IS,손익계산서,법인세차감전 순이익,제 20 기,2018.01.01 ~ 2018.12.31,"59,081,088,199",제 19 기,2017.01.01 ~ 2017.12.31,"47,553,290,652",제 18 기,2016.01.01 ~ 2016.12.31,"57,910,989,330",28,KRW,2018
20190401002209,11011,2018,00525934,108320,OFS,재무제표,IS,손익계산서,당기순이익(손실),제 20 기,2018.01.01 ~ 2018.12.31,"48,931,368,271",제 19 기,2017.01.01 ~ 2017.12.31,"46,457,533,652",제 18 기,2016.01.01 ~ 2016.12.31,"50,563,821,843",30,KRW,2018
20190401002209,11011,2018,00525934,108320,OFS,재무제표,IS,손익계산서,당기순이익(손실),제 20 기,2018.01.01 ~ 2018.12.31,"48,931,368,271",제 19 기,2017.01.01 ~ 2017.12.31,"46,457,533,652",제 18 기,2016.01.01 ~ 2016.12.31,"50,563,821,843",62,KRW,2018
20200330002510,11011,2019,00525934,108320,CFS,연결재무제표,BS,재무상태표,유동자산,제 21 기,2019.12.31 현재,"519,232,824,508",제 20 기,2018.12.31 현재,"508,162,893,203",제 19 기,2017.12.31 현재,"497,749,253,911",1,KRW,2019
20200330002510,11011,2019,00525934,108320,CFS,연결재무제표,BS,재무상태표,비유동자산,제 21 기,2019.12.31 현재,"110,500,465,809",제 20 기,2018.12.31 현재,"99,395,412,661",제 19 기,2017.12.31 현재,"46,544,871,417",3,KRW,2019
20200330002510,11011,2019,00525934,108320,CFS,연결재무제표,BS,재무상태표,자산총계,제 21 기,2019.12.31 현재,"629,733,290,317",제 20 기,2018.12.31 현재,"607,558,305,864",제 19 기,2017.12.31 현재,"544,294,125,328",5,KRW,2019
20200330002510,11011,2019,00525934,108320,CFS,연결재무제표,BS,재무상태표,유동부채,제 21 기,2019.12.31 현재,"144,851,947,627",제 20 기,2018.12.31 현재,"155,223,703,292",제 19 기,2017.12.31 현재,"129,360,440,474",7,KRW,2019
20200330002510,11011,2019,00525934,108320,CFS,연결재무제표,BS,재무상태표,비유동부채,제 21 기,2019.12.31 현재,"12,674,547,196",제 20 기,2018.12.31 현재,"5,721,034,233",제 19 기,2017.12.31 현재,"2,708,263,242",9,KRW,2019
20200330002510,11011,2019,00525934,108320,CFS,연결재무제표,BS,재무상태표,부채총계,제 21 기,2019.12.31 현재,"157,526,494,823",제 20 기,2018.12.31 현재,"160,944,737,525",제 19 기,2017.12.31 현재,"132,068,703,716",11,KRW,2019
20200330002510,11011,2019,00525934,108320,CFS,연결재무제표,BS,재무상태표,자본금,제 21 기,2019.12.31 현재,"8,132,150,000",제 20 기,2018.12.31 현재,"8,132,150,000",제 19 기,2017.12.31 현재,"8,132,150,000",13,KRW,2019
20200330002510,11011,2019,00525934,108320,CFS,연결재무제표,BS,재무상태표,이익잉여금,제 21 기,2019.12.31 현재,"388,164,487,465",제 20 기,2018.12.31 현재,"362,625,799,686",제 19 기,2017.12.31 현재,"326,104,320,415",17,KRW,2019
20200330002510,11011,2019,00525934,108320,CFS,연결재무제표,BS,재무상태표,자본총계,제 21 기,2019.12.31 현재,"472,206,795,494",제 20 기,2018.12.31 현재,"446,613,568,339",제 19 기,2017.12.31 현재,"412,225,421,612",21,KRW,2019
20200330002510,11011,2019,00525934,108320,CFS,연결재무제표,IS,손익계산서,매출액,제 21 기,2019.01.01 ~ 2019.12.31,"867,122,049,614",제 20 기,2018.01.01 ~ 2018.12.31,"791,818,131,828",제 19 기,2017.01.01 ~ 2017.12.31,"692,761,282,198",23,KRW,2019
20200330002510,11011,2019,00525934,108320,CFS,연결재무제표,IS,손익계산서,영업이익,제 21 기,2019.01.01 ~ 2019.12.31,"47,254,627,681",제 20 기,2018.01.01 ~ 2018.12.31,"55,797,058,547",제 19 기,2017.01.01 ~ 2017.12.31,"45,521,508,802",25,KRW,2019
20200330002510,11011,2019,00525934,108320,CFS,연결재무제표,IS,손익계산서,법인세차감전 순이익,제 21 기,2019.01.01 ~ 2019.12.31,"46,887,584,155",제 20 기,2018.01.01 ~ 2018.12.31,"59,240,742,753",제 19 기,2017.01.01 ~ 2017.12.31,"48,350,131,324",27,KRW,2019
20200330002510,11011,2019,00525934,108320,CFS,연결재무제표,IS,손익계산서,당기순이익(손실),제 21 기,2019.01.01 ~ 2019.12.31,"38,538,518,233",제 20 기,2018.01.01 ~ 2018.12.31,"48,960,453,314",제 19 기,2017.01.01 ~ 2017.12.31,"47,064,354,128",29,KRW,2019
20200330002510,11011,2019,00525934,108320,CFS,연결재무제표,IS,손익계산서,당기순이익(손실),제 21 기,2019.01.01 ~ 2019.12.31,"38,538,518,233",제 20 기,2018.01.01 ~ 2018.12.31,"48,960,453,314",제 19 기,2017.01.01 ~ 2017.12.31,"47,064,354,128",61,KRW,2019
20200330002510,11011,2019,00525934,108320,OFS,재무제표,BS,재무상태표,유동자산,제 21 기,2019.12.31 현재,"517,493,203,044",제 20 기,2018.12.31 현재,"506,873,236,097",제 19 기,2017.12.31 현재,"496,552,389,629",2,KRW,2019
20200330002510,11011,2019,00525934,108320,OFS,재무제표,BS,재무상태표,비유동자산,제 21 기,2019.12.31 현재,"111,770,974,942",제 20 기,2018.12.31 현재,"100,375,583,355",제 19 기,2017.12.31 현재,"47,293,891,063",4,KRW,2019
20200330002510,11011,2019,00525934,108320,OFS,재무제표,BS,재무상태표,자산총계,제 21 기,2019.12.31 현재,"629,264,177,986",제 20 기,2018.12.31 현재,"607,248,819,452",제 19 기,2017.12.31 현재,"543,846,280,692",6,KRW,2019
20200330002510,11011,2019,00525934,108320,OFS,재무제표,BS,재무상태표,유동부채,제 21 기,2019.12.31 현재,"145,432,437,089",제 20 기,2018.12.31 현재,"155,610,549,028",제 19 기,2017.12.31 현재,"129,626,588,064",8,KRW,2019
20200330002510,11011,2019,00525934,108320,OFS,재무제표,BS,재무상태표,비유동부채,제 21 기,2019.12.31 현재,"12,674,547,196",제 20 기,2018.12.31 현재,"5,721,034,233",제 19 기,2017.12.31 현재,"2,708,263,242",10,KRW,2019
20200330002510,11011,2019,00525934,108320,OFS,재무제표,BS,재무상태표,부채총계,제 21 기,2019.12.31 현재,"158,106,984,285",제 20 기,2018.12.31 현재,"161,331,583,261",제 19 기,2017.12.31 현재,"132,334,851,306",12,KRW,2019
20200330002510,11011,2019,00525934,108320,OFS,재무제표,BS,재무상태표,자본금,제 21 기,2019.12.31 현재,"8,132,150,000",제 20 기,2018.12.31 현재,"8,132,150,000",제 19 기,2017.12.31 현재,"8,132,150,000",15,KRW,2019
20200330002510,11011,2019,00525934,108320,OFS,재무제표,BS,재무상태표,이익잉여금,제 21 기,2019.12.31 현재,"387,062,680,932",제 20 기,2018.12.31 현재,"361,822,723,422",제 19 기,2017.12.31 현재,"325,330,329,194",19,KRW,2019
20200330002510,11011,2019,00525934,108320,OFS,재무제표,BS,재무상태표,자본총계,제 21 기,2019.12.31 현재,"471,157,193,701",제 20 기,2018.12.31 현재,"445,917,236,191",제 19 기,2017.12.31 현재,"411,511,429,386",22,KRW,2019
20200330002510,11011,2019,00525934,108320,OFS,재무제표,IS,손익계산서,매출액,제 21 기,2019.01.01 ~ 2019.12.31,"867,122,049,614",제 20 기,2018.01.01 ~ 2018.12.31,"791,817,912,209",제 19 기,2017.01.01 ~ 2017.12.31,"692,756,755,514",24,KRW,2019
20200330002510,11011,2019,00525934,108320,OFS,재무제표,IS,손익계산서,영업이익,제 21 기,2019.01.01 ~ 2019.12.31,"46,810,861,529",제 20 기,2018.01.01 ~ 2018.12.31,"55,686,046,812",제 19 기,2017.01.01 ~ 2017.12.31,"44,713,713,691",26,KRW,2019
20200330002510,11011,2019,00525934,108320,OFS,재무제표,IS,손익계산서,법인세차감전 순이익,제 21 기,2019.01.01 ~ 2019.12.31,"46,553,443,075",제 20 기,2018.01.01 ~ 2018.12.31,"59,081,088,199",제 19 기,2017.01.01 ~ 2017.12.31,"47,553,290,652",28,KRW,2019
20200330002510,11011,2019,00525934,108320,OFS,재무제표,IS,손익계산서,당기순이익(손실),제 21 기,2019.01.01 ~ 2019.12.31,"38,239,787,964",제 20 기,2018.01.01 ~ 2018.12.31,"48,931,368,271",제 19 기,2017.01.01 ~ 2017.12.31,"46,457,533,652",30,KRW,2019
20200330002510,11011,2019,00525934,108320,OFS,재무제표,IS,손익계산서,당기순이익(손실),제 21 기,2019.01.01 ~ 2019.12.31,"38,239,787,964",제 20 기,2018.01.01 ~ 2018.12.31,"48,931,368,271",제 19 기,2017.01.01 ~ 2017.12.31,"46,457,533,652",62,KRW,2019
20210310001052,11011,2020,00525934,108320,CFS,연결재무제표,BS,재무상태표,유동자산,제 22 기,2020.12.31 현재,"629,332,380,326",제 21 기,2019.12.31 현재,"519,232,824,508",제 20 기,2018.12.31 현재,"508,162,893,203",1,KRW,2020
20210310001052,11011,2020,00525934,108320,CFS,연결재무제표,BS,재무상태표,비유동자산,제 22 기,2020.12.31 현재,"121,269,958,547",제 21 기,2019.12.31 현재,"110,500,465,809",제 20 기,2018.12.31 현재,"99,395,412,661",3,KRW,2020
20210310001052,11011,2020,00525934,108320,CFS,연결재무제표,BS,재무상태표,자산총계,제 22 기,2020.12.31 현재,"750,602,338,873",제 21 기,2019.12.31 현재,"629,733,290,317",제 20 기,2018.12.31 현재,"607,558,305,864",5,KRW,2020
20210310001052,11011,2020,00525934,108320,CFS,연결재무제표,BS,재무상태표,유동부채,제 22 기,2020.12.31 현재,"209,088,958,240",제 21 기,2019.12.31 현재,"144,851,947,627",제 20 기,2018.12.31 현재,"155,223,703,292",7,KRW,2020
20210310001052,11011,2020,00525934,108320,CFS,연결재무제표,BS,재무상태표,비유동부채,제 22 기,2020.12.31 현재,"9,228,876,340",제 21 기,2019.12.31 현재,"12,674,547,196",제 20 기,2018.12.31 현재,"5,721,034,233",9,KRW,2020
20210310001052,11011,2020,00525934,108320,CFS,연결재무제표,BS,재무상태표,부채총계,제 22 기,2020.12.31 현재,"218,317,834,580",제 21 기,2019.12.31 현재,"157,526,494,823",제 20 기,2018.12.31 현재,"160,944,737,525",11,KRW,2020
20210310001052,11011,2020,00525934,108320,CFS,연결재무제표,BS,재무상태표,자본금,제 22 기,2020.12.31 현재,"8,132,150,000",제 21 기,2019.12.31 현재,"8,132,150,000",제 20 기,2018.12.31 현재,"8,132,150,000",13,KRW,2020
20210310001052,11011,2020,00525934,108320,CFS,연결재무제표,BS,재무상태표,이익잉여금,제 22 기,2020.12.31 현재,"448,263,907,949",제 21 기,2019.12.31 현재,"388,164,487,465",제 20 기,2018.12.31 현재,"362,625,799,686",17,KRW,2020
20210310001052,11011,2020,00525934,108320,CFS,연결재무제표,BS,재무상태표,자본총계,제 22 기,2020.12.31 현재,"532,284,504,293",제 21 기,2019.12.31 현재,"472,206,795,494",제 20 기,2018.12.31 현재,"446,613,568,339",21,KRW,2020
20210310001052,11011,2020,00525934,108320,CFS,연결재무제표,IS,손익계산서,매출액,제 22 기,2020.01.01 ~ 2020.12.31,"1,161,896,286,020",제 21 기,2019.01.01 ~ 2019.12.31,"867,122,049,614",제 20 기,2018.01.01 ~ 2018.12.31,"791,818,131,828",23,KRW,2020
20210310001052,11011,2020,00525934,108320,CFS,연결재무제표,IS,손익계산서,영업이익,제 22 기,2020.01.01 ~ 2020.12.31,"94,226,639,156",제 21 기,2019.01.01 ~ 2019.12.31,"47,254,627,681",제 20 기,2018.01.01 ~ 2018.12.31,"55,797,058,547",25,KRW,2020
20210310001052,11011,2020,00525934,108320,CFS,연결재무제표,IS,손익계산서,법인세차감전 순이익,제 22 기,2020.01.01 ~ 2020.12.31,"90,915,231,556",제 21 기,2019.01.01 ~ 2019.12.31,"46,887,584,155",제 20 기,2018.01.01 ~ 2018.12.31,"59,240,742,753",27,KRW,2020
20210310001052,11011,2020,00525934,108320,CFS,연결재무제표,IS,손익계산서,당기순이익(손실),제 22 기,2020.01.01 ~ 2020.12.31,"72,528,910,564",제 21 기,2019.01.01 ~ 2019.12.31,"38,538,518,233",제 20 기,2018.01.01 ~ 2018.12.31,"48,960,453,314",29,KRW,2020
20210310001052,11011,2020,00525934,108320,CFS,연결재무제표,IS,손익계산서,당기순이익(손실),제 22 기,2020.01.01 ~ 2020.12.31,"72,528,910,564",제 21 기,2019.01.01 ~ 2019.12.31,"38,538,518,233",제 20 기,2018.01.01 ~ 2018.12.31,"48,960,453,314",61,KRW,2020
20210310001052,11011,2020,00525934,108320,OFS,재무제표,BS,재무상태표,유동자산,제 22 기,2020.12.31 현재,"627,616,746,055",제 21 기,2019.12.31 현재,"517,493,203,044",제 20 기,2018.12.31 현재,"506,873,236,097",2,KRW,2020
20210310001052,11011,2020,00525934,108320,OFS,재무제표,BS,재무상태표,비유동자산,제 22 기,2020.12.31 현재,"122,271,171,730",제 21 기,2019.12.31 현재,"111,770,974,942",제 20 기,2018.12.31 현재,"100,375,583,355",4,KRW,2020
20210310001052,11011,2020,00525934,108320,OFS,재무제표,BS,재무상태표,자산총계,제 22 기,2020.12.31 현재,"749,887,917,785",제 21 기,2019.12.31 현재,"629,264,177,986",제 20 기,2018.12.31 현재,"607,248,819,452",6,KRW,2020
20210310001052,11011,2020,00525934,108320,OFS,재무제표,BS,재무상태표,유동부채,제 22 기,2020.12.31 현재,"209,674,814,791",제 21 기,2019.12.31 현재,"145,432,437,089",제 20 기,2018.12.31 현재,"155,610,549,028",8,KRW,2020
20210310001052,11011,2020,00525934,108320,OFS,재무제표,BS,재무상태표,비유동부채,제 22 기,2020.12.31 현재,"9,194,692,925",제 21 기,2019.12.31 현재,"12,674,547,196",제 20 기,2018.12.31 현재,"5,721,034,233",10,KRW,2020
20210310001052,11011,2020,00525934,108320,OFS,재무제표,BS,재무상태표,부채총계,제 22 기,2020.12.31 현재,"218,869,507,716",제 21 기,2019.12.31 현재,"158,106,984,285",제 20 기,2018.12.31 현재,"161,331,583,261",12,KRW,2020
20210310001052,11011,2020,00525934,108320,OFS,재무제표,BS,재무상태표,자본금,제 22 기,2020.12.31 현재,"8,132,150,000",제 21 기,2019.12.31 현재,"8,132,150,000",제 20 기,2018.12.31 현재,"8,132,150,000",15,KRW,2020
20210310001052,11011,2020,00525934,108320,OFS,재무제표,BS,재무상태표,이익잉여금,제 22 기,2020.12.31 현재,"446,923,897,300",제 21 기,2019.12.31 현재,"387,062,680,932",제 20 기,2018.12.31 현재,"361,822,723,422",19,KRW,2020
20210310001052,11011,2020,00525934,108320,OFS,재무제표,BS,재무상태표,자본총계,제 22 기,2020.12.31 현재,"531,018,410,069",제 21 기,2019.12.31 현재,"471,157,193,701",제 20 기,2018.12.31 현재,"445,917,236,191",22,KRW,2020
20210310001052,11011,2020,00525934,108320,OFS,재무제표,IS,손익계산서,매출액,제 22 기,2020.01.01 ~ 2020.12.31,"1,161,896,286,020",제 21 기,2019.01.01 ~ 2019.12.31,"867,122,049,614",제 20 기,2018.01.01 ~ 2018.12.31,"791,817,912,209",24,KRW,2020
20210310001052,11011,2020,00525934,108320,OFS,재무제표,IS,손익계산서,영업이익,제 22 기,2020.01.01 ~ 2020.12.31,"93,723,261,464",제 21 기,2019.01.01 ~ 2019.12.31,"46,810,861,529",제 20 기,2018.01.01 ~ 2018.12.31,"55,686,046,812",26,KRW,2020
20210310001052,11011,2020,00525934,108320,OFS,재무제표,IS,손익계산서,법인세차감전 순이익,제 22 기,2020.01.01 ~ 2020.12.31,"90,626,269,208",제 21 기,2019.01.01 ~ 2019.12.31,"46,553,443,075",제 20 기,2018.01.01 ~ 2018.12.31,"59,081,088,199",28,KRW,2020
20210310001052,11011,2020,00525934,108320,OFS,재무제표,IS,손익계산서,당기순이익(손실),제 22 기,2020.01.01 ~ 2020.12.31,"72,290,706,448",제 21 기,2019.01.01 ~ 2019.12.31,"38,239,787,964",제 20 기,2018.01.01 ~ 2018.12.31,"48,931,368,271",30,KRW,2020
20210310001052,11011,2020,00525934,108320,OFS,재무제표,IS,손익계산서,당기순이익(손실),제 22 기,2020.01.01 ~ 2020.12.31,"72,290,706,448",제 21 기,2019.01.01 ~ 2019.12.31,"38,239,787,964",제 20 기,2018.01.01 ~ 2018.12.31,"48,931,368,271",62,KRW,2020
20220314000950,11011,2021,00525934,108320,CFS,연결재무제표,BS,재무상태표,유동자산,제 23 기,2021.12.31 현재,"1,031,063,337,504",제 22 기,2020.12.31 현재,"629,332,380,326",제 21 기,2019.12.31 현재,"519,232,824,508",1,KRW,2021
20220314000950,11011,2021,00525934,108320,CFS,연결재무제표,BS,재무상태표,비유동자산,제 23 기,2021.12.31 현재,"141,467,644,416",제 22 기,2020.12.31 현재,"121,269,958,547",제 21 기,2019.12.31 현재,"110,500,465,809",3,KRW,2021
20220314000950,11011,2021,00525934,108320,CFS,연결재무제표,BS,재무상태표,자산총계,제 23 기,2021.12.31 현재,"1,172,530,981,920",제 22 기,2020.12.31 현재,"750,602,338,873",제 21 기,2019.12.31 현재,"629,733,290,317",5,KRW,2021
20220314000950,11011,2021,00525934,108320,CFS,연결재무제표,BS,재무상태표,유동부채,제 23 기,2021.12.31 현재,"363,583,458,447",제 22 기,2020.12.31 현재,"209,088,958,240",제 21 기,2019.12.31 현재,"144,851,947,627",7,KRW,2021
20220314000950,11011,2021,00525934,108320,CFS,연결재무제표,BS,재무상태표,비유동부채,제 23 기,2021.12.31 현재,"8,614,815,226",제 22 기,2020.12.31 현재,"9,228,876,340",제 21 기,2019.12.31 현재,"12,674,547,196",9,KRW,2021
20220314000950,11011,2021,00525934,108320,CFS,연결재무제표,BS,재무상태표,부채총계,제 23 기,2021.12.31 현재,"372,198,273,673",제 22 기,2020.12.31 현재,"218,317,834,580",제 21 기,2019.12.31 현재,"157,526,494,823",11,KRW,2021
20220314000950,11011,2021,00525934,108320,CFS,연결재무제표,BS,재무상태표,자본금,제 23 기,2021.12.31 현재,"8,132,150,000",제 22 기,2020.12.31 현재,"8,132,150,000",제 21 기,2019.12.31 현재,"8,132,150,000",13,KRW,2021
20220314000950,11011,2021,00525934,108320,CFS,연결재무제표,BS,재무상태표,이익잉여금,제 23 기,2021.12.31 현재,"715,842,084,032",제 22 기,2020.12.31 현재,"448,263,907,949",제 21 기,2019.12.31 현재,"388,164,487,465",17,KRW,2021
20220314000950,11011,2021,00525934,108320,CFS,연결재무제표,BS,재무상태표,자본총계,제 23 기,2021.12.31 현재,"800,332,708,247",제 22 기,2020.12.31 현재,"532,284,504,293",제 21 기,2019.12.31 현재,"472,206,795,494",21,KRW,2021
20220314000950,11011,2021,00525934,108320,CFS,연결재무제표,IS,손익계산서,매출액,제 23 기,2021.01.01 ~ 2021.12.31,"1,898,845,716,028",제 22 기,2020.01.01 ~ 2020.12.31,"1,161,896,286,020",제 21 기,2019.01.01 ~ 2019.12.31,"867,122,049,614",23,KRW,2021
20220314000950,11011,2021,00525934,108320,CFS,연결재무제표,IS,손익계산서,영업이익,제 23 기,2021.01.01 ~ 2021.12.31,"369,621,952,134",제 22 기,2020.01.01 ~ 2020.12.31,"94,226,639,156",제 21 기,2019.01.01 ~ 2019.12.31,"47,254,627,681",25,KRW,2021
20220314000950,11011,2021,00525934,108320,CFS,연결재무제표,IS,손익계산서,법인세차감전 순이익,제 23 기,2021.01.01 ~ 2021.12.31,"380,676,348,598",제 22 기,2020.01.01 ~ 2020.12.31,"90,915,231,556",제 21 기,2019.01.01 ~ 2019.12.31,"46,887,584,155",27,KRW,2021
20220314000950,11011,2021,00525934,108320,CFS,연결재무제표,IS,손익계산서,당기순이익(손실),제 23 기,2021.01.01 ~ 2021.12.31,"296,424,020,561",제 22 기,2020.01.01 ~ 2020.12.31,"72,528,910,564",제 21 기,2019.01.01 ~ 2019.12.31,"38,538,518,233",29,KRW,2021
20220314000950,11011,2021,00525934,108320,CFS,연결재무제표,IS,손익계산서,당기순이익(손실),제 23 기,2021.01.01 ~ 2021.12.31,"296,424,020,561",제 22 기,2020.01.01 ~ 2020.12.31,"72,528,910,564",제 21 기,2019.01.01 ~ 2019.12.31,"38,538,518,233",61,KRW,2021
20220314000950,11011,2021,00525934,108320,OFS,재무제표,BS,재무상태표,유동자산,제 23 기,2021.12.31 현재,"1,028,631,447,764",제 22 기,2020.12.31 현재,"627,616,746,055",제 21 기,2019.12.31 현재,"517,493,203,044",2,KRW,2021
20220314000950,11011,2021,00525934,108320,OFS,재무제표,BS,재무상태표,비유동자산,제 23 기,2021.12.31 현재,"140,902,576,244",제 22 기,2020.12.31 현재,"122,271,171,730",제 21 기,2019.12.31 현재,"111,770,974,942",4,KRW,2021
20220314000950,11011,2021,00525934,108320,OFS,재무제표,BS,재무상태표,자산총계,제 23 기,2021.12.31 현재,"1,169,534,024,008",제 22 기,2020.12.31 현재,"749,887,917,785",제 21 기,2019.12.31 현재,"629,264,177,986",6,KRW,2021
20220314000950,11011,2021,00525934,108320,OFS,재무제표,BS,재무상태표,유동부채,제 23 기,2021.12.31 현재,"363,972,864,359",제 22 기,2020.12.31 현재,"209,674,814,791",제 21 기,2019.12.31 현재,"145,432,437,089",8,KRW,2021
20220314000950,11011,2021,00525934,108320,OFS,재무제표,BS,재무상태표,비유동부채,제 23 기,2021.12.31 현재,"8,490,973,912",제 22 기,2020.12.31 현재,"9,194,692,925",제 21 기,2019.12.31 현재,"12,674,547,196",10,KRW,2021
20220314000950,11011,2021,00525934,108320,OFS,재무제표,BS,재무상태표,부채총계,제 23 기,2021.12.31 현재,"372,463,838,271",제 22 기,2020.12.31 현재,"218,869,507,716",제 21 기,2019.12.31 현재,"158,106,984,285",12,KRW,2021
20220314000950,11011,2021,00525934,108320,OFS,재무제표,BS,재무상태표,자본금,제 23 기,2021.12.31 현재,"8,132,150,000",제 22 기,2020.12.31 현재,"8,132,150,000",제 21 기,2019.12.31 현재,"8,132,150,000",15,KRW,2021
20220314000950,11011,2021,00525934,108320,OFS,재무제표,BS,재무상태표,이익잉여금,제 23 기,2021.12.31 현재,"712,975,672,968",제 22 기,2020.12.31 현재,"446,923,897,300",제 21 기,2019.12.31 현재,"387,062,680,932",19,KRW,2021
20220314000950,11011,2021,00525934,108320,OFS,재무제표,BS,재무상태표,자본총계,제 23 기,2021.12.31 현재,"797,070,185,737",제 22 기,2020.12.31 현재,"531,018,410,069",제 21 기,2019.12.31 현재,"471,157,193,701",22,KRW,2021
20220314000950,11011,2021,00525934,108320,OFS,재무제표,IS,손익계산서,매출액,제 23 기,2021.01.01 ~ 2021.12.31,"1,898,845,716,028",제 22 기,2020.01.01 ~ 2020.12.31,"1,161,896,286,020",제 21 기,2019.01.01 ~ 2019.12.31,"867,122,049,614",24,KRW,2021
20220314000950,11011,2021,00525934,108320,OFS,재무제표,IS,손익계산서,영업이익,제 23 기,2021.01.01 ~ 2021.12.31,"368,629,566,536",제 22 기,2020.01.01 ~ 2020.12.31,"93,723,261,464",제 21 기,2019.01.01 ~ 2019.12.31,"46,810,861,529",26,KRW,2021
20220314000950,11011,2021,00525934,108320,OFS,재무제표,IS,손익계산서,법인세차감전 순이익,제 23 기,2021.01.01 ~ 2021.12.31,"378,880,153,809",제 22 기,2020.01.01 ~ 2020.12.31,"90,626,269,208",제 21 기,2019.01.01 ~ 2019.12.31,"46,553,443,075",28,KRW,2021
20220314000950,11011,2021,00525934,108320,OFS,재무제표,IS,손익계산서,당기순이익(손실),제 23 기,2021.01.01 ~ 2021.12.31,"294,897,620,146",제 22 기,2020.01.01 ~ 2020.12.31,"72,290,706,448",제 21 기,2019.01.01 ~ 2019.12.31,"38,239,787,964",30,KRW,2021
20220314000950,11011,2021,00525934,108320,OFS,재무제표,IS,손익계산서,당기순이익(손실),제 23 기,2021.01.01 ~ 2021.12.31,"294,897,620,146",제 22 기,2020.01.01 ~ 2020.12.31,"72,290,706,448",제 21 기,2019.01.01 ~ 2019.12.31,"38,239,787,964",62,KRW,2021
20230315001207,11011,2022,00525934,108320,CFS,연결재무제표,BS,재무상태표,유동자산,제 24 기,2022.12.31 현재,"1,009,649,198,828",제 23 기,2021.12.31 현재,"1,031,063,337,504",제 22 기,2020.12.31 현재,"629,332,380,326",1,KRW,2022
20230315001207,11011,2022,00525934,108320,CFS,연결재무제표,BS,재무상태표,비유동자산,제 24 기,2022.12.31 현재,"279,969,343,305",제 23 기,2021.12.31 현재,"141,467,644,416",제 22 기,2020.12.31 현재,"121,269,958,547",3,KRW,2022
20230315001207,11011,2022,00525934,108320,CFS,연결재무제표,BS,재무상태표,자산총계,제 24 기,2022.12.31 현재,"1,289,618,542,133",제 23 기,2021.12.31 현재,"1,172,530,981,920",제 22 기,2020.12.31 현재,"750,602,338,873",5,KRW,2022
20230315001207,11011,2022,00525934,108320,CFS,연결재무제표,BS,재무상태표,유동부채,제 24 기,2022.12.31 현재,"324,401,670,974",제 23 기,2021.12.31 현재,"363,583,458,447",제 22 기,2020.12.31 현재,"209,088,958,240",7,KRW,2022
20230315001207,11011,2022,00525934,108320,CFS,연결재무제표,BS,재무상태표,비유동부채,제 24 기,2022.12.31 현재,"14,856,222,405",제 23 기,2021.12.31 현재,"8,614,815,226",제 22 기,2020.12.31 현재,"9,228,876,340",9,KRW,2022
20230315001207,11011,2022,00525934,108320,CFS,연결재무제표,BS,재무상태표,부채총계,제 24 기,2022.12.31 현재,"339,257,893,379",제 23 기,2021.12.31 현재,"372,198,273,673",제 22 기,2020.12.31 현재,"218,317,834,580",11,KRW,2022
20230315001207,11011,2022,00525934,108320,CFS,연결재무제표,BS,재무상태표,자본금,제 24 기,2022.12.31 현재,"8,132,150,000",제 23 기,2021.12.31 현재,"8,132,150,000",제 22 기,2020.12.31 현재,"8,132,150,000",13,KRW,2022
20230315001207,11011,2022,00525934,108320,CFS,연결재무제표,BS,재무상태표,이익잉여금,제 24 기,2022.12.31 현재,"866,667,038,865",제 23 기,2021.12.31 현재,"715,842,084,032",제 22 기,2020.12.31 현재,"448,263,907,949",17,KRW,2022
20230315001207,11011,2022,00525934,108320,CFS,연결재무제표,BS,재무상태표,자본총계,제 24 기,2022.12.31 현재,"950,360,648,754",제 23 기,2021.12.31 현재,"800,332,708,247",제 22 기,2020.12.31 현재,"532,284,504,293",21,KRW,2022
20230315001207,11011,2022,00525934,108320,CFS,연결재무제표,IS,손익계산서,매출액,제 24 기,2022.01.01 ~ 2022.12.31,"2,119,345,363,613",제 23 기,2021.01.01 ~ 2021.12.31,"1,898,845,716,028",제 22 기,2020.01.01 ~ 2020.12.31,"1,161,896,286,020",23,KRW,2022
20230315001207,11011,2022,00525934,108320,CFS,연결재무제표,IS,손익계산서,영업이익,제 24 기,2022.01.01 ~ 2022.12.31,"310,623,962,750",제 23 기,2021.01.01 ~ 2021.12.31,"369,621,952,134",제 22 기,2020.01.01 ~ 2020.12.31,"94,226,639,156",25,KRW,2022
20230315001207,11011,2022,00525934,108320,CFS,연결재무제표,IS,손익계산서,법인세차감전 순이익,제 24 기,2022.01.01 ~ 2022.12.31,"303,970,572,150",제 23 기,2021.01.01 ~ 2021.12.31,"380,676,348,598",제 22 기,2020.01.01 ~ 2020.12.31,"90,915,231,556",27,KRW,2022
20230315001207,11011,2022,00525934,108320,CFS,연결재무제표,IS,손익계산서,당기순이익(손실),제 24 기,2022.01.01 ~ 2022.12.31,"233,692,540,409",제 23 기,2021.01.01 ~ 2021.12.31,"296,424,020,561",제 22 기,2020.01.01 ~ 2020.12.31,"72,528,910,564",29,KRW,2022
20230315001207,11011,2022,00525934,108320,CFS,연결재무제표,IS,손익계산서,당기순이익(손실),제 24 기,2022.01.01 ~ 2022.12.31,"233,692,540,409",제 23 기,2021.01.01 ~ 2021.12.31,"296,424,020,561",제 22 기,2020.01.01 ~ 2020.12.31,"72,528,910,564",61,KRW,2022
20230315001207,11011,2022,00525934,108320,OFS,재무제표,BS,재무상태표,유동자산,제 24 기,2022.12.31 현재,"1,006,088,865,246",제 23 기,2021.12.31 현재,"1,028,631,447,764",제 22 기,2020.12.31 현재,"627,616,746,055",2,KRW,2022
20230315001207,11011,2022,00525934,108320,OFS,재무제표,BS,재무상태표,비유동자산,제 24 기,2022.12.31 현재,"276,313,175,716",제 23 기,2021.12.31 현재,"140,902,576,244",제 22 기,2020.12.31 현재,"122,271,171,730",4,KRW,2022
20230315001207,11011,2022,00525934,108320,OFS,재무제표,BS,재무상태표,자산총계,제 24 기,2022.12.31 현재,"1,282,402,040,962",제 23 기,2021.12.31 현재,"1,169,534,024,008",제 22 기,2020.12.31 현재,"749,887,917,785",6,KRW,2022
20230315001207,11011,2022,00525934,108320,OFS,재무제표,BS,재무상태표,유동부채,제 24 기,2022.12.31 현재,"324,485,362,868",제 23 기,2021.12.31 현재,"363,972,864,359",제 22 기,2020.12.31 현재,"209,674,814,791",8,KRW,2022
20230315001207,11011,2022,00525934,108320,OFS,재무제표,BS,재무상태표,비유동부채,제 24 기,2022.12.31 현재,"13,106,438,967",제 23 기,2021.12.31 현재,"8,490,973,912",제 22 기,2020.12.31 현재,"9,194,692,925",10,KRW,2022
20230315001207,11011,2022,00525934,108320,OFS,재무제표,BS,재무상태표,부채총계,제 24 기,2022.12.31 현재,"337,591,801,835",제 23 기,2021.12.31 현재,"372,463,838,271",제 22 기,2020.12.31 현재,"218,869,507,716",12,KRW,2022
20230315001207,11011,2022,00525934,108320,OFS,재무제표,BS,재무상태표,자본금,제 24 기,2022.12.31 현재,"8,132,150,000",제 23 기,2021.12.31 현재,"8,132,150,000",제 22 기,2020.12.31 현재,"8,132,150,000",15,KRW,2022
20230315001207,11011,2022,00525934,108320,OFS,재무제표,BS,재무상태표,이익잉여금,제 24 기,2022.12.31 현재,"860,715,726,358",제 23 기,2021.12.31 현재,"712,975,672,968",제 22 기,2020.12.31 현재,"446,923,897,300",19,KRW,2022
20230315001207,11011,2022,00525934,108320,OFS,재무제표,BS,재무상태표,자본총계,제 24 기,2022.12.31 현재,"944,810,239,127",제 23 기,2021.12.31 현재,"797,070,185,737",제 22 기,2020.12.31 현재,"531,018,410,069",22,KRW,2022
20230315001207,11011,2022,00525934,108320,OFS,재무제표,IS,손익계산서,매출액,제 24 기,2022.01.01 ~ 2022.12.31,"2,119,345,363,613",제 23 기,2021.01.01 ~ 2021.12.31,"1,898,845,716,028",제 22 기,2020.01.01 ~ 2020.12.31,"1,161,896,286,020",24,KRW,2022
20230315001207,11011,2022,00525934,108320,OFS,재무제표,IS,손익계산서,영업이익,제 24 기,2022.01.01 ~ 2022.12.31,"309,045,576,520",제 23 기,2021.01.01 ~ 2021.12.31,"368,629,566,536",제 22 기,2020.01.01 ~ 2020.12.31,"93,723,261,464",26,KRW,2022
20230315001207,11011,2022,00525934,108320,OFS,재무제표,IS,손익계산서,법인세차감전 순이익,제 24 기,2022.01.01 ~ 2022.12.31,"300,454,086,161",제 23 기,2021.01.01 ~ 2021.12.31,"378,880,153,809",제 22 기,2020.01.01 ~ 2020.12.31,"90,626,269,208",28,KRW,2022
20230315001207,11011,2022,00525934,108320,OFS,재무제표,IS,손익계산서,당기순이익(손실),제 24 기,2022.01.01 ~ 2022.12.31,"230,607,638,966",제 23 기,2021.01.01 ~ 2021.12.31,"294,897,620,146",제 22 기,2020.01.01 ~ 2020.12.31,"72,290,706,448",30,KRW,2022
20230315001207,11011,2022,00525934,108320,OFS,재무제표,IS,손익계산서,당기순이익(손실),제 24 기,2022.01.01 ~ 2022.12.31,"230,607,638,966",제 23 기,2021.01.01 ~ 2021.12.31,"294,897,620,146",제 22 기,2020.01.01 ~ 2020.12.31,"72,290,706,448",62,KRW,2022
20240313001269,11011,2023,00525934,108320,CFS,연결재무제표,BS,재무상태표,유동자산,제 25 기,2023.12.31 현재,"902,885,508,054",제 24 기,2022.12.31 현재,"1,009,649,198,828",제 23 기,2021.12.31 현재,"1,031,063,337,504",1,KRW,2023
20240313001269,11011,2023,00525934,108320,CFS,연결재무제표,BS,재무상태표,비유동자산,제 25 기,2023.12.31 현재,"302,179,436,683",제 24 기,2022.12.31 현재,"279,969,343,305",제 23 기,2021.12.31 현재,"141,467,644,416",3,KRW,2023
20240313001269,11011,2023,00525934,108320,CFS,연결재무제표,BS,재무상태표,자산총계,제 25 기,2023.12.31 현재,"1,205,064,944,737",제 24 기,2022.12.31 현재,"1,289,618,542,133",제 23 기,2021.12.31 현재,"1,172,530,981,920",5,KRW,2023
20240313001269,11011,2023,00525934,108320,CFS,연결재무제표,BS,재무상태표,유동부채,제 25 기,2023.12.31 현재,"207,337,013,241",제 24 기,2022.12.31 현재,"324,401,670,974",제 23 기,2021.12.31 현재,"363,583,458,447",7,KRW,2023
20240313001269,11011,2023,00525934,108320,CFS,연결재무제표,BS,재무상태표,비유동부채,제 25 기,2023.12.31 현재,"20,964,194,264",제 24 기,2022.12.31 현재,"14,856,222,405",제 23 기,2021.12.31 현재,"8,614,815,226",9,KRW,2023
20240313001269,11011,2023,00525934,108320,CFS,연결재무제표,BS,재무상태표,부채총계,제 25 기,2023.12.31 현재,"228,301,207,505",제 24 기,2022.12.31 현재,"339,257,893,379",제 23 기,2021.12.31 현재,"372,198,273,673",11,KRW,2023
20240313001269,11011,2023,00525934,108320,CFS,연결재무제표,BS,재무상태표,자본금,제 25 기,2023.12.31 현재,"8,132,150,000",제 24 기,2022.12.31 현재,"8,132,150,000",제 23 기,2021.12.31 현재,"8,132,150,000",13,KRW,2023
20240313001269,11011,2023,00525934,108320,CFS,연결재무제표,BS,재무상태표,이익잉여금,제 25 기,2023.12.31 현재,"893,361,335,387",제 24 기,2022.12.31 현재,"866,667,038,865",제 23 기,2021.12.31 현재,"715,842,084,032",17,KRW,2023
20240313001269,11011,2023,00525934,108320,CFS,연결재무제표,BS,재무상태표,자본총계,제 25 기,2023.12.31 현재,"976,763,737,232",제 24 기,2022.12.31 현재,"950,360,648,754",제 23 기,2021.12.31 현재,"800,332,708,247",21,KRW,2023
20240313001269,11011,2023,00525934,108320,CFS,연결재무제표,IS,손익계산서,매출액,제 25 기,2023.01.01 ~ 2023.12.31,"1,901,444,975,029",제 24 기,2022.01.01 ~ 2022.12.31,"2,119,345,363,613",제 23 기,2021.01.01 ~ 2021.12.31,"1,898,845,716,028",23,KRW,2023
20240313001269,11011,2023,00525934,108320,CFS,연결재무제표,IS,손익계산서,영업이익,제 25 기,2023.01.01 ~ 2023.12.31,"129,035,656,339",제 24 기,2022.01.01 ~ 2022.12.31,"310,623,962,750",제 23 기,2021.01.01 ~ 2021.12.31,"369,621,952,134",25,KRW,2023
20240313001269,11011,2023,00525934,108320,CFS,연결재무제표,IS,손익계산서,법인세차감전 순이익,제 25 기,2023.01.01 ~ 2023.12.31,"126,286,509,031",제 24 기,2022.01.01 ~ 2022.12.31,"303,970,572,150",제 23 기,2021.01.01 ~ 2021.12.31,"380,676,348,598",27,KRW,2023
20240313001269,11011,2023,00525934,108320,CFS,연결재무제표,IS,손익계산서,당기순이익(손실),제 25 기,2023.01.01 ~ 2023.12.31,"101,203,533,006",제 24 기,2022.01.01 ~ 2022.12.31,"233,692,540,409",제 23 기,2021.01.01 ~ 2021.12.31,"296,424,020,561",29,KRW,2023
20240313001269,11011,2023,00525934,108320,CFS,연결재무제표,IS,손익계산서,당기순이익(손실),제 25 기,2023.01.01 ~ 2023.12.31,"101,203,533,006",제 24 기,2022.01.01 ~ 2022.12.31,"233,692,540,409",제 23 기,2021.01.01 ~ 2021.12.31,"296,424,020,561",61,KRW,2023
20240313001269,11011,2023,00525934,108320,CFS,연결재무제표,IS,손익계산서,총포괄손익,제 25 기,2023.01.01 ~ 2023.12.31,"99,592,438,478",제 24 기,2022.01.01 ~ 2022.12.31,"237,855,160,507",제 23 기,2021.01.01 ~ 2021.12.31,"290,005,008,954",63,KRW,2023
20240313001269,11011,2023,00525934,108320,OFS,재무제표,BS,재무상태표,유동자산,제 25 기,2023.12.31 현재,"897,567,662,023",제 24 기,2022.12.31 현재,"1,006,088,865,246",제 23 기,2021.12.31 현재,"1,028,631,447,764",2,KRW,2023
20240313001269,11011,2023,00525934,108320,OFS,재무제표,BS,재무상태표,비유동자산,제 25 기,2023.12.31 현재,"298,120,505,199",제 24 기,2022.12.31 현재,"276,313,175,716",제 23 기,2021.12.31 현재,"140,902,576,244",4,KRW,2023
20240313001269,11011,2023,00525934,108320,OFS,재무제표,BS,재무상태표,자산총계,제 25 기,2023.12.31 현재,"1,195,688,167,222",제 24 기,2022.12.31 현재,"1,282,402,040,962",제 23 기,2021.12.31 현재,"1,169,534,024,008",6,KRW,2023
20240313001269,11011,2023,00525934,108320,OFS,재무제표,BS,재무상태표,유동부채,제 25 기,2023.12.31 현재,"208,177,134,196",제 24 기,2022.12.31 현재,"324,485,362,868",제 23 기,2021.12.31 현재,"363,972,864,359",8,KRW,2023
20240313001269,11011,2023,00525934,108320,OFS,재무제표,BS,재무상태표,비유동부채,제 25 기,2023.12.31 현재,"19,893,642,382",제 24 기,2022.12.31 현재,"13,106,438,967",제 23 기,2021.12.31 현재,"8,490,973,912",10,KRW,2023
20240313001269,11011,2023,00525934,108320,OFS,재무제표,BS,재무상태표,부채총계,제 25 기,2023.12.31 현재,"228,070,776,578",제 24 기,2022.12.31 현재,"337,591,801,835",제 23 기,2021.12.31 현재,"372,463,838,271",12,KRW,2023
20240313001269,11011,2023,00525934,108320,OFS,재무제표,BS,재무상태표,자본금,제 25 기,2023.12.31 현재,"8,132,150,000",제 24 기,2022.12.31 현재,"8,132,150,000",제 23 기,2021.12.31 현재,"8,132,150,000",15,KRW,2023
20240313001269,11011,2023,00525934,108320,OFS,재무제표,BS,재무상태표,이익잉여금,제 25 기,2023.12.31 현재,"883,522,877,875",제 24 기,2022.12.31 현재,"860,715,726,358",제 23 기,2021.12.31 현재,"712,975,672,968",19,KRW,2023
20240313001269,11011,2023,00525934,108320,OFS,재무제표,BS,재무상태표,자본총계,제 25 기,2023.12.31 현재,"967,617,390,644",제 24 기,2022.12.31 현재,"944,810,239,127",제 23 기,2021.12.31 현재,"797,070,185,737",22,KRW,2023
20240313001269,11011,2023,00525934,108320,OFS,재무제표,IS,손익계산서,매출액,제 25 기,2023.01.01 ~ 2023.12.31,"1,901,444,975,029",제 24 기,2022.01.01 ~ 2022.12.31,"2,119,345,363,613",제 23 기,2021.01.01 ~ 2021.12.31,"1,898,845,716,028",24,KRW,2023
20240313001269,11011,2023,00525934,108320,OFS,재무제표,IS,손익계산서,영업이익,제 25 기,2023.01.01 ~ 2023.12.31,"126,624,244,171",제 24 기,2022.01.01 ~ 2022.12.31,"309,045,576,520",제 23 기,2021.01.01 ~ 2021.12.31,"368,629,566,536",26,KRW,2023
20240313001269,11011,2023,00525934,108320,OFS,재무제표,IS,손익계산서,법인세차감전 순이익,제 25 기,2023.01.01 ~ 2023.12.31,"121,161,965,666",제 24 기,2022.01.01 ~ 2022.12.31,"300,454,086,161",제 23 기,2021.01.01 ~ 2021.12.31,"378,880,153,809",28,KRW,2023
20240313001269,11011,2023,00525934,108320,OFS,재무제표,IS,손익계산서,당기순이익(손실),제 25 기,2023.01.01 ~ 2023.12.31,"97,316,388,001",제 24 기,2022.01.01 ~ 2022.12.31,"230,607,638,966",제 23 기,2021.01.01 ~ 2021.12.31,"294,897,620,146",30,KRW,2023
20240313001269,11011,2023,00525934,108320,OFS,재무제표,IS,손익계산서,당기순이익(손실),제 25 기,2023.01.01 ~ 2023.12.31,"97,316,388,001",제 24 기,2022.01.01 ~ 2022.12.31,"230,607,638,966",제 23 기,2021.01.01 ~ 2021.12.31,"294,897,620,146",62,KRW,2023
20240313001269,11011,2023,00525934,108320,OFS,재무제표,IS,손익계산서,총포괄손익,제 25 기,2023.01.01 ~ 2023.12.31,"95,996,501,517",제 24 기,2022.01.01 ~ 2022.12.31,"235,567,273,390",제 23 기,2021.01.01 ~ 2021.12.31,"288,008,580,668",64,KRW,2023
20250312001059,11011,2024,00525934,108320,CFS,연결재무제표,BS,재무상태표,유동자산,제 26 기,2024.12.31 현재,"1,124,302,602,321",제 25 기,2023.12.31 현재,"902,885,508,054",제 24 기,2022.12.31 현재,"1,009,649,198,828",1,KRW,2024
20250312001059,11011,2024,00525934,108320,CFS,연결재무제표,BS,재무상태표,비유동자산,제 26 기,2024.12.31 현재,"375,499,346,539",제 25 기,2023.12.31 현재,"302,179,436,683",제 24 기,2022.12.31 현재,"279,969,343,305",3,KRW,2024
20250312001059,11011,2024,00525934,108320,CFS,연결재무제표,BS,재무상태표,자산총계,제 26 기,2024.12.31 현재,"1,499,801,948,860",제 25 기,2023.12.31 현재,"1,205,064,944,737",제 24 기,2022.12.31 현재,"1,289,618,542,133",5,KRW,2024
20250312001059,11011,2024,00525934,108320,CFS,연결재무제표,BS,재무상태표,유동부채,제 26 기,2024.12.31 현재,"351,838,480,250",제 25 기,2023.12.31 현재,"207,337,013,241",제 24 기,2022.12.31 현재,"324,401,670,974",7,KRW,2024
20250312001059,11011,2024,00525934,108320,CFS,연결재무제표,BS,재무상태표,비유동부채,제 26 기,2024.12.31 현재,"68,376,942,104",제 25 기,2023.12.31 현재,"20,964,194,264",제 24 기,2022.12.31 현재,"14,856,222,405",9,KRW,2024
20250312001059,11011,2024,00525934,108320,CFS,연결재무제표,BS,재무상태표,부채총계,제 26 기,2024.12.31 현재,"420,215,422,354",제 25 기,2023.12.31 현재,"228,301,207,505",제 24 기,2022.12.31 현재,"339,257,893,379",11,KRW,2024
20250312001059,11011,2024,00525934,108320,CFS,연결재무제표,BS,재무상태표,자본금,제 26 기,2024.12.31 현재,"8,132,150,000",제 25 기,2023.12.31 현재,"8,132,150,000",제 24 기,2022.12.31 현재,"8,132,150,000",13,KRW,2024
20250312001059,11011,2024,00525934,108320,CFS,연결재무제표,BS,재무상태표,이익잉여금,제 26 기,2024.12.31 현재,"994,959,607,809",제 25 기,2023.12.31 현재,"893,361,335,387",제 24 기,2022.12.31 현재,"866,667,038,865",17,KRW,2024
20250312001059,11011,2024,00525934,108320,CFS,연결재무제표,BS,재무상태표,자본총계,제 26 기,2024.12.31 현재,"1,079,586,526,506",제 25 기,2023.12.31 현재,"976,763,737,232",제 24 기,2022.12.31 현재,"950,360,648,754",21,KRW,2024
20250312001059,11011,2024,00525934,108320,CFS,연결재무제표,IS,손익계산서,매출액,제 26 기,2024.01.01 ~ 2024.12.31,"1,865,621,538,499",제 25 기,2023.01.01 ~ 2023.12.31,"1,901,444,975,029",제 24 기,2022.01.01 ~ 2022.12.31,"2,119,345,363,613",23,KRW,2024
20250312001059,11011,2024,00525934,108320,CFS,연결재무제표,IS,손익계산서,영업이익,제 26 기,2024.01.01 ~ 2024.12.31,"167,076,803,816",제 25 기,2023.01.01 ~ 2023.12.31,"129,035,656,339",제 24 기,2022.01.01 ~ 2022.12.31,"310,623,962,750",25,KRW,2024
20250312001059,11011,2024,00525934,108320,CFS,연결재무제표,IS,손익계산서,법인세차감전 순이익,제 26 기,2024.01.01 ~ 2024.12.31,"167,995,704,701",제 25 기,2023.01.01 ~ 2023.12.31,"126,286,509,031",제 24 기,2022.01.01 ~ 2022.12.31,"303,970,572,150",27,KRW,2024
20250312001059,11011,2024,00525934,108320,CFS,연결재무제표,IS,손익계산서,당기순이익(손실),제 26 기,2024.01.01 ~ 2024.12.31,"130,509,153,930",제 25 기,2023.01.01 ~ 2023.12.31,"101,203,533,006",제 24 기,2022.01.01 ~ 2022.12.31,"233,692,540,409",29,KRW,2024
20250312001059,11011,2024,00525934,108320,CFS,연결재무제표,IS,손익계산서,당기순이익(손실),제 26 기,2024.01.01 ~ 2024.12.31,"130,509,153,930",제 25 기,2023.01.01 ~ 2023.12.31,"101,203,533,006",제 24 기,2022.01.01 ~ 2022.12.31,"233,692,540,409",61,KRW,2024
20250312001059,11011,2024,00525934,108320,CFS,연결재무제표,IS,손익계산서,총포괄손익,제 26 기,2024.01.01 ~ 2024.12.31,"132,098,529,274",제 25 기,2023.01.01 ~ 2023.12.31,"99,592,438,478",제 24 기,2022.01.01 ~ 2022.12.31,"237,855,160,507",63,KRW,2024
20250312001059,11011,2024,00525934,108320,OFS,재무제표,BS,재무상태표,유동자산,제 26 기,2024.12.31 현재,"1,115,609,645,874",제 25 기,2023.12.31 현재,"897,567,662,023",제 24 기,2022.12.31 현재,"1,006,088,865,246",2,KRW,2024
20250312001059,11011,2024,00525934,108320,OFS,재무제표,BS,재무상태표,비유동자산,제 26 기,2024.12.31 현재,"369,576,289,579",제 25 기,2023.12.31 현재,"298,120,505,199",제 24 기,2022.12.31 현재,"276,313,175,716",4,KRW,2024
20250312001059,11011,2024,00525934,108320,OFS,재무제표,BS,재무상태표,자산총계,제 26 기,2024.12.31 현재,"1,485,185,935,453",제 25 기,2023.12.31 현재,"1,195,688,167,222",제 24 기,2022.12.31 현재,"1,282,402,040,962",6,KRW,2024
20250312001059,11011,2024,00525934,108320,OFS,재무제표,BS,재무상태표,유동부채,제 26 기,2024.12.31 현재,"350,524,254,936",제 25 기,2023.12.31 현재,"208,177,134,196",제 24 기,2022.12.31 현재,"324,485,362,868",8,KRW,2024
20250312001059,11011,2024,00525934,108320,OFS,재무제표,BS,재무상태표,비유동부채,제 26 기,2024.12.31 현재,"66,786,544,161",제 25 기,2023.12.31 현재,"19,893,642,382",제 24 기,2022.12.31 현재,"13,106,438,967",10,KRW,2024
20250312001059,11011,2024,00525934,108320,OFS,재무제표,BS,재무상태표,부채총계,제 26 기,2024.12.31 현재,"417,310,799,097",제 25 기,2023.12.31 현재,"228,070,776,578",제 24 기,2022.12.31 현재,"337,591,801,835",12,KRW,2024
20250312001059,11011,2024,00525934,108320,OFS,재무제표,BS,재무상태표,자본금,제 26 기,2024.12.31 현재,"8,132,150,000",제 25 기,2023.12.31 현재,"8,132,150,000",제 24 기,2022.12.31 현재,"8,132,150,000",15,KRW,2024
20250312001059,11011,2024,00525934,108320,OFS,재무제표,BS,재무상태표,이익잉여금,제 26 기,2024.12.31 현재,"983,780,623,587",제 25 기,2023.12.31 현재,"883,522,877,875",제 24 기,2022.12.31 현재,"860,715,726,358",19,KRW,2024
20250312001059,11011,2024,00525934,108320,OFS,재무제표,BS,재무상태표,자본총계,제 26 기,2024.12.31 현재,"1,067,875,136,356",제 25 기,2023.12.31 현재,"967,617,390,644",제 24 기,2022.12.31 현재,"944,810,239,127",22,KRW,2024
20250312001059,11011,2024,00525934,108320,OFS,재무제표,IS,손익계산서,매출액,제 26 기,2024.01.01 ~ 2024.12.31,"1,865,621,538,499",제 25 기,2023.01.01 ~ 2023.12.31,"1,901,444,975,029",제 24 기,2022.01.01 ~ 2022.12.31,"2,119,345,363,613",24,KRW,2024
20250312001059,11011,2024,00525934,108320,OFS,재무제표,IS,손익계산서,영업이익,제 26 기,2024.01.01 ~ 2024.12.31,"164,116,602,794",제 25 기,2023.01.01 ~ 2023.12.31,"126,624,244,171",제 24 기,2022.01.01 ~ 2022.12.31,"309,045,576,520",26,KRW,2024
20250312001059,11011,2024,00525934,108320,OFS,재무제표,IS,손익계산서,법인세차감전 순이익,제 26 기,2024.01.01 ~ 2024.12.31,"165,505,633,627",제 25 기,2023.01.01 ~ 2023.12.31,"121,161,965,666",제 24 기,2022.01.01 ~ 2022.12.31,"300,454,086,161",28,KRW,2024
20250312001059,11011,2024,00525934,108320,OFS,재무제표,IS,손익계산서,당기순이익(손실),제 26 기,2024.01.01 ~ 2024.12.31,"129,168,627,220",제 25 기,2023.01.01 ~ 2023.12.31,"97,316,388,001",제 24 기,2022.01.01 ~ 2022.12.31,"230,607,638,966",30,KRW,2024
20250312001059,11011,2024,00525934,108320,OFS,재무제표,IS,손익계산서,당기순이익(손실),제 26 기,2024.01.01 ~ 2024.12.31,"129,168,627,220",제 25 기,2023.01.01 ~ 2023.12.31,"97,316,388,001",제 24 기,2022.01.01 ~ 2022.12.31,"230,607,638,966",62,KRW,2024
20250312001059,11011,2024,00525934,108320,OFS,재무제표,IS,손익계산서,총포괄손익,제 26 기,2024.01.01 ~ 2024.12.31,"129,533,485,712",제 25 기,2023.01.01 ~ 2023.12.31,"95,996,501,517",제 24 기,2022.01.01 ~ 2022.12.31,"235,567,273,390",64,KRW,2024
20230322000801,11011,2022,01026157,403550,CFS,연결재무제표,BS,재무상태표,유동자산,제 12 기,2022.12.31 현재,"170,683,810,514",제 11 기,2021.12.31 현재,"98,013,662,765",제 10 기,2020.12.31 현재,"102,177,109,253",1,KRW,2022
20230322000801,11011,2022,01026157,403550,CFS,연결재무제표,BS,재무상태표,비유동자산,제 12 기,2022.12.31 현재,"415,029,344,118",제 11 기,2021.12.31 현재,"335,175,341,404",제 10 기,2020.12.31 현재,"169,400,711,998",3,KRW,2022
20230322000801,11011,2022,01026157,403550,CFS,연결재무제표,BS,재무상태표,자산총계,제 12 기,2022.12.31 현재,"585,713,154,632",제 11 기,2021.12.31 현재,"433,189,004,169",제 10 기,2020.12.31 현재,"271,577,821,251",5,KRW,2022
20230322000801,11011,2022,01026157,403550,CFS,연결재무제표,BS,재무상태표,유동부채,제 12 기,2022.12.31 현재,"197,842,884,707",제 11 기,2021.12.31 현재,"147,895,504,575",제 10 기,2020.12.31 현재,"141,994,275,222",7,KRW,2022
20230322000801,11011,2022,01026157,403550,CFS,연결재무제표,BS,재무상태표,비유동부채,제 12 기,2022.12.31 현재,"140,291,951,434",제 11 기,2021.12.31 현재,"134,383,262,349",제 10 기,2020.12.31 현재,"97,880,064,812",9,KRW,2022
20230322000801,11011,2022,01026157,403550,CFS,연결재무제표,BS,재무상태표,부채총계,제 12 기,2022.12.31 현재,"338,134,836,141",제 11 기,2021.12.31 현재,"282,278,766,924",제 10 기,2020.12.31 현재,"239,874,340,034",11,KRW,2022
20230322000801,11011,2022,01026157,403550,CFS,연결재무제표,BS,재무상태표,자본금,제 12 기,2022.12.31 현재,"3,272,565,200",제 11 기,2021.12.31 현재,"2,879,272,800",제 10 기,2020.12.31 현재,"2,552,335,000",13,KRW,2022
20230322000801,11011,2022,01026157,403550,CFS,연결재무제표,BS,재무상태표,이익잉여금,제 12 기,2022.12.31 현재,"-286,810,814,857",제 11 기,2021.12.31 현재,"-268,563,888,637",제 10 기,2020.12.31 현재,"-274,394,517,921",17,KRW,2022
20230322000801,11011,2022,01026157,403550,CFS,연결재무제표,BS,재무상태표,자본총계,제 12 기,2022.12.31 현재,"247,578,318,491",제 11 기,2021.12.31 현재,"150,910,237,245",제 10 기,2020.12.31 현재,"31,703,481,217",21,KRW,2022
20230322000801,11011,2022,01026157,403550,CFS,연결재무제표,IS,손익계산서,매출액,제 12 기,2022.01.01 ~ 2022.12.31,"397,560,235,879",제 11 기,2021.01.01 ~ 2021.12.31,"289,000,548,862",제 10 기,2020.01.01 ~ 2020.12.31,"220,551,525,405",23,KRW,2022
20230322000801,11011,2022,01026157,403550,CFS,연결재무제표,IS,손익계산서,영업이익,제 12 기,2022.01.01 ~ 2022.12.31,"9,523,634,592",제 11 기,2021.01.01 ~ 2021.12.31,"-20,973,219,191",제 10 기,2020.01.01 ~ 2020.12.31,"-14,655,172,810",25,KRW,2022
20230322000801,11011,2022,01026157,403550,CFS,연결재무제표,IS,손익계산서,법인세차감전 순이익,제 12 기,2022.01.01 ~ 2022.12.31,"-16,583,130,302",제 11 기,2021.01.01 ~ 2021.12.31,"-2,492,608,895",제 10 기,2020.01.01 ~ 2020.12.31,"-20,084,775,187",27,KRW,2022
20230322000801,11011,2022,01026157,403550,CFS,연결재무제표,IS,손익계산서,당기순이익(손실),제 12 기,2022.01.01 ~ 2022.12.31,"-18,137,502,613",제 11 기,2021.01.01 ~ 2021.12.31,"6,277,074,920",제 10 기,2020.01.01 ~ 2020.12.31,"-67,407,629,480",29,KRW,2022
20230322000801,11011,2022,01026157,403550,CFS,연결재무제표,IS,손익계산서,당기순이익(손실),제 12 기,2022.01.01 ~ 2022.12.31,"-18,137,502,613",제 11 기,2021.01.01 ~ 2021.12.31,"6,277,074,920",제 10 기,2020.01.01 ~ 2020.12.31,"-67,407,629,480",61,KRW,2022
20230322000801,11011,2022,01026157,403550,OFS,재무제표,BS,재무상태표,유동자산,제 12 기,2022.12.31 현재,"167,619,844,713",제 11 기,2021.12.31 현재,"90,244,481,019",제 10 기,2020.12.31 현재,"96,864,475,296",2,KRW,2022
20230322000801,11011,2022,01026157,403550,OFS,재무제표,BS,재무상태표,비유동자산,제 12 기,2022.12.31 현재,"406,078,995,029",제 11 기,2021.12.31 현재,"329,634,192,781",제 10 기,2020.12.31 현재,"168,106,311,836",4,KRW,2022
20230322000801,11011,2022,01026157,403550,OFS,재무제표,BS,재무상태표,자산총계,제 12 기,2022.12.31 현재,"573,698,839,742",제 11 기,2021.12.31 현재,"419,878,673,800",제 10 기,2020.12.31 현재,"264,970,787,132",6,KRW,2022
20230322000801,11011,2022,01026157,403550,OFS,재무제표,BS,재무상태표,유동부채,제 12 기,2022.12.31 현재,"185,702,639,863",제 11 기,2021.12.31 현재,"138,311,618,236",제 10 기,2020.12.31 현재,"134,984,584,162",8,KRW,2022
20230322000801,11011,2022,01026157,403550,OFS,재무제표,BS,재무상태표,비유동부채,제 12 기,2022.12.31 현재,"130,914,283,586",제 11 기,2021.12.31 현재,"131,660,531,955",제 10 기,2020.12.31 현재,"96,670,080,056",10,KRW,2022
20230322000801,11011,2022,01026157,403550,OFS,재무제표,BS,재무상태표,부채총계,제 12 기,2022.12.31 현재,"316,616,923,449",제 11 기,2021.12.31 현재,"269,972,150,191",제 10 기,2020.12.31 현재,"231,654,664,218",12,KRW,2022
20230322000801,11011,2022,01026157,403550,OFS,재무제표,BS,재무상태표,자본금,제 12 기,2022.12.31 현재,"3,272,565,200",제 11 기,2021.12.31 현재,"2,879,272,800",제 10 기,2020.12.31 현재,"2,552,335,000",15,KRW,2022
20230322000801,11011,2022,01026157,403550,OFS,재무제표,BS,재무상태표,이익잉여금,제 12 기,2022.12.31 현재,"-277,545,636,412",제 11 기,2021.12.31 현재,"-269,806,021,630",제 10 기,2020.12.31 현재,"-273,020,295,581",19,KRW,2022
20230322000801,11011,2022,01026157,403550,OFS,재무제표,BS,재무상태표,자본총계,제 12 기,2022.12.31 현재,"257,081,916,293",제 11 기,2021.12.31 현재,"149,906,523,609",제 10 기,2020.12.31 현재,"33,316,122,914",22,KRW,2022
20230322000801,11011,2022,01026157,403550,OFS,재무제표,IS,손익계산서,매출액,제 12 기,2022.01.01 ~ 2022.12.31,"375,330,068,902",제 11 기,2021.01.01 ~ 2021.12.31,"284,953,806,265",제 10 기,2020.01.01 ~ 2020.12.31,"217,752,753,717",24,KRW,2022
20230322000801,11011,2022,01026157,403550,OFS,재무제표,IS,손익계산서,영업이익,제 12 기,2022.01.01 ~ 2022.12.31,"6,214,359,556",제 11 기,2021.01.01 ~ 2021.12.31,"-8,423,142,058",제 10 기,2020.01.01 ~ 2020.12.31,"-3,805,723,060",26,KRW,2022
20230322000801,11011,2022,01026157,403550,OFS,재무제표,IS,손익계산서,법인세차감전 순이익,제 12 기,2022.01.01 ~ 2022.12.31,"-7,715,905,017",제 11 기,2021.01.01 ~ 2021.12.31,"3,707,310,777",제 10 기,2020.01.01 ~ 2020.12.31,"-47,471,611,348",28,KRW,2022
20230322000801,11011,2022,01026157,403550,OFS,재무제표,IS,손익계산서,당기순이익(손실),제 12 기,2022.01.01 ~ 2022.12.31,"-7,715,905,017",제 11 기,2021.01.01 ~ 2021.12.31,"3,660,719,587",제 10 기,2020.01.01 ~ 2020.12.31,"-67,744,719,399",30,KRW,2022
20230322000801,11011,2022,01026157,403550,OFS,재무제표,IS,손익계산서,당기순이익(손실),제 12 기,2022.01.01 ~ 2022.12.31,"-7,715,905,017",제 11 기,2021.01.01 ~ 2021.12.31,"3,660,719,587",제 10 기,2020.01.01 ~ 2020.12.31,"-67,744,719,399",62,KRW,2022
20240320001168,11011,2023,01026157,403550,CFS,연결재무제표,BS,재무상태표,유동자산,제 13 기,2023.12.31 현재,"159,042,206,323",제 12 기,2022.12.31 현재,"170,683,810,514",제 11 기,2021.12.31 현재,"98,013,662,765",1,KRW,2023
20240320001168,11011,2023,01026157,403550,CFS,연결재무제표,BS,재무상태표,비유동자산,제 13 기,2023.12.31 현재,"519,981,031,394",제 12 기,2022.12.31 현재,"415,029,344,118",제 11 기,2021.12.31 현재,"335,175,341,404",3,KRW,2023
20240320001168,11011,2023,01026157,403550,CFS,연결재무제표,BS,재무상태표,자산총계,제 13 기,2023.12.31 현재,"679,023,237,717",제 12 기,2022.12.31 현재,"585,713,154,632",제 11 기,2021.12.31 현재,"433,189,004,169",5,KRW,2023
20240320001168,11011,2023,01026157,403550,CFS,연결재무제표,BS,재무상태표,유동부채,제 13 기,2023.12.31 현재,"242,074,818,002",제 12 기,2022.12.31 현재,"197,842,884,707",제 11 기,2021.12.31 현재,"147,895,504,575",7,KRW,2023
20240320001168,11011,2023,01026157,403550,CFS,연결재무제표,BS,재무상태표,비유동부채,제 13 기,2023.12.31 현재,"225,209,315,225",제 12 기,2022.12.31 현재,"140,291,951,434",제 11 기,2021.12.31 현재,"134,383,262,349",9,KRW,2023
20240320001168,11011,2023,01026157,403550,CFS,연결재무제표,BS,재무상태표,부채총계,제 13 기,2023.12.31 현재,"467,284,133,227",제 12 기,2022.12.31 현재,"338,134,836,141",제 11 기,2021.12.31 현재,"282,278,766,924",11,KRW,2023
20240320001168,11011,2023,01026157,403550,CFS,연결재무제표,BS,재무상태표,자본금,제 13 기,2023.12.31 현재,"3,278,827,700",제 12 기,2022.12.31 현재,"3,272,565,200",제 11 기,2021.12.31 현재,"2,879,272,800",13,KRW,2023
20240320001168,11011,2023,01026157,403550,CFS,연결재무제표,BS,재무상태표,이익잉여금,제 13 기,2023.12.31 현재,"-329,436,332,986",제 12 기,2022.12.31 현재,"-286,810,814,857",제 11 기,2021.12.31 현재,"-268,563,888,637",17,KRW,2023
20240320001168,11011,2023,01026157,403550,CFS,연결재무제표,BS,재무상태표,자본총계,제 13 기,2023.12.31 현재,"211,739,104,490",제 12 기,2022.12.31 현재,"247,578,318,491",제 11 기,2021.12.31 현재,"150,910,237,245",21,KRW,2023
20240320001168,11011,2023,01026157,403550,CFS,연결재무제표,IS,손익계산서,매출액,제 13 기,2023.01.01 ~ 2023.12.31,"398,471,745,542",제 12 기,2022.01.01 ~ 2022.12.31,"397,560,235,879",제 11 기,2021.01.01 ~ 2021.12.31,"289,000,548,862",23,KRW,2023
20240320001168,11011,2023,01026157,403550,CFS,연결재무제표,IS,손익계산서,영업이익,제 13 기,2023.01.01 ~ 2023.12.31,"-9,690,085,854",제 12 기,2022.01.01 ~ 2022.12.31,"9,523,634,592",제 11 기,2021.01.01 ~ 2021.12.31,"-20,973,219,191",25,KRW,2023
20240320001168,11011,2023,01026157,403550,CFS,연결재무제표,IS,손익계산서,법인세차감전 순이익,제 13 기,2023.01.01 ~ 2023.12.31,"-42,186,644,542",제 12 기,2022.01.01 ~ 2022.12.31,"-16,583,130,302",제 11 기,2021.01.01 ~ 2021.12.31,"-2,492,608,895",27,KRW,2023
20240320001168,11011,2023,01026157,403550,CFS,연결재무제표,IS,손익계산서,당기순이익(손실),제 13 기,2023.01.01 ~ 2023.12.31,"-42,333,536,519",제 12 기,2022.01.01 ~ 2022.12.31,"-18,137,502,613",제 11 기,2021.01.01 ~ 2021.12.31,"6,277,074,920",29,KRW,2023
20240320001168,11011,2023,01026157,403550,CFS,연결재무제표,IS,손익계산서,당기순이익(손실),제 13 기,2023.01.01 ~ 2023.12.31,"-42,333,536,519",제 12 기,2022.01.01 ~ 2022.12.31,"-18,137,502,613",제 11 기,2021.01.01 ~ 2021.12.31,"6,277,074,920",61,KRW,2023
20240320001168,11011,2023,01026157,403550,OFS,재무제표,BS,재무상태표,유동자산,제 13 기,2023.12.31 현재,"162,055,255,319",제 12 기,2022.12.31 현재,"167,619,844,713",제 11 기,2021.12.31 현재,"90,244,481,019",2,KRW,2023
20240320001168,11011,2023,01026157,403550,OFS,재무제표,BS,재무상태표,비유동자산,제 13 기,2023.12.31 현재,"498,138,725,021",제 12 기,2022.12.31 현재,"406,078,995,029",제 11 기,2021.12.31 현재,"329,634,192,781",4,KRW,2023
20240320001168,11011,2023,01026157,403550,OFS,재무제표,BS,재무상태표,자산총계,제 13 기,2023.12.31 현재,"660,193,980,340",제 12 기,2022.12.31 현재,"573,698,839,742",제 11 기,2021.12.31 현재,"419,878,673,800",6,KRW,2023
20240320001168,11011,2023,01026157,403550,OFS,재무제표,BS,재무상태표,유동부채,제 13 기,2023.12.31 현재,"229,908,607,188",제 12 기,2022.12.31 현재,"185,702,639,863",제 11 기,2021.12.31 현재,"138,311,618,236",8,KRW,2023
20240320001168,11011,2023,01026157,403550,OFS,재무제표,BS,재무상태표,비유동부채,제 13 기,2023.12.31 현재,"215,427,119,810",제 12 기,2022.12.31 현재,"130,914,283,586",제 11 기,2021.12.31 현재,"131,660,531,955",10,KRW,2023
20240320001168,11011,2023,01026157,403550,OFS,재무제표,BS,재무상태표,부채총계,제 13 기,2023.12.31 현재,"445,335,726,998",제 12 기,2022.12.31 현재,"316,616,923,449",제 11 기,2021.12.31 현재,"269,972,150,191",12,KRW,2023
20240320001168,11011,2023,01026157,403550,OFS,재무제표,BS,재무상태표,자본금,제 13 기,2023.12.31 현재,"3,278,827,700",제 12 기,2022.12.31 현재,"3,272,565,200",제 11 기,2021.12.31 현재,"2,879,272,800",15,KRW,2023
20240320001168,11011,2023,01026157,403550,OFS,재무제표,BS,재무상태표,이익잉여금,제 13 기,2023.12.31 현재,"-327,334,061,692",제 12 기,2022.12.31 현재,"-277,545,636,412",제 11 기,2021.12.31 현재,"-269,806,021,630",19,KRW,2023
20240320001168,11011,2023,01026157,403550,OFS,재무제표,BS,재무상태표,자본총계,제 13 기,2023.12.31 현재,"214,858,253,342",제 12 기,2022.12.31 현재,"257,081,916,293",제 11 기,2021.12.31 현재,"149,906,523,609",22,KRW,2023
20240320001168,11011,2023,01026157,403550,OFS,재무제표,IS,손익계산서,매출액,제 13 기,2023.01.01 ~ 2023.12.31,"368,651,883,724",제 12 기,2022.01.01 ~ 2022.12.31,"375,330,068,902",제 11 기,2021.01.01 ~ 2021.12.31,"284,953,806,265",24,KRW,2023
20240320001168,11011,2023,01026157,403550,OFS,재무제표,IS,손익계산서,영업이익,제 13 기,2023.01.01 ~ 2023.12.31,"-10,486,603,266",제 12 기,2022.01.01 ~ 2022.12.31,"6,214,359,556",제 11 기,2021.01.01 ~ 2021.12.31,"-8,423,142,058",26,KRW,2023
20240320001168,11011,2023,01026157,403550,OFS,재무제표,IS,손익계산서,법인세차감전 순이익,제 13 기,2023.01.01 ~ 2023.12.31,"-49,692,937,842",제 12 기,2022.01.01 ~ 2022.12.31,"-7,715,905,017",제 11 기,2021.01.01 ~ 2021.12.31,"3,707,310,777",28,KRW,2023
20240320001168,11011,2023,01026157,403550,OFS,재무제표,IS,손익계산서,당기순이익(손실),제 13 기,2023.01.01 ~ 2023.12.31,"-49,692,937,842",제 12 기,2022.01.01 ~ 2022.12.31,"-7,715,905,017",제 11 기,2021.01.01 ~ 2021.12.31,"3,660,719,587",30,KRW,2023
20240320001168,11011,2023,01026157,403550,OFS,재무제표,IS,손익계산서,당기순이익(손실),제 13 기,2023.01.01 ~ 2023.12.31,"-49,692,937,842",제 12 기,2022.01.01 ~ 2022.12.31,"-7,715,905,017",제 11 기,2021.01.01 ~ 2021.12.31,"3,660,719,587",62,KRW,2023
20240320001168,11011,2023,01026157,403550,OFS,재무제표,IS,손익계산서,총포괄손익,제 13 기,2023.01.01 ~ 2023.12.31,"-49,788,425,280",제 12 기,2022.01.01 ~ 2022.12.31,"-7,739,614,782",제 11 기,2021.01.01 ~ 2021.12.31,"3,214,273,951",64,KRW,2023
20250318001072,11011,2024,01026157,403550,CFS,연결재무제표,BS,재무상태표,유동자산,제 14 기,2024.12.31 현재,"140,724,277,459",제 13 기,2023.12.31 현재,"159,042,206,323",제 12 기,2022.12.31 현재,"170,683,810,514",1,KRW,2024
20250318001072,11011,2024,01026157,403550,CFS,연결재무제표,BS,재무상태표,비유동자산,제 14 기,2024.12.31 현재,"490,792,476,774",제 13 기,2023.12.31 현재,"519,981,031,394",제 12 기,2022.12.31 현재,"415,029,344,118",3,KRW,2024
20250318001072,11011,2024,01026157,403550,CFS,연결재무제표,BS,재무상태표,자산총계,제 14 기,2024.12.31 현재,"631,516,754,233",제 13 기,2023.12.31 현재,"679,023,237,717",제 12 기,2022.12.31 현재,"585,713,154,632",5,KRW,2024
20250318001072,11011,2024,01026157,403550,CFS,연결재무제표,BS,재무상태표,유동부채,제 14 기,2024.12.31 현재,"223,463,227,518",제 13 기,2023.12.31 현재,"242,074,818,002",제 12 기,2022.12.31 현재,"197,842,884,707",7,KRW,2024
20250318001072,11011,2024,01026157,403550,CFS,연결재무제표,BS,재무상태표,비유동부채,제 14 기,2024.12.31 현재,"224,585,847,488",제 13 기,2023.12.31 현재,"225,209,315,225",제 12 기,2022.12.31 현재,"140,291,951,434",9,KRW,2024
20250318001072,11011,2024,01026157,403550,CFS,연결재무제표,BS,재무상태표,부채총계,제 14 기,2024.12.31 현재,"448,049,075,006",제 13 기,2023.12.31 현재,"467,284,133,227",제 12 기,2022.12.31 현재,"338,134,836,141",11,KRW,2024
20250318001072,11011,2024,01026157,403550,CFS,연결재무제표,BS,재무상태표,자본금,제 14 기,2024.12.31 현재,"3,283,690,200",제 13 기,2023.12.31 현재,"3,278,827,700",제 12 기,2022.12.31 현재,"3,272,565,200",13,KRW,2024
20250318001072,11011,2024,01026157,403550,CFS,연결재무제표,BS,재무상태표,이익잉여금,제 14 기,2024.12.31 현재,"-360,935,839,593",제 13 기,2023.12.31 현재,"-329,436,332,986",제 12 기,2022.12.31 현재,"-286,810,814,857",17,KRW,2024
20250318001072,11011,2024,01026157,403550,CFS,연결재무제표,BS,재무상태표,자본총계,제 14 기,2024.12.31 현재,"183,467,679,227",제 13 기,2023.12.31 현재,"211,739,104,490",제 12 기,2022.12.31 현재,"247,578,318,491",21,KRW,2024
20250318001072,11011,2024,01026157,403550,CFS,연결재무제표,IS,손익계산서,매출액,제 14 기,2024.01.01 ~ 2024.12.31,"431,763,084,374",제 13 기,2023.01.01 ~ 2023.12.31,"398,471,745,542",제 12 기,2022.01.01 ~ 2022.12.31,"397,560,235,879",23,KRW,2024
20250318001072,11011,2024,01026157,403550,CFS,연결재무제표,IS,손익계산서,영업이익,제 14 기,2024.01.01 ~ 2024.12.31,"-9,800,724,573",제 13 기,2023.01.01 ~ 2023.12.31,"-9,690,085,854",제 12 기,2022.01.01 ~ 2022.12.31,"9,523,634,592",25,KRW,2024
20250318001072,11011,2024,01026157,403550,CFS,연결재무제표,IS,손익계산서,법인세차감전 순이익,제 14 기,2024.01.01 ~ 2024.12.31,"-30,733,006,657",제 13 기,2023.01.01 ~ 2023.12.31,"-42,186,644,542",제 12 기,2022.01.01 ~ 2022.12.31,"-16,583,130,302",27,KRW,2024
20250318001072,11011,2024,01026157,403550,CFS,연결재무제표,IS,손익계산서,당기순이익(손실),제 14 기,2024.01.01 ~ 2024.12.31,"-31,009,006,010",제 13 기,2023.01.01 ~ 2023.12.31,"-42,333,536,519",제 12 기,2022.01.01 ~ 2022.12.31,"-18,137,502,613",29,KRW,2024
20250318001072,11011,2024,01026157,403550,CFS,연결재무제표,IS,손익계산서,당기순이익(손실),제 14 기,2024.01.01 ~ 2024.12.31,"-31,009,006,010",제 13 기,2023.01.01 ~ 2023.12.31,"-42,333,536,519",제 12 기,2022.01.01 ~ 2022.12.31,"-18,137,502,613",61,KRW,2024
20250318001072,11011,2024,01026157,403550,CFS,연결재무제표,IS,손익계산서,총포괄손익,제 14 기,2024.01.01 ~ 2024.12.31,"-32,633,142,390",제 13 기,2023.01.01 ~ 2023.12.31,"-42,625,518,129",제 12 기,2022.01.01 ~ 2022.12.31,"-18,246,926,220",63,KRW,2024
20250318001072,11011,2024,01026157,403550,OFS,재무제표,BS,재무상태표,유동자산,제 14 기,2024.12.31 현재,"148,300,166,648",제 13 기,2023.12.31 현재,"162,055,255,319",제 12 기,2022.12.31 현재,"167,619,844,713",2,KRW,2024
20250318001072,11011,2024,01026157,403550,OFS,재무제표,BS,재무상태표,비유동자산,제 14 기,2024.12.31 현재,"448,809,278,830",제 13 기,2023.12.31 현재,"498,138,725,021",제 12 기,2022.12.31 현재,"406,078,995,029",4,KRW,2024
20250318001072,11011,2024,01026157,403550,OFS,재무제표,BS,재무상태표,자산총계,제 14 기,2024.12.31 현재,"597,109,445,478",제 13 기,2023.12.31 현재,"660,193,980,340",제 12 기,2022.12.31 현재,"573,698,839,742",6,KRW,2024
20250318001072,11011,2024,01026157,403550,OFS,재무제표,BS,재무상태표,유동부채,제 14 기,2024.12.31 현재,"196,870,930,318",제 13 기,2023.12.31 현재,"229,908,607,188",제 12 기,2022.12.31 현재,"185,702,639,863",8,KRW,2024
20250318001072,11011,2024,01026157,403550,OFS,재무제표,BS,재무상태표,비유동부채,제 14 기,2024.12.31 현재,"215,276,012,919",제 13 기,2023.12.31 현재,"215,427,119,810",제 12 기,2022.12.31 현재,"130,914,283,586",10,KRW,2024
20250318001072,11011,2024,01026157,403550,OFS,재무제표,BS,재무상태표,부채총계,제 14 기,2024.12.31 현재,"412,146,943,237",제 13 기,2023.12.31 현재,"445,335,726,998",제 12 기,2022.12.31 현재,"316,616,923,449",12,KRW,2024
20250318001072,11011,2024,01026157,403550,OFS,재무제표,BS,재무상태표,자본금,제 14 기,2024.12.31 현재,"3,283,690,200",제 13 기,2023.12.31 현재,"3,278,827,700",제 12 기,2022.12.31 현재,"3,272,565,200",15,KRW,2024
20250318001072,11011,2024,01026157,403550,OFS,재무제표,BS,재무상태표,이익잉여금,제 14 기,2024.12.31 현재,"-360,457,894,137",제 13 기,2023.12.31 현재,"-327,334,061,692",제 12 기,2022.12.31 현재,"-277,545,636,412",19,KRW,2024
20250318001072,11011,2024,01026157,403550,OFS,재무제표,BS,재무상태표,자본총계,제 14 기,2024.12.31 현재,"184,962,502,241",제 13 기,2023.12.31 현재,"214,858,253,342",제 12 기,2022.12.31 현재,"257,081,916,293",22,KRW,2024
20250318001072,11011,2024,01026157,403550,OFS,재무제표,IS,손익계산서,매출액,제 14 기,2024.01.01 ~ 2024.12.31,"392,763,778,670",제 13 기,2023.01.01 ~ 2023.12.31,"368,651,883,724",제 12 기,2022.01.01 ~ 2022.12.31,"375,330,068,902",24,KRW,2024
20250318001072,11011,2024,01026157,403550,OFS,재무제표,IS,손익계산서,영업이익,제 14 기,2024.01.01 ~ 2024.12.31,"-9,376,311,236",제 13 기,2023.01.01 ~ 2023.12.31,"-10,486,603,266",제 12 기,2022.01.01 ~ 2022.12.31,"6,214,359,556",26,KRW,2024
20250318001072,11011,2024,01026157,403550,OFS,재무제표,IS,손익계산서,법인세차감전 순이익,제 14 기,2024.01.01 ~ 2024.12.31,"-32,811,934,307",제 13 기,2023.01.01 ~ 2023.12.31,"-49,692,937,842",제 12 기,2022.01.01 ~ 2022.12.31,"-7,715,905,017",28,KRW,2024
20250318001072,11011,2024,01026157,403550,OFS,재무제표,IS,손익계산서,당기순이익(손실),제 14 기,2024.01.01 ~ 2024.12.31,"-32,811,934,307",제 13 기,2023.01.01 ~ 2023.12.31,"-49,692,937,842",제 12 기,2022.01.01 ~ 2022.12.31,"-7,715,905,017",30,KRW,2024
20250318001072,11011,2024,01026157,403550,OFS,재무제표,IS,손익계산서,당기순이익(손실),제 14 기,2024.01.01 ~ 2024.12.31,"-32,811,934,307",제 13 기,2023.01.01 ~ 2023.12.31,"-49,692,937,842",제 12 기,2022.01.01 ~ 2022.12.31,"-7,715,905,017",62,KRW,2024
20250318001072,11011,2024,01026157,403550,OFS,재무제표,IS,손익계산서,총포괄손익,제 14 기,2024.01.01 ~ 2024.12.31,"-34,257,468,228",제 13 기,2023.01.01 ~ 2023.12.31,"-49,788,425,280",제 12 기,2022.01.01 ~ 2022.12.31,"-7,739,614,782",64,KRW,2024
20230323001537,11011,2022,00193328,126720,CFS,연결재무제표,BS,재무상태표,유동자산,제 40 기,2022.12.31 현재,"342,710,063,007",제 39 기,2021.12.31 현재,"183,267,009,931",제 38 기,2020.12.31 현재,"134,231,089,302",1,KRW,2022
20230323001537,11011,2022,00193328,126720,CFS,연결재무제표,BS,재무상태표,비유동자산,제 40 기,2022.12.31 현재,"234,445,368,233",제 39 기,2021.12.31 현재,"215,363,414,725",제 38 기,2020.12.31 현재,"210,681,173,144",3,KRW,2022
20230323001537,11011,2022,00193328,126720,CFS,연결재무제표,BS,재무상태표,자산총계,제 40 기,2022.12.31 현재,"577,155,431,240",제 39 기,2021.12.31 현재,"398,630,424,656",제 38 기,2020.12.31 현재,"344,912,262,446",5,KRW,2022
20230323001537,11011,2022,00193328,126720,CFS,연결재무제표,BS,재무상태표,유동부채,제 40 기,2022.12.31 현재,"60,575,564,385",제 39 기,2021.12.31 현재,"60,306,250,278",제 38 기,2020.12.31 현재,"90,358,494,314",7,KRW,2022
20230323001537,11011,2022,00193328,126720,CFS,연결재무제표,BS,재무상태표,비유동부채,제 40 기,2022.12.31 현재,"53,573,285,206",제 39 기,2021.12.31 현재,"63,054,588,223",제 38 기,2020.12.31 현재,"39,129,448,637",9,KRW,2022
20230323001537,11011,2022,00193328,126720,CFS,연결재무제표,BS,재무상태표,부채총계,제 40 기,2022.12.31 현재,"114,148,849,591",제 39 기,2021.12.31 현재,"123,360,838,501",제 38 기,2020.12.31 현재,"129,487,942,951",11,KRW,2022
20230323001537,11011,2022,00193328,126720,CFS,연결재무제표,BS,재무상태표,자본금,제 40 기,2022.12.31 현재,"2,857,200,000",제 39 기,2021.12.31 현재,"2,000,000,000",제 38 기,2020.12.31 현재,"2,000,000,000",13,KRW,2022
20230323001537,11011,2022,00193328,126720,CFS,연결재무제표,BS,재무상태표,이익잉여금,제 40 기,2022.12.31 현재,"305,659,773,339",제 39 기,2021.12.31 현재,"265,256,701,538",제 38 기,2020.12.31 현재,"210,288,396,892",17,KRW,2022
20230323001537,11011,2022,00193328,126720,CFS,연결재무제표,BS,재무상태표,자본총계,제 40 기,2022.12.31 현재,"463,006,581,649",제 39 기,2021.12.31 현재,"275,269,586,155",제 38 기,2020.12.31 현재,"215,424,319,495",21,KRW,2022
20230323001537,11011,2022,00193328,126720,CFS,연결재무제표,IS,손익계산서,매출액,제 40 기,2022.01.01 ~ 2022.12.31,"303,539,437,938",제 39 기,2021.01.01 ~ 2021.12.31,"294,110,712,658",제 38 기,2020.01.01 ~ 2020.12.31,"263,886,580,051",23,KRW,2022
20230323001537,11011,2022,00193328,126720,CFS,연결재무제표,IS,손익계산서,영업이익,제 40 기,2022.01.01 ~ 2022.12.31,"50,593,944,044",제 39 기,2021.01.01 ~ 2021.12.31,"51,306,310,392",제 38 기,2020.01.01 ~ 2020.12.31,"33,288,807,838",25,KRW,2022
20230323001537,11011,2022,00193328,126720,CFS,연결재무제표,IS,손익계산서,법인세차감전 순이익,제 40 기,2022.01.01 ~ 2022.12.31,"55,334,489,500",제 39 기,2021.01.01 ~ 2021.12.31,"67,024,317,912",제 38 기,2020.01.01 ~ 2020.12.31,"31,947,248,592",27,KRW,2022
20230323001537,11011,2022,00193328,126720,CFS,연결재무제표,IS,손익계산서,당기순이익(손실),제 40 기,2022.01.01 ~ 2022.12.31,"41,885,696,489",제 39 기,2021.01.01 ~ 2021.12.31,"53,317,628,945",제 38 기,2020.01.01 ~ 2020.12.31,"25,193,719,225",29,KRW,2022
20230323001537,11011,2022,00193328,126720,CFS,연결재무제표,IS,손익계산서,당기순이익(손실),제 40 기,2022.01.01 ~ 2022.12.31,"41,885,696,489",제 39 기,2021.01.01 ~ 2021.12.31,"53,317,628,945",제 38 기,2020.01.01 ~ 2020.12.31,"25,193,719,225",61,KRW,2022
20230323001537,11011,2022,00193328,126720,OFS,재무제표,BS,재무상태표,유동자산,제 40 기,2022.12.31 현재,"282,788,168,176",제 39 기,2021.12.31 현재,"130,678,714,901",제 38 기,2020.12.31 현재,"90,549,146,775",2,KRW,2022
20230323001537,11011,2022,00193328,126720,OFS,재무제표,BS,재무상태표,비유동자산,제 40 기,2022.12.31 현재,"209,511,090,555",제 39 기,2021.12.31 현재,"180,496,618,567",제 38 기,2020.12.31 현재,"162,088,922,628",4,KRW,2022
20230323001537,11011,2022,00193328,126720,OFS,재무제표,BS,재무상태표,자산총계,제 40 기,2022.12.31 현재,"492,299,258,731",제 39 기,2021.12.31 현재,"311,175,333,468",제 38 기,2020.12.31 현재,"252,638,069,403",6,KRW,2022
20230323001537,11011,2022,00193328,126720,OFS,재무제표,BS,재무상태표,유동부채,제 40 기,2022.12.31 현재,"32,350,005,041",제 39 기,2021.12.31 현재,"33,228,452,533",제 38 기,2020.12.31 현재,"28,120,111,658",8,KRW,2022
20230323001537,11011,2022,00193328,126720,OFS,재무제표,BS,재무상태표,비유동부채,제 40 기,2022.12.31 현재,"3,300,026,910",제 39 기,2021.12.31 현재,"7,250,003,629",제 38 기,2020.12.31 현재,"12,588,476,207",10,KRW,2022
20230323001537,11011,2022,00193328,126720,OFS,재무제표,BS,재무상태표,부채총계,제 40 기,2022.12.31 현재,"35,650,031,951",제 39 기,2021.12.31 현재,"40,478,456,162",제 38 기,2020.12.31 현재,"40,708,587,865",12,KRW,2022
20230323001537,11011,2022,00193328,126720,OFS,재무제표,BS,재무상태표,자본금,제 40 기,2022.12.31 현재,"2,857,200,000",제 39 기,2021.12.31 현재,"2,000,000,000",제 38 기,2020.12.31 현재,"2,000,000,000",15,KRW,2022
20230323001537,11011,2022,00193328,126720,OFS,재무제표,BS,재무상태표,이익잉여금,제 40 기,2022.12.31 현재,"303,763,966,068",제 39 기,2021.12.31 현재,"264,986,637,429",제 38 기,2020.12.31 현재,"210,288,396,893",19,KRW,2022
20230323001537,11011,2022,00193328,126720,OFS,재무제표,BS,재무상태표,자본총계,제 40 기,2022.12.31 현재,"456,649,226,780",제 39 기,2021.12.31 현재,"270,696,877,306",제 38 기,2020.12.31 현재,"211,929,481,538",22,KRW,2022
20230323001537,11011,2022,00193328,126720,OFS,재무제표,IS,손익계산서,매출액,제 40 기,2022.01.01 ~ 2022.12.31,"205,171,983,065",제 39 기,2021.01.01 ~ 2021.12.31,"202,220,777,943",제 38 기,2020.01.01 ~ 2020.12.31,"174,160,141,494",24,KRW,2022
20230323001537,11011,2022,00193328,126720,OFS,재무제표,IS,손익계산서,영업이익,제 40 기,2022.01.01 ~ 2022.12.31,"38,829,652,406",제 39 기,2021.01.01 ~ 2021.12.31,"35,242,803,353",제 38 기,2020.01.01 ~ 2020.12.31,"23,509,781,822",26,KRW,2022
20230323001537,11011,2022,00193328,126720,OFS,재무제표,IS,손익계산서,법인세차감전 순이익,제 40 기,2022.01.01 ~ 2022.12.31,"51,857,024,552",제 39 기,2021.01.01 ~ 2021.12.31,"63,510,287,411",제 38 기,2020.01.01 ~ 2020.12.31,"30,969,903,080",28,KRW,2022
20230323001537,11011,2022,00193328,126720,OFS,재무제표,IS,손익계산서,당기순이익(손실),제 40 기,2022.01.01 ~ 2022.12.31,"40,180,006,656",제 39 기,2021.01.01 ~ 2021.12.31,"52,592,318,483",제 38 기,2020.01.01 ~ 2020.12.31,"25,135,412,679",30,KRW,2022
20230323001537,11011,2022,00193328,126720,OFS,재무제표,IS,손익계산서,당기순이익(손실),제 40 기,2022.01.01 ~ 2022.12.31,"40,180,006,656",제 39 기,2021.01.01 ~ 2021.12.31,"52,592,318,483",제 38 기,2020.01.01 ~ 2020.12.31,"25,135,412,679",62,KRW,2022
20240320000834,11011,2023,00193328,126720,CFS,연결재무제표,BS,재무상태표,유동자산,제 41 기,2023.12.31 현재,"345,622,189,078",제 40 기,2022.12.31 현재,"342,710,063,007",제 39 기,2021.12.31 현재,"183,267,009,931",1,KRW,2023
20240320000834,11011,2023,00193328,126720,CFS,연결재무제표,BS,재무상태표,비유동자산,제 41 기,2023.12.31 현재,"257,621,897,332",제 40 기,2022.12.31 현재,"234,445,368,233",제 39 기,2021.12.31 현재,"215,363,414,725",3,KRW,2023
20240320000834,11011,2023,00193328,126720,CFS,연결재무제표,BS,재무상태표,자산총계,제 41 기,2023.12.31 현재,"603,244,086,410",제 40 기,2022.12.31 현재,"577,155,431,240",제 39 기,2021.12.31 현재,"398,630,424,656",5,KRW,2023
20240320000834,11011,2023,00193328,126720,CFS,연결재무제표,BS,재무상태표,유동부채,제 41 기,2023.12.31 현재,"89,396,405,533",제 40 기,2022.12.31 현재,"60,575,564,385",제 39 기,2021.12.31 현재,"60,306,250,278",7,KRW,2023
20240320000834,11011,2023,00193328,126720,CFS,연결재무제표,BS,재무상태표,비유동부채,제 41 기,2023.12.31 현재,"14,900,444,009",제 40 기,2022.12.31 현재,"53,573,285,206",제 39 기,2021.12.31 현재,"63,054,588,223",9,KRW,2023
20240320000834,11011,2023,00193328,126720,CFS,연결재무제표,BS,재무상태표,부채총계,제 41 기,2023.12.31 현재,"104,296,849,542",제 40 기,2022.12.31 현재,"114,148,849,591",제 39 기,2021.12.31 현재,"123,360,838,501",11,KRW,2023
20240320000834,11011,2023,00193328,126720,CFS,연결재무제표,BS,재무상태표,자본금,제 41 기,2023.12.31 현재,"2,857,200,000",제 40 기,2022.12.31 현재,"2,857,200,000",제 39 기,2021.12.31 현재,"2,000,000,000",13,KRW,2023
20240320000834,11011,2023,00193328,126720,CFS,연결재무제표,BS,재무상태표,이익잉여금,제 41 기,2023.12.31 현재,"343,551,420,022",제 40 기,2022.12.31 현재,"305,659,773,339",제 39 기,2021.12.31 현재,"265,256,701,538",17,KRW,2023
20240320000834,11011,2023,00193328,126720,CFS,연결재무제표,BS,재무상태표,자본총계,제 41 기,2023.12.31 현재,"498,947,236,868",제 40 기,2022.12.31 현재,"463,006,581,649",제 39 기,2021.12.31 현재,"275,269,586,155",21,KRW,2023
20240320000834,11011,2023,00193328,126720,CFS,연결재무제표,IS,손익계산서,매출액,제 41 기,2023.01.01 ~ 2023.12.31,"324,740,172,778",제 40 기,2022.01.01 ~ 2022.12.31,"303,539,437,938",제 39 기,2021.01.01 ~ 2021.12.31,"294,110,712,658",23,KRW,2023
20240320000834,11011,2023,00193328,126720,CFS,연결재무제표,IS,손익계산서,영업이익,제 41 기,2023.01.01 ~ 2023.12.31,"50,231,142,470",제 40 기,2022.01.01 ~ 2022.12.31,"50,593,944,044",제 39 기,2021.01.01 ~ 2021.12.31,"51,306,310,392",25,KRW,2023
20240320000834,11011,2023,00193328,126720,CFS,연결재무제표,IS,손익계산서,법인세차감전 순이익,제 41 기,2023.01.01 ~ 2023.12.31,"54,079,632,235",제 40 기,2022.01.01 ~ 2022.12.31,"55,334,489,500",제 39 기,2021.01.01 ~ 2021.12.31,"67,024,317,912",27,KRW,2023
20240320000834,11011,2023,00193328,126720,CFS,연결재무제표,IS,손익계산서,당기순이익(손실),제 41 기,2023.01.01 ~ 2023.12.31,"48,586,664,591",제 40 기,2022.01.01 ~ 2022.12.31,"41,885,696,489",제 39 기,2021.01.01 ~ 2021.12.31,"53,317,628,945",29,KRW,2023
20240320000834,11011,2023,00193328,126720,CFS,연결재무제표,IS,손익계산서,당기순이익(손실),제 41 기,2023.01.01 ~ 2023.12.31,"48,586,664,591",제 40 기,2022.01.01 ~ 2022.12.31,"41,885,696,489",제 39 기,2021.01.01 ~ 2021.12.31,"53,317,628,945",61,KRW,2023
20240320000834,11011,2023,00193328,126720,CFS,연결재무제표,IS,손익계산서,총포괄손익,제 41 기,2023.01.01 ~ 2023.12.31,"46,137,255,219",제 40 기,2022.01.01 ~ 2022.12.31,"44,055,620,534",제 39 기,2021.01.01 ~ 2021.12.31,"63,845,266,660",63,KRW,2023
20240320000834,11011,2023,00193328,126720,OFS,재무제표,BS,재무상태표,유동자산,제 41 기,2023.12.31 현재,"269,505,590,983",제 40 기,2022.12.31 현재,"282,788,168,176",제 39 기,2021.12.31 현재,"130,678,714,901",2,KRW,2023
20240320000834,11011,2023,00193328,126720,OFS,재무제표,BS,재무상태표,비유동자산,제 41 기,2023.12.31 현재,"255,347,454,409",제 40 기,2022.12.31 현재,"209,511,090,555",제 39 기,2021.12.31 현재,"180,496,618,567",4,KRW,2023
20240320000834,11011,2023,00193328,126720,OFS,재무제표,BS,재무상태표,자산총계,제 41 기,2023.12.31 현재,"524,853,045,392",제 40 기,2022.12.31 현재,"492,299,258,731",제 39 기,2021.12.31 현재,"311,175,333,468",6,KRW,2023
20240320000834,11011,2023,00193328,126720,OFS,재무제표,BS,재무상태표,유동부채,제 41 기,2023.12.31 현재,"29,589,693,562",제 40 기,2022.12.31 현재,"32,350,005,041",제 39 기,2021.12.31 현재,"33,228,452,533",8,KRW,2023
20240320000834,11011,2023,00193328,126720,OFS,재무제표,BS,재무상태표,비유동부채,제 41 기,2023.12.31 현재,"1,696,174,660",제 40 기,2022.12.31 현재,"3,300,026,910",제 39 기,2021.12.31 현재,"7,250,003,629",10,KRW,2023
20240320000834,11011,2023,00193328,126720,OFS,재무제표,BS,재무상태표,부채총계,제 41 기,2023.12.31 현재,"31,285,868,222",제 40 기,2022.12.31 현재,"35,650,031,951",제 39 기,2021.12.31 현재,"40,478,456,162",12,KRW,2023
20240320000834,11011,2023,00193328,126720,OFS,재무제표,BS,재무상태표,자본금,제 41 기,2023.12.31 현재,"2,857,200,000",제 40 기,2022.12.31 현재,"2,857,200,000",제 39 기,2021.12.31 현재,"2,000,000,000",15,KRW,2023
20240320000834,11011,2023,00193328,126720,OFS,재무제표,BS,재무상태표,이익잉여금,제 41 기,2023.12.31 현재,"340,825,067,405",제 40 기,2022.12.31 현재,"303,763,966,068",제 39 기,2021.12.31 현재,"264,986,637,429",19,KRW,2023
20240320000834,11011,2023,00193328,126720,OFS,재무제표,BS,재무상태표,자본총계,제 41 기,2023.12.31 현재,"493,567,177,170",제 40 기,2022.12.31 현재,"456,649,226,780",제 39 기,2021.12.31 현재,"270,696,877,306",22,KRW,2023
20240320000834,11011,2023,00193328,126720,OFS,재무제표,IS,손익계산서,매출액,제 41 기,2023.01.01 ~ 2023.12.31,"212,941,762,831",제 40 기,2022.01.01 ~ 2022.12.31,"205,171,983,065",제 39 기,2021.01.01 ~ 2021.12.31,"202,220,777,943",24,KRW,2023
20240320000834,11011,2023,00193328,126720,OFS,재무제표,IS,손익계산서,영업이익,제 41 기,2023.01.01 ~ 2023.12.31,"35,356,593,243",제 40 기,2022.01.01 ~ 2022.12.31,"38,829,652,406",제 39 기,2021.01.01 ~ 2021.12.31,"35,242,803,353",26,KRW,2023
20240320000834,11011,2023,00193328,126720,OFS,재무제표,IS,손익계산서,법인세차감전 순이익,제 41 기,2023.01.01 ~ 2023.12.31,"55,580,965,727",제 40 기,2022.01.01 ~ 2022.12.31,"51,857,024,552",제 39 기,2021.01.01 ~ 2021.12.31,"63,510,287,411",28,KRW,2023
20240320000834,11011,2023,00193328,126720,OFS,재무제표,IS,손익계산서,당기순이익(손실),제 41 기,2023.01.01 ~ 2023.12.31,"47,942,899,391",제 40 기,2022.01.01 ~ 2022.12.31,"40,180,006,656",제 39 기,2021.01.01 ~ 2021.12.31,"52,592,318,483",30,KRW,2023
20240320000834,11011,2023,00193328,126720,OFS,재무제표,IS,손익계산서,당기순이익(손실),제 41 기,2023.01.01 ~ 2023.12.31,"47,942,899,391",제 40 기,2022.01.01 ~ 2022.12.31,"40,180,006,656",제 39 기,2021.01.01 ~ 2021.12.31,"52,592,318,483",62,KRW,2023
20240320000834,11011,2023,00193328,126720,OFS,재무제표,IS,손익계산서,총포괄손익,제 41 기,2023.01.01 ~ 2023.12.31,"45,489,550,390",제 40 기,2022.01.01 ~ 2022.12.31,"42,270,974,514",제 39 기,2021.01.01 ~ 2021.12.31,"62,767,395,768",64,KRW,2023
20250814003023,11011,2024,00193328,126720,CFS,연결재무제표,BS,재무상태표,유동자산,제 42 기,2024.12.31 현재,"348,601,693,442",제 41 기,2023.12.31 현재,"345,622,189,078",제 40 기,2022.12.31 현재,"342,710,063,007",1,KRW,2024
20250814003023,11011,2024,00193328,126720,CFS,연결재무제표,BS,재무상태표,비유동자산,제 42 기,2024.12.31 현재,"275,206,097,788",제 41 기,2023.12.31 현재,"257,621,897,332",제 40 기,2022.12.31 현재,"234,445,368,233",3,KRW,2024
20250814003023,11011,2024,00193328,126720,CFS,연결재무제표,BS,재무상태표,자산총계,제 42 기,2024.12.31 현재,"623,807,791,230",제 41 기,2023.12.31 현재,"603,244,086,410",제 40 기,2022.12.31 현재,"577,155,431,240",5,KRW,2024
20250814003023,11011,2024,00193328,126720,CFS,연결재무제표,BS,재무상태표,유동부채,제 42 기,2024.12.31 현재,"59,153,281,257",제 41 기,2023.12.31 현재,"89,396,405,533",제 40 기,2022.12.31 현재,"60,575,564,385",7,KRW,2024
20250814003023,11011,2024,00193328,126720,CFS,연결재무제표,BS,재무상태표,비유동부채,제 42 기,2024.12.31 현재,"46,259,674,074",제 41 기,2023.12.31 현재,"14,900,444,009",제 40 기,2022.12.31 현재,"53,573,285,206",9,KRW,2024
20250814003023,11011,2024,00193328,126720,CFS,연결재무제표,BS,재무상태표,부채총계,제 42 기,2024.12.31 현재,"105,412,955,331",제 41 기,2023.12.31 현재,"104,296,849,542",제 40 기,2022.12.31 현재,"114,148,849,591",11,KRW,2024
20250814003023,11011,2024,00193328,126720,CFS,연결재무제표,BS,재무상태표,자본금,제 42 기,2024.12.31 현재,"2,857,200,000",제 41 기,2023.12.31 현재,"2,857,200,000",제 40 기,2022.12.31 현재,"2,857,200,000",13,KRW,2024
20250814003023,11011,2024,00193328,126720,CFS,연결재무제표,BS,재무상태표,이익잉여금,제 42 기,2024.12.31 현재,"365,750,526,978",제 41 기,2023.12.31 현재,"343,551,420,022",제 40 기,2022.12.31 현재,"305,659,773,339",17,KRW,2024
20250814003023,11011,2024,00193328,126720,CFS,연결재무제표,BS,재무상태표,자본총계,제 42 기,2024.12.31 현재,"518,394,835,899",제 41 기,2023.12.31 현재,"498,947,236,868",제 40 기,2022.12.31 현재,"463,006,581,649",21,KRW,2024
20250814003023,11011,2024,00193328,126720,CFS,연결재무제표,IS,손익계산서,매출액,제 42 기,2024.01.01 ~ 2024.12.31,"316,791,494,897",제 41 기,2023.01.01 ~ 2023.12.31,"324,740,172,778",제 40 기,2022.01.01 ~ 2022.12.31,"303,539,437,938",23,KRW,2024
20250814003023,11011,2024,00193328,126720,CFS,연결재무제표,IS,손익계산서,영업이익,제 42 기,2024.01.01 ~ 2024.12.31,"43,499,599,612",제 41 기,2023.01.01 ~ 2023.12.31,"50,231,142,470",제 40 기,2022.01.01 ~ 2022.12.31,"50,593,944,044",25,KRW,2024
20250814003023,11011,2024,00193328,126720,CFS,연결재무제표,IS,손익계산서,법인세차감전 순이익,제 42 기,2024.01.01 ~ 2024.12.31,"50,228,737,220",제 41 기,2023.01.01 ~ 2023.12.31,"54,079,632,235",제 40 기,2022.01.01 ~ 2022.12.31,"55,334,489,500",27,KRW,2024
20250814003023,11011,2024,00193328,126720,CFS,연결재무제표,IS,손익계산서,당기순이익(손실),제 42 기,2024.01.01 ~ 2024.12.31,"39,354,053,755",제 41 기,2023.01.01 ~ 2023.12.31,"48,586,664,591",제 40 기,2022.01.01 ~ 2022.12.31,"41,885,696,489",29,KRW,2024
20250814003023,11011,2024,00193328,126720,CFS,연결재무제표,IS,손익계산서,당기순이익(손실),제 42 기,2024.01.01 ~ 2024.12.31,"39,354,053,755",제 41 기,2023.01.01 ~ 2023.12.31,"48,586,664,591",제 40 기,2022.01.01 ~ 2022.12.31,"41,885,696,489",61,KRW,2024
20250814003023,11011,2024,00193328,126720,CFS,연결재무제표,IS,손익계산서,총포괄손익,제 42 기,2024.01.01 ~ 2024.12.31,"35,892,820,281",제 41 기,2023.01.01 ~ 2023.12.31,"46,137,255,219",제 40 기,2022.01.01 ~ 2022.12.31,"44,055,620,534",63,KRW,2024
20250814003023,11011,2024,00193328,126720,OFS,재무제표,BS,재무상태표,유동자산,제 42 기,2024.12.31 현재,"262,403,125,862",제 41 기,2023.12.31 현재,"269,505,590,983",제 40 기,2022.12.31 현재,"282,788,168,176",2,KRW,2024
20250814003023,11011,2024,00193328,126720,OFS,재무제표,BS,재무상태표,비유동자산,제 42 기,2024.12.31 현재,"281,434,271,943",제 41 기,2023.12.31 현재,"255,347,454,409",제 40 기,2022.12.31 현재,"209,511,090,555",4,KRW,2024
20250814003023,11011,2024,00193328,126720,OFS,재무제표,BS,재무상태표,자산총계,제 42 기,2024.12.31 현재,"543,837,397,805",제 41 기,2023.12.31 현재,"524,853,045,392",제 40 기,2022.12.31 현재,"492,299,258,731",6,KRW,2024
20250814003023,11011,2024,00193328,126720,OFS,재무제표,BS,재무상태표,유동부채,제 42 기,2024.12.31 현재,"28,320,900,824",제 41 기,2023.12.31 현재,"29,589,693,562",제 40 기,2022.12.31 현재,"32,350,005,041",8,KRW,2024
20250814003023,11011,2024,00193328,126720,OFS,재무제표,BS,재무상태표,비유동부채,제 42 기,2024.12.31 현재,"2,614,879,733",제 41 기,2023.12.31 현재,"1,696,174,660",제 40 기,2022.12.31 현재,"3,300,026,910",10,KRW,2024
20250814003023,11011,2024,00193328,126720,OFS,재무제표,BS,재무상태표,부채총계,제 42 기,2024.12.31 현재,"30,935,780,557",제 41 기,2023.12.31 현재,"31,285,868,222",제 40 기,2022.12.31 현재,"35,650,031,951",12,KRW,2024
20250814003023,11011,2024,00193328,126720,OFS,재무제표,BS,재무상태표,자본금,제 42 기,2024.12.31 현재,"2,857,200,000",제 41 기,2023.12.31 현재,"2,857,200,000",제 40 기,2022.12.31 현재,"2,857,200,000",15,KRW,2024
20250814003023,11011,2024,00193328,126720,OFS,재무제표,BS,재무상태표,이익잉여금,제 42 기,2024.12.31 현재,"363,024,174,360",제 41 기,2023.12.31 현재,"340,825,067,405",제 40 기,2022.12.31 현재,"303,763,966,068",19,KRW,2024
20250814003023,11011,2024,00193328,126720,OFS,재무제표,BS,재무상태표,자본총계,제 42 기,2024.12.31 현재,"512,901,617,248",제 41 기,2023.12.31 현재,"493,567,177,170",제 40 기,2022.12.31 현재,"456,649,226,780",22,KRW,2024
20250814003023,11011,2024,00193328,126720,OFS,재무제표,IS,손익계산서,매출액,제 42 기,2024.01.01 ~ 2024.12.31,"204,979,507,265",제 41 기,2023.01.01 ~ 2023.12.31,"212,941,762,831",제 40 기,2022.01.01 ~ 2022.12.31,"205,171,983,065",24,KRW,2024
20250814003023,11011,2024,00193328,126720,OFS,재무제표,IS,손익계산서,영업이익,제 42 기,2024.01.01 ~ 2024.12.31,"26,787,141,826",제 41 기,2023.01.01 ~ 2023.12.31,"35,356,593,243",제 40 기,2022.01.01 ~ 2022.12.31,"38,829,652,406",26,KRW,2024
20250814003023,11011,2024,00193328,126720,OFS,재무제표,IS,손익계산서,법인세차감전 순이익,제 42 기,2024.01.01 ~ 2024.12.31,"46,956,086,819",제 41 기,2023.01.01 ~ 2023.12.31,"55,580,965,727",제 40 기,2022.01.01 ~ 2022.12.31,"51,857,024,552",28,KRW,2024
20250814003023,11011,2024,00193328,126720,OFS,재무제표,IS,손익계산서,당기순이익(손실),제 42 기,2024.01.01 ~ 2024.12.31,"39,319,173,312",제 41 기,2023.01.01 ~ 2023.12.31,"47,942,899,391",제 40 기,2022.01.01 ~ 2022.12.31,"40,180,006,656",30,KRW,2024
20250814003023,11011,2024,00193328,126720,OFS,재무제표,IS,손익계산서,당기순이익(손실),제 42 기,2024.01.01 ~ 2024.12.31,"39,319,173,312",제 41 기,2023.01.01 ~ 2023.12.31,"47,942,899,391",제 40 기,2022.01.01 ~ 2022.12.31,"40,180,006,656",62,KRW,2024
20250814003023,11011,2024,00193328,126720,OFS,재무제표,IS,손익계산서,총포괄손익,제 42 기,2024.01.01 ~ 2024.12.31,"35,779,661,328",제 41 기,2023.01.01 ~ 2023.12.31,"45,489,550,390",제 40 기,2022.01.01 ~ 2022.12.31,"42,270,974,514",64,KRW,2024
20210317000676,11011,2020,01515323,373220,CFS,연결재무제표,BS,재무상태표,유동자산,제 1 기,2020.12.31 현재,"9,085,706,000,000",,,-,,,-,1,KRW,2020
20210317000676,11011,2020,01515323,373220,CFS,연결재무제표,BS,재무상태표,비유동자산,제 1 기,2020.12.31 현재,"10,856,089,000,000",,,-,,,-,3,KRW,2020
20210317000676,11011,2020,01515323,373220,CFS,연결재무제표,BS,재무상태표,자산총계,제 1 기,2020.12.31 현재,"19,941,795,000,000",,,-,,,-,5,KRW,2020
20210317000676,11011,2020,01515323,373220,CFS,연결재무제표,BS,재무상태표,유동부채,제 1 기,2020.12.31 현재,"6,889,227,000,000",,,-,,,-,7,KRW,2020
20210317000676,11011,2020,01515323,373220,CFS,연결재무제표,BS,재무상태표,비유동부채,제 1 기,2020.12.31 현재,"5,487,163,000,000",,,-,,,-,9,KRW,2020
20210317000676,11011,2020,01515323,373220,CFS,연결재무제표,BS,재무상태표,부채총계,제 1 기,2020.12.31 현재,"12,376,390,000,000",,,-,,,-,11,KRW,2020
20210317000676,11011,2020,01515323,373220,CFS,연결재무제표,BS,재무상태표,자본금,제 1 기,2020.12.31 현재,"100,000,000,000",,,-,,,-,13,KRW,2020
20210317000676,11011,2020,01515323,373220,CFS,연결재무제표,BS,재무상태표,이익잉여금,제 1 기,2020.12.31 현재,"-453,058,000,000",,,-,,,-,17,KRW,2020
20210317000676,11011,2020,01515323,373220,CFS,연결재무제표,BS,재무상태표,자본총계,제 1 기,2020.12.31 현재,"7,565,405,000,000",,,-,,,-,21,KRW,2020
20210317000676,11011,2020,01515323,373220,CFS,연결재무제표,IS,손익계산서,매출액,제 1 기,2020.12.01 ~ 2020.12.31,"1,461,068,000,000",,,-,,,-,23,KRW,2020
20210317000676,11011,2020,01515323,373220,CFS,연결재무제표,IS,손익계산서,영업이익,제 1 기,2020.12.01 ~ 2020.12.31,"-475,206,000,000",,,-,,,-,25,KRW,2020
20210317000676,11011,2020,01515323,373220,CFS,연결재무제표,IS,손익계산서,법인세차감전 순이익,제 1 기,2020.12.01 ~ 2020.12.31,"-604,854,000,000",,,-,,,-,27,KRW,2020
20210317000676,11011,2020,01515323,373220,CFS,연결재무제표,IS,손익계산서,당기순이익(손실),제 1 기,2020.12.01 ~ 2020.12.31,"-451,771,000,000",,,-,,,-,29,KRW,2020
20210317000676,11011,2020,01515323,373220,CFS,연결재무제표,IS,손익계산서,당기순이익(손실),제 1 기,2020.12.01 ~ 2020.12.31,"-451,771,000,000",,,-,,,-,61,KRW,2020
20210317000676,11011,2020,01515323,373220,OFS,재무제표,BS,재무상태표,유동자산,제 1 기,2020.12.31 현재,"4,188,435,000,000",,,-,,,-,2,KRW,2020
20210317000676,11011,2020,01515323,373220,OFS,재무제표,BS,재무상태표,비유동자산,제 1 기,2020.12.31 현재,"8,154,282,000,000",,,-,,,-,4,KRW,2020
20210317000676,11011,2020,01515323,373220,OFS,재무제표,BS,재무상태표,자산총계,제 1 기,2020.12.31 현재,"12,342,717,000,000",,,-,,,-,6,KRW,2020
20210317000676,11011,2020,01515323,373220,OFS,재무제표,BS,재무상태표,유동부채,제 1 기,2020.12.31 현재,"2,906,851,000,000",,,-,,,-,8,KRW,2020
20210317000676,11011,2020,01515323,373220,OFS,재무제표,BS,재무상태표,비유동부채,제 1 기,2020.12.31 현재,"2,183,768,000,000",,,-,,,-,10,KRW,2020
20210317000676,11011,2020,01515323,373220,OFS,재무제표,BS,재무상태표,부채총계,제 1 기,2020.12.31 현재,"5,090,619,000,000",,,-,,,-,12,KRW,2020
20210317000676,11011,2020,01515323,373220,OFS,재무제표,BS,재무상태표,자본금,제 1 기,2020.12.31 현재,"100,000,000,000",,,-,,,-,15,KRW,2020
20210317000676,11011,2020,01515323,373220,OFS,재무제표,BS,재무상태표,이익잉여금,제 1 기,2020.12.31 현재,"-375,523,000,000",,,-,,,-,19,KRW,2020
20210317000676,11011,2020,01515323,373220,OFS,재무제표,BS,재무상태표,자본총계,제 1 기,2020.12.31 현재,"7,252,098,000,000",,,-,,,-,22,KRW,2020
20210317000676,11011,2020,01515323,373220,OFS,재무제표,IS,손익계산서,매출액,제 1 기,2020.12.01 ~ 2020.12.31,"632,954,000,000",,,-,,,-,24,KRW,2020
20210317000676,11011,2020,01515323,373220,OFS,재무제표,IS,손익계산서,영업이익,제 1 기,2020.12.01 ~ 2020.12.31,"-509,130,000,000",,,-,,,-,26,KRW,2020
20210317000676,11011,2020,01515323,373220,OFS,재무제표,IS,손익계산서,법인세차감전 순이익,제 1 기,2020.12.01 ~ 2020.12.31,"-530,158,000,000",,,-,,,-,28,KRW,2020
20210317000676,11011,2020,01515323,373220,OFS,재무제표,IS,손익계산서,당기순이익(손실),제 1 기,2020.12.01 ~ 2020.12.31,"-377,980,000,000",,,-,,,-,30,KRW,2020
20210317000676,11011,2020,01515323,373220,OFS,재무제표,IS,손익계산서,당기순이익(손실),제 1 기,2020.12.01 ~ 2020.12.31,"-377,980,000,000",,,-,,,-,62,KRW,2020
20220315001026,11011,2021,01515323,373220,CFS,연결재무제표,BS,재무상태표,유동자산,제 2 기,2021.12.31 현재,"9,535,827,000,000",제 1 기,2020.12.31 현재,"9,085,706,000,000",,,-,1,KRW,2021
20220315001026,11011,2021,01515323,373220,CFS,연결재무제표,BS,재무상태표,비유동자산,제 2 기,2021.12.31 현재,"14,228,310,000,000",제 1 기,2020.12.31 현재,"10,856,089,000,000",,,-,3,KRW,2021
20220315001026,11011,2021,01515323,373220,CFS,연결재무제표,BS,재무상태표,자산총계,제 2 기,2021.12.31 현재,"23,764,137,000,000",제 1 기,2020.12.31 현재,"19,941,795,000,000",,,-,5,KRW,2021
20220315001026,11011,2021,01515323,373220,CFS,연결재무제표,BS,재무상태표,유동부채,제 2 기,2021.12.31 현재,"9,474,017,000,000",제 1 기,2020.12.31 현재,"6,889,227,000,000",,,-,7,KRW,2021
20220315001026,11011,2021,01515323,373220,CFS,연결재무제표,BS,재무상태표,비유동부채,제 2 기,2021.12.31 현재,"5,547,747,000,000",제 1 기,2020.12.31 현재,"5,487,163,000,000",,,-,9,KRW,2021
20220315001026,11011,2021,01515323,373220,CFS,연결재무제표,BS,재무상태표,부채총계,제 2 기,2021.12.31 현재,"15,021,764,000,000",제 1 기,2020.12.31 현재,"12,376,390,000,000",,,-,11,KRW,2021
20220315001026,11011,2021,01515323,373220,CFS,연결재무제표,BS,재무상태표,자본금,제 2 기,2021.12.31 현재,"100,000,000,000",제 1 기,2020.12.31 현재,"100,000,000,000",,,-,13,KRW,2021
20220315001026,11011,2021,01515323,373220,CFS,연결재무제표,BS,재무상태표,이익잉여금,제 2 기,2021.12.31 현재,"337,587,000,000",제 1 기,2020.12.31 현재,"-453,058,000,000",,,-,17,KRW,2021
20220315001026,11011,2021,01515323,373220,CFS,연결재무제표,BS,재무상태표,자본총계,제 2 기,2021.12.31 현재,"8,742,373,000,000",제 1 기,2020.12.31 현재,"7,565,405,000,000",,,-,21,KRW,2021
20220315001026,11011,2021,01515323,373220,CFS,연결재무제표,IS,손익계산서,매출액,제 2 기,2021.01.01 ~ 2021.12.31,"17,851,906,000,000",제 1 기,2020.12.01 ~ 2020.12.31,"1,461,068,000,000",,,-,23,KRW,2021
20220315001026,11011,2021,01515323,373220,CFS,연결재무제표,IS,손익계산서,영업이익,제 2 기,2021.01.01 ~ 2021.12.31,"768,470,000,000",제 1 기,2020.12.01 ~ 2020.12.31,"-475,206,000,000",,,-,25,KRW,2021
20220315001026,11011,2021,01515323,373220,CFS,연결재무제표,IS,손익계산서,법인세차감전 순이익,제 2 기,2021.01.01 ~ 2021.12.31,"777,184,000,000",제 1 기,2020.12.01 ~ 2020.12.31,"-604,854,000,000",,,-,27,KRW,2021
20220315001026,11011,2021,01515323,373220,CFS,연결재무제표,IS,손익계산서,당기순이익(손실),제 2 기,2021.01.01 ~ 2021.12.31,"929,868,000,000",제 1 기,2020.12.01 ~ 2020.12.31,"-451,771,000,000",,,-,29,KRW,2021
20220315001026,11011,2021,01515323,373220,CFS,연결재무제표,IS,손익계산서,당기순이익(손실),제 2 기,2021.01.01 ~ 2021.12.31,"929,868,000,000",제 1 기,2020.12.01 ~ 2020.12.31,"-451,771,000,000",,,-,61,KRW,2021
20220315001026,11011,2021,01515323,373220,OFS,재무제표,BS,재무상태표,유동자산,제 2 기,2021.12.31 현재,"3,993,939,000,000",제 1 기,2020.12.31 현재,"4,188,435,000,000",,,-,2,KRW,2021
20220315001026,11011,2021,01515323,373220,OFS,재무제표,BS,재무상태표,비유동자산,제 2 기,2021.12.31 현재,"9,715,697,000,000",제 1 기,2020.12.31 현재,"8,154,282,000,000",,,-,4,KRW,2021
20220315001026,11011,2021,01515323,373220,OFS,재무제표,BS,재무상태표,자산총계,제 2 기,2021.12.31 현재,"13,709,636,000,000",제 1 기,2020.12.31 현재,"12,342,717,000,000",,,-,6,KRW,2021
20220315001026,11011,2021,01515323,373220,OFS,재무제표,BS,재무상태표,유동부채,제 2 기,2021.12.31 현재,"3,949,750,000,000",제 1 기,2020.12.31 현재,"2,906,851,000,000",,,-,8,KRW,2021
20220315001026,11011,2021,01515323,373220,OFS,재무제표,BS,재무상태표,비유동부채,제 2 기,2021.12.31 현재,"2,625,930,000,000",제 1 기,2020.12.31 현재,"2,183,768,000,000",,,-,10,KRW,2021
20220315001026,11011,2021,01515323,373220,OFS,재무제표,BS,재무상태표,부채총계,제 2 기,2021.12.31 현재,"6,575,680,000,000",제 1 기,2020.12.31 현재,"5,090,619,000,000",,,-,12,KRW,2021
20220315001026,11011,2021,01515323,373220,OFS,재무제표,BS,재무상태표,자본금,제 2 기,2021.12.31 현재,"100,000,000,000",제 1 기,2020.12.31 현재,"100,000,000,000",,,-,15,KRW,2021
20220315001026,11011,2021,01515323,373220,OFS,재무제표,BS,재무상태표,이익잉여금,제 2 기,2021.12.31 현재,"-480,338,000,000",제 1 기,2020.12.31 현재,"-375,523,000,000",,,-,19,KRW,2021
20220315001026,11011,2021,01515323,373220,OFS,재무제표,BS,재무상태표,자본총계,제 2 기,2021.12.31 현재,"7,133,956,000,000",제 1 기,2020.12.31 현재,"7,252,098,000,000",,,-,22,KRW,2021
20220315001026,11011,2021,01515323,373220,OFS,재무제표,IS,손익계산서,매출액,제 2 기,2021.01.01 ~ 2021.12.31,"8,387,463,000,000",제 1 기,2020.12.01 ~ 2020.12.31,"632,954,000,000",,,-,24,KRW,2021
20220315001026,11011,2021,01515323,373220,OFS,재무제표,IS,손익계산서,영업이익,제 2 기,2021.01.01 ~ 2021.12.31,"-354,339,000,000",제 1 기,2020.12.01 ~ 2020.12.31,"-509,130,000,000",,,-,26,KRW,2021
20220315001026,11011,2021,01515323,373220,OFS,재무제표,IS,손익계산서,법인세차감전 순이익,제 2 기,2021.01.01 ~ 2021.12.31,"-231,540,000,000",제 1 기,2020.12.01 ~ 2020.12.31,"-530,158,000,000",,,-,28,KRW,2021
20220315001026,11011,2021,01515323,373220,OFS,재무제표,IS,손익계산서,당기순이익(손실),제 2 기,2021.01.01 ~ 2021.12.31,"-102,962,000,000",제 1 기,2020.12.01 ~ 2020.12.31,"-377,980,000,000",,,-,30,KRW,2021
20220315001026,11011,2021,01515323,373220,OFS,재무제표,IS,손익계산서,당기순이익(손실),제 2 기,2021.01.01 ~ 2021.12.31,"-102,962,000,000",제 1 기,2020.12.01 ~ 2020.12.31,"-377,980,000,000",,,-,62,KRW,2021
20230315001342,11011,2022,01515323,373220,CFS,연결재무제표,BS,재무상태표,유동자산,제 3 기,2022.12.31 현재,"18,804,269,000,000",제 2 기,2021.12.31 현재,"9,535,827,000,000",제 1 기,2020.12.31 현재,"9,085,706,000,000",1,KRW,2022
20230315001342,11011,2022,01515323,373220,CFS,연결재무제표,BS,재무상태표,비유동자산,제 3 기,2022.12.31 현재,"19,495,176,000,000",제 2 기,2021.12.31 현재,"14,228,310,000,000",제 1 기,2020.12.31 현재,"10,856,089,000,000",3,KRW,2022
20230315001342,11011,2022,01515323,373220,CFS,연결재무제표,BS,재무상태표,자산총계,제 3 기,2022.12.31 현재,"38,299,445,000,000",제 2 기,2021.12.31 현재,"23,764,137,000,000",제 1 기,2020.12.31 현재,"19,941,795,000,000",5,KRW,2022
20230315001342,11011,2022,01515323,373220,CFS,연결재무제표,BS,재무상태표,유동부채,제 3 기,2022.12.31 현재,"11,444,923,000,000",제 2 기,2021.12.31 현재,"9,474,017,000,000",제 1 기,2020.12.31 현재,"6,889,227,000,000",7,KRW,2022
20230315001342,11011,2022,01515323,373220,CFS,연결재무제표,BS,재무상태표,비유동부채,제 3 기,2022.12.31 현재,"6,260,760,000,000",제 2 기,2021.12.31 현재,"5,547,747,000,000",제 1 기,2020.12.31 현재,"5,487,163,000,000",9,KRW,2022
20230315001342,11011,2022,01515323,373220,CFS,연결재무제표,BS,재무상태표,부채총계,제 3 기,2022.12.31 현재,"17,705,683,000,000",제 2 기,2021.12.31 현재,"15,021,764,000,000",제 1 기,2020.12.31 현재,"12,376,390,000,000",11,KRW,2022
20230315001342,11011,2022,01515323,373220,CFS,연결재무제표,BS,재무상태표,자본금,제 3 기,2022.12.31 현재,"117,000,000,000",제 2 기,2021.12.31 현재,"100,000,000,000",제 1 기,2020.12.31 현재,"100,000,000,000",13,KRW,2022
20230315001342,11011,2022,01515323,373220,CFS,연결재무제표,BS,재무상태표,이익잉여금,제 3 기,2022.12.31 현재,"1,154,518,000,000",제 2 기,2021.12.31 현재,"337,587,000,000",제 1 기,2020.12.31 현재,"-453,058,000,000",17,KRW,2022
20230315001342,11011,2022,01515323,373220,CFS,연결재무제표,BS,재무상태표,자본총계,제 3 기,2022.12.31 현재,"20,593,762,000,000",제 2 기,2021.12.31 현재,"8,742,373,000,000",제 1 기,2020.12.31 현재,"7,565,405,000,000",21,KRW,2022
20230315001342,11011,2022,01515323,373220,CFS,연결재무제표,IS,손익계산서,매출액,제 3 기,2022.01.01 ~ 2022.12.31,"25,598,609,000,000",제 2 기,2021.01.01 ~ 2021.12.31,"17,851,906,000,000",제 1 기,2020.12.01 ~ 2020.12.31,"1,461,068,000,000",23,KRW,2022
20230315001342,11011,2022,01515323,373220,CFS,연결재무제표,IS,손익계산서,영업이익,제 3 기,2022.01.01 ~ 2022.12.31,"1,213,719,000,000",제 2 기,2021.01.01 ~ 2021.12.31,"768,470,000,000",제 1 기,2020.12.01 ~ 2020.12.31,"-475,206,000,000",25,KRW,2022
20230315001342,11011,2022,01515323,373220,CFS,연결재무제표,IS,손익계산서,법인세차감전 순이익,제 3 기,2022.01.01 ~ 2022.12.31,"995,314,000,000",제 2 기,2021.01.01 ~ 2021.12.31,"777,184,000,000",제 1 기,2020.12.01 ~ 2020.12.31,"-604,854,000,000",27,KRW,2022
20230315001342,11011,2022,01515323,373220,CFS,연결재무제표,IS,손익계산서,당기순이익(손실),제 3 기,2022.01.01 ~ 2022.12.31,"779,826,000,000",제 2 기,2021.01.01 ~ 2021.12.31,"929,868,000,000",제 1 기,2020.12.01 ~ 2020.12.31,"-451,771,000,000",29,KRW,2022
20230315001342,11011,2022,01515323,373220,CFS,연결재무제표,IS,손익계산서,당기순이익(손실),제 3 기,2022.01.01 ~ 2022.12.31,"779,826,000,000",제 2 기,2021.01.01 ~ 2021.12.31,"929,868,000,000",제 1 기,2020.12.01 ~ 2020.12.31,"-451,771,000,000",61,KRW,2022
20230315001342,11011,2022,01515323,373220,OFS,재무제표,BS,재무상태표,유동자산,제 3 기,2022.12.31 현재,"9,995,544,000,000",제 2 기,2021.12.31 현재,"3,993,939,000,000",제 1 기,2020.12.31 현재,"4,188,435,000,000",2,KRW,2022
20230315001342,11011,2022,01515323,373220,OFS,재무제표,BS,재무상태표,비유동자산,제 3 기,2022.12.31 현재,"13,207,266,000,000",제 2 기,2021.12.31 현재,"9,715,697,000,000",제 1 기,2020.12.31 현재,"8,154,282,000,000",4,KRW,2022
20230315001342,11011,2022,01515323,373220,OFS,재무제표,BS,재무상태표,자산총계,제 3 기,2022.12.31 현재,"23,202,810,000,000",제 2 기,2021.12.31 현재,"13,709,636,000,000",제 1 기,2020.12.31 현재,"12,342,717,000,000",6,KRW,2022
20230315001342,11011,2022,01515323,373220,OFS,재무제표,BS,재무상태표,유동부채,제 3 기,2022.12.31 현재,"4,608,095,000,000",제 2 기,2021.12.31 현재,"3,949,750,000,000",제 1 기,2020.12.31 현재,"2,906,851,000,000",8,KRW,2022
20230315001342,11011,2022,01515323,373220,OFS,재무제표,BS,재무상태표,비유동부채,제 3 기,2022.12.31 현재,"1,800,143,000,000",제 2 기,2021.12.31 현재,"2,625,930,000,000",제 1 기,2020.12.31 현재,"2,183,768,000,000",10,KRW,2022
20230315001342,11011,2022,01515323,373220,OFS,재무제표,BS,재무상태표,부채총계,제 3 기,2022.12.31 현재,"6,408,238,000,000",제 2 기,2021.12.31 현재,"6,575,680,000,000",제 1 기,2020.12.31 현재,"5,090,619,000,000",12,KRW,2022
20230315001342,11011,2022,01515323,373220,OFS,재무제표,BS,재무상태표,자본금,제 3 기,2022.12.31 현재,"117,000,000,000",제 2 기,2021.12.31 현재,"100,000,000,000",제 1 기,2020.12.31 현재,"100,000,000,000",15,KRW,2022
20230315001342,11011,2022,01515323,373220,OFS,재무제표,BS,재무상태표,이익잉여금,제 3 기,2022.12.31 현재,"-958,790,000,000",제 2 기,2021.12.31 현재,"-480,338,000,000",제 1 기,2020.12.31 현재,"-375,523,000,000",19,KRW,2022
20230315001342,11011,2022,01515323,373220,OFS,재무제표,BS,재무상태표,자본총계,제 3 기,2022.12.31 현재,"16,794,572,000,000",제 2 기,2021.12.31 현재,"7,133,956,000,000",제 1 기,2020.12.31 현재,"7,252,098,000,000",22,KRW,2022
20230315001342,11011,2022,01515323,373220,OFS,재무제표,IS,손익계산서,매출액,제 3 기,2022.01.01 ~ 2022.12.31,"10,581,787,000,000",제 2 기,2021.01.01 ~ 2021.12.31,"8,387,463,000,000",제 1 기,2020.12.01 ~ 2020.12.31,"632,954,000,000",24,KRW,2022
20230315001342,11011,2022,01515323,373220,OFS,재무제표,IS,손익계산서,영업이익,제 3 기,2022.01.01 ~ 2022.12.31,"-676,510,000,000",제 2 기,2021.01.01 ~ 2021.12.31,"-354,339,000,000",제 1 기,2020.12.01 ~ 2020.12.31,"-509,130,000,000",26,KRW,2022
20230315001342,11011,2022,01515323,373220,OFS,재무제표,IS,손익계산서,법인세차감전 순이익,제 3 기,2022.01.01 ~ 2022.12.31,"-683,315,000,000",제 2 기,2021.01.01 ~ 2021.12.31,"-231,540,000,000",제 1 기,2020.12.01 ~ 2020.12.31,"-530,158,000,000",28,KRW,2022
20230315001342,11011,2022,01515323,373220,OFS,재무제표,IS,손익계산서,당기순이익(손실),제 3 기,2022.01.01 ~ 2022.12.31,"-528,127,000,000",제 2 기,2021.01.01 ~ 2021.12.31,"-102,962,000,000",제 1 기,2020.12.01 ~ 2020.12.31,"-377,980,000,000",30,KRW,2022
20230315001342,11011,2022,01515323,373220,OFS,재무제표,IS,손익계산서,당기순이익(손실),제 3 기,2022.01.01 ~ 2022.12.31,"-528,127,000,000",제 2 기,2021.01.01 ~ 2021.12.31,"-102,962,000,000",제 1 기,2020.12.01 ~ 2020.12.31,"-377,980,000,000",62,KRW,2022
20240314001110,11011,2023,01515323,373220,CFS,연결재무제표,BS,재무상태표,유동자산,제 4 기,2023.12.31 현재,"17,208,396,000,000",제 3 기,2022.12.31 현재,"18,804,269,000,000",제 2 기,2021.12.31 현재,"9,535,827,000,000",1,KRW,2023
20240314001110,11011,2023,01515323,373220,CFS,연결재무제표,BS,재무상태표,비유동자산,제 4 기,2023.12.31 현재,"28,228,748,000,000",제 3 기,2022.12.31 현재,"19,495,176,000,000",제 2 기,2021.12.31 현재,"14,228,310,000,000",3,KRW,2023
20240314001110,11011,2023,01515323,373220,CFS,연결재무제표,BS,재무상태표,자산총계,제 4 기,2023.12.31 현재,"45,437,144,000,000",제 3 기,2022.12.31 현재,"38,299,445,000,000",제 2 기,2021.12.31 현재,"23,764,137,000,000",5,KRW,2023
20240314001110,11011,2023,01515323,373220,CFS,연결재무제표,BS,재무상태표,유동부채,제 4 기,2023.12.31 현재,"10,937,185,000,000",제 3 기,2022.12.31 현재,"11,444,923,000,000",제 2 기,2021.12.31 현재,"9,474,017,000,000",7,KRW,2023
20240314001110,11011,2023,01515323,373220,CFS,연결재무제표,BS,재무상태표,비유동부채,제 4 기,2023.12.31 현재,"10,126,450,000,000",제 3 기,2022.12.31 현재,"6,260,760,000,000",제 2 기,2021.12.31 현재,"5,547,747,000,000",9,KRW,2023
20240314001110,11011,2023,01515323,373220,CFS,연결재무제표,BS,재무상태표,부채총계,제 4 기,2023.12.31 현재,"21,063,635,000,000",제 3 기,2022.12.31 현재,"17,705,683,000,000",제 2 기,2021.12.31 현재,"15,021,764,000,000",11,KRW,2023
20240314001110,11011,2023,01515323,373220,CFS,연결재무제표,BS,재무상태표,자본금,제 4 기,2023.12.31 현재,"117,000,000,000",제 3 기,2022.12.31 현재,"117,000,000,000",제 2 기,2021.12.31 현재,"100,000,000,000",13,KRW,2023
20240314001110,11011,2023,01515323,373220,CFS,연결재무제표,BS,재무상태표,이익잉여금,제 4 기,2023.12.31 현재,"2,364,496,000,000",제 3 기,2022.12.31 현재,"1,154,518,000,000",제 2 기,2021.12.31 현재,"337,587,000,000",17,KRW,2023
20240314001110,11011,2023,01515323,373220,CFS,연결재무제표,BS,재무상태표,자본총계,제 4 기,2023.12.31 현재,"24,373,509,000,000",제 3 기,2022.12.31 현재,"20,593,762,000,000",제 2 기,2021.12.31 현재,"8,742,373,000,000",21,KRW,2023
20240314001110,11011,2023,01515323,373220,CFS,연결재무제표,IS,손익계산서,매출액,제 4 기,2023.01.01 ~ 2023.12.31,"33,745,470,000,000",제 3 기,2022.01.01 ~ 2022.12.31,"25,598,609,000,000",제 2 기,2021.01.01 ~ 2021.12.31,"17,851,906,000,000",23,KRW,2023
20240314001110,11011,2023,01515323,373220,CFS,연결재무제표,IS,손익계산서,영업이익,제 4 기,2023.01.01 ~ 2023.12.31,"2,163,234,000,000",제 3 기,2022.01.01 ~ 2022.12.31,"1,213,719,000,000",제 2 기,2021.01.01 ~ 2021.12.31,"768,470,000,000",25,KRW,2023
20240314001110,11011,2023,01515323,373220,CFS,연결재무제표,IS,손익계산서,법인세차감전 순이익,제 4 기,2023.01.01 ~ 2023.12.31,"2,043,460,000,000",제 3 기,2022.01.01 ~ 2022.12.31,"995,314,000,000",제 2 기,2021.01.01 ~ 2021.12.31,"777,184,000,000",27,KRW,2023
20240314001110,11011,2023,01515323,373220,CFS,연결재무제표,IS,손익계산서,당기순이익(손실),제 4 기,2023.01.01 ~ 2023.12.31,"1,637,985,000,000",제 3 기,2022.01.01 ~ 2022.12.31,"779,826,000,000",제 2 기,2021.01.01 ~ 2021.12.31,"929,868,000,000",29,KRW,2023
20240314001110,11011,2023,01515323,373220,CFS,연결재무제표,IS,손익계산서,당기순이익(손실),제 4 기,2023.01.01 ~ 2023.12.31,"1,637,985,000,000",제 3 기,2022.01.01 ~ 2022.12.31,"779,826,000,000",제 2 기,2021.01.01 ~ 2021.12.31,"929,868,000,000",61,KRW,2023
20240314001110,11011,2023,01515323,373220,CFS,연결재무제표,IS,손익계산서,총포괄손익,제 4 기,2023.01.01 ~ 2023.12.31,"1,911,128,000,000",제 3 기,2022.01.01 ~ 2022.12.31,"752,377,000,000",제 2 기,2021.01.01 ~ 2021.12.31,"1,438,374,000,000",63,KRW,2023
20240314001110,11011,2023,01515323,373220,OFS,재무제표,BS,재무상태표,유동자산,제 4 기,2023.12.31 현재,"6,783,743,000,000",제 3 기,2022.12.31 현재,"9,995,544,000,000",제 2 기,2021.12.31 현재,"3,993,939,000,000",2,KRW,2023
20240314001110,11011,2023,01515323,373220,OFS,재무제표,BS,재무상태표,비유동자산,제 4 기,2023.12.31 현재,"16,762,196,000,000",제 3 기,2022.12.31 현재,"13,207,266,000,000",제 2 기,2021.12.31 현재,"9,715,697,000,000",4,KRW,2023
20240314001110,11011,2023,01515323,373220,OFS,재무제표,BS,재무상태표,자산총계,제 4 기,2023.12.31 현재,"23,545,939,000,000",제 3 기,2022.12.31 현재,"23,202,810,000,000",제 2 기,2021.12.31 현재,"13,709,636,000,000",6,KRW,2023
20240314001110,11011,2023,01515323,373220,OFS,재무제표,BS,재무상태표,유동부채,제 4 기,2023.12.31 현재,"3,510,919,000,000",제 3 기,2022.12.31 현재,"4,608,095,000,000",제 2 기,2021.12.31 현재,"3,949,750,000,000",8,KRW,2023
20240314001110,11011,2023,01515323,373220,OFS,재무제표,BS,재무상태표,비유동부채,제 4 기,2023.12.31 현재,"3,433,526,000,000",제 3 기,2022.12.31 현재,"1,800,143,000,000",제 2 기,2021.12.31 현재,"2,625,930,000,000",10,KRW,2023
20240314001110,11011,2023,01515323,373220,OFS,재무제표,BS,재무상태표,부채총계,제 4 기,2023.12.31 현재,"6,944,445,000,000",제 3 기,2022.12.31 현재,"6,408,238,000,000",제 2 기,2021.12.31 현재,"6,575,680,000,000",12,KRW,2023
20240314001110,11011,2023,01515323,373220,OFS,재무제표,BS,재무상태표,자본금,제 4 기,2023.12.31 현재,"117,000,000,000",제 3 기,2022.12.31 현재,"117,000,000,000",제 2 기,2021.12.31 현재,"100,000,000,000",15,KRW,2023
20240314001110,11011,2023,01515323,373220,OFS,재무제표,BS,재무상태표,이익잉여금,제 4 기,2023.12.31 현재,"-1,051,712,000,000",제 3 기,2022.12.31 현재,"-958,790,000,000",제 2 기,2021.12.31 현재,"-480,338,000,000",19,KRW,2023
20240314001110,11011,2023,01515323,373220,OFS,재무제표,BS,재무상태표,자본총계,제 4 기,2023.12.31 현재,"16,601,494,000,000",제 3 기,2022.12.31 현재,"16,794,572,000,000",제 2 기,2021.12.31 현재,"7,133,956,000,000",22,KRW,2023
20240314001110,11011,2023,01515323,373220,OFS,재무제표,IS,손익계산서,매출액,제 4 기,2023.01.01 ~ 2023.12.31,"12,288,439,000,000",제 3 기,2022.01.01 ~ 2022.12.31,"10,581,787,000,000",제 2 기,2021.01.01 ~ 2021.12.31,"8,387,463,000,000",24,KRW,2023
20240314001110,11011,2023,01515323,373220,OFS,재무제표,IS,손익계산서,영업이익,제 4 기,2023.01.01 ~ 2023.12.31,"-318,914,000,000",제 3 기,2022.01.01 ~ 2022.12.31,"-676,510,000,000",제 2 기,2021.01.01 ~ 2021.12.31,"-354,339,000,000",26,KRW,2023
20240314001110,11011,2023,01515323,373220,OFS,재무제표,IS,손익계산서,법인세차감전 순이익,제 4 기,2023.01.01 ~ 2023.12.31,"26,226,000,000",제 3 기,2022.01.01 ~ 2022.12.31,"-683,315,000,000",제 2 기,2021.01.01 ~ 2021.12.31,"-231,540,000,000",28,KRW,2023
20240314001110,11011,2023,01515323,373220,OFS,재무제표,IS,손익계산서,당기순이익(손실),제 4 기,2023.01.01 ~ 2023.12.31,"-65,689,000,000",제 3 기,2022.01.01 ~ 2022.12.31,"-528,127,000,000",제 2 기,2021.01.01 ~ 2021.12.31,"-102,962,000,000",30,KRW,2023
20240314001110,11011,2023,01515323,373220,OFS,재무제표,IS,손익계산서,당기순이익(손실),제 4 기,2023.01.01 ~ 2023.12.31,"-65,689,000,000",제 3 기,2022.01.01 ~ 2022.12.31,"-528,127,000,000",제 2 기,2021.01.01 ~ 2021.12.31,"-102,962,000,000",62,KRW,2023
20240314001110,11011,2023,01515323,373220,OFS,재무제표,IS,손익계산서,총포괄손익,제 4 기,2023.01.01 ~ 2023.12.31,"-193,078,000,000",제 3 기,2022.01.01 ~ 2022.12.31,"-435,755,000,000",제 2 기,2021.01.01 ~ 2021.12.31,"-118,142,000,000",64,KRW,2023
20250312000405,11011,2024,01515323,373220,CFS,연결재무제표,BS,재무상태표,유동자산,제 5 기,2024.12.31 현재,"15,327,395,000,000",제 4 기,2023.12.31 현재,"17,208,396,000,000",제 3 기,2022.12.31 현재,"18,804,269,000,000",1,KRW,2024
20250312000405,11011,2024,01515323,373220,CFS,연결재무제표,BS,재무상태표,비유동자산,제 5 기,2024.12.31 현재,"44,979,396,000,000",제 4 기,2023.12.31 현재,"28,228,748,000,000",제 3 기,2022.12.31 현재,"19,495,176,000,000",3,KRW,2024
20250312000405,11011,2024,01515323,373220,CFS,연결재무제표,BS,재무상태표,자산총계,제 5 기,2024.12.31 현재,"60,306,791,000,000",제 4 기,2023.12.31 현재,"45,437,144,000,000",제 3 기,2022.12.31 현재,"38,299,445,000,000",5,KRW,2024
20250312000405,11011,2024,01515323,373220,CFS,연결재무제표,BS,재무상태표,유동부채,제 5 기,2024.12.31 현재,"12,054,922,000,000",제 4 기,2023.12.31 현재,"10,937,185,000,000",제 3 기,2022.12.31 현재,"11,444,923,000,000",7,KRW,2024
20250312000405,11011,2024,01515323,373220,CFS,연결재무제표,BS,재무상태표,비유동부채,제 5 기,2024.12.31 현재,"17,285,326,000,000",제 4 기,2023.12.31 현재,"10,126,450,000,000",제 3 기,2022.12.31 현재,"6,260,760,000,000",9,KRW,2024
20250312000405,11011,2024,01515323,373220,CFS,연결재무제표,BS,재무상태표,부채총계,제 5 기,2024.12.31 현재,"29,340,248,000,000",제 4 기,2023.12.31 현재,"21,063,635,000,000",제 3 기,2022.12.31 현재,"17,705,683,000,000",11,KRW,2024
20250312000405,11011,2024,01515323,373220,CFS,연결재무제표,BS,재무상태표,자본금,제 5 기,2024.12.31 현재,"117,000,000,000",제 4 기,2023.12.31 현재,"117,000,000,000",제 3 기,2022.12.31 현재,"117,000,000,000",13,KRW,2024
20250312000405,11011,2024,01515323,373220,CFS,연결재무제표,BS,재무상태표,이익잉여금,제 5 기,2024.12.31 현재,"1,397,211,000,000",제 4 기,2023.12.31 현재,"2,364,496,000,000",제 3 기,2022.12.31 현재,"1,154,518,000,000",17,KRW,2024
20250312000405,11011,2024,01515323,373220,CFS,연결재무제표,BS,재무상태표,자본총계,제 5 기,2024.12.31 현재,"30,966,543,000,000",제 4 기,2023.12.31 현재,"24,373,509,000,000",제 3 기,2022.12.31 현재,"20,593,762,000,000",21,KRW,2024
20250312000405,11011,2024,01515323,373220,CFS,연결재무제표,IS,손익계산서,매출액,제 5 기,2024.01.01 ~ 2024.12.31,"25,619,585,000,000",제 4 기,2023.01.01 ~ 2023.12.31,"33,745,470,000,000",제 3 기,2022.01.01 ~ 2022.12.31,"25,598,609,000,000",23,KRW,2024
20250312000405,11011,2024,01515323,373220,CFS,연결재무제표,IS,손익계산서,영업이익,제 5 기,2024.01.01 ~ 2024.12.31,"575,387,000,000",제 4 기,2023.01.01 ~ 2023.12.31,"2,163,234,000,000",제 3 기,2022.01.01 ~ 2022.12.31,"1,213,719,000,000",25,KRW,2024
20250312000405,11011,2024,01515323,373220,CFS,연결재무제표,IS,손익계산서,법인세차감전 순이익,제 5 기,2024.01.01 ~ 2024.12.31,"348,871,000,000",제 4 기,2023.01.01 ~ 2023.12.31,"2,043,460,000,000",제 3 기,2022.01.01 ~ 2022.12.31,"995,314,000,000",27,KRW,2024
20250312000405,11011,2024,01515323,373220,CFS,연결재무제표,IS,손익계산서,당기순이익(손실),제 5 기,2024.01.01 ~ 2024.12.31,"338,602,000,000",제 4 기,2023.01.01 ~ 2023.12.31,"1,637,985,000,000",제 3 기,2022.01.01 ~ 2022.12.31,"779,826,000,000",29,KRW,2024
20250312000405,11011,2024,01515323,373220,CFS,연결재무제표,IS,손익계산서,당기순이익(손실),제 5 기,2024.01.01 ~ 2024.12.31,"338,602,000,000",제 4 기,2023.01.01 ~ 2023.12.31,"1,637,985,000,000",제 3 기,2022.01.01 ~ 2022.12.31,"779,826,000,000",61,KRW,2024
20250312000405,11011,2024,01515323,373220,CFS,연결재무제표,IS,손익계산서,총포괄손익,제 5 기,2024.01.01 ~ 2024.12.31,"3,217,341,000,000",제 4 기,2023.01.01 ~ 2023.12.31,"1,911,128,000,000",제 3 기,2022.01.01 ~ 2022.12.31,"752,377,000,000",63,KRW,2024
20250312000405,11011,2024,01515323,373220,OFS,재무제표,BS,재무상태표,유동자산,제 5 기,2024.12.31 현재,"5,593,785,000,000",제 4 기,2023.12.31 현재,"6,783,743,000,000",제 3 기,2022.12.31 현재,"9,995,544,000,000",2,KRW,2024
20250312000405,11011,2024,01515323,373220,OFS,재무제표,BS,재무상태표,비유동자산,제 5 기,2024.12.31 현재,"22,047,025,000,000",제 4 기,2023.12.31 현재,"16,762,196,000,000",제 3 기,2022.12.31 현재,"13,207,266,000,000",4,KRW,2024
20250312000405,11011,2024,01515323,373220,OFS,재무제표,BS,재무상태표,자산총계,제 5 기,2024.12.31 현재,"27,640,810,000,000",제 4 기,2023.12.31 현재,"23,545,939,000,000",제 3 기,2022.12.31 현재,"23,202,810,000,000",6,KRW,2024
20250312000405,11011,2024,01515323,373220,OFS,재무제표,BS,재무상태표,유동부채,제 5 기,2024.12.31 현재,"3,912,473,000,000",제 4 기,2023.12.31 현재,"3,510,919,000,000",제 3 기,2022.12.31 현재,"4,608,095,000,000",8,KRW,2024
20250312000405,11011,2024,01515323,373220,OFS,재무제표,BS,재무상태표,비유동부채,제 5 기,2024.12.31 현재,"8,011,257,000,000",제 4 기,2023.12.31 현재,"3,433,526,000,000",제 3 기,2022.12.31 현재,"1,800,143,000,000",10,KRW,2024
20250312000405,11011,2024,01515323,373220,OFS,재무제표,BS,재무상태표,부채총계,제 5 기,2024.12.31 현재,"11,923,730,000,000",제 4 기,2023.12.31 현재,"6,944,445,000,000",제 3 기,2022.12.31 현재,"6,408,238,000,000",12,KRW,2024
20250312000405,11011,2024,01515323,373220,OFS,재무제표,BS,재무상태표,자본금,제 5 기,2024.12.31 현재,"117,000,000,000",제 4 기,2023.12.31 현재,"117,000,000,000",제 3 기,2022.12.31 현재,"117,000,000,000",15,KRW,2024
20250312000405,11011,2024,01515323,373220,OFS,재무제표,BS,재무상태표,이익잉여금,제 5 기,2024.12.31 현재,"-1,938,044,000,000",제 4 기,2023.12.31 현재,"-1,051,712,000,000",제 3 기,2022.12.31 현재,"-958,790,000,000",19,KRW,2024
20250312000405,11011,2024,01515323,373220,OFS,재무제표,BS,재무상태표,자본총계,제 5 기,2024.12.31 현재,"15,717,080,000,000",제 4 기,2023.12.31 현재,"16,601,494,000,000",제 3 기,2022.12.31 현재,"16,794,572,000,000",22,KRW,2024
20250312000405,11011,2024,01515323,373220,OFS,재무제표,IS,손익계산서,매출액,제 5 기,2024.01.01 ~ 2024.12.31,"7,926,651,000,000",제 4 기,2023.01.01 ~ 2023.12.31,"12,288,439,000,000",제 3 기,2022.01.01 ~ 2022.12.31,"10,581,787,000,000",24,KRW,2024
20250312000405,11011,2024,01515323,373220,OFS,재무제표,IS,손익계산서,영업이익,제 5 기,2024.01.01 ~ 2024.12.31,"-2,305,178,000,000",제 4 기,2023.01.01 ~ 2023.12.31,"-318,914,000,000",제 3 기,2022.01.01 ~ 2022.12.31,"-676,510,000,000",26,KRW,2024
20250312000405,11011,2024,01515323,373220,OFS,재무제표,IS,손익계산서,법인세차감전 순이익,제 5 기,2024.01.01 ~ 2024.12.31,"-1,075,707,000,000",제 4 기,2023.01.01 ~ 2023.12.31,"26,226,000,000",제 3 기,2022.01.01 ~ 2022.12.31,"-683,315,000,000",28,KRW,2024
20250312000405,11011,2024,01515323,373220,OFS,재무제표,IS,손익계산서,당기순이익(손실),제 5 기,2024.01.01 ~ 2024.12.31,"-937,643,000,000",제 4 기,2023.01.01 ~ 2023.12.31,"-65,689,000,000",제 3 기,2022.01.01 ~ 2022.12.31,"-528,127,000,000",30,KRW,2024
20250312000405,11011,2024,01515323,373220,OFS,재무제표,IS,손익계산서,당기순이익(손실),제 5 기,2024.01.01 ~ 2024.12.31,"-937,643,000,000",제 4 기,2023.01.01 ~ 2023.12.31,"-65,689,000,000",제 3 기,2022.01.01 ~ 2022.12.31,"-528,127,000,000",62,KRW,2024
20250312000405,11011,2024,01515323,373220,OFS,재무제표,IS,손익계산서,총포괄손익,제 5 기,2024.01.01 ~ 2024.12.31,"-884,414,000,000",제 4 기,2023.01.01 ~ 2023.12.31,"-193,078,000,000",제 3 기,2022.01.01 ~ 2022.12.31,"-435,755,000,000",64,KRW,2024
20220321001421,11011,2021,01323032,381970,OFS,재무제표,BS,재무상태표,유동자산,제 5 기,2021.12.31 현재,"286,994,290,863",제 4 기,2020.12.31 현재,"188,905,274,888",제 3 기,2019.12.31 현재,"168,521,638,299",2,KRW,2021
20220321001421,11011,2021,01323032,381970,OFS,재무제표,BS,재무상태표,비유동자산,제 5 기,2021.12.31 현재,"263,029,688,449",제 4 기,2020.12.31 현재,"153,409,183,704",제 3 기,2019.12.31 현재,"151,493,088,083",4,KRW,2021
20220321001421,11011,2021,01323032,381970,OFS,재무제표,BS,재무상태표,자산총계,제 5 기,2021.12.31 현재,"550,023,979,312",제 4 기,2020.12.31 현재,"342,314,458,592",제 3 기,2019.12.31 현재,"320,014,726,382",6,KRW,2021
20220321001421,11011,2021,01323032,381970,OFS,재무제표,BS,재무상태표,유동부채,제 5 기,2021.12.31 현재,"198,596,874,798",제 4 기,2020.12.31 현재,"36,675,340,005",제 3 기,2019.12.31 현재,"28,586,717,019",8,KRW,2021
20220321001421,11011,2021,01323032,381970,OFS,재무제표,BS,재무상태표,비유동부채,제 5 기,2021.12.31 현재,"75,954,717,230",제 4 기,2020.12.31 현재,"134,673,235,633",제 3 기,2019.12.31 현재,"143,060,200,127",10,KRW,2021
20220321001421,11011,2021,01323032,381970,OFS,재무제표,BS,재무상태표,부채총계,제 5 기,2021.12.31 현재,"274,551,592,028",제 4 기,2020.12.31 현재,"171,348,575,638",제 3 기,2019.12.31 현재,"171,646,917,146",12,KRW,2021
20220321001421,11011,2021,01323032,381970,OFS,재무제표,BS,재무상태표,자본금,제 5 기,2021.12.31 현재,"24,043,266,500",제 4 기,2020.12.31 현재,"6,675,500,000",제 3 기,2019.12.31 현재,"6,675,500,000",15,KRW,2021
20220321001421,11011,2021,01323032,381970,OFS,재무제표,BS,재무상태표,이익잉여금,제 5 기,2021.12.31 현재,"148,460,515,570",제 4 기,2020.12.31 현재,"137,552,002,954",제 3 기,2019.12.31 현재,"14,953,929,236",19,KRW,2021
20220321001421,11011,2021,01323032,381970,OFS,재무제표,BS,재무상태표,자본총계,제 5 기,2021.12.31 현재,"275,472,387,284",제 4 기,2020.12.31 현재,"170,965,882,954",제 3 기,2019.12.31 현재,"148,367,809,236",22,KRW,2021
20220321001421,11011,2021,01323032,381970,OFS,재무제표,IS,손익계산서,매출액,제 5 기,2021.01.01 ~ 2021.12.31,"1,902,394,224,458",제 4 기,2020.01.01 ~ 2020.12.31,"1,323,113,771,001",제 3 기,2019.01.01 ~ 2019.12.31,"1,185,355,254,882",24,KRW,2021
20220321001421,11011,2021,01323032,381970,OFS,재무제표,IS,손익계산서,영업이익,제 5 기,2021.01.01 ~ 2021.12.31,"71,108,716,318",제 4 기,2020.01.01 ~ 2020.12.31,"37,698,382,084",제 3 기,2019.01.01 ~ 2019.12.31,"29,204,442,590",26,KRW,2021
20220321001421,11011,2021,01323032,381970,OFS,재무제표,IS,손익계산서,법인세차감전 순이익,제 5 기,2021.01.01 ~ 2021.12.31,"62,536,622,867",제 4 기,2020.01.01 ~ 2020.12.31,"30,985,399,087",제 3 기,2019.01.01 ~ 2019.12.31,"19,275,864,758",28,KRW,2021
20220321001421,11011,2021,01323032,381970,OFS,재무제표,IS,손익계산서,당기순이익(손실),제 5 기,2021.01.01 ~ 2021.12.31,"46,775,528,905",제 4 기,2020.01.01 ~ 2020.12.31,"24,129,650,112",제 3 기,2019.01.01 ~ 2019.12.31,"14,777,784,751",30,KRW,2021
20220321001421,11011,2021,01323032,381970,OFS,재무제표,IS,손익계산서,당기순이익(손실),제 5 기,2021.01.01 ~ 2021.12.31,"46,775,528,905",제 4 기,2020.01.01 ~ 2020.12.31,"24,129,650,112",제 3 기,2019.01.01 ~ 2019.12.31,"14,777,784,751",62,KRW,2021
20230407002574,11011,2022,01323032,381970,OFS,재무제표,BS,재무상태표,유동자산,제 6 기,2022.12.31 현재,"243,477,563,033",제 5 기,2021.12.31 현재,"286,994,290,863",제 4 기,2020.12.31 현재,"188,905,274,888",2,KRW,2022
20230407002574,11011,2022,01323032,381970,OFS,재무제표,BS,재무상태표,비유동자산,제 6 기,2022.12.31 현재,"290,879,127,776",제 5 기,2021.12.31 현재,"263,029,688,449",제 4 기,2020.12.31 현재,"153,409,183,704",4,KRW,2022
20230407002574,11011,2022,01323032,381970,OFS,재무제표,BS,재무상태표,자산총계,제 6 기,2022.12.31 현재,"534,356,690,809",제 5 기,2021.12.31 현재,"550,023,979,312",제 4 기,2020.12.31 현재,"342,314,458,592",6,KRW,2022
20230407002574,11011,2022,01323032,381970,OFS,재무제표,BS,재무상태표,유동부채,제 6 기,2022.12.31 현재,"119,999,831,729",제 5 기,2021.12.31 현재,"198,596,874,798",제 4 기,2020.12.31 현재,"36,675,340,005",8,KRW,2022
20230407002574,11011,2022,01323032,381970,OFS,재무제표,BS,재무상태표,비유동부채,제 6 기,2022.12.31 현재,"168,535,792,202",제 5 기,2021.12.31 현재,"75,954,717,230",제 4 기,2020.12.31 현재,"134,673,235,633",10,KRW,2022
20230407002574,11011,2022,01323032,381970,OFS,재무제표,BS,재무상태표,부채총계,제 6 기,2022.12.31 현재,"288,535,623,931",제 5 기,2021.12.31 현재,"274,551,592,028",제 4 기,2020.12.31 현재,"171,348,575,638",12,KRW,2022
20230407002574,11011,2022,01323032,381970,OFS,재무제표,BS,재무상태표,자본금,제 6 기,2022.12.31 현재,"24,043,266,500",제 5 기,2021.12.31 현재,"24,043,266,500",제 4 기,2020.12.31 현재,"6,675,500,000",15,KRW,2022
20230407002574,11011,2022,01323032,381970,OFS,재무제표,BS,재무상태표,이익잉여금,제 6 기,2022.12.31 현재,"117,150,888,560",제 5 기,2021.12.31 현재,"148,460,515,570",제 4 기,2020.12.31 현재,"137,552,002,954",19,KRW,2022
20230407002574,11011,2022,01323032,381970,OFS,재무제표,BS,재무상태표,자본총계,제 6 기,2022.12.31 현재,"245,821,066,878",제 5 기,2021.12.31 현재,"275,472,387,284",제 4 기,2020.12.31 현재,"170,965,882,954",22,KRW,2022
20230407002574,11011,2022,01323032,381970,OFS,재무제표,IS,손익계산서,매출액,제 6 기,2022.01.01 ~ 2022.12.31,"2,177,261,973,592",제 5 기,2021.01.01 ~ 2021.12.31,"1,902,394,224,458",제 4 기,2020.01.01 ~ 2020.12.31,"1,323,113,771,001",24,KRW,2022
20230407002574,11011,2022,01323032,381970,OFS,재무제표,IS,손익계산서,영업이익,제 6 기,2022.01.01 ~ 2022.12.31,"50,047,663,225",제 5 기,2021.01.01 ~ 2021.12.31,"71,108,716,318",제 4 기,2020.01.01 ~ 2020.12.31,"37,698,382,084",26,KRW,2022
20230407002574,11011,2022,01323032,381970,OFS,재무제표,IS,손익계산서,법인세차감전 순이익,제 6 기,2022.01.01 ~ 2022.12.31,"39,570,210,370",제 5 기,2021.01.01 ~ 2021.12.31,"62,536,622,867",제 4 기,2020.01.01 ~ 2020.12.31,"30,985,399,087",28,KRW,2022
20230407002574,11011,2022,01323032,381970,OFS,재무제표,IS,손익계산서,당기순이익(손실),제 6 기,2022.01.01 ~ 2022.12.31,"30,363,688,765",제 5 기,2021.01.01 ~ 2021.12.31,"46,775,528,905",제 4 기,2020.01.01 ~ 2020.12.31,"24,129,650,112",30,KRW,2022
20230407002574,11011,2022,01323032,381970,OFS,재무제표,IS,손익계산서,당기순이익(손실),제 6 기,2022.01.01 ~ 2022.12.31,"30,363,688,765",제 5 기,2021.01.01 ~ 2021.12.31,"46,775,528,905",제 4 기,2020.01.01 ~ 2020.12.31,"24,129,650,112",62,KRW,2022
20240424000584,11011,2023,01323032,381970,OFS,재무제표,BS,재무상태표,유동자산,제 7 기,2023.12.31 현재,"254,669,593,026",제 6 기,2022.12.31 현재,"243,477,563,033",제 5 기,2021.12.31 현재,"286,994,290,863",2,KRW,2023
20240424000584,11011,2023,01323032,381970,OFS,재무제표,BS,재무상태표,비유동자산,제 7 기,2023.12.31 현재,"299,448,699,931",제 6 기,2022.12.31 현재,"290,879,127,776",제 5 기,2021.12.31 현재,"263,029,688,449",4,KRW,2023
20240424000584,11011,2023,01323032,381970,OFS,재무제표,BS,재무상태표,자산총계,제 7 기,2023.12.31 현재,"554,118,292,957",제 6 기,2022.12.31 현재,"534,356,690,809",제 5 기,2021.12.31 현재,"550,023,979,312",6,KRW,2023
20240424000584,11011,2023,01323032,381970,OFS,재무제표,BS,재무상태표,유동부채,제 7 기,2023.12.31 현재,"154,886,156,926",제 6 기,2022.12.31 현재,"119,999,831,729",제 5 기,2021.12.31 현재,"198,596,874,798",8,KRW,2023
20240424000584,11011,2023,01323032,381970,OFS,재무제표,BS,재무상태표,비유동부채,제 7 기,2023.12.31 현재,"164,316,263,622",제 6 기,2022.12.31 현재,"168,535,792,202",제 5 기,2021.12.31 현재,"75,954,717,230",10,KRW,2023
20240424000584,11011,2023,01323032,381970,OFS,재무제표,BS,재무상태표,부채총계,제 7 기,2023.12.31 현재,"319,202,420,548",제 6 기,2022.12.31 현재,"288,535,623,931",제 5 기,2021.12.31 현재,"274,551,592,028",12,KRW,2023
20240424000584,11011,2023,01323032,381970,OFS,재무제표,BS,재무상태표,자본금,제 7 기,2023.12.31 현재,"24,091,036,500",제 6 기,2022.12.31 현재,"24,043,266,500",제 5 기,2021.12.31 현재,"24,043,266,500",15,KRW,2023
20240424000584,11011,2023,01323032,381970,OFS,재무제표,BS,재무상태표,이익잉여금,제 7 기,2023.12.31 현재,"105,291,551,881",제 6 기,2022.12.31 현재,"117,150,888,560",제 5 기,2021.12.31 현재,"148,460,515,570",19,KRW,2023
20240424000584,11011,2023,01323032,381970,OFS,재무제표,BS,재무상태표,자본총계,제 7 기,2023.12.31 현재,"234,915,872,409",제 6 기,2022.12.31 현재,"245,821,066,878",제 5 기,2021.12.31 현재,"275,472,387,284",22,KRW,2023
20240424000584,11011,2023,01323032,381970,OFS,재무제표,IS,손익계산서,매출액,제 7 기,2023.01.01 ~ 2023.12.31,"2,047,566,232,203",제 6 기,2022.01.01 ~ 2022.12.31,"2,177,261,973,592",제 5 기,2021.01.01 ~ 2021.12.31,"1,902,394,224,458",24,KRW,2023
20240424000584,11011,2023,01323032,381970,OFS,재무제표,IS,손익계산서,영업이익,제 7 기,2023.01.01 ~ 2023.12.31,"59,013,290,449",제 6 기,2022.01.01 ~ 2022.12.31,"50,047,663,225",제 5 기,2021.01.01 ~ 2021.12.31,"71,108,716,318",26,KRW,2023
20240424000584,11011,2023,01323032,381970,OFS,재무제표,IS,손익계산서,법인세차감전 순이익,제 7 기,2023.01.01 ~ 2023.12.31,"42,204,994,974",제 6 기,2022.01.01 ~ 2022.12.31,"39,570,210,370",제 5 기,2021.01.01 ~ 2021.12.31,"62,536,622,867",28,KRW,2023
20240424000584,11011,2023,01323032,381970,OFS,재무제표,IS,손익계산서,당기순이익(손실),제 7 기,2023.01.01 ~ 2023.12.31,"28,365,697,237",제 6 기,2022.01.01 ~ 2022.12.31,"30,363,688,765",제 5 기,2021.01.01 ~ 2021.12.31,"46,775,528,905",30,KRW,2023
20240424000584,11011,2023,01323032,381970,OFS,재무제표,BS,재무상태표,파생상품부채,제 7 기,2023.12.31 현재,0,제 6 기,2022.12.31 현재,0,제 5 기,2021.12.31 현재,"10,460,406",50,KRW,2023
20240424000584,11011,2023,01323032,381970,OFS,재무제표,IS,손익계산서,당기순이익(손실),제 7 기,2023.01.01 ~ 2023.12.31,"28,365,697,237",제 6 기,2022.01.01 ~ 2022.12.31,"30,363,688,765",제 5 기,2021.01.01 ~ 2021.12.31,"46,775,528,905",62,KRW,2023
20240424000584,11011,2023,01323032,381970,OFS,재무제표,IS,손익계산서,총포괄손익,제 7 기,2023.01.01 ~ 2023.12.31,"24,686,428,401",제 6 기,2022.01.01 ~ 2022.12.31,"32,164,596,550",제 5 기,2021.01.01 ~ 2021.12.31,"45,621,112,616",64,KRW,2023
20250318000964,11011,2024,01323032,381970,OFS,재무제표,BS,재무상태표,유동자산,제 8 기,2024.12.31 현재,"231,704,436,352",제 7 기,2023.12.31 현재,"254,669,593,026",제 6 기,2022.12.31 현재,"243,477,563,033",2,KRW,2024
20250318000964,11011,2024,01323032,381970,OFS,재무제표,BS,재무상태표,비유동자산,제 8 기,2024.12.31 현재,"293,143,161,786",제 7 기,2023.12.31 현재,"299,448,699,931",제 6 기,2022.12.31 현재,"290,879,127,776",4,KRW,2024
20250318000964,11011,2024,01323032,381970,OFS,재무제표,BS,재무상태표,자산총계,제 8 기,2024.12.31 현재,"524,847,598,138",제 7 기,2023.12.31 현재,"554,118,292,957",제 6 기,2022.12.31 현재,"534,356,690,809",6,KRW,2024
20250318000964,11011,2024,01323032,381970,OFS,재무제표,BS,재무상태표,유동부채,제 8 기,2024.12.31 현재,"252,576,760,212",제 7 기,2023.12.31 현재,"154,886,156,926",제 6 기,2022.12.31 현재,"119,999,831,729",8,KRW,2024
20250318000964,11011,2024,01323032,381970,OFS,재무제표,BS,재무상태표,비유동부채,제 8 기,2024.12.31 현재,"46,483,299,384",제 7 기,2023.12.31 현재,"164,316,263,622",제 6 기,2022.12.31 현재,"168,535,792,202",10,KRW,2024
20250318000964,11011,2024,01323032,381970,OFS,재무제표,BS,재무상태표,부채총계,제 8 기,2024.12.31 현재,"299,060,059,596",제 7 기,2023.12.31 현재,"319,202,420,548",제 6 기,2022.12.31 현재,"288,535,623,931",12,KRW,2024
20250318000964,11011,2024,01323032,381970,OFS,재무제표,BS,재무상태표,자본금,제 8 기,2024.12.31 현재,"24,091,036,500",제 7 기,2023.12.31 현재,"24,091,036,500",제 6 기,2022.12.31 현재,"24,043,266,500",15,KRW,2024
20250318000964,11011,2024,01323032,381970,OFS,재무제표,BS,재무상태표,이익잉여금,제 8 기,2024.12.31 현재,"96,163,218,014",제 7 기,2023.12.31 현재,"105,291,551,881",제 6 기,2022.12.31 현재,"117,150,888,560",19,KRW,2024
20250318000964,11011,2024,01323032,381970,OFS,재무제표,BS,재무상태표,자본총계,제 8 기,2024.12.31 현재,"225,787,538,542",제 7 기,2023.12.31 현재,"234,915,872,409",제 6 기,2022.12.31 현재,"245,821,066,878",22,KRW,2024
20250318000964,11011,2024,01323032,381970,OFS,재무제표,IS,손익계산서,매출액,제 8 기,2024.01.01 ~ 2024.12.31,"2,301,530,094,719",제 7 기,2023.01.01 ~ 2023.12.31,"2,047,566,232,203",제 6 기,2022.01.01 ~ 2022.12.31,"2,177,261,973,592",24,KRW,2024
20250318000964,11011,2024,01323032,381970,OFS,재무제표,IS,손익계산서,영업이익,제 8 기,2024.01.01 ~ 2024.12.31,"68,109,299,938",제 7 기,2023.01.01 ~ 2023.12.31,"59,013,290,449",제 6 기,2022.01.01 ~ 2022.12.31,"50,047,663,225",26,KRW,2024
20250318000964,11011,2024,01323032,381970,OFS,재무제표,IS,손익계산서,법인세차감전 순이익,제 8 기,2024.01.01 ~ 2024.12.31,"57,069,220,918",제 7 기,2023.01.01 ~ 2023.12.31,"42,204,994,974",제 6 기,2022.01.01 ~ 2022.12.31,"39,570,210,370",28,KRW,2024
20250318000964,11011,2024,01323032,381970,OFS,재무제표,IS,손익계산서,당기순이익(손실),제 8 기,2024.01.01 ~ 2024.12.31,"43,965,329,854",제 7 기,2023.01.01 ~ 2023.12.31,"28,365,697,237",제 6 기,2022.01.01 ~ 2022.12.31,"30,363,688,765",30,KRW,2024
20250318000964,11011,2024,01323032,381970,OFS,재무제표,IS,손익계산서,당기순이익(손실),제 8 기,2024.01.01 ~ 2024.12.31,"43,965,329,854",제 7 기,2023.01.01 ~ 2023.12.31,"28,365,697,237",제 6 기,2022.01.01 ~ 2022.12.31,"30,363,688,765",62,KRW,2024
20250318000964,11011,2024,01323032,381970,OFS,재무제표,IS,손익계산서,총포괄손익,제 8 기,2024.01.01 ~ 2024.12.31,"40,981,022,053",제 7 기,2023.01.01 ~ 2023.12.31,"24,686,428,401",제 6 기,2022.01.01 ~ 2022.12.31,"32,164,596,550",64,KRW,2024
20210401001108,11011,2020,01390344,329180,CFS,연결재무제표,BS,재무상태표,유동자산,제 2 기,2020.12.31 현재,"6,999,361,510,000",제 1 기,2019.12.31 현재,"7,085,183,801,000",,,-,1,KRW,2020
20210401001108,11011,2020,01390344,329180,CFS,연결재무제표,BS,재무상태표,비유동자산,제 2 기,2020.12.31 현재,"6,800,296,339,000",제 1 기,2019.12.31 현재,"6,784,274,974,000",,,-,3,KRW,2020
20210401001108,11011,2020,01390344,329180,CFS,연결재무제표,BS,재무상태표,자산총계,제 2 기,2020.12.31 현재,"13,799,657,849,000",제 1 기,2019.12.31 현재,"13,869,458,775,000",,,-,5,KRW,2020
20210401001108,11011,2020,01390344,329180,CFS,연결재무제표,BS,재무상태표,유동부채,제 2 기,2020.12.31 현재,"5,976,923,117,000",제 1 기,2019.12.31 현재,"5,914,258,410,000",,,-,7,KRW,2020
20210401001108,11011,2020,01390344,329180,CFS,연결재무제표,BS,재무상태표,비유동부채,제 2 기,2020.12.31 현재,"2,461,950,111,000",제 1 기,2019.12.31 현재,"2,332,292,923,000",,,-,9,KRW,2020
20210401001108,11011,2020,01390344,329180,CFS,연결재무제표,BS,재무상태표,부채총계,제 2 기,2020.12.31 현재,"8,438,873,228,000",제 1 기,2019.12.31 현재,"8,246,551,333,000",,,-,11,KRW,2020
20210401001108,11011,2020,01390344,329180,CFS,연결재무제표,BS,재무상태표,자본금,제 2 기,2020.12.31 현재,"353,865,580,000",제 1 기,2019.12.31 현재,"353,865,580,000",,,-,13,KRW,2020
20210401001108,11011,2020,01390344,329180,CFS,연결재무제표,BS,재무상태표,이익잉여금,제 2 기,2020.12.31 현재,"-505,085,250,000",제 1 기,2019.12.31 현재,"-104,921,520,000",,,-,17,KRW,2020
20210401001108,11011,2020,01390344,329180,CFS,연결재무제표,BS,재무상태표,자본총계,제 2 기,2020.12.31 현재,"5,360,784,621,000",제 1 기,2019.12.31 현재,"5,622,907,442,000",,,-,21,KRW,2020
20210401001108,11011,2020,01390344,329180,CFS,연결재무제표,IS,손익계산서,매출액,제 2 기,2020.01.01 ~ 2020.12.31,"8,312,009,823,000",제 1 기,2019.06.01 ~ 2019.12.31,"5,456,667,592,000",,,-,23,KRW,2020
20210401001108,11011,2020,01390344,329180,CFS,연결재무제표,IS,손익계산서,영업이익,제 2 기,2020.01.01 ~ 2020.12.31,"32,509,061,000",제 1 기,2019.06.01 ~ 2019.12.31,"129,480,289,000",,,-,25,KRW,2020
20210401001108,11011,2020,01390344,329180,CFS,연결재무제표,IS,손익계산서,법인세차감전 순이익,제 2 기,2020.01.01 ~ 2020.12.31,"-540,112,448,000",제 1 기,2019.06.01 ~ 2019.12.31,"-103,504,450,000",,,-,27,KRW,2020
20210401001108,11011,2020,01390344,329180,CFS,연결재무제표,IS,손익계산서,당기순이익(손실),제 2 기,2020.01.01 ~ 2020.12.31,"-431,445,898,000",제 1 기,2019.06.01 ~ 2019.12.31,"-88,945,128,000",,,-,29,KRW,2020
20210401001108,11011,2020,01390344,329180,CFS,연결재무제표,IS,손익계산서,당기순이익(손실),제 2 기,2020.01.01 ~ 2020.12.31,"-431,445,898,000",제 1 기,2019.06.01 ~ 2019.12.31,"-88,945,128,000",,,-,61,KRW,2020
20210401001108,11011,2020,01390344,329180,OFS,재무제표,BS,재무상태표,유동자산,제 2 기,2020.12.31 현재,"6,999,257,636,000",제 1 기,2019.12.31 현재,"7,085,183,801,000",,,-,2,KRW,2020
20210401001108,11011,2020,01390344,329180,OFS,재무제표,BS,재무상태표,비유동자산,제 2 기,2020.12.31 현재,"6,800,416,539,000",제 1 기,2019.12.31 현재,"6,784,274,974,000",,,-,4,KRW,2020
20210401001108,11011,2020,01390344,329180,OFS,재무제표,BS,재무상태표,자산총계,제 2 기,2020.12.31 현재,"13,799,674,175,000",제 1 기,2019.12.31 현재,"13,869,458,775,000",,,-,6,KRW,2020
20210401001108,11011,2020,01390344,329180,OFS,재무제표,BS,재무상태표,유동부채,제 2 기,2020.12.31 현재,"5,976,920,876,000",제 1 기,2019.12.31 현재,"5,914,258,410,000",,,-,8,KRW,2020
20210401001108,11011,2020,01390344,329180,OFS,재무제표,BS,재무상태표,비유동부채,제 2 기,2020.12.31 현재,"2,461,950,111,000",제 1 기,2019.12.31 현재,"2,332,292,923,000",,,-,10,KRW,2020
20210401001108,11011,2020,01390344,329180,OFS,재무제표,BS,재무상태표,부채총계,제 2 기,2020.12.31 현재,"8,438,870,987,000",제 1 기,2019.12.31 현재,"8,246,551,333,000",,,-,12,KRW,2020
20210401001108,11011,2020,01390344,329180,OFS,재무제표,BS,재무상태표,자본금,제 2 기,2020.12.31 현재,"353,865,580,000",제 1 기,2019.12.31 현재,"353,865,580,000",,,-,15,KRW,2020
20210401001108,11011,2020,01390344,329180,OFS,재무제표,BS,재무상태표,이익잉여금,제 2 기,2020.12.31 현재,"-505,101,902,000",제 1 기,2019.12.31 현재,"-104,921,520,000",,,-,19,KRW,2020
20210401001108,11011,2020,01390344,329180,OFS,재무제표,BS,재무상태표,자본총계,제 2 기,2020.12.31 현재,"5,360,803,188,000",제 1 기,2019.12.31 현재,"5,622,907,442,000",,,-,22,KRW,2020
20210401001108,11011,2020,01390344,329180,OFS,재무제표,IS,손익계산서,매출액,제 2 기,2020.01.01 ~ 2020.12.31,"8,310,181,048,000",제 1 기,2019.06.01 ~ 2019.12.31,"5,456,667,592,000",,,-,24,KRW,2020
20210401001108,11011,2020,01390344,329180,OFS,재무제표,IS,손익계산서,영업이익,제 2 기,2020.01.01 ~ 2020.12.31,"32,506,679,000",제 1 기,2019.06.01 ~ 2019.12.31,"129,480,289,000",,,-,26,KRW,2020
20210401001108,11011,2020,01390344,329180,OFS,재무제표,IS,손익계산서,법인세차감전 순이익,제 2 기,2020.01.01 ~ 2020.12.31,"-540,129,100,000",제 1 기,2019.06.01 ~ 2019.12.31,"-103,504,450,000",,,-,28,KRW,2020
20210401001108,11011,2020,01390344,329180,OFS,재무제표,IS,손익계산서,당기순이익(손실),제 2 기,2020.01.01 ~ 2020.12.31,"-431,462,550,000",제 1 기,2019.06.01 ~ 2019.12.31,"-88,945,128,000",,,-,30,KRW,2020
20210401001108,11011,2020,01390344,329180,OFS,재무제표,IS,손익계산서,당기순이익(손실),제 2 기,2020.01.01 ~ 2020.12.31,"-431,462,550,000",제 1 기,2019.06.01 ~ 2019.12.31,"-88,945,128,000",,,-,62,KRW,2020
20220314000704,11011,2021,01390344,329180,CFS,연결재무제표,BS,재무상태표,유동자산,제 3 기,2021.12.31 현재,"7,886,064,934,000",제 2 기,2020.12.31 현재,"6,999,361,510,000",제 1 기,2019.12.31 현재,"7,085,183,801,000",1,KRW,2021
20220314000704,11011,2021,01390344,329180,CFS,연결재무제표,BS,재무상태표,비유동자산,제 3 기,2021.12.31 현재,"7,192,606,557,000",제 2 기,2020.12.31 현재,"6,800,296,339,000",제 1 기,2019.12.31 현재,"6,784,274,974,000",3,KRW,2021
20220314000704,11011,2021,01390344,329180,CFS,연결재무제표,BS,재무상태표,자산총계,제 3 기,2021.12.31 현재,"15,078,671,491,000",제 2 기,2020.12.31 현재,"13,799,657,849,000",제 1 기,2019.12.31 현재,"13,869,458,775,000",5,KRW,2021
20220314000704,11011,2021,01390344,329180,CFS,연결재무제표,BS,재무상태표,유동부채,제 3 기,2021.12.31 현재,"7,048,607,453,000",제 2 기,2020.12.31 현재,"5,976,923,117,000",제 1 기,2019.12.31 현재,"5,914,258,410,000",7,KRW,2021
20220314000704,11011,2021,01390344,329180,CFS,연결재무제표,BS,재무상태표,비유동부채,제 3 기,2021.12.31 현재,"2,436,039,089,000",제 2 기,2020.12.31 현재,"2,461,950,111,000",제 1 기,2019.12.31 현재,"2,332,292,923,000",9,KRW,2021
20220314000704,11011,2021,01390344,329180,CFS,연결재무제표,BS,재무상태표,부채총계,제 3 기,2021.12.31 현재,"9,484,646,542,000",제 2 기,2020.12.31 현재,"8,438,873,228,000",제 1 기,2019.12.31 현재,"8,246,551,333,000",11,KRW,2021
20220314000704,11011,2021,01390344,329180,CFS,연결재무제표,BS,재무상태표,자본총계,제 3 기,2021.12.31 현재,"5,594,024,949,000",제 2 기,2020.12.31 현재,"5,360,784,621,000",제 1 기,2019.12.31 현재,"5,622,907,442,000",21,KRW,2021
20220314000704,11011,2021,01390344,329180,CFS,연결재무제표,IS,손익계산서,매출액,제 3 기,2021.01.01 ~ 2021.12.31,"8,311,275,924,000",제 2 기,2020.01.01 ~ 2020.12.31,"8,312,009,823,000",제 1 기,2019.06.01 ~ 2019.12.31,"5,456,667,592,000",23,KRW,2021
20220314000704,11011,2021,01390344,329180,CFS,연결재무제표,IS,손익계산서,영업이익,제 3 기,2021.01.01 ~ 2021.12.31,"-800,262,777,000",제 2 기,2020.01.01 ~ 2020.12.31,"32,509,061,000",제 1 기,2019.06.01 ~ 2019.12.31,"129,480,289,000",25,KRW,2021
20220314000704,11011,2021,01390344,329180,CFS,연결재무제표,IS,손익계산서,법인세차감전 순이익,제 3 기,2021.01.01 ~ 2021.12.31,"-1,111,448,166,000",제 2 기,2020.01.01 ~ 2020.12.31,"-540,112,448,000",제 1 기,2019.06.01 ~ 2019.12.31,"-103,504,450,000",27,KRW,2021
20220314000704,11011,2021,01390344,329180,CFS,연결재무제표,IS,손익계산서,당기순이익(손실),제 3 기,2021.01.01 ~ 2021.12.31,"-814,227,962,000",제 2 기,2020.01.01 ~ 2020.12.31,"-431,445,898,000",제 1 기,2019.06.01 ~ 2019.12.31,"-88,945,128,000",29,KRW,2021
20220314000704,11011,2021,01390344,329180,CFS,연결재무제표,IS,손익계산서,당기순이익(손실),제 3 기,2021.01.01 ~ 2021.12.31,"-814,227,962,000",제 2 기,2020.01.01 ~ 2020.12.31,"-431,445,898,000",제 1 기,2019.06.01 ~ 2019.12.31,"-88,945,128,000",61,KRW,2021
20220314000704,11011,2021,01390344,329180,OFS,재무제표,BS,재무상태표,유동자산,제 3 기,2021.12.31 현재,"7,885,398,866,000",제 2 기,2020.12.31 현재,"6,999,257,636,000",제 1 기,2019.12.31 현재,"7,085,183,801,000",2,KRW,2021
20220314000704,11011,2021,01390344,329180,OFS,재무제표,BS,재무상태표,비유동자산,제 3 기,2021.12.31 현재,"7,193,370,091,000",제 2 기,2020.12.31 현재,"6,800,416,539,000",제 1 기,2019.12.31 현재,"6,784,274,974,000",4,KRW,2021
20220314000704,11011,2021,01390344,329180,OFS,재무제표,BS,재무상태표,자산총계,제 3 기,2021.12.31 현재,"15,078,768,957,000",제 2 기,2020.12.31 현재,"13,799,674,175,000",제 1 기,2019.12.31 현재,"13,869,458,775,000",6,KRW,2021
20220314000704,11011,2021,01390344,329180,OFS,재무제표,BS,재무상태표,유동부채,제 3 기,2021.12.31 현재,"7,048,596,581,000",제 2 기,2020.12.31 현재,"5,976,920,876,000",제 1 기,2019.12.31 현재,"5,914,258,410,000",8,KRW,2021
20220314000704,11011,2021,01390344,329180,OFS,재무제표,BS,재무상태표,비유동부채,제 3 기,2021.12.31 현재,"2,436,039,089,000",제 2 기,2020.12.31 현재,"2,461,950,111,000",제 1 기,2019.12.31 현재,"2,332,292,923,000",10,KRW,2021
20220314000704,11011,2021,01390344,329180,OFS,재무제표,BS,재무상태표,부채총계,제 3 기,2021.12.31 현재,"9,484,635,670,000",제 2 기,2020.12.31 현재,"8,438,870,987,000",제 1 기,2019.12.31 현재,"8,246,551,333,000",12,KRW,2021
20220314000704,11011,2021,01390344,329180,OFS,재무제표,BS,재무상태표,자본금,제 3 기,2021.12.31 현재,"443,865,580,000",제 2 기,2020.12.31 현재,"353,865,580,000",제 1 기,2019.12.31 현재,"353,865,580,000",15,KRW,2021
20220314000704,11011,2021,01390344,329180,OFS,재무제표,BS,재무상태표,이익잉여금,제 3 기,2021.12.31 현재,"1,151,795,836,000",제 2 기,2020.12.31 현재,"-505,101,902,000",제 1 기,2019.12.31 현재,"-104,921,520,000",19,KRW,2021
20220314000704,11011,2021,01390344,329180,OFS,재무제표,BS,재무상태표,자본총계,제 3 기,2021.12.31 현재,"5,594,133,287,000",제 2 기,2020.12.31 현재,"5,360,803,188,000",제 1 기,2019.12.31 현재,"5,622,907,442,000",22,KRW,2021
20220314000704,11011,2021,01390344,329180,OFS,재무제표,IS,손익계산서,매출액,제 3 기,2021.01.01 ~ 2021.12.31,"8,303,995,873,000",제 2 기,2020.01.01 ~ 2020.12.31,"8,310,181,048,000",제 1 기,2019.06.01 ~ 2019.12.31,"5,456,667,592,000",24,KRW,2021
20220314000704,11011,2021,01390344,329180,OFS,재무제표,IS,손익계산서,영업이익,제 3 기,2021.01.01 ~ 2021.12.31,"-800,619,319,000",제 2 기,2020.01.01 ~ 2020.12.31,"32,506,679,000",제 1 기,2019.06.01 ~ 2019.12.31,"129,480,289,000",26,KRW,2021
20220314000704,11011,2021,01390344,329180,OFS,재무제표,IS,손익계산서,법인세차감전 순이익,제 3 기,2021.01.01 ~ 2021.12.31,"-1,111,353,471,000",제 2 기,2020.01.01 ~ 2020.12.31,"-540,129,100,000",제 1 기,2019.06.01 ~ 2019.12.31,"-103,504,450,000",28,KRW,2021
20230320000790,11011,2022,01390344,329180,CFS,연결재무제표,BS,재무상태표,유동자산,제 4 기,2022.12.31 현재,"8,000,865,934,000",제 3 기,2021.12.31 현재,"7,886,064,934,000",제 2 기,2020.12.31 현재,"6,999,361,510,000",1,KRW,2022
20230320000790,11011,2022,01390344,329180,CFS,연결재무제표,BS,재무상태표,비유동자산,제 4 기,2022.12.31 현재,"8,288,532,119,000",제 3 기,2021.12.31 현재,"7,192,606,557,000",제 2 기,2020.12.31 현재,"6,800,296,339,000",3,KRW,2022
20230320000790,11011,2022,01390344,329180,CFS,연결재무제표,BS,재무상태표,자산총계,제 4 기,2022.12.31 현재,"16,289,398,053,000",제 3 기,2021.12.31 현재,"15,078,671,491,000",제 2 기,2020.12.31 현재,"13,799,657,849,000",5,KRW,2022
20230320000790,11011,2022,01390344,329180,CFS,연결재무제표,BS,재무상태표,유동부채,제 4 기,2022.12.31 현재,"9,072,004,186,000",제 3 기,2021.12.31 현재,"7,048,607,453,000",제 2 기,2020.12.31 현재,"5,976,923,117,000",7,KRW,2022
20230320000790,11011,2022,01390344,329180,CFS,연결재무제표,BS,재무상태표,비유동부채,제 4 기,2022.12.31 현재,"1,929,574,380,000",제 3 기,2021.12.31 현재,"2,436,039,089,000",제 2 기,2020.12.31 현재,"2,461,950,111,000",9,KRW,2022
20230320000790,11011,2022,01390344,329180,CFS,연결재무제표,BS,재무상태표,부채총계,제 4 기,2022.12.31 현재,"11,001,578,566,000",제 3 기,2021.12.31 현재,"9,484,646,542,000",제 2 기,2020.12.31 현재,"8,438,873,228,000",11,KRW,2022
20230320000790,11011,2022,01390344,329180,CFS,연결재무제표,BS,재무상태표,자본총계,제 4 기,2022.12.31 현재,"5,287,819,487,000",제 3 기,2021.12.31 현재,"5,594,024,949,000",제 2 기,2020.12.31 현재,"5,360,784,621,000",21,KRW,2022
20230320000790,11011,2022,01390344,329180,CFS,연결재무제표,IS,손익계산서,매출액,제 4 기,2022.01.01 ~ 2022.12.31,"9,045,480,488,000",제 3 기,2021.01.01 ~ 2021.12.31,"8,311,275,924,000",제 2 기,2020.01.01 ~ 2020.12.31,"8,312,009,823,000",23,KRW,2022
20230320000790,11011,2022,01390344,329180,CFS,연결재무제표,IS,손익계산서,영업이익,제 4 기,2022.01.01 ~ 2022.12.31,"-289,151,153,000",제 3 기,2021.01.01 ~ 2021.12.31,"-800,262,777,000",제 2 기,2020.01.01 ~ 2020.12.31,"32,509,061,000",25,KRW,2022
20230320000790,11011,2022,01390344,329180,CFS,연결재무제표,IS,손익계산서,법인세차감전 순이익,제 4 기,2022.01.01 ~ 2022.12.31,"-421,483,784,000",제 3 기,2021.01.01 ~ 2021.12.31,"-1,111,448,166,000",제 2 기,2020.01.01 ~ 2020.12.31,"-540,112,448,000",27,KRW,2022
20230320000790,11011,2022,01390344,329180,CFS,연결재무제표,IS,손익계산서,당기순이익(손실),제 4 기,2022.01.01 ~ 2022.12.31,"-352,064,622,000",제 3 기,2021.01.01 ~ 2021.12.31,"-814,227,962,000",제 2 기,2020.01.01 ~ 2020.12.31,"-431,445,898,000",29,KRW,2022
20230320000790,11011,2022,01390344,329180,CFS,연결재무제표,IS,손익계산서,당기순이익(손실),제 4 기,2022.01.01 ~ 2022.12.31,"-352,064,622,000",제 3 기,2021.01.01 ~ 2021.12.31,"-814,227,962,000",제 2 기,2020.01.01 ~ 2020.12.31,"-431,445,898,000",61,KRW,2022
20230320000790,11011,2022,01390344,329180,OFS,재무제표,BS,재무상태표,유동자산,제 4 기,2022.12.31 현재,"7,988,297,040,000",제 3 기,2021.12.31 현재,"7,885,398,866,000",제 2 기,2020.12.31 현재,"6,999,257,636,000",2,KRW,2022
20230320000790,11011,2022,01390344,329180,OFS,재무제표,BS,재무상태표,비유동자산,제 4 기,2022.12.31 현재,"8,294,797,881,000",제 3 기,2021.12.31 현재,"7,193,370,091,000",제 2 기,2020.12.31 현재,"6,800,416,539,000",4,KRW,2022
20230320000790,11011,2022,01390344,329180,OFS,재무제표,BS,재무상태표,자산총계,제 4 기,2022.12.31 현재,"16,283,094,921,000",제 3 기,2021.12.31 현재,"15,078,768,957,000",제 2 기,2020.12.31 현재,"13,799,674,175,000",6,KRW,2022
20230320000790,11011,2022,01390344,329180,OFS,재무제표,BS,재무상태표,유동부채,제 4 기,2022.12.31 현재,"9,073,546,662,000",제 3 기,2021.12.31 현재,"7,048,596,581,000",제 2 기,2020.12.31 현재,"5,976,920,876,000",8,KRW,2022
20230320000790,11011,2022,01390344,329180,OFS,재무제표,BS,재무상태표,비유동부채,제 4 기,2022.12.31 현재,"1,919,429,980,000",제 3 기,2021.12.31 현재,"2,436,039,089,000",제 2 기,2020.12.31 현재,"2,461,950,111,000",10,KRW,2022
20230320000790,11011,2022,01390344,329180,OFS,재무제표,BS,재무상태표,부채총계,제 4 기,2022.12.31 현재,"10,992,976,642,000",제 3 기,2021.12.31 현재,"9,484,635,670,000",제 2 기,2020.12.31 현재,"8,438,870,987,000",12,KRW,2022
20230320000790,11011,2022,01390344,329180,OFS,재무제표,BS,재무상태표,자본금,제 4 기,2022.12.31 현재,"443,865,580,000",제 3 기,2021.12.31 현재,"443,865,580,000",제 2 기,2020.12.31 현재,"353,865,580,000",15,KRW,2022
20230320000790,11011,2022,01390344,329180,OFS,재무제표,BS,재무상태표,이익잉여금,제 4 기,2022.12.31 현재,"847,469,637,000",제 3 기,2021.12.31 현재,"1,151,795,836,000",제 2 기,2020.12.31 현재,"-505,101,902,000",19,KRW,2022
20230320000790,11011,2022,01390344,329180,OFS,재무제표,BS,재무상태표,자본총계,제 4 기,2022.12.31 현재,"5,290,118,279,000",제 3 기,2021.12.31 현재,"5,594,133,287,000",제 2 기,2020.12.31 현재,"5,360,803,188,000",22,KRW,2022
20230320000790,11011,2022,01390344,329180,OFS,재무제표,IS,손익계산서,매출액,제 4 기,2022.01.01 ~ 2022.12.31,"9,065,348,185,000",제 3 기,2021.01.01 ~ 2021.12.31,"8,303,995,873,000",제 2 기,2020.01.01 ~ 2020.12.31,"8,310,181,048,000",24,KRW,2022
20230320000790,11011,2022,01390344,329180,OFS,재무제표,IS,손익계산서,영업이익,제 4 기,2022.01.01 ~ 2022.12.31,"-286,797,248,000",제 3 기,2021.01.01 ~ 2021.12.31,"-800,619,319,000",제 2 기,2020.01.01 ~ 2020.12.31,"32,506,679,000",26,KRW,2022
20230320000790,11011,2022,01390344,329180,OFS,재무제표,IS,손익계산서,법인세차감전 순이익,제 4 기,2022.01.01 ~ 2022.12.31,"-419,494,965,000",제 3 기,2021.01.01 ~ 2021.12.31,"-1,111,353,471,000",제 2 기,2020.01.01 ~ 2020.12.31,"-540,129,100,000",28,KRW,2022
20230320000790,11011,2022,01390344,329180,OFS,재무제표,IS,손익계산서,당기순이익(손실),제 4 기,2022.01.01 ~ 2022.12.31,"-350,075,802,000",제 3 기,2021.01.01 ~ 2021.12.31,"-814,133,265,000",제 2 기,2020.01.01 ~ 2020.12.31,"-431,462,550,000",30,KRW,2022
20230320000790,11011,2022,01390344,329180,OFS,재무제표,IS,손익계산서,당기순이익(손실),제 4 기,2022.01.01 ~ 2022.12.31,"-350,075,802,000",제 3 기,2021.01.01 ~ 2021.12.31,"-814,133,265,000",제 2 기,2020.01.01 ~ 2020.12.31,"-431,462,550,000",62,KRW,2022
20240318000459,11011,2023,01390344,329180,CFS,연결재무제표,BS,재무상태표,유동자산,제 5 기,2023.12.31 현재,"8,799,684,121,000",제 4 기,2022.12.31 현재,"8,000,865,934,000",제 3 기,2021.12.31 현재,"7,886,064,934,000",1,KRW,2023
20240318000459,11011,2023,01390344,329180,CFS,연결재무제표,BS,재무상태표,비유동자산,제 5 기,2023.12.31 현재,"8,333,933,988,000",제 4 기,2022.12.31 현재,"8,288,532,119,000",제 3 기,2021.12.31 현재,"7,192,606,557,000",3,KRW,2023
20240318000459,11011,2023,01390344,329180,CFS,연결재무제표,BS,재무상태표,자산총계,제 5 기,2023.12.31 현재,"17,133,618,109,000",제 4 기,2022.12.31 현재,"16,289,398,053,000",제 3 기,2021.12.31 현재,"15,078,671,491,000",5,KRW,2023
20240318000459,11011,2023,01390344,329180,CFS,연결재무제표,BS,재무상태표,유동부채,제 5 기,2023.12.31 현재,"9,945,027,489,000",제 4 기,2022.12.31 현재,"9,072,004,186,000",제 3 기,2021.12.31 현재,"7,048,607,453,000",7,KRW,2023
20240318000459,11011,2023,01390344,329180,CFS,연결재무제표,BS,재무상태표,비유동부채,제 5 기,2023.12.31 현재,"1,981,150,310,000",제 4 기,2022.12.31 현재,"1,929,574,380,000",제 3 기,2021.12.31 현재,"2,436,039,089,000",9,KRW,2023
20240318000459,11011,2023,01390344,329180,CFS,연결재무제표,BS,재무상태표,부채총계,제 5 기,2023.12.31 현재,"11,926,177,799,000",제 4 기,2022.12.31 현재,"11,001,578,566,000",제 3 기,2021.12.31 현재,"9,484,646,542,000",11,KRW,2023
20240318000459,11011,2023,01390344,329180,CFS,연결재무제표,BS,재무상태표,자본금,제 5 기,2023.12.31 현재,"443,865,580,000",제 4 기,2022.12.31 현재,"443,865,580,000",제 3 기,2021.12.31 현재,"443,865,580,000",13,KRW,2023
20240318000459,11011,2023,01390344,329180,CFS,연결재무제표,BS,재무상태표,이익잉여금,제 5 기,2023.12.31 현재,"772,843,969,000",제 4 기,2022.12.31 현재,"845,402,772,000",제 3 기,2021.12.31 현재,"1,151,717,791,000",17,KRW,2023
20240318000459,11011,2023,01390344,329180,CFS,연결재무제표,BS,재무상태표,자본총계,제 5 기,2023.12.31 현재,"5,207,440,310,000",제 4 기,2022.12.31 현재,"5,287,819,487,000",제 3 기,2021.12.31 현재,"5,594,024,949,000",21,KRW,2023
20240318000459,11011,2023,01390344,329180,CFS,연결재무제표,IS,손익계산서,매출액,제 5 기,2023.01.01 ~ 2023.12.31,"11,963,925,991,000",제 4 기,2022.01.01 ~ 2022.12.31,"9,045,480,488,000",제 3 기,2021.01.01 ~ 2021.12.31,"8,311,275,924,000",23,KRW,2023
20240318000459,11011,2023,01390344,329180,CFS,연결재무제표,IS,손익계산서,영업이익,제 5 기,2023.01.01 ~ 2023.12.31,"178,639,965,000",제 4 기,2022.01.01 ~ 2022.12.31,"-289,151,153,000",제 3 기,2021.01.01 ~ 2021.12.31,"-800,262,777,000",25,KRW,2023
20240318000459,11011,2023,01390344,329180,CFS,연결재무제표,IS,손익계산서,법인세차감전 순이익,제 5 기,2023.01.01 ~ 2023.12.31,"34,363,002,000",제 4 기,2022.01.01 ~ 2022.12.31,"-421,483,784,000",제 3 기,2021.01.01 ~ 2021.12.31,"-1,111,448,166,000",27,KRW,2023
20240318000459,11011,2023,01390344,329180,CFS,연결재무제표,IS,손익계산서,당기순이익(손실),제 5 기,2023.01.01 ~ 2023.12.31,"24,689,214,000",제 4 기,2022.01.01 ~ 2022.12.31,"-352,064,622,000",제 3 기,2021.01.01 ~ 2021.12.31,"-814,227,962,000",29,KRW,2023
20240318000459,11011,2023,01390344,329180,CFS,연결재무제표,IS,손익계산서,당기순이익(손실),제 5 기,2023.01.01 ~ 2023.12.31,"24,689,214,000",제 4 기,2022.01.01 ~ 2022.12.31,"-352,064,622,000",제 3 기,2021.01.01 ~ 2021.12.31,"-814,227,962,000",61,KRW,2023
20240318000459,11011,2023,01390344,329180,CFS,연결재무제표,IS,손익계산서,총포괄손익,제 5 기,2023.01.01 ~ 2023.12.31,"-85,246,801,000",제 4 기,2022.01.01 ~ 2022.12.31,"-305,973,535,000",제 3 기,2021.01.01 ~ 2021.12.31,"-835,182,575,000",63,KRW,2023
20240318000459,11011,2023,01390344,329180,OFS,재무제표,BS,재무상태표,유동자산,제 5 기,2023.12.31 현재,"8,768,341,190,000",제 4 기,2022.12.31 현재,"7,988,297,040,000",제 3 기,2021.12.31 현재,"7,885,398,866,000",2,KRW,2023
20240318000459,11011,2023,01390344,329180,OFS,재무제표,BS,재무상태표,비유동자산,제 5 기,2023.12.31 현재,"8,355,832,905,000",제 4 기,2022.12.31 현재,"8,294,797,881,000",제 3 기,2021.12.31 현재,"7,193,370,091,000",4,KRW,2023
20240318000459,11011,2023,01390344,329180,OFS,재무제표,BS,재무상태표,자산총계,제 5 기,2023.12.31 현재,"17,124,174,095,000",제 4 기,2022.12.31 현재,"16,283,094,921,000",제 3 기,2021.12.31 현재,"15,078,768,957,000",6,KRW,2023
20240318000459,11011,2023,01390344,329180,OFS,재무제표,BS,재무상태표,유동부채,제 5 기,2023.12.31 현재,"9,945,633,974,000",제 4 기,2022.12.31 현재,"9,073,546,662,000",제 3 기,2021.12.31 현재,"7,048,596,581,000",8,KRW,2023
20240318000459,11011,2023,01390344,329180,OFS,재무제표,BS,재무상태표,비유동부채,제 5 기,2023.12.31 현재,"1,969,554,409,000",제 4 기,2022.12.31 현재,"1,919,429,980,000",제 3 기,2021.12.31 현재,"2,436,039,089,000",10,KRW,2023
20240318000459,11011,2023,01390344,329180,OFS,재무제표,BS,재무상태표,부채총계,제 5 기,2023.12.31 현재,"11,915,188,383,000",제 4 기,2022.12.31 현재,"10,992,976,642,000",제 3 기,2021.12.31 현재,"9,484,635,670,000",12,KRW,2023
20240318000459,11011,2023,01390344,329180,OFS,재무제표,BS,재무상태표,자본금,제 5 기,2023.12.31 현재,"443,865,580,000",제 4 기,2022.12.31 현재,"443,865,580,000",제 3 기,2021.12.31 현재,"443,865,580,000",15,KRW,2023
20240318000459,11011,2023,01390344,329180,OFS,재무제표,BS,재무상태표,이익잉여금,제 5 기,2023.12.31 현재,"773,978,606,000",제 4 기,2022.12.31 현재,"847,469,637,000",제 3 기,2021.12.31 현재,"1,151,795,836,000",19,KRW,2023
20240318000459,11011,2023,01390344,329180,OFS,재무제표,BS,재무상태표,자본총계,제 5 기,2023.12.31 현재,"5,208,985,712,000",제 4 기,2022.12.31 현재,"5,290,118,279,000",제 3 기,2021.12.31 현재,"5,594,133,287,000",22,KRW,2023
20240318000459,11011,2023,01390344,329180,OFS,재무제표,IS,손익계산서,매출액,제 5 기,2023.01.01 ~ 2023.12.31,"11,957,982,952,000",제 4 기,2022.01.01 ~ 2022.12.31,"9,065,348,185,000",제 3 기,2021.01.01 ~ 2021.12.31,"8,303,995,873,000",24,KRW,2023
20240318000459,11011,2023,01390344,329180,OFS,재무제표,IS,손익계산서,영업이익,제 5 기,2023.01.01 ~ 2023.12.31,"177,805,976,000",제 4 기,2022.01.01 ~ 2022.12.31,"-286,797,248,000",제 3 기,2021.01.01 ~ 2021.12.31,"-800,619,319,000",26,KRW,2023
20240318000459,11011,2023,01390344,329180,OFS,재무제표,IS,손익계산서,법인세차감전 순이익,제 5 기,2023.01.01 ~ 2023.12.31,"30,010,141,000",제 4 기,2022.01.01 ~ 2022.12.31,"-419,494,965,000",제 3 기,2021.01.01 ~ 2021.12.31,"-1,111,353,471,000",28,KRW,2023
20240318000459,11011,2023,01390344,329180,OFS,재무제표,IS,손익계산서,당기순이익(손실),제 5 기,2023.01.01 ~ 2023.12.31,"21,329,458,000",제 4 기,2022.01.01 ~ 2022.12.31,"-350,075,802,000",제 3 기,2021.01.01 ~ 2021.12.31,"-814,133,265,000",30,KRW,2023
20240318000459,11011,2023,01390344,329180,OFS,재무제표,IS,손익계산서,당기순이익(손실),제 5 기,2023.01.01 ~ 2023.12.31,"21,329,458,000",제 4 기,2022.01.01 ~ 2022.12.31,"-350,075,802,000",제 3 기,2021.01.01 ~ 2021.12.31,"-814,133,265,000",62,KRW,2023
20240318000459,11011,2023,01390344,329180,OFS,재무제표,IS,손익계산서,총포괄손익,제 5 기,2023.01.01 ~ 2023.12.31,"-83,445,066,000",제 4 기,2022.01.01 ~ 2022.12.31,"-304,015,008,000",제 3 기,2021.01.01 ~ 2021.12.31,"-835,092,804,000",64,KRW,2023
20250318000897,11011,2024,01390344,329180,CFS,연결재무제표,BS,재무상태표,유동자산,제 6 기,2024.12.31 현재,"10,403,121,877,000",제 5 기,2023.12.31 현재,"8,799,684,121,000",제 4 기,2022.12.31 현재,"8,000,865,934,000",1,KRW,2024
20250318000897,11011,2024,01390344,329180,CFS,연결재무제표,BS,재무상태표,비유동자산,제 6 기,2024.12.31 현재,"8,987,824,873,000",제 5 기,2023.12.31 현재,"8,333,933,988,000",제 4 기,2022.12.31 현재,"8,288,532,119,000",3,KRW,2024
20250318000897,11011,2024,01390344,329180,CFS,연결재무제표,BS,재무상태표,자산총계,제 6 기,2024.12.31 현재,"19,390,946,750,000",제 5 기,2023.12.31 현재,"17,133,618,109,000",제 4 기,2022.12.31 현재,"16,289,398,053,000",5,KRW,2024
20250318000897,11011,2024,01390344,329180,CFS,연결재무제표,BS,재무상태표,유동부채,제 6 기,2024.12.31 현재,"11,796,215,796,000",제 5 기,2023.12.31 현재,"9,945,027,489,000",제 4 기,2022.12.31 현재,"9,072,004,186,000",7,KRW,2024
20250318000897,11011,2024,01390344,329180,CFS,연결재무제표,BS,재무상태표,비유동부채,제 6 기,2024.12.31 현재,"1,890,282,453,000",제 5 기,2023.12.31 현재,"1,981,150,310,000",제 4 기,2022.12.31 현재,"1,929,574,380,000",9,KRW,2024
20250318000897,11011,2024,01390344,329180,CFS,연결재무제표,BS,재무상태표,부채총계,제 6 기,2024.12.31 현재,"13,686,498,249,000",제 5 기,2023.12.31 현재,"11,926,177,799,000",제 4 기,2022.12.31 현재,"11,001,578,566,000",11,KRW,2024
20250318000897,11011,2024,01390344,329180,CFS,연결재무제표,BS,재무상태표,자본금,제 6 기,2024.12.31 현재,"443,865,580,000",제 5 기,2023.12.31 현재,"443,865,580,000",제 4 기,2022.12.31 현재,"443,865,580,000",13,KRW,2024
20250318000897,11011,2024,01390344,329180,CFS,연결재무제표,BS,재무상태표,이익잉여금,제 6 기,2024.12.31 현재,"1,288,341,189,000",제 5 기,2023.12.31 현재,"772,843,969,000",제 4 기,2022.12.31 현재,"845,402,772,000",17,KRW,2024
20250318000897,11011,2024,01390344,329180,CFS,연결재무제표,BS,재무상태표,자본총계,제 6 기,2024.12.31 현재,"5,704,448,501,000",제 5 기,2023.12.31 현재,"5,207,440,310,000",제 4 기,2022.12.31 현재,"5,287,819,487,000",21,KRW,2024
20250318000897,11011,2024,01390344,329180,CFS,연결재무제표,IS,손익계산서,매출액,제 6 기,2024.01.01 ~ 2024.12.31,"14,486,453,544,000",제 5 기,2023.01.01 ~ 2023.12.31,"11,963,925,991,000",제 4 기,2022.01.01 ~ 2022.12.31,"9,045,480,488,000",23,KRW,2024
20250318000897,11011,2024,01390344,329180,CFS,연결재무제표,IS,손익계산서,영업이익,제 6 기,2024.01.01 ~ 2024.12.31,"705,223,483,000",제 5 기,2023.01.01 ~ 2023.12.31,"178,639,965,000",제 4 기,2022.01.01 ~ 2022.12.31,"-289,151,153,000",25,KRW,2024
20250318000897,11011,2024,01390344,329180,CFS,연결재무제표,IS,손익계산서,법인세차감전 순이익,제 6 기,2024.01.01 ~ 2024.12.31,"798,137,713,000",제 5 기,2023.01.01 ~ 2023.12.31,"34,363,002,000",제 4 기,2022.01.01 ~ 2022.12.31,"-421,483,784,000",27,KRW,2024
20250318000897,11011,2024,01390344,329180,CFS,연결재무제표,IS,손익계산서,당기순이익(손실),제 6 기,2024.01.01 ~ 2024.12.31,"621,509,420,000",제 5 기,2023.01.01 ~ 2023.12.31,"24,689,214,000",제 4 기,2022.01.01 ~ 2022.12.31,"-352,064,622,000",29,KRW,2024
20250318000897,11011,2024,01390344,329180,CFS,연결재무제표,IS,손익계산서,당기순이익(손실),제 6 기,2024.01.01 ~ 2024.12.31,"621,509,420,000",제 5 기,2023.01.01 ~ 2023.12.31,"24,689,214,000",제 4 기,2022.01.01 ~ 2022.12.31,"-352,064,622,000",61,KRW,2024
20250318000897,11011,2024,01390344,329180,CFS,연결재무제표,IS,손익계산서,총포괄손익,제 6 기,2024.01.01 ~ 2024.12.31,"497,712,680,000",제 5 기,2023.01.01 ~ 2023.12.31,"-85,246,801,000",제 4 기,2022.01.01 ~ 2022.12.31,"-305,973,535,000",63,KRW,2024
20250318000897,11011,2024,01390344,329180,OFS,재무제표,BS,재무상태표,유동자산,제 6 기,2024.12.31 현재,"10,398,748,031,000",제 5 기,2023.12.31 현재,"8,768,341,190,000",제 4 기,2022.12.31 현재,"7,988,297,040,000",2,KRW,2024
20250318000897,11011,2024,01390344,329180,OFS,재무제표,BS,재무상태표,비유동자산,제 6 기,2024.12.31 현재,"9,002,546,141,000",제 5 기,2023.12.31 현재,"8,355,832,905,000",제 4 기,2022.12.31 현재,"8,294,797,881,000",4,KRW,2024
20250318000897,11011,2024,01390344,329180,OFS,재무제표,BS,재무상태표,자산총계,제 6 기,2024.12.31 현재,"19,401,294,172,000",제 5 기,2023.12.31 현재,"17,124,174,095,000",제 4 기,2022.12.31 현재,"16,283,094,921,000",6,KRW,2024
20250318000897,11011,2024,01390344,329180,OFS,재무제표,BS,재무상태표,유동부채,제 6 기,2024.12.31 현재,"11,810,579,613,000",제 5 기,2023.12.31 현재,"9,945,633,974,000",제 4 기,2022.12.31 현재,"9,073,546,662,000",8,KRW,2024
20250318000897,11011,2024,01390344,329180,OFS,재무제표,BS,재무상태표,비유동부채,제 6 기,2024.12.31 현재,"1,888,114,785,000",제 5 기,2023.12.31 현재,"1,969,554,409,000",제 4 기,2022.12.31 현재,"1,919,429,980,000",10,KRW,2024
20250318000897,11011,2024,01390344,329180,OFS,재무제표,BS,재무상태표,부채총계,제 6 기,2024.12.31 현재,"13,698,694,398,000",제 5 기,2023.12.31 현재,"11,915,188,383,000",제 4 기,2022.12.31 현재,"10,992,976,642,000",12,KRW,2024
20250318000897,11011,2024,01390344,329180,OFS,재무제표,BS,재무상태표,자본금,제 6 기,2024.12.31 현재,"443,865,580,000",제 5 기,2023.12.31 현재,"443,865,580,000",제 4 기,2022.12.31 현재,"443,865,580,000",15,KRW,2024
20250318000897,11011,2024,01390344,329180,OFS,재무제표,BS,재무상태표,이익잉여금,제 6 기,2024.12.31 현재,"1,286,327,397,000",제 5 기,2023.12.31 현재,"773,978,606,000",제 4 기,2022.12.31 현재,"847,469,637,000",19,KRW,2024
20250318000897,11011,2024,01390344,329180,OFS,재무제표,BS,재무상태표,자본총계,제 6 기,2024.12.31 현재,"5,702,599,774,000",제 5 기,2023.12.31 현재,"5,208,985,712,000",제 4 기,2022.12.31 현재,"5,290,118,279,000",22,KRW,2024
20250318000897,11011,2024,01390344,329180,OFS,재무제표,IS,손익계산서,매출액,제 6 기,2024.01.01 ~ 2024.12.31,"14,476,389,927,000",제 5 기,2023.01.01 ~ 2023.12.31,"11,957,982,952,000",제 4 기,2022.01.01 ~ 2022.12.31,"9,065,348,185,000",24,KRW,2024
20250318000897,11011,2024,01390344,329180,OFS,재무제표,IS,손익계산서,영업이익,제 6 기,2024.01.01 ~ 2024.12.31,"702,543,395,000",제 5 기,2023.01.01 ~ 2023.12.31,"177,805,976,000",제 4 기,2022.01.01 ~ 2022.12.31,"-286,797,248,000",26,KRW,2024
20250318000897,11011,2024,01390344,329180,OFS,재무제표,IS,손익계산서,법인세차감전 순이익,제 6 기,2024.01.01 ~ 2024.12.31,"794,534,748,000",제 5 기,2023.01.01 ~ 2023.12.31,"30,010,141,000",제 4 기,2022.01.01 ~ 2022.12.31,"-419,494,965,000",28,KRW,2024
20250318000897,11011,2024,01390344,329180,OFS,재무제표,IS,손익계산서,당기순이익(손실),제 6 기,2024.01.01 ~ 2024.12.31,"618,334,643,000",제 5 기,2023.01.01 ~ 2023.12.31,"21,329,458,000",제 4 기,2022.01.01 ~ 2022.12.31,"-350,075,802,000",30,KRW,2024
20250318000897,11011,2024,01390344,329180,OFS,재무제표,IS,손익계산서,당기순이익(손실),제 6 기,2024.01.01 ~ 2024.12.31,"618,334,643,000",제 5 기,2023.01.01 ~ 2023.12.31,"21,329,458,000",제 4 기,2022.01.01 ~ 2022.12.31,"-350,075,802,000",62,KRW,2024
20250318000897,11011,2024,01390344,329180,OFS,재무제표,IS,손익계산서,총포괄손익,제 6 기,2024.01.01 ~ 2024.12.31,"494,808,689,000",제 5 기,2023.01.01 ~ 2023.12.31,"-83,445,066,000",제 4 기,2022.01.01 ~ 2022.12.31,"-304,015,008,000",64,KRW,2024
20220317000848,11011,2021,00972503,271940,OFS,재무제표,BS,재무상태표,유동자산,제 10 기,2021.12.31 현재,"304,552,561,624",제 9 기,2020.12.31 현재,"50,169,855,978",제 8 기,2019.12.31 현재,"55,810,359,601",2,KRW,2021
20220317000848,11011,2021,00972503,271940,OFS,재무제표,BS,재무상태표,비유동자산,제 10 기,2021.12.31 현재,"38,990,517,985",제 9 기,2020.12.31 현재,"31,131,677,399",제 8 기,2019.12.31 현재,"22,057,557,262",4,KRW,2021
20220317000848,11011,2021,00972503,271940,OFS,재무제표,BS,재무상태표,자산총계,제 10 기,2021.12.31 현재,"343,543,079,609",제 9 기,2020.12.31 현재,"81,301,533,377",제 8 기,2019.12.31 현재,"77,867,916,863",6,KRW,2021
20220317000848,11011,2021,00972503,271940,OFS,재무제표,BS,재무상태표,유동부채,제 10 기,2021.12.31 현재,"31,435,509,884",제 9 기,2020.12.31 현재,"24,431,526,510",제 8 기,2019.12.31 현재,"36,556,060,675",8,KRW,2021
20220317000848,11011,2021,00972503,271940,OFS,재무제표,BS,재무상태표,비유동부채,제 10 기,2021.12.31 현재,"4,949,605,161",제 9 기,2020.12.31 현재,"3,651,768,682",제 8 기,2019.12.31 현재,"3,599,279,002",10,KRW,2021
20220317000848,11011,2021,00972503,271940,OFS,재무제표,BS,재무상태표,부채총계,제 10 기,2021.12.31 현재,"36,385,115,045",제 9 기,2020.12.31 현재,"28,083,295,192",제 8 기,2019.12.31 현재,"40,155,339,677",12,KRW,2021
20220317000848,11011,2021,00972503,271940,OFS,재무제표,BS,재무상태표,자본금,제 10 기,2021.12.31 현재,"18,156,595,000",제 9 기,2020.12.31 현재,"14,525,265,000",제 8 기,2019.12.31 현재,"4,841,755,000",15,KRW,2021
20220317000848,11011,2021,00972503,271940,OFS,재무제표,BS,재무상태표,이익잉여금,제 10 기,2021.12.31 현재,"23,949,262,683",제 9 기,2020.12.31 현재,"15,251,526,595",제 8 기,2019.12.31 현재,"-254,134,404",19,KRW,2021
20220317000848,11011,2021,00972503,271940,OFS,재무제표,BS,재무상태표,자본총계,제 10 기,2021.12.31 현재,"307,157,964,564",제 9 기,2020.12.31 현재,"53,218,238,185",제 8 기,2019.12.31 현재,"37,712,577,186",22,KRW,2021
20220317000848,11011,2021,00972503,271940,OFS,재무제표,IS,손익계산서,매출액,제 10 기,2021.01.01 ~ 2021.12.31,"117,690,718,877",제 9 기,2020.01.01 ~ 2020.12.31,"113,524,940,199",제 8 기,2019.01.01 ~ 2019.12.31,"91,898,308,063",24,KRW,2021
20220317000848,11011,2021,00972503,271940,OFS,재무제표,IS,손익계산서,영업이익,제 10 기,2021.01.01 ~ 2021.12.31,"9,802,681,380",제 9 기,2020.01.01 ~ 2020.12.31,"15,074,663,005",제 8 기,2019.01.01 ~ 2019.12.31,"12,619,772,448",26,KRW,2021
20220317000848,11011,2021,00972503,271940,OFS,재무제표,IS,손익계산서,법인세차감전 순이익,제 10 기,2021.01.01 ~ 2021.12.31,"10,658,659,241",제 9 기,2020.01.01 ~ 2020.12.31,"15,368,982,615",제 8 기,2019.01.01 ~ 2019.12.31,"11,340,707,130",28,KRW,2021
20220317000848,11011,2021,00972503,271940,OFS,재무제표,IS,손익계산서,당기순이익(손실),제 10 기,2021.01.01 ~ 2021.12.31,"8,963,456,196",제 9 기,2020.01.01 ~ 2020.12.31,"15,578,869,709",제 8 기,2019.01.01 ~ 2019.12.31,"9,382,877,858",30,KRW,2021
20220317000848,11011,2021,00972503,271940,OFS,재무제표,IS,손익계산서,당기순이익(손실),제 10 기,2021.01.01 ~ 2021.12.31,"8,963,456,196",제 9 기,2020.01.01 ~ 2020.12.31,"15,578,869,709",제 8 기,2019.01.01 ~ 2019.12.31,"9,382,877,858",62,KRW,2021
20230315001068,11011,2022,00972503,271940,OFS,재무제표,BS,재무상태표,유동자산,제 11 기,2022.12.31 현재,"293,758,323,525",제 10 기,2021.12.31 현재,"304,552,561,624",제 9 기,2020.12.31 현재,"50,169,855,978",2,KRW,2022
20230315001068,11011,2022,00972503,271940,OFS,재무제표,BS,재무상태표,비유동자산,제 11 기,2022.12.31 현재,"48,747,127,396",제 10 기,2021.12.31 현재,"38,990,517,985",제 9 기,2020.12.31 현재,"31,131,677,399",4,KRW,2022
20230315001068,11011,2022,00972503,271940,OFS,재무제표,BS,재무상태표,자산총계,제 11 기,2022.12.31 현재,"342,505,450,921",제 10 기,2021.12.31 현재,"343,543,079,609",제 9 기,2020.12.31 현재,"81,301,533,377",6,KRW,2022
20230315001068,11011,2022,00972503,271940,OFS,재무제표,BS,재무상태표,유동부채,제 11 기,2022.12.31 현재,"23,684,902,324",제 10 기,2021.12.31 현재,"31,435,509,884",제 9 기,2020.12.31 현재,"24,431,526,510",8,KRW,2022
20230315001068,11011,2022,00972503,271940,OFS,재무제표,BS,재무상태표,비유동부채,제 11 기,2022.12.31 현재,"4,101,655,548",제 10 기,2021.12.31 현재,"4,949,605,161",제 9 기,2020.12.31 현재,"3,651,768,682",10,KRW,2022
20230315001068,11011,2022,00972503,271940,OFS,재무제표,BS,재무상태표,부채총계,제 11 기,2022.12.31 현재,"27,786,557,872",제 10 기,2021.12.31 현재,"36,385,115,045",제 9 기,2020.12.31 현재,"28,083,295,192",12,KRW,2022
20230315001068,11011,2022,00972503,271940,OFS,재무제표,BS,재무상태표,자본금,제 11 기,2022.12.31 현재,"18,156,595,000",제 10 기,2021.12.31 현재,"18,156,595,000",제 9 기,2020.12.31 현재,"14,525,265,000",15,KRW,2022
20230315001068,11011,2022,00972503,271940,OFS,재무제표,BS,재무상태표,이익잉여금,제 11 기,2022.12.31 현재,"31,507,426,279",제 10 기,2021.12.31 현재,"23,949,262,683",제 9 기,2020.12.31 현재,"15,251,526,595",19,KRW,2022
20230315001068,11011,2022,00972503,271940,OFS,재무제표,BS,재무상태표,자본총계,제 11 기,2022.12.31 현재,"314,718,893,049",제 10 기,2021.12.31 현재,"307,157,964,564",제 9 기,2020.12.31 현재,"53,218,238,185",22,KRW,2022
20230315001068,11011,2022,00972503,271940,OFS,재무제표,IS,손익계산서,매출액,제 11 기,2022.01.01 ~ 2022.12.31,"109,080,826,437",제 10 기,2021.01.01 ~ 2021.12.31,"117,690,718,877",제 9 기,2020.01.01 ~ 2020.12.31,"113,524,940,199",24,KRW,2022
20230315001068,11011,2022,00972503,271940,OFS,재무제표,IS,손익계산서,영업이익,제 11 기,2022.01.01 ~ 2022.12.31,"2,772,987,763",제 10 기,2021.01.01 ~ 2021.12.31,"9,802,681,380",제 9 기,2020.01.01 ~ 2020.12.31,"15,074,663,005",26,KRW,2022
20230315001068,11011,2022,00972503,271940,OFS,재무제표,IS,손익계산서,법인세차감전 순이익,제 11 기,2022.01.01 ~ 2022.12.31,"8,635,778,293",제 10 기,2021.01.01 ~ 2021.12.31,"10,658,659,241",제 9 기,2020.01.01 ~ 2020.12.31,"15,368,982,615",28,KRW,2022
20230315001068,11011,2022,00972503,271940,OFS,재무제표,IS,손익계산서,당기순이익(손실),제 11 기,2022.01.01 ~ 2022.12.31,"7,043,344,617",제 10 기,2021.01.01 ~ 2021.12.31,"8,963,456,196",제 9 기,2020.01.01 ~ 2020.12.31,"15,578,869,709",30,KRW,2022
20230315001068,11011,2022,00972503,271940,OFS,재무제표,IS,손익계산서,당기순이익(손실),제 11 기,2022.01.01 ~ 2022.12.31,"7,043,344,617",제 10 기,2021.01.01 ~ 2021.12.31,"8,963,456,196",제 9 기,2020.01.01 ~ 2020.12.31,"15,578,869,709",62,KRW,2022
20240313001276,11011,2023,00972503,271940,OFS,재무제표,BS,재무상태표,유동자산,제 12 기,2023.12.31 현재,"289,215,686,092",제 11 기,2022.12.31 현재,"293,758,323,525",제 10 기,2021.12.31 현재,"304,552,561,624",2,KRW,2023
20240313001276,11011,2023,00972503,271940,OFS,재무제표,BS,재무상태표,비유동자산,제 12 기,2023.12.31 현재,"49,137,109,617",제 11 기,2022.12.31 현재,"48,747,127,396",제 10 기,2021.12.31 현재,"38,990,517,985",4,KRW,2023
20240313001276,11011,2023,00972503,271940,OFS,재무제표,BS,재무상태표,자산총계,제 12 기,2023.12.31 현재,"338,352,795,709",제 11 기,2022.12.31 현재,"342,505,450,921",제 10 기,2021.12.31 현재,"343,543,079,609",6,KRW,2023
20240313001276,11011,2023,00972503,271940,OFS,재무제표,BS,재무상태표,유동부채,제 12 기,2023.12.31 현재,"17,898,355,522",제 11 기,2022.12.31 현재,"23,684,902,324",제 10 기,2021.12.31 현재,"31,435,509,884",8,KRW,2023
20240313001276,11011,2023,00972503,271940,OFS,재무제표,BS,재무상태표,비유동부채,제 12 기,2023.12.31 현재,"4,550,453,316",제 11 기,2022.12.31 현재,"4,101,655,548",제 10 기,2021.12.31 현재,"4,949,605,161",10,KRW,2023
20240313001276,11011,2023,00972503,271940,OFS,재무제표,BS,재무상태표,부채총계,제 12 기,2023.12.31 현재,"22,448,808,838",제 11 기,2022.12.31 현재,"27,786,557,872",제 10 기,2021.12.31 현재,"36,385,115,045",12,KRW,2023
20240313001276,11011,2023,00972503,271940,OFS,재무제표,BS,재무상태표,자본금,제 12 기,2023.12.31 현재,"18,156,595,000",제 11 기,2022.12.31 현재,"18,156,595,000",제 10 기,2021.12.31 현재,"18,156,595,000",15,KRW,2023
20240313001276,11011,2023,00972503,271940,OFS,재무제표,BS,재무상태표,이익잉여금,제 12 기,2023.12.31 현재,"32,691,887,881",제 11 기,2022.12.31 현재,"31,507,426,279",제 10 기,2021.12.31 현재,"23,949,262,683",19,KRW,2023
20240313001276,11011,2023,00972503,271940,OFS,재무제표,BS,재무상태표,자본총계,제 12 기,2023.12.31 현재,"315,903,986,871",제 11 기,2022.12.31 현재,"314,718,893,049",제 10 기,2021.12.31 현재,"307,157,964,564",22,KRW,2023
20240313001276,11011,2023,00972503,271940,OFS,재무제표,IS,손익계산서,매출액,제 12 기,2023.01.01 ~ 2023.12.31,"78,740,158,706",제 11 기,2022.01.01 ~ 2022.12.31,"109,080,826,437",제 10 기,2021.01.01 ~ 2021.12.31,"117,690,718,877",24,KRW,2023
20240313001276,11011,2023,00972503,271940,OFS,재무제표,IS,손익계산서,영업이익,제 12 기,2023.01.01 ~ 2023.12.31,"-9,799,275,704",제 11 기,2022.01.01 ~ 2022.12.31,"2,772,987,763",제 10 기,2021.01.01 ~ 2021.12.31,"9,802,681,380",26,KRW,2023
20240313001276,11011,2023,00972503,271940,OFS,재무제표,IS,손익계산서,법인세차감전 순이익,제 12 기,2023.01.01 ~ 2023.12.31,"1,275,291,602",제 11 기,2022.01.01 ~ 2022.12.31,"8,635,778,293",제 10 기,2021.01.01 ~ 2021.12.31,"10,658,659,241",28,KRW,2023
20240313001276,11011,2023,00972503,271940,OFS,재무제표,IS,손익계산서,당기순이익(손실),제 12 기,2023.01.01 ~ 2023.12.31,"1,409,437,797",제 11 기,2022.01.01 ~ 2022.12.31,"7,043,344,617",제 10 기,2021.01.01 ~ 2021.12.31,"8,963,456,196",30,KRW,2023
20240313001276,11011,2023,00972503,271940,OFS,재무제표,IS,손익계산서,당기순이익(손실),제 12 기,2023.01.01 ~ 2023.12.31,"1,409,437,797",제 11 기,2022.01.01 ~ 2022.12.31,"7,043,344,617",제 10 기,2021.01.01 ~ 2021.12.31,"8,963,456,196",62,KRW,2023
20240313001276,11011,2023,00972503,271940,OFS,재무제표,IS,손익계산서,총포괄손익,제 12 기,2023.01.01 ~ 2023.12.31,"1,184,461,602",제 11 기,2022.01.01 ~ 2022.12.31,"7,558,163,596",제 10 기,2021.01.01 ~ 2021.12.31,"8,697,736,088",64,KRW,2023
20250312000525,11011,2024,00972503,271940,OFS,재무제표,BS,재무상태표,유동자산,제 13 기,2024.12.31 현재,"285,465,117,720",제 12 기,2023.12.31 현재,"289,215,686,092",제 11 기,2022.12.31 현재,"293,758,323,525",2,KRW,2024
20250312000525,11011,2024,00972503,271940,OFS,재무제표,BS,재무상태표,비유동자산,제 13 기,2024.12.31 현재,"58,812,649,369",제 12 기,2023.12.31 현재,"49,137,109,617",제 11 기,2022.12.31 현재,"48,747,127,396",4,KRW,2024
20250312000525,11011,2024,00972503,271940,OFS,재무제표,BS,재무상태표,자산총계,제 13 기,2024.12.31 현재,"344,277,767,089",제 12 기,2023.12.31 현재,"338,352,795,709",제 11 기,2022.12.31 현재,"342,505,450,921",6,KRW,2024
20250312000525,11011,2024,00972503,271940,OFS,재무제표,BS,재무상태표,유동부채,제 13 기,2024.12.31 현재,"21,477,389,959",제 12 기,2023.12.31 현재,"17,898,355,522",제 11 기,2022.12.31 현재,"23,684,902,324",8,KRW,2024
20250312000525,11011,2024,00972503,271940,OFS,재무제표,BS,재무상태표,비유동부채,제 13 기,2024.12.31 현재,"5,328,695,919",제 12 기,2023.12.31 현재,"4,550,453,316",제 11 기,2022.12.31 현재,"4,101,655,548",10,KRW,2024
20250312000525,11011,2024,00972503,271940,OFS,재무제표,BS,재무상태표,부채총계,제 13 기,2024.12.31 현재,"26,806,085,878",제 12 기,2023.12.31 현재,"22,448,808,838",제 11 기,2022.12.31 현재,"27,786,557,872",12,KRW,2024
20250312000525,11011,2024,00972503,271940,OFS,재무제표,BS,재무상태표,자본금,제 13 기,2024.12.31 현재,"18,156,595,000",제 12 기,2023.12.31 현재,"18,156,595,000",제 11 기,2022.12.31 현재,"18,156,595,000",15,KRW,2024
20250312000525,11011,2024,00972503,271940,OFS,재무제표,BS,재무상태표,이익잉여금,제 13 기,2024.12.31 현재,"34,262,979,330",제 12 기,2023.12.31 현재,"32,691,887,881",제 11 기,2022.12.31 현재,"31,507,426,279",19,KRW,2024
20250312000525,11011,2024,00972503,271940,OFS,재무제표,BS,재무상태표,자본총계,제 13 기,2024.12.31 현재,"317,471,681,211",제 12 기,2023.12.31 현재,"315,903,986,871",제 11 기,2022.12.31 현재,"314,718,893,049",22,KRW,2024
20250312000525,11011,2024,00972503,271940,OFS,재무제표,IS,손익계산서,매출액,제 13 기,2024.01.01 ~ 2024.12.31,"79,297,672,959",제 12 기,2023.01.01 ~ 2023.12.31,"78,740,158,706",제 11 기,2022.01.01 ~ 2022.12.31,"109,080,826,437",24,KRW,2024
20250312000525,11011,2024,00972503,271940,OFS,재무제표,IS,손익계산서,영업이익,제 13 기,2024.01.01 ~ 2024.12.31,"-9,515,638,086",제 12 기,2023.01.01 ~ 2023.12.31,"-9,799,275,704",제 11 기,2022.01.01 ~ 2022.12.31,"2,772,987,763",26,KRW,2024
20250312000525,11011,2024,00972503,271940,OFS,재무제표,IS,손익계산서,법인세차감전 순이익,제 13 기,2024.01.01 ~ 2024.12.31,"571,913,768",제 12 기,2023.01.01 ~ 2023.12.31,"1,275,291,602",제 11 기,2022.01.01 ~ 2022.12.31,"8,635,778,293",28,KRW,2024
20250312000525,11011,2024,00972503,271940,OFS,재무제표,IS,손익계산서,당기순이익(손실),제 13 기,2024.01.01 ~ 2024.12.31,"1,816,544,405",제 12 기,2023.01.01 ~ 2023.12.31,"1,409,437,797",제 11 기,2022.01.01 ~ 2022.12.31,"7,043,344,617",30,KRW,2024
20250312000525,11011,2024,00972503,271940,OFS,재무제표,IS,손익계산서,당기순이익(손실),제 13 기,2024.01.01 ~ 2024.12.31,"1,816,544,405",제 12 기,2023.01.01 ~ 2023.12.31,"1,409,437,797",제 11 기,2022.01.01 ~ 2022.12.31,"7,043,344,617",62,KRW,2024
20250312000525,11011,2024,00972503,271940,OFS,재무제표,IS,손익계산서,총포괄손익,제 13 기,2024.01.01 ~ 2024.12.31,"1,571,091,449",제 12 기,2023.01.01 ~ 2023.12.31,"1,184,461,602",제 11 기,2022.01.01 ~ 2022.12.31,"7,558,163,596",64,KRW,2024
20220316000673,11011,2021,00486705,139990,CFS,연결재무제표,BS,재무상태표,유동자산,제 23 기,2021.12.31 현재,"368,266,026,614",제 22 기,2020.12.31 현재,"216,207,178,108",제 21 기,2019.12.31 현재,"175,601,031,497",1,KRW,2021
20220316000673,11011,2021,00486705,139990,CFS,연결재무제표,BS,재무상태표,비유동자산,제 23 기,2021.12.31 현재,"258,960,294,591",제 22 기,2020.12.31 현재,"189,175,046,177",제 21 기,2019.12.31 현재,"144,770,565,313",3,KRW,2021
20220316000673,11011,2021,00486705,139990,CFS,연결재무제표,BS,재무상태표,자산총계,제 23 기,2021.12.31 현재,"627,226,321,205",제 22 기,2020.12.31 현재,"405,382,224,285",제 21 기,2019.12.31 현재,"320,371,596,810",5,KRW,2021
20220316000673,11011,2021,00486705,139990,CFS,연결재무제표,BS,재무상태표,유동부채,제 23 기,2021.12.31 현재,"305,603,789,746",제 22 기,2020.12.31 현재,"221,509,339,686",제 21 기,2019.12.31 현재,"212,570,214,807",7,KRW,2021
20220316000673,11011,2021,00486705,139990,CFS,연결재무제표,BS,재무상태표,비유동부채,제 23 기,2021.12.31 현재,"84,986,349,464",제 22 기,2020.12.31 현재,"56,367,032,824",제 21 기,2019.12.31 현재,"32,576,043,993",9,KRW,2021
20220316000673,11011,2021,00486705,139990,CFS,연결재무제표,BS,재무상태표,부채총계,제 23 기,2021.12.31 현재,"390,590,139,210",제 22 기,2020.12.31 현재,"277,876,372,510",제 21 기,2019.12.31 현재,"245,146,258,800",11,KRW,2021
20220316000673,11011,2021,00486705,139990,CFS,연결재무제표,BS,재무상태표,자본금,제 23 기,2021.12.31 현재,"13,226,094,500",제 22 기,2020.12.31 현재,"9,712,277,000",제 21 기,2019.12.31 현재,"1,950,000,000",13,KRW,2021
20220316000673,11011,2021,00486705,139990,CFS,연결재무제표,BS,재무상태표,이익잉여금,제 23 기,2021.12.31 현재,"100,957,806,273",제 22 기,2020.12.31 현재,"67,157,673,777",제 21 기,2019.12.31 현재,"54,179,046,553",17,KRW,2021
20220316000673,11011,2021,00486705,139990,CFS,연결재무제표,BS,재무상태표,자본총계,제 23 기,2021.12.31 현재,"236,636,181,995",제 22 기,2020.12.31 현재,"127,505,851,775",제 21 기,2019.12.31 현재,"75,225,338,010",21,KRW,2021
20220316000673,11011,2021,00486705,139990,CFS,연결재무제표,IS,손익계산서,매출액,제 23 기,2021.01.01 ~ 2021.12.31,"933,409,934,057",제 22 기,2020.01.01 ~ 2020.12.31,"569,793,715,535",제 21 기,2019.01.01 ~ 2019.12.31,"506,401,902,019",23,KRW,2021
20220316000673,11011,2021,00486705,139990,CFS,연결재무제표,IS,손익계산서,영업이익,제 23 기,2021.01.01 ~ 2021.12.31,"55,310,968,330",제 22 기,2020.01.01 ~ 2020.12.31,"28,449,116,490",제 21 기,2019.01.01 ~ 2019.12.31,"28,689,626,283",25,KRW,2021
20220316000673,11011,2021,00486705,139990,CFS,연결재무제표,IS,손익계산서,법인세차감전 순이익,제 23 기,2021.01.01 ~ 2021.12.31,"50,464,631,180",제 22 기,2020.01.01 ~ 2020.12.31,"16,643,072,453",제 21 기,2019.01.01 ~ 2019.12.31,"20,672,322,195",27,KRW,2021
20220316000673,11011,2021,00486705,139990,CFS,연결재무제표,IS,손익계산서,당기순이익(손실),제 23 기,2021.01.01 ~ 2021.12.31,"32,472,341,903",제 22 기,2020.01.01 ~ 2020.12.31,"11,709,216,928",제 21 기,2019.01.01 ~ 2019.12.31,"14,521,488,748",29,KRW,2021
20220316000673,11011,2021,00486705,139990,CFS,연결재무제표,IS,손익계산서,당기순이익(손실),제 23 기,2021.01.01 ~ 2021.12.31,"32,472,341,903",제 22 기,2020.01.01 ~ 2020.12.31,"11,709,216,928",제 21 기,2019.01.01 ~ 2019.12.31,"14,521,488,748",61,KRW,2021
20220316000673,11011,2021,00486705,139990,OFS,재무제표,BS,재무상태표,유동자산,제 23 기,2021.12.31 현재,"242,690,820,050",제 22 기,2020.12.31 현재,"154,984,871,308",제 21 기,2019.12.31 현재,"110,191,197,839",2,KRW,2021
20220316000673,11011,2021,00486705,139990,OFS,재무제표,BS,재무상태표,비유동자산,제 23 기,2021.12.31 현재,"239,915,662,614",제 22 기,2020.12.31 현재,"158,057,815,932",제 21 기,2019.12.31 현재,"113,743,086,575",4,KRW,2021
20220316000673,11011,2021,00486705,139990,OFS,재무제표,BS,재무상태표,자산총계,제 23 기,2021.12.31 현재,"482,606,482,664",제 22 기,2020.12.31 현재,"313,042,687,240",제 21 기,2019.12.31 현재,"223,934,284,414",6,KRW,2021
20220316000673,11011,2021,00486705,139990,OFS,재무제표,BS,재무상태표,유동부채,제 23 기,2021.12.31 현재,"188,683,678,478",제 22 기,2020.12.31 현재,"157,985,999,173",제 21 기,2019.12.31 현재,"141,967,544,069",8,KRW,2021
20220316000673,11011,2021,00486705,139990,OFS,재무제표,BS,재무상태표,비유동부채,제 23 기,2021.12.31 현재,"63,995,521,646",제 22 기,2020.12.31 현재,"34,759,931,707",제 21 기,2019.12.31 현재,"16,315,369,772",10,KRW,2021
20220316000673,11011,2021,00486705,139990,OFS,재무제표,BS,재무상태표,부채총계,제 23 기,2021.12.31 현재,"252,679,200,124",제 22 기,2020.12.31 현재,"192,745,930,880",제 21 기,2019.12.31 현재,"158,282,913,841",12,KRW,2021
20220316000673,11011,2021,00486705,139990,OFS,재무제표,BS,재무상태표,자본금,제 23 기,2021.12.31 현재,"13,226,094,500",제 22 기,2020.12.31 현재,"9,712,277,000",제 21 기,2019.12.31 현재,"1,950,000,000",15,KRW,2021
20220316000673,11011,2021,00486705,139990,OFS,재무제표,BS,재무상태표,이익잉여금,제 23 기,2021.12.31 현재,"96,343,539,758",제 22 기,2020.12.31 현재,"62,507,280,880",제 21 기,2019.12.31 현재,"48,307,622,730",19,KRW,2021
20220316000673,11011,2021,00486705,139990,OFS,재무제표,BS,재무상태표,자본총계,제 23 기,2021.12.31 현재,"229,927,282,540",제 22 기,2020.12.31 현재,"120,296,756,360",제 21 기,2019.12.31 현재,"65,651,370,573",22,KRW,2021
20220316000673,11011,2021,00486705,139990,OFS,재무제표,IS,손익계산서,매출액,제 23 기,2021.01.01 ~ 2021.12.31,"570,544,066,367",제 22 기,2020.01.01 ~ 2020.12.31,"326,861,771,697",제 21 기,2019.01.01 ~ 2019.12.31,"251,563,866,329",24,KRW,2021
20220316000673,11011,2021,00486705,139990,OFS,재무제표,IS,손익계산서,영업이익,제 23 기,2021.01.01 ~ 2021.12.31,"30,360,227,668",제 22 기,2020.01.01 ~ 2020.12.31,"18,558,193,517",제 21 기,2019.01.01 ~ 2019.12.31,"15,372,531,338",26,KRW,2021
20220316000673,11011,2021,00486705,139990,OFS,재무제표,IS,손익계산서,법인세차감전 순이익,제 23 기,2021.01.01 ~ 2021.12.31,"46,225,355,745",제 22 기,2020.01.01 ~ 2020.12.31,"16,959,426,285",제 21 기,2019.01.01 ~ 2019.12.31,"16,213,847,126",28,KRW,2021
20220316000673,11011,2021,00486705,139990,OFS,재무제표,IS,손익계산서,당기순이익(손실),제 23 기,2021.01.01 ~ 2021.12.31,"33,806,803,717",제 22 기,2020.01.01 ~ 2020.12.31,"14,096,616,033",제 21 기,2019.01.01 ~ 2019.12.31,"11,750,699,381",30,KRW,2021
20220316000673,11011,2021,00486705,139990,OFS,재무제표,IS,손익계산서,당기순이익(손실),제 23 기,2021.01.01 ~ 2021.12.31,"33,806,803,717",제 22 기,2020.01.01 ~ 2020.12.31,"14,096,616,033",제 21 기,2019.01.01 ~ 2019.12.31,"11,750,699,381",62,KRW,2021
20230320001066,11011,2022,00486705,139990,CFS,연결재무제표,BS,재무상태표,유동자산,제 24 기,2022.12.31 현재,"345,921,495,870",제 23 기,2021.12.31 현재,"368,266,026,614",제 22 기,2020.12.31 현재,"216,207,178,108",1,KRW,2022
20230320001066,11011,2022,00486705,139990,CFS,연결재무제표,BS,재무상태표,비유동자산,제 24 기,2022.12.31 현재,"414,306,990,018",제 23 기,2021.12.31 현재,"258,960,294,591",제 22 기,2020.12.31 현재,"189,175,046,177",3,KRW,2022
20230320001066,11011,2022,00486705,139990,CFS,연결재무제표,BS,재무상태표,자산총계,제 24 기,2022.12.31 현재,"760,228,485,888",제 23 기,2021.12.31 현재,"627,226,321,205",제 22 기,2020.12.31 현재,"405,382,224,285",5,KRW,2022
20230320001066,11011,2022,00486705,139990,CFS,연결재무제표,BS,재무상태표,유동부채,제 24 기,2022.12.31 현재,"369,474,451,136",제 23 기,2021.12.31 현재,"305,603,789,746",제 22 기,2020.12.31 현재,"221,509,339,686",7,KRW,2022
20230320001066,11011,2022,00486705,139990,CFS,연결재무제표,BS,재무상태표,비유동부채,제 24 기,2022.12.31 현재,"153,274,776,128",제 23 기,2021.12.31 현재,"84,986,349,464",제 22 기,2020.12.31 현재,"56,367,032,824",9,KRW,2022
20230320001066,11011,2022,00486705,139990,CFS,연결재무제표,BS,재무상태표,부채총계,제 24 기,2022.12.31 현재,"522,749,227,264",제 23 기,2021.12.31 현재,"390,590,139,210",제 22 기,2020.12.31 현재,"277,876,372,510",11,KRW,2022
20230320001066,11011,2022,00486705,139990,CFS,연결재무제표,BS,재무상태표,자본금,제 24 기,2022.12.31 현재,"13,226,094,500",제 23 기,2021.12.31 현재,"13,226,094,500",제 22 기,2020.12.31 현재,"9,712,277,000",13,KRW,2022
20230320001066,11011,2022,00486705,139990,CFS,연결재무제표,BS,재무상태표,이익잉여금,제 24 기,2022.12.31 현재,"104,259,512,789",제 23 기,2021.12.31 현재,"100,957,806,273",제 22 기,2020.12.31 현재,"67,157,673,777",17,KRW,2022
20230320001066,11011,2022,00486705,139990,CFS,연결재무제표,BS,재무상태표,자본총계,제 24 기,2022.12.31 현재,"237,479,258,624",제 23 기,2021.12.31 현재,"236,636,181,995",제 22 기,2020.12.31 현재,"127,505,851,775",21,KRW,2022
20230320001066,11011,2022,00486705,139990,CFS,연결재무제표,IS,손익계산서,매출액,제 24 기,2022.01.01 ~ 2022.12.31,"1,056,170,390,159",제 23 기,2021.01.01 ~ 2021.12.31,"933,409,934,057",제 22 기,2020.01.01 ~ 2020.12.31,"569,793,715,535",23,KRW,2022
20230320001066,11011,2022,00486705,139990,CFS,연결재무제표,IS,손익계산서,영업이익,제 24 기,2022.01.01 ~ 2022.12.31,"4,599,028,519",제 23 기,2021.01.01 ~ 2021.12.31,"55,310,968,330",제 22 기,2020.01.01 ~ 2020.12.31,"28,449,116,490",25,KRW,2022
20230320001066,11011,2022,00486705,139990,CFS,연결재무제표,IS,손익계산서,법인세차감전 순이익,제 24 기,2022.01.01 ~ 2022.12.31,"-988,916,149",제 23 기,2021.01.01 ~ 2021.12.31,"50,464,631,180",제 22 기,2020.01.01 ~ 2020.12.31,"16,643,072,453",27,KRW,2022
20230320001066,11011,2022,00486705,139990,CFS,연결재무제표,IS,손익계산서,당기순이익(손실),제 24 기,2022.01.01 ~ 2022.12.31,"-4,110,014,852",제 23 기,2021.01.01 ~ 2021.12.31,"32,472,341,903",제 22 기,2020.01.01 ~ 2020.12.31,"11,709,216,928",29,KRW,2022
20230320001066,11011,2022,00486705,139990,CFS,연결재무제표,IS,손익계산서,당기순이익(손실),제 24 기,2022.01.01 ~ 2022.12.31,"-4,110,014,852",제 23 기,2021.01.01 ~ 2021.12.31,"32,472,341,903",제 22 기,2020.01.01 ~ 2020.12.31,"11,709,216,928",61,KRW,2022
20230320001066,11011,2022,00486705,139990,OFS,재무제표,BS,재무상태표,유동자산,제 24 기,2022.12.31 현재,"228,781,591,695",제 23 기,2021.12.31 현재,"242,690,820,050",제 22 기,2020.12.31 현재,"154,984,871,308",2,KRW,2022
20230320001066,11011,2022,00486705,139990,OFS,재무제표,BS,재무상태표,비유동자산,제 24 기,2022.12.31 현재,"343,894,022,044",제 23 기,2021.12.31 현재,"239,915,662,614",제 22 기,2020.12.31 현재,"158,057,815,932",4,KRW,2022
20230320001066,11011,2022,00486705,139990,OFS,재무제표,BS,재무상태표,자산총계,제 24 기,2022.12.31 현재,"572,675,613,739",제 23 기,2021.12.31 현재,"482,606,482,664",제 22 기,2020.12.31 현재,"313,042,687,240",6,KRW,2022
20230320001066,11011,2022,00486705,139990,OFS,재무제표,BS,재무상태표,유동부채,제 24 기,2022.12.31 현재,"225,447,692,654",제 23 기,2021.12.31 현재,"188,683,678,478",제 22 기,2020.12.31 현재,"157,985,999,173",8,KRW,2022
20230320001066,11011,2022,00486705,139990,OFS,재무제표,BS,재무상태표,비유동부채,제 24 기,2022.12.31 현재,"107,628,781,889",제 23 기,2021.12.31 현재,"63,995,521,646",제 22 기,2020.12.31 현재,"34,759,931,707",10,KRW,2022
20230320001066,11011,2022,00486705,139990,OFS,재무제표,BS,재무상태표,부채총계,제 24 기,2022.12.31 현재,"333,076,474,543",제 23 기,2021.12.31 현재,"252,679,200,124",제 22 기,2020.12.31 현재,"192,745,930,880",12,KRW,2022
20230320001066,11011,2022,00486705,139990,OFS,재무제표,BS,재무상태표,자본금,제 24 기,2022.12.31 현재,"13,226,094,500",제 23 기,2021.12.31 현재,"13,226,094,500",제 22 기,2020.12.31 현재,"9,712,277,000",15,KRW,2022
20230320001066,11011,2022,00486705,139990,OFS,재무제표,BS,재무상태표,이익잉여금,제 24 기,2022.12.31 현재,"102,053,075,889",제 23 기,2021.12.31 현재,"96,343,539,758",제 22 기,2020.12.31 현재,"62,507,280,880",19,KRW,2022
20230320001066,11011,2022,00486705,139990,OFS,재무제표,BS,재무상태표,자본총계,제 24 기,2022.12.31 현재,"239,599,139,196",제 23 기,2021.12.31 현재,"229,927,282,540",제 22 기,2020.12.31 현재,"120,296,756,360",22,KRW,2022
20230320001066,11011,2022,00486705,139990,OFS,재무제표,IS,손익계산서,매출액,제 24 기,2022.01.01 ~ 2022.12.31,"558,875,182,958",제 23 기,2021.01.01 ~ 2021.12.31,"570,544,066,367",제 22 기,2020.01.01 ~ 2020.12.31,"326,861,771,697",24,KRW,2022
20230320001066,11011,2022,00486705,139990,OFS,재무제표,IS,손익계산서,영업이익,제 24 기,2022.01.01 ~ 2022.12.31,"3,112,347,125",제 23 기,2021.01.01 ~ 2021.12.31,"30,360,227,668",제 22 기,2020.01.01 ~ 2020.12.31,"18,558,193,517",26,KRW,2022
20230320001066,11011,2022,00486705,139990,OFS,재무제표,IS,손익계산서,법인세차감전 순이익,제 24 기,2022.01.01 ~ 2022.12.31,"1,861,407,904",제 23 기,2021.01.01 ~ 2021.12.31,"46,225,355,745",제 22 기,2020.01.01 ~ 2020.12.31,"16,959,426,285",28,KRW,2022
20230320001066,11011,2022,00486705,139990,OFS,재무제표,IS,손익계산서,당기순이익(손실),제 24 기,2022.01.01 ~ 2022.12.31,"3,786,932,423",제 23 기,2021.01.01 ~ 2021.12.31,"33,806,803,717",제 22 기,2020.01.01 ~ 2020.12.31,"14,096,616,033",30,KRW,2022
20230320001066,11011,2022,00486705,139990,OFS,재무제표,IS,손익계산서,당기순이익(손실),제 24 기,2022.01.01 ~ 2022.12.31,"3,786,932,423",제 23 기,2021.01.01 ~ 2021.12.31,"33,806,803,717",제 22 기,2020.01.01 ~ 2020.12.31,"14,096,616,033",62,KRW,2022
20250321001731,11011,2023,00486705,139990,CFS,연결재무제표,BS,재무상태표,유동자산,제 25 기,2023.12.31 현재,"404,148,930,215",제 24 기,2022.12.31 현재,"345,921,495,870",제 23 기,2021.12.31 현재,"368,266,026,614",1,KRW,2023
20250321001731,11011,2023,00486705,139990,CFS,연결재무제표,BS,재무상태표,비유동자산,제 25 기,2023.12.31 현재,"591,257,500,985",제 24 기,2022.12.31 현재,"414,306,990,018",제 23 기,2021.12.31 현재,"258,960,294,591",3,KRW,2023
20250321001731,11011,2023,00486705,139990,CFS,연결재무제표,BS,재무상태표,자산총계,제 25 기,2023.12.31 현재,"995,406,431,200",제 24 기,2022.12.31 현재,"760,228,485,888",제 23 기,2021.12.31 현재,"627,226,321,205",5,KRW,2023
20250321001731,11011,2023,00486705,139990,CFS,연결재무제표,BS,재무상태표,유동부채,제 25 기,2023.12.31 현재,"530,183,641,923",제 24 기,2022.12.31 현재,"369,474,451,136",제 23 기,2021.12.31 현재,"305,603,789,746",7,KRW,2023
20250321001731,11011,2023,00486705,139990,CFS,연결재무제표,BS,재무상태표,비유동부채,제 25 기,2023.12.31 현재,"289,400,156,783",제 24 기,2022.12.31 현재,"153,274,776,128",제 23 기,2021.12.31 현재,"84,986,349,464",9,KRW,2023
20250321001731,11011,2023,00486705,139990,CFS,연결재무제표,BS,재무상태표,부채총계,제 25 기,2023.12.31 현재,"819,583,798,706",제 24 기,2022.12.31 현재,"522,749,227,264",제 23 기,2021.12.31 현재,"390,590,139,210",11,KRW,2023
20250321001731,11011,2023,00486705,139990,CFS,연결재무제표,BS,재무상태표,자본금,제 25 기,2023.12.31 현재,"13,226,094,500",제 24 기,2022.12.31 현재,"13,226,094,500",제 23 기,2021.12.31 현재,"13,226,094,500",13,KRW,2023
20250321001731,11011,2023,00486705,139990,CFS,연결재무제표,BS,재무상태표,이익잉여금,제 25 기,2023.12.31 현재,"71,451,564,902",제 24 기,2022.12.31 현재,"104,259,512,789",제 23 기,2021.12.31 현재,"100,957,806,273",17,KRW,2023
20250321001731,11011,2023,00486705,139990,CFS,연결재무제표,BS,재무상태표,자본총계,제 25 기,2023.12.31 현재,"175,822,632,494",제 24 기,2022.12.31 현재,"237,479,258,624",제 23 기,2021.12.31 현재,"236,636,181,995",21,KRW,2023
20250321001731,11011,2023,00486705,139990,CFS,연결재무제표,IS,손익계산서,매출액,제 25 기,2023.01.01 ~ 2023.12.31,"956,457,905,420",제 24 기,2022.01.01 ~ 2022.12.31,"1,056,170,390,159",제 23 기,2021.01.01 ~ 2021.12.31,"933,409,934,057",23,KRW,2023
20250321001731,11011,2023,00486705,139990,CFS,연결재무제표,IS,손익계산서,영업이익,제 25 기,2023.01.01 ~ 2023.12.31,"-19,057,421,396",제 24 기,2022.01.01 ~ 2022.12.31,"4,599,028,519",제 23 기,2021.01.01 ~ 2021.12.31,"55,310,968,330",25,KRW,2023
20250321001731,11011,2023,00486705,139990,CFS,연결재무제표,IS,손익계산서,법인세차감전 순이익,제 25 기,2023.01.01 ~ 2023.12.31,"-67,527,297,133",제 24 기,2022.01.01 ~ 2022.12.31,"-988,916,149",제 23 기,2021.01.01 ~ 2021.12.31,"50,464,631,180",27,KRW,2023
20250321001731,11011,2023,00486705,139990,CFS,연결재무제표,IS,손익계산서,당기순이익(손실),제 25 기,2023.01.01 ~ 2023.12.31,"-65,542,964,592",제 24 기,2022.01.01 ~ 2022.12.31,"-4,110,014,852",제 23 기,2021.01.01 ~ 2021.12.31,"32,472,341,903",29,KRW,2023
20250321001731,11011,2023,00486705,139990,CFS,연결재무제표,IS,손익계산서,당기순이익(손실),제 25 기,2023.01.01 ~ 2023.12.31,"-65,542,964,592",제 24 기,2022.01.01 ~ 2022.12.31,"-4,110,014,852",제 23 기,2021.01.01 ~ 2021.12.31,"32,472,341,903",61,KRW,2023
20250321001731,11011,2023,00486705,139990,OFS,재무제표,BS,재무상태표,유동자산,제 25 기,2023.12.31 현재,"257,148,677,536",제 24 기,2022.12.31 현재,"228,781,591,695",제 23 기,2021.12.31 현재,"242,690,820,050",2,KRW,2023
20250321001731,11011,2023,00486705,139990,OFS,재무제표,BS,재무상태표,비유동자산,제 25 기,2023.12.31 현재,"441,403,135,333",제 24 기,2022.12.31 현재,"343,894,022,044",제 23 기,2021.12.31 현재,"239,915,662,614",4,KRW,2023
20250321001731,11011,2023,00486705,139990,OFS,재무제표,BS,재무상태표,자산총계,제 25 기,2023.12.31 현재,"698,551,812,869",제 24 기,2022.12.31 현재,"572,675,613,739",제 23 기,2021.12.31 현재,"482,606,482,664",6,KRW,2023
20250321001731,11011,2023,00486705,139990,OFS,재무제표,BS,재무상태표,유동부채,제 25 기,2023.12.31 현재,"347,147,799,886",제 24 기,2022.12.31 현재,"225,447,692,654",제 23 기,2021.12.31 현재,"188,683,678,478",8,KRW,2023
20250321001731,11011,2023,00486705,139990,OFS,재무제표,BS,재무상태표,비유동부채,제 25 기,2023.12.31 현재,"167,864,339,641",제 24 기,2022.12.31 현재,"107,628,781,889",제 23 기,2021.12.31 현재,"63,995,521,646",10,KRW,2023
20250321001731,11011,2023,00486705,139990,OFS,재무제표,BS,재무상태표,부채총계,제 25 기,2023.12.31 현재,"515,012,139,527",제 24 기,2022.12.31 현재,"333,076,474,543",제 23 기,2021.12.31 현재,"252,679,200,124",12,KRW,2023
20250321001731,11011,2023,00486705,139990,OFS,재무제표,BS,재무상태표,자본금,제 25 기,2023.12.31 현재,"13,226,094,500",제 24 기,2022.12.31 현재,"13,226,094,500",제 23 기,2021.12.31 현재,"13,226,094,500",15,KRW,2023
20250321001731,11011,2023,00486705,139990,OFS,재무제표,BS,재무상태표,이익잉여금,제 25 기,2023.12.31 현재,"30,366,727,878",제 24 기,2022.12.31 현재,"102,053,075,889",제 23 기,2021.12.31 현재,"96,343,539,758",19,KRW,2023
20250321001731,11011,2023,00486705,139990,OFS,재무제표,BS,재무상태표,자본총계,제 25 기,2023.12.31 현재,"183,539,673,342",제 24 기,2022.12.31 현재,"239,599,139,196",제 23 기,2021.12.31 현재,"229,927,282,540",22,KRW,2023
20250321001731,11011,2023,00486705,139990,OFS,재무제표,IS,손익계산서,매출액,제 25 기,2023.01.01 ~ 2023.12.31,"502,585,346,315",제 24 기,2022.01.01 ~ 2022.12.31,"558,875,182,958",제 23 기,2021.01.01 ~ 2021.12.31,"570,544,066,367",24,KRW,2023
20250321001731,11011,2023,00486705,139990,OFS,재무제표,IS,손익계산서,영업이익,제 25 기,2023.01.01 ~ 2023.12.31,"-33,555,788,961",제 24 기,2022.01.01 ~ 2022.12.31,"3,112,347,125",제 23 기,2021.01.01 ~ 2021.12.31,"30,360,227,668",26,KRW,2023
20250321001731,11011,2023,00486705,139990,OFS,재무제표,IS,손익계산서,법인세차감전 순이익,제 25 기,2023.01.01 ~ 2023.12.31,"-72,226,985,420",제 24 기,2022.01.01 ~ 2022.12.31,"1,861,407,904",제 23 기,2021.01.01 ~ 2021.12.31,"46,225,355,745",28,KRW,2023
20250321001731,11011,2023,00486705,139990,OFS,재무제표,IS,손익계산서,당기순이익(손실),제 25 기,2023.01.01 ~ 2023.12.31,"-70,368,320,897",제 24 기,2022.01.01 ~ 2022.12.31,"3,786,932,423",제 23 기,2021.01.01 ~ 2021.12.31,"33,806,803,717",30,KRW,2023
20250321001731,11011,2023,00486705,139990,OFS,재무제표,IS,손익계산서,당기순이익(손실),제 25 기,2023.01.01 ~ 2023.12.31,"-70,368,320,897",제 24 기,2022.01.01 ~ 2022.12.31,"3,786,932,423",제 23 기,2021.01.01 ~ 2021.12.31,"33,806,803,717",62,KRW,2023
20250321001731,11011,2023,00486705,139990,OFS,재무제표,IS,손익계산서,총포괄손익,제 25 기,2023.01.01 ~ 2023.12.31,"-56,059,465,854",제 24 기,2022.01.01 ~ 2022.12.31,"9,671,856,656",제 23 기,2021.01.01 ~ 2021.12.31,"36,308,663,691",64,KRW,2023
20250328001653,11011,2024,00486705,139990,CFS,연결재무제표,BS,재무상태표,유동자산,제 26 기,2024.12.31 현재,"328,910,964,551",제 25 기,2023.12.31 현재,"404,148,930,215",제 24 기,2022.12.31 현재,"345,921,495,870",1,KRW,2024
20250328001653,11011,2024,00486705,139990,CFS,연결재무제표,BS,재무상태표,비유동자산,제 26 기,2024.12.31 현재,"632,475,282,553",제 25 기,2023.12.31 현재,"591,257,500,985",제 24 기,2022.12.31 현재,"414,306,990,018",3,KRW,2024
20250328001653,11011,2024,00486705,139990,CFS,연결재무제표,BS,재무상태표,자산총계,제 26 기,2024.12.31 현재,"961,386,247,104",제 25 기,2023.12.31 현재,"995,406,431,200",제 24 기,2022.12.31 현재,"760,228,485,888",5,KRW,2024
20250328001653,11011,2024,00486705,139990,CFS,연결재무제표,BS,재무상태표,유동부채,제 26 기,2024.12.31 현재,"610,993,689,022",제 25 기,2023.12.31 현재,"530,183,641,923",제 24 기,2022.12.31 현재,"369,474,451,136",7,KRW,2024
20250328001653,11011,2024,00486705,139990,CFS,연결재무제표,BS,재무상태표,비유동부채,제 26 기,2024.12.31 현재,"231,874,144,669",제 25 기,2023.12.31 현재,"289,400,156,783",제 24 기,2022.12.31 현재,"153,274,776,128",9,KRW,2024
20250328001653,11011,2024,00486705,139990,CFS,연결재무제표,BS,재무상태표,부채총계,제 26 기,2024.12.31 현재,"842,867,833,691",제 25 기,2023.12.31 현재,"819,583,798,706",제 24 기,2022.12.31 현재,"522,749,227,264",11,KRW,2024
20250328001653,11011,2024,00486705,139990,CFS,연결재무제표,BS,재무상태표,자본금,제 26 기,2024.12.31 현재,"13,258,872,000",제 25 기,2023.12.31 현재,"13,226,094,500",제 24 기,2022.12.31 현재,"13,226,094,500",13,KRW,2024
20250328001653,11011,2024,00486705,139990,CFS,연결재무제표,BS,재무상태표,이익잉여금,제 26 기,2024.12.31 현재,"-37,226,091,717",제 25 기,2023.12.31 현재,"71,451,564,902",제 24 기,2022.12.31 현재,"104,259,512,789",17,KRW,2024
20250328001653,11011,2024,00486705,139990,CFS,연결재무제표,BS,재무상태표,자본총계,제 26 기,2024.12.31 현재,"118,518,413,413",제 25 기,2023.12.31 현재,"175,822,632,494",제 24 기,2022.12.31 현재,"237,479,258,624",21,KRW,2024
20250328001653,11011,2024,00486705,139990,CFS,연결재무제표,IS,손익계산서,매출액,제 26 기,2024.01.01 ~ 2024.12.31,"999,671,752,739",제 25 기,2023.01.01 ~ 2023.12.31,"938,544,286,063",제 24 기,2022.01.01 ~ 2022.12.31,"1,056,170,390,159",23,KRW,2024
20250328001653,11011,2024,00486705,139990,CFS,연결재무제표,IS,손익계산서,영업이익,제 26 기,2024.01.01 ~ 2024.12.31,"-42,399,405,216",제 25 기,2023.01.01 ~ 2023.12.31,"-13,322,021,538",제 24 기,2022.01.01 ~ 2022.12.31,"4,599,028,519",25,KRW,2024
20250328001653,11011,2024,00486705,139990,CFS,연결재무제표,IS,손익계산서,법인세차감전 순이익,제 26 기,2024.01.01 ~ 2024.12.31,"-112,500,502,988",제 25 기,2023.01.01 ~ 2023.12.31,"-36,108,765,054",제 24 기,2022.01.01 ~ 2022.12.31,"-988,916,149",27,KRW,2024
20250328001653,11011,2024,00486705,139990,CFS,연결재무제표,IS,손익계산서,당기순이익(손실),제 26 기,2024.01.01 ~ 2024.12.31,"-122,034,432,712",제 25 기,2023.01.01 ~ 2023.12.31,"-65,542,964,592",제 24 기,2022.01.01 ~ 2022.12.31,"-4,110,014,852",29,KRW,2024
20250328001653,11011,2024,00486705,139990,CFS,연결재무제표,IS,손익계산서,당기순이익(손실),제 26 기,2024.01.01 ~ 2024.12.31,"-122,034,432,712",제 25 기,2023.01.01 ~ 2023.12.31,"-65,542,964,592",제 24 기,2022.01.01 ~ 2022.12.31,"-4,110,014,852",61,KRW,2024
20250328001653,11011,2024,00486705,139990,CFS,연결재무제표,IS,손익계산서,총포괄손익,제 26 기,2024.01.01 ~ 2024.12.31,"-112,239,727,322",제 25 기,2023.01.01 ~ 2023.12.31,"-50,235,095,671",제 24 기,2022.01.01 ~ 2022.12.31,"820,783,059",63,KRW,2024
20250328001653,11011,2024,00486705,139990,OFS,재무제표,BS,재무상태표,유동자산,제 26 기,2024.12.31 현재,"202,145,645,902",제 25 기,2023.12.31 현재,"257,148,677,536",제 24 기,2022.12.31 현재,"228,781,591,695",2,KRW,2024
20250328001653,11011,2024,00486705,139990,OFS,재무제표,BS,재무상태표,비유동자산,제 26 기,2024.12.31 현재,"473,357,559,319",제 25 기,2023.12.31 현재,"441,403,135,333",제 24 기,2022.12.31 현재,"343,894,022,044",4,KRW,2024
20250328001653,11011,2024,00486705,139990,OFS,재무제표,BS,재무상태표,자산총계,제 26 기,2024.12.31 현재,"675,503,205,221",제 25 기,2023.12.31 현재,"698,551,812,869",제 24 기,2022.12.31 현재,"572,675,613,739",6,KRW,2024
20250328001653,11011,2024,00486705,139990,OFS,재무제표,BS,재무상태표,유동부채,제 26 기,2024.12.31 현재,"457,208,824,136",제 25 기,2023.12.31 현재,"347,147,799,886",제 24 기,2022.12.31 현재,"225,447,692,654",8,KRW,2024
20250328001653,11011,2024,00486705,139990,OFS,재무제표,BS,재무상태표,비유동부채,제 26 기,2024.12.31 현재,"110,611,745,426",제 25 기,2023.12.31 현재,"167,864,339,641",제 24 기,2022.12.31 현재,"107,628,781,889",10,KRW,2024
20250328001653,11011,2024,00486705,139990,OFS,재무제표,BS,재무상태표,부채총계,제 26 기,2024.12.31 현재,"567,820,569,562",제 25 기,2023.12.31 현재,"515,012,139,527",제 24 기,2022.12.31 현재,"333,076,474,543",12,KRW,2024
20250328001653,11011,2024,00486705,139990,OFS,재무제표,BS,재무상태표,자본금,제 26 기,2024.12.31 현재,"13,258,872,000",제 25 기,2023.12.31 현재,"13,226,094,500",제 24 기,2022.12.31 현재,"13,226,094,500",15,KRW,2024
20250328001653,11011,2024,00486705,139990,OFS,재무제표,BS,재무상태표,이익잉여금,제 26 기,2024.12.31 현재,"-54,215,543,906",제 25 기,2023.12.31 현재,"30,366,727,878",제 24 기,2022.12.31 현재,"102,053,075,889",19,KRW,2024
20250328001653,11011,2024,00486705,139990,OFS,재무제표,BS,재무상태표,자본총계,제 26 기,2024.12.31 현재,"107,682,635,659",제 25 기,2023.12.31 현재,"183,539,673,342",제 24 기,2022.12.31 현재,"239,599,139,196",22,KRW,2024
20250328001653,11011,2024,00486705,139990,OFS,재무제표,IS,손익계산서,매출액,제 26 기,2024.01.01 ~ 2024.12.31,"548,974,392,987",제 25 기,2023.01.01 ~ 2023.12.31,"502,585,346,315",제 24 기,2022.01.01 ~ 2022.12.31,"558,875,182,958",24,KRW,2024
20250328001653,11011,2024,00486705,139990,OFS,재무제표,IS,손익계산서,영업이익,제 26 기,2024.01.01 ~ 2024.12.31,"-56,553,285,482",제 25 기,2023.01.01 ~ 2023.12.31,"-33,555,788,961",제 24 기,2022.01.01 ~ 2022.12.31,"3,112,347,125",26,KRW,2024
20250328001653,11011,2024,00486705,139990,OFS,재무제표,IS,손익계산서,법인세차감전 순이익,제 26 기,2024.01.01 ~ 2024.12.31,"-86,309,792,411",제 25 기,2023.01.01 ~ 2023.12.31,"-72,226,985,420",제 24 기,2022.01.01 ~ 2022.12.31,"1,861,407,904",28,KRW,2024
20250328001653,11011,2024,00486705,139990,OFS,재무제표,IS,손익계산서,당기순이익(손실),제 26 기,2024.01.01 ~ 2024.12.31,"-84,845,843,591",제 25 기,2023.01.01 ~ 2023.12.31,"-70,368,320,897",제 24 기,2022.01.01 ~ 2022.12.31,"3,786,932,423",30,KRW,2024
20250328001653,11011,2024,00486705,139990,OFS,재무제표,IS,손익계산서,당기순이익(손실),제 26 기,2024.01.01 ~ 2024.12.31,"-84,845,843,591",제 25 기,2023.01.01 ~ 2023.12.31,"-70,368,320,897",제 24 기,2022.01.01 ~ 2022.12.31,"3,786,932,423",62,KRW,2024
20250328001653,11011,2024,00486705,139990,OFS,재무제표,IS,손익계산서,총포괄손익,제 26 기,2024.01.01 ~ 2024.12.31,"-76,220,086,287",제 25 기,2023.01.01 ~ 2023.12.31,"-56,059,465,854",제 24 기,2022.01.01 ~ 2022.12.31,"9,671,856,656",64,KRW,2024
20220812000791,11011,2021,00545716,089860,CFS,연결재무제표,BS,재무상태표,유동자산,제 17 기,2021.12.31 현재,"969,909,893,225",제 16 기,2020.12.31 현재,"826,915,497,654",제 15 기,2019.12.31 현재,"950,006,453,525",1,KRW,2021
20220812000791,11011,2021,00545716,089860,CFS,연결재무제표,BS,재무상태표,비유동자산,제 17 기,2021.12.31 현재,"5,155,097,762,880",제 16 기,2020.12.31 현재,"4,522,468,872,734",제 15 기,2019.12.31 현재,"4,412,039,504,186",3,KRW,2021
20220812000791,11011,2021,00545716,089860,CFS,연결재무제표,BS,재무상태표,자산총계,제 17 기,2021.12.31 현재,"6,125,007,656,105",제 16 기,2020.12.31 현재,"5,349,384,370,388",제 15 기,2019.12.31 현재,"5,362,045,957,711",5,KRW,2021
20220812000791,11011,2021,00545716,089860,CFS,연결재무제표,BS,재무상태표,유동부채,제 17 기,2021.12.31 현재,"2,213,327,974,919",제 16 기,2020.12.31 현재,"2,075,940,214,114",제 15 기,2019.12.31 현재,"2,138,616,012,388",7,KRW,2021
20220812000791,11011,2021,00545716,089860,CFS,연결재무제표,BS,재무상태표,비유동부채,제 17 기,2021.12.31 현재,"2,674,343,270,008",제 16 기,2020.12.31 현재,"2,567,073,795,751",제 15 기,2019.12.31 현재,"2,555,182,302,145",9,KRW,2021
20220812000791,11011,2021,00545716,089860,CFS,연결재무제표,IS,손익계산서,영업이익,제 17 기,2021.01.01 ~ 2021.12.31,"2,422,658,838,497",제 16 기,2020.01.01 ~ 2020.12.31,"2,252,072,787,844",제 15 기,2019.01.01 ~ 2019.12.31,"2,050,596,654,826",25,KRW,2021
20220812000791,11011,2021,00545716,089860,CFS,연결재무제표,IS,손익계산서,법인세차감전 순이익,제 17 기,2021.01.01 ~ 2021.12.31,"150,414,606,640",제 16 기,2020.01.01 ~ 2020.12.31,"57,644,881,449",제 15 기,2019.01.01 ~ 2019.12.31,"39,035,593,194",27,KRW,2021
20220812000791,11011,2021,00545716,089860,CFS,연결재무제표,IS,손익계산서,당기순이익(손실),제 17 기,2021.01.01 ~ 2021.12.31,"113,578,198,380",제 16 기,2020.01.01 ~ 2020.12.31,"41,514,424,930",제 15 기,2019.01.01 ~ 2019.12.31,"28,848,316,248",29,KRW,2021
20220812000791,11011,2021,00545716,089860,CFS,연결재무제표,IS,손익계산서,당기순이익(손실),제 17 기,2021.01.01 ~ 2021.12.31,"113,578,198,380",제 16 기,2020.01.01 ~ 2020.12.31,"41,514,424,930",제 15 기,2019.01.01 ~ 2019.12.31,"28,848,316,248",61,KRW,2021
20220812000791,11011,2021,00545716,089860,OFS,재무제표,BS,재무상태표,유동자산,제 17 기,2021.12.31 현재,"676,547,367,019",제 16 기,2020.12.31 현재,"564,954,349,565",제 15 기,2019.12.31 현재,"591,406,777,929",2,KRW,2021
20220812000791,11011,2021,00545716,089860,OFS,재무제표,BS,재무상태표,비유동자산,제 17 기,2021.12.31 현재,"4,686,084,728,183",제 16 기,2020.12.31 현재,"4,062,485,971,080",제 15 기,2019.12.31 현재,"3,879,590,129,911",4,KRW,2021
20220812000791,11011,2021,00545716,089860,OFS,재무제표,BS,재무상태표,자산총계,제 17 기,2021.12.31 현재,"5,362,632,095,202",제 16 기,2020.12.31 현재,"4,627,440,320,645",제 15 기,2019.12.31 현재,"4,470,996,907,840",6,KRW,2021
20220812000791,11011,2021,00545716,089860,OFS,재무제표,BS,재무상태표,유동부채,제 17 기,2021.12.31 현재,"1,805,851,868,280",제 16 기,2020.12.31 현재,"1,759,702,695,654",제 15 기,2019.12.31 현재,"1,788,486,144,326",8,KRW,2021
20220812000791,11011,2021,00545716,089860,OFS,재무제표,BS,재무상태표,비유동부채,제 17 기,2021.12.31 현재,"2,502,036,279,650",제 16 기,2020.12.31 현재,"2,323,085,743,144",제 15 기,2019.12.31 현재,"2,156,232,866,991",10,KRW,2021
20220812000791,11011,2021,00545716,089860,OFS,재무제표,BS,재무상태표,부채총계,제 17 기,2021.12.31 현재,"4,307,888,147,930",제 16 기,2020.12.31 현재,"4,082,788,438,798",제 15 기,2019.12.31 현재,"3,944,719,011,317",12,KRW,2021
20220812000791,11011,2021,00545716,089860,OFS,재무제표,BS,재무상태표,자본금,제 17 기,2021.12.31 현재,"183,170,315,000",제 16 기,2020.12.31 현재,"58,846,000,000",제 15 기,2019.12.31 현재,"58,846,000,000",15,KRW,2021
20220812000791,11011,2021,00545716,089860,OFS,재무제표,BS,재무상태표,이익잉여금,제 17 기,2021.12.31 현재,"225,705,691,089",제 16 기,2020.12.31 현재,"136,700,175,622",제 15 기,2019.12.31 현재,"118,606,152,193",19,KRW,2021
20220812000791,11011,2021,00545716,089860,OFS,재무제표,BS,재무상태표,자본총계,제 17 기,2021.12.31 현재,"1,054,743,947,272",제 16 기,2020.12.31 현재,"544,651,881,847",제 15 기,2019.12.31 현재,"526,277,896,523",22,KRW,2021
20220812000791,11011,2021,00545716,089860,OFS,재무제표,IS,손익계산서,영업이익,제 17 기,2021.01.01 ~ 2021.12.31,"2,235,938,468,029",제 16 기,2020.01.01 ~ 2020.12.31,"2,075,911,713,000",제 15 기,2019.01.01 ~ 2019.12.31,"1,872,767,461,819",26,KRW,2021
20220812000791,11011,2021,00545716,089860,OFS,재무제표,IS,손익계산서,법인세차감전 순이익,제 17 기,2021.01.01 ~ 2021.12.31,"126,559,602,956",제 16 기,2020.01.01 ~ 2020.12.31,"30,019,424,226",제 15 기,2019.01.01 ~ 2019.12.31,"17,513,903,137",28,KRW,2021
20220812000791,11011,2021,00545716,089860,OFS,재무제표,IS,손익계산서,당기순이익(손실),제 17 기,2021.01.01 ~ 2021.12.31,"94,683,353,649",제 16 기,2020.01.01 ~ 2020.12.31,"20,006,699,832",제 15 기,2019.01.01 ~ 2019.12.31,"12,969,162,952",30,KRW,2021
20220812000791,11011,2021,00545716,089860,OFS,재무제표,IS,손익계산서,당기순이익(손실),제 17 기,2021.01.01 ~ 2021.12.31,"94,683,353,649",제 16 기,2020.01.01 ~ 2020.12.31,"20,006,699,832",제 15 기,2019.01.01 ~ 2019.12.31,"12,969,162,952",62,KRW,2021
20230424000485,11011,2022,00545716,089860,CFS,연결재무제표,BS,재무상태표,유동자산,제 18 기,2022.12.31 현재,"1,114,873,306,797",제 17 기,2021.12.31 현재,"969,909,893,225",제 16 기,2020.12.31 현재,"826,915,497,654",1,KRW,2022
20230424000485,11011,2022,00545716,089860,CFS,연결재무제표,BS,재무상태표,비유동자산,제 18 기,2022.12.31 현재,"5,812,330,799,267",제 17 기,2021.12.31 현재,"5,019,259,281,023",제 16 기,2020.12.31 현재,"4,446,566,894,917",3,KRW,2022
20230424000485,11011,2022,00545716,089860,CFS,연결재무제표,BS,재무상태표,자산총계,제 18 기,2022.12.31 현재,"6,927,204,106,064",제 17 기,2021.12.31 현재,"5,989,169,174,248",제 16 기,2020.12.31 현재,"5,273,482,392,571",5,KRW,2022
20230424000485,11011,2022,00545716,089860,CFS,연결재무제표,BS,재무상태표,유동부채,제 18 기,2022.12.31 현재,"2,332,932,577,432",제 17 기,2021.12.31 현재,"2,183,965,095,064",제 16 기,2020.12.31 현재,"2,052,625,657,641",7,KRW,2022
20230424000485,11011,2022,00545716,089860,CFS,연결재무제표,BS,재무상태표,비유동부채,제 18 기,2022.12.31 현재,"3,298,067,591,757",제 17 기,2021.12.31 현재,"2,567,867,668,006",제 16 기,2020.12.31 현재,"2,514,486,374,407",9,KRW,2022
20230424000485,11011,2022,00545716,089860,CFS,연결재무제표,IS,손익계산서,영업이익,제 18 기,2022.01.01 ~ 2022.12.31,"2,738,939,589,270",제 17 기,2021.01.01 ~ 2021.12.31,"2,422,658,838,497",제 16 기,2020.01.01 ~ 2020.12.31,"2,252,072,787,844",25,KRW,2022
20230424000485,11011,2022,00545716,089860,CFS,연결재무제표,IS,손익계산서,법인세차감전 순이익,제 18 기,2022.01.01 ~ 2022.12.31,"137,583,837,940",제 17 기,2021.01.01 ~ 2021.12.31,"150,414,606,640",제 16 기,2020.01.01 ~ 2020.12.31,"57,644,881,449",27,KRW,2022
20230424000485,11011,2022,00545716,089860,CFS,연결재무제표,IS,손익계산서,당기순이익(손실),제 18 기,2022.01.01 ~ 2022.12.31,"88,328,519,054",제 17 기,2021.01.01 ~ 2021.12.31,"113,578,198,380",제 16 기,2020.01.01 ~ 2020.12.31,"41,514,424,930",29,KRW,2022
20230424000485,11011,2022,00545716,089860,CFS,연결재무제표,IS,손익계산서,당기순이익(손실),제 18 기,2022.01.01 ~ 2022.12.31,"88,328,519,054",제 17 기,2021.01.01 ~ 2021.12.31,"113,578,198,380",제 16 기,2020.01.01 ~ 2020.12.31,"41,514,424,930",61,KRW,2022
20230424000485,11011,2022,00545716,089860,OFS,재무제표,BS,재무상태표,유동자산,제 18 기,2022.12.31 현재,"841,488,273,849",제 17 기,2021.12.31 현재,"676,547,367,019",제 16 기,2020.12.31 현재,"564,954,349,565",2,KRW,2022
20230424000485,11011,2022,00545716,089860,OFS,재무제표,BS,재무상태표,비유동자산,제 18 기,2022.12.31 현재,"5,205,861,065,787",제 17 기,2021.12.31 현재,"4,553,767,159,111",제 16 기,2020.12.31 현재,"3,986,802,018,198",4,KRW,2022
20230424000485,11011,2022,00545716,089860,OFS,재무제표,BS,재무상태표,자산총계,제 18 기,2022.12.31 현재,"6,047,349,339,636",제 17 기,2021.12.31 현재,"5,230,314,526,130",제 16 기,2020.12.31 현재,"4,551,756,367,763",6,KRW,2022
20230424000485,11011,2022,00545716,089860,OFS,재무제표,BS,재무상태표,유동부채,제 18 기,2022.12.31 현재,"1,937,102,735,049",제 17 기,2021.12.31 현재,"1,776,566,955,085",제 16 기,2020.12.31 현재,"1,736,388,139,181",8,KRW,2022
20230424000485,11011,2022,00545716,089860,OFS,재무제표,BS,재무상태표,비유동부채,제 18 기,2022.12.31 현재,"3,009,394,500,831",제 17 기,2021.12.31 현재,"2,399,003,623,773",제 16 기,2020.12.31 현재,"2,270,716,346,735",10,KRW,2022
20230424000485,11011,2022,00545716,089860,OFS,재무제표,BS,재무상태표,부채총계,제 18 기,2022.12.31 현재,"4,946,497,235,880",제 17 기,2021.12.31 현재,"4,175,570,578,858",제 16 기,2020.12.31 현재,"4,007,104,485,916",12,KRW,2022
20230424000485,11011,2022,00545716,089860,OFS,재무제표,BS,재무상태표,자본금,제 18 기,2022.12.31 현재,"183,170,315,000",제 17 기,2021.12.31 현재,"183,170,315,000",제 16 기,2020.12.31 현재,"58,846,000,000",15,KRW,2022
20230424000485,11011,2022,00545716,089860,OFS,재무제표,BS,재무상태표,이익잉여금,제 18 기,2022.12.31 현재,"272,162,905,211",제 17 기,2021.12.31 현재,"225,705,691,089",제 16 기,2020.12.31 현재,"136,700,175,622",19,KRW,2022
20230424000485,11011,2022,00545716,089860,OFS,재무제표,BS,재무상태표,자본총계,제 18 기,2022.12.31 현재,"1,100,852,103,756",제 17 기,2021.12.31 현재,"1,054,743,947,272",제 16 기,2020.12.31 현재,"544,651,881,847",22,KRW,2022
20230424000485,11011,2022,00545716,089860,OFS,재무제표,IS,손익계산서,영업이익,제 18 기,2022.01.01 ~ 2022.12.31,"2,522,065,710,093",제 17 기,2021.01.01 ~ 2021.12.31,"2,235,938,468,029",제 16 기,2020.01.01 ~ 2020.12.31,"2,075,911,713,000",26,KRW,2022
20230424000485,11011,2022,00545716,089860,OFS,재무제표,IS,손익계산서,법인세차감전 순이익,제 18 기,2022.01.01 ~ 2022.12.31,"120,975,036,178",제 17 기,2021.01.01 ~ 2021.12.31,"126,559,602,956",제 16 기,2020.01.01 ~ 2020.12.31,"30,019,424,226",28,KRW,2022
20230424000485,11011,2022,00545716,089860,OFS,재무제표,IS,손익계산서,당기순이익(손실),제 18 기,2022.01.01 ~ 2022.12.31,"78,010,953,917",제 17 기,2021.01.01 ~ 2021.12.31,"94,683,353,649",제 16 기,2020.01.01 ~ 2020.12.31,"20,006,699,832",30,KRW,2022
20230424000485,11011,2022,00545716,089860,OFS,재무제표,IS,손익계산서,당기순이익(손실),제 18 기,2022.01.01 ~ 2022.12.31,"78,010,953,917",제 17 기,2021.01.01 ~ 2021.12.31,"94,683,353,649",제 16 기,2020.01.01 ~ 2020.12.31,"20,006,699,832",62,KRW,2022
20240315000897,11011,2023,00545716,089860,CFS,연결재무제표,BS,재무상태표,유동자산,제 19 기,2023.12.31 현재,"1,042,066,609,958",제 18 기,2022.12.31 현재,"1,114,873,306,797",제 17 기,2021.12.31 현재,"969,909,893,225",1,KRW,2023
20240315000897,11011,2023,00545716,089860,CFS,연결재무제표,BS,재무상태표,비유동자산,제 19 기,2023.12.31 현재,"5,676,042,450,360",제 18 기,2022.12.31 현재,"5,812,330,799,267",제 17 기,2021.12.31 현재,"5,019,259,281,023",3,KRW,2023
20240315000897,11011,2023,00545716,089860,CFS,연결재무제표,BS,재무상태표,자산총계,제 19 기,2023.12.31 현재,"6,718,109,060,318",제 18 기,2022.12.31 현재,"6,927,204,106,064",제 17 기,2021.12.31 현재,"5,989,169,174,248",5,KRW,2023
20240315000897,11011,2023,00545716,089860,CFS,연결재무제표,BS,재무상태표,유동부채,제 19 기,2023.12.31 현재,"2,308,745,355,072",제 18 기,2022.12.31 현재,"2,332,932,577,432",제 17 기,2021.12.31 현재,"2,183,965,095,064",7,KRW,2023
20240315000897,11011,2023,00545716,089860,CFS,연결재무제표,BS,재무상태표,비유동부채,제 19 기,2023.12.31 현재,"3,044,082,433,959",제 18 기,2022.12.31 현재,"3,298,067,591,757",제 17 기,2021.12.31 현재,"2,567,867,668,006",9,KRW,2023
20240315000897,11011,2023,00545716,089860,CFS,연결재무제표,BS,재무상태표,부채총계,제 19 기,2023.12.31 현재,"5,352,827,789,031",제 18 기,2022.12.31 현재,"5,631,000,169,189",제 17 기,2021.12.31 현재,"4,751,832,763,070",11,KRW,2023
20240315000897,11011,2023,00545716,089860,CFS,연결재무제표,BS,재무상태표,자본금,제 19 기,2023.12.31 현재,"183,170,315,000",제 18 기,2022.12.31 현재,"183,170,315,000",제 17 기,2021.12.31 현재,"183,170,315,000",13,KRW,2023
20240315000897,11011,2023,00545716,089860,CFS,연결재무제표,BS,재무상태표,이익잉여금,제 19 기,2023.12.31 현재,"525,529,793,329",제 18 기,2022.12.31 현재,"450,902,164,338",제 17 기,2021.12.31 현재,"387,201,195,601",17,KRW,2023
20240315000897,11011,2023,00545716,089860,CFS,연결재무제표,BS,재무상태표,자본총계,제 19 기,2023.12.31 현재,"1,365,281,271,287",제 18 기,2022.12.31 현재,"1,296,203,936,875",제 17 기,2021.12.31 현재,"1,237,336,411,178",21,KRW,2023
20240315000897,11011,2023,00545716,089860,CFS,연결재무제표,IS,손익계산서,매출액,제 19 기,2023.01.01 ~ 2023.12.31,"2,752,292,105,099",제 18 기,2022.01.01 ~ 2022.12.31,"2,738,939,589,270",제 17 기,2021.01.01 ~ 2021.12.31,"2,422,658,838,497",23,KRW,2023
20240315000897,11011,2023,00545716,089860,CFS,연결재무제표,IS,손익계산서,영업이익,제 19 기,2023.01.01 ~ 2023.12.31,"305,192,202,982",제 18 기,2022.01.01 ~ 2022.12.31,"308,394,412,876",제 17 기,2021.01.01 ~ 2021.12.31,"245,494,852,201",25,KRW,2023
20240315000897,11011,2023,00545716,089860,CFS,연결재무제표,IS,손익계산서,법인세차감전 순이익,제 19 기,2023.01.01 ~ 2023.12.31,"161,436,613,250",제 18 기,2022.01.01 ~ 2022.12.31,"137,583,837,940",제 17 기,2021.01.01 ~ 2021.12.31,"150,414,606,640",27,KRW,2023
20240315000897,11011,2023,00545716,089860,CFS,연결재무제표,IS,손익계산서,당기순이익(손실),제 19 기,2023.01.01 ~ 2023.12.31,"115,205,052,028",제 18 기,2022.01.01 ~ 2022.12.31,"88,328,519,054",제 17 기,2021.01.01 ~ 2021.12.31,"113,578,198,380",29,KRW,2023
20240315000897,11011,2023,00545716,089860,CFS,연결재무제표,IS,손익계산서,당기순이익(손실),제 19 기,2023.01.01 ~ 2023.12.31,"115,205,052,028",제 18 기,2022.01.01 ~ 2022.12.31,"88,328,519,054",제 17 기,2021.01.01 ~ 2021.12.31,"113,578,198,380",61,KRW,2023
20240315000897,11011,2023,00545716,089860,CFS,연결재무제표,IS,손익계산서,총포괄손익,제 19 기,2023.01.01 ~ 2023.12.31,"102,024,991,112",제 18 기,2022.01.01 ~ 2022.12.31,"91,838,182,397",제 17 기,2021.01.01 ~ 2021.12.31,"114,639,729,925",63,KRW,2023
20240315000897,11011,2023,00545716,089860,CFS,연결재무제표,IS,손익계산서,영업비용,제 19 기,2023.01.01 ~ 2023.12.31,"2,447,099,902,117",제 18 기,2022.01.01 ~ 2022.12.31,"2,430,545,176,394",제 17 기,2021.01.01 ~ 2021.12.31,"2,177,163,986,296",65,KRW,2023
20240315000897,11011,2023,00545716,089860,OFS,재무제표,BS,재무상태표,유동자산,제 19 기,2023.12.31 현재,"760,044,635,264",제 18 기,2022.12.31 현재,"841,488,273,849",제 17 기,2021.12.31 현재,"676,547,367,019",2,KRW,2023
20240315000897,11011,2023,00545716,089860,OFS,재무제표,BS,재무상태표,비유동자산,제 19 기,2023.12.31 현재,"5,102,553,716,615",제 18 기,2022.12.31 현재,"5,205,861,065,787",제 17 기,2021.12.31 현재,"4,553,767,159,111",4,KRW,2023
20240315000897,11011,2023,00545716,089860,OFS,재무제표,BS,재무상태표,자산총계,제 19 기,2023.12.31 현재,"5,862,598,351,879",제 18 기,2022.12.31 현재,"6,047,349,339,636",제 17 기,2021.12.31 현재,"5,230,314,526,130",6,KRW,2023
20240315000897,11011,2023,00545716,089860,OFS,재무제표,BS,재무상태표,유동부채,제 19 기,2023.12.31 현재,"1,871,179,425,870",제 18 기,2022.12.31 현재,"1,937,102,735,049",제 17 기,2021.12.31 현재,"1,776,566,955,085",8,KRW,2023
20240315000897,11011,2023,00545716,089860,OFS,재무제표,BS,재무상태표,비유동부채,제 19 기,2023.12.31 현재,"2,821,486,542,182",제 18 기,2022.12.31 현재,"3,009,394,500,831",제 17 기,2021.12.31 현재,"2,399,003,623,773",10,KRW,2023
20240315000897,11011,2023,00545716,089860,OFS,재무제표,BS,재무상태표,부채총계,제 19 기,2023.12.31 현재,"4,692,665,968,052",제 18 기,2022.12.31 현재,"4,946,497,235,880",제 17 기,2021.12.31 현재,"4,175,570,578,858",12,KRW,2023
20240315000897,11011,2023,00545716,089860,OFS,재무제표,BS,재무상태표,자본금,제 19 기,2023.12.31 현재,"183,170,315,000",제 18 기,2022.12.31 현재,"183,170,315,000",제 17 기,2021.12.31 현재,"183,170,315,000",15,KRW,2023
20240315000897,11011,2023,00545716,089860,OFS,재무제표,BS,재무상태표,이익잉여금,제 19 기,2023.12.31 현재,"340,655,589,122",제 18 기,2022.12.31 현재,"272,162,905,211",제 17 기,2021.12.31 현재,"225,705,691,089",19,KRW,2023
20240315000897,11011,2023,00545716,089860,OFS,재무제표,BS,재무상태표,자본총계,제 19 기,2023.12.31 현재,"1,169,932,383,827",제 18 기,2022.12.31 현재,"1,100,852,103,756",제 17 기,2021.12.31 현재,"1,054,743,947,272",22,KRW,2023
20240315000897,11011,2023,00545716,089860,OFS,재무제표,IS,손익계산서,매출액,제 19 기,2023.01.01 ~ 2023.12.31,"2,512,699,134,263",제 18 기,2022.01.01 ~ 2022.12.31,"2,522,065,710,093",제 17 기,2021.01.01 ~ 2021.12.31,"2,235,938,468,029",24,KRW,2023
20240315000897,11011,2023,00545716,089860,OFS,재무제표,IS,손익계산서,영업이익,제 19 기,2023.01.01 ~ 2023.12.31,"288,142,112,164",제 18 기,2022.01.01 ~ 2022.12.31,"286,357,382,587",제 17 기,2021.01.01 ~ 2021.12.31,"217,707,507,874",26,KRW,2023
20240315000897,11011,2023,00545716,089860,OFS,재무제표,IS,손익계산서,법인세차감전 순이익,제 19 기,2023.01.01 ~ 2023.12.31,"151,034,811,243",제 18 기,2022.01.01 ~ 2022.12.31,"120,975,036,178",제 17 기,2021.01.01 ~ 2021.12.31,"126,559,602,956",28,KRW,2023
20240315000897,11011,2023,00545716,089860,OFS,재무제표,IS,손익계산서,당기순이익(손실),제 19 기,2023.01.01 ~ 2023.12.31,"109,668,777,210",제 18 기,2022.01.01 ~ 2022.12.31,"78,010,953,917",제 17 기,2021.01.01 ~ 2021.12.31,"94,683,353,649",30,KRW,2023
20240315000897,11011,2023,00545716,089860,OFS,재무제표,IS,손익계산서,당기순이익(손실),제 19 기,2023.01.01 ~ 2023.12.31,"109,668,777,210",제 18 기,2022.01.01 ~ 2022.12.31,"78,010,953,917",제 17 기,2021.01.01 ~ 2021.12.31,"94,683,353,649",62,KRW,2023
20240315000897,11011,2023,00545716,089860,OFS,재무제표,IS,손익계산서,총포괄손익,제 19 기,2023.01.01 ~ 2023.12.31,"102,050,936,771",제 18 기,2022.01.01 ~ 2022.12.31,"79,078,813,184",제 17 기,2021.01.01 ~ 2021.12.31,"93,182,773,794",64,KRW,2023
20240315000897,11011,2023,00545716,089860,OFS,재무제표,IS,손익계산서,영업비용,제 19 기,2023.01.01 ~ 2023.12.31,"2,224,557,022,099",제 18 기,2022.01.01 ~ 2022.12.31,"2,235,708,327,506",제 17 기,2021.01.01 ~ 2021.12.31,"2,018,230,960,155",66,KRW,2023
20250314001522,11011,2024,00545716,089860,CFS,연결재무제표,BS,재무상태표,유동자산,제 20 기,2024.12.31 현재,"924,286,327,449",제 19 기,2023.12.31 현재,"1,042,066,609,958",제 18 기,2022.12.31 현재,"1,114,873,306,797",1,KRW,2024
20250314001522,11011,2024,00545716,089860,CFS,연결재무제표,BS,재무상태표,비유동자산,제 20 기,2024.12.31 현재,"6,082,330,453,591",제 19 기,2023.12.31 현재,"5,676,042,450,360",제 18 기,2022.12.31 현재,"5,812,330,799,267",3,KRW,2024
20250314001522,11011,2024,00545716,089860,CFS,연결재무제표,BS,재무상태표,자산총계,제 20 기,2024.12.31 현재,"7,006,616,781,040",제 19 기,2023.12.31 현재,"6,718,109,060,318",제 18 기,2022.12.31 현재,"6,927,204,106,064",5,KRW,2024
20250314001522,11011,2024,00545716,089860,CFS,연결재무제표,BS,재무상태표,유동부채,제 20 기,2024.12.31 현재,"3,088,285,062,979",제 19 기,2023.12.31 현재,"2,308,745,355,072",제 18 기,2022.12.31 현재,"2,332,932,577,432",7,KRW,2024
20250314001522,11011,2024,00545716,089860,CFS,연결재무제표,BS,재무상태표,비유동부채,제 20 기,2024.12.31 현재,"2,449,746,266,257",제 19 기,2023.12.31 현재,"3,044,082,433,959",제 18 기,2022.12.31 현재,"3,298,067,591,757",9,KRW,2024
20250314001522,11011,2024,00545716,089860,CFS,연결재무제표,BS,재무상태표,부채총계,제 20 기,2024.12.31 현재,"5,538,031,329,236",제 19 기,2023.12.31 현재,"5,352,827,789,031",제 18 기,2022.12.31 현재,"5,631,000,169,189",11,KRW,2024
20250314001522,11011,2024,00545716,089860,CFS,연결재무제표,BS,재무상태표,자본금,제 20 기,2024.12.31 현재,"183,170,315,000",제 19 기,2023.12.31 현재,"183,170,315,000",제 18 기,2022.12.31 현재,"183,170,315,000",13,KRW,2024
20250314001522,11011,2024,00545716,089860,CFS,연결재무제표,BS,재무상태표,이익잉여금,제 20 기,2024.12.31 현재,"577,569,046,333",제 19 기,2023.12.31 현재,"525,529,793,329",제 18 기,2022.12.31 현재,"450,902,164,338",17,KRW,2024
20250314001522,11011,2024,00545716,089860,CFS,연결재무제표,BS,재무상태표,자본총계,제 20 기,2024.12.31 현재,"1,468,585,451,804",제 19 기,2023.12.31 현재,"1,365,281,271,287",제 18 기,2022.12.31 현재,"1,296,203,936,875",21,KRW,2024
20250314001522,11011,2024,00545716,089860,CFS,연결재무제표,IS,손익계산서,매출액,제 20 기,2024.01.01 ~ 2024.12.31,"2,792,395,464,171",제 19 기,2023.01.01 ~ 2023.12.31,"2,752,292,105,099",제 18 기,2022.01.01 ~ 2022.12.31,"2,738,939,589,270",23,KRW,2024
20250314001522,11011,2024,00545716,089860,CFS,연결재무제표,IS,손익계산서,영업이익,제 20 기,2024.01.01 ~ 2024.12.31,"284,811,996,731",제 19 기,2023.01.01 ~ 2023.12.31,"305,192,202,982",제 18 기,2022.01.01 ~ 2022.12.31,"308,394,412,876",25,KRW,2024
20250314001522,11011,2024,00545716,089860,CFS,연결재무제표,IS,손익계산서,법인세차감전 순이익,제 20 기,2024.01.01 ~ 2024.12.31,"133,400,007,673",제 19 기,2023.01.01 ~ 2023.12.31,"161,436,613,250",제 18 기,2022.01.01 ~ 2022.12.31,"137,583,837,940",27,KRW,2024
20250314001522,11011,2024,00545716,089860,CFS,연결재무제표,IS,손익계산서,당기순이익(손실),제 20 기,2024.01.01 ~ 2024.12.31,"102,710,507,301",제 19 기,2023.01.01 ~ 2023.12.31,"115,205,052,028",제 18 기,2022.01.01 ~ 2022.12.31,"88,328,519,054",29,KRW,2024
20250314001522,11011,2024,00545716,089860,CFS,연결재무제표,IS,손익계산서,당기순이익(손실),제 20 기,2024.01.01 ~ 2024.12.31,"102,710,507,301",제 19 기,2023.01.01 ~ 2023.12.31,"115,205,052,028",제 18 기,2022.01.01 ~ 2022.12.31,"88,328,519,054",61,KRW,2024
20250314001522,11011,2024,00545716,089860,CFS,연결재무제표,IS,손익계산서,총포괄손익,제 20 기,2024.01.01 ~ 2024.12.31,"157,133,416,977",제 19 기,2023.01.01 ~ 2023.12.31,"102,024,991,112",제 18 기,2022.01.01 ~ 2022.12.31,"91,838,182,397",63,KRW,2024
20250314001522,11011,2024,00545716,089860,CFS,연결재무제표,IS,손익계산서,영업비용,제 20 기,2024.01.01 ~ 2024.12.31,"2,507,583,467,440",제 19 기,2023.01.01 ~ 2023.12.31,"2,447,099,902,117",제 18 기,2022.01.01 ~ 2022.12.31,"2,430,545,176,394",65,KRW,2024
20250314001522,11011,2024,00545716,089860,CFS,연결재무제표,IS,손익계산서,금융상품관련순손익,제 20 기,2024.01.01 ~ 2024.12.31,"-135,012,352,216",제 19 기,2023.01.01 ~ 2023.12.31,"-128,145,220,142",제 18 기,2022.01.01 ~ 2022.12.31,"-146,938,574,711",69,KRW,2024
20250314001522,11011,2024,00545716,089860,OFS,재무제표,BS,재무상태표,유동자산,제 20 기,2024.12.31 현재,"660,580,216,957",제 19 기,2023.12.31 현재,"760,044,635,264",제 18 기,2022.12.31 현재,"841,488,273,849",2,KRW,2024
20250314001522,11011,2024,00545716,089860,OFS,재무제표,BS,재무상태표,비유동자산,제 20 기,2024.12.31 현재,"5,621,006,819,385",제 19 기,2023.12.31 현재,"5,102,553,716,615",제 18 기,2022.12.31 현재,"5,205,861,065,787",4,KRW,2024
20250314001522,11011,2024,00545716,089860,OFS,재무제표,BS,재무상태표,자산총계,제 20 기,2024.12.31 현재,"6,281,587,036,342",제 19 기,2023.12.31 현재,"5,862,598,351,879",제 18 기,2022.12.31 현재,"6,047,349,339,636",6,KRW,2024
20250314001522,11011,2024,00545716,089860,OFS,재무제표,BS,재무상태표,유동부채,제 20 기,2024.12.31 현재,"2,822,683,393,396",제 19 기,2023.12.31 현재,"1,871,179,425,870",제 18 기,2022.12.31 현재,"1,937,102,735,049",8,KRW,2024
20250314001522,11011,2024,00545716,089860,OFS,재무제표,BS,재무상태표,비유동부채,제 20 기,2024.12.31 현재,"2,219,514,575,609",제 19 기,2023.12.31 현재,"2,821,486,542,182",제 18 기,2022.12.31 현재,"3,009,394,500,831",10,KRW,2024
20250314001522,11011,2024,00545716,089860,OFS,재무제표,BS,재무상태표,부채총계,제 20 기,2024.12.31 현재,"5,042,197,969,005",제 19 기,2023.12.31 현재,"4,692,665,968,052",제 18 기,2022.12.31 현재,"4,946,497,235,880",12,KRW,2024
20250314001522,11011,2024,00545716,089860,OFS,재무제표,BS,재무상태표,자본금,제 20 기,2024.12.31 현재,"183,170,315,000",제 19 기,2023.12.31 현재,"183,170,315,000",제 18 기,2022.12.31 현재,"183,170,315,000",15,KRW,2024
20250314001522,11011,2024,00545716,089860,OFS,재무제표,BS,재무상태표,이익잉여금,제 20 기,2024.12.31 현재,"356,538,493,949",제 19 기,2023.12.31 현재,"340,655,589,122",제 18 기,2022.12.31 현재,"272,162,905,211",19,KRW,2024
20250314001522,11011,2024,00545716,089860,OFS,재무제표,BS,재무상태표,자본총계,제 20 기,2024.12.31 현재,"1,239,389,067,337",제 19 기,2023.12.31 현재,"1,169,932,383,827",제 18 기,2022.12.31 현재,"1,100,852,103,756",22,KRW,2024
20250314001522,11011,2024,00545716,089860,OFS,재무제표,IS,손익계산서,매출액,제 20 기,2024.01.01 ~ 2024.12.31,"2,517,081,844,378",제 19 기,2023.01.01 ~ 2023.12.31,"2,512,699,134,263",제 18 기,2022.01.01 ~ 2022.12.31,"2,522,065,710,093",24,KRW,2024
20250314001522,11011,2024,00545716,089860,OFS,재무제표,IS,손익계산서,영업이익,제 20 기,2024.01.01 ~ 2024.12.31,"255,735,852,229",제 19 기,2023.01.01 ~ 2023.12.31,"288,142,112,164",제 18 기,2022.01.01 ~ 2022.12.31,"286,357,382,587",26,KRW,2024
20250314001522,11011,2024,00545716,089860,OFS,재무제표,IS,손익계산서,법인세차감전 순이익,제 20 기,2024.01.01 ~ 2024.12.31,"96,028,613,759",제 19 기,2023.01.01 ~ 2023.12.31,"151,034,811,243",제 18 기,2022.01.01 ~ 2022.12.31,"120,975,036,178",28,KRW,2024
20250314001522,11011,2024,00545716,089860,OFS,재무제표,IS,손익계산서,당기순이익(손실),제 20 기,2024.01.01 ~ 2024.12.31,"70,516,271,473",제 19 기,2023.01.01 ~ 2023.12.31,"109,668,777,210",제 18 기,2022.01.01 ~ 2022.12.31,"78,010,953,917",30,KRW,2024
20250314001522,11011,2024,00545716,089860,OFS,재무제표,IS,손익계산서,당기순이익(손실),제 20 기,2024.01.01 ~ 2024.12.31,"70,516,271,473",제 19 기,2023.01.01 ~ 2023.12.31,"109,668,777,210",제 18 기,2022.01.01 ~ 2022.12.31,"78,010,953,917",62,KRW,2024
20250314001522,11011,2024,00545716,089860,OFS,재무제표,IS,손익계산서,총포괄손익,제 20 기,2024.01.01 ~ 2024.12.31,"123,296,919,970",제 19 기,2023.01.01 ~ 2023.12.31,"102,050,936,771",제 18 기,2022.01.01 ~ 2022.12.31,"79,078,813,184",64,KRW,2024
20250314001522,11011,2024,00545716,089860,OFS,재무제표,IS,손익계산서,영업비용,제 20 기,2024.01.01 ~ 2024.12.31,"2,261,345,992,149",제 19 기,2023.01.01 ~ 2023.12.31,"2,224,557,022,099",제 18 기,2022.01.01 ~ 2022.12.31,"2,235,708,327,506",66,KRW,2024
20250314001522,11011,2024,00545716,089860,OFS,재무제표,IS,손익계산서,금융상품관련순손익,제 20 기,2024.01.01 ~ 2024.12.31,"-150,496,088,877",제 19 기,2023.01.01 ~ 2023.12.31,"-122,387,281,254",제 18 기,2022.01.01 ~ 2022.12.31,"-144,483,576,729",70,KRW,2024
20260317000759,11011,2021,00534598,372910,CFS,연결재무제표,BS,재무상태표,유동자산,제 26 기,2021.12.31 현재,"111,183,498,703",제 25 기,2020.12.31 현재,"81,153,818,636",제 24 기,2019.12.31 현재,"64,050,580,256",1,KRW,2021
20260317000759,11011,2021,00534598,372910,CFS,연결재무제표,BS,재무상태표,비유동자산,제 26 기,2021.12.31 현재,"102,943,813,162",제 25 기,2020.12.31 현재,"86,420,145,738",제 24 기,2019.12.31 현재,"68,387,185,976",3,KRW,2021
20260317000759,11011,2021,00534598,372910,CFS,연결재무제표,BS,재무상태표,자산총계,제 26 기,2021.12.31 현재,"214,127,311,865",제 25 기,2020.12.31 현재,"167,573,964,374",제 24 기,2019.12.31 현재,"132,437,766,232",5,KRW,2021
20260317000759,11011,2021,00534598,372910,CFS,연결재무제표,BS,재무상태표,유동부채,제 26 기,2021.12.31 현재,"92,758,789,634",제 25 기,2020.12.31 현재,"86,464,398,906",제 24 기,2019.12.31 현재,"21,170,529,557",7,KRW,2021
20260317000759,11011,2021,00534598,372910,CFS,연결재무제표,BS,재무상태표,비유동부채,제 26 기,2021.12.31 현재,"4,550,118,942",제 25 기,2020.12.31 현재,"43,302,396,302",제 24 기,2019.12.31 현재,"170,082,774,851",9,KRW,2021
20260317000759,11011,2021,00534598,372910,CFS,연결재무제표,BS,재무상태표,부채총계,제 26 기,2021.12.31 현재,"97,308,908,576",제 25 기,2020.12.31 현재,"129,766,795,208",제 24 기,2019.12.31 현재,"191,253,304,408",11,KRW,2021
20260317000759,11011,2021,00534598,372910,CFS,연결재무제표,BS,재무상태표,자본금,제 26 기,2021.12.31 현재,"5,534,881,200",제 25 기,2020.12.31 현재,"3,937,890,000",제 24 기,2019.12.31 현재,"2,000,000,000",13,KRW,2021
20260317000759,11011,2021,00534598,372910,CFS,연결재무제표,BS,재무상태표,이익잉여금,제 26 기,2021.12.31 현재,"135,109,599,366",제 25 기,2020.12.31 현재,"130,168,217,929",제 24 기,2019.12.31 현재,"102,438,950,651",17,KRW,2021
20260317000759,11011,2021,00534598,372910,CFS,연결재무제표,BS,재무상태표,자본총계,제 26 기,2021.12.31 현재,"116,818,403,289",제 25 기,2020.12.31 현재,"37,807,169,166",제 24 기,2019.12.31 현재,"-58,815,538,176",21,KRW,2021
20260317000759,11011,2021,00534598,372910,CFS,연결재무제표,IS,손익계산서,매출액,제 26 기,2021.01.01 ~ 2021.12.31,"121,140,356,659",제 25 기,2020.01.01 ~ 2020.12.31,"151,841,841,034",제 24 기,2019.01.01 ~ 2019.12.31,"66,586,322,770",23,KRW,2021
20260317000759,11011,2021,00534598,372910,CFS,연결재무제표,IS,손익계산서,영업이익,제 26 기,2021.01.01 ~ 2021.12.31,"4,787,002,473",제 25 기,2020.01.01 ~ 2020.12.31,"38,717,448,243",제 24 기,2019.01.01 ~ 2019.12.31,"9,137,861,294",25,KRW,2021
20260317000759,11011,2021,00534598,372910,CFS,연결재무제표,IS,손익계산서,법인세차감전 순이익,제 26 기,2021.01.01 ~ 2021.12.31,"5,594,115,239",제 25 기,2020.01.01 ~ 2020.12.31,"32,334,731,671",제 24 기,2019.01.01 ~ 2019.12.31,"-1,157,731,602",27,KRW,2021
20260317000759,11011,2021,00534598,372910,CFS,연결재무제표,IS,손익계산서,당기순이익(손실),제 26 기,2021.01.01 ~ 2021.12.31,"4,835,069,260",제 25 기,2020.01.01 ~ 2020.12.31,"27,689,958,898",제 24 기,2019.01.01 ~ 2019.12.31,"-1,791,444,811",29,KRW,2021
20260317000759,11011,2021,00534598,372910,CFS,연결재무제표,IS,손익계산서,당기순이익(손실),제 26 기,2021.01.01 ~ 2021.12.31,"4,835,069,260",제 25 기,2020.01.01 ~ 2020.12.31,"27,689,958,898",제 24 기,2019.01.01 ~ 2019.12.31,"-1,791,444,811",61,KRW,2021
20260317000759,11011,2021,00534598,372910,CFS,연결재무제표,IS,손익계산서,총포괄손익,제 26 기,2021.01.01 ~ 2021.12.31,"4,015,678,968",제 25 기,2020.01.01 ~ 2020.12.31,"27,734,517,224",제 24 기,2019.01.01 ~ 2019.12.31,"-1,627,589,934",63,KRW,2021
20260317000759,11011,2021,00534598,372910,OFS,재무제표,BS,재무상태표,유동자산,제 26 기,2021.12.31 현재,"105,266,806,837",제 25 기,2020.12.31 현재,"63,476,620,777",제 24 기,2019.12.31 현재,"60,278,004,204",2,KRW,2021
20260317000759,11011,2021,00534598,372910,OFS,재무제표,BS,재무상태표,비유동자산,제 26 기,2021.12.31 현재,"97,394,487,911",제 25 기,2020.12.31 현재,"79,788,073,261",제 24 기,2019.12.31 현재,"69,784,023,186",4,KRW,2021
20260317000759,11011,2021,00534598,372910,OFS,재무제표,BS,재무상태표,자산총계,제 26 기,2021.12.31 현재,"202,661,294,748",제 25 기,2020.12.31 현재,"143,264,694,038",제 24 기,2019.12.31 현재,"130,062,027,390",6,KRW,2021
20260317000759,11011,2021,00534598,372910,OFS,재무제표,BS,재무상태표,유동부채,제 26 기,2021.12.31 현재,"91,387,089,230",제 25 기,2020.12.31 현재,"80,162,355,284",제 24 기,2019.12.31 현재,"20,885,169,069",8,KRW,2021
20260317000759,11011,2021,00534598,372910,OFS,재무제표,BS,재무상태표,비유동부채,제 26 기,2021.12.31 현재,"1,151,969,767",제 25 기,2020.12.31 현재,"39,631,707,660",제 24 기,2019.12.31 현재,"169,974,071,291",10,KRW,2021
20260317000759,11011,2021,00534598,372910,OFS,재무제표,BS,재무상태표,부채총계,제 26 기,2021.12.31 현재,"92,539,058,997",제 25 기,2020.12.31 현재,"119,794,062,944",제 24 기,2019.12.31 현재,"190,859,240,360",12,KRW,2021
20260317000759,11011,2021,00534598,372910,OFS,재무제표,BS,재무상태표,자본금,제 26 기,2021.12.31 현재,"5,534,881,200",제 25 기,2020.12.31 현재,"3,937,890,000",제 24 기,2019.12.31 현재,"2,000,000,000",15,KRW,2021
20260317000759,11011,2021,00534598,372910,OFS,재무제표,BS,재무상태표,이익잉여금,제 26 기,2021.12.31 현재,"127,669,470,219",제 25 기,2020.12.31 현재,"116,013,420,717",제 24 기,2019.12.31 현재,"100,633,766,771",19,KRW,2021
20260317000759,11011,2021,00534598,372910,OFS,재무제표,BS,재무상태표,자본총계,제 26 기,2021.12.31 현재,"110,122,235,751",제 25 기,2020.12.31 현재,"23,470,631,094",제 24 기,2019.12.31 현재,"-60,797,212,970",22,KRW,2021
20260317000759,11011,2021,00534598,372910,OFS,재무제표,IS,손익계산서,매출액,제 26 기,2021.01.01 ~ 2021.12.31,"115,131,124,193",제 25 기,2020.01.01 ~ 2020.12.31,"136,299,360,203",제 24 기,2019.01.01 ~ 2019.12.31,"66,720,051,795",24,KRW,2021
20260317000759,11011,2021,00534598,372910,OFS,재무제표,IS,손익계산서,영업이익,제 26 기,2021.01.01 ~ 2021.12.31,"11,839,583,486",제 25 기,2020.01.01 ~ 2020.12.31,"22,764,838,769",제 24 기,2019.01.01 ~ 2019.12.31,"8,204,959,643",26,KRW,2021
20260317000759,11011,2021,00534598,372910,OFS,재무제표,IS,손익계산서,법인세차감전 순이익,제 26 기,2021.01.01 ~ 2021.12.31,"13,820,619,372",제 25 기,2020.01.01 ~ 2020.12.31,"16,556,148,211",제 24 기,2019.01.01 ~ 2019.12.31,"-1,633,169,454",28,KRW,2021
20260317000759,11011,2021,00534598,372910,OFS,재무제표,IS,손익계산서,당기순이익(손실),제 26 기,2021.01.01 ~ 2021.12.31,"11,562,729,848",제 25 기,2020.01.01 ~ 2020.12.31,"15,407,797,250",제 24 기,2019.01.01 ~ 2019.12.31,"-2,266,882,663",30,KRW,2021
20260317000759,11011,2021,00534598,372910,OFS,재무제표,IS,손익계산서,당기순이익(손실),제 26 기,2021.01.01 ~ 2021.12.31,"11,562,729,848",제 25 기,2020.01.01 ~ 2020.12.31,"15,407,797,250",제 24 기,2019.01.01 ~ 2019.12.31,"-2,266,882,663",62,KRW,2021
20260317000759,11011,2021,00534598,372910,OFS,재무제표,IS,손익계산서,총포괄손익,제 26 기,2021.01.01 ~ 2021.12.31,"11,656,049,502",제 25 기,2020.01.01 ~ 2020.12.31,"15,379,653,946",제 24 기,2019.01.01 ~ 2019.12.31,"-2,266,882,663",64,KRW,2021
20230315000557,11011,2022,00534598,372910,CFS,연결재무제표,BS,재무상태표,유동자산,제 27 기,2022.12.31 현재,"114,255,369,452",제 26 기,2021.12.31 현재,"111,183,498,703",제 25 기,2020.12.31 현재,"81,153,818,636",1,KRW,2022
20230315000557,11011,2022,00534598,372910,CFS,연결재무제표,BS,재무상태표,비유동자산,제 27 기,2022.12.31 현재,"93,774,471,604",제 26 기,2021.12.31 현재,"102,943,813,162",제 25 기,2020.12.31 현재,"86,420,145,738",3,KRW,2022
20230315000557,11011,2022,00534598,372910,CFS,연결재무제표,BS,재무상태표,자산총계,제 27 기,2022.12.31 현재,"208,029,841,056",제 26 기,2021.12.31 현재,"214,127,311,865",제 25 기,2020.12.31 현재,"167,573,964,374",5,KRW,2022
20230315000557,11011,2022,00534598,372910,CFS,연결재무제표,BS,재무상태표,유동부채,제 27 기,2022.12.31 현재,"76,537,203,877",제 26 기,2021.12.31 현재,"92,758,789,634",제 25 기,2020.12.31 현재,"86,464,398,906",7,KRW,2022
20230315000557,11011,2022,00534598,372910,CFS,연결재무제표,BS,재무상태표,비유동부채,제 27 기,2022.12.31 현재,"3,562,296,658",제 26 기,2021.12.31 현재,"4,550,118,942",제 25 기,2020.12.31 현재,"43,302,396,302",9,KRW,2022
20230315000557,11011,2022,00534598,372910,CFS,연결재무제표,BS,재무상태표,부채총계,제 27 기,2022.12.31 현재,"80,099,500,535",제 26 기,2021.12.31 현재,"97,308,908,576",제 25 기,2020.12.31 현재,"129,766,795,208",11,KRW,2022
20230315000557,11011,2022,00534598,372910,CFS,연결재무제표,BS,재무상태표,자본금,제 27 기,2022.12.31 현재,"5,534,881,200",제 26 기,2021.12.31 현재,"5,534,881,200",제 25 기,2020.12.31 현재,"3,937,890,000",13,KRW,2022
20230315000557,11011,2022,00534598,372910,CFS,연결재무제표,BS,재무상태표,이익잉여금,제 27 기,2022.12.31 현재,"144,343,541,699",제 26 기,2021.12.31 현재,"135,109,599,366",제 25 기,2020.12.31 현재,"130,168,217,929",17,KRW,2022
20230315000557,11011,2022,00534598,372910,CFS,연결재무제표,BS,재무상태표,자본총계,제 27 기,2022.12.31 현재,"127,930,340,521",제 26 기,2021.12.31 현재,"116,818,403,289",제 25 기,2020.12.31 현재,"37,807,169,166",21,KRW,2022
20230315000557,11011,2022,00534598,372910,CFS,연결재무제표,IS,손익계산서,매출액,제 27 기,2022.01.01 ~ 2022.12.31,"100,120,112,846",제 26 기,2021.01.01 ~ 2021.12.31,"121,140,356,659",제 25 기,2020.01.01 ~ 2020.12.31,"151,841,841,034",23,KRW,2022
20230315000557,11011,2022,00534598,372910,CFS,연결재무제표,IS,손익계산서,영업이익,제 27 기,2022.01.01 ~ 2022.12.31,"-1,332,071,025",제 26 기,2021.01.01 ~ 2021.12.31,"4,787,002,473",제 25 기,2020.01.01 ~ 2020.12.31,"38,717,448,243",25,KRW,2022
20230315000557,11011,2022,00534598,372910,CFS,연결재무제표,IS,손익계산서,법인세차감전 순이익,제 27 기,2022.01.01 ~ 2022.12.31,"13,235,751,352",제 26 기,2021.01.01 ~ 2021.12.31,"5,594,115,239",제 25 기,2020.01.01 ~ 2020.12.31,"32,334,731,671",27,KRW,2022
20230315000557,11011,2022,00534598,372910,CFS,연결재무제표,IS,손익계산서,당기순이익(손실),제 27 기,2022.01.01 ~ 2022.12.31,"9,269,405,838",제 26 기,2021.01.01 ~ 2021.12.31,"4,835,069,260",제 25 기,2020.01.01 ~ 2020.12.31,"27,689,958,898",29,KRW,2022
20230315000557,11011,2022,00534598,372910,CFS,연결재무제표,IS,손익계산서,당기순이익(손실),제 27 기,2022.01.01 ~ 2022.12.31,"9,269,405,838",제 26 기,2021.01.01 ~ 2021.12.31,"4,835,069,260",제 25 기,2020.01.01 ~ 2020.12.31,"27,689,958,898",61,KRW,2022
20230315000557,11011,2022,00534598,372910,OFS,재무제표,BS,재무상태표,유동자산,제 27 기,2022.12.31 현재,"107,066,118,423",제 26 기,2021.12.31 현재,"105,266,806,837",제 25 기,2020.12.31 현재,"63,476,620,777",2,KRW,2022
20230315000557,11011,2022,00534598,372910,OFS,재무제표,BS,재무상태표,비유동자산,제 27 기,2022.12.31 현재,"94,183,143,468",제 26 기,2021.12.31 현재,"97,394,487,911",제 25 기,2020.12.31 현재,"79,788,073,261",4,KRW,2022
20230315000557,11011,2022,00534598,372910,OFS,재무제표,BS,재무상태표,자산총계,제 27 기,2022.12.31 현재,"201,249,261,891",제 26 기,2021.12.31 현재,"202,661,294,748",제 25 기,2020.12.31 현재,"143,264,694,038",6,KRW,2022
20230315000557,11011,2022,00534598,372910,OFS,재무제표,BS,재무상태표,유동부채,제 27 기,2022.12.31 현재,"71,112,732,754",제 26 기,2021.12.31 현재,"91,387,089,230",제 25 기,2020.12.31 현재,"80,162,355,284",8,KRW,2022
20230315000557,11011,2022,00534598,372910,OFS,재무제표,BS,재무상태표,비유동부채,제 27 기,2022.12.31 현재,"3,034,690,565",제 26 기,2021.12.31 현재,"1,151,969,767",제 25 기,2020.12.31 현재,"39,631,707,660",10,KRW,2022
20230315000557,11011,2022,00534598,372910,OFS,재무제표,BS,재무상태표,부채총계,제 27 기,2022.12.31 현재,"74,147,423,319",제 26 기,2021.12.31 현재,"92,539,058,997",제 25 기,2020.12.31 현재,"119,794,062,944",12,KRW,2022
20230315000557,11011,2022,00534598,372910,OFS,재무제표,BS,재무상태표,자본금,제 27 기,2022.12.31 현재,"5,534,881,200",제 26 기,2021.12.31 현재,"5,534,881,200",제 25 기,2020.12.31 현재,"3,937,890,000",15,KRW,2022
20230315000557,11011,2022,00534598,372910,OFS,재무제표,BS,재무상태표,이익잉여금,제 27 기,2022.12.31 현재,"144,527,001,897",제 26 기,2021.12.31 현재,"127,669,470,219",제 25 기,2020.12.31 현재,"116,013,420,717",19,KRW,2022
20230315000557,11011,2022,00534598,372910,OFS,재무제표,BS,재무상태표,자본총계,제 27 기,2022.12.31 현재,"127,101,838,572",제 26 기,2021.12.31 현재,"110,122,235,751",제 25 기,2020.12.31 현재,"23,470,631,094",22,KRW,2022
20230315000557,11011,2022,00534598,372910,OFS,재무제표,IS,손익계산서,매출액,제 27 기,2022.01.01 ~ 2022.12.31,"92,809,851,119",제 26 기,2021.01.01 ~ 2021.12.31,"115,131,124,193",제 25 기,2020.01.01 ~ 2020.12.31,"136,299,360,203",24,KRW,2022
20230315000557,11011,2022,00534598,372910,OFS,재무제표,IS,손익계산서,영업이익,제 27 기,2022.01.01 ~ 2022.12.31,"557,374,625",제 26 기,2021.01.01 ~ 2021.12.31,"11,839,583,486",제 25 기,2020.01.01 ~ 2020.12.31,"22,764,838,769",26,KRW,2022
20230315000557,11011,2022,00534598,372910,OFS,재무제표,IS,손익계산서,법인세차감전 순이익,제 27 기,2022.01.01 ~ 2022.12.31,"21,284,020,805",제 26 기,2021.01.01 ~ 2021.12.31,"13,820,619,372",제 25 기,2020.01.01 ~ 2020.12.31,"16,556,148,211",28,KRW,2022
20230315000557,11011,2022,00534598,372910,OFS,재무제표,IS,손익계산서,당기순이익(손실),제 27 기,2022.01.01 ~ 2022.12.31,"16,494,863,747",제 26 기,2021.01.01 ~ 2021.12.31,"11,562,729,848",제 25 기,2020.01.01 ~ 2020.12.31,"15,407,797,250",30,KRW,2022
20230315000557,11011,2022,00534598,372910,OFS,재무제표,IS,손익계산서,당기순이익(손실),제 27 기,2022.01.01 ~ 2022.12.31,"16,494,863,747",제 26 기,2021.01.01 ~ 2021.12.31,"11,562,729,848",제 25 기,2020.01.01 ~ 2020.12.31,"15,407,797,250",62,KRW,2022
20240313000991,11011,2023,00534598,372910,CFS,연결재무제표,BS,재무상태표,유동자산,제 28 기,2023.12.31 현재,"104,062,717,689",제 27 기,2022.12.31 현재,"114,255,369,452",제 26 기,2021.12.31 현재,"111,183,498,703",1,KRW,2023
20240313000991,11011,2023,00534598,372910,CFS,연결재무제표,BS,재무상태표,비유동자산,제 28 기,2023.12.31 현재,"78,147,285,180",제 27 기,2022.12.31 현재,"93,774,471,604",제 26 기,2021.12.31 현재,"102,943,813,162",3,KRW,2023
20240313000991,11011,2023,00534598,372910,CFS,연결재무제표,BS,재무상태표,자산총계,제 28 기,2023.12.31 현재,"182,210,002,869",제 27 기,2022.12.31 현재,"208,029,841,056",제 26 기,2021.12.31 현재,"214,127,311,865",5,KRW,2023
20240313000991,11011,2023,00534598,372910,CFS,연결재무제표,BS,재무상태표,유동부채,제 28 기,2023.12.31 현재,"53,329,707,845",제 27 기,2022.12.31 현재,"76,537,203,877",제 26 기,2021.12.31 현재,"92,758,789,634",7,KRW,2023
20240313000991,11011,2023,00534598,372910,CFS,연결재무제표,BS,재무상태표,비유동부채,제 28 기,2023.12.31 현재,"553,354,906",제 27 기,2022.12.31 현재,"3,562,296,658",제 26 기,2021.12.31 현재,"4,550,118,942",9,KRW,2023
20240313000991,11011,2023,00534598,372910,CFS,연결재무제표,BS,재무상태표,부채총계,제 28 기,2023.12.31 현재,"53,883,062,751",제 27 기,2022.12.31 현재,"80,099,500,535",제 26 기,2021.12.31 현재,"97,308,908,576",11,KRW,2023
20240313000991,11011,2023,00534598,372910,CFS,연결재무제표,BS,재무상태표,자본금,제 28 기,2023.12.31 현재,"5,534,881,200",제 27 기,2022.12.31 현재,"5,534,881,200",제 26 기,2021.12.31 현재,"5,534,881,200",13,KRW,2023
20240313000991,11011,2023,00534598,372910,CFS,연결재무제표,BS,재무상태표,이익잉여금,제 28 기,2023.12.31 현재,"144,719,753,349",제 27 기,2022.12.31 현재,"144,343,541,699",제 26 기,2021.12.31 현재,"135,109,599,366",17,KRW,2023
20240313000991,11011,2023,00534598,372910,CFS,연결재무제표,BS,재무상태표,자본총계,제 28 기,2023.12.31 현재,"128,326,940,118",제 27 기,2022.12.31 현재,"127,930,340,521",제 26 기,2021.12.31 현재,"116,818,403,289",21,KRW,2023
20240313000991,11011,2023,00534598,372910,CFS,연결재무제표,IS,손익계산서,매출액,제 28 기,2023.01.01 ~ 2023.12.31,"112,779,715,327",제 27 기,2022.01.01 ~ 2022.12.31,"100,120,112,846",제 26 기,2021.01.01 ~ 2021.12.31,"121,140,356,659",23,KRW,2023
20240313000991,11011,2023,00534598,372910,CFS,연결재무제표,IS,손익계산서,영업이익,제 28 기,2023.01.01 ~ 2023.12.31,"1,832,106,411",제 27 기,2022.01.01 ~ 2022.12.31,"-1,332,071,025",제 26 기,2021.01.01 ~ 2021.12.31,"4,787,002,473",25,KRW,2023
20240313000991,11011,2023,00534598,372910,CFS,연결재무제표,IS,손익계산서,법인세차감전 순이익,제 28 기,2023.01.01 ~ 2023.12.31,"1,624,514,962",제 27 기,2022.01.01 ~ 2022.12.31,"13,235,751,352",제 26 기,2021.01.01 ~ 2021.12.31,"5,594,115,239",27,KRW,2023
20240313000991,11011,2023,00534598,372910,CFS,연결재무제표,IS,손익계산서,당기순이익(손실),제 28 기,2023.01.01 ~ 2023.12.31,"871,118,626",제 27 기,2022.01.01 ~ 2022.12.31,"9,269,405,838",제 26 기,2021.01.01 ~ 2021.12.31,"4,835,069,260",29,KRW,2023
20240313000991,11011,2023,00534598,372910,CFS,연결재무제표,BS,재무상태표,기타포괄손익-공정가치측정금융자산,제 28 기,2023.12.31 현재,"56,920,000",제 27 기,2022.12.31 현재,"756,920,000",제 26 기,2021.12.31 현재,"700,000,000",37,KRW,2023
20240313000991,11011,2023,00534598,372910,CFS,연결재무제표,IS,손익계산서,당기순이익(손실),제 28 기,2023.01.01 ~ 2023.12.31,"871,118,626",제 27 기,2022.01.01 ~ 2022.12.31,"9,269,405,838",제 26 기,2021.01.01 ~ 2021.12.31,"4,835,069,260",61,KRW,2023
20240313000991,11011,2023,00534598,372910,CFS,연결재무제표,IS,손익계산서,총포괄손익,제 28 기,2023.01.01 ~ 2023.12.31,"385,332,927",제 27 기,2022.01.01 ~ 2022.12.31,"10,325,497,742",제 26 기,2021.01.01 ~ 2021.12.31,"4,015,678,968",63,KRW,2023
20240313000991,11011,2023,00534598,372910,OFS,재무제표,BS,재무상태표,유동자산,제 28 기,2023.12.31 현재,"98,493,793,880",제 27 기,2022.12.31 현재,"107,066,118,423",제 26 기,2021.12.31 현재,"105,266,806,837",2,KRW,2023
20240313000991,11011,2023,00534598,372910,OFS,재무제표,BS,재무상태표,비유동자산,제 28 기,2023.12.31 현재,"84,886,026,155",제 27 기,2022.12.31 현재,"94,183,143,468",제 26 기,2021.12.31 현재,"97,394,487,911",4,KRW,2023
20240313000991,11011,2023,00534598,372910,OFS,재무제표,BS,재무상태표,자산총계,제 28 기,2023.12.31 현재,"183,379,820,035",제 27 기,2022.12.31 현재,"201,249,261,891",제 26 기,2021.12.31 현재,"202,661,294,748",6,KRW,2023
20240313000991,11011,2023,00534598,372910,OFS,재무제표,BS,재무상태표,유동부채,제 28 기,2023.12.31 현재,"52,808,385,789",제 27 기,2022.12.31 현재,"71,112,732,754",제 26 기,2021.12.31 현재,"91,387,089,230",8,KRW,2023
20240313000991,11011,2023,00534598,372910,OFS,재무제표,BS,재무상태표,비유동부채,제 28 기,2023.12.31 현재,"540,024,976",제 27 기,2022.12.31 현재,"3,034,690,565",제 26 기,2021.12.31 현재,"1,151,969,767",10,KRW,2023
20240313000991,11011,2023,00534598,372910,OFS,재무제표,BS,재무상태표,부채총계,제 28 기,2023.12.31 현재,"53,348,410,765",제 27 기,2022.12.31 현재,"74,147,423,319",제 26 기,2021.12.31 현재,"92,539,058,997",12,KRW,2023
20240313000991,11011,2023,00534598,372910,OFS,재무제표,BS,재무상태표,자본금,제 28 기,2023.12.31 현재,"5,534,881,200",제 27 기,2022.12.31 현재,"5,534,881,200",제 26 기,2021.12.31 현재,"5,534,881,200",15,KRW,2023
20240313000991,11011,2023,00534598,372910,OFS,재무제표,BS,재무상태표,이익잉여금,제 28 기,2023.12.31 현재,"147,445,305,925",제 27 기,2022.12.31 현재,"144,527,001,897",제 26 기,2021.12.31 현재,"127,669,470,219",19,KRW,2023
20240313000991,11011,2023,00534598,372910,OFS,재무제표,BS,재무상태표,자본총계,제 28 기,2023.12.31 현재,"130,031,409,270",제 27 기,2022.12.31 현재,"127,101,838,572",제 26 기,2021.12.31 현재,"110,122,235,751",22,KRW,2023
20240313000991,11011,2023,00534598,372910,OFS,재무제표,IS,손익계산서,매출액,제 28 기,2023.01.01 ~ 2023.12.31,"107,072,101,822",제 27 기,2022.01.01 ~ 2022.12.31,"92,809,851,119",제 26 기,2021.01.01 ~ 2021.12.31,"115,131,124,193",24,KRW,2023
20240313000991,11011,2023,00534598,372910,OFS,재무제표,IS,손익계산서,영업이익,제 28 기,2023.01.01 ~ 2023.12.31,"4,445,302,662",제 27 기,2022.01.01 ~ 2022.12.31,"557,374,625",제 26 기,2021.01.01 ~ 2021.12.31,"11,839,583,486",26,KRW,2023
20240313000991,11011,2023,00534598,372910,OFS,재무제표,IS,손익계산서,법인세차감전 순이익,제 28 기,2023.01.01 ~ 2023.12.31,"2,421,552,914",제 27 기,2022.01.01 ~ 2022.12.31,"21,284,020,805",제 26 기,2021.01.01 ~ 2021.12.31,"13,820,619,372",28,KRW,2023
20240313000991,11011,2023,00534598,372910,OFS,재무제표,IS,손익계산서,당기순이익(손실),제 28 기,2023.01.01 ~ 2023.12.31,"3,292,310,858",제 27 기,2022.01.01 ~ 2022.12.31,"16,494,863,747",제 26 기,2021.01.01 ~ 2021.12.31,"11,562,729,848",30,KRW,2023
20240313000991,11011,2023,00534598,372910,OFS,재무제표,BS,재무상태표,기타포괄손익-공정가치측정금융자산,제 28 기,2023.12.31 현재,-,제 27 기,2022.12.31 현재,"400,000,000",제 26 기,2021.12.31 현재,"400,000,000",38,KRW,2023
20240313000991,11011,2023,00534598,372910,OFS,재무제표,IS,손익계산서,당기순이익(손실),제 28 기,2023.01.01 ~ 2023.12.31,"3,292,310,858",제 27 기,2022.01.01 ~ 2022.12.31,"16,494,863,747",제 26 기,2021.01.01 ~ 2021.12.31,"11,562,729,848",62,KRW,2023
20240313000991,11011,2023,00534598,372910,OFS,재무제표,IS,손익계산서,총포괄손익,제 28 기,2023.01.01 ~ 2023.12.31,"2,918,304,028",제 27 기,2022.01.01 ~ 2022.12.31,"16,857,531,678",제 26 기,2021.01.01 ~ 2021.12.31,"11,656,049,502",64,KRW,2023
20250814000446,11011,2024,00534598,372910,CFS,연결재무제표,BS,재무상태표,유동자산,제 29 기,2024.12.31 현재,"121,276,212,090",제 28 기,2023.12.31 현재,"104,062,717,689",제 27 기,2022.12.31 현재,"114,255,369,452",1,KRW,2024
20250814000446,11011,2024,00534598,372910,CFS,연결재무제표,BS,재무상태표,비유동자산,제 29 기,2024.12.31 현재,"77,231,803,970",제 28 기,2023.12.31 현재,"78,147,285,180",제 27 기,2022.12.31 현재,"93,774,471,604",3,KRW,2024
20250814000446,11011,2024,00534598,372910,CFS,연결재무제표,BS,재무상태표,자산총계,제 29 기,2024.12.31 현재,"198,508,016,060",제 28 기,2023.12.31 현재,"182,210,002,869",제 27 기,2022.12.31 현재,"208,029,841,056",5,KRW,2024
20250814000446,11011,2024,00534598,372910,CFS,연결재무제표,BS,재무상태표,유동부채,제 29 기,2024.12.31 현재,"61,671,956,527",제 28 기,2023.12.31 현재,"53,329,707,845",제 27 기,2022.12.31 현재,"76,537,203,877",7,KRW,2024
20250814000446,11011,2024,00534598,372910,CFS,연결재무제표,BS,재무상태표,비유동부채,제 29 기,2024.12.31 현재,"1,459,391,558",제 28 기,2023.12.31 현재,"553,354,906",제 27 기,2022.12.31 현재,"3,562,296,658",9,KRW,2024
20250814000446,11011,2024,00534598,372910,CFS,연결재무제표,BS,재무상태표,부채총계,제 29 기,2024.12.31 현재,"63,131,348,085",제 28 기,2023.12.31 현재,"53,883,062,751",제 27 기,2022.12.31 현재,"80,099,500,535",11,KRW,2024
20250814000446,11011,2024,00534598,372910,CFS,연결재무제표,BS,재무상태표,자본금,제 29 기,2024.12.31 현재,"5,534,881,200",제 28 기,2023.12.31 현재,"5,534,881,200",제 27 기,2022.12.31 현재,"5,534,881,200",13,KRW,2024
20250814000446,11011,2024,00534598,372910,CFS,연결재무제표,BS,재무상태표,이익잉여금,제 29 기,2024.12.31 현재,"151,903,173,985",제 28 기,2023.12.31 현재,"144,719,753,349",제 27 기,2022.12.31 현재,"144,343,541,699",17,KRW,2024
20250814000446,11011,2024,00534598,372910,CFS,연결재무제표,BS,재무상태표,자본총계,제 29 기,2024.12.31 현재,"135,376,667,975",제 28 기,2023.12.31 현재,"128,326,940,118",제 27 기,2022.12.31 현재,"127,930,340,521",21,KRW,2024
20250814000446,11011,2024,00534598,372910,CFS,연결재무제표,IS,손익계산서,매출액,제 29 기,2024.01.01 ~ 2024.12.31,"104,776,425,927",제 28 기,2023.01.01 ~ 2023.12.31,"112,779,715,327",제 27 기,2022.01.01 ~ 2022.12.31,"100,120,112,846",23,KRW,2024
20250814000446,11011,2024,00534598,372910,CFS,연결재무제표,IS,손익계산서,영업이익,제 29 기,2024.01.01 ~ 2024.12.31,"7,488,962,506",제 28 기,2023.01.01 ~ 2023.12.31,"1,832,106,411",제 27 기,2022.01.01 ~ 2022.12.31,"-1,332,071,025",25,KRW,2024
20250814000446,11011,2024,00534598,372910,CFS,연결재무제표,IS,손익계산서,법인세차감전 순이익,제 29 기,2024.01.01 ~ 2024.12.31,"9,082,381,790",제 28 기,2023.01.01 ~ 2023.12.31,"1,624,514,962",제 27 기,2022.01.01 ~ 2022.12.31,"13,235,751,352",27,KRW,2024
20250814000446,11011,2024,00534598,372910,CFS,연결재무제표,IS,손익계산서,당기순이익(손실),제 29 기,2024.01.01 ~ 2024.12.31,"7,335,829,952",제 28 기,2023.01.01 ~ 2023.12.31,"871,118,626",제 27 기,2022.01.01 ~ 2022.12.31,"9,269,405,838",29,KRW,2024
20250814000446,11011,2024,00534598,372910,CFS,연결재무제표,BS,재무상태표,기타포괄손익-공정가치측정금융자산,제 29 기,2024.12.31 현재,-,제 28 기,2023.12.31 현재,"56,920,000",제 27 기,2022.12.31 현재,"756,920,000",37,KRW,2024
20250814000446,11011,2024,00534598,372910,CFS,연결재무제표,IS,손익계산서,당기순이익(손실),제 29 기,2024.01.01 ~ 2024.12.31,"7,335,829,952",제 28 기,2023.01.01 ~ 2023.12.31,"871,118,626",제 27 기,2022.01.01 ~ 2022.12.31,"9,269,405,838",61,KRW,2024
20250814000446,11011,2024,00534598,372910,CFS,연결재무제표,IS,손익계산서,총포괄손익,제 29 기,2024.01.01 ~ 2024.12.31,"7,022,211,219",제 28 기,2023.01.01 ~ 2023.12.31,"385,332,927",제 27 기,2022.01.01 ~ 2022.12.31,"10,325,497,742",63,KRW,2024
20250814000446,11011,2024,00534598,372910,OFS,재무제표,BS,재무상태표,유동자산,제 29 기,2024.12.31 현재,"115,125,635,588",제 28 기,2023.12.31 현재,"98,493,793,880",제 27 기,2022.12.31 현재,"107,066,118,423",2,KRW,2024
20250814000446,11011,2024,00534598,372910,OFS,재무제표,BS,재무상태표,비유동자산,제 29 기,2024.12.31 현재,"84,489,155,770",제 28 기,2023.12.31 현재,"84,886,026,155",제 27 기,2022.12.31 현재,"94,183,143,468",4,KRW,2024
20250814000446,11011,2024,00534598,372910,OFS,재무제표,BS,재무상태표,자산총계,제 29 기,2024.12.31 현재,"199,614,791,358",제 28 기,2023.12.31 현재,"183,379,820,035",제 27 기,2022.12.31 현재,"201,249,261,891",6,KRW,2024
20250814000446,11011,2024,00534598,372910,OFS,재무제표,BS,재무상태표,유동부채,제 29 기,2024.12.31 현재,"61,247,656,635",제 28 기,2023.12.31 현재,"52,808,385,789",제 27 기,2022.12.31 현재,"71,112,732,754",8,KRW,2024
20250814000446,11011,2024,00534598,372910,OFS,재무제표,BS,재무상태표,비유동부채,제 29 기,2024.12.31 현재,"899,039,494",제 28 기,2023.12.31 현재,"540,024,976",제 27 기,2022.12.31 현재,"3,034,690,565",10,KRW,2024
20250814000446,11011,2024,00534598,372910,OFS,재무제표,BS,재무상태표,부채총계,제 29 기,2024.12.31 현재,"62,146,696,129",제 28 기,2023.12.31 현재,"53,348,410,765",제 27 기,2022.12.31 현재,"74,147,423,319",12,KRW,2024
20250814000446,11011,2024,00534598,372910,OFS,재무제표,BS,재무상태표,자본금,제 29 기,2024.12.31 현재,"5,534,881,200",제 28 기,2023.12.31 현재,"5,534,881,200",제 27 기,2022.12.31 현재,"5,534,881,200",15,KRW,2024
20250814000446,11011,2024,00534598,372910,OFS,재무제표,BS,재무상태표,이익잉여금,제 29 기,2024.12.31 현재,"154,854,475,246",제 28 기,2023.12.31 현재,"147,445,305,925",제 27 기,2022.12.31 현재,"144,527,001,897",19,KRW,2024
20250814000446,11011,2024,00534598,372910,OFS,재무제표,BS,재무상태표,자본총계,제 29 기,2024.12.31 현재,"137,468,095,229",제 28 기,2023.12.31 현재,"130,031,409,270",제 27 기,2022.12.31 현재,"127,101,838,572",22,KRW,2024
20250814000446,11011,2024,00534598,372910,OFS,재무제표,IS,손익계산서,매출액,제 29 기,2024.01.01 ~ 2024.12.31,"102,966,682,552",제 28 기,2023.01.01 ~ 2023.12.31,"107,072,101,822",제 27 기,2022.01.01 ~ 2022.12.31,"92,809,851,119",24,KRW,2024
20250814000446,11011,2024,00534598,372910,OFS,재무제표,IS,손익계산서,영업이익,제 29 기,2024.01.01 ~ 2024.12.31,"8,404,236,034",제 28 기,2023.01.01 ~ 2023.12.31,"4,445,302,662",제 27 기,2022.01.01 ~ 2022.12.31,"557,374,625",26,KRW,2024
20250814000446,11011,2024,00534598,372910,OFS,재무제표,IS,손익계산서,법인세차감전 순이익,제 29 기,2024.01.01 ~ 2024.12.31,"9,162,439,659",제 28 기,2023.01.01 ~ 2023.12.31,"2,421,552,914",제 27 기,2022.01.01 ~ 2022.12.31,"21,284,020,805",28,KRW,2024
20250814000446,11011,2024,00534598,372910,OFS,재무제표,IS,손익계산서,당기순이익(손실),제 29 기,2024.01.01 ~ 2024.12.31,"7,559,423,849",제 28 기,2023.01.01 ~ 2023.12.31,"3,292,310,858",제 27 기,2022.01.01 ~ 2022.12.31,"16,494,863,747",30,KRW,2024
20250814000446,11011,2024,00534598,372910,OFS,재무제표,BS,재무상태표,기타포괄손익-공정가치측정금융자산,제 29 기,2024.12.31 현재,-,제 28 기,2023.12.31 현재,-,제 27 기,2022.12.31 현재,"400,000,000",38,KRW,2024
20250814000446,11011,2024,00534598,372910,OFS,재무제표,IS,손익계산서,당기순이익(손실),제 29 기,2024.01.01 ~ 2024.12.31,"7,559,423,849",제 28 기,2023.01.01 ~ 2023.12.31,"3,292,310,858",제 27 기,2022.01.01 ~ 2022.12.31,"16,494,863,747",62,KRW,2024
20250814000446,11011,2024,00534598,372910,OFS,재무제표,IS,손익계산서,총포괄손익,제 29 기,2024.01.01 ~ 2024.12.31,"7,409,169,321",제 28 기,2023.01.01 ~ 2023.12.31,"2,918,304,028",제 27 기,2022.01.01 ~ 2022.12.31,"16,857,531,678",64,KRW,2024
20220314000894,11011,2021,00760971,259960,CFS,연결재무제표,BS,재무상태표,유동자산,제 15 기,2021.12.31 현재,"3,653,732,581,737",제 14 기,2020.12.31 현재,"1,292,530,944,051",제 13 기,2019.12.31 현재,"726,206,964,122",1,KRW,2021
20220314000894,11011,2021,00760971,259960,CFS,연결재무제표,BS,재무상태표,비유동자산,제 15 기,2021.12.31 현재,"1,981,368,142,586",제 14 기,2020.12.31 현재,"426,574,787,589",제 13 기,2019.12.31 현재,"263,849,407,995",3,KRW,2021
20220314000894,11011,2021,00760971,259960,CFS,연결재무제표,BS,재무상태표,자산총계,제 15 기,2021.12.31 현재,"5,635,100,724,323",제 14 기,2020.12.31 현재,"1,719,105,731,640",제 13 기,2019.12.31 현재,"990,056,372,117",5,KRW,2021
20220314000894,11011,2021,00760971,259960,CFS,연결재무제표,BS,재무상태표,유동부채,제 15 기,2021.12.31 현재,"638,188,239,035",제 14 기,2020.12.31 현재,"406,675,848,600",제 13 기,2019.12.31 현재,"287,985,362,554",7,KRW,2021
20220314000894,11011,2021,00760971,259960,CFS,연결재무제표,BS,재무상태표,비유동부채,제 15 기,2021.12.31 현재,"388,668,176,517",제 14 기,2020.12.31 현재,"98,334,189,273",제 13 기,2019.12.31 현재,"117,665,951,505",9,KRW,2021
20220314000894,11011,2021,00760971,259960,CFS,연결재무제표,BS,재무상태표,부채총계,제 15 기,2021.12.31 현재,"1,026,856,415,552",제 14 기,2020.12.31 현재,"505,010,037,873",제 13 기,2019.12.31 현재,"405,651,314,059",11,KRW,2021
20220314000894,11011,2021,00760971,259960,CFS,연결재무제표,BS,재무상태표,자본금,제 15 기,2021.12.31 현재,"4,896,704,500",제 14 기,2020.12.31 현재,"4,278,518,500",제 13 기,2019.12.31 현재,"4,022,749,000",13,KRW,2021
20220314000894,11011,2021,00760971,259960,CFS,연결재무제표,BS,재무상태표,이익잉여금,제 15 기,2021.12.31 현재,"557,809,704,858",제 14 기,2020.12.31 현재,"37,932,046,512",제 13 기,2019.12.31 현재,"-518,335,142,384",17,KRW,2021
20220314000894,11011,2021,00760971,259960,CFS,연결재무제표,BS,재무상태표,자본총계,제 15 기,2021.12.31 현재,"4,608,244,308,771",제 14 기,2020.12.31 현재,"1,214,095,693,767",제 13 기,2019.12.31 현재,"584,405,058,058",21,KRW,2021
20220314000894,11011,2021,00760971,259960,CFS,연결재무제표,IS,손익계산서,영업이익,제 15 기,2021.01.01 ~ 2021.12.31,"639,639,249,890",제 14 기,2020.01.01 ~ 2020.12.31,"773,870,752,325",제 13 기,2019.01.01 ~ 2019.12.31,"359,296,286,722",25,KRW,2021
20220314000894,11011,2021,00760971,259960,CFS,연결재무제표,IS,손익계산서,법인세차감전 순이익,제 15 기,2021.01.01 ~ 2021.12.31,"750,385,803,694",제 14 기,2020.01.01 ~ 2020.12.31,"666,768,452,595",제 13 기,2019.01.01 ~ 2019.12.31,"361,845,209,989",27,KRW,2021
20220314000894,11011,2021,00760971,259960,CFS,연결재무제표,IS,손익계산서,당기순이익(손실),제 15 기,2021.01.01 ~ 2021.12.31,"519,877,622,732",제 14 기,2020.01.01 ~ 2020.12.31,"556,267,188,896",제 13 기,2019.01.01 ~ 2019.12.31,"278,859,373,220",29,KRW,2021
20220314000894,11011,2021,00760971,259960,CFS,연결재무제표,IS,손익계산서,당기순이익(손실),제 15 기,2021.01.01 ~ 2021.12.31,"519,877,622,732",제 14 기,2020.01.01 ~ 2020.12.31,"556,267,188,896",제 13 기,2019.01.01 ~ 2019.12.31,"278,859,373,220",61,KRW,2021
20220314000894,11011,2021,00760971,259960,OFS,재무제표,BS,재무상태표,유동자산,제 15 기,2021.12.31 현재,"3,466,888,355,687",제 14 기,2020.12.31 현재,"1,241,945,162,576",제 13 기,2019.12.31 현재,"19,995,728,446",2,KRW,2021
20220314000894,11011,2021,00760971,259960,OFS,재무제표,BS,재무상태표,비유동자산,제 15 기,2021.12.31 현재,"2,014,166,066,690",제 14 기,2020.12.31 현재,"406,765,809,910",제 13 기,2019.12.31 현재,"232,409,533,958",4,KRW,2021
20220314000894,11011,2021,00760971,259960,OFS,재무제표,BS,재무상태표,자산총계,제 15 기,2021.12.31 현재,"5,481,054,422,377",제 14 기,2020.12.31 현재,"1,648,710,972,486",제 13 기,2019.12.31 현재,"252,405,262,404",6,KRW,2021
20220314000894,11011,2021,00760971,259960,OFS,재무제표,BS,재무상태표,유동부채,제 15 기,2021.12.31 현재,"550,906,672,999",제 14 기,2020.12.31 현재,"381,152,971,940",제 13 기,2019.12.31 현재,"99,292,719,152",8,KRW,2021
20220314000894,11011,2021,00760971,259960,OFS,재무제표,BS,재무상태표,비유동부채,제 15 기,2021.12.31 현재,"338,068,561,127",제 14 기,2020.12.31 현재,"66,755,301,647",제 13 기,2019.12.31 현재,"66,533,797,467",10,KRW,2021
20220314000894,11011,2021,00760971,259960,OFS,재무제표,BS,재무상태표,부채총계,제 15 기,2021.12.31 현재,"888,975,234,126",제 14 기,2020.12.31 현재,"447,908,273,587",제 13 기,2019.12.31 현재,"165,826,516,619",12,KRW,2021
20220314000894,11011,2021,00760971,259960,OFS,재무제표,BS,재무상태표,자본금,제 15 기,2021.12.31 현재,"4,896,704,500",제 14 기,2020.12.31 현재,"4,278,518,500",제 13 기,2019.12.31 현재,"4,022,749,000",15,KRW,2021
20220314000894,11011,2021,00760971,259960,OFS,재무제표,BS,재무상태표,이익잉여금,제 15 기,2021.12.31 현재,"-409,617,572,037",제 14 기,2020.12.31 현재,"-951,819,823,460",제 13 기,2019.12.31 현재,"-956,971,331,065",19,KRW,2021
20220314000894,11011,2021,00760971,259960,OFS,재무제표,BS,재무상태표,자본총계,제 15 기,2021.12.31 현재,"4,592,079,188,251",제 14 기,2020.12.31 현재,"1,200,802,698,899",제 13 기,2019.12.31 현재,"86,578,745,785",22,KRW,2021
20220314000894,11011,2021,00760971,259960,OFS,재무제표,IS,손익계산서,영업이익,제 15 기,2021.01.01 ~ 2021.12.31,"696,375,445,810",제 14 기,2020.01.01 ~ 2020.12.31,"-129,011,889,865",제 13 기,2019.01.01 ~ 2019.12.31,"-91,243,623,853",26,KRW,2021
20220314000894,11011,2021,00760971,259960,OFS,재무제표,IS,손익계산서,법인세차감전 순이익,제 15 기,2021.01.01 ~ 2021.12.31,"779,476,149,520",제 14 기,2020.01.01 ~ 2020.12.31,"-55,728,326,922",제 13 기,2019.01.01 ~ 2019.12.31,"124,767,755,039",28,KRW,2021
20220314000894,11011,2021,00760971,259960,OFS,재무제표,IS,손익계산서,당기순이익(손실),제 15 기,2021.01.01 ~ 2021.12.31,"542,202,251,423",제 14 기,2020.01.01 ~ 2020.12.31,"5,151,507,605",제 13 기,2019.01.01 ~ 2019.12.31,"123,903,583,790",30,KRW,2021
20220314000894,11011,2021,00760971,259960,OFS,재무제표,IS,손익계산서,당기순이익(손실),제 15 기,2021.01.01 ~ 2021.12.31,"542,202,251,423",제 14 기,2020.01.01 ~ 2020.12.31,"5,151,507,605",제 13 기,2019.01.01 ~ 2019.12.31,"123,903,583,790",62,KRW,2021
20230320000728,11011,2022,00760971,259960,CFS,연결재무제표,BS,재무상태표,유동자산,제 16 기,2022.12.31 현재,"3,892,605,855,789",제 15 기,2021.12.31 현재,"3,653,732,581,737",제 14 기,2020.12.31 현재,"1,292,530,944,051",1,KRW,2022
20230320000728,11011,2022,00760971,259960,CFS,연결재무제표,BS,재무상태표,비유동자산,제 16 기,2022.12.31 현재,"2,137,705,784,976",제 15 기,2021.12.31 현재,"2,064,094,985,748",제 14 기,2020.12.31 현재,"426,574,787,589",3,KRW,2022
20230320000728,11011,2022,00760971,259960,CFS,연결재무제표,BS,재무상태표,자산총계,제 16 기,2022.12.31 현재,"6,030,311,640,765",제 15 기,2021.12.31 현재,"5,717,827,567,485",제 14 기,2020.12.31 현재,"1,719,105,731,640",5,KRW,2022
20230320000728,11011,2022,00760971,259960,CFS,연결재무제표,BS,재무상태표,유동부채,제 16 기,2022.12.31 현재,"411,184,964,622",제 15 기,2021.12.31 현재,"638,188,239,035",제 14 기,2020.12.31 현재,"406,675,848,600",7,KRW,2022
20230320000728,11011,2022,00760971,259960,CFS,연결재무제표,BS,재무상태표,비유동부채,제 16 기,2022.12.31 현재,"506,276,538,586",제 15 기,2021.12.31 현재,"471,395,019,679",제 14 기,2020.12.31 현재,"98,334,189,273",9,KRW,2022
20230320000728,11011,2022,00760971,259960,CFS,연결재무제표,BS,재무상태표,부채총계,제 16 기,2022.12.31 현재,"917,461,503,208",제 15 기,2021.12.31 현재,"1,109,583,258,714",제 14 기,2020.12.31 현재,"505,010,037,873",11,KRW,2022
20230320000728,11011,2022,00760971,259960,CFS,연결재무제표,BS,재무상태표,자본금,제 16 기,2022.12.31 현재,"4,908,154,500",제 15 기,2021.12.31 현재,"4,896,704,500",제 14 기,2020.12.31 현재,"4,278,518,500",13,KRW,2022
20230320000728,11011,2022,00760971,259960,CFS,연결재무제표,BS,재무상태표,이익잉여금,제 16 기,2022.12.31 현재,"3,467,581,310,414",제 15 기,2021.12.31 현재,"557,809,704,858",제 14 기,2020.12.31 현재,"37,932,046,512",17,KRW,2022
20230320000728,11011,2022,00760971,259960,CFS,연결재무제표,BS,재무상태표,자본총계,제 16 기,2022.12.31 현재,"5,112,850,137,557",제 15 기,2021.12.31 현재,"4,608,244,308,771",제 14 기,2020.12.31 현재,"1,214,095,693,767",21,KRW,2022
20230320000728,11011,2022,00760971,259960,CFS,연결재무제표,IS,손익계산서,영업이익,제 16 기,2022.01.01 ~ 2022.12.31,"751,606,569,542",제 15 기,2021.01.01 ~ 2021.12.31,"650,608,053,460",제 14 기,2020.01.01 ~ 2020.12.31,"773,870,752,325",25,KRW,2022
20230320000728,11011,2022,00760971,259960,CFS,연결재무제표,IS,손익계산서,법인세차감전 순이익,제 16 기,2022.01.01 ~ 2022.12.31,"683,876,920,374",제 15 기,2021.01.01 ~ 2021.12.31,"761,169,470,675",제 14 기,2020.01.01 ~ 2020.12.31,"666,768,452,595",27,KRW,2022
20230320000728,11011,2022,00760971,259960,CFS,연결재무제표,IS,손익계산서,당기순이익(손실),제 16 기,2022.01.01 ~ 2022.12.31,"500,154,032,217",제 15 기,2021.01.01 ~ 2021.12.31,"519,877,622,732",제 14 기,2020.01.01 ~ 2020.12.31,"556,267,188,896",29,KRW,2022
20230320000728,11011,2022,00760971,259960,CFS,연결재무제표,IS,손익계산서,당기순이익(손실),제 16 기,2022.01.01 ~ 2022.12.31,"500,154,032,217",제 15 기,2021.01.01 ~ 2021.12.31,"519,877,622,732",제 14 기,2020.01.01 ~ 2020.12.31,"556,267,188,896",61,KRW,2022
20230320000728,11011,2022,00760971,259960,OFS,재무제표,BS,재무상태표,유동자산,제 16 기,2022.12.31 현재,"3,653,007,418,722",제 15 기,2021.12.31 현재,"3,466,888,355,687",제 14 기,2020.12.31 현재,"1,241,945,162,576",2,KRW,2022
20230320000728,11011,2022,00760971,259960,OFS,재무제표,BS,재무상태표,비유동자산,제 16 기,2022.12.31 현재,"2,121,458,161,154",제 15 기,2021.12.31 현재,"2,024,681,242,812",제 14 기,2020.12.31 현재,"406,765,809,910",4,KRW,2022
20230320000728,11011,2022,00760971,259960,OFS,재무제표,BS,재무상태표,자산총계,제 16 기,2022.12.31 현재,"5,774,465,579,876",제 15 기,2021.12.31 현재,"5,491,569,598,499",제 14 기,2020.12.31 현재,"1,648,710,972,486",6,KRW,2022
20230320000728,11011,2022,00760971,259960,OFS,재무제표,BS,재무상태표,유동부채,제 16 기,2022.12.31 현재,"332,677,568,406",제 15 기,2021.12.31 현재,"550,906,672,999",제 14 기,2020.12.31 현재,"381,152,971,940",8,KRW,2022
20230320000728,11011,2022,00760971,259960,OFS,재무제표,BS,재무상태표,비유동부채,제 16 기,2022.12.31 현재,"399,483,744,597",제 15 기,2021.12.31 현재,"348,583,737,249",제 14 기,2020.12.31 현재,"66,755,301,647",10,KRW,2022
20230320000728,11011,2022,00760971,259960,OFS,재무제표,BS,재무상태표,부채총계,제 16 기,2022.12.31 현재,"732,161,313,003",제 15 기,2021.12.31 현재,"899,490,410,248",제 14 기,2020.12.31 현재,"447,908,273,587",12,KRW,2022
20230320000728,11011,2022,00760971,259960,OFS,재무제표,BS,재무상태표,자본금,제 16 기,2022.12.31 현재,"4,908,154,500",제 15 기,2021.12.31 현재,"4,896,704,500",제 14 기,2020.12.31 현재,"4,278,518,500",15,KRW,2022
20230320000728,11011,2022,00760971,259960,OFS,재무제표,BS,재무상태표,이익잉여금,제 16 기,2022.12.31 현재,"2,487,142,607,927",제 15 기,2021.12.31 현재,"-409,617,572,037",제 14 기,2020.12.31 현재,"-951,819,823,460",19,KRW,2022
20230320000728,11011,2022,00760971,259960,OFS,재무제표,BS,재무상태표,자본총계,제 16 기,2022.12.31 현재,"5,042,304,266,873",제 15 기,2021.12.31 현재,"4,592,079,188,251",제 14 기,2020.12.31 현재,"1,200,802,698,899",22,KRW,2022
20230320000728,11011,2022,00760971,259960,OFS,재무제표,IS,손익계산서,영업이익,제 16 기,2022.01.01 ~ 2022.12.31,"737,821,913,086",제 15 기,2021.01.01 ~ 2021.12.31,"696,375,445,810",제 14 기,2020.01.01 ~ 2020.12.31,"-129,011,889,865",26,KRW,2022
20230320000728,11011,2022,00760971,259960,OFS,재무제표,IS,손익계산서,법인세차감전 순이익,제 16 기,2022.01.01 ~ 2022.12.31,"666,253,604,733",제 15 기,2021.01.01 ~ 2021.12.31,"779,476,149,520",제 14 기,2020.01.01 ~ 2020.12.31,"-55,728,326,922",28,KRW,2022
20230320000728,11011,2022,00760971,259960,OFS,재무제표,IS,손익계산서,당기순이익(손실),제 16 기,2022.01.01 ~ 2022.12.31,"487,142,607,927",제 15 기,2021.01.01 ~ 2021.12.31,"542,202,251,423",제 14 기,2020.01.01 ~ 2020.12.31,"5,151,507,605",30,KRW,2022
20230320000728,11011,2022,00760971,259960,OFS,재무제표,IS,손익계산서,당기순이익(손실),제 16 기,2022.01.01 ~ 2022.12.31,"487,142,607,927",제 15 기,2021.01.01 ~ 2021.12.31,"542,202,251,423",제 14 기,2020.01.01 ~ 2020.12.31,"5,151,507,605",62,KRW,2022
20240318000420,11011,2023,00760971,259960,CFS,연결재무제표,BS,재무상태표,유동자산,제 17 기,2023.12.31 현재,"3,964,417,087,694",제 16 기,2022.12.31 현재,"3,892,564,094,341",제 15 기,2021.12.31 현재,"3,653,732,581,737",1,KRW,2023
20240318000420,11011,2023,00760971,259960,CFS,연결재무제표,BS,재무상태표,비유동자산,제 17 기,2023.12.31 현재,"2,476,039,531,904",제 16 기,2022.12.31 현재,"2,145,219,871,795",제 15 기,2021.12.31 현재,"2,064,094,985,748",3,KRW,2023
20240318000420,11011,2023,00760971,259960,CFS,연결재무제표,BS,재무상태표,자산총계,제 17 기,2023.12.31 현재,"6,440,456,619,598",제 16 기,2022.12.31 현재,"6,037,783,966,136",제 15 기,2021.12.31 현재,"5,717,827,567,485",5,KRW,2023
20240318000420,11011,2023,00760971,259960,CFS,연결재무제표,BS,재무상태표,유동부채,제 17 기,2023.12.31 현재,"520,690,696,023",제 16 기,2022.12.31 현재,"411,459,589,199",제 15 기,2021.12.31 현재,"638,188,239,035",7,KRW,2023
20240318000420,11011,2023,00760971,259960,CFS,연결재무제표,BS,재무상태표,비유동부채,제 17 기,2023.12.31 현재,"360,945,662,544",제 16 기,2022.12.31 현재,"509,919,276,492",제 15 기,2021.12.31 현재,"471,395,019,679",9,KRW,2023
20240318000420,11011,2023,00760971,259960,CFS,연결재무제표,BS,재무상태표,부채총계,제 17 기,2023.12.31 현재,"881,636,358,567",제 16 기,2022.12.31 현재,"921,378,865,691",제 15 기,2021.12.31 현재,"1,109,583,258,714",11,KRW,2023
20240318000420,11011,2023,00760971,259960,CFS,연결재무제표,BS,재무상태표,자본금,제 17 기,2023.12.31 현재,"4,923,729,000",제 16 기,2022.12.31 현재,"4,908,154,500",제 15 기,2021.12.31 현재,"4,896,704,500",13,KRW,2023
20240318000420,11011,2023,00760971,259960,CFS,연결재무제표,BS,재무상태표,이익잉여금,제 17 기,2023.12.31 현재,"3,894,954,771,671",제 16 기,2022.12.31 현재,"3,467,581,310,414",제 15 기,2021.12.31 현재,"557,809,704,858",17,KRW,2023
20240318000420,11011,2023,00760971,259960,CFS,연결재무제표,BS,재무상태표,자본총계,제 17 기,2023.12.31 현재,"5,558,820,261,031",제 16 기,2022.12.31 현재,"5,116,405,100,445",제 15 기,2021.12.31 현재,"4,608,244,308,771",21,KRW,2023
20240318000420,11011,2023,00760971,259960,CFS,연결재무제표,IS,손익계산서,매출액,제 17 기,2023.01.01 ~ 2023.12.31,"1,910,576,180,288",제 16 기,2022.01.01 ~ 2022.12.31,"1,854,016,090,527",제 15 기,2021.01.01 ~ 2021.12.31,"1,885,351,810,718",23,KRW,2023
20240318000420,11011,2023,00760971,259960,CFS,연결재무제표,IS,손익계산서,영업이익,제 17 기,2023.01.01 ~ 2023.12.31,"768,045,608,970",제 16 기,2022.01.01 ~ 2022.12.31,"751,606,569,542",제 15 기,2021.01.01 ~ 2021.12.31,"650,608,053,460",25,KRW,2023
20240318000420,11011,2023,00760971,259960,CFS,연결재무제표,IS,손익계산서,법인세차감전 순이익,제 17 기,2023.01.01 ~ 2023.12.31,"828,615,335,546",제 16 기,2022.01.01 ~ 2022.12.31,"683,876,920,374",제 15 기,2021.01.01 ~ 2021.12.31,"761,169,470,675",27,KRW,2023
20240318000420,11011,2023,00760971,259960,CFS,연결재무제표,IS,손익계산서,당기순이익(손실),제 17 기,2023.01.01 ~ 2023.12.31,"594,060,314,352",제 16 기,2022.01.01 ~ 2022.12.31,"500,154,032,217",제 15 기,2021.01.01 ~ 2021.12.31,"519,877,622,732",29,KRW,2023
20240318000420,11011,2023,00760971,259960,CFS,연결재무제표,IS,손익계산서,당기순이익(손실),제 17 기,2023.01.01 ~ 2023.12.31,"594,060,314,352",제 16 기,2022.01.01 ~ 2022.12.31,"500,154,032,217",제 15 기,2021.01.01 ~ 2021.12.31,"519,877,622,732",61,KRW,2023
20240318000420,11011,2023,00760971,259960,CFS,연결재무제표,IS,손익계산서,총포괄손익,제 17 기,2023.01.01 ~ 2023.12.31,"592,943,636,456",제 16 기,2022.01.01 ~ 2022.12.31,"535,711,766,802",제 15 기,2021.01.01 ~ 2021.12.31,"537,654,377,637",63,KRW,2023
20240318000420,11011,2023,00760971,259960,CFS,연결재무제표,IS,손익계산서,영업비용,제 17 기,2023.01.01 ~ 2023.12.31,"1,142,530,571,318",제 16 기,2022.01.01 ~ 2022.12.31,"1,102,409,520,985",제 15 기,2021.01.01 ~ 2021.12.31,"1,234,743,757,258",65,KRW,2023
20240318000420,11011,2023,00760971,259960,OFS,재무제표,BS,재무상태표,유동자산,제 17 기,2023.12.31 현재,"3,696,863,488,258",제 16 기,2022.12.31 현재,"3,653,007,418,722",제 15 기,2021.12.31 현재,"3,466,888,355,687",2,KRW,2023
20240318000420,11011,2023,00760971,259960,OFS,재무제표,BS,재무상태표,비유동자산,제 17 기,2023.12.31 현재,"2,637,208,558,662",제 16 기,2022.12.31 현재,"2,121,458,161,154",제 15 기,2021.12.31 현재,"2,024,681,242,812",4,KRW,2023
20240318000420,11011,2023,00760971,259960,OFS,재무제표,BS,재무상태표,자산총계,제 17 기,2023.12.31 현재,"6,334,072,046,920",제 16 기,2022.12.31 현재,"5,774,465,579,876",제 15 기,2021.12.31 현재,"5,491,569,598,499",6,KRW,2023
20240318000420,11011,2023,00760971,259960,OFS,재무제표,BS,재무상태표,유동부채,제 17 기,2023.12.31 현재,"488,122,995,566",제 16 기,2022.12.31 현재,"332,677,568,406",제 15 기,2021.12.31 현재,"550,906,672,999",8,KRW,2023
20240318000420,11011,2023,00760971,259960,OFS,재무제표,BS,재무상태표,비유동부채,제 17 기,2023.12.31 현재,"253,912,763,868",제 16 기,2022.12.31 현재,"399,483,744,597",제 15 기,2021.12.31 현재,"348,583,737,249",10,KRW,2023
20240318000420,11011,2023,00760971,259960,OFS,재무제표,BS,재무상태표,부채총계,제 17 기,2023.12.31 현재,"742,035,759,434",제 16 기,2022.12.31 현재,"732,161,313,003",제 15 기,2021.12.31 현재,"899,490,410,248",12,KRW,2023
20240318000420,11011,2023,00760971,259960,OFS,재무제표,BS,재무상태표,자본금,제 17 기,2023.12.31 현재,"4,923,729,000",제 16 기,2022.12.31 현재,"4,908,154,500",제 15 기,2021.12.31 현재,"4,896,704,500",15,KRW,2023
20240318000420,11011,2023,00760971,259960,OFS,재무제표,BS,재무상태표,이익잉여금,제 17 기,2023.12.31 현재,"3,047,231,712,239",제 16 기,2022.12.31 현재,"2,487,142,607,927",제 15 기,2021.12.31 현재,"-409,617,572,037",19,KRW,2023
20240318000420,11011,2023,00760971,259960,OFS,재무제표,BS,재무상태표,자본총계,제 17 기,2023.12.31 현재,"5,592,036,287,486",제 16 기,2022.12.31 현재,"5,042,304,266,873",제 15 기,2021.12.31 현재,"4,592,079,188,251",22,KRW,2023
20240318000420,11011,2023,00760971,259960,OFS,재무제표,IS,손익계산서,매출액,제 17 기,2023.01.01 ~ 2023.12.31,"1,838,445,665,302",제 16 기,2022.01.01 ~ 2022.12.31,"1,767,775,810,654",제 15 기,2021.01.01 ~ 2021.12.31,"1,828,373,788,332",24,KRW,2023
20240318000420,11011,2023,00760971,259960,OFS,재무제표,IS,손익계산서,영업이익,제 17 기,2023.01.01 ~ 2023.12.31,"811,620,362,152",제 16 기,2022.01.01 ~ 2022.12.31,"737,821,913,086",제 15 기,2021.01.01 ~ 2021.12.31,"696,375,445,810",26,KRW,2023
20240318000420,11011,2023,00760971,259960,OFS,재무제표,IS,손익계산서,법인세차감전 순이익,제 17 기,2023.01.01 ~ 2023.12.31,"974,070,640,833",제 16 기,2022.01.01 ~ 2022.12.31,"666,253,604,733",제 15 기,2021.01.01 ~ 2021.12.31,"779,476,149,520",28,KRW,2023
20240318000420,11011,2023,00760971,259960,OFS,재무제표,IS,손익계산서,당기순이익(손실),제 17 기,2023.01.01 ~ 2023.12.31,"728,077,181,282",제 16 기,2022.01.01 ~ 2022.12.31,"487,142,607,927",제 15 기,2021.01.01 ~ 2021.12.31,"542,202,251,423",30,KRW,2023
20240318000420,11011,2023,00760971,259960,OFS,재무제표,IS,손익계산서,당기순이익(손실),제 17 기,2023.01.01 ~ 2023.12.31,"728,077,181,282",제 16 기,2022.01.01 ~ 2022.12.31,"487,142,607,927",제 15 기,2021.01.01 ~ 2021.12.31,"542,202,251,423",62,KRW,2023
20240318000420,11011,2023,00760971,259960,OFS,재무제표,IS,손익계산서,총포괄손익,제 17 기,2023.01.01 ~ 2023.12.31,"707,666,145,091",제 16 기,2022.01.01 ~ 2022.12.31,"445,990,992,428",제 15 기,2021.01.01 ~ 2021.12.31,"562,483,014,043",64,KRW,2023
20240318000420,11011,2023,00760971,259960,OFS,재무제표,IS,손익계산서,영업비용,제 17 기,2023.01.01 ~ 2023.12.31,"1,026,825,303,150",제 16 기,2022.01.01 ~ 2022.12.31,"1,029,953,897,568",제 15 기,2021.01.01 ~ 2021.12.31,"1,131,998,342,522",66,KRW,2023
20250318001121,11011,2024,00760971,259960,CFS,연결재무제표,BS,재무상태표,유동자산,제 18 기,2024.12.31 현재,"5,004,427,032,417",제 17 기,2023.12.31 현재,"3,964,417,087,694",제 16 기,2022.12.31 현재,"3,892,564,094,341",1,KRW,2024
20250318001121,11011,2024,00760971,259960,CFS,연결재무제표,BS,재무상태표,비유동자산,제 18 기,2024.12.31 현재,"2,915,036,535,598",제 17 기,2023.12.31 현재,"2,476,039,531,904",제 16 기,2022.12.31 현재,"2,145,219,871,795",3,KRW,2024
20250318001121,11011,2024,00760971,259960,CFS,연결재무제표,BS,재무상태표,자산총계,제 18 기,2024.12.31 현재,"7,919,463,568,015",제 17 기,2023.12.31 현재,"6,440,456,619,598",제 16 기,2022.12.31 현재,"6,037,783,966,136",5,KRW,2024
20250318001121,11011,2024,00760971,259960,CFS,연결재무제표,BS,재무상태표,유동부채,제 18 기,2024.12.31 현재,"784,829,947,760",제 17 기,2023.12.31 현재,"520,690,696,023",제 16 기,2022.12.31 현재,"411,459,589,199",7,KRW,2024
20250318001121,11011,2024,00760971,259960,CFS,연결재무제표,BS,재무상태표,비유동부채,제 18 기,2024.12.31 현재,"305,502,018,028",제 17 기,2023.12.31 현재,"360,945,662,544",제 16 기,2022.12.31 현재,"509,919,276,492",9,KRW,2024
20250318001121,11011,2024,00760971,259960,CFS,연결재무제표,BS,재무상태표,부채총계,제 18 기,2024.12.31 현재,"1,090,331,965,788",제 17 기,2023.12.31 현재,"881,636,358,567",제 16 기,2022.12.31 현재,"921,378,865,691",11,KRW,2024
20250318001121,11011,2024,00760971,259960,CFS,연결재무제표,BS,재무상태표,자본금,제 18 기,2024.12.31 현재,"4,925,891,100",제 17 기,2023.12.31 현재,"4,923,729,000",제 16 기,2022.12.31 현재,"4,908,154,500",13,KRW,2024
20250318001121,11011,2024,00760971,259960,CFS,연결재무제표,BS,재무상태표,이익잉여금,제 18 기,2024.12.31 현재,"5,081,464,676,060",제 17 기,2023.12.31 현재,"3,894,954,771,671",제 16 기,2022.12.31 현재,"3,467,581,310,414",17,KRW,2024
20250318001121,11011,2024,00760971,259960,CFS,연결재무제표,BS,재무상태표,자본총계,제 18 기,2024.12.31 현재,"6,829,131,602,227",제 17 기,2023.12.31 현재,"5,558,820,261,031",제 16 기,2022.12.31 현재,"5,116,405,100,445",21,KRW,2024
20250318001121,11011,2024,00760971,259960,CFS,연결재무제표,IS,손익계산서,매출액,제 18 기,2024.01.01 ~ 2024.12.31,"2,709,774,106,588",제 17 기,2023.01.01 ~ 2023.12.31,"1,910,576,180,288",제 16 기,2022.01.01 ~ 2022.12.31,"1,854,016,090,527",23,KRW,2024
20250318001121,11011,2024,00760971,259960,CFS,연결재무제표,IS,손익계산서,영업이익,제 18 기,2024.01.01 ~ 2024.12.31,"1,182,487,684,188",제 17 기,2023.01.01 ~ 2023.12.31,"768,045,608,970",제 16 기,2022.01.01 ~ 2022.12.31,"751,606,569,542",25,KRW,2024
20250318001121,11011,2024,00760971,259960,CFS,연결재무제표,IS,손익계산서,법인세차감전 순이익,제 18 기,2024.01.01 ~ 2024.12.31,"1,722,678,390,718",제 17 기,2023.01.01 ~ 2023.12.31,"828,615,335,546",제 16 기,2022.01.01 ~ 2022.12.31,"683,876,920,374",27,KRW,2024
20250318001121,11011,2024,00760971,259960,CFS,연결재무제표,IS,손익계산서,당기순이익(손실),제 18 기,2024.01.01 ~ 2024.12.31,"1,302,592,653,712",제 17 기,2023.01.01 ~ 2023.12.31,"594,060,314,352",제 16 기,2022.01.01 ~ 2022.12.31,"500,154,032,217",29,KRW,2024
20250318001121,11011,2024,00760971,259960,CFS,연결재무제표,IS,손익계산서,당기순이익(손실),제 18 기,2024.01.01 ~ 2024.12.31,"1,302,592,653,712",제 17 기,2023.01.01 ~ 2023.12.31,"594,060,314,352",제 16 기,2022.01.01 ~ 2022.12.31,"500,154,032,217",61,KRW,2024
20250318001121,11011,2024,00760971,259960,CFS,연결재무제표,IS,손익계산서,총포괄손익,제 18 기,2024.01.01 ~ 2024.12.31,"1,376,065,608,389",제 17 기,2023.01.01 ~ 2023.12.31,"592,943,636,456",제 16 기,2022.01.01 ~ 2022.12.31,"535,711,766,802",63,KRW,2024
20250318001121,11011,2024,00760971,259960,CFS,연결재무제표,IS,손익계산서,영업비용,제 18 기,2024.01.01 ~ 2024.12.31,"1,527,286,422,400",제 17 기,2023.01.01 ~ 2023.12.31,"1,142,530,571,318",제 16 기,2022.01.01 ~ 2022.12.31,"1,102,409,520,985",65,KRW,2024
20250318001121,11011,2024,00760971,259960,OFS,재무제표,BS,재무상태표,유동자산,제 18 기,2024.12.31 현재,"4,660,209,356,408",제 17 기,2023.12.31 현재,"3,696,863,488,258",제 16 기,2022.12.31 현재,"3,653,007,418,722",2,KRW,2024
20250318001121,11011,2024,00760971,259960,OFS,재무제표,BS,재무상태표,비유동자산,제 18 기,2024.12.31 현재,"3,092,122,746,921",제 17 기,2023.12.31 현재,"2,637,208,558,662",제 16 기,2022.12.31 현재,"2,121,458,161,154",4,KRW,2024
20250318001121,11011,2024,00760971,259960,OFS,재무제표,BS,재무상태표,자산총계,제 18 기,2024.12.31 현재,"7,752,332,103,329",제 17 기,2023.12.31 현재,"6,334,072,046,920",제 16 기,2022.12.31 현재,"5,774,465,579,876",6,KRW,2024
20250318001121,11011,2024,00760971,259960,OFS,재무제표,BS,재무상태표,유동부채,제 18 기,2024.12.31 현재,"745,386,323,743",제 17 기,2023.12.31 현재,"488,122,995,566",제 16 기,2022.12.31 현재,"332,677,568,406",8,KRW,2024
20250318001121,11011,2024,00760971,259960,OFS,재무제표,BS,재무상태표,비유동부채,제 18 기,2024.12.31 현재,"173,439,563,969",제 17 기,2023.12.31 현재,"253,912,763,868",제 16 기,2022.12.31 현재,"399,483,744,597",10,KRW,2024
20250318001121,11011,2024,00760971,259960,OFS,재무제표,BS,재무상태표,부채총계,제 18 기,2024.12.31 현재,"918,825,887,712",제 17 기,2023.12.31 현재,"742,035,759,434",제 16 기,2022.12.31 현재,"732,161,313,003",12,KRW,2024
20250318001121,11011,2024,00760971,259960,OFS,재무제표,BS,재무상태표,자본금,제 18 기,2024.12.31 현재,"4,925,891,100",제 17 기,2023.12.31 현재,"4,923,729,000",제 16 기,2022.12.31 현재,"4,908,154,500",15,KRW,2024
20250318001121,11011,2024,00760971,259960,OFS,재무제표,BS,재무상태표,이익잉여금,제 18 기,2024.12.31 현재,"4,303,918,735,251",제 17 기,2023.12.31 현재,"3,047,231,712,239",제 16 기,2022.12.31 현재,"2,487,142,607,927",19,KRW,2024
20250318001121,11011,2024,00760971,259960,OFS,재무제표,BS,재무상태표,자본총계,제 18 기,2024.12.31 현재,"6,833,506,215,617",제 17 기,2023.12.31 현재,"5,592,036,287,486",제 16 기,2022.12.31 현재,"5,042,304,266,873",22,KRW,2024
20250318001121,11011,2024,00760971,259960,OFS,재무제표,IS,손익계산서,매출액,제 18 기,2024.01.01 ~ 2024.12.31,"2,636,975,532,925",제 17 기,2023.01.01 ~ 2023.12.31,"1,838,445,665,302",제 16 기,2022.01.01 ~ 2022.12.31,"1,767,775,810,654",24,KRW,2024
20250318001121,11011,2024,00760971,259960,OFS,재무제표,IS,손익계산서,영업이익,제 18 기,2024.01.01 ~ 2024.12.31,"1,208,574,641,448",제 17 기,2023.01.01 ~ 2023.12.31,"811,620,362,152",제 16 기,2022.01.01 ~ 2022.12.31,"737,821,913,086",26,KRW,2024
20250318001121,11011,2024,00760971,259960,OFS,재무제표,IS,손익계산서,법인세차감전 순이익,제 18 기,2024.01.01 ~ 2024.12.31,"1,804,543,322,201",제 17 기,2023.01.01 ~ 2023.12.31,"974,070,640,833",제 16 기,2022.01.01 ~ 2022.12.31,"666,253,604,733",28,KRW,2024
20250318001121,11011,2024,00760971,259960,OFS,재무제표,IS,손익계산서,당기순이익(손실),제 18 기,2024.01.01 ~ 2024.12.31,"1,376,266,875,946",제 17 기,2023.01.01 ~ 2023.12.31,"728,077,181,282",제 16 기,2022.01.01 ~ 2022.12.31,"487,142,607,927",30,KRW,2024
20250318001121,11011,2024,00760971,259960,OFS,재무제표,IS,손익계산서,당기순이익(손실),제 18 기,2024.01.01 ~ 2024.12.31,"1,376,266,875,946",제 17 기,2023.01.01 ~ 2023.12.31,"728,077,181,282",제 16 기,2022.01.01 ~ 2022.12.31,"487,142,607,927",62,KRW,2024
20250318001121,11011,2024,00760971,259960,OFS,재무제표,IS,손익계산서,총포괄손익,제 18 기,2024.01.01 ~ 2024.12.31,"1,341,651,013,172",제 17 기,2023.01.01 ~ 2023.12.31,"707,666,145,091",제 16 기,2022.01.01 ~ 2022.12.31,"445,990,992,428",64,KRW,2024
20250318001121,11011,2024,00760971,259960,OFS,재무제표,IS,손익계산서,영업비용,제 18 기,2024.01.01 ~ 2024.12.31,"1,428,400,891,477",제 17 기,2023.01.01 ~ 2023.12.31,"1,026,825,303,150",제 16 기,2022.01.01 ~ 2022.12.31,"1,029,953,897,568",66,KRW,2024
20190401003783,11011,2018,00767460,178920,OFS,재무제표,BS,재무상태표,유동자산,제 11 기,2018.12.31 현재,"105,904,436,881",제 10 기,2017.12.31 현재,"130,172,212,119",제 9 기,2016.12.31 현재,"94,988,726,789",2,KRW,2018
20190401003783,11011,2018,00767460,178920,OFS,재무제표,BS,재무상태표,비유동자산,제 11 기,2018.12.31 현재,"266,460,948,181",제 10 기,2017.12.31 현재,"210,983,272,499",제 9 기,2016.12.31 현재,"212,551,303,337",4,KRW,2018
20190401003783,11011,2018,00767460,178920,OFS,재무제표,BS,재무상태표,자산총계,제 11 기,2018.12.31 현재,"372,365,385,062",제 10 기,2017.12.31 현재,"341,155,484,618",제 9 기,2016.12.31 현재,"307,540,030,126",6,KRW,2018
20190401003783,11011,2018,00767460,178920,OFS,재무제표,BS,재무상태표,유동부채,제 11 기,2018.12.31 현재,"58,764,116,912",제 10 기,2017.12.31 현재,"57,462,579,829",제 9 기,2016.12.31 현재,"30,708,084,363",8,KRW,2018
20190401003783,11011,2018,00767460,178920,OFS,재무제표,BS,재무상태표,비유동부채,제 11 기,2018.12.31 현재,"54,886,949,849",제 10 기,2017.12.31 현재,"35,473,176,531",제 9 기,2016.12.31 현재,"48,280,763,292",10,KRW,2018
20190401003783,11011,2018,00767460,178920,OFS,재무제표,BS,재무상태표,부채총계,제 11 기,2018.12.31 현재,"113,651,066,761",제 10 기,2017.12.31 현재,"92,935,756,360",제 9 기,2016.12.31 현재,"78,988,847,655",12,KRW,2018
20190401003783,11011,2018,00767460,178920,OFS,재무제표,BS,재무상태표,자본금,제 11 기,2018.12.31 현재,"14,683,161,000",제 10 기,2017.12.31 현재,"14,683,161,000",제 9 기,2016.12.31 현재,"14,683,161,000",15,KRW,2018
20190401003783,11011,2018,00767460,178920,OFS,재무제표,BS,재무상태표,이익잉여금,제 11 기,2018.12.31 현재,"134,622,335,568",제 10 기,2017.12.31 현재,"124,127,745,525",제 9 기,2016.12.31 현재,"104,459,199,738",19,KRW,2018
20190401003783,11011,2018,00767460,178920,OFS,재무제표,BS,재무상태표,자본총계,제 11 기,2018.12.31 현재,"258,714,318,301",제 10 기,2017.12.31 현재,"248,219,728,258",제 9 기,2016.12.31 현재,"228,551,182,471",22,KRW,2018
20190401003783,11011,2018,00767460,178920,OFS,재무제표,IS,손익계산서,매출액,제 11 기,2018.01.01 ~ 2018.12.31,"245,472,562,183",제 10 기,2017.01.01 ~ 2017.12.31,"216,379,448,924",제 9 기,2016.01.01 ~ 2016.12.31,"153,056,952,120",24,KRW,2018
20190401003783,11011,2018,00767460,178920,OFS,재무제표,IS,손익계산서,영업이익,제 11 기,2018.01.01 ~ 2018.12.31,"60,533,437,916",제 10 기,2017.01.01 ~ 2017.12.31,"53,000,259,237",제 9 기,2016.01.01 ~ 2016.12.31,"32,331,967,096",26,KRW,2018
20190401003783,11011,2018,00767460,178920,OFS,재무제표,IS,손익계산서,법인세차감전 순이익,제 11 기,2018.01.01 ~ 2018.12.31,"43,892,431,486",제 10 기,2017.01.01 ~ 2017.12.31,"42,388,012,331",제 9 기,2016.01.01 ~ 2016.12.31,"27,569,576,674",28,KRW,2018
20190401003783,11011,2018,00767460,178920,OFS,재무제표,IS,손익계산서,당기순이익(손실),제 11 기,2018.01.01 ~ 2018.12.31,"34,984,082,147",제 10 기,2017.01.01 ~ 2017.12.31,"32,781,682,210",제 9 기,2016.01.01 ~ 2016.12.31,"20,977,771,637",30,KRW,2018
20190401003783,11011,2018,00767460,178920,OFS,재무제표,IS,손익계산서,당기순이익(손실),제 11 기,2018.01.01 ~ 2018.12.31,"34,984,082,147",제 10 기,2017.01.01 ~ 2017.12.31,"32,781,682,210",제 9 기,2016.01.01 ~ 2016.12.31,"20,977,771,637",62,KRW,2018
20200330003343,11011,2019,00767460,178920,OFS,재무제표,BS,재무상태표,유동자산,제 12 기,2019.12.31 현재,"108,516,278,806",제 11 기,2018.12.31 현재,"105,904,436,881",제 10 기,2017.12.31 현재,"130,172,212,119",2,KRW,2019
20200330003343,11011,2019,00767460,178920,OFS,재무제표,BS,재무상태표,비유동자산,제 12 기,2019.12.31 현재,"284,448,803,301",제 11 기,2018.12.31 현재,"266,460,948,181",제 10 기,2017.12.31 현재,"210,983,272,499",4,KRW,2019
20200330003343,11011,2019,00767460,178920,OFS,재무제표,BS,재무상태표,자산총계,제 12 기,2019.12.31 현재,"392,965,082,107",제 11 기,2018.12.31 현재,"372,365,385,062",제 10 기,2017.12.31 현재,"341,155,484,618",6,KRW,2019
20200330003343,11011,2019,00767460,178920,OFS,재무제표,BS,재무상태표,유동부채,제 12 기,2019.12.31 현재,"93,696,377,718",제 11 기,2018.12.31 현재,"58,764,116,912",제 10 기,2017.12.31 현재,"57,462,579,829",8,KRW,2019
20200330003343,11011,2019,00767460,178920,OFS,재무제표,BS,재무상태표,비유동부채,제 12 기,2019.12.31 현재,"47,982,841,064",제 11 기,2018.12.31 현재,"54,886,949,849",제 10 기,2017.12.31 현재,"35,473,176,531",10,KRW,2019
20200330003343,11011,2019,00767460,178920,OFS,재무제표,BS,재무상태표,부채총계,제 12 기,2019.12.31 현재,"141,679,218,782",제 11 기,2018.12.31 현재,"113,651,066,761",제 10 기,2017.12.31 현재,"92,935,756,360",12,KRW,2019
20200330003343,11011,2019,00767460,178920,OFS,재무제표,BS,재무상태표,자본금,제 12 기,2019.12.31 현재,"14,683,161,000",제 11 기,2018.12.31 현재,"14,683,161,000",제 10 기,2017.12.31 현재,"14,683,161,000",15,KRW,2019
20200330003343,11011,2019,00767460,178920,OFS,재무제표,BS,재무상태표,이익잉여금,제 12 기,2019.12.31 현재,"127,193,880,592",제 11 기,2018.12.31 현재,"134,622,335,568",제 10 기,2017.12.31 현재,"124,127,745,525",19,KRW,2019
20200330003343,11011,2019,00767460,178920,OFS,재무제표,BS,재무상태표,자본총계,제 12 기,2019.12.31 현재,"251,285,863,325",제 11 기,2018.12.31 현재,"258,714,318,301",제 10 기,2017.12.31 현재,"248,219,728,258",22,KRW,2019
20200330003343,11011,2019,00767460,178920,OFS,재무제표,IS,손익계산서,매출액,제 12 기,2019.01.01 ~ 2019.12.31,"223,682,314,032",제 11 기,2018.01.01 ~ 2018.12.31,"245,472,562,183",제 10 기,2017.01.01 ~ 2017.12.31,"216,379,448,924",24,KRW,2019
20200330003343,11011,2019,00767460,178920,OFS,재무제표,IS,손익계산서,영업이익,제 12 기,2019.01.01 ~ 2019.12.31,"33,602,431,093",제 11 기,2018.01.01 ~ 2018.12.31,"60,533,437,916",제 10 기,2017.01.01 ~ 2017.12.31,"53,000,259,237",26,KRW,2019
20200330003343,11011,2019,00767460,178920,OFS,재무제표,IS,손익계산서,법인세차감전 순이익,제 12 기,2019.01.01 ~ 2019.12.31,"21,163,977,812",제 11 기,2018.01.01 ~ 2018.12.31,"43,892,431,486",제 10 기,2017.01.01 ~ 2017.12.31,"42,388,012,331",28,KRW,2019
20200330003343,11011,2019,00767460,178920,OFS,재무제표,IS,손익계산서,당기순이익(손실),제 12 기,2019.01.01 ~ 2019.12.31,"17,717,932,882",제 11 기,2018.01.01 ~ 2018.12.31,"34,984,082,147",제 10 기,2017.01.01 ~ 2017.12.31,"32,781,682,210",30,KRW,2019
20200330003343,11011,2019,00767460,178920,OFS,재무제표,IS,손익계산서,당기순이익(손실),제 12 기,2019.01.01 ~ 2019.12.31,"17,717,932,882",제 11 기,2018.01.01 ~ 2018.12.31,"34,984,082,147",제 10 기,2017.01.01 ~ 2017.12.31,"32,781,682,210",62,KRW,2019
20210311000048,11011,2020,00767460,178920,OFS,재무제표,BS,재무상태표,유동자산,제 13 기,2020.12.31 현재,"144,032,299,089",제 12 기,2019.12.31 현재,"108,516,278,806",제 11 기,2018.12.31 현재,"105,904,436,881",2,KRW,2020
20210311000048,11011,2020,00767460,178920,OFS,재무제표,BS,재무상태표,비유동자산,제 13 기,2020.12.31 현재,"259,999,159,803",제 12 기,2019.12.31 현재,"284,448,803,301",제 11 기,2018.12.31 현재,"266,460,948,181",4,KRW,2020
20210311000048,11011,2020,00767460,178920,OFS,재무제표,BS,재무상태표,자산총계,제 13 기,2020.12.31 현재,"404,031,458,892",제 12 기,2019.12.31 현재,"392,965,082,107",제 11 기,2018.12.31 현재,"372,365,385,062",6,KRW,2020
20210311000048,11011,2020,00767460,178920,OFS,재무제표,BS,재무상태표,유동부채,제 13 기,2020.12.31 현재,"80,855,078,799",제 12 기,2019.12.31 현재,"93,696,377,718",제 11 기,2018.12.31 현재,"58,764,116,912",8,KRW,2020
20210311000048,11011,2020,00767460,178920,OFS,재무제표,BS,재무상태표,비유동부채,제 13 기,2020.12.31 현재,"40,289,690,736",제 12 기,2019.12.31 현재,"47,982,841,064",제 11 기,2018.12.31 현재,"54,886,949,849",10,KRW,2020
20210311000048,11011,2020,00767460,178920,OFS,재무제표,BS,재무상태표,부채총계,제 13 기,2020.12.31 현재,"121,144,769,535",제 12 기,2019.12.31 현재,"141,679,218,782",제 11 기,2018.12.31 현재,"113,651,066,761",12,KRW,2020
20210311000048,11011,2020,00767460,178920,OFS,재무제표,BS,재무상태표,자본금,제 13 기,2020.12.31 현재,"14,683,161,000",제 12 기,2019.12.31 현재,"14,683,161,000",제 11 기,2018.12.31 현재,"14,683,161,000",15,KRW,2020
20210311000048,11011,2020,00767460,178920,OFS,재무제표,BS,재무상태표,이익잉여금,제 13 기,2020.12.31 현재,"158,794,706,624",제 12 기,2019.12.31 현재,"127,193,880,592",제 11 기,2018.12.31 현재,"134,622,335,568",19,KRW,2020
20210311000048,11011,2020,00767460,178920,OFS,재무제표,BS,재무상태표,자본총계,제 13 기,2020.12.31 현재,"282,886,689,357",제 12 기,2019.12.31 현재,"251,285,863,325",제 11 기,2018.12.31 현재,"258,714,318,301",22,KRW,2020
20210311000048,11011,2020,00767460,178920,OFS,재무제표,IS,손익계산서,매출액,제 13 기,2020.01.01 ~ 2020.12.31,"261,788,779,258",제 12 기,2019.01.01 ~ 2019.12.31,"223,682,314,032",제 11 기,2018.01.01 ~ 2018.12.31,"245,472,562,183",24,KRW,2020
20210311000048,11011,2020,00767460,178920,OFS,재무제표,IS,손익계산서,영업이익,제 13 기,2020.01.01 ~ 2020.12.31,"60,009,434,293",제 12 기,2019.01.01 ~ 2019.12.31,"33,602,431,093",제 11 기,2018.01.01 ~ 2018.12.31,"60,533,437,916",26,KRW,2020
20210311000048,11011,2020,00767460,178920,OFS,재무제표,IS,손익계산서,법인세차감전 순이익,제 13 기,2020.01.01 ~ 2020.12.31,"52,741,434,344",제 12 기,2019.01.01 ~ 2019.12.31,"21,163,977,812",제 11 기,2018.01.01 ~ 2018.12.31,"43,892,431,486",28,KRW,2020
20210311000048,11011,2020,00767460,178920,OFS,재무제표,IS,손익계산서,당기순이익(손실),제 13 기,2020.01.01 ~ 2020.12.31,"41,723,872,018",제 12 기,2019.01.01 ~ 2019.12.31,"17,717,932,882",제 11 기,2018.01.01 ~ 2018.12.31,"34,984,082,147",30,KRW,2020
20210311000048,11011,2020,00767460,178920,OFS,재무제표,IS,손익계산서,당기순이익(손실),제 13 기,2020.01.01 ~ 2020.12.31,"41,723,872,018",제 12 기,2019.01.01 ~ 2019.12.31,"17,717,932,882",제 11 기,2018.01.01 ~ 2018.12.31,"34,984,082,147",62,KRW,2020
20220316000360,11011,2021,00767460,178920,OFS,재무제표,BS,재무상태표,유동자산,제 14 기,2021.12.31 현재,"196,376,308,245",제 13 기,2020.12.31 현재,"144,032,299,089",제 12 기,2019.12.31 현재,"108,516,278,806",2,KRW,2021
20220316000360,11011,2021,00767460,178920,OFS,재무제표,BS,재무상태표,비유동자산,제 14 기,2021.12.31 현재,"276,583,313,513",제 13 기,2020.12.31 현재,"259,999,159,803",제 12 기,2019.12.31 현재,"284,448,803,301",4,KRW,2021
20220316000360,11011,2021,00767460,178920,OFS,재무제표,BS,재무상태표,자산총계,제 14 기,2021.12.31 현재,"472,959,621,758",제 13 기,2020.12.31 현재,"404,031,458,892",제 12 기,2019.12.31 현재,"392,965,082,107",6,KRW,2021
20220316000360,11011,2021,00767460,178920,OFS,재무제표,BS,재무상태표,유동부채,제 14 기,2021.12.31 현재,"108,648,085,476",제 13 기,2020.12.31 현재,"80,855,078,799",제 12 기,2019.12.31 현재,"93,696,377,718",8,KRW,2021
20220316000360,11011,2021,00767460,178920,OFS,재무제표,BS,재무상태표,비유동부채,제 14 기,2021.12.31 현재,"38,422,600,332",제 13 기,2020.12.31 현재,"40,289,690,736",제 12 기,2019.12.31 현재,"47,982,841,064",10,KRW,2021
20220316000360,11011,2021,00767460,178920,OFS,재무제표,BS,재무상태표,부채총계,제 14 기,2021.12.31 현재,"147,070,685,808",제 13 기,2020.12.31 현재,"121,144,769,535",제 12 기,2019.12.31 현재,"141,679,218,782",12,KRW,2021
20220316000360,11011,2021,00767460,178920,OFS,재무제표,BS,재무상태표,자본금,제 14 기,2021.12.31 현재,"14,683,161,000",제 13 기,2020.12.31 현재,"14,683,161,000",제 12 기,2019.12.31 현재,"14,683,161,000",15,KRW,2021
20220316000360,11011,2021,00767460,178920,OFS,재무제표,BS,재무상태표,이익잉여금,제 14 기,2021.12.31 현재,"201,796,953,217",제 13 기,2020.12.31 현재,"158,794,706,624",제 12 기,2019.12.31 현재,"127,193,880,592",19,KRW,2021
20220316000360,11011,2021,00767460,178920,OFS,재무제표,BS,재무상태표,자본총계,제 14 기,2021.12.31 현재,"325,888,935,950",제 13 기,2020.12.31 현재,"282,886,689,357",제 12 기,2019.12.31 현재,"251,285,863,325",22,KRW,2021
20220316000360,11011,2021,00767460,178920,OFS,재무제표,IS,손익계산서,매출액,제 14 기,2021.01.01 ~ 2021.12.31,"301,868,719,484",제 13 기,2020.01.01 ~ 2020.12.31,"261,788,779,258",제 12 기,2019.01.01 ~ 2019.12.31,"223,682,314,032",24,KRW,2021
20220316000360,11011,2021,00767460,178920,OFS,재무제표,IS,손익계산서,영업이익,제 14 기,2021.01.01 ~ 2021.12.31,"75,857,968,702",제 13 기,2020.01.01 ~ 2020.12.31,"60,009,434,293",제 12 기,2019.01.01 ~ 2019.12.31,"33,602,431,093",26,KRW,2021
20220316000360,11011,2021,00767460,178920,OFS,재무제표,IS,손익계산서,법인세차감전 순이익,제 14 기,2021.01.01 ~ 2021.12.31,"83,314,150,615",제 13 기,2020.01.01 ~ 2020.12.31,"52,741,434,344",제 12 기,2019.01.01 ~ 2019.12.31,"21,163,977,812",28,KRW,2021
20220316000360,11011,2021,00767460,178920,OFS,재무제표,IS,손익계산서,당기순이익(손실),제 14 기,2021.01.01 ~ 2021.12.31,"64,000,019,268",제 13 기,2020.01.01 ~ 2020.12.31,"41,723,872,018",제 12 기,2019.01.01 ~ 2019.12.31,"17,717,932,882",30,KRW,2021
20220316000360,11011,2021,00767460,178920,OFS,재무제표,IS,손익계산서,당기순이익(손실),제 14 기,2021.01.01 ~ 2021.12.31,"64,000,019,268",제 13 기,2020.01.01 ~ 2020.12.31,"41,723,872,018",제 12 기,2019.01.01 ~ 2019.12.31,"17,717,932,882",62,KRW,2021
20230315000084,11011,2022,00767460,178920,OFS,재무제표,BS,재무상태표,유동자산,제 15 기,2022.12.31 현재,"131,677,920,752",제 14 기,2021.12.31 현재,"196,376,308,245",제 13 기,2020.12.31 현재,"144,032,299,089",2,KRW,2022
20230315000084,11011,2022,00767460,178920,OFS,재무제표,BS,재무상태표,비유동자산,제 15 기,2022.12.31 현재,"367,318,694,965",제 14 기,2021.12.31 현재,"276,583,313,513",제 13 기,2020.12.31 현재,"259,999,159,803",4,KRW,2022
20230315000084,11011,2022,00767460,178920,OFS,재무제표,BS,재무상태표,자산총계,제 15 기,2022.12.31 현재,"498,996,615,717",제 14 기,2021.12.31 현재,"472,959,621,758",제 13 기,2020.12.31 현재,"404,031,458,892",6,KRW,2022
20230315000084,11011,2022,00767460,178920,OFS,재무제표,BS,재무상태표,유동부채,제 15 기,2022.12.31 현재,"64,535,885,197",제 14 기,2021.12.31 현재,"108,648,085,476",제 13 기,2020.12.31 현재,"80,855,078,799",8,KRW,2022
20230315000084,11011,2022,00767460,178920,OFS,재무제표,BS,재무상태표,비유동부채,제 15 기,2022.12.31 현재,"93,007,514,001",제 14 기,2021.12.31 현재,"38,422,600,332",제 13 기,2020.12.31 현재,"40,289,690,736",10,KRW,2022
20230315000084,11011,2022,00767460,178920,OFS,재무제표,BS,재무상태표,부채총계,제 15 기,2022.12.31 현재,"157,543,399,198",제 14 기,2021.12.31 현재,"147,070,685,808",제 13 기,2020.12.31 현재,"121,144,769,535",12,KRW,2022
20230315000084,11011,2022,00767460,178920,OFS,재무제표,BS,재무상태표,자본금,제 15 기,2022.12.31 현재,"14,683,161,000",제 14 기,2021.12.31 현재,"14,683,161,000",제 13 기,2020.12.31 현재,"14,683,161,000",15,KRW,2022
20230315000084,11011,2022,00767460,178920,OFS,재무제표,BS,재무상태표,이익잉여금,제 15 기,2022.12.31 현재,"217,361,233,786",제 14 기,2021.12.31 현재,"201,796,953,217",제 13 기,2020.12.31 현재,"158,794,706,624",19,KRW,2022
20230315000084,11011,2022,00767460,178920,OFS,재무제표,BS,재무상태표,자본총계,제 15 기,2022.12.31 현재,"341,453,216,519",제 14 기,2021.12.31 현재,"325,888,935,950",제 13 기,2020.12.31 현재,"282,886,689,357",22,KRW,2022
20230315000084,11011,2022,00767460,178920,OFS,재무제표,IS,손익계산서,매출액,제 15 기,2022.01.01 ~ 2022.12.31,"276,440,430,491",제 14 기,2021.01.01 ~ 2021.12.31,"301,868,719,484",제 13 기,2020.01.01 ~ 2020.12.31,"261,788,779,258",24,KRW,2022
20230315000084,11011,2022,00767460,178920,OFS,재무제표,IS,손익계산서,영업이익,제 15 기,2022.01.01 ~ 2022.12.31,"52,135,089,760",제 14 기,2021.01.01 ~ 2021.12.31,"75,857,968,702",제 13 기,2020.01.01 ~ 2020.12.31,"60,009,434,293",26,KRW,2022
20230315000084,11011,2022,00767460,178920,OFS,재무제표,IS,손익계산서,법인세차감전 순이익,제 15 기,2022.01.01 ~ 2022.12.31,"53,978,399,180",제 14 기,2021.01.01 ~ 2021.12.31,"83,314,150,615",제 13 기,2020.01.01 ~ 2020.12.31,"52,741,434,344",28,KRW,2022
20230315000084,11011,2022,00767460,178920,OFS,재무제표,IS,손익계산서,당기순이익(손실),제 15 기,2022.01.01 ~ 2022.12.31,"45,710,485,555",제 14 기,2021.01.01 ~ 2021.12.31,"64,000,019,268",제 13 기,2020.01.01 ~ 2020.12.31,"41,723,872,018",30,KRW,2022
20230315000084,11011,2022,00767460,178920,OFS,재무제표,IS,손익계산서,당기순이익(손실),제 15 기,2022.01.01 ~ 2022.12.31,"45,710,485,555",제 14 기,2021.01.01 ~ 2021.12.31,"64,000,019,268",제 13 기,2020.01.01 ~ 2020.12.31,"41,723,872,018",62,KRW,2022
20240312000215,11011,2023,00767460,178920,OFS,재무제표,BS,재무상태표,유동자산,제 16 기,2023.12.31 현재,"128,135,489,297",제 15 기,2022.12.31 현재,"131,677,920,752",제 14 기,2021.12.31 현재,"196,376,308,245",2,KRW,2023
20240312000215,11011,2023,00767460,178920,OFS,재무제표,BS,재무상태표,비유동자산,제 16 기,2023.12.31 현재,"389,810,420,606",제 15 기,2022.12.31 현재,"367,318,694,965",제 14 기,2021.12.31 현재,"276,583,313,513",4,KRW,2023
20240312000215,11011,2023,00767460,178920,OFS,재무제표,BS,재무상태표,자산총계,제 16 기,2023.12.31 현재,"517,945,909,903",제 15 기,2022.12.31 현재,"498,996,615,717",제 14 기,2021.12.31 현재,"472,959,621,758",6,KRW,2023
20240312000215,11011,2023,00767460,178920,OFS,재무제표,BS,재무상태표,유동부채,제 16 기,2023.12.31 현재,"87,959,406,916",제 15 기,2022.12.31 현재,"64,535,885,197",제 14 기,2021.12.31 현재,"108,648,085,476",8,KRW,2023
20240312000215,11011,2023,00767460,178920,OFS,재무제표,BS,재무상태표,비유동부채,제 16 기,2023.12.31 현재,"115,067,568,100",제 15 기,2022.12.31 현재,"93,007,514,001",제 14 기,2021.12.31 현재,"38,422,600,332",10,KRW,2023
20240312000215,11011,2023,00767460,178920,OFS,재무제표,BS,재무상태표,부채총계,제 16 기,2023.12.31 현재,"203,026,975,016",제 15 기,2022.12.31 현재,"157,543,399,198",제 14 기,2021.12.31 현재,"147,070,685,808",12,KRW,2023
20240312000215,11011,2023,00767460,178920,OFS,재무제표,BS,재무상태표,자본금,제 16 기,2023.12.31 현재,"14,683,161,000",제 15 기,2022.12.31 현재,"14,683,161,000",제 14 기,2021.12.31 현재,"14,683,161,000",15,KRW,2023
20240312000215,11011,2023,00767460,178920,OFS,재무제표,BS,재무상태표,이익잉여금,제 16 기,2023.12.31 현재,"190,826,952,154",제 15 기,2022.12.31 현재,"217,361,233,786",제 14 기,2021.12.31 현재,"201,796,953,217",19,KRW,2023
20240312000215,11011,2023,00767460,178920,OFS,재무제표,BS,재무상태표,자본총계,제 16 기,2023.12.31 현재,"314,918,934,887",제 15 기,2022.12.31 현재,"341,453,216,519",제 14 기,2021.12.31 현재,"325,888,935,950",22,KRW,2023
20240312000215,11011,2023,00767460,178920,OFS,재무제표,IS,손익계산서,매출액,제 16 기,2023.01.01 ~ 2023.12.31,"217,639,383,722",제 15 기,2022.01.01 ~ 2022.12.31,"276,440,430,491",제 14 기,2021.01.01 ~ 2021.12.31,"301,868,719,484",24,KRW,2023
20240312000215,11011,2023,00767460,178920,OFS,재무제표,IS,손익계산서,영업이익,제 16 기,2023.01.01 ~ 2023.12.31,"-3,937,893,712",제 15 기,2022.01.01 ~ 2022.12.31,"52,135,089,760",제 14 기,2021.01.01 ~ 2021.12.31,"75,857,968,702",26,KRW,2023
20240312000215,11011,2023,00767460,178920,OFS,재무제표,IS,손익계산서,법인세차감전 순이익,제 16 기,2023.01.01 ~ 2023.12.31,"-6,647,437,725",제 15 기,2022.01.01 ~ 2022.12.31,"53,978,399,180",제 14 기,2021.01.01 ~ 2021.12.31,"83,314,150,615",28,KRW,2023
20240312000215,11011,2023,00767460,178920,OFS,재무제표,IS,손익계산서,당기순이익(손실),제 16 기,2023.01.01 ~ 2023.12.31,"-1,795,675,819",제 15 기,2022.01.01 ~ 2022.12.31,"45,710,485,555",제 14 기,2021.01.01 ~ 2021.12.31,"64,000,019,268",30,KRW,2023
20240312000215,11011,2023,00767460,178920,OFS,재무제표,IS,손익계산서,당기순이익(손실),제 16 기,2023.01.01 ~ 2023.12.31,"-1,795,675,819",제 15 기,2022.01.01 ~ 2022.12.31,"45,710,485,555",제 14 기,2021.01.01 ~ 2021.12.31,"64,000,019,268",62,KRW,2023
20240312000215,11011,2023,00767460,178920,OFS,재무제표,IS,손익계산서,총포괄손익,제 16 기,2023.01.01 ~ 2023.12.31,"-3,657,916,794",제 15 기,2022.01.01 ~ 2022.12.31,"47,573,571,549",제 14 기,2021.01.01 ~ 2021.12.31,"63,881,701,535",64,KRW,2023
20250313000132,11011,2024,00767460,178920,OFS,재무제표,BS,재무상태표,유동자산,제 17 기,2024.12.31 현재,"159,840,207,923",제 16 기,2023.12.31 현재,"128,135,489,297",제 15 기,2022.12.31 현재,"131,677,920,752",2,KRW,2024
20250313000132,11011,2024,00767460,178920,OFS,재무제표,BS,재무상태표,비유동자산,제 17 기,2024.12.31 현재,"367,686,178,312",제 16 기,2023.12.31 현재,"389,810,420,606",제 15 기,2022.12.31 현재,"367,318,694,965",4,KRW,2024
20250313000132,11011,2024,00767460,178920,OFS,재무제표,BS,재무상태표,자산총계,제 17 기,2024.12.31 현재,"527,526,386,235",제 16 기,2023.12.31 현재,"517,945,909,903",제 15 기,2022.12.31 현재,"498,996,615,717",6,KRW,2024
20250313000132,11011,2024,00767460,178920,OFS,재무제표,BS,재무상태표,유동부채,제 17 기,2024.12.31 현재,"74,935,918,620",제 16 기,2023.12.31 현재,"87,959,406,916",제 15 기,2022.12.31 현재,"64,535,885,197",8,KRW,2024
20250313000132,11011,2024,00767460,178920,OFS,재무제표,BS,재무상태표,비유동부채,제 17 기,2024.12.31 현재,"114,680,923,695",제 16 기,2023.12.31 현재,"115,067,568,100",제 15 기,2022.12.31 현재,"93,007,514,001",10,KRW,2024
20250313000132,11011,2024,00767460,178920,OFS,재무제표,BS,재무상태표,부채총계,제 17 기,2024.12.31 현재,"189,616,842,315",제 16 기,2023.12.31 현재,"203,026,975,016",제 15 기,2022.12.31 현재,"157,543,399,198",12,KRW,2024
20250313000132,11011,2024,00767460,178920,OFS,재무제표,BS,재무상태표,자본금,제 17 기,2024.12.31 현재,"14,683,161,000",제 16 기,2023.12.31 현재,"14,683,161,000",제 15 기,2022.12.31 현재,"14,683,161,000",15,KRW,2024
20250313000132,11011,2024,00767460,178920,OFS,재무제표,BS,재무상태표,이익잉여금,제 17 기,2024.12.31 현재,"213,593,076,591",제 16 기,2023.12.31 현재,"190,826,952,154",제 15 기,2022.12.31 현재,"217,361,233,786",19,KRW,2024
20250313000132,11011,2024,00767460,178920,OFS,재무제표,BS,재무상태표,자본총계,제 17 기,2024.12.31 현재,"337,909,543,920",제 16 기,2023.12.31 현재,"314,918,934,887",제 15 기,2022.12.31 현재,"341,453,216,519",22,KRW,2024
20250313000132,11011,2024,00767460,178920,OFS,재무제표,IS,손익계산서,매출액,제 17 기,2024.01.01 ~ 2024.12.31,"251,295,439,548",제 16 기,2023.01.01 ~ 2023.12.31,"217,639,383,722",제 15 기,2022.01.01 ~ 2022.12.31,"276,440,430,491",24,KRW,2024
20250313000132,11011,2024,00767460,178920,OFS,재무제표,IS,손익계산서,영업이익,제 17 기,2024.01.01 ~ 2024.12.31,"34,931,839,001",제 16 기,2023.01.01 ~ 2023.12.31,"-3,937,893,712",제 15 기,2022.01.01 ~ 2022.12.31,"52,135,089,760",26,KRW,2024
20250313000132,11011,2024,00767460,178920,OFS,재무제표,IS,손익계산서,법인세차감전 순이익,제 17 기,2024.01.01 ~ 2024.12.31,"30,124,841,374",제 16 기,2023.01.01 ~ 2023.12.31,"-6,647,437,725",제 15 기,2022.01.01 ~ 2022.12.31,"53,978,399,180",28,KRW,2024
20250313000132,11011,2024,00767460,178920,OFS,재무제표,IS,손익계산서,당기순이익(손실),제 17 기,2024.01.01 ~ 2024.12.31,"23,377,040,126",제 16 기,2023.01.01 ~ 2023.12.31,"-1,795,675,819",제 15 기,2022.01.01 ~ 2022.12.31,"45,710,485,555",30,KRW,2024
20250313000132,11011,2024,00767460,178920,OFS,재무제표,IS,손익계산서,당기순이익(손실),제 17 기,2024.01.01 ~ 2024.12.31,"23,377,040,126",제 16 기,2023.01.01 ~ 2023.12.31,"-1,795,675,819",제 15 기,2022.01.01 ~ 2022.12.31,"45,710,485,555",62,KRW,2024
20250313000132,11011,2024,00767460,178920,OFS,재무제표,IS,손익계산서,총포괄손익,제 17 기,2024.01.01 ~ 2024.12.31,"22,766,124,437",제 16 기,2023.01.01 ~ 2023.12.31,"-3,657,916,794",제 15 기,2022.01.01 ~ 2022.12.31,"47,573,571,549",64,KRW,2024
20250822000031,11011,2021,00854997,137310,CFS,연결재무제표,BS,재무상태표,유동자산,제 12 기,2021.12.31 현재,"2,577,980,351,517",제 11 기,2020.12.31 현재,"1,289,261,027,119",제 10 기,2019.12.31 현재,"107,574,929,398",1,KRW,2021
20250822000031,11011,2021,00854997,137310,CFS,연결재무제표,BS,재무상태표,비유동자산,제 12 기,2021.12.31 현재,"427,145,040,949",제 11 기,2020.12.31 현재,"172,389,881,533",제 10 기,2019.12.31 현재,"62,143,597,108",3,KRW,2021
20250822000031,11011,2021,00854997,137310,CFS,연결재무제표,BS,재무상태표,자산총계,제 12 기,2021.12.31 현재,"3,005,125,392,466",제 11 기,2020.12.31 현재,"1,461,650,908,652",제 10 기,2019.12.31 현재,"169,718,526,506",5,KRW,2021
20250822000031,11011,2021,00854997,137310,CFS,연결재무제표,BS,재무상태표,유동부채,제 12 기,2021.12.31 현재,"779,869,185,191",제 11 기,2020.12.31 현재,"689,402,379,849",제 10 기,2019.12.31 현재,"28,906,512,909",7,KRW,2021
20250822000031,11011,2021,00854997,137310,CFS,연결재무제표,BS,재무상태표,비유동부채,제 12 기,2021.12.31 현재,"21,854,969,901",제 11 기,2020.12.31 현재,"14,697,560,868",제 10 기,2019.12.31 현재,"2,898,018,658",9,KRW,2021
20250822000031,11011,2021,00854997,137310,CFS,연결재무제표,BS,재무상태표,부채총계,제 12 기,2021.12.31 현재,"801,724,155,092",제 11 기,2020.12.31 현재,"704,099,940,717",제 10 기,2019.12.31 현재,"31,804,531,567",11,KRW,2021
20250822000031,11011,2021,00854997,137310,CFS,연결재무제표,BS,재무상태표,자본금,제 12 기,2021.12.31 현재,"51,636,087,500",제 11 기,2020.12.31 현재,"46,659,287,500",제 10 기,2019.12.31 현재,"5,184,791,500",13,KRW,2021
20250822000031,11011,2021,00854997,137310,CFS,연결재무제표,BS,재무상태표,이익잉여금,제 12 기,2021.12.31 현재,"1,639,894,557,152",제 11 기,2020.12.31 현재,"625,083,312,282",제 10 기,2019.12.31 현재,"9,461,972,769",17,KRW,2021
20250822000031,11011,2021,00854997,137310,CFS,연결재무제표,BS,재무상태표,자본총계,제 12 기,2021.12.31 현재,"2,203,401,237,374",제 11 기,2020.12.31 현재,"757,550,967,935",제 10 기,2019.12.31 현재,"137,913,994,939",21,KRW,2021
20250822000031,11011,2021,00854997,137310,CFS,연결재무제표,IS,손익계산서,매출액,제 12 기,2021.01.01 ~ 2021.12.31,"2,929,960,839,878",제 11 기,2020.01.01 ~ 2020.12.31,"1,686,163,033,272",제 10 기,2019.01.01 ~ 2019.12.31,"72,962,237,997",23,KRW,2021
20250822000031,11011,2021,00854997,137310,CFS,연결재무제표,IS,손익계산서,영업이익,제 12 기,2021.01.01 ~ 2021.12.31,"1,364,040,578,912",제 11 기,2020.01.01 ~ 2020.12.31,"738,264,499,308",제 10 기,2019.01.01 ~ 2019.12.31,"1,519,702,835",25,KRW,2021
20250822000031,11011,2021,00854997,137310,CFS,연결재무제표,IS,손익계산서,법인세차감전 순이익,제 12 기,2021.01.01 ~ 2021.12.31,"1,440,817,095,280",제 11 기,2020.01.01 ~ 2020.12.31,"717,237,146,813",제 10 기,2019.01.01 ~ 2019.12.31,"2,202,456,549",27,KRW,2021
20250822000031,11011,2021,00854997,137310,CFS,연결재무제표,IS,손익계산서,당기순이익(손실),제 12 기,2021.01.01 ~ 2021.12.31,"1,064,432,159,915",제 11 기,2020.01.01 ~ 2020.12.31,"621,613,859,262",제 10 기,2019.01.01 ~ 2019.12.31,"3,131,100,409",29,KRW,2021
20250822000031,11011,2021,00854997,137310,CFS,연결재무제표,IS,손익계산서,당기순이익(손실),제 12 기,2021.01.01 ~ 2021.12.31,"1,064,432,159,915",제 11 기,2020.01.01 ~ 2020.12.31,"621,613,859,262",제 10 기,2019.01.01 ~ 2019.12.31,"3,131,100,409",61,KRW,2021
20250822000031,11011,2021,00854997,137310,CFS,연결재무제표,IS,손익계산서,총포괄손익,제 12 기,2021.01.01 ~ 2021.12.31,"1,069,080,208,244",제 11 기,2020.01.01 ~ 2020.12.31,"617,828,019,207",제 10 기,2019.01.01 ~ 2019.12.31,"3,094,419,962",63,KRW,2021
20250822000031,11011,2021,00854997,137310,OFS,재무제표,BS,재무상태표,유동자산,제 12 기,2021.12.31 현재,"2,486,930,963,478",제 11 기,2020.12.31 현재,"1,203,432,536,938",제 10 기,2019.12.31 현재,"100,626,163,869",2,KRW,2021
20250822000031,11011,2021,00854997,137310,OFS,재무제표,BS,재무상태표,비유동자산,제 12 기,2021.12.31 현재,"427,692,652,042",제 11 기,2020.12.31 현재,"143,963,779,186",제 10 기,2019.12.31 현재,"60,816,372,444",4,KRW,2021
20250822000031,11011,2021,00854997,137310,OFS,재무제표,BS,재무상태표,자산총계,제 12 기,2021.12.31 현재,"2,914,623,615,520",제 11 기,2020.12.31 현재,"1,347,396,316,124",제 10 기,2019.12.31 현재,"161,442,536,313",6,KRW,2021
20250822000031,11011,2021,00854997,137310,OFS,재무제표,BS,재무상태표,유동부채,제 12 기,2021.12.31 현재,"729,039,798,106",제 11 기,2020.12.31 현재,"611,337,018,176",제 10 기,2019.12.31 현재,"26,060,739,964",8,KRW,2021
20250822000031,11011,2021,00854997,137310,OFS,재무제표,BS,재무상태표,비유동부채,제 12 기,2021.12.31 현재,"21,268,236,183",제 11 기,2020.12.31 현재,"14,536,284,399",제 10 기,2019.12.31 현재,"2,685,683,646",10,KRW,2021
20250822000031,11011,2021,00854997,137310,OFS,재무제표,BS,재무상태표,부채총계,제 12 기,2021.12.31 현재,"750,308,034,289",제 11 기,2020.12.31 현재,"625,873,302,575",제 10 기,2019.12.31 현재,"28,746,423,610",12,KRW,2021
20250822000031,11011,2021,00854997,137310,OFS,재무제표,BS,재무상태표,자본금,제 12 기,2021.12.31 현재,"51,636,087,500",제 11 기,2020.12.31 현재,"46,659,287,500",제 10 기,2019.12.31 현재,"5,184,791,500",15,KRW,2021
20250822000031,11011,2021,00854997,137310,OFS,재무제표,BS,재무상태표,이익잉여금,제 12 기,2021.12.31 현재,"1,610,583,140,176",제 11 기,2020.12.31 현재,"594,485,558,249",제 10 기,2019.12.31 현재,"8,764,197,906",19,KRW,2021
20250822000031,11011,2021,00854997,137310,OFS,재무제표,BS,재무상태표,자본총계,제 12 기,2021.12.31 현재,"2,164,315,581,231",제 11 기,2020.12.31 현재,"721,523,013,549",제 10 기,2019.12.31 현재,"132,696,112,703",22,KRW,2021
20250822000031,11011,2021,00854997,137310,OFS,재무제표,IS,손익계산서,매출액,제 12 기,2021.01.01 ~ 2021.12.31,"2,847,242,798,444",제 11 기,2020.01.01 ~ 2020.12.31,"1,477,922,064,725",제 10 기,2019.01.01 ~ 2019.12.31,"72,962,237,997",24,KRW,2021
20250822000031,11011,2021,00854997,137310,OFS,재무제표,IS,손익계산서,영업이익,제 12 기,2021.01.01 ~ 2021.12.31,"1,362,655,330,173",제 11 기,2020.01.01 ~ 2020.12.31,"706,835,481,131",제 10 기,2019.01.01 ~ 2019.12.31,"841,528,147",26,KRW,2021
20250822000031,11011,2021,00854997,137310,OFS,재무제표,IS,손익계산서,법인세차감전 순이익,제 12 기,2021.01.01 ~ 2021.12.31,"1,441,291,141,591",제 11 기,2020.01.01 ~ 2020.12.31,"670,612,246,087",제 10 기,2019.01.01 ~ 2019.12.31,"1,251,410,589",28,KRW,2021
20250822000031,11011,2021,00854997,137310,OFS,재무제표,IS,손익계산서,당기순이익(손실),제 12 기,2021.01.01 ~ 2021.12.31,"1,066,022,506,487",제 11 기,2020.01.01 ~ 2020.12.31,"585,721,360,343",제 10 기,2019.01.01 ~ 2019.12.31,"2,180,054,449",30,KRW,2021
20250822000031,11011,2021,00854997,137310,OFS,재무제표,IS,손익계산서,당기순이익(손실),제 12 기,2021.01.01 ~ 2021.12.31,"1,066,022,506,487",제 11 기,2020.01.01 ~ 2020.12.31,"585,721,360,343",제 10 기,2019.01.01 ~ 2019.12.31,"2,180,054,449",62,KRW,2021
20250822000031,11011,2021,00854997,137310,OFS,재무제표,IS,손익계산서,총포괄손익,제 12 기,2021.01.01 ~ 2021.12.31,"1,066,022,506,487",제 11 기,2020.01.01 ~ 2020.12.31,"585,721,360,343",제 10 기,2019.01.01 ~ 2019.12.31,"2,180,054,449",64,KRW,2021
20250822000225,11011,2022,00854997,137310,CFS,연결재무제표,BS,재무상태표,유동자산,제 13 기,2022.12.31 현재,"2,517,265,593,414",제 12 기,2021.12.31 현재,"2,606,787,909,425",제 11 기,2020.12.31 현재,"1,294,376,027,119",1,KRW,2022
20250822000225,11011,2022,00854997,137310,CFS,연결재무제표,BS,재무상태표,비유동자산,제 13 기,2022.12.31 현재,"744,656,788,651",제 12 기,2021.12.31 현재,"427,145,040,949",제 11 기,2020.12.31 현재,"172,389,881,533",3,KRW,2022
20250822000225,11011,2022,00854997,137310,CFS,연결재무제표,BS,재무상태표,자산총계,제 13 기,2022.12.31 현재,"3,261,922,382,065",제 12 기,2021.12.31 현재,"3,033,932,950,374",제 11 기,2020.12.31 현재,"1,466,765,908,652",5,KRW,2022
20250822000225,11011,2022,00854997,137310,CFS,연결재무제표,BS,재무상태표,유동부채,제 13 기,2022.12.31 현재,"296,979,641,527",제 12 기,2021.12.31 현재,"779,869,185,191",제 11 기,2020.12.31 현재,"689,402,379,849",7,KRW,2022
20250822000225,11011,2022,00854997,137310,CFS,연결재무제표,BS,재무상태표,비유동부채,제 13 기,2022.12.31 현재,"18,161,441,376",제 12 기,2021.12.31 현재,"21,854,969,901",제 11 기,2020.12.31 현재,"14,697,560,868",9,KRW,2022
20250822000225,11011,2022,00854997,137310,CFS,연결재무제표,BS,재무상태표,부채총계,제 13 기,2022.12.31 현재,"315,141,082,903",제 12 기,2021.12.31 현재,"801,724,155,092",제 11 기,2020.12.31 현재,"704,099,940,717",11,KRW,2022
20250822000225,11011,2022,00854997,137310,CFS,연결재무제표,BS,재무상태표,자본금,제 13 기,2022.12.31 현재,"52,192,087,500",제 12 기,2021.12.31 현재,"51,636,087,500",제 11 기,2020.12.31 현재,"46,659,287,500",13,KRW,2022
20250822000225,11011,2022,00854997,137310,CFS,연결재무제표,BS,재무상태표,이익잉여금,제 13 기,2022.12.31 현재,"2,382,818,667,253",제 12 기,2021.12.31 현재,"1,668,702,115,060",제 11 기,2020.12.31 현재,"630,198,312,282",17,KRW,2022
20250822000225,11011,2022,00854997,137310,CFS,연결재무제표,BS,재무상태표,자본총계,제 13 기,2022.12.31 현재,"2,946,781,299,162",제 12 기,2021.12.31 현재,"2,232,208,795,282",제 11 기,2020.12.31 현재,"762,665,967,935",21,KRW,2022
20250822000225,11011,2022,00854997,137310,CFS,연결재무제표,IS,손익계산서,매출액,제 13 기,2022.01.01 ~ 2022.12.31,"2,932,001,440,304",제 12 기,2021.01.01 ~ 2021.12.31,"2,929,960,839,878",제 11 기,2020.01.01 ~ 2020.12.31,"1,686,163,033,272",23,KRW,2022
20250822000225,11011,2022,00854997,137310,CFS,연결재무제표,IS,손익계산서,영업이익,제 13 기,2022.01.01 ~ 2022.12.31,"1,146,624,395,447",제 12 기,2021.01.01 ~ 2021.12.31,"1,387,732,869,277",제 11 기,2020.01.01 ~ 2020.12.31,"742,881,499,308",25,KRW,2022
20250822000225,11011,2022,00854997,137310,CFS,연결재무제표,IS,손익계산서,법인세차감전 순이익,제 13 기,2022.01.01 ~ 2022.12.31,"1,242,088,469,553",제 12 기,2021.01.01 ~ 2021.12.31,"1,464,509,385,645",제 11 기,2020.01.01 ~ 2020.12.31,"721,854,146,813",27,KRW,2022
20250822000225,11011,2022,00854997,137310,CFS,연결재무제표,IS,손익계산서,당기순이익(손실),제 13 기,2022.01.01 ~ 2022.12.31,"908,788,681,400",제 12 기,2021.01.01 ~ 2021.12.31,"1,088,124,450,280",제 11 기,2020.01.01 ~ 2020.12.31,"626,230,859,262",29,KRW,2022
20250822000225,11011,2022,00854997,137310,CFS,연결재무제표,IS,손익계산서,당기순이익(손실),제 13 기,2022.01.01 ~ 2022.12.31,"908,788,681,400",제 12 기,2021.01.01 ~ 2021.12.31,"1,088,124,450,280",제 11 기,2020.01.01 ~ 2020.12.31,"626,230,859,262",61,KRW,2022
20250822000225,11011,2022,00854997,137310,CFS,연결재무제표,IS,손익계산서,총포괄손익,제 13 기,2022.01.01 ~ 2022.12.31,"911,656,040,974",제 12 기,2021.01.01 ~ 2021.12.31,"1,092,772,498,609",제 11 기,2020.01.01 ~ 2020.12.31,"622,445,019,207",63,KRW,2022
20250822000225,11011,2022,00854997,137310,OFS,재무제표,BS,재무상태표,유동자산,제 13 기,2022.12.31 현재,"2,326,618,271,293",제 12 기,2021.12.31 현재,"2,515,738,521,386",제 11 기,2020.12.31 현재,"1,208,547,536,938",2,KRW,2022
20250822000225,11011,2022,00854997,137310,OFS,재무제표,BS,재무상태표,비유동자산,제 13 기,2022.12.31 현재,"858,094,151,961",제 12 기,2021.12.31 현재,"427,692,652,042",제 11 기,2020.12.31 현재,"143,963,779,186",4,KRW,2022
20250822000225,11011,2022,00854997,137310,OFS,재무제표,BS,재무상태표,자산총계,제 13 기,2022.12.31 현재,"3,184,712,423,254",제 12 기,2021.12.31 현재,"2,943,431,173,428",제 11 기,2020.12.31 현재,"1,352,511,316,124",6,KRW,2022
20250822000225,11011,2022,00854997,137310,OFS,재무제표,BS,재무상태표,유동부채,제 13 기,2022.12.31 현재,"251,698,562,928",제 12 기,2021.12.31 현재,"729,039,798,106",제 11 기,2020.12.31 현재,"611,337,018,176",8,KRW,2022
20250822000225,11011,2022,00854997,137310,OFS,재무제표,BS,재무상태표,비유동부채,제 13 기,2022.12.31 현재,"16,865,121,588",제 12 기,2021.12.31 현재,"21,268,236,183",제 11 기,2020.12.31 현재,"14,536,284,399",10,KRW,2022
20250822000225,11011,2022,00854997,137310,OFS,재무제표,BS,재무상태표,부채총계,제 13 기,2022.12.31 현재,"268,563,684,516",제 12 기,2021.12.31 현재,"750,308,034,289",제 11 기,2020.12.31 현재,"625,873,302,575",12,KRW,2022
20250822000225,11011,2022,00854997,137310,OFS,재무제표,BS,재무상태표,자본금,제 13 기,2022.12.31 현재,"52,192,087,500",제 12 기,2021.12.31 현재,"51,636,087,500",제 11 기,2020.12.31 현재,"46,659,287,500",15,KRW,2022
20250822000225,11011,2022,00854997,137310,OFS,재무제표,BS,재무상태표,이익잉여금,제 13 기,2022.12.31 현재,"2,344,474,549,011",제 12 기,2021.12.31 현재,"1,639,390,698,084",제 11 기,2020.12.31 현재,"599,600,558,249",19,KRW,2022
20250822000225,11011,2022,00854997,137310,OFS,재무제표,BS,재무상태표,자본총계,제 13 기,2022.12.31 현재,"2,916,148,738,738",제 12 기,2021.12.31 현재,"2,193,123,139,139",제 11 기,2020.12.31 현재,"726,638,013,549",22,KRW,2022
20250822000225,11011,2022,00854997,137310,OFS,재무제표,IS,손익계산서,매출액,제 13 기,2022.01.01 ~ 2022.12.31,"2,820,638,097,875",제 12 기,2021.01.01 ~ 2021.12.31,"2,847,242,798,444",제 11 기,2020.01.01 ~ 2020.12.31,"1,477,922,064,725",24,KRW,2022
20250822000225,11011,2022,00854997,137310,OFS,재무제표,IS,손익계산서,영업이익,제 13 기,2022.01.01 ~ 2022.12.31,"1,115,338,663,815",제 12 기,2021.01.01 ~ 2021.12.31,"1,386,347,620,538",제 11 기,2020.01.01 ~ 2020.12.31,"711,452,481,131",26,KRW,2022
20250822000225,11011,2022,00854997,137310,OFS,재무제표,IS,손익계산서,법인세차감전 순이익,제 13 기,2022.01.01 ~ 2022.12.31,"1,224,820,701,323",제 12 기,2021.01.01 ~ 2021.12.31,"1,464,983,431,956",제 11 기,2020.01.01 ~ 2020.12.31,"675,229,246,087",28,KRW,2022
20250822000225,11011,2022,00854997,137310,OFS,재무제표,IS,손익계산서,당기순이익(손실),제 13 기,2022.01.01 ~ 2022.12.31,"903,927,973,083",제 12 기,2021.01.01 ~ 2021.12.31,"1,089,714,796,852",제 11 기,2020.01.01 ~ 2020.12.31,"590,338,360,343",30,KRW,2022
20250822000225,11011,2022,00854997,137310,OFS,재무제표,IS,손익계산서,당기순이익(손실),제 13 기,2022.01.01 ~ 2022.12.31,"903,927,973,083",제 12 기,2021.01.01 ~ 2021.12.31,"1,089,714,796,852",제 11 기,2020.01.01 ~ 2020.12.31,"590,338,360,343",62,KRW,2022
20250822000225,11011,2022,00854997,137310,OFS,재무제표,IS,손익계산서,총포괄손익,제 13 기,2022.01.01 ~ 2022.12.31,"903,927,973,083",제 12 기,2021.01.01 ~ 2021.12.31,"1,089,714,796,852",제 11 기,2020.01.01 ~ 2020.12.31,"590,338,360,343",64,KRW,2022
20250822000247,11011,2023,00854997,137310,CFS,연결재무제표,BS,재무상태표,유동자산,제 14 기,2023.12.31 현재,"964,969,847,624",제 13 기,2022.12.31 현재,"2,517,265,593,414",제 12 기,2021.12.31 현재,"2,606,787,909,425",1,KRW,2023
20250822000247,11011,2023,00854997,137310,CFS,연결재무제표,BS,재무상태표,비유동자산,제 14 기,2023.12.31 현재,"2,823,861,202,676",제 13 기,2022.12.31 현재,"744,656,788,651",제 12 기,2021.12.31 현재,"427,145,040,949",3,KRW,2023
20250822000247,11011,2023,00854997,137310,CFS,연결재무제표,BS,재무상태표,자산총계,제 14 기,2023.12.31 현재,"3,788,831,050,300",제 13 기,2022.12.31 현재,"3,261,922,382,065",제 12 기,2021.12.31 현재,"3,033,932,950,374",5,KRW,2023
20250822000247,11011,2023,00854997,137310,CFS,연결재무제표,BS,재무상태표,유동부채,제 14 기,2023.12.31 현재,"320,757,577,789",제 13 기,2022.12.31 현재,"296,979,641,527",제 12 기,2021.12.31 현재,"779,869,185,191",7,KRW,2023
20250822000247,11011,2023,00854997,137310,CFS,연결재무제표,BS,재무상태표,비유동부채,제 14 기,2023.12.31 현재,"636,527,070,241",제 13 기,2022.12.31 현재,"18,161,441,376",제 12 기,2021.12.31 현재,"21,854,969,901",9,KRW,2023
20250822000247,11011,2023,00854997,137310,CFS,연결재무제표,BS,재무상태표,부채총계,제 14 기,2023.12.31 현재,"957,284,648,030",제 13 기,2022.12.31 현재,"315,141,082,903",제 12 기,2021.12.31 현재,"801,724,155,092",11,KRW,2023
20250822000247,11011,2023,00854997,137310,CFS,연결재무제표,BS,재무상태표,자본금,제 14 기,2023.12.31 현재,"62,239,087,500",제 13 기,2022.12.31 현재,"52,192,087,500",제 12 기,2021.12.31 현재,"51,636,087,500",13,KRW,2023
20250822000247,11011,2023,00854997,137310,CFS,연결재무제표,BS,재무상태표,이익잉여금,제 14 기,2023.12.31 현재,"1,885,439,701,227",제 13 기,2022.12.31 현재,"2,382,818,667,253",제 12 기,2021.12.31 현재,"1,668,702,115,060",17,KRW,2023
20250822000247,11011,2023,00854997,137310,CFS,연결재무제표,BS,재무상태표,자본총계,제 14 기,2023.12.31 현재,"2,831,546,402,270",제 13 기,2022.12.31 현재,"2,946,781,299,162",제 12 기,2021.12.31 현재,"2,232,208,795,282",21,KRW,2023
20250822000247,11011,2023,00854997,137310,CFS,연결재무제표,IS,손익계산서,매출액,제 14 기,2023.01.01 ~ 2023.12.31,"655,676,513,230",제 13 기,2022.01.01 ~ 2022.12.31,"2,932,001,440,304",제 12 기,2021.01.01 ~ 2021.12.31,"2,929,960,839,878",23,KRW,2023
20250822000247,11011,2023,00854997,137310,CFS,연결재무제표,IS,손익계산서,영업이익,제 14 기,2023.01.01 ~ 2023.12.31,"-248,084,569,658",제 13 기,2022.01.01 ~ 2022.12.31,"1,146,624,395,447",제 12 기,2021.01.01 ~ 2021.12.31,"1,387,732,869,277",25,KRW,2023
20250822000247,11011,2023,00854997,137310,CFS,연결재무제표,IS,손익계산서,법인세차감전 순이익,제 14 기,2023.01.01 ~ 2023.12.31,"-438,613,976,173",제 13 기,2022.01.01 ~ 2022.12.31,"1,242,088,469,553",제 12 기,2021.01.01 ~ 2021.12.31,"1,464,509,385,645",27,KRW,2023
20250822000247,11011,2023,00854997,137310,CFS,연결재무제표,IS,손익계산서,당기순이익(손실),제 14 기,2023.01.01 ~ 2023.12.31,"-467,904,096,959",제 13 기,2022.01.01 ~ 2022.12.31,"908,788,681,400",제 12 기,2021.01.01 ~ 2021.12.31,"1,088,124,450,280",29,KRW,2023
20250822000247,11011,2023,00854997,137310,CFS,연결재무제표,IS,손익계산서,당기순이익(손실),제 14 기,2023.01.01 ~ 2023.12.31,"-467,904,096,959",제 13 기,2022.01.01 ~ 2022.12.31,"908,788,681,400",제 12 기,2021.01.01 ~ 2021.12.31,"1,088,124,450,280",61,KRW,2023
20250822000247,11011,2023,00854997,137310,CFS,연결재무제표,IS,손익계산서,총포괄손익,제 14 기,2023.01.01 ~ 2023.12.31,"-396,095,402,079",제 13 기,2022.01.01 ~ 2022.12.31,"911,656,040,974",제 12 기,2021.01.01 ~ 2021.12.31,"1,092,772,498,609",63,KRW,2023
20250822000247,11011,2023,00854997,137310,OFS,재무제표,BS,재무상태표,유동자산,제 14 기,2023.12.31 현재,"494,065,993,752",제 13 기,2022.12.31 현재,"2,326,618,271,293",제 12 기,2021.12.31 현재,"2,515,738,521,386",2,KRW,2023
20250822000247,11011,2023,00854997,137310,OFS,재무제표,BS,재무상태표,비유동자산,제 14 기,2023.12.31 현재,"2,358,851,364,572",제 13 기,2022.12.31 현재,"858,094,151,961",제 12 기,2021.12.31 현재,"427,692,652,042",4,KRW,2023
20250822000247,11011,2023,00854997,137310,OFS,재무제표,BS,재무상태표,자산총계,제 14 기,2023.12.31 현재,"2,852,917,358,324",제 13 기,2022.12.31 현재,"3,184,712,423,254",제 12 기,2021.12.31 현재,"2,943,431,173,428",6,KRW,2023
20250822000247,11011,2023,00854997,137310,OFS,재무제표,BS,재무상태표,유동부채,제 14 기,2023.12.31 현재,"49,976,461,561",제 13 기,2022.12.31 현재,"251,698,562,928",제 12 기,2021.12.31 현재,"729,039,798,106",8,KRW,2023
20250822000247,11011,2023,00854997,137310,OFS,재무제표,BS,재무상태표,비유동부채,제 14 기,2023.12.31 현재,"15,705,149,930",제 13 기,2022.12.31 현재,"16,865,121,588",제 12 기,2021.12.31 현재,"21,268,236,183",10,KRW,2023
20250822000247,11011,2023,00854997,137310,OFS,재무제표,BS,재무상태표,부채총계,제 14 기,2023.12.31 현재,"65,681,611,491",제 13 기,2022.12.31 현재,"268,563,684,516",제 12 기,2021.12.31 현재,"750,308,034,289",12,KRW,2023
20250822000247,11011,2023,00854997,137310,OFS,재무제표,BS,재무상태표,자본금,제 14 기,2023.12.31 현재,"62,239,087,500",제 13 기,2022.12.31 현재,"52,192,087,500",제 12 기,2021.12.31 현재,"51,636,087,500",15,KRW,2023
20250822000247,11011,2023,00854997,137310,OFS,재무제표,BS,재무상태표,이익잉여금,제 14 기,2023.12.31 현재,"1,983,819,109,569",제 13 기,2022.12.31 현재,"2,344,474,549,011",제 12 기,2021.12.31 현재,"1,639,390,698,084",19,KRW,2023
20250822000247,11011,2023,00854997,137310,OFS,재무제표,BS,재무상태표,자본총계,제 14 기,2023.12.31 현재,"2,787,235,746,833",제 13 기,2022.12.31 현재,"2,916,148,738,738",제 12 기,2021.12.31 현재,"2,193,123,139,139",22,KRW,2023
20250822000247,11011,2023,00854997,137310,OFS,재무제표,IS,손익계산서,매출액,제 14 기,2023.01.01 ~ 2023.12.31,"291,658,487,859",제 13 기,2022.01.01 ~ 2022.12.31,"2,820,638,097,875",제 12 기,2021.01.01 ~ 2021.12.31,"2,847,242,798,444",24,KRW,2023
20250822000247,11011,2023,00854997,137310,OFS,재무제표,IS,손익계산서,영업이익,제 14 기,2023.01.01 ~ 2023.12.31,"-152,822,051,484",제 13 기,2022.01.01 ~ 2022.12.31,"1,115,338,663,815",제 12 기,2021.01.01 ~ 2021.12.31,"1,386,347,620,538",26,KRW,2023
20250822000247,11011,2023,00854997,137310,OFS,재무제표,IS,손익계산서,법인세차감전 순이익,제 14 기,2023.01.01 ~ 2023.12.31,"-272,144,340,157",제 13 기,2022.01.01 ~ 2022.12.31,"1,224,820,701,323",제 12 기,2021.01.01 ~ 2021.12.31,"1,464,983,431,956",28,KRW,2023
20250822000247,11011,2023,00854997,137310,OFS,재무제표,IS,손익계산서,당기순이익(손실),제 14 기,2023.01.01 ~ 2023.12.31,"-331,001,934,302",제 13 기,2022.01.01 ~ 2022.12.31,"903,927,973,083",제 12 기,2021.01.01 ~ 2021.12.31,"1,089,714,796,852",30,KRW,2023
20250822000247,11011,2023,00854997,137310,OFS,재무제표,IS,손익계산서,당기순이익(손실),제 14 기,2023.01.01 ~ 2023.12.31,"-331,001,934,302",제 13 기,2022.01.01 ~ 2022.12.31,"903,927,973,083",제 12 기,2021.01.01 ~ 2021.12.31,"1,089,714,796,852",62,KRW,2023
20250822000247,11011,2023,00854997,137310,OFS,재무제표,IS,손익계산서,총포괄손익,제 14 기,2023.01.01 ~ 2023.12.31,"-327,833,062,236",제 13 기,2022.01.01 ~ 2022.12.31,"903,927,973,083",제 12 기,2021.01.01 ~ 2021.12.31,"1,089,714,796,852",64,KRW,2023
20250822000274,11011,2024,00854997,137310,CFS,연결재무제표,BS,재무상태표,유동자산,제 15 기,2024.12.31 현재,"938,393,272,402",제 14 기,2023.12.31 현재,"964,969,847,624",제 13 기,2022.12.31 현재,"2,517,265,593,414",1,KRW,2024
20250822000274,11011,2024,00854997,137310,CFS,연결재무제표,BS,재무상태표,비유동자산,제 15 기,2024.12.31 현재,"2,950,071,215,806",제 14 기,2023.12.31 현재,"2,823,861,202,676",제 13 기,2022.12.31 현재,"744,656,788,651",3,KRW,2024
20250822000274,11011,2024,00854997,137310,CFS,연결재무제표,BS,재무상태표,자산총계,제 15 기,2024.12.31 현재,"3,888,464,488,208",제 14 기,2023.12.31 현재,"3,788,831,050,300",제 13 기,2022.12.31 현재,"3,261,922,382,065",5,KRW,2024
20250822000274,11011,2024,00854997,137310,CFS,연결재무제표,BS,재무상태표,유동부채,제 15 기,2024.12.31 현재,"176,563,757,199",제 14 기,2023.12.31 현재,"320,757,577,789",제 13 기,2022.12.31 현재,"296,979,641,527",7,KRW,2024
20250822000274,11011,2024,00854997,137310,CFS,연결재무제표,BS,재무상태표,비유동부채,제 15 기,2024.12.31 현재,"779,619,878,598",제 14 기,2023.12.31 현재,"636,527,070,241",제 13 기,2022.12.31 현재,"18,161,441,376",9,KRW,2024
20250822000274,11011,2024,00854997,137310,CFS,연결재무제표,BS,재무상태표,부채총계,제 15 기,2024.12.31 현재,"956,183,635,797",제 14 기,2023.12.31 현재,"957,284,648,030",제 13 기,2022.12.31 현재,"315,141,082,903",11,KRW,2024
20250822000274,11011,2024,00854997,137310,CFS,연결재무제표,BS,재무상태표,자본금,제 15 기,2024.12.31 현재,"62,239,087,500",제 14 기,2023.12.31 현재,"62,239,087,500",제 13 기,2022.12.31 현재,"52,192,087,500",13,KRW,2024
20250822000274,11011,2024,00854997,137310,CFS,연결재무제표,BS,재무상태표,이익잉여금,제 15 기,2024.12.31 현재,"1,786,982,070,804",제 14 기,2023.12.31 현재,"1,885,439,701,227",제 13 기,2022.12.31 현재,"2,382,818,667,253",17,KRW,2024
20250822000274,11011,2024,00854997,137310,CFS,연결재무제표,BS,재무상태표,자본총계,제 15 기,2024.12.31 현재,"2,932,280,852,411",제 14 기,2023.12.31 현재,"2,831,546,402,270",제 13 기,2022.12.31 현재,"2,946,781,299,162",21,KRW,2024
20250822000274,11011,2024,00854997,137310,CFS,연결재무제표,IS,손익계산서,매출액,제 15 기,2024.01.01 ~ 2024.12.31,"694,573,795,269",제 14 기,2023.01.01 ~ 2023.12.31,"655,676,513,230",제 13 기,2022.01.01 ~ 2022.12.31,"2,932,001,440,304",23,KRW,2024
20250822000274,11011,2024,00854997,137310,CFS,연결재무제표,IS,손익계산서,영업이익,제 15 기,2024.01.01 ~ 2024.12.31,"-54,057,345,753",제 14 기,2023.01.01 ~ 2023.12.31,"-248,084,569,658",제 13 기,2022.01.01 ~ 2022.12.31,"1,146,624,395,447",25,KRW,2024
20250822000274,11011,2024,00854997,137310,CFS,연결재무제표,IS,손익계산서,법인세차감전 순이익,제 15 기,2024.01.01 ~ 2024.12.31,"-219,181,097,235",제 14 기,2023.01.01 ~ 2023.12.31,"-438,613,976,173",제 13 기,2022.01.01 ~ 2022.12.31,"1,242,088,469,553",27,KRW,2024
20250822000274,11011,2024,00854997,137310,CFS,연결재무제표,IS,손익계산서,당기순이익(손실),제 15 기,2024.01.01 ~ 2024.12.31,"-98,139,678,410",제 14 기,2023.01.01 ~ 2023.12.31,"-467,904,096,959",제 13 기,2022.01.01 ~ 2022.12.31,"908,788,681,400",29,KRW,2024
20250822000274,11011,2024,00854997,137310,CFS,연결재무제표,IS,손익계산서,당기순이익(손실),제 15 기,2024.01.01 ~ 2024.12.31,"-98,139,678,410",제 14 기,2023.01.01 ~ 2023.12.31,"-467,904,096,959",제 13 기,2022.01.01 ~ 2022.12.31,"908,788,681,400",61,KRW,2024
20250822000274,11011,2024,00854997,137310,CFS,연결재무제표,IS,손익계산서,총포괄손익,제 15 기,2024.01.01 ~ 2024.12.31,"118,253,366,489",제 14 기,2023.01.01 ~ 2023.12.31,"-396,095,402,079",제 13 기,2022.01.01 ~ 2022.12.31,"911,656,040,974",63,KRW,2024
20250822000274,11011,2024,00854997,137310,OFS,재무제표,BS,재무상태표,유동자산,제 15 기,2024.12.31 현재,"586,743,421,844",제 14 기,2023.12.31 현재,"494,065,993,752",제 13 기,2022.12.31 현재,"2,326,618,271,293",2,KRW,2024
20250822000274,11011,2024,00854997,137310,OFS,재무제표,BS,재무상태표,비유동자산,제 15 기,2024.12.31 현재,"2,258,320,717,948",제 14 기,2023.12.31 현재,"2,358,851,364,572",제 13 기,2022.12.31 현재,"858,094,151,961",4,KRW,2024
20250822000274,11011,2024,00854997,137310,OFS,재무제표,BS,재무상태표,자산총계,제 15 기,2024.12.31 현재,"2,845,064,139,792",제 14 기,2023.12.31 현재,"2,852,917,358,324",제 13 기,2022.12.31 현재,"3,184,712,423,254",6,KRW,2024
20250822000274,11011,2024,00854997,137310,OFS,재무제표,BS,재무상태표,유동부채,제 15 기,2024.12.31 현재,"56,786,550,497",제 14 기,2023.12.31 현재,"49,976,461,561",제 13 기,2022.12.31 현재,"251,698,562,928",8,KRW,2024
20250822000274,11011,2024,00854997,137310,OFS,재무제표,BS,재무상태표,비유동부채,제 15 기,2024.12.31 현재,"10,016,612,589",제 14 기,2023.12.31 현재,"15,705,149,930",제 13 기,2022.12.31 현재,"16,865,121,588",10,KRW,2024
20250822000274,11011,2024,00854997,137310,OFS,재무제표,BS,재무상태표,부채총계,제 15 기,2024.12.31 현재,"66,803,163,086",제 14 기,2023.12.31 현재,"65,681,611,491",제 13 기,2022.12.31 현재,"268,563,684,516",12,KRW,2024
20250822000274,11011,2024,00854997,137310,OFS,재무제표,BS,재무상태표,자본금,제 15 기,2024.12.31 현재,"62,239,087,500",제 14 기,2023.12.31 현재,"62,239,087,500",제 13 기,2022.12.31 현재,"52,192,087,500",15,KRW,2024
20250822000274,11011,2024,00854997,137310,OFS,재무제표,BS,재무상태표,이익잉여금,제 15 기,2024.12.31 현재,"1,990,154,639,998",제 14 기,2023.12.31 현재,"1,983,819,109,569",제 13 기,2022.12.31 현재,"2,344,474,549,011",19,KRW,2024
20250822000274,11011,2024,00854997,137310,OFS,재무제표,BS,재무상태표,자본총계,제 15 기,2024.12.31 현재,"2,778,260,976,706",제 14 기,2023.12.31 현재,"2,787,235,746,833",제 13 기,2022.12.31 현재,"2,916,148,738,738",22,KRW,2024
20250822000274,11011,2024,00854997,137310,OFS,재무제표,IS,손익계산서,매출액,제 15 기,2024.01.01 ~ 2024.12.31,"275,730,629,782",제 14 기,2023.01.01 ~ 2023.12.31,"291,658,487,859",제 13 기,2022.01.01 ~ 2022.12.31,"2,820,638,097,875",24,KRW,2024
20250822000274,11011,2024,00854997,137310,OFS,재무제표,IS,손익계산서,영업이익,제 15 기,2024.01.01 ~ 2024.12.31,"4,674,463,970",제 14 기,2023.01.01 ~ 2023.12.31,"-152,822,051,484",제 13 기,2022.01.01 ~ 2022.12.31,"1,115,338,663,815",26,KRW,2024
20250822000274,11011,2024,00854997,137310,OFS,재무제표,IS,손익계산서,법인세차감전 순이익,제 15 기,2024.01.01 ~ 2024.12.31,"-85,168,063,280",제 14 기,2023.01.01 ~ 2023.12.31,"-272,144,340,157",제 13 기,2022.01.01 ~ 2022.12.31,"1,224,820,701,323",28,KRW,2024
20250822000274,11011,2024,00854997,137310,OFS,재무제표,IS,손익계산서,당기순이익(손실),제 15 기,2024.01.01 ~ 2024.12.31,"6,335,530,429",제 14 기,2023.01.01 ~ 2023.12.31,"-331,001,934,302",제 13 기,2022.01.01 ~ 2022.12.31,"903,927,973,083",30,KRW,2024
20250822000274,11011,2024,00854997,137310,OFS,재무제표,IS,손익계산서,당기순이익(손실),제 15 기,2024.01.01 ~ 2024.12.31,"6,335,530,429",제 14 기,2023.01.01 ~ 2023.12.31,"-331,001,934,302",제 13 기,2022.01.01 ~ 2022.12.31,"903,927,973,083",62,KRW,2024
20250822000274,11011,2024,00854997,137310,OFS,재무제표,IS,손익계산서,총포괄손익,제 15 기,2024.01.01 ~ 2024.12.31,"8,544,146,221",제 14 기,2023.01.01 ~ 2023.12.31,"-327,833,062,236",제 13 기,2022.01.01 ~ 2022.12.31,"903,927,973,083",64,KRW,2024
20190329000274,11011,2018,00564562,097520,CFS,연결재무제표,BS,재무상태표,유동자산,제 15 기,2018.12.31 현재,"218,820,927,128",제 14 기,2017.12.31 현재,"223,687,572,676",제 13 기,2016.12.31 현재,"157,858,740,964",1,KRW,2018
20190329000274,11011,2018,00564562,097520,CFS,연결재무제표,BS,재무상태표,비유동자산,제 15 기,2018.12.31 현재,"172,232,681,915",제 14 기,2017.12.31 현재,"164,109,327,844",제 13 기,2016.12.31 현재,"136,828,187,132",3,KRW,2018
20190329000274,11011,2018,00564562,097520,CFS,연결재무제표,BS,재무상태표,자산총계,제 15 기,2018.12.31 현재,"391,053,609,043",제 14 기,2017.12.31 현재,"387,796,900,520",제 13 기,2016.12.31 현재,"294,686,928,096",5,KRW,2018
20190329000274,11011,2018,00564562,097520,CFS,연결재무제표,BS,재무상태표,유동부채,제 15 기,2018.12.31 현재,"257,405,577,442",제 14 기,2017.12.31 현재,"286,236,805,157",제 13 기,2016.12.31 현재,"223,988,776,131",7,KRW,2018
20190329000274,11011,2018,00564562,097520,CFS,연결재무제표,BS,재무상태표,비유동부채,제 15 기,2018.12.31 현재,"3,939,042,075",제 14 기,2017.12.31 현재,"3,541,708,740",제 13 기,2016.12.31 현재,"7,094,386,695",9,KRW,2018
20190329000274,11011,2018,00564562,097520,CFS,연결재무제표,BS,재무상태표,부채총계,제 15 기,2018.12.31 현재,"261,344,619,517",제 14 기,2017.12.31 현재,"289,778,513,897",제 13 기,2016.12.31 현재,"231,083,162,826",11,KRW,2018
20190329000274,11011,2018,00564562,097520,CFS,연결재무제표,BS,재무상태표,자본금,제 15 기,2018.12.31 현재,"8,612,673,500",제 14 기,2017.12.31 현재,"5,519,160,500",제 13 기,2016.12.31 현재,"4,499,109,000",13,KRW,2018
20190329000274,11011,2018,00564562,097520,CFS,연결재무제표,BS,재무상태표,이익잉여금,제 15 기,2018.12.31 현재,"86,068,762,129",제 14 기,2017.12.31 현재,"37,023,728,890",제 13 기,2016.12.31 현재,"37,403,969,379",17,KRW,2018
20190329000274,11011,2018,00564562,097520,CFS,연결재무제표,BS,재무상태표,자본총계,제 15 기,2018.12.31 현재,"129,708,989,526",제 14 기,2017.12.31 현재,"98,018,386,623",제 13 기,2016.12.31 현재,"63,603,765,270",21,KRW,2018
20190329000274,11011,2018,00564562,097520,CFS,연결재무제표,IS,손익계산서,매출액,제 15 기,2018.01.01 ~ 2018.12.31,"696,954,048,288",제 14 기,2017.01.01 ~ 2017.12.31,"668,465,044,074",제 13 기,2016.01.01 ~ 2016.12.31,"412,481,616,926",23,KRW,2018
20190329000274,11011,2018,00564562,097520,CFS,연결재무제표,IS,손익계산서,영업이익,제 15 기,2018.01.01 ~ 2018.12.31,"41,111,698,751",제 14 기,2017.01.01 ~ 2017.12.31,"19,660,857,695",제 13 기,2016.01.01 ~ 2016.12.31,"-23,870,424,784",25,KRW,2018
20190329000274,11011,2018,00564562,097520,CFS,연결재무제표,IS,손익계산서,법인세차감전 순이익,제 15 기,2018.01.01 ~ 2018.12.31,"42,780,804,329",제 14 기,2017.01.01 ~ 2017.12.31,"-1,342,149,745",제 13 기,2016.01.01 ~ 2016.12.31,"-25,596,140,323",27,KRW,2018
20190329000274,11011,2018,00564562,097520,CFS,연결재무제표,IS,손익계산서,당기순이익(손실),제 15 기,2018.01.01 ~ 2018.12.31,"29,818,005,521",제 14 기,2017.01.01 ~ 2017.12.31,"-892,478,503",제 13 기,2016.01.01 ~ 2016.12.31,"-24,699,655,459",29,KRW,2018
20190329000274,11011,2018,00564562,097520,CFS,연결재무제표,IS,손익계산서,당기순이익(손실),제 15 기,2018.01.01 ~ 2018.12.31,"29,818,005,521",제 14 기,2017.01.01 ~ 2017.12.31,"-892,478,503",제 13 기,2016.01.01 ~ 2016.12.31,"-24,699,655,459",61,KRW,2018
20190329000274,11011,2018,00564562,097520,OFS,재무제표,BS,재무상태표,유동자산,제 15 기,2018.12.31 현재,"277,138,129,483",제 14 기,2017.12.31 현재,"274,190,297,901",제 13 기,2016.12.31 현재,"198,911,383,182",2,KRW,2018
20190329000274,11011,2018,00564562,097520,OFS,재무제표,BS,재무상태표,비유동자산,제 15 기,2018.12.31 현재,"107,796,654,178",제 14 기,2017.12.31 현재,"99,721,696,662",제 13 기,2016.12.31 현재,"106,418,550,916",4,KRW,2018
20190329000274,11011,2018,00564562,097520,OFS,재무제표,BS,재무상태표,자산총계,제 15 기,2018.12.31 현재,"384,934,783,661",제 14 기,2017.12.31 현재,"373,911,994,563",제 13 기,2016.12.31 현재,"305,329,934,098",6,KRW,2018
20190329000274,11011,2018,00564562,097520,OFS,재무제표,BS,재무상태표,유동부채,제 15 기,2018.12.31 현재,"218,770,465,308",제 14 기,2017.12.31 현재,"252,673,131,743",제 13 기,2016.12.31 현재,"210,163,813,066",8,KRW,2018
20190329000274,11011,2018,00564562,097520,OFS,재무제표,BS,재무상태표,비유동부채,제 15 기,2018.12.31 현재,"3,916,587,490",제 14 기,2017.12.31 현재,"1,407,917,530",제 13 기,2016.12.31 현재,"1,566,303,920",10,KRW,2018
20190329000274,11011,2018,00564562,097520,OFS,재무제표,BS,재무상태표,부채총계,제 15 기,2018.12.31 현재,"222,687,052,798",제 14 기,2017.12.31 현재,"254,081,049,273",제 13 기,2016.12.31 현재,"211,730,116,986",12,KRW,2018
20190329000274,11011,2018,00564562,097520,OFS,재무제표,BS,재무상태표,자본금,제 15 기,2018.12.31 현재,"8,612,673,500",제 14 기,2017.12.31 현재,"5,519,160,500",제 13 기,2016.12.31 현재,"4,499,109,000",15,KRW,2018
20190329000274,11011,2018,00564562,097520,OFS,재무제표,BS,재무상태표,이익잉여금,제 15 기,2018.12.31 현재,"116,156,798,957",제 14 기,2017.12.31 현재,"55,924,092,679",제 13 기,2016.12.31 현재,"68,697,762,480",19,KRW,2018
20190329000274,11011,2018,00564562,097520,OFS,재무제표,BS,재무상태표,자본총계,제 15 기,2018.12.31 현재,"162,247,730,863",제 14 기,2017.12.31 현재,"119,830,945,290",제 13 기,2016.12.31 현재,"93,599,817,112",22,KRW,2018
20190329000274,11011,2018,00564562,097520,OFS,재무제표,IS,손익계산서,매출액,제 15 기,2018.01.01 ~ 2018.12.31,"627,641,511,061",제 14 기,2017.01.01 ~ 2017.12.31,"625,604,515,961",제 13 기,2016.01.01 ~ 2016.12.31,"399,262,755,296",24,KRW,2018
20190329000274,11011,2018,00564562,097520,OFS,재무제표,IS,손익계산서,영업이익,제 15 기,2018.01.01 ~ 2018.12.31,"51,760,805,172",제 14 기,2017.01.01 ~ 2017.12.31,"22,175,983,120",제 13 기,2016.01.01 ~ 2016.12.31,"-10,027,000,708",26,KRW,2018
20190329000274,11011,2018,00564562,097520,OFS,재무제표,IS,손익계산서,법인세차감전 순이익,제 15 기,2018.01.01 ~ 2018.12.31,"54,066,227,692",제 14 기,2017.01.01 ~ 2017.12.31,"-13,700,226,548",제 13 기,2016.01.01 ~ 2016.12.31,"-10,186,614,441",28,KRW,2018
20190329000274,11011,2018,00564562,097520,OFS,재무제표,IS,손익계산서,당기순이익(손실),제 15 기,2018.01.01 ~ 2018.12.31,"41,005,678,560",제 14 기,2017.01.01 ~ 2017.12.31,"-13,285,907,815",제 13 기,2016.01.01 ~ 2016.12.31,"-8,098,544,223",30,KRW,2018
20190329000274,11011,2018,00564562,097520,OFS,재무제표,IS,손익계산서,당기순이익(손실),제 15 기,2018.01.01 ~ 2018.12.31,"41,005,678,560",제 14 기,2017.01.01 ~ 2017.12.31,"-13,285,907,815",제 13 기,2016.01.01 ~ 2016.12.31,"-8,098,544,223",62,KRW,2018
20200330004648,11011,2019,00564562,097520,CFS,연결재무제표,BS,재무상태표,유동자산,제 16 기,2019.12.31 현재,"235,252,265,862",제 15 기,2018.12.31 현재,"218,820,927,128",제 14 기,2017.12.31 현재,"223,687,572,676",1,KRW,2019
20200330004648,11011,2019,00564562,097520,CFS,연결재무제표,BS,재무상태표,비유동자산,제 16 기,2019.12.31 현재,"241,328,607,673",제 15 기,2018.12.31 현재,"172,232,681,915",제 14 기,2017.12.31 현재,"164,109,327,844",3,KRW,2019
20200330004648,11011,2019,00564562,097520,CFS,연결재무제표,BS,재무상태표,자산총계,제 16 기,2019.12.31 현재,"476,580,873,535",제 15 기,2018.12.31 현재,"391,053,609,043",제 14 기,2017.12.31 현재,"387,796,900,520",5,KRW,2019
20200330004648,11011,2019,00564562,097520,CFS,연결재무제표,BS,재무상태표,유동부채,제 16 기,2019.12.31 현재,"244,810,857,946",제 15 기,2018.12.31 현재,"257,405,577,442",제 14 기,2017.12.31 현재,"286,236,805,157",7,KRW,2019
20200330004648,11011,2019,00564562,097520,CFS,연결재무제표,BS,재무상태표,비유동부채,제 16 기,2019.12.31 현재,"7,202,933,609",제 15 기,2018.12.31 현재,"3,939,042,075",제 14 기,2017.12.31 현재,"3,541,708,740",9,KRW,2019
20200330004648,11011,2019,00564562,097520,CFS,연결재무제표,BS,재무상태표,부채총계,제 16 기,2019.12.31 현재,"252,013,791,555",제 15 기,2018.12.31 현재,"261,344,619,517",제 14 기,2017.12.31 현재,"289,778,513,897",11,KRW,2019
20200330004648,11011,2019,00564562,097520,CFS,연결재무제표,BS,재무상태표,자본금,제 16 기,2019.12.31 현재,"8,931,741,000",제 15 기,2018.12.31 현재,"8,612,673,500",제 14 기,2017.12.31 현재,"5,519,160,500",13,KRW,2019
20200330004648,11011,2019,00564562,097520,CFS,연결재무제표,BS,재무상태표,이익잉여금,제 16 기,2019.12.31 현재,"166,446,103,045",제 15 기,2018.12.31 현재,"86,068,762,129",제 14 기,2017.12.31 현재,"37,023,728,890",17,KRW,2019
20200330004648,11011,2019,00564562,097520,CFS,연결재무제표,BS,재무상태표,자본총계,제 16 기,2019.12.31 현재,"224,567,081,980",제 15 기,2018.12.31 현재,"129,708,989,526",제 14 기,2017.12.31 현재,"98,018,386,623",21,KRW,2019
20200330004648,11011,2019,00564562,097520,CFS,연결재무제표,IS,손익계산서,매출액,제 16 기,2019.01.01 ~ 2019.12.31,"1,267,712,135,419",제 15 기,2018.01.01 ~ 2018.12.31,"696,954,048,288",제 14 기,2017.01.01 ~ 2017.12.31,"668,465,044,074",23,KRW,2019
20200330004648,11011,2019,00564562,097520,CFS,연결재무제표,IS,손익계산서,영업이익,제 16 기,2019.01.01 ~ 2019.12.31,"113,067,104,268",제 15 기,2018.01.01 ~ 2018.12.31,"41,111,698,751",제 14 기,2017.01.01 ~ 2017.12.31,"19,660,857,695",25,KRW,2019
20200330004648,11011,2019,00564562,097520,CFS,연결재무제표,IS,손익계산서,법인세차감전 순이익,제 16 기,2019.01.01 ~ 2019.12.31,"121,449,300,642",제 15 기,2018.01.01 ~ 2018.12.31,"42,780,804,329",제 14 기,2017.01.01 ~ 2017.12.31,"-1,342,149,745",27,KRW,2019
20200330004648,11011,2019,00564562,097520,CFS,연결재무제표,IS,손익계산서,당기순이익(손실),제 16 기,2019.01.01 ~ 2019.12.31,"84,507,307,910",제 15 기,2018.01.01 ~ 2018.12.31,"29,818,005,521",제 14 기,2017.01.01 ~ 2017.12.31,"-892,478,503",29,KRW,2019
20200330004648,11011,2019,00564562,097520,CFS,연결재무제표,IS,손익계산서,당기순이익(손실),제 16 기,2019.01.01 ~ 2019.12.31,"84,507,307,910",제 15 기,2018.01.01 ~ 2018.12.31,"29,818,005,521",제 14 기,2017.01.01 ~ 2017.12.31,"-892,478,503",61,KRW,2019
20200330004648,11011,2019,00564562,097520,OFS,재무제표,BS,재무상태표,유동자산,제 16 기,2019.12.31 현재,"353,381,574,827",제 15 기,2018.12.31 현재,"277,138,129,483",제 14 기,2017.12.31 현재,"274,190,297,901",2,KRW,2019
20200330004648,11011,2019,00564562,097520,OFS,재무제표,BS,재무상태표,비유동자산,제 16 기,2019.12.31 현재,"114,306,529,599",제 15 기,2018.12.31 현재,"107,796,654,178",제 14 기,2017.12.31 현재,"99,721,696,662",4,KRW,2019
20200330004648,11011,2019,00564562,097520,OFS,재무제표,BS,재무상태표,자산총계,제 16 기,2019.12.31 현재,"467,688,104,426",제 15 기,2018.12.31 현재,"384,934,783,661",제 14 기,2017.12.31 현재,"373,911,994,563",6,KRW,2019
20200330004648,11011,2019,00564562,097520,OFS,재무제표,BS,재무상태표,유동부채,제 16 기,2019.12.31 현재,"195,397,137,532",제 15 기,2018.12.31 현재,"218,770,465,308",제 14 기,2017.12.31 현재,"252,673,131,743",8,KRW,2019
20200330004648,11011,2019,00564562,097520,OFS,재무제표,BS,재무상태표,비유동부채,제 16 기,2019.12.31 현재,"1,721,750,265",제 15 기,2018.12.31 현재,"3,916,587,490",제 14 기,2017.12.31 현재,"1,407,917,530",10,KRW,2019
20200330004648,11011,2019,00564562,097520,OFS,재무제표,BS,재무상태표,부채총계,제 16 기,2019.12.31 현재,"197,118,887,797",제 15 기,2018.12.31 현재,"222,687,052,798",제 14 기,2017.12.31 현재,"254,081,049,273",12,KRW,2019
20200330004648,11011,2019,00564562,097520,OFS,재무제표,BS,재무상태표,자본금,제 16 기,2019.12.31 현재,"8,931,741,000",제 15 기,2018.12.31 현재,"8,612,673,500",제 14 기,2017.12.31 현재,"5,519,160,500",15,KRW,2019
20200330004648,11011,2019,00564562,097520,OFS,재무제표,BS,재무상태표,이익잉여금,제 16 기,2019.12.31 현재,"211,568,133,764",제 15 기,2018.12.31 현재,"116,156,798,957",제 14 기,2017.12.31 현재,"55,924,092,679",19,KRW,2019
20200330004648,11011,2019,00564562,097520,OFS,재무제표,BS,재무상태표,자본총계,제 16 기,2019.12.31 현재,"270,569,216,629",제 15 기,2018.12.31 현재,"162,247,730,863",제 14 기,2017.12.31 현재,"119,830,945,290",22,KRW,2019
20200330004648,11011,2019,00564562,097520,OFS,재무제표,IS,손익계산서,매출액,제 16 기,2019.01.01 ~ 2019.12.31,"1,184,887,089,354",제 15 기,2018.01.01 ~ 2018.12.31,"627,641,511,061",제 14 기,2017.01.01 ~ 2017.12.31,"625,604,515,961",24,KRW,2019
20200330004648,11011,2019,00564562,097520,OFS,재무제표,IS,손익계산서,영업이익,제 16 기,2019.01.01 ~ 2019.12.31,"130,320,713,948",제 15 기,2018.01.01 ~ 2018.12.31,"51,760,805,172",제 14 기,2017.01.01 ~ 2017.12.31,"22,175,983,120",26,KRW,2019
20200330004648,11011,2019,00564562,097520,OFS,재무제표,IS,손익계산서,법인세차감전 순이익,제 16 기,2019.01.01 ~ 2019.12.31,"135,814,212,360",제 15 기,2018.01.01 ~ 2018.12.31,"54,066,227,692",제 14 기,2017.01.01 ~ 2017.12.31,"-13,700,226,548",28,KRW,2019
20200330004648,11011,2019,00564562,097520,OFS,재무제표,IS,손익계산서,당기순이익(손실),제 16 기,2019.01.01 ~ 2019.12.31,"99,541,301,801",제 15 기,2018.01.01 ~ 2018.12.31,"41,005,678,560",제 14 기,2017.01.01 ~ 2017.12.31,"-13,285,907,815",30,KRW,2019
20200330004648,11011,2019,00564562,097520,OFS,재무제표,IS,손익계산서,당기순이익(손실),제 16 기,2019.01.01 ~ 2019.12.31,"99,541,301,801",제 15 기,2018.01.01 ~ 2018.12.31,"41,005,678,560",제 14 기,2017.01.01 ~ 2017.12.31,"-13,285,907,815",62,KRW,2019
20210315000830,11011,2020,00564562,097520,CFS,연결재무제표,BS,재무상태표,유동자산,제 17 기,2020.12.31 현재,"238,171,355,364",제 16 기,2019.12.31 현재,"235,252,265,862",제 15 기,2018.12.31 현재,"218,820,927,128",1,KRW,2020
20210315000830,11011,2020,00564562,097520,CFS,연결재무제표,BS,재무상태표,비유동자산,제 17 기,2020.12.31 현재,"215,224,892,569",제 16 기,2019.12.31 현재,"241,328,607,673",제 15 기,2018.12.31 현재,"172,232,681,915",3,KRW,2020
20210315000830,11011,2020,00564562,097520,CFS,연결재무제표,BS,재무상태표,자산총계,제 17 기,2020.12.31 현재,"453,396,247,933",제 16 기,2019.12.31 현재,"476,580,873,535",제 15 기,2018.12.31 현재,"391,053,609,043",5,KRW,2020
20210315000830,11011,2020,00564562,097520,CFS,연결재무제표,BS,재무상태표,유동부채,제 17 기,2020.12.31 현재,"180,488,777,968",제 16 기,2019.12.31 현재,"244,810,857,946",제 15 기,2018.12.31 현재,"257,405,577,442",7,KRW,2020
20210315000830,11011,2020,00564562,097520,CFS,연결재무제표,BS,재무상태표,비유동부채,제 17 기,2020.12.31 현재,"19,972,726,546",제 16 기,2019.12.31 현재,"7,202,933,609",제 15 기,2018.12.31 현재,"3,939,042,075",9,KRW,2020
20210315000830,11011,2020,00564562,097520,CFS,연결재무제표,BS,재무상태표,부채총계,제 17 기,2020.12.31 현재,"200,461,504,514",제 16 기,2019.12.31 현재,"252,013,791,555",제 15 기,2018.12.31 현재,"261,344,619,517",11,KRW,2020
20210315000830,11011,2020,00564562,097520,CFS,연결재무제표,BS,재무상태표,자본금,제 17 기,2020.12.31 현재,"8,931,741,000",제 16 기,2019.12.31 현재,"8,931,741,000",제 15 기,2018.12.31 현재,"8,612,673,500",13,KRW,2020
20210315000830,11011,2020,00564562,097520,CFS,연결재무제표,BS,재무상태표,이익잉여금,제 17 기,2020.12.31 현재,"196,618,080,133",제 16 기,2019.12.31 현재,"166,446,103,045",제 15 기,2018.12.31 현재,"86,068,762,129",17,KRW,2020
20210315000830,11011,2020,00564562,097520,CFS,연결재무제표,BS,재무상태표,자본총계,제 17 기,2020.12.31 현재,"252,934,743,419",제 16 기,2019.12.31 현재,"224,567,081,980",제 15 기,2018.12.31 현재,"129,708,989,526",21,KRW,2020
20210315000830,11011,2020,00564562,097520,CFS,연결재무제표,IS,손익계산서,매출액,제 17 기,2020.01.01 ~ 2020.12.31,"1,311,342,738,149",제 16 기,2019.01.01 ~ 2019.12.31,"1,267,712,135,419",제 15 기,2018.01.01 ~ 2018.12.31,"696,954,048,288",23,KRW,2020
20210315000830,11011,2020,00564562,097520,CFS,연결재무제표,IS,손익계산서,영업이익,제 17 기,2020.01.01 ~ 2020.12.31,"59,167,161,589",제 16 기,2019.01.01 ~ 2019.12.31,"113,067,104,268",제 15 기,2018.01.01 ~ 2018.12.31,"41,111,698,751",25,KRW,2020
20210315000830,11011,2020,00564562,097520,CFS,연결재무제표,IS,손익계산서,법인세차감전 순이익,제 17 기,2020.01.01 ~ 2020.12.31,"52,626,346,763",제 16 기,2019.01.01 ~ 2019.12.31,"121,449,300,642",제 15 기,2018.01.01 ~ 2018.12.31,"42,780,804,329",27,KRW,2020
20210315000830,11011,2020,00564562,097520,CFS,연결재무제표,IS,손익계산서,당기순이익(손실),제 17 기,2020.01.01 ~ 2020.12.31,"38,443,583,445",제 16 기,2019.01.01 ~ 2019.12.31,"84,507,307,910",제 15 기,2018.01.01 ~ 2018.12.31,"29,818,005,521",29,KRW,2020
20210315000830,11011,2020,00564562,097520,CFS,연결재무제표,IS,손익계산서,당기순이익(손실),제 17 기,2020.01.01 ~ 2020.12.31,"38,443,583,445",제 16 기,2019.01.01 ~ 2019.12.31,"84,507,307,910",제 15 기,2018.01.01 ~ 2018.12.31,"29,818,005,521",61,KRW,2020
20210315000830,11011,2020,00564562,097520,OFS,재무제표,BS,재무상태표,유동자산,제 17 기,2020.12.31 현재,"314,759,366,232",제 16 기,2019.12.31 현재,"353,381,574,827",제 15 기,2018.12.31 현재,"277,138,129,483",2,KRW,2020
20210315000830,11011,2020,00564562,097520,OFS,재무제표,BS,재무상태표,비유동자산,제 17 기,2020.12.31 현재,"151,893,872,729",제 16 기,2019.12.31 현재,"114,306,529,599",제 15 기,2018.12.31 현재,"107,796,654,178",4,KRW,2020
20210315000830,11011,2020,00564562,097520,OFS,재무제표,BS,재무상태표,자산총계,제 17 기,2020.12.31 현재,"466,653,238,961",제 16 기,2019.12.31 현재,"467,688,104,426",제 15 기,2018.12.31 현재,"384,934,783,661",6,KRW,2020
20210315000830,11011,2020,00564562,097520,OFS,재무제표,BS,재무상태표,유동부채,제 17 기,2020.12.31 현재,"153,567,246,577",제 16 기,2019.12.31 현재,"195,397,137,532",제 15 기,2018.12.31 현재,"218,770,465,308",8,KRW,2020
20210315000830,11011,2020,00564562,097520,OFS,재무제표,BS,재무상태표,비유동부채,제 17 기,2020.12.31 현재,"13,176,490,911",제 16 기,2019.12.31 현재,"1,721,750,265",제 15 기,2018.12.31 현재,"3,916,587,490",10,KRW,2020
20210315000830,11011,2020,00564562,097520,OFS,재무제표,BS,재무상태표,부채총계,제 17 기,2020.12.31 현재,"166,743,737,488",제 16 기,2019.12.31 현재,"197,118,887,797",제 15 기,2018.12.31 현재,"222,687,052,798",12,KRW,2020
20210315000830,11011,2020,00564562,097520,OFS,재무제표,BS,재무상태표,자본금,제 17 기,2020.12.31 현재,"8,931,741,000",제 16 기,2019.12.31 현재,"8,931,741,000",제 15 기,2018.12.31 현재,"8,612,673,500",15,KRW,2020
20210315000830,11011,2020,00564562,097520,OFS,재무제표,BS,재무상태표,이익잉여금,제 17 기,2020.12.31 현재,"240,166,837,505",제 16 기,2019.12.31 현재,"211,568,133,764",제 15 기,2018.12.31 현재,"116,156,798,957",19,KRW,2020
20210315000830,11011,2020,00564562,097520,OFS,재무제표,BS,재무상태표,자본총계,제 17 기,2020.12.31 현재,"299,909,501,473",제 16 기,2019.12.31 현재,"270,569,216,629",제 15 기,2018.12.31 현재,"162,247,730,863",22,KRW,2020
20210315000830,11011,2020,00564562,097520,OFS,재무제표,IS,손익계산서,매출액,제 17 기,2020.01.01 ~ 2020.12.31,"1,165,038,768,026",제 16 기,2019.01.01 ~ 2019.12.31,"1,184,887,089,354",제 15 기,2018.01.01 ~ 2018.12.31,"627,641,511,061",24,KRW,2020
20210315000830,11011,2020,00564562,097520,OFS,재무제표,IS,손익계산서,영업이익,제 17 기,2020.01.01 ~ 2020.12.31,"68,093,622,882",제 16 기,2019.01.01 ~ 2019.12.31,"130,320,713,948",제 15 기,2018.01.01 ~ 2018.12.31,"51,760,805,172",26,KRW,2020
20210315000830,11011,2020,00564562,097520,OFS,재무제표,IS,손익계산서,법인세차감전 순이익,제 17 기,2020.01.01 ~ 2020.12.31,"50,449,254,409",제 16 기,2019.01.01 ~ 2019.12.31,"135,814,212,360",제 15 기,2018.01.01 ~ 2018.12.31,"54,066,227,692",28,KRW,2020
20210315000830,11011,2020,00564562,097520,OFS,재무제표,IS,손익계산서,당기순이익(손실),제 17 기,2020.01.01 ~ 2020.12.31,"36,870,310,098",제 16 기,2019.01.01 ~ 2019.12.31,"99,541,301,801",제 15 기,2018.01.01 ~ 2018.12.31,"41,005,678,560",30,KRW,2020
20210315000830,11011,2020,00564562,097520,OFS,재무제표,IS,손익계산서,당기순이익(손실),제 17 기,2020.01.01 ~ 2020.12.31,"36,870,310,098",제 16 기,2019.01.01 ~ 2019.12.31,"99,541,301,801",제 15 기,2018.01.01 ~ 2018.12.31,"41,005,678,560",62,KRW,2020
20220315000841,11011,2021,00564562,097520,CFS,연결재무제표,BS,재무상태표,유동자산,제 18 기,2021.12.31 현재,"277,247,365,181",제 17 기,2020.12.31 현재,"238,171,355,364",제 16 기,2019.12.31 현재,"235,252,265,862",1,KRW,2021
20220315000841,11011,2021,00564562,097520,CFS,연결재무제표,BS,재무상태표,비유동자산,제 18 기,2021.12.31 현재,"248,280,223,111",제 17 기,2020.12.31 현재,"215,224,892,569",제 16 기,2019.12.31 현재,"241,328,607,673",3,KRW,2021
20220315000841,11011,2021,00564562,097520,CFS,연결재무제표,BS,재무상태표,자산총계,제 18 기,2021.12.31 현재,"525,527,588,292",제 17 기,2020.12.31 현재,"453,396,247,933",제 16 기,2019.12.31 현재,"476,580,873,535",5,KRW,2021
20220315000841,11011,2021,00564562,097520,CFS,연결재무제표,BS,재무상태표,유동부채,제 18 기,2021.12.31 현재,"209,467,529,963",제 17 기,2020.12.31 현재,"180,488,777,968",제 16 기,2019.12.31 현재,"244,810,857,946",7,KRW,2021
20220315000841,11011,2021,00564562,097520,CFS,연결재무제표,BS,재무상태표,비유동부채,제 18 기,2021.12.31 현재,"17,093,862,121",제 17 기,2020.12.31 현재,"19,972,726,546",제 16 기,2019.12.31 현재,"7,202,933,609",9,KRW,2021
20220315000841,11011,2021,00564562,097520,CFS,연결재무제표,BS,재무상태표,부채총계,제 18 기,2021.12.31 현재,"226,561,392,084",제 17 기,2020.12.31 현재,"200,461,504,514",제 16 기,2019.12.31 현재,"252,013,791,555",11,KRW,2021
20220315000841,11011,2021,00564562,097520,CFS,연결재무제표,BS,재무상태표,자본금,제 18 기,2021.12.31 현재,"8,986,716,000",제 17 기,2020.12.31 현재,"8,931,741,000",제 16 기,2019.12.31 현재,"8,931,741,000",13,KRW,2021
20220315000841,11011,2021,00564562,097520,CFS,연결재무제표,BS,재무상태표,이익잉여금,제 18 기,2021.12.31 현재,"227,977,662,068",제 17 기,2020.12.31 현재,"196,618,080,133",제 16 기,2019.12.31 현재,"166,446,103,045",17,KRW,2021
20220315000841,11011,2021,00564562,097520,CFS,연결재무제표,BS,재무상태표,자본총계,제 18 기,2021.12.31 현재,"298,966,196,208",제 17 기,2020.12.31 현재,"252,934,743,419",제 16 기,2019.12.31 현재,"224,567,081,980",21,KRW,2021
20220315000841,11011,2021,00564562,097520,CFS,연결재무제표,IS,손익계산서,매출액,제 18 기,2021.01.01 ~ 2021.12.31,"1,009,273,639,991",제 17 기,2020.01.01 ~ 2020.12.31,"1,311,342,738,149",제 16 기,2019.01.01 ~ 2019.12.31,"1,267,712,135,419",23,KRW,2021
20220315000841,11011,2021,00564562,097520,CFS,연결재무제표,IS,손익계산서,영업이익,제 18 기,2021.01.01 ~ 2021.12.31,"23,878,951,946",제 17 기,2020.01.01 ~ 2020.12.31,"59,167,161,589",제 16 기,2019.01.01 ~ 2019.12.31,"113,067,104,268",25,KRW,2021
20220315000841,11011,2021,00564562,097520,CFS,연결재무제표,IS,손익계산서,법인세차감전 순이익,제 18 기,2021.01.01 ~ 2021.12.31,"50,280,368,760",제 17 기,2020.01.01 ~ 2020.12.31,"52,626,346,763",제 16 기,2019.01.01 ~ 2019.12.31,"121,449,300,642",27,KRW,2021
20220315000841,11011,2021,00564562,097520,CFS,연결재무제표,IS,손익계산서,당기순이익(손실),제 18 기,2021.01.01 ~ 2021.12.31,"39,505,208,461",제 17 기,2020.01.01 ~ 2020.12.31,"38,443,583,445",제 16 기,2019.01.01 ~ 2019.12.31,"84,507,307,910",29,KRW,2021
20220315000841,11011,2021,00564562,097520,CFS,연결재무제표,IS,손익계산서,당기순이익(손실),제 18 기,2021.01.01 ~ 2021.12.31,"39,505,208,461",제 17 기,2020.01.01 ~ 2020.12.31,"38,443,583,445",제 16 기,2019.01.01 ~ 2019.12.31,"84,507,307,910",61,KRW,2021
20220315000841,11011,2021,00564562,097520,OFS,재무제표,BS,재무상태표,유동자산,제 18 기,2021.12.31 현재,"295,714,920,138",제 17 기,2020.12.31 현재,"314,759,366,232",제 16 기,2019.12.31 현재,"353,381,574,827",2,KRW,2021
20220315000841,11011,2021,00564562,097520,OFS,재무제표,BS,재무상태표,비유동자산,제 18 기,2021.12.31 현재,"198,246,234,998",제 17 기,2020.12.31 현재,"151,893,872,729",제 16 기,2019.12.31 현재,"114,306,529,599",4,KRW,2021
20220315000841,11011,2021,00564562,097520,OFS,재무제표,BS,재무상태표,자산총계,제 18 기,2021.12.31 현재,"493,961,155,136",제 17 기,2020.12.31 현재,"466,653,238,961",제 16 기,2019.12.31 현재,"467,688,104,426",6,KRW,2021
20220315000841,11011,2021,00564562,097520,OFS,재무제표,BS,재무상태표,유동부채,제 18 기,2021.12.31 현재,"156,041,293,551",제 17 기,2020.12.31 현재,"153,567,246,577",제 16 기,2019.12.31 현재,"195,397,137,532",8,KRW,2021
20220315000841,11011,2021,00564562,097520,OFS,재무제표,BS,재무상태표,비유동부채,제 18 기,2021.12.31 현재,"12,892,693,642",제 17 기,2020.12.31 현재,"13,176,490,911",제 16 기,2019.12.31 현재,"1,721,750,265",10,KRW,2021
20220315000841,11011,2021,00564562,097520,OFS,재무제표,BS,재무상태표,부채총계,제 18 기,2021.12.31 현재,"168,933,987,193",제 17 기,2020.12.31 현재,"166,743,737,488",제 16 기,2019.12.31 현재,"197,118,887,797",12,KRW,2021
20220315000841,11011,2021,00564562,097520,OFS,재무제표,BS,재무상태표,자본금,제 18 기,2021.12.31 현재,"8,986,716,000",제 17 기,2020.12.31 현재,"8,931,741,000",제 16 기,2019.12.31 현재,"8,931,741,000",15,KRW,2021
20220315000841,11011,2021,00564562,097520,OFS,재무제표,BS,재무상태표,이익잉여금,제 18 기,2021.12.31 현재,"258,695,411,703",제 17 기,2020.12.31 현재,"240,166,837,505",제 16 기,2019.12.31 현재,"211,568,133,764",19,KRW,2021
20220315000841,11011,2021,00564562,097520,OFS,재무제표,BS,재무상태표,자본총계,제 18 기,2021.12.31 현재,"325,027,167,943",제 17 기,2020.12.31 현재,"299,909,501,473",제 16 기,2019.12.31 현재,"270,569,216,629",22,KRW,2021
20220315000841,11011,2021,00564562,097520,OFS,재무제표,IS,손익계산서,매출액,제 18 기,2021.01.01 ~ 2021.12.31,"817,628,889,855",제 17 기,2020.01.01 ~ 2020.12.31,"1,165,038,768,026",제 16 기,2019.01.01 ~ 2019.12.31,"1,184,887,089,354",24,KRW,2021
20220315000841,11011,2021,00564562,097520,OFS,재무제표,IS,손익계산서,영업이익,제 18 기,2021.01.01 ~ 2021.12.31,"17,943,573,441",제 17 기,2020.01.01 ~ 2020.12.31,"68,093,622,882",제 16 기,2019.01.01 ~ 2019.12.31,"130,320,713,948",26,KRW,2021
20220315000841,11011,2021,00564562,097520,OFS,재무제표,IS,손익계산서,법인세차감전 순이익,제 18 기,2021.01.01 ~ 2021.12.31,"36,648,383,181",제 17 기,2020.01.01 ~ 2020.12.31,"50,449,254,409",제 16 기,2019.01.01 ~ 2019.12.31,"135,814,212,360",28,KRW,2021
20220315000841,11011,2021,00564562,097520,OFS,재무제표,IS,손익계산서,당기순이익(손실),제 18 기,2021.01.01 ~ 2021.12.31,"26,674,200,724",제 17 기,2020.01.01 ~ 2020.12.31,"36,870,310,098",제 16 기,2019.01.01 ~ 2019.12.31,"99,541,301,801",30,KRW,2021
20220315000841,11011,2021,00564562,097520,OFS,재무제표,IS,손익계산서,당기순이익(손실),제 18 기,2021.01.01 ~ 2021.12.31,"26,674,200,724",제 17 기,2020.01.01 ~ 2020.12.31,"36,870,310,098",제 16 기,2019.01.01 ~ 2019.12.31,"99,541,301,801",62,KRW,2021
20230314000700,11011,2022,00564562,097520,CFS,연결재무제표,BS,재무상태표,유동자산,제 19 기,2022.12.31 현재,"247,605,783,091",제 18 기,2021.12.31 현재,"277,247,365,181",제 17 기,2020.12.31 현재,"238,171,355,364",1,KRW,2022
20230314000700,11011,2022,00564562,097520,CFS,연결재무제표,BS,재무상태표,비유동자산,제 19 기,2022.12.31 현재,"291,284,227,459",제 18 기,2021.12.31 현재,"248,280,223,111",제 17 기,2020.12.31 현재,"215,224,892,569",3,KRW,2022
20230314000700,11011,2022,00564562,097520,CFS,연결재무제표,BS,재무상태표,자산총계,제 19 기,2022.12.31 현재,"538,890,010,550",제 18 기,2021.12.31 현재,"525,527,588,292",제 17 기,2020.12.31 현재,"453,396,247,933",5,KRW,2022
20230314000700,11011,2022,00564562,097520,CFS,연결재무제표,BS,재무상태표,유동부채,제 19 기,2022.12.31 현재,"197,959,395,089",제 18 기,2021.12.31 현재,"209,467,529,963",제 17 기,2020.12.31 현재,"180,488,777,968",7,KRW,2022
20230314000700,11011,2022,00564562,097520,CFS,연결재무제표,BS,재무상태표,비유동부채,제 19 기,2022.12.31 현재,"31,864,037,490",제 18 기,2021.12.31 현재,"17,093,862,121",제 17 기,2020.12.31 현재,"19,972,726,546",9,KRW,2022
20230314000700,11011,2022,00564562,097520,CFS,연결재무제표,BS,재무상태표,부채총계,제 19 기,2022.12.31 현재,"229,823,432,579",제 18 기,2021.12.31 현재,"226,561,392,084",제 17 기,2020.12.31 현재,"200,461,504,514",11,KRW,2022
20230314000700,11011,2022,00564562,097520,CFS,연결재무제표,BS,재무상태표,자본금,제 19 기,2022.12.31 현재,"8,988,866,000",제 18 기,2021.12.31 현재,"8,986,716,000",제 17 기,2020.12.31 현재,"8,931,741,000",13,KRW,2022
20230314000700,11011,2022,00564562,097520,CFS,연결재무제표,BS,재무상태표,이익잉여금,제 19 기,2022.12.31 현재,"241,928,535,028",제 18 기,2021.12.31 현재,"227,977,662,068",제 17 기,2020.12.31 현재,"196,618,080,133",17,KRW,2022
20230314000700,11011,2022,00564562,097520,CFS,연결재무제표,BS,재무상태표,자본총계,제 19 기,2022.12.31 현재,"309,066,577,971",제 18 기,2021.12.31 현재,"298,966,196,208",제 17 기,2020.12.31 현재,"252,934,743,419",21,KRW,2022
20230314000700,11011,2022,00564562,097520,CFS,연결재무제표,IS,손익계산서,매출액,제 19 기,2022.01.01 ~ 2022.12.31,"1,108,637,950,325",제 18 기,2021.01.01 ~ 2021.12.31,"1,009,273,639,991",제 17 기,2020.01.01 ~ 2020.12.31,"1,311,342,738,149",23,KRW,2022
20230314000700,11011,2022,00564562,097520,CFS,연결재무제표,IS,손익계산서,영업이익,제 19 기,2022.01.01 ~ 2022.12.31,"10,702,196,295",제 18 기,2021.01.01 ~ 2021.12.31,"23,878,951,946",제 17 기,2020.01.01 ~ 2020.12.31,"59,167,161,589",25,KRW,2022
20230314000700,11011,2022,00564562,097520,CFS,연결재무제표,IS,손익계산서,법인세차감전 순이익,제 19 기,2022.01.01 ~ 2022.12.31,"29,150,654,017",제 18 기,2021.01.01 ~ 2021.12.31,"50,280,368,760",제 17 기,2020.01.01 ~ 2020.12.31,"52,626,346,763",27,KRW,2022
20230314000700,11011,2022,00564562,097520,CFS,연결재무제표,IS,손익계산서,당기순이익(손실),제 19 기,2022.01.01 ~ 2022.12.31,"22,973,446,783",제 18 기,2021.01.01 ~ 2021.12.31,"39,505,208,461",제 17 기,2020.01.01 ~ 2020.12.31,"38,443,583,445",29,KRW,2022
20230314000700,11011,2022,00564562,097520,CFS,연결재무제표,IS,손익계산서,당기순이익(손실),제 19 기,2022.01.01 ~ 2022.12.31,"22,973,446,783",제 18 기,2021.01.01 ~ 2021.12.31,"39,505,208,461",제 17 기,2020.01.01 ~ 2020.12.31,"38,443,583,445",61,KRW,2022
20230314000700,11011,2022,00564562,097520,OFS,재무제표,BS,재무상태표,유동자산,제 19 기,2022.12.31 현재,"261,000,947,896",제 18 기,2021.12.31 현재,"295,714,920,138",제 17 기,2020.12.31 현재,"314,759,366,232",2,KRW,2022
20230314000700,11011,2022,00564562,097520,OFS,재무제표,BS,재무상태표,비유동자산,제 19 기,2022.12.31 현재,"229,184,344,112",제 18 기,2021.12.31 현재,"198,246,234,998",제 17 기,2020.12.31 현재,"151,893,872,729",4,KRW,2022
20230314000700,11011,2022,00564562,097520,OFS,재무제표,BS,재무상태표,자산총계,제 19 기,2022.12.31 현재,"490,185,292,008",제 18 기,2021.12.31 현재,"493,961,155,136",제 17 기,2020.12.31 현재,"466,653,238,961",6,KRW,2022
20230314000700,11011,2022,00564562,097520,OFS,재무제표,BS,재무상태표,유동부채,제 19 기,2022.12.31 현재,"130,109,744,211",제 18 기,2021.12.31 현재,"156,041,293,551",제 17 기,2020.12.31 현재,"153,567,246,577",8,KRW,2022
20230314000700,11011,2022,00564562,097520,OFS,재무제표,BS,재무상태표,비유동부채,제 19 기,2022.12.31 현재,"30,767,271,094",제 18 기,2021.12.31 현재,"12,892,693,642",제 17 기,2020.12.31 현재,"13,176,490,911",10,KRW,2022
20230314000700,11011,2022,00564562,097520,OFS,재무제표,BS,재무상태표,부채총계,제 19 기,2022.12.31 현재,"160,877,015,305",제 18 기,2021.12.31 현재,"168,933,987,193",제 17 기,2020.12.31 현재,"166,743,737,488",12,KRW,2022
20230314000700,11011,2022,00564562,097520,OFS,재무제표,BS,재무상태표,자본금,제 19 기,2022.12.31 현재,"8,988,866,000",제 18 기,2021.12.31 현재,"8,986,716,000",제 17 기,2020.12.31 현재,"8,931,741,000",15,KRW,2022
20230314000700,11011,2022,00564562,097520,OFS,재무제표,BS,재무상태표,이익잉여금,제 19 기,2022.12.31 현재,"269,661,353,727",제 18 기,2021.12.31 현재,"258,695,411,703",제 17 기,2020.12.31 현재,"240,166,837,505",19,KRW,2022
20230314000700,11011,2022,00564562,097520,OFS,재무제표,BS,재무상태표,자본총계,제 19 기,2022.12.31 현재,"329,308,276,703",제 18 기,2021.12.31 현재,"325,027,167,943",제 17 기,2020.12.31 현재,"299,909,501,473",22,KRW,2022
20230314000700,11011,2022,00564562,097520,OFS,재무제표,IS,손익계산서,매출액,제 19 기,2022.01.01 ~ 2022.12.31,"853,045,926,316",제 18 기,2021.01.01 ~ 2021.12.31,"817,628,889,855",제 17 기,2020.01.01 ~ 2020.12.31,"1,165,038,768,026",24,KRW,2022
20230314000700,11011,2022,00564562,097520,OFS,재무제표,IS,손익계산서,영업이익,제 19 기,2022.01.01 ~ 2022.12.31,"11,254,171,989",제 18 기,2021.01.01 ~ 2021.12.31,"17,943,573,441",제 17 기,2020.01.01 ~ 2020.12.31,"68,093,622,882",26,KRW,2022
20230314000700,11011,2022,00564562,097520,OFS,재무제표,IS,손익계산서,법인세차감전 순이익,제 19 기,2022.01.01 ~ 2022.12.31,"25,536,401,320",제 18 기,2021.01.01 ~ 2021.12.31,"36,648,383,181",제 17 기,2020.01.01 ~ 2020.12.31,"50,449,254,409",28,KRW,2022
20230314000700,11011,2022,00564562,097520,OFS,재무제표,IS,손익계산서,당기순이익(손실),제 19 기,2022.01.01 ~ 2022.12.31,"19,988,515,847",제 18 기,2021.01.01 ~ 2021.12.31,"26,674,200,724",제 17 기,2020.01.01 ~ 2020.12.31,"36,870,310,098",30,KRW,2022
20230314000700,11011,2022,00564562,097520,OFS,재무제표,IS,손익계산서,당기순이익(손실),제 19 기,2022.01.01 ~ 2022.12.31,"19,988,515,847",제 18 기,2021.01.01 ~ 2021.12.31,"26,674,200,724",제 17 기,2020.01.01 ~ 2020.12.31,"36,870,310,098",62,KRW,2022
20240318000671,11011,2023,00564562,097520,CFS,연결재무제표,BS,재무상태표,유동자산,제 20 기,2023.12.31 현재,"262,566,944,718",제 19 기,2022.12.31 현재,"247,605,783,091",제 18 기,2021.12.31 현재,"277,247,365,181",1,KRW,2023
20240318000671,11011,2023,00564562,097520,CFS,연결재무제표,BS,재무상태표,비유동자산,제 20 기,2023.12.31 현재,"273,130,525,362",제 19 기,2022.12.31 현재,"291,284,227,459",제 18 기,2021.12.31 현재,"248,280,223,111",3,KRW,2023
20240318000671,11011,2023,00564562,097520,CFS,연결재무제표,BS,재무상태표,자산총계,제 20 기,2023.12.31 현재,"535,697,470,080",제 19 기,2022.12.31 현재,"538,890,010,550",제 18 기,2021.12.31 현재,"525,527,588,292",5,KRW,2023
20240318000671,11011,2023,00564562,097520,CFS,연결재무제표,BS,재무상태표,유동부채,제 20 기,2023.12.31 현재,"209,611,357,651",제 19 기,2022.12.31 현재,"197,959,395,089",제 18 기,2021.12.31 현재,"209,467,529,963",7,KRW,2023
20240318000671,11011,2023,00564562,097520,CFS,연결재무제표,BS,재무상태표,비유동부채,제 20 기,2023.12.31 현재,"2,473,409,930",제 19 기,2022.12.31 현재,"31,864,037,490",제 18 기,2021.12.31 현재,"17,093,862,121",9,KRW,2023
20240318000671,11011,2023,00564562,097520,CFS,연결재무제표,BS,재무상태표,부채총계,제 20 기,2023.12.31 현재,"212,084,767,581",제 19 기,2022.12.31 현재,"229,823,432,579",제 18 기,2021.12.31 현재,"226,561,392,084",11,KRW,2023
20240318000671,11011,2023,00564562,097520,CFS,연결재무제표,BS,재무상태표,자본금,제 20 기,2023.12.31 현재,"8,988,866,000",제 19 기,2022.12.31 현재,"8,988,866,000",제 18 기,2021.12.31 현재,"8,986,716,000",13,KRW,2023
20240318000671,11011,2023,00564562,097520,CFS,연결재무제표,BS,재무상태표,이익잉여금,제 20 기,2023.12.31 현재,"260,286,630,030",제 19 기,2022.12.31 현재,"241,928,535,028",제 18 기,2021.12.31 현재,"227,977,662,068",17,KRW,2023
20240318000671,11011,2023,00564562,097520,CFS,연결재무제표,BS,재무상태표,자본총계,제 20 기,2023.12.31 현재,"323,612,702,499",제 19 기,2022.12.31 현재,"309,066,577,971",제 18 기,2021.12.31 현재,"298,966,196,208",21,KRW,2023
20240318000671,11011,2023,00564562,097520,CFS,연결재무제표,IS,손익계산서,매출액,제 20 기,2023.01.01 ~ 2023.12.31,"932,490,110,758",제 19 기,2022.01.01 ~ 2022.12.31,"1,108,637,950,325",제 18 기,2021.01.01 ~ 2021.12.31,"1,009,273,639,991",23,KRW,2023
20240318000671,11011,2023,00564562,097520,CFS,연결재무제표,IS,손익계산서,영업이익,제 20 기,2023.01.01 ~ 2023.12.31,"18,224,255,538",제 19 기,2022.01.01 ~ 2022.12.31,"10,702,196,295",제 18 기,2021.01.01 ~ 2021.12.31,"23,878,951,946",25,KRW,2023
20240318000671,11011,2023,00564562,097520,CFS,연결재무제표,IS,손익계산서,법인세차감전 순이익,제 20 기,2023.01.01 ~ 2023.12.31,"27,811,728,683",제 19 기,2022.01.01 ~ 2022.12.31,"29,150,654,017",제 18 기,2021.01.01 ~ 2021.12.31,"50,280,368,760",27,KRW,2023
20240318000671,11011,2023,00564562,097520,CFS,연결재무제표,IS,손익계산서,당기순이익(손실),제 20 기,2023.01.01 ~ 2023.12.31,"27,923,690,827",제 19 기,2022.01.01 ~ 2022.12.31,"22,973,446,783",제 18 기,2021.01.01 ~ 2021.12.31,"39,505,208,461",29,KRW,2023
20240318000671,11011,2023,00564562,097520,CFS,연결재무제표,IS,손익계산서,당기순이익(손실),제 20 기,2023.01.01 ~ 2023.12.31,"27,923,690,827",제 19 기,2022.01.01 ~ 2022.12.31,"22,973,446,783",제 18 기,2021.01.01 ~ 2021.12.31,"39,505,208,461",61,KRW,2023
20240318000671,11011,2023,00564562,097520,CFS,연결재무제표,IS,손익계산서,총포괄손익,제 20 기,2023.01.01 ~ 2023.12.31,"25,735,137,900",제 19 기,2022.01.01 ~ 2022.12.31,"25,700,431,027",제 18 기,2021.01.01 ~ 2021.12.31,"48,259,101,517",63,KRW,2023
20240318000671,11011,2023,00564562,097520,OFS,재무제표,BS,재무상태표,유동자산,제 20 기,2023.12.31 현재,"254,961,311,365",제 19 기,2022.12.31 현재,"261,000,947,896",제 18 기,2021.12.31 현재,"295,714,920,138",2,KRW,2023
20240318000671,11011,2023,00564562,097520,OFS,재무제표,BS,재무상태표,비유동자산,제 20 기,2023.12.31 현재,"226,119,167,731",제 19 기,2022.12.31 현재,"229,184,344,112",제 18 기,2021.12.31 현재,"198,246,234,998",4,KRW,2023
20240318000671,11011,2023,00564562,097520,OFS,재무제표,BS,재무상태표,자산총계,제 20 기,2023.12.31 현재,"481,080,479,096",제 19 기,2022.12.31 현재,"490,185,292,008",제 18 기,2021.12.31 현재,"493,961,155,136",6,KRW,2023
20240318000671,11011,2023,00564562,097520,OFS,재무제표,BS,재무상태표,유동부채,제 20 기,2023.12.31 현재,"146,554,466,925",제 19 기,2022.12.31 현재,"130,109,744,211",제 18 기,2021.12.31 현재,"156,041,293,551",8,KRW,2023
20240318000671,11011,2023,00564562,097520,OFS,재무제표,BS,재무상태표,비유동부채,제 20 기,2023.12.31 현재,"2,256,709,819",제 19 기,2022.12.31 현재,"30,767,271,094",제 18 기,2021.12.31 현재,"12,892,693,642",10,KRW,2023
20240318000671,11011,2023,00564562,097520,OFS,재무제표,BS,재무상태표,부채총계,제 20 기,2023.12.31 현재,"148,811,176,744",제 19 기,2022.12.31 현재,"160,877,015,305",제 18 기,2021.12.31 현재,"168,933,987,193",12,KRW,2023
20240318000671,11011,2023,00564562,097520,OFS,재무제표,BS,재무상태표,자본금,제 20 기,2023.12.31 현재,"8,988,866,000",제 19 기,2022.12.31 현재,"8,988,866,000",제 18 기,2021.12.31 현재,"8,986,716,000",15,KRW,2023
20240318000671,11011,2023,00564562,097520,OFS,재무제표,BS,재무상태표,이익잉여금,제 20 기,2023.12.31 현재,"274,969,165,248",제 19 기,2022.12.31 현재,"269,661,353,727",제 18 기,2021.12.31 현재,"258,695,411,703",19,KRW,2023
20240318000671,11011,2023,00564562,097520,OFS,재무제표,BS,재무상태표,자본총계,제 20 기,2023.12.31 현재,"332,269,302,352",제 19 기,2022.12.31 현재,"329,308,276,703",제 18 기,2021.12.31 현재,"325,027,167,943",22,KRW,2023
20240318000671,11011,2023,00564562,097520,OFS,재무제표,IS,손익계산서,매출액,제 20 기,2023.01.01 ~ 2023.12.31,"708,850,928,230",제 19 기,2022.01.01 ~ 2022.12.31,"853,045,926,316",제 18 기,2021.01.01 ~ 2021.12.31,"817,628,889,855",24,KRW,2023
20240318000671,11011,2023,00564562,097520,OFS,재무제표,IS,손익계산서,영업이익,제 20 기,2023.01.01 ~ 2023.12.31,"11,521,977,832",제 19 기,2022.01.01 ~ 2022.12.31,"11,254,171,989",제 18 기,2021.01.01 ~ 2021.12.31,"17,943,573,441",26,KRW,2023
20240318000671,11011,2023,00564562,097520,OFS,재무제표,IS,손익계산서,법인세차감전 순이익,제 20 기,2023.01.01 ~ 2023.12.31,"13,648,315,726",제 19 기,2022.01.01 ~ 2022.12.31,"25,536,401,320",제 18 기,2021.01.01 ~ 2021.12.31,"36,648,383,181",28,KRW,2023
20240318000671,11011,2023,00564562,097520,OFS,재무제표,IS,손익계산서,당기순이익(손실),제 20 기,2023.01.01 ~ 2023.12.31,"14,873,407,346",제 19 기,2022.01.01 ~ 2022.12.31,"19,988,515,847",제 18 기,2021.01.01 ~ 2021.12.31,"26,674,200,724",30,KRW,2023
20240318000671,11011,2023,00564562,097520,OFS,재무제표,IS,손익계산서,당기순이익(손실),제 20 기,2023.01.01 ~ 2023.12.31,"14,873,407,346",제 19 기,2022.01.01 ~ 2022.12.31,"19,988,515,847",제 18 기,2021.01.01 ~ 2021.12.31,"26,674,200,724",62,KRW,2023
20240318000671,11011,2023,00564562,097520,OFS,재무제표,IS,손익계산서,총포괄손익,제 20 기,2023.01.01 ~ 2023.12.31,"14,150,039,021",제 19 기,2022.01.01 ~ 2022.12.31,"19,881,158,024",제 18 기,2021.01.01 ~ 2021.12.31,"27,345,315,198",64,KRW,2023
20250318001032,11011,2024,00564562,097520,CFS,연결재무제표,BS,재무상태표,유동자산,제 21 기,2024.12.31 현재,"313,977,354,593",제 20 기,2023.12.31 현재,"262,566,944,718",제 19 기,2022.12.31 현재,"247,605,783,091",1,KRW,2024
20250318001032,11011,2024,00564562,097520,CFS,연결재무제표,BS,재무상태표,비유동자산,제 21 기,2024.12.31 현재,"260,126,196,439",제 20 기,2023.12.31 현재,"273,130,525,362",제 19 기,2022.12.31 현재,"291,284,227,459",3,KRW,2024
20250318001032,11011,2024,00564562,097520,CFS,연결재무제표,BS,재무상태표,자산총계,제 21 기,2024.12.31 현재,"574,103,551,032",제 20 기,2023.12.31 현재,"535,697,470,080",제 19 기,2022.12.31 현재,"538,890,010,550",5,KRW,2024
20250318001032,11011,2024,00564562,097520,CFS,연결재무제표,BS,재무상태표,유동부채,제 21 기,2024.12.31 현재,"197,258,255,686",제 20 기,2023.12.31 현재,"209,611,357,651",제 19 기,2022.12.31 현재,"197,959,395,089",7,KRW,2024
20250318001032,11011,2024,00564562,097520,CFS,연결재무제표,BS,재무상태표,비유동부채,제 21 기,2024.12.31 현재,"4,621,149,193",제 20 기,2023.12.31 현재,"2,473,409,930",제 19 기,2022.12.31 현재,"31,864,037,490",9,KRW,2024
20250318001032,11011,2024,00564562,097520,CFS,연결재무제표,BS,재무상태표,부채총계,제 21 기,2024.12.31 현재,"201,879,404,879",제 20 기,2023.12.31 현재,"212,084,767,581",제 19 기,2022.12.31 현재,"229,823,432,579",11,KRW,2024
20250318001032,11011,2024,00564562,097520,CFS,연결재무제표,BS,재무상태표,자본금,제 21 기,2024.12.31 현재,"8,988,866,000",제 20 기,2023.12.31 현재,"8,988,866,000",제 19 기,2022.12.31 현재,"8,988,866,000",13,KRW,2024
20250318001032,11011,2024,00564562,097520,CFS,연결재무제표,BS,재무상태표,이익잉여금,제 21 기,2024.12.31 현재,"312,997,082,302",제 20 기,2023.12.31 현재,"260,286,630,030",제 19 기,2022.12.31 현재,"241,928,535,028",17,KRW,2024
20250318001032,11011,2024,00564562,097520,CFS,연결재무제표,BS,재무상태표,자본총계,제 21 기,2024.12.31 현재,"372,224,146,153",제 20 기,2023.12.31 현재,"323,612,702,499",제 19 기,2022.12.31 현재,"309,066,577,971",21,KRW,2024
20250318001032,11011,2024,00564562,097520,CFS,연결재무제표,IS,손익계산서,매출액,제 21 기,2024.01.01 ~ 2024.12.31,"1,057,058,423,929",제 20 기,2023.01.01 ~ 2023.12.31,"932,490,110,758",제 19 기,2022.01.01 ~ 2022.12.31,"1,108,637,950,325",23,KRW,2024
20250318001032,11011,2024,00564562,097520,CFS,연결재무제표,IS,손익계산서,영업이익,제 21 기,2024.01.01 ~ 2024.12.31,"44,384,671,816",제 20 기,2023.01.01 ~ 2023.12.31,"18,224,255,538",제 19 기,2022.01.01 ~ 2022.12.31,"10,702,196,295",25,KRW,2024
20250318001032,11011,2024,00564562,097520,CFS,연결재무제표,IS,손익계산서,법인세차감전 순이익,제 21 기,2024.01.01 ~ 2024.12.31,"59,101,826,829",제 20 기,2023.01.01 ~ 2023.12.31,"27,811,728,683",제 19 기,2022.01.01 ~ 2022.12.31,"29,150,654,017",27,KRW,2024
20250318001032,11011,2024,00564562,097520,CFS,연결재무제표,IS,손익계산서,당기순이익(손실),제 21 기,2024.01.01 ~ 2024.12.31,"63,604,930,146",제 20 기,2023.01.01 ~ 2023.12.31,"27,923,690,827",제 19 기,2022.01.01 ~ 2022.12.31,"22,973,446,783",29,KRW,2024
20250318001032,11011,2024,00564562,097520,CFS,연결재무제표,IS,손익계산서,당기순이익(손실),제 21 기,2024.01.01 ~ 2024.12.31,"63,604,930,146",제 20 기,2023.01.01 ~ 2023.12.31,"27,923,690,827",제 19 기,2022.01.01 ~ 2022.12.31,"22,973,446,783",61,KRW,2024
20250318001032,11011,2024,00564562,097520,CFS,연결재무제표,IS,손익계산서,총포괄손익,제 21 기,2024.01.01 ~ 2024.12.31,"74,971,655,158",제 20 기,2023.01.01 ~ 2023.12.31,"25,735,137,900",제 19 기,2022.01.01 ~ 2022.12.31,"25,700,431,027",63,KRW,2024
20250318001032,11011,2024,00564562,097520,OFS,재무제표,BS,재무상태표,유동자산,제 21 기,2024.12.31 현재,"245,198,171,973",제 20 기,2023.12.31 현재,"254,961,311,365",제 19 기,2022.12.31 현재,"261,000,947,896",2,KRW,2024
20250318001032,11011,2024,00564562,097520,OFS,재무제표,BS,재무상태표,비유동자산,제 21 기,2024.12.31 현재,"226,370,113,842",제 20 기,2023.12.31 현재,"226,119,167,731",제 19 기,2022.12.31 현재,"229,184,344,112",4,KRW,2024
20250318001032,11011,2024,00564562,097520,OFS,재무제표,BS,재무상태표,자산총계,제 21 기,2024.12.31 현재,"471,568,285,815",제 20 기,2023.12.31 현재,"481,080,479,096",제 19 기,2022.12.31 현재,"490,185,292,008",6,KRW,2024
20250318001032,11011,2024,00564562,097520,OFS,재무제표,BS,재무상태표,유동부채,제 21 기,2024.12.31 현재,"130,620,228,267",제 20 기,2023.12.31 현재,"146,554,466,925",제 19 기,2022.12.31 현재,"130,109,744,211",8,KRW,2024
20250318001032,11011,2024,00564562,097520,OFS,재무제표,BS,재무상태표,비유동부채,제 21 기,2024.12.31 현재,"4,131,602,469",제 20 기,2023.12.31 현재,"2,256,709,819",제 19 기,2022.12.31 현재,"30,767,271,094",10,KRW,2024
20250318001032,11011,2024,00564562,097520,OFS,재무제표,BS,재무상태표,부채총계,제 21 기,2024.12.31 현재,"134,751,830,736",제 20 기,2023.12.31 현재,"148,811,176,744",제 19 기,2022.12.31 현재,"160,877,015,305",12,KRW,2024
20250318001032,11011,2024,00564562,097520,OFS,재무제표,BS,재무상태표,자본금,제 21 기,2024.12.31 현재,"8,988,866,000",제 20 기,2023.12.31 현재,"8,988,866,000",제 19 기,2022.12.31 현재,"8,988,866,000",15,KRW,2024
20250318001032,11011,2024,00564562,097520,OFS,재무제표,BS,재무상태표,이익잉여금,제 21 기,2024.12.31 현재,"295,305,890,279",제 20 기,2023.12.31 현재,"274,969,165,248",제 19 기,2022.12.31 현재,"269,661,353,727",19,KRW,2024
20250318001032,11011,2024,00564562,097520,OFS,재무제표,BS,재무상태표,자본총계,제 21 기,2024.12.31 현재,"336,816,455,079",제 20 기,2023.12.31 현재,"332,269,302,352",제 19 기,2022.12.31 현재,"329,308,276,703",22,KRW,2024
20250318001032,11011,2024,00564562,097520,OFS,재무제표,IS,손익계산서,매출액,제 21 기,2024.01.01 ~ 2024.12.31,"779,770,902,610",제 20 기,2023.01.01 ~ 2023.12.31,"708,850,928,230",제 19 기,2022.01.01 ~ 2022.12.31,"853,045,926,316",24,KRW,2024
20250318001032,11011,2024,00564562,097520,OFS,재무제표,IS,손익계산서,영업이익,제 21 기,2024.01.01 ~ 2024.12.31,"16,739,664,415",제 20 기,2023.01.01 ~ 2023.12.31,"11,521,977,832",제 19 기,2022.01.01 ~ 2022.12.31,"11,254,171,989",26,KRW,2024
20250318001032,11011,2024,00564562,097520,OFS,재무제표,IS,손익계산서,법인세차감전 순이익,제 21 기,2024.01.01 ~ 2024.12.31,"23,078,522,954",제 20 기,2023.01.01 ~ 2023.12.31,"13,648,315,726",제 19 기,2022.01.01 ~ 2022.12.31,"25,536,401,320",28,KRW,2024
20250318001032,11011,2024,00564562,097520,OFS,재무제표,IS,손익계산서,당기순이익(손실),제 21 기,2024.01.01 ~ 2024.12.31,"31,231,202,905",제 20 기,2023.01.01 ~ 2023.12.31,"14,873,407,346",제 19 기,2022.01.01 ~ 2022.12.31,"19,988,515,847",30,KRW,2024
20250318001032,11011,2024,00564562,097520,OFS,재무제표,IS,손익계산서,당기순이익(손실),제 21 기,2024.01.01 ~ 2024.12.31,"31,231,202,905",제 20 기,2023.01.01 ~ 2023.12.31,"14,873,407,346",제 19 기,2022.01.01 ~ 2022.12.31,"19,988,515,847",62,KRW,2024
20250318001032,11011,2024,00564562,097520,OFS,재무제표,IS,손익계산서,총포괄손익,제 21 기,2024.01.01 ~ 2024.12.31,"30,907,364,231",제 20 기,2023.01.01 ~ 2023.12.31,"14,150,039,021",제 19 기,2022.01.01 ~ 2022.12.31,"19,881,158,024",64,KRW,2024
