rcept_no,corp_cls,corp_code,corp_name,stock_knd,nm,relate,bsis_posesn_stock_co,bsis_posesn_stock_qota_rt,trmend_posesn_stock_co,trmend_posesn_stock_qota_rt,rm,stlm_dt,query_year,endpoint_label
20250318000466,Y,01649204,달바글로벌,보통주,반성연,본인,"1,605,645",14.30,"1,994,780",17.40,(주1),2024-12-31,2024,largest_shareholder
20250318000466,Y,01649204,달바글로벌,보통주,유명한,등기임원,0,0.00,"122,437",1.10,(주2),2024-12-31,2024,largest_shareholder
20250318000466,Y,01649204,달바글로벌,보통주,계,,"1,605,645",14.30,"2,117,217",18.50,-,2024-12-31,2024,largest_shareholder
20250318000466,Y,01649204,달바글로벌,우선주,계,,-,-,-,-,-,2024-12-31,2024,largest_shareholder
20250320001576,Y,01210677,씨케이솔루션,보통주,김유곤,최대주주 본인,"50,001",36.80,"2,529,650",26.81,주3),2024-12-31,2024,largest_shareholder
20250320001576,Y,01210677,씨케이솔루션,보통주,장현주,배우자,"30,096",22.15,"1,615,900",17.13,-,2024-12-31,2024,largest_shareholder
20250320001576,Y,01210677,씨케이솔루션,보통주,오진석,임원,"24,457",18.00,"1,266,090",13.42,주4),2024-12-31,2024,largest_shareholder
20250320001576,Y,01210677,씨케이솔루션,보통주,김민준,자녀,"1,902",1.40,"102,100",1.08,-,2024-12-31,2024,largest_shareholder
20250320001576,Y,01210677,씨케이솔루션,보통주,백승제,임원,"17,324",12.75,"901,960",9.56,주5),2024-12-31,2024,largest_shareholder
20250320001576,Y,01210677,씨케이솔루션,보통주,김형주,자녀,"1,902",1.40,"102,100",1.08,-,2024-12-31,2024,largest_shareholder
20250320001576,Y,01210677,씨케이솔루션,보통주,오광철,임원,19,0.01,950,0.01,-,2024-12-31,2024,largest_shareholder
20250320001576,Y,01210677,씨케이솔루션,보통주,계,,"125,701",92.51,"6,518,750",69.09,-,2024-12-31,2024,largest_shareholder
20250320001576,Y,01210677,씨케이솔루션,-,계,,-,-,-,-,-,2024-12-31,2024,largest_shareholder
20190401004162,Y,00139834,LG씨엔에스,보통주식,(주)LG,최대주주,"74,076,292",85.00,"74,076,292",85.00,-,2018-12-31,2018,largest_shareholder
20190401004162,Y,00139834,LG씨엔에스,보통주식,이순환,특수관계인,"3,917",0.00,"3,917",0.00,-,2018-12-31,2018,largest_shareholder
20190401004162,Y,00139834,LG씨엔에스,보통주식,강현욱,특수관계인,"2,762",0.00,"2,762",0.00,-,2018-12-31,2018,largest_shareholder
20190401004162,Y,00139834,LG씨엔에스,보통주식,정광호,특수관계인,"4,345",0.00,0,0.00,임기만료,2018-12-31,2018,largest_shareholder
20190401004162,Y,00139834,LG씨엔에스,보통주식,정운열,특수관계인,"2,072",0.00,"2,072",0.00,-,2018-12-31,2018,largest_shareholder
20190401004162,Y,00139834,LG씨엔에스,보통주식,김흥식,특수관계인,825,0.00,825,0.00,-,2018-12-31,2018,largest_shareholder
20190401004162,Y,00139834,LG씨엔에스,보통주식,이성은,특수관계인,500,0.00,500,0.00,-,2018-12-31,2018,largest_shareholder
20190401004162,Y,00139834,LG씨엔에스,보통주식,안종봉,특수관계인,0,0.00,"3,074",0.00,신규선임,2018-12-31,2018,largest_shareholder
20190401004162,Y,00139834,LG씨엔에스,보통주식,손준배,특수관계인,0,0.00,"2,680",0.00,신규선임,2018-12-31,2018,largest_shareholder
20190401004162,Y,00139834,LG씨엔에스,보통주식,김진규,특수관계인,0,0.00,"2,500",0.00,신규선임,2018-12-31,2018,largest_shareholder
20190401004162,Y,00139834,LG씨엔에스,보통주식,구본무,특수관계인,"972,600",1.10,0,0.00,피상속,2018-12-31,2018,largest_shareholder
20190401004162,Y,00139834,LG씨엔에스,보통주식,구광모,특수관계인,0,0.00,"972,600",1.10,상속,2018-12-31,2018,largest_shareholder
20190401004162,Y,00139834,LG씨엔에스,보통주식,구본능,특수관계인,"729,400",0.80,"729,400",0.80,-,2018-12-31,2018,largest_shareholder
20190401004162,Y,00139834,LG씨엔에스,보통주식,구본준,특수관계인,"243,200",0.30,"243,200",0.30,-,2018-12-31,2018,largest_shareholder
20190401004162,Y,00139834,LG씨엔에스,보통주식,구본식,특수관계인,"121,500",0.10,"121,500",0.10,-,2018-12-31,2018,largest_shareholder
20190401004162,Y,00139834,LG씨엔에스,보통주식,정웅식,특수관계인,"14,959",0.00,0,0.00,임기만료,2018-12-31,2018,largest_shareholder
20190401004162,Y,00139834,LG씨엔에스,보통주식,노근배,특수관계인,"4,212",0.00,0,0.00,임기만료,2018-12-31,2018,largest_shareholder
20190401004162,Y,00139834,LG씨엔에스,보통주식,백상엽,특수관계인,"4,072",0.00,0,0.00,임기만료,2018-12-31,2018,largest_shareholder
20190401004162,Y,00139834,LG씨엔에스,보통주식,계,,"76,180,656",87.40,"76,161,322",87.30,-,2018-12-31,2018,largest_shareholder
20190401004162,Y,00139834,LG씨엔에스,기타주식,계,,-,-,-,-,-,2018-12-31,2018,largest_shareholder
20200330003747,Y,00139834,LG씨엔에스,보통주식,(주)엘지,최대주주,"74,076,292",85.00,"74,076,292",85.00,-,2019-12-31,2019,largest_shareholder
20200330003747,Y,00139834,LG씨엔에스,보통주식,김진규,특수관계인,"2,500",0.00,0,0.00,임기만료,2019-12-31,2019,largest_shareholder
20200330003747,Y,00139834,LG씨엔에스,보통주식,정운열,특수관계인,"2,072",0.00,0,0.00,지분매각,2019-12-31,2019,largest_shareholder
20200330003747,Y,00139834,LG씨엔에스,보통주식,김흥식,특수관계인,825,0.00,825,0.00,-,2019-12-31,2019,largest_shareholder
20200330003747,Y,00139834,LG씨엔에스,보통주식,이성은,특수관계인,500,0.00,500,0.00,-,2019-12-31,2019,largest_shareholder
20200330003747,Y,00139834,LG씨엔에스,보통주식,윤성원,특수관계인,0,0.00,202,0.00,신규선임,2019-12-31,2019,largest_shareholder
20200330003747,Y,00139834,LG씨엔에스,보통주식,김혜정,특수관계인,0,0.00,202,0.00,신규선임,2019-12-31,2019,largest_shareholder
20200330003747,Y,00139834,LG씨엔에스,보통주식,구광모,특수관계인,"972,600",1.10,"972,600",1.10,-,2019-12-31,2019,largest_shareholder
20200330003747,Y,00139834,LG씨엔에스,보통주식,구본능,특수관계인,"729,400",0.80,"729,400",0.80,-,2019-12-31,2019,largest_shareholder
20200330003747,Y,00139834,LG씨엔에스,보통주식,구본준,특수관계인,"243,200",0.30,"243,200",0.30,-,2019-12-31,2019,largest_shareholder
20200330003747,Y,00139834,LG씨엔에스,보통주식,구본식,특수관계인,"121,500",0.10,"121,500",0.10,-,2019-12-31,2019,largest_shareholder
20200330003747,Y,00139834,LG씨엔에스,보통주식,이순환,특수관계인,"3,917",0.00,"3,917",0.00,-,2019-12-31,2019,largest_shareholder
20200330003747,Y,00139834,LG씨엔에스,보통주식,홍상희,특수관계인,"3,304",0.00,0,0.00,임기만료,2019-12-31,2019,largest_shareholder
20200330003747,Y,00139834,LG씨엔에스,보통주식,안종봉,특수관계인,"3,074",0.00,"3,074",0.00,-,2019-12-31,2019,largest_shareholder
20200330003747,Y,00139834,LG씨엔에스,보통주식,강현욱,특수관계인,"2,762",0.00,0,0.00,지분매각,2019-12-31,2019,largest_shareholder
20200330003747,Y,00139834,LG씨엔에스,보통주식,계,,"76,161,946",87.30,"76,151,712",87.30,-,2019-12-31,2019,largest_shareholder
20200330003747,Y,00139834,LG씨엔에스,기타주식,계,,-,-,-,-,-,2019-12-31,2019,largest_shareholder
20210331001781,Y,00139834,LG씨엔에스,보통주식,(주)엘지,최대주주,"74,076,292",84.95,"43,557,218",49.95,"35%지분매각
(2020.04.29)",2020-12-31,2020,largest_shareholder
20210331001781,Y,00139834,LG씨엔에스,보통주식,윤성원,특수관계인,202,0.00,2,0.00,-,2020-12-31,2020,largest_shareholder
20210331001781,Y,00139834,LG씨엔에스,보통주식,김혜정,특수관계인,202,0.00,202,0.00,-,2020-12-31,2020,largest_shareholder
20210331001781,Y,00139834,LG씨엔에스,보통주식,권주오,특수관계인,0,0.00,"1,750",0.00,신규선임,2020-12-31,2020,largest_shareholder
20210331001781,Y,00139834,LG씨엔에스,보통주식,윤장현,특수관계인,0,0.00,2,0.00,신규선임,2020-12-31,2020,largest_shareholder
20210331001781,Y,00139834,LG씨엔에스,보통주식,김성욱,특수관계인,0,0.00,2,0.00,신규선임,2020-12-31,2020,largest_shareholder
20210331001781,Y,00139834,LG씨엔에스,보통주식,구광모,특수관계인,"972,600",1.12,"972,600",1.12,-,2020-12-31,2020,largest_shareholder
20210331001781,Y,00139834,LG씨엔에스,보통주식,구본능,특수관계인,"729,400",0.84,"729,400",0.84,-,2020-12-31,2020,largest_shareholder
20210331001781,Y,00139834,LG씨엔에스,보통주식,구본준,특수관계인,"243,200",0.28,"243,200",0.28,-,2020-12-31,2020,largest_shareholder
20210331001781,Y,00139834,LG씨엔에스,보통주식,구본식,특수관계인,"121,500",0.14,"121,500",0.14,-,2020-12-31,2020,largest_shareholder
20210331001781,Y,00139834,LG씨엔에스,보통주식,이순환,특수관계인,"3,917",0.00,"3,917",0.00,-,2020-12-31,2020,largest_shareholder
20210331001781,Y,00139834,LG씨엔에스,보통주식,안종봉,특수관계인,"3,074",0.00,0,0.00,임기만료,2020-12-31,2020,largest_shareholder
20210331001781,Y,00139834,LG씨엔에스,보통주식,김흥식,특수관계인,825,0.00,0,0.00,임기만료,2020-12-31,2020,largest_shareholder
20210331001781,Y,00139834,LG씨엔에스,보통주식,이성은,특수관계인,500,0.00,0,0.00,임기만료,2020-12-31,2020,largest_shareholder
20210331001781,Y,00139834,LG씨엔에스,보통주식,계,,"76,151,712",87.33,"45,629,793",52.33,-,2020-12-31,2020,largest_shareholder
20210331001781,Y,00139834,LG씨엔에스,기타주식,계,,-,-,-,-,-,2020-12-31,2020,largest_shareholder
20220405002309,Y,00139834,LG씨엔에스,보통주식,(주)엘지,최대주주,"43,557,218",49.95,"43,557,218",49.95,-,2021-12-31,2021,largest_shareholder
20220405002309,Y,00139834,LG씨엔에스,보통주식,윤장현,특수관계인,2,0.00,2,0.00,-,2021-12-31,2021,largest_shareholder
20220405002309,Y,00139834,LG씨엔에스,보통주식,윤성원,특수관계인,2,0.00,0,0.00,계열제외,2021-12-31,2021,largest_shareholder
20220405002309,Y,00139834,LG씨엔에스,보통주식,김성욱,특수관계인,2,0.00,2,0.00,-,2021-12-31,2021,largest_shareholder
20220405002309,Y,00139834,LG씨엔에스,보통주식,구광모,특수관계인,"972,600",1.12,"972,600",1.12,-,2021-12-31,2021,largest_shareholder
20220405002309,Y,00139834,LG씨엔에스,보통주식,구본능,특수관계인,"729,400",0.84,"729,400",0.84,-,2021-12-31,2021,largest_shareholder
20220405002309,Y,00139834,LG씨엔에스,보통주식,구본준,특수관계인,"243,200",0.28,"243,200",0.28,-,2021-12-31,2021,largest_shareholder
20220405002309,Y,00139834,LG씨엔에스,보통주식,구본식,특수관계인,"121,500",0.14,"121,500",0.14,-,2021-12-31,2021,largest_shareholder
20220405002309,Y,00139834,LG씨엔에스,보통주식,이순환,특수관계인,"3,917",0.00,"3,917",0.00,-,2021-12-31,2021,largest_shareholder
20220405002309,Y,00139834,LG씨엔에스,보통주식,권주오,특수관계인,"1,750",0.00,"1,750",0.00,-,2021-12-31,2021,largest_shareholder
20220405002309,Y,00139834,LG씨엔에스,보통주식,이상현,특수관계인,0,0.00,910,0.00,신규선임,2021-12-31,2021,largest_shareholder
20220405002309,Y,00139834,LG씨엔에스,보통주식,김혜정,특수관계인,202,0.00,202,0.00,-,2021-12-31,2021,largest_shareholder
20220405002309,Y,00139834,LG씨엔에스,보통주식,계,,"45,629,793",52.33,"45,630,701",52.33,-,2021-12-31,2021,largest_shareholder
20220405002309,Y,00139834,LG씨엔에스,기타주식,계,,-,-,-,-,-,2021-12-31,2021,largest_shareholder
20230331004072,Y,00139834,LG씨엔에스,보통주식,(주)엘지,최대주주,"43,557,218",49.95,"43,557,218",49.95,-,2022-12-31,2022,largest_shareholder
20230331004072,Y,00139834,LG씨엔에스,보통주식,구광모,특수관계인,"972,600",1.12,"972,600",1.12,-,2022-12-31,2022,largest_shareholder
20230331004072,Y,00139834,LG씨엔에스,보통주식,구본능,특수관계인,"729,400",0.84,"729,400",0.84,-,2022-12-31,2022,largest_shareholder
20230331004072,Y,00139834,LG씨엔에스,보통주식,구본준,특수관계인,"243,200",0.28,"243,200",0.28,-,2022-12-31,2022,largest_shareholder
20230331004072,Y,00139834,LG씨엔에스,보통주식,구본식,특수관계인,"121,500",0.14,"121,500",0.14,-,2022-12-31,2022,largest_shareholder
20230331004072,Y,00139834,LG씨엔에스,보통주식,계,,"45,623,918",52.32,"45,623,918",52.32,-,2022-12-31,2022,largest_shareholder
20230331004072,Y,00139834,LG씨엔에스,기타주식,계,,-,-,-,-,-,2022-12-31,2022,largest_shareholder
20240401003467,Y,00139834,LG씨엔에스,보통주식,(주)엘지,최대주주,"43,557,218",49.95,"43,557,218",49.95,-,2023-12-31,2023,largest_shareholder
20240401003467,Y,00139834,LG씨엔에스,보통주식,구광모,특수관계인,"972,600",1.12,"972,600",1.12,-,2023-12-31,2023,largest_shareholder
20240401003467,Y,00139834,LG씨엔에스,보통주식,구본능,특수관계인,"729,400",0.84,"729,400",0.84,-,2023-12-31,2023,largest_shareholder
20240401003467,Y,00139834,LG씨엔에스,보통주식,구본준,특수관계인,"243,200",0.28,"243,200",0.28,-,2023-12-31,2023,largest_shareholder
20240401003467,Y,00139834,LG씨엔에스,보통주식,구본식,특수관계인,"121,500",0.14,"121,500",0.14,-,2023-12-31,2023,largest_shareholder
20240401003467,Y,00139834,LG씨엔에스,보통주식,계,,"45,623,918",52.32,"45,623,918",52.32,-,2023-12-31,2023,largest_shareholder
20240401003467,Y,00139834,LG씨엔에스,기타주식,계,,-,-,-,-,-,2023-12-31,2023,largest_shareholder
20250311001270,Y,00139834,LG씨엔에스,보통주식,(주)엘지,최대주주,"43,557,218",49.95,"43,557,218",49.95,-,2024-12-31,2024,largest_shareholder
20250311001270,Y,00139834,LG씨엔에스,보통주식,구광모,특수관계인,"972,600",1.12,"972,600",1.12,-,2024-12-31,2024,largest_shareholder
20250311001270,Y,00139834,LG씨엔에스,보통주식,구본능,특수관계인,"729,400",0.84,"729,400",0.84,-,2024-12-31,2024,largest_shareholder
20250311001270,Y,00139834,LG씨엔에스,보통주식,구본준,특수관계인,"243,200",0.28,"243,200",0.28,-,2024-12-31,2024,largest_shareholder
20250311001270,Y,00139834,LG씨엔에스,보통주식,구본식,특수관계인,"121,500",0.14,"121,500",0.14,-,2024-12-31,2024,largest_shareholder
20250311001270,Y,00139834,LG씨엔에스,보통주식,계,,"45,623,918",52.32,"45,623,918",52.32,-,2024-12-31,2024,largest_shareholder
20250311001270,Y,00139834,LG씨엔에스,기타주식,계,,-,-,-,-,-,2024-12-31,2024,largest_shareholder
20250319000653,Y,01519790,엠앤씨솔루션,보통주,"소시어스

웰투시인베스트먼트

제2호 기업재무안정

주식회사",본인,"106,052",100.00,"6,753,900",73.78,최대주주,2024-12-31,2024,largest_shareholder
20250319000653,Y,01519790,엠앤씨솔루션,보통주,계,,"106,052",100.00,"6,753,900",73.78,-,2024-12-31,2024,largest_shareholder
20250319000653,Y,01519790,엠앤씨솔루션,-,계,,-,-,-,-,-,2024-12-31,2024,largest_shareholder
20250320000574,Y,00968607,더본코리아,보통주,백종원,본인,"293,095",76.70,"8,792,850",60.00,(주1),2024-12-31,2024,largest_shareholder
20250320000574,Y,00968607,더본코리아,보통주,박준상,친인척,"1,364",0.40,"40,920",0.30,(주1),2024-12-31,2024,largest_shareholder
20250320000574,Y,00968607,더본코리아,보통주,강석원,임원,"72,902",19.10,"2,076,660",14.20,(주1),2024-12-31,2024,largest_shareholder
20250320000574,Y,00968607,더본코리아,보통주,계,,"367,361",96.10,"10,910,430",74.40,(주1),2024-12-31,2024,largest_shareholder
20250320000574,Y,00968607,더본코리아,-,계,,-,-,-,-,-,2024-12-31,2024,largest_shareholder
20250317000812,Y,01867758,한화비전,보통주,(주)한화,최대주주,"17,141,530",33.95,"17,141,530",33.95,-,2024-12-31,2024,largest_shareholder
20250317000812,Y,01867758,한화비전,보통주,안순홍,특수관계,"3,201",0.01,"3,201",0.01,-,2024-12-31,2024,largest_shareholder
20250317000812,Y,01867758,한화비전,보통주,계,,"17,144,731",33.96,"17,144,731",33.96,-,2024-12-31,2024,largest_shareholder
20250317000812,Y,01867758,한화비전,-,계,,-,-,-,-,-,2024-12-31,2024,largest_shareholder
20250317000567,Y,00372129,전진건설로봇,의결권있는 주식, 모트렉스전진1호주식회사,본인,"13,751,724",89.50,"11,444,870",78.40,-,2024-12-31,2024,largest_shareholder
20250317000567,Y,00372129,전진건설로봇,의결권있는 주식,계,,"13,751,724",89.50,"11,444,870",78.40,-,2024-12-31,2024,largest_shareholder
20250317000567,Y,00372129,전진건설로봇,기타,계,,-,-,-,-,-,2024-12-31,2024,largest_shareholder
20250328001583,Y,00366438,산일전기,보통주,박동석,최대주주 본인,"231,522",48.34,"10,965,347",36.02,(주2)(주3)(주4)(주5)(주6)(주7),2024-12-31,2024,largest_shareholder
20250328001583,Y,00366438,산일전기,보통주,강은숙,최대주주의 배우자,"127,732",26.67,"5,836,600",19.17,(주2)(주3)(주4)(주6)(주7),2024-12-31,2024,largest_shareholder
20250328001583,Y,00366438,산일전기,보통주,강은심,최대주주의 처형,"1,000",0.21,"50,000",0.16,(주2)(주3)(주4)(주6),2024-12-31,2024,largest_shareholder
20250328001583,Y,00366438,산일전기,보통주,서명석,계열회사의 등기임원,"9,200",1.92,"360,000",1.18,(주2)(주3)(주4)(주6),2024-12-31,2024,largest_shareholder
20250328001583,Y,00366438,산일전기,보통주,국중근,계열회사의 등기임원,542,0.11,"27,100",0.09,(주3)(주4)(주6),2024-12-31,2024,largest_shareholder
20250328001583,Y,00366438,산일전기,보통주,계,,"369,996",77.26,"17,239,047",56.62,-,2024-12-31,2024,largest_shareholder
20250328001583,Y,00366438,산일전기,-,계,,-,-,-,-,-,2024-12-31,2024,largest_shareholder
20250319000952,Y,01384787,시프트업,보통주,김형태,최대주주,"22,661,370",44.66,"22,661,370",38.85,-,2024-12-31,2024,largest_shareholder
20250319000952,Y,01384787,시프트업,보통주,유준석,미등기임원,"45,840",0.09,"45,840",0.08,-,2024-12-31,2024,largest_shareholder
20250319000952,Y,01384787,시프트업,보통주,조인상,미등기임원,0,0.00,"300,000",0.51,주식매수선택권 행사,2024-12-31,2024,largest_shareholder
20250319000952,Y,01384787,시프트업,보통주,채지윤,배우자,"269,850",0.53,"269,850",0.46,-,2024-12-31,2024,largest_shareholder
20250319000952,Y,01384787,시프트업,보통주,민경립,등기임원,"970,410",1.91,"970,410",1.66,-,2024-12-31,2024,largest_shareholder
20250319000952,Y,01384787,시프트업,보통주,이주환,등기임원,"921,600",1.82,0,0.00,퇴직,2024-12-31,2024,largest_shareholder
20250319000952,Y,01384787,시프트업,보통주,안재우,등기임원,"73,320",0.15,"73,320",0.13,-,2024-12-31,2024,largest_shareholder
20250319000952,Y,01384787,시프트업,보통주,이형복,미등기임원,"674,760",1.33,"544,350",0.93,-,2024-12-31,2024,largest_shareholder
20250319000952,Y,01384787,시프트업,보통주,조성래,미등기임원,"108,660",0.21,0,0.00,퇴직,2024-12-31,2024,largest_shareholder
20250319000952,Y,01384787,시프트업,보통주,이동기,미등기임원,"174,300",0.34,"174,300",0.30,-,2024-12-31,2024,largest_shareholder
20250319000952,Y,01384787,시프트업,보통주,유형석,미등기임원,"3,900",0.01,"33,900",0.06,주식매수선택권 행사,2024-12-31,2024,largest_shareholder
20250319000952,Y,01384787,시프트업,보통주,계,,"25,904,010",51.05,"25,073,340",42.98,-,2024-12-31,2024,largest_shareholder
20250319000952,Y,01384787,시프트업,우선주,계,,-,-,-,-,-,2024-12-31,2024,largest_shareholder
20190329004010,Y,00171265,파라다이스,보통주,(주)파라다이스글로벌,본인,"34,420,619",37.85,"34,420,619",37.85,최대주주,2018-12-31,2018,largest_shareholder
20190329004010,Y,00171265,파라다이스,보통주,최창석,계열사임원,"2,770",0.01,"2,770",0.01,-,2018-12-31,2018,largest_shareholder
20190329004010,Y,00171265,파라다이스,보통주,김영주,계열사임원,"9,162",0.01,0,0.01,등기임원 퇴임,2018-12-31,2018,largest_shareholder
20190329004010,Y,00171265,파라다이스,보통주,학교법인 계원학원,"계열비영리
법인","3,720,000",4.09,"3,720,000",4.09,-,2018-12-31,2018,largest_shareholder
20190329004010,Y,00171265,파라다이스,보통주,파라다이스복지재단,"계열비영리
법인","927,002",1.02,"927,002",1.02,-,2018-12-31,2018,largest_shareholder
20190329004010,Y,00171265,파라다이스,보통주,전지혜,특수관계인,"1,725,264",1.90,"1,725,264",1.90,-,2018-12-31,2018,largest_shareholder
20190329004010,Y,00171265,파라다이스,보통주,김성진,특수관계인,"920,680",1.01,0,0.00,특수관계인 제외,2018-12-31,2018,largest_shareholder
20190329004010,Y,00171265,파라다이스,보통주,전원미,특수관계인,"259,467",0.29,"259,467",0.29,-,2018-12-31,2018,largest_shareholder
20190329004010,Y,00171265,파라다이스,보통주,전필립,"본인의
최대주주","415,580",0.46,"415,580",0.46,-,2018-12-31,2018,largest_shareholder
20190329004010,Y,00171265,파라다이스,보통주,박병룡,발행회사임원,"40,000",0.04,"40,000",0.04,-,2018-12-31,2018,largest_shareholder
20190329004010,Y,00171265,파라다이스,보통주,최성욱,계열사임원,"5,000",0.01,0,0.00,등기임원 퇴임,2018-12-31,2018,largest_shareholder
20190329004010,Y,00171265,파라다이스,보통주,계,,"42,445,544",46.67,"41,510,702",45.64,-,2018-12-31,2018,largest_shareholder
20190329004010,Y,00171265,파라다이스,우선주,계,,-,-,-,-,-,2018-12-31,2018,largest_shareholder
20200330001372,Y,00171265,파라다이스,보통주,(주)파라다이스글로벌,본인,"34,420,619",37.85,"34,420,619",37.85,최대주주,2019-12-31,2019,largest_shareholder
20200330001372,Y,00171265,파라다이스,보통주,김재희,특수관계인,0,0.00,"57,330",0.06,특수관계인 추가,2019-12-31,2019,largest_shareholder
20200330001372,Y,00171265,파라다이스,보통주,박병룡,발행회사임원,"40,000",0.04,"40,000",0.04,-,2019-12-31,2019,largest_shareholder
20200330001372,Y,00171265,파라다이스,보통주,최창석,계열사임원,"2,770",0.01,"2,770",0.01,-,2019-12-31,2019,largest_shareholder
20200330001372,Y,00171265,파라다이스,보통주,최성욱,계열사임원,0,0.01,"5,000",0.01,등기임원 선임,2019-12-31,2019,largest_shareholder
20200330001372,Y,00171265,파라다이스,보통주,학교법인 계원학원,"계열비영리
법인","3,720,000",4.09,"3,720,000",4.09,-,2019-12-31,2019,largest_shareholder
20200330001372,Y,00171265,파라다이스,보통주,파라다이스복지재단,"계열비영리
법인","927,002",1.02,"927,002",1.02,-,2019-12-31,2019,largest_shareholder
20200330001372,Y,00171265,파라다이스,보통주,전지혜,특수관계인,"1,725,264",1.90,"1,725,264",1.90,-,2019-12-31,2019,largest_shareholder
20200330001372,Y,00171265,파라다이스,보통주,전원미,특수관계인,"259,467",0.29,"259,467",0.29,-,2019-12-31,2019,largest_shareholder
20200330001372,Y,00171265,파라다이스,보통주,전필립,"본인의
최대주주","415,580",0.46,"415,580",0.46,-,2019-12-31,2019,largest_shareholder
20200330001372,Y,00171265,파라다이스,보통주,전성결,특수관계인,0,0.00,"28,000",0.03,특수관계인 추가,2019-12-31,2019,largest_shareholder
20200330001372,Y,00171265,파라다이스,보통주,김영율,특수관 계인,0,0.00,"185,000",0.20,특수관계인 추가,2019-12-31,2019,largest_shareholder
20200330001372,Y,00171265,파라다이스,보통주,김명옥,특수관계인,0,0.00,"135,000",0.15,특수관계인 추가,2019-12-31,2019,largest_shareholder
20200330001372,Y,00171265,파라다이스,보통주,계,,"41,510,702",45.64,"41,921,032",46.10,-,2019-12-31,2019,largest_shareholder
20200330001372,Y,00171265,파라다이스,우선주,계,,-,-,-,-,-,2019-12-31,2019,largest_shareholder
20210419000082,Y,00171265,파라다이스,보통주,(주)파라다이스글로벌,본인,"34,420,619",37.85,"34,767,536",38.23,장내 매수,2020-12-31,2020,largest_shareholder
20210419000082,Y,00171265,파라다이스,보통주,전성결,특수관계인,"28,000",0.03,0,0.00,장내 매도,2020-12-31,2020,largest_shareholder
20210419000082,Y,00171265,파라다이스,보통주,박병룡,발행회사임원,"40,000",0.04,"40,000",0.04,-,2020-12-31,2020,largest_shareholder
20210419000082,Y,00171265,파라다이스,보통주,최창석,계열사임원,"2,770",0.01,"2,770",0.01,-,2020-12-31,2020,largest_shareholder
20210419000082,Y,00171265,파라다이스,보통주,최성욱,계열사임원,"5,000",0.01,0,0.00,등기임원 제외,2020-12-31,2020,largest_shareholder
20210419000082,Y,00171265,파라다이스,보통주,학교법인 계원학원,"계열비영리
법인","3,720,000",4.09,"3,720,000",4.09,-,2020-12-31,2020,largest_shareholder
20210419000082,Y,00171265,파라다이스,보통주,파라다이스복지재단,"계열비영리
법인","927,002",1.02,"927,002",1.02,-,2020-12-31,2020,largest_shareholder
20210419000082,Y,00171265,파라다이스,보통주,전지혜,특수관계인,"1,725,264",1.90,"1,725,264",1.90,-,2020-12-31,2020,largest_shareholder
20210419000082,Y,00171265,파라다이스,보통주,전원미,특수관계인,"259,467",0.29,"259,467",0.29,-,2020-12-31,2020,largest_shareholder
20210419000082,Y,00171265,파라다이스,보통주,전필립,"본인의
최대주주","415,580",0.46,"415,580",0.46,-,2020-12-31,2020,largest_shareholder
20210419000082,Y,00171265,파라다이스,보통주,김영율,특수관계인,"185,000",0.20,"185,000",0.20,-,2020-12-31,2020,largest_shareholder
20210419000082,Y,00171265,파라다이스,보통주,김명옥,특수관계인,"135,000",0.15,"135,000",0.15,-,2020-12-31,2020,largest_shareholder
20210419000082,Y,00171265,파라다이스,보통주,김재희,특수관계인,"57,330",0.06,0,0.00,장내 매도,2020-12-31,2020,largest_shareholder
20210419000082,Y,00171265,파라다이스,보통주,계,,"41,921,032",46.10,"42,177,619",46.38,-,2020-12-31,2020,largest_shareholder
20210419000082,Y,00171265,파라다이스,우선주,계,,-,-,-,-,-,2020-12-31,2020,largest_shareholder
20220317001345,Y,00171265,파라다이스,보통주,(주)파라다이스글로벌,본인,"34,767,536",38.23,"34,767,536",38.23,-,2021-12-31,2021,largest_shareholder
20220317001345,Y,00171265,파라다이스,보통주,최창석,계열사임원,"2,770",0.01,0,0.00,장내 매도,2021-12-31,2021,largest_shareholder
20220317001345,Y,00171265,파라다이스,보통주,최성욱,계열사임원,0,0.00,"5,000",0.01,등기임원 선임,2021-12-31,2021,largest_shareholder
20220317001345,Y,00171265,파라다이스,보통주,학교법인 계원학원,"계열비영리
법인","3,720,000",4.09,"3,720,000",4.09,-,2021-12-31,2021,largest_shareholder
20220317001345,Y,00171265,파라다이스,보통주,파라다이스복지재단,"계열비영리
법인","927,002",1.02,"927,002",1.02,-,2021-12-31,2021,largest_shareholder
20220317001345,Y,00171265,파라다이스,보통주,전지혜,특수관계인,"1,725,264",1.90,"1,725,264",1.90,-,2021-12-31,2021,largest_shareholder
20220317001345,Y,00171265,파라다이스,보통주,전원미,특수관계인,"259,467",0.29,"259,467",0.29,-,2021-12-31,2021,largest_shareholder
20220317001345,Y,00171265,파라다이스,보통주,전필립,"본인의
최대주주","415,580",0.46,"415,580",0.46,-,2021-12-31,2021,largest_shareholder
20220317001345,Y,00171265,파라다이스,보통주,김영율,특수관계인,"185,000",0.20,"185,000",0.20,-,2021-12-31,2021,largest_shareholder
20220317001345,Y,00171265,파라다이스,보통주,김명옥,특수관계인,"135,000",0.15,"135,000",0.15,-,2021-12-31,2021,largest_shareholder
20220317001345,Y,00171265,파라다이스,보통주,박병룡,계열사임원,"40,000",0.04,"40,000",0.04,-,2021-12-31,2021,largest_shareholder
20220317001345,Y,00171265,파라다이스,보통주,계,,"42,177,619",46.38,"42,179,849",46.38,-,2021-12-31,2021,largest_shareholder
20220317001345,Y,00171265,파라다이스,우선주,계,,-,-,-,-,-,2021-12-31,2021,largest_shareholder
20230316001131,Y,00171265,파라다이스,보통주,(주)파라다이스글로벌,본인,"34,767,536",38.23,"34,767,536",38.20,-,2022-12-31,2022,largest_shareholder
20230316001131,Y,00171265,파라다이스,보통주,최성욱,계열사임원,"5,000",0.01,"5,000",0.01,-,2022-12-31,2022,largest_shareholder
20230316001131,Y,00171265,파라다이스,보통주,학교법인 계원학원,계열 비영리법인,"3,720,000",4.09,"3,720,000",4.09,-,2022-12-31,2022,largest_shareholder
20230316001131,Y,00171265,파라다이스,보통주,파라다이스복지재단,계열 비영리법인,"927,002",1.02,"927,002",1.02,-,2022-12-31,2022,largest_shareholder
20230316001131,Y,00171265,파라다이스,보통주,전지혜,특수관계인,"1,725,264",1.90,"1,725,264",1.90,-,2022-12-31,2022,largest_shareholder
20230316001131,Y,00171265,파라다이스,보통주,전원미,특수관계인,"259,467",0.29,"259,467",0.28,-,2022-12-31,2022,largest_shareholder
20230316001131,Y,00171265,파라다이스,보통주,전필립,본인의 최대주주,"415,580",0.46,"415,580",0.46,-,2022-12-31,2022,largest_shareholder
20230316001131,Y,00171265,파라다이스,보통주,김영율,특수관계인,"185,000",0.20,"185,000",0.20,-,2022-12-31,2022,largest_shareholder
20230316001131,Y,00171265,파라다이스,보통주,김명옥,특수관계인,"135,000",0.15,"104,850",0.11,장내 매도,2022-12-31,2022,largest_shareholder
20230316001131,Y,00171265,파라다이스,보통주,박병룡,계열사임원,"40,000",0.04,0,0.00,등기임원 사임,2022-12-31,2022,largest_shareholder
20230316001131,Y,00171265,파라다이스,보통주,계,,"42,179,849",46.38,"42,109,699",46.27,-,2022-12-31,2022,largest_shareholder
20230316001131,Y,00171265,파라다이스,보통주,계,,-,-,-,-,-,2022-12-31,2022,largest_shareholder
20240314000746,Y,00171265,파라다이스,보통주,(주)파라다이스글로벌,본인,"34,767,536",38.20,"34,767,536",37.90,-,2023-12-31,2023,largest_shareholder
20240314000746,Y,00171265,파라다이스,보통주,학교법인 계원학원,계열 비영리법인,"3,720,000",4.09,"3,720,000",4.05,-,2023-12-31,2023,largest_shareholder
20240314000746,Y,00171265,파라다이스,보통주,파라다이스복지재단,계열 비영리법인,"927,002",1.02,"927,002",1.01,-,2023-12-31,2023,largest_shareholder
20240314000746,Y,00171265,파라다이스,보통주,전지혜,특수관계인,"1,725,264",1.90,"1,725,264",1.88,-,2023-12-31,2023,largest_shareholder
20240314000746,Y,00171265,파라다이스,보통주,전원미,특수관계인,"259,467",0.28,"259,467",0.28,-,2023-12-31,2023,largest_shareholder
20240314000746,Y,00171265,파라다이스,보통주,전필립,본인의 최대주주,"415,580",0.46,"415,580",0.45,-,2023-12-31,2023,largest_shareholder
20240314000746,Y,00171265,파라다이스,보통주,김영율,특수관계인,"185,000",0.20,"185,000",0.20,-,2023-12-31,2023,largest_shareholder
20240314000746,Y,00171265,파라다이스,보통주,김명옥,특수관계인,"104,850",0.11,"77,290",0.08,장내 매도,2023-12-31,2023,largest_shareholder
20240314000746,Y,00171265,파라다이스,보통주,최성욱,계열사임원,"5,000",0.01,"5,000",0.01,-,2023-12-31,2023,largest_shareholder
20240314000746,Y,00171265,파라다이스,보통주,계,,"42,109,699",46.27,"42,082,139",45.86,-,2023-12-31,2023,largest_shareholder
20240314000746,Y,00171265,파라다이스,보통주,계,,-,-,-,-,-,2023-12-31,2023,largest_shareholder
20250415000021,Y,00171265,파라다이스,보통주,(주)파라다이스글로벌,본인,"34,767,536",37.90,"34,767,536",37.88,-,2024-12-31,2024,largest_shareholder
20250415000021,Y,00171265,파라다이스,보통주,학교법인 계원학원,계열 비영리법인,"3,720,000",4.05,"3,720,000",4.05,-,2024-12-31,2024,largest_shareholder
20250415000021,Y,00171265,파라다이스,보통주,파라다이스복지재단,계열 비영리법인,"927,002",1.01,"927,002",1.01,-,2024-12-31,2024,largest_shareholder
20250415000021,Y,00171265,파라다이스,보통주,전지혜,특수관계인,"1,725,264",1.88,"1,725,264",1.88,-,2024-12-31,2024,largest_shareholder
20250415000021,Y,00171265,파라다이스,보통주,전필립,본인의 최대주주,"415,580",0.45,"415,580",0.45,-,2024-12-31,2024,largest_shareholder
20250415000021,Y,00171265,파라다이스,보통주,전원미,특수관계인,"259,467",0.28,"259,467",0.28,-,2024-12-31,2024,largest_shareholder
20250415000021,Y,00171265,파라다이스,보통주,최성욱,계열회사 임원,"5,000",0.01,"5,000",0.01,-,2024-12-31,2024,largest_shareholder
20250415000021,Y,00171265,파라다이스,보통주,강신열,임원,0,0.00,"5,000",0.01,-,2024-12-31,2024,largest_shareholder
20250415000021,Y,00171265,파라다이스,보통주,계,,"41,819,849",45.58,"41,824,849",45.57,-,2024-12-31,2024,largest_shareholder
20250415000021,Y,00171265,파라다이스,보통주,계,,-,-,-,-,-,2024-12-31,2024,largest_shareholder
20250509000499,Y,01194689,HD현대마린솔루션,보통주,HD현대㈜,최대주주,"24,800,000",62.00,"24,800,000",55.32,-,2024-12-31,2024,largest_shareholder
20250509000499,Y,01194689,HD현대마린솔루션,보통주,이기동,특수관계인,0,0.00,"5,250",0.01,-,2024-12-31,2024,largest_shareholder
20250509000499,Y,01194689,HD현대마린솔루션,보통주,윤병락,특수관계인,0,0.00,"2,500",0.01,-,2024-12-31,2024,largest_shareholder
20250509000499,Y,01194689,HD현대마린솔루션,보통주,김정혁,특수관계인,0,0.00,"2,500",0.01,-,2024-12-31,2024,largest_shareholder
20250509000499,Y,01194689,HD현대마린솔루션,보통주,신현대,특수관계인,0,0.00,7,0.00,-,2024-12-31,2024,largest_shareholder
20250509000499,Y,01194689,HD현대마린솔루션,보통주,안오민,특수관계인,0,0.00,50,0.00,-,2024-12-31,2024,largest_shareholder
20250509000499,Y,01194689,HD현대마린솔루션,보통주,윤철규,특수관계인,0,0.00,10,0.00,-,2024-12-31,2024,largest_shareholder
20250509000499,Y,01194689,HD현대마린솔루션,보통주,계,,"24,800,000",62.00,"24,810,317",55.34,-,2024-12-31,2024,largest_shareholder
20250509000499,Y,01194689,HD현대마린솔루션,합계,계,,"24,800,000",62.00,"24,810,317",55.34,-,2024-12-31,2024,largest_shareholder
20250317000875,Y,01817081,SK이터닉스,보통주,SK디스커버리㈜,최대주주 본인,"8,713,188",34.09,"10,455,825",31.03,-,2024-12-31,2024,largest_shareholder
20250317000875,Y,01817081,SK이터닉스,보통주,김도현,계열사 임원,"7,487",0.03,"8,984",0.03,-,2024-12-31,2024,largest_shareholder
20250317000875,Y,01817081,SK이터닉스,보통주,김해중,발행회사 임원,0,0.00,"6,000",0.02,-,2024-12-31,2024,largest_shareholder
20250317000875,Y,01817081,SK이터닉스,보통주,계,,"8,720,675",34.12,"10,470,809",31.08,-,2024-12-31,2024,largest_shareholder
20250317000875,Y,01817081,SK이터닉스,우선주,계,,-,-,-,-,-,2024-12-31,2024,largest_shareholder
20200924000286,Y,01190568,에이피알,보통주,김병훈,최대주주,"2,603,720",44.19,"2,546,322",37.50,"유상증자, 주식매도",2018-12-31,2018,largest_shareholder
20200924000286,Y,01190568,에이피알,보통주,이주광,특수관계인,"2,603,720",44.19,"1,518,575",22.36,"유상증자, 주식매도",2018-12-31,2018,largest_shareholder
20200924000286,Y,01190568,에이피알,보통주,신재하,특수관계인,"112,000",1.90,"105,610",1.56,"유상증자, 주식매도",2018-12-31,2018,largest_shareholder
20200924000286,Y,01190568,에이피알,보통주,계,,"5,319,440",90.28,"4,170,507",61.42,-,2018-12-31,2018,largest_shareholder
20200924000286,Y,01190568,에이피알,우선주,계,,-,-,-,-,-,2018-12-31,2018,largest_shareholder
20200924000296,Y,01190568,에이피알,보통주,김병훈,본인,"2,546,322",37.50,"2,546,322",37.50,-,2019-12-31,2019,largest_shareholder
20200924000296,Y,01190568,에이피알,보통주,이주광,-,"1,518,575",22.36,0,0.00,임원사임,2019-12-31,2019,largest_shareholder
20200924000296,Y,01190568,에이피알,보통주,"(주)에이피알
에쿼티홀딩스",특수관계인,0,0.00,"1,518,575",22.36,-,2019-12-31,2019,largest_shareholder
20200924000296,Y,01190568,에이피알,보통주,신재하,특수관계인,"105,610",1.56,"105,610",1.56,-,2019-12-31,2019,largest_shareholder
20200924000296,Y,01190568,에이피알,보통주,계,,"4,170,507",61.42,"4,170,507",61.42,-,2019-12-31,2019,largest_shareholder
20200924000296,Y,01190568,에이피알,우선주,계,,-,-,-,-,-,2019-12-31,2019,largest_shareholder
20210331000895,Y,01190568,에이피알,보통주,김병훈,본인,"2,546,322",37.50,"2,551,562",37.00,-,2020-12-31,2020,largest_shareholder
20210331000895,Y,01190568,에이피알,보통주,(주)에이피알에쿼티홀딩스,특수관계인,"1,518,575",22.40,"1,240,993",18.00,-,2020-12-31,2020,largest_shareholder
20210331000895,Y,01190568,에이피알,보통주,신재하,특수관계인,"105,610",1.60,"106,170",1.50,-,2020-12-31,2020,largest_shareholder
20210331000895,Y,01190568,에이피알,보통주,계,,"4,170,507",61.40,"3,898,725",56.60,-,2020-12-31,2020,largest_shareholder
20210331000895,Y,01190568,에이피알,우선주,계,,-,-,-,-,-,2020-12-31,2020,largest_shareholder
20220331002148,Y,01190568,에이피알,보통주,김병훈,본인,"2,551,562",37.00,"2,554,854",36.50,-,2021-12-31,2021,largest_shareholder
20220331002148,Y,01190568,에이피알,보통주,(주)에이피알에쿼티홀딩스,특수관계인,"1,240,993",18.00,"1,213,087",17.40,-,2021-12-31,2021,largest_shareholder
20220331002148,Y,01190568,에이피알,보통주,신재하,등기임원,"106,170",1.50,"106,170",1.50,-,2021-12-31,2021,largest_shareholder
20220331002148,Y,01190568,에이피알,보통주,오우택,미등기임원,0,0.00,200,0.00,-,2021-12-31,2021,largest_shareholder
20220331002148,Y,01190568,에이피알,보통주,계,,"3,898,725",56.60,"3,874,311",55.40,-,2021-12-31,2021,largest_shareholder
20220331002148,Y,01190568,에이피알,우선주,계,,-,-,-,-,-,2021-12-31,2021,largest_shareholder
20230329001036,Y,01190568,에이피알,보통주,김병훈,본인,"2,554,854",36.50,"2,554,854",35.60,-,2022-12-31,2022,largest_shareholder
20230329001036,Y,01190568,에이피알,보통주,(주)넥스트스테이지,특수관계인,"1,213,087",17.40,"74,009",1.00,-,2022-12-31,2022,largest_shareholder
20230329001036,Y,01190568,에이피알,보통주,신재하,등기임원,"106,170",1.50,"106,170",1.50,-,2022-12-31,2022,largest_shareholder
20230329001036,Y,01190568,에이피알,보통주,계,,"3,874,311",55.40,"2,735,033",38.10,-,2022-12-31,2022,largest_shareholder
20230329001036,Y,01190568,에이피알,우선주,계,,-,-,-,-,-,2022-12-31,2022,largest_shareholder
20240321000964,Y,01190568,에이피알,보통주,김병훈,본인,"2,554,854",35.60,"2,554,854",35.10,-,2023-12-31,2023,largest_shareholder
20240321000964,Y,01190568,에이피알,보통주,신재하,등기임원,"106,170",1.50,"106,170",1.50,-,2023-12-31,2023,largest_shareholder
20240321000964,Y,01190568,에이피알,보통주,넥스트스테이지,특수관계인,"74,009",1.00,0,0.00,-,2023-12-31,2023,largest_shareholder
20240321000964,Y,01190568,에이피알,보통주,계,,"2,735,033",38.10,"7,275,378",36.60,-,2023-12-31,2023,largest_shareholder
20240321000964,Y,01190568,에이피알,우선주,계,,-,-,-,-,-,2023-12-31,2023,largest_shareholder
20250321001576,Y,01190568,에이피알,보통주,김병훈,본인,"2,554,854",35.12,"11,953,660",31.35,"발행주식총수 증가 및 
일반공모 매출, 매매거래",2024-12-31,2024,largest_shareholder
20250321001576,Y,01190568,에이피알,보통주,신재하,발행회사 임원,"106,170",1.46,"457,310",1.19,발행주식총수 증가 및 매매거래,2024-12-31,2024,largest_shareholder
20250321001576,Y,01190568,에이피알,보통주,정재훈,계열회사 임원,0,0.00,"1,500",0.00,매매거래,2024-12-31,2024,largest_shareholder
20250321001576,Y,01190568,에이피알,보통주,임윤지,계열회사 임원,0,0.00,"25,000",0.06,주식매수선택권 행사,2024-12-31,2024,largest_shareholder
20250321001576,Y,01190568,에이피알,보통주,계,,"2,661,024",36.58,"12,437,470",32.62,-,2024-12-31,2024,largest_shareholder
20250321001576,Y,01190568,에이피알,-,계,,-,-,-,-,-,2024-12-31,2024,largest_shareholder
20190329003209,Y,00398701,엘앤에프,보통주,(주)새로닉스,최대주주,"4,033,220",16.41,"4,033,220",16.29,-,2018-12-31,2018,largest_shareholder
20190329003209,Y,00398701,엘앤에프,보통주,이헌일,특수관계인,"4,168",0.02,"4,168",0.02,-,2018-12-31,2018,largest_shareholder
20190329003209,Y,00398701,엘앤에프,보통주,박행숙,특수관계인,"47,619",0.19,"32,619",0.13,-,2018-12-31,2018,largest_shareholder
20190329003209,Y,00398701,엘앤에프,보통주,이성수,특수관계인,"17,754",0.07,"17,754",0.07,-,2018-12-31,2018,largest_shareholder
20190329003209,Y,00398701,엘앤에프,보통주,이관수,특수관계인,"40,087",0.16,"40,087",0.16,-,2018-12-31,2018,largest_shareholder
20190329003209,Y,00398701,엘앤에프,보통주,이봉원,특수관계인,"308,953",1.25,"231,105",0.93,-,2018-12-31,2018,largest_shareholder
20190329003209,Y,00398701,엘앤에프,보통주,서상호,특수관계인,"15,000",0.06,"12,000",0.05,-,2018-12-31,2018,largest_shareholder
20190329003209,Y,00398701,엘앤에프,보통주,최수안,특수관계인,"15,000",0.06,0,0.00,-,2018-12-31,2018,largest_shareholder
20190329003209,Y,00398701,엘앤에프,보통주,"KWANG SUNG ELECTRONICS,INC.",특수관계인,"1,085,776",4.42,"1,085,776",4.39,-,2018-12-31,2018,largest_shareholder
20190329003209,Y,00398701,엘앤에프,보통주,광성전자주식회사,특수관계인,"370,690",1.51,"370,690",1.50,-,2018-12-31,2018,largest_shareholder
20190329003209,Y,00398701,엘앤에프,보통주,허제홍,특수관계인,"672,093",2.73,"672,093",2.71,-,2018-12-31,2018,largest_shareholder
20190329003209,Y,00398701,엘앤에프,보통주,허제현,특수관계인,"538,107",2.19,"538,107",2.17,-,2018-12-31,2018,largest_shareholder
20190329003209,Y,00398701,엘앤에프,보통주,HUR LAUREN JAYOUN,특수관계인,"194,496",0.79,"194,496",0.79,-,2018-12-31,2018,largest_shareholder
20190329003209,Y,00398701,엘앤에프,보통주,신화영,특수관계인,"17,878",0.07,"17,878",0.07,-,2018-12-31,2018,largest_shareholder
20190329003209,Y,00398701,엘앤에프,보통주,박은진,특수관계인,"2,000",0.01,"2,000",0.01,-,2018-12-31,2018,largest_shareholder
20190329003209,Y,00398701,엘앤에프,보통주,허성택,특수관계인,"15,013",0.06,"15,013",0.06,-,2018-12-31,2018,largest_shareholder
20190329003209,Y,00398701,엘앤에프,보통주,계,,"7,377,854",30.02,"7,276,007",29.39,-,2018-12-31,2018,largest_shareholder
20190329003209,Y,00398701,엘앤에프,우선주,계,,-,-,-,-,-,2018-12-31,2018,largest_shareholder
20200326000817,Y,00398701,엘앤에프,보통주,(주)새로닉스,최대주주,"4,033,220",16.29,"4,033,220",16.29,-,2019-12-31,2019,largest_shareholder
20200326000817,Y,00398701,엘앤에프,보통주,이헌일,특수관계인,"4,168",0.02,"4,168",0.02,-,2019-12-31,2019,largest_shareholder
20200326000817,Y,00398701,엘앤에프,보통주,박행숙,특수관계인,"32,619",0.13,"32,619",0.13,-,2019-12-31,2019,largest_shareholder
20200326000817,Y,00398701,엘앤에프,보통주,이성수,특수관계인,"17,754",0.07,"17,754",0.07,-,2019-12-31,2019,largest_shareholder
20200326000817,Y,00398701,엘앤에프,보통주,이관수,특수관계인,"40,087",0.16,"40,087",0.16,-,2019-12-31,2019,largest_shareholder
20200326000817,Y,00398701,엘앤에프,보통주,이봉원,특수관계인,"231,105",0.93,0,0.00,-,2019-12-31,2019,largest_shareholder
20200326000817,Y,00398701,엘앤에프,보통주,서상호,특수관계인,"12,000",0.05,"12,000",0.05,-,2019-12-31,2019,largest_shareholder
20200326000817,Y,00398701,엘앤에프,보통주,"KWANG SUNG ELECTRONICS,INC.",특수관계인,"1,085,776",4.39,"1,085,776",4.39,-,2019-12-31,2019,largest_shareholder
20200326000817,Y,00398701,엘앤에프,보통주,광성전자주식회사,특수관계인,"370,690",1.50,"370,690",1.50,-,2019-12-31,2019,largest_shareholder
20200326000817,Y,00398701,엘앤에프,보통주,허제홍,특수관계인,"672,093",2.71,"672,093",2.71,-,2019-12-31,2019,largest_shareholder
20200326000817,Y,00398701,엘앤에프,보통주,허제현,특수관계인,"538,107",2.17,"538,107",2.17,-,2019-12-31,2019,largest_shareholder
20200326000817,Y,00398701,엘앤에프,보통주,HUR LAUREN JAYOUN,특수관계인,"194,496",0.79,"194,496",0.79,-,2019-12-31,2019,largest_shareholder
20200326000817,Y,00398701,엘앤에프,보통주,신화영,특수관계인,"17,878",0.07,"17,878",0.07,-,2019-12-31,2019,largest_shareholder
20200326000817,Y,00398701,엘앤에프,보통주,박은진,특수관계인,"2,000",0.01,"2,000",0.01,-,2019-12-31,2019,largest_shareholder
20200326000817,Y,00398701,엘앤에프,보통주,허성택,특수관계인,"15,013",0.06,"15,013",0.06,-,2019-12-31,2019,largest_shareholder
20200326000817,Y,00398701,엘앤에프,보통주,계,,"7,276,007",29.39,"7,035,901",28.42,-,2019-12-31,2019,largest_shareholder
20200326000817,Y,00398701,엘앤에프,우선주,계,,-,-,-,-,-,2019-12-31,2019,largest_shareholder
20210309000400,Y,00398701,엘앤에프,보통주,(주)새로닉스,최대주주,"4,033,220",16.29,"4,603,089",16.41,-,2020-12-31,2020,largest_shareholder
20210309000400,Y,00398701,엘앤에프,보통주,이헌일,특수관계인,"4,168",0.02,"3,983",0.01,-,2020-12-31,2020,largest_shareholder
20210309000400,Y,00398701,엘앤에프,보통주,박행숙,특수관계인,"32,619",0.13,"27,803",0.10,-,2020-12-31,2020,largest_shareholder
20210309000400,Y,00398701,엘앤에프,보통주,이성수,특수관계인,"17,754",0.07,"20,378",0.07,-,2020-12-31,2020,largest_shareholder
20210309000400,Y,00398701,엘앤에프,보통주,이관수,특수관계인,"40,087",0.16,"31,013",0.11,-,2020-12-31,2020,largest_shareholder
20210309000400,Y,00398701,엘앤에프,보통주,"KWANG SUNG ELECTRONICS,INC.",특수관계인,"1,085,776",4.39,"1,185,776",4.23,-,2020-12-31,2020,largest_shareholder
20210309000400,Y,00398701,엘앤에프,보통주,광성전자주식회사,특수관계인,"370,690",1.50,"571,640",2.04,-,2020-12-31,2020,largest_shareholder
20210309000400,Y,00398701,엘앤에프,보통주,허제홍,특수관계인,"672,093",2.71,"698,041",2.49,-,2020-12-31,2020,largest_shareholder
20210309000400,Y,00398701,엘앤에프,보통주,허제현,특수관계인,"538,107",2.17,"550,083",1.96,-,2020-12-31,2020,largest_shareholder
20210309000400,Y,00398701,엘앤에프,보통주,HUR LAUREN JAYOUN,특수관계인,"194,496",0.79,"206,472",0.74,-,2020-12-31,2020,largest_shareholder
20210309000400,Y,00398701,엘앤에프,보통주,신화영,특수관계인,"17,878",0.07,"20,404",0.07,-,2020-12-31,2020,largest_shareholder
20210309000400,Y,00398701,엘앤에프,보통주,박은진,특수관계인,"2,000",0.01,"3,162",0.01,-,2020-12-31,2020,largest_shareholder
20210309000400,Y,00398701,엘앤에프,보통주,허성택,특수관계인,"15,013",0.06,"17,134",0.06,-,2020-12-31,2020,largest_shareholder
20210309000400,Y,00398701,엘앤에프,보통주,계,,"7,023,901",28.36,"7,938,978",28.29,-,2020-12-31,2020,largest_shareholder
20210309000400,Y,00398701,엘앤에프,우선주,계,,-,-,-,-,-,2020-12-31,2020,largest_shareholder
20220315000434,Y,00398701,엘앤에프,보통주,(주)새로닉스,최대주주 본인,"4,603,089",16.41,"5,187,882",14.90,-,2021-12-31,2021,largest_shareholder
20220315000434,Y,00398701,엘앤에프,보통주,이헌일,기타,"3,983",0.01,"4,613",0.01,-,2021-12-31,2021,largest_shareholder
20220315000434,Y,00398701,엘앤에프,보통주,박행숙,기타,"27,803",0.10,"19,926",0.06,-,2021-12-31,2021,largest_shareholder
20220315000434,Y,00398701,엘앤에프,보통주,이성수,기타,"20,378",0.07,"12,778",0.04,-,2021-12-31,2021,largest_shareholder
20220315000434,Y,00398701,엘앤에프,보통주,이관수,기타,"31,013",0.11,"28,965",0.08,-,2021-12-31,2021,largest_shareholder
20220315000434,Y,00398701,엘앤에프,보통주,최수안,임원(등기),"14,778",0.05,"3,500",0.01,-,2021-12-31,2021,largest_shareholder
20220315000434,Y,00398701,엘앤에프,보통주,정성엽,계열회사 임원,"1,885",0.01,"3,258",0.01,-,2021-12-31,2021,largest_shareholder
20220315000434,Y,00398701,엘앤에프,보통주,Kwang Sung Electronics Inc.,특수관계법인,"1,185,776",4.23,"1,212,221",3.48,-,2021-12-31,2021,largest_shareholder
20220315000434,Y,00398701,엘앤에프,보통주,광성전자(주),특수관계법인,"571,640",2.04,"585,476",1.68,-,2021-12-31,2021,largest_shareholder
20220315000434,Y,00398701,엘앤에프,보통주,허제홍,임원(등기),"698,041",2.49,"720,326",2.07,-,2021-12-31,2021,largest_shareholder
20220315000434,Y,00398701,엘앤에프,보통주,허제현,임원(등기),"550,083",1.96,"569,034",1.63,-,2021-12-31,2021,largest_shareholder
20220315000434,Y,00398701,엘앤에프,보통주,HUR LAURENJAYOUN(허자윤),기타,"206,472",0.74,"206,472",0.59,-,2021-12-31,2021,largest_shareholder
20220315000434,Y,00398701,엘앤에프,보통주,신화영,기타,"20,404",0.07,"25,556",0.07,-,2021-12-31,2021,largest_shareholder
20220315000434,Y,00398701,엘앤에프,보통주,박은진,기타,"3,162",0.01,"3,591",0.01,-,2021-12-31,2021,largest_shareholder
20220315000434,Y,00398701,엘앤에프,보통주,허성택,기타,"17,134",0.06,"17,520",0.05,-,2021-12-31,2021,largest_shareholder
20220315000434,Y,00398701,엘앤에프,보통주,계,,"7,955,641",28.35,"8,601,118",24.71,-,2021-12-31,2021,largest_shareholder
20220315000434,Y,00398701,엘앤에프,우선주,계,,-,-,-,-,-,2021-12-31,2021,largest_shareholder
20230828000596,Y,00398701,엘앤에프,보통주,(주)새로닉스,최대주주 본인,"5,187,882",14.90,"5,187,882",14.40,-,2022-12-31,2022,largest_shareholder
20230828000596,Y,00398701,엘앤에프,보통주,이헌일,기타,"4,613",0.01,"4,313",0.01,-,2022-12-31,2022,largest_shareholder
20230828000596,Y,00398701,엘앤에프,보통주,박행숙,기타,"19,926",0.06,"19,926",0.06,-,2022-12-31,2022,largest_shareholder
20230828000596,Y,00398701,엘앤에프,보통주,이성수,기타,"12,778",0.04,"12,778",0.04,-,2022-12-31,2022,largest_shareholder
20230828000596,Y,00398701,엘앤에프,보통주,이관수,기타,"28,965",0.08,"28,965",0.08,-,2022-12-31,2022,largest_shareholder
20230828000596,Y,00398701,엘앤에프,보통주,최수안,임원(등기),"3,500",0.01,"3,500",0.01,-,2022-12-31,2022,largest_shareholder
20230828000596,Y,00398701,엘앤에프,보통주,정성엽,계열회사 임원,"3,258",0.01,"3,258",0.01,-,2022-12-31,2022,largest_shareholder
20230828000596,Y,00398701,엘앤에프,보통주,Kwang Sung Electronics Inc.,특수관계법인,"1,212,221",3.48,"1,212,221",3.37,-,2022-12-31,2022,largest_shareholder
20230828000596,Y,00398701,엘앤에프,보통주,광성전자(주),특수관계법인,"585,476",1.68,"585,476",1.63,-,2022-12-31,2022,largest_shareholder
20230828000596,Y,00398701,엘앤에프,보통주,허제홍,임원(등기),"720,326",2.07,"720,326",2.00,-,2022-12-31,2022,largest_shareholder
20230828000596,Y,00398701,엘앤에프,보통주,허제현,임원(등기),"569,034",1.63,"569,034",1.58,-,2022-12-31,2022,largest_shareholder
20230828000596,Y,00398701,엘앤에프,보통주,HUR LAUREN JAYOUN(허자윤),기타,"206,472",0.59,"206,472",0.57,-,2022-12-31,2022,largest_shareholder
20230828000596,Y,00398701,엘앤에프,보통주,신화영,기타,"25,556",0.07,"25,556",0.07,-,2022-12-31,2022,largest_shareholder
20230828000596,Y,00398701,엘앤에프,보통주,박은진,기타,"3,591",0.01,"1,000",0.00,-,2022-12-31,2022,largest_shareholder
20230828000596,Y,00398701,엘앤에프,보통주,허성택,기타,"17,520",0.05,"17,520",0.05,-,2022-12-31,2022,largest_shareholder
20230828000596,Y,00398701,엘앤에프,보통주,계,,"8,601,118",24.71,"8,598,227",23.87,-,2022-12-31,2022,largest_shareholder
20230828000596,Y,00398701,엘앤에프,우선주,계,,-,-,-,-,-,2022-12-31,2022,largest_shareholder
20240328001260,Y,00398701,엘앤에프,보통주,(주)새로닉스,최대주주 본인,"5,187,882",14.40,"5,187,882",14.31,-,2023-12-31,2023,largest_shareholder
20240328001260,Y,00398701,엘앤에프,보통주,이헌일,기타,"4,313",0.01,"3,913",0.01,-,2023-12-31,2023,largest_shareholder
20240328001260,Y,00398701,엘앤에프,보통주,박행숙,기타,"19,926",0.06,"19,926",0.05,-,2023-12-31,2023,largest_shareholder
20240328001260,Y,00398701,엘앤에프,보통주,이성수,기타,"12,778",0.04,"12,778",0.04,-,2023-12-31,2023,largest_shareholder
20240328001260,Y,00398701,엘앤에프,보통주,이관수,기타,"28,965",0.08,"28,965",0.08,-,2023-12-31,2023,largest_shareholder
20240328001260,Y,00398701,엘앤에프,보통주,최수안,임원(등기),"3,500",0.01,"3,562",0.01,-,2023-12-31,2023,largest_shareholder
20240328001260,Y,00398701,엘앤에프,보통주,정성엽,계열회사 임원,"3,258",0.01,0,0.00,-,2023-12-31,2023,largest_shareholder
20240328001260,Y,00398701,엘앤에프,보통주,박남원,계열회사 임원,0,0.00,0,0.00,-,2023-12-31,2023,largest_shareholder
20240328001260,Y,00398701,엘앤에프,보통주,윤용순,기타,0,0.00,"1,427",0.00,-,2023-12-31,2023,largest_shareholder
20240328001260,Y,00398701,엘앤에프,보통주,이병희,계열회사 임원,0,0.00,"3,500",0.01,-,2023-12-31,2023,largest_shareholder
20240328001260,Y,00398701,엘앤에프,보통주,장성균,계열회사 임원,0,0.00,"3,550",0.01,-,2023-12-31,2023,largest_shareholder
20240328001260,Y,00398701,엘앤에프,보통주,Kwang Sung Electronics Inc.,특수관계법인,"1,212,221",3.37,"1,212,221",3.34,-,2023-12-31,2023,largest_shareholder
20240328001260,Y,00398701,엘앤에프,보통주,이명훈,계열회사 임원,0,0.00,"1,379",0.00,-,2023-12-31,2023,largest_shareholder
20240328001260,Y,00398701,엘앤에프,보통주,광성전자(주),특수관계법인,"585,476",1.63,"585,476",1.62,-,2023-12-31,2023,largest_shareholder
20240328001260,Y,00398701,엘앤에프,보통주,허제홍,임원(등기),"720,326",2.00,"720,326",1.99,-,2023-12-31,2023,largest_shareholder
20240328001260,Y,00398701,엘앤에프,보통주,허제현,임원(등기),"569,034",1.58,"569,034",1.57,-,2023-12-31,2023,largest_shareholder
20240328001260,Y,00398701,엘앤에프,보통주,HUR LAUREN JAYOUN(허자윤),기타,"206,472",0.57,"206,472",0.57,-,2023-12-31,2023,largest_shareholder
20240328001260,Y,00398701,엘앤에프,보통주,신화영,기타,"25,556",0.07,"25,556",0.07,-,2023-12-31,2023,largest_shareholder
20240328001260,Y,00398701,엘앤에프,보통주,박은진,기타,"1,000",0.00,"1,000",0.00,-,2023-12-31,2023,largest_shareholder
20240328001260,Y,00398701,엘앤에프,보통주,허성택,기타,"17,520",0.05,"17,520",0.05,-,2023-12-31,2023,largest_shareholder
20240328001260,Y,00398701,엘앤에프,보통주,계,,"8,598,227",23.87,"8,604,487",23.74,-,2023-12-31,2023,largest_shareholder
20240328001260,Y,00398701,엘앤에프,우선주,계,,-,-,-,-,-,2023-12-31,2023,largest_shareholder
20250311001260,Y,00398701,엘앤에프,보통주,(주)새로닉스,최대주주 본인,"5,187,882",14.31,"5,187,882",14.29,-,2024-12-31,2024,largest_shareholder
20250311001260,Y,00398701,엘앤에프,보통주,이헌일,기타,"3,913",0.01,"3,713",0.01,-,2024-12-31,2024,largest_shareholder
20250311001260,Y,00398701,엘앤에프,보통주,박행숙,기타,"19,926",0.05,"19,926",0.05,-,2024-12-31,2024,largest_shareholder
20250311001260,Y,00398701,엘앤에프,보통주,이성수,기타,"12,778",0.04,"6,939",0.02,-,2024-12-31,2024,largest_shareholder
20250311001260,Y,00398701,엘앤에프,보통주,이관수,기타,"28,965",0.08,"28,965",0.08,-,2024-12-31,2024,largest_shareholder
20250311001260,Y,00398701,엘앤에프,보통주,최수안,임원(등기),"3,562",0.01,"4,654",0.01,-,2024-12-31,2024,largest_shareholder
20250311001260,Y,00398701,엘앤에프,보통주,윤용순,기타,"1,427",0.00,"1,427",0.00,-,2024-12-31,2024,largest_shareholder
20250311001260,Y,00398701,엘앤에프,보통주,이병희,계열회사 임원,"3,500",0.01,"3,500",0.01,-,2024-12-31,2024,largest_shareholder
20250311001260,Y,00398701,엘앤에프,보통주,장성균,계열회사 임원,"3,550",0.01,"8,550",0.02,-,2024-12-31,2024,largest_shareholder
20250311001260,Y,00398701,엘앤에프,보통주,이명훈,계열회사 임원,"1,379",0.00,"2,512",0.01,-,2024-12-31,2024,largest_shareholder
20250311001260,Y,00398701,엘앤에프,보통주,Kwang Sung Electronics Inc.,특수관계법인,"1,212,221",3.34,"1,212,221",3.34,-,2024-12-31,2024,largest_shareholder
20250311001260,Y,00398701,엘앤에프,보통주,광성전자(주),특수관계법인,"585,476",1.62,"585,476",1.61,-,2024-12-31,2024,largest_shareholder
20250311001260,Y,00398701,엘앤에프,보통주,허제홍,임원(등기),"720,326",1.99,"724,281",2.00,-,2024-12-31,2024,largest_shareholder
20250311001260,Y,00398701,엘앤에프,보통주,허제현,임원(등기),"569,034",1.57,"569,034",1.57,-,2024-12-31,2024,largest_shareholder
20250311001260,Y,00398701,엘앤에프,보통주,HUR LAUREN JAYOUN(허자윤),기타,"206,472",0.57,"206,472",0.57,-,2024-12-31,2024,largest_shareholder
20250311001260,Y,00398701,엘앤에프,보통주,신화영,기타,"25,556",0.07,"25,556",0.07,-,2024-12-31,2024,largest_shareholder
20250311001260,Y,00398701,엘앤에프,보통주,박은진,기타,"1,000",0.00,"1,000",0.00,-,2024-12-31,2024,largest_shareholder
20250311001260,Y,00398701,엘앤에프,보통주,허성택,기타,"17,520",0.05,"17,520",0.05,-,2024-12-31,2024,largest_shareholder
20250311001260,Y,00398701,엘앤에프,보통주,계,,"8,604,487",23.74,"8,609,628",23.72,-,2024-12-31,2024,largest_shareholder
20250311001260,Y,00398701,엘앤에프,우선주,계,,-,-,-,-,-,2024-12-31,2024,largest_shareholder
20190329003165,Y,00155212,포스코DX,보통주,(주)포스코,최대주주,"99,403,282",65.38,"99,403,282",65.38,-,2018-12-31,2018,largest_shareholder
20190329003165,Y,00155212,포스코DX,보통주,포항공과대학교,최대주주의 비영리법인,"1,319,074",0.87,"1,319,074",0.87,-,2018-12-31,2018,largest_shareholder
20190329003165,Y,00155212,포스코DX,보통주,최 두 환,대표이사 사장,"43,180",0.03,"46,580",0.03,-,2018-12-31,2018,largest_shareholder
20190329003165,Y,00155212,포스코DX,보통주,이 창 복,사내이사,"8,527",0.00,"9,527",0.00,-,2018-12-31,2018,largest_shareholder
20190329003165,Y,00155212,포스코DX,보통주,계,,"100,774,063",66.28,"100,778,463",66.28,-,2018-12-31,2018,largest_shareholder
20190329003165,Y,00155212,포스코DX,-,계,,-,-,-,-,-,2018-12-31,2018,largest_shareholder
20200325000784,Y,00155212,포스코DX,보통주,포스코,최대주주,"99,403,282",65.38,"99,403,282",65.38,-,2019-12-31,2019,largest_shareholder
20200325000784,Y,00155212,포스코DX,보통주,포항공과대학교,최대주주의 비영리법인,"1,319,074",0.87,"1,319,074",0.87,-,2019-12-31,2019,largest_shareholder
20200325000784,Y,00155212,포스코DX,보통주,최 두 환,대표이사 사장 ,"46,580",0.03,0,0.00,퇴임,2019-12-31,2019,largest_shareholder
20200325000784,Y,00155212,포스코DX,보통주,이 창 복,사내이사 ,"9,527",0.00,0,0.00,임기만료,2019-12-31,2019,largest_shareholder
20200325000784,Y,00155212,포스코DX,보통주,계,,"100,778,463",66.28,"100,722,356",66.25,-,2019-12-31,2019,largest_shareholder
20200325000784,Y,00155212,포스코DX,-,계,,-,-,-,-,-,2019-12-31,2019,largest_shareholder
20210305000693,Y,00155212,포스코DX,보통주,포스코,최대주주,"99,403,282",65.38,"99,403,282",65.38,-,2020-12-31,2020,largest_shareholder
20210305000693,Y,00155212,포스코DX,보통주,포항공과대학교,최대주주의 비영리법인,"1,319,074",0.87,"1,189,074",0.78,-,2020-12-31,2020,largest_shareholder
20210305000693,Y,00155212,포스코DX,보통주,손 건 재,대표이사 사장,0,0.00,"10,000",0.01,-,2020-12-31,2020,largest_shareholder
20210305000693,Y,00155212,포스코DX,보통주,김 희 대,사내이사,0,0.00,"3,000",0.00,-,2020-12-31,2020,largest_shareholder
20210305000693,Y,00155212,포스코DX,보통주,김 주 현,상임감사,0,0.00,"5,000",0.00,-,2020-12-31,2020,largest_shareholder
20210305000693,Y,00155212,포스코DX,보통주,계,,"100,722,356",66.25,"100,610,356",66.17,-,2020-12-31,2020,largest_shareholder
20210305000693,Y,00155212,포스코DX,-,계,,-,-,-,-,-,2020-12-31,2020,largest_shareholder
20220504000292,Y,00155212,포스코DX,보통주,포스코,최대주주,"99,403,282",65.38,"99,403,282",65.38,-,2021-12-31,2021,largest_shareholder
20220504000292,Y,00155212,포스코DX,보통주,포항공과대학교,최대주주의 비영리법인,"1,189,074",0.78,"1,189,074",0.78,-,2021-12-31,2021,largest_shareholder
20220504000292,Y,00155212,포스코DX,보통주,손 건 재,대표이사 사장,"10,000",0.01,0,0.00,임기만료,2021-12-31,2021,largest_shareholder
20220504000292,Y,00155212,포스코DX,보통주,김 희 대,사내이사,"3,000",0.00,0,0.00,임기만료,2021-12-31,2021,largest_shareholder
20220504000292,Y,00155212,포스코DX,보통주,김 주 현,상임감사,"5,000",0.00,0,0.00,임기만료,2021-12-31,2021,largest_shareholder
20220504000292,Y,00155212,포스코DX,보통주,정 덕 균,대표이사 사장,0,0.00,"3,006",0.00,신규선임,2021-12-31,2021,largest_shareholder
20220504000292,Y,00155212,포스코DX,보통주,계,,"100,610,356",66.17,"100,595,362",66.17,-,2021-12-31,2021,largest_shareholder
20220504000292,Y,00155212,포스코DX,-,계,,-,-,-,-,-,2021-12-31,2021,largest_shareholder
20230310000806,Y,00155212,포스코DX,보통주,포스코홀딩스,최대주주,"99,403,282",65.38,"99,403,282",65.38,-,2022-12-31,2022,largest_shareholder
20230310000806,Y,00155212,포스코DX,보통주,포항공과대학교,최대주주의 비영리법인,"1,189,074",0.78,"1,189,074",0.78,-,2022-12-31,2022,largest_shareholder
20230310000806,Y,00155212,포스코DX,보통주,정덕균,대표이사 사장,"3,006",0.00,"3,006",0.00,-,2022-12-31,2022,largest_shareholder
20230310000806,Y,00155212,포스코DX,보통주,김경식,사내이사,0,0.00,"2,000",0.00,-,2022-12-31,2022,largest_shareholder
20230310000806,Y,00155212,포스코DX,보통주,계,,"100,595,362",66.16,"100,597,362",66.16,-,2022-12-31,2022,largest_shareholder
20230310000806,Y,00155212,포스코DX,-,계,,-,-,-,-,-,2022-12-31,2022,largest_shareholder
20240618000197,Y,00155212,포스코DX,보통주,포스코홀딩스,최대주주,"99,403,282",65.38,"99,403,282",65.38,-,2023-12-31,2023,largest_shareholder
20240618000197,Y,00155212,포스코DX,보통주,포항공과대학교,최대주주의 비영리법인,"1,189,074",0.78,"1,189,074",0.78,-,2023-12-31,2023,largest_shareholder
20240618000197,Y,00155212,포스코DX,보통주,정덕균,대표이사 사장,"3,006",0.00,"18,008",0.01,-,2023-12-31,2023,largest_shareholder
20240618000197,Y,00155212,포스코DX,보통주,김경식,사내이사,"2,000",0.00,0,0.00,임기만료,2023-12-31,2023,largest_shareholder
20240618000197,Y,00155212,포스코DX,보통주,계,,"100,595,362",66.16,"100,610,364",66.17,-,2023-12-31,2023,largest_shareholder
20240618000197,Y,00155212,포스코DX,-,계,,-,-,-,-,-,2023-12-31,2023,largest_shareholder
20250314001261,Y,00155212,포스코DX,보통주,포스코홀딩스,최대주주,"99,403,282",65.38,"99,403,282",65.38,-,2024-12-31,2024,largest_shareholder
20250314001261,Y,00155212,포스코DX,보통주,포항공과대학교,최대주주의 비영리법인,"666,595",0.44,"666,595",0.44,-,2024-12-31,2024,largest_shareholder
20250314001261,Y,00155212,포스코DX,보통주,정덕균,대표이사 사장,"18,008",0.01,"18,008",0.01,-,2024-12-31,2024,largest_shareholder
20250314001261,Y,00155212,포스코DX,보통주,계,,"100,087,885",65.83,"100,087,885",65.83,-,2024-12-31,2024,largest_shareholder
20250314001261,Y,00155212,포스코DX,-,계,,-,-,-,-,-,2024-12-31,2024,largest_shareholder
20240320000618,Y,00108612,DS단석,보통주,한승욱,본인,"1,068,021",43.11,"2,136,042",36.44,-,2023-12-31,2023,largest_shareholder
20240320000618,Y,00108612,DS단석,보통주,한수현,친인척,"123,031",4.97,"246,062",4.20,-,2023-12-31,2023,largest_shareholder
20240320000618,Y,00108612,DS단석,보통주,유영박,매형,"436,500",17.62,0,0.00,(주3),2023-12-31,2023,largest_shareholder
20240320000618,Y,00108612,DS단석,보통주,한지희,친인척,0,0.00,1,0.00,-,2023-12-31,2023,largest_shareholder
20240320000618,Y,00108612,DS단석,보통주,송민석,친인척,0,0.00,2,0.00,-,2023-12-31,2023,largest_shareholder
20240320000618,Y,00108612,DS단석,보통주,계,,"1,627,552",65.69,"2,382,107",40.64,-,2023-12-31,2023,largest_shareholder
20240320000618,Y,00108612,DS단석,우선주,계,,-,-,-,-,-,2023-12-31,2023,largest_shareholder
20250321001800,Y,00108612,DS단석,보통주,한승욱,본인,"2,136,042",36.44,"6,408,126",36.44,-,2024-12-31,2024,largest_shareholder
20250321001800,Y,00108612,DS단석,보통주,한수현,친인척,"246,062",4.20,"608,186",3.46,-,2024-12-31,2024,largest_shareholder
20250321001800,Y,00108612,DS단석,보통주,한지희,친인척,1,0.00,"10,596",0.06,-,2024-12-31,2024,largest_shareholder
20250321001800,Y,00108612,DS단석,보통주,송민석,친인척,2,0.00,6,0.00,-,2024-12-31,2024,largest_shareholder
20250321001800,Y,00108612,DS단석,보통주,계,,"2,382,107",40.64,"7,026,914",39.96,-,2024-12-31,2024,largest_shareholder
20250321001800,Y,00108612,DS단석,우선주,계,,-,-,-,-,-,2024-12-31,2024,largest_shareholder
20240321000011,Y,00367710,동인기연,보통주,정인수,최대주주,"41,990",83.98,"4,096,600",66.85,-,2023-12-31,2023,largest_shareholder
20240321000011,Y,00367710,동인기연,보통주,정윤석,특수관계인,510,1.02,"51,000",0.83,-,2023-12-31,2023,largest_shareholder
20240321000011,Y,00367710,동인기연,보통주,정윤환,특수관계인,0,0.00,"40,000",0.65,-,2023-12-31,2023,largest_shareholder
20240321000011,Y,00367710,동인기연,보통주,계,,"42,500",85.00,"4,187,600",68.33,-,2023-12-31,2023,largest_shareholder
20240321000011,Y,00367710,동인기연,-,계,,-,-,-,-,-,2023-12-31,2023,largest_shareholder
20250320001366,Y,00367710,동인기연,보통주,정인수,최대주주,"4,096,600",66.85,"4,096,600",66.85,-,2024-12-31,2024,largest_shareholder
20250320001366,Y,00367710,동인기연,보통주,정윤석,특수관계인,"51,000",0.83,"51,000",0.83,-,2024-12-31,2024,largest_shareholder
20250320001366,Y,00367710,동인기연,보통주,정윤환,특수관계인,"40,000",0.65,"42,000",0.69,-,2024-12-31,2024,largest_shareholder
20250320001366,Y,00367710,동인기연,보통주,계,,"4,187,600",68.33,"4,189,600",68.37,-,2024-12-31,2024,largest_shareholder
20250320001366,Y,00367710,동인기연,우선주,계,,-,-,-,-,-,2024-12-31,2024,largest_shareholder
20230321001386,Y,01311408,에코프로머티,보통주,주식회사 에코프로,최대주주,"27,067,488",51.42,"30,559,067",52.78,-,2022-12-31,2022,largest_shareholder
20230321001386,Y,01311408,에코프로머티,보통주,박석준,계열회사의 임원,"54,200",0.09,"54,200",0.09,-,2022-12-31,2022,largest_shareholder
20230321001386,Y,01311408,에코프로머티,보통주,박석회,계열회사의 임원,"20,000",0.03,"20,000",0.03,-,2022-12-31,2022,largest_shareholder
20230321001386,Y,01311408,에코프로머티,보통주,박재하,계열회사의 임원,"58,000",0.10,"58,000",0.10,-,2022-12-31,2022,largest_shareholder
20230321001386,Y,01311408,에코프로머티,보통주,박종환,계열회사의 임원,"54,300",0.09,"54,300",0.09,-,2022-12-31,2022,largest_shareholder
20230321001386,Y,01311408,에코프로머티,보통주,신희연,계열회사의 임원,"30,000",0.06,"30,000",0.05,-,2022-12-31,2022,largest_shareholder
20230321001386,Y,01311408,에코프로머티,보통주,이규봉,계열회사의 임원,"42,900",0.07,"42,900",0.07,-,2022-12-31,2022,largest_shareholder
20230321001386,Y,01311408,에코프로머티,보통주,이재훈,계열회사의 임원,"37,200",0.06,"37,200",0.06,-,2022-12-31,2022,largest_shareholder
20230321001386,Y,01311408,에코프로머티,보통주,이주형,계열회사의 임원,"37,100",0.06,"37,100",0.06,-,2022-12-31,2022,largest_shareholder
20230321001386,Y,01311408,에코프로머티,보통주,이태근,계열회사의 임원,"37,800",0.07,"37,800",0.07,-,2022-12-31,2022,largest_shareholder
20230321001386,Y,01311408,에코프로머티,보통주,최문호,계열회사의 임원,"93,800",0.16,"93,800",0.16,-,2022-12-31,2022,largest_shareholder
20230321001386,Y,01311408,에코프로머티,보통주,주식회사 이룸티엔씨,계열회사,"1,473,438",2.80,"1,250,438",2.16,-,2022-12-31,2022,largest_shareholder
20230321001386,Y,01311408,에코프로머티,보통주,최상운,계열회사의 임원,"54,300",0.09,"54,300",0.09,-,2022-12-31,2022,largest_shareholder
20230321001386,Y,01311408,에코프로머티,보통주,최선미,계열회사의 임원,"5,000",0.01,"5,000",0.01,-,2022-12-31,2022,largest_shareholder
20230321001386,Y,01311408,에코프로머티,보통주,허태경,계열회사의 임원,"30,100",0.05,"30,100",0.05,-,2022-12-31,2022,largest_shareholder
20230321001386,Y,01311408,에코프로머티,보통주,김수연,계열회사의 임원,"105,800",0.20,"105,800",0.18,-,2022-12-31,2022,largest_shareholder
20230321001386,Y,01311408,에코프로머티,보통주,조병육,계열회사의 임원,"77,600",0.15,"77,600",0.13,-,2022-12-31,2022,largest_shareholder
20230321001386,Y,01311408,에코프로머티,보통주,김순주,계열회사의 임원,"20,000",0.04,"20,000",0.03,-,2022-12-31,2022,largest_shareholder
20230321001386,Y,01311408,에코프로머티,보통주,김병훈,계열회사의 임원,"85,000",0.15,"85,000",0.15,-,2022-12-31,2022,largest_shareholder
20230321001386,Y,01311408,에코프로머티,보통주,김윤태,계열회사의 임원,"53,300",0.09,"53,300",0.09,-,2022-12-31,2022,largest_shareholder
20230321001386,Y,01311408,에코프로머티,보통주,김애희,계열회사의 임원,"106,000",0.20,"56,000",0.10,-,2022-12-31,2022,largest_shareholder
20230321001386,Y,01311408,에코프로머티,보통주,김종섭,계열회사의 임원,"22,000",0.04,"22,000",0.04,-,2022-12-31,2022,largest_shareholder
20230321001386,Y,01311408,에코프로머티,보통주,계,,"29,565,326",56.03,"32,783,905",56.59,-,2022-12-31,2022,largest_shareholder
20230321001386,Y,01311408,에코프로머티,합계,계,,"29,565,326",56.03,"32,783,905",56.59,-,2022-12-31,2022,largest_shareholder
20240417000528,Y,01311408,에코프로머티,보통주,주식회사 에코프로,최대주주,"30,559,067",52.78,"30,559,067",44.30,-,2023-12-31,2023,largest_shareholder
20240417000528,Y,01311408,에코프로머티,보통주,이규봉,계열회사의 임원,"42,900",0.07,"42,900",0.06,-,2023-12-31,2023,largest_shareholder
20240417000528,Y,01311408,에코프로머티,보통주,이태근,계열회사의 임원,"37,800",0.07,"37,800",0.05,-,2023-12-31,2023,largest_shareholder
20240417000528,Y,01311408,에코프로머티,보통주,이재훈,계열회사의 임원,"37,200",0.06,"37,200",0.05,-,2023-12-31,2023,largest_shareholder
20240417000528,Y,01311408,에코프로머티,보통주,장선동,계열회사의 임원,"37,200",0.06,"37,200",0.05,-,2023-12-31,2023,largest_shareholder
20240417000528,Y,01311408,에코프로머티,보통주,이주형,계열회사의 임원,"37,100",0.06,"37,100",0.05,-,2023-12-31,2023,largest_shareholder
20240417000528,Y,01311408,에코프로머티,보통주,허태경,계열회사의 임원,"30,100",0.05,"30,100",0.04,-,2023-12-31,2023,largest_shareholder
20240417000528,Y,01311408,에코프로머티,보통주,김종섭,계열회사의 임원,"22,000",0.04,"22,000",0.03,-,2023-12-31,2023,largest_shareholder
20240417000528,Y,01311408,에코프로머티,보통주,김순주,계열회사의 임원,"20,000",0.03,"20,000",0.03,-,2023-12-31,2023,largest_shareholder
20240417000528,Y,01311408,에코프로머티,보통주,박석회,계열회사의 임원,"20,000",0.03,"20,000",0.03,-,2023-12-31,2023,largest_shareholder
20240417000528,Y,01311408,에코프로머티,보통주,강동현,계열회사의 임원,"30,000",0.05,"30,000",0.04,-,2023-12-31,2023,largest_shareholder
20240417000528,Y,01311408,에코프로머티,보통주,주식회사 데이지파트너스,계열회사,"1,250,438",2.16,"394,438",0.57,-,2023-12-31,2023,largest_shareholder
20240417000528,Y,01311408,에코프로머티,보통주,최선미,계열회사의 임원,"5,000",0.01,"5,000",0.01,-,2023-12-31,2023,largest_shareholder
20240417000528,Y,01311408,에코프로머티,보통주,최문호,계열회사의 임원,"93,800",0.16,"93,800",0.14,-,2023-12-31,2023,largest_shareholder
20240417000528,Y,01311408,에코프로머티,보통주,김병훈,계열회사의 임원,"85,000",0.15,"85,000",0.12,-,2023-12-31,2023,largest_shareholder
20240417000528,Y,01311408,에코프로머티,보통주,박재하,계열회사의 임원,"58,000",0.10,"58,000",0.08,-,2023-12-31,2023,largest_shareholder
20240417000528,Y,01311408,에코프로머티,보통주,김애희,계열회사의 임원,"56,000",0.10,"56,000",0.08,-,2023-12-31,2023,largest_shareholder
20240417000528,Y,01311408,에코프로머티,보통주,박종환,계열회사의 임원,"54,300",0.09,"54,300",0.08,-,2023-12-31,2023,largest_shareholder
20240417000528,Y,01311408,에코프로머티,보통주,최상운,계열회사의 임원,"54,300",0.09,"54,300",0.08,-,2023-12-31,2023,largest_shareholder
20240417000528,Y,01311408,에코프로머티,보통주,김윤태,계열회사의 임원,"53,300",0.09,"53,300",0.08,-,2023-12-31,2023,largest_shareholder
20240417000528,Y,01311408,에코프로머티,보통주,계,,"32,583,505",56.27,"31,727,505",45.99,-,2023-12-31,2023,largest_shareholder
20240417000528,Y,01311408,에코프로머티,합계,계,,"32,583,505",56.27,"31,727,505",45.99,-,2023-12-31,2023,largest_shareholder
20250402002504,Y,01311408,에코프로머티,보통주,주식회사 에코프로,최대주주,"30,559,067",44.30,"30,559,067",43.82,-,2024-12-31,2024,largest_shareholder
20250402002504,Y,01311408,에코프로머티,보통주,이규봉,계열회사의 임원,"42,900",0.06,"42,900",0.06,-,2024-12-31,2024,largest_shareholder
20250402002504,Y,01311408,에코프로머티,보통주,이태근,계열회사의 임원,"37,800",0.05,"37,800",0.05,-,2024-12-31,2024,largest_shareholder
20250402002504,Y,01311408,에코프로머티,보통주,이재훈,계열회사의 임원,"37,200",0.05,"27,200",0.04,-,2024-12-31,2024,largest_shareholder
20250402002504,Y,01311408,에코프로머티,보통주,장선동,-,"37,200",0.05,0,0.00,-,2024-12-31,2024,largest_shareholder
20250402002504,Y,01311408,에코프로머티,보통주,이주형,계열회사의 임원,"37,100",0.05,"37,100",0.05,-,2024-12-31,2024,largest_shareholder
20250402002504,Y,01311408,에코프로머티,보통주,허태경,계열회사의 임원,"30,100",0.04,"30,100",0.04,-,2024-12-31,2024,largest_shareholder
20250402002504,Y,01311408,에코프로머티,보통주,강동현,계열회사의 임원,"30,000",0.04,"30,000",0.04,-,2024-12-31,2024,largest_shareholder
20250402002504,Y,01311408,에코프로머티,보통주,김종섭,계열회사의 임원,"22,000",0.03,"22,000",0.03,-,2024-12-31,2024,largest_shareholder
20250402002504,Y,01311408,에코프로머티,보통주,김순주,계열회사의 임원,"20,000",0.03,"20,000",0.03,-,2024-12-31,2024,largest_shareholder
20250402002504,Y,01311408,에코프로머티,보통주,박석회,계열회사의 임원,"20,000",0.03,"20,000",0.03,-,2024-12-31,2024,largest_shareholder
20250402002504,Y,01311408,에코프로머티,보통주,주식회사 데이지파트너스,계열회사,"394,438",0.57,"394,438",0.57,-,2024-12-31,2024,largest_shareholder
20250402002504,Y,01311408,에코프로머티,보통주,최선미,계열회사의 임원,"5,000",0.01,"5,000",0.01,-,2024-12-31,2024,largest_shareholder
20250402002504,Y,01311408,에코프로머티,보통주,정회림,계열회사의 임원,0,0.00,"10,000",0.01,-,2024-12-31,2024,largest_shareholder
20250402002504,Y,01311408,에코프로머티,보통주,하주용,계열회사의 임원,0,0.00,"19,700",0.03,-,2024-12-31,2024,largest_shareholder
20250402002504,Y,01311408,에코프로머티,보통주,최문호,계열회사의 임원,"93,800",0.14,"93,800",0.13,-,2024-12-31,2024,largest_shareholder
20250402002504,Y,01311408,에코프로머티,보통주,김병훈,계열회사의 임원,"85,000",0.12,"85,000",0.12,-,2024-12-31,2024,largest_shareholder
20250402002504,Y,01311408,에코프로머티,보통주,박재하,계열회사의 임원,"58,000",0.08,"58,000",0.08,-,2024-12-31,2024,largest_shareholder
20250402002504,Y,01311408,에코프로머티,보통주,김애희,계열회사의 임원,"56,000",0.08,"56,000",0.08,-,2024-12-31,2024,largest_shareholder
20250402002504,Y,01311408,에코프로머티,보통주,박종환,계열회사의 임원,"54,300",0.08,"54,300",0.08,-,2024-12-31,2024,largest_shareholder
20250402002504,Y,01311408,에코프로머티,보통주,최상운,계열회사의 임원,"54,300",0.08,"41,000",0.06,-,2024-12-31,2024,largest_shareholder
20250402002504,Y,01311408,에코프로머티,보통주,김윤태,계열회사의 임원,"53,300",0.08,"53,300",0.08,-,2024-12-31,2024,largest_shareholder
20250402002504,Y,01311408,에코프로머티,보통주,계,,"31,727,505",45.99,"31,696,705",45.45,-,2024-12-31,2024,largest_shareholder
20250402002504,Y,01311408,에코프로머티,합계,계,,"31,727,505",45.99,"31,696,705",45.45,-,2024-12-31,2024,largest_shareholder
20240320001860,Y,01105153,두산로보틱스,보통주식,(주)두산,본인,"4,420,000",90.90,"44,200,000",68.20,"액면분할, 신규상장",2023-12-31,2023,largest_shareholder
20240320001860,Y,01105153,두산로보틱스,보통주식,박성민,특수관계인,0,0.00,27,0.00,신규상장,2023-12-31,2023,largest_shareholder
20240320001860,Y,01105153,두산로보틱스,보통주식,계,,"4,420,000",90.90,"44,200,027",68.20,-,2023-12-31,2023,largest_shareholder
20240320001860,Y,01105153,두산로보틱스,종류주식,계,,-,-,-,-,-,2023-12-31,2023,largest_shareholder
20250321001817,Y,01105153,두산로보틱스,보통주식,(주)두산,본인,"44,200,000",68.20,"44,200,000",68.20,-,2024-12-31,2024,largest_shareholder
20250321001817,Y,01105153,두산로보틱스,보통주식,박성민,특수관계인,27,0.00,27,0.00,-,2024-12-31,2024,largest_shareholder
20250321001817,Y,01105153,두산로보틱스,보통주식,계,,"44,200,027",68.20,"44,200,027",68.20,-,2024-12-31,2024,largest_shareholder
20250321001817,Y,01105153,두산로보틱스,종류주식,계,,-,-,-,-,-,2024-12-31,2024,largest_shareholder
20240321001878,Y,01784394,STX그린로지스,보통주,에이피씨머큐리(유),본인,"3,302,618",46.05,"3,302,618",46.05,-,2023-12-31,2023,largest_shareholder
20240321001878,Y,01784394,STX그린로지스,-,계,,-,-,-,-,-,2023-12-31,2023,largest_shareholder
20240321001878,Y,01784394,STX그린로지스,보통주,계,,"3,302,618",46.05,"3,302,618",46.05,-,2023-12-31,2023,largest_shareholder
20250320001570,Y,01784394,STX그린로지스,보통주,에이피씨머큐리(유),최대주주 본인,"3,302,618",46.05,"3,302,618",46.05,-,2024-12-31,2024,largest_shareholder
20250320001570,Y,01784394,STX그린로지스,보통주,계,,"3,302,618",46.05,"3,302,618",46.05,-,2024-12-31,2024,largest_shareholder
20250320001570,Y,01784394,STX그린로지스,우선주,계,,-,-,-,-,-,2024-12-31,2024,largest_shareholder
20240321001898,Y,00220613,넥스틸,보통주,박 효 정,본인,"704,000",64.14,"14,080,000",54.15,"최대주주, 등기임원",2023-12-31,2023,largest_shareholder
20240321001898,Y,00220613,넥스틸,보통주,이 지 수,미등기 임원,0,0.00,"2,000",0.01,우리사주조합 보유분,2023-12-31,2023,largest_shareholder
20240321001898,Y,00220613,넥스틸,보통주,유 재 협,미등기 임원,0,0.00,"3,000",0.01,우리사주조합 보유분,2023-12-31,2023,largest_shareholder
20240321001898,Y,00220613,넥스틸,보통주,배 상 수,미등기 임원,0,0.00,"3,000",0.01,우리사주조합 보유분,2023-12-31,2023,largest_shareholder
20240321001898,Y,00220613,넥스틸,보통주,이 천 기,미등기 임원,0,0.00,"4,250",0.02,우리사주조합 보유분,2023-12-31,2023,largest_shareholder
20240321001898,Y,00220613,넥스틸,보통주,윤 기 수,미등기 임원,0,0.00,"4,250",0.02,우리사주조합 보유분,2023-12-31,2023,largest_shareholder
20240321001898,Y,00220613,넥스틸,보통주,권 세 근,미등기 임원,0,0.00,"3,000",0.01,우리사주조합 보유분,2023-12-31,2023,largest_shareholder
20240321001898,Y,00220613,넥스틸,보통주,허 교 학,미등기 임원,0,0.00,"3,000",0.01,우리사주조합 보유분,2023-12-31,2023,largest_shareholder
20240321001898,Y,00220613,넥스틸,보통주,권 태 흥,미등기 임원,0,0.00,40,0.00,-,2023-12-31,2023,largest_shareholder
20240321001898,Y,00220613,넥스틸,보통주,임 황 빈,미등기 임원,0,0.00,"2,700",0.01,우리사주조합 보유분,2023-12-31,2023,largest_shareholder
20240321001898,Y,00220613,넥스틸,보통주,박 영 회,특수관계인,"96,000",8.75,"1,920,000",7.38,미등기 임원,2023-12-31,2023,largest_shareholder
20240321001898,Y,00220613,넥스틸,보통주,김 대 일,미등기 임원,0,0.00,"4,250",0.02,우리사주조합 보유분,2023-12-31,2023,largest_shareholder
20240321001898,Y,00220613,넥스틸,보통주,박 상 용,미등기 임원,0,0.00,"3,500",0.01,우리사주조합 보유분,2023-12-31,2023,largest_shareholder
20240321001898,Y,00220613,넥스틸,보통주,최 철 균,미등기 임원,0,0.00,"4,000",0.02,우리사주조합 보유분,2023-12-31,2023,largest_shareholder
20240321001898,Y,00220613,넥스틸,보통주,김 정 목,미등기 임원,0,0.00,"3,000",0.01,우리사주조합 보유분,2023-12-31,2023,largest_shareholder
20240321001898,Y,00220613,넥스틸,보통주,전 창 훈,미등기 임원,0,0.00,"3,000",0.01,우리사주조합 보유분,2023-12-31,2023,largest_shareholder
20240321001898,Y,00220613,넥스틸,보통주,이 문 정,미등기 임원,0,0.00,"4,000",0.02,우리사주조합 보유분,2023-12-31,2023,largest_shareholder
20240321001898,Y,00220613,넥스틸,보통주,최 용 석,미등기 임원,0,0.00,"4,250",0.02,우리사주조합 보유분,2023-12-31,2023,largest_shareholder
20240321001898,Y,00220613,넥스틸,보통주,계,,"800,000",72.89,"16,051,240",61.73,-,2023-12-31,2023,largest_shareholder
20240321001898,Y,00220613,넥스틸,우선주,계,,-,-,-,-,-,2023-12-31,2023,largest_shareholder
20250331002907,Y,00220613,넥스틸,보통주,박 효 정,본인,"14,080,000",54.15,"14,080,000",54.15,"최대주주, 등기임원",2024-12-31,2024,largest_shareholder
20250331002907,Y,00220613,넥스틸,보통주,이 천 기,미등기 임원,"4,250",0.02,"4,250",0.02,주2),2024-12-31,2024,largest_shareholder
20250331002907,Y,00220613,넥스틸,보통주,윤 기 수,미등기 임원,"4,250",0.02,"2,000",0.01,"우리사주조합 보유분 1,000 / 보통주 1,000",2024-12-31,2024,largest_shareholder
20250331002907,Y,00220613,넥스틸,보통주,권 세 근,미등기 임원,"3,000",0.01,"3,000",0.01,주2),2024-12-31,2024,largest_shareholder
20250331002907,Y,00220613,넥스틸,보통주,허 교 학,미등기 임원,"3,000",0.01,"3,000",0.01,주2),2024-12-31,2024,largest_shareholder
20250331002907,Y,00220613,넥스틸,보통주,권 태 흥,미등기 임원,40,0.00,40,0.00,-,2024-12-31,2024,largest_shareholder
20250331002907,Y,00220613,넥스틸,보통주,임 황 빈,미등기 임원,"2,700",0.01,"2,700",0.01,"우리사주조합 보유분 700 / 보통주 2,000",2024-12-31,2024,largest_shareholder
20250331002907,Y,00220613,넥스틸,보통주,금 동 직,미등기 임원,0,0.00,"1,000",0.00,주2),2024-12-31,2024,largest_shareholder
20250331002907,Y,00220613,넥스틸,보통주,이 지 수,미등기 임원,"2,000",0.01,0,0.00,주3),2024-12-31,2024,largest_shareholder
20250331002907,Y,00220613,넥스틸,보통주,김 대 일,미등기 임원,"4,250",0.02,0,0.00,주3),2024-12-31,2024,largest_shareholder
20250331002907,Y,00220613,넥스틸,보통주,유 재 협,미등기 임원,"3,000",0.01,0,0.00,주3),2024-12-31,2024,largest_shareholder
20250331002907,Y,00220613,넥스틸,보통주,박 영 회,특수관계인,"1,920,000",7.38,"1,920,000",7.38,미등기 임원,2024-12-31,2024,largest_shareholder
20250331002907,Y,00220613,넥스틸,보통주,박 상 용,미등기 임원,"3,500",0.01,"3,500",0.01,주2),2024-12-31,2024,largest_shareholder
20250331002907,Y,00220613,넥스틸,보통주,최 철 균,미등기 임원,"4,000",0.02,"4,000",0.02,주2),2024-12-31,2024,largest_shareholder
20250331002907,Y,00220613,넥스틸,보통주,김 정 목,미등기 임원,"3,000",0.01,"3,000",0.01,"우리사주조합 보유분 1,000 / 보통주 2,000",2024-12-31,2024,largest_shareholder
20250331002907,Y,00220613,넥스틸,보통주,전 창 훈,미등기 임원,"3,000",0.01,"3,000",0.01,주2),2024-12-31,2024,largest_shareholder
20250331002907,Y,00220613,넥스틸,보통주,이 문 정,미등기 임원,"4,000",0.02,"4,000",0.02,주2),2024-12-31,2024,largest_shareholder
20250331002907,Y,00220613,넥스틸,보통주,최 용 석,미등기 임원,"4,250",0.02,"3,500",0.01,"우리사주조합 보유분 2,500 / 보통주 1,000",2024-12-31,2024,largest_shareholder
20250331002907,Y,00220613,넥스틸,보통주,배 상 수,미등기 임원,"3,000",0.01,"3,000",0.01,주2),2024-12-31,2024,largest_shareholder
20250331002907,Y,00220613,넥스틸,보통주,계,,"16,051,240",61.73,"16,039,990",61.69,-,2024-12-31,2024,largest_shareholder
20250331002907,Y,00220613,넥스틸,우선주,계,,-,-,-,-,-,2024-12-31,2024,largest_shareholder
20190329002018,Y,00158325,NICE평가정보,보통주,(주)NICE홀딩스,특수관계인,"26,102,906",42.99,"26,102,906",42.99,-,2018-12-31,2018,largest_shareholder
20190329002018,Y,00158325,NICE평가정보,보통주,계,,"26,102,906",42.99,"26,102,906",42.99,-,2018-12-31,2018,largest_shareholder
20190329002018,Y,00158325,NICE평가정보,우선주,계,,-,-,-,-,-,2018-12-31,2018,largest_shareholder
20200330001709,Y,00158325,NICE평가정보,보통주,(주)NICE홀딩스,특수관계인,"26,102,906",42.99,"26,102,906",42.99,-,2019-12-31,2019,largest_shareholder
20200330001709,Y,00158325,NICE평가정보,보통주,계,,"26,102,906",42.99,"26,102,906",42.99,-,2019-12-31,2019,largest_shareholder
20200330001709,Y,00158325,NICE평가정보,우선주,계,,-,-,-,-,-,2019-12-31,2019,largest_shareholder
20210317000949,Y,00158325,NICE평가정보,보통주,(주)NICE홀딩스,특수관계인,"26,102,906",42.99,"26,102,906",42.99,-,2020-12-31,2020,largest_shareholder
20210317000949,Y,00158325,NICE평가정보,보통주,계,,"26,102,906",42.99,"26,102,906",42.99,-,2020-12-31,2020,largest_shareholder
20210317000949,Y,00158325,NICE평가정보,우선주,계,,-,-,-,-,-,2020-12-31,2020,largest_shareholder
20220318000520,Y,00158325,NICE평가정보,보통주,(주)NICE홀딩스,특수관계인,"26,102,906",42.99,"26,102,906",42.99,-,2021-12-31,2021,largest_shareholder
20220318000520,Y,00158325,NICE평가정보,보통주,계,,"26,102,906",42.99,"26,102,906",42.99,-,2021-12-31,2021,largest_shareholder
20220318000520,Y,00158325,NICE평가정보,우선주,계,,-,-,-,-,-,2021-12-31,2021,largest_shareholder
20230317000824,Y,00158325,NICE평가정보,보통주,(주)NICE홀딩스,특수관계인,"26,102,906",42.99,"26,102,906",42.99,-,2022-12-31,2022,largest_shareholder
20230317000824,Y,00158325,NICE평가정보,보통주,계,,"26,102,906",42.99,"26,102,906",42.99,-,2022-12-31,2022,largest_shareholder
20230317000824,Y,00158325,NICE평가정보,우선주,계,,-,-,-,-,-,2022-12-31,2022,largest_shareholder
20240319000797,Y,00158325,NICE평가정보,보통주,(주)NICE홀딩스,특수관계인,"26,102,906",42.99,"26,102,906",43.43,-,2023-12-31,2023,largest_shareholder
20240319000797,Y,00158325,NICE평가정보,보통주,계,,"26,102,906",42.99,"26,102,906",43.43,-,2023-12-31,2023,largest_shareholder
20240319000797,Y,00158325,NICE평가정보,우선주,계,,-,-,-,-,-,2023-12-31,2023,largest_shareholder
20250314001653,Y,00158325,NICE평가정보,보통주,(주)NICE홀딩스,특수관계인,"26,102,906",43.43,"26,102,906",43.87,-,2024-12-31,2024,largest_shareholder
20250314001653,Y,00158325,NICE평가정보,보통주,계,,"26,102,906",43.43,"26,102,906",43.87,-,2024-12-31,2024,largest_shareholder
20250314001653,Y,00158325,NICE평가정보,우선주,계,,-,-,-,-,-,2024-12-31,2024,largest_shareholder
20240315000658,Y,01770203,조선내화,보통주,(주)시알홀딩스,최대주주,"2,371,033",20.00,"6,997,550",59.03,-,2023-12-31,2023,largest_shareholder
20240315000658,Y,01770203,조선내화,보통주,이나경,특수관계인,"19,860",0.17,0,0.00,유상증자 참여,2023-12-31,2023,largest_shareholder
20240315000658,Y,01770203,조선내화,보통주,이채윤,특수관계인,"19,970",0.17,"19,970",0.17,-,2023-12-31,2023,largest_shareholder
20240315000658,Y,01770203,조선내화,보통주,이서안,특수관계인,"23,574",0.20,0,0.00,유상증자 참여,2023-12-31,2023,largest_shareholder
20240315000658,Y,01770203,조선내화,보통주,이서준,특수관계인,"39,966",0.34,"39,966",0.34,-,2023-12-31,2023,largest_shareholder
20240315000658,Y,01770203,조선내화,보통주,이재욱,특수관계인,"29,637",0.25,0,0.00,유상증자 참여,2023-12-31,2023,largest_shareholder
20240315000658,Y,01770203,조선내화,보통주,이경일,특수관계인,"146,627",1.24,"76,089",0.64,-,2023-12-31,2023,largest_shareholder
20240315000658,Y,01770203,조선내화,보통주,이화례,특수관계인,"78,359",0.66,"78,359",0.66,-,2023-12-31,2023,largest_shareholder
20240315000658,Y,01770203,조선내화,보통주,홍정은,특수관계인,"29,637",0.25,"29,637",0.25,-,2023-12-31,2023,largest_shareholder
20240315000658,Y,01770203,조선내화,보통주,이경숙,특수관계인,"100,362",0.85,0,0.00,유상증자 참여,2023-12-31,2023,largest_shareholder
20240315000658,Y,01770203,조선내화,보통주,김현수,특수관계인,"41,979",0.35,0,0.00,유상증자 참여,2023-12-31,2023,largest_shareholder
20240315000658,Y,01770203,조선내화,보통주,이인옥,"최대주주의
최대주주","2,549,187",21.50,"1,271,338",10.72,유상증자 참여,2023-12-31,2023,largest_shareholder
20240315000658,Y,01770203,조선내화,보통주,KIM JESSE,특수관계인,"44,456",0.37,0,0.00,유상증자 참여,2023-12-31,2023,largest_shareholder
20240315000658,Y,01770203,조선내화,보통주,이경희,특수관계인,"100,362",0.85,0,0.00,유상증자 참여,2023-12-31,2023,largest_shareholder
20240315000658,Y,01770203,조선내화,보통주,"RHEE,IRIS-ANITA",특수관계인,"26,674",0.22,0,0.00,유상증자 참여,2023-12-31,2023,largest_shareholder
20240315000658,Y,01770203,조선내화,보통주,"RHEE,BRYAN-KANG",특수관계인,"35,565",0.30,0,0.00,유상증자 참여,2023-12-31,2023,largest_shareholder
20240315000658,Y,01770203,조선내화,보통주,이흥일,특수관계인,"31,119",0.26,"31,119",0.26,-,2023-12-31,2023,largest_shareholder
20240315000658,Y,01770203,조선내화,보통주,이한웅,특수관계인,"20,746",0.17,"20,746",0.17,-,2023-12-31,2023,largest_shareholder
20240315000658,Y,01770203,조선내화,보통주,이한민,특수관계인,"7,409",0.06,"7,409",0.06,-,2023-12-31,2023,largest_shareholder
20240315000658,Y,01770203,조선내화,보통주,(주)대한세라믹스,계열사,"985,769",8.32,"985,769",8.32,-,2023-12-31,2023,largest_shareholder
20240315000658,Y,01770203,조선내화,보통주,(주)한국분체,기타,"18,796",0.16,"18,796",0.16,-,2023-12-31,2023,largest_shareholder
20240315000658,Y,01770203,조선내화,보통주,성옥문화재단,재단,"313,912",2.65,0,0.00,유상증자 참여,2023-12-31,2023,largest_shareholder
20240315000658,Y,01770203,조선내화,보통주,이화일,발행회사 임원,"1,716,874",14.48,0,0.00,유상증자 참여,2023-12-31,2023,largest_shareholder
20240315000658,Y,01770203,조선내화,보통주,문일경,특수관계인,"50,740",0.43,0,0.00,유상증자 참여,2023-12-31,2023,largest_shareholder
20240315000658,Y,01770203,조선내화,보통주,이인천,특수관계인,"134,935",1.14,0,0.00,유상증자 참여,2023-12-31,2023,largest_shareholder
20240315000658,Y,01770203,조선내화,보통주,이명륜,특수관계인,"279,752",2.36,0,0.00,유상증자 참여,2023-12-31,2023,largest_shareholder
20240315000658,Y,01770203,조선내화,보통주,이문성,특수관계인,"129,695",1.09,0,0.00,유상증자 참여,2023-12-31,2023,largest_shareholder
20240315000658,Y,01770203,조선내화,보통주,이윤우,특수관계인,"43,908",0.37,0,0.00,유상증자 참여,2023-12-31,2023,largest_shareholder
20240315000658,Y,01770203,조선내화,보통주,이정광,특수관계인,"39,729",0.34,0,0.00,유상증자 참여,2023-12-31,2023,largest_shareholder
20240315000658,Y,01770203,조선내화,보통주,계,,"9,430,632",79.55,"9,576,748",80.78,-,2023-12-31,2023,largest_shareholder
20240315000658,Y,01770203,조선내화,합계,계,,"9,430,632",79.55,"9,576,748",80.78,-,2023-12-31,2023,largest_shareholder
20250311000815,Y,01770203,조선내화,보통주,(주)시알홀딩스,최대주주,"6,997,550",59.03,"6,997,550",59.03,-,2024-12-31,2024,largest_shareholder
20250311000815,Y,01770203,조선내화,보통주,이한민,특수관계인,"7,409",0.06,"7,409",0.06,-,2024-12-31,2024,largest_shareholder
20250311000815,Y,01770203,조선내화,보통주,강문수,계열사임원,0,0.00,"12,744",0.11,-,2024-12-31,2024,largest_shareholder
20250311000815,Y,01770203,조선내화,보통주,(주)대한세라믹스,계열사,"985,769",8.32,"901,209",7.60,-,2024-12-31,2024,largest_shareholder
20250311000815,Y,01770203,조선내화,보통주,(주)한국분체,기타,"18,796",0.16,"18,796",0.16,-,2024-12-31,2024,largest_shareholder
20250311000815,Y,01770203,조선내화,보통주,이인옥,"최대주주의
최대주주","1,271,338",10.72,"1,271,338",10.72,-,2024-12-31,2024,largest_shareholder
20250311000815,Y,01770203,조선내화,보통주,이채윤,특수관계인,"19,970",0.17,"19,970",0.17,-,2024-12-31,2024,largest_shareholder
20250311000815,Y,01770203,조선내화,보통주,이서준,특수관계인,"39,966",0.34,"39,966",0.34,-,2024-12-31,2024,largest_shareholder
20250311000815,Y,01770203,조선내화,보통주,이경일,특수관계인,"76,089",0.64,"76,089",0.64,-,2024-12-31,2024,largest_shareholder
20250311000815,Y,01770203,조선내화,보통주,이화례,특수관계인,"78,359",0.66,"78,359",0.66,-,2024-12-31,2024,largest_shareholder
20250311000815,Y,01770203,조선내화,보통주,홍정은,특수관계인,"29,637",0.25,"29,637",0.25,-,2024-12-31,2024,largest_shareholder
20250311000815,Y,01770203,조선내화,보통주,이흥일,특수관계인,"31,119",0.26,"31,119",0.26,-,2024-12-31,2024,largest_shareholder
20250311000815,Y,01770203,조선내화,보통주,이한웅,특수관계인,"20,746",0.17,"20,746",0.17,-,2024-12-31,2024,largest_shareholder
20250311000815,Y,01770203,조선내화,보통주,계,,"9,576,748",80.78,"9,504,932",80.18,-,2024-12-31,2024,largest_shareholder
20250311000815,Y,01770203,조선내화,합계,계,,"9,576,748",80.78,"9,504,932",80.18,-,2024-12-31,2024,largest_shareholder
20190620000077,Y,00447609,비에이치,보통주식,이경환,본인,"7,232,822",23.13,"7,232,822",23.05,총 발행주식수 증가,2018-12-31,2018,largest_shareholder
20190620000077,Y,00447609,비에이치,보통주식,김부덕,외4촌,"91,422",0.29,"91,422",0.29,-,2018-12-31,2018,largest_shareholder
20190620000077,Y,00447609,비에이치,보통주식,계,,"7,324,244",23.42,"7,324,244",23.34,-,2018-12-31,2018,largest_shareholder
20190620000077,Y,00447609,비에이치,우선주식,계,,-,-,-,-,-,2018-12-31,2018,largest_shareholder
20200330000561,Y,00447609,비에이치,보통주식,이경환,본인,"7,232,822",23.05,"7,232,822",22.13,총 발행주식수 증가,2019-12-31,2019,largest_shareholder
20200330000561,Y,00447609,비에이치,보통주식,김부덕,외4촌,"91,422",0.29,"91,422",0.28,-,2019-12-31,2019,largest_shareholder
20200330000561,Y,00447609,비에이치,보통주식,계,,"7,324,244",23.34,"7,324,244",22.41,-,2019-12-31,2019,largest_shareholder
20200330000561,Y,00447609,비에이치,우선주식,계,,-,-,-,-,-,2019-12-31,2019,largest_shareholder
20210331002350,Y,00447609,비에이치,보통주식,이경환,본인,"7,232,822",22.13,"7,232,822",21.61,총 발행주식수 증가,2020-12-31,2020,largest_shareholder
20210331002350,Y,00447609,비에이치,보통주식,김부덕,외4촌,"91,422",0.28,"91,422",0.27,총 발행주식수 증가,2020-12-31,2020,largest_shareholder
20210331002350,Y,00447609,비에이치,보통주식,계,,"7,324,244",22.41,"7,324,244",21.88,총 발행주식수 증가,2020-12-31,2020,largest_shareholder
20210331002350,Y,00447609,비에이치,우선주식,계,,-,-,-,-,-,2020-12-31,2020,largest_shareholder
20220317000686,Y,00447609,비에이치,보통주식,이경환,본인,"7,232,822",22.61,"7,232,822",21.39,총 발행주식수 증가,2021-12-31,2021,largest_shareholder
20220317000686,Y,00447609,비에이치,보통주식,김부덕,외4촌,"91,422",0.27,"91,422",0.27,총 발행주식수 증가,2021-12-31,2021,largest_shareholder
20220317000686,Y,00447609,비에이치,보통주식,계,,"7,324,244",22.88,"7,324,244",21.66,총 발행주식수 증가,2021-12-31,2021,largest_shareholder
20220317000686,Y,00447609,비에이치,우선주식,계,,-,-,-,-,-,2021-12-31,2021,largest_shareholder
20230323000767,Y,00447609,비에이치,보통주식,이경환,본인,"7,232,822",21.39,"7,233,822",20.99,-,2022-12-31,2022,largest_shareholder
20230323000767,Y,00447609,비에이치,보통주식,김부덕,외4촌,"91,422",0.27,0,0.00,-,2022-12-31,2022,largest_shareholder
20230323000767,Y,00447609,비에이치,보통주식,계,,"7,324,244",21.66,"7,233,822",20.99,-,2022-12-31,2022,largest_shareholder
20230323000767,Y,00447609,비에이치,-,계,,-,-,-,-,-,2022-12-31,2022,largest_shareholder
20240321001824,Y,00447609,비에이치,보통주식,이경환,본인,"7,233,822",20.99,"7,233,822",20.99,-,2023-12-31,2023,largest_shareholder
20240321001824,Y,00447609,비에이치,보통주식,계,,"7,233,822",20.99,"7,233,822",20.99,-,2023-12-31,2023,largest_shareholder
20240321001824,Y,00447609,비에이치,-,계,,-,-,-,-,-,2023-12-31,2023,largest_shareholder
20250326000026,Y,00447609,비에이치,보통주식,이경환,본인,"7,233,822",20.99,"7,285,145",21.14,-,2024-12-31,2024,largest_shareholder
20250326000026,Y,00447609,비에이치,보통주식,최영식,임원,"5,000",0.01,"5,000",0.01,-,2024-12-31,2024,largest_shareholder
20250326000026,Y,00447609,비에이치,보통주식,이민후,친인척,0,0.00,"8,623",0.03,-,2024-12-31,2024,largest_shareholder
20250326000026,Y,00447609,비에이치,보통주식,이가원,친인척,0,0.00,"8,607",0.02,-,2024-12-31,2024,largest_shareholder
20250326000026,Y,00447609,비에이치,보통주식,이아현,친인척,0,0.00,"8,438",0.02,-,2024-12-31,2024,largest_shareholder
20250326000026,Y,00447609,비에이치,보통주식,이건우,친인척,0,0.00,"8,445",0.02,-,2024-12-31,2024,largest_shareholder
20250326000026,Y,00447609,비에이치,보통주식,이승후,친인척,0,0.00,"8,619",0.03,-,2024-12-31,2024,largest_shareholder
20250326000026,Y,00447609,비에이치,보통주식,계,,"7,238,822",21.00,"7,332,877",21.28,-,2024-12-31,2024,largest_shareholder
20250326000026,Y,00447609,비에이치,-,계,,-,-,-,-,-,2024-12-31,2024,largest_shareholder
20240313000637,Y,01765256,동국씨엠,보통주,동국홀딩스(주),최대주주,"1,231,339",4.12,"9,072,220",30.34,-,2023-12-31,2023,largest_shareholder
20240313000637,Y,01765256,동국씨엠,보통주,장세욱,최대주주의 특수관계인,"2,600,353",8.70,0,0.00,지주회사 전환을 위한 유상증자 참여,2023-12-31,2023,largest_shareholder
20240313000637,Y,01765256,동국씨엠,보통주,장윤희,최대주주의 특수관계인,"176,571",0.59,0,0.00,지주회사 전환을 위한 유상증자 참여,2023-12-31,2023,largest_shareholder
20240313000637,Y,01765256,동국씨엠,보통주,장문경,최대주주의 특수관계인,"111,789",0.37,0,0.00,지주회사 전환을 위한 유상증자 참여,2023-12-31,2023,largest_shareholder
20240313000637,Y,01765256,동국씨엠,보통주,장선익,최대주주의 특수관계인,"310,382",1.04,0,0.00,지주회사 전환을 위한 유상증자 참여,2023-12-31,2023,largest_shareholder
20240313000637,Y,01765256,동국씨엠,보통주,김숙자,최대주주의 특수관계인,"37,595",0.13,0,0.00,지주회사 전환을 위한 유상증자 참여,2023-12-31,2023,largest_shareholder
20240313000637,Y,01765256,동국씨엠,보통주,남희정,최대주주의 특수관계인,"107,755",0.36,0,0.00,지주회사 전환을 위한 유상증자 참여,2023-12-31,2023,largest_shareholder
20240313000637,Y,01765256,동국씨엠,보통주,장승익,최대주주의 특수관계인,"140,983",0.47,0,0.00,지주회사 전환을 위한 유상증자 참여,2023-12-31,2023,largest_shareholder
20240313000637,Y,01765256,동국씨엠,보통주,장훈익,최대주주의 특수관계인,"156,647",0.52,0,0.00,지주회사 전환을 위한 유상증자 참여,2023-12-31,2023,largest_shareholder
20240313000637,Y,01765256,동국씨엠,보통주,장효진,최대주주의 특수관계인,"156,647",0.52,0,0.00,지주회사 전환을 위한 유상증자 참여,2023-12-31,2023,largest_shareholder
20240313000637,Y,01765256,동국씨엠,보통주,이 철,최대주주의 특수관계인,"5,012",0.02,"5,012",0.02,-,2023-12-31,2023,largest_shareholder
20240313000637,Y,01765256,동국씨엠,보통주,이상민,최대주주의 특수관계인,78,0.00,78,0.00,-,2023-12-31,2023,largest_shareholder
20240313000637,Y,01765256,동국씨엠,보통주,박상훈,발행회사 임원,10,0.00,10,0.00,-,2023-12-31,2023,largest_shareholder
20240313000637,Y,01765256,동국씨엠,보통주,곽진수,계열회사 임원,171,0.00,171,0.00,-,2023-12-31,2023,largest_shareholder
20240313000637,Y,01765256,동국씨엠,보통주,최삼영,계열회사 임원,"4,807",0.02,"4,807",0.02,-,2023-12-31,2023,largest_shareholder
20240313000637,Y,01765256,동국씨엠,보통주,이대식,계열회사 임원,"3,132",0.01,"3,132",0.01,-,2023-12-31,2023,largest_shareholder
20240313000637,Y,01765256,동국씨엠,보통주,정순욱,계열회사 임원,172,0.00,172,0.00,-,2023-12-31,2023,largest_shareholder
20240313000637,Y,01765256,동국씨엠,보통주,장세주,최대주주의 특수관계인,"4,041,513",13.52,0,0.00,지주회사 전환을 위한 유상증자 참여,2023-12-31,2023,largest_shareholder
20240313000637,Y,01765256,동국씨엠,보통주,계,,"9,084,956",30.39,"9,085,602",30.39,-,2023-12-31,2023,largest_shareholder
20240313000637,Y,01765256,동국씨엠,우선주,계,,-,-,-,-,-,2023-12-31,2023,largest_shareholder
20250317000943,Y,01765256,동국씨엠,보통주,동국홀딩스(주),최대주주,"9,072,220",30.34,"9,072,220",30.34,-,2024-12-31,2024,largest_shareholder
20250317000943,Y,01765256,동국씨엠,보통주,이 철,최대주주의 특수관계인,"5,012",0.02,"5,012",0.02,-,2024-12-31,2024,largest_shareholder
20250317000943,Y,01765256,동국씨엠,보통주,이상민,최대주주의 특수관계인,78,0.00,78,0.00,-,2024-12-31,2024,largest_shareholder
20250317000943,Y,01765256,동국씨엠,보통주,박상훈,발행회사 임원,10,0.00,10,0.00,-,2024-12-31,2024,largest_shareholder
20250317000943,Y,01765256,동국씨엠,보통주,곽진수,계열회사 임원,171,0.00,171,0.00,-,2024-12-31,2024,largest_shareholder
20250317000943,Y,01765256,동국씨엠,보통주,최삼영,계열회사 임원,"4,807",0.02,"4,807",0.02,-,2024-12-31,2024,largest_shareholder
20250317000943,Y,01765256,동국씨엠,보통주,이대식,계열회사 임원,"3,132",0.01,0,0.00,등기임원 사임,2024-12-31,2024,largest_shareholder
20250317000943,Y,01765256,동국씨엠,보통주,정순욱,계열회사 임원,172,0.00,172,0.00,-,2024-12-31,2024,largest_shareholder
20250317000943,Y,01765256,동국씨엠,보통주,최우일,계열회사 임원,0,0.00,"3,226",0.01,등기임원 선임,2024-12-31,2024,largest_shareholder
20250317000943,Y,01765256,동국씨엠,보통주,계,,"9,085,602",30.39,"9,085,696",30.39,-,2024-12-31,2024,largest_shareholder
20250317000943,Y,01765256,동국씨엠,우선주,계,,-,-,-,-,-,2024-12-31,2024,largest_shareholder
20240312000543,Y,01765265,동국제강,보통주,동국홀딩스(주),최대주주 본인,"2,043,045",4.12,"15,021,885",30.28,-,2023-12-31,2023,largest_shareholder
20240312000543,Y,01765265,동국제강,보통주,장세주,최대주주의 특수관계인,"6,705,701",13.52,0,0.00,지주회사 전환을 위한 유상증자 참여,2023-12-31,2023,largest_shareholder
20240312000543,Y,01765265,동국제강,보통주,장세욱,최대주주의 특수관계인,"4,314,520",8.70,0,0.00,지주회사 전환을 위한 유상증자 참여,2023-12-31,2023,largest_shareholder
20240312000543,Y,01765265,동국제강,보통주,장윤희,최대주주의 특수관계인,"292,967",0.59,0,0.00,지주회사 전환을 위한 유상증자 참여,2023-12-31,2023,largest_shareholder
20240312000543,Y,01765265,동국제강,보통주,장선익,최대주주의 특수관계인,"514,989",1.04,0,0.00,지주회사 전환을 위한 유상증자 참여,2023-12-31,2023,largest_shareholder
20240312000543,Y,01765265,동국제강,보통주,김숙자,최대주주의 특수관계인,"62,378",0.13,0,0.00,지주회사 전환을 위한 유상증자 참여,2023-12-31,2023,largest_shareholder
20240312000543,Y,01765265,동국제강,보통주,남희정,최대주주의 특수관계인,"178,789",0.36,0,0.00,지주회사 전환을 위한 유상증자 참여,2023-12-31,2023,largest_shareholder
20240312000543,Y,01765265,동국제강,보통주,장승익,최대주주의 특수관계인,"233,919",0.47,0,0.00,지주회사 전환을 위한 유상증자 참여,2023-12-31,2023,largest_shareholder
20240312000543,Y,01765265,동국제강,보통주,장훈익,최대주주의 특수관계인,"259,910",0.52,0,0.00,지주회사 전환을 위한 유상증자 참여,2023-12-31,2023,largest_shareholder
20240312000543,Y,01765265,동국제강,보통주,장효진,최대주주의 특수관계인,"259,910",0.52,0,0.00,지주회사 전환을 위한 유상증자 참여,2023-12-31,2023,largest_shareholder
20240312000543,Y,01765265,동국제강,보통주,장문경,최대주주의 특수관계인,"185,481",0.37,"30,000",0.06,지주회사 전환을 위한 유상증자 참여,2023-12-31,2023,largest_shareholder
20240312000543,Y,01765265,동국제강,보통주,이 철,최대주주의 특수관계인,"8,317",0.02,"8,317",0.02,-,2023-12-31,2023,largest_shareholder
20240312000543,Y,01765265,동국제강,보통주,이상민,최대주주의 특수관계인,129,0.00,129,0.00,-,2023-12-31,2023,largest_shareholder
20240312000543,Y,01765265,동국제강,보통주,최삼영,발행회사 임원,"7,976",0.02,"7,976",0.02,-,2023-12-31,2023,largest_shareholder
20240312000543,Y,01765265,동국제강,보통주,이대식,발행회사 임원,"5,198",0.01,"5,198",0.01,-,2023-12-31,2023,largest_shareholder
20240312000543,Y,01765265,동국제강,보통주,곽진수,최대주주 임원,284,0.00,284,0.00,-,2023-12-31,2023,largest_shareholder
20240312000543,Y,01765265,동국제강,보통주,박상훈,계열회사 임원,16,0.00,16,0.00,-,2023-12-31,2023,largest_shareholder
20240312000543,Y,01765265,동국제강,보통주,정순욱,계열회사 임원,285,0.00,285,0.00,-,2023-12-31,2023,largest_shareholder
20240312000543,Y,01765265,동국제강,보통주,계,,"15,073,814",30.39,"15,074,090",30.39,-,2023-12-31,2023,largest_shareholder
20240312000543,Y,01765265,동국제강,우선주,계,,-,-,-,-,-,2023-12-31,2023,largest_shareholder
20250317000722,Y,01765265,동국제강,보통주,동국홀딩스(주),최대주주,"15,021,885",30.28,"15,021,885",30.28,-,2024-12-31,2024,largest_shareholder
20250317000722,Y,01765265,동국제강,보통주,정순욱,계열회사 임원,285,0.00,285,0.00,-,2024-12-31,2024,largest_shareholder
20250317000722,Y,01765265,동국제강,보통주,장문경,최대주주의 특수관계인,"30,000",0.06,"30,000",0.06,-,2024-12-31,2024,largest_shareholder
20250317000722,Y,01765265,동국제강,보통주,이철,최대주주의 특수관계인,"8,317",0.02,"8,317",0.02,-,2024-12-31,2024,largest_shareholder
20250317000722,Y,01765265,동국제강,보통주,이상민,최대주주의 특수관계인,129,0.00,129,0.00,-,2024-12-31,2024,largest_shareholder
20250317000722,Y,01765265,동국제강,보통주,최삼영,발행회사 임원,"7,976",0.02,"7,976",0.02,-,2024-12-31,2024,largest_shareholder
20250317000722,Y,01765265,동국제강,보통주,최우일,발행회사 임원,0,0.00,"5,354",0.01,등기임원 선임,2024-12-31,2024,largest_shareholder
20250317000722,Y,01765265,동국제강,보통주,이대식,발행회사 임원,"5,198",0.01,0,0.00,등기임원 사임,2024-12-31,2024,largest_shareholder
20250317000722,Y,01765265,동국제강,보통주,곽진수,계열회사 임원,284,0.00,284,0.00,-,2024-12-31,2024,largest_shareholder
20250317000722,Y,01765265,동국제강,보통주,박상훈,계열회사 임원,16,0.00,16,0.00,-,2024-12-31,2024,largest_shareholder
20250317000722,Y,01765265,동국제강,보통주,계,,"15,074,090",30.39,"15,074,246",30.39,-,2024-12-31,2024,largest_shareholder
20250317000722,Y,01765265,동국제강,우선주,계,,-,-,-,-,-,2024-12-31,2024,largest_shareholder
20240411004116,Y,01762569,이수스페셜티케미컬,보통주,㈜이수,최대주주 본인,"1,364,457",24.77,"1,364,457",24.37,-,2023-12-31,2023,largest_shareholder
20240411004116,Y,01762569,이수스페셜티케미컬,보통주,㈜이수엑사켐,계열회사,"8,015",0.15,"8,015",0.14,-,2023-12-31,2023,largest_shareholder
20240411004116,Y,01762569,이수스페셜티케미컬,보통주,㈜이수화학,계열회사,"148,476",2.70,"148,476",2.65,-,2023-12-31,2023,largest_shareholder
20240411004116,Y,01762569,이수스페셜티케미컬,보통주,김선정,특수관계인,"160,101",2.91,"160,101",2.86,-,2023-12-31,2023,largest_shareholder
20240411004116,Y,01762569,이수스페셜티케미컬,보통주,김상범,"최대주주의
대표이사","10,068",0.18,"10,068",0.18,-,2023-12-31,2023,largest_shareholder
20240411004116,Y,01762569,이수스페셜티케미컬,보통주,김세민,"최대주주의
임원","2,870",0.05,"2,870",0.05,-,2023-12-31,2023,largest_shareholder
20240411004116,Y,01762569,이수스페셜티케미컬,보통주,김세현,특수관계인,"5,431",0.10,"5,431",0.10,-,2023-12-31,2023,largest_shareholder
20240411004116,Y,01762569,이수스페셜티케미컬,보통주,류승호,계열회사 임원,313,0.01,313,0.01,-,2023-12-31,2023,largest_shareholder
20240411004116,Y,01762569,이수스페셜티케미컬,보통주,김성우,계열회사 임원,197,0.00,197,0.00,-,2023-12-31,2023,largest_shareholder
20240411004116,Y,01762569,이수스페셜티케미컬,보통주,계,,"1,699,928",30.86,"1,699,928",30.36,-,2023-12-31,2023,largest_shareholder
20240411004116,Y,01762569,이수스페셜티케미컬,우선주,계,,-,-,-,-,-,2023-12-31,2023,largest_shareholder
20250320001543,Y,01762569,이수스페셜티케미컬,보통주,㈜이수,최대주주 본인,"1,364,457",24.37,"7,564,665",25.04,-,2024-12-31,2024,largest_shareholder
20250320001543,Y,01762569,이수스페셜티케미컬,보통주,㈜이수엑사켐,계열회사,"8,015",0.14,"40,075",0.13,-,2024-12-31,2024,largest_shareholder
20250320001543,Y,01762569,이수스페셜티케미컬,보통주,㈜이수화학,계열회사,"148,476",2.65,0,0.00,-,2024-12-31,2024,largest_shareholder
20250320001543,Y,01762569,이수스페셜티케미컬,보통주,김선정,특수관계인,"160,101",2.86,"800,505",2.65,-,2024-12-31,2024,largest_shareholder
20250320001543,Y,01762569,이수스페셜티케미컬,보통주,김상범,"최대주주의
대표이사","10,068",0.18,"2,259,460",7.48,-,2024-12-31,2024,largest_shareholder
20250320001543,Y,01762569,이수스페셜티케미컬,보통주,김세민,"최대주주의
임원","2,870",0.05,"14,350",0.05,-,2024-12-31,2024,largest_shareholder
20250320001543,Y,01762569,이수스페셜티케미컬,보통주,김세현,특수관계인,"5,431",0.10,"27,155",0.09,-,2024-12-31,2024,largest_shareholder
20250320001543,Y,01762569,이수스페셜티케미컬,보통주,류승호,계열회사 임원,313,0.01,"1,565",0.01,-,2024-12-31,2024,largest_shareholder
20250320001543,Y,01762569,이수스페셜티케미컬,보통주,김성우,계열회사 임원,197,0.00,985,0.00,-,2024-12-31,2024,largest_shareholder
20250320001543,Y,01762569,이수스페셜티케미컬,보통주,계,,"1,699,928",30.36,"10,708,760",35.45,-,2024-12-31,2024,largest_shareholder
20250320001543,Y,01762569,이수스페셜티케미컬,우선주,계,,-,-,-,-,-,2024-12-31,2024,largest_shareholder
20240314000710,Y,01760738,OCI,보통주,"OCI 홀딩스
㈜",최대주주,"93,546",1.26,"2,472,450",33.25,(주1),2023-12-31,2023,largest_shareholder
20240314000710,Y,01760738,OCI,보통주,김유신,발행회사 임원,12,0.00,12,0.00,-,2023-12-31,2023,largest_shareholder
20240314000710,Y,01760738,OCI,보통주,백우석,계열사 임원,"3,446",0.05,"3,446",0.05,-,2023-12-31,2023,largest_shareholder
20240314000710,Y,01760738,OCI,보통주,문병도,계열사 임원,"2,338",0.03,"2,338",0.03,-,2023-12-31,2023,largest_shareholder
20240314000710,Y,01760738,OCI,보통주,김정섭,계열사 임원,424,0.01,424,0.01,-,2023-12-31,2023,largest_shareholder
20240314000710,Y,01760738,OCI,보통주,김창석,계열사 임원,166,0.00,166,0.00,-,2023-12-31,2023,largest_shareholder
20240314000710,Y,01760738,OCI,보통주,김원현,계열사 임원,155,0.00,155,0.00,-,2023-12-31,2023,largest_shareholder
20240314000710,Y,01760738,OCI,보통주,황세연,계열사 임원,15,0.00,15,0.00,-,2023-12-31,2023,largest_shareholder
20240314000710,Y,01760738,OCI,보통주,장형규,계열사 임원,9,0.00,9,0.00,-,2023-12-31,2023,largest_shareholder
20240314000710,Y,01760738,OCI,보통주,김종길,계열사 임원,0,0.00,4,0.00,임원선임,2023-12-31,2023,largest_shareholder
20240314000710,Y,01760738,OCI,보통주,배정권,기타,82,0.00,82,0.00,-,2023-12-31,2023,largest_shareholder
20240314000710,Y,01760738,OCI,보통주,이우현,최대주주의 특수관계인,"374,951",5.04,"46,345",0.62,(주1),2023-12-31,2023,largest_shareholder
20240314000710,Y,01760738,OCI,보통주,(재)송암문화재단,재단,"91,390",1.23,"91,390",1.23,-,2023-12-31,2023,largest_shareholder
20240314000710,Y,01760738,OCI,보통주,(학)송도학원,기타,"26,507",0.36,"26,507",0.36,-,2023-12-31,2023,largest_shareholder
20240314000710,Y,01760738,OCI,보통주,이화영,최대주주의 특수관계인,"403,869",5.43,0,0.00,(주1),2023-12-31,2023,largest_shareholder
20240314000710,Y,01760738,OCI,보통주,이복영,최대주주의 특수관계인,"401,699",5.40,0,0.00,(주1),2023-12-31,2023,largest_shareholder
20240314000710,Y,01760738,OCI,보통주,이정자,최대주주의 특수관계인,"46,773",0.63,0,0.00,(주1),2023-12-31,2023,largest_shareholder
20240314000710,Y,01760738,OCI,보통주,이우성,최대주주의 특수관계인,"36,422",0.49,0,0.00,(주1),2023-12-31,2023,largest_shareholder
20240314000710,Y,01760738,OCI,보통주,이우일,최대주주의 특수관계인,"13,720",0.18,0,0.00,(주1),2023-12-31,2023,largest_shareholder
20240314000710,Y,01760738,OCI,보통주,이희현,최대주주의 특수관계인,249,0.00,0,0.00,(주1),2023-12-31,2023,largest_shareholder
20240314000710,Y,01760738,OCI,보통주,한상준,최대주주의 특수관계인,187,0.00,0,0.00,(주1),2023-12-31,2023,largest_shareholder
20240314000710,Y,01760738,OCI,보통주,㈜유니드,계열사,"31,182",0.42,0,0.00,(주1),2023-12-31,2023,largest_shareholder
20240314000710,Y,01760738,OCI,보통주,이지현,최대주주의 특수관계인,"140,657",1.89,"27,035",0.36,(주1),2023-12-31,2023,largest_shareholder
20240314000710,Y,01760738,OCI,보통주,강필상,계열사 임원,6,0.00,0,0.00,임원퇴임,2023-12-31,2023,largest_shareholder
20240314000710,Y,01760738,OCI,보통주,주정용,계열사 임원,11,0.00,0,0.00,임원퇴임,2023-12-31,2023,largest_shareholder
20240314000710,Y,01760738,OCI,보통주,유형곤,계열사 임원,97,0.00,0,0.00,임원퇴임,2023-12-31,2023,largest_shareholder
20240314000710,Y,01760738,OCI,보통주,김한승,계열사 임원,6,0.00,0,0.00,임원퇴임,2023-12-31,2023,largest_shareholder
20240314000710,Y,01760738,OCI,보통주,이주연,최대주주의 특수관계인,"17,226",0.23,"17,226",0.23,-,2023-12-31,2023,largest_shareholder
20240314000710,Y,01760738,OCI,보통주,김경자,최대주주의 특수관계인,"61,779",0.83,"16,736",0.23,(주1),2023-12-31,2023,largest_shareholder
20240314000710,Y,01760738,OCI,보통주,이선구,최대주주의 특수관계인,32,0.00,32,0.00,-,2023-12-31,2023,largest_shareholder
20240314000710,Y,01760738,OCI,보통주,이윤구,최대주주의 특수관계인,32,0.00,32,0.00,-,2023-12-31,2023,largest_shareholder
20240314000710,Y,01760738,OCI,보통주,김수연,최대주주의 특수관계인,22,0.00,22,0.00,-,2023-12-31,2023,largest_shareholder
20240314000710,Y,01760738,OCI,보통주,김택중,발행회사 임원,29,0.00,29,0.00,-,2023-12-31,2023,largest_shareholder
20240314000710,Y,01760738,OCI,보통주,계,,"1,747,039",23.49,"2,704,455",36.37,-,2023-12-31,2023,largest_shareholder
20240314000710,Y,01760738,OCI,합계,계,,"1,747,039",23.49,"2,704,455",36.37,-,2023-12-31,2023,largest_shareholder
20250314001304,Y,01760738,OCI,보통주,OCI 홀딩스㈜,최대주주,"2,472,450",33.25,"4,026,256",44.97,-,2024-12-31,2024,largest_shareholder
20250314001304,Y,01760738,OCI,보통주,문병도,계열사 임원,"2,338",0.03,"2,338",0.03,-,2024-12-31,2024,largest_shareholder
20250314001304,Y,01760738,OCI,보통주,이수미,계열사 임원,0,0.00,460,0.01,장내매수,2024-12-31,2024,largest_shareholder
20250314001304,Y,01760738,OCI,보통주,서영욱,계열사 임원,0,0.00,397,0.00,장내매수,2024-12-31,2024,largest_shareholder
20250314001304,Y,01760738,OCI,보통주,황세연,계열사 임원,15,0.00,335,0.00,장내매수,2024-12-31,2024,largest_shareholder
20250314001304,Y,01760738,OCI,보통주,김창석,계열사 임원,166,0.00,166,0.00,-,2024-12-31,2024,largest_shareholder
20250314001304,Y,01760738,OCI,보통주,김원현,계열사 임원,155,0.00,155,0.00,-,2024-12-31,2024,largest_shareholder
20250314001304,Y,01760738,OCI,보통주,이진욱,계열사 임원,0,0.00,100,0.00,임원선임,2024-12-31,2024,largest_shareholder
20250314001304,Y,01760738,OCI,보통주,장형규,계열사 임원,9,0.00,9,0.00,-,2024-12-31,2024,largest_shareholder
20250314001304,Y,01760738,OCI,보통주,이상미,계열사 임원,0,0.00,6,0.00,임원선임,2024-12-31,2024,largest_shareholder
20250314001304,Y,01760738,OCI,보통주,이지현,최대주주의 특수관계인,"27,035",0.36,"27,035",0.30,-,2024-12-31,2024,largest_shareholder
20250314001304,Y,01760738,OCI,보통주,(학)송도학원,기타,"26,507",0.36,"26,507",0.30,-,2024-12-31,2024,largest_shareholder
20250314001304,Y,01760738,OCI,보통주,윤진호,계열사 임원,0,0.00,5,0.00,임원선임,2024-12-31,2024,largest_shareholder
20250314001304,Y,01760738,OCI,보통주,김종길,계열사 임원,4,0.00,4,0.00,-,2024-12-31,2024,largest_shareholder
20250314001304,Y,01760738,OCI,보통주,(재)송암문화재단,재단,"91,390",1.23,"91,390",1.02,-,2024-12-31,2024,largest_shareholder
20250314001304,Y,01760738,OCI,보통주,이우현,최대주주의 특수관계인,"46,345",0.62,0,0.00,장내매도,2024-12-31,2024,largest_shareholder
20250314001304,Y,01760738,OCI,보통주,백우석,계열사 임원,"3,446",0.05,0,0.00,임원퇴임,2024-12-31,2024,largest_shareholder
20250314001304,Y,01760738,OCI,보통주,김정섭,계열사 임원,424,0.01,0,0.00,임원퇴임,2024-12-31,2024,largest_shareholder
20250314001304,Y,01760738,OCI,보통주,배정권,기타,82,0.00,0,0.00,장내매도,2024-12-31,2024,largest_shareholder
20250314001304,Y,01760738,OCI,보통주,이주연,최대주주의 특수관계인,"17,226",0.23,"17,226",0.19,-,2024-12-31,2024,largest_shareholder
20250314001304,Y,01760738,OCI,보통주,김경자,최대주주의 특수관계인,"16,736",0.23,"16,736",0.19,-,2024-12-31,2024,largest_shareholder
20250314001304,Y,01760738,OCI,보통주,이선구,최대주주의 특수관계인,32,0.00,32,0.00,-,2024-12-31,2024,largest_shareholder
20250314001304,Y,01760738,OCI,보통주,이윤구,최대주주의 특수관계인,32,0.00,32,0.00,-,2024-12-31,2024,largest_shareholder
20250314001304,Y,01760738,OCI,보통주,김수연,최대주주의 특수관계인,22,0.00,22,0.00,-,2024-12-31,2024,largest_shareholder
20250314001304,Y,01760738,OCI,보통주,김유신,발행회사 임원,12,0.00,808,0.01,장내매수,2024-12-31,2024,largest_shareholder
20250314001304,Y,01760738,OCI,보통주,김택중,발행회사 임원,29,0.00,29,0.00,-,2024-12-31,2024,largest_shareholder
20250314001304,Y,01760738,OCI,보통주,계,,"2,704,455",36.37,"4,210,048",47.03,-,2024-12-31,2024,largest_shareholder
20250314001304,Y,01760738,OCI,합계,계,,"2,704,455",36.37,"4,210,048",47.03,-,2024-12-31,2024,largest_shareholder
20190329001733,Y,00480367,SK오션플랜트,보통주,송무석,최대주주본인,"3,650,706",21.66,"5,085,960",19.25,-,2018-12-31,2018,largest_shareholder
20190329001733,Y,00480367,SK오션플랜트,보통주,송정석,특수관계인,"3,450,706",20.47,"4,807,331",18.19,-,2018-12-31,2018,largest_shareholder
20190329001733,Y,00480367,SK오션플랜트,보통주,김재곤,송정석의처남,"115,234",0.68,"49,085",0.19,-,2018-12-31,2018,largest_shareholder
20190329001733,Y,00480367,SK오션플랜트,보통주,(주)삼강금속,특수관계법인,"764,000",4.53,"1,064,362",4.03,-,2018-12-31,2018,largest_shareholder
20190329001733,Y,00480367,SK오션플랜트,보통주,강숙희,특수관계인,"179,400",1.06,"249,929",0.94,-,2018-12-31,2018,largest_shareholder
20190329001733,Y,00480367,SK오션플랜트,보통주,송민아,특수관계인,"50,000",0.30,"69,656",0.26,-,2018-12-31,2018,largest_shareholder
20190329001733,Y,00480367,SK오션플랜트,보통주,계,,"8,210,046",48.70,"11,326,323",42.86,-,2018-12-31,2018,largest_shareholder
20190329001733,Y,00480367,SK오션플랜트,기   타,계,,-,-,-,-,-,2018-12-31,2018,largest_shareholder
20200330003171,Y,00480367,SK오션플랜트,보통주,송무석,최대주주본인,"5,085,960",19.25,"5,453,034",19.57,-,2019-12-31,2019,largest_shareholder
20200330003171,Y,00480367,SK오션플랜트,보통주,송정석,특수관계인,"4,807,331",18.19,"5,218,899",18.72,-,2019-12-31,2019,largest_shareholder
20200330003171,Y,00480367,SK오션플랜트,보통주,(주)삼강금속,특수관계법인,"1,064,362",4.03,"1,113,447",4.00,-,2019-12-31,2019,largest_shareholder
20200330003171,Y,00480367,SK오션플랜트,보통주,강숙희,특수관계인,"249,929",0.94,"249,929",0.90,-,2019-12-31,2019,largest_shareholder
20200330003171,Y,00480367,SK오션플랜트,보통주,송민아,특수관계인,"69,656",0.26,"69,656",0.25,-,2019-12-31,2019,largest_shareholder
20200330003171,Y,00480367,SK오션플랜트,보통주,계,,"11,326,323",42.86,"12,104,965",43.44,-,2019-12-31,2019,largest_shareholder
20200330003171,Y,00480367,SK오션플랜트,기   타,계,,-,-,-,-,-,2019-12-31,2019,largest_shareholder
20210318000211,Y,00480367,SK오션플랜트,보통주,송무석,최대주주본인,"5,453,034",19.57,"5,949,393",16.95,-,2020-12-31,2020,largest_shareholder
20210318000211,Y,00480367,SK오션플랜트,보통주,송정석,특수관계인,"5,218,899",18.72,"5,715,259",16.29,-,2020-12-31,2020,largest_shareholder
20210318000211,Y,00480367,SK오션플랜트,보통주,(주)삼강금속,특수관계법인,"1,113,447",4.00,"987,337",2.81,-,2020-12-31,2020,largest_shareholder
20210318000211,Y,00480367,SK오션플랜트,보통주,강숙희,특수관계인,"249,929",0.90,"212,819",0.61,-,2020-12-31,2020,largest_shareholder
20210318000211,Y,00480367,SK오션플랜트,보통주,송민아,특수관계인,"69,656",0.25,"69,656",0.20,-,2020-12-31,2020,largest_shareholder
20210318000211,Y,00480367,SK오션플랜트,보통주,계,,"12,104,965",43.44,"12,934,464",36.86,-,2020-12-31,2020,largest_shareholder
20210318000211,Y,00480367,SK오션플랜트,기타,계,,-,-,-,-,-,2020-12-31,2020,largest_shareholder
20220323001382,Y,00480367,SK오션플랜트,보통주,송무석,본인,"5,949,393",16.95,"6,690,240",18.29,-,2021-12-31,2021,largest_shareholder
20220323001382,Y,00480367,SK오션플랜트,보통주,송정석,특수관계인,"5,715,259",16.29,"6,456,106",17.65,-,2021-12-31,2021,largest_shareholder
20220323001382,Y,00480367,SK오션플랜트,보통주,(주)삼강금속,특수관계인,"987,337",2.81,"909,777",2.49,-,2021-12-31,2021,largest_shareholder
20220323001382,Y,00480367,SK오션플랜트,보통주,강숙희,특수관계인,"212,819",0.61,"212,819",0.58,-,2021-12-31,2021,largest_shareholder
20220323001382,Y,00480367,SK오션플랜트,보통주,송민아,특수관계인,"69,656",0.20,"69,656",0.19,-,2021-12-31,2021,largest_shareholder
20220323001382,Y,00480367,SK오션플랜트,보통주,계,,"12,934,464",36.86,"14,338,598",39.20,-,2021-12-31,2021,largest_shareholder
20220323001382,Y,00480367,SK오션플랜트,기타,계,,-,-,-,-,-,2021-12-31,2021,largest_shareholder
20230831000707,Y,00480367,SK오션플랜트,의결권이있는 주식,"에스케이
에코플랜트",최대주주,0,0.00,"16,296,413",30.61,-,2022-12-31,2022,largest_shareholder
20230831000707,Y,00480367,SK오션플랜트,보통주,계,,0,0.00,"16,296,413",30.61,-,2022-12-31,2022,largest_shareholder
20230831000707,Y,00480367,SK오션플랜트,기타,계,,0,0.00,-,-,-,2022-12-31,2022,largest_shareholder
20240320000346,Y,00480367,SK오션플랜트,의결권이있는 주식,"에스케이
에코플랜트(주)",최대주주,"16,296,413",30.61,"22,256,969",37.60,-,2023-12-31,2023,largest_shareholder
20240320000346,Y,00480367,SK오션플랜트,보통주,계,,"16,296,413",30.61,"22,256,969",37.60,-,2023-12-31,2023,largest_shareholder
20240320000346,Y,00480367,SK오션플랜트,기타,계,,-,-,-,-,-,2023-12-31,2023,largest_shareholder
20250814001175,Y,00480367,SK오션플랜트,의결권이있는 주식,"에스케이
에코플랜트(주)",최대주주,"22,256,969",37.60,"22,256,969",37.60,-,2024-12-31,2024,largest_shareholder
20250814001175,Y,00480367,SK오션플랜트,보통주,계,,"22,256,969",37.60,"22,256,969",37.60,-,2024-12-31,2024,largest_shareholder
20250814001175,Y,00480367,SK오션플랜트,기타,계,,-,-,-,-,-,2024-12-31,2024,largest_shareholder
20240318000716,Y,01721809,현대그린푸드,보통주,(주)현대지에프홀딩스,최대주주,"3,426,666",10.10,"12,910,677",38.10,-,2023-12-31,2023,largest_shareholder
20240318000716,Y,01721809,현대그린푸드,보통주,정지선,특수관계인,"4,293,097",12.70,"4,293,097",12.70,-,2023-12-31,2023,largest_shareholder
20240318000716,Y,01721809,현대그린푸드,보통주,정교선,특수관계인,"8,062,490",23.80,0,0.00,-,2023-12-31,2023,largest_shareholder
20240318000716,Y,01721809,현대그린푸드,보통주,정몽근,특수관계인,"668,407",1.90,0,0.00,-,2023-12-31,2023,largest_shareholder
20240318000716,Y,01721809,현대그린푸드,보통주,계,,"16,450,660",48.60,"17,203,774",50.80,-,2023-12-31,2023,largest_shareholder
20240318000716,Y,01721809,현대그린푸드,-,계,,-,-,-,-,-,2023-12-31,2023,largest_shareholder
20250314000805,Y,01721809,현대그린푸드,보통주,(주)현대지에프홀딩스,최대주주,"12,910,677",38.10,"12,910,677",38.10,-,2024-12-31,2024,largest_shareholder
20250314000805,Y,01721809,현대그린푸드,보통주,정지선,특수관계인,"4,293,097",12.70,0,0.00,-,2024-12-31,2024,largest_shareholder
20250314000805,Y,01721809,현대그린푸드,보통주,황서림,특수관계인,0,0.00,"990,752",2.90,-,2024-12-31,2024,largest_shareholder
20250314000805,Y,01721809,현대그린푸드,보통주,정창덕,특수관계인,0,0.00,"990,753",3.00,-,2024-12-31,2024,largest_shareholder
20250314000805,Y,01721809,현대그린푸드,보통주,정다나,특수관계인,0,0.00,"990,752",2.90,-,2024-12-31,2024,largest_shareholder
20250314000805,Y,01721809,현대그린푸드,보통주,정창욱,특수관계인,0,0.00,"440,280",1.30,-,2024-12-31,2024,largest_shareholder
20250314000805,Y,01721809,현대그린푸드,보통주,정창준,특수관계인,0,0.00,"440,280",1.30,-,2024-12-31,2024,largest_shareholder
20250314000805,Y,01721809,현대그린푸드,보통주,정창윤,특수관계인,0,0.00,"440,280",1.30,-,2024-12-31,2024,largest_shareholder
20250314000805,Y,01721809,현대그린푸드,보통주,계,,"17,203,774",50.80,"17,203,774",50.80,-,2024-12-31,2024,largest_shareholder
20250314000805,Y,01721809,현대그린푸드,-,계,,-,-,-,-,-,2024-12-31,2024,largest_shareholder
20240318000820,Y,01722437,한화갤러리아,보통주,㈜한화,최대주주,"70,397,507",36.31,"70,397,507",36.31,-,2023-12-31,2023,largest_shareholder
20240318000820,Y,01722437,한화갤러리아,우선주,㈜한화,최대주주,"723,758",24.92,"723,758",24.92,-,2023-12-31,2023,largest_shareholder
20240318000820,Y,01722437,한화갤러리아,보통주,한화솔루션㈜,특수관계,"2,687,775",1.39,"2,687,775",1.39,-,2023-12-31,2023,largest_shareholder
20240318000820,Y,01722437,한화갤러리아,우선주,한화솔루션㈜,특수관계,"10,641",0.37,"10,641",0.37,-,2023-12-31,2023,largest_shareholder
20240318000820,Y,01722437,한화갤러리아,보통주,북일학원,특수관계,"293,635",0.15,"293,635",0.15,-,2023-12-31,2023,largest_shareholder
20240318000820,Y,01722437,한화갤러리아,보통주,김동선,발행회사 임원,0,0.00,"3,043,860",1.57,장내매수,2023-12-31,2023,largest_shareholder
20240318000820,Y,01722437,한화갤러리아,보통주,김태원,발행회사 임원,"1,122",0.00,"1,122",0.00,-,2023-12-31,2023,largest_shareholder
20240318000820,Y,01722437,한화갤러리아,보통주,계,,"73,380,039",37.85,"76,423,899",39.42,-,2023-12-31,2023,largest_shareholder
20240318000820,Y,01722437,한화갤러리아,우선주,계,,"734,399",25.29,"734,399",25.29,-,2023-12-31,2023,largest_shareholder
20250317000838,Y,01722437,한화갤러리아,보통주,㈜한화,최대주주,"70,397,507",36.31,"70,397,507",36.31,-,2024-12-31,2024,largest_shareholder
20250317000838,Y,01722437,한화갤러리아,우선주,㈜한화,최대주주,"723,758",24.92,"723,758",24.92,-,2024-12-31,2024,largest_shareholder
20250317000838,Y,01722437,한화갤러리아,보통주,김동선,발행회사 임원,"3,043,860",1.57,"32,664,643",16.85,장내매수 및 공개매수,2024-12-31,2024,largest_shareholder
20250317000838,Y,01722437,한화갤러리아,보통주,한화솔루션㈜,특수관계,"2,687,775",1.39,"2,687,775",1.39,-,2024-12-31,2024,largest_shareholder
20250317000838,Y,01722437,한화갤러리아,우선주,한화솔루션㈜,특수관계,"10,641",0.37,"10,641",0.37,-,2024-12-31,2024,largest_shareholder
20250317000838,Y,01722437,한화갤러리아,보통주,북일학원,특수관계,"293,635",0.15,"293,635",0.15,-,2024-12-31,2024,largest_shareholder
20250317000838,Y,01722437,한화갤러리아,보통주,김태원,발행회사 임원,"1,122",0.00,"1,122",0.00,-,2024-12-31,2024,largest_shareholder
20250317000838,Y,01722437,한화갤러리아,보통주,계,,"76,423,899",39.42,"106,044,682",54.70,-,2024-12-31,2024,largest_shareholder
20250317000838,Y,01722437,한화갤러리아,우선주,계,,"734,399",25.29,"734,399",25.29,-,2024-12-31,2024,largest_shareholder
20210331003006,Y,00622787,바이오노트,보통주,조영식,최대주주 본인,"3,169,500",54.20,"3,169,500",54.20,-,2020-12-31,2020,largest_shareholder
20210331003006,Y,00622787,바이오노트,보통주,김영민,관계회사 등기임원,"1,000",0.02,"1,000",0.02,-,2020-12-31,2020,largest_shareholder
20210331003006,Y,00622787,바이오노트,보통주,이노센스㈜,관계회사,"833,500",14.25,"833,500",14.25,-,2020-12-31,2020,largest_shareholder
20210331003006,Y,00622787,바이오노트,보통주,조혜임,"친인척
(최대주주의 자녀)","100,000",1.71,"100,000",1.71,-,2020-12-31,2020,largest_shareholder
20210331003006,Y,00622787,바이오노트,보통주,조용기,"친인척
(최대주주의 자녀)","100,000",1.71,"100,000",1.71,-,2020-12-31,2020,largest_shareholder
20210331003006,Y,00622787,바이오노트,보통주,유복순,"친인척
(최대주주의 배우자)","32,900",0.56,"32,900",0.56,-,2020-12-31,2020,largest_shareholder
20210331003006,Y,00622787,바이오노트,보통주,김정훈,"친인척
(최대주주의 사위)","13,160",0.23,"13,160",0.23,-,2020-12-31,2020,largest_shareholder
20210331003006,Y,00622787,바이오노트,보통주,성주환,"친인척
(최대주주의 외사촌의 배우자)","10,000",0.17,"10,000",0.17,-,2020-12-31,2020,largest_shareholder
20210331003006,Y,00622787,바이오노트,보통주,김정호,등기임원,"20,000",0.34,"20,000",0.34,-,2020-12-31,2020,largest_shareholder
20210331003006,Y,00622787,바이오노트,보통주,김선애,등기임원,"10,000",0.17,"10,000",0.17,-,2020-12-31,2020,largest_shareholder
20210331003006,Y,00622787,바이오노트,보통주,허태영,관계회사 등기임원,"6,580",0.11,"6,580",0.11,-,2020-12-31,2020,largest_shareholder
20210331003006,Y,00622787,바이오노트,보통주,계,,"4,296,640",73.48,"4,296,640",73.48,-,2020-12-31,2020,largest_shareholder
20210331003006,Y,00622787,바이오노트,우선주,계,,-,-,-,-,-,2020-12-31,2020,largest_shareholder
20220331002923,Y,00622787,바이오노트,보통주,조영식,최대주주 본인,"3,169,500",54.20,"50,712,000",54.20,"무상증자
주1)",2021-12-31,2021,largest_shareholder
20220331002923,Y,00622787,바이오노트,보통주,김영민,관계회사 등기임원,"1,000",0.02,"16,000",0.02,"무상증자
주1)",2021-12-31,2021,largest_shareholder
20220331002923,Y,00622787,바이오노트,보통주,에스디비인베스트먼트㈜,관계회사,"833,500",14.25,"13,336,000",14.25,"무상증자
주1)",2021-12-31,2021,largest_shareholder
20220331002923,Y,00622787,바이오노트,보통주,조혜임,"친인척
(최대주주의 자녀)","100,000",1.71,"1,600,000",1.71,"무상증자
주1)",2021-12-31,2021,largest_shareholder
20220331002923,Y,00622787,바이오노트,보통주,조용기,"친인척
(최대주주의 자녀)","100,000",1.71,"1,600,000",1.71,"무상증자
주1)",2021-12-31,2021,largest_shareholder
20220331002923,Y,00622787,바이오노트,보통주,유복순,"친인척
(최대주주의 배우자)","32,900",0.56,"526,400",0.56,"무상증자
주1)",2021-12-31,2021,largest_shareholder
20220331002923,Y,00622787,바이오노트,보통주,김정훈,"친인척
(최대주주의 사위)","13,160",0.23,"210,560",0.23,"무상증자
주1)",2021-12-31,2021,largest_shareholder
20220331002923,Y,00622787,바이오노트,보통주,성주환,"친인척
(최대주주의 외사촌의 배우자)","10,000",0.17,"160,000",0.17,"무상증자
주1)",2021-12-31,2021,largest_shareholder
20220331002923,Y,00622787,바이오노트,보통주,김정호,등기임원,"20,000",0.34,"320,000",0.34,"무상증자
주1)",2021-12-31,2021,largest_shareholder
20220331002923,Y,00622787,바이오노트,보통주,김선애,관계회사 미등기임원,"10,000",0.17,"160,000",0.17,"무상증자
주1)",2021-12-31,2021,largest_shareholder
20220331002923,Y,00622787,바이오노트,보통주,허태영,관계회사 등기임원,"6,580",0.11,"105,280",0.11,"무상증자
주1)",2021-12-31,2021,largest_shareholder
20220331002923,Y,00622787,바이오노트,보통주,계,,"4,296,640",73.48,"68,746,240",73.48,"무상증자
주1)",2021-12-31,2021,largest_shareholder
20220331002923,Y,00622787,바이오노트,우선주,계,,-,-,-,-,-,2021-12-31,2021,largest_shareholder
20230321001282,Y,00622787,바이오노트,보통주,조영식,최대주주 본인,"50,712,000",54.20,"50,712,000",49.78,-,2022-12-31,2022,largest_shareholder
20230321001282,Y,00622787,바이오노트,보통주,에스디비인베스트먼트㈜,관계회사,"13,336,000",14.25,"13,336,000",13.09,-,2022-12-31,2022,largest_shareholder
20230321001282,Y,00622787,바이오노트,보통주,조혜임,"친인척
(최대주주의 자녀)","1,600,000",1.71,"1,600,000",1.57,-,2022-12-31,2022,largest_shareholder
20230321001282,Y,00622787,바이오노트,보통주,조용기,"친인척
(최대주주의 자녀)","1,600,000",1.71,"1,600,000",1.57,-,2022-12-31,2022,largest_shareholder
20230321001282,Y,00622787,바이오노트,보통주,유복순,"친인척
(최대주주의 배우자)","526,400",0.56,"526,400",0.52,-,2022-12-31,2022,largest_shareholder
20230321001282,Y,00622787,바이오노트,보통주,김정훈,"친인척
(최대주주의 사위)","210,560",0.23,"210,560",0.21,-,2022-12-31,2022,largest_shareholder
20230321001282,Y,00622787,바이오노트,보통주,성주환,"친인척
(최대주주의 외사촌의 배우자)","160,000",0.17,"160,000",0.16,-,2022-12-31,2022,largest_shareholder
20230321001282,Y,00622787,바이오노트,보통주,김정호,등기임원,"320,000",0.34,"320,000",0.31,-,2022-12-31,2022,largest_shareholder
20230321001282,Y,00622787,바이오노트,보통주,허태영,관계회사 등기임원,"105,280",0.11,"105,280",0.10,-,2022-12-31,2022,largest_shareholder
20230321001282,Y,00622787,바이오노트,보통주,김영민,관계회사 등기임원,"16,000",0.02,"16,000",0.02,-,2022-12-31,2022,largest_shareholder
20230321001282,Y,00622787,바이오노트,보통주,계,,"68,586,240",73.31,"68,586,240",67.32,-,2022-12-31,2022,largest_shareholder
20230321001282,Y,00622787,바이오노트,우선주,계,,-,-,-,-,-,2022-12-31,2022,largest_shareholder
20240322000144,Y,00622787,바이오노트,보통주,조영식,최대주주 본인,"50,712,000",49.78,"45,712,000",44.79,-,2023-12-31,2023,largest_shareholder
20240322000144,Y,00622787,바이오노트,보통주,이효근,관계회사 등기임원,0,0.00,"240,000",0.24,-,2023-12-31,2023,largest_shareholder
20240322000144,Y,00622787,바이오노트,보통주,최성환,관계회사 등기임원,0,0.00,548,0.00,-,2023-12-31,2023,largest_shareholder
20240322000144,Y,00622787,바이오노트,보통주,에스디비인베스트먼트㈜,관계회사,"13,336,000",13.09,"15,536,000",15.22,-,2023-12-31,2023,largest_shareholder
20240322000144,Y,00622787,바이오노트,보통주,조혜임,"친인척
(최대주주의 자녀)","1,600,000",1.57,"6,729,843",6.59,-,2023-12-31,2023,largest_shareholder
20240322000144,Y,00622787,바이오노트,보통주,조용기,"친인척
(최대주주의 자녀)","1,600,000",1.57,"1,600,000",1.57,-,2023-12-31,2023,largest_shareholder
20240322000144,Y,00622787,바이오노트,보통주,유복순,"친인척
(최대주주의 배우자)","526,400",0.52,"526,400",0.52,-,2023-12-31,2023,largest_shareholder
20240322000144,Y,00622787,바이오노트,보통주,김정훈,"친인척
(최대주주의 사위)","210,560",0.21,"210,560",0.21,-,2023-12-31,2023,largest_shareholder
20240322000144,Y,00622787,바이오노트,보통주,성주환,"친인척
(최대주주의 외사촌의 배우자)","160,000",0.16,"160,000",0.16,-,2023-12-31,2023,largest_shareholder
20240322000144,Y,00622787,바이오노트,보통주,김정호,등기임원,"320,000",0.31,"320,000",0.31,-,2023-12-31,2023,largest_shareholder
20240322000144,Y,00622787,바이오노트,보통주,허태영,관계회사 등기임원,"105,280",0.10,"105,280",0.10,-,2023-12-31,2023,largest_shareholder
20240322000144,Y,00622787,바이오노트,보통주,김영민,관계회사 등기임원,"16,000",0.02,"16,000",0.02,-,2023-12-31,2023,largest_shareholder
20240322000144,Y,00622787,바이오노트,보통주,계,,"68,558,240",67.32,"71,156,083",69.72,-,2023-12-31,2023,largest_shareholder
20240322000144,Y,00622787,바이오노트,우선주,계,,-,-,-,-,-,2023-12-31,2023,largest_shareholder
20250318001275,Y,00622787,바이오노트,보통주,조영식,최대주주 본인,"45,712,000",44.79,"45,712,000",44.79,-,2024-12-31,2024,largest_shareholder
20250318001275,Y,00622787,바이오노트,보통주,이효근,관계회사 등기임원,"240,000",0.24,"300,000",0.30,-,2024-12-31,2024,largest_shareholder
20250318001275,Y,00622787,바이오노트,보통주,최성환,관계회사 등기임원,548,0.00,0,0.00,-,2024-12-31,2024,largest_shareholder
20250318001275,Y,00622787,바이오노트,보통주,박철세,등기임원,0,0.00,"2,000",0.00,-,2024-12-31,2024,largest_shareholder
20250318001275,Y,00622787,바이오노트,보통주,에스디비인베스트먼트(주),관계회사,"15,536,000",15.22,"15,536,000",15.22,-,2024-12-31,2024,largest_shareholder
20250318001275,Y,00622787,바이오노트,보통주,조혜임,"친인척
(최대주주의 자녀)","6,729,843",6.59,"6,729,843",6.59,-,2024-12-31,2024,largest_shareholder
20250318001275,Y,00622787,바이오노트,보통주,조용기,"친인척
(최대주주의 자녀)","1,600,000",1.57,"1,600,000",1.57,-,2024-12-31,2024,largest_shareholder
20250318001275,Y,00622787,바이오노트,보통주,유복순,"친인척
(최대주주의 배우자)","526,400",0.52,"526,400",0.52,-,2024-12-31,2024,largest_shareholder
20250318001275,Y,00622787,바이오노트,보통주,김정훈,"친인척
(최대주주의 사위)","210,560",0.21,"210,560",0.21,-,2024-12-31,2024,largest_shareholder
20250318001275,Y,00622787,바이오노트,보통주,성주환,"친인척
(최대주주의 외사촌의 배우자)","160,000",0.16,"160,000",0.16,-,2024-12-31,2024,largest_shareholder
20250318001275,Y,00622787,바이오노트,보통주,김정호,등기임원,"320,000",0.31,"320,000",0.31,-,2024-12-31,2024,largest_shareholder
20250318001275,Y,00622787,바이오노트,보통주,허태영,관계회사 등기임원,"105,280",0.10,"105,280",0.10,-,2024-12-31,2024,largest_shareholder
20250318001275,Y,00622787,바이오노트,보통주,김영민,관계회사 등기임원,"16,000",0.02,"16,000",0.02,-,2024-12-31,2024,largest_shareholder
20250318001275,Y,00622787,바이오노트,보통주,계,,"71,156,631",69.73,"71,218,083",69.78,-,2024-12-31,2024,largest_shareholder
20250318001275,Y,00622787,바이오노트,우선주,계,,-,-,-,-,-,2024-12-31,2024,largest_shareholder
20230322000303,Y,01702017,유니드비티플러스,보통주,(주)유니드글로벌상사,최대주주,"2,658,816",25.06,"2,658,816",25.06,-,2022-12-31,2022,largest_shareholder
20230322000303,Y,01702017,유니드비티플러스,보통주,이우연,기타,"74,124",0.70,"74,124",0.70,-,2022-12-31,2022,largest_shareholder
20230322000303,Y,01702017,유니드비티플러스,보통주,류종열,(주)유니드비티플러스 임원,"3,270",0.03,"3,270",0.03,-,2022-12-31,2022,largest_shareholder
20230322000303,Y,01702017,유니드비티플러스,보통주,조백인,계열회사 임원,"1,193",0.01,"1,193",0.01,-,2022-12-31,2022,largest_shareholder
20230322000303,Y,01702017,유니드비티플러스,보통주,권영만,계열회사 임원,"2,625",0.02,0,0.00,임원퇴임,2022-12-31,2022,largest_shareholder
20230322000303,Y,01702017,유니드비티플러스,보통주,(주)유니드,계열회사,"188,594",1.78,"188,594",1.78,-,2022-12-31,2022,largest_shareholder
20230322000303,Y,01702017,유니드비티플러스,보통주,이화영,계열회사 임원,"990,814",9.34,"990,814",9.34,-,2022-12-31,2022,largest_shareholder
20230322000303,Y,01702017,유니드비티플러스,보통주,이복영,계열회사 임원,"108,460",1.02,"108,460",1.02,-,2022-12-31,2022,largest_shareholder
20230322000303,Y,01702017,유니드비티플러스,보통주,이우일,계열회사 임원,"350,356",3.30,"350,356",3.30,-,2022-12-31,2022,largest_shareholder
20230322000303,Y,01702017,유니드비티플러스,보통주,이은영,기타,"66,246",0.62,"66,246",0.62,-,2022-12-31,2022,largest_shareholder
20230322000303,Y,01702017,유니드비티플러스,보통주,이주연,기타,"124,734",1.18,"124,734",1.18,-,2022-12-31,2022,largest_shareholder
20230322000303,Y,01702017,유니드비티플러스,보통주,이정자,기타,"383,065",3.61,"383,065",3.61,-,2022-12-31,2022,largest_shareholder
20230322000303,Y,01702017,유니드비티플러스,보통주,이숙희,기타,"59,681",0.56,"59,681",0.56,-,2022-12-31,2022,largest_shareholder
20230322000303,Y,01702017,유니드비티플러스,보통주,계,,"5,011,978",47.23,"5,009,353",47.21,-,2022-12-31,2022,largest_shareholder
20230322000303,Y,01702017,유니드비티플러스,우선주,계,,-,-,-,-,-,2022-12-31,2022,largest_shareholder
20240320000313,Y,01702017,유니드비티플러스,보통주,(주)유니드글로벌상사,최대주주,"2,658,816",25.06,"2,658,816",25.06,-,2023-12-31,2023,largest_shareholder
20240320000313,Y,01702017,유니드비티플러스,보통주,이우연,기타,"74,124",0.70,"48,760",0.46,장내매도,2023-12-31,2023,largest_shareholder
20240320000313,Y,01702017,유니드비티플러스,보통주,류종열,발행회사 임원,"3,270",0.03,"3,270",0.03,-,2023-12-31,2023,largest_shareholder
20240320000313,Y,01702017,유니드비티플러스,보통주,조백인,계열회사 임원,"1,193",0.01,"1,000",0.01,장내매도,2023-12-31,2023,largest_shareholder
20240320000313,Y,01702017,유니드비티플러스,보통주,김호경,계열회사 임원,0,0.00,"1,193",0.01,우리사주 인출,2023-12-31,2023,largest_shareholder
20240320000313,Y,01702017,유니드비티플러스,보통주,(주)유니드,계열회사,"188,594",1.78,"188,594",1.78,-,2023-12-31,2023,largest_shareholder
20240320000313,Y,01702017,유니드비티플러스,보통주,이화영,계열회사 임원,"990,814",9.34,"990,814",9.34,-,2023-12-31,2023,largest_shareholder
20240320000313,Y,01702017,유니드비티플러스,보통주,이복영,계열회사 임원,"108,460",1.02,"108,460",1.02,-,2023-12-31,2023,largest_shareholder
20240320000313,Y,01702017,유니드비티플러스,보통주,이우일,계열회사 임원,"350,356",3.30,"350,356",3.30,-,2023-12-31,2023,largest_shareholder
20240320000313,Y,01702017,유니드비티플러스,보통주,이은영,기타,"66,246",0.62,"66,246",0.62,-,2023-12-31,2023,largest_shareholder
20240320000313,Y,01702017,유니드비티플러스,보통주,이주연,기타,"124,734",1.18,"114,734",1.08,장내매도,2023-12-31,2023,largest_shareholder
20240320000313,Y,01702017,유니드비티플러스,보통주,이정자,기타,"383,065",3.61,"383,065",3.61,-,2023-12-31,2023,largest_shareholder
20240320000313,Y,01702017,유니드비티플러스,보통주,이숙희,기타,"59,681",0.56,"59,681",0.56,-,2023-12-31,2023,largest_shareholder
20240320000313,Y,01702017,유니드비티플러스,보통주,계,,"5,009,353",47.21,"4,974,989",46.88,-,2023-12-31,2023,largest_shareholder
20240320000313,Y,01702017,유니드비티플러스,합계,계,,"5,009,353",47.21,"4,974,989",46.88,-,2023-12-31,2023,largest_shareholder
20250319000185,Y,01702017,유니드비티플러스,보통주,(주)유니드글로벌상사,최대주주,"2,658,816",25.06,"2,658,816",25.06,-,2024-12-31,2024,largest_shareholder
20250319000185,Y,01702017,유니드비티플러스,보통주,이우연,기타,"48,760",0.46,"48,760",0.46,-,2024-12-31,2024,largest_shareholder
20250319000185,Y,01702017,유니드비티플러스,보통주,한상준,발행회사 임원,0,0.00,"14,281",0.14,"장내매수, 자기주식 부여",2024-12-31,2024,largest_shareholder
20250319000185,Y,01702017,유니드비티플러스,보통주,류종열,발행회사 임원,"3,270",0.03,"9,522",0.09,"장내매수, 자기주식 부여",2024-12-31,2024,largest_shareholder
20250319000185,Y,01702017,유니드비티플러스,보통주,조백인,계열회사 임원,"1,000",0.01,"1,000",0.01,-,2024-12-31,2024,largest_shareholder
20250319000185,Y,01702017,유니드비티플러스,보통주,김호경,계열회사 임원,"1,193",0.01,"1,193",0.01,-,2024-12-31,2024,largest_shareholder
20250319000185,Y,01702017,유니드비티플러스,보통주,(주)유니드,계열회사,"188,594",1.78,"188,594",1.78,-,2024-12-31,2024,largest_shareholder
20250319000185,Y,01702017,유니드비티플러스,보통주,이화영,계열회사 임원,"990,814",9.34,"990,814",9.34,-,2024-12-31,2024,largest_shareholder
20250319000185,Y,01702017,유니드비티플러스,보통주,이복영,계열회사 임원,"108,460",1.02,"108,460",1.02,-,2024-12-31,2024,largest_shareholder
20250319000185,Y,01702017,유니드비티플러스,보통주,이우일,계열회사 임원,"350,356",3.30,"350,356",3.30,-,2024-12-31,2024,largest_shareholder
20250319000185,Y,01702017,유니드비티플러스,보통주,이은영,기타,"66,246",0.62,"66,246",0.62,-,2024-12-31,2024,largest_shareholder
20250319000185,Y,01702017,유니드비티플러스,보통주,이주연,기타,"114,734",1.08,"114,734",1.08,-,2024-12-31,2024,largest_shareholder
20250319000185,Y,01702017,유니드비티플러스,보통주,이정자,기타,"383,065",3.61,"383,065",3.61,-,2024-12-31,2024,largest_shareholder
20250319000185,Y,01702017,유니드비티플러스,보통주,이숙희,기타,"59,681",0.56,"59,681",0.56,-,2024-12-31,2024,largest_shareholder
20250319000185,Y,01702017,유니드비티플러스,보통주,계,,"4,974,989",46.88,"4,995,522",47.08,-,2024-12-31,2024,largest_shareholder
20250319000185,Y,01702017,유니드비티플러스,합계,계,,"4,974,989",46.88,"4,995,522",47.08,-,2024-12-31,2024,largest_shareholder
20190401002209,Y,00525934,LX세미콘,보통주,(주)LG,최대주주,"5,380,524",33.08,"5,380,524",33.08,-,2018-12-31,2018,largest_shareholder
20190401002209,Y,00525934,LX세미콘,보통주,손보익,임원,"1,766",0.01,"1,766",0.01,-,2018-12-31,2018,largest_shareholder
20190401002209,Y,00525934,LX세미콘,보통주,계,,"5,382,290",33.09,"5,382,290",33.09,-,2018-12-31,2018,largest_shareholder
20190401002209,Y,00525934,LX세미콘,-,계,,-,-,-,-,-,2018-12-31,2018,largest_shareholder
20200330002510,Y,00525934,LX세미콘,보통주,(주)LG,최대주주,"5,380,524",33.08,"5,380,524",33.08,-,2019-12-31,2019,largest_shareholder
20200330002510,Y,00525934,LX세미콘,보통주,손보익,임원,"1,826",0.01,"1,826",0.01,-,2019-12-31,2019,largest_shareholder
20200330002510,Y,00525934,LX세미콘,보통주,계,,"5,382,350",33.09,"5,382,350",33.09,-,2019-12-31,2019,largest_shareholder
20200330002510,Y,00525934,LX세미콘,-,계,,-,-,-,-,-,2019-12-31,2019,largest_shareholder
20210310001052,Y,00525934,LX세미콘,보통주,(주)LG,최대주주,"5,380,524",33.08,"5,380,524",33.08,-,2020-12-31,2020,largest_shareholder
20210310001052,Y,00525934,LX세미콘,보통주,손보익,임원,"1,826",0.01,"1,826",0.01,-,2020-12-31,2020,largest_shareholder
20210310001052,Y,00525934,LX세미콘,보통주,계,,"5,382,350",33.09,"5,382,350",33.09,-,2020-12-31,2020,largest_shareholder
20210310001052,Y,00525934,LX세미콘,-,계,,-,-,-,-,-,2020-12-31,2020,largest_shareholder
20220314000950,Y,00525934,LX세미콘,보통주,(주)LX홀딩스,최대주주,0,0.00,"5,380,524",33.08,-,2021-12-31,2021,largest_shareholder
20220314000950,Y,00525934,LX세미콘,보통주,손보익,임원,"1,826",0.01,"2,600",0.02,-,2021-12-31,2021,largest_shareholder
20220314000950,Y,00525934,LX세미콘,보통주,최성관,임원,0,0.00,"1,600",0.01,-,2021-12-31,2021,largest_shareholder
20220314000950,Y,00525934,LX세미콘,보통주,계,,"1,826",0.01,"5,384,724",33.11,-,2021-12-31,2021,largest_shareholder
20220314000950,Y,00525934,LX세미콘,-,계,,-,-,-,-,-,2021-12-31,2021,largest_shareholder
20230315001207,Y,00525934,LX세미콘,보통주,(주)LX홀딩스,최대주주,"5,380,524",33.08,"5,380,524",33.08,-,2022-12-31,2022,largest_shareholder
20230315001207,Y,00525934,LX세미콘,보통주,손보익,임원,"2,600",0.02,"2,600",0.02,-,2022-12-31,2022,largest_shareholder
20230315001207,Y,00525934,LX세미콘,보통주,최성관,임원,"1,600",0.01,"1,600",0.01,-,2022-12-31,2022,largest_shareholder
20230315001207,Y,00525934,LX세미콘,보통주,계,,"5,384,724",33.11,"5,384,724",33.11,-,2022-12-31,2022,largest_shareholder
20230315001207,Y,00525934,LX세미콘,-,계,,-,-,-,-,-,2022-12-31,2022,largest_shareholder
20240313001269,Y,00525934,LX세미콘,보통주,㈜LX홀딩스,최대주주,"5,380,524",33.08,"5,380,524",33.08,-,2023-12-31,2023,largest_shareholder
20240313001269,Y,00525934,LX세미콘,보통주,손보익,계열회사 임원,"2,600",0.02,"2,600",0.02,-,2023-12-31,2023,largest_shareholder
20240313001269,Y,00525934,LX세미콘,보통주,최성관,계열회사 임원,"1,600",0.01,"1,600",0.01,-,2023-12-31,2023,largest_shareholder
20240313001269,Y,00525934,LX세미콘,보통주,계,,"5,384,724",33.11,"5,384,724",33.11,-,2023-12-31,2023,largest_shareholder
20240313001269,Y,00525934,LX세미콘,-,계,,-,-,-,-,-,2023-12-31,2023,largest_shareholder
20250312001059,Y,00525934,LX세미콘,보통주,㈜LX홀딩스,최대주주,"5,380,524",33.08,"5,380,524",33.08,-,2024-12-31,2024,largest_shareholder
20250312001059,Y,00525934,LX세미콘,보통주,이윤태,계열회사 임원,0,0.00,"2,500",0.02,-,2024-12-31,2024,largest_shareholder
20250312001059,Y,00525934,LX세미콘,보통주,최성관,계열회사 임원,"1,600",0.01,"1,600",0.01,-,2024-12-31,2024,largest_shareholder
20250312001059,Y,00525934,LX세미콘,보통주,계,,"5,382,124",33.09,"5,384,624",33.11,-,2024-12-31,2024,largest_shareholder
20250312001059,Y,00525934,LX세미콘,-,계,,-,-,-,-,-,2024-12-31,2024,largest_shareholder
20230322000801,Y,01026157,쏘카,보통주,유한책임회사 에스오큐알아이,최대주주,"6,221,400",21.61,"6,221,400",19.01,-,2022-12-31,2022,largest_shareholder
20230322000801,Y,01026157,쏘카,보통주,천창익,자회사 등기이사,"55,000",0.19,"55,000",0.17,-,2022-12-31,2022,largest_shareholder
20230322000801,Y,01026157,쏘카,보통주,주식회사 풀러스,최대주주 특수관계인,"54,821",0.19,"54,821",0.17,-,2022-12-31,2022,largest_shareholder
20230322000801,Y,01026157,쏘카,보통주,원종필,관계회사 등기이사,"40,000",0.14,"40,000",0.12,-,2022-12-31,2022,largest_shareholder
20230322000801,Y,01026157,쏘카,보통주,위현종,발행회사 등기이사,"27,500",0.10,"31,325",0.10,-,2022-12-31,2022,largest_shareholder
20230322000801,Y,01026157,쏘카,보통주,최정완,자회사 등기이사,"26,494",0.09,"30,000",0.09,-,2022-12-31,2022,largest_shareholder
20230322000801,Y,01026157,쏘카,보통주,이지웅,자회사 등기이사,"24,420",0.08,"24,420",0.07,-,2022-12-31,2022,largest_shareholder
20230322000801,Y,01026157,쏘카,보통주,이정행,관계회사 등기이사,"16,150",0.06,"16,150",0.05,-,2022-12-31,2022,largest_shareholder
20230322000801,Y,01026157,쏘카,보통주,오윤진,발행회사 등기이사,0,0.00,"8,900",0.03,-,2022-12-31,2022,largest_shareholder
20230322000801,Y,01026157,쏘카,보통주,김남현,특수관계인 등기이사,"5,700",0.02,"5,700",0.02,-,2022-12-31,2022,largest_shareholder
20230322000801,Y,01026157,쏘카,보통주,박진희,발행회사 등기이사,"2,500",0.01,"2,500",0.01,-,2022-12-31,2022,largest_shareholder
20230322000801,Y,01026157,쏘카,보통주,유한책임회사 에스오피오오엔지,최대주주 특수관계인,"2,775,000",9.64,"2,775,000",8.48,-,2022-12-31,2022,largest_shareholder
20230322000801,Y,01026157,쏘카,보통주,브라보브이파트너스조합,대표이사가 최대주주,"780,850",2.71,"780,850",2.39,-,2022-12-31,2022,largest_shareholder
20230322000801,Y,01026157,쏘카,보통주,옐로우독산책하다투자조합,최대주주 특수관계인,"435,050",1.51,"435,050",1.33,-,2022-12-31,2022,largest_shareholder
20230322000801,Y,01026157,쏘카,보통주,황현정,최대주주 특수관계인,"325,000",1.13,"325,000",0.99,-,2022-12-31,2022,largest_shareholder
20230322000801,Y,01026157,쏘카,보통주,박재욱,발행회사 대표이사,"323,600",1.12,"323,600",0.99,-,2022-12-31,2022,largest_shareholder
20230322000801,Y,01026157,쏘카,보통주,포보스조합,최대주주 특수관계인,"292,903",1.02,"292,903",0.90,-,2022-12-31,2022,largest_shareholder
20230322000801,Y,01026157,쏘카,보통주,김동현,자회사 등기이사,"175,791",0.61,"175,791",0.54,-,2022-12-31,2022,largest_shareholder
20230322000801,Y,01026157,쏘카,보통주,배지훈,자회사 등기이사,"83,490",0.29,"83,490",0.26,-,2022-12-31,2022,largest_shareholder
20230322000801,Y,01026157,쏘카,보통주,계,,"11,665,669",40.52,"11,681,900",35.70,-,2022-12-31,2022,largest_shareholder
20230322000801,Y,01026157,쏘카,우선주,계,,-,-,-,-,-,2022-12-31,2022,largest_shareholder
20240320001168,Y,01026157,쏘카,보통주,유한책임회사 에스오큐알아이,최대주주,"6,221,400",19.01,"6,221,400",18.97,-,2023-12-31,2023,largest_shareholder
20240320001168,Y,01026157,쏘카,보통주,배지훈,자회사 등기이사,"83,490",0.26,"53,094",0.16,-,2023-12-31,2023,largest_shareholder
20240320001168,Y,01026157,쏘카,보통주,천창익,자회사 등기이사,"55,000",0.17,0,0.00,주3),2023-12-31,2023,largest_shareholder
20240320001168,Y,01026157,쏘카,보통주,주식회사 풀러스,최대주주 특수관계인,"54,821",0.17,"54,821",0.17,-,2023-12-31,2023,largest_shareholder
20240320001168,Y,01026157,쏘카,보통주,원종필,관계회사 등기이사,"40,000",0.12,"40,000",0.12,-,2023-12-31,2023,largest_shareholder
20240320001168,Y,01026157,쏘카,보통주,위현종,발행회사 등기이사,"31,325",0.10,0,0.00,주4),2023-12-31,2023,largest_shareholder
20240320001168,Y,01026157,쏘카,보통주,최정완,자회사 등기이사,"30,000",0.09,"16,000",0.05,-,2023-12-31,2023,largest_shareholder
20240320001168,Y,01026157,쏘카,보통주,이지웅,자회사 등기이사,"24,420",0.07,"24,420",0.07,-,2023-12-31,2023,largest_shareholder
20240320001168,Y,01026157,쏘카,보통주,이정행,관계회사 등기이사,"16,150",0.05,"16,150",0.05,-,2023-12-31,2023,largest_shareholder
20240320001168,Y,01026157,쏘카,보통주,남궁호,공동보유계약 체결,0,0.00,"9,340",0.03,주5),2023-12-31,2023,largest_shareholder
20240320001168,Y,01026157,쏘카,보통주,오윤진,발행회사 등기이사,"8,900",0.03,"8,900",0.03,-,2023-12-31,2023,largest_shareholder
20240320001168,Y,01026157,쏘카,보통주,유한회사 에스오피오오엔지,최대주주 특수관계인,"2,775,000",8.48,"2,591,790",7.90,-,2023-12-31,2023,largest_shareholder
20240320001168,Y,01026157,쏘카,보통주,김남현,특수관계인 등기이사,"5,700",0.02,"5,700",0.02,-,2023-12-31,2023,largest_shareholder
20240320001168,Y,01026157,쏘카,보통주,박진희,발행회사 등기이사,"2,500",0.01,"2,500",0.01,-,2023-12-31,2023,largest_shareholder
20240320001168,Y,01026157,쏘카,보통주,브라보브이파트너스조합,대표이사가 최대주주,"780,850",2.39,"780,850",2.38,-,2023-12-31,2023,largest_shareholder
20240320001168,Y,01026157,쏘카,보통주,옐로우독산책하다투자조합,최대주주 특수관계인,"435,050",1.33,"435,050",1.33,-,2023-12-31,2023,largest_shareholder
20240320001168,Y,01026157,쏘카,보통주,박재욱,발행회사 대표이사,"323,600",0.99,"977,521",2.98,-,2023-12-31,2023,largest_shareholder
20240320001168,Y,01026157,쏘카,보통주,이재웅,최대주주의 최대주주,0,0.00,"864,000",2.64,-,2023-12-31,2023,largest_shareholder
20240320001168,Y,01026157,쏘카,보통주,황현정,최대주주 특수관계인,"325,000",0.99,"325,000",0.99,-,2023-12-31,2023,largest_shareholder
20240320001168,Y,01026157,쏘카,보통주,포보스조합,최대주주 특수관계인,"292,903",0.90,"292,903",0.89,-,2023-12-31,2023,largest_shareholder
20240320001168,Y,01026157,쏘카,보통주,김동현,자회사 등기이사,"175,791",0.54,"175,791",0.54,-,2023-12-31,2023,largest_shareholder
20240320001168,Y,01026157,쏘카,보통주,계,,"11,681,900",35.72,"12,895,230",39.33,-,2023-12-31,2023,largest_shareholder
20240320001168,Y,01026157,쏘카,우선주,계,,-,-,-,-,-,2023-12-31,2023,largest_shareholder
20250318001072,Y,01026157,쏘카,보통주,유한책임회사 에스오큐알아이,최대주주,"6,221,400",18.97,"6,306,400",19.21,-,2024-12-31,2024,largest_shareholder
20250318001072,Y,01026157,쏘카,보통주,배지훈,자회사 등기이사,"53,094",0.16,"30,017",0.09,-,2024-12-31,2024,largest_shareholder
20250318001072,Y,01026157,쏘카,보통주,주식회사 풀러스,최대주주 특수관계인,"54,821",0.17,0,0.00,-,2024-12-31,2024,largest_shareholder
20250318001072,Y,01026157,쏘카,보통주,원종필,관계회사 등기이사,"40,000",0.12,"40,000",0.12,-,2024-12-31,2024,largest_shareholder
20250318001072,Y,01026157,쏘카,보통주,최정완,자회사 등기이사,"16,000",0.05,"8,000",0.02,-,2024-12-31,2024,largest_shareholder
20250318001072,Y,01026157,쏘카,보통주,이지웅,자회사 등기이사,"24,420",0.07,"24,420",0.07,-,2024-12-31,2024,largest_shareholder
20250318001072,Y,01026157,쏘카,보통주,이정행,관계회사 등기이사,"16,150",0.05,0,0.00,주3),2024-12-31,2024,largest_shareholder
20250318001072,Y,01026157,쏘카,보통주,남궁호,공동보유계약 체결,"9,340",0.03,"9,340",0.03,-,2024-12-31,2024,largest_shareholder
20250318001072,Y,01026157,쏘카,보통주,오윤진,발행회사 등기이사,"8,900",0.03,"8,900",0.03,-,2024-12-31,2024,largest_shareholder
20250318001072,Y,01026157,쏘카,보통주,김남현,특수관계인 등기이사,"5,700",0.02,"5,700",0.02,-,2024-12-31,2024,largest_shareholder
20250318001072,Y,01026157,쏘카,보통주,박진희,발행회사 등기이사,"2,500",0.01,"2,500",0.01,-,2024-12-31,2024,largest_shareholder
20250318001072,Y,01026157,쏘카,보통주,유한회사 에오스오피오오엔지,최대주주 특수관계인,"2,591,790",7.90,"2,004,377",6.10,-,2024-12-31,2024,largest_shareholder
20250318001072,Y,01026157,쏘카,보통주,윤자영,발행회사 등기이사,0,0.00,"5,450",0.02,-,2024-12-31,2024,largest_shareholder
20250318001072,Y,01026157,쏘카,보통주,"Altos Korea Opportunity Fund 3, L.P.",공동보유계약 체결,0,0.00,"373,073",1.14,주4),2024-12-31,2024,largest_shareholder
20250318001072,Y,01026157,쏘카,보통주,넥스트펀드 개인투자조합,공동보유계약 체결,0,0.00,"1,441",0.00,주4),2024-12-31,2024,largest_shareholder
20250318001072,Y,01026157,쏘카,보통주,임방희,공동보유계약체결,0,0.00,"9,950",0.03,주5),2024-12-31,2024,largest_shareholder
20250318001072,Y,01026157,쏘카,보통주,브라보브이파트너스조합,대표이사가 최대주주,"780,850",2.38,"780,850",2.38,-,2024-12-31,2024,largest_shareholder
20250318001072,Y,01026157,쏘카,보통주,옐로우독산책하다투자조합,최대주주 특수관계인,"435,050",1.33,"419,900",1.28,-,2024-12-31,2024,largest_shareholder
20250318001072,Y,01026157,쏘카,보통주,박재욱,발행회사 대표이사,"977,521",2.98,"977,521",2.98,-,2024-12-31,2024,largest_shareholder
20250318001072,Y,01026157,쏘카,보통주,이재웅,최대주주의 최대주주,"864,000",2.64,"2,970,500",9.05,-,2024-12-31,2024,largest_shareholder
20250318001072,Y,01026157,쏘카,보통주,황현정,최대주주 특수관계인,"325,000",0.99,"325,000",0.99,-,2024-12-31,2024,largest_shareholder
20250318001072,Y,01026157,쏘카,보통주,포보스조합,최대주주 특수관계인,"292,903",0.89,"292,903",0.89,-,2024-12-31,2024,largest_shareholder
20250318001072,Y,01026157,쏘카,보통주,김동현,자회사 등기이사,"175,791",0.54,"175,791",0.54,-,2024-12-31,2024,largest_shareholder
20250318001072,Y,01026157,쏘카,보통주,계,,"12,895,230",39.33,"14,772,033",44.99,-,2024-12-31,2024,largest_shareholder
20250318001072,Y,01026157,쏘카,우선주,계,,-,-,-,-,-,2024-12-31,2024,largest_shareholder
20230323001537,Y,00193328,수산인더스트리,보통주식,정석현,최대주주,"7,785,500",54.50,"7,785,500",54.50,-,2022-12-31,2022,largest_shareholder
20230323001537,Y,00193328,수산인더스트리,보통주식,안정재,특수관계인,"785,500",5.50,"785,500",5.50,-,2022-12-31,2022,largest_shareholder
20230323001537,Y,00193328,수산인더스트리,보통주식,정보윤,특수관계인,"368,223",2.57,"434,404",3.04,장내매수,2022-12-31,2022,largest_shareholder
20230323001537,Y,00193328,수산인더스트리,보통주식,정은아,특수관계인,0,0.00,"249,387",1.75,장내매수,2022-12-31,2022,largest_shareholder
20230323001537,Y,00193328,수산인더스트리,보통주식,정은주,특수관계인,0,0.00,"238,192",1.67,장내매수,2022-12-31,2022,largest_shareholder
20230323001537,Y,00193328,수산인더스트리,보통주식,(주)수산아이앤티,특수관계인,0,0.00,"211,436",1.48,장내매수,2022-12-31,2022,largest_shareholder
20230323001537,Y,00193328,수산인더스트리,보통주식,김병현,특수관계인,"1,000",0.01,"1,000",0.01,-,2022-12-31,2022,largest_shareholder
20230323001537,Y,00193328,수산인더스트리,보통주식,계,,"8,940,223",62.58,"9,705,419",67.94,-,2022-12-31,2022,largest_shareholder
20230323001537,Y,00193328,수산인더스트리,종류주식,계,,-,-,-,-,-,2022-12-31,2022,largest_shareholder
20240320000834,Y,00193328,수산인더스트리,보통주식,정석현,최대주주,"7,785,500",54.50,"7,785,500",54.50,-,2023-12-31,2023,largest_shareholder
20240320000834,Y,00193328,수산인더스트리,보통주식,안정재,특수관계인,"785,500",5.50,"785,500",5.50,-,2023-12-31,2023,largest_shareholder
20240320000834,Y,00193328,수산인더스트리,보통주식,정보윤,특수관계인,"456,699",3.20,"518,378",3.63,장내매수,2023-12-31,2023,largest_shareholder
20240320000834,Y,00193328,수산인더스트리,보통주식,정은아,특수관계인,"254,587",1.78,"292,645",2.05,장내매수,2023-12-31,2023,largest_shareholder
20240320000834,Y,00193328,수산인더스트리,보통주식,정은주,특수관계인,"327,692",2.29,"358,692",2.51,장내매수,2023-12-31,2023,largest_shareholder
20240320000834,Y,00193328,수산인더스트리,보통주식,(주)수산아이앤티,특수관계인,"211,436",1.48,"211,436",1.48,-,2023-12-31,2023,largest_shareholder
20240320000834,Y,00193328,수산인더스트리,보통주식,김병현,특수관계인,"1,000",0.01,"1,000",0.01,-,2023-12-31,2023,largest_shareholder
20240320000834,Y,00193328,수산인더스트리,보통주식,계,,"9,822,414",68.76,"9,953,151",69.67,-,2023-12-31,2023,largest_shareholder
20240320000834,Y,00193328,수산인더스트리,종류주식,계,,-,-,-,-,-,2023-12-31,2023,largest_shareholder
20250814003023,Y,00193328,수산인더스트리,보통주식,정석현,최대주주,"7,785,500",54.50,"7,785,500",54.50,-,2024-12-31,2024,largest_shareholder
20250814003023,Y,00193328,수산인더스트리,보통주식,안정재,특수관계인,"785,500",5.50,"785,500",5.50,-,2024-12-31,2024,largest_shareholder
20250814003023,Y,00193328,수산인더스트리,보통주식,정보윤,특수관계인,"518,378",3.63,"518,378",3.63,-,2024-12-31,2024,largest_shareholder
20250814003023,Y,00193328,수산인더스트리,보통주식,정은아,특수관계인,"292,645",2.05,"292,645",2.05,-,2024-12-31,2024,largest_shareholder
20250814003023,Y,00193328,수산인더스트리,보통주식,정은주,특수관계인,"358,692",2.51,"358,692",2.51,-,2024-12-31,2024,largest_shareholder
20250814003023,Y,00193328,수산인더스트리,보통주식,(주)수산아이앤티,특수관계사,"211,436",1.48,"211,436",1.48,-,2024-12-31,2024,largest_shareholder
20250814003023,Y,00193328,수산인더스트리,보통주식,김병현,특수관계인,"1,000",0.01,"1,000",0.01,-,2024-12-31,2024,largest_shareholder
20250814003023,Y,00193328,수산인더스트리,보통주식,계,,"9,953,151",69.68,"9,953,151",69.68,-,2024-12-31,2024,largest_shareholder
20250814003023,Y,00193328,수산인더스트리,종류주식,계,,-,-,-,-,-,2024-12-31,2024,largest_shareholder
20210317000676,Y,01515323,LG에너지솔루션,보통주,㈜LG화학,최대주주 본인,"200,000,000",100.00,"200,000,000",100.00,-,2020-12-31,2020,largest_shareholder
20210317000676,Y,01515323,LG에너지솔루션,보통주,계,,"200,000,000",100.00,"200,000,000",100.00,-,2020-12-31,2020,largest_shareholder
20210317000676,Y,01515323,LG에너지솔루션,-,계,,-,-,-,-,-,2020-12-31,2020,largest_shareholder
20220315001026,Y,01515323,LG에너지솔루션,보통주,㈜LG화학,최대주주 본인,"200,000,000",100.00,"200,000,000",100.00,-,2021-12-31,2021,largest_shareholder
20220315001026,Y,01515323,LG에너지솔루션,보통주,계,,"200,000,000",100.00,"200,000,000",100.00,-,2021-12-31,2021,largest_shareholder
20220315001026,Y,01515323,LG에너지솔루션,-,계,,-,-,-,-,-,2021-12-31,2021,largest_shareholder
20230315001342,Y,01515323,LG에너지솔루션,보통주,㈜LG화학,최대주주 본인,"200,000,000",100.00,"191,500,000",81.84,-,2022-12-31,2022,largest_shareholder
20230315001342,Y,01515323,LG에너지솔루션,보통주,권영수,등기임원,0,0.00,"1,000",0.00,-,2022-12-31,2022,largest_shareholder
20230315001342,Y,01515323,LG에너지솔루션,보통주,계,,"200,000,000",100.00,"191,501,000",81.84,-,2022-12-31,2022,largest_shareholder
20230315001342,Y,01515323,LG에너지솔루션,-,계,,-,-,-,-,-,2022-12-31,2022,largest_shareholder
20240314001110,Y,01515323,LG에너지솔루션,보통주,㈜LG화학,최대주주 본인,"191,500,000",81.84,"191,500,000",81.84,-,2023-12-31,2023,largest_shareholder
20240314001110,Y,01515323,LG에너지솔루션,보통주,계,,"191,500,000",81.84,"191,500,000",81.84,-,2023-12-31,2023,largest_shareholder
20250312000405,Y,01515323,LG에너지솔루션,보통주,㈜LG화학,최대주주 본인,"191,500,000",81.84,"191,500,000",81.84,-,2024-12-31,2024,largest_shareholder
20250312000405,Y,01515323,LG에너지솔루션,보통주,계,,"191,500,000",81.84,"191,500,000",81.84,-,2024-12-31,2024,largest_shareholder
20220321001421,Y,01323032,케이카,보통주,한앤코오토서비스홀딩스유한회사,최대주주,"13,351,000",100.00,"34,622,302",72.00,신규상장 등,2021-12-31,2021,largest_shareholder
20220321001421,Y,01323032,케이카,보통주,계,,"13,351,000",100.00,"34,622,302",72.00,-,2021-12-31,2021,largest_shareholder
20220321001421,Y,01323032,케이카,우선주,계,,-,-,-,-,-,2021-12-31,2021,largest_shareholder
20230407002574,Y,01323032,케이카,보통주,한앤코오토서비스홀딩스유한회사,최대주주,"34,622,302",72.00,"34,622,302",72.00,-,2022-12-31,2022,largest_shareholder
20230407002574,Y,01323032,케이카,보통주,정인국,발행회사의 등기임원,0,0.00,"10,000",0.02,장내매수,2022-12-31,2022,largest_shareholder
20230407002574,Y,01323032,케이카,보통주,계,,"34,622,302",72.00,"34,632,302",72.02,-,2022-12-31,2022,largest_shareholder
20230407002574,Y,01323032,케이카,우선주,계,,-,-,-,-,-,2022-12-31,2022,largest_shareholder
20240424000584,Y,01323032,케이카,보통주,한앤코오토서비스홀딩스유한회사,최대주주,"34,622,302",72.00,"34,716,579",72.05,-,2023-12-31,2023,largest_shareholder
20240424000584,Y,01323032,케이카,보통주,정인국,발행회사의 등기임원,"10,000",0.20,"10,000",0.20,장내매수,2023-12-31,2023,largest_shareholder
20240424000584,Y,01323032,케이카,보통주,계,,"34,632,302",72.02,"34,726,579",72.07,-,2023-12-31,2023,largest_shareholder
20240424000584,Y,01323032,케이카,우선주,계,,-,-,-,-,-,2023-12-31,2023,largest_shareholder
20250318000964,Y,01323032,케이카,보통주,한앤코오토서비스홀딩스유한회사,최대주주,"34,716,579",72.05,"34,716,579",72.05,-,2024-12-31,2024,largest_shareholder
20250318000964,Y,01323032,케이카,보통주,정인국,발행회사의 등기임원,"10,000",0.20,"10,000",0.20,장내매수,2024-12-31,2024,largest_shareholder
20250318000964,Y,01323032,케이카,보통주,계,,"34,726,579",72.07,"34,726,579",72.07,-,2024-12-31,2024,largest_shareholder
20250318000964,Y,01323032,케이카,우선주,계,,-,-,-,-,-,2024-12-31,2024,largest_shareholder
20210401001108,Y,01390344,HD현대중공업,보통주,한국조선해양㈜,최대주주,"70,773,116",100.00,"70,773,116",100.00,-,2020-12-31,2020,largest_shareholder
20210401001108,Y,01390344,HD현대중공업,보통주,계,,"70,773,116",100.00,"70,773,116",100.00,-,2020-12-31,2020,largest_shareholder
20210401001108,Y,01390344,HD현대중공업,합계,계,,"70,773,116",100.00,"70,773,116",100.00,-,2020-12-31,2020,largest_shareholder
20220314000704,Y,01390344,HD현대중공업,보통주,한국조선해양㈜,최대주주,"70,773,116",100.00,"70,773,116",79.72,-,2021-12-31,2021,largest_shareholder
20220314000704,Y,01390344,HD현대중공업,보통주,이상균,특수관계인,0,0.00,"1,107",0.00,-,2021-12-31,2021,largest_shareholder
20220314000704,Y,01390344,HD현대중공업,보통주,계,,"70,773,116",100.00,"70,774,223",79.72,-,2021-12-31,2021,largest_shareholder
20220314000704,Y,01390344,HD현대중공업,기타,계,,-,-,-,-,-,2021-12-31,2021,largest_shareholder
20220314000704,Y,01390344,HD현대중공업,합계,계,,"70,773,116",100.00,"70,774,223",79.72,-,2021-12-31,2021,largest_shareholder
20230320000790,Y,01390344,HD현대중공업,보통주,한국조선해양㈜,최대주주,"70,773,116",79.72,"69,264,116",78.02,시간외매매,2022-12-31,2022,largest_shareholder
20230320000790,Y,01390344,HD현대중공업,보통주,한영석,특수관계인,0,0.00,"2,800",0.01,장내매매,2022-12-31,2022,largest_shareholder
20230320000790,Y,01390344,HD현대중공업,보통주,이상균,특수관계인,"1,107",0.00,"1,107",0.00,-,2022-12-31,2022,largest_shareholder
20230320000790,Y,01390344,HD현대중공업,보통주,계,,"70,774,223",79.72,"69,268,023",78.03,-,2022-12-31,2022,largest_shareholder
20230320000790,Y,01390344,HD현대중공업,기타,계,,-,-,-,-,-,2022-12-31,2022,largest_shareholder
20230320000790,Y,01390344,HD현대중공업,합계,계,,"70,774,223",79.72,"69,268,023",78.03,-,2022-12-31,2022,largest_shareholder
20240318000459,Y,01390344,HD현대중공업,보통주,HD한국조선해양㈜,최대주주,"69,264,116",78.02,"69,264,116",78.02,-,2023-12-31,2023,largest_shareholder
20240318000459,Y,01390344,HD현대중공업,보통주,한영석,특수관계인,"2,800",0.01,"2,800",0.01,-,2023-12-31,2023,largest_shareholder
20240318000459,Y,01390344,HD현대중공업,보통주,이상균,특수관계인,"1,107",0.00,"1,107",0.00,-,2023-12-31,2023,largest_shareholder
20240318000459,Y,01390344,HD현대중공업,보통주,계,,"69,268,023",78.03,"69,268,023",78.03,-,2023-12-31,2023,largest_shareholder
20240318000459,Y,01390344,HD현대중공업,기타,계,,-,-,-,-,-,2023-12-31,2023,largest_shareholder
20240318000459,Y,01390344,HD현대중공업,합계,계,,"69,268,023",78.03,"69,268,023",78.03,-,2023-12-31,2023,largest_shareholder
20250318000897,Y,01390344,HD현대중공업,보통주,HD한국조선해양㈜,최대주주,"69,264,116",78.02,"66,601,116",75.02,-,2024-12-31,2024,largest_shareholder
20250318000897,Y,01390344,HD현대중공업,보통주,한영석,특수관계인,"2,800",0.01,0,0.00,-,2024-12-31,2024,largest_shareholder
20250318000897,Y,01390344,HD현대중공업,보통주,이상균,특수관계인,"1,107",0.00,"1,107",0.00,-,2024-12-31,2024,largest_shareholder
20250318000897,Y,01390344,HD현대중공업,보통주,계,,"69,268,023",78.03,"66,602,223",75.02,-,2024-12-31,2024,largest_shareholder
20250318000897,Y,01390344,HD현대중공업,기타,계,,-,-,-,-,-,2024-12-31,2024,largest_shareholder
20250318000897,Y,01390344,HD현대중공업,합계,계,,"69,268,023",78.03,"66,602,223",75.02,-,2024-12-31,2024,largest_shareholder
20220317000848,Y,00972503,일진하이솔루스,보통주,일진다이아몬드(주),본인,"2,525,883",86.95,"21,627,500",59.56,"액면분할,구주매출로 
인한 보유주식감소",2021-12-31,2021,largest_shareholder
20220317000848,Y,00972503,일진하이솔루스,보통주,도레이첨단소재(주),주주,"379,170",13.05,"3,791,700",10.44,액면분할,2021-12-31,2021,largest_shareholder
20220317000848,Y,00972503,일진하이솔루스,보통주,계,,"2,905,053",100.00,"25,419,200",70.00,-,2021-12-31,2021,largest_shareholder
20220317000848,Y,00972503,일진하이솔루스,우선주,계,,-,-,-,-,-,2021-12-31,2021,largest_shareholder
20230315001068,Y,00972503,일진하이솔루스,보통주,일진다이아몬드(주),본인,"21,627,500",59.56,"21,627,500",59.56,-,2022-12-31,2022,largest_shareholder
20230315001068,Y,00972503,일진하이솔루스,보통주,도레이첨단소재(주),주주,"3,791,700",10.44,"3,791,700",10.44,-,2022-12-31,2022,largest_shareholder
20230315001068,Y,00972503,일진하이솔루스,보통주,계,,"25,419,200",70.00,"25,419,200",70.00,-,2022-12-31,2022,largest_shareholder
20230315001068,Y,00972503,일진하이솔루스,우선주,계,,-,-,-,-,-,2022-12-31,2022,largest_shareholder
20240313001276,Y,00972503,일진하이솔루스,보통주,일진다이아몬드(주),본인,"21,627,500",59.56,"21,627,500",59.56,-,2023-12-31,2023,largest_shareholder
20240313001276,Y,00972503,일진하이솔루스,보통주,도레이첨단소재(주),주주,"3,791,700",10.44,"3,791,700",10.44,-,2023-12-31,2023,largest_shareholder
20240313001276,Y,00972503,일진하이솔루스,보통주,계,,"25,419,200",70.00,"25,419,200",70.00,-,2023-12-31,2023,largest_shareholder
20240313001276,Y,00972503,일진하이솔루스,우선주,계,,-,-,-,-,-,2023-12-31,2023,largest_shareholder
20250312000525,Y,00972503,일진하이솔루스,보통주,일진다이아몬드(주),본인,"21,627,500",59.56,"21,627,500",59.56,-,2024-12-31,2024,largest_shareholder
20250312000525,Y,00972503,일진하이솔루스,보통주,도레이첨단소재(주),주주,"3,791,700",10.44,"3,791,700",10.44,-,2024-12-31,2024,largest_shareholder
20250312000525,Y,00972503,일진하이솔루스,보통주,계,,"25,419,200",70.00,"25,419,200",70.00,-,2024-12-31,2024,largest_shareholder
20250312000525,Y,00972503,일진하이솔루스,우선주,계,,-,-,-,-,-,2024-12-31,2024,largest_shareholder
20220316000673,Y,00486705,아주스틸,보통주,이학연,본인,"8,069,770",36.32,"8,069,770",30.51,-,2021-12-31,2021,largest_shareholder
20220316000673,Y,00486705,아주스틸,보통주,윤미숙,배우자,"3,662,580",16.48,"3,162,580",11.96,-,2021-12-31,2021,largest_shareholder
20220316000673,Y,00486705,아주스틸,보통주,배진록,임원,"643,590",2.90,"643,590",2.43,-,2021-12-31,2021,largest_shareholder
20220316000673,Y,00486705,아주스틸,보통주,이도연,형제,"30,000",0.14,"30,000",0.11,-,2021-12-31,2021,largest_shareholder
20220316000673,Y,00486705,아주스틸,보통주,윤호준,처남,"30,000",0.14,"30,000",0.11,-,2021-12-31,2021,largest_shareholder
20220316000673,Y,00486705,아주스틸,보통주,이영세,임원,0,0.00,602,0.00,-,2021-12-31,2021,largest_shareholder
20220316000673,Y,00486705,아주스틸,보통주,계,,"12,435,940",55.97,"11,936,542",45.12,-,2021-12-31,2021,largest_shareholder
20220316000673,Y,00486705,아주스틸,우선주,계,,-,-,-,-,-,2021-12-31,2021,largest_shareholder
20230320001066,Y,00486705,아주스틸,보통주,이학연,본인,"8,069,770",30.51,"8,069,770",30.51,-,2022-12-31,2022,largest_shareholder
20230320001066,Y,00486705,아주스틸,보통주,윤미숙,배우자,"3,162,580",11.96,"3,162,580",11.96,-,2022-12-31,2022,largest_shareholder
20230320001066,Y,00486705,아주스틸,보통주,배진록,임원,"643,590",2.43,"478,590",1.81,장내매도,2022-12-31,2022,largest_shareholder
20230320001066,Y,00486705,아주스틸,보통주,이도연,형제,"30,000",0.11,"30,000",0.11,-,2022-12-31,2022,largest_shareholder
20230320001066,Y,00486705,아주스틸,보통주,윤호준,처남,"30,000",0.11,"30,000",0.11,-,2022-12-31,2022,largest_shareholder
20230320001066,Y,00486705,아주스틸,보통주,이영세,임원,602,0.00,602,0.00,-,2022-12-31,2022,largest_shareholder
20230320001066,Y,00486705,아주스틸,보통주,계,,"11,936,542",45.12,"11,771,542",44.50,-,2022-12-31,2022,largest_shareholder
20230320001066,Y,00486705,아주스틸,우선주,계,,-,-,-,-,-,2022-12-31,2022,largest_shareholder
20250321001731,Y,00486705,아주스틸,보통주,이학연,본인,"8,069,770",30.51,"8,069,770",30.51,-,2023-12-31,2023,largest_shareholder
20250321001731,Y,00486705,아주스틸,보통주,윤미숙,배우자,"3,162,580",11.96,"3,162,580",11.96,-,2023-12-31,2023,largest_shareholder
20250321001731,Y,00486705,아주스틸,보통주,배진록,임원,"478,590",1.81,0,0.00,특별관계해소,2023-12-31,2023,largest_shareholder
20250321001731,Y,00486705,아주스틸,보통주,이도연,형제,"30,000",0.11,"30,000",0.11,-,2023-12-31,2023,largest_shareholder
20250321001731,Y,00486705,아주스틸,보통주,윤호준,처남,"30,000",0.11,"30,000",0.11,-,2023-12-31,2023,largest_shareholder
20250321001731,Y,00486705,아주스틸,보통주,이영세,임원,602,0.00,"1,410",0.00,-,2023-12-31,2023,largest_shareholder
20250321001731,Y,00486705,아주스틸,보통주,계,,"11,771,542",44.50,"11,293,760",42.69,-,2023-12-31,2023,largest_shareholder
20250321001731,Y,00486705,아주스틸,우선주,계,,-,-,-,-,-,2023-12-31,2023,largest_shareholder
20250328001653,Y,00486705,아주스틸,보통주,이학연,본인,"8,069,770",30.51,"8,069,968",30.43,-,2024-12-31,2024,largest_shareholder
20250328001653,Y,00486705,아주스틸,보통주,윤미숙,배우자,"3,162,580",11.96,"3,192,678",12.04,-,2024-12-31,2024,largest_shareholder
20250328001653,Y,00486705,아주스틸,보통주,이도연,형제,"30,000",0.11,"27,004",0.10,-,2024-12-31,2024,largest_shareholder
20250328001653,Y,00486705,아주스틸,보통주,윤호준,처남,"30,000",0.11,"30,000",0.11,-,2024-12-31,2024,largest_shareholder
20250328001653,Y,00486705,아주스틸,보통주,이영세,임원,"1,410",0.00,"1,974",0.01,-,2024-12-31,2024,largest_shareholder
20250328001653,Y,00486705,아주스틸,보통주,계,,"11,293,760",42.69,"11,321,624",42.69,-,2024-12-31,2024,largest_shareholder
20250328001653,Y,00486705,아주스틸,우선주,계,,-,-,-,-,-,2024-12-31,2024,largest_shareholder
20210707000453,Y,00545716,롯데렌탈,보통주,㈜호텔롯데,최대주주,"2,444,764",20.77,"3,021,454",25.67,-,2018-12-31,2018,largest_shareholder
20210707000453,Y,00545716,롯데렌탈,보통주,㈜부산롯데호텔,특수관계인,"1,271,074",10.80,"1,271,074",10.80,-,2018-12-31,2018,largest_shareholder
20210707000453,Y,00545716,롯데렌탈,보통주,롯데하이마트㈜,특수관계인,"576,690",4.90,0,0.00,-,2018-12-31,2018,largest_shareholder
20210707000453,Y,00545716,롯데렌탈,보통주,롯데손해보험㈜,특수관계인,"576,690",4.90,"576,690",4.90,-,2018-12-31,2018,largest_shareholder
20210707000453,Y,00545716,롯데렌탈,보통주,㈜우리홈쇼핑,특수관계인,"1,015,382",8.63,"1,015,382",8.63,-,2018-12-31,2018,largest_shareholder
20210707000453,Y,00545716,롯데렌탈,보통주,계,,"5,884,600",50.00,"5,884,600",50.00,-,2018-12-31,2018,largest_shareholder
20210707000453,Y,00545716,롯데렌탈,우선주,계,,0,0.00,0,0.00,-,2018-12-31,2018,largest_shareholder
20210707000485,Y,00545716,롯데렌탈,보통주,㈜호텔롯데,최대주주,"3,021,454",25.67,"3,021,454",25.67,-,2019-12-31,2019,largest_shareholder
20210707000485,Y,00545716,롯데렌탈,보통주,㈜부산롯데호텔,특수관계인,"1,271,074",10.80,"2,286,456",19.43,-,2019-12-31,2019,largest_shareholder
20210707000485,Y,00545716,롯데렌탈,보통주,㈜우리홈쇼핑,특수관계인,"1,015,382",8.63,0,0.00,(주1),2019-12-31,2019,largest_shareholder
20210707000485,Y,00545716,롯데렌탈,보통주,롯데손해보험㈜,기타,"576,690",4.90,0,0.00,(주2),2019-12-31,2019,largest_shareholder
20210707000485,Y,00545716,롯데렌탈,보통주,계,,"5,884,600",50.00,"5,307,910",45.10,-,2019-12-31,2019,largest_shareholder
20210707000485,Y,00545716,롯데렌탈,우선주,계,,0,0.00,0,0.00,-,2019-12-31,2019,largest_shareholder
20210707000505,Y,00545716,롯데렌탈,보통주,㈜호텔롯데,최대주주,"3,021,454",25.67,"4,948,061",42.04,-,2020-12-31,2020,largest_shareholder
20210707000505,Y,00545716,롯데렌탈,보통주,㈜부산롯데호텔,특수관계인,"2,286,456",19.43,"3,346,092",28.43,-,2020-12-31,2020,largest_shareholder
20210707000505,Y,00545716,롯데렌탈,보통주,계,,"5,307,910",45.10,"8,294,153",70.47,-,2020-12-31,2020,largest_shareholder
20210707000505,Y,00545716,롯데렌탈,우선주,계,,-,-,-,-,-,2020-12-31,2020,largest_shareholder
20220812000791,Y,00545716,롯데렌탈,보통주,㈜호텔롯데,최대주주,"13,846,833",37.80,"13,846,833",37.80,-,2021-12-31,2021,largest_shareholder
20220812000791,Y,00545716,롯데렌탈,보통주,㈜부산롯데호텔,특수관계인,"8,365,230",22.83,"8,365,230",22.83,-,2021-12-31,2021,largest_shareholder
20220812000791,Y,00545716,롯데렌탈,보통주,정경운,계열회사 등기임원,100,0.00,100,0.00,-,2021-12-31,2021,largest_shareholder
20220812000791,Y,00545716,롯데렌탈,보통주,김정원,계열회사 등기임원,20,0.00,20,0.00,-,2021-12-31,2021,largest_shareholder
20220812000791,Y,00545716,롯데렌탈,보통주,김상명,계열회사 등기임원,11,0.00,0,0.00,-,2021-12-31,2021,largest_shareholder
20220812000791,Y,00545716,롯데렌탈,보통주,신주백,계열회사 등기임원,4,0.00,4,0.00,-,2021-12-31,2021,largest_shareholder
20220812000791,Y,00545716,롯데렌탈,보통주,장학영,계열회사 등기임원,2,0.00,2,0.00,-,2021-12-31,2021,largest_shareholder
20220812000791,Y,00545716,롯데렌탈,보통주,손희영,계열회사 등기임원,0,0.00,"2,000",0.01,-,2021-12-31,2021,largest_shareholder
20220812000791,Y,00545716,롯데렌탈,보통주,계,,"22,212,200",60.63,"22,214,189",60.64,-,2021-12-31,2021,largest_shareholder
20220812000791,Y,00545716,롯데렌탈,우선주,계,,-,-,-,-,-,2021-12-31,2021,largest_shareholder
20230424000485,Y,00545716,롯데렌탈,보통주,㈜호텔롯데,최대주주,"13,846,833",37.80,"13,846,833",37.80,-,2022-12-31,2022,largest_shareholder
20230424000485,Y,00545716,롯데렌탈,보통주,한경완,계열회사 등기임원,6,0.00,6,0.00,-,2022-12-31,2022,largest_shareholder
20230424000485,Y,00545716,롯데렌탈,보통주,㈜부산롯데호텔,특수관계인,"8,365,230",22.83,"8,365,230",22.83,-,2022-12-31,2022,largest_shareholder
20230424000485,Y,00545716,롯데렌탈,보통주,김정원,계열회사 등기임원,20,0.00,20,0.00,-,2022-12-31,2022,largest_shareholder
20230424000485,Y,00545716,롯데렌탈,보통주,신주백,계열회사 등기임원,4,0.00,4,0.00,-,2022-12-31,2022,largest_shareholder
20230424000485,Y,00545716,롯데렌탈,보통주,장학영,계열회사 등기임원,10,0.00,10,0.00,-,2022-12-31,2022,largest_shareholder
20230424000485,Y,00545716,롯데렌탈,보통주,석희철,계열회사 등기임원,"1,000",0.00,"1,000",0.00,-,2022-12-31,2022,largest_shareholder
20230424000485,Y,00545716,롯데렌탈,보통주,최영,계열회사 등기임원,539,0.00,539,0.00,-,2022-12-31,2022,largest_shareholder
20230424000485,Y,00545716,롯데렌탈,보통주,김태웅,계열회사 등기임원,31,0.00,31,0.00,-,2022-12-31,2022,largest_shareholder
20230424000485,Y,00545716,롯데렌탈,보통주,박정홍,계열회사 등기임원,3,0.00,3,0.00,-,2022-12-31,2022,largest_shareholder
20230424000485,Y,00545716,롯데렌탈,보통주,계,,"22,213,676",60.64,"22,213,676",60.64,-,2022-12-31,2022,largest_shareholder
20230424000485,Y,00545716,롯데렌탈,우선주,계,,-,-,-,-,-,2022-12-31,2022,largest_shareholder
20240315000897,Y,00545716,롯데렌탈,보통주,㈜호텔롯데,최대주주,"13,846,833",37.80,"13,846,833",37.80,-,2023-12-31,2023,largest_shareholder
20240315000897,Y,00545716,롯데렌탈,보통주,이경수,계열회사 등기임원,3,0.00,3,0.00,-,2023-12-31,2023,largest_shareholder
20240315000897,Y,00545716,롯데렌탈,보통주,조한성,계열회사 등기임원,9,0.00,9,0.00,-,2023-12-31,2023,largest_shareholder
20240315000897,Y,00545716,롯데렌탈,보통주,두경태,계열회사 등기임원,0,0.00,100,0.00,-,2023-12-31,2023,largest_shareholder
20240315000897,Y,00545716,롯데렌탈,보통주,㈜부산롯데호텔,계열회사,"8,365,230",22.83,"8,365,230",22.83,-,2023-12-31,2023,largest_shareholder
20240315000897,Y,00545716,롯데렌탈,보통주,최진환,발행회사 등기임원,"11,709",0.03,"11,709",0.03,-,2023-12-31,2023,largest_shareholder
20240315000897,Y,00545716,롯데렌탈,보통주,정경운,계열회사 등기임원,100,0.00,100,0.00,-,2023-12-31,2023,largest_shareholder
20240315000897,Y,00545716,롯데렌탈,보통주,장학영,계열회사 등기임원,600,0.00,600,0.00,-,2023-12-31,2023,largest_shareholder
20240315000897,Y,00545716,롯데렌탈,보통주,석희철,계열회사 등기임원,"1,000",0.00,0,0.00,-,2023-12-31,2023,largest_shareholder
20240315000897,Y,00545716,롯데렌탈,보통주,김태웅,계열회사 등기임원,31,0.00,31,0.00,-,2023-12-31,2023,largest_shareholder
20240315000897,Y,00545716,롯데렌탈,보통주,박정홍,계열회사 등기임원,3,0.00,3,0.00,-,2023-12-31,2023,largest_shareholder
20240315000897,Y,00545716,롯데렌탈,보통주,한경완,계열회사 등기임원,6,0.00,6,0.00,-,2023-12-31,2023,largest_shareholder
20240315000897,Y,00545716,롯데렌탈,보통주,계,,"22,225,544",60.67,"22,224,624",60.67,-,2023-12-31,2023,largest_shareholder
20240315000897,Y,00545716,롯데렌탈,우선주,계,,-,-,-,-,-,2023-12-31,2023,largest_shareholder
20250314001522,Y,00545716,롯데렌탈,보통주,㈜호텔롯데,최대주주,"13,846,833",37.80,"13,846,833",38.14,-,2024-12-31,2024,largest_shareholder
20250314001522,Y,00545716,롯데렌탈,보통주,두경태,발행회사 등기임원,100,0.00,100,0.00,-,2024-12-31,2024,largest_shareholder
20250314001522,Y,00545716,롯데렌탈,보통주,김성준,발행회사 등기임원,3,0.00,0,0.00,-,2024-12-31,2024,largest_shareholder
20250314001522,Y,00545716,롯데렌탈,보통주,김정원,발행회사 등기임원,0,0.00,30,0.00,-,2024-12-31,2024,largest_shareholder
20250314001522,Y,00545716,롯데렌탈,보통주,허준호,발행회사 등기임원,200,0.00,200,0.00,-,2024-12-31,2024,largest_shareholder
20250314001522,Y,00545716,롯데렌탈,보통주,㈜부산롯데호텔,계열회사,"8,365,230",22.83,"8,365,230",23.04,-,2024-12-31,2024,largest_shareholder
20250314001522,Y,00545716,롯데렌탈,보통주,최진환,발행회사 등기임원,"11,709",0.03,"11,709",0.03,-,2024-12-31,2024,largest_shareholder
20250314001522,Y,00545716,롯데렌탈,보통주,정경운,발행회사 등기임원,100,0.00,100,0.00,-,2024-12-31,2024,largest_shareholder
20250314001522,Y,00545716,롯데렌탈,보통주,장학영,발행회사 등기임원,500,0.00,0,0.00,-,2024-12-31,2024,largest_shareholder
20250314001522,Y,00545716,롯데렌탈,보통주,박정홍,발행회사 등기임원,3,0.00,3,0.00,-,2024-12-31,2024,largest_shareholder
20250314001522,Y,00545716,롯데렌탈,보통주,한경완,발행회사 등기임원,6,0.00,6,0.00,-,2024-12-31,2024,largest_shareholder
20250314001522,Y,00545716,롯데렌탈,보통주,이경수,발행회사 등기임원,3,0.00,3,0.00,-,2024-12-31,2024,largest_shareholder
20250314001522,Y,00545716,롯데렌탈,보통주,조한성,발행회사 등기임원,9,0.00,9,0.00,-,2024-12-31,2024,largest_shareholder
20250314001522,Y,00545716,롯데렌탈,보통주,계,,"22,224,696",60.67,"22,224,223",61.21,-,2024-12-31,2024,largest_shareholder
20250314001522,Y,00545716,롯데렌탈,-,계,,-,-,-,-,-,2024-12-31,2024,largest_shareholder
20260317000759,Y,00534598,한컴라이프케어,보통주,㈜한글과컴퓨터,최대주주,"200,000",50.79,"10,000,000",36.13,(주1),2021-12-31,2021,largest_shareholder
20260317000759,Y,00534598,한컴라이프케어,보통주,㈜캐피탈익스프레스,최대주주 특수관계인,0,0.00,"38,924",0.14,-,2021-12-31,2021,largest_shareholder
20260317000759,Y,00534598,한컴라이프케어,보통주,계,,"200,000",50.79,"10,038,924",36.27,-,2021-12-31,2021,largest_shareholder
20260317000759,Y,00534598,한컴라이프케어,합 계,계,,"200,000",50.79,"10,038,924",36.27,-,2021-12-31,2021,largest_shareholder
20230315000557,Y,00534598,한컴라이프케어,보통주,㈜한글과컴퓨터,최대주주,"10,000,000",36.13,"10,000,000",36.13,-,2022-12-31,2022,largest_shareholder
20230315000557,Y,00534598,한컴라이프케어,보통주,"㈜캐피탈
익스프레스","최대주주 
특수관계인","38,924",0.14,"38,924",0.14,-,2022-12-31,2022,largest_shareholder
20230315000557,Y,00534598,한컴라이프케어,보통주,계,,"10,038,924",36.27,"10,038,924",36.27,-,2022-12-31,2022,largest_shareholder
20230315000557,Y,00534598,한컴라이프케어,합 계,계,,"10,038,924",36.27,"10,038,924",36.27,-,2022-12-31,2022,largest_shareholder
20240313000991,Y,00534598,한컴라이프케어,보통주,(주)한글과컴퓨터,최대주주,"10,000,000",36.13,"10,000,000",36.13,-,2023-12-31,2023,largest_shareholder
20240313000991,Y,00534598,한컴라이프케어,보통주,(주)캐피탈익스프레스,"최대주주
특수관계인","38,924",0.14,"38,924",0.14,-,2023-12-31,2023,largest_shareholder
20240313000991,Y,00534598,한컴라이프케어,보통주,계,,"10,038,924",36.27,"10,038,924",36.27,-,2023-12-31,2023,largest_shareholder
20240313000991,Y,00534598,한컴라이프케어,합계,계,,"10,038,924",36.27,"10,038,924",36.27,-,2023-12-31,2023,largest_shareholder
20250814000446,Y,00534598,한컴라이프케어,보통주,(주)한글과컴퓨터,최대주주,"10,000,000",36.13,"10,000,000",36.13,-,2024-12-31,2024,largest_shareholder
20250814000446,Y,00534598,한컴라이프케어,보통주,계,,"10,000,000",36.13,"10,000,000",36.13,-,2024-12-31,2024,largest_shareholder
20250814000446,Y,00534598,한컴라이프케어,합계,계,,"10,000,000",36.13,"10,000,000",36.13,-,2024-12-31,2024,largest_shareholder
20200330003881,Y,00760971,크래프톤,보통주,장병규,최대주주 본인,"1,225,433",16.90,"1,391,593",17.60,"주5), 주6)",2018-12-31,2018,largest_shareholder
20200330003881,Y,00760971,크래프톤,보통주,배용택,미등기임원,"2,210",0.00,"2,210",0.00,주5),2018-12-31,2018,largest_shareholder
20200330003881,Y,00760971,크래프톤,보통주,김형준,미등기임원,0,0.00,"182,000",2.30,주3),2018-12-31,2018,largest_shareholder
20200330003881,Y,00760971,크래프톤,보통주,유일규,미등기임원,0,0.00,"10,000",0.10,주3),2018-12-31,2018,largest_shareholder
20200330003881,Y,00760971,크래프톤,보통주,송인애,감사,"26,517",0.40,"26,517",0.30,주5),2018-12-31,2018,largest_shareholder
20200330003881,Y,00760971,크래프톤,보통주,박진석,계열회사 등기임원,"182,375",2.50,"157,375",2.00,"주5), 장외매도",2018-12-31,2018,largest_shareholder
20200330003881,Y,00760971,크래프톤,보통주,김정훈,계열회사 등기임원,"181,826",2.50,"153,643",1.90,"주5), 장외매도",2018-12-31,2018,largest_shareholder
20200330003881,Y,00760971,크래프톤,보통주,신봉건,계열회사 등기임원,"172,827",2.40,"122,827",1.60,"주5), 장외매도",2018-12-31,2018,largest_shareholder
20200330003881,Y,00760971,크래프톤,보통주,김창한,계열회사 등기임원,"120,000",1.70,"88,000",1.10,"주5), 장외매도/매수",2018-12-31,2018,largest_shareholder
20200330003881,Y,00760971,크래프톤,보통주,조웅희,계열회사 등기임원,"74,177",1.00,"41,360",0.50,"주5), 장외매도",2018-12-31,2018,largest_shareholder
20200330003881,Y,00760971,크래프톤,보통주,이지훈,계열회사 등기임원,0,0.00,"35,044",0.40,"주5), 주식교환",2018-12-31,2018,largest_shareholder
20200330003881,Y,00760971,크래프톤,우선주,장병규,최대주주 본인,"271,100",3.70,"14,000",0.20,"주5), 주6)",2018-12-31,2018,largest_shareholder
20200330003881,Y,00760971,크래프톤,보통주,박정석,계열회사 등기임원,0,0.00,"14,740",0.20,"주5), 주식교환",2018-12-31,2018,largest_shareholder
20200330003881,Y,00760971,크래프톤,보통주,노동환,계열회사 등기임원,0,0.00,"14,740",0.20,"주5), 주식교환",2018-12-31,2018,largest_shareholder
20200330003881,Y,00760971,크래프톤,보통주,KIM SAMUEL DONG KYU,계열회사 등기임원,"4,250",0.10,"5,450",0.10,"주5), 스톡옵션 행사",2018-12-31,2018,largest_shareholder
20200330003881,Y,00760971,크래프톤,보통주,박민규,계열회사 등기임원,0,0.00,"1,500",0.00,주5),2018-12-31,2018,largest_shareholder
20200330003881,Y,00760971,크래프톤,보통주,정승혜,최대주주의 배우자,"168,000",2.30,"168,000",2.10,주5),2018-12-31,2018,largest_shareholder
20200330003881,Y,00760971,크래프톤,우선주,㈜본엔젤스벤처파트너스,최대주주의 특수관계법인,"188,475",2.60,"188,475",2.40,주5),2018-12-31,2018,largest_shareholder
20200330003881,Y,00760971,크래프톤,보통주,벨리즈원 유한회사,최대주주의 특수관계법인,0,0.00,"553,846",7.00,신규 특수관계법인,2018-12-31,2018,largest_shareholder
20200330003881,Y,00760971,크래프톤,보통주,강석흔,최대주주의 특수관계법인 등기임원,"3,500",0.00,"1,500",0.00,-,2018-12-31,2018,largest_shareholder
20200330003881,Y,00760971,크래프톤,보통주,신승우,최대주주의 특수관계법인 등기임원,"54,423",0.70,"54,423",0.70,-,2018-12-31,2018,largest_shareholder
20200330003881,Y,00760971,크래프톤,보통주,김효섭,사내이사,"10,000",0.10,"11,500",0.10,"주5), 스톡옵션 행사",2018-12-31,2018,largest_shareholder
20200330003881,Y,00760971,크래프톤,보통주,김강석,기타비상무이사,0,0.00,"217,020",2.70,주4),2018-12-31,2018,largest_shareholder
20200330003881,Y,00760971,크래프톤,보통주,계,,"2,225,538",30.70,"3,253,288",41.10,-,2018-12-31,2018,largest_shareholder
20200330003881,Y,00760971,크래프톤,우선주,계,,"459,575",6.30,"202,475",2.60,-,2018-12-31,2018,largest_shareholder
20200330004316,Y,00760971,크래프톤,보통주,장병규,최대주주 본인,"1,391,593",17.60,"1,405,593",17.50,-,2019-12-31,2019,largest_shareholder
20200330004316,Y,00760971,크래프톤,보통주,김강석,등기임원,"217,020",2.70,"217,020",2.70,-,2019-12-31,2019,largest_shareholder
20200330004316,Y,00760971,크래프톤,보통주,김형준,미등기임원,"182,000",2.30,"182,000",2.30,-,2019-12-31,2019,largest_shareholder
20200330004316,Y,00760971,크래프톤,보통주,유일규,미등기임원,"10,000",0.10,"11,750",0.10,-,2019-12-31,2019,largest_shareholder
20200330004316,Y,00760971,크래프톤,보통주,배용택,미등기임원,"2,210",0.00,"2,210",0.00,-,2019-12-31,2019,largest_shareholder
20200330004316,Y,00760971,크래프톤,보통주,박진석,계열회사 등기임원,"157,375",2.00,"157,375",2.00,-,2019-12-31,2019,largest_shareholder
20200330004316,Y,00760971,크래프톤,보통주,김정훈,계열회사 등기임원,"153,643",1.90,"158,893",2.00,-,2019-12-31,2019,largest_shareholder
20200330004316,Y,00760971,크래프톤,보통주,신봉건,계열회사 등기임원,"122,827",1.60,"124,577",1.50,-,2019-12-31,2019,largest_shareholder
20200330004316,Y,00760971,크래프톤,보통주,김창한,계열회사 등기임원,"88,000",1.10,"123,875",1.50,-,2019-12-31,2019,largest_shareholder
20200330004316,Y,00760971,크래프톤,보통주,조웅희,계열회사 등기임원,"41,360",0.50,"76,360",0.90,-,2019-12-31,2019,largest_shareholder
20200330004316,Y,00760971,크래프톤,보통주,이지훈,계열회사 등기임원,"35,044",0.40,"35,044",0.40,-,2019-12-31,2019,largest_shareholder
20200330004316,Y,00760971,크래프톤,우선주,장병규,최대주주 본인,"14,000",0.20,0,0.00,보통주 전환,2019-12-31,2019,largest_shareholder
20200330004316,Y,00760971,크래프톤,보통주,박정석,계열회사 등기임원,"14,740",0.20,0,0.00,주3),2019-12-31,2019,largest_shareholder
20200330004316,Y,00760971,크래프톤,보통주,노동환,계열회사 등기임원,"14,740",0.20,0,0.00,주3),2019-12-31,2019,largest_shareholder
20200330004316,Y,00760971,크래프톤,보통주,KIM SAMUEL DONG KYU,계열회사 등기임원,"5,450",0.10,"19,650",0.20,-,2019-12-31,2019,largest_shareholder
20200330004316,Y,00760971,크래프톤,보통주,박민규,계열회사 등기임원,"1,500",0.00,"1,500",0.00,-,2019-12-31,2019,largest_shareholder
20200330004316,Y,00760971,크래프톤,보통주,김주현,계열회사 등기임원,0,0.00,"3,625",0.00,-,2019-12-31,2019,largest_shareholder
20200330004316,Y,00760971,크래프톤,보통주,송인애,감사,"26,517",0.30,"26,517",0.30,-,2019-12-31,2019,largest_shareholder
20200330004316,Y,00760971,크래프톤,보통주,정승혜,최대주주의 배우자,"168,000",2.10,"168,000",2.10,-,2019-12-31,2019,largest_shareholder
20200330004316,Y,00760971,크래프톤,보통주,벨리즈원 유한회사,최대주주의 특수관계법인,"553,846",7.00,"553,846",6.90,-,2019-12-31,2019,largest_shareholder
20200330004316,Y,00760971,크래프톤,우선주,㈜본엔젤스벤처파트너스,최대주주의 특수관계법인,"188,475",2.40,0,0.00,-,2019-12-31,2019,largest_shareholder
20200330004316,Y,00760971,크래프톤,보통주,㈜본엔젤스벤처파트너스,최대주주의 특수관계법인,0,0.00,"188,475",2.30,보통주 전환,2019-12-31,2019,largest_shareholder
20200330004316,Y,00760971,크래프톤,보통주,강석흔,최대주주의 특수관계법인 등기임원,"1,500",0.00,"1,500",0.00,-,2019-12-31,2019,largest_shareholder
20200330004316,Y,00760971,크래프톤,보통주,신승우,최대주주의 특수관계법인 등기임원,"54,423",0.70,0,0.00,주4),2019-12-31,2019,largest_shareholder
20200330004316,Y,00760971,크래프톤,보통주,김효섭,사내이사,"11,500",0.10,"11,500",0.10,-,2019-12-31,2019,largest_shareholder
20200330004316,Y,00760971,크래프톤,보통주,계,,"3,253,288",41.10,"3,469,310",43.10,-,2019-12-31,2019,largest_shareholder
20200330004316,Y,00760971,크래프톤,우선주,계,,"202,475",2.60,0,0.00,-,2019-12-31,2019,largest_shareholder
20210331003279,Y,00760971,크래프톤,보통주,장병규,본인,"1,405,593",17.47,"1,405,593",16.43,-,2020-12-31,2020,largest_shareholder
20210331003279,Y,00760971,크래프톤,보통주,유일규,발행회사 미등기임원,"11,750",0.15,0,0.00,특수관계 해소(임원 퇴임),2020-12-31,2020,largest_shareholder
20210331003279,Y,00760971,크래프톤,보통주,김정훈,계열회사 등기임원,"158,893",1.97,"164,143",1.92,주식매수선택권 행사,2020-12-31,2020,largest_shareholder
20210331003279,Y,00760971,크래프톤,보통주,박진석,계열회사 등기임원,"157,375",1.96,"147,375",1.72,지분 일부 매도,2020-12-31,2020,largest_shareholder
20210331003279,Y,00760971,크래프톤,보통주,조웅희,계열회사 등기임원,"76,360",0.95,0,0.00,특수관계 해소(임원 퇴임),2020-12-31,2020,largest_shareholder
20210331003279,Y,00760971,크래프톤,보통주,이지훈,계열회사 등기임원,"35,044",0.44,"33,544",0.39,지분 일부 매도,2020-12-31,2020,largest_shareholder
20210331003279,Y,00760971,크래프톤,보통주,김효섭,계열회사 등기임원,"11,500",0.14,"11,500",0.13,-,2020-12-31,2020,largest_shareholder
20210331003279,Y,00760971,크래프톤,보통주,김주현,계열회사 등기임원,"3,625",0.04,0,0.00,특수관계 해소(임원 퇴임),2020-12-31,2020,largest_shareholder
20210331003279,Y,00760971,크래프톤,보통주,배용택,계열회사 등기임원,"2,210",0.03,"2,210",0.03,-,2020-12-31,2020,largest_shareholder
20210331003279,Y,00760971,크래프톤,보통주,박민규,계열회사 등기임원,"1,500",0.02,0,0.00,특수관계 해소(임원 퇴임),2020-12-31,2020,largest_shareholder
20210331003279,Y,00760971,크래프톤,보통주,신봉건,계열회사 등기임원,"124,577",1.55,0,0.00,특수관계 해소(임원 퇴임),2020-12-31,2020,largest_shareholder
20210331003279,Y,00760971,크래프톤,보통주,정승혜,배우자,"168,000",2.09,"84,000",0.98,지분 일부 매도,2020-12-31,2020,largest_shareholder
20210331003279,Y,00760971,크래프톤,보통주,조두인,계열회사 등기임원,0,0.00,"12,286",0.14,신규선임,2020-12-31,2020,largest_shareholder
20210331003279,Y,00760971,크래프톤,보통주,김형준,계열회사 등기임원,"182,000",2.26,"142,000",1.66,지분 일부 매도,2020-12-31,2020,largest_shareholder
20210331003279,Y,00760971,크래프톤,보통주,벨리즈원 유한회사,최대주주의 특수관계법인,"553,846",6.88,"553,846",6.47,-,2020-12-31,2020,largest_shareholder
20210331003279,Y,00760971,크래프톤,보통주,㈜본엔젤스벤처파트너스,최대주주의 특수관계법인,"188,475",2.34,"188,475",2.20,-,2020-12-31,2020,largest_shareholder
20210331003279,Y,00760971,크래프톤,보통주,강석흔,최대주주의 특수관계법인 등기임원,"1,500",0.02,"1,500",0.02,-,2020-12-31,2020,largest_shareholder
20210331003279,Y,00760971,크래프톤,보통주,김창한,발행회사 등기임원,"123,875",1.54,"123,875",1.45,-,2020-12-31,2020,largest_shareholder
20210331003279,Y,00760971,크래프톤,보통주,김강석,발행회사 등기임원,"217,020",2.70,"217,020",2.54,-,2020-12-31,2020,largest_shareholder
20210331003279,Y,00760971,크래프톤,보통주,송인애,발행회사 등기임원,"26,517",0.33,"26,517",0.31,-,2020-12-31,2020,largest_shareholder
20210331003279,Y,00760971,크래프톤,보통주,KIM SAMUEL DONG KYU,발행회사 미등기임원,"19,650",0.24,0,0.00,특수관계 해소(임원 퇴임),2020-12-31,2020,largest_shareholder
20210331003279,Y,00760971,크래프톤,보통주,계,,"3,469,310",43.12,"3,113,884",36.39,-,2020-12-31,2020,largest_shareholder
20210331003279,Y,00760971,크래프톤,우선주,계,,0,0.00,0,0.00,-,2020-12-31,2020,largest_shareholder
20220314000894,Y,00760971,크래프톤,보통주,장병규,본인,"1,405,593",16.43,"7,027,965",14.35,　-,2021-12-31,2021,largest_shareholder
20220314000894,Y,00760971,크래프톤,보통주,박진석,계열회사 등기임원,"147,375",1.72,0,0.00,특수관계 해소(계열관계 해소),2021-12-31,2021,largest_shareholder
20220314000894,Y,00760971,크래프톤,보통주,김효섭,계열회사 등기임원,"11,500",0.13,0,0.00,특수관계 해소(계열관계 해소),2021-12-31,2021,largest_shareholder
20220314000894,Y,00760971,크래프톤,보통주,조두인,계열회사 등기임원,"12,286",0.14,"40,430",0.08,유가증권 상장에 따른 구주매출,2021-12-31,2021,largest_shareholder
20220314000894,Y,00760971,크래프톤,보통주,김형준,계열회사 등기임원,"142,000",1.66,"610,000",1.25,유가증권 상장에 따른 구주매출,2021-12-31,2021,largest_shareholder
20220314000894,Y,00760971,크래프톤,보통주,배용택,계열회사 등기임원,"2,210",0.03,0,0.00,특수관계 해소(임원 퇴임),2021-12-31,2021,largest_shareholder
20220314000894,Y,00760971,크래프톤,보통주,이지훈,계열회사 등기임원,"33,544",0.39,0,0.00,특수관계 해소(임원 퇴임),2021-12-31,2021,largest_shareholder
20220314000894,Y,00760971,크래프톤,보통주,이준영,계열회사 등기임원,0,0.00,"14,186",0.03,신규 선임,2021-12-31,2021,largest_shareholder
20220314000894,Y,00760971,크래프톤,보통주,류성중,계열회사 등기임원,0,0.00,"90,656",0.19,신규 선임,2021-12-31,2021,largest_shareholder
20220314000894,Y,00760971,크래프톤,보통주,정승혜,최대주주의 배우자,"84,000",0.98,"420,000",0.86,　-,2021-12-31,2021,largest_shareholder
20220314000894,Y,00760971,크래프톤,보통주,벨리즈원 유한회사,최대주주의 특수관계법인,"553,846",6.47,0,0.00,유가증권 상장에 따른 구주매출,2021-12-31,2021,largest_shareholder
20220314000894,Y,00760971,크래프톤,보통주,㈜본엔젤스벤처파트너스,최대주주의 특수관계법인,"188,475",2.20,"942,375",1.92,　-,2021-12-31,2021,largest_shareholder
20220314000894,Y,00760971,크래프톤,보통주,강석흔,최대주주의 특수관계법인 등기임원,"1,500",0.02,"7,500",0.02,　-,2021-12-31,2021,largest_shareholder
20220314000894,Y,00760971,크래프톤,보통주,김강석,최대주주의 특수관계법인 등기임원,"217,020",2.54,0,0.00,　특수관계 해소(계열관계 해소),2021-12-31,2021,largest_shareholder
20220314000894,Y,00760971,크래프톤,보통주,송인애,최대주주의 특수관계법인 등기임원,"26,517",0.31,"132,585",0.27,　-,2021-12-31,2021,largest_shareholder
20220314000894,Y,00760971,크래프톤,보통주,김창한,발행회사 등기임원,"123,875",1.45,"544,255",1.11,주식매수선택권 행사 등,2021-12-31,2021,largest_shareholder
20220314000894,Y,00760971,크래프톤,보통주,김정훈,계열회사 등기임원,"164,143",1.92,"843,215",1.72,주식매수선택권 행사,2021-12-31,2021,largest_shareholder
20220314000894,Y,00760971,크래프톤,보통주,계,,"3,113,884",36.39,"10,673,167",21.80,-,2021-12-31,2021,largest_shareholder
20220314000894,Y,00760971,크래프톤,우선주,계,,0,0.00,0,0.00,-,2021-12-31,2021,largest_shareholder
20230320000728,Y,00760971,크래프톤,보통주,장병규,본인,"7,027,965",14.35,"7,133,651",14.53,장내매수,2022-12-31,2022,largest_shareholder
20230320000728,Y,00760971,크래프톤,보통주,조두인,계열회사 등기임원,"40,430",0.08,"39,490",0.08,"수증, 장내매도",2022-12-31,2022,largest_shareholder
20230320000728,Y,00760971,크래프톤,보통주,이준영,계열회사 등기임원,"14,186",0.03,"14,216",0.03,수증,2022-12-31,2022,largest_shareholder
20230320000728,Y,00760971,크래프톤,보통주,배동근,계열회사 등기임원,0,0.00,630,0.00,"장내매수, 수증",2022-12-31,2022,largest_shareholder
20230320000728,Y,00760971,크래프톤,보통주,손현일,계열회사 등기임원,0,0.00,60,0.00,장내매수,2022-12-31,2022,largest_shareholder
20230320000728,Y,00760971,크래프톤,보통주,남영선,계열회사 등기임원,0,0.00,60,0.00,장내매수,2022-12-31,2022,largest_shareholder
20230320000728,Y,00760971,크래프톤,보통주,박혜리,계열회사 등기임원,0,0.00,60,0.00,장내매수,2022-12-31,2022,largest_shareholder
20230320000728,Y,00760971,크래프톤,보통주,남서현,계열회사 등기임원,0,0.00,60,0.00,수증,2022-12-31,2022,largest_shareholder
20230320000728,Y,00760971,크래프톤,보통주,정수영,계열회사 등기임원,0,0.00,60,0.00,수증,2022-12-31,2022,largest_shareholder
20230320000728,Y,00760971,크래프톤,보통주,임우열,계열회사 등기임원,0,0.00,60,0.00,수증,2022-12-31,2022,largest_shareholder
20230320000728,Y,00760971,크래프톤,보통주,박문형,계열회사 등기임원,0,0.00,"6,000",0.01,수증,2022-12-31,2022,largest_shareholder
20230320000728,Y,00760971,크래프톤,보통주,정승혜,배우자,"420,000",0.86,"291,517",0.59,증여,2022-12-31,2022,largest_shareholder
20230320000728,Y,00760971,크래프톤,보통주,김경희,계열회사 등기임원,0,0.00,"2,000",0.00,수증,2022-12-31,2022,largest_shareholder
20230320000728,Y,00760971,크래프톤,보통주,장호준,계열회사 등기임원,0,0.00,119,0.00, 수증 ,2022-12-31,2022,largest_shareholder
20230320000728,Y,00760971,크래프톤,보통주,이강석,계열회사 등기임원,0,0.00,81,0.00,신규선임,2022-12-31,2022,largest_shareholder
20230320000728,Y,00760971,크래프톤,보통주,Charles Goodhue Cleveland,계열회사 등기임원,0,0.00,"58,004",0.12,-,2022-12-31,2022,largest_shareholder
20230320000728,Y,00760971,크래프톤,보통주,Adam Maxwell McGuire,계열회사 등기임원,0,0.00,"58,010",0.12,-,2022-12-31,2022,largest_shareholder
20230320000728,Y,00760971,크래프톤,보통주,Edward James Gill,계열회사 등기임원,0,0.00,"12,759",0.03,-,2022-12-31,2022,largest_shareholder
20230320000728,Y,00760971,크래프톤,보통주,㈜본엔젤스벤처파트너스,계열회사,"942,375",1.92,"942,375",1.92,-,2022-12-31,2022,largest_shareholder
20230320000728,Y,00760971,크래프톤,보통주,송인애,계열회사 등기임원,"132,585",0.27,"132,585",0.27,-,2022-12-31,2022,largest_shareholder
20230320000728,Y,00760971,크래프톤,보통주,강석흔,계열회사 등기임원,"7,500",0.02,"7,500",0.02,-,2022-12-31,2022,largest_shareholder
20230320000728,Y,00760971,크래프톤,보통주,이상기,친인척,0,0.00,259,0.00,장내매수,2022-12-31,2022,largest_shareholder
20230320000728,Y,00760971,크래프톤,보통주,정수환,친인척,0,0.00,300,0.00,장내매수,2022-12-31,2022,largest_shareholder
20230320000728,Y,00760971,크래프톤,보통주,김창한,발행회사 등기임원,"544,255",1.11,"544,255",1.11,-,2022-12-31,2022,largest_shareholder
20230320000728,Y,00760971,크래프톤,보통주,여은정,발행회사 등기임원,0,0.00,70,0.00,장내매수,2022-12-31,2022,largest_shareholder
20230320000728,Y,00760971,크래프톤,보통주,김정훈,계열회사 등기임원,"843,215",1.72,"843,275",1.72,수증,2022-12-31,2022,largest_shareholder
20230320000728,Y,00760971,크래프톤,보통주,김형준,계열회사 등기임원,"610,000",1.25,"710,060",1.45,"주식매수선택권 행사, 수증",2022-12-31,2022,largest_shareholder
20230320000728,Y,00760971,크래프톤,보통주,류성중,계열회사 등기임원,"90,656",0.19,"90,686",0.18,수증,2022-12-31,2022,largest_shareholder
20230320000728,Y,00760971,크래프톤,보통주,계,,"10,673,167",21.80,"10,888,202",22.18,-,2022-12-31,2022,largest_shareholder
20230320000728,Y,00760971,크래프톤,우선주,계,,0,0.00,0,0.00,-,2022-12-31,2022,largest_shareholder
20240318000420,Y,00760971,크래프톤,보통주,장병규,본인,"7,133,651",14.53,"7,133,651",14.75,-,2023-12-31,2023,largest_shareholder
20240318000420,Y,00760971,크래프톤,보통주,조두인,계열회사 등기임원,"39,490",0.08,"32,990",0.07,장내매도,2023-12-31,2023,largest_shareholder
20240318000420,Y,00760971,크래프톤,보통주,이준영,계열회사 등기임원,"14,216",0.03,"14,216",0.03,-,2023-12-31,2023,largest_shareholder
20240318000420,Y,00760971,크래프톤,보통주,배동근,계열회사 등기임원,630,0.00,"2,625",0.01,상여,2023-12-31,2023,largest_shareholder
20240318000420,Y,00760971,크래프톤,보통주,손현일,계열회사 등기임원,60,0.00,480,0.00,상여,2023-12-31,2023,largest_shareholder
20240318000420,Y,00760971,크래프톤,보통주,남영선,계열회사 등기임원,60,0.00,0,0.00,임원퇴임,2023-12-31,2023,largest_shareholder
20240318000420,Y,00760971,크래프톤,보통주,박혜리,계열회사 등기임원,60,0.00,590,0.00,상여,2023-12-31,2023,largest_shareholder
20240318000420,Y,00760971,크래프톤,보통주,남서현,계열회사 등기임원,60,0.00,236,0.00,상여,2023-12-31,2023,largest_shareholder
20240318000420,Y,00760971,크래프톤,보통주,정수영,계열회사 등기임원,60,0.00,410,0.00,상여,2023-12-31,2023,largest_shareholder
20240318000420,Y,00760971,크래프톤,보통주,임우열,계열회사 등기임원,60,0.00,325,0.00,상여,2023-12-31,2023,largest_shareholder
20240318000420,Y,00760971,크래프톤,보통주,박문형,계열회사 등기임원,"6,000",0.01,"6,000",0.01,-,2023-12-31,2023,largest_shareholder
20240318000420,Y,00760971,크래프톤,보통주,정승혜,배우자,"291,517",0.59,"291,517",0.60,-,2023-12-31,2023,largest_shareholder
20240318000420,Y,00760971,크래프톤,보통주,김경희,계열회사 등기임원,"2,000",0.00,"2,000",0.00,-,2023-12-31,2023,largest_shareholder
20240318000420,Y,00760971,크래프톤,보통주,장호준,계열회사 등기임원,119,0.00,119,0.00,-,2023-12-31,2023,largest_shareholder
20240318000420,Y,00760971,크래프톤,보통주,이강석,계열회사 등기임원,81,0.00,125,0.00,상여,2023-12-31,2023,largest_shareholder
20240318000420,Y,00760971,크래프톤,보통주,김민정,계열회사 등기임원,0,0.00,"1,425",0.00,"신규 선임, 상여",2023-12-31,2023,largest_shareholder
20240318000420,Y,00760971,크래프톤,보통주,Tae Hyuk Chung Han,계열회사 등기임원,0,0.00,525,0.00,상여,2023-12-31,2023,largest_shareholder
20240318000420,Y,00760971,크래프톤,보통주,유재영,계열회사 등기임원,0,0.00,53,0.00,상여,2023-12-31,2023,largest_shareholder
20240318000420,Y,00760971,크래프톤,보통주,박형철,계열회사 등기임원,0,0.00,125,0.00,신규 선임,2023-12-31,2023,largest_shareholder
20240318000420,Y,00760971,크래프톤,보통주,김창욱,계열회사 등기임원,0,0.00,160,0.00,장내매수,2023-12-31,2023,largest_shareholder
20240318000420,Y,00760971,크래프톤,보통주,Charles Goodhue Cleveland,계열회사 등기임원,"58,004",0.12,"58,004",0.12,-,2023-12-31,2023,largest_shareholder
20240318000420,Y,00760971,크래프톤,보통주,Adam Maxwell McGuire,계열회사 등기임원,"58,010",0.12,"58,010",0.12,-,2023-12-31,2023,largest_shareholder
20240318000420,Y,00760971,크래프톤,보통주,이상기,친인척,259,0.00,259,0.00,-,2023-12-31,2023,largest_shareholder
20240318000420,Y,00760971,크래프톤,보통주,Edward James Gill,계열회사 등기임원,"12,759",0.03,"12,759",0.03,-,2023-12-31,2023,largest_shareholder
20240318000420,Y,00760971,크래프톤,보통주,㈜본엔젤스벤처파트너스,계열회사,"942,375",1.92,"942,375",1.95,-,2023-12-31,2023,largest_shareholder
20240318000420,Y,00760971,크래프톤,보통주,송인애,계열회사 등기임원,"132,585",0.27,"132,585",0.27,-,2023-12-31,2023,largest_shareholder
20240318000420,Y,00760971,크래프톤,보통주,강석흔,계열회사 등기임원,"7,500",0.02,"7,500",0.02,-,2023-12-31,2023,largest_shareholder
20240318000420,Y,00760971,크래프톤,보통주,정수환,친인척,300,0.00,300,0.00,-,2023-12-31,2023,largest_shareholder
20240318000420,Y,00760971,크래프톤,보통주,김창한,발행회사 등기임원,"544,255",1.11,"548,455",1.13,상여,2023-12-31,2023,largest_shareholder
20240318000420,Y,00760971,크래프톤,보통주,여은정,발행회사 등기임원,70,0.00,70,0.00,-,2023-12-31,2023,largest_shareholder
20240318000420,Y,00760971,크래프톤,보통주,김정훈,계열회사 등기임원,"843,275",1.72,"843,275",1.74,-,2023-12-31,2023,largest_shareholder
20240318000420,Y,00760971,크래프톤,보통주,김형준,계열회사 등기임원,"710,060",1.45,0,0.00,임원퇴임,2023-12-31,2023,largest_shareholder
20240318000420,Y,00760971,크래프톤,보통주,류성중,계열회사 등기임원,"90,686",0.18,"90,686",0.19,-,2023-12-31,2023,largest_shareholder
20240318000420,Y,00760971,크래프톤,보통주,계,,"10,888,202",22.18,"10,181,850",21.05,-,2023-12-31,2023,largest_shareholder
20240318000420,Y,00760971,크래프톤,우선주,계,,0,0.00,0,0.00,-,2023-12-31,2023,largest_shareholder
20250318001121,Y,00760971,크래프톤,보통주,장병규,본인,"7,133,651",14.75,"7,133,651",14.89,-,2024-12-31,2024,largest_shareholder
20250318001121,Y,00760971,크래프톤,보통주,이준영,계열회사 등기임원,"14,216",0.03,"14,216",0.03,-,2024-12-31,2024,largest_shareholder
20250318001121,Y,00760971,크래프톤,보통주,배동근,계열회사 등기임원,"2,625",0.01,"5,345",0.01,상여,2024-12-31,2024,largest_shareholder
20250318001121,Y,00760971,크래프톤,보통주,손현일,계열회사 등기임원,480,0.00,"1,425",0.00,상여,2024-12-31,2024,largest_shareholder
20250318001121,Y,00760971,크래프톤,보통주,박혜리,계열회사 등기임원,590,0.00,590,0.00,-,2024-12-31,2024,largest_shareholder
20250318001121,Y,00760971,크래프톤,보통주,남서현,계열회사 등기임원,236,0.00,236,0.00,-,2024-12-31,2024,largest_shareholder
20250318001121,Y,00760971,크래프톤,보통주,정수영,계열회사 등기임원,410,0.00,"1,410",0.00,주식매수선택권 행사,2024-12-31,2024,largest_shareholder
20250318001121,Y,00760971,크래프톤,보통주,임우열,계열회사 등기임원,325,0.00,"1,208",0.00,상여,2024-12-31,2024,largest_shareholder
20250318001121,Y,00760971,크래프톤,보통주,박문형,계열회사 등기임원,"6,000",0.01,"6,000",0.01,-,2024-12-31,2024,largest_shareholder
20250318001121,Y,00760971,크래프톤,보통주,김경희,계열회사 등기임원,"2,000",0.00,"1,000",0.00,장내매도,2024-12-31,2024,largest_shareholder
20250318001121,Y,00760971,크래프톤,보통주,장호준,계열회사 등기임원,119,0.00,119,0.00,-,2024-12-31,2024,largest_shareholder
20250318001121,Y,00760971,크래프톤,보통주,정승혜,배우자,"291,517",0.60,"291,517",0.61,-,2024-12-31,2024,largest_shareholder
20250318001121,Y,00760971,크래프톤,보통주,이강석,계열회사 등기임원,125,0.00,257,0.00,상여,2024-12-31,2024,largest_shareholder
20250318001121,Y,00760971,크래프톤,보통주,김민정,계열회사 등기임원,"1,425",0.00,"2,475",0.01,상여,2024-12-31,2024,largest_shareholder
20250318001121,Y,00760971,크래프톤,보통주,Tae Hyuk Chung Han,계열회사 등기임원,525,0.00,0,0.00,임원퇴임,2024-12-31,2024,largest_shareholder
20250318001121,Y,00760971,크래프톤,보통주,유재영,계열회사 등기임원,53,0.00,53,0.00,"상여, 장내매도",2024-12-31,2024,largest_shareholder
20250318001121,Y,00760971,크래프톤,보통주,박형철,계열회사 등기임원,125,0.00,125,0.00,-,2024-12-31,2024,largest_shareholder
20250318001121,Y,00760971,크래프톤,보통주,최승환,계열회사 등기임원,0,0.00,100,0.00,신규보고,2024-12-31,2024,largest_shareholder
20250318001121,Y,00760971,크래프톤,보통주,김창욱,계열회사 등기임원,160,0.00,0,0.00,장내매도,2024-12-31,2024,largest_shareholder
20250318001121,Y,00760971,크래프톤,보통주,이병욱,계열회사 등기임원,0,0.00,"7,200",0.02,신규보고,2024-12-31,2024,largest_shareholder
20250318001121,Y,00760971,크래프톤,보통주,김형준,계열회사 등기임원,0,0.00,"710,060",1.48,신규보고,2024-12-31,2024,largest_shareholder
20250318001121,Y,00760971,크래프톤,보통주,Song Richard Kyong Chan,계열회사 등기임원,0,0.00,196,0.00,신규보고,2024-12-31,2024,largest_shareholder
20250318001121,Y,00760971,크래프톤,보통주,이상기,친인척,259,0.00,259,0.00,-,2024-12-31,2024,largest_shareholder
20250318001121,Y,00760971,크래프톤,보통주,Charles Goodhue Cleveland,계열회사 등기임원,"58,004",0.12,"58,004",0.12,-,2024-12-31,2024,largest_shareholder
20250318001121,Y,00760971,크래프톤,보통주,Adam Maxwell McGuire,계열회사 등기임원,"58,010",0.12,"58,010",0.12,-,2024-12-31,2024,largest_shareholder
20250318001121,Y,00760971,크래프톤,보통주,Edward James Gill,계열회사 등기임원,"12,759",0.03,"12,759",0.03,-,2024-12-31,2024,largest_shareholder
20250318001121,Y,00760971,크래프톤,보통주,㈜본엔젤스벤처파트너스,계열회사,"942,375",1.95,"942,375",1.97,-,2024-12-31,2024,largest_shareholder
20250318001121,Y,00760971,크래프톤,보통주,송인애,계열회사 등기임원,"132,585",0.27,"132,585",0.28,-,2024-12-31,2024,largest_shareholder
20250318001121,Y,00760971,크래프톤,보통주,강석흔,계열회사 등기임원,"7,500",0.02,"7,500",0.02,-,2024-12-31,2024,largest_shareholder
20250318001121,Y,00760971,크래프톤,보통주,정수환,친인척,300,0.00,600,0.00,장내매수,2024-12-31,2024,largest_shareholder
20250318001121,Y,00760971,크래프톤,보통주,김창한,발행회사 등기임원,"548,455",1.13,"554,055",1.16,상여,2024-12-31,2024,largest_shareholder
20250318001121,Y,00760971,크래프톤,보통주,여은정,발행회사 등기임원,70,0.00,70,0.00,-,2024-12-31,2024,largest_shareholder
20250318001121,Y,00760971,크래프톤,보통주,김정훈,계열회사 등기임원,"843,275",1.74,"843,275",1.76,-,2024-12-31,2024,largest_shareholder
20250318001121,Y,00760971,크래프톤,보통주,류성중,계열회사 등기임원,"90,686",0.19,"90,686",0.19,-,2024-12-31,2024,largest_shareholder
20250318001121,Y,00760971,크래프톤,보통주,조두인,계열회사 등기임원,"32,990",0.07,"30,490",0.06,"주식매수선택권 행사, 장내매도",2024-12-31,2024,largest_shareholder
20250318001121,Y,00760971,크래프톤,보통주,계,,"10,181,850",21.05,"10,907,851",22.77,-,2024-12-31,2024,largest_shareholder
20250318001121,Y,00760971,크래프톤,우선주,계,,0,0.00,0,0.00,-,2024-12-31,2024,largest_shareholder
20190401003783,Y,00767460,PI첨단소재,의결권 있는주식,에스케이씨(주),최대주주 본인,"7,938,700",27.03,"7,938,700",27.03,-,2018-12-31,2018,largest_shareholder
20190401003783,Y,00767460,PI첨단소재,의결권 있는주식,코오롱인더스트리(주),최대주주 본인,"7,938,700",27.03,"7,938,700",27.03,-,2018-12-31,2018,largest_shareholder
20190401003783,Y,00767460,PI첨단소재,의결권 있는주식,최신원,최대주주의 임원,"5,500",0.02,0,0.00,장내매도,2018-12-31,2018,largest_shareholder
20190401003783,Y,00767460,PI첨단소재,의결권 있는주식,김태림,투자회사의 임원,"16,090",0.05,"20,590",0.07,장내매수,2018-12-31,2018,largest_shareholder
20190401003783,Y,00767460,PI첨단소재,의결권 있는주식,김화중,투자회사의 임원,"2,705",0.01,"2,705",0.01,-,2018-12-31,2018,largest_shareholder
20190401003783,Y,00767460,PI첨단소재,의결권 있는주식,이완재,최대주주의 임원,"2,000",0.01,"2,000",0.01,-,2018-12-31,2018,largest_shareholder
20190401003783,Y,00767460,PI첨단소재,의결권 있는주식,계,,"15,903,695",54.15,"15,902,695",54.15,-,2018-12-31,2018,largest_shareholder
20190401003783,Y,00767460,PI첨단소재,-,계,,-,-,-,-,-,2018-12-31,2018,largest_shareholder
20200330003343,Y,00767460,PI첨단소재,의결권 있는주식,에스케이씨(주),최대주주 본인,"7,938,700",27.03,"7,938,700",27.03,-,2019-12-31,2019,largest_shareholder
20200330003343,Y,00767460,PI첨단소재,의결권 있는주식,코오롱인더스트리(주),최대주주 본인,"7,938,700",27.03,"7,938,700",27.03,-,2019-12-31,2019,largest_shareholder
20200330003343,Y,00767460,PI첨단소재,의결권 있는주식,이완재,최대주주의 임원,"2,000",0.01,"2,000",0.01,-,2019-12-31,2019,largest_shareholder
20200330003343,Y,00767460,PI첨단소재,의결권 있는주식,계,,"15,879,400",54.07,"15,879,400",54.07,-,2019-12-31,2019,largest_shareholder
20200330003343,Y,00767460,PI첨단소재,-,계,,-,-,-,-,-,2019-12-31,2019,largest_shareholder
20210311000048,Y,00767460,PI첨단소재,보통주,에스케이씨(주),이전 최대주주,"7,938,700",27.03,0,0.00,-,2020-12-31,2020,largest_shareholder
20210311000048,Y,00767460,PI첨단소재,보통주,코오롱인더스트리(주),이전 최대주주,"7,938,700",27.03,0,0.00,-,2020-12-31,2020,largest_shareholder
20210311000048,Y,00767460,PI첨단소재,보통주,(주)코리아피아이홀딩스,최대주주 본인,0,0.00,"15,877,400",54.07,-,2020-12-31,2020,largest_shareholder
20210311000048,Y,00767460,PI첨단소재,보통주,계,,"15,877,400",54.07,"15,877,400",54.07,-,2020-12-31,2020,largest_shareholder
20210311000048,Y,00767460,PI첨단소재,우선주,계,,-,-,-,-,-,2020-12-31,2020,largest_shareholder
20220316000360,Y,00767460,PI첨단소재,보통주,(주)코리아피아이홀딩스,최대주주 본인,"15,877,400",54.07,"15,877,400",54.07,-,2021-12-31,2021,largest_shareholder
20220316000360,Y,00767460,PI첨단소재,보통주,김태림,발행회사 임원,"23,390",0.08,"23,390",0.08,-,2021-12-31,2021,largest_shareholder
20220316000360,Y,00767460,PI첨단소재,보통주,계,,"15,900,790",54.15,"15,900,790",54.15,-,2021-12-31,2021,largest_shareholder
20220316000360,Y,00767460,PI첨단소재,우선주,계,,-,-,-,-,-,2021-12-31,2021,largest_shareholder
20230315000084,Y,00767460,PI첨단소재,보통주,(주)코리아피아이홀딩스,최대주주 본인,"15,877,400",54.07,"15,877,400",54.07,-,2022-12-31,2022,largest_shareholder
20230315000084,Y,00767460,PI첨단소재,보통주,김태림,발행회사 임원,"24,390",0.08,"24,390",0.08,-,2022-12-31,2022,largest_shareholder
20230315000084,Y,00767460,PI첨단소재,보통주,계,,"15,901,790",54.15,"15,901,790",54.15,-,2022-12-31,2022,largest_shareholder
20230315000084,Y,00767460,PI첨단소재,우선주,계,,-,-,-,-,-,2022-12-31,2022,largest_shareholder
20240312000215,Y,00767460,PI첨단소재,보통주,(주)아케마코리아홀딩,최대주주 본인,"15,877,400",54.07,"15,877,400",54.07,-,2023-12-31,2023,largest_shareholder
20240312000215,Y,00767460,PI첨단소재,보통주,송금수,발행회사 임원,"21,254",0.07,"21,254",0.07,-,2023-12-31,2023,largest_shareholder
20240312000215,Y,00767460,PI첨단소재,보통주,계,,"15,898,654",51.14,"15,898,654",51.14,-,2023-12-31,2023,largest_shareholder
20240312000215,Y,00767460,PI첨단소재,우선주,계,,-,-,-,-,-,2023-12-31,2023,largest_shareholder
20250313000132,Y,00767460,PI첨단소재,보통주,(주)아케마코리아홀딩,최대주주 본인,"15,877,400",54.07,"15,877,400",54.07,-,2024-12-31,2024,largest_shareholder
20250313000132,Y,00767460,PI첨단소재,보통주,송금수,발행회사 임원,"32,254",0.11,"32,254",0.11,-,2024-12-31,2024,largest_shareholder
20250313000132,Y,00767460,PI첨단소재,보통주,계,,"15,909,654",54.18,"15,909,654",54.18,-,2024-12-31,2024,largest_shareholder
20250313000132,Y,00767460,PI첨단소재,우선주,계,,-,-,-,-,-,2024-12-31,2024,largest_shareholder
20210514001634,Y,00854997,에스디바이오센서,보통주,조영식,최대주주 본인,"3,641,071",35.10,"32,589,639",34.90,양수도 및 무상증자,2020-12-31,2020,largest_shareholder
20210514001634,Y,00854997,에스디바이오센서,보통주,이노센스 주식회사,관계회사,"865,595",8.30,"7,790,355",8.30,무상증자,2020-12-31,2020,largest_shareholder
20210514001634,Y,00854997,에스디바이오센서,보통주,이랩 주식회사,관계회사,"1,050",0.00,"9,450",0.00,무상증자,2020-12-31,2020,largest_shareholder
20210514001634,Y,00854997,에스디바이오센서,보통주,이효근,등기임원,"500,221",4.80,"4,501,989",4.80,무상증자,2020-12-31,2020,largest_shareholder
20210514001634,Y,00854997,에스디바이오센서,보통주,공병상,등기임원,"39,900",0.40,"359,100",0.40,무상증자,2020-12-31,2020,largest_shareholder
20210514001634,Y,00854997,에스디바이오센서,보통주,허태영,등기임원,"24,500",0.20,"258,435",0.30,양수도 및 무상증자,2020-12-31,2020,largest_shareholder
20210514001634,Y,00854997,에스디바이오센서,보통주,조병기,관계회사 등기임원,"24,500",0.20,"220,500",0.20,무상증자,2020-12-31,2020,largest_shareholder
20210514001634,Y,00854997,에스디바이오센서,보통주,김선애,관계회사 등기임원,"11,900",0.10,"107,100",0.10,무상증자,2020-12-31,2020,largest_shareholder
20210514001634,Y,00854997,에스디바이오센서,보통주,김영민,관계회사 등기임원,"9,800",0.09,"88,200",0.10,무상증자,2020-12-31,2020,largest_shareholder
20210514001634,Y,00854997,에스디바이오센서,보통주,김정호,관계회사 등기임원,"3,500",0.00,"31,500",0.00,무상증자,2020-12-31,2020,largest_shareholder
20210514001634,Y,00854997,에스디바이오센서,보통주,에스디바이오센서㈜,자기주식,959,0.00,137,0.00,자기주식 소각,2020-12-31,2020,largest_shareholder
20210514001634,Y,00854997,에스디바이오센서,보통주,나윤경,친인척,"24,500",0.20,"220,500",0.20,무상증자,2020-12-31,2020,largest_shareholder
20210514001634,Y,00854997,에스디바이오센서,보통주,조혜임,친인척,"9,800",0.10,"126,135",0.10,양수도 및 무상증자,2020-12-31,2020,largest_shareholder
20210514001634,Y,00854997,에스디바이오센서,보통주,강승민,친인척,"10,500",0.10,"94,500",0.10,무상증자,2020-12-31,2020,largest_shareholder
20210514001634,Y,00854997,에스디바이오센서,보통주,김성호,친인척,0,0.00,"90,000",0.10,양수도,2020-12-31,2020,largest_shareholder
20210514001634,Y,00854997,에스디바이오센서,보통주,조용호,친인척,"6,927",0.10,"46,764",0.10,양수도 및 무상증자,2020-12-31,2020,largest_shareholder
20210514001634,Y,00854997,에스디바이오센서,보통주,성주환,친인척,"4,900",0.00,"44,100",0.00,무상증자,2020-12-31,2020,largest_shareholder
20210514001634,Y,00854997,에스디바이오센서,보통주,권오찬,친인척,"3,500",0.00,"31,500",0.00,무상증자,2020-12-31,2020,largest_shareholder
20210514001634,Y,00854997,에스디바이오센서,보통주,주식회사 바이오노트,관계회사,"2,738,781",26.40,"24,649,029",26.40,무상증자,2020-12-31,2020,largest_shareholder
20210514001634,Y,00854997,에스디바이오센서,보통주,계,,"7,921,904",76.39,"71,258,933",76.36,-,2020-12-31,2020,largest_shareholder
20210514001634,Y,00854997,에스디바이오센서,우선주,계,,-,-,-,-,-,2020-12-31,2020,largest_shareholder
20250822000031,Y,00854997,에스디바이오센서,보통주,조영식,최대주주 본인,"32,589,639",34.90,"32,589,639",31.56,-,2021-12-31,2021,largest_shareholder
20250822000031,Y,00854997,에스디바이오센서,보통주,"에스디비인베스트먼트
주식회사 
(*2)",관계회사,"7,790,355",8.30,"3,181,555",3.08,-,2021-12-31,2021,largest_shareholder
20250822000031,Y,00854997,에스디바이오센서,보통주,이랩 주식회사,관계회사,"9,450",0.00,"9,450",0.00,-,2021-12-31,2021,largest_shareholder
20250822000031,Y,00854997,에스디바이오센서,보통주,이효근,등기임원,"4,501,989",4.80,"4,501,989",4.40,-,2021-12-31,2021,largest_shareholder
20250822000031,Y,00854997,에스디바이오센서,보통주,공병상,등기임원,"359,100",0.40,"359,100",0.40,-,2021-12-31,2021,largest_shareholder
20250822000031,Y,00854997,에스디바이오센서,보통주,허태영,등기임원,"258,435",0.30,"258,435",0.30,-,2021-12-31,2021,largest_shareholder
20250822000031,Y,00854997,에스디바이오센서,보통주,조병기,관계회사 등기임원,"220,500",0.20,"220,500",0.20,-,2021-12-31,2021,largest_shareholder
20250822000031,Y,00854997,에스디바이오센서,보통주,김선애,관계회사 등기임원,"107,100",0.10,"107,100",0.10,-,2021-12-31,2021,largest_shareholder
20250822000031,Y,00854997,에스디바이오센서,보통주,김영민,관계회사 등기임원,"88,200",0.10,"88,200",0.10,-,2021-12-31,2021,largest_shareholder
20250822000031,Y,00854997,에스디바이오센서,보통주,김정호,관계회사 등기임원,"31,500",0.00,"31,500",0.00,-,2021-12-31,2021,largest_shareholder
20250822000031,Y,00854997,에스디바이오센서,보통주,나윤경,친인척,"220,500",0.20,"220,500",0.20,-,2021-12-31,2021,largest_shareholder
20250822000031,Y,00854997,에스디바이오센서,보통주,조혜임,친인척,"126,135",0.10,"126,135",0.10,-,2021-12-31,2021,largest_shareholder
20250822000031,Y,00854997,에스디바이오센서,보통주,강승민,친인척,"94,500",0.10,"94,500",0.10,-,2021-12-31,2021,largest_shareholder
20250822000031,Y,00854997,에스디바이오센서,보통주,김성호,친인척,"90,000",0.10,"90,000",0.10,-,2021-12-31,2021,largest_shareholder
20250822000031,Y,00854997,에스디바이오센서,보통주,조용호,친인척,"46,764",0.10,"46,764",0.10,-,2021-12-31,2021,largest_shareholder
20250822000031,Y,00854997,에스디바이오센서,보통주,성주환,친인척,"44,100",0.00,"44,100",0.00,-,2021-12-31,2021,largest_shareholder
20250822000031,Y,00854997,에스디바이오센서,보통주,권오찬,친인척,"31,500",0.00,"31,500",0.00,-,2021-12-31,2021,largest_shareholder
20250822000031,Y,00854997,에스디바이오센서,보통주,주식회사 바이오노트,관계회사,"24,649,029",26.40,"24,649,029",23.90,-,2021-12-31,2021,largest_shareholder
20250822000031,Y,00854997,에스디바이오센서,보통주,계,,"71,258,796",76.40,"66,649,996",64.54,-,2021-12-31,2021,largest_shareholder
20250822000031,Y,00854997,에스디바이오센서,-,계,,-,-,-,-,-,2021-12-31,2021,largest_shareholder
20250822000225,Y,00854997,에스디바이오센서,보통주,조영식,최대주주 본인,"32,589,639",31.60,"32,589,639",31.20,-,2022-12-31,2022,largest_shareholder
20250822000225,Y,00854997,에스디바이오센서,보통주,주식회사 바이오노트,관계회사,"24,649,029",23.90,"24,649,029",23.60,-,2022-12-31,2022,largest_shareholder
20250822000225,Y,00854997,에스디바이오센서,보통주,"에스디비인베스트먼트
주식회사",관계회사,"3,181,555",3.10,"3,181,555",3.00,-,2022-12-31,2022,largest_shareholder
20250822000225,Y,00854997,에스디바이오센서,보통주,이랩 주식회사,관계회사,"9,450",0.00,0,0.00,-,2022-12-31,2022,largest_shareholder
20250822000225,Y,00854997,에스디바이오센서,보통주,이효근,등기임원,"4,501,989",4.40,"4,501,989",4.30,-,2022-12-31,2022,largest_shareholder
20250822000225,Y,00854997,에스디바이오센서,보통주,허태영,등기임원,"258,435",0.30,"483,435",0.50,-,2022-12-31,2022,largest_shareholder
20250822000225,Y,00854997,에스디바이오센서,보통주,공병상,등기임원,"359,100",0.30,0,0.00,주1),2022-12-31,2022,largest_shareholder
20250822000225,Y,00854997,에스디바이오센서,보통주,최성환,등기임원,0,0.00,"1,000",0.00,-,2022-12-31,2022,largest_shareholder
20250822000225,Y,00854997,에스디바이오센서,보통주,조병기,관계회사 등기임원,"220,500",0.20,"220,500",0.20,-,2022-12-31,2022,largest_shareholder
20250822000225,Y,00854997,에스디바이오센서,보통주,김선애,관계회사 등기임원,"107,100",0.10,"41,500",0.00,-,2022-12-31,2022,largest_shareholder
20250822000225,Y,00854997,에스디바이오센서,보통주,김영민,관계회사 등기임원,"88,200",0.10,"88,200",0.10,-,2022-12-31,2022,largest_shareholder
20250822000225,Y,00854997,에스디바이오센서,보통주,나윤경,친인척,"220,500",0.20,"120,000",0.10,-,2022-12-31,2022,largest_shareholder
20250822000225,Y,00854997,에스디바이오센서,보통주,김정호,관계회사 등기임원,"31,500",0.00,"2,100",0.00,-,2022-12-31,2022,largest_shareholder
20250822000225,Y,00854997,에스디바이오센서,보통주,조혜임,친인척,"126,135",0.10,"126,135",0.10,-,2022-12-31,2022,largest_shareholder
20250822000225,Y,00854997,에스디바이오센서,보통주,강승민,친인척,"94,500",0.10,0,0.00,-,2022-12-31,2022,largest_shareholder
20250822000225,Y,00854997,에스디바이오센서,보통주,김성호,친인척,"90,000",0.10,"45,000",0.00,-,2022-12-31,2022,largest_shareholder
20250822000225,Y,00854997,에스디바이오센서,보통주,조용호,친인척,"46,764",0.00,"46,764",0.00,-,2022-12-31,2022,largest_shareholder
20250822000225,Y,00854997,에스디바이오센서,보통주,성주환,친인척,"44,100",0.00,"26,100",0.00,-,2022-12-31,2022,largest_shareholder
20250822000225,Y,00854997,에스디바이오센서,보통주,권오찬,친인척,"31,500",0.00,"10,400",0.00,-,2022-12-31,2022,largest_shareholder
20250822000225,Y,00854997,에스디바이오센서,보통주,장혜영,친인척,0,0.00,"18,000",0.00,-,2022-12-31,2022,largest_shareholder
20250822000225,Y,00854997,에스디바이오센서,보통주,계,,"66,649,996",64.50,"66,151,346",63.40,-,2022-12-31,2022,largest_shareholder
20250822000225,Y,00854997,에스디바이오센서,-,계,,-,-,-,-,-,2022-12-31,2022,largest_shareholder
20250822000247,Y,00854997,에스디바이오센서,보통주,조영식,최대주주 본인,"32,589,639",31.20,"32,589,639",26.19,-,2023-12-31,2023,largest_shareholder
20250822000247,Y,00854997,에스디바이오센서,보통주,"에스디비인베스트먼트
주식회사",관계회사,"3,181,555",3.00,"3,181,555",2.56,-,2023-12-31,2023,largest_shareholder
20250822000247,Y,00854997,에스디바이오센서,보통주,이효근,등기임원,"4,501,989",4.30,"4,501,989",3.62,-,2023-12-31,2023,largest_shareholder
20250822000247,Y,00854997,에스디바이오센서,보통주,허태영,등기임원,"483,435",0.50,"396,935",0.32,-,2023-12-31,2023,largest_shareholder
20250822000247,Y,00854997,에스디바이오센서,보통주,최성환,등기임원,"1,000",0.00,"1,000",0.00,-,2023-12-31,2023,largest_shareholder
20250822000247,Y,00854997,에스디바이오센서,보통주,조병기,관계회사 등기임원,"220,500",0.20,"220,500",0.18,-,2023-12-31,2023,largest_shareholder
20250822000247,Y,00854997,에스디바이오센서,보통주,김영민,관계회사 등기임원,"88,200",0.10,"88,200",0.08,-,2023-12-31,2023,largest_shareholder
20250822000247,Y,00854997,에스디바이오센서,보통주,김정호,관계회사 등기임원,"2,100",0.00,"2,100",0.00,-,2023-12-31,2023,largest_shareholder
20250822000247,Y,00854997,에스디바이오센서,보통주,송근국,관계회사 등기임원,"344,000",0.30,"344,000",0.28,-,2023-12-31,2023,largest_shareholder
20250822000247,Y,00854997,에스디바이오센서,보통주,나윤경,친인척,"120,000",0.10,"120,000",0.12,-,2023-12-31,2023,largest_shareholder
20250822000247,Y,00854997,에스디바이오센서,보통주,조혜임,친인척,"126,135",0.10,"126,135",0.10,-,2023-12-31,2023,largest_shareholder
20250822000247,Y,00854997,에스디바이오센서,보통주,김성호,친인척,"45,000",0.00,"45,000",0.04,-,2023-12-31,2023,largest_shareholder
20250822000247,Y,00854997,에스디바이오센서,보통주,조용호,친인척,"46,764",0.00,"46,764",0.04,-,2023-12-31,2023,largest_shareholder
20250822000247,Y,00854997,에스디바이오센서,보통주,성주환,친인척,"26,100",0.00,"26,100",0.02,-,2023-12-31,2023,largest_shareholder
20250822000247,Y,00854997,에스디바이오센서,보통주,권오찬,친인척,"10,400",0.00,0,0.00,-,2023-12-31,2023,largest_shareholder
20250822000247,Y,00854997,에스디바이오센서,보통주,장혜영,친인척,"18,000",0.00,"18,000",0.01,-,2023-12-31,2023,largest_shareholder
20250822000247,Y,00854997,에스디바이오센서,보통주,주식회사 바이오노트,관계회사,"24,649,029",23.60,"45,427,519",36.49,-,2023-12-31,2023,largest_shareholder
20250822000247,Y,00854997,에스디바이오센서,보통주,계,,"66,453,846",63.60,"87,135,436",70.00,-,2023-12-31,2023,largest_shareholder
20250822000247,Y,00854997,에스디바이오센서,-,계,,-,-,-,-,-,2023-12-31,2023,largest_shareholder
20250822000274,Y,00854997,에스디바이오센서,보통주,조영식,최대주주 본인,"32,589,639",26.19,"32,589,639",26.18,-,2024-12-31,2024,largest_shareholder
20250822000274,Y,00854997,에스디바이오센서,보통주,이효근,등기임원,"4,501,989",3.62,"4,201,989",3.38,증여,2024-12-31,2024,largest_shareholder
20250822000274,Y,00854997,에스디바이오센서,보통주,허태영,등기임원,"396,935",0.32,"396,935",0.32,-,2024-12-31,2024,largest_shareholder
20250822000274,Y,00854997,에스디바이오센서,보통주,최성환,등기임원,"1,000",0.00,"1,000",0.00,-,2024-12-31,2024,largest_shareholder
20250822000274,Y,00854997,에스디바이오센서,보통주,조병기,관계회사 등기임원,"220,500",0.18,"150,000",0.12,증여 및 장내매매,2024-12-31,2024,largest_shareholder
20250822000274,Y,00854997,에스디바이오센서,보통주,김영민,관계회사 등기임원,"88,200",0.08,"88,200",0.07,-,2024-12-31,2024,largest_shareholder
20250822000274,Y,00854997,에스디바이오센서,보통주,김정호,관계회사 등기임원,"2,100",0.00,"1,800",0.00,장내매매,2024-12-31,2024,largest_shareholder
20250822000274,Y,00854997,에스디바이오센서,보통주,송근국,관계회사 등기임원,"344,000",0.28,"344,000",0.28,-,2024-12-31,2024,largest_shareholder
20250822000274,Y,00854997,에스디바이오센서,보통주,윤석두,관계회사 등기임원,0,0.00,"293,620",0.24,특수관계인 추가,2024-12-31,2024,largest_shareholder
20250822000274,Y,00854997,에스디바이오센서,보통주,조창선,관계회사 등기임원,0,0.00,"15,828",0.01,특수관계인 추가,2024-12-31,2024,largest_shareholder
20250822000274,Y,00854997,에스디바이오센서,보통주,양기혁,관계회사 등기임원,0,0.00,"15,100",0.01,특수관계인 추가,2024-12-31,2024,largest_shareholder
20250822000274,Y,00854997,에스디바이오센서,보통주,나윤경,친인척,"120,000",0.12,"120,000",0.10,-,2024-12-31,2024,largest_shareholder
20250822000274,Y,00854997,에스디바이오센서,보통주,이승용,관계회사 등기임원,0,0.00,"74,799",0.06,특수관계인 추가,2024-12-31,2024,largest_shareholder
20250822000274,Y,00854997,에스디바이오센서,보통주,조혜임,친인척,"126,135",0.10,"126,135",0.10,-,2024-12-31,2024,largest_shareholder
20250822000274,Y,00854997,에스디바이오센서,보통주,김성호,친인척,"45,000",0.04,"45,000",0.04,-,2024-12-31,2024,largest_shareholder
20250822000274,Y,00854997,에스디바이오센서,보통주,조용호,친인척,"46,764",0.04,"46,764",0.04,-,2024-12-31,2024,largest_shareholder
20250822000274,Y,00854997,에스디바이오센서,보통주,성주환,친인척,"26,100",0.02,"26,100",0.02,-,2024-12-31,2024,largest_shareholder
20250822000274,Y,00854997,에스디바이오센서,보통주,장혜영,친인척,"18,000",0.01,"18,000",0.01,-,2024-12-31,2024,largest_shareholder
20250822000274,Y,00854997,에스디바이오센서,보통주,주식회사 바이오노트,관계회사,"45,427,519",36.49,"45,427,519",36.49,-,2024-12-31,2024,largest_shareholder
20250822000274,Y,00854997,에스디바이오센서,보통주,"에스디비인베스트먼트
주식회사",관계회사,"3,181,555",2.56,"3,181,555",2.56,-,2024-12-31,2024,largest_shareholder
20250822000274,Y,00854997,에스디바이오센서,보통주,계,,"87,135,436",70.00,"87,136,983",70.02,-,2024-12-31,2024,largest_shareholder
20250822000274,Y,00854997,에스디바이오센서,-,계,,-,-,-,-,-,2024-12-31,2024,largest_shareholder
20190329000274,Y,00564562,엠씨넥스,보통주,민동욱,본인,"2,800,000",25.37,"4,320,000",25.08,"장내매수,무상증자",2018-12-31,2018,largest_shareholder
20190329000274,Y,00564562,엠씨넥스,보통주,최선희,배우자,"216,000",1.96,"390,900",2.27,"장내매수,무상증자",2018-12-31,2018,largest_shareholder
20190329000274,Y,00564562,엠씨넥스,보통주,민성희,자녀,"12,636",0.11,"19,680",0.11,"장내매수,무상증자",2018-12-31,2018,largest_shareholder
20190329000274,Y,00564562,엠씨넥스,보통주,민혜성,자녀,"12,277",0.11,"19,065",0.11,"장내매수,무상증자",2018-12-31,2018,largest_shareholder
20190329000274,Y,00564562,엠씨넥스,보통주,계,,"3,040,913",27.55,"4,749,645",27.57,-,2018-12-31,2018,largest_shareholder
20190329000274,Y,00564562,엠씨넥스,-,계,,-,-,-,-,-,2018-12-31,2018,largest_shareholder
20200330004648,Y,00564562,엠씨넥스,보통주,민동욱,본인,"4,320,000",25.08,"4,400,000",24.63,장내매수,2019-12-31,2019,largest_shareholder
20200330004648,Y,00564562,엠씨넥스,보통주,최선희,배우자,"390,900",2.27,"430,000",2.41,장내매수,2019-12-31,2019,largest_shareholder
20200330004648,Y,00564562,엠씨넥스,보통주,민성희,자녀,"19,680",0.11,"44,700",0.25,장내매수,2019-12-31,2019,largest_shareholder
20200330004648,Y,00564562,엠씨넥스,보통주,민혜성,자녀,"19,065",0.11,"46,000",0.26,장내매수,2019-12-31,2019,largest_shareholder
20200330004648,Y,00564562,엠씨넥스,보통주,계,,"4,749,645",27.57,"4,920,700",27.55,-,2019-12-31,2019,largest_shareholder
20200330004648,Y,00564562,엠씨넥스,-,계,,-,-,-,-,-,2019-12-31,2019,largest_shareholder
20210315000830,Y,00564562,엠씨넥스,보통주,민동욱,본인,"4,400,000",24.63,"4,470,000",25.02,장내매수,2020-12-31,2020,largest_shareholder
20210315000830,Y,00564562,엠씨넥스,보통주,최선희,배우자,"430,000",2.41,"439,080",2.46,장내매수,2020-12-31,2020,largest_shareholder
20210315000830,Y,00564562,엠씨넥스,보통주,민성희,자녀,"46,000",0.25,"46,160",0.26,장내매수,2020-12-31,2020,largest_shareholder
20210315000830,Y,00564562,엠씨넥스,보통주,민혜성,자녀,"44,700",0.25,"44,760",0.25,장내매수,2020-12-31,2020,largest_shareholder
20210315000830,Y,00564562,엠씨넥스,보통주,계,,"4,920,700",27.54,"5,000,000",27.99,-,2020-12-31,2020,largest_shareholder
20210315000830,Y,00564562,엠씨넥스,-,계,,-,-,-,-,-,2020-12-31,2020,largest_shareholder
20220315000841,Y,00564562,엠씨넥스,보통주,민동욱,본인,"4,470,000",25.02,"4,500,000",25.04,장내매수,2021-12-31,2021,largest_shareholder
20220315000841,Y,00564562,엠씨넥스,보통주,최선희,배우자,"439,080",2.46,"440,000",2.45,장내매수,2021-12-31,2021,largest_shareholder
20220315000841,Y,00564562,엠씨넥스,보통주,민성희,자녀,"46,160",0.26,"47,100",0.26,장내매수,2021-12-31,2021,largest_shareholder
20220315000841,Y,00564562,엠씨넥스,보통주,민혜성,자녀,"44,760",0.25,"45,000",0.25,장내매수,2021-12-31,2021,largest_shareholder
20220315000841,Y,00564562,엠씨넥스,보통주,계,,"5,000,000",27.99,"5,032,100",28.00,-,2021-12-31,2021,largest_shareholder
20220315000841,Y,00564562,엠씨넥스,-,계,,-,-,-,-,-,2021-12-31,2021,largest_shareholder
20230314000700,Y,00564562,엠씨넥스,보통주,민동욱,본인,"4,500,000",25.04,"4,530,000",25.20,장내매수,2022-12-31,2022,largest_shareholder
20230314000700,Y,00564562,엠씨넥스,보통주,최선희,배우자,"440,000",2.45,"440,200",2.45,장내매수,2022-12-31,2022,largest_shareholder
20230314000700,Y,00564562,엠씨넥스,보통주,민성희,자녀,"47,100",0.26,"47,260",0.26,장내매수,2022-12-31,2022,largest_shareholder
20230314000700,Y,00564562,엠씨넥스,보통주,민혜성,자녀,"45,000",0.25,"45,100",0.25,장내매수,2022-12-31,2022,largest_shareholder
20230314000700,Y,00564562,엠씨넥스,보통주,계,,"5,032,100",28.00,"5,062,560",28.16,-,2022-12-31,2022,largest_shareholder
20230314000700,Y,00564562,엠씨넥스,-,계,,-,-,-,-,-,2022-12-31,2022,largest_shareholder
20240318000671,Y,00564562,엠씨넥스,보통주,민동욱,본인,"4,530,000",25.20,"4,550,000",25.31,-,2023-12-31,2023,largest_shareholder
20240318000671,Y,00564562,엠씨넥스,보통주,최선희,배우자,"440,200",2.45,"440,200",2.45,-,2023-12-31,2023,largest_shareholder
20240318000671,Y,00564562,엠씨넥스,보통주,민성희,자녀,"47,260",0.26,"47,260",0.26,-,2023-12-31,2023,largest_shareholder
20240318000671,Y,00564562,엠씨넥스,보통주,민혜성,자녀,"45,100",0.25,"45,100",0.25,-,2023-12-31,2023,largest_shareholder
20240318000671,Y,00564562,엠씨넥스,보통주,계,,"5,062,560",28.16,"5,082,560",28.27,-,2023-12-31,2023,largest_shareholder
20240318000671,Y,00564562,엠씨넥스,-,계,,-,-,-,-,-,2023-12-31,2023,largest_shareholder
20250318001032,Y,00564562,엠씨넥스,보통주,민동욱,본인,"4,550,000",25.31,"4,661,000",25.93,-,2024-12-31,2024,largest_shareholder
20250318001032,Y,00564562,엠씨넥스,보통주,최선희,배우자,"440,200",2.45,"442,200",2.46,-,2024-12-31,2024,largest_shareholder
20250318001032,Y,00564562,엠씨넥스,보통주,민성희,자녀,"47,260",0.26,"48,025",0.27,-,2024-12-31,2024,largest_shareholder
20250318001032,Y,00564562,엠씨넥스,보통주,민혜성,자녀,"45,100",0.25,"45,270",0.25,-,2024-12-31,2024,largest_shareholder
20250318001032,Y,00564562,엠씨넥스,보통주,계,,"5,082,560",28.27,"5,196,495",28.91,-,2024-12-31,2024,largest_shareholder
20250318001032,Y,00564562,엠씨넥스,-,계,,-,-,-,-,-,2024-12-31,2024,largest_shareholder
