corp_code,corp_name,stock_code,corp_cls,report_nm,rcept_no,flr_nm,rcept_dt,rm,query_year,year,CorrectionDummy_filing
00139834,LG씨엔에스,064400,Y,[기재정정]사업보고서 (2021.12),20220405002309,LG씨엔에스,20220405,연,2022,2022,1
00171265,파라다이스,034230,Y,[기재정정]사업보고서 (2020.12),20210419000082,파라다이스,20210419,연,2021,2021,1
01190568,에이피알,278470,Y,[기재정정]사업보고서 (2017.12),20180528000239,에이피알,20180528,정,2018,2018,1
01190568,에이피알,278470,Y,[기재정정]사업보고서 (2017.12),20180417000178,에이피알,20180417,정,2018,2018,1
01190568,에이피알,278470,Y,[기재정정]사업보고서 (2018.12),20191114002071,에이피알,20191114,정,2019,2019,1
01190568,에이피알,278470,Y,[기재정정]사업보고서 (2017.12),20191114001781,에이피알,20191114,정,2019,2019,1
01190568,에이피알,278470,Y,[기재정정]사업보고서 (2018.12),20190528000207,에이피알,20190528,정,2019,2019,1
01190568,에이피알,278470,Y,[기재정정]사업보고서 (2019.12),20200924000296,에이피알,20200924,연,2020,2020,1
01190568,에이피알,278470,Y,[기재정정]사업보고서 (2018.12),20200924000286,에이피알,20200924,,2020,2020,1
01190568,에이피알,278470,Y,[기재정정]사업보고서 (2017.12),20200924000275,에이피알,20200924,,2020,2020,1
01190568,에이피알,278470,Y,[기재정정]사업보고서 (2019.12),20200814001681,에이피알,20200814,정연,2020,2020,1
01190568,에이피알,278470,Y,[기재정정]사업보고서 (2018.12),20200814001663,에이피알,20200814,정,2020,2020,1
00398701,엘앤에프,066970,Y,[기재정정]사업보고서 (2022.12),20230828000596,엘앤에프,20230828,연,2023,2023,1
00398701,엘앤에프,066970,Y,[기재정정]사업보고서 (2023.12),20240328001260,엘앤에프,20240328,연,2024,2024,1
00155212,포스코DX,022100,Y,[기재정정]사업보고서 (2017.12),20180622000112,포스코DX,20180622,연,2018,2018,1
00155212,포스코DX,022100,Y,[기재정정]사업보고서 (2021.12),20220504000292,포스코DX,20220504,연,2022,2022,1
00155212,포스코DX,022100,Y,[기재정정]사업보고서 (2023.12),20240618000197,포스코DX,20240618,연,2024,2024,1
00155212,포스코DX,022100,Y,[기재정정]사업보고서 (2023.12),20240313001522,포스코DX,20240313,정연,2024,2024,1
01311408,에코프로머티,450080,Y,[기재정정]사업보고서 (2023.12),20240417000528,에코프로머티,20240417,,2024,2024,1
01770203,조선내화,462520,Y,[기재정정]사업보고서 (2023.12),20240315000658,조선내화,20240315,연,2024,2024,1
00447609,비에이치,090460,Y,[기재정정]사업보고서 (2017.12),20180511003145,비에이치,20180511,연,2018,2018,1
00447609,비에이치,090460,Y,[기재정정]사업보고서 (2017.12),20180511002642,비에이치,20180511,정연,2018,2018,1
00447609,비에이치,090460,Y,[기재정정]사업보고서 (2018.12),20190620000077,비에이치,20190620,연,2019,2019,1
00447609,비에이치,090460,Y,[기재정정]사업보고서 (2020.12),20210331002350,비에이치,20210331,연,2021,2021,1
00447609,비에이치,090460,Y,[기재정정]사업보고서 (2020.12),20210322000225,비에이치,20210322,정연,2021,2021,1
01762569,이수스페셜티케미컬,457190,Y,[기재정정]사업보고서 (2023.12),20240411004116,이수스페셜티케미컬,20240411,,2024,2024,1
00480367,SK오션플랜트,100090,Y,[기재정정]사업보고서 (2017.12),20180330002750,SK오션플랜트,20180330,연,2018,2018,1
00480367,SK오션플랜트,100090,Y,[기재정정]사업보고서 (2022.12),20230831000707,SK오션플랜트,20230831,연,2023,2023,1
00622787,바이오노트,377740,Y,[기재정정]사업보고서 (2023.12),20240322000144,바이오노트,20240322,연,2024,2024,1
00622787,바이오노트,377740,Y,[기재정정]사업보고서 (2023.12),20240320002051,바이오노트,20240320,정연,2024,2024,1
01323032,케이카,381970,Y,[기재정정]사업보고서 (2022.12),20230407002574,케이카,20230407,,2023,2023,1
01323032,케이카,381970,Y,[기재정정]사업보고서 (2023.12),20240424000584,케이카,20240424,,2024,2024,1
00972503,일진하이솔루스,271940,Y,[기재정정]사업보고서 (2022.12),20230315001068,일진하이솔루스,20230315,,2023,2023,1
00545716,롯데렌탈,089860,Y,[기재정정]사업보고서 (2017.12),20180404002530,롯데렌탈,20180404,연,2018,2018,1
00545716,롯데렌탈,089860,Y,[기재정정]사업보고서 (2018.12),20190401003474,롯데렌탈,20190401,정연,2019,2019,1
00545716,롯데렌탈,089860,Y,[기재정정]사업보고서 (2020.12),20210707000505,롯데렌탈,20210707,연,2021,2021,1
00545716,롯데렌탈,089860,Y,[기재정정]사업보고서 (2019.12),20210707000485,롯데렌탈,20210707,연,2021,2021,1
00545716,롯데렌탈,089860,Y,[기재정정]사업보고서 (2018.12),20210707000453,롯데렌탈,20210707,연,2021,2021,1
00545716,롯데렌탈,089860,Y,[기재정정]사업보고서 (2021.12),20220812000791,롯데렌탈,20220812,연,2022,2022,1
00545716,롯데렌탈,089860,Y,[기재정정]사업보고서 (2022.12),20230424000485,롯데렌탈,20230424,연,2023,2023,1
00760971,크래프톤,259960,Y,[기재정정]사업보고서 (2017.12),20180816000192,크래프톤,20180816,정,2018,2018,1
00760971,크래프톤,259960,Y,[기재정정]사업보고서 (2017.12),20180622000525,크래프톤,20180622,정,2018,2018,1
00760971,크래프톤,259960,Y,[기재정정]사업보고서 (2018.12),20191107000375,크래프톤,20191107,정연,2019,2019,1
00760971,크래프톤,259960,Y,[기재정정]사업보고서 (2018.12),20190515002199,크래프톤,20190515,정연,2019,2019,1
00760971,크래프톤,259960,Y,[기재정정]사업보고서 (2017.12),20190515001971,크래프톤,20190515,정,2019,2019,1
00760971,크래프톤,259960,Y,[기재정정]사업보고서 (2016.12),20190515001773,크래프톤,20190515,정연,2019,2019,1
00760971,크래프톤,259960,Y,[기재정정]사업보고서 (2018.12),20190401005084,크래프톤,20190401,정연,2019,2019,1
00760971,크래프톤,259960,Y,[기재정정]사업보고서 (2017.12),20190125000554,크래프톤,20190125,정,2019,2019,1
00760971,크래프톤,259960,Y,[기재정정]사업보고서 (2016.12),20190125000518,크래프톤,20190125,정연,2019,2019,1
00760971,크래프톤,259960,Y,[기재정정]사업보고서 (2018.12),20200330003881,크래프톤,20200330,연,2020,2020,1
00760971,크래프톤,259960,Y,[기재정정]사업보고서 (2017.12),20200330003644,크래프톤,20200330,,2020,2020,1
00760971,크래프톤,259960,Y,[기재정정]사업보고서 (2016.12),20200330003370,크래프톤,20200330,연,2020,2020,1
00854997,에스디바이오센서,137310,Y,[기재정정]사업보고서 (2020.12),20210514001634,에스디바이오센서,20210514,연,2021,2021,1
00854997,에스디바이오센서,137310,Y,[기재정정]사업보고서 (2022.12),20230515000371,에스디바이오센서,20230515,정연,2023,2023,1
01568413,F&F,383220,Y,[기재정정]사업보고서 (2022.12),20230831001367,F&F,20230831,연,2023,2023,1
01386916,SK아이이테크놀로지,361610,Y,[기재정정]사업보고서 (2022.12),20230814002466,SK아이이테크놀로지,20230814,연,2023,2023,1
01319899,SK바이오사이언스,302440,Y,[기재정정]사업보고서 (2019.12),20201127001236,SK바이오사이언스,20201127,,2020,2020,1
01510489,프레스티지바이오파마,950210,Y,[기재정정]사업보고서 (2023.06),20231129001041,프레스티지바이오파마,20231129,연,2023,2023,1
01159233,솔루엠,248070,Y,[기재정정]사업보고서 (2019.12),20201208000451,솔루엠,20201208,연,2020,2020,1
01159233,솔루엠,248070,Y,[기재정정]사업보고서 (2019.12),20200904000075,솔루엠,20200904,정연,2020,2020,1
01159233,솔루엠,248070,Y,[기재정정]사업보고서 (2019.12),20200814002594,솔루엠,20200814,정연,2020,2020,1
01159233,솔루엠,248070,Y,[기재정정]사업보고서 (2019.12),20200814001446,솔루엠,20200814,정연,2020,2020,1
01159233,솔루엠,248070,Y,[기재정정]사업보고서 (2020.12),20210421000598,솔루엠,20210421,연,2021,2021,1
01159233,솔루엠,248070,Y,[기재정정]사업보고서 (2020.12),20210324000318,솔루엠,20210324,정연,2021,2021,1
01159233,솔루엠,248070,Y,[기재정정]사업보고서 (2023.12),20240319000321,솔루엠,20240319,연,2024,2024,1
01524093,DL이앤씨,375500,Y,[기재정정]사업보고서 (2023.12),20240328001465,DL이앤씨,20240328,연,2024,2024,1
00173078,명신산업,009900,Y,[기재정정]사업보고서 (2023.12),20240328000483,명신산업,20240328,연,2024,2024,1
01204056,하이브,352820,Y,[기재정정]사업보고서 (2022.12),20230403004275,하이브,20230403,연,2023,2023,1
01204056,하이브,352820,Y,[기재정정]사업보고서 (2023.12),20240322001002,하이브,20240322,연,2024,2024,1
01428203,케이씨씨글라스,344820,Y,[기재정정]사업보고서 (2021.12),20220713000282,케이씨씨글라스,20220713,연,2022,2022,1
01428203,케이씨씨글라스,344820,Y,[기재정정]사업보고서 (2021.12),20220318000967,케이씨씨글라스,20220318,정연,2022,2022,1
01428203,케이씨씨글라스,344820,Y,[기재정정]사업보고서 (2023.12),20240328001643,케이씨씨글라스,20240328,연,2024,2024,1
00450010,씨티알모빌리티,308170,Y,[기재정정]사업보고서 (2021.12),20220412002470,씨티알모빌리티,20220412,연,2022,2022,1
00450010,씨티알모빌리티,308170,Y,[기재정정]사업보고서 (2022.12),20230710000268,씨티알모빌리티,20230710,연,2023,2023,1
01199550,HD현대에너지솔루션,322000,Y,[기재정정]사업보고서 (2019.12),20200514001143,HD현대에너지솔루션,20200514,연,2020,2020,1
01199550,HD현대에너지솔루션,322000,Y,[첨부정정]사업보고서 (2020.12),20210331002946,HD현대에너지솔루션,20210331,연,2021,2021,1
01199550,HD현대에너지솔루션,322000,Y,[기재정정]사업보고서 (2021.12),20220318001065,HD현대에너지솔루션,20220318,연,2022,2022,1
00339391,한화시스템,272210,Y,[기재정정]사업보고서 (2020.12),20210511000265,한화시스템,20210511,연,2021,2021,1
00339391,한화시스템,272210,Y,[기재정정]사업보고서 (2021.12),20220516000217,한화시스템,20220516,연,2022,2022,1
00339391,한화시스템,272210,Y,[기재정정]사업보고서 (2021.12),20220316001020,한화시스템,20220316,정연,2022,2022,1
00339391,한화시스템,272210,Y,[기재정정]사업보고서 (2022.12),20230411001656,한화시스템,20230411,연,2023,2023,1
00339391,한화시스템,272210,Y,[첨부정정]사업보고서 (2022.12),20230331002782,한화시스템,20230331,정연,2023,2023,1
00339391,한화시스템,272210,Y,[기재정정]사업보고서 (2023.12),20240516000399,한화시스템,20240516,연,2024,2024,1
00339391,한화시스템,272210,Y,[기재정정]사업보고서 (2023.12),20240328001714,한화시스템,20240328,정연,2024,2024,1
00150633,지누스,013890,Y,[기재정정]사업보고서 (2017.12),20180402005389,지누스,20180402,정연,2018,2018,1
00150633,지누스,013890,Y,[기재정정]사업보고서 (2017.12),20190821000526,지누스,20190821,연,2019,2019,1
00150633,지누스,013890,Y,[기재정정]사업보고서 (2018.12),20190814002813,지누스,20190814,연,2019,2019,1
00150633,지누스,013890,Y,[기재정정]사업보고서 (2016.12),20190814002502,지누스,20190814,연,2019,2019,1
00150633,지누스,013890,Y,[기재정정]사업보고서 (2015.12),20190814002263,지누스,20190814,연,2019,2019,1
00150633,지누스,013890,Y,[기재정정]사업보고서 (2023.12),20240425000282,지누스,20240425,정연,2024,2024,1
00150633,지누스,013890,Y,[기재정정]사업보고서 (2023.12),20240313001671,지누스,20240313,정연,2024,2024,1
01412822,솔루스첨단소재,336370,Y,[기재정정]사업보고서 (2021.12),20220812000796,솔루스첨단소재,20220812,연,2022,2022,1
00203315,콘텐트리중앙,036420,Y,[기재정정]사업보고서 (2018.12),20190716000323,콘텐트리중앙,20190717,연,2019,2019,1
00155276,포스코퓨처엠,003670,Y,[기재정정]사업보고서 (2017.12),20180727000096,포스코퓨처엠,20180727,연,2018,2018,1
00155276,포스코퓨처엠,003670,Y,[기재정정]사업보고서 (2020.12),20210512000747,포스코퓨처엠,20210512,연,2021,2021,1
00155276,포스코퓨처엠,003670,Y,[기재정정]사업보고서 (2022.12),20230317000751,포스코퓨처엠,20230317,연,2023,2023,1
00155276,포스코퓨처엠,003670,Y,[기재정정]사업보고서 (2023.12),20240326000383,포스코퓨처엠,20240326,연,2024,2024,1
00362441,현대오토에버,307950,Y,[기재정정]사업보고서 (2018.12),20190402000001,현대오토에버,20190402,연,2019,2019,1
00362441,현대오토에버,307950,Y,[기재정정]사업보고서 (2023.12),20240329000426,현대오토에버,20240329,연,2024,2024,1
00415646,드림텍,192650,Y,[기재정정]사업보고서 (2021.12),20220812000858,드림텍,20220812,연,2022,2022,1
01010110,더블유게임즈,192080,Y,[기재정정]사업보고서 (2017.12),20180605000381,더블유게임즈,20180605,연,2018,2018,1
00651901,에어부산,298690,Y,[기재정정]사업보고서 (2018.12),20190402000257,에어부산,20190402,정,2019,2019,1
00651901,에어부산,298690,Y,[기재정정]사업보고서 (2022.12),20230831001169,에어부산,20230831,,2023,2023,1
00651901,에어부산,298690,Y,[기재정정]사업보고서 (2019.12),20240731000599,에어부산,20240731,,2024,2024,1
00651901,에어부산,298690,Y,[기재정정]사업보고서 (2018.12),20240731000521,에어부산,20240731,,2024,2024,1
00458234,아시아나IDT,267850,Y,[기재정정]사업보고서 (2018.12),20190516000059,아시아나IDT,20190516,연,2019,2019,1
00458234,아시아나IDT,267850,Y,[기재정정]사업보고서 (2018.12),20190402000723,아시아나IDT,20190402,정연,2019,2019,1
00458234,아시아나IDT,267850,Y,[기재정정]사업보고서 (2022.12),20230719000433,아시아나IDT,20230719,,2023,2023,1
00248974,하나제약,293480,Y,[기재정정]사업보고서 (2021.12),20220331002435,하나제약,20220331,,2022,2022,1
00248974,하나제약,293480,Y,[기재정정]사업보고서 (2022.12),20230712000281,하나제약,20230712,,2023,2023,1
00143262,우진아이엔에스,010400,Y,[기재정정]사업보고서 (2021.12),20220812000678,우진아이엔에스,20220812,연,2022,2022,1
01319808,한일시멘트,300720,Y,[기재정정]사업보고서 (2019.12),20200401002489,한일시멘트,20200401,,2020,2020,1
00671376,트리니티항공,091810,Y,[기재정정]사업보고서 (2020.12),20210601000044,트리니티항공,20210601,연,2021,2021,1
01262032,롯데이노베이트,286940,Y,[기재정정]사업보고서 (2021.12),20220314001163,롯데이노베이트,20220314,연,2022,2022,1
01316254,HS효성첨단소재,298050,Y,[기재정정]사업보고서 (2019.12),20200330004579,HS효성첨단소재,20200330,연,2020,2020,1
01316245,효성중공업,298040,Y,[기재정정]사업보고서 (2018.12),20190618000136,효성중공업,20190618,연,2019,2019,1
01316245,효성중공업,298040,Y,[기재정정]사업보고서 (2021.12),20220727000309,효성중공업,20220727,연,2022,2022,1
01316245,효성중공업,298040,Y,[기재정정]사업보고서 (2022.12),20230309000420,효성중공업,20230309,연,2023,2023,1
01316245,효성중공업,298040,Y,[기재정정]사업보고서 (2023.12),20240315000877,효성중공업,20240315,연,2024,2024,1
01310269,IPARK현대산업개발,294870,Y,[기재정정]사업보고서 (2018.12),20190814000224,IPARK현대산업개발,20190814,정연,2019,2019,1
01310269,IPARK현대산업개발,294870,Y,[기재정정]사업보고서 (2019.12),20200630000680,IPARK현대산업개발,20200630,연,2020,2020,1
01310269,IPARK현대산업개발,294870,Y,[기재정정]사업보고서 (2018.12),20200630000654,IPARK현대산업개발,20200630,연,2020,2020,1
01310269,IPARK현대산업개발,294870,Y,[기재정정]사업보고서 (2022.12),20230713000082,IPARK현대산업개발,20230713,연,2023,2023,1
01310269,IPARK현대산업개발,294870,Y,[기재정정]사업보고서 (2023.12),20240401002733,IPARK현대산업개발,20240401,연,2024,2024,1
00139454,애경산업,018250,Y,[기재정정]사업보고서 (2018.12),20190702000212,애경산업,20190702,연,2019,2019,1
00413046,셀트리온,068270,Y,[기재정정]사업보고서 (2017.12),20180720000460,셀트리온,20180720,정연,2018,2018,1
00413046,셀트리온,068270,Y,[기재정정]사업보고서 (2019.12),20200410002837,셀트리온,20200410,정연,2020,2020,1
00413046,셀트리온,068270,Y,[기재정정]사업보고서 (2021.12),20220512000853,셀트리온,20220512,연,2022,2022,1
00413046,셀트리온,068270,Y,[기재정정]사업보고서 (2020.12),20220512000852,셀트리온,20220512,연,2022,2022,1
00413046,셀트리온,068270,Y,[기재정정]사업보고서 (2019.12),20220512000850,셀트리온,20220512,연,2022,2022,1
00413046,셀트리온,068270,Y,[기재정정]사업보고서 (2018.12),20220512000849,셀트리온,20220512,연,2022,2022,1
00413046,셀트리온,068270,Y,[기재정정]사업보고서 (2017.12),20220512000845,셀트리온,20220512,연,2022,2022,1
00413046,셀트리온,068270,Y,[기재정정]사업보고서 (2016.12),20220512000841,셀트리온,20220512,연,2022,2022,1
00413046,셀트리온,068270,Y,[기재정정]사업보고서 (2021.12),20220317000991,셀트리온,20220317,정연,2022,2022,1
01267684,쿠쿠홈시스,284740,Y,[기재정정]사업보고서 (2020.12),20210326000876,쿠쿠홈시스,20210326,,2021,2021,1
01267684,쿠쿠홈시스,284740,Y,[기재정정]사업보고서 (2021.12),20220330001375,쿠쿠홈시스,20220330,연,2022,2022,1
01267684,쿠쿠홈시스,284740,Y,[기재정정]사업보고서 (2022.12),20230403003576,쿠쿠홈시스,20230403,연,2023,2023,1
01267684,쿠쿠홈시스,284740,Y,[기재정정]사업보고서 (2022.12),20230330001229,쿠쿠홈시스,20230330,정연,2023,2023,1
01267170,SK케미칼,285130,Y,[기재정정]사업보고서 (2017.12),20180402001432,SK케미칼,20180402,연,2018,2018,1
01267170,SK케미칼,285130,Y,[기재정정]사업보고서 (2018.12),20190404002228,SK케미칼,20190404,연,2019,2019,1
01267170,SK케미칼,285130,Y,[기재정정]사업보고서 (2018.12),20190404001642,SK케미칼,20190404,정연,2019,2019,1
01267170,SK케미칼,285130,Y,[기재정정]사업보고서 (2020.12),20210428000711,SK케미칼,20210428,연,2021,2021,1
01267170,SK케미칼,285130,Y,[기재정정]사업보고서 (2022.12),20230320000964,SK케미칼,20230320,연,2023,2023,1
01263022,BGF리테일,282330,Y,[기재정정]사업보고서 (2023.12),20240412003349,BGF리테일,20240412,연,2024,2024,1
01060814,삼양패키징,272550,Y,[기재정정]사업보고서 (2017.12),20180612000249,삼양패키징,20180612,,2018,2018,1
01060814,삼양패키징,272550,Y,[기재정정]사업보고서 (2017.12),20180402003653,삼양패키징,20180402,정,2018,2018,1
00256955,테이팩스,055490,Y,[기재정정]사업보고서 (2017.12),20180628000373,테이팩스,20180628,연,2018,2018,1
00256955,테이팩스,055490,Y,[기재정정]사업보고서 (2021.12),20220816000332,테이팩스,20220816,연,2022,2022,1
00256955,테이팩스,055490,Y,[기재정정]사업보고서 (2023.12),20240322000460,테이팩스,20240322,연,2024,2024,1
01258507,롯데웰푸드,280360,Y,[기재정정]사업보고서 (2023.12),20240322000503,롯데웰푸드,20240322,연,2024,2024,1
01258507,롯데웰푸드,280360,Y,[기재정정]사업보고서 (2023.12),20240318000765,롯데웰푸드,20240318,정연,2024,2024,1
00258801,카카오,035720,Y,[기재정정]사업보고서 (2023.12),20240418000375,카카오,20240418,연,2024,2024,1
00258801,카카오,035720,Y,[기재정정]사업보고서 (2023.12),20240328001805,카카오,20240328,정연,2024,2024,1
00258801,카카오,035720,Y,[기재정정]사업보고서 (2023.12),20240321000907,카카오,20240321,정연,2024,2024,1
00258801,카카오,035720,Y,[기재정정]사업보고서 (2022.12),20240320000393,카카오,20240320,연,2024,2024,1
00258801,카카오,035720,Y,[기재정정]사업보고서 (2021.12),20240320000386,카카오,20240320,연,2024,2024,1
00258801,카카오,035720,Y,[기재정정]사업보고서 (2020.12),20240320000376,카카오,20240320,연,2024,2024,1
01238169,오리온,271560,Y,[기재정정]사업보고서 (2018.12),20190612000150,오리온,20190612,연,2019,2019,1
01238169,오리온,271560,Y,[기재정정]사업보고서 (2021.12),20220323000300,오리온,20220323,연,2022,2022,1
01234297,미원에스씨,268280,Y,[기재정정]사업보고서 (2021.12),20220816000420,미원에스씨,20220816,연,2022,2022,1
00904672,넷마블,251270,Y,[기재정정]사업보고서 (2017.12),20180403000993,넷마블,20180403,연,2018,2018,1
00904672,넷마블,251270,Y,[기재정정]사업보고서 (2018.12),20190521000353,넷마블,20190521,연,2019,2019,1
00904672,넷마블,251270,Y,[첨부정정]사업보고서 (2018.12),20190515002612,넷마블,20190515,정연,2019,2019,1
00904672,넷마블,251270,Y,[기재정정]사업보고서 (2019.12),20200330004828,넷마블,20200330,연,2020,2020,1
01205842,HD건설기계,267270,Y,[기재정정]사업보고서 (2021.12),20220816000025,HD건설기계,20220816,연,2022,2022,1
01205842,HD건설기계,267270,Y,[기재정정]사업보고서 (2021.12),20220315000963,HD건설기계,20220315,정연,2022,2022,1
01205851,HD현대일렉트릭,267260,Y,[기재정정]사업보고서 (2017.12),20180615000431,HD현대일렉트릭,20180615,연,2018,2018,1
01205329,크라운제과,264900,Y,[기재정정]사업보고서 (2021.12),20220323000021,크라운제과,20220323,,2022,2022,1
01205329,크라운제과,264900,Y,[기재정정]사업보고서 (2021.12),20220322000905,크라운제과,20220322,정,2022,2022,1
01205329,크라운제과,264900,Y,[기재정정]사업보고서 (2022.12),20230331000007,크라운제과,20230331,,2023,2023,1
00526599,덴티움,145720,Y,[기재정정]사업보고서 (2022.12),20230322001007,덴티움,20230322,,2023,2023,1
00226316,호전실업,111110,Y,[기재정정]사업보고서 (2017.12),20180409001556,호전실업,20180409,연,2018,2018,1
00226316,호전실업,111110,Y,[기재정정]사업보고서 (2020.12),20210331002763,호전실업,20210331,연,2021,2021,1
00226316,호전실업,111110,Y,[기재정정]사업보고서 (2021.12),20220331002749,호전실업,20220331,연,2022,2022,1
00226316,호전실업,111110,Y,[기재정정]사업보고서 (2022.12),20230331003532,호전실업,20230331,연,2023,2023,1
00226316,호전실업,111110,Y,[기재정정]사업보고서 (2023.12),20240329002993,호전실업,20240329,연,2024,2024,1
00119140,핸즈코퍼레이션,143210,Y,[기재정정]사업보고서 (2023.12),20240513000862,핸즈코퍼레이션,20240513,연,2024,2024,1
01032486,두산밥캣,241560,Y,[기재정정]사업보고서 (2021.12),20220812000942,두산밥캣,20220812,연,2022,2022,1
01032486,두산밥캣,241560,Y,[기재정정]사업보고서 (2023.12),20240329003259,두산밥캣,20240329,연,2024,2024,1
00877059,삼성바이오로직스,207940,Y,[기재정정]사업보고서 (2018.12),20190723000170,삼성바이오로직스,20190723,,2019,2019,1
00225706,JW생명과학,234080,Y,[기재정정]사업보고서 (2017.12),20180814002741,JW생명과학,20180814,연,2018,2018,1
00225706,JW생명과학,234080,Y,[기재정정]사업보고서 (2018.12),20190730000355,JW생명과학,20190730,연,2019,2019,1
00225706,JW생명과학,234080,Y,[기재정정]사업보고서 (2020.12),20210901000473,JW생명과학,20210901,정연,2021,2021,1
00225706,JW생명과학,234080,Y,[기재정정]사업보고서 (2020.12),20210326000024,JW생명과학,20210326,정연,2021,2021,1
00225706,JW생명과학,234080,Y,[기재정정]사업보고서 (2020.12),20220228000075,JW생명과학,20220228,연,2022,2022,1
01168383,일동제약,249420,Y,[기재정정]사업보고서 (2023.12),20240708000113,일동제약,20240708,연,2024,2024,1
00119672,두올,016740,Y,[기재정정]사업보고서 (2017.12),20180615000219,두올,20180615,연,2018,2018,1
00119672,두올,016740,Y,[기재정정]사업보고서 (2020.12),20210322000709,두올,20210322,연,2021,2021,1
00119672,두올,016740,Y,[기재정정]사업보고서 (2022.12),20230713000062,두올,20230713,연,2023,2023,1
00144395,동서,026960,Y,[기재정정]사업보고서 (2020.12),20210318000724,동서,20210318,연,2021,2021,1
00365989,모나용평,070960,Y,[기재정정]사업보고서 (2017.12),20180615000023,모나용평,20180615,연,2018,2018,1
00365989,모나용평,070960,Y,[기재정정]사업보고서 (2020.12),20210326001119,모나용평,20210326,연,2021,2021,1
00428321,해태제과식품,101530,Y,[기재정정]사업보고서 (2021.12),20220817000003,해태제과식품,20220817,연,2022,2022,1
00428321,해태제과식품,101530,Y,[기재정정]사업보고서 (2021.12),20220816002677,해태제과식품,20220816,정연,2022,2022,1
00428321,해태제과식품,101530,Y,[기재정정]사업보고서 (2019.12),20240516002223,해태제과식품,20240516,연,2024,2024,1
00428321,해태제과식품,101530,Y,[기재정정]사업보고서 (2018.12),20240516002204,해태제과식품,20240516,연,2024,2024,1
00428321,해태제과식품,101530,Y,[기재정정]사업보고서 (2017.12),20240516002189,해태제과식품,20240516,연,2024,2024,1
00428321,해태제과식품,101530,Y,[기재정정]사업보고서 (2016.12),20240516002167,해태제과식품,20240516,연,2024,2024,1
00109806,삼일씨엔에스,004440,Y,[기재정정]사업보고서 (2021.12),20220328000445,삼일씨엔에스,20220328,연,2022,2022,1
00332927,제이에스코퍼레이션,194370,Y,[기재정정]사업보고서 (2021.12),20220715000180,제이에스코퍼레이션,20220715,연,2022,2022,1
00911955,잇츠한불,226320,Y,[기재정정]사업보고서 (2017.12),20180625000290,잇츠한불,20180625,연,2018,2018,1
00415628,세진중공업,075580,Y,[기재정정]사업보고서 (2021.12),20221019000356,세진중공업,20221019,연,2022,2022,1
00415628,세진중공업,075580,Y,[기재정정]사업보고서 (2021.12),20220816001882,세진중공업,20220816,정연,2022,2022,1
00105606,금호에이치티,214330,Y,[기재정정]사업보고서 (2018.12),20190527000441,금호에이치티,20190527,연,2019,2019,1
00105606,금호에이치티,214330,Y,[기재정정]사업보고서 (2018.12),20190516000313,금호에이치티,20190516,정연,2019,2019,1
00105606,금호에이치티,214330,Y,[기재정정]사업보고서 (2020.12),20210331003148,금호에이치티,20210331,연,2021,2021,1
00105606,금호에이치티,214330,Y,[기재정정]사업보고서 (2021.12),20220516002226,금호에이치티,20220516,연,2022,2022,1
00105606,금호에이치티,214330,Y,[기재정정]사업보고서 (2021.12),20220331003021,금호에이치티,20220331,정연,2022,2022,1
00105606,금호에이치티,214330,Y,[기재정정]사업보고서 (2022.12),20230331003463,금호에이치티,20230331,연,2023,2023,1
00105606,금호에이치티,214330,Y,[기재정정]사업보고서 (2023.12),20240329002838,금호에이치티,20240329,연,2024,2024,1
00555874,제주항공,089590,Y,[기재정정]사업보고서 (2017.12),20180608000516,제주항공,20180608,연,2018,2018,1
00555874,제주항공,089590,Y,[기재정정]사업보고서 (2017.12),20180420000500,제주항공,20180420,정연,2018,2018,1
00555874,제주항공,089590,Y,[기재정정]사업보고서 (2017.12),20180330003933,제주항공,20180330,정연,2018,2018,1
00555874,제주항공,089590,Y,[기재정정]사업보고서 (2018.12),20190405002546,제주항공,20190405,정연,2019,2019,1
00555874,제주항공,089590,Y,[기재정정]사업보고서 (2019.12),20200330003748,제주항공,20200330,정연,2020,2020,1
00555874,제주항공,089590,Y,[기재정정]사업보고서 (2020.12),20210323000314,제주항공,20210323,정연,2021,2021,1
00555874,제주항공,089590,Y,[기재정정]사업보고서 (2018.12),20220331003402,제주항공,20220331,연,2022,2022,1
00555874,제주항공,089590,Y,[기재정정]사업보고서 (2019.12),20220331003366,제주항공,20220331,연,2022,2022,1
00555874,제주항공,089590,Y,[기재정정]사업보고서 (2020.12),20220331003341,제주항공,20220331,연,2022,2022,1
00555874,제주항공,089590,Y,[기재정정]사업보고서 (2021.12),20220331002829,제주항공,20220331,연,2022,2022,1
01108099,현대코퍼레이션홀딩스,227840,Y,[기재정정]사업보고서 (2017.12),20180618000243,현대코퍼레이션홀딩스,20180618,연,2018,2018,1
00503668,LIG디펜스앤에어로스페이스,079550,Y,[기재정정]사업보고서 (2018.12),20190402001475,LIG디펜스앤에어로스페이스,20190402,,2019,2019,1
00503668,LIG디펜스앤에어로스페이스,079550,Y,[기재정정]사업보고서 (2019.12),20200403000737,LIG디펜스앤에어로스페이스,20200403,연,2020,2020,1
00503668,LIG디펜스앤에어로스페이스,079550,Y,[기재정정]사업보고서 (2020.12),20210427000394,LIG디펜스앤에어로스페이스,20210427,연,2021,2021,1
00503668,LIG디펜스앤에어로스페이스,079550,Y,[기재정정]사업보고서 (2021.12),20220318000255,LIG디펜스앤에어로스페이스,20220318,연,2022,2022,1
00503668,LIG디펜스앤에어로스페이스,079550,Y,[기재정정]사업보고서 (2023.12),20240320001078,LIG디펜스앤에어로스페이스,20240320,연,2024,2024,1
00350312,HDC랩스,039570,Y,[기재정정]사업보고서 (2021.12),20220804000232,HDC랩스,20220804,연,2022,2022,1
00350312,HDC랩스,039570,Y,[기재정정]사업보고서 (2021.12),20220330001540,HDC랩스,20220330,정연,2022,2022,1
00365387,AJ네트웍스,095570,Y,[기재정정]사업보고서 (2018.12),20190531001150,AJ네트웍스,20190531,연,2019,2019,1
00365387,AJ네트웍스,095570,Y,[기재정정]사업보고서 (2020.12),20210323000506,AJ네트웍스,20210323,연,2021,2021,1
00365387,AJ네트웍스,095570,Y,[기재정정]사업보고서 (2021.12),20220805000318,AJ네트웍스,20220805,연,2022,2022,1
00565154,이노션,214320,Y,[기재정정]사업보고서 (2020.12),20210427000407,이노션,20210427,연,2021,2021,1
00565154,이노션,214320,Y,[기재정정]사업보고서 (2023.12),20240322000902,이노션,20240322,연,2024,2024,1
00101664,경보제약,214390,Y,[기재정정]사업보고서 (2017.12),20180403002212,경보제약,20180403,,2018,2018,1
00453488,다이나믹디자인,145210,Y,[첨부정정]사업보고서 (2016.12),20180913000492,다이나믹디자인,20180914,연,2018,2018,1
00453488,다이나믹디자인,145210,Y,[첨부정정]사업보고서 (2017.12),20180913000489,다이나믹디자인,20180914,연,2018,2018,1
00453488,다이나믹디자인,145210,Y,[기재정정]사업보고서 (2017.12),20180913000475,다이나믹디자인,20180913,정연,2018,2018,1
00453488,다이나믹디자인,145210,Y,[기재정정]사업보고서 (2016.12),20180913000472,다이나믹디자인,20180913,정연,2018,2018,1
00453488,다이나믹디자인,145210,Y,[기재정정]사업보고서 (2018.12),20190517000381,다이나믹디자인,20190517,연,2019,2019,1
00453488,다이나믹디자인,145210,Y,[기재정정]사업보고서 (2020.12),20210813001154,다이나믹디자인,20210813,연,2021,2021,1
00453488,다이나믹디자인,145210,Y,[첨부정정]사업보고서 (2020.12),20210329001086,다이나믹디자인,20210329,정연,2021,2021,1
00453488,다이나믹디자인,145210,Y,[기재정정]사업보고서 (2022.12),20230831001245,다이나믹디자인,20230831,연,2023,2023,1
01060744,한솔제지,213500,Y,[기재정정]사업보고서 (2017.12),20180607000303,한솔제지,20180607,연,2018,2018,1
01060744,한솔제지,213500,Y,[기재정정]사업보고서 (2020.12),20210317001248,한솔제지,20210317,연,2021,2021,1
01060744,한솔제지,213500,Y,[첨부정정]사업보고서 (2020.12),20210317000623,한솔제지,20210317,정연,2021,2021,1
01060744,한솔제지,213500,Y,[기재정정]사업보고서 (2020.12),20210317000612,한솔제지,20210317,정연,2021,2021,1
00149655,삼성물산,028260,Y,[기재정정]사업보고서 (2018.12),20190401005090,삼성물산,20190401,연,2019,2019,1
00149655,삼성물산,028260,Y,[기재정정]사업보고서 (2021.12),20241220000371,삼성물산,20241220,연,2024,2024,1
00149655,삼성물산,028260,Y,[기재정정]사업보고서 (2023.12),20240329002523,삼성물산,20240329,연,2024,2024,1
00670340,씨에스윈드,112610,Y,[기재정정]사업보고서 (2019.12),20200330004839,씨에스윈드,20200330,연,2020,2020,1
00670340,씨에스윈드,112610,Y,[기재정정]사업보고서 (2022.12),20230831001644,씨에스윈드,20230901,연,2023,2023,1
00126186,삼성에스디에스,018260,Y,[기재정정]사업보고서 (2023.12),20240329003204,삼성에스디에스,20240329,연,2024,2024,1
01042775,HL만도,204320,Y,[기재정정]사업보고서 (2017.12),20180814002255,HL만도,20180814,연,2018,2018,1
01042775,HL만도,204320,Y,[기재정정]사업보고서 (2020.12),20211115001673,HL만도,20211115,연,2021,2021,1
01042775,HL만도,204320,Y,[기재정정]사업보고서 (2020.12),20210331000978,HL만도,20210331,정연,2021,2021,1
01042775,HL만도,204320,Y,[기재정정]사업보고서 (2023.12),20240516001059,HL만도,20240516,연,2024,2024,1
01036446,서연이화,200880,Y,[기재정정]사업보고서 (2018.12),20190401004854,서연이화,20190401,연,2019,2019,1
01036446,서연이화,200880,Y,[기재정정]사업보고서 (2019.12),20200331002601,서연이화,20200331,연,2020,2020,1
01036446,서연이화,200880,Y,[기재정정]사업보고서 (2020.12),20210331003172,서연이화,20210331,연,2021,2021,1
00661847,화인베스틸,133820,Y,[기재정정]사업보고서 (2017.12),20180404001221,화인베스틸,20180404,,2018,2018,1
00661847,화인베스틸,133820,Y,[기재정정]사업보고서 (2020.12),20210416000566,화인베스틸,20210416,,2021,2021,1
01009789,코스맥스,192820,Y,[기재정정]사업보고서 (2021.12),20220816001048,코스맥스,20220816,연,2022,2022,1
00992871,종근당,185750,Y,[기재정정]사업보고서 (2022.12),20230316000376,종근당,20230316,연,2023,2023,1
00136402,신송홀딩스,006880,Y,[기재정정]사업보고서 (2021.12),20220715000103,신송홀딩스,20220715,연,2022,2022,1
00302926,현대로템,064350,Y,[기재정정]사업보고서 (2020.12),20210602000352,현대로템,20210602,연,2021,2021,1
00983271,NHN,181710,Y,[기재정정]사업보고서 (2016.12),20180406002380,NHN,20180406,연,2018,2018,1
00983271,NHN,181710,Y,[기재정정]사업보고서 (2017.12),20180403001246,NHN,20180403,연,2018,2018,1
00956930,동아에스티,170900,Y,[기재정정]사업보고서 (2021.12),20220321001316,동아에스티,20220321,연,2022,2022,1
00222532,LG헬로비전,037560,Y,[기재정정]사업보고서 (2017.12),20180523000266,LG헬로비전,20180523,,2018,2018,1
00222532,LG헬로비전,037560,Y,[기재정정]사업보고서 (2022.12),20230321000780,LG헬로비전,20230321,연,2023,2023,1
00939331,한국콜마,161890,Y,[기재정정]사업보고서 (2022.12),20230322001251,한국콜마,20230322,연,2023,2023,1
00939331,한국콜마,161890,Y,[기재정정]사업보고서 (2023.12),20240321001772,한국콜마,20240321,연,2024,2024,1
00937324,한국타이어앤테크놀로지,161390,Y,[기재정정]사업보고서 (2020.12),20210330001593,한국타이어앤테크놀로지,20210330,연,2021,2021,1
00937324,한국타이어앤테크놀로지,161390,Y,[기재정정]사업보고서 (2021.12),20220322001106,한국타이어앤테크놀로지,20220322,연,2022,2022,1
00937324,한국타이어앤테크놀로지,161390,Y,[기재정정]사업보고서 (2022.12),20230324001266,한국타이어앤테크놀로지,20230324,연,2023,2023,1
00937324,한국타이어앤테크놀로지,161390,Y,[기재정정]사업보고서 (2023.12),20240325000791,한국타이어앤테크놀로지,20240325,연,2024,2024,1
00936787,애경케미칼,161000,Y,[기재정정]사업보고서 (2018.12),20190814001867,애경케미칼,20190814,연,2019,2019,1
00936787,애경케미칼,161000,Y,[기재정정]사업보고서 (2021.12),20220811000214,애경케미칼,20220811,연,2022,2022,1
00124780,사조씨푸드,014710,Y,[기재정정]사업보고서 (2021.12),20220318001114,사조씨푸드,20220318,,2022,2022,1
00124780,사조씨푸드,014710,Y,[기재정정]사업보고서 (2021.12),20220318001100,사조씨푸드,20220318,정,2022,2022,1
00362238,휴비스,079980,Y,[기재정정]사업보고서 (2020.12),20210420000253,휴비스,20210420,연,2021,2021,1
00140177,GS리테일,007070,Y,[기재정정]사업보고서 (2018.12),20190401003762,GS리테일,20190401,연,2019,2019,1
00140177,GS리테일,007070,Y,[기재정정]사업보고서 (2019.12),20200512000554,GS리테일,20200512,정연,2020,2020,1
00140177,GS리테일,007070,Y,[기재정정]사업보고서 (2020.12),20210701000250,GS리테일,20210701,연,2021,2021,1
00140177,GS리테일,007070,Y,[기재정정]사업보고서 (2019.12),20210302003597,GS리테일,20210302,연,2021,2021,1
00140177,GS리테일,007070,Y,[기재정정]사업보고서 (2023.12),20240401004251,GS리테일,20240401,연,2024,2024,1
00151368,인터지스,129260,Y,[기재정정]사업보고서 (2017.12),20180511002238,인터지스,20180511,연,2018,2018,1
00151368,인터지스,129260,Y,[기재정정]사업보고서 (2023.12),20240321001182,인터지스,20240321,연,2024,2024,1
00896285,삼양사,145990,Y,[기재정정]사업보고서 (2017.12),20180725000280,삼양사,20180725,연,2018,2018,1
00896285,삼양사,145990,Y,[기재정정]사업보고서 (2019.12),20200407002751,삼양사,20200407,연,2020,2020,1
00896285,삼양사,145990,Y,[기재정정]사업보고서 (2021.12),20220812000103,삼양사,20220812,연,2022,2022,1
00896285,삼양사,145990,Y,[기재정정]사업보고서 (2023.12),20240325000879,삼양사,20240325,연,2024,2024,1
00896285,삼양사,145990,Y,[기재정정]사업보고서 (2023.12),20240314001683,삼양사,20240314,정연,2024,2024,1
00896285,삼양사,145990,Y,[기재정정]사업보고서 (2023.12),20240314001578,삼양사,20240314,정연,2024,2024,1
00269940,하나투어,039130,Y,[기재정정]사업보고서 (2017.12),20180418000365,하나투어,20180418,연,2018,2018,1
00269940,하나투어,039130,Y,[기재정정]사업보고서 (2020.12),20210329000797,하나투어,20210329,연,2021,2021,1
00269940,하나투어,039130,Y,[기재정정]사업보고서 (2022.12),20230316001406,하나투어,20230316,연,2023,2023,1
00269940,하나투어,039130,Y,[기재정정]사업보고서 (2022.12),20230316001328,하나투어,20230316,정연,2023,2023,1
00400857,에이블씨엔씨,078520,Y,[기재정정]사업보고서 (2019.12),20200818000229,에이블씨엔씨,20200818,연,2020,2020,1
00400857,에이블씨엔씨,078520,Y,[기재정정]사업보고서 (2020.12),20210817000623,에이블씨엔씨,20210817,연,2021,2021,1
00400857,에이블씨엔씨,078520,Y,[기재정정]사업보고서 (2017.12),20210817000615,에이블씨엔씨,20210817,연,2021,2021,1
00400857,에이블씨엔씨,078520,Y,[기재정정]사업보고서 (2015.12),20210817000605,에이블씨엔씨,20210817,연,2021,2021,1
00234412,신세계인터내셔날,031430,Y,[기재정정]사업보고서 (2017.12),20180403001874,신세계인터내셔날,20180403,연,2018,2018,1
00309503,한국항공우주,047810,Y,[기재정정]사업보고서 (2017.12),20180814001733,한국항공우주,20180814,연,2018,2018,1
00309503,한국항공우주,047810,Y,[기재정정]사업보고서 (2018.12),20190802000402,한국항공우주,20190802,연,2019,2019,1
00309503,한국항공우주,047810,Y,[기재정정]사업보고서 (2018.12),20190419000031,한국항공우주,20190419,정연,2019,2019,1
00309503,한국항공우주,047810,Y,[기재정정]사업보고서 (2018.12),20190419000002,한국항공우주,20190419,정연,2019,2019,1
00309503,한국항공우주,047810,Y,[기재정정]사업보고서 (2020.12),20210415000506,한국항공우주,20210415,연,2021,2021,1
00309503,한국항공우주,047810,Y,[기재정정]사업보고서 (2023.12),20240326000812,한국항공우주,20240326,연,2024,2024,1
00158307,롯데하이마트,071840,Y,[기재정정]사업보고서 (2017.12),20180515001650,롯데하이마트,20180515,,2018,2018,1
00158307,롯데하이마트,071840,Y,[기재정정]사업보고서 (2016.12),20180515001543,롯데하이마트,20180515,,2018,2018,1
00357360,한세엠케이,069640,Y,[기재정정]사업보고서 (2022.12),20230407002948,한세엠케이,20230407,연,2023,2023,1
00357360,한세엠케이,069640,Y,[기재정정]사업보고서 (2023.12),20240321000107,한세엠케이,20240321,연,2024,2024,1
00872984,이마트,139480,Y,[기재정정]사업보고서 (2021.12),20220816000177,이마트,20220816,연,2022,2022,1
00872984,이마트,139480,Y,[첨부정정]사업보고서 (2023.12),20240320001939,이마트,20240320,연,2024,2024,1
00872984,이마트,139480,Y,[첨부정정]사업보고서 (2023.12),20240320001902,이마트,20240320,정연,2024,2024,1
00349097,케이티스카이라이프,053210,Y,[기재정정]사업보고서 (2021.12),20220930000032,케이티스카이라이프,20220930,연,2022,2022,1
00349097,케이티스카이라이프,053210,Y,[첨부정정]사업보고서 (2023.12),20240320001942,케이티스카이라이프,20240320,연,2024,2024,1
00113997,롯데에너지머티리얼즈,020150,Y,[기재정정]사업보고서 (2020.12),20210323001108,롯데에너지머티리얼즈,20210323,연,2021,2021,1
00113997,롯데에너지머티리얼즈,020150,Y,[기재정정]사업보고서 (2019.12),20210322000707,롯데에너지머티리얼즈,20210322,연,2021,2021,1
00106623,현대위아,011210,Y,[기재정정]사업보고서 (2023.12),20240329002076,현대위아,20240329,연,2024,2024,1
00852087,시디즈,134790,Y,[기재정정]사업보고서 (2017.12),20180605000288,시디즈,20180605,,2018,2018,1
00361008,한화엔진,082740,Y,[기재정정]사업보고서 (2018.12),20190829000744,한화엔진,20190829,연,2019,2019,1
00194947,한전산업,130660,Y,[기재정정]사업보고서 (2019.12),20200604000353,한전산업,20200604,연,2020,2020,1
00194947,한전산업,130660,Y,[기재정정]사업보고서 (2023.12),20240321001344,한전산업,20240321,연,2024,2024,1
00838500,엘브이엠씨,900140,Y,[기재정정]사업보고서 (2019.12),20200429001118,엘브이엠씨,20200429,연,2020,2020,1
00195229,미스토홀딩스,081660,Y,[기재정정]사업보고서 (2017.12),20180419000484,미스토홀딩스,20180419,연,2018,2018,1
00195229,미스토홀딩스,081660,Y,[기재정정]사업보고서 (2018.12),20190614000418,미스토홀딩스,20190614,연,2019,2019,1
00195229,미스토홀딩스,081660,Y,[기재정정]사업보고서 (2021.12),20220812000706,미스토홀딩스,20220812,연,2022,2022,1
00372882,KTcs,058850,Y,[기재정정]사업보고서 (2018.12),20190404001342,KTcs,20190404,연,2019,2019,1
00372882,KTcs,058850,Y,[기재정정]사업보고서 (2018.12),20190404001301,KTcs,20190404,정연,2019,2019,1
00372882,KTcs,058850,Y,[기재정정]사업보고서 (2020.12),20210409000489,KTcs,20210409,연,2021,2021,1
00412597,현대홈쇼핑,057050,Y,[기재정정]사업보고서 (2020.12),20210818000207,현대홈쇼핑,20210818,연,2021,2021,1
00412597,현대홈쇼핑,057050,Y,[기재정정]사업보고서 (2020.12),20210817002288,현대홈쇼핑,20210817,정연,2021,2021,1
00412597,현대홈쇼핑,057050,Y,[기재정정]사업보고서 (2019.12),20210817002260,현대홈쇼핑,20210817,연,2021,2021,1
00412597,현대홈쇼핑,057050,Y,[기재정정]사업보고서 (2021.12),20220324000867,현대홈쇼핑,20220324,연,2022,2022,1
00828789,대성산업,128820,Y,[기재정정]사업보고서 (2017.12),20180405000403,대성산업,20180405,연,2018,2018,1
00360142,아이마켓코리아,122900,Y,[기재정정]사업보고서 (2019.12),20200402002288,아이마켓코리아,20200402,연,2020,2020,1
00828497,한미약품,128940,Y,[기재정정]사업보고서 (2019.12),20200330004799,한미약품,20200330,연,2020,2020,1
00121543,무학,033920,Y,[기재정정]사업보고서 (2017.12),20190225002450,무학,20190225,연,2019,2019,1
00121543,무학,033920,Y,[기재정정]사업보고서 (2016.12),20190225001840,무학,20190225,연,2019,2019,1
00121543,무학,033920,Y,[기재정정]사업보고서 (2015.12),20190225001503,무학,20190225,연,2019,2019,1
00121543,무학,033920,Y,[기재정정]사업보고서 (2014.12),20190225001198,무학,20190225,연,2019,2019,1
00145598,이연제약,102460,Y,[기재정정]사업보고서 (2017.12),20181031000509,이연제약,20181031,연,2018,2018,1
00145598,이연제약,102460,Y,[기재정정]사업보고서 (2017.12),20180816000257,이연제약,20180816,정연,2018,2018,1
00823429,한국화장품,123690,Y,[기재정정]사업보고서 (2021.12),20220812001253,한국화장품,20220812,연,2022,2022,1
00823429,한국화장품,123690,Y,[기재정정]사업보고서 (2021.12),20220516001692,한국화장품,20220516,정연,2022,2022,1
00815369,에스제이엠,123700,Y,[기재정정]사업보고서 (2018.12),20190711000268,에스제이엠,20190711,연,2019,2019,1
00815369,에스제이엠,123700,Y,[기재정정]사업보고서 (2021.12),20221223000261,에스제이엠,20221223,연,2022,2022,1
00274933,신세계푸드,031440,Y,[기재정정]사업보고서 (2023.12),20240318000520,신세계푸드,20240318,연,2024,2024,1
00274933,신세계푸드,031440,Y,[기재정정]사업보고서 (2023.12),20240318000487,신세계푸드,20240318,정연,2024,2024,1
00796994,조선선재,120030,Y,[기재정정]사업보고서 (2021.12),20220325000373,조선선재,20220325,,2022,2022,1
00796994,조선선재,120030,Y,[기재정정]사업보고서 (2022.12),20230331002546,조선선재,20230331,,2023,2023,1
00795135,코오롱인더,120110,Y,[기재정정]사업보고서 (2017.12),20190626000395,코오롱인더,20190626,연,2019,2019,1
00795135,코오롱인더,120110,Y,[기재정정]사업보고서 (2018.12),20190626000374,코오롱인더,20190626,연,2019,2019,1
00795135,코오롱인더,120110,Y,[첨부정정]사업보고서 (2021.12),20220325000069,코오롱인더,20220325,연,2022,2022,1
00797364,KC코트렐,119650,Y,[기재정정]사업보고서 (2018.12),20190401003359,KC코트렐,20190401,연,2019,2019,1
00159698,지역난방공사,071320,Y,[기재정정]사업보고서 (2018.12),20190711000374,지역난방공사,20190711,연,2019,2019,1
00159698,지역난방공사,071320,Y,[기재정정]사업보고서 (2023.12),20240321001996,지역난방공사,20240321,연,2024,2024,1
00791209,메타케어,118000,Y,[기재정정]사업보고서 (2017.12),20180612000394,메타케어,20180612,연,2018,2018,1
00791209,메타케어,118000,Y,[기재정정]사업보고서 (2021.12),20220816001524,메타케어,20220816,연,2022,2022,1
00159209,한전기술,052690,Y,[기재정정]사업보고서 (2017.12),20180615000024,한전기술,20180615,정,2018,2018,1
00159209,한전기술,052690,Y,[기재정정]사업보고서 (2018.12),20200330003484,한전기술,20200330,,2020,2020,1
00159209,한전기술,052690,Y,[기재정정]사업보고서 (2017.12),20200330003430,한전기술,20200330,,2020,2020,1
00159209,한전기술,052690,Y,[기재정정]사업보고서 (2016.12),20200330003368,한전기술,20200330,,2020,2020,1
00159209,한전기술,052690,Y,[기재정정]사업보고서 (2015.12),20200330003306,한전기술,20200330,,2020,2020,1
00159209,한전기술,052690,Y,[기재정정]사업보고서 (2020.12),20210322000901,한전기술,20210322,연,2021,2021,1
00557508,GKL,114090,Y,[기재정정]사업보고서 (2018.12),20190705000387,GKL,20190705,연,2019,2019,1
00557508,GKL,114090,Y,[기재정정]사업보고서 (2022.12),20230713000041,GKL,20230713,연,2023,2023,1
00218575,황금에스티,032560,Y,[첨부정정]사업보고서 (2019.12),20200330002435,황금에스티,20200330,정연,2020,2020,1
00218575,황금에스티,032560,Y,[기재정정]사업보고서 (2020.12),20211130001721,황금에스티,20211130,정연,2021,2021,1
00218575,황금에스티,032560,Y,[기재정정]사업보고서 (2019.12),20210202000187,황금에스티,20210202,정연,2021,2021,1
00218575,황금에스티,032560,Y,[첨부정정]사업보고서 (2020.12),20220225000997,황금에스티,20220225,연,2022,2022,1
00218575,황금에스티,032560,Y,[기재정정]사업보고서 (2020.12),20220224004228,황금에스티,20220224,정연,2022,2022,1
00218575,황금에스티,032560,Y,[기재정정]사업보고서 (2019.12),20220224003906,황금에스티,20220224,연,2022,2022,1
00150244,하이트진로,000080,Y,[기재정정]사업보고서 (2017.12),20180411002381,하이트진로,20180411,정연,2018,2018,1
00150244,하이트진로,000080,Y,[기재정정]사업보고서 (2018.12),20210210001227,하이트진로,20210210,연,2021,2021,1
00150244,하이트진로,000080,Y,[기재정정]사업보고서 (2017.12),20210210001210,하이트진로,20210210,연,2021,2021,1
00150244,하이트진로,000080,Y,[기재정정]사업보고서 (2016.12),20210210001197,하이트진로,20210210,연,2021,2021,1
00369833,유니온머티리얼,047400,Y,[기재정정]사업보고서 (2018.12),20190613000344,유니온머티리얼,20190613,연,2019,2019,1
00369833,유니온머티리얼,047400,Y,[기재정정]사업보고서 (2020.12),20210324000592,유니온머티리얼,20210324,연,2021,2021,1
00369833,유니온머티리얼,047400,Y,[기재정정]사업보고서 (2020.12),20210323000204,유니온머티리얼,20210323,정연,2021,2021,1
00369833,유니온머티리얼,047400,Y,[기재정정]사업보고서 (2022.12),20230324001267,유니온머티리얼,20230324,연,2023,2023,1
00441243,형지엘리트,093240,Y,[기재정정]사업보고서 (2019.06),20200130000570,형지엘리트,20200130,연,2020,2020,1
00776820,영원무역,111770,Y,[첨부정정]사업보고서 (2021.12),20220321001505,영원무역,20220321,연,2022,2022,1
00413523,한미글로벌,053690,Y,[기재정정]사업보고서 (2020.12),20210326001219,한미글로벌,20210326,연,2021,2021,1
00413523,한미글로벌,053690,Y,[기재정정]사업보고서 (2021.12),20220816000695,한미글로벌,20220816,연,2022,2022,1
00178754,동아지질,028100,Y,[기재정정]사업보고서 (2019.12),20200605000203,동아지질,20200605,연,2020,2020,1
00406046,HD현대마린엔진,071970,Y,[기재정정]사업보고서 (2018.12),20191120000307,HD현대마린엔진,20191120,연,2019,2019,1
00406046,HD현대마린엔진,071970,Y,[기재정정]사업보고서 (2018.12),20190724000525,HD현대마린엔진,20190724,정연,2019,2019,1
00406046,HD현대마린엔진,071970,Y,[기재정정]사업보고서 (2019.12),20210322000831,HD현대마린엔진,20210322,연,2021,2021,1
00406046,HD현대마린엔진,071970,Y,[기재정정]사업보고서 (2021.12),20220727000136,HD현대마린엔진,20220727,연,2022,2022,1
00406046,HD현대마린엔진,071970,Y,[기재정정]사업보고서 (2022.12),20230712000453,HD현대마린엔진,20230712,연,2023,2023,1
00406046,HD현대마린엔진,071970,Y,[기재정정]사업보고서 (2023.12),20240411003898,HD현대마린엔진,20240411,연,2024,2024,1
00728638,한세실업,105630,Y,[기재정정]사업보고서 (2020.12),20211112000526,한세실업,20211112,연,2021,2021,1
00728638,한세실업,105630,Y,[기재정정]사업보고서 (2021.12),20220324000782,한세실업,20220324,연,2022,2022,1
00753643,주성코퍼레이션,109070,Y,[기재정정]사업보고서 (2017.12),20180608000537,주성코퍼레이션,20180608,연,2018,2018,1
00753643,주성코퍼레이션,109070,Y,[기재정정]사업보고서 (2018.12),20191128000368,주성코퍼레이션,20191128,연,2019,2019,1
00753643,주성코퍼레이션,109070,Y,[첨부정정]사업보고서 (2019.12),20201007000364,주성코퍼레이션,20201007,연,2020,2020,1
00753643,주성코퍼레이션,109070,Y,[기재정정]사업보고서 (2019.12),20201006000580,주성코퍼레이션,20201006,정연,2020,2020,1
00123781,부국철강,026940,Y,[기재정정]사업보고서 (2018.12),20190618000123,부국철강,20190618,,2019,2019,1
00687711,한국철강,104700,Y,[기재정정]사업보고서 (2021.12),20220412002260,한국철강,20220412,,2022,2022,1
00687711,한국철강,104700,Y,[기재정정]사업보고서 (2022.12),20230324001254,한국철강,20230324,,2023,2023,1
00683469,일진전기,103590,Y,[기재정정]사업보고서 (2018.12),20190814001579,일진전기,20190814,연,2019,2019,1
00683469,일진전기,103590,Y,[기재정정]사업보고서 (2020.12),20210329000663,일진전기,20210329,연,2021,2021,1
00105961,LG이노텍,011070,Y,[기재정정]사업보고서 (2020.12),20210310001053,LG이노텍,20210310,연,2021,2021,1
00105961,LG이노텍,011070,Y,[첨부정정]사업보고서 (2023.12),20240313000953,LG이노텍,20240313,연,2024,2024,1
00121039,명문제약,017180,Y,[기재정정]사업보고서 (2017.12),20180626000029,명문제약,20180626,연,2018,2018,1
00121039,명문제약,017180,Y,[기재정정]사업보고서 (2017.12),20180618000104,명문제약,20180618,정연,2018,2018,1
00121039,명문제약,017180,Y,[기재정정]사업보고서 (2018.12),20190814000367,명문제약,20190814,연,2019,2019,1
00121039,명문제약,017180,Y,[기재정정]사업보고서 (2019.12),20200331001577,명문제약,20200331,연,2020,2020,1
00121039,명문제약,017180,Y,[기재정정]사업보고서 (2020.12),20210419000320,명문제약,20210419,연,2021,2021,1
00121039,명문제약,017180,Y,[기재정정]사업보고서 (2020.12),20210331003077,명문제약,20210331,정연,2021,2021,1
00121039,명문제약,017180,Y,[기재정정]사업보고서 (2021.12),20220331000338,명문제약,20220331,연,2022,2022,1
00121039,명문제약,017180,Y,[기재정정]사업보고서 (2022.12),20230811000292,명문제약,20230811,정연,2023,2023,1
00121039,명문제약,017180,Y,[기재정정]사업보고서 (2022.12),20230331000352,명문제약,20230331,정연,2023,2023,1
00121039,명문제약,017180,Y,[기재정정]사업보고서 (2022.12),20240412002739,명문제약,20240412,연,2024,2024,1
00121039,명문제약,017180,Y,[기재정정]사업보고서 (2023.12),20240412001340,명문제약,20240412,연,2024,2024,1
00121039,명문제약,017180,Y,[기재정정]사업보고서 (2023.12),20240329000463,명문제약,20240329,정연,2024,2024,1
00121039,명문제약,017180,Y,[기재정정]사업보고서 (2023.12),20240329000420,명문제약,20240329,정연,2024,2024,1
00520887,비상교육,100220,Y,[기재정정]사업보고서 (2018.12),20190624000211,비상교육,20190624,연,2019,2019,1
00520887,비상교육,100220,Y,[기재정정]사업보고서 (2020.12),20210514000152,비상교육,20210514,연,2021,2021,1
00520887,비상교육,100220,Y,[기재정정]사업보고서 (2021.12),20220712000315,비상교육,20220712,연,2022,2022,1
00679314,동성케미컬,102260,Y,[기재정정]사업보고서 (2017.12),20180703000322,동성케미컬,20180703,연,2018,2018,1
00679314,동성케미컬,102260,Y,[기재정정]사업보고서 (2018.12),20190724000555,동성케미컬,20190724,연,2019,2019,1
00679314,동성케미컬,102260,Y,[기재정정]사업보고서 (2021.12),20220527000618,동성케미컬,20220527,연,2022,2022,1
00231363,LG유플러스,032640,Y,[기재정정]사업보고서 (2023.12),20240313001130,LG유플러스,20240313,연,2024,2024,1
00138792,아시아나항공,020560,Y,[기재정정]사업보고서 (2020.12),20210331000044,아시아나항공,20210331,연,2021,2021,1
00138792,아시아나항공,020560,Y,[기재정정]사업보고서 (2022.12),20230829000707,아시아나항공,20230829,연,2023,2023,1
00138792,아시아나항공,020560,Y,[기재정정]사업보고서 (2022.12),20230324001243,아시아나항공,20230324,정연,2023,2023,1
00138792,아시아나항공,020560,Y,[기재정정]사업보고서 (2023.12),20240325000904,아시아나항공,20240325,연,2024,2024,1
00646732,진양홀딩스,100250,Y,[기재정정]사업보고서 (2017.12),20180402000599,진양홀딩스,20180402,연,2018,2018,1
00172228,엔케이,085310,Y,[기재정정]사업보고서 (2018.12),20190620000075,엔케이,20190620,연,2019,2019,1
00172228,엔케이,085310,Y,[기재정정]사업보고서 (2021.12),20220712000231,엔케이,20220712,연,2022,2022,1
00159218,한전KPS,051600,Y,[기재정정]사업보고서 (2019.12),20200406002229,한전KPS,20200406,연,2020,2020,1
00160232,KSS해운,044450,Y,[기재정정]사업보고서 (2019.12),20210618000417,KSS해운,20210618,연,2021,2021,1
00158963,유나이티드,033270,Y,[기재정정]사업보고서 (2017.12),20180629000583,유나이티드,20180629,,2018,2018,1
00158963,유나이티드,033270,Y,[기재정정]사업보고서 (2022.12),20230317000918,유나이티드,20230317,,2023,2023,1
00112165,디아이씨,092200,Y,[기재정정]사업보고서 (2019.12),20200807000340,디아이씨,20200807,연,2020,2020,1
00112165,디아이씨,092200,Y,[기재정정]사업보고서 (2021.12),20220318000617,디아이씨,20220318,연,2022,2022,1
00635134,CJ제일제당,097950,Y,[기재정정]사업보고서 (2017.12),20180406002292,CJ제일제당,20180406,연,2018,2018,1
00635134,CJ제일제당,097950,Y,[기재정정]사업보고서 (2022.12),20230814001661,CJ제일제당,20230814,연,2023,2023,1
00635134,CJ제일제당,097950,Y,[기재정정]사업보고서 (2022.12),20230417000204,CJ제일제당,20230417,정연,2023,2023,1
00122737,팬오션,028670,Y,[기재정정]사업보고서 (2017.12),20180417000426,팬오션,20180417,연,2018,2018,1
00633835,HJ중공업,097230,Y,[기재정정]사업보고서 (2017.12),20180615000415,HJ중공업,20180615,연,2018,2018,1
00633835,HJ중공업,097230,Y,[기재정정]사업보고서 (2017.12),20180402005378,HJ중공업,20180402,정연,2018,2018,1
00633835,HJ중공업,097230,Y,[기재정정]사업보고서 (2023.12),20240523000216,HJ중공업,20240523,연,2024,2024,1
00633835,HJ중공업,097230,Y,[기재정정]사업보고서 (2023.12),20240322001064,HJ중공업,20240322,정연,2024,2024,1
00631518,SK이노베이션,096770,Y,[첨부정정]사업보고서 (2020.12),20210318001405,SK이노베이션,20210318,연,2021,2021,1
00117027,알루코,001780,Y,[기재정정]사업보고서 (2019.12),20200814002063,알루코,20200814,연,2020,2020,1
00442835,메타랩스,090370,Y,[기재정정]사업보고서 (2018.12),20190719000452,메타랩스,20190719,연,2019,2019,1
00442835,메타랩스,090370,Y,[첨부정정]사업보고서 (2020.12),20210405003124,메타랩스,20210405,연,2021,2021,1
00589127,KEC,092220,Y,[기재정정]사업보고서 (2022.12),20230329001071,KEC,20230329,연,2023,2023,1
00589127,KEC,092220,Y,[기재정정]사업보고서 (2023.12),20240322001053,KEC,20240322,연,2024,2024,1
00589127,KEC,092220,Y,[기재정정]사업보고서 (2023.12),20240321000520,KEC,20240321,정연,2024,2024,1
00357935,HDC현대EP,089470,Y,[기재정정]사업보고서 (2023.12),20240322000680,HDC현대EP,20240322,연,2024,2024,1
00583424,아모레퍼시픽,090430,Y,[기재정정]사업보고서 (2017.12),20180814001068,아모레퍼시픽,20180814,연,2018,2018,1
00583424,아모레퍼시픽,090430,Y,[기재정정]사업보고서 (2019.12),20200429000691,아모레퍼시픽,20200429,연,2020,2020,1
00231372,롯데관광개발,032350,Y,[기재정정]사업보고서 (2017.12),20180615000509,롯데관광개발,20180615,연,2018,2018,1
00231372,롯데관광개발,032350,Y,[기재정정]사업보고서 (2020.12),20220701000479,롯데관광개발,20220701,연,2022,2022,1
00231372,롯데관광개발,032350,Y,[기재정정]사업보고서 (2022.12),20230418000483,롯데관광개발,20230418,,2023,2023,1
00303217,우진플라임,049800,Y,[기재정정]사업보고서 (2020.12),20210331001840,우진플라임,20210331,연,2021,2021,1
00303217,우진플라임,049800,Y,[기재정정]사업보고서 (2023.12),20240704000362,우진플라임,20240704,연,2024,2024,1
00303217,우진플라임,049800,Y,[기재정정]사업보고서 (2023.12),20240329001547,우진플라임,20240329,정연,2024,2024,1
00219486,신세계I&C,035510,Y,[기재정정]사업보고서 (2021.12),20220816001345,신세계I&C,20220816,,2022,2022,1
00219486,신세계I&C,035510,Y,[기재정정]사업보고서 (2022.12),20230814001758,신세계I&C,20230814,연,2023,2023,1
00219486,신세계I&C,035510,Y,[기재정정]사업보고서 (2023.12),20240319000595,신세계I&C,20240319,연,2024,2024,1
00557933,진도,088790,Y,[기재정정]사업보고서 (2021.12),20220328000433,진도,20220328,연,2022,2022,1
00120526,롯데쇼핑,023530,Y,[기재정정]사업보고서 (2019.12),20200814001581,롯데쇼핑,20200814,연,2020,2020,1
00360595,현대글로비스,086280,Y,[기재정정]사업보고서 (2023.12),20240319000815,현대글로비스,20240319,연,2024,2024,1
00409672,티비에이치글로벌,084870,Y,[기재정정]사업보고서 (2020.12),20210318001348,티비에이치글로벌,20210318,,2021,2021,1
00300548,현대리바트,079430,Y,[기재정정]사업보고서 (2017.12),20180619000235,현대리바트,20180619,연,2018,2018,1
00300548,현대리바트,079430,Y,[기재정정]사업보고서 (2017.12),20180423000586,현대리바트,20180423,정연,2018,2018,1
00300548,현대리바트,079430,Y,[기재정정]사업보고서 (2023.12),20240320001190,현대리바트,20240320,연,2024,2024,1
00113225,대한제강,084010,Y,[기재정정]사업보고서 (2017.12),20180404000063,대한제강,20180404,연,2018,2018,1
00113225,대한제강,084010,Y,[기재정정]사업보고서 (2020.12),20210318000302,대한제강,20210318,연,2021,2021,1
00113225,대한제강,084010,Y,[기재정정]사업보고서 (2022.12),20230331003410,대한제강,20230331,연,2023,2023,1
00210856,코아스,071950,Y,[기재정정]사업보고서 (2020.12),20210318000429,코아스,20210318,연,2021,2021,1
00540641,동양고속,084670,Y,[기재정정]사업보고서 (2021.12),20221013000113,동양고속,20221013,연,2022,2022,1
00161383,한미반도체,042700,Y,[기재정정]사업보고서 (2021.12),20220415000576,한미반도체,20220415,연,2022,2022,1
00172936,동일산업,004890,Y,[기재정정]사업보고서 (2020.12),20210323000594,동일산업,20210323,연,2021,2021,1
00172936,동일산업,004890,Y,[기재정정]사업보고서 (2021.12),20220325001115,동일산업,20220325,연,2022,2022,1
00172936,동일산업,004890,Y,[기재정정]사업보고서 (2022.12),20230324000928,동일산업,20230324,연,2023,2023,1
00172936,동일산업,004890,Y,[기재정정]사업보고서 (2023.12),20240322000958,동일산업,20240322,연,2024,2024,1
00128980,삼호개발,010960,Y,[기재정정]사업보고서 (2023.12),20240321001103,삼호개발,20240321,연,2024,2024,1
00481454,금호타이어,073240,Y,[기재정정]사업보고서 (2017.12),20180515002626,금호타이어,20180515,정연,2018,2018,1
00481454,금호타이어,073240,Y,[기재정정]사업보고서 (2018.12),20190627000491,금호타이어,20190627,정연,2019,2019,1
00481454,금호타이어,073240,Y,[기재정정]사업보고서 (2019.12),20200504000397,금호타이어,20200506,연,2020,2020,1
00481454,금호타이어,073240,Y,[기재정정]사업보고서 (2018.12),20200504000163,금호타이어,20200504,연,2020,2020,1
00481454,금호타이어,073240,Y,[기재정정]사업보고서 (2017.12),20200429001485,금호타이어,20200429,연,2020,2020,1
00481454,금호타이어,073240,Y,[기재정정]사업보고서 (2020.12),20210330001151,금호타이어,20210330,연,2021,2021,1
00481454,금호타이어,073240,Y,[첨부정정]사업보고서 (2020.12),20210330001126,금호타이어,20210330,정연,2021,2021,1
00481454,금호타이어,073240,Y,[첨부정정]사업보고서 (2020.12),20210323000140,금호타이어,20210323,정연,2021,2021,1
00481454,금호타이어,073240,Y,[기재정정]사업보고서 (2021.12),20220330001690,금호타이어,20220330,연,2022,2022,1
00481454,금호타이어,073240,Y,[기재정정]사업보고서 (2023.12),20240326000919,금호타이어,20240326,연,2024,2024,1
00303873,CJ CGV,079160,Y,[기재정정]사업보고서 (2018.12),20190702000269,CJ CGV,20190702,연,2019,2019,1
00129642,상신브레이크,041650,Y,[첨부정정]사업보고서 (2021.12),20220318001064,상신브레이크,20220318,연,2022,2022,1
00414601,유니퀘스트,077500,Y,[기재정정]사업보고서 (2017.12),20190320000830,유니퀘스트,20190321,연,2019,2019,1
00414601,유니퀘스트,077500,Y,[기재정정]사업보고서 (2016.12),20190320000632,유니퀘스트,20190320,연,2019,2019,1
00414601,유니퀘스트,077500,Y,[기재정정]사업보고서 (2015.12),20190320000621,유니퀘스트,20190320,연,2019,2019,1
00414601,유니퀘스트,077500,Y,[기재정정]사업보고서 (2014.12),20190320000606,유니퀘스트,20190320,연,2019,2019,1
00414601,유니퀘스트,077500,Y,[기재정정]사업보고서 (2013.12),20190320000593,유니퀘스트,20190320,연,2019,2019,1
00414601,유니퀘스트,077500,Y,[기재정정]사업보고서 (2012.12),20190320000584,유니퀘스트,20190320,연,2019,2019,1
00414601,유니퀘스트,077500,Y,[기재정정]사업보고서 (2011.12),20190320000409,유니퀘스트,20190320,연,2019,2019,1
00353878,다스코,058730,Y,[첨부정정]사업보고서 (2018.12),20200317000866,다스코,20200317,연,2020,2020,1
00353878,다스코,058730,Y,[기재정정]사업보고서 (2018.12),20200317000674,다스코,20200317,정연,2020,2020,1
00353878,다스코,058730,Y,[기재정정]사업보고서 (2021.12),20220405002851,다스코,20220405,연,2022,2022,1
00480455,STX엔진,077970,Y,[기재정정]사업보고서 (2018.12),20190708000358,STX엔진,20190708,연,2019,2019,1
00108913,대교,019680,Y,[기재정정]사업보고서 (2021.12),20220725000180,대교,20220725,연,2022,2022,1
00108913,대교,019680,Y,[기재정정]사업보고서 (2022.12),20230713000378,대교,20230713,연,2023,2023,1
00469799,이엔플러스,074610,Y,[기재정정]사업보고서 (2020.12),20210331001669,이엔플러스,20210331,연,2021,2021,1
00469799,이엔플러스,074610,Y,[기재정정]사업보고서 (2021.12),20220331003484,이엔플러스,20220331,연,2022,2022,1
00469799,이엔플러스,074610,Y,[첨부정정]사업보고서 (2021.12),20220323000895,이엔플러스,20220323,정연,2022,2022,1
00203582,한솔홈데코,025750,Y,[기재정정]사업보고서 (2018.12),20190401004409,한솔홈데코,20190401,연,2019,2019,1
00203582,한솔홈데코,025750,Y,[기재정정]사업보고서 (2020.12),20210331002373,한솔홈데코,20210331,연,2021,2021,1
00203582,한솔홈데코,025750,Y,[기재정정]사업보고서 (2023.12),20240329002820,한솔홈데코,20240329,연,2024,2024,1
00107613,이수페타시스,007660,Y,[기재정정]사업보고서 (2020.12),20210405003044,이수페타시스,20210405,연,2021,2021,1
00255619,강원랜드,035250,Y,[첨부정정]사업보고서 (2020.12),20210323000044,강원랜드,20210323,연,2021,2021,1
00249247,YG PLUS,037270,Y,[기재정정]사업보고서 (2017.12),20180614000766,YG PLUS,20180614,연,2018,2018,1
00416654,유엔젤,072130,Y,[기재정정]사업보고서 (2020.12),20210504000460,유엔젤,20210504,연,2021,2021,1
00416654,유엔젤,072130,Y,[기재정정]사업보고서 (2021.12),20221007000390,유엔젤,20221007,연,2022,2022,1
00261443,NC,036570,Y,[첨부정정]사업보고서 (2017.12),20180402005029,NC,20180402,연,2018,2018,1
00261443,NC,036570,Y,[기재정정]사업보고서 (2018.12),20190531002169,NC,20190603,연,2019,2019,1
00261443,NC,036570,Y,[첨부정정]사업보고서 (2019.12),20200401000539,NC,20200401,연,2020,2020,1
00261443,NC,036570,Y,[기재정정]사업보고서 (2023.12),20240322000989,NC,20240322,연,2024,2024,1
00109161,태경케미컬,006890,Y,[기재정정]사업보고서 (2021.12),20220816000755,태경케미컬,20220816,연,2022,2022,1
00428729,대호에이엘,069460,Y,[첨부정정]사업보고서 (2018.12),20190401004665,대호에이엘,20190401,,2019,2019,1
00428729,대호에이엘,069460,Y,[기재정정]사업보고서 (2022.12),20230711000241,대호에이엘,20230711,정,2023,2023,1
00428729,대호에이엘,069460,Y,[기재정정]사업보고서 (2022.12),20240312000869,대호에이엘,20240312,,2024,2024,1
00427483,대웅제약,069620,Y,[기재정정]사업보고서 (2020.12),20210817000156,대웅제약,20210817,연,2021,2021,1
00204208,마니커,027740,Y,[기재정정]사업보고서 (2020.12),20210419000434,마니커,20210419,연,2021,2021,1
00134510,SJG세종,033530,Y,[기재정정]사업보고서 (2022.12),20230726000502,SJG세종,20230726,연,2023,2023,1
00134510,SJG세종,033530,Y,[기재정정]사업보고서 (2022.12),20230320001100,SJG세종,20230320,정연,2023,2023,1
00155258,포스코스틸리온,058430,Y,[기재정정]사업보고서 (2017.12),20180622000494,포스코스틸리온,20180622,연,2018,2018,1
00423690,삼성출판사,068290,Y,[기재정정]사업보고서 (2022.12),20230713000163,삼성출판사,20230713,,2023,2023,1
00161693,한샘,009240,Y,[기재정정]사업보고서 (2017.12),20180629000751,한샘,20180629,연,2018,2018,1
00161693,한샘,009240,Y,[기재정정]사업보고서 (2020.12),20210319001191,한샘,20210319,연,2021,2021,1
00161693,한샘,009240,Y,[기재정정]사업보고서 (2021.12),20220816002277,한샘,20220816,연,2022,2022,1
00161693,한샘,009240,Y,[기재정정]사업보고서 (2021.12),20220331003635,한샘,20220331,정연,2022,2022,1
00161693,한샘,009240,Y,[기재정정]사업보고서 (2023.12),20240328001271,한샘,20240328,연,2024,2024,1
00142883,우신시스템,017370,Y,[기재정정]사업보고서 (2020.12),20220429001497,우신시스템,20220429,연,2022,2022,1
00142883,우신시스템,017370,Y,[기재정정]사업보고서 (2019.12),20220429001462,우신시스템,20220429,연,2022,2022,1
00142883,우신시스템,017370,Y,[기재정정]사업보고서 (2018.12),20220429001414,우신시스템,20220429,연,2022,2022,1
00142883,우신시스템,017370,Y,[기재정정]사업보고서 (2022.12),20230331002732,우신시스템,20230331,연,2023,2023,1
00142883,우신시스템,017370,Y,[기재정정]사업보고서 (2023.12),20240322000845,우신시스템,20240322,연,2024,2024,1
00401731,LG전자,066570,Y,[첨부정정]사업보고서 (2020.12),20210316001210,LG전자,20210316,연,2021,2021,1
00401731,LG전자,066570,Y,[기재정정]사업보고서 (2021.12),20220316000886,LG전자,20220316,연,2022,2022,1
00220561,광주신세계,037710,Y,[기재정정]사업보고서 (2021.12),20220816000334,광주신세계,20220816,,2022,2022,1
00198697,일진디스플,020760,Y,[기재정정]사업보고서 (2018.12),20190814001365,일진디스플,20190814,,2019,2019,1
00198697,일진디스플,020760,Y,[기재정정]사업보고서 (2022.12),20230714000395,일진디스플,20230714,연,2023,2023,1
00198697,일진디스플,020760,Y,[기재정정]사업보고서 (2022.12),20230327000330,일진디스플,20230327,정연,2023,2023,1
00390055,종근당바이오,063160,Y,[기재정정]사업보고서 (2018.12),20190703000468,종근당바이오,20190703,,2019,2019,1
00390055,종근당바이오,063160,Y,[기재정정]사업보고서 (2019.12),20200814001004,종근당바이오,20200814,연,2020,2020,1
00170558,코웨이,021240,Y,[기재정정]사업보고서 (2018.12),20190814001347,코웨이,20190814,연,2019,2019,1
00170558,코웨이,021240,Y,[기재정정]사업보고서 (2021.12),20220816001433,코웨이,20220816,연,2022,2022,1
00170558,코웨이,021240,Y,[기재정정]사업보고서 (2023.12),20240329002735,코웨이,20240329,연,2024,2024,1
00377610,세아홀딩스,058650,Y,[기재정정]사업보고서 (2021.12),20220802000337,세아홀딩스,20220802,연,2022,2022,1
00377610,세아홀딩스,058650,Y,[기재정정]사업보고서 (2023.12),20240318000571,세아홀딩스,20240318,연,2024,2024,1
00377610,세아홀딩스,058650,Y,[기재정정]사업보고서 (2023.12),20240314000960,세아홀딩스,20240314,정연,2024,2024,1
00356370,LG생활건강,051900,Y,[기재정정]사업보고서 (2021.12),20220516002048,LG생활건강,20220516,연,2022,2022,1
00356361,LG화학,051910,Y,[기재정정]사업보고서 (2019.12),20200330004537,LG화학,20200330,연,2020,2020,1
00356361,LG화학,051910,Y,[기재정정]사업보고서 (2022.12),20230324001178,LG화학,20230324,연,2023,2023,1
00124540,대우건설,047040,Y,[기재정정]사업보고서 (2019.12),20200928000007,대우건설,20200928,정연,2020,2020,1
00124540,대우건설,047040,Y,[기재정정]사업보고서 (2019.12),20200925000661,대우건설,20200925,정연,2020,2020,1
00124540,대우건설,047040,Y,[기재정정]사업보고서 (2019.12),20200925000631,대우건설,20200925,정연,2020,2020,1
00124540,대우건설,047040,Y,[기재정정]사업보고서 (2020.12),20210319001137,대우건설,20210319,연,2021,2021,1
00124540,대우건설,047040,Y,[기재정정]사업보고서 (2019.12),20210120000065,대우건설,20210120,연,2021,2021,1
00124504,포스코인터내셔널,047050,Y,[기재정정]사업보고서 (2017.12),20180611000449,포스코인터내셔널,20180611,연,2018,2018,1
00124504,포스코인터내셔널,047050,Y,[기재정정]사업보고서 (2023.12),20240329001908,포스코인터내셔널,20240329,연,2024,2024,1
00124504,포스코인터내셔널,047050,Y,[기재정정]사업보고서 (2023.12),20240320000001,포스코인터내셔널,20240320,정연,2024,2024,1
00111704,한화오션,042660,Y,[기재정정]사업보고서 (2017.12),20180523000409,한화오션,20180523,연,2018,2018,1
00111704,한화오션,042660,Y,[기재정정]사업보고서 (2017.12),20180403001678,한화오션,20180403,정연,2018,2018,1
00111704,한화오션,042660,Y,[기재정정]사업보고서 (2023.12),20240328000773,한화오션,20240328,연,2024,2024,1
00159616,두산에너빌리티,034020,Y,[기재정정]사업보고서 (2020.12),20240516002209,두산에너빌리티,20240516,연,2024,2024,1
00159616,두산에너빌리티,034020,Y,[기재정정]사업보고서 (2020.12),20240327001232,두산에너빌리티,20240327,정연,2024,2024,1
00159616,두산에너빌리티,034020,Y,[기재정정]사업보고서 (2019.12),20240327001231,두산에너빌리티,20240327,연,2024,2024,1
00159616,두산에너빌리티,034020,Y,[기재정정]사업보고서 (2018.12),20240327001230,두산에너빌리티,20240327,연,2024,2024,1
00159616,두산에너빌리티,034020,Y,[기재정정]사업보고서 (2017.12),20240327001228,두산에너빌리티,20240327,연,2024,2024,1
00159616,두산에너빌리티,034020,Y,[기재정정]사업보고서 (2023.12),20240327001226,두산에너빌리티,20240327,연,2024,2024,1
00160205,한국내화,010040,Y,[기재정정]사업보고서 (2018.12),20190619000060,한국내화,20190619,,2019,2019,1
00161976,한세예스24홀딩스,016450,Y,[기재정정]사업보고서 (2017.12),20180430001799,한세예스24홀딩스,20180430,연,2018,2018,1
00111999,대원제약,003220,Y,[기재정정]사업보고서 (2017.12),20180709000158,대원제약,20180709,연,2018,2018,1
00111999,대원제약,003220,Y,[기재정정]사업보고서 (2017.12),20180402003467,대원제약,20180402,정연,2018,2018,1
00111999,대원제약,003220,Y,[기재정정]사업보고서 (2020.12),20210416000487,대원제약,20210416,연,2021,2021,1
00111999,대원제약,003220,Y,[기재정정]사업보고서 (2020.12),20210331001389,대원제약,20210331,정연,2021,2021,1
00261285,한국가스공사,036460,Y,[기재정정]사업보고서 (2017.12),20180329000730,한국가스공사,20180329,연,2018,2018,1
00261285,한국가스공사,036460,Y,[첨부정정]사업보고서 (2018.12),20190627000267,한국가스공사,20190627,연,2019,2019,1
00261285,한국가스공사,036460,Y,[첨부정정]사업보고서 (2020.12),20210402001462,한국가스공사,20210402,연,2021,2021,1
00261285,한국가스공사,036460,Y,[기재정정]사업보고서 (2021.12),20220325000211,한국가스공사,20220325,연,2022,2022,1
00261285,한국가스공사,036460,Y,[첨부정정]사업보고서 (2021.12),20220325000207,한국가스공사,20220325,정연,2022,2022,1
00261285,한국가스공사,036460,Y,[기재정정]사업보고서 (2023.12),20240325000966,한국가스공사,20240325,연,2024,2024,1
00104786,미래아이앤지,007120,Y,[첨부정정]사업보고서 (2017.12),20180515001992,미래아이앤지,20180515,연,2018,2018,1
00260408,팜스코,036580,Y,[기재정정]사업보고서 (2018.12),20190328000006,팜스코,20190328,연,2019,2019,1
00260408,팜스코,036580,Y,[기재정정]사업보고서 (2019.12),20200331000162,팜스코,20200331,연,2020,2020,1
00260408,팜스코,036580,Y,[기재정정]사업보고서 (2021.12),20230228005108,팜스코,20230228,연,2023,2023,1
00244455,케이티앤지,033780,Y,[기재정정]사업보고서 (2017.12),20180618000160,케이티앤지,20180618,정연,2018,2018,1
00244455,케이티앤지,033780,Y,[기재정정]사업보고서 (2017.12),20180514005933,케이티앤지,20180514,정연,2018,2018,1
00244455,케이티앤지,033780,Y,[기재정정]사업보고서 (2018.12),20190419000443,케이티앤지,20190419,정연,2019,2019,1
00244455,케이티앤지,033780,Y,[기재정정]사업보고서 (2019.12),20201230000735,케이티앤지,20201230,연,2020,2020,1
00244455,케이티앤지,033780,Y,[기재정정]사업보고서 (2018.12),20201230000709,케이티앤지,20201230,연,2020,2020,1
00244455,케이티앤지,033780,Y,[기재정정]사업보고서 (2017.12),20201119000225,케이티앤지,20201119,연,2020,2020,1
00244455,케이티앤지,033780,Y,[기재정정]사업보고서 (2016.12),20201116001970,케이티앤지,20201116,연,2020,2020,1
00244455,케이티앤지,033780,Y,[기재정정]사업보고서 (2015.12),20201116001910,케이티앤지,20201116,연,2020,2020,1
00244455,케이티앤지,033780,Y,[기재정정]사업보고서 (2014.12),20201116001786,케이티앤지,20201116,연,2020,2020,1
00244455,케이티앤지,033780,Y,[기재정정]사업보고서 (2013.12),20201116001743,케이티앤지,20201116,연,2020,2020,1
00244455,케이티앤지,033780,Y,[기재정정]사업보고서 (2012.12),20201116001305,케이티앤지,20201116,연,2020,2020,1
00244455,케이티앤지,033780,Y,[기재정정]사업보고서 (2011.12),20201116001219,케이티앤지,20201116,연,2020,2020,1
00140168,HS애드,035000,Y,[기재정정]사업보고서 (2018.12),20190814000927,HS애드,20190814,연,2019,2019,1
00140168,HS애드,035000,Y,[첨부정정]사업보고서 (2023.12),20240314001750,HS애드,20240314,연,2024,2024,1
00122551,백산,035150,Y,[기재정정]사업보고서 (2020.12),20210420000262,백산,20210420,연,2021,2021,1
00122551,백산,035150,Y,[기재정정]사업보고서 (2021.12),20220712000592,백산,20220712,연,2022,2022,1
00125576,체시스,033250,Y,[기재정정]사업보고서 (2019.06),20200103000436,체시스,20200103,연,2020,2020,1
00190321,케이티,030200,Y,[기재정정]사업보고서 (2021.12),20221006000582,케이티,20221006,연,2022,2022,1
00190321,케이티,030200,Y,[기재정정]사업보고서 (2023.12),20240320002050,케이티,20240320,연,2024,2024,1
00156150,엑시큐어하이트론,019490,Y,[기재정정]사업보고서 (2020.12),20210331002650,엑시큐어하이트론,20210331,,2021,2021,1
00156150,엑시큐어하이트론,019490,Y,[기재정정]사업보고서 (2021.12),20220720000259,엑시큐어하이트론,20220720,,2022,2022,1
00156150,엑시큐어하이트론,019490,Y,[기재정정]사업보고서 (2022.12),20231030000426,엑시큐어하이트론,20231030,,2023,2023,1
00156150,엑시큐어하이트론,019490,Y,[기재정정]사업보고서 (2023.12),20240731000687,엑시큐어하이트론,20240731,,2024,2024,1
00148276,제일기획,030000,Y,[기재정정]사업보고서 (2017.12),20180615000192,제일기획,20180615,연,2018,2018,1
00148276,제일기획,030000,Y,[기재정정]사업보고서 (2020.12),20210409002715,제일기획,20210409,연,2021,2021,1
00148276,제일기획,030000,Y,[기재정정]사업보고서 (2021.12),20220324000651,제일기획,20220324,연,2022,2022,1
00209780,케이씨,029460,Y,[기재정정]사업보고서 (2017.12),20180621000018,케이씨,20180621,연,2018,2018,1
00209780,케이씨,029460,Y,[기재정정]사업보고서 (2018.12),20190715000056,케이씨,20190715,연,2019,2019,1
00209780,케이씨,029460,Y,[기재정정]사업보고서 (2019.12),20201222000443,케이씨,20201222,연,2020,2020,1
00112022,대원화성,024890,Y,[기재정정]사업보고서 (2020.12),20210507000170,대원화성,20210507,연,2021,2021,1
00112022,대원화성,024890,Y,[기재정정]사업보고서 (2019.12),20210506000552,대원화성,20210506,연,2021,2021,1
00112022,대원화성,024890,Y,[기재정정]사업보고서 (2018.12),20210506000547,대원화성,20210506,연,2021,2021,1
00112022,대원화성,024890,Y,[기재정정]사업보고서 (2021.12),20220816001036,대원화성,20220816,연,2022,2022,1
00165583,E1,017940,Y,[기재정정]사업보고서 (2016.12),20180130000268,E1,20180130,연,2018,2018,1
00144164,SK가스,018670,Y,[기재정정]사업보고서 (2017.12),20180704000475,SK가스,20180704,연,2018,2018,1
00144164,SK가스,018670,Y,[기재정정]사업보고서 (2023.12),20240320001478,SK가스,20240320,연,2024,2024,1
00176914,다우기술,023590,Y,[기재정정]사업보고서 (2018.12),20190508000438,다우기술,20190508,정연,2019,2019,1
00176914,다우기술,023590,Y,[기재정정]사업보고서 (2018.12),20190418000523,다우기술,20190418,정연,2019,2019,1
00176914,다우기술,023590,Y,[기재정정]사업보고서 (2018.12),20190401005158,다우기술,20190401,정연,2019,2019,1
00176914,다우기술,023590,Y,[기재정정]사업보고서 (2020.12),20210324000853,다우기술,20210324,정연,2021,2021,1
00176914,다우기술,023590,Y,[기재정정]사업보고서 (2019.12),20210317001042,다우기술,20210317,연,2021,2021,1
00176914,다우기술,023590,Y,[기재정정]사업보고서 (2018.12),20210317001023,다우기술,20210317,연,2021,2021,1
00176914,다우기술,023590,Y,[기재정정]사업보고서 (2017.12),20210317001007,다우기술,20210317,연,2021,2021,1
00176914,다우기술,023590,Y,[기재정정]사업보고서 (2016.12),20210317000989,다우기술,20210317,연,2021,2021,1
00176914,다우기술,023590,Y,[기재정정]사업보고서 (2015.12),20210317000959,다우기술,20210317,연,2021,2021,1
00176914,다우기술,023590,Y,[기재정정]사업보고서 (2021.12),20220324000698,다우기술,20220324,연,2022,2022,1
00176914,다우기술,023590,Y,[기재정정]사업보고서 (2020.12),20240226005760,다우기술,20240226,연,2024,2024,1
00139889,SKC,011790,Y,[기재정정]사업보고서 (2020.12),20210423000677,SKC,20210423,연,2021,2021,1
00139889,SKC,011790,Y,[기재정정]사업보고서 (2021.12),20220816001935,SKC,20220816,연,2022,2022,1
00139889,SKC,011790,Y,[기재정정]사업보고서 (2023.12),20240409003864,SKC,20240409,연,2024,2024,1
00159564,한국주강,025890,Y,[기재정정]사업보고서 (2021.12),20220325001050,한국주강,20220325,,2022,2022,1
00114154,디와이덕양,024900,Y,[기재정정]사업보고서 (2017.12),20181026000311,디와이덕양,20181026,연,2018,2018,1
00114154,디와이덕양,024900,Y,[기재정정]사업보고서 (2020.12),20210609000312,디와이덕양,20210609,연,2021,2021,1
00114154,디와이덕양,024900,Y,[기재정정]사업보고서 (2021.12),20220404002273,디와이덕양,20220404,연,2022,2022,1
00114154,디와이덕양,024900,Y,[기재정정]사업보고서 (2022.12),20230320000948,디와이덕양,20230320,연,2023,2023,1
00121969,에쓰씨엔지니어링,023960,Y,[기재정정]사업보고서 (2018.12),20200228005967,에쓰씨엔지니어링,20200228,연,2020,2020,1
00121969,에쓰씨엔지니어링,023960,Y,[첨부정정]사업보고서 (2020.12),20210325000778,에쓰씨엔지니어링,20210325,,2021,2021,1
00121969,에쓰씨엔지니어링,023960,Y,[기재정정]사업보고서 (2021.12),20220726000333,에쓰씨엔지니어링,20220726,연,2022,2022,1
00121969,에쓰씨엔지니어링,023960,Y,[기재정정]사업보고서 (2023.12),20240328001322,에쓰씨엔지니어링,20240328,연,2024,2024,1
00186559,아이티센씨티에스,031820,Y,[기재정정]사업보고서 (2016.12),20180104000258,아이티센씨티에스,20180104,연,2018,2018,1
00186559,아이티센씨티에스,031820,Y,[기재정정]사업보고서 (2020.12),20210322000972,아이티센씨티에스,20210322,연,2021,2021,1
00181943,에스제이엠홀딩스,025530,Y,[기재정정]사업보고서 (2021.12),20221223000367,에스제이엠홀딩스,20221223,연,2022,2022,1
00164779,SK하이닉스,000660,Y,[기재정정]사업보고서 (2017.12),20180615000111,SK하이닉스,20180615,연,2018,2018,1
00164779,SK하이닉스,000660,Y,[기재정정]사업보고서 (2018.12),20190404002329,SK하이닉스,20190404,연,2019,2019,1
00164779,SK하이닉스,000660,Y,[기재정정]사업보고서 (2020.12),20210330000776,SK하이닉스,20210330,연,2021,2021,1
00115065,동남합성,023450,Y,[기재정정]사업보고서 (2021.12),20220808000217,동남합성,20220808,,2022,2022,1
00126308,삼성E&A,028050,Y,[기재정정]사업보고서 (2017.12),20180417000445,삼성E&A,20180417,정연,2018,2018,1
00126308,삼성E&A,028050,Y,[기재정정]사업보고서 (2016.12),20180417000432,삼성E&A,20180417,정연,2018,2018,1
00126308,삼성E&A,028050,Y,[기재정정]사업보고서 (2020.12),20210517002076,삼성E&A,20210517,연,2021,2021,1
00126308,삼성E&A,028050,Y,[기재정정]사업보고서 (2019.12),20210517002064,삼성E&A,20210517,연,2021,2021,1
00126308,삼성E&A,028050,Y,[기재정정]사업보고서 (2018.12),20210517002048,삼성E&A,20210517,연,2021,2021,1
00126308,삼성E&A,028050,Y,[기재정정]사업보고서 (2017.12),20210517002027,삼성E&A,20210517,연,2021,2021,1
00126308,삼성E&A,028050,Y,[기재정정]사업보고서 (2016.12),20210517001985,삼성E&A,20210517,연,2021,2021,1
00126308,삼성E&A,028050,Y,[기재정정]사업보고서 (2022.12),20230831001403,삼성E&A,20230831,연,2023,2023,1
00126308,삼성E&A,028050,Y,[기재정정]사업보고서 (2023.12),20240329003421,삼성E&A,20240329,연,2024,2024,1
00126308,삼성E&A,028050,Y,[기재정정]사업보고서 (2023.12),20240314001768,삼성E&A,20240314,정연,2024,2024,1
00168331,온타이드,005320,Y,[기재정정]사업보고서 (2020.12),20210504000389,온타이드,20210504,정연,2021,2021,1
00168331,온타이드,005320,Y,[기재정정]사업보고서 (2020.12),20220318001096,온타이드,20220318,연,2022,2022,1
00168331,온타이드,005320,Y,[기재정정]사업보고서 (2019.12),20220318001089,온타이드,20220318,연,2022,2022,1
00168331,온타이드,005320,Y,[기재정정]사업보고서 (2018.12),20220318001083,온타이드,20220318,연,2022,2022,1
00142865,WISCOM,024070,Y,[기재정정]사업보고서 (2019.12),20200330002728,WISCOM,20200330,연,2020,2020,1
00197759,미래산업,025560,Y,[기재정정]사업보고서 (2019.12),20201223000687,미래산업,20201223,정연,2020,2020,1
00197759,미래산업,025560,Y,[기재정정]사업보고서 (2019.12),20210111000674,미래산업,20210111,연,2021,2021,1
00197759,미래산업,025560,Y,[기재정정]사업보고서 (2021.12),20221006000468,미래산업,20221006,연,2022,2022,1
00152729,광전자,017900,Y,[기재정정]사업보고서 (2023.12),20240315000438,광전자,20240315,연,2024,2024,1
00157070,한국단자공업,025540,Y,[기재정정]사업보고서 (2023.12),20240325000553,한국단자공업,20240325,연,2024,2024,1
00118275,디아이,003160,Y,[기재정정]사업보고서 (2021.12),20230309000380,디아이,20230309,연,2023,2023,1
00118275,디아이,003160,Y,[기재정정]사업보고서 (2020.12),20230309000372,디아이,20230309,연,2023,2023,1
00118275,디아이,003160,Y,[기재정정]사업보고서 (2019.12),20230309000368,디아이,20230309,연,2023,2023,1
00118275,디아이,003160,Y,[기재정정]사업보고서 (2018.12),20230309000365,디아이,20230309,연,2023,2023,1
00118275,디아이,003160,Y,[기재정정]사업보고서 (2017.12),20230309000360,디아이,20230309,연,2023,2023,1
00118275,디아이,003160,Y,[기재정정]사업보고서 (2016.12),20230309000359,디아이,20230309,연,2023,2023,1
00118275,디아이,003160,Y,[기재정정]사업보고서 (2015.12),20230309000352,디아이,20230309,연,2023,2023,1
00118275,디아이,003160,Y,[기재정정]사업보고서 (2014.12),20230309000346,디아이,20230309,연,2023,2023,1
00118275,디아이,003160,Y,[기재정정]사업보고서 (2013.12),20230309000336,디아이,20230309,연,2023,2023,1
00136271,신성이엔지,011930,Y,[기재정정]사업보고서 (2017.12),20180713000462,신성이엔지,20180713,정연,2018,2018,1
00136271,신성이엔지,011930,Y,[기재정정]사업보고서 (2017.12),20180420000431,신성이엔지,20180420,정연,2018,2018,1
00136271,신성이엔지,011930,Y,[첨부정정]사업보고서 (2020.12),20210621000284,신성이엔지,20210621,연,2021,2021,1
00136271,신성이엔지,011930,Y,[첨부정정]사업보고서 (2019.12),20210621000279,신성이엔지,20210621,연,2021,2021,1
00136271,신성이엔지,011930,Y,[첨부정정]사업보고서 (2018.12),20210621000273,신성이엔지,20210621,연,2021,2021,1
00136271,신성이엔지,011930,Y,[첨부정정]사업보고서 (2017.12),20210621000264,신성이엔지,20210621,연,2021,2021,1
00136271,신성이엔지,011930,Y,[첨부정정]사업보고서 (2016.12),20210621000259,신성이엔지,20210621,연,2021,2021,1
00136271,신성이엔지,011930,Y,[기재정정]사업보고서 (2020.12),20210322000367,신성이엔지,20210322,정연,2021,2021,1
00136271,신성이엔지,011930,Y,[기재정정]사업보고서 (2021.12),20220713000340,신성이엔지,20220713,연,2022,2022,1
00161125,한온시스템,018880,Y,[기재정정]사업보고서 (2018.12),20190409002102,한온시스템,20190409,연,2019,2019,1
00161125,한온시스템,018880,Y,[기재정정]사업보고서 (2021.12),20220816000770,한온시스템,20220816,연,2022,2022,1
00161125,한온시스템,018880,Y,[기재정정]사업보고서 (2022.12),20230515000867,한온시스템,20230515,연,2023,2023,1
00141404,블루산업개발,006740,Y,[기재정정]사업보고서 (2020.12),20210323000566,블루산업개발,20210323,연,2021,2021,1
00141404,블루산업개발,006740,Y,[기재정정]사업보고서 (2022.12),20230712000496,블루산업개발,20230712,연,2023,2023,1
00141404,블루산업개발,006740,Y,[기재정정]사업보고서 (2022.12),20230712000488,블루산업개발,20230712,정연,2023,2023,1
00141404,블루산업개발,006740,Y,[기재정정]사업보고서 (2022.12),20230331004201,블루산업개발,20230331,정연,2023,2023,1
00141404,블루산업개발,006740,Y,[첨부정정]사업보고서 (2023.12),20240321000051,블루산업개발,20240321,연,2024,2024,1
00134316,세원정공,021820,Y,[기재정정]사업보고서 (2018.06),20181018000325,세원정공,20181018,정연,2018,2018,1
00134316,세원정공,021820,Y,[기재정정]사업보고서 (2019.06),20191231000034,세원정공,20191231,정연,2019,2019,1
00134316,세원정공,021820,Y,[기재정정]사업보고서 (2022.06),20230228006867,세원정공,20230302,연,2023,2023,1
00134316,세원정공,021820,Y,[기재정정]사업보고서 (2021.06),20230228006856,세원정공,20230302,연,2023,2023,1
00134316,세원정공,021820,Y,[기재정정]사업보고서 (2020.06),20230228006838,세원정공,20230228,연,2023,2023,1
00134316,세원정공,021820,Y,[기재정정]사업보고서 (2019.06),20230228006816,세원정공,20230228,연,2023,2023,1
00134316,세원정공,021820,Y,[기재정정]사업보고서 (2018.06),20230228006791,세원정공,20230228,연,2023,2023,1
00134316,세원정공,021820,Y,[기재정정]사업보고서 (2024.06),20241122000438,세원정공,20241122,정연,2024,2024,1
00140131,키다리스튜디오,020120,Y,[기재정정]사업보고서 (2018.12),20190418000517,키다리스튜디오,20190418,,2019,2019,1
00140131,키다리스튜디오,020120,Y,[기재정정]사업보고서 (2018.12),20190401005014,키다리스튜디오,20190401,정,2019,2019,1
00188089,한섬,020000,Y,[기재정정]사업보고서 (2021.12),20220816002184,한섬,20220816,연,2022,2022,1
00164724,현대엘리베이터,017800,Y,[기재정정]사업보고서 (2017.12),20180814001528,현대엘리베이터,20180814,연,2018,2018,1
00102432,계룡건설산업,013580,Y,[기재정정]사업보고서 (2018.12),20190401005146,계룡건설산업,20190401,연,2019,2019,1
00102432,계룡건설산업,013580,Y,[기재정정]사업보고서 (2020.12),20211025000143,계룡건설산업,20211025,연,2021,2021,1
00131197,서원,021050,Y,[기재정정]사업보고서 (2020.12),20210316000275,서원,20210316,연,2021,2021,1
00131197,서원,021050,Y,[기재정정]사업보고서 (2021.12),20230309000649,서원,20230309,연,2023,2023,1
00135777,신대양제지,016590,Y,[기재정정]사업보고서 (2022.12),20230905000316,신대양제지,20230905,연,2023,2023,1
00135777,신대양제지,016590,Y,[기재정정]사업보고서 (2018.12),20230217001599,신대양제지,20230217,연,2023,2023,1
00135777,신대양제지,016590,Y,[기재정정]사업보고서 (2017.12),20230217001593,신대양제지,20230217,연,2023,2023,1
00135777,신대양제지,016590,Y,[기재정정]사업보고서 (2016.12),20230217001583,신대양제지,20230217,연,2023,2023,1
00144720,와이투솔루션,011690,Y,[기재정정]사업보고서 (2018.12),20190613000369,와이투솔루션,20190613,연,2019,2019,1
00118008,동원금속,018500,Y,[기재정정]사업보고서 (2019.03),20200116000259,동원금속,20200116,연,2020,2020,1
00118008,동원금속,018500,Y,[기재정정]사업보고서 (2021.03),20210706000358,동원금속,20210706,연,2021,2021,1
00132868,우성머티리얼스,011300,Y,[기재정정]사업보고서 (2019.12),20220218001138,우성머티리얼스,20220218,연,2022,2022,1
00164645,HMM,011200,Y,[기재정정]사업보고서 (2017.12),20180907000532,HMM,20180907,연,2018,2018,1
00164645,HMM,011200,Y,[기재정정]사업보고서 (2016.12),20180907000531,HMM,20180907,연,2018,2018,1
00164645,HMM,011200,Y,[기재정정]사업보고서 (2015.12),20180907000529,HMM,20180907,연,2018,2018,1
00164645,HMM,011200,Y,[기재정정]사업보고서 (2014.12),20180907000528,HMM,20180907,연,2018,2018,1
00164645,HMM,011200,Y,[기재정정]사업보고서 (2022.12),20230714000061,HMM,20230714,연,2023,2023,1
00164645,HMM,011200,Y,[기재정정]사업보고서 (2023.12),20240328001188,HMM,20240328,연,2024,2024,1
00102113,경인양행,012610,Y,[기재정정]사업보고서 (2020.12),20210331000615,경인양행,20210331,연,2021,2021,1
00102113,경인양행,012610,Y,[기재정정]사업보고서 (2021.12),20220330000263,경인양행,20220330,연,2022,2022,1
00155355,풀무원,017810,Y,[기재정정]사업보고서 (2020.12),20210616000380,풀무원,20210616,연,2021,2021,1
00130684,서울도시가스,017390,Y,[기재정정]사업보고서 (2023.12),20240319000303,서울도시가스,20240319,연,2024,2024,1
00139764,에넥스,011090,Y,[기재정정]사업보고서 (2023.12),20240321001860,에넥스,20240321,연,2024,2024,1
00152385,에이프로젠,007460,Y,[기재정정]사업보고서 (2019.12),20201113000797,에이프로젠,20201113,연,2020,2020,1
00136776,차AI헬스케어,025620,Y,[기재정정]사업보고서 (2017.12),20180814002959,차AI헬스케어,20180814,,2018,2018,1
00136776,차AI헬스케어,025620,Y,[기재정정]사업보고서 (2018.12),20191031000400,차AI헬스케어,20191031,연,2019,2019,1
00136776,차AI헬스케어,025620,Y,[기재정정]사업보고서 (2018.12),20190814002215,차AI헬스케어,20190814,정연,2019,2019,1
00136776,차AI헬스케어,025620,Y,[기재정정]사업보고서 (2021.12),20220816002378,차AI헬스케어,20220816,연,2022,2022,1
00136776,차AI헬스케어,025620,Y,[기재정정]사업보고서 (2021.12),20220331003404,차AI헬스케어,20220331,정연,2022,2022,1
00159795,한국카본,017960,Y,[기재정정]사업보고서 (2018.12),20190711000324,한국카본,20190711,연,2019,2019,1
00147860,에스엠벡셀,010580,Y,[기재정정]사업보고서 (2020.12),20210819000375,에스엠벡셀,20210820,,2021,2021,1
00147860,에스엠벡셀,010580,Y,[기재정정]사업보고서 (2019.12),20210811000351,에스엠벡셀,20210811,,2021,2021,1
00121570,문배철강,008420,Y,[기재정정]사업보고서 (2017.12),20180611000284,문배철강,20180611,,2018,2018,1
00121570,문배철강,008420,Y,[기재정정]사업보고서 (2018.12),20190618000154,문배철강,20190618,,2019,2019,1
00121570,문배철강,008420,Y,[첨부정정]사업보고서 (2020.12),20210312000680,문배철강,20210312,,2021,2021,1
00161116,HL D&I,014790,Y,[기재정정]사업보고서 (2020.12),20210422000308,HL D&I,20210422,연,2021,2021,1
00146542,일정실업,008500,Y,[기재정정]사업보고서 (2017.12),20180330000900,일정실업,20180330,연,2018,2018,1
00146542,일정실업,008500,Y,[기재정정]사업보고서 (2017.12),20180330000879,일정실업,20180330,정연,2018,2018,1
00146542,일정실업,008500,Y,[기재정정]사업보고서 (2020.12),20210506000464,일정실업,20210506,연,2021,2021,1
00146542,일정실업,008500,Y,[기재정정]사업보고서 (2020.12),20210330000743,일정실업,20210330,정연,2021,2021,1
00146542,일정실업,008500,Y,[기재정정]사업보고서 (2021.12),20240321001893,일정실업,20240321,연,2024,2024,1
00146542,일정실업,008500,Y,[기재정정]사업보고서 (2022.12),20240321001879,일정실업,20240321,연,2024,2024,1
00105855,엘에스일렉트릭,010120,Y,[기재정정]사업보고서 (2018.12),20190401004824,엘에스일렉트릭,20190401,연,2019,2019,1
00105855,엘에스일렉트릭,010120,Y,[기재정정]사업보고서 (2023.12),20240326000494,엘에스일렉트릭,20240326,연,2024,2024,1
00111111,대양금속,009190,Y,[기재정정]사업보고서 (2017.12),20180615000370,대양금속,20180615,,2018,2018,1
00111111,대양금속,009190,Y,[기재정정]사업보고서 (2019.12),20200814001420,대양금속,20200814,,2020,2020,1
00111111,대양금속,009190,Y,[기재정정]사업보고서 (2020.12),20210323001091,대양금속,20210323,정,2021,2021,1
00111111,대양금속,009190,Y,[기재정정]사업보고서 (2020.12),20220422000699,대양금속,20220422,,2022,2022,1
00145686,이화산업,000760,Y,[기재정정]사업보고서 (2020.12),20210326001259,이화산업,20210326,정연,2021,2021,1
00145686,이화산업,000760,Y,[기재정정]사업보고서 (2022.12),20240315000810,이화산업,20240315,연,2024,2024,1
00145686,이화산업,000760,Y,[기재정정]사업보고서 (2021.12),20240315000770,이화산업,20240315,연,2024,2024,1
00145686,이화산업,000760,Y,[기재정정]사업보고서 (2020.12),20240315000757,이화산업,20240315,연,2024,2024,1
00145686,이화산업,000760,Y,[기재정정]사업보고서 (2019.12),20240314000617,이화산업,20240314,연,2024,2024,1
00132637,동원시스템즈,014820,Y,[기재정정]사업보고서 (2021.12),20220510000724,동원시스템즈,20220510,연,2022,2022,1
00132637,동원시스템즈,014820,Y,[첨부정정]사업보고서 (2021.12),20220324000294,동원시스템즈,20220324,정연,2022,2022,1
00126478,삼성중공업,010140,Y,[기재정정]사업보고서 (2023.12),20240315000850,삼성중공업,20240315,연,2024,2024,1
00151128,모토닉,009680,Y,[기재정정]사업보고서 (2017.12),20200724000009,모토닉,20200724,연,2020,2020,1
00151128,모토닉,009680,Y,[기재정정]사업보고서 (2016.12),20200724000008,모토닉,20200724,연,2020,2020,1
00151128,모토닉,009680,Y,[기재정정]사업보고서 (2015.12),20200724000007,모토닉,20200724,연,2020,2020,1
00151128,모토닉,009680,Y,[기재정정]사업보고서 (2014.12),20200724000006,모토닉,20200724,연,2020,2020,1
00151128,모토닉,009680,Y,[기재정정]사업보고서 (2013.12),20200724000005,모토닉,20200724,연,2020,2020,1
00101488,경동나비엔,009450,Y,[기재정정]사업보고서 (2020.12),20210419000238,경동나비엔,20210419,연,2021,2021,1
00101488,경동나비엔,009450,Y,[첨부정정]사업보고서 (2020.12),20210319000017,경동나비엔,20210319,정연,2021,2021,1
00101488,경동나비엔,009450,Y,[기재정정]사업보고서 (2023.12),20240319000499,경동나비엔,20240319,연,2024,2024,1
00125150,SGC에너지,005090,Y,[기재정정]사업보고서 (2017.12),20181105000418,SGC에너지,20181106,연,2018,2018,1
00125150,SGC에너지,005090,Y,[기재정정]사업보고서 (2021.12),20220812000745,SGC에너지,20220812,연,2022,2022,1
00109754,대림바스,005750,Y,[첨부정정]사업보고서 (2020.12),20210318001112,대림바스,20210318,연,2021,2021,1
00113535,대한해운,005880,Y,[기재정정]사업보고서 (2018.12),20200318000678,대한해운,20200318,연,2020,2020,1
00111421,휴니드테크놀러지스,005870,Y,[기재정정]사업보고서 (2018.12),20191016000377,휴니드테크놀러지스,20191016,,2019,2019,1
00111421,휴니드테크놀러지스,005870,Y,[기재정정]사업보고서 (2017.12),20191016000372,휴니드테크놀러지스,20191016,,2019,2019,1
00135111,수산세보틱스,017550,Y,[첨부정정]사업보고서 (2017.12),20181016000110,수산세보틱스,20181016,연,2018,2018,1
00135111,수산세보틱스,017550,Y,[기재정정]사업보고서 (2017.12),20180330002208,수산세보틱스,20180330,정연,2018,2018,1
00135111,수산세보틱스,017550,Y,[기재정정]사업보고서 (2019.12),20200330003516,수산세보틱스,20200330,연,2020,2020,1
00165413,롯데케미칼,011170,Y,[기재정정]사업보고서 (2018.12),20190726000472,롯데케미칼,20190726,연,2019,2019,1
00165413,롯데케미칼,011170,Y,[기재정정]사업보고서 (2019.12),20200331002363,롯데케미칼,20200331,연,2020,2020,1
00165413,롯데케미칼,011170,Y,[기재정정]사업보고서 (2022.12),20230321001511,롯데케미칼,20230321,연,2023,2023,1
00165413,롯데케미칼,011170,Y,[기재정정]사업보고서 (2023.12),20240401004380,롯데케미칼,20240401,연,2024,2024,1
00106669,세아베스틸지주,001430,Y,[기재정정]사업보고서 (2018.12),20190401005181,세아베스틸지주,20190401,연,2019,2019,1
00165680,호텔신라,008770,Y,[기재정정]사업보고서 (2021.12),20220310000632,호텔신라,20220310,연,2022,2022,1
00166272,화승코퍼레이션,013520,Y,[첨부정정]사업보고서 (2021.12),20220328000684,화승코퍼레이션,20220328,연,2022,2022,1
00173795,신흥,004080,Y,[기재정정]사업보고서 (2022.12),20230411002838,신흥,20230411,연,2023,2023,1
00166227,화승인더스트리,006060,Y,[기재정정]사업보고서 (2019.12),20200402002415,화승인더스트리,20200402,연,2020,2020,1
00166227,화승인더스트리,006060,Y,[기재정정]사업보고서 (2021.12),20220812000471,화승인더스트리,20220812,연,2022,2022,1
00102751,고려산업,002140,Y,[기재정정]사업보고서 (2023.12),20240318000158,고려산업,20240318,연,2024,2024,1
00113614,대현,016090,Y,[기재정정]사업보고서 (2020.12),20210419000142,대현,20210419,,2021,2021,1
00113614,대현,016090,Y,[기재정정]사업보고서 (2023.12),20240329000905,대현,20240329,,2024,2024,1
00103662,광명전기,017040,Y,[기재정정]사업보고서 (2017.12),20190314000279,광명전기,20190314,정연,2019,2019,1
00103662,광명전기,017040,Y,[기재정정]사업보고서 (2016.12),20190314000275,광명전기,20190314,정연,2019,2019,1
00103662,광명전기,017040,Y,[기재정정]사업보고서 (2021.12),20241114000278,광명전기,20241114,연,2024,2024,1
00103662,광명전기,017040,Y,[기재정정]사업보고서 (2020.12),20241114000271,광명전기,20241114,연,2024,2024,1
00103662,광명전기,017040,Y,[기재정정]사업보고서 (2019.12),20241114000265,광명전기,20241114,연,2024,2024,1
00103662,광명전기,017040,Y,[기재정정]사업보고서 (2018.12),20241114000237,광명전기,20241114,연,2024,2024,1
00103662,광명전기,017040,Y,[기재정정]사업보고서 (2017.12),20241114000230,광명전기,20241114,연,2024,2024,1
00103662,광명전기,017040,Y,[기재정정]사업보고서 (2016.12),20241114000221,광명전기,20241114,연,2024,2024,1
00103662,광명전기,017040,Y,[기재정정]사업보고서 (2022.12),20241113000753,광명전기,20241113,연,2024,2024,1
00103662,광명전기,017040,Y,[기재정정]사업보고서 (2023.12),20241113000752,광명전기,20241113,연,2024,2024,1
00138297,STX,011810,Y,[기재정정]사업보고서 (2018.12),20190709000327,STX,20190709,연,2019,2019,1
00138297,STX,011810,Y,[기재정정]사업보고서 (2021.12),20220331003200,STX,20220331,연,2022,2022,1
00102858,고려아연,010130,Y,[기재정정]사업보고서 (2017.12),20180405000065,고려아연,20180405,연,2018,2018,1
00102858,고려아연,010130,Y,[기재정정]사업보고서 (2023.12),20240328001400,고려아연,20240328,연,2024,2024,1
00168401,금비,008870,Y,[기재정정]사업보고서 (2018.09),20191230000117,금비,20191230,연,2019,2019,1
00168401,금비,008870,Y,[기재정정]사업보고서 (2021.09),20211222000233,금비,20211222,연,2021,2021,1
00143794,원림,005820,Y,[기재정정]사업보고서 (2021.12),20220930000156,원림,20220930,연,2022,2022,1
00143794,원림,005820,Y,[기재정정]사업보고서 (2023.12),20240326000661,원림,20240326,연,2024,2024,1
00169048,HLB글로벌,003580,Y,[기재정정]사업보고서 (2017.12),20180830000974,HLB글로벌,20180830,,2018,2018,1
00169048,HLB글로벌,003580,Y,[기재정정]사업보고서 (2016.12),20180830000951,HLB글로벌,20180830,,2018,2018,1
00169048,HLB글로벌,003580,Y,[기재정정]사업보고서 (2019.12),20200515002473,HLB글로벌,20200515,연,2020,2020,1
00111458,대영포장,014160,Y,[기재정정]사업보고서 (2021.12),20220322000600,대영포장,20220322,,2022,2022,1
00111458,대영포장,014160,Y,[기재정정]사업보고서 (2021.12),20220322000531,대영포장,20220322,정,2022,2022,1
00137359,신풍제약,019170,Y,[기재정정]사업보고서 (2017.12),20180611000428,신풍제약,20180611,정연,2018,2018,1
00137359,신풍제약,019170,Y,[기재정정]사업보고서 (2019.12),20201016000315,신풍제약,20201016,정연,2020,2020,1
00137359,신풍제약,019170,Y,[기재정정]사업보고서 (2018.12),20201016000310,신풍제약,20201016,정연,2020,2020,1
00137359,신풍제약,019170,Y,[기재정정]사업보고서 (2017.12),20201016000303,신풍제약,20201016,정연,2020,2020,1
00137359,신풍제약,019170,Y,[기재정정]사업보고서 (2022.12),20230712000270,신풍제약,20230712,연,2023,2023,1
00137359,신풍제약,019170,Y,[기재정정]사업보고서 (2022.12),20230502000039,신풍제약,20230502,정연,2023,2023,1
00137359,신풍제약,019170,Y,[기재정정]사업보고서 (2022.12),20230502000023,신풍제약,20230502,정연,2023,2023,1
00137359,신풍제약,019170,Y,[기재정정]사업보고서 (2021.12),20230502000020,신풍제약,20230502,연,2023,2023,1
00137359,신풍제약,019170,Y,[기재정정]사업보고서 (2020.12),20230502000018,신풍제약,20230502,연,2023,2023,1
00137359,신풍제약,019170,Y,[기재정정]사업보고서 (2019.12),20230502000016,신풍제약,20230502,연,2023,2023,1
00137359,신풍제약,019170,Y,[기재정정]사업보고서 (2018.12),20230502000014,신풍제약,20230502,연,2023,2023,1
00137359,신풍제약,019170,Y,[기재정정]사업보고서 (2017.12),20230502000010,신풍제약,20230502,연,2023,2023,1
00137359,신풍제약,019170,Y,[기재정정]사업보고서 (2016.12),20230502000006,신풍제약,20230502,연,2023,2023,1
00137359,신풍제약,019170,Y,[기재정정]사업보고서 (2015.12),20230502000004,신풍제약,20230502,연,2023,2023,1
00137359,신풍제약,019170,Y,[기재정정]사업보고서 (2023.12),20240322000888,신풍제약,20240322,연,2024,2024,1
00116268,동성제약,002210,Y,[기재정정]사업보고서 (2018.12),20190710000329,동성제약,20190710,,2019,2019,1
00116268,동성제약,002210,Y,[기재정정]사업보고서 (2021.12),20220328000201,동성제약,20220328,,2022,2022,1
00116268,동성제약,002210,Y,[기재정정]사업보고서 (2021.12),20220318001102,동성제약,20220318,정,2022,2022,1
00116268,동성제약,002210,Y,[기재정정]사업보고서 (2022.12),20230331003352,동성제약,20230331,,2023,2023,1
00145437,아센디오,012170,Y,[기재정정]사업보고서 (2017.12),20180411002424,아센디오,20180411,연,2018,2018,1
00145437,아센디오,012170,Y,[첨부정정]사업보고서 (2017.12),20180402004680,아센디오,20180402,정연,2018,2018,1
00145437,아센디오,012170,Y,[기재정정]사업보고서 (2020.12),20210416000602,아센디오,20210416,연,2021,2021,1
00145437,아센디오,012170,Y,[기재정정]사업보고서 (2019.12),20210203000514,아센디오,20210203,정연,2021,2021,1
00145437,아센디오,012170,Y,[기재정정]사업보고서 (2021.12),20220816002550,아센디오,20220816,연,2022,2022,1
00145437,아센디오,012170,Y,[기재정정]사업보고서 (2023.12),20240801000257,아센디오,20240801,연,2024,2024,1
00145437,아센디오,012170,Y,[기재정정]사업보고서 (2023.12),20240731000745,아센디오,20240731,정연,2024,2024,1
00162586,한올바이오파마,009420,Y,[기재정정]사업보고서 (2021.12),20220816001546,한올바이오파마,20220816,연,2022,2022,1
00137207,유니켐,011330,Y,[기재정정]사업보고서 (2019.12),20200514000338,유니켐,20200514,연,2020,2020,1
00137207,유니켐,011330,Y,[기재정정]사업보고서 (2022.12),20230329000065,유니켐,20230329,연,2023,2023,1
00112651,대창,012800,Y,[기재정정]사업보고서 (2018.12),20190625000399,대창,20190625,연,2019,2019,1
00129420,까뮤이앤씨,013700,Y,[기재정정]사업보고서 (2017.12),20181204000264,까뮤이앤씨,20181204,,2018,2018,1
00129420,까뮤이앤씨,013700,Y,[기재정정]사업보고서 (2016.12),20181204000257,까뮤이앤씨,20181204,,2018,2018,1
00129420,까뮤이앤씨,013700,Y,[기재정정]사업보고서 (2015.12),20181204000247,까뮤이앤씨,20181204,,2018,2018,1
00129420,까뮤이앤씨,013700,Y,[기재정정]사업보고서 (2021.12),20220711000510,까뮤이앤씨,20220711,,2022,2022,1
00131939,선도전기,007610,Y,[기재정정]사업보고서 (2020.12),20210326000766,선도전기,20210326,연,2021,2021,1
00131939,선도전기,007610,Y,[기재정정]사업보고서 (2020.12),20210322000757,선도전기,20210322,정연,2021,2021,1
00131939,선도전기,007610,Y,[기재정정]사업보고서 (2021.12),20231229000030,선도전기,20231229,연,2023,2023,1
00131939,선도전기,007610,Y,[기재정정]사업보고서 (2022.12),20230327000475,선도전기,20230327,정연,2023,2023,1
00131939,선도전기,007610,Y,[기재정정]사업보고서 (2023.12),20240502000551,선도전기,20240502,연,2024,2024,1
00131939,선도전기,007610,Y,[기재정정]사업보고서 (2022.12),20240502000538,선도전기,20240502,연,2024,2024,1
00127158,씨아이테크,004920,Y,[기재정정]사업보고서 (2020.12),20210517001174,씨아이테크,20210517,연,2021,2021,1
00127158,씨아이테크,004920,Y,[첨부정정]사업보고서 (2023.12),20240402003607,씨아이테크,20240402,연,2024,2024,1
00103592,광동제약,009290,Y,[기재정정]사업보고서 (2020.12),20210405002921,광동제약,20210405,연,2021,2021,1
00103592,광동제약,009290,Y,[기재정정]사업보고서 (2020.12),20210405002873,광동제약,20210405,정연,2021,2021,1
00103592,광동제약,009290,Y,[기재정정]사업보고서 (2022.12),20230321001353,광동제약,20230321,연,2023,2023,1
00103592,광동제약,009290,Y,[기재정정]사업보고서 (2023.12),20240322001015,광동제약,20240322,연,2024,2024,1
00129554,갤럭시아에스엠,011420,Y,[기재정정]사업보고서 (2019.12),20200331002273,갤럭시아에스엠,20200331,연,2020,2020,1
00129554,갤럭시아에스엠,011420,Y,[기재정정]사업보고서 (2019.12),20200331001799,갤럭시아에스엠,20200331,정연,2020,2020,1
00129554,갤럭시아에스엠,011420,Y,[기재정정]사업보고서 (2021.12),20220323000490,갤럭시아에스엠,20220323,,2022,2022,1
00159740,KISCO홀딩스,001940,Y,[기재정정]사업보고서 (2018.12),20190418000391,KISCO홀딩스,20190418,연,2019,2019,1
00159740,KISCO홀딩스,001940,Y,[기재정정]사업보고서 (2020.12),20210326000432,KISCO홀딩스,20210326,연,2021,2021,1
00159740,KISCO홀딩스,001940,Y,[기재정정]사업보고서 (2022.12),20230324001226,KISCO홀딩스,20230324,연,2023,2023,1
00153861,태영건설,009410,Y,[기재정정]사업보고서 (2017.12),20180612000123,태영건설,20180612,연,2018,2018,1
00153861,태영건설,009410,Y,[기재정정]사업보고서 (2022.12),20230317000233,태영건설,20230317,연,2023,2023,1
00153861,태영건설,009410,Y,[기재정정]사업보고서 (2023.12),20240927000935,태영건설,20240927,연,2024,2024,1
00124090,한국특강,007280,Y,[기재정정]사업보고서 (2017.12),20180612000377,한국특강,20180612,,2018,2018,1
00124090,한국특강,007280,Y,[기재정정]사업보고서 (2020.12),20210818000238,한국특강,20210818,,2021,2021,1
00124090,한국특강,007280,Y,[기재정정]사업보고서 (2020.12),20210817001859,한국특강,20210817,정,2021,2021,1
00124090,한국특강,007280,Y,[기재정정]사업보고서 (2022.12),20240318000532,한국특강,20240318,,2024,2024,1
00140946,한솔로지스틱스,009180,Y,[기재정정]사업보고서 (2017.12),20180615000182,한솔로지스틱스,20180615,연,2018,2018,1
00140946,한솔로지스틱스,009180,Y,[기재정정]사업보고서 (2017.12),20180604000280,한솔로지스틱스,20180604,정연,2018,2018,1
00127042,SYTS,002170,Y,[기재정정]사업보고서 (2019.12),20200401002788,SYTS,20200401,연,2020,2020,1
00127042,SYTS,002170,Y,[기재정정]사업보고서 (2021.12),20220331003424,SYTS,20220331,연,2022,2022,1
00159023,SK텔레콤,017670,Y,[기재정정]사업보고서 (2021.12),20220812000185,SK텔레콤,20220812,연,2022,2022,1
00160375,진양폴리우레탄,010640,Y,[기재정정]사업보고서 (2021.12),20220729000335,진양폴리우레탄,20220729,연,2022,2022,1
00122056,미창석유공업,003650,Y,[기재정정]사업보고서 (2017.12),20180329000108,미창석유공업,20180329,,2018,2018,1
00127802,삼익THK,004380,Y,[기재정정]사업보고서 (2018.12),20190626000068,삼익THK,20190626,,2019,2019,1
00127802,삼익THK,004380,Y,[기재정정]사업보고서 (2021.12),20220329000395,삼익THK,20220329,,2022,2022,1
00121932,미원상사,002840,Y,[기재정정]사업보고서 (2019.12),20200401003109,미원상사,20200401,연,2020,2020,1
00121932,미원상사,002840,Y,[기재정정]사업보고서 (2020.12),20210419000194,미원상사,20210419,연,2021,2021,1
00121932,미원상사,002840,Y,[기재정정]사업보고서 (2021.12),20220728000426,미원상사,20220728,연,2022,2022,1
00134176,세우글로벌,013000,Y,[기재정정]사업보고서 (2020.12),20210910000001,세우글로벌,20210910,,2021,2021,1
00134176,세우글로벌,013000,Y,[기재정정]사업보고서 (2021.12),20220728000414,세우글로벌,20220728,연,2022,2022,1
00134176,세우글로벌,013000,Y,[기재정정]사업보고서 (2022.12),20230724000235,세우글로벌,20230724,연,2023,2023,1
00134176,세우글로벌,013000,Y,[기재정정]사업보고서 (2022.12),20230323000056,세우글로벌,20230323,정연,2023,2023,1
00164788,현대모비스,012330,Y,[첨부정정]사업보고서 (2018.12),20190401004867,현대모비스,20190401,연,2019,2019,1
00164788,현대모비스,012330,Y,[기재정정]사업보고서 (2020.12),20210326001090,현대모비스,20210326,연,2021,2021,1
00164788,현대모비스,012330,Y,[기재정정]사업보고서 (2021.12),20221005000463,현대모비스,20221005,연,2022,2022,1
00164788,현대모비스,012330,Y,[기재정정]사업보고서 (2022.12),20230321001162,현대모비스,20230321,연,2023,2023,1
00164788,현대모비스,012330,Y,[기재정정]사업보고서 (2023.12),20240319000626,현대모비스,20240319,연,2024,2024,1
00101220,KG케미칼,001390,Y,[기재정정]사업보고서 (2016.12),20200217000717,KG케미칼,20200217,연,2020,2020,1
00111689,아진전자부품,009320,Y,[기재정정]사업보고서 (2020.12),20210325000667,아진전자부품,20210325,,2021,2021,1
00159193,한국전력공사,015760,Y,[기재정정]사업보고서 (2019.12),20200402000541,한국전력공사,20200402,연,2020,2020,1
00159193,한국전력공사,015760,Y,[기재정정]사업보고서 (2020.12),20210514000023,한국전력공사,20210514,연,2021,2021,1
00159193,한국전력공사,015760,Y,[기재정정]사업보고서 (2021.12),20220516001505,한국전력공사,20220516,연,2022,2022,1
00159193,한국전력공사,015760,Y,[기재정정]사업보고서 (2022.12),20230525000309,한국전력공사,20230525,연,2023,2023,1
00159193,한국전력공사,015760,Y,[기재정정]사업보고서 (2022.12),20230410003765,한국전력공사,20230410,정연,2023,2023,1
00159193,한국전력공사,015760,Y,[기재정정]사업보고서 (2023.12),20240329002856,한국전력공사,20240329,연,2024,2024,1
00104388,국도화학,007690,Y,[기재정정]사업보고서 (2020.12),20210312000286,국도화학,20210312,연,2021,2021,1
00104388,국도화학,007690,Y,[기재정정]사업보고서 (2020.12),20210312000285,국도화학,20210312,정연,2021,2021,1
00129679,녹십자,006280,Y,[기재정정]사업보고서 (2017.12),20180618000195,녹십자,20180618,연,2018,2018,1
00129679,녹십자,006280,Y,[기재정정]사업보고서 (2020.12),20210428000731,녹십자,20210428,연,2021,2021,1
00129679,녹십자,006280,Y,[기재정정]사업보고서 (2020.12),20210324000032,녹십자,20210324,정연,2021,2021,1
00104999,윌비스,008600,Y,[기재정정]사업보고서 (2021.12),20221226000298,윌비스,20221226,연,2022,2022,1
00104999,윌비스,008600,Y,[기재정정]사업보고서 (2021.12),20220331001744,윌비스,20220331,정연,2022,2022,1
00112679,대창단조,015230,Y,[기재정정]사업보고서 (2021.12),20220930000113,대창단조,20220930,연,2022,2022,1
00129509,한익스프레스,014130,Y,[기재정정]사업보고서 (2022.12),20230711000198,한익스프레스,20230711,연,2023,2023,1
00129509,한익스프레스,014130,Y,[기재정정]사업보고서 (2023.12),20240416000412,한익스프레스,20240416,연,2024,2024,1
00106881,인디에프,014990,Y,[기재정정]사업보고서 (2020.12),20210419000150,인디에프,20210419,연,2021,2021,1
00122348,방림,003610,Y,[기재정정]사업보고서 (2018.09),20181228000854,방림,20181231,정연,2018,2018,1
00122348,방림,003610,Y,[기재정정]사업보고서 (2018.09),20191216000262,방림,20191216,연,2019,2019,1
00122348,방림,003610,Y,[기재정정]사업보고서 (2022.09),20221230000430,방림,20221230,연,2022,2022,1
00108746,DKME,015590,Y,[기재정정]사업보고서 (2022.12),20230317000466,DKME,20230317,,2023,2023,1
00108746,DKME,015590,Y,[기재정정]사업보고서 (2023.12),20240322000337,DKME,20240322,정연,2024,2024,1
00140955,한솔케미칼,014680,Y,[기재정정]사업보고서 (2019.12),20200331002450,한솔케미칼,20200331,연,2020,2020,1
00140955,한솔케미칼,014680,Y,[첨부정정]사업보고서 (2020.12),20210317000005,한솔케미칼,20210317,연,2021,2021,1
00148522,퍼스텍,010820,Y,[기재정정]사업보고서 (2017.12),20180412001800,퍼스텍,20180412,연,2018,2018,1
00161860,한성기업,003680,Y,[기재정정]사업보고서 (2020.12),20210322000152,한성기업,20210322,,2021,2021,1
00153524,태림포장,011280,Y,[기재정정]사업보고서 (2018.12),20190823000331,태림포장,20190823,연,2019,2019,1
00137809,SHD,001770,Y,[기재정정]사업보고서 (2018.12),20200131000232,SHD,20200131,,2020,2020,1
00149239,조일알미늄,018470,Y,[기재정정]사업보고서 (2021.12),20220318000042,조일알미늄,20220318,,2022,2022,1
00125521,에스엘,005850,Y,[기재정정]사업보고서 (2018.12),20191028000318,에스엘,20191028,정연,2019,2019,1
00125521,에스엘,005850,Y,[기재정정]사업보고서 (2018.12),20191025000524,에스엘,20191025,정연,2019,2019,1
00125521,에스엘,005850,Y,[첨부정정]사업보고서 (2012.12),20190419000540,에스엘,20190419,연,2019,2019,1
00125521,에스엘,005850,Y,[첨부정정]사업보고서 (2011.12),20190419000539,에스엘,20190419,연,2019,2019,1
00125521,에스엘,005850,Y,[기재정정]사업보고서 (2017.12),20190419000519,에스엘,20190419,정연,2019,2019,1
00125521,에스엘,005850,Y,[기재정정]사업보고서 (2016.12),20190419000516,에스엘,20190419,정연,2019,2019,1
00125521,에스엘,005850,Y,[기재정정]사업보고서 (2015.12),20190419000509,에스엘,20190419,연,2019,2019,1
00125521,에스엘,005850,Y,[기재정정]사업보고서 (2014.12),20190419000508,에스엘,20190419,연,2019,2019,1
00125521,에스엘,005850,Y,[기재정정]사업보고서 (2013.12),20190419000500,에스엘,20190419,연,2019,2019,1
00125521,에스엘,005850,Y,[기재정정]사업보고서 (2012.12),20190419000478,에스엘,20190419,정연,2019,2019,1
00125521,에스엘,005850,Y,[기재정정]사업보고서 (2011.12),20190419000471,에스엘,20190419,정연,2019,2019,1
00125521,에스엘,005850,Y,[기재정정]사업보고서 (2018.12),20190402002097,에스엘,20190402,정연,2019,2019,1
00125521,에스엘,005850,Y,[기재정정]사업보고서 (2018.12),20200625000452,에스엘,20200625,연,2020,2020,1
00125521,에스엘,005850,Y,[기재정정]사업보고서 (2017.12),20200625000445,에스엘,20200625,연,2020,2020,1
00125521,에스엘,005850,Y,[기재정정]사업보고서 (2016.12),20200625000434,에스엘,20200625,연,2020,2020,1
00125521,에스엘,005850,Y,[기재정정]사업보고서 (2021.12),20220930000533,에스엘,20220930,연,2022,2022,1
00172291,더존비즈온,012510,Y,[기재정정]사업보고서 (2020.12),20210706000401,더존비즈온,20210706,연,2021,2021,1
00172291,더존비즈온,012510,Y,[기재정정]사업보고서 (2020.12),20210330000322,더존비즈온,20210330,정연,2021,2021,1
00172291,더존비즈온,012510,Y,[기재정정]사업보고서 (2021.12),20220330001628,더존비즈온,20220330,연,2022,2022,1
00123143,보령,003850,Y,[기재정정]사업보고서 (2017.12),20180625000315,보령,20180625,연,2018,2018,1
00123143,보령,003850,Y,[기재정정]사업보고서 (2017.12),20180403000298,보령,20180403,정연,2018,2018,1
00173102,모나리자,012690,Y,[기재정정]사업보고서 (2017.12),20180402005277,모나리자,20180402,,2018,2018,1
00173102,모나리자,012690,Y,[기재정정]사업보고서 (2021.12),20221114000745,모나리자,20221114,,2022,2022,1
00173102,모나리자,012690,Y,[기재정정]사업보고서 (2021.12),20220812000818,모나리자,20220812,정,2022,2022,1
00108977,대구백화점,006370,Y,[기재정정]사업보고서 (2022.12),20230412001808,대구백화점,20230412,연,2023,2023,1
00142661,우성,006980,Y,[기재정정]사업보고서 (2021.12),20220816000325,우성,20220816,연,2022,2022,1
00174004,유성기업,002920,Y,[기재정정]사업보고서 (2019.12),20210429000887,유성기업,20210430,연,2021,2021,1
00174004,유성기업,002920,Y,[기재정정]사업보고서 (2018.12),20210429000883,유성기업,20210429,연,2021,2021,1
00174004,유성기업,002920,Y,[첨부정정]사업보고서 (2022.12),20230323000683,유성기업,20230323,연,2023,2023,1
00163196,한일철강,002220,Y,[기재정정]사업보고서 (2013.12),20180129000281,한일철강,20180129,연,2018,2018,1
00163196,한일철강,002220,Y,[기재정정]사업보고서 (2012.12),20180129000274,한일철강,20180129,연,2018,2018,1
00163196,한일철강,002220,Y,[기재정정]사업보고서 (2016.12),20180129000271,한일철강,20180129,연,2018,2018,1
00163196,한일철강,002220,Y,[기재정정]사업보고서 (2015.12),20180129000269,한일철강,20180129,연,2018,2018,1
00163196,한일철강,002220,Y,[기재정정]사업보고서 (2014.12),20180129000267,한일철강,20180129,연,2018,2018,1
00163196,한일철강,002220,Y,[기재정정]사업보고서 (2011.12),20180129000251,한일철강,20180129,연,2018,2018,1
00163196,한일철강,002220,Y,[기재정정]사업보고서 (2019.12),20200330004000,한일철강,20200330,연,2020,2020,1
00163196,한일철강,002220,Y,[첨부정정]사업보고서 (2022.12),20230323001307,한일철강,20230323,연,2023,2023,1
00127857,삼익악기,002450,Y,[기재정정]사업보고서 (2017.12),20180621000029,삼익악기,20180621,연,2018,2018,1
00127857,삼익악기,002450,Y,[기재정정]사업보고서 (2018.12),20190423000250,삼익악기,20190423,연,2019,2019,1
00174527,HS화성,002460,Y,[기재정정]사업보고서 (2021.12),20220331003395,HS화성,20220331,연,2022,2022,1
00116949,DN오토모티브,007340,Y,[기재정정]사업보고서 (2018.12),20190701000100,DN오토모티브,20190701,연,2019,2019,1
00116949,DN오토모티브,007340,Y,[기재정정]사업보고서 (2022.12),20230322001200,DN오토모티브,20230322,연,2023,2023,1
00116949,DN오토모티브,007340,Y,[기재정정]사업보고서 (2023.12),20240315000015,DN오토모티브,20240315,연,2024,2024,1
00123541,보해양조,000890,Y,[기재정정]사업보고서 (2018.12),20190822000198,보해양조,20190822,연,2019,2019,1
00123541,보해양조,000890,Y,[기재정정]사업보고서 (2019.12),20210319000374,보해양조,20210319,연,2021,2021,1
00165343,혜인,003010,Y,[기재정정]사업보고서 (2021.12),20220812000292,혜인,20220812,연,2022,2022,1
00105299,금강공업,014280,Y,[기재정정]사업보고서 (2018.12),20190814001512,금강공업,20190814,연,2019,2019,1
00103130,플레이그램,009810,Y,[기재정정]사업보고서 (2017.12),20180417000394,플레이그램,20180417,정연,2018,2018,1
00103130,플레이그램,009810,Y,[첨부정정]사업보고서 (2016.12),20180322000744,플레이그램,20180322,연,2018,2018,1
00103130,플레이그램,009810,Y,[기재정정]사업보고서 (2016.12),20180322000557,플레이그램,20180322,정연,2018,2018,1
00103130,플레이그램,009810,Y,[기재정정]사업보고서 (2019.12),20201023000315,플레이그램,20201023,연,2020,2020,1
00103130,플레이그램,009810,Y,[기재정정]사업보고서 (2018.12),20201023000294,플레이그램,20201023,연,2020,2020,1
00103130,플레이그램,009810,Y,[기재정정]사업보고서 (2017.12),20201023000282,플레이그램,20201023,연,2020,2020,1
00103130,플레이그램,009810,Y,[기재정정]사업보고서 (2019.12),20200525000273,플레이그램,20200525,정연,2020,2020,1
00103130,플레이그램,009810,Y,[기재정정]사업보고서 (2020.12),20210319001422,플레이그램,20210319,연,2021,2021,1
00103130,플레이그램,009810,Y,[기재정정]사업보고서 (2020.12),20210319001388,플레이그램,20210319,정연,2021,2021,1
00145260,율촌화학,008730,Y,[기재정정]사업보고서 (2022.12),20230328000998,율촌화학,20230328,연,2023,2023,1
00136864,신원,009270,Y,[기재정정]사업보고서 (2017.12),20180404002592,신원,20180404,연,2018,2018,1
00136864,신원,009270,Y,[기재정정]사업보고서 (2021.12),20220816000032,신원,20220816,연,2022,2022,1
00136864,신원,009270,Y,[기재정정]사업보고서 (2022.12),20230324000944,신원,20230324,연,2023,2023,1
00136864,신원,009270,Y,[기재정정]사업보고서 (2023.12),20240730000041,신원,20240730,연,2024,2024,1
00136864,신원,009270,Y,[기재정정]사업보고서 (2023.12),20240329001360,신원,20240329,정연,2024,2024,1
00115287,동방,004140,Y,[기재정정]사업보고서 (2013.12),20210824000005,동방,20210824,연,2021,2021,1
00115287,동방,004140,Y,[기재정정]사업보고서 (2016.12),20210824000002,동방,20210824,연,2021,2021,1
00115287,동방,004140,Y,[기재정정]사업보고서 (2015.12),20210823000474,동방,20210824,연,2021,2021,1
00115287,동방,004140,Y,[기재정정]사업보고서 (2014.12),20210823000473,동방,20210824,연,2021,2021,1
00115287,동방,004140,Y,[기재정정]사업보고서 (2013.12),20210823000472,동방,20210824,정연,2021,2021,1
00115287,동방,004140,Y,[기재정정]사업보고서 (2020.12),20210707000184,동방,20210707,연,2021,2021,1
00115287,동방,004140,Y,[기재정정]사업보고서 (2020.12),20210318001411,동방,20210318,정연,2021,2021,1
00158149,한국쉘석유,002960,Y,[기재정정]사업보고서 (2017.12),20180406000885,한국쉘석유,20180406,,2018,2018,1
00158149,한국쉘석유,002960,Y,[기재정정]사업보고서 (2019.12),20200403002403,한국쉘석유,20200403,,2020,2020,1
00123718,부광약품,003000,Y,[기재정정]사업보고서 (2018.12),20190814001961,부광약품,20190814,연,2019,2019,1
00123718,부광약품,003000,Y,[기재정정]사업보고서 (2020.12),20210324000661,부광약품,20210324,연,2021,2021,1
00123718,부광약품,003000,Y,[기재정정]사업보고서 (2021.12),20220812001267,부광약품,20220812,연,2022,2022,1
00123718,부광약품,003000,Y,[기재정정]사업보고서 (2022.12),20230328001033,부광약품,20230328,연,2023,2023,1
00123718,부광약품,003000,Y,[기재정정]사업보고서 (2023.12),20240322000905,부광약품,20240322,연,2024,2024,1
00102618,계양전기,012200,Y,[기재정정]사업보고서 (2020.12),20220420000327,계양전기,20220420,연,2022,2022,1
00102618,계양전기,012200,Y,[기재정정]사업보고서 (2019.12),20220420000292,계양전기,20220420,연,2022,2022,1
00102618,계양전기,012200,Y,[기재정정]사업보고서 (2018.12),20220420000289,계양전기,20220420,연,2022,2022,1
00102618,계양전기,012200,Y,[기재정정]사업보고서 (2017.12),20220420000281,계양전기,20220420,연,2022,2022,1
00102618,계양전기,012200,Y,[기재정정]사업보고서 (2022.12),20230323000476,계양전기,20230323,연,2023,2023,1
00102618,계양전기,012200,Y,[첨부정정]사업보고서 (2023.12),20240322000644,계양전기,20240322,연,2024,2024,1
00157399,한솔테크닉스,004710,Y,[기재정정]사업보고서 (2018.12),20190625000013,한솔테크닉스,20190625,연,2019,2019,1
00157399,한솔테크닉스,004710,Y,[기재정정]사업보고서 (2022.12),20230328000853,한솔테크닉스,20230328,연,2023,2023,1
00128412,삼진제약,005500,Y,[기재정정]사업보고서 (2019.12),20200928000419,삼진제약,20200928,,2020,2020,1
00128412,삼진제약,005500,Y,[기재정정]사업보고서 (2022.12),20230410003453,삼진제약,20230410,연,2023,2023,1
00155319,POSCO홀딩스,005490,Y,[기재정정]사업보고서 (2017.12),20180621000012,POSCO홀딩스,20180621,연,2018,2018,1
00155319,POSCO홀딩스,005490,Y,[기재정정]사업보고서 (2021.12),20221114000599,POSCO홀딩스,20221114,연,2022,2022,1
00155319,POSCO홀딩스,005490,Y,[기재정정]사업보고서 (2023.12),20240322000986,POSCO홀딩스,20240322,연,2024,2024,1
00122694,범양건영,002410,Y,[기재정정]사업보고서 (2017.12),20180612000477,범양건영,20180612,연,2018,2018,1
00122694,범양건영,002410,Y,[첨부정정]사업보고서 (2017.12),20180402005368,범양건영,20180402,정연,2018,2018,1
00122694,범양건영,002410,Y,[기재정정]사업보고서 (2022.12),20231103000371,범양건영,20231103,정연,2023,2023,1
00145163,파미셀,005690,Y,[기재정정]사업보고서 (2018.12),20190718000369,파미셀,20190718,,2019,2019,1
00145552,이수화학,005950,Y,[기재정정]사업보고서 (2017.12),20181107000303,이수화학,20181107,연,2018,2018,1
00145552,이수화학,005950,Y,[기재정정]사업보고서 (2016.12),20181107000301,이수화학,20181107,연,2018,2018,1
00145552,이수화학,005950,Y,[기재정정]사업보고서 (2015.12),20181107000297,이수화학,20181107,연,2018,2018,1
00145552,이수화학,005950,Y,[기재정정]사업보고서 (2014.12),20181107000292,이수화학,20181107,연,2018,2018,1
00145552,이수화학,005950,Y,[기재정정]사업보고서 (2013.12),20181107000289,이수화학,20181107,연,2018,2018,1
00145552,이수화학,005950,Y,[기재정정]사업보고서 (2012.12),20181107000284,이수화학,20181107,연,2018,2018,1
00145552,이수화학,005950,Y,[기재정정]사업보고서 (2011.12),20181107000282,이수화학,20181107,연,2018,2018,1
00145552,이수화학,005950,Y,[기재정정]사업보고서 (2017.12),20180814002457,이수화학,20180814,정연,2018,2018,1
00145552,이수화학,005950,Y,[기재정정]사업보고서 (2016.12),20180814002360,이수화학,20180814,정연,2018,2018,1
00145552,이수화학,005950,Y,[기재정정]사업보고서 (2017.12),20180406002312,이수화학,20180406,정연,2018,2018,1
00145552,이수화학,005950,Y,[기재정정]사업보고서 (2020.12),20210322001187,이수화학,20210322,정연,2021,2021,1
00145552,이수화학,005950,Y,[첨부정정]사업보고서 (2021.12),20220324000505,이수화학,20220324,연,2022,2022,1
00145552,이수화학,005950,Y,[기재정정]사업보고서 (2020.12),20220315001199,이수화학,20220315,연,2022,2022,1
00145552,이수화학,005950,Y,[첨부정정]사업보고서 (2022.12),20230328001079,이수화학,20230328,연,2023,2023,1
00145552,이수화학,005950,Y,[첨부정정]사업보고서 (2023.12),20240322000281,이수화학,20240322,연,2024,2024,1
00127167,삼영무역,002810,Y,[기재정정]사업보고서 (2020.12),20210324000625,삼영무역,20210324,연,2021,2021,1
00127167,삼영무역,002810,Y,[기재정정]사업보고서 (2022.12),20230524000304,삼영무역,20230524,연,2023,2023,1
00106368,금호석유화학,011780,Y,[기재정정]사업보고서 (2020.12),20210330001578,금호석유화학,20210330,연,2021,2021,1
00106368,금호석유화학,011780,Y,[기재정정]사업보고서 (2021.12),20220328000826,금호석유화학,20220328,연,2022,2022,1
00106368,금호석유화학,011780,Y,[기재정정]사업보고서 (2023.12),20240328001337,금호석유화학,20240328,연,2024,2024,1
00143314,에이엔피,015260,Y,[첨부정정]사업보고서 (2017.12),20180515001161,에이엔피,20180515,연,2018,2018,1
00143314,에이엔피,015260,Y,[기재정정]사업보고서 (2019.12),20210713000103,에이엔피,20210713,연,2021,2021,1
00143314,에이엔피,015260,Y,[기재정정]사업보고서 (2018.12),20210713000097,에이엔피,20210713,연,2021,2021,1
00143314,에이엔피,015260,Y,[기재정정]사업보고서 (2020.12),20210331002532,에이엔피,20210331,,2021,2021,1
00143314,에이엔피,015260,Y,[기재정정]사업보고서 (2019.12),20210127000429,에이엔피,20210127,정연,2021,2021,1
00143314,에이엔피,015260,Y,[기재정정]사업보고서 (2022.12),20230713000295,에이엔피,20230713,연,2023,2023,1
00118521,진원생명과학,011000,Y,[기재정정]사업보고서 (2017.12),20180629000633,진원생명과학,20180629,연,2018,2018,1
00118521,진원생명과학,011000,Y,[기재정정]사업보고서 (2009.12),20220908000436,진원생명과학,20220908,연,2022,2022,1
00118521,진원생명과학,011000,Y,[기재정정]사업보고서 (2008.12),20220908000432,진원생명과학,20220908,,2022,2022,1
00118521,진원생명과학,011000,Y,[기재정정]사업보고서 (2007.12),20220908000430,진원생명과학,20220908,,2022,2022,1
00118521,진원생명과학,011000,Y,[기재정정]사업보고서 (2006.12),20220908000425,진원생명과학,20220908,,2022,2022,1
00118521,진원생명과학,011000,Y,[기재정정]사업보고서,20220908000421,진원생명과학,20220908,,2022,2022,1
00118521,진원생명과학,011000,Y,[기재정정]사업보고서 (2022.12),20230711000247,진원생명과학,20230711,연,2023,2023,1
00153621,참엔지니어링,009310,Y,[기재정정]사업보고서 (2020.12),20210805000106,참엔지니어링,20210805,연,2021,2021,1
00153621,참엔지니어링,009310,Y,[기재정정]사업보고서 (2023.12),20240730000237,참엔지니어링,20240730,연,2024,2024,1
00129989,코스모신소재,005070,Y,[첨부정정]사업보고서 (2010.12),20180820000177,코스모신소재,20180820,,2018,2018,1
00129989,코스모신소재,005070,Y,[첨부정정]사업보고서 (2017.12),20180817000315,코스모신소재,20180820,,2018,2018,1
00129989,코스모신소재,005070,Y,[첨부정정]사업보고서 (2016.12),20180817000314,코스모신소재,20180820,,2018,2018,1
00129989,코스모신소재,005070,Y,[첨부정정]사업보고서 (2015.12),20180817000311,코스모신소재,20180820,,2018,2018,1
00129989,코스모신소재,005070,Y,[기재정정]사업보고서 (2017.12),20180817000172,코스모신소재,20180817,정,2018,2018,1
00129989,코스모신소재,005070,Y,[기재정정]사업보고서 (2016.12),20180817000166,코스모신소재,20180817,정,2018,2018,1
00129989,코스모신소재,005070,Y,[기재정정]사업보고서 (2015.12),20180817000160,코스모신소재,20180817,정,2018,2018,1
00129989,코스모신소재,005070,Y,[기재정정]사업보고서 (2014.12),20180817000156,코스모신소재,20180817,,2018,2018,1
00129989,코스모신소재,005070,Y,[첨부정정]사업보고서 (2013.12),20180817000149,코스모신소재,20180817,,2018,2018,1
00129989,코스모신소재,005070,Y,[첨부정정]사업보고서 (2011.12),20180817000144,코스모신소재,20180817,,2018,2018,1
00129989,코스모신소재,005070,Y,[첨부정정]사업보고서 (2012.12),20180817000121,코스모신소재,20180817,,2018,2018,1
00129989,코스모신소재,005070,Y,[첨부정정]사업보고서 (2010.12),20180817000114,코스모신소재,20180817,정,2018,2018,1
00129989,코스모신소재,005070,Y,[기재정정]사업보고서 (2017.12),20180612000265,코스모신소재,20180612,정,2018,2018,1
00129989,코스모신소재,005070,Y,[기재정정]사업보고서 (2019.12),20210217000607,코스모신소재,20210217,,2021,2021,1
00129989,코스모신소재,005070,Y,[기재정정]사업보고서 (2021.12),20220408002366,코스모신소재,20220408,,2022,2022,1
00162072,한신기계공업,011700,Y,[기재정정]사업보고서 (2020.12),20210325000723,한신기계공업,20210325,연,2021,2021,1
00160302,코스모화학,005420,Y,[첨부정정]사업보고서 (2010.12),20181005000506,코스모화학,20181005,,2018,2018,1
00160302,코스모화학,005420,Y,[첨부정정]사업보고서 (2011.12),20181005000496,코스모화학,20181005,,2018,2018,1
00160302,코스모화학,005420,Y,[기재정정]사업보고서 (2012.12),20181005000462,코스모화학,20181005,,2018,2018,1
00160302,코스모화학,005420,Y,[기재정정]사업보고서 (2015.12),20180829000293,코스모화학,20180829,연,2018,2018,1
00160302,코스모화학,005420,Y,[기재정정]사업보고서 (2014.12),20180829000280,코스모화학,20180829,연,2018,2018,1
00160302,코스모화학,005420,Y,[기재정정]사업보고서 (2013.12),20180829000268,코스모화학,20180829,연,2018,2018,1
00160302,코스모화학,005420,Y,[기재정정]사업보고서 (2015.12),20180820000223,코스모화학,20180820,정연,2018,2018,1
00160302,코스모화학,005420,Y,[기재정정]사업보고서 (2014.12),20180820000218,코스모화학,20180820,정연,2018,2018,1
00160302,코스모화학,005420,Y,[기재정정]사업보고서 (2013.12),20180820000206,코스모화학,20180820,정연,2018,2018,1
00160302,코스모화학,005420,Y,[기재정정]사업보고서 (2016.12),20180525000485,코스모화학,20180525,연,2018,2018,1
00160302,코스모화학,005420,Y,[기재정정]사업보고서 (2017.12),20180525000472,코스모화학,20180525,연,2018,2018,1
00160302,코스모화학,005420,Y,[기재정정]사업보고서 (2019.12),20210330001285,코스모화학,20210330,연,2021,2021,1
00160302,코스모화학,005420,Y,[기재정정]사업보고서 (2019.12),20210217000976,코스모화학,20210217,정연,2021,2021,1
00160302,코스모화학,005420,Y,[기재정정]사업보고서 (2022.12),20230913000045,코스모화학,20230913,정연,2023,2023,1
00160302,코스모화학,005420,Y,[기재정정]사업보고서 (2022.12),20240327000855,코스모화학,20240327,연,2024,2024,1
00104768,가온전선,000500,Y,[기재정정]사업보고서 (2018.12),20190515001469,가온전선,20190515,연,2019,2019,1
00104768,가온전선,000500,Y,[기재정정]사업보고서 (2021.12),20220816001768,가온전선,20220816,연,2022,2022,1
00126566,한화에어로스페이스,012450,Y,[기재정정]사업보고서 (2017.12),20180725000277,한화에어로스페이스,20180725,연,2018,2018,1
00126566,한화에어로스페이스,012450,Y,[기재정정]사업보고서 (2021.12),20220812000030,한화에어로스페이스,20220812,연,2022,2022,1
00126566,한화에어로스페이스,012450,Y,[기재정정]사업보고서 (2022.12),20230321001337,한화에어로스페이스,20230321,연,2023,2023,1
00126566,한화에어로스페이스,012450,Y,[기재정정]사업보고서 (2023.12),20240329000902,한화에어로스페이스,20240329,연,2024,2024,1
00129280,삼화전자공업,011230,Y,[기재정정]사업보고서 (2019.12),20200331002426,삼화전자공업,20200331,연,2020,2020,1
00129280,삼화전자공업,011230,Y,[기재정정]사업보고서 (2022.12),20231017000217,삼화전자공업,20231017,연,2023,2023,1
00138057,써니전자,004770,Y,[기재정정]사업보고서 (2017.12),20180405001927,써니전자,20180405,연,2018,2018,1
00141875,사조오양,006090,Y,[기재정정]사업보고서 (2021.12),20220331002835,사조오양,20220331,,2022,2022,1
00129271,삼화전기,009470,Y,[기재정정]사업보고서 (2011.12),20180119000464,삼화전기,20180122,연,2018,2018,1
00129271,삼화전기,009470,Y,[기재정정]사업보고서 (2011.12),20180119000450,삼화전기,20180119,정연,2018,2018,1
00129271,삼화전기,009470,Y,[기재정정]사업보고서 (2015.12),20180119000426,삼화전기,20180119,연,2018,2018,1
00129271,삼화전기,009470,Y,[기재정정]사업보고서 (2014.12),20180119000423,삼화전기,20180119,연,2018,2018,1
00129271,삼화전기,009470,Y,[기재정정]사업보고서 (2013.12),20180119000421,삼화전기,20180119,연,2018,2018,1
00129271,삼화전기,009470,Y,[기재정정]사업보고서 (2012.12),20180119000419,삼화전기,20180119,연,2018,2018,1
00129271,삼화전기,009470,Y,[기재정정]사업보고서 (2011.12),20180119000415,삼화전기,20180119,정연,2018,2018,1
00155124,평화홀딩스,010770,Y,[기재정정]사업보고서 (2018.12),20191031000206,평화홀딩스,20191031,연,2019,2019,1
00155124,평화홀딩스,010770,Y,[기재정정]사업보고서 (2018.12),20190625000454,평화홀딩스,20190625,정연,2019,2019,1
00155124,평화홀딩스,010770,Y,[기재정정]사업보고서 (2020.12),20210331003227,평화홀딩스,20210331,연,2021,2021,1
00155124,평화홀딩스,010770,Y,[기재정정]사업보고서 (2022.12),20240312000938,평화홀딩스,20240312,연,2024,2024,1
00115676,KG스틸,016380,Y,[기재정정]사업보고서 (2018.12),20200416000248,KG스틸,20200416,연,2020,2020,1
00115676,KG스틸,016380,Y,[첨부정정]사업보고서 (2023.12),20240326000399,KG스틸,20240326,연,2024,2024,1
00113544,대한화섬,003830,Y,[기재정정]사업보고서 (2018.12),20190417000580,대한화섬,20190417,,2019,2019,1
00113544,대한화섬,003830,Y,[기재정정]사업보고서 (2017.12),20190417000575,대한화섬,20190417,,2019,2019,1
00113544,대한화섬,003830,Y,[기재정정]사업보고서 (2016.12),20190417000568,대한화섬,20190417,,2019,2019,1
00113544,대한화섬,003830,Y,[기재정정]사업보고서 (2015.12),20190417000560,대한화섬,20190417,,2019,2019,1
00113544,대한화섬,003830,Y,[기재정정]사업보고서 (2014.12),20190417000551,대한화섬,20190417,,2019,2019,1
00152686,코리아써키트,007810,Y,[기재정정]사업보고서 (2020.12),20210326000871,코리아써키트,20210326,연,2021,2021,1
00128032,삼일제약,000520,Y,[기재정정]사업보고서 (2018.12),20190712000396,삼일제약,20190712,연,2019,2019,1
00122825,인스코비,006490,Y,[기재정정]사업보고서 (2020.12),20220317000545,인스코비,20220317,연,2022,2022,1
00164478,현대건설,000720,Y,[기재정정]사업보고서 (2021.12),20220325001068,현대건설,20220325,연,2022,2022,1
00164478,현대건설,000720,Y,[기재정정]사업보고서 (2023.12),20240329003141,현대건설,20240329,연,2024,2024,1
00164478,현대건설,000720,Y,[기재정정]사업보고서 (2023.12),20240314001734,현대건설,20240314,정연,2024,2024,1
00117300,TCC스틸,002710,Y,[기재정정]사업보고서 (2018.12),20190719000107,TCC스틸,20190719,연,2019,2019,1
00117300,TCC스틸,002710,Y,[기재정정]사업보고서 (2021.12),20220812000477,TCC스틸,20220812,연,2022,2022,1
00101044,에이프로젠바이오로직스,003060,Y,[기재정정]사업보고서 (2017.12),20180911000364,에이프로젠바이오로직스,20180911,연,2018,2018,1
00101044,에이프로젠바이오로직스,003060,Y,[기재정정]사업보고서 (2018.12),20190626000095,에이프로젠바이오로직스,20190626,연,2019,2019,1
00101044,에이프로젠바이오로직스,003060,Y,[첨부정정]사업보고서 (2023.12),20240314000182,에이프로젠바이오로직스,20240314,연,2024,2024,1
00120030,GS건설,006360,Y,[기재정정]사업보고서 (2023.12),20240329002822,GS건설,20240329,연,2024,2024,1
00120030,GS건설,006360,Y,[기재정정]사업보고서 (2023.12),20240328001696,GS건설,20240328,정연,2024,2024,1
00126779,삼아알미늄,006110,Y,[첨부정정]사업보고서 (2021.12),20220325000460,삼아알미늄,20220325,연,2022,2022,1
00126779,삼아알미늄,006110,Y,[기재정정]사업보고서 (2021.12),20220317001139,삼아알미늄,20220317,정연,2022,2022,1
00126362,삼성SDI,006400,Y,[첨부정정]사업보고서 (2017.12),20180330003007,삼성SDI,20180330,연,2018,2018,1
00126362,삼성SDI,006400,Y,[기재정정]사업보고서 (2022.12),20230313000726,삼성SDI,20230313,연,2023,2023,1
00126371,삼성전기,009150,Y,[기재정정]사업보고서 (2017.12),20180814001230,삼성전기,20180814,연,2018,2018,1
00126371,삼성전기,009150,Y,[기재정정]사업보고서 (2023.12),20240329002895,삼성전기,20240329,연,2024,2024,1
00115612,동부건설,005960,Y,[기재정정]사업보고서 (2020.12),20210423000012,동부건설,20210423,연,2021,2021,1
00115612,동부건설,005960,Y,[기재정정]사업보고서 (2020.12),20210323000535,동부건설,20210323,정연,2021,2021,1
00115612,동부건설,005960,Y,[기재정정]사업보고서 (2020.12),20210318001340,동부건설,20210318,정연,2021,2021,1
00115612,동부건설,005960,Y,[기재정정]사업보고서 (2021.12),20220713000108,동부건설,20220713,연,2022,2022,1
00115612,동부건설,005960,Y,[기재정정]사업보고서 (2023.12),20240318000506,동부건설,20240318,연,2024,2024,1
00103042,케이씨티시,009070,Y,[기재정정]사업보고서 (2017.12),20180410000329,케이씨티시,20180410,연,2018,2018,1
00103042,케이씨티시,009070,Y,[기재정정]사업보고서 (2020.12),20210330001143,케이씨티시,20210330,연,2021,2021,1
00103042,케이씨티시,009070,Y,[기재정정]사업보고서 (2023.12),20240322000946,케이씨티시,20240322,연,2024,2024,1
00152880,코오롱글로벌,003070,Y,[기재정정]사업보고서 (2019.12),20201116002152,코오롱글로벌,20201116,연,2020,2020,1
00152880,코오롱글로벌,003070,Y,[기재정정]사업보고서 (2022.12),20230814002221,코오롱글로벌,20230814,연,2023,2023,1
00152880,코오롱글로벌,003070,Y,[기재정정]사업보고서 (2023.12),20240326000552,코오롱글로벌,20240326,연,2024,2024,1
00124726,빙그레,005180,Y,[기재정정]사업보고서 (2021.12),20220812000681,빙그레,20220812,연,2022,2022,1
00148984,시알홀딩스,000480,Y,[기재정정]사업보고서 (2017.12),20180406002335,시알홀딩스,20180406,연,2018,2018,1
00148984,시알홀딩스,000480,Y,[기재정정]사업보고서 (2019.12),20200402000570,시알홀딩스,20200402,연,2020,2020,1
00148984,시알홀딩스,000480,Y,[기재정정]사업보고서 (2023.12),20240315000607,시알홀딩스,20240315,연,2024,2024,1
00148984,시알홀딩스,000480,Y,[첨부정정]사업보고서 (2023.12),20240313001708,시알홀딩스,20240313,정연,2024,2024,1
00164706,현대약품,004310,Y,[기재정정]사업보고서 (2019.11),20210218000002,현대약품,20210218,,2021,2021,1
00164706,현대약품,004310,Y,[기재정정]사업보고서 (2018.11),20210218000001,현대약품,20210218,,2021,2021,1
00107598,남양유업,003920,Y,[기재정정]사업보고서 (2017.12),20180921000478,남양유업,20180921,연,2018,2018,1
00107598,남양유업,003920,Y,[기재정정]사업보고서 (2016.12),20180921000473,남양유업,20180921,연,2018,2018,1
00107598,남양유업,003920,Y,[기재정정]사업보고서 (2015.12),20180921000461,남양유업,20180921,연,2018,2018,1
00107598,남양유업,003920,Y,[기재정정]사업보고서 (2014.12),20180921000450,남양유업,20180921,연,2018,2018,1
00107598,남양유업,003920,Y,[기재정정]사업보고서 (2013.12),20180921000437,남양유업,20180921,연,2018,2018,1
00107598,남양유업,003920,Y,[첨부정정]사업보고서 (2021.12),20220408002890,남양유업,20220408,연,2022,2022,1
00107224,남선알미늄,008350,Y,[기재정정]사업보고서 (2023.12),20240604000282,남선알미늄,20240604,연,2024,2024,1
00160621,한국화장품제조,003350,Y,[기재정정]사업보고서 (2021.12),20220318000130,한국화장품제조,20220318,,2022,2022,1
00164812,현대코퍼레이션,011760,Y,[기재정정]사업보고서 (2017.12),20180614000525,현대코퍼레이션,20180614,연,2018,2018,1
00131780,SK네트웍스,001740,Y,[첨부정정]사업보고서 (2020.12),20210322000867,SK네트웍스,20210322,연,2021,2021,1
00131780,SK네트웍스,001740,Y,[기재정정]사업보고서 (2021.12),20220404002305,SK네트웍스,20220404,연,2022,2022,1
00131780,SK네트웍스,001740,Y,[기재정정]사업보고서 (2022.12),20231114001467,SK네트웍스,20231114,연,2023,2023,1
00131780,SK네트웍스,001740,Y,[기재정정]사업보고서 (2022.12),20230323001453,SK네트웍스,20230323,정연,2023,2023,1
00101433,경농,002100,Y,[기재정정]사업보고서 (2018.12),20190403001952,경농,20190403,연,2019,2019,1
00150828,진흥기업,002780,Y,[기재정정]사업보고서 (2021.12),20220811000367,진흥기업,20220811,,2022,2022,1
00151395,천일고속,000650,Y,[기재정정]사업보고서 (2017.12),20180615000349,천일고속,20180615,,2018,2018,1
00151395,천일고속,000650,Y,[기재정정]사업보고서 (2021.12),20220810000340,천일고속,20220810,,2022,2022,1
00111847,대원강업,000430,Y,[기재정정]사업보고서 (2022.12),20230324000880,대원강업,20230324,연,2023,2023,1
00148939,조광피혁,004700,Y,[기재정정]사업보고서 (2020.12),20210326001135,조광피혁,20210326,정,2021,2021,1
00148939,조광피혁,004700,Y,[기재정정]사업보고서 (2021.12),20220818000327,조광피혁,20220818,,2022,2022,1
00148939,조광피혁,004700,Y,[기재정정]사업보고서 (2020.12),20220818000308,조광피혁,20220818,,2022,2022,1
00148939,조광피혁,004700,Y,[기재정정]사업보고서 (2019.12),20220818000294,조광피혁,20220818,,2022,2022,1
00148939,조광피혁,004700,Y,[기재정정]사업보고서 (2018.12),20220818000282,조광피혁,20220818,,2022,2022,1
00148939,조광피혁,004700,Y,[기재정정]사업보고서 (2017.12),20220818000267,조광피혁,20220818,연,2022,2022,1
00148939,조광피혁,004700,Y,[기재정정]사업보고서 (2021.12),20220711000190,조광피혁,20220711,정,2022,2022,1
00148939,조광피혁,004700,Y,[기재정정]사업보고서 (2021.12),20220325001047,조광피혁,20220325,정,2022,2022,1
00133812,세방,004360,Y,[기재정정]사업보고서 (2018.12),20190403000746,세방,20190403,연,2019,2019,1
00133812,세방,004360,Y,[첨부정정]사업보고서 (2018.12),20190401002421,세방,20190401,정연,2019,2019,1
00133812,세방,004360,Y,[기재정정]사업보고서 (2021.12),20220812000769,세방,20220812,연,2022,2022,1
00149804,디와이에이,002880,Y,[기재정정]사업보고서 (2017.12),20180406002218,디와이에이,20180406,정연,2018,2018,1
00149804,디와이에이,002880,Y,[기재정정]사업보고서 (2018.12),20190409001913,디와이에이,20190409,연,2019,2019,1
00149804,디와이에이,002880,Y,[기재정정]사업보고서 (2015.12),20210218001076,디와이에이,20210218,연,2021,2021,1
00149804,디와이에이,002880,Y,[기재정정]사업보고서 (2016.12),20210218001072,디와이에이,20210218,연,2021,2021,1
00149804,디와이에이,002880,Y,[기재정정]사업보고서 (2017.12),20210218000973,디와이에이,20210218,연,2021,2021,1
00149804,디와이에이,002880,Y,[기재정정]사업보고서 (2021.12),20220324000531,디와이에이,20220324,연,2022,2022,1
00107066,남광토건,001260,Y,[기재정정]사업보고서 (2020.12),20210319000418,남광토건,20210319,연,2021,2021,1
00107066,남광토건,001260,Y,[기재정정]사업보고서 (2022.12),20230712000089,남광토건,20230712,연,2023,2023,1
00127200,삼영전자공업,005680,Y,[기재정정]사업보고서 (2018.12),20190626000070,삼영전자공업,20190626,연,2019,2019,1
00136624,신영와코루,005800,Y,[기재정정]사업보고서 (2019.12),20200330001687,신영와코루,20200330,정연,2020,2020,1
00136624,신영와코루,005800,Y,[기재정정]사업보고서 (2019.12),20210317000431,신영와코루,20210317,연,2021,2021,1
00141626,오리엔트바이오,002630,Y,[기재정정]사업보고서 (2021.03),20211111000394,오리엔트바이오,20211111,연,2021,2021,1
00141626,오리엔트바이오,002630,Y,[기재정정]사업보고서 (2022.03),20220621000039,오리엔트바이오,20220621,,2022,2022,1
00148948,조비,001550,Y,[기재정정]사업보고서 (2017.12),20180607000240,조비,20180607,,2018,2018,1
00148948,조비,001550,Y,[기재정정]사업보고서 (2018.12),20190403002082,조비,20190403,,2019,2019,1
00148920,조광페인트,004910,Y,[기재정정]사업보고서 (2020.12),20210419000042,조광페인트,20210419,연,2021,2021,1
00148920,조광페인트,004910,Y,[기재정정]사업보고서 (2022.12),20230327000842,조광페인트,20230327,연,2023,2023,1
00132725,SB성보,003080,Y,[기재정정]사업보고서 (2017.12),20180615000308,SB성보,20180615,,2018,2018,1
00128555,삼천리,004690,Y,[기재정정]사업보고서 (2023.12),20240319000801,삼천리,20240319,연,2024,2024,1
00149345,조흥,002600,Y,[기재정정]사업보고서 (2020.12),20210305000380,조흥,20210305,,2021,2021,1
00106119,금양,001570,Y,[기재정정]사업보고서 (2018.12),20190619000318,금양,20190619,연,2019,2019,1
00106119,금양,001570,Y,[기재정정]사업보고서 (2022.12),20230323001004,금양,20230323,정연,2023,2023,1
00106119,금양,001570,Y,[기재정정]사업보고서 (2023.12),20240417000287,금양,20240417,연,2024,2024,1
00106119,금양,001570,Y,[기재정정]사업보고서 (2022.12),20240313001231,금양,20240313,연,2024,2024,1
00109718,사조대림,003960,Y,[기재정정]사업보고서 (2017.12),20190117000236,사조대림,20190117,연,2019,2019,1
00109718,사조대림,003960,Y,[기재정정]사업보고서 (2021.12),20220929000312,사조대림,20220929,연,2022,2022,1
00107677,비비안,002070,Y,[기재정정]사업보고서 (2016.12),20180118000337,비비안,20180118,연,2018,2018,1
00107677,비비안,002070,Y,[기재정정]사업보고서 (2019.12),20200331001822,비비안,20200331,연,2020,2020,1
00107677,비비안,002070,Y,[기재정정]사업보고서 (2018.12),20200327001440,비비안,20200327,연,2020,2020,1
00107677,비비안,002070,Y,[기재정정]사업보고서 (2017.12),20200327001432,비비안,20200327,연,2020,2020,1
00107677,비비안,002070,Y,[기재정정]사업보고서 (2020.12),20210817001926,비비안,20210817,연,2021,2021,1
00107677,비비안,002070,Y,[기재정정]사업보고서 (2020.12),20210413001957,비비안,20210413,정연,2021,2021,1
00162063,한신공영,004960,Y,[기재정정]사업보고서 (2021.12),20220713000230,한신공영,20220713,연,2022,2022,1
00127255,삼영,003720,Y,[기재정정]사업보고서 (2022.12),20230713000197,삼영,20230713,연,2023,2023,1
00135962,신라교역,004970,Y,[기재정정]사업보고서 (2017.12),20180608000113,신라교역,20180608,연,2018,2018,1
00135962,신라교역,004970,Y,[기재정정]사업보고서 (2017.12),20180403001557,신라교역,20180403,정연,2018,2018,1
00135962,신라교역,004970,Y,[기재정정]사업보고서 (2019.12),20210317000593,신라교역,20210317,연,2021,2021,1
00135962,신라교역,004970,Y,[기재정정]사업보고서 (2021.12),20220930000044,신라교역,20220930,연,2022,2022,1
00149354,종근당홀딩스,001630,Y,[기재정정]사업보고서 (2019.12),20200429001407,종근당홀딩스,20200429,연,2020,2020,1
00161046,한독,002390,Y,[기재정정]사업보고서 (2018.12),20190619000218,한독,20190619,연,2019,2019,1
00167208,흥아해운,003280,Y,[기재정정]사업보고서 (2018.12),20191120000137,흥아해운,20191120,연,2019,2019,1
00167208,흥아해운,003280,Y,[기재정정]사업보고서 (2018.12),20190820000112,흥아해운,20190820,정연,2019,2019,1
00167208,흥아해운,003280,Y,[기재정정]사업보고서 (2020.12),20210729000451,흥아해운,20210729,연,2021,2021,1
00167208,흥아해운,003280,Y,[기재정정]사업보고서 (2021.12),20220816000435,흥아해운,20220816,연,2022,2022,1
00138190,GS글로벌,001250,Y,[기재정정]사업보고서 (2017.12),20180605000262,GS글로벌,20180605,연,2018,2018,1
00138190,GS글로벌,001250,Y,[기재정정]사업보고서 (2022.12),20230406002879,GS글로벌,20230406,연,2023,2023,1
00138190,GS글로벌,001250,Y,[기재정정]사업보고서 (2023.12),20240328001504,GS글로벌,20240328,연,2024,2024,1
00106313,금호건설,002990,Y,[기재정정]사업보고서 (2023.12),20240318000777,금호건설,20240318,연,2024,2024,1
00125974,삼부토건,001470,Y,[기재정정]사업보고서 (2018.12),20190708000289,삼부토건,20190708,정연,2019,2019,1
00125974,삼부토건,001470,Y,[기재정정]사업보고서 (2021.12),20231212000335,삼부토건,20231212,연,2023,2023,1
00125974,삼부토건,001470,Y,[기재정정]사업보고서 (2020.12),20231212000331,삼부토건,20231212,연,2023,2023,1
00125974,삼부토건,001470,Y,[기재정정]사업보고서 (2019.12),20231212000328,삼부토건,20231212,연,2023,2023,1
00125974,삼부토건,001470,Y,[기재정정]사업보고서 (2018.12),20231212000324,삼부토건,20231212,연,2023,2023,1
00125974,삼부토건,001470,Y,[기재정정]사업보고서 (2021.12),20230323000011,삼부토건,20230323,정연,2023,2023,1
00125974,삼부토건,001470,Y,[기재정정]사업보고서 (2020.12),20230323000010,삼부토건,20230323,정연,2023,2023,1
00125974,삼부토건,001470,Y,[기재정정]사업보고서 (2019.12),20230323000008,삼부토건,20230323,정연,2023,2023,1
00125974,삼부토건,001470,Y,[기재정정]사업보고서 (2018.12),20230323000007,삼부토건,20230323,정연,2023,2023,1
00125974,삼부토건,001470,Y,[기재정정]사업보고서 (2023.12),20240821000569,삼부토건,20240822,연,2024,2024,1
00125974,삼부토건,001470,Y,[기재정정]사업보고서 (2022.12),20240821000566,삼부토건,20240822,연,2024,2024,1
00125974,삼부토건,001470,Y,[기재정정]사업보고서 (2022.12),20240821000411,삼부토건,20240821,정연,2024,2024,1
00125974,삼부토건,001470,Y,[기재정정]사업보고서 (2023.12),20240423000579,삼부토건,20240423,정연,2024,2024,1
00134723,페이퍼코리아,001020,Y,[기재정정]사업보고서 (2018.12),20190814002034,페이퍼코리아,20190814,연,2019,2019,1
00134723,페이퍼코리아,001020,Y,[기재정정]사업보고서 (2020.12),20210503000454,페이퍼코리아,20210503,연,2021,2021,1
00134723,페이퍼코리아,001020,Y,[기재정정]사업보고서 (2021.12),20220330001348,페이퍼코리아,20220330,연,2022,2022,1
00117337,동양,001520,Y,[기재정정]사업보고서 (2017.12),20180921000384,동양,20180921,연,2018,2018,1
00117337,동양,001520,Y,[기재정정]사업보고서 (2018.12),20190814001889,동양,20190814,연,2019,2019,1
00117337,동양,001520,Y,[기재정정]사업보고서 (2021.12),20220323000930,동양,20220323,연,2022,2022,1
00117337,동양,001520,Y,[기재정정]사업보고서 (2021.12),20220321001492,동양,20220321,정연,2022,2022,1
00117337,동양,001520,Y,[기재정정]사업보고서 (2022.12),20230403003757,동양,20230403,연,2023,2023,1
00160588,한화,000880,Y,[기재정정]사업보고서 (2017.12),20180611000325,한화,20180611,연,2018,2018,1
00160588,한화,000880,Y,[기재정정]사업보고서 (2021.12),20220324000140,한화,20220324,연,2022,2022,1
00160588,한화,000880,Y,[기재정정]사업보고서 (2021.12),20220322000038,한화,20220322,정연,2022,2022,1
00160588,한화,000880,Y,[기재정정]사업보고서 (2023.12),20240430000953,한화,20240430,정연,2024,2024,1
00160588,한화,000880,Y,[기재정정]사업보고서 (2023.12),20240328001723,한화,20240328,정연,2024,2024,1
00149947,JW중외제약,001060,Y,[기재정정]사업보고서 (2017.12),20181024000255,JW중외제약,20181024,연,2018,2018,1
00149947,JW중외제약,001060,Y,[기재정정]사업보고서 (2016.12),20181024000252,JW중외제약,20181024,연,2018,2018,1
00149947,JW중외제약,001060,Y,[기재정정]사업보고서 (2017.12),20180605000206,JW중외제약,20180605,정연,2018,2018,1
00149947,JW중외제약,001060,Y,[기재정정]사업보고서 (2018.12),20190730000354,JW중외제약,20190730,연,2019,2019,1
00149947,JW중외제약,001060,Y,[기재정정]사업보고서 (2018.12),20190402002312,JW중외제약,20190402,정연,2019,2019,1
00141307,영풍,000670,Y,[기재정정]사업보고서 (2016.12),20180515001305,영풍,20180515,연,2018,2018,1
00141307,영풍,000670,Y,[기재정정]사업보고서 (2022.12),20230713000143,영풍,20230713,연,2023,2023,1
00141307,영풍,000670,Y,[기재정정]사업보고서 (2023.12),20240814004220,영풍,20240814,연,2024,2024,1
00141307,영풍,000670,Y,[기재정정]사업보고서 (2023.12),20240325000500,영풍,20240325,정연,2024,2024,1
00122472,PKC,001340,Y,[기재정정]사업보고서 (2018.12),20190814000485,PKC,20190814,정,2019,2019,1
00122472,PKC,001340,Y,[기재정정]사업보고서 (2017.12),20190814000481,PKC,20190814,정,2019,2019,1
00122472,PKC,001340,Y,[기재정정]사업보고서 (2018.12),20200330002989,PKC,20200330,,2020,2020,1
00122472,PKC,001340,Y,[기재정정]사업보고서 (2017.12),20200330002939,PKC,20200330,,2020,2020,1
00122472,PKC,001340,Y,[기재정정]사업보고서 (2016.12),20200330002895,PKC,20200330,,2020,2020,1
00122472,PKC,001340,Y,[기재정정]사업보고서 (2022.12),20230831001561,PKC,20230831,정연,2023,2023,1
00122472,PKC,001340,Y,[기재정정]사업보고서 (2022.12),20240315000854,PKC,20240315,연,2024,2024,1
00163716,한창,005110,Y,[기재정정]사업보고서 (2020.12),20210817001332,한창,20210817,연,2021,2021,1
00163716,한창,005110,Y,[기재정정]사업보고서 (2020.12),20210331001256,한창,20210331,정연,2021,2021,1
00129235,삼화왕관,004450,Y,[기재정정]사업보고서 (2018.12),20190626000216,삼화왕관,20190626,,2019,2019,1
00129235,삼화왕관,004450,Y,[기재정정]사업보고서 (2020.12),20210608000200,삼화왕관,20210608,연,2021,2021,1
00112378,KR모터스,000040,Y,[기재정정]사업보고서 (2016.12),20180207000389,KR모터스,20180207,연,2018,2018,1
00112378,KR모터스,000040,Y,[기재정정]사업보고서 (2015.12),20180207000386,KR모터스,20180207,연,2018,2018,1
00112378,KR모터스,000040,Y,[기재정정]사업보고서 (2014.12),20180207000382,KR모터스,20180207,연,2018,2018,1
00112378,KR모터스,000040,Y,[기재정정]사업보고서 (2019.12),20200519000184,KR모터스,20200519,연,2020,2020,1
00112378,KR모터스,000040,Y,[기재정정]사업보고서 (2021.12),20220518000138,KR모터스,20220518,,2022,2022,1
00112378,KR모터스,000040,Y,[기재정정]사업보고서제출기한연장신고서 (2021.12),20220324000446,KR모터스,20220324,,2022,2022,1
00103006,고려제강,002240,Y,[기재정정]사업보고서 (2017.12),20180921000363,고려제강,20180921,연,2018,2018,1
00103006,고려제강,002240,Y,[기재정정]사업보고서 (2016.12),20180312000319,고려제강,20180312,연,2018,2018,1
00103006,고려제강,002240,Y,[기재정정]사업보고서 (2015.12),20180312000314,고려제강,20180312,연,2018,2018,1
00103006,고려제강,002240,Y,[기재정정]사업보고서 (2018.12),20190402001474,고려제강,20190402,연,2019,2019,1
00153755,태양금속공업,004100,Y,[기재정정]사업보고서 (2019.12),20220630000614,태양금속공업,20220630,연,2022,2022,1
00153755,태양금속공업,004100,Y,[기재정정]사업보고서 (2018.12),20220630000603,태양금속공업,20220630,연,2022,2022,1
00153755,태양금속공업,004100,Y,[기재정정]사업보고서 (2017.12),20220630000596,태양금속공업,20220630,연,2022,2022,1
00153755,태양금속공업,004100,Y,[기재정정]사업보고서 (2016.12),20220630000577,태양금속공업,20220630,연,2022,2022,1
00132211,SUN&L,002820,Y,[기재정정]사업보고서 (2021.12),20220812000487,SUN&L,20220812,연,2022,2022,1
00132211,SUN&L,002820,Y,[기재정정]사업보고서 (2022.12),20230515001480,SUN&L,20230515,,2023,2023,1
00118266,DRB동일,004840,Y,[기재정정]사업보고서 (2017.12),20180713000559,DRB동일,20180713,연,2018,2018,1
00118266,DRB동일,004840,Y,[기재정정]사업보고서 (2016.12),20180713000554,DRB동일,20180713,연,2018,2018,1
00157681,롯데정밀화학,004000,Y,[기재정정]사업보고서 (2023.12),20240329003375,롯데정밀화학,20240329,연,2024,2024,1
00119195,동화약품,000020,Y,[기재정정]사업보고서 (2017.12),20180618000261,동화약품,20180618,,2018,2018,1
00119195,동화약품,000020,Y,[기재정정]사업보고서 (2017.12),20180618000237,동화약품,20180618,정,2018,2018,1
00109693,DL,000210,Y,[기재정정]사업보고서 (2017.12),20180402004589,DL,20180402,연,2018,2018,1
00109693,DL,000210,Y,[기재정정]사업보고서 (2019.12),20200515001792,DL,20200515,연,2020,2020,1
00109693,DL,000210,Y,[기재정정]사업보고서 (2020.12),20210405003117,DL,20210405,연,2021,2021,1
00109693,DL,000210,Y,[기재정정]사업보고서 (2020.12),20210319001199,DL,20210319,정연,2021,2021,1
00109693,DL,000210,Y,[기재정정]사업보고서 (2021.12),20220816002153,DL,20220816,정연,2022,2022,1
00109693,DL,000210,Y,[기재정정]사업보고서 (2022.12),20230728000644,DL,20230728,연,2023,2023,1
00109693,DL,000210,Y,[기재정정]사업보고서 (2021.12),20230728000642,DL,20230728,연,2023,2023,1
00109693,DL,000210,Y,[기재정정]사업보고서 (2023.12),20240329002623,DL,20240329,연,2024,2024,1
00120076,LX인터내셔널,001120,Y,[기재정정]사업보고서 (2023.12),20240320000868,LX인터내셔널,20240320,연,2024,2024,1
00153393,태광산업,003240,Y,[기재정정]사업보고서 (2018.12),20190417000571,태광산업,20190417,연,2019,2019,1
00153393,태광산업,003240,Y,[기재정정]사업보고서 (2017.12),20190417000558,태광산업,20190417,연,2019,2019,1
00153393,태광산업,003240,Y,[기재정정]사업보고서 (2016.12),20190417000543,태광산업,20190417,연,2019,2019,1
00153393,태광산업,003240,Y,[기재정정]사업보고서 (2015.12),20190417000536,태광산업,20190417,연,2019,2019,1
00153393,태광산업,003240,Y,[기재정정]사업보고서 (2014.12),20190417000526,태광산업,20190417,연,2019,2019,1
00153393,태광산업,003240,Y,[기재정정]사업보고서 (2020.12),20220225006914,태광산업,20220225,연,2022,2022,1
00153393,태광산업,003240,Y,[기재정정]사업보고서 (2023.12),20240329003575,태광산업,20240329,연,2024,2024,1
00124151,부산주공,005030,Y,[기재정정]사업보고서 (2017.12),20180615000366,부산주공,20180615,,2018,2018,1
00124151,부산주공,005030,Y,[기재정정]사업보고서 (2016.12),20180515001725,부산주공,20180515,,2018,2018,1
00124151,부산주공,005030,Y,[기재정정]사업보고서 (2015.12),20180515001669,부산주공,20180515,,2018,2018,1
00124151,부산주공,005030,Y,[기재정정]사업보고서 (2014.12),20180515001640,부산주공,20180515,,2018,2018,1
00124151,부산주공,005030,Y,[기재정정]사업보고서 (2013.12),20180515001612,부산주공,20180515,,2018,2018,1
00124151,부산주공,005030,Y,[기재정정]사업보고서 (2012.12),20180515001583,부산주공,20180515,,2018,2018,1
00124151,부산주공,005030,Y,[기재정정]사업보고서 (2011.12),20180515001549,부산주공,20180515,,2018,2018,1
00124151,부산주공,005030,Y,[기재정정]사업보고서 (2016.12),20180330001593,부산주공,20180330,정,2018,2018,1
00124151,부산주공,005030,Y,[기재정정]사업보고서 (2018.12),20190401005073,부산주공,20190401,정,2019,2019,1
00124151,부산주공,005030,Y,[기재정정]사업보고서 (2020.12),20210420000237,부산주공,20210420,,2021,2021,1
00124151,부산주공,005030,Y,[기재정정]사업보고서 (2019.12),20210420000234,부산주공,20210420,,2021,2021,1
00124151,부산주공,005030,Y,[기재정정]사업보고서 (2018.12),20210420000231,부산주공,20210420,,2021,2021,1
00124151,부산주공,005030,Y,[기재정정]사업보고서 (2020.12),20210319000166,부산주공,20210319,정,2021,2021,1
00124151,부산주공,005030,Y,[기재정정]사업보고서 (2022.12),20230323001492,부산주공,20230323,,2023,2023,1
00160843,DB하이텍,000990,Y,[기재정정]사업보고서 (2017.12),20180813000640,DB하이텍,20180813,연,2018,2018,1
00160843,DB하이텍,000990,Y,[기재정정]사업보고서 (2023.12),20240327001130,DB하이텍,20240327,연,2024,2024,1
00109824,대림통상,006570,Y,[기재정정]사업보고서 (2018.12),20190619000229,대림통상,20190619,연,2019,2019,1
00100939,강남제비스코,000860,Y,[기재정정]사업보고서 (2017.12),20181231000137,강남제비스코,20181231,연,2018,2018,1
00100939,강남제비스코,000860,Y,[기재정정]사업보고서 (2016.12),20181231000132,강남제비스코,20181231,연,2018,2018,1
00100939,강남제비스코,000860,Y,[기재정정]사업보고서 (2015.12),20181231000124,강남제비스코,20181231,연,2018,2018,1
00100939,강남제비스코,000860,Y,[기재정정]사업보고서 (2014.12),20181231000116,강남제비스코,20181231,연,2018,2018,1
00100939,강남제비스코,000860,Y,[기재정정]사업보고서 (2013.12),20181231000114,강남제비스코,20181231,연,2018,2018,1
00100939,강남제비스코,000860,Y,[기재정정]사업보고서 (2012.12),20181231000110,강남제비스코,20181231,연,2018,2018,1
00100939,강남제비스코,000860,Y,[기재정정]사업보고서 (2011.12),20181231000103,강남제비스코,20181231,연,2018,2018,1
00173698,신일전자,002700,Y,[기재정정]사업보고서 (2018.12),20190626000411,신일전자,20190626,,2019,2019,1
00126414,삼성제약,001360,Y,[기재정정]사업보고서 (2017.12),20180607000030,삼성제약,20180607,연,2018,2018,1
00126414,삼성제약,001360,Y,[기재정정]사업보고서 (2020.12),20210707000529,삼성제약,20210707,,2021,2021,1
00126414,삼성제약,001360,Y,[기재정정]사업보고서 (2021.12),20220812000933,삼성제약,20220812,,2022,2022,1
00126955,삼양식품,003230,Y,[기재정정]사업보고서 (2019.12),20200331001835,삼양식품,20200331,연,2020,2020,1
00116301,NI스틸,008260,Y,[기재정정]사업보고서 (2017.12),20180611000252,NI스틸,20180611,,2018,2018,1
00116301,NI스틸,008260,Y,[기재정정]사업보고서 (2018.12),20190618000170,NI스틸,20190618,,2019,2019,1
00109286,대동,000490,Y,[기재정정]사업보고서 (2023.12),20240320002054,대동,20240320,연,2024,2024,1
00113492,깨끗한나라,004540,Y,[기재정정]사업보고서 (2018.12),20200709000357,깨끗한나라,20200709,연,2020,2020,1
00113492,깨끗한나라,004540,Y,[첨부정정]사업보고서 (2021.12),20220325001053,깨끗한나라,20220325,연,2022,2022,1
00113492,깨끗한나라,004540,Y,[기재정정]사업보고서 (2023.12),20240401001062,깨끗한나라,20240401,연,2024,2024,1
00126089,DH오토넥스,000300,Y,[기재정정]사업보고서 (2019.12),20200812000329,DH오토넥스,20200812,정연,2020,2020,1
00126089,DH오토넥스,000300,Y,[기재정정]사업보고서 (2019.12),20210607000169,DH오토넥스,20210607,정연,2021,2021,1
00126089,DH오토넥스,000300,Y,[기재정정]사업보고서 (2018.12),20210607000165,DH오토넥스,20210607,정연,2021,2021,1
00126089,DH오토넥스,000300,Y,[기재정정]사업보고서 (2017.12),20210607000157,DH오토넥스,20210607,정연,2021,2021,1
00126089,DH오토넥스,000300,Y,[기재정정]사업보고서 (2020.12),20210406002956,DH오토넥스,20210407,연,2021,2021,1
00126089,DH오토넥스,000300,Y,[기재정정]사업보고서 (2020.12),20210406002944,DH오토넥스,20210407,정연,2021,2021,1
00126089,DH오토넥스,000300,Y,[기재정정]사업보고서 (2020.12),20210406002873,DH오토넥스,20210406,정연,2021,2021,1
00126089,DH오토넥스,000300,Y,[기재정정]사업보고서 (2019.12),20220503000009,DH오토넥스,20220503,연,2022,2022,1
00126089,DH오토넥스,000300,Y,[기재정정]사업보고서 (2018.12),20220503000008,DH오토넥스,20220503,연,2022,2022,1
00126089,DH오토넥스,000300,Y,[기재정정]사업보고서 (2017.12),20220503000005,DH오토넥스,20220503,연,2022,2022,1
00126089,DH오토넥스,000300,Y,[기재정정]사업보고서 (2022.12),20230324000003,DH오토넥스,20230324,연,2023,2023,1
00138242,KG모빌리티,003620,Y,[기재정정]사업보고서 (2021.12),20220427000218,KG모빌리티,20220427,연,2022,2022,1
00146454,일양약품,007570,Y,[기재정정]사업보고서 (2017.12),20180817000237,일양약품,20180817,연,2018,2018,1
00146454,일양약품,007570,Y,[기재정정]사업보고서 (2017.12),20180814002374,일양약품,20180814,정연,2018,2018,1
00146454,일양약품,007570,Y,[기재정정]사업보고서 (2018.12),20190813000206,일양약품,20190813,연,2019,2019,1
00163512,한진,002320,Y,[기재정정]사업보고서 (2020.12),20210325000974,한진,20210325,연,2021,2021,1
00163512,한진,002320,Y,[기재정정]사업보고서 (2021.12),20220812000715,한진,20220812,연,2022,2022,1
00163512,한진,002320,Y,[기재정정]사업보고서 (2023.12),20240328001771,한진,20240328,연,2024,2024,1
00164742,현대자동차,005380,Y,[기재정정]사업보고서 (2020.12),20220217001036,현대자동차,20220217,연,2022,2022,1
00164742,현대자동차,005380,Y,[기재정정]사업보고서 (2019.12),20220217001012,현대자동차,20220217,연,2022,2022,1
00164742,현대자동차,005380,Y,[기재정정]사업보고서 (2018.12),20220217000981,현대자동차,20220217,연,2022,2022,1
00164742,현대자동차,005380,Y,[기재정정]사업보고서 (2017.12),20220217000967,현대자동차,20220217,연,2022,2022,1
00164742,현대자동차,005380,Y,[기재정정]사업보고서 (2016.12),20220217000946,현대자동차,20220217,연,2022,2022,1
00164742,현대자동차,005380,Y,[기재정정]사업보고서 (2015.12),20220217000915,현대자동차,20220217,연,2022,2022,1
00164742,현대자동차,005380,Y,[기재정정]사업보고서 (2014.12),20220217000891,현대자동차,20220217,연,2022,2022,1
00164742,현대자동차,005380,Y,[기재정정]사업보고서 (2022.12),20240314001531,현대자동차,20240314,연,2024,2024,1
00164742,현대자동차,005380,Y,[기재정정]사업보고서 (2021.12),20240314001466,현대자동차,20240314,연,2024,2024,1
00121288,모나미,005360,Y,[기재정정]사업보고서 (2020.12),20210331000541,모나미,20210331,연,2021,2021,1
00162461,한화솔루션,009830,Y,[기재정정]사업보고서 (2017.12),20180814000976,한화솔루션,20180814,연,2018,2018,1
00162461,한화솔루션,009830,Y,[기재정정]사업보고서 (2019.12),20200402001215,한화솔루션,20200402,연,2020,2020,1
00162461,한화솔루션,009830,Y,[기재정정]사업보고서 (2021.12),20220728000033,한화솔루션,20220728,연,2022,2022,1
00162461,한화솔루션,009830,Y,[기재정정]사업보고서 (2021.12),20220329000749,한화솔루션,20220329,정연,2022,2022,1
00162461,한화솔루션,009830,Y,[첨부정정]사업보고서 (2021.12),20220315001281,한화솔루션,20220315,정연,2022,2022,1
00162461,한화솔루션,009830,Y,[첨부정정]사업보고서 (2022.12),20230316001209,한화솔루션,20230316,연,2023,2023,1
00162461,한화솔루션,009830,Y,[기재정정]사업보고서 (2023.12),20240328000654,한화솔루션,20240328,연,2024,2024,1
00159810,카프로,006380,Y,[기재정정]사업보고서 (2022.12),20230711000073,카프로,20230711,,2023,2023,1
00159810,카프로,006380,Y,[기재정정]사업보고서 (2023.12),20240813001630,카프로,20240814,,2024,2024,1
00112970,대한방직,001070,Y,[기재정정]사업보고서 (2017.12),20180403000210,대한방직,20180403,연,2018,2018,1
00112970,대한방직,001070,Y,[기재정정]사업보고서 (2018.12),20190814000012,대한방직,20190814,연,2019,2019,1
00112970,대한방직,001070,Y,[첨부정정]사업보고서 (2019.12),20200330004759,대한방직,20200330,연,2020,2020,1
00112970,대한방직,001070,Y,[기재정정]사업보고서 (2020.12),20210329000181,대한방직,20210329,연,2021,2021,1
00112970,대한방직,001070,Y,[기재정정]사업보고서 (2021.12),20220328001072,대한방직,20220328,연,2022,2022,1
00130879,서울식품공업,004410,Y,[기재정정]사업보고서 (2017.12),20180402004813,서울식품공업,20180402,,2018,2018,1
00104698,LS네트웍스,000680,Y,[기재정정]사업보고서 (2018.12),20190402002227,LS네트웍스,20190402,연,2019,2019,1
00104698,LS네트웍스,000680,Y,[기재정정]사업보고서 (2021.12),20220519000247,LS네트웍스,20220519,연,2022,2022,1
00104698,LS네트웍스,000680,Y,[기재정정]사업보고서 (2023.12),20240321001321,LS네트웍스,20240321,연,2024,2024,1
00106395,금호전기,001210,Y,[기재정정]사업보고서 (2020.12),20210331002867,금호전기,20210331,연,2021,2021,1
00106395,금호전기,001210,Y,[기재정정]사업보고서 (2021.12),20220811000312,금호전기,20220811,연,2022,2022,1
00106641,기아,000270,Y,[기재정정]사업보고서 (2020.12),20211210000500,기아,20211210,연,2021,2021,1
00106641,기아,000270,Y,[기재정정]사업보고서 (2019.12),20211210000477,기아,20211210,연,2021,2021,1
00106641,기아,000270,Y,[기재정정]사업보고서 (2018.12),20211210000468,기아,20211210,연,2021,2021,1
00106641,기아,000270,Y,[기재정정]사업보고서 (2017.12),20211210000450,기아,20211210,연,2021,2021,1
00106641,기아,000270,Y,[기재정정]사업보고서 (2016.12),20211210000438,기아,20211210,연,2021,2021,1
00106641,기아,000270,Y,[기재정정]사업보고서 (2015.12),20211210000418,기아,20211210,연,2021,2021,1
00106641,기아,000270,Y,[기재정정]사업보고서 (2014.12),20211210000409,기아,20211210,연,2021,2021,1
00106641,기아,000270,Y,[기재정정]사업보고서 (2023.12),20240312000909,기아,20240312,연,2024,2024,1
00117212,두산,000150,Y,[첨부정정]사업보고서 (2021.12),20220322000813,두산,20220322,연,2022,2022,1
00117212,두산,000150,Y,[기재정정]사업보고서 (2020.12),20241002000389,두산,20241002,연,2024,2024,1
00117212,두산,000150,Y,[기재정정]사업보고서 (2019.12),20241002000388,두산,20241002,연,2024,2024,1
00117212,두산,000150,Y,[기재정정]사업보고서 (2018.12),20241002000384,두산,20241002,연,2024,2024,1
00117212,두산,000150,Y,[기재정정]사업보고서 (2017.12),20241002000378,두산,20241002,연,2024,2024,1
00117212,두산,000150,Y,[기재정정]사업보고서 (2020.12),20240418000399,두산,20240418,정연,2024,2024,1
00117212,두산,000150,Y,[기재정정]사업보고서 (2019.12),20240418000398,두산,20240418,정연,2024,2024,1
00117212,두산,000150,Y,[기재정정]사업보고서 (2018.12),20240418000394,두산,20240418,정연,2024,2024,1
00117212,두산,000150,Y,[기재정정]사업보고서 (2017.12),20240418000391,두산,20240418,정연,2024,2024,1
00117230,TYM,002900,Y,[첨부정정]사업보고서 (2018.12),20190410001742,TYM,20190410,연,2019,2019,1
00117230,TYM,002900,Y,[기재정정]사업보고서 (2017.12),20190404002287,TYM,20190404,연,2019,2019,1
00117230,TYM,002900,Y,[기재정정]사업보고서 (2019.12),20200331001605,TYM,20200331,연,2020,2020,1
00141149,영진약품,003520,Y,[기재정정]사업보고서 (2017.12),20180705000501,영진약품,20180705,,2018,2018,1
00141149,영진약품,003520,Y,[기재정정]사업보고서 (2021.12),20220318000145,영진약품,20220318,,2022,2022,1
00105271,케이씨씨,002380,Y,[기재정정]사업보고서 (2020.12),20210318000812,케이씨씨,20210318,연,2021,2021,1
00105271,케이씨씨,002380,Y,[기재정정]사업보고서 (2019.12),20210317000457,케이씨씨,20210317,연,2021,2021,1
00105271,케이씨씨,002380,Y,[기재정정]사업보고서 (2018.12),20210317000416,케이씨씨,20210317,연,2021,2021,1
00105271,케이씨씨,002380,Y,[기재정정]사업보고서 (2017.12),20210317000396,케이씨씨,20210317,연,2021,2021,1
00105271,케이씨씨,002380,Y,[기재정정]사업보고서 (2016.12),20210317000365,케이씨씨,20210317,연,2021,2021,1
00105271,케이씨씨,002380,Y,[기재정정]사업보고서 (2023.12),20240327001177,케이씨씨,20240327,연,2024,2024,1
00120571,롯데칠성음료,005300,Y,[기재정정]사업보고서 (2021.12),20220317000852,롯데칠성음료,20220317,연,2022,2022,1
00120571,롯데칠성음료,005300,Y,[기재정정]사업보고서 (2023.12),20240326000264,롯데칠성음료,20240326,연,2024,2024,1
00146269,일신방직,003200,Y,[기재정정]사업보고서 (2021.12),20220725000075,일신방직,20220725,연,2022,2022,1
00146269,일신방직,003200,Y,[첨부정정]사업보고서 (2023.12),20240402001083,일신방직,20240402,연,2024,2024,1
00154462,아모레퍼시픽홀딩스,002790,Y,[기재정정]사업보고서 (2019.12),20200429000864,아모레퍼시픽홀딩스,20200429,연,2020,2020,1
00154462,아모레퍼시픽홀딩스,002790,Y,[기재정정]사업보고서 (2019.12),20200429000572,아모레퍼시픽홀딩스,20200429,정연,2020,2020,1
00113243,대한제분,001130,Y,[첨부정정]사업보고서 (2018.12),20190329004014,대한제분,20190329,연,2019,2019,1
00113243,대한제분,001130,Y,[기재정정]사업보고서 (2023.12),20240510001061,대한제분,20240510,연,2024,2024,1
00121941,대상,001680,Y,[첨부정정]사업보고서 (2019.12),20200330003931,대상,20200330,연,2020,2020,1
00121941,대상,001680,Y,[기재정정]사업보고서 (2021.12),20220816001426,대상,20220816,연,2022,2022,1
00121941,대상,001680,Y,[첨부정정]사업보고서 (2021.12),20220324000890,대상,20220324,정연,2022,2022,1
00121941,대상,001680,Y,[기재정정]사업보고서 (2023.12),20240327000761,대상,20240327,연,2024,2024,1
00162993,한일홀딩스,003300,Y,[기재정정]사업보고서 (2018.12),20190716000211,한일홀딩스,20190716,정연,2019,2019,1
00162993,한일홀딩스,003300,Y,[기재정정]사업보고서 (2018.12),20190515002609,한일홀딩스,20190515,정연,2019,2019,1
00162993,한일홀딩스,003300,Y,[기재정정]사업보고서 (2018.12),20210624000368,한일홀딩스,20210624,연,2021,2021,1
00162993,한일홀딩스,003300,Y,[기재정정]사업보고서 (2022.12),20230717000230,한일홀딩스,20230717,연,2023,2023,1
00113234,대한제당,001790,Y,[기재정정]사업보고서 (2018.12),20190408002984,대한제당,20190408,연,2019,2019,1
00113234,대한제당,001790,Y,[기재정정]사업보고서 (2020.12),20210419000297,대한제당,20210419,연,2021,2021,1
00133618,세기상사,002420,Y,[기재정정]사업보고서 (2019.12),20200512000314,세기상사,20200512,,2020,2020,1
00133618,세기상사,002420,Y,[기재정정]사업보고서 (2020.12),20210326001276,세기상사,20210326,,2021,2021,1
00147222,전방,000950,Y,[기재정정]사업보고서 (2018.12),20190628000036,전방,20190628,연,2019,2019,1
00147222,전방,000950,Y,[기재정정]사업보고서 (2019.12),20210215001241,전방,20210215,연,2021,2021,1
00147222,전방,000950,Y,[기재정정]사업보고서 (2022.12),20230317000870,전방,20230317,정연,2023,2023,1
00113526,대한항공,003490,Y,[기재정정]사업보고서 (2017.12),20190401004973,대한항공,20190401,연,2019,2019,1
00113526,대한항공,003490,Y,[기재정정]사업보고서 (2019.12),20200414002243,대한항공,20200414,연,2020,2020,1
00113526,대한항공,003490,Y,[기재정정]사업보고서 (2018.12),20200409002561,대한항공,20200409,연,2020,2020,1
00113526,대한항공,003490,Y,[기재정정]사업보고서 (2020.12),20210318001404,대한항공,20210318,연,2021,2021,1
00113410,CJ대한통운,000120,Y,[기재정정]사업보고서 (2018.12),20191002000600,CJ대한통운,20191002,연,2019,2019,1
00113410,CJ대한통운,000120,Y,[기재정정]사업보고서 (2023.12),20240320001789,CJ대한통운,20240320,연,2024,2024,1
00101628,경방,000050,Y,[기재정정]사업보고서 (2021.12),20220805000069,경방,20220805,연,2022,2022,1
00163673,한진중공업홀딩스,003480,Y,[기재정정]사업보고서 (2023.12),20240321000495,한진중공업홀딩스,20240321,연,2024,2024,1
