corp_code,corp_name,year,rcept_no,rcept_dt,report_nm,MaterialCorrection,MaterialKeywordHits,MaterialKeywords
00139834,LG씨엔에스,2022,20220405002309,20220405,[기재정정]사업보고서 (2021.12),0,0,
00171265,파라다이스,2021,20210419000082,20210419,[기재정정]사업보고서 (2020.12),0,0,
01190568,에이피알,2018,20180528000239,20180528,[기재정정]사업보고서 (2017.12),0,0,
01190568,에이피알,2018,20180417000178,20180417,[기재정정]사업보고서 (2017.12),0,0,
01190568,에이피알,2019,20191114002071,20191114,[기재정정]사업보고서 (2018.12),0,0,
01190568,에이피알,2019,20191114001781,20191114,[기재정정]사업보고서 (2017.12),0,0,
01190568,에이피알,2019,20190528000207,20190528,[기재정정]사업보고서 (2018.12),0,0,
01190568,에이피알,2020,20200924000296,20200924,[기재정정]사업보고서 (2019.12),0,0,
01190568,에이피알,2020,20200924000286,20200924,[기재정정]사업보고서 (2018.12),0,0,
01190568,에이피알,2020,20200924000275,20200924,[기재정정]사업보고서 (2017.12),0,0,
01190568,에이피알,2020,20200814001681,20200814,[기재정정]사업보고서 (2019.12),0,0,
01190568,에이피알,2020,20200814001663,20200814,[기재정정]사업보고서 (2018.12),0,0,
00398701,엘앤에프,2023,20230828000596,20230828,[기재정정]사업보고서 (2022.12),1,29,감사용역|감사위원|감사의견|감사인|관계기업|내부회계관리제도|당기순이익|매출|부채총계|비감사용역|사외이사|소액주주|손익계산서|연결재무제표|영업이익|이사회|자본변동표|자본총계|자산총계|재무상태표|재무제표|종속기업|최대주주|출자|타법인|특수관계|포괄손익계산서|현금흐름표|회계감사
00398701,엘앤에프,2024,20240328001260,20240328,[기재정정]사업보고서 (2023.12),1,29,감사용역|감사위원|감사의견|감사인|관계기업|내부회계관리제도|당기순이익|매출|부채총계|비감사용역|사외이사|소액주주|손익계산서|연결재무제표|영업이익|이사회|자본변동표|자본총계|자산총계|재무상태표|재무제표|종속기업|최대주주|출자|타법인|특수관계|포괄손익계산서|현금흐름표|회계감사
00155212,포스코DX,2018,20180622000112,20180622,[기재정정]사업보고서 (2017.12),0,0,
00155212,포스코DX,2022,20220504000292,20220504,[기재정정]사업보고서 (2021.12),0,0,
00155212,포스코DX,2024,20240618000197,20240618,[기재정정]사업보고서 (2023.12),1,29,감사용역|감사위원|감사의견|감사인|관계기업|내부회계관리제도|당기순이익|매출|부채총계|비감사용역|사외이사|소액주주|손익계산서|연결재무제표|영업이익|이사회|자본변동표|자본총계|자산총계|재무상태표|재무제표|종속기업|최대주주|출자|타법인|특수관계|포괄손익계산서|현금흐름표|회계감사
00155212,포스코DX,2024,20240313001522,20240313,[기재정정]사업보고서 (2023.12),1,29,감사용역|감사위원|감사의견|감사인|관계기업|내부회계관리제도|당기순이익|매출|부채총계|비감사용역|사외이사|소액주주|손익계산서|연결재무제표|영업이익|이사회|자본변동표|자본총계|자산총계|재무상태표|재무제표|종속기업|최대주주|출자|타법인|특수관계|포괄손익계산서|현금흐름표|회계감사
01311408,에코프로머티,2024,20240417000528,20240417,[기재정정]사업보고서 (2023.12),1,29,감사용역|감사위원|감사의견|감사인|관계기업|내부회계관리제도|당기순이익|매출|부채총계|비감사용역|사외이사|소액주주|손익계산서|연결재무제표|영업이익|이사회|자본변동표|자본총계|자산총계|재무상태표|재무제표|종속기업|최대주주|출자|타법인|특수관계|포괄손익계산서|현금흐름표|회계감사
01770203,조선내화,2024,20240315000658,20240315,[기재정정]사업보고서 (2023.12),1,29,감사용역|감사위원|감사의견|감사인|관계기업|내부회계관리제도|당기순이익|매출|부채총계|비감사용역|사외이사|소액주주|손익계산서|연결재무제표|영업이익|이사회|자본변동표|자본총계|자산총계|재무상태표|재무제표|종속기업|최대주주|출자|타법인|특수관계|포괄손익계산서|현금흐름표|회계감사
00447609,비에이치,2018,20180511003145,20180511,[기재정정]사업보고서 (2017.12),0,0,
00447609,비에이치,2018,20180511002642,20180511,[기재정정]사업보고서 (2017.12),0,0,
00447609,비에이치,2019,20190620000077,20190620,[기재정정]사업보고서 (2018.12),0,0,
00447609,비에이치,2021,20210331002350,20210331,[기재정정]사업보고서 (2020.12),0,0,
00447609,비에이치,2021,20210322000225,20210322,[기재정정]사업보고서 (2020.12),0,0,
01762569,이수스페셜티케미컬,2024,20240411004116,20240411,[기재정정]사업보고서 (2023.12),1,29,감사용역|감사위원|감사의견|감사인|관계기업|내부회계관리제도|당기순이익|매출|부채총계|비감사용역|사외이사|소액주주|손익계산서|연결재무제표|영업이익|이사회|자본변동표|자본총계|자산총계|재무상태표|재무제표|종속기업|최대주주|출자|타법인|특수관계|포괄손익계산서|현금흐름표|회계감사
00480367,SK오션플랜트,2018,20180330002750,20180330,[기재정정]사업보고서 (2017.12),0,0,
00480367,SK오션플랜트,2023,20230831000707,20230831,[기재정정]사업보고서 (2022.12),1,29,감사용역|감사위원|감사의견|감사인|관계기업|내부회계관리제도|당기순이익|매출|부채총계|비감사용역|사외이사|소액주주|손익계산서|연결재무제표|영업이익|이사회|자본변동표|자본총계|자산총계|재무상태표|재무제표|종속기업|최대주주|출자|타법인|특수관계|포괄손익계산서|현금흐름표|회계감사
00622787,바이오노트,2024,20240322000144,20240322,[기재정정]사업보고서 (2023.12),1,29,감사용역|감사위원|감사의견|감사인|관계기업|내부회계관리제도|당기순이익|매출|부채총계|비감사용역|사외이사|소액주주|손익계산서|연결재무제표|영업이익|이사회|자본변동표|자본총계|자산총계|재무상태표|재무제표|종속기업|최대주주|출자|타법인|특수관계|포괄손익계산서|현금흐름표|회계감사
00622787,바이오노트,2024,20240320002051,20240320,[기재정정]사업보고서 (2023.12),1,29,감사용역|감사위원|감사의견|감사인|관계기업|내부회계관리제도|당기순이익|매출|부채총계|비감사용역|사외이사|소액주주|손익계산서|연결재무제표|영업이익|이사회|자본변동표|자본총계|자산총계|재무상태표|재무제표|종속기업|최대주주|출자|타법인|특수관계|포괄손익계산서|현금흐름표|회계감사
01323032,케이카,2023,20230407002574,20230407,[기재정정]사업보고서 (2022.12),1,29,감사용역|감사위원|감사의견|감사인|관계기업|내부회계관리제도|당기순이익|매출|부채총계|비감사용역|사외이사|소액주주|손익계산서|연결재무제표|영업이익|이사회|자본변동표|자본총계|자산총계|재무상태표|재무제표|종속기업|최대주주|출자|타법인|특수관계|포괄손익계산서|현금흐름표|회계감사
01323032,케이카,2024,20240424000584,20240424,[기재정정]사업보고서 (2023.12),1,29,감사용역|감사위원|감사의견|감사인|관계기업|내부회계관리제도|당기순이익|매출|부채총계|비감사용역|사외이사|소액주주|손익계산서|연결재무제표|영업이익|이사회|자본변동표|자본총계|자산총계|재무상태표|재무제표|종속기업|최대주주|출자|타법인|특수관계|포괄손익계산서|현금흐름표|회계감사
00972503,일진하이솔루스,2023,20230315001068,20230315,[기재정정]사업보고서 (2022.12),1,29,감사용역|감사위원|감사의견|감사인|관계기업|내부회계관리제도|당기순이익|매출|부채총계|비감사용역|사외이사|소액주주|손익계산서|연결재무제표|영업이익|이사회|자본변동표|자본총계|자산총계|재무상태표|재무제표|종속기업|최대주주|출자|타법인|특수관계|포괄손익계산서|현금흐름표|회계감사
00545716,롯데렌탈,2018,20180404002530,20180404,[기재정정]사업보고서 (2017.12),0,0,
00545716,롯데렌탈,2019,20190401003474,20190401,[기재정정]사업보고서 (2018.12),0,0,
00545716,롯데렌탈,2021,20210707000505,20210707,[기재정정]사업보고서 (2020.12),0,0,
00545716,롯데렌탈,2021,20210707000485,20210707,[기재정정]사업보고서 (2019.12),0,0,
00545716,롯데렌탈,2021,20210707000453,20210707,[기재정정]사업보고서 (2018.12),0,0,
00545716,롯데렌탈,2022,20220812000791,20220812,[기재정정]사업보고서 (2021.12),1,29,감사용역|감사위원|감사의견|감사인|관계기업|내부회계관리제도|당기순이익|매출|부채총계|비감사용역|사외이사|소액주주|손익계산서|연결재무제표|영업이익|이사회|자본변동표|자본총계|자산총계|재무상태표|재무제표|종속기업|최대주주|출자|타법인|특수관계|포괄손익계산서|현금흐름표|회계감사
00545716,롯데렌탈,2023,20230424000485,20230424,[기재정정]사업보고서 (2022.12),1,29,감사용역|감사위원|감사의견|감사인|관계기업|내부회계관리제도|당기순이익|매출|부채총계|비감사용역|사외이사|소액주주|손익계산서|연결재무제표|영업이익|이사회|자본변동표|자본총계|자산총계|재무상태표|재무제표|종속기업|최대주주|출자|타법인|특수관계|포괄손익계산서|현금흐름표|회계감사
00760971,크래프톤,2018,20180816000192,20180816,[기재정정]사업보고서 (2017.12),0,0,
00760971,크래프톤,2018,20180622000525,20180622,[기재정정]사업보고서 (2017.12),0,0,
00760971,크래프톤,2019,20191107000375,20191107,[기재정정]사업보고서 (2018.12),0,0,
00760971,크래프톤,2019,20190515002199,20190515,[기재정정]사업보고서 (2018.12),0,0,
00760971,크래프톤,2019,20190515001971,20190515,[기재정정]사업보고서 (2017.12),0,0,
00760971,크래프톤,2019,20190515001773,20190515,[기재정정]사업보고서 (2016.12),0,0,
00760971,크래프톤,2019,20190401005084,20190401,[기재정정]사업보고서 (2018.12),0,0,
00760971,크래프톤,2019,20190125000554,20190125,[기재정정]사업보고서 (2017.12),0,0,
00760971,크래프톤,2019,20190125000518,20190125,[기재정정]사업보고서 (2016.12),0,0,
00760971,크래프톤,2020,20200330003881,20200330,[기재정정]사업보고서 (2018.12),0,0,
00760971,크래프톤,2020,20200330003644,20200330,[기재정정]사업보고서 (2017.12),0,0,
00760971,크래프톤,2020,20200330003370,20200330,[기재정정]사업보고서 (2016.12),0,0,
00854997,에스디바이오센서,2021,20210514001634,20210514,[기재정정]사업보고서 (2020.12),0,0,
00854997,에스디바이오센서,2023,20230515000371,20230515,[기재정정]사업보고서 (2022.12),1,29,감사용역|감사위원|감사의견|감사인|관계기업|내부회계관리제도|당기순이익|매출|부채총계|비감사용역|사외이사|소액주주|손익계산서|연결재무제표|영업이익|이사회|자본변동표|자본총계|자산총계|재무상태표|재무제표|종속기업|최대주주|출자|타법인|특수관계|포괄손익계산서|현금흐름표|회계감사
01568413,F&F,2023,20230831001367,20230831,[기재정정]사업보고서 (2022.12),1,29,감사용역|감사위원|감사의견|감사인|관계기업|내부회계관리제도|당기순이익|매출|부채총계|비감사용역|사외이사|소액주주|손익계산서|연결재무제표|영업이익|이사회|자본변동표|자본총계|자산총계|재무상태표|재무제표|종속기업|최대주주|출자|타법인|특수관계|포괄손익계산서|현금흐름표|회계감사
01386916,SK아이이테크놀로지,2023,20230814002466,20230814,[기재정정]사업보고서 (2022.12),1,29,감사용역|감사위원|감사의견|감사인|관계기업|내부회계관리제도|당기순이익|매출|부채총계|비감사용역|사외이사|소액주주|손익계산서|연결재무제표|영업이익|이사회|자본변동표|자본총계|자산총계|재무상태표|재무제표|종속기업|최대주주|출자|타법인|특수관계|포괄손익계산서|현금흐름표|회계감사
01319899,SK바이오사이언스,2020,20201127001236,20201127,[기재정정]사업보고서 (2019.12),0,0,
01510489,프레스티지바이오파마,2023,20231129001041,20231129,[기재정정]사업보고서 (2023.06),1,29,감사용역|감사위원|감사의견|감사인|관계기업|내부회계관리제도|당기순이익|매출|부채총계|비감사용역|사외이사|소액주주|손익계산서|연결재무제표|영업이익|이사회|자본변동표|자본총계|자산총계|재무상태표|재무제표|종속기업|최대주주|출자|타법인|특수관계|포괄손익계산서|현금흐름표|회계감사
01159233,솔루엠,2020,20201208000451,20201208,[기재정정]사업보고서 (2019.12),0,0,
01159233,솔루엠,2020,20200904000075,20200904,[기재정정]사업보고서 (2019.12),0,0,
01159233,솔루엠,2020,20200814002594,20200814,[기재정정]사업보고서 (2019.12),0,0,
01159233,솔루엠,2020,20200814001446,20200814,[기재정정]사업보고서 (2019.12),0,0,
01159233,솔루엠,2021,20210421000598,20210421,[기재정정]사업보고서 (2020.12),0,0,
01159233,솔루엠,2021,20210324000318,20210324,[기재정정]사업보고서 (2020.12),0,0,
01159233,솔루엠,2024,20240319000321,20240319,[기재정정]사업보고서 (2023.12),1,29,감사용역|감사위원|감사의견|감사인|관계기업|내부회계관리제도|당기순이익|매출|부채총계|비감사용역|사외이사|소액주주|손익계산서|연결재무제표|영업이익|이사회|자본변동표|자본총계|자산총계|재무상태표|재무제표|종속기업|최대주주|출자|타법인|특수관계|포괄손익계산서|현금흐름표|회계감사
01524093,DL이앤씨,2024,20240328001465,20240328,[기재정정]사업보고서 (2023.12),1,29,감사용역|감사위원|감사의견|감사인|관계기업|내부회계관리제도|당기순이익|매출|부채총계|비감사용역|사외이사|소액주주|손익계산서|연결재무제표|영업이익|이사회|자본변동표|자본총계|자산총계|재무상태표|재무제표|종속기업|최대주주|출자|타법인|특수관계|포괄손익계산서|현금흐름표|회계감사
00173078,명신산업,2024,20240328000483,20240328,[기재정정]사업보고서 (2023.12),1,29,감사용역|감사위원|감사의견|감사인|관계기업|내부회계관리제도|당기순이익|매출|부채총계|비감사용역|사외이사|소액주주|손익계산서|연결재무제표|영업이익|이사회|자본변동표|자본총계|자산총계|재무상태표|재무제표|종속기업|최대주주|출자|타법인|특수관계|포괄손익계산서|현금흐름표|회계감사
01204056,하이브,2023,20230403004275,20230403,[기재정정]사업보고서 (2022.12),1,29,감사용역|감사위원|감사의견|감사인|관계기업|내부회계관리제도|당기순이익|매출|부채총계|비감사용역|사외이사|소액주주|손익계산서|연결재무제표|영업이익|이사회|자본변동표|자본총계|자산총계|재무상태표|재무제표|종속기업|최대주주|출자|타법인|특수관계|포괄손익계산서|현금흐름표|회계감사
01204056,하이브,2024,20240322001002,20240322,[기재정정]사업보고서 (2023.12),1,29,감사용역|감사위원|감사의견|감사인|관계기업|내부회계관리제도|당기순이익|매출|부채총계|비감사용역|사외이사|소액주주|손익계산서|연결재무제표|영업이익|이사회|자본변동표|자본총계|자산총계|재무상태표|재무제표|종속기업|최대주주|출자|타법인|특수관계|포괄손익계산서|현금흐름표|회계감사
01428203,케이씨씨글라스,2022,20220713000282,20220713,[기재정정]사업보고서 (2021.12),0,0,
01428203,케이씨씨글라스,2022,20220318000967,20220318,[기재정정]사업보고서 (2021.12),0,0,
01428203,케이씨씨글라스,2024,20240328001643,20240328,[기재정정]사업보고서 (2023.12),1,29,감사용역|감사위원|감사의견|감사인|관계기업|내부회계관리제도|당기순이익|매출|부채총계|비감사용역|사외이사|소액주주|손익계산서|연결재무제표|영업이익|이사회|자본변동표|자본총계|자산총계|재무상태표|재무제표|종속기업|최대주주|출자|타법인|특수관계|포괄손익계산서|현금흐름표|회계감사
00450010,씨티알모빌리티,2022,20220412002470,20220412,[기재정정]사업보고서 (2021.12),0,0,
00450010,씨티알모빌리티,2023,20230710000268,20230710,[기재정정]사업보고서 (2022.12),1,29,감사용역|감사위원|감사의견|감사인|관계기업|내부회계관리제도|당기순이익|매출|부채총계|비감사용역|사외이사|소액주주|손익계산서|연결재무제표|영업이익|이사회|자본변동표|자본총계|자산총계|재무상태표|재무제표|종속기업|최대주주|출자|타법인|특수관계|포괄손익계산서|현금흐름표|회계감사
01199550,HD현대에너지솔루션,2020,20200514001143,20200514,[기재정정]사업보고서 (2019.12),0,0,
01199550,HD현대에너지솔루션,2021,20210331002946,20210331,[첨부정정]사업보고서 (2020.12),0,0,
01199550,HD현대에너지솔루션,2022,20220318001065,20220318,[기재정정]사업보고서 (2021.12),0,0,
00339391,한화시스템,2021,20210511000265,20210511,[기재정정]사업보고서 (2020.12),0,0,
00339391,한화시스템,2022,20220516000217,20220516,[기재정정]사업보고서 (2021.12),0,0,
00339391,한화시스템,2022,20220316001020,20220316,[기재정정]사업보고서 (2021.12),0,0,
00339391,한화시스템,2023,20230411001656,20230411,[기재정정]사업보고서 (2022.12),1,29,감사용역|감사위원|감사의견|감사인|관계기업|내부회계관리제도|당기순이익|매출|부채총계|비감사용역|사외이사|소액주주|손익계산서|연결재무제표|영업이익|이사회|자본변동표|자본총계|자산총계|재무상태표|재무제표|종속기업|최대주주|출자|타법인|특수관계|포괄손익계산서|현금흐름표|회계감사
00339391,한화시스템,2023,20230331002782,20230331,[첨부정정]사업보고서 (2022.12),0,0,
00339391,한화시스템,2024,20240516000399,20240516,[기재정정]사업보고서 (2023.12),1,29,감사용역|감사위원|감사의견|감사인|관계기업|내부회계관리제도|당기순이익|매출|부채총계|비감사용역|사외이사|소액주주|손익계산서|연결재무제표|영업이익|이사회|자본변동표|자본총계|자산총계|재무상태표|재무제표|종속기업|최대주주|출자|타법인|특수관계|포괄손익계산서|현금흐름표|회계감사
00339391,한화시스템,2024,20240328001714,20240328,[기재정정]사업보고서 (2023.12),1,29,감사용역|감사위원|감사의견|감사인|관계기업|내부회계관리제도|당기순이익|매출|부채총계|비감사용역|사외이사|소액주주|손익계산서|연결재무제표|영업이익|이사회|자본변동표|자본총계|자산총계|재무상태표|재무제표|종속기업|최대주주|출자|타법인|특수관계|포괄손익계산서|현금흐름표|회계감사
00150633,지누스,2018,20180402005389,20180402,[기재정정]사업보고서 (2017.12),0,0,
00150633,지누스,2019,20190821000526,20190821,[기재정정]사업보고서 (2017.12),0,0,
00150633,지누스,2019,20190814002813,20190814,[기재정정]사업보고서 (2018.12),0,0,
00150633,지누스,2019,20190814002502,20190814,[기재정정]사업보고서 (2016.12),0,0,
00150633,지누스,2019,20190814002263,20190814,[기재정정]사업보고서 (2015.12),0,0,
00150633,지누스,2024,20240425000282,20240425,[기재정정]사업보고서 (2023.12),1,28,감사용역|감사위원|감사의견|감사인|내부회계관리제도|당기순이익|매출|부채총계|비감사용역|사외이사|소액주주|손익계산서|연결재무제표|영업이익|이사회|자본변동표|자본총계|자산총계|재무상태표|재무제표|종속기업|최대주주|출자|타법인|특수관계|포괄손익계산서|현금흐름표|회계감사
00150633,지누스,2024,20240313001671,20240313,[기재정정]사업보고서 (2023.12),1,28,감사용역|감사위원|감사의견|감사인|내부회계관리제도|당기순이익|매출|부채총계|비감사용역|사외이사|소액주주|손익계산서|연결재무제표|영업이익|이사회|자본변동표|자본총계|자산총계|재무상태표|재무제표|종속기업|최대주주|출자|타법인|특수관계|포괄손익계산서|현금흐름표|회계감사
01412822,솔루스첨단소재,2022,20220812000796,20220812,[기재정정]사업보고서 (2021.12),1,29,감사용역|감사위원|감사의견|감사인|관계기업|내부회계관리제도|당기순이익|매출|부채총계|비감사용역|사외이사|소액주주|손익계산서|연결재무제표|영업이익|이사회|자본변동표|자본총계|자산총계|재무상태표|재무제표|종속기업|최대주주|출자|타법인|특수관계|포괄손익계산서|현금흐름표|회계감사
00203315,콘텐트리중앙,2019,20190716000323,20190717,[기재정정]사업보고서 (2018.12),0,0,
00155276,포스코퓨처엠,2018,20180727000096,20180727,[기재정정]사업보고서 (2017.12),0,0,
00155276,포스코퓨처엠,2021,20210512000747,20210512,[기재정정]사업보고서 (2020.12),0,0,
00155276,포스코퓨처엠,2023,20230317000751,20230317,[기재정정]사업보고서 (2022.12),1,29,감사용역|감사위원|감사의견|감사인|관계기업|내부회계관리제도|당기순이익|매출|부채총계|비감사용역|사외이사|소액주주|손익계산서|연결재무제표|영업이익|이사회|자본변동표|자본총계|자산총계|재무상태표|재무제표|종속기업|최대주주|출자|타법인|특수관계|포괄손익계산서|현금흐름표|회계감사
00155276,포스코퓨처엠,2024,20240326000383,20240326,[기재정정]사업보고서 (2023.12),1,29,감사용역|감사위원|감사의견|감사인|관계기업|내부회계관리제도|당기순이익|매출|부채총계|비감사용역|사외이사|소액주주|손익계산서|연결재무제표|영업이익|이사회|자본변동표|자본총계|자산총계|재무상태표|재무제표|종속기업|최대주주|출자|타법인|특수관계|포괄손익계산서|현금흐름표|회계감사
00362441,현대오토에버,2019,20190402000001,20190402,[기재정정]사업보고서 (2018.12),0,0,
00362441,현대오토에버,2024,20240329000426,20240329,[기재정정]사업보고서 (2023.12),1,29,감사용역|감사위원|감사의견|감사인|관계기업|내부회계관리제도|당기순이익|매출|부채총계|비감사용역|사외이사|소액주주|손익계산서|연결재무제표|영업이익|이사회|자본변동표|자본총계|자산총계|재무상태표|재무제표|종속기업|최대주주|출자|타법인|특수관계|포괄손익계산서|현금흐름표|회계감사
00415646,드림텍,2022,20220812000858,20220812,[기재정정]사업보고서 (2021.12),1,29,감사용역|감사위원|감사의견|감사인|관계기업|내부회계관리제도|당기순이익|매출|부채총계|비감사용역|사외이사|소액주주|손익계산서|연결재무제표|영업이익|이사회|자본변동표|자본총계|자산총계|재무상태표|재무제표|종속기업|최대주주|출자|타법인|특수관계|포괄손익계산서|현금흐름표|회계감사
01010110,더블유게임즈,2018,20180605000381,20180605,[기재정정]사업보고서 (2017.12),0,0,
00651901,에어부산,2019,20190402000257,20190402,[기재정정]사업보고서 (2018.12),0,0,
00651901,에어부산,2023,20230831001169,20230831,[기재정정]사업보고서 (2022.12),1,29,감사용역|감사위원|감사의견|감사인|관계기업|내부회계관리제도|당기순이익|매출|부채총계|비감사용역|사외이사|소액주주|손익계산서|연결재무제표|영업이익|이사회|자본변동표|자본총계|자산총계|재무상태표|재무제표|종속기업|최대주주|출자|타법인|특수관계|포괄손익계산서|현금흐름표|회계감사
00651901,에어부산,2024,20240731000599,20240731,[기재정정]사업보고서 (2019.12),1,28,감사용역|감사위원|감사의견|감사인|관계기업|내부회계관리제도|당기순이익|매출|부채총계|비감사용역|사외이사|소액주주|손익계산서|연결재무제표|영업이익|이사회|자본변동표|자본총계|자산총계|재무상태표|재무제표|최대주주|출자|타법인|특수관계|포괄손익계산서|현금흐름표|회계감사
00651901,에어부산,2024,20240731000521,20240731,[기재정정]사업보고서 (2018.12),1,28,감사용역|감사위원|감사의견|감사인|관계기업|내부회계관리제도|당기순이익|매출|부채총계|비감사용역|사외이사|소액주주|손익계산서|연결재무제표|영업이익|이사회|자본변동표|자본총계|자산총계|재무상태표|재무제표|최대주주|출자|타법인|특수관계|포괄손익계산서|현금흐름표|회계감사
00458234,아시아나IDT,2019,20190516000059,20190516,[기재정정]사업보고서 (2018.12),0,0,
00458234,아시아나IDT,2019,20190402000723,20190402,[기재정정]사업보고서 (2018.12),0,0,
00458234,아시아나IDT,2023,20230719000433,20230719,[기재정정]사업보고서 (2022.12),1,29,감사용역|감사위원|감사의견|감사인|관계기업|내부회계관리제도|당기순이익|매출|부채총계|비감사용역|사외이사|소액주주|손익계산서|연결재무제표|영업이익|이사회|자본변동표|자본총계|자산총계|재무상태표|재무제표|종속기업|최대주주|출자|타법인|특수관계|포괄손익계산서|현금흐름표|회계감사
00248974,하나제약,2022,20220331002435,20220331,[기재정정]사업보고서 (2021.12),0,0,
00248974,하나제약,2023,20230712000281,20230712,[기재정정]사업보고서 (2022.12),1,28,감사용역|감사위원|감사의견|감사인|내부회계관리제도|당기순이익|매출|부채총계|비감사용역|사외이사|소액주주|손익계산서|연결재무제표|영업이익|이사회|자본변동표|자본총계|자산총계|재무상태표|재무제표|종속기업|최대주주|출자|타법인|특수관계|포괄손익계산서|현금흐름표|회계감사
00143262,우진아이엔에스,2022,20220812000678,20220812,[기재정정]사업보고서 (2021.12),1,29,감사용역|감사위원|감사의견|감사인|관계기업|내부회계관리제도|당기순이익|매출|부채총계|비감사용역|사외이사|소액주주|손익계산서|연결재무제표|영업이익|이사회|자본변동표|자본총계|자산총계|재무상태표|재무제표|종속기업|최대주주|출자|타법인|특수관계|포괄손익계산서|현금흐름표|회계감사
01319808,한일시멘트,2020,20200401002489,20200401,[기재정정]사업보고서 (2019.12),0,0,
00671376,트리니티항공,2021,20210601000044,20210601,[기재정정]사업보고서 (2020.12),0,0,
01262032,롯데이노베이트,2022,20220314001163,20220314,[기재정정]사업보고서 (2021.12),0,0,
01316254,HS효성첨단소재,2020,20200330004579,20200330,[기재정정]사업보고서 (2019.12),0,0,
01316245,효성중공업,2019,20190618000136,20190618,[기재정정]사업보고서 (2018.12),0,0,
01316245,효성중공업,2022,20220727000309,20220727,[기재정정]사업보고서 (2021.12),0,0,
01316245,효성중공업,2023,20230309000420,20230309,[기재정정]사업보고서 (2022.12),1,29,감사용역|감사위원|감사의견|감사인|관계기업|내부회계관리제도|당기순이익|매출|부채총계|비감사용역|사외이사|소액주주|손익계산서|연결재무제표|영업이익|이사회|자본변동표|자본총계|자산총계|재무상태표|재무제표|종속기업|최대주주|출자|타법인|특수관계|포괄손익계산서|현금흐름표|회계감사
01316245,효성중공업,2024,20240315000877,20240315,[기재정정]사업보고서 (2023.12),1,29,감사용역|감사위원|감사의견|감사인|관계기업|내부회계관리제도|당기순이익|매출|부채총계|비감사용역|사외이사|소액주주|손익계산서|연결재무제표|영업이익|이사회|자본변동표|자본총계|자산총계|재무상태표|재무제표|종속기업|최대주주|출자|타법인|특수관계|포괄손익계산서|현금흐름표|회계감사
01310269,IPARK현대산업개발,2019,20190814000224,20190814,[기재정정]사업보고서 (2018.12),0,0,
01310269,IPARK현대산업개발,2020,20200630000680,20200630,[기재정정]사업보고서 (2019.12),0,0,
01310269,IPARK현대산업개발,2020,20200630000654,20200630,[기재정정]사업보고서 (2018.12),0,0,
01310269,IPARK현대산업개발,2023,20230713000082,20230713,[기재정정]사업보고서 (2022.12),1,29,감사용역|감사위원|감사의견|감사인|관계기업|내부회계관리제도|당기순이익|매출|부채총계|비감사용역|사외이사|소액주주|손익계산서|연결재무제표|영업이익|이사회|자본변동표|자본총계|자산총계|재무상태표|재무제표|종속기업|최대주주|출자|타법인|특수관계|포괄손익계산서|현금흐름표|회계감사
01310269,IPARK현대산업개발,2024,20240401002733,20240401,[기재정정]사업보고서 (2023.12),1,29,감사용역|감사위원|감사의견|감사인|관계기업|내부회계관리제도|당기순이익|매출|부채총계|비감사용역|사외이사|소액주주|손익계산서|연결재무제표|영업이익|이사회|자본변동표|자본총계|자산총계|재무상태표|재무제표|종속기업|최대주주|출자|타법인|특수관계|포괄손익계산서|현금흐름표|회계감사
00139454,애경산업,2019,20190702000212,20190702,[기재정정]사업보고서 (2018.12),0,0,
00413046,셀트리온,2018,20180720000460,20180720,[기재정정]사업보고서 (2017.12),0,0,
00413046,셀트리온,2020,20200410002837,20200410,[기재정정]사업보고서 (2019.12),0,0,
00413046,셀트리온,2022,20220512000853,20220512,[기재정정]사업보고서 (2021.12),0,0,
00413046,셀트리온,2022,20220512000852,20220512,[기재정정]사업보고서 (2020.12),0,0,
00413046,셀트리온,2022,20220512000850,20220512,[기재정정]사업보고서 (2019.12),0,0,
00413046,셀트리온,2022,20220512000849,20220512,[기재정정]사업보고서 (2018.12),0,0,
00413046,셀트리온,2022,20220512000845,20220512,[기재정정]사업보고서 (2017.12),0,0,
00413046,셀트리온,2022,20220512000841,20220512,[기재정정]사업보고서 (2016.12),0,0,
00413046,셀트리온,2022,20220317000991,20220317,[기재정정]사업보고서 (2021.12),0,0,
01267684,쿠쿠홈시스,2021,20210326000876,20210326,[기재정정]사업보고서 (2020.12),0,0,
01267684,쿠쿠홈시스,2022,20220330001375,20220330,[기재정정]사업보고서 (2021.12),0,0,
01267684,쿠쿠홈시스,2023,20230403003576,20230403,[기재정정]사업보고서 (2022.12),1,29,감사용역|감사위원|감사의견|감사인|관계기업|내부회계관리제도|당기순이익|매출|부채총계|비감사용역|사외이사|소액주주|손익계산서|연결재무제표|영업이익|이사회|자본변동표|자본총계|자산총계|재무상태표|재무제표|종속기업|최대주주|출자|타법인|특수관계|포괄손익계산서|현금흐름표|회계감사
01267684,쿠쿠홈시스,2023,20230330001229,20230330,[기재정정]사업보고서 (2022.12),1,29,감사용역|감사위원|감사의견|감사인|관계기업|내부회계관리제도|당기순이익|매출|부채총계|비감사용역|사외이사|소액주주|손익계산서|연결재무제표|영업이익|이사회|자본변동표|자본총계|자산총계|재무상태표|재무제표|종속기업|최대주주|출자|타법인|특수관계|포괄손익계산서|현금흐름표|회계감사
01267170,SK케미칼,2018,20180402001432,20180402,[기재정정]사업보고서 (2017.12),0,0,
01267170,SK케미칼,2019,20190404002228,20190404,[기재정정]사업보고서 (2018.12),0,0,
01267170,SK케미칼,2019,20190404001642,20190404,[기재정정]사업보고서 (2018.12),0,0,
01267170,SK케미칼,2021,20210428000711,20210428,[기재정정]사업보고서 (2020.12),0,0,
01267170,SK케미칼,2023,20230320000964,20230320,[기재정정]사업보고서 (2022.12),1,29,감사용역|감사위원|감사의견|감사인|관계기업|내부회계관리제도|당기순이익|매출|부채총계|비감사용역|사외이사|소액주주|손익계산서|연결재무제표|영업이익|이사회|자본변동표|자본총계|자산총계|재무상태표|재무제표|종속기업|최대주주|출자|타법인|특수관계|포괄손익계산서|현금흐름표|회계감사
01263022,BGF리테일,2024,20240412003349,20240412,[기재정정]사업보고서 (2023.12),1,29,감사용역|감사위원|감사의견|감사인|관계기업|내부회계관리제도|당기순이익|매출|부채총계|비감사용역|사외이사|소액주주|손익계산서|연결재무제표|영업이익|이사회|자본변동표|자본총계|자산총계|재무상태표|재무제표|종속기업|최대주주|출자|타법인|특수관계|포괄손익계산서|현금흐름표|회계감사
01060814,삼양패키징,2018,20180612000249,20180612,[기재정정]사업보고서 (2017.12),0,0,
01060814,삼양패키징,2018,20180402003653,20180402,[기재정정]사업보고서 (2017.12),0,0,
00256955,테이팩스,2018,20180628000373,20180628,[기재정정]사업보고서 (2017.12),0,0,
00256955,테이팩스,2022,20220816000332,20220816,[기재정정]사업보고서 (2021.12),1,29,감사용역|감사위원|감사의견|감사인|관계기업|내부회계관리제도|당기순이익|매출|부채총계|비감사용역|사외이사|소액주주|손익계산서|연결재무제표|영업이익|이사회|자본변동표|자본총계|자산총계|재무상태표|재무제표|종속기업|최대주주|출자|타법인|특수관계|포괄손익계산서|현금흐름표|회계감사
00256955,테이팩스,2024,20240322000460,20240322,[기재정정]사업보고서 (2023.12),1,29,감사용역|감사위원|감사의견|감사인|관계기업|내부회계관리제도|당기순이익|매출|부채총계|비감사용역|사외이사|소액주주|손익계산서|연결재무제표|영업이익|이사회|자본변동표|자본총계|자산총계|재무상태표|재무제표|종속기업|최대주주|출자|타법인|특수관계|포괄손익계산서|현금흐름표|회계감사
01258507,롯데웰푸드,2024,20240322000503,20240322,[기재정정]사업보고서 (2023.12),1,29,감사용역|감사위원|감사의견|감사인|관계기업|내부회계관리제도|당기순이익|매출|부채총계|비감사용역|사외이사|소액주주|손익계산서|연결재무제표|영업이익|이사회|자본변동표|자본총계|자산총계|재무상태표|재무제표|종속기업|최대주주|출자|타법인|특수관계|포괄손익계산서|현금흐름표|회계감사
01258507,롯데웰푸드,2024,20240318000765,20240318,[기재정정]사업보고서 (2023.12),1,29,감사용역|감사위원|감사의견|감사인|관계기업|내부회계관리제도|당기순이익|매출|부채총계|비감사용역|사외이사|소액주주|손익계산서|연결재무제표|영업이익|이사회|자본변동표|자본총계|자산총계|재무상태표|재무제표|종속기업|최대주주|출자|타법인|특수관계|포괄손익계산서|현금흐름표|회계감사
00258801,카카오,2024,20240418000375,20240418,[기재정정]사업보고서 (2023.12),1,29,감사용역|감사위원|감사의견|감사인|관계기업|내부회계관리제도|당기순이익|매출|부채총계|비감사용역|사외이사|소액주주|손익계산서|연결재무제표|영업이익|이사회|자본변동표|자본총계|자산총계|재무상태표|재무제표|종속기업|최대주주|출자|타법인|특수관계|포괄손익계산서|현금흐름표|회계감사
00258801,카카오,2024,20240328001805,20240328,[기재정정]사업보고서 (2023.12),1,29,감사용역|감사위원|감사의견|감사인|관계기업|내부회계관리제도|당기순이익|매출|부채총계|비감사용역|사외이사|소액주주|손익계산서|연결재무제표|영업이익|이사회|자본변동표|자본총계|자산총계|재무상태표|재무제표|종속기업|최대주주|출자|타법인|특수관계|포괄손익계산서|현금흐름표|회계감사
00258801,카카오,2024,20240321000907,20240321,[기재정정]사업보고서 (2023.12),1,29,감사용역|감사위원|감사의견|감사인|관계기업|내부회계관리제도|당기순이익|매출|부채총계|비감사용역|사외이사|소액주주|손익계산서|연결재무제표|영업이익|이사회|자본변동표|자본총계|자산총계|재무상태표|재무제표|종속기업|최대주주|출자|타법인|특수관계|포괄손익계산서|현금흐름표|회계감사
00258801,카카오,2024,20240320000393,20240320,[기재정정]사업보고서 (2022.12),1,29,감사용역|감사위원|감사의견|감사인|관계기업|내부회계관리제도|당기순이익|매출|부채총계|비감사용역|사외이사|소액주주|손익계산서|연결재무제표|영업이익|이사회|자본변동표|자본총계|자산총계|재무상태표|재무제표|종속기업|최대주주|출자|타법인|특수관계|포괄손익계산서|현금흐름표|회계감사
00258801,카카오,2024,20240320000386,20240320,[기재정정]사업보고서 (2021.12),1,29,감사용역|감사위원|감사의견|감사인|관계기업|내부회계관리제도|당기순이익|매출|부채총계|비감사용역|사외이사|소액주주|손익계산서|연결재무제표|영업이익|이사회|자본변동표|자본총계|자산총계|재무상태표|재무제표|종속기업|최대주주|출자|타법인|특수관계|포괄손익계산서|현금흐름표|회계감사
00258801,카카오,2024,20240320000376,20240320,[기재정정]사업보고서 (2020.12),1,29,감사용역|감사위원|감사의견|감사인|관계기업|내부회계관리제도|당기순이익|매출|부채총계|비감사용역|사외이사|소액주주|손익계산서|연결재무제표|영업이익|이사회|자본변동표|자본총계|자산총계|재무상태표|재무제표|종속기업|최대주주|출자|타법인|특수관계|포괄손익계산서|현금흐름표|회계감사
01238169,오리온,2019,20190612000150,20190612,[기재정정]사업보고서 (2018.12),0,0,
01238169,오리온,2022,20220323000300,20220323,[기재정정]사업보고서 (2021.12),0,0,
01234297,미원에스씨,2022,20220816000420,20220816,[기재정정]사업보고서 (2021.12),1,29,감사용역|감사위원|감사의견|감사인|관계기업|내부회계관리제도|당기순이익|매출|부채총계|비감사용역|사외이사|소액주주|손익계산서|연결재무제표|영업이익|이사회|자본변동표|자본총계|자산총계|재무상태표|재무제표|종속기업|최대주주|출자|타법인|특수관계|포괄손익계산서|현금흐름표|회계감사
00904672,넷마블,2018,20180403000993,20180403,[기재정정]사업보고서 (2017.12),0,0,
00904672,넷마블,2019,20190521000353,20190521,[기재정정]사업보고서 (2018.12),0,0,
00904672,넷마블,2019,20190515002612,20190515,[첨부정정]사업보고서 (2018.12),0,0,
00904672,넷마블,2020,20200330004828,20200330,[기재정정]사업보고서 (2019.12),0,0,
01205842,HD건설기계,2022,20220816000025,20220816,[기재정정]사업보고서 (2021.12),1,29,감사용역|감사위원|감사의견|감사인|관계기업|내부회계관리제도|당기순이익|매출|부채총계|비감사용역|사외이사|소액주주|손익계산서|연결재무제표|영업이익|이사회|자본변동표|자본총계|자산총계|재무상태표|재무제표|종속기업|최대주주|출자|타법인|특수관계|포괄손익계산서|현금흐름표|회계감사
01205842,HD건설기계,2022,20220315000963,20220315,[기재정정]사업보고서 (2021.12),0,0,
01205851,HD현대일렉트릭,2018,20180615000431,20180615,[기재정정]사업보고서 (2017.12),0,0,
01205329,크라운제과,2022,20220323000021,20220323,[기재정정]사업보고서 (2021.12),0,0,
01205329,크라운제과,2022,20220322000905,20220322,[기재정정]사업보고서 (2021.12),0,0,
01205329,크라운제과,2023,20230331000007,20230331,[기재정정]사업보고서 (2022.12),1,29,감사용역|감사위원|감사의견|감사인|관계기업|내부회계관리제도|당기순이익|매출|부채총계|비감사용역|사외이사|소액주주|손익계산서|연결재무제표|영업이익|이사회|자본변동표|자본총계|자산총계|재무상태표|재무제표|종속기업|최대주주|출자|타법인|특수관계|포괄손익계산서|현금흐름표|회계감사
00526599,덴티움,2023,20230322001007,20230322,[기재정정]사업보고서 (2022.12),1,29,감사용역|감사위원|감사의견|감사인|관계기업|내부회계관리제도|당기순이익|매출|부채총계|비감사용역|사외이사|소액주주|손익계산서|연결재무제표|영업이익|이사회|자본변동표|자본총계|자산총계|재무상태표|재무제표|종속기업|최대주주|출자|타법인|특수관계|포괄손익계산서|현금흐름표|회계감사
00226316,호전실업,2018,20180409001556,20180409,[기재정정]사업보고서 (2017.12),0,0,
00226316,호전실업,2021,20210331002763,20210331,[기재정정]사업보고서 (2020.12),0,0,
00226316,호전실업,2022,20220331002749,20220331,[기재정정]사업보고서 (2021.12),0,0,
00226316,호전실업,2023,20230331003532,20230331,[기재정정]사업보고서 (2022.12),1,29,감사용역|감사위원|감사의견|감사인|관계기업|내부회계관리제도|당기순이익|매출|부채총계|비감사용역|사외이사|소액주주|손익계산서|연결재무제표|영업이익|이사회|자본변동표|자본총계|자산총계|재무상태표|재무제표|종속기업|최대주주|출자|타법인|특수관계|포괄손익계산서|현금흐름표|회계감사
00226316,호전실업,2024,20240329002993,20240329,[기재정정]사업보고서 (2023.12),1,29,감사용역|감사위원|감사의견|감사인|관계기업|내부회계관리제도|당기순이익|매출|부채총계|비감사용역|사외이사|소액주주|손익계산서|연결재무제표|영업이익|이사회|자본변동표|자본총계|자산총계|재무상태표|재무제표|종속기업|최대주주|출자|타법인|특수관계|포괄손익계산서|현금흐름표|회계감사
00119140,핸즈코퍼레이션,2024,20240513000862,20240513,[기재정정]사업보고서 (2023.12),1,29,감사용역|감사위원|감사의견|감사인|관계기업|내부회계관리제도|당기순이익|매출|부채총계|비감사용역|사외이사|소액주주|손익계산서|연결재무제표|영업이익|이사회|자본변동표|자본총계|자산총계|재무상태표|재무제표|종속기업|최대주주|출자|타법인|특수관계|포괄손익계산서|현금흐름표|회계감사
01032486,두산밥캣,2022,20220812000942,20220812,[기재정정]사업보고서 (2021.12),1,29,감사용역|감사위원|감사의견|감사인|관계기업|내부회계관리제도|당기순이익|매출|부채총계|비감사용역|사외이사|소액주주|손익계산서|연결재무제표|영업이익|이사회|자본변동표|자본총계|자산총계|재무상태표|재무제표|종속기업|최대주주|출자|타법인|특수관계|포괄손익계산서|현금흐름표|회계감사
01032486,두산밥캣,2024,20240329003259,20240329,[기재정정]사업보고서 (2023.12),1,29,감사용역|감사위원|감사의견|감사인|관계기업|내부회계관리제도|당기순이익|매출|부채총계|비감사용역|사외이사|소액주주|손익계산서|연결재무제표|영업이익|이사회|자본변동표|자본총계|자산총계|재무상태표|재무제표|종속기업|최대주주|출자|타법인|특수관계|포괄손익계산서|현금흐름표|회계감사
00877059,삼성바이오로직스,2019,20190723000170,20190723,[기재정정]사업보고서 (2018.12),0,0,
00225706,JW생명과학,2018,20180814002741,20180814,[기재정정]사업보고서 (2017.12),0,0,
00225706,JW생명과학,2019,20190730000355,20190730,[기재정정]사업보고서 (2018.12),0,0,
00225706,JW생명과학,2021,20210901000473,20210901,[기재정정]사업보고서 (2020.12),0,0,
00225706,JW생명과학,2021,20210326000024,20210326,[기재정정]사업보고서 (2020.12),0,0,
00225706,JW생명과학,2022,20220228000075,20220228,[기재정정]사업보고서 (2020.12),0,0,
01168383,일동제약,2024,20240708000113,20240708,[기재정정]사업보고서 (2023.12),1,29,감사용역|감사위원|감사의견|감사인|관계기업|내부회계관리제도|당기순이익|매출|부채총계|비감사용역|사외이사|소액주주|손익계산서|연결재무제표|영업이익|이사회|자본변동표|자본총계|자산총계|재무상태표|재무제표|종속기업|최대주주|출자|타법인|특수관계|포괄손익계산서|현금흐름표|회계감사
00119672,두올,2018,20180615000219,20180615,[기재정정]사업보고서 (2017.12),0,0,
00119672,두올,2021,20210322000709,20210322,[기재정정]사업보고서 (2020.12),0,0,
00119672,두올,2023,20230713000062,20230713,[기재정정]사업보고서 (2022.12),1,29,감사용역|감사위원|감사의견|감사인|관계기업|내부회계관리제도|당기순이익|매출|부채총계|비감사용역|사외이사|소액주주|손익계산서|연결재무제표|영업이익|이사회|자본변동표|자본총계|자산총계|재무상태표|재무제표|종속기업|최대주주|출자|타법인|특수관계|포괄손익계산서|현금흐름표|회계감사
00144395,동서,2021,20210318000724,20210318,[기재정정]사업보고서 (2020.12),0,0,
00365989,모나용평,2018,20180615000023,20180615,[기재정정]사업보고서 (2017.12),0,0,
00365989,모나용평,2021,20210326001119,20210326,[기재정정]사업보고서 (2020.12),0,0,
00428321,해태제과식품,2022,20220817000003,20220817,[기재정정]사업보고서 (2021.12),1,29,감사용역|감사위원|감사의견|감사인|관계기업|내부회계관리제도|당기순이익|매출|부채총계|비감사용역|사외이사|소액주주|손익계산서|연결재무제표|영업이익|이사회|자본변동표|자본총계|자산총계|재무상태표|재무제표|종속기업|최대주주|출자|타법인|특수관계|포괄손익계산서|현금흐름표|회계감사
00428321,해태제과식품,2022,20220816002677,20220816,[기재정정]사업보고서 (2021.12),1,29,감사용역|감사위원|감사의견|감사인|관계기업|내부회계관리제도|당기순이익|매출|부채총계|비감사용역|사외이사|소액주주|손익계산서|연결재무제표|영업이익|이사회|자본변동표|자본총계|자산총계|재무상태표|재무제표|종속기업|최대주주|출자|타법인|특수관계|포괄손익계산서|현금흐름표|회계감사
00428321,해태제과식품,2024,20240516002223,20240516,[기재정정]사업보고서 (2019.12),1,29,감사용역|감사위원|감사의견|감사인|관계기업|내부회계관리제도|당기순이익|매출|부채총계|비감사용역|사외이사|소액주주|손익계산서|연결재무제표|영업이익|이사회|자본변동표|자본총계|자산총계|재무상태표|재무제표|종속기업|최대주주|출자|타법인|특수관계|포괄손익계산서|현금흐름표|회계감사
00428321,해태제과식품,2024,20240516002204,20240516,[기재정정]사업보고서 (2018.12),1,29,감사용역|감사위원|감사의견|감사인|관계기업|내부회계관리제도|당기순이익|매출|부채총계|비감사용역|사외이사|소액주주|손익계산서|연결재무제표|영업이익|이사회|자본변동표|자본총계|자산총계|재무상태표|재무제표|종속기업|최대주주|출자|타법인|특수관계|포괄손익계산서|현금흐름표|회계감사
00428321,해태제과식품,2024,20240516002189,20240516,[기재정정]사업보고서 (2017.12),1,29,감사용역|감사위원|감사의견|감사인|관계기업|내부회계관리제도|당기순이익|매출|부채총계|비감사용역|사외이사|소액주주|손익계산서|연결재무제표|영업이익|이사회|자본변동표|자본총계|자산총계|재무상태표|재무제표|종속기업|최대주주|출자|타법인|특수관계|포괄손익계산서|현금흐름표|회계감사
00428321,해태제과식품,2024,20240516002167,20240516,[기재정정]사업보고서 (2016.12),1,29,감사용역|감사위원|감사의견|감사인|관계기업|내부회계관리제도|당기순이익|매출|부채총계|비감사용역|사외이사|소액주주|손익계산서|연결재무제표|영업이익|이사회|자본변동표|자본총계|자산총계|재무상태표|재무제표|종속기업|최대주주|출자|타법인|특수관계|포괄손익계산서|현금흐름표|회계감사
00109806,삼일씨엔에스,2022,20220328000445,20220328,[기재정정]사업보고서 (2021.12),0,0,
00332927,제이에스코퍼레이션,2022,20220715000180,20220715,[기재정정]사업보고서 (2021.12),0,0,
00911955,잇츠한불,2018,20180625000290,20180625,[기재정정]사업보고서 (2017.12),0,0,
00415628,세진중공업,2022,20221019000356,20221019,[기재정정]사업보고서 (2021.12),1,29,감사용역|감사위원|감사의견|감사인|관계기업|내부회계관리제도|당기순이익|매출|부채총계|비감사용역|사외이사|소액주주|손익계산서|연결재무제표|영업이익|이사회|자본변동표|자본총계|자산총계|재무상태표|재무제표|종속기업|최대주주|출자|타법인|특수관계|포괄손익계산서|현금흐름표|회계감사
00415628,세진중공업,2022,20220816001882,20220816,[기재정정]사업보고서 (2021.12),1,29,감사용역|감사위원|감사의견|감사인|관계기업|내부회계관리제도|당기순이익|매출|부채총계|비감사용역|사외이사|소액주주|손익계산서|연결재무제표|영업이익|이사회|자본변동표|자본총계|자산총계|재무상태표|재무제표|종속기업|최대주주|출자|타법인|특수관계|포괄손익계산서|현금흐름표|회계감사
00105606,금호에이치티,2019,20190527000441,20190527,[기재정정]사업보고서 (2018.12),0,0,
00105606,금호에이치티,2019,20190516000313,20190516,[기재정정]사업보고서 (2018.12),0,0,
00105606,금호에이치티,2021,20210331003148,20210331,[기재정정]사업보고서 (2020.12),0,0,
00105606,금호에이치티,2022,20220516002226,20220516,[기재정정]사업보고서 (2021.12),0,0,
00105606,금호에이치티,2022,20220331003021,20220331,[기재정정]사업보고서 (2021.12),0,0,
00105606,금호에이치티,2023,20230331003463,20230331,[기재정정]사업보고서 (2022.12),1,29,감사용역|감사위원|감사의견|감사인|관계기업|내부회계관리제도|당기순이익|매출|부채총계|비감사용역|사외이사|소액주주|손익계산서|연결재무제표|영업이익|이사회|자본변동표|자본총계|자산총계|재무상태표|재무제표|종속기업|최대주주|출자|타법인|특수관계|포괄손익계산서|현금흐름표|회계감사
00105606,금호에이치티,2024,20240329002838,20240329,[기재정정]사업보고서 (2023.12),1,29,감사용역|감사위원|감사의견|감사인|관계기업|내부회계관리제도|당기순이익|매출|부채총계|비감사용역|사외이사|소액주주|손익계산서|연결재무제표|영업이익|이사회|자본변동표|자본총계|자산총계|재무상태표|재무제표|종속기업|최대주주|출자|타법인|특수관계|포괄손익계산서|현금흐름표|회계감사
00555874,제주항공,2018,20180608000516,20180608,[기재정정]사업보고서 (2017.12),0,0,
00555874,제주항공,2018,20180420000500,20180420,[기재정정]사업보고서 (2017.12),0,0,
00555874,제주항공,2018,20180330003933,20180330,[기재정정]사업보고서 (2017.12),0,0,
00555874,제주항공,2019,20190405002546,20190405,[기재정정]사업보고서 (2018.12),0,0,
00555874,제주항공,2020,20200330003748,20200330,[기재정정]사업보고서 (2019.12),0,0,
00555874,제주항공,2021,20210323000314,20210323,[기재정정]사업보고서 (2020.12),0,0,
00555874,제주항공,2022,20220331003402,20220331,[기재정정]사업보고서 (2018.12),0,0,
00555874,제주항공,2022,20220331003366,20220331,[기재정정]사업보고서 (2019.12),0,0,
00555874,제주항공,2022,20220331003341,20220331,[기재정정]사업보고서 (2020.12),0,0,
00555874,제주항공,2022,20220331002829,20220331,[기재정정]사업보고서 (2021.12),0,0,
01108099,현대코퍼레이션홀딩스,2018,20180618000243,20180618,[기재정정]사업보고서 (2017.12),0,0,
00503668,LIG디펜스앤에어로스페이스,2019,20190402001475,20190402,[기재정정]사업보고서 (2018.12),0,0,
00503668,LIG디펜스앤에어로스페이스,2020,20200403000737,20200403,[기재정정]사업보고서 (2019.12),0,0,
00503668,LIG디펜스앤에어로스페이스,2021,20210427000394,20210427,[기재정정]사업보고서 (2020.12),0,0,
00503668,LIG디펜스앤에어로스페이스,2022,20220318000255,20220318,[기재정정]사업보고서 (2021.12),0,0,
00503668,LIG디펜스앤에어로스페이스,2024,20240320001078,20240320,[기재정정]사업보고서 (2023.12),1,29,감사용역|감사위원|감사의견|감사인|관계기업|내부회계관리제도|당기순이익|매출|부채총계|비감사용역|사외이사|소액주주|손익계산서|연결재무제표|영업이익|이사회|자본변동표|자본총계|자산총계|재무상태표|재무제표|종속기업|최대주주|출자|타법인|특수관계|포괄손익계산서|현금흐름표|회계감사
00350312,HDC랩스,2022,20220804000232,20220804,[기재정정]사업보고서 (2021.12),1,29,감사용역|감사위원|감사의견|감사인|관계기업|내부회계관리제도|당기순이익|매출|부채총계|비감사용역|사외이사|소액주주|손익계산서|연결재무제표|영업이익|이사회|자본변동표|자본총계|자산총계|재무상태표|재무제표|종속기업|최대주주|출자|타법인|특수관계|포괄손익계산서|현금흐름표|회계감사
00350312,HDC랩스,2022,20220330001540,20220330,[기재정정]사업보고서 (2021.12),0,0,
00365387,AJ네트웍스,2019,20190531001150,20190531,[기재정정]사업보고서 (2018.12),0,0,
00365387,AJ네트웍스,2021,20210323000506,20210323,[기재정정]사업보고서 (2020.12),0,0,
00365387,AJ네트웍스,2022,20220805000318,20220805,[기재정정]사업보고서 (2021.12),1,29,감사용역|감사위원|감사의견|감사인|관계기업|내부회계관리제도|당기순이익|매출|부채총계|비감사용역|사외이사|소액주주|손익계산서|연결재무제표|영업이익|이사회|자본변동표|자본총계|자산총계|재무상태표|재무제표|종속기업|최대주주|출자|타법인|특수관계|포괄손익계산서|현금흐름표|회계감사
00565154,이노션,2021,20210427000407,20210427,[기재정정]사업보고서 (2020.12),0,0,
00565154,이노션,2024,20240322000902,20240322,[기재정정]사업보고서 (2023.12),1,29,감사용역|감사위원|감사의견|감사인|관계기업|내부회계관리제도|당기순이익|매출|부채총계|비감사용역|사외이사|소액주주|손익계산서|연결재무제표|영업이익|이사회|자본변동표|자본총계|자산총계|재무상태표|재무제표|종속기업|최대주주|출자|타법인|특수관계|포괄손익계산서|현금흐름표|회계감사
00101664,경보제약,2018,20180403002212,20180403,[기재정정]사업보고서 (2017.12),0,0,
00453488,다이나믹디자인,2018,20180913000492,20180914,[첨부정정]사업보고서 (2016.12),0,0,
00453488,다이나믹디자인,2018,20180913000489,20180914,[첨부정정]사업보고서 (2017.12),0,0,
00453488,다이나믹디자인,2018,20180913000475,20180913,[기재정정]사업보고서 (2017.12),0,0,
00453488,다이나믹디자인,2018,20180913000472,20180913,[기재정정]사업보고서 (2016.12),0,0,
00453488,다이나믹디자인,2019,20190517000381,20190517,[기재정정]사업보고서 (2018.12),0,0,
00453488,다이나믹디자인,2021,20210813001154,20210813,[기재정정]사업보고서 (2020.12),0,0,
00453488,다이나믹디자인,2021,20210329001086,20210329,[첨부정정]사업보고서 (2020.12),0,0,
00453488,다이나믹디자인,2023,20230831001245,20230831,[기재정정]사업보고서 (2022.12),1,29,감사용역|감사위원|감사의견|감사인|관계기업|내부회계관리제도|당기순이익|매출|부채총계|비감사용역|사외이사|소액주주|손익계산서|연결재무제표|영업이익|이사회|자본변동표|자본총계|자산총계|재무상태표|재무제표|종속기업|최대주주|출자|타법인|특수관계|포괄손익계산서|현금흐름표|회계감사
01060744,한솔제지,2018,20180607000303,20180607,[기재정정]사업보고서 (2017.12),0,0,
01060744,한솔제지,2021,20210317001248,20210317,[기재정정]사업보고서 (2020.12),0,0,
01060744,한솔제지,2021,20210317000623,20210317,[첨부정정]사업보고서 (2020.12),0,0,
01060744,한솔제지,2021,20210317000612,20210317,[기재정정]사업보고서 (2020.12),0,0,
00149655,삼성물산,2019,20190401005090,20190401,[기재정정]사업보고서 (2018.12),0,0,
00149655,삼성물산,2024,20241220000371,20241220,[기재정정]사업보고서 (2021.12),1,29,감사용역|감사위원|감사의견|감사인|관계기업|내부회계관리제도|당기순이익|매출|부채총계|비감사용역|사외이사|소액주주|손익계산서|연결재무제표|영업이익|이사회|자본변동표|자본총계|자산총계|재무상태표|재무제표|종속기업|최대주주|출자|타법인|특수관계|포괄손익계산서|현금흐름표|회계감사
00149655,삼성물산,2024,20240329002523,20240329,[기재정정]사업보고서 (2023.12),1,29,감사용역|감사위원|감사의견|감사인|관계기업|내부회계관리제도|당기순이익|매출|부채총계|비감사용역|사외이사|소액주주|손익계산서|연결재무제표|영업이익|이사회|자본변동표|자본총계|자산총계|재무상태표|재무제표|종속기업|최대주주|출자|타법인|특수관계|포괄손익계산서|현금흐름표|회계감사
00670340,씨에스윈드,2020,20200330004839,20200330,[기재정정]사업보고서 (2019.12),0,0,
00670340,씨에스윈드,2023,20230831001644,20230901,[기재정정]사업보고서 (2022.12),1,29,감사용역|감사위원|감사의견|감사인|관계기업|내부회계관리제도|당기순이익|매출|부채총계|비감사용역|사외이사|소액주주|손익계산서|연결재무제표|영업이익|이사회|자본변동표|자본총계|자산총계|재무상태표|재무제표|종속기업|최대주주|출자|타법인|특수관계|포괄손익계산서|현금흐름표|회계감사
00126186,삼성에스디에스,2024,20240329003204,20240329,[기재정정]사업보고서 (2023.12),1,29,감사용역|감사위원|감사의견|감사인|관계기업|내부회계관리제도|당기순이익|매출|부채총계|비감사용역|사외이사|소액주주|손익계산서|연결재무제표|영업이익|이사회|자본변동표|자본총계|자산총계|재무상태표|재무제표|종속기업|최대주주|출자|타법인|특수관계|포괄손익계산서|현금흐름표|회계감사
01042775,HL만도,2018,20180814002255,20180814,[기재정정]사업보고서 (2017.12),0,0,
01042775,HL만도,2021,20211115001673,20211115,[기재정정]사업보고서 (2020.12),0,0,
01042775,HL만도,2021,20210331000978,20210331,[기재정정]사업보고서 (2020.12),0,0,
01042775,HL만도,2024,20240516001059,20240516,[기재정정]사업보고서 (2023.12),1,29,감사용역|감사위원|감사의견|감사인|관계기업|내부회계관리제도|당기순이익|매출|부채총계|비감사용역|사외이사|소액주주|손익계산서|연결재무제표|영업이익|이사회|자본변동표|자본총계|자산총계|재무상태표|재무제표|종속기업|최대주주|출자|타법인|특수관계|포괄손익계산서|현금흐름표|회계감사
01036446,서연이화,2019,20190401004854,20190401,[기재정정]사업보고서 (2018.12),0,0,
01036446,서연이화,2020,20200331002601,20200331,[기재정정]사업보고서 (2019.12),0,0,
01036446,서연이화,2021,20210331003172,20210331,[기재정정]사업보고서 (2020.12),0,0,
00661847,화인베스틸,2018,20180404001221,20180404,[기재정정]사업보고서 (2017.12),0,0,
00661847,화인베스틸,2021,20210416000566,20210416,[기재정정]사업보고서 (2020.12),0,0,
01009789,코스맥스,2022,20220816001048,20220816,[기재정정]사업보고서 (2021.12),1,29,감사용역|감사위원|감사의견|감사인|관계기업|내부회계관리제도|당기순이익|매출|부채총계|비감사용역|사외이사|소액주주|손익계산서|연결재무제표|영업이익|이사회|자본변동표|자본총계|자산총계|재무상태표|재무제표|종속기업|최대주주|출자|타법인|특수관계|포괄손익계산서|현금흐름표|회계감사
00992871,종근당,2023,20230316000376,20230316,[기재정정]사업보고서 (2022.12),1,29,감사용역|감사위원|감사의견|감사인|관계기업|내부회계관리제도|당기순이익|매출|부채총계|비감사용역|사외이사|소액주주|손익계산서|연결재무제표|영업이익|이사회|자본변동표|자본총계|자산총계|재무상태표|재무제표|종속기업|최대주주|출자|타법인|특수관계|포괄손익계산서|현금흐름표|회계감사
00136402,신송홀딩스,2022,20220715000103,20220715,[기재정정]사업보고서 (2021.12),0,0,
00302926,현대로템,2021,20210602000352,20210602,[기재정정]사업보고서 (2020.12),0,0,
00983271,NHN,2018,20180406002380,20180406,[기재정정]사업보고서 (2016.12),0,0,
00983271,NHN,2018,20180403001246,20180403,[기재정정]사업보고서 (2017.12),0,0,
00956930,동아에스티,2022,20220321001316,20220321,[기재정정]사업보고서 (2021.12),0,0,
00222532,LG헬로비전,2018,20180523000266,20180523,[기재정정]사업보고서 (2017.12),0,0,
00222532,LG헬로비전,2023,20230321000780,20230321,[기재정정]사업보고서 (2022.12),1,29,감사용역|감사위원|감사의견|감사인|관계기업|내부회계관리제도|당기순이익|매출|부채총계|비감사용역|사외이사|소액주주|손익계산서|연결재무제표|영업이익|이사회|자본변동표|자본총계|자산총계|재무상태표|재무제표|종속기업|최대주주|출자|타법인|특수관계|포괄손익계산서|현금흐름표|회계감사
00939331,한국콜마,2023,20230322001251,20230322,[기재정정]사업보고서 (2022.12),1,29,감사용역|감사위원|감사의견|감사인|관계기업|내부회계관리제도|당기순이익|매출|부채총계|비감사용역|사외이사|소액주주|손익계산서|연결재무제표|영업이익|이사회|자본변동표|자본총계|자산총계|재무상태표|재무제표|종속기업|최대주주|출자|타법인|특수관계|포괄손익계산서|현금흐름표|회계감사
00939331,한국콜마,2024,20240321001772,20240321,[기재정정]사업보고서 (2023.12),1,29,감사용역|감사위원|감사의견|감사인|관계기업|내부회계관리제도|당기순이익|매출|부채총계|비감사용역|사외이사|소액주주|손익계산서|연결재무제표|영업이익|이사회|자본변동표|자본총계|자산총계|재무상태표|재무제표|종속기업|최대주주|출자|타법인|특수관계|포괄손익계산서|현금흐름표|회계감사
00937324,한국타이어앤테크놀로지,2021,20210330001593,20210330,[기재정정]사업보고서 (2020.12),0,0,
00937324,한국타이어앤테크놀로지,2022,20220322001106,20220322,[기재정정]사업보고서 (2021.12),0,0,
00937324,한국타이어앤테크놀로지,2023,20230324001266,20230324,[기재정정]사업보고서 (2022.12),1,29,감사용역|감사위원|감사의견|감사인|관계기업|내부회계관리제도|당기순이익|매출|부채총계|비감사용역|사외이사|소액주주|손익계산서|연결재무제표|영업이익|이사회|자본변동표|자본총계|자산총계|재무상태표|재무제표|종속기업|최대주주|출자|타법인|특수관계|포괄손익계산서|현금흐름표|회계감사
00937324,한국타이어앤테크놀로지,2024,20240325000791,20240325,[기재정정]사업보고서 (2023.12),1,29,감사용역|감사위원|감사의견|감사인|관계기업|내부회계관리제도|당기순이익|매출|부채총계|비감사용역|사외이사|소액주주|손익계산서|연결재무제표|영업이익|이사회|자본변동표|자본총계|자산총계|재무상태표|재무제표|종속기업|최대주주|출자|타법인|특수관계|포괄손익계산서|현금흐름표|회계감사
00936787,애경케미칼,2019,20190814001867,20190814,[기재정정]사업보고서 (2018.12),0,0,
00936787,애경케미칼,2022,20220811000214,20220811,[기재정정]사업보고서 (2021.12),1,29,감사용역|감사위원|감사의견|감사인|관계기업|내부회계관리제도|당기순이익|매출|부채총계|비감사용역|사외이사|소액주주|손익계산서|연결재무제표|영업이익|이사회|자본변동표|자본총계|자산총계|재무상태표|재무제표|종속기업|최대주주|출자|타법인|특수관계|포괄손익계산서|현금흐름표|회계감사
00124780,사조씨푸드,2022,20220318001114,20220318,[기재정정]사업보고서 (2021.12),0,0,
00124780,사조씨푸드,2022,20220318001100,20220318,[기재정정]사업보고서 (2021.12),0,0,
00362238,휴비스,2021,20210420000253,20210420,[기재정정]사업보고서 (2020.12),0,0,
00140177,GS리테일,2019,20190401003762,20190401,[기재정정]사업보고서 (2018.12),0,0,
00140177,GS리테일,2020,20200512000554,20200512,[기재정정]사업보고서 (2019.12),0,0,
00140177,GS리테일,2021,20210701000250,20210701,[기재정정]사업보고서 (2020.12),0,0,
00140177,GS리테일,2021,20210302003597,20210302,[기재정정]사업보고서 (2019.12),0,0,
00140177,GS리테일,2024,20240401004251,20240401,[기재정정]사업보고서 (2023.12),1,29,감사용역|감사위원|감사의견|감사인|관계기업|내부회계관리제도|당기순이익|매출|부채총계|비감사용역|사외이사|소액주주|손익계산서|연결재무제표|영업이익|이사회|자본변동표|자본총계|자산총계|재무상태표|재무제표|종속기업|최대주주|출자|타법인|특수관계|포괄손익계산서|현금흐름표|회계감사
00151368,인터지스,2018,20180511002238,20180511,[기재정정]사업보고서 (2017.12),0,0,
00151368,인터지스,2024,20240321001182,20240321,[기재정정]사업보고서 (2023.12),1,29,감사용역|감사위원|감사의견|감사인|관계기업|내부회계관리제도|당기순이익|매출|부채총계|비감사용역|사외이사|소액주주|손익계산서|연결재무제표|영업이익|이사회|자본변동표|자본총계|자산총계|재무상태표|재무제표|종속기업|최대주주|출자|타법인|특수관계|포괄손익계산서|현금흐름표|회계감사
00896285,삼양사,2018,20180725000280,20180725,[기재정정]사업보고서 (2017.12),0,0,
00896285,삼양사,2020,20200407002751,20200407,[기재정정]사업보고서 (2019.12),0,0,
00896285,삼양사,2022,20220812000103,20220812,[기재정정]사업보고서 (2021.12),1,29,감사용역|감사위원|감사의견|감사인|관계기업|내부회계관리제도|당기순이익|매출|부채총계|비감사용역|사외이사|소액주주|손익계산서|연결재무제표|영업이익|이사회|자본변동표|자본총계|자산총계|재무상태표|재무제표|종속기업|최대주주|출자|타법인|특수관계|포괄손익계산서|현금흐름표|회계감사
00896285,삼양사,2024,20240325000879,20240325,[기재정정]사업보고서 (2023.12),1,29,감사용역|감사위원|감사의견|감사인|관계기업|내부회계관리제도|당기순이익|매출|부채총계|비감사용역|사외이사|소액주주|손익계산서|연결재무제표|영업이익|이사회|자본변동표|자본총계|자산총계|재무상태표|재무제표|종속기업|최대주주|출자|타법인|특수관계|포괄손익계산서|현금흐름표|회계감사
00896285,삼양사,2024,20240314001683,20240314,[기재정정]사업보고서 (2023.12),1,29,감사용역|감사위원|감사의견|감사인|관계기업|내부회계관리제도|당기순이익|매출|부채총계|비감사용역|사외이사|소액주주|손익계산서|연결재무제표|영업이익|이사회|자본변동표|자본총계|자산총계|재무상태표|재무제표|종속기업|최대주주|출자|타법인|특수관계|포괄손익계산서|현금흐름표|회계감사
00896285,삼양사,2024,20240314001578,20240314,[기재정정]사업보고서 (2023.12),1,29,감사용역|감사위원|감사의견|감사인|관계기업|내부회계관리제도|당기순이익|매출|부채총계|비감사용역|사외이사|소액주주|손익계산서|연결재무제표|영업이익|이사회|자본변동표|자본총계|자산총계|재무상태표|재무제표|종속기업|최대주주|출자|타법인|특수관계|포괄손익계산서|현금흐름표|회계감사
00269940,하나투어,2018,20180418000365,20180418,[기재정정]사업보고서 (2017.12),0,0,
00269940,하나투어,2021,20210329000797,20210329,[기재정정]사업보고서 (2020.12),1,29,감사용역|감사위원|감사의견|감사인|관계기업|내부회계관리제도|당기순이익|매출|부채총계|비감사용역|사외이사|소액주주|손익계산서|연결재무제표|영업이익|이사회|자본변동표|자본총계|자산총계|재무상태표|재무제표|종속기업|최대주주|출자|타법인|특수관계|포괄손익계산서|현금흐름표|회계감사
00269940,하나투어,2023,20230316001406,20230316,[기재정정]사업보고서 (2022.12),1,29,감사용역|감사위원|감사의견|감사인|관계기업|내부회계관리제도|당기순이익|매출|부채총계|비감사용역|사외이사|소액주주|손익계산서|연결재무제표|영업이익|이사회|자본변동표|자본총계|자산총계|재무상태표|재무제표|종속기업|최대주주|출자|타법인|특수관계|포괄손익계산서|현금흐름표|회계감사
00269940,하나투어,2023,20230316001328,20230316,[기재정정]사업보고서 (2022.12),1,29,감사용역|감사위원|감사의견|감사인|관계기업|내부회계관리제도|당기순이익|매출|부채총계|비감사용역|사외이사|소액주주|손익계산서|연결재무제표|영업이익|이사회|자본변동표|자본총계|자산총계|재무상태표|재무제표|종속기업|최대주주|출자|타법인|특수관계|포괄손익계산서|현금흐름표|회계감사
00400857,에이블씨엔씨,2020,20200818000229,20200818,[기재정정]사업보고서 (2019.12),0,0,
00400857,에이블씨엔씨,2021,20210817000623,20210817,[기재정정]사업보고서 (2020.12),0,0,
00400857,에이블씨엔씨,2021,20210817000615,20210817,[기재정정]사업보고서 (2017.12),0,0,
00400857,에이블씨엔씨,2021,20210817000605,20210817,[기재정정]사업보고서 (2015.12),0,0,
00234412,신세계인터내셔날,2018,20180403001874,20180403,[기재정정]사업보고서 (2017.12),0,0,
00309503,한국항공우주,2018,20180814001733,20180814,[기재정정]사업보고서 (2017.12),0,0,
00309503,한국항공우주,2019,20190802000402,20190802,[기재정정]사업보고서 (2018.12),0,0,
00309503,한국항공우주,2019,20190419000031,20190419,[기재정정]사업보고서 (2018.12),0,0,
00309503,한국항공우주,2019,20190419000002,20190419,[기재정정]사업보고서 (2018.12),0,0,
00309503,한국항공우주,2021,20210415000506,20210415,[기재정정]사업보고서 (2020.12),0,0,
00309503,한국항공우주,2024,20240326000812,20240326,[기재정정]사업보고서 (2023.12),1,29,감사용역|감사위원|감사의견|감사인|관계기업|내부회계관리제도|당기순이익|매출|부채총계|비감사용역|사외이사|소액주주|손익계산서|연결재무제표|영업이익|이사회|자본변동표|자본총계|자산총계|재무상태표|재무제표|종속기업|최대주주|출자|타법인|특수관계|포괄손익계산서|현금흐름표|회계감사
00158307,롯데하이마트,2018,20180515001650,20180515,[기재정정]사업보고서 (2017.12),0,0,
00158307,롯데하이마트,2018,20180515001543,20180515,[기재정정]사업보고서 (2016.12),0,0,
00357360,한세엠케이,2023,20230407002948,20230407,[기재정정]사업보고서 (2022.12),1,29,감사용역|감사위원|감사의견|감사인|관계기업|내부회계관리제도|당기순이익|매출|부채총계|비감사용역|사외이사|소액주주|손익계산서|연결재무제표|영업이익|이사회|자본변동표|자본총계|자산총계|재무상태표|재무제표|종속기업|최대주주|출자|타법인|특수관계|포괄손익계산서|현금흐름표|회계감사
00357360,한세엠케이,2024,20240321000107,20240321,[기재정정]사업보고서 (2023.12),1,29,감사용역|감사위원|감사의견|감사인|관계기업|내부회계관리제도|당기순이익|매출|부채총계|비감사용역|사외이사|소액주주|손익계산서|연결재무제표|영업이익|이사회|자본변동표|자본총계|자산총계|재무상태표|재무제표|종속기업|최대주주|출자|타법인|특수관계|포괄손익계산서|현금흐름표|회계감사
00872984,이마트,2022,20220816000177,20220816,[기재정정]사업보고서 (2021.12),1,29,감사용역|감사위원|감사의견|감사인|관계기업|내부회계관리제도|당기순이익|매출|부채총계|비감사용역|사외이사|소액주주|손익계산서|연결재무제표|영업이익|이사회|자본변동표|자본총계|자산총계|재무상태표|재무제표|종속기업|최대주주|출자|타법인|특수관계|포괄손익계산서|현금흐름표|회계감사
00872984,이마트,2024,20240320001939,20240320,[첨부정정]사업보고서 (2023.12),0,0,
00872984,이마트,2024,20240320001902,20240320,[첨부정정]사업보고서 (2023.12),0,0,
00349097,케이티스카이라이프,2022,20220930000032,20220930,[기재정정]사업보고서 (2021.12),1,29,감사용역|감사위원|감사의견|감사인|관계기업|내부회계관리제도|당기순이익|매출|부채총계|비감사용역|사외이사|소액주주|손익계산서|연결재무제표|영업이익|이사회|자본변동표|자본총계|자산총계|재무상태표|재무제표|종속기업|최대주주|출자|타법인|특수관계|포괄손익계산서|현금흐름표|회계감사
00349097,케이티스카이라이프,2024,20240320001942,20240320,[첨부정정]사업보고서 (2023.12),0,0,
00113997,롯데에너지머티리얼즈,2021,20210323001108,20210323,[기재정정]사업보고서 (2020.12),0,0,
00113997,롯데에너지머티리얼즈,2021,20210322000707,20210322,[기재정정]사업보고서 (2019.12),0,0,
00106623,현대위아,2024,20240329002076,20240329,[기재정정]사업보고서 (2023.12),1,29,감사용역|감사위원|감사의견|감사인|관계기업|내부회계관리제도|당기순이익|매출|부채총계|비감사용역|사외이사|소액주주|손익계산서|연결재무제표|영업이익|이사회|자본변동표|자본총계|자산총계|재무상태표|재무제표|종속기업|최대주주|출자|타법인|특수관계|포괄손익계산서|현금흐름표|회계감사
00852087,시디즈,2018,20180605000288,20180605,[기재정정]사업보고서 (2017.12),0,0,
00361008,한화엔진,2019,20190829000744,20190829,[기재정정]사업보고서 (2018.12),0,0,
00194947,한전산업,2020,20200604000353,20200604,[기재정정]사업보고서 (2019.12),0,0,
00194947,한전산업,2024,20240321001344,20240321,[기재정정]사업보고서 (2023.12),1,29,감사용역|감사위원|감사의견|감사인|관계기업|내부회계관리제도|당기순이익|매출|부채총계|비감사용역|사외이사|소액주주|손익계산서|연결재무제표|영업이익|이사회|자본변동표|자본총계|자산총계|재무상태표|재무제표|종속기업|최대주주|출자|타법인|특수관계|포괄손익계산서|현금흐름표|회계감사
00838500,엘브이엠씨,2020,20200429001118,20200429,[기재정정]사업보고서 (2019.12),0,0,
00195229,미스토홀딩스,2018,20180419000484,20180419,[기재정정]사업보고서 (2017.12),0,0,
00195229,미스토홀딩스,2019,20190614000418,20190614,[기재정정]사업보고서 (2018.12),0,0,
00195229,미스토홀딩스,2022,20220812000706,20220812,[기재정정]사업보고서 (2021.12),1,29,감사용역|감사위원|감사의견|감사인|관계기업|내부회계관리제도|당기순이익|매출|부채총계|비감사용역|사외이사|소액주주|손익계산서|연결재무제표|영업이익|이사회|자본변동표|자본총계|자산총계|재무상태표|재무제표|종속기업|최대주주|출자|타법인|특수관계|포괄손익계산서|현금흐름표|회계감사
00372882,KTcs,2019,20190404001342,20190404,[기재정정]사업보고서 (2018.12),0,0,
00372882,KTcs,2019,20190404001301,20190404,[기재정정]사업보고서 (2018.12),0,0,
00372882,KTcs,2021,20210409000489,20210409,[기재정정]사업보고서 (2020.12),0,0,
00412597,현대홈쇼핑,2021,20210818000207,20210818,[기재정정]사업보고서 (2020.12),0,0,
00412597,현대홈쇼핑,2021,20210817002288,20210817,[기재정정]사업보고서 (2020.12),0,0,
00412597,현대홈쇼핑,2021,20210817002260,20210817,[기재정정]사업보고서 (2019.12),0,0,
00412597,현대홈쇼핑,2022,20220324000867,20220324,[기재정정]사업보고서 (2021.12),0,0,
00828789,대성산업,2018,20180405000403,20180405,[기재정정]사업보고서 (2017.12),0,0,
00360142,아이마켓코리아,2020,20200402002288,20200402,[기재정정]사업보고서 (2019.12),0,0,
00828497,한미약품,2020,20200330004799,20200330,[기재정정]사업보고서 (2019.12),0,0,
00121543,무학,2019,20190225002450,20190225,[기재정정]사업보고서 (2017.12),0,0,
00121543,무학,2019,20190225001840,20190225,[기재정정]사업보고서 (2016.12),0,0,
00121543,무학,2019,20190225001503,20190225,[기재정정]사업보고서 (2015.12),0,0,
00121543,무학,2019,20190225001198,20190225,[기재정정]사업보고서 (2014.12),0,0,
00145598,이연제약,2018,20181031000509,20181031,[기재정정]사업보고서 (2017.12),0,0,
00145598,이연제약,2018,20180816000257,20180816,[기재정정]사업보고서 (2017.12),0,0,
00823429,한국화장품,2022,20220812001253,20220812,[기재정정]사업보고서 (2021.12),1,29,감사용역|감사위원|감사의견|감사인|관계기업|내부회계관리제도|당기순이익|매출|부채총계|비감사용역|사외이사|소액주주|손익계산서|연결재무제표|영업이익|이사회|자본변동표|자본총계|자산총계|재무상태표|재무제표|종속기업|최대주주|출자|타법인|특수관계|포괄손익계산서|현금흐름표|회계감사
00823429,한국화장품,2022,20220516001692,20220516,[기재정정]사업보고서 (2021.12),0,0,
00815369,에스제이엠,2019,20190711000268,20190711,[기재정정]사업보고서 (2018.12),0,0,
00815369,에스제이엠,2022,20221223000261,20221223,[기재정정]사업보고서 (2021.12),1,29,감사용역|감사위원|감사의견|감사인|관계기업|내부회계관리제도|당기순이익|매출|부채총계|비감사용역|사외이사|소액주주|손익계산서|연결재무제표|영업이익|이사회|자본변동표|자본총계|자산총계|재무상태표|재무제표|종속기업|최대주주|출자|타법인|특수관계|포괄손익계산서|현금흐름표|회계감사
00274933,신세계푸드,2024,20240318000520,20240318,[기재정정]사업보고서 (2023.12),1,29,감사용역|감사위원|감사의견|감사인|관계기업|내부회계관리제도|당기순이익|매출|부채총계|비감사용역|사외이사|소액주주|손익계산서|연결재무제표|영업이익|이사회|자본변동표|자본총계|자산총계|재무상태표|재무제표|종속기업|최대주주|출자|타법인|특수관계|포괄손익계산서|현금흐름표|회계감사
00274933,신세계푸드,2024,20240318000487,20240318,[기재정정]사업보고서 (2023.12),1,29,감사용역|감사위원|감사의견|감사인|관계기업|내부회계관리제도|당기순이익|매출|부채총계|비감사용역|사외이사|소액주주|손익계산서|연결재무제표|영업이익|이사회|자본변동표|자본총계|자산총계|재무상태표|재무제표|종속기업|최대주주|출자|타법인|특수관계|포괄손익계산서|현금흐름표|회계감사
00796994,조선선재,2022,20220325000373,20220325,[기재정정]사업보고서 (2021.12),0,0,
00796994,조선선재,2023,20230331002546,20230331,[기재정정]사업보고서 (2022.12),1,29,감사용역|감사위원|감사의견|감사인|관계기업|내부회계관리제도|당기순이익|매출|부채총계|비감사용역|사외이사|소액주주|손익계산서|연결재무제표|영업이익|이사회|자본변동표|자본총계|자산총계|재무상태표|재무제표|종속기업|최대주주|출자|타법인|특수관계|포괄손익계산서|현금흐름표|회계감사
00795135,코오롱인더,2019,20190626000395,20190626,[기재정정]사업보고서 (2017.12),0,0,
00795135,코오롱인더,2019,20190626000374,20190626,[기재정정]사업보고서 (2018.12),0,0,
00795135,코오롱인더,2022,20220325000069,20220325,[첨부정정]사업보고서 (2021.12),0,0,
00797364,KC코트렐,2019,20190401003359,20190401,[기재정정]사업보고서 (2018.12),0,0,
00159698,지역난방공사,2019,20190711000374,20190711,[기재정정]사업보고서 (2018.12),0,0,
00159698,지역난방공사,2024,20240321001996,20240321,[기재정정]사업보고서 (2023.12),1,29,감사용역|감사위원|감사의견|감사인|관계기업|내부회계관리제도|당기순이익|매출|부채총계|비감사용역|사외이사|소액주주|손익계산서|연결재무제표|영업이익|이사회|자본변동표|자본총계|자산총계|재무상태표|재무제표|종속기업|최대주주|출자|타법인|특수관계|포괄손익계산서|현금흐름표|회계감사
00791209,메타케어,2018,20180612000394,20180612,[기재정정]사업보고서 (2017.12),0,0,
00791209,메타케어,2022,20220816001524,20220816,[기재정정]사업보고서 (2021.12),1,29,감사용역|감사위원|감사의견|감사인|관계기업|내부회계관리제도|당기순이익|매출|부채총계|비감사용역|사외이사|소액주주|손익계산서|연결재무제표|영업이익|이사회|자본변동표|자본총계|자산총계|재무상태표|재무제표|종속기업|최대주주|출자|타법인|특수관계|포괄손익계산서|현금흐름표|회계감사
00159209,한전기술,2018,20180615000024,20180615,[기재정정]사업보고서 (2017.12),0,0,
00159209,한전기술,2020,20200330003484,20200330,[기재정정]사업보고서 (2018.12),0,0,
00159209,한전기술,2020,20200330003430,20200330,[기재정정]사업보고서 (2017.12),0,0,
00159209,한전기술,2020,20200330003368,20200330,[기재정정]사업보고서 (2016.12),0,0,
00159209,한전기술,2020,20200330003306,20200330,[기재정정]사업보고서 (2015.12),0,0,
00159209,한전기술,2021,20210322000901,20210322,[기재정정]사업보고서 (2020.12),0,0,
00557508,GKL,2019,20190705000387,20190705,[기재정정]사업보고서 (2018.12),0,0,
00557508,GKL,2023,20230713000041,20230713,[기재정정]사업보고서 (2022.12),1,29,감사용역|감사위원|감사의견|감사인|관계기업|내부회계관리제도|당기순이익|매출|부채총계|비감사용역|사외이사|소액주주|손익계산서|연결재무제표|영업이익|이사회|자본변동표|자본총계|자산총계|재무상태표|재무제표|종속기업|최대주주|출자|타법인|특수관계|포괄손익계산서|현금흐름표|회계감사
00218575,황금에스티,2020,20200330002435,20200330,[첨부정정]사업보고서 (2019.12),0,0,
00218575,황금에스티,2021,20211130001721,20211130,[기재정정]사업보고서 (2020.12),0,0,
00218575,황금에스티,2021,20210202000187,20210202,[기재정정]사업보고서 (2019.12),0,0,
00218575,황금에스티,2022,20220225000997,20220225,[첨부정정]사업보고서 (2020.12),0,0,
00218575,황금에스티,2022,20220224004228,20220224,[기재정정]사업보고서 (2020.12),0,0,
00218575,황금에스티,2022,20220224003906,20220224,[기재정정]사업보고서 (2019.12),0,0,
00150244,하이트진로,2018,20180411002381,20180411,[기재정정]사업보고서 (2017.12),0,0,
00150244,하이트진로,2021,20210210001227,20210210,[기재정정]사업보고서 (2018.12),0,0,
00150244,하이트진로,2021,20210210001210,20210210,[기재정정]사업보고서 (2017.12),0,0,
00150244,하이트진로,2021,20210210001197,20210210,[기재정정]사업보고서 (2016.12),0,0,
00369833,유니온머티리얼,2019,20190613000344,20190613,[기재정정]사업보고서 (2018.12),0,0,
00369833,유니온머티리얼,2021,20210324000592,20210324,[기재정정]사업보고서 (2020.12),0,0,
00369833,유니온머티리얼,2021,20210323000204,20210323,[기재정정]사업보고서 (2020.12),0,0,
00369833,유니온머티리얼,2023,20230324001267,20230324,[기재정정]사업보고서 (2022.12),1,29,감사용역|감사위원|감사의견|감사인|관계기업|내부회계관리제도|당기순이익|매출|부채총계|비감사용역|사외이사|소액주주|손익계산서|연결재무제표|영업이익|이사회|자본변동표|자본총계|자산총계|재무상태표|재무제표|종속기업|최대주주|출자|타법인|특수관계|포괄손익계산서|현금흐름표|회계감사
00441243,형지엘리트,2020,20200130000570,20200130,[기재정정]사업보고서 (2019.06),0,0,
00776820,영원무역,2022,20220321001505,20220321,[첨부정정]사업보고서 (2021.12),0,0,
00413523,한미글로벌,2021,20210326001219,20210326,[기재정정]사업보고서 (2020.12),0,0,
00413523,한미글로벌,2022,20220816000695,20220816,[기재정정]사업보고서 (2021.12),1,29,감사용역|감사위원|감사의견|감사인|관계기업|내부회계관리제도|당기순이익|매출|부채총계|비감사용역|사외이사|소액주주|손익계산서|연결재무제표|영업이익|이사회|자본변동표|자본총계|자산총계|재무상태표|재무제표|종속기업|최대주주|출자|타법인|특수관계|포괄손익계산서|현금흐름표|회계감사
00178754,동아지질,2020,20200605000203,20200605,[기재정정]사업보고서 (2019.12),0,0,
00406046,HD현대마린엔진,2019,20191120000307,20191120,[기재정정]사업보고서 (2018.12),0,0,
00406046,HD현대마린엔진,2019,20190724000525,20190724,[기재정정]사업보고서 (2018.12),0,0,
00406046,HD현대마린엔진,2021,20210322000831,20210322,[기재정정]사업보고서 (2019.12),0,0,
00406046,HD현대마린엔진,2022,20220727000136,20220727,[기재정정]사업보고서 (2021.12),0,0,
00406046,HD현대마린엔진,2023,20230712000453,20230712,[기재정정]사업보고서 (2022.12),1,29,감사용역|감사위원|감사의견|감사인|관계기업|내부회계관리제도|당기순이익|매출|부채총계|비감사용역|사외이사|소액주주|손익계산서|연결재무제표|영업이익|이사회|자본변동표|자본총계|자산총계|재무상태표|재무제표|종속기업|최대주주|출자|타법인|특수관계|포괄손익계산서|현금흐름표|회계감사
00406046,HD현대마린엔진,2024,20240411003898,20240411,[기재정정]사업보고서 (2023.12),1,29,감사용역|감사위원|감사의견|감사인|관계기업|내부회계관리제도|당기순이익|매출|부채총계|비감사용역|사외이사|소액주주|손익계산서|연결재무제표|영업이익|이사회|자본변동표|자본총계|자산총계|재무상태표|재무제표|종속기업|최대주주|출자|타법인|특수관계|포괄손익계산서|현금흐름표|회계감사
00728638,한세실업,2021,20211112000526,20211112,[기재정정]사업보고서 (2020.12),0,0,
00728638,한세실업,2022,20220324000782,20220324,[기재정정]사업보고서 (2021.12),0,0,
00753643,주성코퍼레이션,2018,20180608000537,20180608,[기재정정]사업보고서 (2017.12),0,0,
00753643,주성코퍼레이션,2019,20191128000368,20191128,[기재정정]사업보고서 (2018.12),0,0,
00753643,주성코퍼레이션,2020,20201007000364,20201007,[첨부정정]사업보고서 (2019.12),0,0,
00753643,주성코퍼레이션,2020,20201006000580,20201006,[기재정정]사업보고서 (2019.12),0,0,
00123781,부국철강,2019,20190618000123,20190618,[기재정정]사업보고서 (2018.12),0,0,
00687711,한국철강,2022,20220412002260,20220412,[기재정정]사업보고서 (2021.12),0,0,
00687711,한국철강,2023,20230324001254,20230324,[기재정정]사업보고서 (2022.12),1,29,감사용역|감사위원|감사의견|감사인|관계기업|내부회계관리제도|당기순이익|매출|부채총계|비감사용역|사외이사|소액주주|손익계산서|연결재무제표|영업이익|이사회|자본변동표|자본총계|자산총계|재무상태표|재무제표|종속기업|최대주주|출자|타법인|특수관계|포괄손익계산서|현금흐름표|회계감사
00683469,일진전기,2019,20190814001579,20190814,[기재정정]사업보고서 (2018.12),0,0,
00683469,일진전기,2021,20210329000663,20210329,[기재정정]사업보고서 (2020.12),0,0,
00105961,LG이노텍,2021,20210310001053,20210310,[기재정정]사업보고서 (2020.12),0,0,
00105961,LG이노텍,2024,20240313000953,20240313,[첨부정정]사업보고서 (2023.12),0,0,
00121039,명문제약,2018,20180626000029,20180626,[기재정정]사업보고서 (2017.12),0,0,
00121039,명문제약,2018,20180618000104,20180618,[기재정정]사업보고서 (2017.12),0,0,
00121039,명문제약,2019,20190814000367,20190814,[기재정정]사업보고서 (2018.12),0,0,
00121039,명문제약,2020,20200331001577,20200331,[기재정정]사업보고서 (2019.12),0,0,
00121039,명문제약,2021,20210419000320,20210419,[기재정정]사업보고서 (2020.12),0,0,
00121039,명문제약,2021,20210331003077,20210331,[기재정정]사업보고서 (2020.12),0,0,
00121039,명문제약,2022,20220331000338,20220331,[기재정정]사업보고서 (2021.12),0,0,
00121039,명문제약,2023,20230811000292,20230811,[기재정정]사업보고서 (2022.12),1,29,감사용역|감사위원|감사의견|감사인|관계기업|내부회계관리제도|당기순이익|매출|부채총계|비감사용역|사외이사|소액주주|손익계산서|연결재무제표|영업이익|이사회|자본변동표|자본총계|자산총계|재무상태표|재무제표|종속기업|최대주주|출자|타법인|특수관계|포괄손익계산서|현금흐름표|회계감사
00121039,명문제약,2023,20230331000352,20230331,[기재정정]사업보고서 (2022.12),1,29,감사용역|감사위원|감사의견|감사인|관계기업|내부회계관리제도|당기순이익|매출|부채총계|비감사용역|사외이사|소액주주|손익계산서|연결재무제표|영업이익|이사회|자본변동표|자본총계|자산총계|재무상태표|재무제표|종속기업|최대주주|출자|타법인|특수관계|포괄손익계산서|현금흐름표|회계감사
00121039,명문제약,2024,20240412002739,20240412,[기재정정]사업보고서 (2022.12),1,29,감사용역|감사위원|감사의견|감사인|관계기업|내부회계관리제도|당기순이익|매출|부채총계|비감사용역|사외이사|소액주주|손익계산서|연결재무제표|영업이익|이사회|자본변동표|자본총계|자산총계|재무상태표|재무제표|종속기업|최대주주|출자|타법인|특수관계|포괄손익계산서|현금흐름표|회계감사
00121039,명문제약,2024,20240412001340,20240412,[기재정정]사업보고서 (2023.12),1,29,감사용역|감사위원|감사의견|감사인|관계기업|내부회계관리제도|당기순이익|매출|부채총계|비감사용역|사외이사|소액주주|손익계산서|연결재무제표|영업이익|이사회|자본변동표|자본총계|자산총계|재무상태표|재무제표|종속기업|최대주주|출자|타법인|특수관계|포괄손익계산서|현금흐름표|회계감사
00121039,명문제약,2024,20240329000463,20240329,[기재정정]사업보고서 (2023.12),1,29,감사용역|감사위원|감사의견|감사인|관계기업|내부회계관리제도|당기순이익|매출|부채총계|비감사용역|사외이사|소액주주|손익계산서|연결재무제표|영업이익|이사회|자본변동표|자본총계|자산총계|재무상태표|재무제표|종속기업|최대주주|출자|타법인|특수관계|포괄손익계산서|현금흐름표|회계감사
00121039,명문제약,2024,20240329000420,20240329,[기재정정]사업보고서 (2023.12),1,29,감사용역|감사위원|감사의견|감사인|관계기업|내부회계관리제도|당기순이익|매출|부채총계|비감사용역|사외이사|소액주주|손익계산서|연결재무제표|영업이익|이사회|자본변동표|자본총계|자산총계|재무상태표|재무제표|종속기업|최대주주|출자|타법인|특수관계|포괄손익계산서|현금흐름표|회계감사
00520887,비상교육,2019,20190624000211,20190624,[기재정정]사업보고서 (2018.12),0,0,
00520887,비상교육,2021,20210514000152,20210514,[기재정정]사업보고서 (2020.12),0,0,
00520887,비상교육,2022,20220712000315,20220712,[기재정정]사업보고서 (2021.12),0,0,
00679314,동성케미컬,2018,20180703000322,20180703,[기재정정]사업보고서 (2017.12),0,0,
00679314,동성케미컬,2019,20190724000555,20190724,[기재정정]사업보고서 (2018.12),0,0,
00679314,동성케미컬,2022,20220527000618,20220527,[기재정정]사업보고서 (2021.12),0,0,
00231363,LG유플러스,2024,20240313001130,20240313,[기재정정]사업보고서 (2023.12),1,29,감사용역|감사위원|감사의견|감사인|관계기업|내부회계관리제도|당기순이익|매출|부채총계|비감사용역|사외이사|소액주주|손익계산서|연결재무제표|영업이익|이사회|자본변동표|자본총계|자산총계|재무상태표|재무제표|종속기업|최대주주|출자|타법인|특수관계|포괄손익계산서|현금흐름표|회계감사
00138792,아시아나항공,2021,20210331000044,20210331,[기재정정]사업보고서 (2020.12),0,0,
00138792,아시아나항공,2023,20230829000707,20230829,[기재정정]사업보고서 (2022.12),1,29,감사용역|감사위원|감사의견|감사인|관계기업|내부회계관리제도|당기순이익|매출|부채총계|비감사용역|사외이사|소액주주|손익계산서|연결재무제표|영업이익|이사회|자본변동표|자본총계|자산총계|재무상태표|재무제표|종속기업|최대주주|출자|타법인|특수관계|포괄손익계산서|현금흐름표|회계감사
00138792,아시아나항공,2023,20230324001243,20230324,[기재정정]사업보고서 (2022.12),1,29,감사용역|감사위원|감사의견|감사인|관계기업|내부회계관리제도|당기순이익|매출|부채총계|비감사용역|사외이사|소액주주|손익계산서|연결재무제표|영업이익|이사회|자본변동표|자본총계|자산총계|재무상태표|재무제표|종속기업|최대주주|출자|타법인|특수관계|포괄손익계산서|현금흐름표|회계감사
00138792,아시아나항공,2024,20240325000904,20240325,[기재정정]사업보고서 (2023.12),1,29,감사용역|감사위원|감사의견|감사인|관계기업|내부회계관리제도|당기순이익|매출|부채총계|비감사용역|사외이사|소액주주|손익계산서|연결재무제표|영업이익|이사회|자본변동표|자본총계|자산총계|재무상태표|재무제표|종속기업|최대주주|출자|타법인|특수관계|포괄손익계산서|현금흐름표|회계감사
00646732,진양홀딩스,2018,20180402000599,20180402,[기재정정]사업보고서 (2017.12),0,0,
00172228,엔케이,2019,20190620000075,20190620,[기재정정]사업보고서 (2018.12),0,0,
00172228,엔케이,2022,20220712000231,20220712,[기재정정]사업보고서 (2021.12),0,0,
00159218,한전KPS,2020,20200406002229,20200406,[기재정정]사업보고서 (2019.12),0,0,
00160232,KSS해운,2021,20210618000417,20210618,[기재정정]사업보고서 (2019.12),0,0,
00158963,유나이티드,2018,20180629000583,20180629,[기재정정]사업보고서 (2017.12),0,0,
00158963,유나이티드,2023,20230317000918,20230317,[기재정정]사업보고서 (2022.12),1,29,감사용역|감사위원|감사의견|감사인|관계기업|내부회계관리제도|당기순이익|매출|부채총계|비감사용역|사외이사|소액주주|손익계산서|연결재무제표|영업이익|이사회|자본변동표|자본총계|자산총계|재무상태표|재무제표|종속기업|최대주주|출자|타법인|특수관계|포괄손익계산서|현금흐름표|회계감사
00112165,디아이씨,2020,20200807000340,20200807,[기재정정]사업보고서 (2019.12),0,0,
00112165,디아이씨,2022,20220318000617,20220318,[기재정정]사업보고서 (2021.12),0,0,
00635134,CJ제일제당,2018,20180406002292,20180406,[기재정정]사업보고서 (2017.12),0,0,
00635134,CJ제일제당,2023,20230814001661,20230814,[기재정정]사업보고서 (2022.12),1,29,감사용역|감사위원|감사의견|감사인|관계기업|내부회계관리제도|당기순이익|매출|부채총계|비감사용역|사외이사|소액주주|손익계산서|연결재무제표|영업이익|이사회|자본변동표|자본총계|자산총계|재무상태표|재무제표|종속기업|최대주주|출자|타법인|특수관계|포괄손익계산서|현금흐름표|회계감사
00635134,CJ제일제당,2023,20230417000204,20230417,[기재정정]사업보고서 (2022.12),1,29,감사용역|감사위원|감사의견|감사인|관계기업|내부회계관리제도|당기순이익|매출|부채총계|비감사용역|사외이사|소액주주|손익계산서|연결재무제표|영업이익|이사회|자본변동표|자본총계|자산총계|재무상태표|재무제표|종속기업|최대주주|출자|타법인|특수관계|포괄손익계산서|현금흐름표|회계감사
00122737,팬오션,2018,20180417000426,20180417,[기재정정]사업보고서 (2017.12),0,0,
00633835,HJ중공업,2018,20180615000415,20180615,[기재정정]사업보고서 (2017.12),0,0,
00633835,HJ중공업,2018,20180402005378,20180402,[기재정정]사업보고서 (2017.12),0,0,
00633835,HJ중공업,2024,20240523000216,20240523,[기재정정]사업보고서 (2023.12),1,29,감사용역|감사위원|감사의견|감사인|관계기업|내부회계관리제도|당기순이익|매출|부채총계|비감사용역|사외이사|소액주주|손익계산서|연결재무제표|영업이익|이사회|자본변동표|자본총계|자산총계|재무상태표|재무제표|종속기업|최대주주|출자|타법인|특수관계|포괄손익계산서|현금흐름표|회계감사
00633835,HJ중공업,2024,20240322001064,20240322,[기재정정]사업보고서 (2023.12),1,29,감사용역|감사위원|감사의견|감사인|관계기업|내부회계관리제도|당기순이익|매출|부채총계|비감사용역|사외이사|소액주주|손익계산서|연결재무제표|영업이익|이사회|자본변동표|자본총계|자산총계|재무상태표|재무제표|종속기업|최대주주|출자|타법인|특수관계|포괄손익계산서|현금흐름표|회계감사
00631518,SK이노베이션,2021,20210318001405,20210318,[첨부정정]사업보고서 (2020.12),0,0,
00117027,알루코,2020,20200814002063,20200814,[기재정정]사업보고서 (2019.12),0,0,
00442835,메타랩스,2019,20190719000452,20190719,[기재정정]사업보고서 (2018.12),0,0,
00442835,메타랩스,2021,20210405003124,20210405,[첨부정정]사업보고서 (2020.12),0,0,
00589127,KEC,2023,20230329001071,20230329,[기재정정]사업보고서 (2022.12),1,29,감사용역|감사위원|감사의견|감사인|관계기업|내부회계관리제도|당기순이익|매출|부채총계|비감사용역|사외이사|소액주주|손익계산서|연결재무제표|영업이익|이사회|자본변동표|자본총계|자산총계|재무상태표|재무제표|종속기업|최대주주|출자|타법인|특수관계|포괄손익계산서|현금흐름표|회계감사
00589127,KEC,2024,20240322001053,20240322,[기재정정]사업보고서 (2023.12),1,29,감사용역|감사위원|감사의견|감사인|관계기업|내부회계관리제도|당기순이익|매출|부채총계|비감사용역|사외이사|소액주주|손익계산서|연결재무제표|영업이익|이사회|자본변동표|자본총계|자산총계|재무상태표|재무제표|종속기업|최대주주|출자|타법인|특수관계|포괄손익계산서|현금흐름표|회계감사
00589127,KEC,2024,20240321000520,20240321,[기재정정]사업보고서 (2023.12),1,29,감사용역|감사위원|감사의견|감사인|관계기업|내부회계관리제도|당기순이익|매출|부채총계|비감사용역|사외이사|소액주주|손익계산서|연결재무제표|영업이익|이사회|자본변동표|자본총계|자산총계|재무상태표|재무제표|종속기업|최대주주|출자|타법인|특수관계|포괄손익계산서|현금흐름표|회계감사
00357935,HDC현대EP,2024,20240322000680,20240322,[기재정정]사업보고서 (2023.12),1,29,감사용역|감사위원|감사의견|감사인|관계기업|내부회계관리제도|당기순이익|매출|부채총계|비감사용역|사외이사|소액주주|손익계산서|연결재무제표|영업이익|이사회|자본변동표|자본총계|자산총계|재무상태표|재무제표|종속기업|최대주주|출자|타법인|특수관계|포괄손익계산서|현금흐름표|회계감사
00583424,아모레퍼시픽,2018,20180814001068,20180814,[기재정정]사업보고서 (2017.12),0,0,
00583424,아모레퍼시픽,2020,20200429000691,20200429,[기재정정]사업보고서 (2019.12),0,0,
00231372,롯데관광개발,2018,20180615000509,20180615,[기재정정]사업보고서 (2017.12),0,0,
00231372,롯데관광개발,2022,20220701000479,20220701,[기재정정]사업보고서 (2020.12),0,0,
00231372,롯데관광개발,2023,20230418000483,20230418,[기재정정]사업보고서 (2022.12),1,29,감사용역|감사위원|감사의견|감사인|관계기업|내부회계관리제도|당기순이익|매출|부채총계|비감사용역|사외이사|소액주주|손익계산서|연결재무제표|영업이익|이사회|자본변동표|자본총계|자산총계|재무상태표|재무제표|종속기업|최대주주|출자|타법인|특수관계|포괄손익계산서|현금흐름표|회계감사
00303217,우진플라임,2021,20210331001840,20210331,[기재정정]사업보고서 (2020.12),0,0,
00303217,우진플라임,2024,20240704000362,20240704,[기재정정]사업보고서 (2023.12),1,29,감사용역|감사위원|감사의견|감사인|관계기업|내부회계관리제도|당기순이익|매출|부채총계|비감사용역|사외이사|소액주주|손익계산서|연결재무제표|영업이익|이사회|자본변동표|자본총계|자산총계|재무상태표|재무제표|종속기업|최대주주|출자|타법인|특수관계|포괄손익계산서|현금흐름표|회계감사
00303217,우진플라임,2024,20240329001547,20240329,[기재정정]사업보고서 (2023.12),1,29,감사용역|감사위원|감사의견|감사인|관계기업|내부회계관리제도|당기순이익|매출|부채총계|비감사용역|사외이사|소액주주|손익계산서|연결재무제표|영업이익|이사회|자본변동표|자본총계|자산총계|재무상태표|재무제표|종속기업|최대주주|출자|타법인|특수관계|포괄손익계산서|현금흐름표|회계감사
00219486,신세계I&C,2022,20220816001345,20220816,[기재정정]사업보고서 (2021.12),1,29,감사용역|감사위원|감사의견|감사인|관계기업|내부회계관리제도|당기순이익|매출|부채총계|비감사용역|사외이사|소액주주|손익계산서|연결재무제표|영업이익|이사회|자본변동표|자본총계|자산총계|재무상태표|재무제표|종속기업|최대주주|출자|타법인|특수관계|포괄손익계산서|현금흐름표|회계감사
00219486,신세계I&C,2023,20230814001758,20230814,[기재정정]사업보고서 (2022.12),1,29,감사용역|감사위원|감사의견|감사인|관계기업|내부회계관리제도|당기순이익|매출|부채총계|비감사용역|사외이사|소액주주|손익계산서|연결재무제표|영업이익|이사회|자본변동표|자본총계|자산총계|재무상태표|재무제표|종속기업|최대주주|출자|타법인|특수관계|포괄손익계산서|현금흐름표|회계감사
00219486,신세계I&C,2024,20240319000595,20240319,[기재정정]사업보고서 (2023.12),1,29,감사용역|감사위원|감사의견|감사인|관계기업|내부회계관리제도|당기순이익|매출|부채총계|비감사용역|사외이사|소액주주|손익계산서|연결재무제표|영업이익|이사회|자본변동표|자본총계|자산총계|재무상태표|재무제표|종속기업|최대주주|출자|타법인|특수관계|포괄손익계산서|현금흐름표|회계감사
00557933,진도,2022,20220328000433,20220328,[기재정정]사업보고서 (2021.12),0,0,
00120526,롯데쇼핑,2020,20200814001581,20200814,[기재정정]사업보고서 (2019.12),0,0,
00360595,현대글로비스,2024,20240319000815,20240319,[기재정정]사업보고서 (2023.12),1,29,감사용역|감사위원|감사의견|감사인|관계기업|내부회계관리제도|당기순이익|매출|부채총계|비감사용역|사외이사|소액주주|손익계산서|연결재무제표|영업이익|이사회|자본변동표|자본총계|자산총계|재무상태표|재무제표|종속기업|최대주주|출자|타법인|특수관계|포괄손익계산서|현금흐름표|회계감사
00409672,티비에이치글로벌,2021,20210318001348,20210318,[기재정정]사업보고서 (2020.12),0,0,
00300548,현대리바트,2018,20180619000235,20180619,[기재정정]사업보고서 (2017.12),0,0,
00300548,현대리바트,2018,20180423000586,20180423,[기재정정]사업보고서 (2017.12),0,0,
00300548,현대리바트,2024,20240320001190,20240320,[기재정정]사업보고서 (2023.12),1,29,감사용역|감사위원|감사의견|감사인|관계기업|내부회계관리제도|당기순이익|매출|부채총계|비감사용역|사외이사|소액주주|손익계산서|연결재무제표|영업이익|이사회|자본변동표|자본총계|자산총계|재무상태표|재무제표|종속기업|최대주주|출자|타법인|특수관계|포괄손익계산서|현금흐름표|회계감사
00113225,대한제강,2018,20180404000063,20180404,[기재정정]사업보고서 (2017.12),0,0,
00113225,대한제강,2021,20210318000302,20210318,[기재정정]사업보고서 (2020.12),0,0,
00113225,대한제강,2023,20230331003410,20230331,[기재정정]사업보고서 (2022.12),1,29,감사용역|감사위원|감사의견|감사인|관계기업|내부회계관리제도|당기순이익|매출|부채총계|비감사용역|사외이사|소액주주|손익계산서|연결재무제표|영업이익|이사회|자본변동표|자본총계|자산총계|재무상태표|재무제표|종속기업|최대주주|출자|타법인|특수관계|포괄손익계산서|현금흐름표|회계감사
00210856,코아스,2021,20210318000429,20210318,[기재정정]사업보고서 (2020.12),0,0,
00540641,동양고속,2022,20221013000113,20221013,[기재정정]사업보고서 (2021.12),1,29,감사용역|감사위원|감사의견|감사인|관계기업|내부회계관리제도|당기순이익|매출|부채총계|비감사용역|사외이사|소액주주|손익계산서|연결재무제표|영업이익|이사회|자본변동표|자본총계|자산총계|재무상태표|재무제표|종속기업|최대주주|출자|타법인|특수관계|포괄손익계산서|현금흐름표|회계감사
00161383,한미반도체,2022,20220415000576,20220415,[기재정정]사업보고서 (2021.12),0,0,
00172936,동일산업,2021,20210323000594,20210323,[기재정정]사업보고서 (2020.12),0,0,
00172936,동일산업,2022,20220325001115,20220325,[기재정정]사업보고서 (2021.12),0,0,
00172936,동일산업,2023,20230324000928,20230324,[기재정정]사업보고서 (2022.12),1,29,감사용역|감사위원|감사의견|감사인|관계기업|내부회계관리제도|당기순이익|매출|부채총계|비감사용역|사외이사|소액주주|손익계산서|연결재무제표|영업이익|이사회|자본변동표|자본총계|자산총계|재무상태표|재무제표|종속기업|최대주주|출자|타법인|특수관계|포괄손익계산서|현금흐름표|회계감사
00172936,동일산업,2024,20240322000958,20240322,[기재정정]사업보고서 (2023.12),1,29,감사용역|감사위원|감사의견|감사인|관계기업|내부회계관리제도|당기순이익|매출|부채총계|비감사용역|사외이사|소액주주|손익계산서|연결재무제표|영업이익|이사회|자본변동표|자본총계|자산총계|재무상태표|재무제표|종속기업|최대주주|출자|타법인|특수관계|포괄손익계산서|현금흐름표|회계감사
00128980,삼호개발,2024,20240321001103,20240321,[기재정정]사업보고서 (2023.12),1,29,감사용역|감사위원|감사의견|감사인|관계기업|내부회계관리제도|당기순이익|매출|부채총계|비감사용역|사외이사|소액주주|손익계산서|연결재무제표|영업이익|이사회|자본변동표|자본총계|자산총계|재무상태표|재무제표|종속기업|최대주주|출자|타법인|특수관계|포괄손익계산서|현금흐름표|회계감사
00481454,금호타이어,2018,20180515002626,20180515,[기재정정]사업보고서 (2017.12),0,0,
00481454,금호타이어,2019,20190627000491,20190627,[기재정정]사업보고서 (2018.12),0,0,
00481454,금호타이어,2020,20200504000397,20200506,[기재정정]사업보고서 (2019.12),0,0,
00481454,금호타이어,2020,20200504000163,20200504,[기재정정]사업보고서 (2018.12),0,0,
00481454,금호타이어,2020,20200429001485,20200429,[기재정정]사업보고서 (2017.12),0,0,
00481454,금호타이어,2021,20210330001151,20210330,[기재정정]사업보고서 (2020.12),0,0,
00481454,금호타이어,2021,20210330001126,20210330,[첨부정정]사업보고서 (2020.12),0,0,
00481454,금호타이어,2021,20210323000140,20210323,[첨부정정]사업보고서 (2020.12),0,0,
00481454,금호타이어,2022,20220330001690,20220330,[기재정정]사업보고서 (2021.12),0,0,
00481454,금호타이어,2024,20240326000919,20240326,[기재정정]사업보고서 (2023.12),1,29,감사용역|감사위원|감사의견|감사인|관계기업|내부회계관리제도|당기순이익|매출|부채총계|비감사용역|사외이사|소액주주|손익계산서|연결재무제표|영업이익|이사회|자본변동표|자본총계|자산총계|재무상태표|재무제표|종속기업|최대주주|출자|타법인|특수관계|포괄손익계산서|현금흐름표|회계감사
00303873,CJ CGV,2019,20190702000269,20190702,[기재정정]사업보고서 (2018.12),0,0,
00129642,상신브레이크,2022,20220318001064,20220318,[첨부정정]사업보고서 (2021.12),0,0,
00414601,유니퀘스트,2019,20190320000830,20190321,[기재정정]사업보고서 (2017.12),0,0,
00414601,유니퀘스트,2019,20190320000632,20190320,[기재정정]사업보고서 (2016.12),0,0,
00414601,유니퀘스트,2019,20190320000621,20190320,[기재정정]사업보고서 (2015.12),0,0,
00414601,유니퀘스트,2019,20190320000606,20190320,[기재정정]사업보고서 (2014.12),0,0,
00414601,유니퀘스트,2019,20190320000593,20190320,[기재정정]사업보고서 (2013.12),0,0,
00414601,유니퀘스트,2019,20190320000584,20190320,[기재정정]사업보고서 (2012.12),0,0,
00414601,유니퀘스트,2019,20190320000409,20190320,[기재정정]사업보고서 (2011.12),0,0,
00353878,다스코,2020,20200317000866,20200317,[첨부정정]사업보고서 (2018.12),0,0,
00353878,다스코,2020,20200317000674,20200317,[기재정정]사업보고서 (2018.12),0,0,
00353878,다스코,2022,20220405002851,20220405,[기재정정]사업보고서 (2021.12),0,0,
00480455,STX엔진,2019,20190708000358,20190708,[기재정정]사업보고서 (2018.12),0,0,
00108913,대교,2022,20220725000180,20220725,[기재정정]사업보고서 (2021.12),0,0,
00108913,대교,2023,20230713000378,20230713,[기재정정]사업보고서 (2022.12),1,29,감사용역|감사위원|감사의견|감사인|관계기업|내부회계관리제도|당기순이익|매출|부채총계|비감사용역|사외이사|소액주주|손익계산서|연결재무제표|영업이익|이사회|자본변동표|자본총계|자산총계|재무상태표|재무제표|종속기업|최대주주|출자|타법인|특수관계|포괄손익계산서|현금흐름표|회계감사
00469799,이엔플러스,2021,20210331001669,20210331,[기재정정]사업보고서 (2020.12),0,0,
00469799,이엔플러스,2022,20220331003484,20220331,[기재정정]사업보고서 (2021.12),0,0,
00469799,이엔플러스,2022,20220323000895,20220323,[첨부정정]사업보고서 (2021.12),0,0,
00203582,한솔홈데코,2019,20190401004409,20190401,[기재정정]사업보고서 (2018.12),0,0,
00203582,한솔홈데코,2021,20210331002373,20210331,[기재정정]사업보고서 (2020.12),0,0,
00203582,한솔홈데코,2024,20240329002820,20240329,[기재정정]사업보고서 (2023.12),1,29,감사용역|감사위원|감사의견|감사인|관계기업|내부회계관리제도|당기순이익|매출|부채총계|비감사용역|사외이사|소액주주|손익계산서|연결재무제표|영업이익|이사회|자본변동표|자본총계|자산총계|재무상태표|재무제표|종속기업|최대주주|출자|타법인|특수관계|포괄손익계산서|현금흐름표|회계감사
00107613,이수페타시스,2021,20210405003044,20210405,[기재정정]사업보고서 (2020.12),0,0,
00255619,강원랜드,2021,20210323000044,20210323,[첨부정정]사업보고서 (2020.12),0,0,
00249247,YG PLUS,2018,20180614000766,20180614,[기재정정]사업보고서 (2017.12),0,0,
00416654,유엔젤,2021,20210504000460,20210504,[기재정정]사업보고서 (2020.12),0,0,
00416654,유엔젤,2022,20221007000390,20221007,[기재정정]사업보고서 (2021.12),1,29,감사용역|감사위원|감사의견|감사인|관계기업|내부회계관리제도|당기순이익|매출|부채총계|비감사용역|사외이사|소액주주|손익계산서|연결재무제표|영업이익|이사회|자본변동표|자본총계|자산총계|재무상태표|재무제표|종속기업|최대주주|출자|타법인|특수관계|포괄손익계산서|현금흐름표|회계감사
00261443,NC,2018,20180402005029,20180402,[첨부정정]사업보고서 (2017.12),0,0,
00261443,NC,2019,20190531002169,20190603,[기재정정]사업보고서 (2018.12),0,0,
00261443,NC,2020,20200401000539,20200401,[첨부정정]사업보고서 (2019.12),0,0,
00261443,NC,2024,20240322000989,20240322,[기재정정]사업보고서 (2023.12),1,29,감사용역|감사위원|감사의견|감사인|관계기업|내부회계관리제도|당기순이익|매출|부채총계|비감사용역|사외이사|소액주주|손익계산서|연결재무제표|영업이익|이사회|자본변동표|자본총계|자산총계|재무상태표|재무제표|종속기업|최대주주|출자|타법인|특수관계|포괄손익계산서|현금흐름표|회계감사
00109161,태경케미컬,2022,20220816000755,20220816,[기재정정]사업보고서 (2021.12),1,29,감사용역|감사위원|감사의견|감사인|관계기업|내부회계관리제도|당기순이익|매출|부채총계|비감사용역|사외이사|소액주주|손익계산서|연결재무제표|영업이익|이사회|자본변동표|자본총계|자산총계|재무상태표|재무제표|종속기업|최대주주|출자|타법인|특수관계|포괄손익계산서|현금흐름표|회계감사
00428729,대호에이엘,2019,20190401004665,20190401,[첨부정정]사업보고서 (2018.12),0,0,
00428729,대호에이엘,2023,20230711000241,20230711,[기재정정]사업보고서 (2022.12),1,29,감사용역|감사위원|감사의견|감사인|관계기업|내부회계관리제도|당기순이익|매출|부채총계|비감사용역|사외이사|소액주주|손익계산서|연결재무제표|영업이익|이사회|자본변동표|자본총계|자산총계|재무상태표|재무제표|종속기업|최대주주|출자|타법인|특수관계|포괄손익계산서|현금흐름표|회계감사
00428729,대호에이엘,2024,20240312000869,20240312,[기재정정]사업보고서 (2022.12),1,29,감사용역|감사위원|감사의견|감사인|관계기업|내부회계관리제도|당기순이익|매출|부채총계|비감사용역|사외이사|소액주주|손익계산서|연결재무제표|영업이익|이사회|자본변동표|자본총계|자산총계|재무상태표|재무제표|종속기업|최대주주|출자|타법인|특수관계|포괄손익계산서|현금흐름표|회계감사
00427483,대웅제약,2021,20210817000156,20210817,[기재정정]사업보고서 (2020.12),0,0,
00204208,마니커,2021,20210419000434,20210419,[기재정정]사업보고서 (2020.12),0,0,
00134510,SJG세종,2023,20230726000502,20230726,[기재정정]사업보고서 (2022.12),1,29,감사용역|감사위원|감사의견|감사인|관계기업|내부회계관리제도|당기순이익|매출|부채총계|비감사용역|사외이사|소액주주|손익계산서|연결재무제표|영업이익|이사회|자본변동표|자본총계|자산총계|재무상태표|재무제표|종속기업|최대주주|출자|타법인|특수관계|포괄손익계산서|현금흐름표|회계감사
00134510,SJG세종,2023,20230320001100,20230320,[기재정정]사업보고서 (2022.12),1,29,감사용역|감사위원|감사의견|감사인|관계기업|내부회계관리제도|당기순이익|매출|부채총계|비감사용역|사외이사|소액주주|손익계산서|연결재무제표|영업이익|이사회|자본변동표|자본총계|자산총계|재무상태표|재무제표|종속기업|최대주주|출자|타법인|특수관계|포괄손익계산서|현금흐름표|회계감사
00155258,포스코스틸리온,2018,20180622000494,20180622,[기재정정]사업보고서 (2017.12),0,0,
00423690,삼성출판사,2023,20230713000163,20230713,[기재정정]사업보고서 (2022.12),1,29,감사용역|감사위원|감사의견|감사인|관계기업|내부회계관리제도|당기순이익|매출|부채총계|비감사용역|사외이사|소액주주|손익계산서|연결재무제표|영업이익|이사회|자본변동표|자본총계|자산총계|재무상태표|재무제표|종속기업|최대주주|출자|타법인|특수관계|포괄손익계산서|현금흐름표|회계감사
00161693,한샘,2018,20180629000751,20180629,[기재정정]사업보고서 (2017.12),0,0,
00161693,한샘,2021,20210319001191,20210319,[기재정정]사업보고서 (2020.12),0,0,
00161693,한샘,2022,20220816002277,20220816,[기재정정]사업보고서 (2021.12),1,29,감사용역|감사위원|감사의견|감사인|관계기업|내부회계관리제도|당기순이익|매출|부채총계|비감사용역|사외이사|소액주주|손익계산서|연결재무제표|영업이익|이사회|자본변동표|자본총계|자산총계|재무상태표|재무제표|종속기업|최대주주|출자|타법인|특수관계|포괄손익계산서|현금흐름표|회계감사
00161693,한샘,2022,20220331003635,20220331,[기재정정]사업보고서 (2021.12),0,0,
00161693,한샘,2024,20240328001271,20240328,[기재정정]사업보고서 (2023.12),1,29,감사용역|감사위원|감사의견|감사인|관계기업|내부회계관리제도|당기순이익|매출|부채총계|비감사용역|사외이사|소액주주|손익계산서|연결재무제표|영업이익|이사회|자본변동표|자본총계|자산총계|재무상태표|재무제표|종속기업|최대주주|출자|타법인|특수관계|포괄손익계산서|현금흐름표|회계감사
00142883,우신시스템,2022,20220429001497,20220429,[기재정정]사업보고서 (2020.12),0,0,
00142883,우신시스템,2022,20220429001462,20220429,[기재정정]사업보고서 (2019.12),0,0,
00142883,우신시스템,2022,20220429001414,20220429,[기재정정]사업보고서 (2018.12),0,0,
00142883,우신시스템,2023,20230331002732,20230331,[기재정정]사업보고서 (2022.12),1,29,감사용역|감사위원|감사의견|감사인|관계기업|내부회계관리제도|당기순이익|매출|부채총계|비감사용역|사외이사|소액주주|손익계산서|연결재무제표|영업이익|이사회|자본변동표|자본총계|자산총계|재무상태표|재무제표|종속기업|최대주주|출자|타법인|특수관계|포괄손익계산서|현금흐름표|회계감사
00142883,우신시스템,2024,20240322000845,20240322,[기재정정]사업보고서 (2023.12),1,29,감사용역|감사위원|감사의견|감사인|관계기업|내부회계관리제도|당기순이익|매출|부채총계|비감사용역|사외이사|소액주주|손익계산서|연결재무제표|영업이익|이사회|자본변동표|자본총계|자산총계|재무상태표|재무제표|종속기업|최대주주|출자|타법인|특수관계|포괄손익계산서|현금흐름표|회계감사
00401731,LG전자,2021,20210316001210,20210316,[첨부정정]사업보고서 (2020.12),0,0,
00401731,LG전자,2022,20220316000886,20220316,[기재정정]사업보고서 (2021.12),0,0,
00220561,광주신세계,2022,20220816000334,20220816,[기재정정]사업보고서 (2021.12),1,29,감사용역|감사위원|감사의견|감사인|관계기업|내부회계관리제도|당기순이익|매출|부채총계|비감사용역|사외이사|소액주주|손익계산서|연결재무제표|영업이익|이사회|자본변동표|자본총계|자산총계|재무상태표|재무제표|종속기업|최대주주|출자|타법인|특수관계|포괄손익계산서|현금흐름표|회계감사
00198697,일진디스플,2019,20190814001365,20190814,[기재정정]사업보고서 (2018.12),0,0,
00198697,일진디스플,2023,20230714000395,20230714,[기재정정]사업보고서 (2022.12),1,29,감사용역|감사위원|감사의견|감사인|관계기업|내부회계관리제도|당기순이익|매출|부채총계|비감사용역|사외이사|소액주주|손익계산서|연결재무제표|영업이익|이사회|자본변동표|자본총계|자산총계|재무상태표|재무제표|종속기업|최대주주|출자|타법인|특수관계|포괄손익계산서|현금흐름표|회계감사
00198697,일진디스플,2023,20230327000330,20230327,[기재정정]사업보고서 (2022.12),1,29,감사용역|감사위원|감사의견|감사인|관계기업|내부회계관리제도|당기순이익|매출|부채총계|비감사용역|사외이사|소액주주|손익계산서|연결재무제표|영업이익|이사회|자본변동표|자본총계|자산총계|재무상태표|재무제표|종속기업|최대주주|출자|타법인|특수관계|포괄손익계산서|현금흐름표|회계감사
00390055,종근당바이오,2019,20190703000468,20190703,[기재정정]사업보고서 (2018.12),0,0,
00390055,종근당바이오,2020,20200814001004,20200814,[기재정정]사업보고서 (2019.12),0,0,
00170558,코웨이,2019,20190814001347,20190814,[기재정정]사업보고서 (2018.12),0,0,
00170558,코웨이,2022,20220816001433,20220816,[기재정정]사업보고서 (2021.12),1,29,감사용역|감사위원|감사의견|감사인|관계기업|내부회계관리제도|당기순이익|매출|부채총계|비감사용역|사외이사|소액주주|손익계산서|연결재무제표|영업이익|이사회|자본변동표|자본총계|자산총계|재무상태표|재무제표|종속기업|최대주주|출자|타법인|특수관계|포괄손익계산서|현금흐름표|회계감사
00170558,코웨이,2024,20240329002735,20240329,[기재정정]사업보고서 (2023.12),1,29,감사용역|감사위원|감사의견|감사인|관계기업|내부회계관리제도|당기순이익|매출|부채총계|비감사용역|사외이사|소액주주|손익계산서|연결재무제표|영업이익|이사회|자본변동표|자본총계|자산총계|재무상태표|재무제표|종속기업|최대주주|출자|타법인|특수관계|포괄손익계산서|현금흐름표|회계감사
00377610,세아홀딩스,2022,20220802000337,20220802,[기재정정]사업보고서 (2021.12),1,29,감사용역|감사위원|감사의견|감사인|관계기업|내부회계관리제도|당기순이익|매출|부채총계|비감사용역|사외이사|소액주주|손익계산서|연결재무제표|영업이익|이사회|자본변동표|자본총계|자산총계|재무상태표|재무제표|종속기업|최대주주|출자|타법인|특수관계|포괄손익계산서|현금흐름표|회계감사
00377610,세아홀딩스,2024,20240318000571,20240318,[기재정정]사업보고서 (2023.12),1,29,감사용역|감사위원|감사의견|감사인|관계기업|내부회계관리제도|당기순이익|매출|부채총계|비감사용역|사외이사|소액주주|손익계산서|연결재무제표|영업이익|이사회|자본변동표|자본총계|자산총계|재무상태표|재무제표|종속기업|최대주주|출자|타법인|특수관계|포괄손익계산서|현금흐름표|회계감사
00377610,세아홀딩스,2024,20240314000960,20240314,[기재정정]사업보고서 (2023.12),1,29,감사용역|감사위원|감사의견|감사인|관계기업|내부회계관리제도|당기순이익|매출|부채총계|비감사용역|사외이사|소액주주|손익계산서|연결재무제표|영업이익|이사회|자본변동표|자본총계|자산총계|재무상태표|재무제표|종속기업|최대주주|출자|타법인|특수관계|포괄손익계산서|현금흐름표|회계감사
00356370,LG생활건강,2022,20220516002048,20220516,[기재정정]사업보고서 (2021.12),0,0,
00356361,LG화학,2020,20200330004537,20200330,[기재정정]사업보고서 (2019.12),0,0,
00356361,LG화학,2023,20230324001178,20230324,[기재정정]사업보고서 (2022.12),1,29,감사용역|감사위원|감사의견|감사인|관계기업|내부회계관리제도|당기순이익|매출|부채총계|비감사용역|사외이사|소액주주|손익계산서|연결재무제표|영업이익|이사회|자본변동표|자본총계|자산총계|재무상태표|재무제표|종속기업|최대주주|출자|타법인|특수관계|포괄손익계산서|현금흐름표|회계감사
00124540,대우건설,2020,20200928000007,20200928,[기재정정]사업보고서 (2019.12),0,0,
00124540,대우건설,2020,20200925000661,20200925,[기재정정]사업보고서 (2019.12),0,0,
00124540,대우건설,2020,20200925000631,20200925,[기재정정]사업보고서 (2019.12),0,0,
00124540,대우건설,2021,20210319001137,20210319,[기재정정]사업보고서 (2020.12),0,0,
00124540,대우건설,2021,20210120000065,20210120,[기재정정]사업보고서 (2019.12),0,0,
00124504,포스코인터내셔널,2018,20180611000449,20180611,[기재정정]사업보고서 (2017.12),0,0,
00124504,포스코인터내셔널,2024,20240329001908,20240329,[기재정정]사업보고서 (2023.12),1,29,감사용역|감사위원|감사의견|감사인|관계기업|내부회계관리제도|당기순이익|매출|부채총계|비감사용역|사외이사|소액주주|손익계산서|연결재무제표|영업이익|이사회|자본변동표|자본총계|자산총계|재무상태표|재무제표|종속기업|최대주주|출자|타법인|특수관계|포괄손익계산서|현금흐름표|회계감사
00124504,포스코인터내셔널,2024,20240320000001,20240320,[기재정정]사업보고서 (2023.12),1,29,감사용역|감사위원|감사의견|감사인|관계기업|내부회계관리제도|당기순이익|매출|부채총계|비감사용역|사외이사|소액주주|손익계산서|연결재무제표|영업이익|이사회|자본변동표|자본총계|자산총계|재무상태표|재무제표|종속기업|최대주주|출자|타법인|특수관계|포괄손익계산서|현금흐름표|회계감사
00111704,한화오션,2018,20180523000409,20180523,[기재정정]사업보고서 (2017.12),0,0,
00111704,한화오션,2018,20180403001678,20180403,[기재정정]사업보고서 (2017.12),0,0,
00111704,한화오션,2024,20240328000773,20240328,[기재정정]사업보고서 (2023.12),1,29,감사용역|감사위원|감사의견|감사인|관계기업|내부회계관리제도|당기순이익|매출|부채총계|비감사용역|사외이사|소액주주|손익계산서|연결재무제표|영업이익|이사회|자본변동표|자본총계|자산총계|재무상태표|재무제표|종속기업|최대주주|출자|타법인|특수관계|포괄손익계산서|현금흐름표|회계감사
00159616,두산에너빌리티,2024,20240516002209,20240516,[기재정정]사업보고서 (2020.12),1,29,감사용역|감사위원|감사의견|감사인|관계기업|내부회계관리제도|당기순이익|매출|부채총계|비감사용역|사외이사|소액주주|손익계산서|연결재무제표|영업이익|이사회|자본변동표|자본총계|자산총계|재무상태표|재무제표|종속기업|최대주주|출자|타법인|특수관계|포괄손익계산서|현금흐름표|회계감사
00159616,두산에너빌리티,2024,20240327001232,20240327,[기재정정]사업보고서 (2020.12),1,29,감사용역|감사위원|감사의견|감사인|관계기업|내부회계관리제도|당기순이익|매출|부채총계|비감사용역|사외이사|소액주주|손익계산서|연결재무제표|영업이익|이사회|자본변동표|자본총계|자산총계|재무상태표|재무제표|종속기업|최대주주|출자|타법인|특수관계|포괄손익계산서|현금흐름표|회계감사
00159616,두산에너빌리티,2024,20240327001231,20240327,[기재정정]사업보고서 (2019.12),1,29,감사용역|감사위원|감사의견|감사인|관계기업|내부회계관리제도|당기순이익|매출|부채총계|비감사용역|사외이사|소액주주|손익계산서|연결재무제표|영업이익|이사회|자본변동표|자본총계|자산총계|재무상태표|재무제표|종속기업|최대주주|출자|타법인|특수관계|포괄손익계산서|현금흐름표|회계감사
00159616,두산에너빌리티,2024,20240327001230,20240327,[기재정정]사업보고서 (2018.12),1,29,감사용역|감사위원|감사의견|감사인|관계기업|내부회계관리제도|당기순이익|매출|부채총계|비감사용역|사외이사|소액주주|손익계산서|연결재무제표|영업이익|이사회|자본변동표|자본총계|자산총계|재무상태표|재무제표|종속기업|최대주주|출자|타법인|특수관계|포괄손익계산서|현금흐름표|회계감사
00159616,두산에너빌리티,2024,20240327001228,20240327,[기재정정]사업보고서 (2017.12),1,29,감사용역|감사위원|감사의견|감사인|관계기업|내부회계관리제도|당기순이익|매출|부채총계|비감사용역|사외이사|소액주주|손익계산서|연결재무제표|영업이익|이사회|자본변동표|자본총계|자산총계|재무상태표|재무제표|종속기업|최대주주|출자|타법인|특수관계|포괄손익계산서|현금흐름표|회계감사
00159616,두산에너빌리티,2024,20240327001226,20240327,[기재정정]사업보고서 (2023.12),1,29,감사용역|감사위원|감사의견|감사인|관계기업|내부회계관리제도|당기순이익|매출|부채총계|비감사용역|사외이사|소액주주|손익계산서|연결재무제표|영업이익|이사회|자본변동표|자본총계|자산총계|재무상태표|재무제표|종속기업|최대주주|출자|타법인|특수관계|포괄손익계산서|현금흐름표|회계감사
00160205,한국내화,2019,20190619000060,20190619,[기재정정]사업보고서 (2018.12),0,0,
00161976,한세예스24홀딩스,2018,20180430001799,20180430,[기재정정]사업보고서 (2017.12),0,0,
00111999,대원제약,2018,20180709000158,20180709,[기재정정]사업보고서 (2017.12),0,0,
00111999,대원제약,2018,20180402003467,20180402,[기재정정]사업보고서 (2017.12),0,0,
00111999,대원제약,2021,20210416000487,20210416,[기재정정]사업보고서 (2020.12),0,0,
00111999,대원제약,2021,20210331001389,20210331,[기재정정]사업보고서 (2020.12),0,0,
00261285,한국가스공사,2018,20180329000730,20180329,[기재정정]사업보고서 (2017.12),0,0,
00261285,한국가스공사,2019,20190627000267,20190627,[첨부정정]사업보고서 (2018.12),0,0,
00261285,한국가스공사,2021,20210402001462,20210402,[첨부정정]사업보고서 (2020.12),0,0,
00261285,한국가스공사,2022,20220325000211,20220325,[기재정정]사업보고서 (2021.12),0,0,
00261285,한국가스공사,2022,20220325000207,20220325,[첨부정정]사업보고서 (2021.12),0,0,
00261285,한국가스공사,2024,20240325000966,20240325,[기재정정]사업보고서 (2023.12),1,29,감사용역|감사위원|감사의견|감사인|관계기업|내부회계관리제도|당기순이익|매출|부채총계|비감사용역|사외이사|소액주주|손익계산서|연결재무제표|영업이익|이사회|자본변동표|자본총계|자산총계|재무상태표|재무제표|종속기업|최대주주|출자|타법인|특수관계|포괄손익계산서|현금흐름표|회계감사
00104786,미래아이앤지,2018,20180515001992,20180515,[첨부정정]사업보고서 (2017.12),0,0,
00260408,팜스코,2019,20190328000006,20190328,[기재정정]사업보고서 (2018.12),0,0,
00260408,팜스코,2020,20200331000162,20200331,[기재정정]사업보고서 (2019.12),0,0,
00260408,팜스코,2023,20230228005108,20230228,[기재정정]사업보고서 (2021.12),1,29,감사용역|감사위원|감사의견|감사인|관계기업|내부회계관리제도|당기순이익|매출|부채총계|비감사용역|사외이사|소액주주|손익계산서|연결재무제표|영업이익|이사회|자본변동표|자본총계|자산총계|재무상태표|재무제표|종속기업|최대주주|출자|타법인|특수관계|포괄손익계산서|현금흐름표|회계감사
00244455,케이티앤지,2018,20180618000160,20180618,[기재정정]사업보고서 (2017.12),0,0,
00244455,케이티앤지,2018,20180514005933,20180514,[기재정정]사업보고서 (2017.12),0,0,
00244455,케이티앤지,2019,20190419000443,20190419,[기재정정]사업보고서 (2018.12),0,0,
00244455,케이티앤지,2020,20201230000735,20201230,[기재정정]사업보고서 (2019.12),0,0,
00244455,케이티앤지,2020,20201230000709,20201230,[기재정정]사업보고서 (2018.12),0,0,
00244455,케이티앤지,2020,20201119000225,20201119,[기재정정]사업보고서 (2017.12),0,0,
00244455,케이티앤지,2020,20201116001970,20201116,[기재정정]사업보고서 (2016.12),0,0,
00244455,케이티앤지,2020,20201116001910,20201116,[기재정정]사업보고서 (2015.12),0,0,
00244455,케이티앤지,2020,20201116001786,20201116,[기재정정]사업보고서 (2014.12),0,0,
00244455,케이티앤지,2020,20201116001743,20201116,[기재정정]사업보고서 (2013.12),0,0,
00244455,케이티앤지,2020,20201116001305,20201116,[기재정정]사업보고서 (2012.12),0,0,
00244455,케이티앤지,2020,20201116001219,20201116,[기재정정]사업보고서 (2011.12),0,0,
00140168,HS애드,2019,20190814000927,20190814,[기재정정]사업보고서 (2018.12),0,0,
00140168,HS애드,2024,20240314001750,20240314,[첨부정정]사업보고서 (2023.12),0,0,
00122551,백산,2021,20210420000262,20210420,[기재정정]사업보고서 (2020.12),0,0,
00122551,백산,2022,20220712000592,20220712,[기재정정]사업보고서 (2021.12),0,0,
00125576,체시스,2020,20200103000436,20200103,[기재정정]사업보고서 (2019.06),0,0,
00190321,케이티,2022,20221006000582,20221006,[기재정정]사업보고서 (2021.12),1,29,감사용역|감사위원|감사의견|감사인|관계기업|내부회계관리제도|당기순이익|매출|부채총계|비감사용역|사외이사|소액주주|손익계산서|연결재무제표|영업이익|이사회|자본변동표|자본총계|자산총계|재무상태표|재무제표|종속기업|최대주주|출자|타법인|특수관계|포괄손익계산서|현금흐름표|회계감사
00190321,케이티,2024,20240320002050,20240320,[기재정정]사업보고서 (2023.12),1,29,감사용역|감사위원|감사의견|감사인|관계기업|내부회계관리제도|당기순이익|매출|부채총계|비감사용역|사외이사|소액주주|손익계산서|연결재무제표|영업이익|이사회|자본변동표|자본총계|자산총계|재무상태표|재무제표|종속기업|최대주주|출자|타법인|특수관계|포괄손익계산서|현금흐름표|회계감사
00156150,엑시큐어하이트론,2021,20210331002650,20210331,[기재정정]사업보고서 (2020.12),0,0,
00156150,엑시큐어하이트론,2022,20220720000259,20220720,[기재정정]사업보고서 (2021.12),0,0,
00156150,엑시큐어하이트론,2023,20231030000426,20231030,[기재정정]사업보고서 (2022.12),1,29,감사용역|감사위원|감사의견|감사인|관계기업|내부회계관리제도|당기순이익|매출|부채총계|비감사용역|사외이사|소액주주|손익계산서|연결재무제표|영업이익|이사회|자본변동표|자본총계|자산총계|재무상태표|재무제표|종속기업|최대주주|출자|타법인|특수관계|포괄손익계산서|현금흐름표|회계감사
00156150,엑시큐어하이트론,2024,20240731000687,20240731,[기재정정]사업보고서 (2023.12),1,29,감사용역|감사위원|감사의견|감사인|관계기업|내부회계관리제도|당기순이익|매출|부채총계|비감사용역|사외이사|소액주주|손익계산서|연결재무제표|영업이익|이사회|자본변동표|자본총계|자산총계|재무상태표|재무제표|종속기업|최대주주|출자|타법인|특수관계|포괄손익계산서|현금흐름표|회계감사
00148276,제일기획,2018,20180615000192,20180615,[기재정정]사업보고서 (2017.12),0,0,
00148276,제일기획,2021,20210409002715,20210409,[기재정정]사업보고서 (2020.12),0,0,
00148276,제일기획,2022,20220324000651,20220324,[기재정정]사업보고서 (2021.12),0,0,
00209780,케이씨,2018,20180621000018,20180621,[기재정정]사업보고서 (2017.12),0,0,
00209780,케이씨,2019,20190715000056,20190715,[기재정정]사업보고서 (2018.12),0,0,
00209780,케이씨,2020,20201222000443,20201222,[기재정정]사업보고서 (2019.12),0,0,
00112022,대원화성,2021,20210507000170,20210507,[기재정정]사업보고서 (2020.12),0,0,
00112022,대원화성,2021,20210506000552,20210506,[기재정정]사업보고서 (2019.12),0,0,
00112022,대원화성,2021,20210506000547,20210506,[기재정정]사업보고서 (2018.12),0,0,
00112022,대원화성,2022,20220816001036,20220816,[기재정정]사업보고서 (2021.12),1,29,감사용역|감사위원|감사의견|감사인|관계기업|내부회계관리제도|당기순이익|매출|부채총계|비감사용역|사외이사|소액주주|손익계산서|연결재무제표|영업이익|이사회|자본변동표|자본총계|자산총계|재무상태표|재무제표|종속기업|최대주주|출자|타법인|특수관계|포괄손익계산서|현금흐름표|회계감사
00165583,E1,2018,20180130000268,20180130,[기재정정]사업보고서 (2016.12),0,0,
00144164,SK가스,2018,20180704000475,20180704,[기재정정]사업보고서 (2017.12),0,0,
00144164,SK가스,2024,20240320001478,20240320,[기재정정]사업보고서 (2023.12),1,29,감사용역|감사위원|감사의견|감사인|관계기업|내부회계관리제도|당기순이익|매출|부채총계|비감사용역|사외이사|소액주주|손익계산서|연결재무제표|영업이익|이사회|자본변동표|자본총계|자산총계|재무상태표|재무제표|종속기업|최대주주|출자|타법인|특수관계|포괄손익계산서|현금흐름표|회계감사
00176914,다우기술,2019,20190508000438,20190508,[기재정정]사업보고서 (2018.12),0,0,
00176914,다우기술,2019,20190418000523,20190418,[기재정정]사업보고서 (2018.12),0,0,
00176914,다우기술,2019,20190401005158,20190401,[기재정정]사업보고서 (2018.12),0,0,
00176914,다우기술,2021,20210324000853,20210324,[기재정정]사업보고서 (2020.12),0,0,
00176914,다우기술,2021,20210317001042,20210317,[기재정정]사업보고서 (2019.12),0,0,
00176914,다우기술,2021,20210317001023,20210317,[기재정정]사업보고서 (2018.12),0,0,
00176914,다우기술,2021,20210317001007,20210317,[기재정정]사업보고서 (2017.12),0,0,
00176914,다우기술,2021,20210317000989,20210317,[기재정정]사업보고서 (2016.12),0,0,
00176914,다우기술,2021,20210317000959,20210317,[기재정정]사업보고서 (2015.12),0,0,
00176914,다우기술,2022,20220324000698,20220324,[기재정정]사업보고서 (2021.12),0,0,
00176914,다우기술,2024,20240226005760,20240226,[기재정정]사업보고서 (2020.12),1,29,감사용역|감사위원|감사의견|감사인|관계기업|내부회계관리제도|당기순이익|매출|부채총계|비감사용역|사외이사|소액주주|손익계산서|연결재무제표|영업이익|이사회|자본변동표|자본총계|자산총계|재무상태표|재무제표|종속기업|최대주주|출자|타법인|특수관계|포괄손익계산서|현금흐름표|회계감사
00139889,SKC,2021,20210423000677,20210423,[기재정정]사업보고서 (2020.12),0,0,
00139889,SKC,2022,20220816001935,20220816,[기재정정]사업보고서 (2021.12),1,29,감사용역|감사위원|감사의견|감사인|관계기업|내부회계관리제도|당기순이익|매출|부채총계|비감사용역|사외이사|소액주주|손익계산서|연결재무제표|영업이익|이사회|자본변동표|자본총계|자산총계|재무상태표|재무제표|종속기업|최대주주|출자|타법인|특수관계|포괄손익계산서|현금흐름표|회계감사
00139889,SKC,2024,20240409003864,20240409,[기재정정]사업보고서 (2023.12),1,29,감사용역|감사위원|감사의견|감사인|관계기업|내부회계관리제도|당기순이익|매출|부채총계|비감사용역|사외이사|소액주주|손익계산서|연결재무제표|영업이익|이사회|자본변동표|자본총계|자산총계|재무상태표|재무제표|종속기업|최대주주|출자|타법인|특수관계|포괄손익계산서|현금흐름표|회계감사
00159564,한국주강,2022,20220325001050,20220325,[기재정정]사업보고서 (2021.12),0,0,
00114154,디와이덕양,2018,20181026000311,20181026,[기재정정]사업보고서 (2017.12),0,0,
00114154,디와이덕양,2021,20210609000312,20210609,[기재정정]사업보고서 (2020.12),0,0,
00114154,디와이덕양,2022,20220404002273,20220404,[기재정정]사업보고서 (2021.12),0,0,
00114154,디와이덕양,2023,20230320000948,20230320,[기재정정]사업보고서 (2022.12),1,29,감사용역|감사위원|감사의견|감사인|관계기업|내부회계관리제도|당기순이익|매출|부채총계|비감사용역|사외이사|소액주주|손익계산서|연결재무제표|영업이익|이사회|자본변동표|자본총계|자산총계|재무상태표|재무제표|종속기업|최대주주|출자|타법인|특수관계|포괄손익계산서|현금흐름표|회계감사
00121969,에쓰씨엔지니어링,2020,20200228005967,20200228,[기재정정]사업보고서 (2018.12),1,29,감사용역|감사위원|감사의견|감사인|관계기업|내부회계관리제도|당기순이익|매출|부채총계|비감사용역|사외이사|소액주주|손익계산서|연결재무제표|영업이익|이사회|자본변동표|자본총계|자산총계|재무상태표|재무제표|종속기업|최대주주|출자|타법인|특수관계|포괄손익계산서|현금흐름표|회계감사
00121969,에쓰씨엔지니어링,2021,20210325000778,20210325,[첨부정정]사업보고서 (2020.12),0,0,
00121969,에쓰씨엔지니어링,2022,20220726000333,20220726,[기재정정]사업보고서 (2021.12),0,0,
00121969,에쓰씨엔지니어링,2024,20240328001322,20240328,[기재정정]사업보고서 (2023.12),1,29,감사용역|감사위원|감사의견|감사인|관계기업|내부회계관리제도|당기순이익|매출|부채총계|비감사용역|사외이사|소액주주|손익계산서|연결재무제표|영업이익|이사회|자본변동표|자본총계|자산총계|재무상태표|재무제표|종속기업|최대주주|출자|타법인|특수관계|포괄손익계산서|현금흐름표|회계감사
00186559,아이티센씨티에스,2018,20180104000258,20180104,[기재정정]사업보고서 (2016.12),0,0,
00186559,아이티센씨티에스,2021,20210322000972,20210322,[기재정정]사업보고서 (2020.12),0,0,
00181943,에스제이엠홀딩스,2022,20221223000367,20221223,[기재정정]사업보고서 (2021.12),1,29,감사용역|감사위원|감사의견|감사인|관계기업|내부회계관리제도|당기순이익|매출|부채총계|비감사용역|사외이사|소액주주|손익계산서|연결재무제표|영업이익|이사회|자본변동표|자본총계|자산총계|재무상태표|재무제표|종속기업|최대주주|출자|타법인|특수관계|포괄손익계산서|현금흐름표|회계감사
00164779,SK하이닉스,2018,20180615000111,20180615,[기재정정]사업보고서 (2017.12),0,0,
00164779,SK하이닉스,2019,20190404002329,20190404,[기재정정]사업보고서 (2018.12),0,0,
00164779,SK하이닉스,2021,20210330000776,20210330,[기재정정]사업보고서 (2020.12),0,0,
00115065,동남합성,2022,20220808000217,20220808,[기재정정]사업보고서 (2021.12),1,29,감사용역|감사위원|감사의견|감사인|관계기업|내부회계관리제도|당기순이익|매출|부채총계|비감사용역|사외이사|소액주주|손익계산서|연결재무제표|영업이익|이사회|자본변동표|자본총계|자산총계|재무상태표|재무제표|종속기업|최대주주|출자|타법인|특수관계|포괄손익계산서|현금흐름표|회계감사
00126308,삼성E&A,2018,20180417000445,20180417,[기재정정]사업보고서 (2017.12),0,0,
00126308,삼성E&A,2018,20180417000432,20180417,[기재정정]사업보고서 (2016.12),0,0,
00126308,삼성E&A,2021,20210517002076,20210517,[기재정정]사업보고서 (2020.12),0,0,
00126308,삼성E&A,2021,20210517002064,20210517,[기재정정]사업보고서 (2019.12),0,0,
00126308,삼성E&A,2021,20210517002048,20210517,[기재정정]사업보고서 (2018.12),0,0,
00126308,삼성E&A,2021,20210517002027,20210517,[기재정정]사업보고서 (2017.12),0,0,
00126308,삼성E&A,2021,20210517001985,20210517,[기재정정]사업보고서 (2016.12),0,0,
00126308,삼성E&A,2023,20230831001403,20230831,[기재정정]사업보고서 (2022.12),1,28,감사용역|감사위원|감사의견|감사인|관계기업|내부회계관리제도|당기순이익|매출|부채총계|사외이사|소액주주|손익계산서|연결재무제표|영업이익|이사회|자본변동표|자본총계|자산총계|재무상태표|재무제표|종속기업|최대주주|출자|타법인|특수관계|포괄손익계산서|현금흐름표|회계감사
00126308,삼성E&A,2024,20240329003421,20240329,[기재정정]사업보고서 (2023.12),1,28,감사용역|감사위원|감사의견|감사인|관계기업|내부회계관리제도|당기순이익|매출|부채총계|사외이사|소액주주|손익계산서|연결재무제표|영업이익|이사회|자본변동표|자본총계|자산총계|재무상태표|재무제표|종속기업|최대주주|출자|타법인|특수관계|포괄손익계산서|현금흐름표|회계감사
00126308,삼성E&A,2024,20240314001768,20240314,[기재정정]사업보고서 (2023.12),1,28,감사용역|감사위원|감사의견|감사인|관계기업|내부회계관리제도|당기순이익|매출|부채총계|사외이사|소액주주|손익계산서|연결재무제표|영업이익|이사회|자본변동표|자본총계|자산총계|재무상태표|재무제표|종속기업|최대주주|출자|타법인|특수관계|포괄손익계산서|현금흐름표|회계감사
00168331,온타이드,2021,20210504000389,20210504,[기재정정]사업보고서 (2020.12),0,0,
00168331,온타이드,2022,20220318001096,20220318,[기재정정]사업보고서 (2020.12),0,0,
00168331,온타이드,2022,20220318001089,20220318,[기재정정]사업보고서 (2019.12),0,0,
00168331,온타이드,2022,20220318001083,20220318,[기재정정]사업보고서 (2018.12),0,0,
00142865,WISCOM,2020,20200330002728,20200330,[기재정정]사업보고서 (2019.12),0,0,
00197759,미래산업,2020,20201223000687,20201223,[기재정정]사업보고서 (2019.12),0,0,
00197759,미래산업,2021,20210111000674,20210111,[기재정정]사업보고서 (2019.12),0,0,
00197759,미래산업,2022,20221006000468,20221006,[기재정정]사업보고서 (2021.12),1,29,감사용역|감사위원|감사의견|감사인|관계기업|내부회계관리제도|당기순이익|매출|부채총계|비감사용역|사외이사|소액주주|손익계산서|연결재무제표|영업이익|이사회|자본변동표|자본총계|자산총계|재무상태표|재무제표|종속기업|최대주주|출자|타법인|특수관계|포괄손익계산서|현금흐름표|회계감사
00152729,광전자,2024,20240315000438,20240315,[기재정정]사업보고서 (2023.12),1,29,감사용역|감사위원|감사의견|감사인|관계기업|내부회계관리제도|당기순이익|매출|부채총계|비감사용역|사외이사|소액주주|손익계산서|연결재무제표|영업이익|이사회|자본변동표|자본총계|자산총계|재무상태표|재무제표|종속기업|최대주주|출자|타법인|특수관계|포괄손익계산서|현금흐름표|회계감사
00157070,한국단자공업,2024,20240325000553,20240325,[기재정정]사업보고서 (2023.12),1,29,감사용역|감사위원|감사의견|감사인|관계기업|내부회계관리제도|당기순이익|매출|부채총계|비감사용역|사외이사|소액주주|손익계산서|연결재무제표|영업이익|이사회|자본변동표|자본총계|자산총계|재무상태표|재무제표|종속기업|최대주주|출자|타법인|특수관계|포괄손익계산서|현금흐름표|회계감사
00118275,디아이,2023,20230309000380,20230309,[기재정정]사업보고서 (2021.12),1,29,감사용역|감사위원|감사의견|감사인|관계기업|내부회계관리제도|당기순이익|매출|부채총계|비감사용역|사외이사|소액주주|손익계산서|연결재무제표|영업이익|이사회|자본변동표|자본총계|자산총계|재무상태표|재무제표|종속기업|최대주주|출자|타법인|특수관계|포괄손익계산서|현금흐름표|회계감사
00118275,디아이,2023,20230309000372,20230309,[기재정정]사업보고서 (2020.12),1,29,감사용역|감사위원|감사의견|감사인|관계기업|내부회계관리제도|당기순이익|매출|부채총계|비감사용역|사외이사|소액주주|손익계산서|연결재무제표|영업이익|이사회|자본변동표|자본총계|자산총계|재무상태표|재무제표|종속기업|최대주주|출자|타법인|특수관계|포괄손익계산서|현금흐름표|회계감사
00118275,디아이,2023,20230309000368,20230309,[기재정정]사업보고서 (2019.12),1,29,감사용역|감사위원|감사의견|감사인|관계기업|내부회계관리제도|당기순이익|매출|부채총계|비감사용역|사외이사|소액주주|손익계산서|연결재무제표|영업이익|이사회|자본변동표|자본총계|자산총계|재무상태표|재무제표|종속기업|최대주주|출자|타법인|특수관계|포괄손익계산서|현금흐름표|회계감사
00118275,디아이,2023,20230309000365,20230309,[기재정정]사업보고서 (2018.12),1,29,감사용역|감사위원|감사의견|감사인|관계기업|내부회계관리제도|당기순이익|매출|부채총계|비감사용역|사외이사|소액주주|손익계산서|연결재무제표|영업이익|이사회|자본변동표|자본총계|자산총계|재무상태표|재무제표|종속기업|최대주주|출자|타법인|특수관계|포괄손익계산서|현금흐름표|회계감사
00118275,디아이,2023,20230309000360,20230309,[기재정정]사업보고서 (2017.12),1,29,감사용역|감사위원|감사의견|감사인|관계기업|내부회계관리제도|당기순이익|매출|부채총계|비감사용역|사외이사|소액주주|손익계산서|연결재무제표|영업이익|이사회|자본변동표|자본총계|자산총계|재무상태표|재무제표|종속기업|최대주주|출자|타법인|특수관계|포괄손익계산서|현금흐름표|회계감사
00118275,디아이,2023,20230309000359,20230309,[기재정정]사업보고서 (2016.12),1,29,감사용역|감사위원|감사의견|감사인|관계기업|내부회계관리제도|당기순이익|매출|부채총계|비감사용역|사외이사|소액주주|손익계산서|연결재무제표|영업이익|이사회|자본변동표|자본총계|자산총계|재무상태표|재무제표|종속기업|최대주주|출자|타법인|특수관계|포괄손익계산서|현금흐름표|회계감사
00118275,디아이,2023,20230309000352,20230309,[기재정정]사업보고서 (2015.12),1,29,감사용역|감사위원|감사의견|감사인|관계기업|내부회계관리제도|당기순이익|매출|부채총계|비감사용역|사외이사|소액주주|손익계산서|연결재무제표|영업이익|이사회|자본변동표|자본총계|자산총계|재무상태표|재무제표|종속기업|최대주주|출자|타법인|특수관계|포괄손익계산서|현금흐름표|회계감사
00118275,디아이,2023,20230309000346,20230309,[기재정정]사업보고서 (2014.12),1,29,감사용역|감사위원|감사의견|감사인|관계기업|내부회계관리제도|당기순이익|매출|부채총계|비감사용역|사외이사|소액주주|손익계산서|연결재무제표|영업이익|이사회|자본변동표|자본총계|자산총계|재무상태표|재무제표|종속기업|최대주주|출자|타법인|특수관계|포괄손익계산서|현금흐름표|회계감사
00118275,디아이,2023,20230309000336,20230309,[기재정정]사업보고서 (2013.12),1,29,감사용역|감사위원|감사의견|감사인|관계기업|내부회계관리제도|당기순이익|매출|부채총계|비감사용역|사외이사|소액주주|손익계산서|연결재무제표|영업이익|이사회|자본변동표|자본총계|자산총계|재무상태표|재무제표|종속기업|최대주주|출자|타법인|특수관계|포괄손익계산서|현금흐름표|회계감사
00136271,신성이엔지,2018,20180713000462,20180713,[기재정정]사업보고서 (2017.12),0,0,
00136271,신성이엔지,2018,20180420000431,20180420,[기재정정]사업보고서 (2017.12),0,0,
00136271,신성이엔지,2021,20210621000284,20210621,[첨부정정]사업보고서 (2020.12),0,0,
00136271,신성이엔지,2021,20210621000279,20210621,[첨부정정]사업보고서 (2019.12),0,0,
00136271,신성이엔지,2021,20210621000273,20210621,[첨부정정]사업보고서 (2018.12),0,0,
00136271,신성이엔지,2021,20210621000264,20210621,[첨부정정]사업보고서 (2017.12),0,0,
00136271,신성이엔지,2021,20210621000259,20210621,[첨부정정]사업보고서 (2016.12),0,0,
00136271,신성이엔지,2021,20210322000367,20210322,[기재정정]사업보고서 (2020.12),0,0,
00136271,신성이엔지,2022,20220713000340,20220713,[기재정정]사업보고서 (2021.12),0,0,
00161125,한온시스템,2019,20190409002102,20190409,[기재정정]사업보고서 (2018.12),0,0,
00161125,한온시스템,2022,20220816000770,20220816,[기재정정]사업보고서 (2021.12),1,29,감사용역|감사위원|감사의견|감사인|관계기업|내부회계관리제도|당기순이익|매출|부채총계|비감사용역|사외이사|소액주주|손익계산서|연결재무제표|영업이익|이사회|자본변동표|자본총계|자산총계|재무상태표|재무제표|종속기업|최대주주|출자|타법인|특수관계|포괄손익계산서|현금흐름표|회계감사
00161125,한온시스템,2023,20230515000867,20230515,[기재정정]사업보고서 (2022.12),1,29,감사용역|감사위원|감사의견|감사인|관계기업|내부회계관리제도|당기순이익|매출|부채총계|비감사용역|사외이사|소액주주|손익계산서|연결재무제표|영업이익|이사회|자본변동표|자본총계|자산총계|재무상태표|재무제표|종속기업|최대주주|출자|타법인|특수관계|포괄손익계산서|현금흐름표|회계감사
00141404,블루산업개발,2021,20210323000566,20210323,[기재정정]사업보고서 (2020.12),0,0,
00141404,블루산업개발,2023,20230712000496,20230712,[기재정정]사업보고서 (2022.12),1,29,감사용역|감사위원|감사의견|감사인|관계기업|내부회계관리제도|당기순이익|매출|부채총계|비감사용역|사외이사|소액주주|손익계산서|연결재무제표|영업이익|이사회|자본변동표|자본총계|자산총계|재무상태표|재무제표|종속기업|최대주주|출자|타법인|특수관계|포괄손익계산서|현금흐름표|회계감사
00141404,블루산업개발,2023,20230712000488,20230712,[기재정정]사업보고서 (2022.12),1,29,감사용역|감사위원|감사의견|감사인|관계기업|내부회계관리제도|당기순이익|매출|부채총계|비감사용역|사외이사|소액주주|손익계산서|연결재무제표|영업이익|이사회|자본변동표|자본총계|자산총계|재무상태표|재무제표|종속기업|최대주주|출자|타법인|특수관계|포괄손익계산서|현금흐름표|회계감사
00141404,블루산업개발,2023,20230331004201,20230331,[기재정정]사업보고서 (2022.12),1,29,감사용역|감사위원|감사의견|감사인|관계기업|내부회계관리제도|당기순이익|매출|부채총계|비감사용역|사외이사|소액주주|손익계산서|연결재무제표|영업이익|이사회|자본변동표|자본총계|자산총계|재무상태표|재무제표|종속기업|최대주주|출자|타법인|특수관계|포괄손익계산서|현금흐름표|회계감사
00141404,블루산업개발,2024,20240321000051,20240321,[첨부정정]사업보고서 (2023.12),1,19,감사위원|감사의견|감사인|내부회계관리제도|당기순이익|매출|손익계산서|영업이익|이사회|자본변동표|자본총계|재무상태표|재무제표|종속기업|출자|특수관계|포괄손익계산서|현금흐름표|회계감사
00134316,세원정공,2018,20181018000325,20181018,[기재정정]사업보고서 (2018.06),0,0,
00134316,세원정공,2019,20191231000034,20191231,[기재정정]사업보고서 (2019.06),0,0,
00134316,세원정공,2023,20230228006867,20230302,[기재정정]사업보고서 (2022.06),1,29,감사용역|감사위원|감사의견|감사인|관계기업|내부회계관리제도|당기순이익|매출|부채총계|비감사용역|사외이사|소액주주|손익계산서|연결재무제표|영업이익|이사회|자본변동표|자본총계|자산총계|재무상태표|재무제표|종속기업|최대주주|출자|타법인|특수관계|포괄손익계산서|현금흐름표|회계감사
00134316,세원정공,2023,20230228006856,20230302,[기재정정]사업보고서 (2021.06),1,29,감사용역|감사위원|감사의견|감사인|관계기업|내부회계관리제도|당기순이익|매출|부채총계|비감사용역|사외이사|소액주주|손익계산서|연결재무제표|영업이익|이사회|자본변동표|자본총계|자산총계|재무상태표|재무제표|종속기업|최대주주|출자|타법인|특수관계|포괄손익계산서|현금흐름표|회계감사
00134316,세원정공,2023,20230228006838,20230228,[기재정정]사업보고서 (2020.06),1,29,감사용역|감사위원|감사의견|감사인|관계기업|내부회계관리제도|당기순이익|매출|부채총계|비감사용역|사외이사|소액주주|손익계산서|연결재무제표|영업이익|이사회|자본변동표|자본총계|자산총계|재무상태표|재무제표|종속기업|최대주주|출자|타법인|특수관계|포괄손익계산서|현금흐름표|회계감사
00134316,세원정공,2023,20230228006816,20230228,[기재정정]사업보고서 (2019.06),1,29,감사용역|감사위원|감사의견|감사인|관계기업|내부회계관리제도|당기순이익|매출|부채총계|비감사용역|사외이사|소액주주|손익계산서|연결재무제표|영업이익|이사회|자본변동표|자본총계|자산총계|재무상태표|재무제표|종속기업|최대주주|출자|타법인|특수관계|포괄손익계산서|현금흐름표|회계감사
00134316,세원정공,2023,20230228006791,20230228,[기재정정]사업보고서 (2018.06),1,29,감사용역|감사위원|감사의견|감사인|관계기업|내부회계관리제도|당기순이익|매출|부채총계|비감사용역|사외이사|소액주주|손익계산서|연결재무제표|영업이익|이사회|자본변동표|자본총계|자산총계|재무상태표|재무제표|종속기업|최대주주|출자|타법인|특수관계|포괄손익계산서|현금흐름표|회계감사
00134316,세원정공,2024,20241122000438,20241122,[기재정정]사업보고서 (2024.06),1,29,감사용역|감사위원|감사의견|감사인|관계기업|내부회계관리제도|당기순이익|매출|부채총계|비감사용역|사외이사|소액주주|손익계산서|연결재무제표|영업이익|이사회|자본변동표|자본총계|자산총계|재무상태표|재무제표|종속기업|최대주주|출자|타법인|특수관계|포괄손익계산서|현금흐름표|회계감사
00140131,키다리스튜디오,2019,20190418000517,20190418,[기재정정]사업보고서 (2018.12),0,0,
00140131,키다리스튜디오,2019,20190401005014,20190401,[기재정정]사업보고서 (2018.12),0,0,
00188089,한섬,2022,20220816002184,20220816,[기재정정]사업보고서 (2021.12),1,29,감사용역|감사위원|감사의견|감사인|관계기업|내부회계관리제도|당기순이익|매출|부채총계|비감사용역|사외이사|소액주주|손익계산서|연결재무제표|영업이익|이사회|자본변동표|자본총계|자산총계|재무상태표|재무제표|종속기업|최대주주|출자|타법인|특수관계|포괄손익계산서|현금흐름표|회계감사
00164724,현대엘리베이터,2018,20180814001528,20180814,[기재정정]사업보고서 (2017.12),0,0,
00102432,계룡건설산업,2019,20190401005146,20190401,[기재정정]사업보고서 (2018.12),0,0,
00102432,계룡건설산업,2021,20211025000143,20211025,[기재정정]사업보고서 (2020.12),0,0,
00131197,서원,2021,20210316000275,20210316,[기재정정]사업보고서 (2020.12),0,0,
00131197,서원,2023,20230309000649,20230309,[기재정정]사업보고서 (2021.12),1,29,감사용역|감사위원|감사의견|감사인|관계기업|내부회계관리제도|당기순이익|매출|부채총계|비감사용역|사외이사|소액주주|손익계산서|연결재무제표|영업이익|이사회|자본변동표|자본총계|자산총계|재무상태표|재무제표|종속기업|최대주주|출자|타법인|특수관계|포괄손익계산서|현금흐름표|회계감사
00135777,신대양제지,2023,20230905000316,20230905,[기재정정]사업보고서 (2022.12),1,29,감사용역|감사위원|감사의견|감사인|관계기업|내부회계관리제도|당기순이익|매출|부채총계|비감사용역|사외이사|소액주주|손익계산서|연결재무제표|영업이익|이사회|자본변동표|자본총계|자산총계|재무상태표|재무제표|종속기업|최대주주|출자|타법인|특수관계|포괄손익계산서|현금흐름표|회계감사
00135777,신대양제지,2023,20230217001599,20230217,[기재정정]사업보고서 (2018.12),1,29,감사용역|감사위원|감사의견|감사인|관계기업|내부회계관리제도|당기순이익|매출|부채총계|비감사용역|사외이사|소액주주|손익계산서|연결재무제표|영업이익|이사회|자본변동표|자본총계|자산총계|재무상태표|재무제표|종속기업|최대주주|출자|타법인|특수관계|포괄손익계산서|현금흐름표|회계감사
00135777,신대양제지,2023,20230217001593,20230217,[기재정정]사업보고서 (2017.12),1,29,감사용역|감사위원|감사의견|감사인|관계기업|내부회계관리제도|당기순이익|매출|부채총계|비감사용역|사외이사|소액주주|손익계산서|연결재무제표|영업이익|이사회|자본변동표|자본총계|자산총계|재무상태표|재무제표|종속기업|최대주주|출자|타법인|특수관계|포괄손익계산서|현금흐름표|회계감사
00135777,신대양제지,2023,20230217001583,20230217,[기재정정]사업보고서 (2016.12),1,29,감사용역|감사위원|감사의견|감사인|관계기업|내부회계관리제도|당기순이익|매출|부채총계|비감사용역|사외이사|소액주주|손익계산서|연결재무제표|영업이익|이사회|자본변동표|자본총계|자산총계|재무상태표|재무제표|종속기업|최대주주|출자|타법인|특수관계|포괄손익계산서|현금흐름표|회계감사
00144720,와이투솔루션,2019,20190613000369,20190613,[기재정정]사업보고서 (2018.12),0,0,
00118008,동원금속,2020,20200116000259,20200116,[기재정정]사업보고서 (2019.03),0,0,
00118008,동원금속,2021,20210706000358,20210706,[기재정정]사업보고서 (2021.03),0,0,
00132868,우성머티리얼스,2022,20220218001138,20220218,[기재정정]사업보고서 (2019.12),0,0,
00164645,HMM,2018,20180907000532,20180907,[기재정정]사업보고서 (2017.12),0,0,
00164645,HMM,2018,20180907000531,20180907,[기재정정]사업보고서 (2016.12),0,0,
00164645,HMM,2018,20180907000529,20180907,[기재정정]사업보고서 (2015.12),0,0,
00164645,HMM,2018,20180907000528,20180907,[기재정정]사업보고서 (2014.12),0,0,
00164645,HMM,2023,20230714000061,20230714,[기재정정]사업보고서 (2022.12),1,29,감사용역|감사위원|감사의견|감사인|관계기업|내부회계관리제도|당기순이익|매출|부채총계|비감사용역|사외이사|소액주주|손익계산서|연결재무제표|영업이익|이사회|자본변동표|자본총계|자산총계|재무상태표|재무제표|종속기업|최대주주|출자|타법인|특수관계|포괄손익계산서|현금흐름표|회계감사
00164645,HMM,2024,20240328001188,20240328,[기재정정]사업보고서 (2023.12),1,29,감사용역|감사위원|감사의견|감사인|관계기업|내부회계관리제도|당기순이익|매출|부채총계|비감사용역|사외이사|소액주주|손익계산서|연결재무제표|영업이익|이사회|자본변동표|자본총계|자산총계|재무상태표|재무제표|종속기업|최대주주|출자|타법인|특수관계|포괄손익계산서|현금흐름표|회계감사
00102113,경인양행,2021,20210331000615,20210331,[기재정정]사업보고서 (2020.12),0,0,
00102113,경인양행,2022,20220330000263,20220330,[기재정정]사업보고서 (2021.12),0,0,
00155355,풀무원,2021,20210616000380,20210616,[기재정정]사업보고서 (2020.12),0,0,
00130684,서울도시가스,2024,20240319000303,20240319,[기재정정]사업보고서 (2023.12),1,29,감사용역|감사위원|감사의견|감사인|관계기업|내부회계관리제도|당기순이익|매출|부채총계|비감사용역|사외이사|소액주주|손익계산서|연결재무제표|영업이익|이사회|자본변동표|자본총계|자산총계|재무상태표|재무제표|종속기업|최대주주|출자|타법인|특수관계|포괄손익계산서|현금흐름표|회계감사
00139764,에넥스,2024,20240321001860,20240321,[기재정정]사업보고서 (2023.12),1,29,감사용역|감사위원|감사의견|감사인|관계기업|내부회계관리제도|당기순이익|매출|부채총계|비감사용역|사외이사|소액주주|손익계산서|연결재무제표|영업이익|이사회|자본변동표|자본총계|자산총계|재무상태표|재무제표|종속기업|최대주주|출자|타법인|특수관계|포괄손익계산서|현금흐름표|회계감사
00152385,에이프로젠,2020,20201113000797,20201113,[기재정정]사업보고서 (2019.12),0,0,
00136776,차AI헬스케어,2018,20180814002959,20180814,[기재정정]사업보고서 (2017.12),0,0,
00136776,차AI헬스케어,2019,20191031000400,20191031,[기재정정]사업보고서 (2018.12),0,0,
00136776,차AI헬스케어,2019,20190814002215,20190814,[기재정정]사업보고서 (2018.12),0,0,
00136776,차AI헬스케어,2022,20220816002378,20220816,[기재정정]사업보고서 (2021.12),1,29,감사용역|감사위원|감사의견|감사인|관계기업|내부회계관리제도|당기순이익|매출|부채총계|비감사용역|사외이사|소액주주|손익계산서|연결재무제표|영업이익|이사회|자본변동표|자본총계|자산총계|재무상태표|재무제표|종속기업|최대주주|출자|타법인|특수관계|포괄손익계산서|현금흐름표|회계감사
00136776,차AI헬스케어,2022,20220331003404,20220331,[기재정정]사업보고서 (2021.12),0,0,
00159795,한국카본,2019,20190711000324,20190711,[기재정정]사업보고서 (2018.12),0,0,
00147860,에스엠벡셀,2021,20210819000375,20210820,[기재정정]사업보고서 (2020.12),0,0,
00147860,에스엠벡셀,2021,20210811000351,20210811,[기재정정]사업보고서 (2019.12),0,0,
00121570,문배철강,2018,20180611000284,20180611,[기재정정]사업보고서 (2017.12),0,0,
00121570,문배철강,2019,20190618000154,20190618,[기재정정]사업보고서 (2018.12),0,0,
00121570,문배철강,2021,20210312000680,20210312,[첨부정정]사업보고서 (2020.12),0,0,
00161116,HL D&I,2021,20210422000308,20210422,[기재정정]사업보고서 (2020.12),0,0,
00146542,일정실업,2018,20180330000900,20180330,[기재정정]사업보고서 (2017.12),0,0,
00146542,일정실업,2018,20180330000879,20180330,[기재정정]사업보고서 (2017.12),0,0,
00146542,일정실업,2021,20210506000464,20210506,[기재정정]사업보고서 (2020.12),0,0,
00146542,일정실업,2021,20210330000743,20210330,[기재정정]사업보고서 (2020.12),0,0,
00146542,일정실업,2024,20240321001893,20240321,[기재정정]사업보고서 (2021.12),1,29,감사용역|감사위원|감사의견|감사인|관계기업|내부회계관리제도|당기순이익|매출|부채총계|비감사용역|사외이사|소액주주|손익계산서|연결재무제표|영업이익|이사회|자본변동표|자본총계|자산총계|재무상태표|재무제표|종속기업|최대주주|출자|타법인|특수관계|포괄손익계산서|현금흐름표|회계감사
00146542,일정실업,2024,20240321001879,20240321,[기재정정]사업보고서 (2022.12),1,29,감사용역|감사위원|감사의견|감사인|관계기업|내부회계관리제도|당기순이익|매출|부채총계|비감사용역|사외이사|소액주주|손익계산서|연결재무제표|영업이익|이사회|자본변동표|자본총계|자산총계|재무상태표|재무제표|종속기업|최대주주|출자|타법인|특수관계|포괄손익계산서|현금흐름표|회계감사
00105855,엘에스일렉트릭,2019,20190401004824,20190401,[기재정정]사업보고서 (2018.12),0,0,
00105855,엘에스일렉트릭,2024,20240326000494,20240326,[기재정정]사업보고서 (2023.12),1,29,감사용역|감사위원|감사의견|감사인|관계기업|내부회계관리제도|당기순이익|매출|부채총계|비감사용역|사외이사|소액주주|손익계산서|연결재무제표|영업이익|이사회|자본변동표|자본총계|자산총계|재무상태표|재무제표|종속기업|최대주주|출자|타법인|특수관계|포괄손익계산서|현금흐름표|회계감사
00111111,대양금속,2018,20180615000370,20180615,[기재정정]사업보고서 (2017.12),0,0,
00111111,대양금속,2020,20200814001420,20200814,[기재정정]사업보고서 (2019.12),0,0,
00111111,대양금속,2021,20210323001091,20210323,[기재정정]사업보고서 (2020.12),0,0,
00111111,대양금속,2022,20220422000699,20220422,[기재정정]사업보고서 (2020.12),0,0,
00145686,이화산업,2021,20210326001259,20210326,[기재정정]사업보고서 (2020.12),0,0,
00145686,이화산업,2024,20240315000810,20240315,[기재정정]사업보고서 (2022.12),1,29,감사용역|감사위원|감사의견|감사인|관계기업|내부회계관리제도|당기순이익|매출|부채총계|비감사용역|사외이사|소액주주|손익계산서|연결재무제표|영업이익|이사회|자본변동표|자본총계|자산총계|재무상태표|재무제표|종속기업|최대주주|출자|타법인|특수관계|포괄손익계산서|현금흐름표|회계감사
00145686,이화산업,2024,20240315000770,20240315,[기재정정]사업보고서 (2021.12),1,29,감사용역|감사위원|감사의견|감사인|관계기업|내부회계관리제도|당기순이익|매출|부채총계|비감사용역|사외이사|소액주주|손익계산서|연결재무제표|영업이익|이사회|자본변동표|자본총계|자산총계|재무상태표|재무제표|종속기업|최대주주|출자|타법인|특수관계|포괄손익계산서|현금흐름표|회계감사
00145686,이화산업,2024,20240315000757,20240315,[기재정정]사업보고서 (2020.12),1,29,감사용역|감사위원|감사의견|감사인|관계기업|내부회계관리제도|당기순이익|매출|부채총계|비감사용역|사외이사|소액주주|손익계산서|연결재무제표|영업이익|이사회|자본변동표|자본총계|자산총계|재무상태표|재무제표|종속기업|최대주주|출자|타법인|특수관계|포괄손익계산서|현금흐름표|회계감사
00145686,이화산업,2024,20240314000617,20240314,[기재정정]사업보고서 (2019.12),1,29,감사용역|감사위원|감사의견|감사인|관계기업|내부회계관리제도|당기순이익|매출|부채총계|비감사용역|사외이사|소액주주|손익계산서|연결재무제표|영업이익|이사회|자본변동표|자본총계|자산총계|재무상태표|재무제표|종속기업|최대주주|출자|타법인|특수관계|포괄손익계산서|현금흐름표|회계감사
00132637,동원시스템즈,2022,20220510000724,20220510,[기재정정]사업보고서 (2021.12),0,0,
00132637,동원시스템즈,2022,20220324000294,20220324,[첨부정정]사업보고서 (2021.12),0,0,
00126478,삼성중공업,2024,20240315000850,20240315,[기재정정]사업보고서 (2023.12),1,29,감사용역|감사위원|감사의견|감사인|관계기업|내부회계관리제도|당기순이익|매출|부채총계|비감사용역|사외이사|소액주주|손익계산서|연결재무제표|영업이익|이사회|자본변동표|자본총계|자산총계|재무상태표|재무제표|종속기업|최대주주|출자|타법인|특수관계|포괄손익계산서|현금흐름표|회계감사
00151128,모토닉,2020,20200724000009,20200724,[기재정정]사업보고서 (2017.12),0,0,
00151128,모토닉,2020,20200724000008,20200724,[기재정정]사업보고서 (2016.12),0,0,
00151128,모토닉,2020,20200724000007,20200724,[기재정정]사업보고서 (2015.12),0,0,
00151128,모토닉,2020,20200724000006,20200724,[기재정정]사업보고서 (2014.12),0,0,
00151128,모토닉,2020,20200724000005,20200724,[기재정정]사업보고서 (2013.12),0,0,
00101488,경동나비엔,2021,20210419000238,20210419,[기재정정]사업보고서 (2020.12),0,0,
00101488,경동나비엔,2021,20210319000017,20210319,[첨부정정]사업보고서 (2020.12),0,0,
00101488,경동나비엔,2024,20240319000499,20240319,[기재정정]사업보고서 (2023.12),1,29,감사용역|감사위원|감사의견|감사인|관계기업|내부회계관리제도|당기순이익|매출|부채총계|비감사용역|사외이사|소액주주|손익계산서|연결재무제표|영업이익|이사회|자본변동표|자본총계|자산총계|재무상태표|재무제표|종속기업|최대주주|출자|타법인|특수관계|포괄손익계산서|현금흐름표|회계감사
00125150,SGC에너지,2018,20181105000418,20181106,[기재정정]사업보고서 (2017.12),0,0,
00125150,SGC에너지,2022,20220812000745,20220812,[기재정정]사업보고서 (2021.12),1,29,감사용역|감사위원|감사의견|감사인|관계기업|내부회계관리제도|당기순이익|매출|부채총계|비감사용역|사외이사|소액주주|손익계산서|연결재무제표|영업이익|이사회|자본변동표|자본총계|자산총계|재무상태표|재무제표|종속기업|최대주주|출자|타법인|특수관계|포괄손익계산서|현금흐름표|회계감사
00109754,대림바스,2021,20210318001112,20210318,[첨부정정]사업보고서 (2020.12),0,0,
00113535,대한해운,2020,20200318000678,20200318,[기재정정]사업보고서 (2018.12),0,0,
00111421,휴니드테크놀러지스,2019,20191016000377,20191016,[기재정정]사업보고서 (2018.12),0,0,
00111421,휴니드테크놀러지스,2019,20191016000372,20191016,[기재정정]사업보고서 (2017.12),0,0,
00135111,수산세보틱스,2018,20181016000110,20181016,[첨부정정]사업보고서 (2017.12),0,0,
00135111,수산세보틱스,2018,20180330002208,20180330,[기재정정]사업보고서 (2017.12),0,0,
00135111,수산세보틱스,2020,20200330003516,20200330,[기재정정]사업보고서 (2019.12),0,0,
00165413,롯데케미칼,2019,20190726000472,20190726,[기재정정]사업보고서 (2018.12),0,0,
00165413,롯데케미칼,2020,20200331002363,20200331,[기재정정]사업보고서 (2019.12),0,0,
00165413,롯데케미칼,2023,20230321001511,20230321,[기재정정]사업보고서 (2022.12),1,29,감사용역|감사위원|감사의견|감사인|관계기업|내부회계관리제도|당기순이익|매출|부채총계|비감사용역|사외이사|소액주주|손익계산서|연결재무제표|영업이익|이사회|자본변동표|자본총계|자산총계|재무상태표|재무제표|종속기업|최대주주|출자|타법인|특수관계|포괄손익계산서|현금흐름표|회계감사
00165413,롯데케미칼,2024,20240401004380,20240401,[기재정정]사업보고서 (2023.12),1,29,감사용역|감사위원|감사의견|감사인|관계기업|내부회계관리제도|당기순이익|매출|부채총계|비감사용역|사외이사|소액주주|손익계산서|연결재무제표|영업이익|이사회|자본변동표|자본총계|자산총계|재무상태표|재무제표|종속기업|최대주주|출자|타법인|특수관계|포괄손익계산서|현금흐름표|회계감사
00106669,세아베스틸지주,2019,20190401005181,20190401,[기재정정]사업보고서 (2018.12),0,0,
00165680,호텔신라,2022,20220310000632,20220310,[기재정정]사업보고서 (2021.12),0,0,
00166272,화승코퍼레이션,2022,20220328000684,20220328,[첨부정정]사업보고서 (2021.12),0,0,
00173795,신흥,2023,20230411002838,20230411,[기재정정]사업보고서 (2022.12),1,29,감사용역|감사위원|감사의견|감사인|관계기업|내부회계관리제도|당기순이익|매출|부채총계|비감사용역|사외이사|소액주주|손익계산서|연결재무제표|영업이익|이사회|자본변동표|자본총계|자산총계|재무상태표|재무제표|종속기업|최대주주|출자|타법인|특수관계|포괄손익계산서|현금흐름표|회계감사
00166227,화승인더스트리,2020,20200402002415,20200402,[기재정정]사업보고서 (2019.12),0,0,
00166227,화승인더스트리,2022,20220812000471,20220812,[기재정정]사업보고서 (2021.12),1,29,감사용역|감사위원|감사의견|감사인|관계기업|내부회계관리제도|당기순이익|매출|부채총계|비감사용역|사외이사|소액주주|손익계산서|연결재무제표|영업이익|이사회|자본변동표|자본총계|자산총계|재무상태표|재무제표|종속기업|최대주주|출자|타법인|특수관계|포괄손익계산서|현금흐름표|회계감사
00102751,고려산업,2024,20240318000158,20240318,[기재정정]사업보고서 (2023.12),1,29,감사용역|감사위원|감사의견|감사인|관계기업|내부회계관리제도|당기순이익|매출|부채총계|비감사용역|사외이사|소액주주|손익계산서|연결재무제표|영업이익|이사회|자본변동표|자본총계|자산총계|재무상태표|재무제표|종속기업|최대주주|출자|타법인|특수관계|포괄손익계산서|현금흐름표|회계감사
00113614,대현,2021,20210419000142,20210419,[기재정정]사업보고서 (2020.12),0,0,
00113614,대현,2024,20240329000905,20240329,[기재정정]사업보고서 (2023.12),1,29,감사용역|감사위원|감사의견|감사인|관계기업|내부회계관리제도|당기순이익|매출|부채총계|비감사용역|사외이사|소액주주|손익계산서|연결재무제표|영업이익|이사회|자본변동표|자본총계|자산총계|재무상태표|재무제표|종속기업|최대주주|출자|타법인|특수관계|포괄손익계산서|현금흐름표|회계감사
00103662,광명전기,2019,20190314000279,20190314,[기재정정]사업보고서 (2017.12),0,0,
00103662,광명전기,2019,20190314000275,20190314,[기재정정]사업보고서 (2016.12),0,0,
00103662,광명전기,2024,20241114000278,20241114,[기재정정]사업보고서 (2021.12),1,29,감사용역|감사위원|감사의견|감사인|관계기업|내부회계관리제도|당기순이익|매출|부채총계|비감사용역|사외이사|소액주주|손익계산서|연결재무제표|영업이익|이사회|자본변동표|자본총계|자산총계|재무상태표|재무제표|종속기업|최대주주|출자|타법인|특수관계|포괄손익계산서|현금흐름표|회계감사
00103662,광명전기,2024,20241114000271,20241114,[기재정정]사업보고서 (2020.12),1,29,감사용역|감사위원|감사의견|감사인|관계기업|내부회계관리제도|당기순이익|매출|부채총계|비감사용역|사외이사|소액주주|손익계산서|연결재무제표|영업이익|이사회|자본변동표|자본총계|자산총계|재무상태표|재무제표|종속기업|최대주주|출자|타법인|특수관계|포괄손익계산서|현금흐름표|회계감사
00103662,광명전기,2024,20241114000265,20241114,[기재정정]사업보고서 (2019.12),1,28,감사용역|감사위원|감사의견|감사인|관계기업|당기순이익|매출|부채총계|비감사용역|사외이사|소액주주|손익계산서|연결재무제표|영업이익|이사회|자본변동표|자본총계|자산총계|재무상태표|재무제표|종속기업|최대주주|출자|타법인|특수관계|포괄손익계산서|현금흐름표|회계감사
00103662,광명전기,2024,20241114000237,20241114,[기재정정]사업보고서 (2018.12),1,28,감사용역|감사위원|감사의견|감사인|관계기업|당기순이익|매출|부채총계|비감사용역|사외이사|소액주주|손익계산서|연결재무제표|영업이익|이사회|자본변동표|자본총계|자산총계|재무상태표|재무제표|종속기업|최대주주|출자|타법인|특수관계|포괄손익계산서|현금흐름표|회계감사
00103662,광명전기,2024,20241114000230,20241114,[기재정정]사업보고서 (2017.12),1,28,감사용역|감사위원|감사의견|감사인|관계기업|당기순이익|매출|부채총계|비감사용역|사외이사|소액주주|손익계산서|연결재무제표|영업이익|이사회|자본변동표|자본총계|자산총계|재무상태표|재무제표|종속기업|최대주주|출자|타법인|특수관계|포괄손익계산서|현금흐름표|회계감사
00103662,광명전기,2024,20241114000221,20241114,[기재정정]사업보고서 (2016.12),1,28,감사용역|감사위원|감사의견|감사인|관계기업|당기순이익|매출|부채총계|비감사용역|사외이사|소액주주|손익계산서|연결재무제표|영업이익|이사회|자본변동표|자본총계|자산총계|재무상태표|재무제표|종속기업|최대주주|출자|타법인|특수관계|포괄손익계산서|현금흐름표|회계감사
00103662,광명전기,2024,20241113000753,20241113,[기재정정]사업보고서 (2022.12),1,29,감사용역|감사위원|감사의견|감사인|관계기업|내부회계관리제도|당기순이익|매출|부채총계|비감사용역|사외이사|소액주주|손익계산서|연결재무제표|영업이익|이사회|자본변동표|자본총계|자산총계|재무상태표|재무제표|종속기업|최대주주|출자|타법인|특수관계|포괄손익계산서|현금흐름표|회계감사
00103662,광명전기,2024,20241113000752,20241113,[기재정정]사업보고서 (2023.12),1,29,감사용역|감사위원|감사의견|감사인|관계기업|내부회계관리제도|당기순이익|매출|부채총계|비감사용역|사외이사|소액주주|손익계산서|연결재무제표|영업이익|이사회|자본변동표|자본총계|자산총계|재무상태표|재무제표|종속기업|최대주주|출자|타법인|특수관계|포괄손익계산서|현금흐름표|회계감사
00138297,STX,2019,20190709000327,20190709,[기재정정]사업보고서 (2018.12),0,0,
00138297,STX,2022,20220331003200,20220331,[기재정정]사업보고서 (2021.12),0,0,
00102858,고려아연,2018,20180405000065,20180405,[기재정정]사업보고서 (2017.12),0,0,
00102858,고려아연,2024,20240328001400,20240328,[기재정정]사업보고서 (2023.12),1,29,감사용역|감사위원|감사의견|감사인|관계기업|내부회계관리제도|당기순이익|매출|부채총계|비감사용역|사외이사|소액주주|손익계산서|연결재무제표|영업이익|이사회|자본변동표|자본총계|자산총계|재무상태표|재무제표|종속기업|최대주주|출자|타법인|특수관계|포괄손익계산서|현금흐름표|회계감사
00168401,금비,2019,20191230000117,20191230,[기재정정]사업보고서 (2018.09),0,0,
00168401,금비,2021,20211222000233,20211222,[기재정정]사업보고서 (2021.09),0,0,
00143794,원림,2022,20220930000156,20220930,[기재정정]사업보고서 (2021.12),1,29,감사용역|감사위원|감사의견|감사인|관계기업|내부회계관리제도|당기순이익|매출|부채총계|비감사용역|사외이사|소액주주|손익계산서|연결재무제표|영업이익|이사회|자본변동표|자본총계|자산총계|재무상태표|재무제표|종속기업|최대주주|출자|타법인|특수관계|포괄손익계산서|현금흐름표|회계감사
00143794,원림,2024,20240326000661,20240326,[기재정정]사업보고서 (2023.12),1,29,감사용역|감사위원|감사의견|감사인|관계기업|내부회계관리제도|당기순이익|매출|부채총계|비감사용역|사외이사|소액주주|손익계산서|연결재무제표|영업이익|이사회|자본변동표|자본총계|자산총계|재무상태표|재무제표|종속기업|최대주주|출자|타법인|특수관계|포괄손익계산서|현금흐름표|회계감사
00169048,HLB글로벌,2018,20180830000974,20180830,[기재정정]사업보고서 (2017.12),0,0,
00169048,HLB글로벌,2018,20180830000951,20180830,[기재정정]사업보고서 (2016.12),0,0,
00169048,HLB글로벌,2020,20200515002473,20200515,[기재정정]사업보고서 (2019.12),0,0,
00111458,대영포장,2022,20220322000600,20220322,[기재정정]사업보고서 (2021.12),0,0,
00111458,대영포장,2022,20220322000531,20220322,[기재정정]사업보고서 (2021.12),0,0,
00137359,신풍제약,2018,20180611000428,20180611,[기재정정]사업보고서 (2017.12),0,0,
00137359,신풍제약,2020,20201016000315,20201016,[기재정정]사업보고서 (2019.12),0,0,
00137359,신풍제약,2020,20201016000310,20201016,[기재정정]사업보고서 (2018.12),0,0,
00137359,신풍제약,2020,20201016000303,20201016,[기재정정]사업보고서 (2017.12),0,0,
00137359,신풍제약,2023,20230712000270,20230712,[기재정정]사업보고서 (2022.12),1,29,감사용역|감사위원|감사의견|감사인|관계기업|내부회계관리제도|당기순이익|매출|부채총계|비감사용역|사외이사|소액주주|손익계산서|연결재무제표|영업이익|이사회|자본변동표|자본총계|자산총계|재무상태표|재무제표|종속기업|최대주주|출자|타법인|특수관계|포괄손익계산서|현금흐름표|회계감사
00137359,신풍제약,2023,20230502000039,20230502,[기재정정]사업보고서 (2022.12),1,29,감사용역|감사위원|감사의견|감사인|관계기업|내부회계관리제도|당기순이익|매출|부채총계|비감사용역|사외이사|소액주주|손익계산서|연결재무제표|영업이익|이사회|자본변동표|자본총계|자산총계|재무상태표|재무제표|종속기업|최대주주|출자|타법인|특수관계|포괄손익계산서|현금흐름표|회계감사
00137359,신풍제약,2023,20230502000023,20230502,[기재정정]사업보고서 (2022.12),1,29,감사용역|감사위원|감사의견|감사인|관계기업|내부회계관리제도|당기순이익|매출|부채총계|비감사용역|사외이사|소액주주|손익계산서|연결재무제표|영업이익|이사회|자본변동표|자본총계|자산총계|재무상태표|재무제표|종속기업|최대주주|출자|타법인|특수관계|포괄손익계산서|현금흐름표|회계감사
00137359,신풍제약,2023,20230502000020,20230502,[기재정정]사업보고서 (2021.12),1,29,감사용역|감사위원|감사의견|감사인|관계기업|내부회계관리제도|당기순이익|매출|부채총계|비감사용역|사외이사|소액주주|손익계산서|연결재무제표|영업이익|이사회|자본변동표|자본총계|자산총계|재무상태표|재무제표|종속기업|최대주주|출자|타법인|특수관계|포괄손익계산서|현금흐름표|회계감사
00137359,신풍제약,2023,20230502000018,20230502,[기재정정]사업보고서 (2020.12),1,29,감사용역|감사위원|감사의견|감사인|관계기업|내부회계관리제도|당기순이익|매출|부채총계|비감사용역|사외이사|소액주주|손익계산서|연결재무제표|영업이익|이사회|자본변동표|자본총계|자산총계|재무상태표|재무제표|종속기업|최대주주|출자|타법인|특수관계|포괄손익계산서|현금흐름표|회계감사
00137359,신풍제약,2023,20230502000016,20230502,[기재정정]사업보고서 (2019.12),1,29,감사용역|감사위원|감사의견|감사인|관계기업|내부회계관리제도|당기순이익|매출|부채총계|비감사용역|사외이사|소액주주|손익계산서|연결재무제표|영업이익|이사회|자본변동표|자본총계|자산총계|재무상태표|재무제표|종속기업|최대주주|출자|타법인|특수관계|포괄손익계산서|현금흐름표|회계감사
00137359,신풍제약,2023,20230502000014,20230502,[기재정정]사업보고서 (2018.12),1,29,감사용역|감사위원|감사의견|감사인|관계기업|내부회계관리제도|당기순이익|매출|부채총계|비감사용역|사외이사|소액주주|손익계산서|연결재무제표|영업이익|이사회|자본변동표|자본총계|자산총계|재무상태표|재무제표|종속기업|최대주주|출자|타법인|특수관계|포괄손익계산서|현금흐름표|회계감사
00137359,신풍제약,2023,20230502000010,20230502,[기재정정]사업보고서 (2017.12),1,29,감사용역|감사위원|감사의견|감사인|관계기업|내부회계관리제도|당기순이익|매출|부채총계|비감사용역|사외이사|소액주주|손익계산서|연결재무제표|영업이익|이사회|자본변동표|자본총계|자산총계|재무상태표|재무제표|종속기업|최대주주|출자|타법인|특수관계|포괄손익계산서|현금흐름표|회계감사
00137359,신풍제약,2023,20230502000006,20230502,[기재정정]사업보고서 (2016.12),1,29,감사용역|감사위원|감사의견|감사인|관계기업|내부회계관리제도|당기순이익|매출|부채총계|비감사용역|사외이사|소액주주|손익계산서|연결재무제표|영업이익|이사회|자본변동표|자본총계|자산총계|재무상태표|재무제표|종속기업|최대주주|출자|타법인|특수관계|포괄손익계산서|현금흐름표|회계감사
00137359,신풍제약,2023,20230502000004,20230502,[기재정정]사업보고서 (2015.12),1,29,감사용역|감사위원|감사의견|감사인|관계기업|내부회계관리제도|당기순이익|매출|부채총계|비감사용역|사외이사|소액주주|손익계산서|연결재무제표|영업이익|이사회|자본변동표|자본총계|자산총계|재무상태표|재무제표|종속기업|최대주주|출자|타법인|특수관계|포괄손익계산서|현금흐름표|회계감사
00137359,신풍제약,2024,20240322000888,20240322,[기재정정]사업보고서 (2023.12),1,29,감사용역|감사위원|감사의견|감사인|관계기업|내부회계관리제도|당기순이익|매출|부채총계|비감사용역|사외이사|소액주주|손익계산서|연결재무제표|영업이익|이사회|자본변동표|자본총계|자산총계|재무상태표|재무제표|종속기업|최대주주|출자|타법인|특수관계|포괄손익계산서|현금흐름표|회계감사
00116268,동성제약,2019,20190710000329,20190710,[기재정정]사업보고서 (2018.12),0,0,
00116268,동성제약,2022,20220328000201,20220328,[기재정정]사업보고서 (2021.12),0,0,
00116268,동성제약,2022,20220318001102,20220318,[기재정정]사업보고서 (2021.12),0,0,
00116268,동성제약,2023,20230331003352,20230331,[기재정정]사업보고서 (2022.12),1,29,감사용역|감사위원|감사의견|감사인|관계기업|내부회계관리제도|당기순이익|매출|부채총계|비감사용역|사외이사|소액주주|손익계산서|연결재무제표|영업이익|이사회|자본변동표|자본총계|자산총계|재무상태표|재무제표|종속기업|최대주주|출자|타법인|특수관계|포괄손익계산서|현금흐름표|회계감사
00145437,아센디오,2018,20180411002424,20180411,[기재정정]사업보고서 (2017.12),0,0,
00145437,아센디오,2018,20180402004680,20180402,[첨부정정]사업보고서 (2017.12),0,0,
00145437,아센디오,2021,20210416000602,20210416,[기재정정]사업보고서 (2020.12),0,0,
00145437,아센디오,2021,20210203000514,20210203,[기재정정]사업보고서 (2019.12),0,0,
00145437,아센디오,2022,20220816002550,20220816,[기재정정]사업보고서 (2021.12),1,29,감사용역|감사위원|감사의견|감사인|관계기업|내부회계관리제도|당기순이익|매출|부채총계|비감사용역|사외이사|소액주주|손익계산서|연결재무제표|영업이익|이사회|자본변동표|자본총계|자산총계|재무상태표|재무제표|종속기업|최대주주|출자|타법인|특수관계|포괄손익계산서|현금흐름표|회계감사
00145437,아센디오,2024,20240801000257,20240801,[기재정정]사업보고서 (2023.12),1,29,감사용역|감사위원|감사의견|감사인|관계기업|내부회계관리제도|당기순이익|매출|부채총계|비감사용역|사외이사|소액주주|손익계산서|연결재무제표|영업이익|이사회|자본변동표|자본총계|자산총계|재무상태표|재무제표|종속기업|최대주주|출자|타법인|특수관계|포괄손익계산서|현금흐름표|회계감사
00145437,아센디오,2024,20240731000745,20240731,[기재정정]사업보고서 (2023.12),1,29,감사용역|감사위원|감사의견|감사인|관계기업|내부회계관리제도|당기순이익|매출|부채총계|비감사용역|사외이사|소액주주|손익계산서|연결재무제표|영업이익|이사회|자본변동표|자본총계|자산총계|재무상태표|재무제표|종속기업|최대주주|출자|타법인|특수관계|포괄손익계산서|현금흐름표|회계감사
00162586,한올바이오파마,2022,20220816001546,20220816,[기재정정]사업보고서 (2021.12),1,29,감사용역|감사위원|감사의견|감사인|관계기업|내부회계관리제도|당기순이익|매출|부채총계|비감사용역|사외이사|소액주주|손익계산서|연결재무제표|영업이익|이사회|자본변동표|자본총계|자산총계|재무상태표|재무제표|종속기업|최대주주|출자|타법인|특수관계|포괄손익계산서|현금흐름표|회계감사
00137207,유니켐,2020,20200514000338,20200514,[기재정정]사업보고서 (2019.12),0,0,
00137207,유니켐,2023,20230329000065,20230329,[기재정정]사업보고서 (2022.12),1,29,감사용역|감사위원|감사의견|감사인|관계기업|내부회계관리제도|당기순이익|매출|부채총계|비감사용역|사외이사|소액주주|손익계산서|연결재무제표|영업이익|이사회|자본변동표|자본총계|자산총계|재무상태표|재무제표|종속기업|최대주주|출자|타법인|특수관계|포괄손익계산서|현금흐름표|회계감사
00112651,대창,2019,20190625000399,20190625,[기재정정]사업보고서 (2018.12),0,0,
00129420,까뮤이앤씨,2018,20181204000264,20181204,[기재정정]사업보고서 (2017.12),0,0,
00129420,까뮤이앤씨,2018,20181204000257,20181204,[기재정정]사업보고서 (2016.12),0,0,
00129420,까뮤이앤씨,2018,20181204000247,20181204,[기재정정]사업보고서 (2015.12),0,0,
00129420,까뮤이앤씨,2022,20220711000510,20220711,[기재정정]사업보고서 (2021.12),0,0,
00131939,선도전기,2021,20210326000766,20210326,[기재정정]사업보고서 (2020.12),0,0,
00131939,선도전기,2021,20210322000757,20210322,[기재정정]사업보고서 (2020.12),0,0,
00131939,선도전기,2023,20231229000030,20231229,[기재정정]사업보고서 (2021.12),1,29,감사용역|감사위원|감사의견|감사인|관계기업|내부회계관리제도|당기순이익|매출|부채총계|비감사용역|사외이사|소액주주|손익계산서|연결재무제표|영업이익|이사회|자본변동표|자본총계|자산총계|재무상태표|재무제표|종속기업|최대주주|출자|타법인|특수관계|포괄손익계산서|현금흐름표|회계감사
00131939,선도전기,2023,20230327000475,20230327,[기재정정]사업보고서 (2022.12),1,29,감사용역|감사위원|감사의견|감사인|관계기업|내부회계관리제도|당기순이익|매출|부채총계|비감사용역|사외이사|소액주주|손익계산서|연결재무제표|영업이익|이사회|자본변동표|자본총계|자산총계|재무상태표|재무제표|종속기업|최대주주|출자|타법인|특수관계|포괄손익계산서|현금흐름표|회계감사
00131939,선도전기,2024,20240502000551,20240502,[기재정정]사업보고서 (2023.12),1,29,감사용역|감사위원|감사의견|감사인|관계기업|내부회계관리제도|당기순이익|매출|부채총계|비감사용역|사외이사|소액주주|손익계산서|연결재무제표|영업이익|이사회|자본변동표|자본총계|자산총계|재무상태표|재무제표|종속기업|최대주주|출자|타법인|특수관계|포괄손익계산서|현금흐름표|회계감사
00131939,선도전기,2024,20240502000538,20240502,[기재정정]사업보고서 (2022.12),1,29,감사용역|감사위원|감사의견|감사인|관계기업|내부회계관리제도|당기순이익|매출|부채총계|비감사용역|사외이사|소액주주|손익계산서|연결재무제표|영업이익|이사회|자본변동표|자본총계|자산총계|재무상태표|재무제표|종속기업|최대주주|출자|타법인|특수관계|포괄손익계산서|현금흐름표|회계감사
00127158,씨아이테크,2021,20210517001174,20210517,[기재정정]사업보고서 (2020.12),0,0,
00127158,씨아이테크,2024,20240402003607,20240402,[첨부정정]사업보고서 (2023.12),1,23,감사위원|감사의견|감사인|관계기업|내부회계관리제도|당기순이익|매출|부채총계|손익계산서|연결재무제표|영업이익|이사회|자본변동표|자본총계|자산총계|재무상태표|재무제표|종속기업|최대주주|특수관계|포괄손익계산서|현금흐름표|회계감사
00103592,광동제약,2021,20210405002921,20210405,[기재정정]사업보고서 (2020.12),0,0,
00103592,광동제약,2021,20210405002873,20210405,[기재정정]사업보고서 (2020.12),0,0,
00103592,광동제약,2023,20230321001353,20230321,[기재정정]사업보고서 (2022.12),1,29,감사용역|감사위원|감사의견|감사인|관계기업|내부회계관리제도|당기순이익|매출|부채총계|비감사용역|사외이사|소액주주|손익계산서|연결재무제표|영업이익|이사회|자본변동표|자본총계|자산총계|재무상태표|재무제표|종속기업|최대주주|출자|타법인|특수관계|포괄손익계산서|현금흐름표|회계감사
00103592,광동제약,2024,20240322001015,20240322,[기재정정]사업보고서 (2023.12),1,29,감사용역|감사위원|감사의견|감사인|관계기업|내부회계관리제도|당기순이익|매출|부채총계|비감사용역|사외이사|소액주주|손익계산서|연결재무제표|영업이익|이사회|자본변동표|자본총계|자산총계|재무상태표|재무제표|종속기업|최대주주|출자|타법인|특수관계|포괄손익계산서|현금흐름표|회계감사
00129554,갤럭시아에스엠,2020,20200331002273,20200331,[기재정정]사업보고서 (2019.12),0,0,
00129554,갤럭시아에스엠,2020,20200331001799,20200331,[기재정정]사업보고서 (2019.12),0,0,
00129554,갤럭시아에스엠,2022,20220323000490,20220323,[기재정정]사업보고서 (2021.12),0,0,
00159740,KISCO홀딩스,2019,20190418000391,20190418,[기재정정]사업보고서 (2018.12),0,0,
00159740,KISCO홀딩스,2021,20210326000432,20210326,[기재정정]사업보고서 (2020.12),0,0,
00159740,KISCO홀딩스,2023,20230324001226,20230324,[기재정정]사업보고서 (2022.12),1,29,감사용역|감사위원|감사의견|감사인|관계기업|내부회계관리제도|당기순이익|매출|부채총계|비감사용역|사외이사|소액주주|손익계산서|연결재무제표|영업이익|이사회|자본변동표|자본총계|자산총계|재무상태표|재무제표|종속기업|최대주주|출자|타법인|특수관계|포괄손익계산서|현금흐름표|회계감사
00153861,태영건설,2018,20180612000123,20180612,[기재정정]사업보고서 (2017.12),0,0,
00153861,태영건설,2023,20230317000233,20230317,[기재정정]사업보고서 (2022.12),1,29,감사용역|감사위원|감사의견|감사인|관계기업|내부회계관리제도|당기순이익|매출|부채총계|비감사용역|사외이사|소액주주|손익계산서|연결재무제표|영업이익|이사회|자본변동표|자본총계|자산총계|재무상태표|재무제표|종속기업|최대주주|출자|타법인|특수관계|포괄손익계산서|현금흐름표|회계감사
00153861,태영건설,2024,20240927000935,20240927,[기재정정]사업보고서 (2023.12),1,29,감사용역|감사위원|감사의견|감사인|관계기업|내부회계관리제도|당기순이익|매출|부채총계|비감사용역|사외이사|소액주주|손익계산서|연결재무제표|영업이익|이사회|자본변동표|자본총계|자산총계|재무상태표|재무제표|종속기업|최대주주|출자|타법인|특수관계|포괄손익계산서|현금흐름표|회계감사
00124090,한국특강,2018,20180612000377,20180612,[기재정정]사업보고서 (2017.12),0,0,
00124090,한국특강,2021,20210818000238,20210818,[기재정정]사업보고서 (2020.12),0,0,
00124090,한국특강,2021,20210817001859,20210817,[기재정정]사업보고서 (2020.12),0,0,
00124090,한국특강,2024,20240318000532,20240318,[기재정정]사업보고서 (2022.12),1,28,감사용역|감사위원|감사의견|감사인|관계기업|내부회계관리제도|당기순이익|매출|부채총계|비감사용역|사외이사|소액주주|손익계산서|연결재무제표|영업이익|이사회|자본변동표|자본총계|자산총계|재무상태표|재무제표|최대주주|출자|타법인|특수관계|포괄손익계산서|현금흐름표|회계감사
00140946,한솔로지스틱스,2018,20180615000182,20180615,[기재정정]사업보고서 (2017.12),0,0,
00140946,한솔로지스틱스,2018,20180604000280,20180604,[기재정정]사업보고서 (2017.12),0,0,
00127042,SYTS,2020,20200401002788,20200401,[기재정정]사업보고서 (2019.12),0,0,
00127042,SYTS,2022,20220331003424,20220331,[기재정정]사업보고서 (2021.12),0,0,
00159023,SK텔레콤,2022,20220812000185,20220812,[기재정정]사업보고서 (2021.12),1,29,감사용역|감사위원|감사의견|감사인|관계기업|내부회계관리제도|당기순이익|매출|부채총계|비감사용역|사외이사|소액주주|손익계산서|연결재무제표|영업이익|이사회|자본변동표|자본총계|자산총계|재무상태표|재무제표|종속기업|최대주주|출자|타법인|특수관계|포괄손익계산서|현금흐름표|회계감사
00160375,진양폴리우레탄,2022,20220729000335,20220729,[기재정정]사업보고서 (2021.12),0,0,
00122056,미창석유공업,2018,20180329000108,20180329,[기재정정]사업보고서 (2017.12),0,0,
00127802,삼익THK,2019,20190626000068,20190626,[기재정정]사업보고서 (2018.12),0,0,
00127802,삼익THK,2022,20220329000395,20220329,[기재정정]사업보고서 (2021.12),0,0,
00121932,미원상사,2020,20200401003109,20200401,[기재정정]사업보고서 (2019.12),0,0,
00121932,미원상사,2021,20210419000194,20210419,[기재정정]사업보고서 (2020.12),0,0,
00121932,미원상사,2022,20220728000426,20220728,[기재정정]사업보고서 (2021.12),0,0,
00134176,세우글로벌,2021,20210910000001,20210910,[기재정정]사업보고서 (2020.12),0,0,
00134176,세우글로벌,2022,20220728000414,20220728,[기재정정]사업보고서 (2021.12),0,0,
00134176,세우글로벌,2023,20230724000235,20230724,[기재정정]사업보고서 (2022.12),1,29,감사용역|감사위원|감사의견|감사인|관계기업|내부회계관리제도|당기순이익|매출|부채총계|비감사용역|사외이사|소액주주|손익계산서|연결재무제표|영업이익|이사회|자본변동표|자본총계|자산총계|재무상태표|재무제표|종속기업|최대주주|출자|타법인|특수관계|포괄손익계산서|현금흐름표|회계감사
00134176,세우글로벌,2023,20230323000056,20230323,[기재정정]사업보고서 (2022.12),1,29,감사용역|감사위원|감사의견|감사인|관계기업|내부회계관리제도|당기순이익|매출|부채총계|비감사용역|사외이사|소액주주|손익계산서|연결재무제표|영업이익|이사회|자본변동표|자본총계|자산총계|재무상태표|재무제표|종속기업|최대주주|출자|타법인|특수관계|포괄손익계산서|현금흐름표|회계감사
00164788,현대모비스,2019,20190401004867,20190401,[첨부정정]사업보고서 (2018.12),0,0,
00164788,현대모비스,2021,20210326001090,20210326,[기재정정]사업보고서 (2020.12),0,0,
00164788,현대모비스,2022,20221005000463,20221005,[기재정정]사업보고서 (2021.12),1,29,감사용역|감사위원|감사의견|감사인|관계기업|내부회계관리제도|당기순이익|매출|부채총계|비감사용역|사외이사|소액주주|손익계산서|연결재무제표|영업이익|이사회|자본변동표|자본총계|자산총계|재무상태표|재무제표|종속기업|최대주주|출자|타법인|특수관계|포괄손익계산서|현금흐름표|회계감사
00164788,현대모비스,2023,20230321001162,20230321,[기재정정]사업보고서 (2022.12),1,29,감사용역|감사위원|감사의견|감사인|관계기업|내부회계관리제도|당기순이익|매출|부채총계|비감사용역|사외이사|소액주주|손익계산서|연결재무제표|영업이익|이사회|자본변동표|자본총계|자산총계|재무상태표|재무제표|종속기업|최대주주|출자|타법인|특수관계|포괄손익계산서|현금흐름표|회계감사
00164788,현대모비스,2024,20240319000626,20240319,[기재정정]사업보고서 (2023.12),1,29,감사용역|감사위원|감사의견|감사인|관계기업|내부회계관리제도|당기순이익|매출|부채총계|비감사용역|사외이사|소액주주|손익계산서|연결재무제표|영업이익|이사회|자본변동표|자본총계|자산총계|재무상태표|재무제표|종속기업|최대주주|출자|타법인|특수관계|포괄손익계산서|현금흐름표|회계감사
00101220,KG케미칼,2020,20200217000717,20200217,[기재정정]사업보고서 (2016.12),0,0,
00111689,아진전자부품,2021,20210325000667,20210325,[기재정정]사업보고서 (2020.12),0,0,
00159193,한국전력공사,2020,20200402000541,20200402,[기재정정]사업보고서 (2019.12),0,0,
00159193,한국전력공사,2021,20210514000023,20210514,[기재정정]사업보고서 (2020.12),0,0,
00159193,한국전력공사,2022,20220516001505,20220516,[기재정정]사업보고서 (2021.12),0,0,
00159193,한국전력공사,2023,20230525000309,20230525,[기재정정]사업보고서 (2022.12),1,29,감사용역|감사위원|감사의견|감사인|관계기업|내부회계관리제도|당기순이익|매출|부채총계|비감사용역|사외이사|소액주주|손익계산서|연결재무제표|영업이익|이사회|자본변동표|자본총계|자산총계|재무상태표|재무제표|종속기업|최대주주|출자|타법인|특수관계|포괄손익계산서|현금흐름표|회계감사
00159193,한국전력공사,2023,20230410003765,20230410,[기재정정]사업보고서 (2022.12),1,29,감사용역|감사위원|감사의견|감사인|관계기업|내부회계관리제도|당기순이익|매출|부채총계|비감사용역|사외이사|소액주주|손익계산서|연결재무제표|영업이익|이사회|자본변동표|자본총계|자산총계|재무상태표|재무제표|종속기업|최대주주|출자|타법인|특수관계|포괄손익계산서|현금흐름표|회계감사
00159193,한국전력공사,2024,20240329002856,20240329,[기재정정]사업보고서 (2023.12),1,29,감사용역|감사위원|감사의견|감사인|관계기업|내부회계관리제도|당기순이익|매출|부채총계|비감사용역|사외이사|소액주주|손익계산서|연결재무제표|영업이익|이사회|자본변동표|자본총계|자산총계|재무상태표|재무제표|종속기업|최대주주|출자|타법인|특수관계|포괄손익계산서|현금흐름표|회계감사
00104388,국도화학,2021,20210312000286,20210312,[기재정정]사업보고서 (2020.12),0,0,
00104388,국도화학,2021,20210312000285,20210312,[기재정정]사업보고서 (2020.12),0,0,
00129679,녹십자,2018,20180618000195,20180618,[기재정정]사업보고서 (2017.12),0,0,
00129679,녹십자,2021,20210428000731,20210428,[기재정정]사업보고서 (2020.12),0,0,
00129679,녹십자,2021,20210324000032,20210324,[기재정정]사업보고서 (2020.12),0,0,
00104999,윌비스,2022,20221226000298,20221226,[기재정정]사업보고서 (2021.12),1,29,감사용역|감사위원|감사의견|감사인|관계기업|내부회계관리제도|당기순이익|매출|부채총계|비감사용역|사외이사|소액주주|손익계산서|연결재무제표|영업이익|이사회|자본변동표|자본총계|자산총계|재무상태표|재무제표|종속기업|최대주주|출자|타법인|특수관계|포괄손익계산서|현금흐름표|회계감사
00104999,윌비스,2022,20220331001744,20220331,[기재정정]사업보고서 (2021.12),0,0,
00112679,대창단조,2022,20220930000113,20220930,[기재정정]사업보고서 (2021.12),1,29,감사용역|감사위원|감사의견|감사인|관계기업|내부회계관리제도|당기순이익|매출|부채총계|비감사용역|사외이사|소액주주|손익계산서|연결재무제표|영업이익|이사회|자본변동표|자본총계|자산총계|재무상태표|재무제표|종속기업|최대주주|출자|타법인|특수관계|포괄손익계산서|현금흐름표|회계감사
00129509,한익스프레스,2023,20230711000198,20230711,[기재정정]사업보고서 (2022.12),1,29,감사용역|감사위원|감사의견|감사인|관계기업|내부회계관리제도|당기순이익|매출|부채총계|비감사용역|사외이사|소액주주|손익계산서|연결재무제표|영업이익|이사회|자본변동표|자본총계|자산총계|재무상태표|재무제표|종속기업|최대주주|출자|타법인|특수관계|포괄손익계산서|현금흐름표|회계감사
00129509,한익스프레스,2024,20240416000412,20240416,[기재정정]사업보고서 (2023.12),1,29,감사용역|감사위원|감사의견|감사인|관계기업|내부회계관리제도|당기순이익|매출|부채총계|비감사용역|사외이사|소액주주|손익계산서|연결재무제표|영업이익|이사회|자본변동표|자본총계|자산총계|재무상태표|재무제표|종속기업|최대주주|출자|타법인|특수관계|포괄손익계산서|현금흐름표|회계감사
00106881,인디에프,2021,20210419000150,20210419,[기재정정]사업보고서 (2020.12),0,0,
00122348,방림,2018,20181228000854,20181231,[기재정정]사업보고서 (2018.09),0,0,
00122348,방림,2019,20191216000262,20191216,[기재정정]사업보고서 (2018.09),0,0,
00122348,방림,2022,20221230000430,20221230,[기재정정]사업보고서 (2022.09),1,29,감사용역|감사위원|감사의견|감사인|관계기업|내부회계관리제도|당기순이익|매출|부채총계|비감사용역|사외이사|소액주주|손익계산서|연결재무제표|영업이익|이사회|자본변동표|자본총계|자산총계|재무상태표|재무제표|종속기업|최대주주|출자|타법인|특수관계|포괄손익계산서|현금흐름표|회계감사
00108746,DKME,2023,20230317000466,20230317,[기재정정]사업보고서 (2022.12),1,29,감사용역|감사위원|감사의견|감사인|관계기업|내부회계관리제도|당기순이익|매출|부채총계|비감사용역|사외이사|소액주주|손익계산서|연결재무제표|영업이익|이사회|자본변동표|자본총계|자산총계|재무상태표|재무제표|종속기업|최대주주|출자|타법인|특수관계|포괄손익계산서|현금흐름표|회계감사
00108746,DKME,2024,20240322000337,20240322,[기재정정]사업보고서 (2023.12),1,29,감사용역|감사위원|감사의견|감사인|관계기업|내부회계관리제도|당기순이익|매출|부채총계|비감사용역|사외이사|소액주주|손익계산서|연결재무제표|영업이익|이사회|자본변동표|자본총계|자산총계|재무상태표|재무제표|종속기업|최대주주|출자|타법인|특수관계|포괄손익계산서|현금흐름표|회계감사
00140955,한솔케미칼,2020,20200331002450,20200331,[기재정정]사업보고서 (2019.12),0,0,
00140955,한솔케미칼,2021,20210317000005,20210317,[첨부정정]사업보고서 (2020.12),0,0,
00148522,퍼스텍,2018,20180412001800,20180412,[기재정정]사업보고서 (2017.12),0,0,
00161860,한성기업,2021,20210322000152,20210322,[기재정정]사업보고서 (2020.12),0,0,
00153524,태림포장,2019,20190823000331,20190823,[기재정정]사업보고서 (2018.12),0,0,
00137809,SHD,2020,20200131000232,20200131,[기재정정]사업보고서 (2018.12),0,0,
00149239,조일알미늄,2022,20220318000042,20220318,[기재정정]사업보고서 (2021.12),0,0,
00125521,에스엘,2019,20191028000318,20191028,[기재정정]사업보고서 (2018.12),0,0,
00125521,에스엘,2019,20191025000524,20191025,[기재정정]사업보고서 (2018.12),0,0,
00125521,에스엘,2019,20190419000540,20190419,[첨부정정]사업보고서 (2012.12),0,0,
00125521,에스엘,2019,20190419000539,20190419,[첨부정정]사업보고서 (2011.12),0,0,
00125521,에스엘,2019,20190419000519,20190419,[기재정정]사업보고서 (2017.12),0,0,
00125521,에스엘,2019,20190419000516,20190419,[기재정정]사업보고서 (2016.12),0,0,
00125521,에스엘,2019,20190419000509,20190419,[기재정정]사업보고서 (2015.12),0,0,
00125521,에스엘,2019,20190419000508,20190419,[기재정정]사업보고서 (2014.12),0,0,
00125521,에스엘,2019,20190419000500,20190419,[기재정정]사업보고서 (2013.12),0,0,
00125521,에스엘,2019,20190419000478,20190419,[기재정정]사업보고서 (2012.12),0,0,
00125521,에스엘,2019,20190419000471,20190419,[기재정정]사업보고서 (2011.12),0,0,
00125521,에스엘,2019,20190402002097,20190402,[기재정정]사업보고서 (2018.12),0,0,
00125521,에스엘,2020,20200625000452,20200625,[기재정정]사업보고서 (2018.12),0,0,
00125521,에스엘,2020,20200625000445,20200625,[기재정정]사업보고서 (2017.12),0,0,
00125521,에스엘,2020,20200625000434,20200625,[기재정정]사업보고서 (2016.12),0,0,
00125521,에스엘,2022,20220930000533,20220930,[기재정정]사업보고서 (2021.12),1,29,감사용역|감사위원|감사의견|감사인|관계기업|내부회계관리제도|당기순이익|매출|부채총계|비감사용역|사외이사|소액주주|손익계산서|연결재무제표|영업이익|이사회|자본변동표|자본총계|자산총계|재무상태표|재무제표|종속기업|최대주주|출자|타법인|특수관계|포괄손익계산서|현금흐름표|회계감사
00172291,더존비즈온,2021,20210706000401,20210706,[기재정정]사업보고서 (2020.12),0,0,
00172291,더존비즈온,2021,20210330000322,20210330,[기재정정]사업보고서 (2020.12),0,0,
00172291,더존비즈온,2022,20220330001628,20220330,[기재정정]사업보고서 (2021.12),0,0,
00123143,보령,2018,20180625000315,20180625,[기재정정]사업보고서 (2017.12),0,0,
00123143,보령,2018,20180403000298,20180403,[기재정정]사업보고서 (2017.12),0,0,
00173102,모나리자,2018,20180402005277,20180402,[기재정정]사업보고서 (2017.12),0,0,
00173102,모나리자,2022,20221114000745,20221114,[기재정정]사업보고서 (2021.12),1,29,감사용역|감사위원|감사의견|감사인|관계기업|내부회계관리제도|당기순이익|매출|부채총계|비감사용역|사외이사|소액주주|손익계산서|연결재무제표|영업이익|이사회|자본변동표|자본총계|자산총계|재무상태표|재무제표|종속기업|최대주주|출자|타법인|특수관계|포괄손익계산서|현금흐름표|회계감사
00173102,모나리자,2022,20220812000818,20220812,[기재정정]사업보고서 (2021.12),1,29,감사용역|감사위원|감사의견|감사인|관계기업|내부회계관리제도|당기순이익|매출|부채총계|비감사용역|사외이사|소액주주|손익계산서|연결재무제표|영업이익|이사회|자본변동표|자본총계|자산총계|재무상태표|재무제표|종속기업|최대주주|출자|타법인|특수관계|포괄손익계산서|현금흐름표|회계감사
00108977,대구백화점,2023,20230412001808,20230412,[기재정정]사업보고서 (2022.12),1,29,감사용역|감사위원|감사의견|감사인|관계기업|내부회계관리제도|당기순이익|매출|부채총계|비감사용역|사외이사|소액주주|손익계산서|연결재무제표|영업이익|이사회|자본변동표|자본총계|자산총계|재무상태표|재무제표|종속기업|최대주주|출자|타법인|특수관계|포괄손익계산서|현금흐름표|회계감사
00142661,우성,2022,20220816000325,20220816,[기재정정]사업보고서 (2021.12),1,29,감사용역|감사위원|감사의견|감사인|관계기업|내부회계관리제도|당기순이익|매출|부채총계|비감사용역|사외이사|소액주주|손익계산서|연결재무제표|영업이익|이사회|자본변동표|자본총계|자산총계|재무상태표|재무제표|종속기업|최대주주|출자|타법인|특수관계|포괄손익계산서|현금흐름표|회계감사
00174004,유성기업,2021,20210429000887,20210430,[기재정정]사업보고서 (2019.12),0,0,
00174004,유성기업,2021,20210429000883,20210429,[기재정정]사업보고서 (2018.12),0,0,
00174004,유성기업,2023,20230323000683,20230323,[첨부정정]사업보고서 (2022.12),1,20,감사위원|감사의견|감사인|관계기업|내부회계관리제도|당기순이익|매출|부채총계|손익계산서|연결재무제표|영업이익|이사회|자본변동표|재무상태표|재무제표|종속기업|특수관계|포괄손익계산서|현금흐름표|회계감사
00163196,한일철강,2018,20180129000281,20180129,[기재정정]사업보고서 (2013.12),0,0,
00163196,한일철강,2018,20180129000274,20180129,[기재정정]사업보고서 (2012.12),0,0,
00163196,한일철강,2018,20180129000271,20180129,[기재정정]사업보고서 (2016.12),0,0,
00163196,한일철강,2018,20180129000269,20180129,[기재정정]사업보고서 (2015.12),0,0,
00163196,한일철강,2018,20180129000267,20180129,[기재정정]사업보고서 (2014.12),0,0,
00163196,한일철강,2018,20180129000251,20180129,[기재정정]사업보고서 (2011.12),0,0,
00163196,한일철강,2020,20200330004000,20200330,[기재정정]사업보고서 (2019.12),0,0,
00163196,한일철강,2023,20230323001307,20230323,[첨부정정]사업보고서 (2022.12),0,0,
00127857,삼익악기,2018,20180621000029,20180621,[기재정정]사업보고서 (2017.12),0,0,
00127857,삼익악기,2019,20190423000250,20190423,[기재정정]사업보고서 (2018.12),0,0,
00174527,HS화성,2022,20220331003395,20220331,[기재정정]사업보고서 (2021.12),0,0,
00116949,DN오토모티브,2019,20190701000100,20190701,[기재정정]사업보고서 (2018.12),0,0,
00116949,DN오토모티브,2023,20230322001200,20230322,[기재정정]사업보고서 (2022.12),1,29,감사용역|감사위원|감사의견|감사인|관계기업|내부회계관리제도|당기순이익|매출|부채총계|비감사용역|사외이사|소액주주|손익계산서|연결재무제표|영업이익|이사회|자본변동표|자본총계|자산총계|재무상태표|재무제표|종속기업|최대주주|출자|타법인|특수관계|포괄손익계산서|현금흐름표|회계감사
00116949,DN오토모티브,2024,20240315000015,20240315,[기재정정]사업보고서 (2023.12),1,29,감사용역|감사위원|감사의견|감사인|관계기업|내부회계관리제도|당기순이익|매출|부채총계|비감사용역|사외이사|소액주주|손익계산서|연결재무제표|영업이익|이사회|자본변동표|자본총계|자산총계|재무상태표|재무제표|종속기업|최대주주|출자|타법인|특수관계|포괄손익계산서|현금흐름표|회계감사
00123541,보해양조,2019,20190822000198,20190822,[기재정정]사업보고서 (2018.12),0,0,
00123541,보해양조,2021,20210319000374,20210319,[기재정정]사업보고서 (2019.12),0,0,
00165343,혜인,2022,20220812000292,20220812,[기재정정]사업보고서 (2021.12),1,29,감사용역|감사위원|감사의견|감사인|관계기업|내부회계관리제도|당기순이익|매출|부채총계|비감사용역|사외이사|소액주주|손익계산서|연결재무제표|영업이익|이사회|자본변동표|자본총계|자산총계|재무상태표|재무제표|종속기업|최대주주|출자|타법인|특수관계|포괄손익계산서|현금흐름표|회계감사
00105299,금강공업,2019,20190814001512,20190814,[기재정정]사업보고서 (2018.12),0,0,
00103130,플레이그램,2018,20180417000394,20180417,[기재정정]사업보고서 (2017.12),0,0,
00103130,플레이그램,2018,20180322000744,20180322,[첨부정정]사업보고서 (2016.12),0,0,
00103130,플레이그램,2018,20180322000557,20180322,[기재정정]사업보고서 (2016.12),0,0,
00103130,플레이그램,2020,20201023000315,20201023,[기재정정]사업보고서 (2019.12),0,0,
00103130,플레이그램,2020,20201023000294,20201023,[기재정정]사업보고서 (2018.12),0,0,
00103130,플레이그램,2020,20201023000282,20201023,[기재정정]사업보고서 (2017.12),0,0,
00103130,플레이그램,2020,20200525000273,20200525,[기재정정]사업보고서 (2019.12),0,0,
00103130,플레이그램,2021,20210319001422,20210319,[기재정정]사업보고서 (2020.12),0,0,
00103130,플레이그램,2021,20210319001388,20210319,[기재정정]사업보고서 (2020.12),0,0,
00145260,율촌화학,2023,20230328000998,20230328,[기재정정]사업보고서 (2022.12),1,29,감사용역|감사위원|감사의견|감사인|관계기업|내부회계관리제도|당기순이익|매출|부채총계|비감사용역|사외이사|소액주주|손익계산서|연결재무제표|영업이익|이사회|자본변동표|자본총계|자산총계|재무상태표|재무제표|종속기업|최대주주|출자|타법인|특수관계|포괄손익계산서|현금흐름표|회계감사
00136864,신원,2018,20180404002592,20180404,[기재정정]사업보고서 (2017.12),0,0,
00136864,신원,2022,20220816000032,20220816,[기재정정]사업보고서 (2021.12),1,29,감사용역|감사위원|감사의견|감사인|관계기업|내부회계관리제도|당기순이익|매출|부채총계|비감사용역|사외이사|소액주주|손익계산서|연결재무제표|영업이익|이사회|자본변동표|자본총계|자산총계|재무상태표|재무제표|종속기업|최대주주|출자|타법인|특수관계|포괄손익계산서|현금흐름표|회계감사
00136864,신원,2023,20230324000944,20230324,[기재정정]사업보고서 (2022.12),1,28,감사용역|감사위원|감사의견|감사인|내부회계관리제도|당기순이익|매출|부채총계|비감사용역|사외이사|소액주주|손익계산서|연결재무제표|영업이익|이사회|자본변동표|자본총계|자산총계|재무상태표|재무제표|종속기업|최대주주|출자|타법인|특수관계|포괄손익계산서|현금흐름표|회계감사
00136864,신원,2024,20240730000041,20240730,[기재정정]사업보고서 (2023.12),1,28,감사용역|감사위원|감사의견|감사인|내부회계관리제도|당기순이익|매출|부채총계|비감사용역|사외이사|소액주주|손익계산서|연결재무제표|영업이익|이사회|자본변동표|자본총계|자산총계|재무상태표|재무제표|종속기업|최대주주|출자|타법인|특수관계|포괄손익계산서|현금흐름표|회계감사
00136864,신원,2024,20240329001360,20240329,[기재정정]사업보고서 (2023.12),1,28,감사용역|감사위원|감사의견|감사인|내부회계관리제도|당기순이익|매출|부채총계|비감사용역|사외이사|소액주주|손익계산서|연결재무제표|영업이익|이사회|자본변동표|자본총계|자산총계|재무상태표|재무제표|종속기업|최대주주|출자|타법인|특수관계|포괄손익계산서|현금흐름표|회계감사
00115287,동방,2021,20210824000005,20210824,[기재정정]사업보고서 (2013.12),0,0,
00115287,동방,2021,20210824000002,20210824,[기재정정]사업보고서 (2016.12),0,0,
00115287,동방,2021,20210823000474,20210824,[기재정정]사업보고서 (2015.12),0,0,
00115287,동방,2021,20210823000473,20210824,[기재정정]사업보고서 (2014.12),0,0,
00115287,동방,2021,20210823000472,20210824,[기재정정]사업보고서 (2013.12),0,0,
00115287,동방,2021,20210707000184,20210707,[기재정정]사업보고서 (2020.12),0,0,
00115287,동방,2021,20210318001411,20210318,[기재정정]사업보고서 (2020.12),0,0,
00158149,한국쉘석유,2018,20180406000885,20180406,[기재정정]사업보고서 (2017.12),0,0,
00158149,한국쉘석유,2020,20200403002403,20200403,[기재정정]사업보고서 (2019.12),0,0,
00123718,부광약품,2019,20190814001961,20190814,[기재정정]사업보고서 (2018.12),0,0,
00123718,부광약품,2021,20210324000661,20210324,[기재정정]사업보고서 (2020.12),0,0,
00123718,부광약품,2022,20220812001267,20220812,[기재정정]사업보고서 (2021.12),1,29,감사용역|감사위원|감사의견|감사인|관계기업|내부회계관리제도|당기순이익|매출|부채총계|비감사용역|사외이사|소액주주|손익계산서|연결재무제표|영업이익|이사회|자본변동표|자본총계|자산총계|재무상태표|재무제표|종속기업|최대주주|출자|타법인|특수관계|포괄손익계산서|현금흐름표|회계감사
00123718,부광약품,2023,20230328001033,20230328,[기재정정]사업보고서 (2022.12),1,29,감사용역|감사위원|감사의견|감사인|관계기업|내부회계관리제도|당기순이익|매출|부채총계|비감사용역|사외이사|소액주주|손익계산서|연결재무제표|영업이익|이사회|자본변동표|자본총계|자산총계|재무상태표|재무제표|종속기업|최대주주|출자|타법인|특수관계|포괄손익계산서|현금흐름표|회계감사
00123718,부광약품,2024,20240322000905,20240322,[기재정정]사업보고서 (2023.12),1,29,감사용역|감사위원|감사의견|감사인|관계기업|내부회계관리제도|당기순이익|매출|부채총계|비감사용역|사외이사|소액주주|손익계산서|연결재무제표|영업이익|이사회|자본변동표|자본총계|자산총계|재무상태표|재무제표|종속기업|최대주주|출자|타법인|특수관계|포괄손익계산서|현금흐름표|회계감사
00102618,계양전기,2022,20220420000327,20220420,[기재정정]사업보고서 (2020.12),0,0,
00102618,계양전기,2022,20220420000292,20220420,[기재정정]사업보고서 (2019.12),0,0,
00102618,계양전기,2022,20220420000289,20220420,[기재정정]사업보고서 (2018.12),0,0,
00102618,계양전기,2022,20220420000281,20220420,[기재정정]사업보고서 (2017.12),0,0,
00102618,계양전기,2023,20230323000476,20230323,[기재정정]사업보고서 (2022.12),1,29,감사용역|감사위원|감사의견|감사인|관계기업|내부회계관리제도|당기순이익|매출|부채총계|비감사용역|사외이사|소액주주|손익계산서|연결재무제표|영업이익|이사회|자본변동표|자본총계|자산총계|재무상태표|재무제표|종속기업|최대주주|출자|타법인|특수관계|포괄손익계산서|현금흐름표|회계감사
00102618,계양전기,2024,20240322000644,20240322,[첨부정정]사업보고서 (2023.12),0,0,
00157399,한솔테크닉스,2019,20190625000013,20190625,[기재정정]사업보고서 (2018.12),0,0,
00157399,한솔테크닉스,2023,20230328000853,20230328,[기재정정]사업보고서 (2022.12),1,29,감사용역|감사위원|감사의견|감사인|관계기업|내부회계관리제도|당기순이익|매출|부채총계|비감사용역|사외이사|소액주주|손익계산서|연결재무제표|영업이익|이사회|자본변동표|자본총계|자산총계|재무상태표|재무제표|종속기업|최대주주|출자|타법인|특수관계|포괄손익계산서|현금흐름표|회계감사
00128412,삼진제약,2020,20200928000419,20200928,[기재정정]사업보고서 (2019.12),0,0,
00128412,삼진제약,2023,20230410003453,20230410,[기재정정]사업보고서 (2022.12),1,29,감사용역|감사위원|감사의견|감사인|관계기업|내부회계관리제도|당기순이익|매출|부채총계|비감사용역|사외이사|소액주주|손익계산서|연결재무제표|영업이익|이사회|자본변동표|자본총계|자산총계|재무상태표|재무제표|종속기업|최대주주|출자|타법인|특수관계|포괄손익계산서|현금흐름표|회계감사
00155319,POSCO홀딩스,2018,20180621000012,20180621,[기재정정]사업보고서 (2017.12),0,0,
00155319,POSCO홀딩스,2022,20221114000599,20221114,[기재정정]사업보고서 (2021.12),1,29,감사용역|감사위원|감사의견|감사인|관계기업|내부회계관리제도|당기순이익|매출|부채총계|비감사용역|사외이사|소액주주|손익계산서|연결재무제표|영업이익|이사회|자본변동표|자본총계|자산총계|재무상태표|재무제표|종속기업|최대주주|출자|타법인|특수관계|포괄손익계산서|현금흐름표|회계감사
00155319,POSCO홀딩스,2024,20240322000986,20240322,[기재정정]사업보고서 (2023.12),1,29,감사용역|감사위원|감사의견|감사인|관계기업|내부회계관리제도|당기순이익|매출|부채총계|비감사용역|사외이사|소액주주|손익계산서|연결재무제표|영업이익|이사회|자본변동표|자본총계|자산총계|재무상태표|재무제표|종속기업|최대주주|출자|타법인|특수관계|포괄손익계산서|현금흐름표|회계감사
00122694,범양건영,2018,20180612000477,20180612,[기재정정]사업보고서 (2017.12),0,0,
00122694,범양건영,2018,20180402005368,20180402,[첨부정정]사업보고서 (2017.12),0,0,
00122694,범양건영,2023,20231103000371,20231103,[기재정정]사업보고서 (2022.12),1,29,감사용역|감사위원|감사의견|감사인|관계기업|내부회계관리제도|당기순이익|매출|부채총계|비감사용역|사외이사|소액주주|손익계산서|연결재무제표|영업이익|이사회|자본변동표|자본총계|자산총계|재무상태표|재무제표|종속기업|최대주주|출자|타법인|특수관계|포괄손익계산서|현금흐름표|회계감사
00145163,파미셀,2019,20190718000369,20190718,[기재정정]사업보고서 (2018.12),0,0,
00145552,이수화학,2018,20181107000303,20181107,[기재정정]사업보고서 (2017.12),0,0,
00145552,이수화학,2018,20181107000301,20181107,[기재정정]사업보고서 (2016.12),0,0,
00145552,이수화학,2018,20181107000297,20181107,[기재정정]사업보고서 (2015.12),0,0,
00145552,이수화학,2018,20181107000292,20181107,[기재정정]사업보고서 (2014.12),0,0,
00145552,이수화학,2018,20181107000289,20181107,[기재정정]사업보고서 (2013.12),0,0,
00145552,이수화학,2018,20181107000284,20181107,[기재정정]사업보고서 (2012.12),0,0,
00145552,이수화학,2018,20181107000282,20181107,[기재정정]사업보고서 (2011.12),0,0,
00145552,이수화학,2018,20180814002457,20180814,[기재정정]사업보고서 (2017.12),0,0,
00145552,이수화학,2018,20180814002360,20180814,[기재정정]사업보고서 (2016.12),0,0,
00145552,이수화학,2018,20180406002312,20180406,[기재정정]사업보고서 (2017.12),0,0,
00145552,이수화학,2021,20210322001187,20210322,[기재정정]사업보고서 (2020.12),0,0,
00145552,이수화학,2022,20220324000505,20220324,[첨부정정]사업보고서 (2021.12),0,0,
00145552,이수화학,2022,20220315001199,20220315,[기재정정]사업보고서 (2020.12),0,0,
00145552,이수화학,2023,20230328001079,20230328,[첨부정정]사업보고서 (2022.12),0,0,
00145552,이수화학,2024,20240322000281,20240322,[첨부정정]사업보고서 (2023.12),0,0,
00127167,삼영무역,2021,20210324000625,20210324,[기재정정]사업보고서 (2020.12),0,0,
00127167,삼영무역,2023,20230524000304,20230524,[기재정정]사업보고서 (2022.12),1,29,감사용역|감사위원|감사의견|감사인|관계기업|내부회계관리제도|당기순이익|매출|부채총계|비감사용역|사외이사|소액주주|손익계산서|연결재무제표|영업이익|이사회|자본변동표|자본총계|자산총계|재무상태표|재무제표|종속기업|최대주주|출자|타법인|특수관계|포괄손익계산서|현금흐름표|회계감사
00106368,금호석유화학,2021,20210330001578,20210330,[기재정정]사업보고서 (2020.12),0,0,
00106368,금호석유화학,2022,20220328000826,20220328,[기재정정]사업보고서 (2021.12),0,0,
00106368,금호석유화학,2024,20240328001337,20240328,[기재정정]사업보고서 (2023.12),1,29,감사용역|감사위원|감사의견|감사인|관계기업|내부회계관리제도|당기순이익|매출|부채총계|비감사용역|사외이사|소액주주|손익계산서|연결재무제표|영업이익|이사회|자본변동표|자본총계|자산총계|재무상태표|재무제표|종속기업|최대주주|출자|타법인|특수관계|포괄손익계산서|현금흐름표|회계감사
00143314,에이엔피,2018,20180515001161,20180515,[첨부정정]사업보고서 (2017.12),0,0,
00143314,에이엔피,2021,20210713000103,20210713,[기재정정]사업보고서 (2019.12),0,0,
00143314,에이엔피,2021,20210713000097,20210713,[기재정정]사업보고서 (2018.12),0,0,
00143314,에이엔피,2021,20210331002532,20210331,[기재정정]사업보고서 (2020.12),0,0,
00143314,에이엔피,2021,20210127000429,20210127,[기재정정]사업보고서 (2019.12),0,0,
00143314,에이엔피,2023,20230713000295,20230713,[기재정정]사업보고서 (2022.12),1,29,감사용역|감사위원|감사의견|감사인|관계기업|내부회계관리제도|당기순이익|매출|부채총계|비감사용역|사외이사|소액주주|손익계산서|연결재무제표|영업이익|이사회|자본변동표|자본총계|자산총계|재무상태표|재무제표|종속기업|최대주주|출자|타법인|특수관계|포괄손익계산서|현금흐름표|회계감사
00118521,진원생명과학,2018,20180629000633,20180629,[기재정정]사업보고서 (2017.12),0,0,
00118521,진원생명과학,2022,20220908000436,20220908,[기재정정]사업보고서 (2009.12),1,25,감사용역|감사의견|감사인|내부회계관리제도|당기순이익|매출|부채총계|비감사용역|사외이사|소액주주|손익계산서|연결재무제표|영업이익|이사회|자본변동표|자본총계|자산총계|재무상태표|재무제표|최대주주|출자|타법인|특수관계|현금흐름표|회계감사
00118521,진원생명과학,2022,20220908000432,20220908,[기재정정]사업보고서 (2008.12),1,27,감사용역|감사위원|감사의견|감사인|내부회계관리제도|당기순이익|매출|부채총계|비감사용역|사외이사|소액주주|손익계산서|연결재무제표|영업이익|이사회|자본변동표|자본총계|자산총계|재무상태표|재무제표|최대주주|출자|타법인|특수관계|포괄손익계산서|현금흐름표|회계감사
00118521,진원생명과학,2022,20220908000430,20220908,[기재정정]사업보고서 (2007.12),1,28,감사용역|감사위원|감사의견|감사인|관계기업|내부회계관리제도|당기순이익|매출|부채총계|비감사용역|사외이사|소액주주|손익계산서|연결재무제표|영업이익|이사회|자본변동표|자본총계|자산총계|재무상태표|재무제표|최대주주|출자|타법인|특수관계|포괄손익계산서|현금흐름표|회계감사
00118521,진원생명과학,2022,20220908000425,20220908,[기재정정]사업보고서 (2006.12),1,25,감사용역|감사위원|감사의견|감사인|내부회계관리제도|당기순이익|매출|부채총계|비감사용역|사외이사|소액주주|손익계산서|연결재무제표|영업이익|이사회|자본변동표|자본총계|자산총계|재무제표|최대주주|출자|타법인|특수관계|현금흐름표|회계감사
00118521,진원생명과학,2022,20220908000421,20220908,[기재정정]사업보고서,1,25,감사용역|감사위원|감사의견|감사인|내부회계관리제도|당기순이익|매출|부채총계|비감사용역|사외이사|소액주주|손익계산서|연결재무제표|영업이익|이사회|자본변동표|자본총계|자산총계|재무제표|최대주주|출자|타법인|특수관계|현금흐름표|회계감사
00118521,진원생명과학,2023,20230711000247,20230711,[기재정정]사업보고서 (2022.12),1,29,감사용역|감사위원|감사의견|감사인|관계기업|내부회계관리제도|당기순이익|매출|부채총계|비감사용역|사외이사|소액주주|손익계산서|연결재무제표|영업이익|이사회|자본변동표|자본총계|자산총계|재무상태표|재무제표|종속기업|최대주주|출자|타법인|특수관계|포괄손익계산서|현금흐름표|회계감사
00153621,참엔지니어링,2021,20210805000106,20210805,[기재정정]사업보고서 (2020.12),0,0,
00153621,참엔지니어링,2024,20240730000237,20240730,[기재정정]사업보고서 (2023.12),1,29,감사용역|감사위원|감사의견|감사인|관계기업|내부회계관리제도|당기순이익|매출|부채총계|비감사용역|사외이사|소액주주|손익계산서|연결재무제표|영업이익|이사회|자본변동표|자본총계|자산총계|재무상태표|재무제표|종속기업|최대주주|출자|타법인|특수관계|포괄손익계산서|현금흐름표|회계감사
00129989,코스모신소재,2018,20180820000177,20180820,[첨부정정]사업보고서 (2010.12),0,0,
00129989,코스모신소재,2018,20180817000315,20180820,[첨부정정]사업보고서 (2017.12),0,0,
00129989,코스모신소재,2018,20180817000314,20180820,[첨부정정]사업보고서 (2016.12),0,0,
00129989,코스모신소재,2018,20180817000311,20180820,[첨부정정]사업보고서 (2015.12),0,0,
00129989,코스모신소재,2018,20180817000172,20180817,[기재정정]사업보고서 (2017.12),0,0,
00129989,코스모신소재,2018,20180817000166,20180817,[기재정정]사업보고서 (2016.12),0,0,
00129989,코스모신소재,2018,20180817000160,20180817,[기재정정]사업보고서 (2015.12),0,0,
00129989,코스모신소재,2018,20180817000156,20180817,[기재정정]사업보고서 (2014.12),0,0,
00129989,코스모신소재,2018,20180817000149,20180817,[첨부정정]사업보고서 (2013.12),0,0,
00129989,코스모신소재,2018,20180817000144,20180817,[첨부정정]사업보고서 (2011.12),0,0,
00129989,코스모신소재,2018,20180817000121,20180817,[첨부정정]사업보고서 (2012.12),0,0,
00129989,코스모신소재,2018,20180817000114,20180817,[첨부정정]사업보고서 (2010.12),0,0,
00129989,코스모신소재,2018,20180612000265,20180612,[기재정정]사업보고서 (2017.12),0,0,
00129989,코스모신소재,2021,20210217000607,20210217,[기재정정]사업보고서 (2019.12),0,0,
00129989,코스모신소재,2022,20220408002366,20220408,[기재정정]사업보고서 (2021.12),0,0,
00162072,한신기계공업,2021,20210325000723,20210325,[기재정정]사업보고서 (2020.12),0,0,
00160302,코스모화학,2018,20181005000506,20181005,[첨부정정]사업보고서 (2010.12),0,0,
00160302,코스모화학,2018,20181005000496,20181005,[첨부정정]사업보고서 (2011.12),0,0,
00160302,코스모화학,2018,20181005000462,20181005,[기재정정]사업보고서 (2012.12),0,0,
00160302,코스모화학,2018,20180829000293,20180829,[기재정정]사업보고서 (2015.12),0,0,
00160302,코스모화학,2018,20180829000280,20180829,[기재정정]사업보고서 (2014.12),0,0,
00160302,코스모화학,2018,20180829000268,20180829,[기재정정]사업보고서 (2013.12),0,0,
00160302,코스모화학,2018,20180820000223,20180820,[기재정정]사업보고서 (2015.12),0,0,
00160302,코스모화학,2018,20180820000218,20180820,[기재정정]사업보고서 (2014.12),0,0,
00160302,코스모화학,2018,20180820000206,20180820,[기재정정]사업보고서 (2013.12),0,0,
00160302,코스모화학,2018,20180525000485,20180525,[기재정정]사업보고서 (2016.12),0,0,
00160302,코스모화학,2018,20180525000472,20180525,[기재정정]사업보고서 (2017.12),0,0,
00160302,코스모화학,2021,20210330001285,20210330,[기재정정]사업보고서 (2019.12),0,0,
00160302,코스모화학,2021,20210217000976,20210217,[기재정정]사업보고서 (2019.12),0,0,
00160302,코스모화학,2023,20230913000045,20230913,[기재정정]사업보고서 (2022.12),1,29,감사용역|감사위원|감사의견|감사인|관계기업|내부회계관리제도|당기순이익|매출|부채총계|비감사용역|사외이사|소액주주|손익계산서|연결재무제표|영업이익|이사회|자본변동표|자본총계|자산총계|재무상태표|재무제표|종속기업|최대주주|출자|타법인|특수관계|포괄손익계산서|현금흐름표|회계감사
00160302,코스모화학,2024,20240327000855,20240327,[기재정정]사업보고서 (2022.12),1,29,감사용역|감사위원|감사의견|감사인|관계기업|내부회계관리제도|당기순이익|매출|부채총계|비감사용역|사외이사|소액주주|손익계산서|연결재무제표|영업이익|이사회|자본변동표|자본총계|자산총계|재무상태표|재무제표|종속기업|최대주주|출자|타법인|특수관계|포괄손익계산서|현금흐름표|회계감사
00104768,가온전선,2019,20190515001469,20190515,[기재정정]사업보고서 (2018.12),0,0,
00104768,가온전선,2022,20220816001768,20220816,[기재정정]사업보고서 (2021.12),1,29,감사용역|감사위원|감사의견|감사인|관계기업|내부회계관리제도|당기순이익|매출|부채총계|비감사용역|사외이사|소액주주|손익계산서|연결재무제표|영업이익|이사회|자본변동표|자본총계|자산총계|재무상태표|재무제표|종속기업|최대주주|출자|타법인|특수관계|포괄손익계산서|현금흐름표|회계감사
00126566,한화에어로스페이스,2018,20180725000277,20180725,[기재정정]사업보고서 (2017.12),0,0,
00126566,한화에어로스페이스,2022,20220812000030,20220812,[기재정정]사업보고서 (2021.12),1,29,감사용역|감사위원|감사의견|감사인|관계기업|내부회계관리제도|당기순이익|매출|부채총계|비감사용역|사외이사|소액주주|손익계산서|연결재무제표|영업이익|이사회|자본변동표|자본총계|자산총계|재무상태표|재무제표|종속기업|최대주주|출자|타법인|특수관계|포괄손익계산서|현금흐름표|회계감사
00126566,한화에어로스페이스,2023,20230321001337,20230321,[기재정정]사업보고서 (2022.12),1,29,감사용역|감사위원|감사의견|감사인|관계기업|내부회계관리제도|당기순이익|매출|부채총계|비감사용역|사외이사|소액주주|손익계산서|연결재무제표|영업이익|이사회|자본변동표|자본총계|자산총계|재무상태표|재무제표|종속기업|최대주주|출자|타법인|특수관계|포괄손익계산서|현금흐름표|회계감사
00126566,한화에어로스페이스,2024,20240329000902,20240329,[기재정정]사업보고서 (2023.12),1,29,감사용역|감사위원|감사의견|감사인|관계기업|내부회계관리제도|당기순이익|매출|부채총계|비감사용역|사외이사|소액주주|손익계산서|연결재무제표|영업이익|이사회|자본변동표|자본총계|자산총계|재무상태표|재무제표|종속기업|최대주주|출자|타법인|특수관계|포괄손익계산서|현금흐름표|회계감사
00129280,삼화전자공업,2020,20200331002426,20200331,[기재정정]사업보고서 (2019.12),0,0,
00129280,삼화전자공업,2023,20231017000217,20231017,[기재정정]사업보고서 (2022.12),1,29,감사용역|감사위원|감사의견|감사인|관계기업|내부회계관리제도|당기순이익|매출|부채총계|비감사용역|사외이사|소액주주|손익계산서|연결재무제표|영업이익|이사회|자본변동표|자본총계|자산총계|재무상태표|재무제표|종속기업|최대주주|출자|타법인|특수관계|포괄손익계산서|현금흐름표|회계감사
00138057,써니전자,2018,20180405001927,20180405,[기재정정]사업보고서 (2017.12),0,0,
00141875,사조오양,2022,20220331002835,20220331,[기재정정]사업보고서 (2021.12),0,0,
00129271,삼화전기,2018,20180119000464,20180122,[기재정정]사업보고서 (2011.12),0,0,
00129271,삼화전기,2018,20180119000450,20180119,[기재정정]사업보고서 (2011.12),0,0,
00129271,삼화전기,2018,20180119000426,20180119,[기재정정]사업보고서 (2015.12),0,0,
00129271,삼화전기,2018,20180119000423,20180119,[기재정정]사업보고서 (2014.12),0,0,
00129271,삼화전기,2018,20180119000421,20180119,[기재정정]사업보고서 (2013.12),0,0,
00129271,삼화전기,2018,20180119000419,20180119,[기재정정]사업보고서 (2012.12),0,0,
00129271,삼화전기,2018,20180119000415,20180119,[기재정정]사업보고서 (2011.12),0,0,
00155124,평화홀딩스,2019,20191031000206,20191031,[기재정정]사업보고서 (2018.12),0,0,
00155124,평화홀딩스,2019,20190625000454,20190625,[기재정정]사업보고서 (2018.12),0,0,
00155124,평화홀딩스,2021,20210331003227,20210331,[기재정정]사업보고서 (2020.12),0,0,
00155124,평화홀딩스,2024,20240312000938,20240312,[기재정정]사업보고서 (2022.12),1,29,감사용역|감사위원|감사의견|감사인|관계기업|내부회계관리제도|당기순이익|매출|부채총계|비감사용역|사외이사|소액주주|손익계산서|연결재무제표|영업이익|이사회|자본변동표|자본총계|자산총계|재무상태표|재무제표|종속기업|최대주주|출자|타법인|특수관계|포괄손익계산서|현금흐름표|회계감사
00115676,KG스틸,2020,20200416000248,20200416,[기재정정]사업보고서 (2018.12),0,0,
00115676,KG스틸,2024,20240326000399,20240326,[첨부정정]사업보고서 (2023.12),0,0,
00113544,대한화섬,2019,20190417000580,20190417,[기재정정]사업보고서 (2018.12),0,0,
00113544,대한화섬,2019,20190417000575,20190417,[기재정정]사업보고서 (2017.12),0,0,
00113544,대한화섬,2019,20190417000568,20190417,[기재정정]사업보고서 (2016.12),0,0,
00113544,대한화섬,2019,20190417000560,20190417,[기재정정]사업보고서 (2015.12),0,0,
00113544,대한화섬,2019,20190417000551,20190417,[기재정정]사업보고서 (2014.12),0,0,
00152686,코리아써키트,2021,20210326000871,20210326,[기재정정]사업보고서 (2020.12),0,0,
00128032,삼일제약,2019,20190712000396,20190712,[기재정정]사업보고서 (2018.12),0,0,
00122825,인스코비,2022,20220317000545,20220317,[기재정정]사업보고서 (2020.12),0,0,
00164478,현대건설,2022,20220325001068,20220325,[기재정정]사업보고서 (2021.12),0,0,
00164478,현대건설,2024,20240329003141,20240329,[기재정정]사업보고서 (2023.12),1,29,감사용역|감사위원|감사의견|감사인|관계기업|내부회계관리제도|당기순이익|매출|부채총계|비감사용역|사외이사|소액주주|손익계산서|연결재무제표|영업이익|이사회|자본변동표|자본총계|자산총계|재무상태표|재무제표|종속기업|최대주주|출자|타법인|특수관계|포괄손익계산서|현금흐름표|회계감사
00164478,현대건설,2024,20240314001734,20240314,[기재정정]사업보고서 (2023.12),1,29,감사용역|감사위원|감사의견|감사인|관계기업|내부회계관리제도|당기순이익|매출|부채총계|비감사용역|사외이사|소액주주|손익계산서|연결재무제표|영업이익|이사회|자본변동표|자본총계|자산총계|재무상태표|재무제표|종속기업|최대주주|출자|타법인|특수관계|포괄손익계산서|현금흐름표|회계감사
00117300,TCC스틸,2019,20190719000107,20190719,[기재정정]사업보고서 (2018.12),0,0,
00117300,TCC스틸,2022,20220812000477,20220812,[기재정정]사업보고서 (2021.12),1,29,감사용역|감사위원|감사의견|감사인|관계기업|내부회계관리제도|당기순이익|매출|부채총계|비감사용역|사외이사|소액주주|손익계산서|연결재무제표|영업이익|이사회|자본변동표|자본총계|자산총계|재무상태표|재무제표|종속기업|최대주주|출자|타법인|특수관계|포괄손익계산서|현금흐름표|회계감사
00101044,에이프로젠바이오로직스,2018,20180911000364,20180911,[기재정정]사업보고서 (2017.12),0,0,
00101044,에이프로젠바이오로직스,2019,20190626000095,20190626,[기재정정]사업보고서 (2018.12),0,0,
00101044,에이프로젠바이오로직스,2024,20240314000182,20240314,[첨부정정]사업보고서 (2023.12),1,25,감사위원|감사의견|감사인|관계기업|내부회계관리제도|당기순이익|매출|부채총계|소액주주|손익계산서|연결재무제표|영업이익|이사회|자본변동표|자본총계|자산총계|재무상태표|재무제표|종속기업|최대주주|출자|특수관계|포괄손익계산서|현금흐름표|회계감사
00120030,GS건설,2024,20240329002822,20240329,[기재정정]사업보고서 (2023.12),1,29,감사용역|감사위원|감사의견|감사인|관계기업|내부회계관리제도|당기순이익|매출|부채총계|비감사용역|사외이사|소액주주|손익계산서|연결재무제표|영업이익|이사회|자본변동표|자본총계|자산총계|재무상태표|재무제표|종속기업|최대주주|출자|타법인|특수관계|포괄손익계산서|현금흐름표|회계감사
00120030,GS건설,2024,20240328001696,20240328,[기재정정]사업보고서 (2023.12),1,29,감사용역|감사위원|감사의견|감사인|관계기업|내부회계관리제도|당기순이익|매출|부채총계|비감사용역|사외이사|소액주주|손익계산서|연결재무제표|영업이익|이사회|자본변동표|자본총계|자산총계|재무상태표|재무제표|종속기업|최대주주|출자|타법인|특수관계|포괄손익계산서|현금흐름표|회계감사
00126779,삼아알미늄,2022,20220325000460,20220325,[첨부정정]사업보고서 (2021.12),0,0,
00126779,삼아알미늄,2022,20220317001139,20220317,[기재정정]사업보고서 (2021.12),0,0,
00126362,삼성SDI,2018,20180330003007,20180330,[첨부정정]사업보고서 (2017.12),0,0,
00126362,삼성SDI,2023,20230313000726,20230313,[기재정정]사업보고서 (2022.12),1,29,감사용역|감사위원|감사의견|감사인|관계기업|내부회계관리제도|당기순이익|매출|부채총계|비감사용역|사외이사|소액주주|손익계산서|연결재무제표|영업이익|이사회|자본변동표|자본총계|자산총계|재무상태표|재무제표|종속기업|최대주주|출자|타법인|특수관계|포괄손익계산서|현금흐름표|회계감사
00126371,삼성전기,2018,20180814001230,20180814,[기재정정]사업보고서 (2017.12),0,0,
00126371,삼성전기,2024,20240329002895,20240329,[기재정정]사업보고서 (2023.12),1,29,감사용역|감사위원|감사의견|감사인|관계기업|내부회계관리제도|당기순이익|매출|부채총계|비감사용역|사외이사|소액주주|손익계산서|연결재무제표|영업이익|이사회|자본변동표|자본총계|자산총계|재무상태표|재무제표|종속기업|최대주주|출자|타법인|특수관계|포괄손익계산서|현금흐름표|회계감사
00115612,동부건설,2021,20210423000012,20210423,[기재정정]사업보고서 (2020.12),0,0,
00115612,동부건설,2021,20210323000535,20210323,[기재정정]사업보고서 (2020.12),0,0,
00115612,동부건설,2021,20210318001340,20210318,[기재정정]사업보고서 (2020.12),0,0,
00115612,동부건설,2022,20220713000108,20220713,[기재정정]사업보고서 (2021.12),0,0,
00115612,동부건설,2024,20240318000506,20240318,[기재정정]사업보고서 (2023.12),1,29,감사용역|감사위원|감사의견|감사인|관계기업|내부회계관리제도|당기순이익|매출|부채총계|비감사용역|사외이사|소액주주|손익계산서|연결재무제표|영업이익|이사회|자본변동표|자본총계|자산총계|재무상태표|재무제표|종속기업|최대주주|출자|타법인|특수관계|포괄손익계산서|현금흐름표|회계감사
00103042,케이씨티시,2018,20180410000329,20180410,[기재정정]사업보고서 (2017.12),0,0,
00103042,케이씨티시,2021,20210330001143,20210330,[기재정정]사업보고서 (2020.12),0,0,
00103042,케이씨티시,2024,20240322000946,20240322,[기재정정]사업보고서 (2023.12),1,29,감사용역|감사위원|감사의견|감사인|관계기업|내부회계관리제도|당기순이익|매출|부채총계|비감사용역|사외이사|소액주주|손익계산서|연결재무제표|영업이익|이사회|자본변동표|자본총계|자산총계|재무상태표|재무제표|종속기업|최대주주|출자|타법인|특수관계|포괄손익계산서|현금흐름표|회계감사
00152880,코오롱글로벌,2020,20201116002152,20201116,[기재정정]사업보고서 (2019.12),0,0,
00152880,코오롱글로벌,2023,20230814002221,20230814,[기재정정]사업보고서 (2022.12),1,29,감사용역|감사위원|감사의견|감사인|관계기업|내부회계관리제도|당기순이익|매출|부채총계|비감사용역|사외이사|소액주주|손익계산서|연결재무제표|영업이익|이사회|자본변동표|자본총계|자산총계|재무상태표|재무제표|종속기업|최대주주|출자|타법인|특수관계|포괄손익계산서|현금흐름표|회계감사
00152880,코오롱글로벌,2024,20240326000552,20240326,[기재정정]사업보고서 (2023.12),1,29,감사용역|감사위원|감사의견|감사인|관계기업|내부회계관리제도|당기순이익|매출|부채총계|비감사용역|사외이사|소액주주|손익계산서|연결재무제표|영업이익|이사회|자본변동표|자본총계|자산총계|재무상태표|재무제표|종속기업|최대주주|출자|타법인|특수관계|포괄손익계산서|현금흐름표|회계감사
00124726,빙그레,2022,20220812000681,20220812,[기재정정]사업보고서 (2021.12),1,29,감사용역|감사위원|감사의견|감사인|관계기업|내부회계관리제도|당기순이익|매출|부채총계|비감사용역|사외이사|소액주주|손익계산서|연결재무제표|영업이익|이사회|자본변동표|자본총계|자산총계|재무상태표|재무제표|종속기업|최대주주|출자|타법인|특수관계|포괄손익계산서|현금흐름표|회계감사
00148984,시알홀딩스,2018,20180406002335,20180406,[기재정정]사업보고서 (2017.12),0,0,
00148984,시알홀딩스,2020,20200402000570,20200402,[기재정정]사업보고서 (2019.12),0,0,
00148984,시알홀딩스,2024,20240315000607,20240315,[기재정정]사업보고서 (2023.12),1,29,감사용역|감사위원|감사의견|감사인|관계기업|내부회계관리제도|당기순이익|매출|부채총계|비감사용역|사외이사|소액주주|손익계산서|연결재무제표|영업이익|이사회|자본변동표|자본총계|자산총계|재무상태표|재무제표|종속기업|최대주주|출자|타법인|특수관계|포괄손익계산서|현금흐름표|회계감사
00148984,시알홀딩스,2024,20240313001708,20240313,[첨부정정]사업보고서 (2023.12),0,0,
00164706,현대약품,2021,20210218000002,20210218,[기재정정]사업보고서 (2019.11),0,0,
00164706,현대약품,2021,20210218000001,20210218,[기재정정]사업보고서 (2018.11),0,0,
00107598,남양유업,2018,20180921000478,20180921,[기재정정]사업보고서 (2017.12),0,0,
00107598,남양유업,2018,20180921000473,20180921,[기재정정]사업보고서 (2016.12),0,0,
00107598,남양유업,2018,20180921000461,20180921,[기재정정]사업보고서 (2015.12),0,0,
00107598,남양유업,2018,20180921000450,20180921,[기재정정]사업보고서 (2014.12),0,0,
00107598,남양유업,2018,20180921000437,20180921,[기재정정]사업보고서 (2013.12),0,0,
00107598,남양유업,2022,20220408002890,20220408,[첨부정정]사업보고서 (2021.12),0,0,
00107224,남선알미늄,2024,20240604000282,20240604,[기재정정]사업보고서 (2023.12),1,29,감사용역|감사위원|감사의견|감사인|관계기업|내부회계관리제도|당기순이익|매출|부채총계|비감사용역|사외이사|소액주주|손익계산서|연결재무제표|영업이익|이사회|자본변동표|자본총계|자산총계|재무상태표|재무제표|종속기업|최대주주|출자|타법인|특수관계|포괄손익계산서|현금흐름표|회계감사
00160621,한국화장품제조,2022,20220318000130,20220318,[기재정정]사업보고서 (2021.12),0,0,
00164812,현대코퍼레이션,2018,20180614000525,20180614,[기재정정]사업보고서 (2017.12),0,0,
00131780,SK네트웍스,2021,20210322000867,20210322,[첨부정정]사업보고서 (2020.12),0,0,
00131780,SK네트웍스,2022,20220404002305,20220404,[기재정정]사업보고서 (2021.12),0,0,
00131780,SK네트웍스,2023,20231114001467,20231114,[기재정정]사업보고서 (2022.12),1,29,감사용역|감사위원|감사의견|감사인|관계기업|내부회계관리제도|당기순이익|매출|부채총계|비감사용역|사외이사|소액주주|손익계산서|연결재무제표|영업이익|이사회|자본변동표|자본총계|자산총계|재무상태표|재무제표|종속기업|최대주주|출자|타법인|특수관계|포괄손익계산서|현금흐름표|회계감사
00131780,SK네트웍스,2023,20230323001453,20230323,[기재정정]사업보고서 (2022.12),1,29,감사용역|감사위원|감사의견|감사인|관계기업|내부회계관리제도|당기순이익|매출|부채총계|비감사용역|사외이사|소액주주|손익계산서|연결재무제표|영업이익|이사회|자본변동표|자본총계|자산총계|재무상태표|재무제표|종속기업|최대주주|출자|타법인|특수관계|포괄손익계산서|현금흐름표|회계감사
00101433,경농,2019,20190403001952,20190403,[기재정정]사업보고서 (2018.12),0,0,
00150828,진흥기업,2022,20220811000367,20220811,[기재정정]사업보고서 (2021.12),1,29,감사용역|감사위원|감사의견|감사인|관계기업|내부회계관리제도|당기순이익|매출|부채총계|비감사용역|사외이사|소액주주|손익계산서|연결재무제표|영업이익|이사회|자본변동표|자본총계|자산총계|재무상태표|재무제표|종속기업|최대주주|출자|타법인|특수관계|포괄손익계산서|현금흐름표|회계감사
00151395,천일고속,2018,20180615000349,20180615,[기재정정]사업보고서 (2017.12),0,0,
00151395,천일고속,2022,20220810000340,20220810,[기재정정]사업보고서 (2021.12),1,29,감사용역|감사위원|감사의견|감사인|관계기업|내부회계관리제도|당기순이익|매출|부채총계|비감사용역|사외이사|소액주주|손익계산서|연결재무제표|영업이익|이사회|자본변동표|자본총계|자산총계|재무상태표|재무제표|종속기업|최대주주|출자|타법인|특수관계|포괄손익계산서|현금흐름표|회계감사
00111847,대원강업,2023,20230324000880,20230324,[기재정정]사업보고서 (2022.12),1,29,감사용역|감사위원|감사의견|감사인|관계기업|내부회계관리제도|당기순이익|매출|부채총계|비감사용역|사외이사|소액주주|손익계산서|연결재무제표|영업이익|이사회|자본변동표|자본총계|자산총계|재무상태표|재무제표|종속기업|최대주주|출자|타법인|특수관계|포괄손익계산서|현금흐름표|회계감사
00148939,조광피혁,2021,20210326001135,20210326,[기재정정]사업보고서 (2020.12),0,0,
00148939,조광피혁,2022,20220818000327,20220818,[기재정정]사업보고서 (2021.12),1,29,감사용역|감사위원|감사의견|감사인|관계기업|내부회계관리제도|당기순이익|매출|부채총계|비감사용역|사외이사|소액주주|손익계산서|연결재무제표|영업이익|이사회|자본변동표|자본총계|자산총계|재무상태표|재무제표|종속기업|최대주주|출자|타법인|특수관계|포괄손익계산서|현금흐름표|회계감사
00148939,조광피혁,2022,20220818000308,20220818,[기재정정]사업보고서 (2020.12),1,29,감사용역|감사위원|감사의견|감사인|관계기업|내부회계관리제도|당기순이익|매출|부채총계|비감사용역|사외이사|소액주주|손익계산서|연결재무제표|영업이익|이사회|자본변동표|자본총계|자산총계|재무상태표|재무제표|종속기업|최대주주|출자|타법인|특수관계|포괄손익계산서|현금흐름표|회계감사
00148939,조광피혁,2022,20220818000294,20220818,[기재정정]사업보고서 (2019.12),1,29,감사용역|감사위원|감사의견|감사인|관계기업|내부회계관리제도|당기순이익|매출|부채총계|비감사용역|사외이사|소액주주|손익계산서|연결재무제표|영업이익|이사회|자본변동표|자본총계|자산총계|재무상태표|재무제표|종속기업|최대주주|출자|타법인|특수관계|포괄손익계산서|현금흐름표|회계감사
00148939,조광피혁,2022,20220818000282,20220818,[기재정정]사업보고서 (2018.12),1,29,감사용역|감사위원|감사의견|감사인|관계기업|내부회계관리제도|당기순이익|매출|부채총계|비감사용역|사외이사|소액주주|손익계산서|연결재무제표|영업이익|이사회|자본변동표|자본총계|자산총계|재무상태표|재무제표|종속기업|최대주주|출자|타법인|특수관계|포괄손익계산서|현금흐름표|회계감사
00148939,조광피혁,2022,20220818000267,20220818,[기재정정]사업보고서 (2017.12),1,28,감사용역|감사위원|감사의견|감사인|관계기업|내부회계관리제도|당기순이익|매출|부채총계|비감사용역|사외이사|소액주주|손익계산서|연결재무제표|영업이익|이사회|자본변동표|자본총계|자산총계|재무상태표|재무제표|종속기업|최대주주|출자|특수관계|포괄손익계산서|현금흐름표|회계감사
00148939,조광피혁,2022,20220711000190,20220711,[기재정정]사업보고서 (2021.12),0,0,
00148939,조광피혁,2022,20220325001047,20220325,[기재정정]사업보고서 (2021.12),0,0,
00133812,세방,2019,20190403000746,20190403,[기재정정]사업보고서 (2018.12),0,0,
00133812,세방,2019,20190401002421,20190401,[첨부정정]사업보고서 (2018.12),0,0,
00133812,세방,2022,20220812000769,20220812,[기재정정]사업보고서 (2021.12),1,29,감사용역|감사위원|감사의견|감사인|관계기업|내부회계관리제도|당기순이익|매출|부채총계|비감사용역|사외이사|소액주주|손익계산서|연결재무제표|영업이익|이사회|자본변동표|자본총계|자산총계|재무상태표|재무제표|종속기업|최대주주|출자|타법인|특수관계|포괄손익계산서|현금흐름표|회계감사
00149804,디와이에이,2018,20180406002218,20180406,[기재정정]사업보고서 (2017.12),0,0,
00149804,디와이에이,2019,20190409001913,20190409,[기재정정]사업보고서 (2018.12),0,0,
00149804,디와이에이,2021,20210218001076,20210218,[기재정정]사업보고서 (2015.12),0,0,
00149804,디와이에이,2021,20210218001072,20210218,[기재정정]사업보고서 (2016.12),0,0,
00149804,디와이에이,2021,20210218000973,20210218,[기재정정]사업보고서 (2017.12),0,0,
00149804,디와이에이,2022,20220324000531,20220324,[기재정정]사업보고서 (2021.12),0,0,
00107066,남광토건,2021,20210319000418,20210319,[기재정정]사업보고서 (2020.12),0,0,
00107066,남광토건,2023,20230712000089,20230712,[기재정정]사업보고서 (2022.12),1,29,감사용역|감사위원|감사의견|감사인|관계기업|내부회계관리제도|당기순이익|매출|부채총계|비감사용역|사외이사|소액주주|손익계산서|연결재무제표|영업이익|이사회|자본변동표|자본총계|자산총계|재무상태표|재무제표|종속기업|최대주주|출자|타법인|특수관계|포괄손익계산서|현금흐름표|회계감사
00127200,삼영전자공업,2019,20190626000070,20190626,[기재정정]사업보고서 (2018.12),0,0,
00136624,신영와코루,2020,20200330001687,20200330,[기재정정]사업보고서 (2019.12),0,0,
00136624,신영와코루,2021,20210317000431,20210317,[기재정정]사업보고서 (2019.12),0,0,
00141626,오리엔트바이오,2021,20211111000394,20211111,[기재정정]사업보고서 (2021.03),0,0,
00141626,오리엔트바이오,2022,20220621000039,20220621,[기재정정]사업보고서 (2022.03),0,0,
00148948,조비,2018,20180607000240,20180607,[기재정정]사업보고서 (2017.12),0,0,
00148948,조비,2019,20190403002082,20190403,[기재정정]사업보고서 (2018.12),0,0,
00148920,조광페인트,2021,20210419000042,20210419,[기재정정]사업보고서 (2020.12),0,0,
00148920,조광페인트,2023,20230327000842,20230327,[기재정정]사업보고서 (2022.12),1,29,감사용역|감사위원|감사의견|감사인|관계기업|내부회계관리제도|당기순이익|매출|부채총계|비감사용역|사외이사|소액주주|손익계산서|연결재무제표|영업이익|이사회|자본변동표|자본총계|자산총계|재무상태표|재무제표|종속기업|최대주주|출자|타법인|특수관계|포괄손익계산서|현금흐름표|회계감사
00132725,SB성보,2018,20180615000308,20180615,[기재정정]사업보고서 (2017.12),0,0,
00128555,삼천리,2024,20240319000801,20240319,[기재정정]사업보고서 (2023.12),1,29,감사용역|감사위원|감사의견|감사인|관계기업|내부회계관리제도|당기순이익|매출|부채총계|비감사용역|사외이사|소액주주|손익계산서|연결재무제표|영업이익|이사회|자본변동표|자본총계|자산총계|재무상태표|재무제표|종속기업|최대주주|출자|타법인|특수관계|포괄손익계산서|현금흐름표|회계감사
00149345,조흥,2021,20210305000380,20210305,[기재정정]사업보고서 (2020.12),0,0,
00106119,금양,2019,20190619000318,20190619,[기재정정]사업보고서 (2018.12),0,0,
00106119,금양,2023,20230323001004,20230323,[기재정정]사업보고서 (2022.12),1,29,감사용역|감사위원|감사의견|감사인|관계기업|내부회계관리제도|당기순이익|매출|부채총계|비감사용역|사외이사|소액주주|손익계산서|연결재무제표|영업이익|이사회|자본변동표|자본총계|자산총계|재무상태표|재무제표|종속기업|최대주주|출자|타법인|특수관계|포괄손익계산서|현금흐름표|회계감사
00106119,금양,2024,20240417000287,20240417,[기재정정]사업보고서 (2023.12),1,29,감사용역|감사위원|감사의견|감사인|관계기업|내부회계관리제도|당기순이익|매출|부채총계|비감사용역|사외이사|소액주주|손익계산서|연결재무제표|영업이익|이사회|자본변동표|자본총계|자산총계|재무상태표|재무제표|종속기업|최대주주|출자|타법인|특수관계|포괄손익계산서|현금흐름표|회계감사
00106119,금양,2024,20240313001231,20240313,[기재정정]사업보고서 (2022.12),1,29,감사용역|감사위원|감사의견|감사인|관계기업|내부회계관리제도|당기순이익|매출|부채총계|비감사용역|사외이사|소액주주|손익계산서|연결재무제표|영업이익|이사회|자본변동표|자본총계|자산총계|재무상태표|재무제표|종속기업|최대주주|출자|타법인|특수관계|포괄손익계산서|현금흐름표|회계감사
00109718,사조대림,2019,20190117000236,20190117,[기재정정]사업보고서 (2017.12),0,0,
00109718,사조대림,2022,20220929000312,20220929,[기재정정]사업보고서 (2021.12),1,29,감사용역|감사위원|감사의견|감사인|관계기업|내부회계관리제도|당기순이익|매출|부채총계|비감사용역|사외이사|소액주주|손익계산서|연결재무제표|영업이익|이사회|자본변동표|자본총계|자산총계|재무상태표|재무제표|종속기업|최대주주|출자|타법인|특수관계|포괄손익계산서|현금흐름표|회계감사
00107677,비비안,2018,20180118000337,20180118,[기재정정]사업보고서 (2016.12),0,0,
00107677,비비안,2020,20200331001822,20200331,[기재정정]사업보고서 (2019.12),0,0,
00107677,비비안,2020,20200327001440,20200327,[기재정정]사업보고서 (2018.12),0,0,
00107677,비비안,2020,20200327001432,20200327,[기재정정]사업보고서 (2017.12),0,0,
00107677,비비안,2021,20210817001926,20210817,[기재정정]사업보고서 (2020.12),0,0,
00107677,비비안,2021,20210413001957,20210413,[기재정정]사업보고서 (2020.12),0,0,
00162063,한신공영,2022,20220713000230,20220713,[기재정정]사업보고서 (2021.12),0,0,
00127255,삼영,2023,20230713000197,20230713,[기재정정]사업보고서 (2022.12),1,29,감사용역|감사위원|감사의견|감사인|관계기업|내부회계관리제도|당기순이익|매출|부채총계|비감사용역|사외이사|소액주주|손익계산서|연결재무제표|영업이익|이사회|자본변동표|자본총계|자산총계|재무상태표|재무제표|종속기업|최대주주|출자|타법인|특수관계|포괄손익계산서|현금흐름표|회계감사
00135962,신라교역,2018,20180608000113,20180608,[기재정정]사업보고서 (2017.12),0,0,
00135962,신라교역,2018,20180403001557,20180403,[기재정정]사업보고서 (2017.12),0,0,
00135962,신라교역,2021,20210317000593,20210317,[기재정정]사업보고서 (2019.12),0,0,
00135962,신라교역,2022,20220930000044,20220930,[기재정정]사업보고서 (2021.12),1,29,감사용역|감사위원|감사의견|감사인|관계기업|내부회계관리제도|당기순이익|매출|부채총계|비감사용역|사외이사|소액주주|손익계산서|연결재무제표|영업이익|이사회|자본변동표|자본총계|자산총계|재무상태표|재무제표|종속기업|최대주주|출자|타법인|특수관계|포괄손익계산서|현금흐름표|회계감사
00149354,종근당홀딩스,2020,20200429001407,20200429,[기재정정]사업보고서 (2019.12),0,0,
00161046,한독,2019,20190619000218,20190619,[기재정정]사업보고서 (2018.12),0,0,
00167208,흥아해운,2019,20191120000137,20191120,[기재정정]사업보고서 (2018.12),0,0,
00167208,흥아해운,2019,20190820000112,20190820,[기재정정]사업보고서 (2018.12),0,0,
00167208,흥아해운,2021,20210729000451,20210729,[기재정정]사업보고서 (2020.12),0,0,
00167208,흥아해운,2022,20220816000435,20220816,[기재정정]사업보고서 (2021.12),1,29,감사용역|감사위원|감사의견|감사인|관계기업|내부회계관리제도|당기순이익|매출|부채총계|비감사용역|사외이사|소액주주|손익계산서|연결재무제표|영업이익|이사회|자본변동표|자본총계|자산총계|재무상태표|재무제표|종속기업|최대주주|출자|타법인|특수관계|포괄손익계산서|현금흐름표|회계감사
00138190,GS글로벌,2018,20180605000262,20180605,[기재정정]사업보고서 (2017.12),0,0,
00138190,GS글로벌,2023,20230406002879,20230406,[기재정정]사업보고서 (2022.12),1,29,감사용역|감사위원|감사의견|감사인|관계기업|내부회계관리제도|당기순이익|매출|부채총계|비감사용역|사외이사|소액주주|손익계산서|연결재무제표|영업이익|이사회|자본변동표|자본총계|자산총계|재무상태표|재무제표|종속기업|최대주주|출자|타법인|특수관계|포괄손익계산서|현금흐름표|회계감사
00138190,GS글로벌,2024,20240328001504,20240328,[기재정정]사업보고서 (2023.12),1,29,감사용역|감사위원|감사의견|감사인|관계기업|내부회계관리제도|당기순이익|매출|부채총계|비감사용역|사외이사|소액주주|손익계산서|연결재무제표|영업이익|이사회|자본변동표|자본총계|자산총계|재무상태표|재무제표|종속기업|최대주주|출자|타법인|특수관계|포괄손익계산서|현금흐름표|회계감사
00106313,금호건설,2024,20240318000777,20240318,[기재정정]사업보고서 (2023.12),1,29,감사용역|감사위원|감사의견|감사인|관계기업|내부회계관리제도|당기순이익|매출|부채총계|비감사용역|사외이사|소액주주|손익계산서|연결재무제표|영업이익|이사회|자본변동표|자본총계|자산총계|재무상태표|재무제표|종속기업|최대주주|출자|타법인|특수관계|포괄손익계산서|현금흐름표|회계감사
00125974,삼부토건,2019,20190708000289,20190708,[기재정정]사업보고서 (2018.12),0,0,
00125974,삼부토건,2023,20231212000335,20231212,[기재정정]사업보고서 (2021.12),1,29,감사용역|감사위원|감사의견|감사인|관계기업|내부회계관리제도|당기순이익|매출|부채총계|비감사용역|사외이사|소액주주|손익계산서|연결재무제표|영업이익|이사회|자본변동표|자본총계|자산총계|재무상태표|재무제표|종속기업|최대주주|출자|타법인|특수관계|포괄손익계산서|현금흐름표|회계감사
00125974,삼부토건,2023,20231212000331,20231212,[기재정정]사업보고서 (2020.12),1,29,감사용역|감사위원|감사의견|감사인|관계기업|내부회계관리제도|당기순이익|매출|부채총계|비감사용역|사외이사|소액주주|손익계산서|연결재무제표|영업이익|이사회|자본변동표|자본총계|자산총계|재무상태표|재무제표|종속기업|최대주주|출자|타법인|특수관계|포괄손익계산서|현금흐름표|회계감사
00125974,삼부토건,2023,20231212000328,20231212,[기재정정]사업보고서 (2019.12),1,29,감사용역|감사위원|감사의견|감사인|관계기업|내부회계관리제도|당기순이익|매출|부채총계|비감사용역|사외이사|소액주주|손익계산서|연결재무제표|영업이익|이사회|자본변동표|자본총계|자산총계|재무상태표|재무제표|종속기업|최대주주|출자|타법인|특수관계|포괄손익계산서|현금흐름표|회계감사
00125974,삼부토건,2023,20231212000324,20231212,[기재정정]사업보고서 (2018.12),1,29,감사용역|감사위원|감사의견|감사인|관계기업|내부회계관리제도|당기순이익|매출|부채총계|비감사용역|사외이사|소액주주|손익계산서|연결재무제표|영업이익|이사회|자본변동표|자본총계|자산총계|재무상태표|재무제표|종속기업|최대주주|출자|타법인|특수관계|포괄손익계산서|현금흐름표|회계감사
00125974,삼부토건,2023,20230323000011,20230323,[기재정정]사업보고서 (2021.12),1,29,감사용역|감사위원|감사의견|감사인|관계기업|내부회계관리제도|당기순이익|매출|부채총계|비감사용역|사외이사|소액주주|손익계산서|연결재무제표|영업이익|이사회|자본변동표|자본총계|자산총계|재무상태표|재무제표|종속기업|최대주주|출자|타법인|특수관계|포괄손익계산서|현금흐름표|회계감사
00125974,삼부토건,2023,20230323000010,20230323,[기재정정]사업보고서 (2020.12),1,29,감사용역|감사위원|감사의견|감사인|관계기업|내부회계관리제도|당기순이익|매출|부채총계|비감사용역|사외이사|소액주주|손익계산서|연결재무제표|영업이익|이사회|자본변동표|자본총계|자산총계|재무상태표|재무제표|종속기업|최대주주|출자|타법인|특수관계|포괄손익계산서|현금흐름표|회계감사
00125974,삼부토건,2023,20230323000008,20230323,[기재정정]사업보고서 (2019.12),1,29,감사용역|감사위원|감사의견|감사인|관계기업|내부회계관리제도|당기순이익|매출|부채총계|비감사용역|사외이사|소액주주|손익계산서|연결재무제표|영업이익|이사회|자본변동표|자본총계|자산총계|재무상태표|재무제표|종속기업|최대주주|출자|타법인|특수관계|포괄손익계산서|현금흐름표|회계감사
00125974,삼부토건,2023,20230323000007,20230323,[기재정정]사업보고서 (2018.12),1,29,감사용역|감사위원|감사의견|감사인|관계기업|내부회계관리제도|당기순이익|매출|부채총계|비감사용역|사외이사|소액주주|손익계산서|연결재무제표|영업이익|이사회|자본변동표|자본총계|자산총계|재무상태표|재무제표|종속기업|최대주주|출자|타법인|특수관계|포괄손익계산서|현금흐름표|회계감사
00125974,삼부토건,2024,20240821000569,20240822,[기재정정]사업보고서 (2023.12),1,29,감사용역|감사위원|감사의견|감사인|관계기업|내부회계관리제도|당기순이익|매출|부채총계|비감사용역|사외이사|소액주주|손익계산서|연결재무제표|영업이익|이사회|자본변동표|자본총계|자산총계|재무상태표|재무제표|종속기업|최대주주|출자|타법인|특수관계|포괄손익계산서|현금흐름표|회계감사
00125974,삼부토건,2024,20240821000566,20240822,[기재정정]사업보고서 (2022.12),1,29,감사용역|감사위원|감사의견|감사인|관계기업|내부회계관리제도|당기순이익|매출|부채총계|비감사용역|사외이사|소액주주|손익계산서|연결재무제표|영업이익|이사회|자본변동표|자본총계|자산총계|재무상태표|재무제표|종속기업|최대주주|출자|타법인|특수관계|포괄손익계산서|현금흐름표|회계감사
00125974,삼부토건,2024,20240821000411,20240821,[기재정정]사업보고서 (2022.12),1,29,감사용역|감사위원|감사의견|감사인|관계기업|내부회계관리제도|당기순이익|매출|부채총계|비감사용역|사외이사|소액주주|손익계산서|연결재무제표|영업이익|이사회|자본변동표|자본총계|자산총계|재무상태표|재무제표|종속기업|최대주주|출자|타법인|특수관계|포괄손익계산서|현금흐름표|회계감사
00125974,삼부토건,2024,20240423000579,20240423,[기재정정]사업보고서 (2023.12),1,29,감사용역|감사위원|감사의견|감사인|관계기업|내부회계관리제도|당기순이익|매출|부채총계|비감사용역|사외이사|소액주주|손익계산서|연결재무제표|영업이익|이사회|자본변동표|자본총계|자산총계|재무상태표|재무제표|종속기업|최대주주|출자|타법인|특수관계|포괄손익계산서|현금흐름표|회계감사
00134723,페이퍼코리아,2019,20190814002034,20190814,[기재정정]사업보고서 (2018.12),0,0,
00134723,페이퍼코리아,2021,20210503000454,20210503,[기재정정]사업보고서 (2020.12),0,0,
00134723,페이퍼코리아,2022,20220330001348,20220330,[기재정정]사업보고서 (2021.12),0,0,
00117337,동양,2018,20180921000384,20180921,[기재정정]사업보고서 (2017.12),0,0,
00117337,동양,2019,20190814001889,20190814,[기재정정]사업보고서 (2018.12),0,0,
00117337,동양,2022,20220323000930,20220323,[기재정정]사업보고서 (2021.12),0,0,
00117337,동양,2022,20220321001492,20220321,[기재정정]사업보고서 (2021.12),0,0,
00117337,동양,2023,20230403003757,20230403,[기재정정]사업보고서 (2022.12),1,29,감사용역|감사위원|감사의견|감사인|관계기업|내부회계관리제도|당기순이익|매출|부채총계|비감사용역|사외이사|소액주주|손익계산서|연결재무제표|영업이익|이사회|자본변동표|자본총계|자산총계|재무상태표|재무제표|종속기업|최대주주|출자|타법인|특수관계|포괄손익계산서|현금흐름표|회계감사
00160588,한화,2018,20180611000325,20180611,[기재정정]사업보고서 (2017.12),0,0,
00160588,한화,2022,20220324000140,20220324,[기재정정]사업보고서 (2021.12),0,0,
00160588,한화,2022,20220322000038,20220322,[기재정정]사업보고서 (2021.12),0,0,
00160588,한화,2024,20240430000953,20240430,[기재정정]사업보고서 (2023.12),1,29,감사용역|감사위원|감사의견|감사인|관계기업|내부회계관리제도|당기순이익|매출|부채총계|비감사용역|사외이사|소액주주|손익계산서|연결재무제표|영업이익|이사회|자본변동표|자본총계|자산총계|재무상태표|재무제표|종속기업|최대주주|출자|타법인|특수관계|포괄손익계산서|현금흐름표|회계감사
00160588,한화,2024,20240328001723,20240328,[기재정정]사업보고서 (2023.12),1,29,감사용역|감사위원|감사의견|감사인|관계기업|내부회계관리제도|당기순이익|매출|부채총계|비감사용역|사외이사|소액주주|손익계산서|연결재무제표|영업이익|이사회|자본변동표|자본총계|자산총계|재무상태표|재무제표|종속기업|최대주주|출자|타법인|특수관계|포괄손익계산서|현금흐름표|회계감사
00149947,JW중외제약,2018,20181024000255,20181024,[기재정정]사업보고서 (2017.12),0,0,
00149947,JW중외제약,2018,20181024000252,20181024,[기재정정]사업보고서 (2016.12),0,0,
00149947,JW중외제약,2018,20180605000206,20180605,[기재정정]사업보고서 (2017.12),0,0,
00149947,JW중외제약,2019,20190730000354,20190730,[기재정정]사업보고서 (2018.12),0,0,
00149947,JW중외제약,2019,20190402002312,20190402,[기재정정]사업보고서 (2018.12),0,0,
00141307,영풍,2018,20180515001305,20180515,[기재정정]사업보고서 (2016.12),0,0,
00141307,영풍,2023,20230713000143,20230713,[기재정정]사업보고서 (2022.12),1,29,감사용역|감사위원|감사의견|감사인|관계기업|내부회계관리제도|당기순이익|매출|부채총계|비감사용역|사외이사|소액주주|손익계산서|연결재무제표|영업이익|이사회|자본변동표|자본총계|자산총계|재무상태표|재무제표|종속기업|최대주주|출자|타법인|특수관계|포괄손익계산서|현금흐름표|회계감사
00141307,영풍,2024,20240814004220,20240814,[기재정정]사업보고서 (2023.12),1,29,감사용역|감사위원|감사의견|감사인|관계기업|내부회계관리제도|당기순이익|매출|부채총계|비감사용역|사외이사|소액주주|손익계산서|연결재무제표|영업이익|이사회|자본변동표|자본총계|자산총계|재무상태표|재무제표|종속기업|최대주주|출자|타법인|특수관계|포괄손익계산서|현금흐름표|회계감사
00141307,영풍,2024,20240325000500,20240325,[기재정정]사업보고서 (2023.12),1,29,감사용역|감사위원|감사의견|감사인|관계기업|내부회계관리제도|당기순이익|매출|부채총계|비감사용역|사외이사|소액주주|손익계산서|연결재무제표|영업이익|이사회|자본변동표|자본총계|자산총계|재무상태표|재무제표|종속기업|최대주주|출자|타법인|특수관계|포괄손익계산서|현금흐름표|회계감사
00122472,PKC,2019,20190814000485,20190814,[기재정정]사업보고서 (2018.12),0,0,
00122472,PKC,2019,20190814000481,20190814,[기재정정]사업보고서 (2017.12),0,0,
00122472,PKC,2020,20200330002989,20200330,[기재정정]사업보고서 (2018.12),0,0,
00122472,PKC,2020,20200330002939,20200330,[기재정정]사업보고서 (2017.12),0,0,
00122472,PKC,2020,20200330002895,20200330,[기재정정]사업보고서 (2016.12),0,0,
00122472,PKC,2023,20230831001561,20230831,[기재정정]사업보고서 (2022.12),1,29,감사용역|감사위원|감사의견|감사인|관계기업|내부회계관리제도|당기순이익|매출|부채총계|비감사용역|사외이사|소액주주|손익계산서|연결재무제표|영업이익|이사회|자본변동표|자본총계|자산총계|재무상태표|재무제표|종속기업|최대주주|출자|타법인|특수관계|포괄손익계산서|현금흐름표|회계감사
00122472,PKC,2024,20240315000854,20240315,[기재정정]사업보고서 (2022.12),1,29,감사용역|감사위원|감사의견|감사인|관계기업|내부회계관리제도|당기순이익|매출|부채총계|비감사용역|사외이사|소액주주|손익계산서|연결재무제표|영업이익|이사회|자본변동표|자본총계|자산총계|재무상태표|재무제표|종속기업|최대주주|출자|타법인|특수관계|포괄손익계산서|현금흐름표|회계감사
00163716,한창,2021,20210817001332,20210817,[기재정정]사업보고서 (2020.12),0,0,
00163716,한창,2021,20210331001256,20210331,[기재정정]사업보고서 (2020.12),0,0,
00129235,삼화왕관,2019,20190626000216,20190626,[기재정정]사업보고서 (2018.12),0,0,
00129235,삼화왕관,2021,20210608000200,20210608,[기재정정]사업보고서 (2020.12),0,0,
00112378,KR모터스,2018,20180207000389,20180207,[기재정정]사업보고서 (2016.12),0,0,
00112378,KR모터스,2018,20180207000386,20180207,[기재정정]사업보고서 (2015.12),0,0,
00112378,KR모터스,2018,20180207000382,20180207,[기재정정]사업보고서 (2014.12),0,0,
00112378,KR모터스,2020,20200519000184,20200519,[기재정정]사업보고서 (2019.12),0,0,
00112378,KR모터스,2022,20220518000138,20220518,[기재정정]사업보고서 (2021.12),0,0,
00112378,KR모터스,2022,20220324000446,20220324,[기재정정]사업보고서제출기한연장신고서 (2021.12),0,0,
00103006,고려제강,2018,20180921000363,20180921,[기재정정]사업보고서 (2017.12),0,0,
00103006,고려제강,2018,20180312000319,20180312,[기재정정]사업보고서 (2016.12),0,0,
00103006,고려제강,2018,20180312000314,20180312,[기재정정]사업보고서 (2015.12),0,0,
00103006,고려제강,2019,20190402001474,20190402,[기재정정]사업보고서 (2018.12),0,0,
00153755,태양금속공업,2022,20220630000614,20220630,[기재정정]사업보고서 (2019.12),0,0,
00153755,태양금속공업,2022,20220630000603,20220630,[기재정정]사업보고서 (2018.12),0,0,
00153755,태양금속공업,2022,20220630000596,20220630,[기재정정]사업보고서 (2017.12),0,0,
00153755,태양금속공업,2022,20220630000577,20220630,[기재정정]사업보고서 (2016.12),0,0,
00132211,SUN&L,2022,20220812000487,20220812,[기재정정]사업보고서 (2021.12),1,29,감사용역|감사위원|감사의견|감사인|관계기업|내부회계관리제도|당기순이익|매출|부채총계|비감사용역|사외이사|소액주주|손익계산서|연결재무제표|영업이익|이사회|자본변동표|자본총계|자산총계|재무상태표|재무제표|종속기업|최대주주|출자|타법인|특수관계|포괄손익계산서|현금흐름표|회계감사
00132211,SUN&L,2023,20230515001480,20230515,[기재정정]사업보고서 (2022.12),1,29,감사용역|감사위원|감사의견|감사인|관계기업|내부회계관리제도|당기순이익|매출|부채총계|비감사용역|사외이사|소액주주|손익계산서|연결재무제표|영업이익|이사회|자본변동표|자본총계|자산총계|재무상태표|재무제표|종속기업|최대주주|출자|타법인|특수관계|포괄손익계산서|현금흐름표|회계감사
00118266,DRB동일,2018,20180713000559,20180713,[기재정정]사업보고서 (2017.12),0,0,
00118266,DRB동일,2018,20180713000554,20180713,[기재정정]사업보고서 (2016.12),0,0,
00157681,롯데정밀화학,2024,20240329003375,20240329,[기재정정]사업보고서 (2023.12),1,29,감사용역|감사위원|감사의견|감사인|관계기업|내부회계관리제도|당기순이익|매출|부채총계|비감사용역|사외이사|소액주주|손익계산서|연결재무제표|영업이익|이사회|자본변동표|자본총계|자산총계|재무상태표|재무제표|종속기업|최대주주|출자|타법인|특수관계|포괄손익계산서|현금흐름표|회계감사
00119195,동화약품,2018,20180618000261,20180618,[기재정정]사업보고서 (2017.12),0,0,
00119195,동화약품,2018,20180618000237,20180618,[기재정정]사업보고서 (2017.12),0,0,
00109693,DL,2018,20180402004589,20180402,[기재정정]사업보고서 (2017.12),0,0,
00109693,DL,2020,20200515001792,20200515,[기재정정]사업보고서 (2019.12),0,0,
00109693,DL,2021,20210405003117,20210405,[기재정정]사업보고서 (2020.12),0,0,
00109693,DL,2021,20210319001199,20210319,[기재정정]사업보고서 (2020.12),0,0,
00109693,DL,2022,20220816002153,20220816,[기재정정]사업보고서 (2021.12),1,29,감사용역|감사위원|감사의견|감사인|관계기업|내부회계관리제도|당기순이익|매출|부채총계|비감사용역|사외이사|소액주주|손익계산서|연결재무제표|영업이익|이사회|자본변동표|자본총계|자산총계|재무상태표|재무제표|종속기업|최대주주|출자|타법인|특수관계|포괄손익계산서|현금흐름표|회계감사
00109693,DL,2023,20230728000644,20230728,[기재정정]사업보고서 (2022.12),1,29,감사용역|감사위원|감사의견|감사인|관계기업|내부회계관리제도|당기순이익|매출|부채총계|비감사용역|사외이사|소액주주|손익계산서|연결재무제표|영업이익|이사회|자본변동표|자본총계|자산총계|재무상태표|재무제표|종속기업|최대주주|출자|타법인|특수관계|포괄손익계산서|현금흐름표|회계감사
00109693,DL,2023,20230728000642,20230728,[기재정정]사업보고서 (2021.12),1,29,감사용역|감사위원|감사의견|감사인|관계기업|내부회계관리제도|당기순이익|매출|부채총계|비감사용역|사외이사|소액주주|손익계산서|연결재무제표|영업이익|이사회|자본변동표|자본총계|자산총계|재무상태표|재무제표|종속기업|최대주주|출자|타법인|특수관계|포괄손익계산서|현금흐름표|회계감사
00109693,DL,2024,20240329002623,20240329,[기재정정]사업보고서 (2023.12),1,29,감사용역|감사위원|감사의견|감사인|관계기업|내부회계관리제도|당기순이익|매출|부채총계|비감사용역|사외이사|소액주주|손익계산서|연결재무제표|영업이익|이사회|자본변동표|자본총계|자산총계|재무상태표|재무제표|종속기업|최대주주|출자|타법인|특수관계|포괄손익계산서|현금흐름표|회계감사
00120076,LX인터내셔널,2024,20240320000868,20240320,[기재정정]사업보고서 (2023.12),1,29,감사용역|감사위원|감사의견|감사인|관계기업|내부회계관리제도|당기순이익|매출|부채총계|비감사용역|사외이사|소액주주|손익계산서|연결재무제표|영업이익|이사회|자본변동표|자본총계|자산총계|재무상태표|재무제표|종속기업|최대주주|출자|타법인|특수관계|포괄손익계산서|현금흐름표|회계감사
00153393,태광산업,2019,20190417000571,20190417,[기재정정]사업보고서 (2018.12),0,0,
00153393,태광산업,2019,20190417000558,20190417,[기재정정]사업보고서 (2017.12),0,0,
00153393,태광산업,2019,20190417000543,20190417,[기재정정]사업보고서 (2016.12),0,0,
00153393,태광산업,2019,20190417000536,20190417,[기재정정]사업보고서 (2015.12),0,0,
00153393,태광산업,2019,20190417000526,20190417,[기재정정]사업보고서 (2014.12),0,0,
00153393,태광산업,2022,20220225006914,20220225,[기재정정]사업보고서 (2020.12),0,0,
00153393,태광산업,2024,20240329003575,20240329,[기재정정]사업보고서 (2023.12),1,29,감사용역|감사위원|감사의견|감사인|관계기업|내부회계관리제도|당기순이익|매출|부채총계|비감사용역|사외이사|소액주주|손익계산서|연결재무제표|영업이익|이사회|자본변동표|자본총계|자산총계|재무상태표|재무제표|종속기업|최대주주|출자|타법인|특수관계|포괄손익계산서|현금흐름표|회계감사
00124151,부산주공,2018,20180615000366,20180615,[기재정정]사업보고서 (2017.12),0,0,
00124151,부산주공,2018,20180515001725,20180515,[기재정정]사업보고서 (2016.12),0,0,
00124151,부산주공,2018,20180515001669,20180515,[기재정정]사업보고서 (2015.12),0,0,
00124151,부산주공,2018,20180515001640,20180515,[기재정정]사업보고서 (2014.12),0,0,
00124151,부산주공,2018,20180515001612,20180515,[기재정정]사업보고서 (2013.12),0,0,
00124151,부산주공,2018,20180515001583,20180515,[기재정정]사업보고서 (2012.12),0,0,
00124151,부산주공,2018,20180515001549,20180515,[기재정정]사업보고서 (2011.12),0,0,
00124151,부산주공,2018,20180330001593,20180330,[기재정정]사업보고서 (2016.12),0,0,
00124151,부산주공,2019,20190401005073,20190401,[기재정정]사업보고서 (2018.12),0,0,
00124151,부산주공,2021,20210420000237,20210420,[기재정정]사업보고서 (2020.12),0,0,
00124151,부산주공,2021,20210420000234,20210420,[기재정정]사업보고서 (2019.12),0,0,
00124151,부산주공,2021,20210420000231,20210420,[기재정정]사업보고서 (2018.12),0,0,
00124151,부산주공,2021,20210319000166,20210319,[기재정정]사업보고서 (2020.12),0,0,
00124151,부산주공,2023,20230323001492,20230323,[기재정정]사업보고서 (2022.12),1,29,감사용역|감사위원|감사의견|감사인|관계기업|내부회계관리제도|당기순이익|매출|부채총계|비감사용역|사외이사|소액주주|손익계산서|연결재무제표|영업이익|이사회|자본변동표|자본총계|자산총계|재무상태표|재무제표|종속기업|최대주주|출자|타법인|특수관계|포괄손익계산서|현금흐름표|회계감사
00160843,DB하이텍,2018,20180813000640,20180813,[기재정정]사업보고서 (2017.12),0,0,
00160843,DB하이텍,2024,20240327001130,20240327,[기재정정]사업보고서 (2023.12),1,29,감사용역|감사위원|감사의견|감사인|관계기업|내부회계관리제도|당기순이익|매출|부채총계|비감사용역|사외이사|소액주주|손익계산서|연결재무제표|영업이익|이사회|자본변동표|자본총계|자산총계|재무상태표|재무제표|종속기업|최대주주|출자|타법인|특수관계|포괄손익계산서|현금흐름표|회계감사
00109824,대림통상,2019,20190619000229,20190619,[기재정정]사업보고서 (2018.12),0,0,
00100939,강남제비스코,2018,20181231000137,20181231,[기재정정]사업보고서 (2017.12),0,0,
00100939,강남제비스코,2018,20181231000132,20181231,[기재정정]사업보고서 (2016.12),0,0,
00100939,강남제비스코,2018,20181231000124,20181231,[기재정정]사업보고서 (2015.12),0,0,
00100939,강남제비스코,2018,20181231000116,20181231,[기재정정]사업보고서 (2014.12),0,0,
00100939,강남제비스코,2018,20181231000114,20181231,[기재정정]사업보고서 (2013.12),0,0,
00100939,강남제비스코,2018,20181231000110,20181231,[기재정정]사업보고서 (2012.12),0,0,
00100939,강남제비스코,2018,20181231000103,20181231,[기재정정]사업보고서 (2011.12),0,0,
00173698,신일전자,2019,20190626000411,20190626,[기재정정]사업보고서 (2018.12),0,0,
00126414,삼성제약,2018,20180607000030,20180607,[기재정정]사업보고서 (2017.12),0,0,
00126414,삼성제약,2021,20210707000529,20210707,[기재정정]사업보고서 (2020.12),0,0,
00126414,삼성제약,2022,20220812000933,20220812,[기재정정]사업보고서 (2021.12),1,29,감사용역|감사위원|감사의견|감사인|관계기업|내부회계관리제도|당기순이익|매출|부채총계|비감사용역|사외이사|소액주주|손익계산서|연결재무제표|영업이익|이사회|자본변동표|자본총계|자산총계|재무상태표|재무제표|종속기업|최대주주|출자|타법인|특수관계|포괄손익계산서|현금흐름표|회계감사
00126955,삼양식품,2020,20200331001835,20200331,[기재정정]사업보고서 (2019.12),0,0,
00116301,NI스틸,2018,20180611000252,20180611,[기재정정]사업보고서 (2017.12),0,0,
00116301,NI스틸,2019,20190618000170,20190618,[기재정정]사업보고서 (2018.12),0,0,
00109286,대동,2024,20240320002054,20240320,[기재정정]사업보고서 (2023.12),1,29,감사용역|감사위원|감사의견|감사인|관계기업|내부회계관리제도|당기순이익|매출|부채총계|비감사용역|사외이사|소액주주|손익계산서|연결재무제표|영업이익|이사회|자본변동표|자본총계|자산총계|재무상태표|재무제표|종속기업|최대주주|출자|타법인|특수관계|포괄손익계산서|현금흐름표|회계감사
00113492,깨끗한나라,2020,20200709000357,20200709,[기재정정]사업보고서 (2018.12),0,0,
00113492,깨끗한나라,2022,20220325001053,20220325,[첨부정정]사업보고서 (2021.12),0,0,
00113492,깨끗한나라,2024,20240401001062,20240401,[기재정정]사업보고서 (2023.12),1,29,감사용역|감사위원|감사의견|감사인|관계기업|내부회계관리제도|당기순이익|매출|부채총계|비감사용역|사외이사|소액주주|손익계산서|연결재무제표|영업이익|이사회|자본변동표|자본총계|자산총계|재무상태표|재무제표|종속기업|최대주주|출자|타법인|특수관계|포괄손익계산서|현금흐름표|회계감사
00126089,DH오토넥스,2020,20200812000329,20200812,[기재정정]사업보고서 (2019.12),0,0,
00126089,DH오토넥스,2021,20210607000169,20210607,[기재정정]사업보고서 (2019.12),0,0,
00126089,DH오토넥스,2021,20210607000165,20210607,[기재정정]사업보고서 (2018.12),0,0,
00126089,DH오토넥스,2021,20210607000157,20210607,[기재정정]사업보고서 (2017.12),0,0,
00126089,DH오토넥스,2021,20210406002956,20210407,[기재정정]사업보고서 (2020.12),0,0,
00126089,DH오토넥스,2021,20210406002944,20210407,[기재정정]사업보고서 (2020.12),0,0,
00126089,DH오토넥스,2021,20210406002873,20210406,[기재정정]사업보고서 (2020.12),0,0,
00126089,DH오토넥스,2022,20220503000009,20220503,[기재정정]사업보고서 (2019.12),0,0,
00126089,DH오토넥스,2022,20220503000008,20220503,[기재정정]사업보고서 (2018.12),0,0,
00126089,DH오토넥스,2022,20220503000005,20220503,[기재정정]사업보고서 (2017.12),0,0,
00126089,DH오토넥스,2023,20230324000003,20230324,[기재정정]사업보고서 (2022.12),1,29,감사용역|감사위원|감사의견|감사인|관계기업|내부회계관리제도|당기순이익|매출|부채총계|비감사용역|사외이사|소액주주|손익계산서|연결재무제표|영업이익|이사회|자본변동표|자본총계|자산총계|재무상태표|재무제표|종속기업|최대주주|출자|타법인|특수관계|포괄손익계산서|현금흐름표|회계감사
00138242,KG모빌리티,2022,20220427000218,20220427,[기재정정]사업보고서 (2021.12),0,0,
00146454,일양약품,2018,20180817000237,20180817,[기재정정]사업보고서 (2017.12),0,0,
00146454,일양약품,2018,20180814002374,20180814,[기재정정]사업보고서 (2017.12),0,0,
00146454,일양약품,2019,20190813000206,20190813,[기재정정]사업보고서 (2018.12),0,0,
00163512,한진,2021,20210325000974,20210325,[기재정정]사업보고서 (2020.12),0,0,
00163512,한진,2022,20220812000715,20220812,[기재정정]사업보고서 (2021.12),1,29,감사용역|감사위원|감사의견|감사인|관계기업|내부회계관리제도|당기순이익|매출|부채총계|비감사용역|사외이사|소액주주|손익계산서|연결재무제표|영업이익|이사회|자본변동표|자본총계|자산총계|재무상태표|재무제표|종속기업|최대주주|출자|타법인|특수관계|포괄손익계산서|현금흐름표|회계감사
00163512,한진,2024,20240328001771,20240328,[기재정정]사업보고서 (2023.12),1,29,감사용역|감사위원|감사의견|감사인|관계기업|내부회계관리제도|당기순이익|매출|부채총계|비감사용역|사외이사|소액주주|손익계산서|연결재무제표|영업이익|이사회|자본변동표|자본총계|자산총계|재무상태표|재무제표|종속기업|최대주주|출자|타법인|특수관계|포괄손익계산서|현금흐름표|회계감사
00164742,현대자동차,2022,20220217001036,20220217,[기재정정]사업보고서 (2020.12),0,0,
00164742,현대자동차,2022,20220217001012,20220217,[기재정정]사업보고서 (2019.12),0,0,
00164742,현대자동차,2022,20220217000981,20220217,[기재정정]사업보고서 (2018.12),0,0,
00164742,현대자동차,2022,20220217000967,20220217,[기재정정]사업보고서 (2017.12),1,29,감사용역|감사위원|감사의견|감사인|관계기업|내부회계관리제도|당기순이익|매출|부채총계|비감사용역|사외이사|소액주주|손익계산서|연결재무제표|영업이익|이사회|자본변동표|자본총계|자산총계|재무상태표|재무제표|종속기업|최대주주|출자|타법인|특수관계|포괄손익계산서|현금흐름표|회계감사
00164742,현대자동차,2022,20220217000946,20220217,[기재정정]사업보고서 (2016.12),1,29,감사용역|감사위원|감사의견|감사인|관계기업|내부회계관리제도|당기순이익|매출|부채총계|비감사용역|사외이사|소액주주|손익계산서|연결재무제표|영업이익|이사회|자본변동표|자본총계|자산총계|재무상태표|재무제표|종속기업|최대주주|출자|타법인|특수관계|포괄손익계산서|현금흐름표|회계감사
00164742,현대자동차,2022,20220217000915,20220217,[기재정정]사업보고서 (2015.12),1,29,감사용역|감사위원|감사의견|감사인|관계기업|내부회계관리제도|당기순이익|매출|부채총계|비감사용역|사외이사|소액주주|손익계산서|연결재무제표|영업이익|이사회|자본변동표|자본총계|자산총계|재무상태표|재무제표|종속기업|최대주주|출자|타법인|특수관계|포괄손익계산서|현금흐름표|회계감사
00164742,현대자동차,2022,20220217000891,20220217,[기재정정]사업보고서 (2014.12),0,0,
00164742,현대자동차,2024,20240314001531,20240314,[기재정정]사업보고서 (2022.12),1,29,감사용역|감사위원|감사의견|감사인|관계기업|내부회계관리제도|당기순이익|매출|부채총계|비감사용역|사외이사|소액주주|손익계산서|연결재무제표|영업이익|이사회|자본변동표|자본총계|자산총계|재무상태표|재무제표|종속기업|최대주주|출자|타법인|특수관계|포괄손익계산서|현금흐름표|회계감사
00164742,현대자동차,2024,20240314001466,20240314,[기재정정]사업보고서 (2021.12),1,29,감사용역|감사위원|감사의견|감사인|관계기업|내부회계관리제도|당기순이익|매출|부채총계|비감사용역|사외이사|소액주주|손익계산서|연결재무제표|영업이익|이사회|자본변동표|자본총계|자산총계|재무상태표|재무제표|종속기업|최대주주|출자|타법인|특수관계|포괄손익계산서|현금흐름표|회계감사
00121288,모나미,2021,20210331000541,20210331,[기재정정]사업보고서 (2020.12),0,0,
00162461,한화솔루션,2018,20180814000976,20180814,[기재정정]사업보고서 (2017.12),0,0,
00162461,한화솔루션,2020,20200402001215,20200402,[기재정정]사업보고서 (2019.12),0,0,
00162461,한화솔루션,2022,20220728000033,20220728,[기재정정]사업보고서 (2021.12),0,0,
00162461,한화솔루션,2022,20220329000749,20220329,[기재정정]사업보고서 (2021.12),0,0,
00162461,한화솔루션,2022,20220315001281,20220315,[첨부정정]사업보고서 (2021.12),0,0,
00162461,한화솔루션,2023,20230316001209,20230316,[첨부정정]사업보고서 (2022.12),0,0,
00162461,한화솔루션,2024,20240328000654,20240328,[기재정정]사업보고서 (2023.12),1,29,감사용역|감사위원|감사의견|감사인|관계기업|내부회계관리제도|당기순이익|매출|부채총계|비감사용역|사외이사|소액주주|손익계산서|연결재무제표|영업이익|이사회|자본변동표|자본총계|자산총계|재무상태표|재무제표|종속기업|최대주주|출자|타법인|특수관계|포괄손익계산서|현금흐름표|회계감사
00159810,카프로,2023,20230711000073,20230711,[기재정정]사업보고서 (2022.12),1,29,감사용역|감사위원|감사의견|감사인|관계기업|내부회계관리제도|당기순이익|매출|부채총계|비감사용역|사외이사|소액주주|손익계산서|연결재무제표|영업이익|이사회|자본변동표|자본총계|자산총계|재무상태표|재무제표|종속기업|최대주주|출자|타법인|특수관계|포괄손익계산서|현금흐름표|회계감사
00159810,카프로,2024,20240813001630,20240814,[기재정정]사업보고서 (2023.12),1,29,감사용역|감사위원|감사의견|감사인|관계기업|내부회계관리제도|당기순이익|매출|부채총계|비감사용역|사외이사|소액주주|손익계산서|연결재무제표|영업이익|이사회|자본변동표|자본총계|자산총계|재무상태표|재무제표|종속기업|최대주주|출자|타법인|특수관계|포괄손익계산서|현금흐름표|회계감사
00112970,대한방직,2018,20180403000210,20180403,[기재정정]사업보고서 (2017.12),0,0,
00112970,대한방직,2019,20190814000012,20190814,[기재정정]사업보고서 (2018.12),0,0,
00112970,대한방직,2020,20200330004759,20200330,[첨부정정]사업보고서 (2019.12),0,0,
00112970,대한방직,2021,20210329000181,20210329,[기재정정]사업보고서 (2020.12),0,0,
00112970,대한방직,2022,20220328001072,20220328,[기재정정]사업보고서 (2021.12),0,0,
00130879,서울식품공업,2018,20180402004813,20180402,[기재정정]사업보고서 (2017.12),0,0,
00104698,LS네트웍스,2019,20190402002227,20190402,[기재정정]사업보고서 (2018.12),0,0,
00104698,LS네트웍스,2022,20220519000247,20220519,[기재정정]사업보고서 (2021.12),0,0,
00104698,LS네트웍스,2024,20240321001321,20240321,[기재정정]사업보고서 (2023.12),1,29,감사용역|감사위원|감사의견|감사인|관계기업|내부회계관리제도|당기순이익|매출|부채총계|비감사용역|사외이사|소액주주|손익계산서|연결재무제표|영업이익|이사회|자본변동표|자본총계|자산총계|재무상태표|재무제표|종속기업|최대주주|출자|타법인|특수관계|포괄손익계산서|현금흐름표|회계감사
00106395,금호전기,2021,20210331002867,20210331,[기재정정]사업보고서 (2020.12),0,0,
00106395,금호전기,2022,20220811000312,20220811,[기재정정]사업보고서 (2021.12),1,29,감사용역|감사위원|감사의견|감사인|관계기업|내부회계관리제도|당기순이익|매출|부채총계|비감사용역|사외이사|소액주주|손익계산서|연결재무제표|영업이익|이사회|자본변동표|자본총계|자산총계|재무상태표|재무제표|종속기업|최대주주|출자|타법인|특수관계|포괄손익계산서|현금흐름표|회계감사
00106641,기아,2021,20211210000500,20211210,[기재정정]사업보고서 (2020.12),0,0,
00106641,기아,2021,20211210000477,20211210,[기재정정]사업보고서 (2019.12),0,0,
00106641,기아,2021,20211210000468,20211210,[기재정정]사업보고서 (2018.12),0,0,
00106641,기아,2021,20211210000450,20211210,[기재정정]사업보고서 (2017.12),0,0,
00106641,기아,2021,20211210000438,20211210,[기재정정]사업보고서 (2016.12),0,0,
00106641,기아,2021,20211210000418,20211210,[기재정정]사업보고서 (2015.12),0,0,
00106641,기아,2021,20211210000409,20211210,[기재정정]사업보고서 (2014.12),0,0,
00106641,기아,2024,20240312000909,20240312,[기재정정]사업보고서 (2023.12),1,29,감사용역|감사위원|감사의견|감사인|관계기업|내부회계관리제도|당기순이익|매출|부채총계|비감사용역|사외이사|소액주주|손익계산서|연결재무제표|영업이익|이사회|자본변동표|자본총계|자산총계|재무상태표|재무제표|종속기업|최대주주|출자|타법인|특수관계|포괄손익계산서|현금흐름표|회계감사
00117212,두산,2022,20220322000813,20220322,[첨부정정]사업보고서 (2021.12),0,0,
00117212,두산,2024,20241002000389,20241002,[기재정정]사업보고서 (2020.12),1,29,감사용역|감사위원|감사의견|감사인|관계기업|내부회계관리제도|당기순이익|매출|부채총계|비감사용역|사외이사|소액주주|손익계산서|연결재무제표|영업이익|이사회|자본변동표|자본총계|자산총계|재무상태표|재무제표|종속기업|최대주주|출자|타법인|특수관계|포괄손익계산서|현금흐름표|회계감사
00117212,두산,2024,20241002000388,20241002,[기재정정]사업보고서 (2019.12),1,29,감사용역|감사위원|감사의견|감사인|관계기업|내부회계관리제도|당기순이익|매출|부채총계|비감사용역|사외이사|소액주주|손익계산서|연결재무제표|영업이익|이사회|자본변동표|자본총계|자산총계|재무상태표|재무제표|종속기업|최대주주|출자|타법인|특수관계|포괄손익계산서|현금흐름표|회계감사
00117212,두산,2024,20241002000384,20241002,[기재정정]사업보고서 (2018.12),1,29,감사용역|감사위원|감사의견|감사인|관계기업|내부회계관리제도|당기순이익|매출|부채총계|비감사용역|사외이사|소액주주|손익계산서|연결재무제표|영업이익|이사회|자본변동표|자본총계|자산총계|재무상태표|재무제표|종속기업|최대주주|출자|타법인|특수관계|포괄손익계산서|현금흐름표|회계감사
00117212,두산,2024,20241002000378,20241002,[기재정정]사업보고서 (2017.12),1,29,감사용역|감사위원|감사의견|감사인|관계기업|내부회계관리제도|당기순이익|매출|부채총계|비감사용역|사외이사|소액주주|손익계산서|연결재무제표|영업이익|이사회|자본변동표|자본총계|자산총계|재무상태표|재무제표|종속기업|최대주주|출자|타법인|특수관계|포괄손익계산서|현금흐름표|회계감사
00117212,두산,2024,20240418000399,20240418,[기재정정]사업보고서 (2020.12),1,29,감사용역|감사위원|감사의견|감사인|관계기업|내부회계관리제도|당기순이익|매출|부채총계|비감사용역|사외이사|소액주주|손익계산서|연결재무제표|영업이익|이사회|자본변동표|자본총계|자산총계|재무상태표|재무제표|종속기업|최대주주|출자|타법인|특수관계|포괄손익계산서|현금흐름표|회계감사
00117212,두산,2024,20240418000398,20240418,[기재정정]사업보고서 (2019.12),1,29,감사용역|감사위원|감사의견|감사인|관계기업|내부회계관리제도|당기순이익|매출|부채총계|비감사용역|사외이사|소액주주|손익계산서|연결재무제표|영업이익|이사회|자본변동표|자본총계|자산총계|재무상태표|재무제표|종속기업|최대주주|출자|타법인|특수관계|포괄손익계산서|현금흐름표|회계감사
00117212,두산,2024,20240418000394,20240418,[기재정정]사업보고서 (2018.12),1,29,감사용역|감사위원|감사의견|감사인|관계기업|내부회계관리제도|당기순이익|매출|부채총계|비감사용역|사외이사|소액주주|손익계산서|연결재무제표|영업이익|이사회|자본변동표|자본총계|자산총계|재무상태표|재무제표|종속기업|최대주주|출자|타법인|특수관계|포괄손익계산서|현금흐름표|회계감사
00117212,두산,2024,20240418000391,20240418,[기재정정]사업보고서 (2017.12),1,29,감사용역|감사위원|감사의견|감사인|관계기업|내부회계관리제도|당기순이익|매출|부채총계|비감사용역|사외이사|소액주주|손익계산서|연결재무제표|영업이익|이사회|자본변동표|자본총계|자산총계|재무상태표|재무제표|종속기업|최대주주|출자|타법인|특수관계|포괄손익계산서|현금흐름표|회계감사
00117230,TYM,2019,20190410001742,20190410,[첨부정정]사업보고서 (2018.12),0,0,
00117230,TYM,2019,20190404002287,20190404,[기재정정]사업보고서 (2017.12),0,0,
00117230,TYM,2020,20200331001605,20200331,[기재정정]사업보고서 (2019.12),0,0,
00141149,영진약품,2018,20180705000501,20180705,[기재정정]사업보고서 (2017.12),0,0,
00141149,영진약품,2022,20220318000145,20220318,[기재정정]사업보고서 (2021.12),0,0,
00105271,케이씨씨,2021,20210318000812,20210318,[기재정정]사업보고서 (2020.12),0,0,
00105271,케이씨씨,2021,20210317000457,20210317,[기재정정]사업보고서 (2019.12),0,0,
00105271,케이씨씨,2021,20210317000416,20210317,[기재정정]사업보고서 (2018.12),0,0,
00105271,케이씨씨,2021,20210317000396,20210317,[기재정정]사업보고서 (2017.12),0,0,
00105271,케이씨씨,2021,20210317000365,20210317,[기재정정]사업보고서 (2016.12),0,0,
00105271,케이씨씨,2024,20240327001177,20240327,[기재정정]사업보고서 (2023.12),1,29,감사용역|감사위원|감사의견|감사인|관계기업|내부회계관리제도|당기순이익|매출|부채총계|비감사용역|사외이사|소액주주|손익계산서|연결재무제표|영업이익|이사회|자본변동표|자본총계|자산총계|재무상태표|재무제표|종속기업|최대주주|출자|타법인|특수관계|포괄손익계산서|현금흐름표|회계감사
00120571,롯데칠성음료,2022,20220317000852,20220317,[기재정정]사업보고서 (2021.12),0,0,
00120571,롯데칠성음료,2024,20240326000264,20240326,[기재정정]사업보고서 (2023.12),1,29,감사용역|감사위원|감사의견|감사인|관계기업|내부회계관리제도|당기순이익|매출|부채총계|비감사용역|사외이사|소액주주|손익계산서|연결재무제표|영업이익|이사회|자본변동표|자본총계|자산총계|재무상태표|재무제표|종속기업|최대주주|출자|타법인|특수관계|포괄손익계산서|현금흐름표|회계감사
00146269,일신방직,2022,20220725000075,20220725,[기재정정]사업보고서 (2021.12),0,0,
00146269,일신방직,2024,20240402001083,20240402,[첨부정정]사업보고서 (2023.12),1,23,감사위원|감사의견|감사인|관계기업|내부회계관리제도|당기순이익|매출|부채총계|손익계산서|연결재무제표|영업이익|이사회|자본변동표|자본총계|자산총계|재무상태표|재무제표|종속기업|출자|특수관계|포괄손익계산서|현금흐름표|회계감사
00154462,아모레퍼시픽홀딩스,2020,20200429000864,20200429,[기재정정]사업보고서 (2019.12),0,0,
00154462,아모레퍼시픽홀딩스,2020,20200429000572,20200429,[기재정정]사업보고서 (2019.12),0,0,
00113243,대한제분,2019,20190329004014,20190329,[첨부정정]사업보고서 (2018.12),0,0,
00113243,대한제분,2024,20240510001061,20240510,[기재정정]사업보고서 (2023.12),1,29,감사용역|감사위원|감사의견|감사인|관계기업|내부회계관리제도|당기순이익|매출|부채총계|비감사용역|사외이사|소액주주|손익계산서|연결재무제표|영업이익|이사회|자본변동표|자본총계|자산총계|재무상태표|재무제표|종속기업|최대주주|출자|타법인|특수관계|포괄손익계산서|현금흐름표|회계감사
00121941,대상,2020,20200330003931,20200330,[첨부정정]사업보고서 (2019.12),0,0,
00121941,대상,2022,20220816001426,20220816,[기재정정]사업보고서 (2021.12),1,29,감사용역|감사위원|감사의견|감사인|관계기업|내부회계관리제도|당기순이익|매출|부채총계|비감사용역|사외이사|소액주주|손익계산서|연결재무제표|영업이익|이사회|자본변동표|자본총계|자산총계|재무상태표|재무제표|종속기업|최대주주|출자|타법인|특수관계|포괄손익계산서|현금흐름표|회계감사
00121941,대상,2022,20220324000890,20220324,[첨부정정]사업보고서 (2021.12),0,0,
00121941,대상,2024,20240327000761,20240327,[기재정정]사업보고서 (2023.12),1,29,감사용역|감사위원|감사의견|감사인|관계기업|내부회계관리제도|당기순이익|매출|부채총계|비감사용역|사외이사|소액주주|손익계산서|연결재무제표|영업이익|이사회|자본변동표|자본총계|자산총계|재무상태표|재무제표|종속기업|최대주주|출자|타법인|특수관계|포괄손익계산서|현금흐름표|회계감사
00162993,한일홀딩스,2019,20190716000211,20190716,[기재정정]사업보고서 (2018.12),0,0,
00162993,한일홀딩스,2019,20190515002609,20190515,[기재정정]사업보고서 (2018.12),0,0,
00162993,한일홀딩스,2021,20210624000368,20210624,[기재정정]사업보고서 (2018.12),0,0,
00162993,한일홀딩스,2023,20230717000230,20230717,[기재정정]사업보고서 (2022.12),1,29,감사용역|감사위원|감사의견|감사인|관계기업|내부회계관리제도|당기순이익|매출|부채총계|비감사용역|사외이사|소액주주|손익계산서|연결재무제표|영업이익|이사회|자본변동표|자본총계|자산총계|재무상태표|재무제표|종속기업|최대주주|출자|타법인|특수관계|포괄손익계산서|현금흐름표|회계감사
00113234,대한제당,2019,20190408002984,20190408,[기재정정]사업보고서 (2018.12),0,0,
00113234,대한제당,2021,20210419000297,20210419,[기재정정]사업보고서 (2020.12),0,0,
00133618,세기상사,2020,20200512000314,20200512,[기재정정]사업보고서 (2019.12),0,0,
00133618,세기상사,2021,20210326001276,20210326,[기재정정]사업보고서 (2020.12),0,0,
00147222,전방,2019,20190628000036,20190628,[기재정정]사업보고서 (2018.12),0,0,
00147222,전방,2021,20210215001241,20210215,[기재정정]사업보고서 (2019.12),0,0,
00147222,전방,2023,20230317000870,20230317,[기재정정]사업보고서 (2022.12),1,29,감사용역|감사위원|감사의견|감사인|관계기업|내부회계관리제도|당기순이익|매출|부채총계|비감사용역|사외이사|소액주주|손익계산서|연결재무제표|영업이익|이사회|자본변동표|자본총계|자산총계|재무상태표|재무제표|종속기업|최대주주|출자|타법인|특수관계|포괄손익계산서|현금흐름표|회계감사
00113526,대한항공,2019,20190401004973,20190401,[기재정정]사업보고서 (2017.12),0,0,
00113526,대한항공,2020,20200414002243,20200414,[기재정정]사업보고서 (2019.12),0,0,
00113526,대한항공,2020,20200409002561,20200409,[기재정정]사업보고서 (2018.12),0,0,
00113526,대한항공,2021,20210318001404,20210318,[기재정정]사업보고서 (2020.12),0,0,
00113410,CJ대한통운,2019,20191002000600,20191002,[기재정정]사업보고서 (2018.12),0,0,
00113410,CJ대한통운,2024,20240320001789,20240320,[기재정정]사업보고서 (2023.12),1,29,감사용역|감사위원|감사의견|감사인|관계기업|내부회계관리제도|당기순이익|매출|부채총계|비감사용역|사외이사|소액주주|손익계산서|연결재무제표|영업이익|이사회|자본변동표|자본총계|자산총계|재무상태표|재무제표|종속기업|최대주주|출자|타법인|특수관계|포괄손익계산서|현금흐름표|회계감사
00101628,경방,2022,20220805000069,20220805,[기재정정]사업보고서 (2021.12),1,29,감사용역|감사위원|감사의견|감사인|관계기업|내부회계관리제도|당기순이익|매출|부채총계|비감사용역|사외이사|소액주주|손익계산서|연결재무제표|영업이익|이사회|자본변동표|자본총계|자산총계|재무상태표|재무제표|종속기업|최대주주|출자|타법인|특수관계|포괄손익계산서|현금흐름표|회계감사
00163673,한진중공업홀딩스,2024,20240321000495,20240321,[기재정정]사업보고서 (2023.12),1,29,감사용역|감사위원|감사의견|감사인|관계기업|내부회계관리제도|당기순이익|매출|부채총계|비감사용역|사외이사|소액주주|손익계산서|연결재무제표|영업이익|이사회|자본변동표|자본총계|자산총계|재무상태표|재무제표|종속기업|최대주주|출자|타법인|특수관계|포괄손익계산서|현금흐름표|회계감사
