model,variable,coef,std_err,t_or_z,p_value,nobs
M1_controls,Intercept,-0.4288870831780378,0.15563985877302344,-2.7556378331305416,0.0058577818001372545,4610.0
M1_controls,C(year)[T.2019],-0.030050569459693748,0.022933719816754017,-1.3103225163560506,0.19008675344347314,4610.0
M1_controls,C(year)[T.2020],-0.09959028293729837,0.02107584206787427,-4.725328772941557,2.2974334943419e-06,4610.0
M1_controls,C(year)[T.2021],0.01769767252802022,0.022764750227098077,0.7774156250989194,0.43691359678671526,4610.0
M1_controls,C(year)[T.2022],0.04514441836343856,0.02428448480071968,1.8589819275103867,0.06302970009563567,4610.0
M1_controls,C(year)[T.2023],-0.06372397902610034,0.02131294140123118,-2.989919496631245,0.0027905098112303663,4610.0
M1_controls,C(year)[T.2024],-0.00310537351845702,0.022459572402643506,-0.1382650329572399,0.8900309596958192,4610.0
M1_controls,C(sector)[T.1차 철강 제조업],0.004802887511705985,0.05732544953036044,0.08378281463213476,0.9332291119095752,4610.0
M1_controls,C(sector)[T.가구 제조업],0.015148490678765362,0.06928242928965138,0.21864837642215978,0.8269239655091847,4610.0
M1_controls,C(sector)[T.가전제품 및 정보통신장비 소매업],-0.1122022681488882,0.05029999639386899,-2.2306615545317294,0.02570355608348163,4610.0
M1_controls,C(sector)[T.가정용 기기 제조업],0.1026025461254963,0.04794212455424864,2.1401334855195446,0.03234398063835391,4610.0
M1_controls,"C(sector)[T.가죽, 가방 및 유사제품 제조업]",0.07326782454389554,0.07126433406457502,1.0281135087504654,0.3038964369018814,4610.0
M1_controls,C(sector)[T.개인 및 가정용품 임대업],0.29042543491476736,0.04949831768335163,5.8673799132460145,4.427354425735244e-09,4610.0
M1_controls,C(sector)[T.건물 건설업],0.015486075044150095,0.06985700366660391,0.22168249754968267,0.8245610560626929,4610.0
M1_controls,C(sector)[T.건물설비 설치 공사업],0.0021557878304436545,0.050522628264204436,0.042669748279327784,0.9659647949728811,4610.0
M1_controls,"C(sector)[T.건축기술, 엔지니어링 및 관련 기술 서비스업]",0.09652587865092777,0.08742226642727906,1.1041337933193647,0.26953510404010395,4610.0
M1_controls,"C(sector)[T.건축자재, 철물 및 난방장치 도매업]",-0.14870963596185288,0.04906099747061954,-3.031117254615716,0.002436506090131021,4610.0
M1_controls,"C(sector)[T.경비, 경호 및 탐정업]",-0.17410276816306056,0.04910123661548189,-3.545791922237759,0.0003914351593989848,4610.0
M1_controls,C(sector)[T.고무제품 제조업],0.03867801708340649,0.13918702866557334,0.2778852128263957,0.7811004754773748,4610.0
M1_controls,"C(sector)[T.곡물가공품, 전분 및 전분제품 제조업]",0.014989145903476438,0.06899757069908631,0.21724164708417668,0.8280200299094875,4610.0
M1_controls,"C(sector)[T.골판지, 종이 상자 및 종이용기 제조업]",-0.012598411036716746,0.07651684810462862,-0.16464884987800024,0.8692203792465295,4610.0
M1_controls,C(sector)[T.광고업],0.12013696007340044,0.06351629442056275,1.8914352792361155,0.05856626289479681,4610.0
M1_controls,"C(sector)[T.구조용 금속제품, 탱크 및 증기발생기 제조업]",0.06889429874520003,0.05610219129900044,1.2280143992597934,0.21944156265279624,4610.0
M1_controls,C(sector)[T.귀금속 및 장신용품 제조업],-0.18722895411173077,0.04876475673548639,-3.839431725811998,0.0001233194158373531,4610.0
M1_controls,C(sector)[T.그외 기타 개인 서비스업],0.2318497754394777,0.04931726994866498,4.7011883601994455,2.5865178180341487e-06,4610.0
M1_controls,C(sector)[T.그외 기타 운송장비 제조업],0.041099412788475904,0.09812454286939133,0.4188494701389975,0.675326147839792,4610.0
M1_controls,C(sector)[T.금속 주조업],0.09882368224079835,0.04814476897431109,2.0526359217452748,0.04010790094501489,4610.0
M1_controls,C(sector)[T.기계장비 및 관련 물품 도매업],-0.024761971205055015,0.05593790807388292,-0.4426688815811515,0.6580052538975067,4610.0
M1_controls,C(sector)[T.기반조성 및 시설물 축조관련 전문공사업],-0.01681160481167647,0.049011127897239,-0.3430160768167822,0.73158636554798,4610.0
M1_controls,C(sector)[T.기초 의약물질 제조업],0.036652348230155736,0.08045437688876152,0.4555668646944131,0.6487014751620026,4610.0
M1_controls,C(sector)[T.기초 화학물질 제조업],0.05558438696069837,0.06548096790127376,0.8488632459511509,0.39595739242976247,4610.0
M1_controls,C(sector)[T.기타 금속 가공제품 제조업],0.08606028389562329,0.07839829535095186,1.097731570697709,0.2723217197129977,4610.0
M1_controls,C(sector)[T.기타 비금속 광물제품 제조업],-0.1574060872332049,0.0530214794274103,-2.968723033251149,0.00299039999075127,4610.0
M1_controls,C(sector)[T.기타 사업지원 서비스업],-0.15708235774489565,0.05007130557996167,-3.1371731958145577,0.0017058532648107758,4610.0
M1_controls,C(sector)[T.기타 상품 전문 소매업],-0.12192621161978548,0.049246352673108805,-2.4758424736369125,0.013292221096597522,4610.0
M1_controls,C(sector)[T.기타 식품 제조업],-0.030504172430643628,0.06276595825180852,-0.4859986731703358,0.6269681066741458,4610.0
M1_controls,C(sector)[T.기타 운송관련 서비스업],-0.09261221140868546,0.053954267725866305,-1.7164946409658357,0.08607154798147397,4610.0
M1_controls,C(sector)[T.기타 전기장비 제조업],-0.20370385555860646,0.04985198514786614,-4.086173398198683,4.3854608388116345e-05,4610.0
M1_controls,C(sector)[T.기타 전문 도매업],0.054440824936500466,0.06816269190960535,0.7986894797039079,0.42447048843513835,4610.0
M1_controls,C(sector)[T.기타 정보 서비스업],-0.0635271027291683,0.08475331409764725,-0.7495530222685629,0.4535239533253441,4610.0
M1_controls,C(sector)[T.기타 종이 및 판지 제품 제조업],0.17278158749258749,0.050003882131501184,3.4553634663445347,0.0005495514446776854,4610.0
M1_controls,C(sector)[T.기타 화학제품 제조업],-0.006783753257277441,0.0555031051152036,-0.12222295028714009,0.9027224510148849,4610.0
M1_controls,C(sector)[T.나무제품 제조업],-0.19880965324881048,0.04801983229272747,-4.140157175828369,3.470679361343094e-05,4610.0
M1_controls,"C(sector)[T.내화, 비내화 요업제품 제조업]",0.1088989708774841,0.07944595819146656,1.3707301586700622,0.17045908973941304,4610.0
M1_controls,C(sector)[T.담배 제조업],0.22329473799080501,0.05190801690746668,4.301738946969583,1.6946289505734032e-05,4610.0
M1_controls,C(sector)[T.도로 화물 운송업],0.12088428368786588,0.05573516309471986,2.1689051753993702,0.030089883754843935,4610.0
M1_controls,"C(sector)[T.도축, 육류 가공 및 저장 처리업]",-0.09095462936586607,0.049886517315315154,-1.8232306895864028,0.06826845876690274,4610.0
M1_controls,C(sector)[T.동·식물성 유지 및 낙농제품 제조업],0.037773243874028584,0.06381400390338676,0.5919271878194101,0.553899346987527,4610.0
M1_controls,C(sector)[T.동물용 사료 및 조제식품 제조업],-0.21901425414304593,0.04840497577282457,-4.5246227406647,6.0503332154778225e-06,4610.0
M1_controls,"C(sector)[T.떡, 빵 및 과자류 제조업]",0.12106926314439771,0.04822856129791286,2.510322926627237,0.012062079985735118,4610.0
M1_controls,C(sector)[T.무기 및 총포탄 제조업],0.196171518649698,0.19972671223217828,0.9821997090787364,0.3260014708920469,4610.0
M1_controls,C(sector)[T.무점포 소매업],0.08749323290374264,0.049272717511232425,1.7756932704959352,0.07578348718475653,4610.0
M1_controls,C(sector)[T.반도체 제조업],0.08483741468150274,0.0656141830883954,1.2929737244036068,0.19602014698070458,4610.0
M1_controls,C(sector)[T.방적 및 가공사 제조업],0.1787343623379465,0.06580046707934033,2.716308413471195,0.006601439029942472,4610.0
M1_controls,C(sector)[T.봉제의복 제조업],0.048302946388184546,0.07084757602008836,0.6817868599271282,0.49537373424120346,4610.0
M1_controls,"C(sector)[T.비료, 농약 및 살균, 살충제 제조업]",-0.04344972124636475,0.06787178177516744,-0.6401735759685316,0.5220597596593676,4610.0
M1_controls,C(sector)[T.비알코올음료 및 얼음 제조업],0.03179520604768257,0.0488523833425763,0.6508424742498102,0.5151481788580028,4610.0
M1_controls,C(sector)[T.산업용 기계 및 장비 임대업],0.18336994130441597,0.04924333940079665,3.7237511414883744,0.00019628441452124932,4610.0
M1_controls,C(sector)[T.산업용 농·축산물 및 동·식물 도매업],-0.0485024217136519,0.048420664425579796,-1.001688479268965,0.31649407260789164,4610.0
M1_controls,C(sector)[T.상품 종합 도매업],0.00857557007419457,0.06393510302865296,0.1341292915466386,0.8933003376149973,4610.0
M1_controls,C(sector)[T.상품 중개업],-0.09511841736577285,0.07020103213745285,-1.354943288861224,0.17543562616356245,4610.0
M1_controls,C(sector)[T.생활용품 도매업],0.08726148315936906,0.08207850093513731,1.0631466482109317,0.28771545261078457,4610.0
M1_controls,"C(sector)[T.서적, 잡지 및 기타 인쇄물 출판업]",0.12910743712428246,0.10086813197667906,1.279962606565693,0.20055828730228087,4610.0
M1_controls,C(sector)[T.석유 정제품 제조업],-0.07889061338138376,0.08998738456840093,-0.8766852571586595,0.38065761661775765,4610.0
M1_controls,C(sector)[T.선박 및 보트 건조업],-0.12591767196420434,0.07079373167727498,-1.7786556659877886,0.07529623179539652,4610.0
M1_controls,"C(sector)[T.섬유, 의복, 신발 및 가죽제품 소매업]",-0.00011628047120756756,0.056410280438939094,-0.002061334747899978,0.9983552939947579,4610.0
M1_controls,C(sector)[T.소프트웨어 개발 및 공급업],0.07825834437324,0.08755555410750146,0.8938135926494593,0.37142163529720684,4610.0
M1_controls,C(sector)[T.수산물 가공 및 저장 처리업],-0.04779805290472121,0.06443164980129305,-0.741841207731452,0.458183550317503,4610.0
M1_controls,C(sector)[T.스포츠 서비스업],0.16142909663003652,0.05043077332004172,3.2010037919819663,0.001369497298218292,4610.0
M1_controls,"C(sector)[T.시멘트, 석회, 플라스터 및 그 제품 제조업]",-0.08169751670752379,0.07615632349122661,-1.0727607762858395,0.2833784636743023,4610.0
M1_controls,C(sector)[T.신발 및 신발 부분품 제조업],-0.2237902260701811,0.04825733766687886,-4.637434157992893,3.5276092937755193e-06,4610.0
M1_controls,C(sector)[T.악기 제조업],0.08854115003840887,0.04813401887780344,1.8394713780951044,0.06584588396885185,4610.0
M1_controls,C(sector)[T.알코올음료 제조업],-0.030347482761651293,0.07840984137371455,-0.3870366554755552,0.6987290714475876,4610.0
M1_controls,C(sector)[T.어로 어업],0.05468917784926705,0.16374289746434154,0.3339941988090004,0.7383839362430888,4610.0
M1_controls,C(sector)[T.여행사 및 기타 여행보조 서비스업],0.15475889325742395,0.0517281557005838,2.991772878066816,0.002773625305528628,4610.0
M1_controls,C(sector)[T.연료 소매업],0.008987172527799908,0.09299880788642799,0.09663750248041053,0.9230142731871681,4610.0
M1_controls,C(sector)[T.연료용 가스 제조 및 배관공급업],-0.06815347696760482,0.08701129938405916,-0.7832715687508837,0.43346765522972186,4610.0
M1_controls,C(sector)[T.영상 및 음향기기 제조업],0.03670342296506747,0.09344717144643579,0.3927718987846089,0.6944879616170303,4610.0
M1_controls,"C(sector)[T.영화, 비디오물, 방송프로그램 제작 및 배급업]",0.00965663805603006,0.14074584670347992,0.06861046547522244,0.9452996882552507,4610.0
M1_controls,C(sector)[T.오디오물 출판 및 원판 녹음업],0.17755222486957642,0.04933387148999235,3.598992325295084,0.00031945261579582976,4610.0
M1_controls,C(sector)[T.운송장비 임대업],0.15203655794548035,0.2576624562861394,0.5900609663390024,0.5551497767989421,4610.0
M1_controls,C(sector)[T.유리 및 유리제품 제조업],0.14483113954922766,0.062320022832993004,2.323990476340972,0.020126004477387112,4610.0
M1_controls,C(sector)[T.유원지 및 기타 오락관련 서비스업],-0.020963949816505453,0.07035935168763845,-0.2979554147908478,0.7657371927036334,4610.0
M1_controls,C(sector)[T.육상 여객 운송업],0.02829099834849294,0.07504552788545474,0.37698446723800416,0.706185148136744,4610.0
M1_controls,C(sector)[T.음·식료품 및 담배 도매업],-0.033069484663766066,0.06249624714349537,-0.529143527415917,0.5967058883128764,4610.0
M1_controls,C(sector)[T.음식점업],-0.07895963684360313,0.048125804772882856,-1.640692290055875,0.10086130617674027,4610.0
M1_controls,C(sector)[T.의료용 기기 제조업],0.019903898238543355,0.10333327224241964,0.19261848392692774,0.8472577679298641,4610.0
M1_controls,C(sector)[T.의료용품 및 기타 의약 관련제품 제조업],0.16351609085034274,0.05327137968123294,3.0694923208070786,0.0021442291803955736,4610.0
M1_controls,C(sector)[T.의약품 제조업],0.049033217742242695,0.05815371559119143,0.8431656901673499,0.3991357840714813,4610.0
M1_controls,C(sector)[T.일반 목적용 기계 제조업],0.03139822624512622,0.06967386295631789,0.45064569284483874,0.6522449288813518,4610.0
M1_controls,C(sector)[T.일반 및 생활 숙박시설 운영업],0.06527138488137602,0.048025952885827734,1.3590856809555847,0.17411943969748078,4610.0
M1_controls,C(sector)[T.일차전지 및 이차전지 제조업],0.04677317034843753,0.08766902397026285,0.5335199165021262,0.5936737279695254,4610.0
M1_controls,C(sector)[T.자동차 부품 및 내장품 판매업],0.0008883869662453599,0.04931871829651103,0.018013180328496237,0.9856283387358014,4610.0
M1_controls,C(sector)[T.자동차 신품 부품 제조업],0.013556595744060202,0.0566989458572637,0.23909784457348016,0.8110297130945062,4610.0
M1_controls,C(sector)[T.자동차 판매업],0.10140335263918385,0.11765597122848805,0.8618632066047749,0.388762798045566,4610.0
M1_controls,C(sector)[T.자동차용 엔진 및 자동차 제조업],-0.0897412237991522,0.06673330545296319,-1.344774145234063,0.1786981820825193,4610.0
M1_controls,"C(sector)[T.자료처리, 호스팅, 포털 및 기타 인터넷 정보매개 서비스업]",-0.010757944235843718,0.07792629951462464,-0.13805280505876896,0.8901986846385719,4610.0
M1_controls,C(sector)[T.자연과학 및 공학 연구개발업],-0.0882470635781801,0.11654025495918993,-0.7572238760682518,0.4489157482090135,4610.0
M1_controls,C(sector)[T.전구 및 조명장치 제조업],-0.0010234514048549342,0.05632032132009633,-0.018171973825187395,0.9855016605917625,4610.0
M1_controls,C(sector)[T.전기 및 통신 공사업],-0.037086553025621374,0.054886503705947234,-0.6756953079815659,0.49923411556951136,4610.0
M1_controls,C(sector)[T.전기 통신업],-0.09443731733410683,0.05632769312300913,-1.6765699445186477,0.09362660812363033,4610.0
M1_controls,C(sector)[T.전기업],0.20784895696403063,0.12697713033352143,1.6369007270686395,0.10165121400816397,4610.0
M1_controls,"C(sector)[T.전동기, 발전기 및 전기 변환 · 공급 · 제어 장치 제조업]",0.05701971448521876,0.07777414618135034,0.7331448467754657,0.4634700898793891,4610.0
M1_controls,C(sector)[T.전자부품 제조업],0.0004720950281040219,0.0585154567681787,0.008067868802158132,0.9935628418772317,4610.0
M1_controls,C(sector)[T.절연선 및 케이블 제조업],-0.06335050183134856,0.08715894266011087,-0.7268388061841591,0.4673247076020187,4610.0
M1_controls,C(sector)[T.제재 및 목재 가공업],0.11823324952544237,0.12397935081817063,0.9536527554402543,0.3402594421338827,4610.0
M1_controls,C(sector)[T.종합 소매업],-0.07013776865499535,0.06635246692212304,-1.0570483948594567,0.29048950125073236,4610.0
M1_controls,"C(sector)[T.증기, 냉·온수 및 공기조절 공급업]",0.003418111839502134,0.049790926408151075,0.06864929187062824,0.9452687821444012,4610.0
M1_controls,C(sector)[T.직물직조 및 직물제품 제조업],0.21928615058162532,0.12937181972635786,1.695007081491554,0.09007407742103579,4610.0
M1_controls,C(sector)[T.초등 교육기관],-0.07693314081349173,0.11332271848544728,-0.6788854154021319,0.497210467432011,4610.0
M1_controls,"C(sector)[T.측정, 시험, 항해, 제어 및 기타 정밀기기 제조업; 광학기기 제외]",0.05290786021966048,0.09694304427337821,0.5457623145241958,0.5852293311001289,4610.0
M1_controls,C(sector)[T.컴퓨터 및 주변장치 제조업],-0.15358334116951544,0.050471197630735105,-3.0429898314120614,0.0023424024825469836,4610.0
M1_controls,"C(sector)[T.컴퓨터 프로그래밍, 시스템 통합 및 관리업]",0.03753978771193213,0.06886477887847664,0.5451231866754024,0.5856687966147549,4610.0
M1_controls,C(sector)[T.텔레비전 방송업],-0.024422816504268197,0.08790031562108043,-0.2778467441408261,0.78113000671025,4610.0
M1_controls,C(sector)[T.토목 건설업],0.07151778994199523,0.06481079594516329,1.1034857526284165,0.2698162753515294,4610.0
M1_controls,C(sector)[T.통신 및 방송 장비 제조업],-0.02524701490938897,0.09259228983358407,-0.27266865259262274,0.7851079334979011,4610.0
M1_controls,C(sector)[T.특수 목적용 기계 제조업],0.009592132655565863,0.05881195420044568,0.16309834940824283,0.8704409993779879,4610.0
M1_controls,"C(sector)[T.펄프, 종이 및 판지 제조업]",-0.0648028241924971,0.07810767248440506,-0.8296601618161852,0.40673095151185557,4610.0
M1_controls,C(sector)[T.편조원단 제조업],0.21607935407290446,0.05169223999685488,4.180112026216149,2.9136552221553885e-05,4610.0
M1_controls,C(sector)[T.플라스틱제품 제조업],-0.03782248498507998,0.05663820208820922,-0.6677910595780326,0.5042669742753811,4610.0
M1_controls,C(sector)[T.합성고무 및 플라스틱 물질 제조업],0.2935484097501147,0.06224584930560263,4.715951553796101,2.4058368086468033e-06,4610.0
M1_controls,C(sector)[T.항공 여객 운송업],0.0702413313787507,0.1041442395983446,0.6744619928058624,0.5000176414618007,4610.0
M1_controls,"C(sector)[T.항공기,우주선 및 부품 제조업]",0.2984265721541486,0.050044767486111426,5.963192300513112,2.4735702404810283e-09,4610.0
M1_controls,C(sector)[T.해상 운송업],0.013996845831440109,0.07735912257812562,0.18093335814796216,0.8564198849371327,4610.0
M1_controls,C(sector)[T.화학섬유 제조업],-0.03256272805089894,0.0768294738020899,-0.423831199661466,0.6716889226430043,4610.0
M1_controls,LogAssets_w,0.021953718684039326,0.005623334818070218,3.9040390434324643,9.460050936355589e-05,4610.0
M1_controls,Leverage_w,0.10259743153611105,0.04508808332420137,2.2754888647271705,0.022876619916045927,4610.0
M1_controls,ROA_w,-0.3637576708469263,0.13709535347845989,-2.653318742156196,0.007970456568019361,4610.0
M1_controls,Loss,0.013719432364253999,0.021695910400265524,0.6323510795880727,0.5271574929538011,4610.0
M2_governance,Intercept,-0.6268246320425264,0.17488093128433488,-3.584293767417024,0.0003379915031440782,3218.0
M2_governance,C(year)[T.2020],0.0693836354722676,0.0642086953852429,1.0805956273675366,0.279877028450771,3218.0
M2_governance,C(year)[T.2021],0.18581893141352135,0.06483424279164982,2.866061565809688,0.004156134099551688,3218.0
M2_governance,C(year)[T.2022],0.21794037517788362,0.06514004194047063,3.3457205228245366,0.0008206907003280283,3218.0
M2_governance,C(year)[T.2023],0.11014452073994872,0.06421845632311317,1.7151536652603419,0.08631705739657605,3218.0
M2_governance,C(year)[T.2024],0.1696581081130163,0.06404067654919117,2.6492241689966822,0.008067679873386918,3218.0
M2_governance,C(sector)[T.1차 철강 제조업],-0.05252475959419025,0.0700089003183897,-0.7502583150901633,0.453099143139043,3218.0
M2_governance,C(sector)[T.가구 제조업],-0.06824799575544434,0.06502230242858886,-1.049609029615617,0.29389790386632475,3218.0
M2_governance,C(sector)[T.가전제품 및 정보통신장비 소매업],-0.275178055183369,0.06476063821059538,-4.249156011843435,2.1457744102018295e-05,3218.0
M2_governance,C(sector)[T.가정용 기기 제조업],0.22436776621503204,0.06183034966785447,3.628764311059373,0.00028478108545389934,3218.0
M2_governance,"C(sector)[T.가죽, 가방 및 유사제품 제조업]",0.11580309454300426,0.08816033943401297,1.3135509151445768,0.18899737611940115,3218.0
M2_governance,C(sector)[T.개인 및 가정용품 임대업],0.4551444870042782,0.06576612759791463,6.920652068599373,4.495694283814819e-12,3218.0
M2_governance,C(sector)[T.건물 건설업],0.0026555311474281505,0.07895966561952879,0.03363148927484019,0.9731710116550372,3218.0
M2_governance,C(sector)[T.건물설비 설치 공사업],0.023418292605821497,0.0653845763425339,0.35816233607049397,0.7202218315269029,3218.0
M2_governance,"C(sector)[T.건축기술, 엔지니어링 및 관련 기술 서비스업]",0.10563867112987518,0.09632331496828198,1.096709256369142,0.27276850879189907,3218.0
M2_governance,"C(sector)[T.건축자재, 철물 및 난방장치 도매업]",-0.14803907035506056,0.06368274320183372,-2.3246340046293397,0.020091538901899995,3218.0
M2_governance,"C(sector)[T.경비, 경호 및 탐정업]",-0.2423155421363234,0.0655617599387342,-3.695988978373386,0.00021903247473448488,3218.0
M2_governance,C(sector)[T.고무제품 제조업],0.029439820958813156,0.15605354373605365,0.1886520501489359,0.8503655350838824,3218.0
M2_governance,"C(sector)[T.곡물가공품, 전분 및 전분제품 제조업]",-0.008635622428203446,0.07268398337078211,-0.11881052781808377,0.9054254677742989,3218.0
M2_governance,"C(sector)[T.골판지, 종이 상자 및 종이용기 제조업]",-0.004084339781809786,0.10504282700548245,-0.03888261481763638,0.9689839774524789,3218.0
M2_governance,C(sector)[T.광고업],0.029999795691255614,0.11134793392248608,0.26942390967163987,0.7876034889276061,3218.0
M2_governance,"C(sector)[T.구조용 금속제품, 탱크 및 증기발생기 제조업]",0.03472773279167551,0.09660932546813346,0.3594656377466421,0.7192467794110677,3218.0
M2_governance,C(sector)[T.귀금속 및 장신용품 제조업],-0.17275651408734888,0.06488144125050192,-2.662649145236311,0.007752820377121436,3218.0
M2_governance,C(sector)[T.그외 기타 개인 서비스업],0.12138469848895925,0.06383807027840549,1.9014468632837114,0.05724350621861319,3218.0
M2_governance,C(sector)[T.그외 기타 운송장비 제조업],0.08808125502684817,0.08385457304984426,1.0504049072492627,0.29353199043439815,3218.0
M2_governance,C(sector)[T.금속 주조업],0.18662794053518267,0.061567497962390576,3.031273751764074,0.0024352434897927213,3218.0
M2_governance,C(sector)[T.기계장비 및 관련 물품 도매업],-0.08544677474057398,0.07402966903288827,-1.154223379042983,0.24840860001462373,3218.0
M2_governance,C(sector)[T.기반조성 및 시설물 축조관련 전문공사업],0.01688358763714527,0.06225341460730394,0.27120741478435123,0.7862315104554043,3218.0
M2_governance,C(sector)[T.기초 의약물질 제조업],-0.040491126828961874,0.0924720940877675,-0.4378740119211615,0.6614776154569624,3218.0
M2_governance,C(sector)[T.기초 화학물질 제조업],0.06311229474185585,0.0787962367013174,0.8009556976824589,0.42315729377958744,3218.0
M2_governance,C(sector)[T.기타 금속 가공제품 제조업],0.037858464263201684,0.1220990834068966,0.31006345999369966,0.75651269850652,3218.0
M2_governance,C(sector)[T.기타 비금속 광물제품 제조업],-0.18727242987311882,0.06907238269131147,-2.7112490198875907,0.006703026467760469,3218.0
M2_governance,C(sector)[T.기타 사업지원 서비스업],-0.12393395291685255,0.06467818044734369,-1.9161632572170244,0.055344318594068784,3218.0
M2_governance,C(sector)[T.기타 상품 전문 소매업],-0.1441160266062736,0.0635959267638445,-2.266120393864695,0.023444012914417278,3218.0
M2_governance,C(sector)[T.기타 식품 제조업],-0.03371983735919036,0.08059044018331418,-0.4184098918245128,0.67564745550639,3218.0
M2_governance,C(sector)[T.기타 운송관련 서비스업],-0.11664589992543584,0.07070785279349455,-1.6496880518505548,0.09900675519710808,3218.0
M2_governance,C(sector)[T.기타 전기장비 제조업],-0.21321318832861086,0.06442114109125274,-3.3096773002917432,0.000934035889208841,3218.0
M2_governance,C(sector)[T.기타 전문 도매업],0.030365410902952424,0.09705051292466388,0.31288253908069275,0.7543699038306819,3218.0
M2_governance,C(sector)[T.기타 정보 서비스업],-0.13217707987041408,0.07871434563804076,-1.6791993733672868,0.09311319407102367,3218.0
M2_governance,C(sector)[T.기타 종이 및 판지 제품 제조업],0.09377248499015464,0.06415982013663452,1.4615453221417565,0.1438658472029658,3218.0
M2_governance,C(sector)[T.기타 화학제품 제조업],-0.01949312064311561,0.06949939306925147,-0.28047900538774523,0.7791100305846845,3218.0
M2_governance,C(sector)[T.나무제품 제조업],-0.22137277081572582,0.06275312543242548,-3.5276772159198178,0.0004192230316582461,3218.0
M2_governance,"C(sector)[T.내화, 비내화 요업제품 제조업]",0.08301366557303844,0.09683833202263648,0.8572397297552952,0.39131240965715297,3218.0
M2_governance,C(sector)[T.담배 제조업],-0.13148357102944658,0.06766498236948157,-1.9431553282831953,0.05199739367942758,3218.0
M2_governance,C(sector)[T.도로 화물 운송업],0.06732901812237599,0.08074463321537244,0.8338513092602378,0.4043647778319073,3218.0
M2_governance,"C(sector)[T.도축, 육류 가공 및 저장 처리업]",-0.060386179001421667,0.0633292937343648,-0.9535268031680876,0.3403232224715975,3218.0
M2_governance,C(sector)[T.동·식물성 유지 및 낙농제품 제조업],-0.01246904721720301,0.06511122076572955,-0.19150381563366314,0.8481308914190622,3218.0
M2_governance,C(sector)[T.동물용 사료 및 조제식품 제조업],-0.22536270182590032,0.06233758286800909,-3.615197950537697,0.00030011821166826537,3218.0
M2_governance,"C(sector)[T.떡, 빵 및 과자류 제조업]",0.2613202975721209,0.062349282032586766,4.1912318643146875,2.7744394377667453e-05,3218.0
M2_governance,C(sector)[T.무기 및 총포탄 제조업],0.17570610723041166,0.2620379058307968,0.6705369846142363,0.5025155378997795,3218.0
M2_governance,C(sector)[T.무점포 소매업],0.1512581784761713,0.06354791986791951,2.3802223391505533,0.017302194882993324,3218.0
M2_governance,C(sector)[T.반도체 제조업],0.016577169848160097,0.09103211886238374,0.18210242775102656,0.8555023435202358,3218.0
M2_governance,C(sector)[T.방적 및 가공사 제조업],0.18673329793457397,0.07022174398796338,2.6591948210027607,0.007832765536876316,3218.0
M2_governance,C(sector)[T.봉제의복 제조업],0.054225038805809866,0.08084507881230298,0.670727762313195,0.5023939735650285,3218.0
M2_governance,"C(sector)[T.비료, 농약 및 살균, 살충제 제조업]",-0.16147830704726457,0.06244966138930311,-2.585735510087552,0.009717146346330972,3218.0
M2_governance,C(sector)[T.비알코올음료 및 얼음 제조업],0.008104187798957609,0.06359411165205021,0.12743613501984247,0.8985952177644123,3218.0
M2_governance,C(sector)[T.산업용 기계 및 장비 임대업],0.1618928907933345,0.06494623668815352,2.492721657925785,0.012676817817861931,3218.0
M2_governance,C(sector)[T.산업용 농·축산물 및 동·식물 도매업],0.045215024872424306,0.0631123806797129,0.7164208414492341,0.47373152968465904,3218.0
M2_governance,C(sector)[T.상품 종합 도매업],-0.01124654730267685,0.08241896005303269,-0.13645582637102227,0.891460943285908,3218.0
M2_governance,C(sector)[T.상품 중개업],-0.14164915984159598,0.08001102221996743,-1.7703705803454444,0.07666542733379088,3218.0
M2_governance,C(sector)[T.생활용품 도매업],0.06564521769144614,0.0881586293496157,0.744626115171473,0.45649777598526886,3218.0
M2_governance,"C(sector)[T.서적, 잡지 및 기타 인쇄물 출판업]",0.07523668836326679,0.06423877725717271,1.1712036183700256,0.24151694121822387,3218.0
M2_governance,C(sector)[T.석유 정제품 제조업],-0.12426026098753881,0.08452033647035358,-1.4701818068498158,0.14151252070051631,3218.0
M2_governance,C(sector)[T.선박 및 보트 건조업],-0.13435899751866548,0.08628845264035394,-1.557091284029246,0.11944881410948725,3218.0
M2_governance,"C(sector)[T.섬유, 의복, 신발 및 가죽제품 소매업]",0.03307352482895254,0.13527182956550637,0.24449676577292423,0.8068461065208619,3218.0
M2_governance,C(sector)[T.소프트웨어 개발 및 공급업],-0.14640852973694274,0.07863776852799854,-1.861809312211279,0.06262997343491909,3218.0
M2_governance,C(sector)[T.수산물 가공 및 저장 처리업],-0.022379514614980108,0.0739541275087761,-0.3026134628161808,0.7621844534225046,3218.0
M2_governance,C(sector)[T.스포츠 서비스업],0.284349570276674,0.06425266468480094,4.425490704106741,9.62233006064407e-06,3218.0
M2_governance,"C(sector)[T.시멘트, 석회, 플라스터 및 그 제품 제조업]",-0.1033601376121549,0.07793948070291117,-1.3261589207418756,0.18478706292952884,3218.0
M2_governance,C(sector)[T.신발 및 신발 부분품 제조업],-0.21167676574590763,0.06399102845365147,-3.3079131694097486,0.0009399394778733851,3218.0
M2_governance,C(sector)[T.악기 제조업],-0.2019577155065892,0.06305730791997483,-3.2027646305943,0.001361151785042643,3218.0
M2_governance,C(sector)[T.알코올음료 제조업],-0.15699608288574274,0.07046956217794831,-2.2278566523416083,0.025890075589033185,3218.0
M2_governance,C(sector)[T.어로 어업],0.015238523753770872,0.1808818302810594,0.08424574060364612,0.932861051680175,3218.0
M2_governance,C(sector)[T.여행사 및 기타 여행보조 서비스업],0.1018035129641652,0.06477066012488197,1.5717535187673173,0.11600772504401613,3218.0
M2_governance,C(sector)[T.연료 소매업],-0.036352821810704254,0.19163022064930482,-0.18970296901777392,0.849541894119959,3218.0
M2_governance,C(sector)[T.연료용 가스 제조 및 배관공급업],-0.05677729262872527,0.08441488233482186,-0.672598137417579,0.5012029870003888,3218.0
M2_governance,C(sector)[T.영상 및 음향기기 제조업],0.155934560733931,0.14175615239709632,1.1000197035336936,0.2713235370703788,3218.0
M2_governance,"C(sector)[T.영화, 비디오물, 방송프로그램 제작 및 배급업]",-0.07780102264112672,0.20122120902178608,-0.3866442459984586,0.6990195970642709,3218.0
M2_governance,C(sector)[T.오디오물 출판 및 원판 녹음업],0.13024866617913997,0.06309852378285068,2.064210988950898,0.038997716060713325,3218.0
M2_governance,C(sector)[T.운송장비 임대업],0.15168561118725354,0.27763269790356787,0.5463535539316755,0.5848229302339758,3218.0
M2_governance,C(sector)[T.유리 및 유리제품 제조업],0.1648210498767852,0.061871325775287055,2.663932731543613,0.00772330052482676,3218.0
M2_governance,C(sector)[T.유원지 및 기타 오락관련 서비스업],-0.05682738432855906,0.06359595239406547,-0.8935692003861234,0.37155243158551887,3218.0
M2_governance,C(sector)[T.육상 여객 운송업],0.01318899805750648,0.07695408322031662,0.17138789139683308,0.8639187751791758,3218.0
M2_governance,C(sector)[T.음·식료품 및 담배 도매업],-0.0765183814379893,0.08942996819934246,-0.8556234892919474,0.39220607297031507,3218.0
M2_governance,C(sector)[T.음식점업],-0.030726096476935832,0.06187827751785801,-0.49655707478393063,0.6195014296810454,3218.0
M2_governance,C(sector)[T.의료용 기기 제조업],0.01763670516227997,0.12368379935060299,0.14259511152536394,0.886609958464765,3218.0
M2_governance,C(sector)[T.의료용품 및 기타 의약 관련제품 제조업],0.1544100636460626,0.06616085771777572,2.3338582505192735,0.01960314546983931,3218.0
M2_governance,C(sector)[T.의약품 제조업],-0.011527759736656151,0.07075840996746417,-0.16291716761239824,0.8705836536187253,3218.0
M2_governance,C(sector)[T.일반 목적용 기계 제조업],0.0072080240653568045,0.10185405893803452,0.0707681573077219,0.9435822750496469,3218.0
M2_governance,C(sector)[T.일반 및 생활 숙박시설 운영업],-0.02953044149772672,0.0628017672947257,-0.4702167274870111,0.6382001843581956,3218.0
M2_governance,C(sector)[T.일차전지 및 이차전지 제조업],0.0003574385932368496,0.09459092217636499,0.003778783259670569,0.9969849743538507,3218.0
M2_governance,C(sector)[T.자동차 부품 및 내장품 판매업],0.06501318146527264,0.06395759560290577,1.0165044644411072,0.309389222626545,3218.0
M2_governance,C(sector)[T.자동차 신품 부품 제조업],0.013255675678789613,0.06841859020577146,0.19374377108506147,0.8463765167823295,3218.0
M2_governance,C(sector)[T.자동차 판매업],0.17665243986759058,0.1216746881456196,1.4518421420252494,0.14654550316267567,3218.0
M2_governance,C(sector)[T.자동차용 엔진 및 자동차 제조업],-0.03899393584571089,0.08308356195061752,-0.46933394440753234,0.6388309558726353,3218.0
M2_governance,"C(sector)[T.자료처리, 호스팅, 포털 및 기타 인터넷 정보매개 서비스업]",-0.07530368171561058,0.1010150710481925,-0.7454697693543623,0.455987779879091,3218.0
M2_governance,C(sector)[T.자연과학 및 공학 연구개발업],-0.08375398710971442,0.11576310109446043,-0.7234946741913281,0.4693760249424802,3218.0
M2_governance,C(sector)[T.전구 및 조명장치 제조업],0.11056599768236713,0.06914225162801577,1.599109011913735,0.10979638261328643,3218.0
M2_governance,C(sector)[T.전기 및 통신 공사업],-0.008769857782592434,0.07443264248075607,-0.11782273865743524,0.906208112195516,3218.0
M2_governance,C(sector)[T.전기 통신업],-0.0906299535617509,0.06897960164023167,-1.3138660039592323,0.18889130092302509,3218.0
M2_governance,C(sector)[T.전기업],0.3004153883820989,0.25194107776570246,1.1924033629064494,0.23310312231985075,3218.0
M2_governance,"C(sector)[T.전동기, 발전기 및 전기 변환 · 공급 · 제어 장치 제조업]",0.010543893016518592,0.10496640995792363,0.10045016325456087,0.919986946600657,3218.0
M2_governance,C(sector)[T.전자부품 제조업],-0.05118347205647485,0.07476358012639099,-0.6846043483999433,0.4935936223370184,3218.0
M2_governance,C(sector)[T.절연선 및 케이블 제조업],-0.10427437874854044,0.08692910286610088,-1.1995335889886836,0.23032053216658355,3218.0
M2_governance,C(sector)[T.제재 및 목재 가공업],0.04341250502817791,0.12797214381745542,0.3392340218204302,0.734433441491339,3218.0
M2_governance,C(sector)[T.종합 소매업],-0.08111673810679766,0.0818312599297646,-0.9912683511951275,0.32155456266038285,3218.0
M2_governance,"C(sector)[T.증기, 냉·온수 및 공기조절 공급업]",-0.07829572096258346,0.06659181221947894,-1.1757559728894265,0.23969240444217366,3218.0
M2_governance,C(sector)[T.직물직조 및 직물제품 제조업],0.15063550692166275,0.1127925640913543,1.3355091989899108,0.18170974655274263,3218.0
M2_governance,C(sector)[T.초등 교육기관],-0.011419976608474674,0.15177989798343675,-0.07524037609855884,0.940023459900416,3218.0
M2_governance,"C(sector)[T.측정, 시험, 항해, 제어 및 기타 정밀기기 제조업; 광학기기 제외]",0.02242823188939433,0.10877149148270762,0.20619586606440848,0.8366379168703015,3218.0
M2_governance,C(sector)[T.컴퓨터 및 주변장치 제조업],-0.19423098153537183,0.06392718845386716,-3.038315718757723,0.0023790456183817683,3218.0
M2_governance,"C(sector)[T.컴퓨터 프로그래밍, 시스템 통합 및 관리업]",0.016120503662169067,0.09171314639773043,0.17577091502519854,0.8604739202992329,3218.0
M2_governance,C(sector)[T.텔레비전 방송업],-0.051508816942068256,0.11559779221748874,-0.44558651124718895,0.6558959559081008,3218.0
M2_governance,C(sector)[T.토목 건설업],0.1280295392442872,0.08738505557512351,1.4651193891411134,0.14288834758096042,3218.0
M2_governance,C(sector)[T.통신 및 방송 장비 제조업],-0.18693333712306628,0.09751559727085658,-1.916958336458172,0.055243224889183845,3218.0
M2_governance,C(sector)[T.특수 목적용 기계 제조업],0.013835846105289434,0.0746580180567815,0.1853229762242887,0.852975717737945,3218.0
M2_governance,"C(sector)[T.펄프, 종이 및 판지 제조업]",-0.05065576354479794,0.10226131186811854,-0.4953560894087319,0.6203487847217394,3218.0
M2_governance,C(sector)[T.편조원단 제조업],0.08182649023859652,0.07074168867380466,1.1566940480584895,0.24739738227877228,3218.0
M2_governance,C(sector)[T.플라스틱제품 제조업],-0.05661847122637877,0.07194697793869285,-0.7869471776093814,0.4313127885367921,3218.0
M2_governance,C(sector)[T.합성고무 및 플라스틱 물질 제조업],0.06706843037631562,0.08166222456187866,0.8212907588072774,0.41148067026570434,3218.0
M2_governance,C(sector)[T.항공 여객 운송업],0.07104037056418462,0.10597817446183952,0.6703301969950873,0.5026473213858247,3218.0
M2_governance,"C(sector)[T.항공기,우주선 및 부품 제조업]",0.16780651907788577,0.0984759556619903,1.704035446519212,0.08837446525334995,3218.0
M2_governance,C(sector)[T.해상 운송업],-0.01239179604174488,0.09428894287742068,-0.13142363954440237,0.8954401891961116,3218.0
M2_governance,C(sector)[T.화학섬유 제조업],-0.11258565943334192,0.08516694074050175,-1.3219408664258971,0.18618784276162859,3218.0
M2_governance,LogAssets_w,0.028877846566618435,0.007832533567616123,3.686910029471801,0.00022699356531701254,3218.0
M2_governance,Leverage_w,0.06029387519174902,0.04997574800708286,1.2064626863254515,0.2276391381018953,3218.0
M2_governance,ROA_w,-0.2944100965949826,0.15524942764275024,-1.8963683220298866,0.05791135766928716,3218.0
M2_governance,Loss,0.033131634704437155,0.02559733487723592,1.2943392295852487,0.19554827161498356,3218.0
M2_governance,OutsideDirectorRatio_w,0.07069610236460917,0.06276721147628618,1.1263221784405473,0.26002917345651844,3218.0
M2_governance,LargestShareholderOwnership_w,-0.0018662300719019035,0.0005576754293173591,-3.34644485626043,0.0008185495868280429,3218.0
M2_governance,LogMinorityShareholderCount_w,-0.007506261639772714,0.010167467960672744,-0.7382626302641482,0.46035487047598833,3218.0
M3_governance_auditor_basic,Intercept,-0.7418737724383515,0.1971116082859472,-3.76372441425228,0.00016740136142215205,3217.0
M3_governance_auditor_basic,C(year)[T.2020],0.07440054563412472,0.0640071483670492,1.1623786956962143,0.24508167315725837,3217.0
M3_governance_auditor_basic,C(year)[T.2021],0.1891590833867813,0.06453204656629674,2.9312425911124556,0.003376090265997035,3217.0
M3_governance_auditor_basic,C(year)[T.2022],0.22057506431199206,0.0648524626187103,3.4011825519846166,0.0006709500565227271,3217.0
M3_governance_auditor_basic,C(year)[T.2023],0.11432957813643525,0.06395586102809347,1.7876325374810362,0.07383531240424838,3217.0
M3_governance_auditor_basic,C(year)[T.2024],0.1737370440248764,0.06372328364070644,2.7264295575925592,0.006402361687856392,3217.0
M3_governance_auditor_basic,C(sector)[T.1차 철강 제조업],-0.04481773358642188,0.06991817488804704,-0.6410026242559109,0.5215209779620323,3217.0
M3_governance_auditor_basic,C(sector)[T.가구 제조업],-0.05734658920673215,0.06584101448140162,-0.8709858081383463,0.38376190208422,3217.0
M3_governance_auditor_basic,C(sector)[T.가전제품 및 정보통신장비 소매업],-0.25722274189752925,0.06507888622878055,-3.95247609175854,7.734665913437635e-05,3217.0
M3_governance_auditor_basic,C(sector)[T.가정용 기기 제조업],0.21505908006116078,0.061663718186571986,3.487611295356375,0.00048735604038880747,3217.0
M3_governance_auditor_basic,"C(sector)[T.가죽, 가방 및 유사제품 제조업]",0.12300142719757093,0.08381209986194676,1.467585556264261,0.14221683375588262,3217.0
M3_governance_auditor_basic,C(sector)[T.개인 및 가정용품 임대업],0.4712122455400454,0.0661994683738336,7.118066913756359,1.0945123579028572e-12,3217.0
M3_governance_auditor_basic,C(sector)[T.건물 건설업],0.009529489561331294,0.07887149202303934,0.12082299087923445,0.9038312394203392,3217.0
M3_governance_auditor_basic,C(sector)[T.건물설비 설치 공사업],0.02731560847669754,0.0649226993147347,0.4207404923858127,0.6739445894007319,3217.0
M3_governance_auditor_basic,"C(sector)[T.건축기술, 엔지니어링 및 관련 기술 서비스업]",0.11579452140313538,0.0986966958520196,1.173236048111999,0.2407011599082588,3217.0
M3_governance_auditor_basic,"C(sector)[T.건축자재, 철물 및 난방장치 도매업]",-0.13178035577964517,0.06476740995782466,-2.034670768299336,0.0418840113860867,3217.0
M3_governance_auditor_basic,"C(sector)[T.경비, 경호 및 탐정업]",-0.22249882049754516,0.06650560483749636,-3.345564949619083,0.0008211512485988635,3217.0
M3_governance_auditor_basic,C(sector)[T.고무제품 제조업],0.030537157293537426,0.1599772602389164,0.19088436223955843,0.8486161920268949,3217.0
M3_governance_auditor_basic,"C(sector)[T.곡물가공품, 전분 및 전분제품 제조업]",-0.004393703005978752,0.07415228168449808,-0.05925243170092874,0.9527510485075178,3217.0
M3_governance_auditor_basic,"C(sector)[T.골판지, 종이 상자 및 종이용기 제조업]",0.0022220806451858743,0.10313059236976635,0.021546280246493542,0.9828098857216045,3217.0
M3_governance_auditor_basic,C(sector)[T.광고업],0.050603032999807104,0.10957101306938188,0.46182864958786646,0.6442042039641134,3217.0
M3_governance_auditor_basic,"C(sector)[T.구조용 금속제품, 탱크 및 증기발생기 제조업]",0.04006732687401902,0.09644290120465002,0.41545128126119835,0.6778115727591887,3217.0
M3_governance_auditor_basic,C(sector)[T.귀금속 및 장신용품 제조업],-0.15086233508660765,0.06624158731217944,-2.277456522526137,0.022758978101340605,3217.0
M3_governance_auditor_basic,C(sector)[T.그외 기타 개인 서비스업],0.13658919379517373,0.06429069274004648,2.1245562611599103,0.0336236568013304,3217.0
M3_governance_auditor_basic,C(sector)[T.그외 기타 운송장비 제조업],0.08814998382065635,0.08447854752495708,1.0434599836676244,0.2967353048880037,3217.0
M3_governance_auditor_basic,C(sector)[T.금속 주조업],0.1832419786501065,0.061261849032666744,2.9911271295842883,0.0027794975228758755,3217.0
M3_governance_auditor_basic,C(sector)[T.기계장비 및 관련 물품 도매업],-0.07195704414326715,0.07574441273587987,-0.9499980466437935,0.342113245153554,3217.0
M3_governance_auditor_basic,C(sector)[T.기반조성 및 시설물 축조관련 전문공사업],0.02775972567049678,0.06303598411128968,0.4403790321015238,0.6596626087269958,3217.0
M3_governance_auditor_basic,C(sector)[T.기초 의약물질 제조업],-0.027527015171284353,0.09179867075068832,-0.2998628950308407,0.7642817381019219,3217.0
M3_governance_auditor_basic,C(sector)[T.기초 화학물질 제조업],0.07372194887697378,0.07810383586128063,0.9438966481481208,0.34522246503969245,3217.0
M3_governance_auditor_basic,C(sector)[T.기타 금속 가공제품 제조업],0.04869301853045219,0.1192958827750746,0.4081701513727848,0.6831487602899639,3217.0
M3_governance_auditor_basic,C(sector)[T.기타 비금속 광물제품 제조업],-0.1873650993599952,0.06989980617219836,-2.680480957249306,0.0073516447204558955,3217.0
M3_governance_auditor_basic,C(sector)[T.기타 사업지원 서비스업],-0.12221914417562924,0.06446159909916183,-1.895999259770433,0.057960142407980926,3217.0
M3_governance_auditor_basic,C(sector)[T.기타 상품 전문 소매업],-0.12965150444519521,0.06431324768550578,-2.0159377594985717,0.04380648455253405,3217.0
M3_governance_auditor_basic,C(sector)[T.기타 식품 제조업],-0.025176333395833715,0.08100562664913523,-0.3107973413363192,0.7559546909707591,3217.0
M3_governance_auditor_basic,C(sector)[T.기타 운송관련 서비스업],-0.11688941264499393,0.07057859960179902,-1.6561594209077288,0.09768953853952744,3217.0
M3_governance_auditor_basic,C(sector)[T.기타 전기장비 제조업],-0.21548351678900618,0.06417371405399352,-3.357815890283456,0.0007856092054319042,3217.0
M3_governance_auditor_basic,C(sector)[T.기타 전문 도매업],0.03372856628212862,0.09645155558002855,0.34969437329751607,0.7265680768529783,3217.0
M3_governance_auditor_basic,C(sector)[T.기타 정보 서비스업],-0.10941760715348157,0.0801268770934225,-1.3655543698016344,0.17207887690080137,3217.0
M3_governance_auditor_basic,C(sector)[T.기타 종이 및 판지 제품 제조업],0.12027156239756233,0.06672772941664043,1.8024225228255593,0.07147895425755467,3217.0
M3_governance_auditor_basic,C(sector)[T.기타 화학제품 제조업],-0.012035784155500094,0.06930003581815837,-0.17367644927459638,0.8621197469755932,3217.0
M3_governance_auditor_basic,C(sector)[T.나무제품 제조업],-0.21330846290767322,0.06279188196690264,-3.3970707076450952,0.0006811136504320626,3217.0
M3_governance_auditor_basic,"C(sector)[T.내화, 비내화 요업제품 제조업]",0.1006602063318867,0.09907559682282975,1.0159939436134875,0.3096322706036778,3217.0
M3_governance_auditor_basic,C(sector)[T.담배 제조업],-0.1228021385622843,0.06766277677389289,-1.8149142618348242,0.06953708647486756,3217.0
M3_governance_auditor_basic,C(sector)[T.도로 화물 운송업],0.06969907232376034,0.08091791733074397,0.8613552427316226,0.38904241866274847,3217.0
M3_governance_auditor_basic,"C(sector)[T.도축, 육류 가공 및 저장 처리업]",-0.05387118196696351,0.06443580613592714,-0.8360441996073179,0.40313003813366666,3217.0
M3_governance_auditor_basic,C(sector)[T.동·식물성 유지 및 낙농제품 제조업],0.0006997248626856431,0.06421419841831126,0.010896731251356867,0.9913058384273138,3217.0
M3_governance_auditor_basic,C(sector)[T.동물용 사료 및 조제식품 제조업],-0.20589719417623026,0.06347995157433724,-3.2434995470202503,0.0011807099842313332,3217.0
M3_governance_auditor_basic,"C(sector)[T.떡, 빵 및 과자류 제조업]",0.28422793292929543,0.06406381206614074,4.436637842216647,9.13748315733332e-06,3217.0
M3_governance_auditor_basic,C(sector)[T.무기 및 총포탄 제조업],0.18970462645977093,0.2625680263900809,0.7224970574975439,0.46998893380154116,3217.0
M3_governance_auditor_basic,C(sector)[T.무점포 소매업],0.16744123657043727,0.06407548793307045,2.6131870699968247,0.008970218805630596,3217.0
M3_governance_auditor_basic,C(sector)[T.반도체 제조업],0.026987167506171045,0.09194429351540474,0.29351650302962523,0.7691273871109693,3217.0
M3_governance_auditor_basic,C(sector)[T.방적 및 가공사 제조업],0.1866941617501317,0.0694294936580365,2.6889748421566053,0.007167182048780776,3217.0
M3_governance_auditor_basic,C(sector)[T.봉제의복 제조업],0.06694706005037994,0.08102310656512707,0.8262712069249939,0.40865026294240747,3217.0
M3_governance_auditor_basic,"C(sector)[T.비료, 농약 및 살균, 살충제 제조업]",-0.15771059727611142,0.06188306491677956,-2.548525957597622,0.010817923583784979,3217.0
M3_governance_auditor_basic,C(sector)[T.비알코올음료 및 얼음 제조업],0.022753539449102207,0.06397732913371967,0.35565003661757744,0.7221026665800099,3217.0
M3_governance_auditor_basic,C(sector)[T.산업용 기계 및 장비 임대업],0.1819600579089956,0.0659705544981108,2.7582011291750836,0.005812042532897072,3217.0
M3_governance_auditor_basic,C(sector)[T.산업용 농·축산물 및 동·식물 도매업],0.05387680810718964,0.06325435672258,0.8517485735169473,0.394353654812616,3217.0
M3_governance_auditor_basic,C(sector)[T.상품 종합 도매업],0.0014746028895157458,0.08195392558851308,0.01799307206978296,0.9856443802051416,3217.0
M3_governance_auditor_basic,C(sector)[T.상품 중개업],-0.1366999564603209,0.0823982481144867,-1.6590153260344287,0.09711270404071691,3217.0
M3_governance_auditor_basic,C(sector)[T.생활용품 도매업],0.0711515119405653,0.08973284242340027,0.7929260905927864,0.42782088532504325,3217.0
M3_governance_auditor_basic,"C(sector)[T.서적, 잡지 및 기타 인쇄물 출판업]",0.08349601159843086,0.06271699635278785,1.3313139412601884,0.18308573285623364,3217.0
M3_governance_auditor_basic,C(sector)[T.석유 정제품 제조업],-0.11185600696369424,0.08597496222890234,-1.3010300215763448,0.19324817878981004,3217.0
M3_governance_auditor_basic,C(sector)[T.선박 및 보트 건조업],-0.13063932212499094,0.08439128641241643,-1.5480190867877335,0.12161770119215895,3217.0
M3_governance_auditor_basic,"C(sector)[T.섬유, 의복, 신발 및 가죽제품 소매업]",0.05283095046716161,0.13354524771778162,0.3956033731638894,0.6923976482792944,3217.0
M3_governance_auditor_basic,C(sector)[T.소프트웨어 개발 및 공급업],-0.1324818988103731,0.07882948960934623,-1.6806134286408685,0.09283802575271297,3217.0
M3_governance_auditor_basic,C(sector)[T.수산물 가공 및 저장 처리업],-0.02021695982292196,0.07553522688390903,-0.2676494220900884,0.7889691850111287,3217.0
M3_governance_auditor_basic,C(sector)[T.스포츠 서비스업],0.29484591200859767,0.06534645901875587,4.5120411486102165,6.420672760876107e-06,3217.0
M3_governance_auditor_basic,"C(sector)[T.시멘트, 석회, 플라스터 및 그 제품 제조업]",-0.09254989442857585,0.07875833748870104,-1.1751123421295353,0.23994977351405733,3217.0
M3_governance_auditor_basic,C(sector)[T.신발 및 신발 부분품 제조업],-0.22111285841866904,0.0639113559065093,-3.4596802912790174,0.0005408170920889974,3217.0
M3_governance_auditor_basic,C(sector)[T.악기 제조업],-0.20637758784098506,0.0628501669137188,-3.283644228412342,0.0010247419505905494,3217.0
M3_governance_auditor_basic,C(sector)[T.알코올음료 제조업],-0.15067622277205422,0.07148833988328103,-2.1077034802887185,0.0350566460845572,3217.0
M3_governance_auditor_basic,C(sector)[T.어로 어업],0.027603324566862895,0.17694936907584283,0.1559956088627349,0.8760364824693707,3217.0
M3_governance_auditor_basic,C(sector)[T.여행사 및 기타 여행보조 서비스업],0.11324624274169594,0.06698671107673353,1.6905777417848138,0.0909174787351667,3217.0
M3_governance_auditor_basic,C(sector)[T.연료 소매업],-0.031399469834875834,0.19264134564427848,-0.16299444820561246,0.8705228059068821,3217.0
M3_governance_auditor_basic,C(sector)[T.연료용 가스 제조 및 배관공급업],-0.04743353029896014,0.08406525507274697,-0.5642465517759141,0.5725863505435915,3217.0
M3_governance_auditor_basic,C(sector)[T.영상 및 음향기기 제조업],0.16596758643135057,0.13992355714304616,1.1861304116338263,0.2355708022345664,3217.0
M3_governance_auditor_basic,"C(sector)[T.영화, 비디오물, 방송프로그램 제작 및 배급업]",-0.07220712218980582,0.20060526286402883,-0.3599463003059304,0.7188872917223994,3217.0
M3_governance_auditor_basic,C(sector)[T.오디오물 출판 및 원판 녹음업],0.1424820038846416,0.06345107706700956,2.245541139264963,0.024733414317147075,3217.0
M3_governance_auditor_basic,C(sector)[T.운송장비 임대업],0.15797042678316428,0.27870954556643485,0.5667923086814747,0.5708552967274321,3217.0
M3_governance_auditor_basic,C(sector)[T.유리 및 유리제품 제조업],0.18575415964345976,0.06272736763317763,2.961293716798839,0.003063496335978612,3217.0
M3_governance_auditor_basic,C(sector)[T.유원지 및 기타 오락관련 서비스업],-0.05631131350812236,0.0626537971122298,-0.8987693660011323,0.36877552045018613,3217.0
M3_governance_auditor_basic,C(sector)[T.육상 여객 운송업],0.037321754042163154,0.07903297883519768,0.4722301321830191,0.636762534232895,3217.0
M3_governance_auditor_basic,C(sector)[T.음·식료품 및 담배 도매업],-0.06467214291420806,0.0895330633553472,-0.7223269314212025,0.4700934988017528,3217.0
M3_governance_auditor_basic,C(sector)[T.음식점업],-0.005612720133946132,0.06353282997857657,-0.08834361913106586,0.9296035714061357,3217.0
M3_governance_auditor_basic,C(sector)[T.의료용 기기 제조업],0.020968464665405244,0.12563357581588128,0.16690175798335138,0.86744734988216,3217.0
M3_governance_auditor_basic,C(sector)[T.의료용품 및 기타 의약 관련제품 제조업],0.17145607483488937,0.06642861233214276,2.581057601769698,0.009849814547948976,3217.0
M3_governance_auditor_basic,C(sector)[T.의약품 제조업],-0.0015562031362352825,0.07062654413544794,-0.022034252918432314,0.9824206322872269,3217.0
M3_governance_auditor_basic,C(sector)[T.일반 목적용 기계 제조업],0.013511950878418102,0.10143346507148104,0.13320999010431234,0.8940273103011075,3217.0
M3_governance_auditor_basic,C(sector)[T.일반 및 생활 숙박시설 운영업],-0.03590936872355496,0.06259222209459114,-0.5737033695542507,0.5661685477582498,3217.0
M3_governance_auditor_basic,C(sector)[T.일차전지 및 이차전지 제조업],0.004478251286385348,0.09289952697726302,0.04820531849942994,0.9615526115677104,3217.0
M3_governance_auditor_basic,C(sector)[T.자동차 부품 및 내장품 판매업],0.06137051679879374,0.06366532587998847,0.9639551192195179,0.33506842759620825,3217.0
M3_governance_auditor_basic,C(sector)[T.자동차 신품 부품 제조업],0.01657756014525142,0.06822301157700246,0.24299074113051336,0.8080125700442529,3217.0
M3_governance_auditor_basic,C(sector)[T.자동차 판매업],0.22824162681368465,0.11310408457306215,2.017978640428735,0.0435934859059199,3217.0
M3_governance_auditor_basic,C(sector)[T.자동차용 엔진 및 자동차 제조업],-0.03553658589312365,0.08419576097486664,-0.42207096273803746,0.6729732217767985,3217.0
M3_governance_auditor_basic,"C(sector)[T.자료처리, 호스팅, 포털 및 기타 인터넷 정보매개 서비스업]",-0.06488728436215119,0.10095180644024031,-0.6427550595695584,0.5203830480141209,3217.0
M3_governance_auditor_basic,C(sector)[T.자연과학 및 공학 연구개발업],-0.06858471080235004,0.1162240901594767,-0.5901075302739874,0.5551185606594842,3217.0
M3_governance_auditor_basic,C(sector)[T.전구 및 조명장치 제조업],0.11525836744628475,0.06919761738985256,1.6656406939119084,0.09578500079692617,3217.0
M3_governance_auditor_basic,C(sector)[T.전기 및 통신 공사업],0.011276299885085246,0.07571417165287771,0.1489324869957375,0.8816069061657958,3217.0
M3_governance_auditor_basic,C(sector)[T.전기 통신업],-0.07970941640844052,0.06902059069933902,-1.1548643035476638,0.24814599932581638,3217.0
M3_governance_auditor_basic,C(sector)[T.전기업],0.31183633907205976,0.246577323741046,1.2646594355916865,0.205993437079233,3217.0
M3_governance_auditor_basic,"C(sector)[T.전동기, 발전기 및 전기 변환 · 공급 · 제어 장치 제조업]",0.022670785171933782,0.10340703702530969,0.21923832095087423,0.8264644057196868,3217.0
M3_governance_auditor_basic,C(sector)[T.전자부품 제조업],-0.04001750974622067,0.07481311578416994,-0.53489965398137,0.592719247605484,3217.0
M3_governance_auditor_basic,C(sector)[T.절연선 및 케이블 제조업],-0.09587209981986022,0.08802978775042107,-1.0890870269013189,0.27611551023034353,3217.0
M3_governance_auditor_basic,C(sector)[T.제재 및 목재 가공업],0.05713611800122812,0.13601893420003972,0.4200600330921534,0.6744415985540357,3217.0
M3_governance_auditor_basic,C(sector)[T.종합 소매업],-0.07175530090926543,0.0816544914701832,-0.8787673478496584,0.37952743380184606,3217.0
M3_governance_auditor_basic,"C(sector)[T.증기, 냉·온수 및 공기조절 공급업]",-0.06490327002866492,0.06680111832790116,-0.971589572948159,0.33125477191986974,3217.0
M3_governance_auditor_basic,C(sector)[T.직물직조 및 직물제품 제조업],0.15489395750954316,0.11192128378304568,1.3839544389948033,0.16637240592285574,3217.0
M3_governance_auditor_basic,C(sector)[T.초등 교육기관],-0.00029876203280699003,0.14876286630292804,-0.0020083105430263523,0.9983976011015839,3217.0
M3_governance_auditor_basic,"C(sector)[T.측정, 시험, 항해, 제어 및 기타 정밀기기 제조업; 광학기기 제외]",0.029940822283288576,0.106687418392199,0.2806406109970869,0.7789860641798524,3217.0
M3_governance_auditor_basic,C(sector)[T.컴퓨터 및 주변장치 제조업],-0.19026003740557274,0.06364327737638734,-2.989475797740143,0.0027945658582581925,3217.0
M3_governance_auditor_basic,"C(sector)[T.컴퓨터 프로그래밍, 시스템 통합 및 관리업]",0.03192698047451726,0.09208518051168071,0.34671138501452387,0.7288081561744697,3217.0
M3_governance_auditor_basic,C(sector)[T.텔레비전 방송업],-0.032562975378144766,0.11505172832062144,-0.28302899794255676,0.7771546082879223,3217.0
M3_governance_auditor_basic,C(sector)[T.토목 건설업],0.13355892803464467,0.08768795987834618,1.523115924009836,0.12772970557349891,3217.0
M3_governance_auditor_basic,C(sector)[T.통신 및 방송 장비 제조업],-0.1829040106696223,0.0976011839431753,-1.8739937701586842,0.060931283782364155,3217.0
M3_governance_auditor_basic,C(sector)[T.특수 목적용 기계 제조업],0.02492062764936617,0.07441451428799568,0.3348893409815118,0.7377085629758013,3217.0
M3_governance_auditor_basic,"C(sector)[T.펄프, 종이 및 판지 제조업]",-0.0431852909578976,0.10185430281813276,-0.42399083556644285,0.6715724968617399,3217.0
M3_governance_auditor_basic,C(sector)[T.편조원단 제조업],0.08835706850104168,0.0707486344405426,1.248887264040372,0.2117063104823197,3217.0
M3_governance_auditor_basic,C(sector)[T.플라스틱제품 제조업],-0.04488191058794473,0.07199759830870021,-0.6233806632758357,0.533034401855022,3217.0
M3_governance_auditor_basic,C(sector)[T.합성고무 및 플라스틱 물질 제조업],0.0770914908554357,0.08276821075071547,0.9314142489756466,0.3516393229691953,3217.0
M3_governance_auditor_basic,C(sector)[T.항공 여객 운송업],0.08277847710469702,0.10445750346162387,0.7924608033075249,0.4280920380508956,3217.0
M3_governance_auditor_basic,"C(sector)[T.항공기,우주선 및 부품 제조업]",0.17947202010701818,0.09989783010034624,1.7965557402672367,0.07240617618079243,3217.0
M3_governance_auditor_basic,C(sector)[T.해상 운송업],-0.006413365577995718,0.09522745918956735,-0.06734785987756707,0.9463047766758493,3217.0
M3_governance_auditor_basic,C(sector)[T.화학섬유 제조업],-0.10004728347889251,0.08413024348615915,-1.189195220804894,0.23436285474181306,3217.0
M3_governance_auditor_basic,LogAssets_w,0.031966000215016714,0.008327404878064626,3.8386508982190786,0.00012371217615671633,3217.0
M3_governance_auditor_basic,Leverage_w,0.05996544559326052,0.04990028135692122,1.201705560823321,0.22947762589639675,3217.0
M3_governance_auditor_basic,ROA_w,-0.2923055842773696,0.15551407829324593,-1.8796085054510758,0.06016145323034604,3217.0
M3_governance_auditor_basic,Loss,0.03194745904400373,0.0256715317973761,1.2444703064921547,0.21332652121489482,3217.0
M3_governance_auditor_basic,OutsideDirectorRatio_w,0.07605744183184003,0.06274697205462486,1.2121292763836897,0.22546289853740709,3217.0
M3_governance_auditor_basic,LargestShareholderOwnership_w,-0.0018002536128031042,0.0005619647468508535,-3.203499192594184,0.0013576842074950943,3217.0
M3_governance_auditor_basic,LogMinorityShareholderCount_w,-0.005888827764489824,0.010169165933445176,-0.5790866038602213,0.5625307386163454,3217.0
M3_governance_auditor_basic,Big4Auditor,-0.028044618172517147,0.017853258553943183,-1.5708403083829778,0.11621974660856299,3217.0
M3_governance_auditor_basic,CleanOpinion,0.013180439065449565,0.02603353075837324,0.5062870337405272,0.6126551640916862,3217.0
M5_material_controls,Intercept,-0.4430841498056109,0.08982416445341808,-4.93279456037011,8.106140177749679e-07,4610.0
M5_material_controls,C(year)[T.2019],-0.0026159831260116023,0.0007963555223752948,-3.284943787680272,0.0010200271989909732,4610.0
M5_material_controls,C(year)[T.2020],-0.0025234138090597744,0.0019756672600652046,-1.2772463562394065,0.20151528576421374,4610.0
M5_material_controls,C(year)[T.2021],-0.0011903076064115302,0.0020592795230109182,-0.5780213871457116,0.5632496799775064,4610.0
M5_material_controls,C(year)[T.2022],0.10890831624868412,0.012557056412998882,8.673076927164539,4.205976026476381e-18,4610.0
M5_material_controls,C(year)[T.2023],0.1608015226438603,0.014438432674198682,11.137048339825057,8.281882637918969e-29,4610.0
M5_material_controls,C(year)[T.2024],0.21520636747805516,0.01594437461612305,13.497322576731055,1.6216302486028542e-41,4610.0
M5_material_controls,C(sector)[T.1차 철강 제조업],-0.026626170136410453,0.03430483358069392,-0.7761638042574598,0.4376522746630225,4610.0
M5_material_controls,C(sector)[T.가구 제조업],0.014519861241688322,0.03994633016973315,0.36348423447142697,0.7162431878310791,4610.0
M5_material_controls,C(sector)[T.가전제품 및 정보통신장비 소매업],-0.11298447668730169,0.0328150042974436,-3.443073652015446,0.0005751426560115521,4610.0
M5_material_controls,C(sector)[T.가정용 기기 제조업],0.07736572187797759,0.030937583791748702,2.5007034291608656,0.012394692488522405,4610.0
M5_material_controls,"C(sector)[T.가죽, 가방 및 유사제품 제조업]",-0.02279529721621613,0.04932585621036471,-0.4621368784557705,0.6439831653984067,4610.0
M5_material_controls,C(sector)[T.개인 및 가정용품 임대업],0.0860630224063869,0.03176709225177011,2.709187914471188,0.006744812637961674,4610.0
M5_material_controls,C(sector)[T.건물 건설업],-0.0005004575241559924,0.04579304219778571,-0.01092868043128595,0.9912803481877444,4610.0
M5_material_controls,C(sector)[T.건물설비 설치 공사업],0.09069184592251367,0.032778112929534725,2.7668415847330787,0.005660225245792818,4610.0
M5_material_controls,"C(sector)[T.건축기술, 엔지니어링 및 관련 기술 서비스업]",0.03290337314307023,0.047585122903813455,0.6914634477162055,0.48927434359385613,4610.0
M5_material_controls,"C(sector)[T.건축자재, 철물 및 난방장치 도매업]",-0.04032372293778981,0.031709916578895984,-1.2716439299820361,0.20349966079070958,4610.0
M5_material_controls,"C(sector)[T.경비, 경호 및 탐정업]",-0.07823045037184984,0.031660548559687064,-2.470912663574616,0.013476872782310589,4610.0
M5_material_controls,C(sector)[T.고무제품 제조업],-0.021438262977486345,0.05119430073270466,-0.4187626878511274,0.6753895762534019,4610.0
M5_material_controls,"C(sector)[T.곡물가공품, 전분 및 전분제품 제조업]",0.024918242570925377,0.042100167464235984,0.5918798919765196,0.5539310197204479,4610.0
M5_material_controls,"C(sector)[T.골판지, 종이 상자 및 종이용기 제조업]",0.012178254179212927,0.05609345502748618,0.21710650865141928,0.8281253417688645,4610.0
M5_material_controls,C(sector)[T.광고업],-0.028927511893079676,0.04785211607792587,-0.6045189693590982,0.5454986613861933,4610.0
M5_material_controls,"C(sector)[T.구조용 금속제품, 탱크 및 증기발생기 제조업]",-0.030615472010433846,0.041317255928377886,-0.7409851240727304,0.45870246007782467,4610.0
M5_material_controls,C(sector)[T.귀금속 및 장신용품 제조업],-0.07183475140954028,0.03184124773601402,-2.2560281558405024,0.024068867873107695,4610.0
M5_material_controls,C(sector)[T.그외 기타 개인 서비스업],0.2057617319518554,0.031521941255985834,6.527571708889675,6.684450802938381e-11,4610.0
M5_material_controls,C(sector)[T.그외 기타 운송장비 제조업],-0.042456773923494284,0.05936555229952288,-0.7151752536434418,0.47450075815352954,4610.0
M5_material_controls,C(sector)[T.금속 주조업],0.08267392077497991,0.031209401890716817,2.64900689428371,0.008072868477066775,4610.0
M5_material_controls,C(sector)[T.기계장비 및 관련 물품 도매업],0.008062751626074387,0.0419882838394965,0.19202384305333567,0.8477235289022478,4610.0
M5_material_controls,C(sector)[T.기반조성 및 시설물 축조관련 전문공사업],0.015304157862048397,0.06258297674514075,0.24454186518439594,0.8068111822161653,4610.0
M5_material_controls,C(sector)[T.기초 의약물질 제조업],-0.0921105019852421,0.03377534793744747,-2.7271518314432273,0.006388363618696998,4610.0
M5_material_controls,C(sector)[T.기초 화학물질 제조업],0.02539735641552654,0.039128749845872675,0.6490715015318965,0.5162921612286928,4610.0
M5_material_controls,C(sector)[T.기타 금속 가공제품 제조업],-0.002699343446770218,0.05674375099088314,-0.04757076153114929,0.9620583345563386,4610.0
M5_material_controls,C(sector)[T.기타 비금속 광물제품 제조업],-0.053767100025182965,0.032465056832797504,-1.6561529616934254,0.09769084626541878,4610.0
M5_material_controls,C(sector)[T.기타 사업지원 서비스업],-0.03679865535968167,0.03190531534703685,-1.1533706832049628,0.24875826928559652,4610.0
M5_material_controls,C(sector)[T.기타 상품 전문 소매업],-0.10024267241593701,0.03157913103207608,-3.17433283120162,0.001501813716540949,4610.0
M5_material_controls,C(sector)[T.기타 식품 제조업],-0.0006960696192677029,0.041721613508452014,-0.016683669703394674,0.9866889750381653,4610.0
M5_material_controls,C(sector)[T.기타 운송관련 서비스업],-0.03619204832595246,0.03737814778558517,-0.9682675699599506,0.33291075661519354,4610.0
M5_material_controls,C(sector)[T.기타 전기장비 제조업],-0.05748805426614427,0.03179653647286572,-1.8079973683675572,0.0706069101636791,4610.0
M5_material_controls,C(sector)[T.기타 전문 도매업],0.0028907161890104156,0.037947507684785185,0.07617670738806992,0.9392785136452738,4610.0
M5_material_controls,C(sector)[T.기타 정보 서비스업],-0.052467737829536155,0.03134665570300896,-1.6737906054998968,0.09417175931262942,4610.0
M5_material_controls,C(sector)[T.기타 종이 및 판지 제품 제조업],0.10746991583362203,0.032246245671952216,3.3327884717785725,0.0008598028505074158,4610.0
M5_material_controls,C(sector)[T.기타 화학제품 제조업],-0.018945682579547957,0.03465230535267584,-0.5467365702433699,0.5845597259520124,4610.0
M5_material_controls,C(sector)[T.나무제품 제조업],-0.06669810534547009,0.031131073537835594,-2.1424929424424635,0.032153835989374435,4610.0
M5_material_controls,"C(sector)[T.내화, 비내화 요업제품 제조업]",0.024615471780240587,0.04924607299079993,0.4998463894743284,0.6171832434851856,4610.0
M5_material_controls,C(sector)[T.담배 제조업],-0.10546467746943765,0.033081581737548195,-3.188017982517847,0.001432516273659738,4610.0
M5_material_controls,C(sector)[T.도로 화물 운송업],0.11031969566862866,0.04227716968763838,2.60943900653041,0.009069081181286283,4610.0
M5_material_controls,"C(sector)[T.도축, 육류 가공 및 저장 처리업]",-0.07547164684699482,0.032467815979833205,-2.324506424881571,0.020098367619871296,4610.0
M5_material_controls,C(sector)[T.동·식물성 유지 및 낙농제품 제조업],-0.008133703667083778,0.06770183470414673,-0.1201400774827981,0.9043721850536937,4610.0
M5_material_controls,C(sector)[T.동물용 사료 및 조제식품 제조업],-0.0767829474567393,0.031089228109460087,-2.4697604966710367,0.013520353920202713,4610.0
M5_material_controls,"C(sector)[T.떡, 빵 및 과자류 제조업]",0.09128419366883211,0.03111239593826631,2.934013627557312,0.0033460951681801064,4610.0
M5_material_controls,C(sector)[T.무기 및 총포탄 제조업],-0.004801429478209602,0.05042558717788523,-0.09521811736711575,0.9241415797906675,4610.0
M5_material_controls,C(sector)[T.무점포 소매업],-0.09114209519334779,0.03181539144681364,-2.864717077132672,0.004173819690947047,4610.0
M5_material_controls,C(sector)[T.반도체 제조업],0.004272260652381204,0.047662346443838495,0.08963596992471394,0.9285764995791224,4610.0
M5_material_controls,C(sector)[T.방적 및 가공사 제조업],0.07297112072956859,0.03155230212198568,2.312703537366366,0.0207389444087355,4610.0
M5_material_controls,C(sector)[T.봉제의복 제조업],0.0022563383608835527,0.04580723798594187,0.04925724536318949,0.9607142913891379,4610.0
M5_material_controls,"C(sector)[T.비료, 농약 및 살균, 살충제 제조업]",-0.054637782136148,0.0315907171560654,-1.7295518131552634,0.08371038168960442,4610.0
M5_material_controls,C(sector)[T.비알코올음료 및 얼음 제조업],0.03999977141793386,0.03153588856684511,1.2683889129411483,0.20465909898611923,4610.0
M5_material_controls,C(sector)[T.산업용 기계 및 장비 임대업],0.057162803702547345,0.03141325008025114,1.819703582294543,0.06880415749844296,4610.0
M5_material_controls,C(sector)[T.산업용 농·축산물 및 동·식물 도매업],-0.060446182721090605,0.03140716298328468,-1.9245986259013872,0.05427959145394483,4610.0
M5_material_controls,C(sector)[T.상품 종합 도매업],-0.01355152157347573,0.04646460359412348,-0.2916525812175364,0.7705522682897374,4610.0
M5_material_controls,C(sector)[T.상품 중개업],-0.002710355222795565,0.04332061172111081,-0.06256502655697188,0.950112879597346,4610.0
M5_material_controls,C(sector)[T.생활용품 도매업],0.05137052249336705,0.04899786722616706,1.0484236437526588,0.2944434648751627,4610.0
M5_material_controls,"C(sector)[T.서적, 잡지 및 기타 인쇄물 출판업]",0.015423282766981211,0.06640799429185162,0.232250392915024,0.8163435397129422,4610.0
M5_material_controls,C(sector)[T.석유 정제품 제조업],-0.07912885982040638,0.038035161257359944,-2.080413417600396,0.03748762961775031,4610.0
M5_material_controls,C(sector)[T.선박 및 보트 건조업],-0.005723619799930362,0.050122621355590716,-0.11419234758941722,0.909085317967929,4610.0
M5_material_controls,"C(sector)[T.섬유, 의복, 신발 및 가죽제품 소매업]",0.06413258802197862,0.10336898624414072,0.6204238848827238,0.5349787514051896,4610.0
M5_material_controls,C(sector)[T.소프트웨어 개발 및 공급업],-0.04873471064990853,0.04606180299611425,-1.0580287240171593,0.29004234721230915,4610.0
M5_material_controls,C(sector)[T.수산물 가공 및 저장 처리업],-0.037175277121115666,0.03969398028077134,-0.9365469740791958,0.3489916388430364,4610.0
M5_material_controls,C(sector)[T.스포츠 서비스업],-0.03571572282511552,0.03260699122530376,-1.0953394190323,0.27336796400717434,4610.0
M5_material_controls,"C(sector)[T.시멘트, 석회, 플라스터 및 그 제품 제조업]",-0.05130872407687456,0.03494095483858302,-1.4684408114748393,0.14198452269696013,4610.0
M5_material_controls,C(sector)[T.신발 및 신발 부분품 제조업],-0.08291152705426673,0.031241008198417984,-2.6539325020395883,0.007955973966216652,4610.0
M5_material_controls,C(sector)[T.악기 제조업],-0.06652465223155485,0.03106020882688428,-2.1417966827696984,0.03220984649113339,4610.0
M5_material_controls,C(sector)[T.알코올음료 제조업],-0.0754503718444839,0.03196583445086545,-2.3603441968786503,0.018257985934314262,4610.0
M5_material_controls,C(sector)[T.어로 어업],0.01596820091659491,0.05292054270720515,0.30173917536981026,0.7628509017190912,4610.0
M5_material_controls,C(sector)[T.여행사 및 기타 여행보조 서비스업],0.116433378095128,0.06802457023443881,1.7116370995634937,0.08696356691075659,4610.0
M5_material_controls,C(sector)[T.연료 소매업],-0.06770202717377971,0.036699627250298954,-1.844760621464574,0.06507236805532106,4610.0
M5_material_controls,C(sector)[T.연료용 가스 제조 및 배관공급업],-0.007096107461727071,0.03767121095754378,-0.1883695076785434,0.850587001147087,4610.0
M5_material_controls,C(sector)[T.영상 및 음향기기 제조업],0.05950713737320701,0.05245413485880988,1.1344603725403462,0.2566014871190071,4610.0
M5_material_controls,"C(sector)[T.영화, 비디오물, 방송프로그램 제작 및 배급업]",-0.007296925932382214,0.09191644424238532,-0.07938651231046415,0.9367251963988527,4610.0
M5_material_controls,C(sector)[T.오디오물 출판 및 원판 녹음업],0.271020959388812,0.032088329003679916,8.446091392223355,3.012179154025985e-17,4610.0
M5_material_controls,C(sector)[T.운송장비 임대업],0.11630605016363058,0.18626358403526913,0.6244164728496148,0.5323541095914064,4610.0
M5_material_controls,C(sector)[T.유리 및 유리제품 제조업],8.099676637483383e-05,0.06125266995519897,0.0013223385435128944,0.9989449267994563,4610.0
M5_material_controls,C(sector)[T.유원지 및 기타 오락관련 서비스업],-0.04668904513242027,0.05641672911473449,-0.8275744777310455,0.40791152716251433,4610.0
M5_material_controls,C(sector)[T.육상 여객 운송업],0.08531935589396265,0.03260847407183809,2.6164780267239696,0.008884208230650385,4610.0
M5_material_controls,C(sector)[T.음·식료품 및 담배 도매업],-0.06403694733331915,0.03282551505875578,-1.9508284095069555,0.05107746111980953,4610.0
M5_material_controls,C(sector)[T.음식점업],0.06498228308772877,0.031113945783498118,2.088525947171682,0.036750417327038286,4610.0
M5_material_controls,C(sector)[T.의료용 기기 제조업],0.04062381404840381,0.05668007708040988,0.7167212209463361,0.47354612919583483,4610.0
M5_material_controls,C(sector)[T.의료용품 및 기타 의약 관련제품 제조업],0.15944430268507281,0.03466420918937225,4.599680950862629,4.231385015828449e-06,4610.0
M5_material_controls,C(sector)[T.의약품 제조업],-0.0019686038107030535,0.035508447617135355,-0.055440435806409685,0.955787582241976,4610.0
M5_material_controls,C(sector)[T.일반 목적용 기계 제조업],0.006316627372609401,0.0453452797159135,0.1393006595655124,0.8892125687056905,4610.0
M5_material_controls,C(sector)[T.일반 및 생활 숙박시설 운영업],-0.08159246167324076,0.031207458648258548,-2.6145179776692204,0.008935345801177523,4610.0
M5_material_controls,C(sector)[T.일차전지 및 이차전지 제조업],0.07899405388136775,0.05735844381891503,1.3772000881118391,0.16845039461655198,4610.0
M5_material_controls,C(sector)[T.자동차 부품 및 내장품 판매업],0.08627415556746057,0.0318976811547541,2.7047155919859733,0.006836289233027742,4610.0
M5_material_controls,C(sector)[T.자동차 신품 부품 제조업],-6.590334443065234e-05,0.03412139085694533,-0.0019314378099929614,0.9984589365493997,4610.0
M5_material_controls,C(sector)[T.자동차 판매업],0.11520073296249762,0.14742822584259166,0.7814021521597692,0.434566005728814,4610.0
M5_material_controls,C(sector)[T.자동차용 엔진 및 자동차 제조업],-0.006955773086037251,0.057804431386309994,-0.12033286928386963,0.9042194673570978,4610.0
M5_material_controls,"C(sector)[T.자료처리, 호스팅, 포털 및 기타 인터넷 정보매개 서비스업]",-0.019019951263135985,0.04063036414126394,-0.46812160474386305,0.6396976300609765,4610.0
M5_material_controls,C(sector)[T.자연과학 및 공학 연구개발업],-0.0009248939337499866,0.09853267040873268,-0.009386672764610426,0.9925106287049202,4610.0
M5_material_controls,C(sector)[T.전구 및 조명장치 제조업],0.054340786930730425,0.03597245082389748,1.5106223147473277,0.13088470527016555,4610.0
M5_material_controls,C(sector)[T.전기 및 통신 공사업],-0.020121186652892694,0.0632015674418821,-0.3183653106609329,0.7502078484899724,4610.0
M5_material_controls,C(sector)[T.전기 통신업],0.009451403178039957,0.048242982120355576,0.1959124988264779,0.8446786541939019,4610.0
M5_material_controls,C(sector)[T.전기업],0.09029178678547124,0.041516417193550655,2.1748453476736325,0.029641707558383586,4610.0
M5_material_controls,"C(sector)[T.전동기, 발전기 및 전기 변환 · 공급 · 제어 장치 제조업]",0.05960343873597972,0.0525241260028446,1.134782113894703,0.25646662216443783,4610.0
M5_material_controls,C(sector)[T.전자부품 제조업],-0.018373100194500468,0.03517783572075685,-0.5222919437212373,0.6014670775894577,4610.0
M5_material_controls,C(sector)[T.절연선 및 케이블 제조업],-0.035402068562505856,0.04469909330084821,-0.7920086504715314,0.4283556322954415,4610.0
M5_material_controls,C(sector)[T.제재 및 목재 가공업],0.00898581712017088,0.07429836939713512,0.12094231936828166,0.9037367221624542,4610.0
M5_material_controls,C(sector)[T.종합 소매업],-0.03025970158998346,0.04002695558554826,-0.7559830905778089,0.4496593339816096,4610.0
M5_material_controls,"C(sector)[T.증기, 냉·온수 및 공기조절 공급업]",0.02838229415270997,0.03188768369021564,0.8900707379200058,0.3734279042040536,4610.0
M5_material_controls,C(sector)[T.직물직조 및 직물제품 제조업],0.04756632167503131,0.07259995818763114,0.655183871485138,0.512349377231956,4610.0
M5_material_controls,C(sector)[T.초등 교육기관],-0.014383909218798807,0.057362891347222764,-0.25075286271278946,0.802005187462068,4610.0
M5_material_controls,"C(sector)[T.측정, 시험, 항해, 제어 및 기타 정밀기기 제조업; 광학기기 제외]",0.002074954939608217,0.04481668608028212,0.04629871418630235,0.9630721641427336,4610.0
M5_material_controls,C(sector)[T.컴퓨터 및 주변장치 제조업],-0.06279357140848232,0.033943707736662526,-1.8499325970998484,0.06432326495999685,4610.0
M5_material_controls,"C(sector)[T.컴퓨터 프로그래밍, 시스템 통합 및 관리업]",0.01791826942292474,0.0597280622473541,0.29999750115312845,0.7641790616823082,4610.0
M5_material_controls,C(sector)[T.텔레비전 방송업],0.007184531573374927,0.047952882268635755,0.14982481205460446,0.8809028331218233,4610.0
M5_material_controls,C(sector)[T.토목 건설업],0.07328384703501173,0.043368325818353225,1.689801154463713,0.09106600288939277,4610.0
M5_material_controls,C(sector)[T.통신 및 방송 장비 제조업],-0.10121613093836683,0.037864758794112184,-2.6730958855099196,0.0075154765447740714,4610.0
M5_material_controls,C(sector)[T.특수 목적용 기계 제조업],0.0137043272398351,0.0391816514019912,0.34976390094519216,0.7265158927507098,4610.0
M5_material_controls,"C(sector)[T.펄프, 종이 및 판지 제조업]",-0.05473173470342108,0.03542540038883809,-1.544985634676583,0.12234973812372789,4610.0
M5_material_controls,C(sector)[T.편조원단 제조업],0.08561237493606615,0.03340890440320523,2.5625615824699883,0.010390315931531178,4610.0
M5_material_controls,C(sector)[T.플라스틱제품 제조업],1.2011177146263239e-05,0.03878104072265787,0.00030971776214467847,0.9997528809833292,4610.0
M5_material_controls,C(sector)[T.합성고무 및 플라스틱 물질 제조업],-0.011369960869784326,0.05297900041069106,-0.21461259709780953,0.8300693717143135,4610.0
M5_material_controls,C(sector)[T.항공 여객 운송업],-0.01218802468867074,0.06351422661693401,-0.19189440441712313,0.8478249206202471,4610.0
M5_material_controls,"C(sector)[T.항공기,우주선 및 부품 제조업]",0.17498776179984782,0.10255891155083685,1.7062170332522408,0.08796767852918361,4610.0
M5_material_controls,C(sector)[T.해상 운송업],-0.014990601895116275,0.05678963637143356,-0.2639672104443493,0.7918051851401833,4610.0
M5_material_controls,C(sector)[T.화학섬유 제조업],-0.0684325360330648,0.037398753916227066,-1.8298079178347273,0.06727866641894685,4610.0
M5_material_controls,LogAssets_w,0.016504548002755196,0.003203982463794264,5.151260404593462,2.587416276698798e-07,4610.0
M5_material_controls,Leverage_w,-0.00316192831262832,0.024759877339503827,-0.1277037147346257,0.8983834502330831,4610.0
M5_material_controls,ROA_w,-0.18254798329144306,0.07891550160557885,-2.3132081730129688,0.02071119643062985,4610.0
M5_material_controls,Loss,0.008395335465061637,0.012722662002329636,0.6598725536781826,0.509335618605427,4610.0
M6_material_governance,Intercept,-0.4624963600656438,0.12415616721372653,-3.725117893414729,0.00019522396196273024,3218.0
M6_material_governance,C(year)[T.2020],-0.028925335277361068,0.04294143724971479,-0.6735996075108824,0.5005659027734666,3218.0
M6_material_governance,C(year)[T.2021],-0.023305687202398343,0.04353131284453236,-0.5353775404300859,0.5923888175082774,3218.0
M6_material_governance,C(year)[T.2022],0.08836912909749124,0.04459912315687541,1.9814095623955834,0.04754536226588941,3218.0
M6_material_governance,C(year)[T.2023],0.13847652343398786,0.04607429215989225,3.0055051731110893,0.0026514008592903944,3218.0
M6_material_governance,C(year)[T.2024],0.19290642377997574,0.04654714995084999,4.144322992571388,3.4081909143478505e-05,3218.0
M6_material_governance,C(sector)[T.1차 철강 제조업],-0.040342642662624655,0.047329270375826155,-0.8523825180966664,0.3940018198066998,3218.0
M6_material_governance,C(sector)[T.가구 제조업],0.004885095495135792,0.05889922884715712,0.08293988887040547,0.9338993365565769,3218.0
M6_material_governance,C(sector)[T.가전제품 및 정보통신장비 소매업],-0.1533434013079984,0.046493488309088025,-3.298169418662969,0.0009731739735913962,3218.0
M6_material_governance,C(sector)[T.가정용 기기 제조업],0.1251838057623021,0.042062463527786954,2.9761406076371206,0.002919009939110419,3218.0
M6_material_governance,"C(sector)[T.가죽, 가방 및 유사제품 제조업]",-0.05339567170709448,0.058272402099788186,-0.9163114919418873,0.35950354224284675,3218.0
M6_material_governance,C(sector)[T.개인 및 가정용품 임대업],0.11534994091806076,0.04611842180258188,2.5011684357248116,0.012378429043590567,3218.0
M6_material_governance,C(sector)[T.건물 건설업],-0.01722574319362243,0.06468796927132701,-0.2662897504383052,0.7900160661854854,3218.0
M6_material_governance,C(sector)[T.건물설비 설치 공사업],0.10127718012819915,0.046984725241908026,2.1555341572555364,0.031120058683584507,3218.0
M6_material_governance,"C(sector)[T.건축기술, 엔지니어링 및 관련 기술 서비스업]",0.044313760793901875,0.06358901301681281,0.6968776317095124,0.48587937734084863,3218.0
M6_material_governance,"C(sector)[T.건축자재, 철물 및 난방장치 도매업]",-0.04393856464412466,0.04340940170577641,-1.0121900537108264,0.3114471909407579,3218.0
M6_material_governance,"C(sector)[T.경비, 경호 및 탐정업]",-0.14090274741016576,0.04660617410330215,-3.0232635508303285,0.0025006435942654544,3218.0
M6_material_governance,C(sector)[T.고무제품 제조업],-0.028964769729334403,0.06908223873354061,-0.41927954652794874,0.6750118428085128,3218.0
M6_material_governance,"C(sector)[T.곡물가공품, 전분 및 전분제품 제조업]",0.03784792916207867,0.056526889907462415,0.6695561921775245,0.5031407483189603,3218.0
M6_material_governance,"C(sector)[T.골판지, 종이 상자 및 종이용기 제조업]",0.01548133404666634,0.07501107729284066,0.2063873044540841,0.8364883869410071,3218.0
M6_material_governance,C(sector)[T.광고업],-0.04998382525694749,0.06685333652183964,-0.7476638842194328,0.4546629205861399,3218.0
M6_material_governance,"C(sector)[T.구조용 금속제품, 탱크 및 증기발생기 제조업]",-0.06317892200648978,0.06566958122529505,-0.962072862772484,0.33601300462348194,3218.0
M6_material_governance,C(sector)[T.귀금속 및 장신용품 제조업],-0.06331957202834572,0.044485466878732394,-1.42337658725613,0.15462701584886213,3218.0
M6_material_governance,C(sector)[T.그외 기타 개인 서비스업],0.23673950121136542,0.045721752380111856,5.17783087671729,2.244805843584871e-07,3218.0
M6_material_governance,C(sector)[T.그외 기타 운송장비 제조업],-0.027362098083303435,0.09734821697170326,-0.2810744658143757,0.7786532853424296,3218.0
M6_material_governance,C(sector)[T.금속 주조업],0.10770810085794122,0.04302136914308893,2.5035953760491543,0.01229385402331052,3218.0
M6_material_governance,C(sector)[T.기계장비 및 관련 물품 도매업],-0.006889373744628664,0.06141381102327433,-0.1121795509810938,0.9106810427687914,3218.0
M6_material_governance,C(sector)[T.기반조성 및 시설물 축조관련 전문공사업],0.014537770243351006,0.08309393246524997,0.17495585793139262,0.8611143187912734,3218.0
M6_material_governance,C(sector)[T.기초 의약물질 제조업],-0.1069520983602281,0.049919533902576155,-2.142489923262459,0.03215407868653888,3218.0
M6_material_governance,C(sector)[T.기초 화학물질 제조업],0.03259794910020502,0.054710784843409146,0.5958230939933592,0.5512934141677401,3218.0
M6_material_governance,C(sector)[T.기타 금속 가공제품 제조업],-0.01219198308105603,0.06930504730649172,-0.1759176792296053,0.860358615934117,3218.0
M6_material_governance,C(sector)[T.기타 비금속 광물제품 제조업],-0.09972517050724022,0.04879669593224674,-2.0436869464626595,0.04098448358978845,3218.0
M6_material_governance,C(sector)[T.기타 사업지원 서비스업],-0.03286949193862578,0.04413439370811511,-0.7447591136293774,0.45641735600665756,3218.0
M6_material_governance,C(sector)[T.기타 상품 전문 소매업],-0.17298500132348613,0.04546661330859122,-3.804659919343486,0.00014199914816232753,3218.0
M6_material_governance,C(sector)[T.기타 식품 제조업],0.0071417739257635575,0.059108483589400435,0.12082485443839484,0.9038297633289758,3218.0
M6_material_governance,C(sector)[T.기타 운송관련 서비스업],-0.05774802917996356,0.05464334529171613,-1.0568172367865276,0.2905950061018403,3218.0
M6_material_governance,C(sector)[T.기타 전기장비 제조업],-0.08034776333117591,0.04480156141759026,-1.7934143540726972,0.07290669407256656,3218.0
M6_material_governance,C(sector)[T.기타 전문 도매업],-0.010574220186403272,0.05455251875489651,-0.19383559967071465,0.8463046111163199,3218.0
M6_material_governance,C(sector)[T.기타 정보 서비스업],-0.09715387924692477,0.04370057697276521,-2.2231715454803354,0.02620423475770636,3218.0
M6_material_governance,C(sector)[T.기타 종이 및 판지 제품 제조업],0.1615295417373932,0.04376640138978067,3.6907202010698072,0.0002236200095830609,3218.0
M6_material_governance,C(sector)[T.기타 화학제품 제조업],-0.02648424895087001,0.047584509380368026,-0.5565729119778765,0.5778192655391841,3218.0
M6_material_governance,C(sector)[T.나무제품 제조업],-0.09542237472432304,0.043824795608381234,-2.177360405214852,0.029453687485286227,3218.0
M6_material_governance,"C(sector)[T.내화, 비내화 요업제품 제조업]",0.04562783986446287,0.07024369856761019,0.6495648833260917,0.5159733226701135,3218.0
M6_material_governance,C(sector)[T.담배 제조업],-0.2158447891193954,0.04978493306586043,-4.335544427344204,1.453998028748991e-05,3218.0
M6_material_governance,C(sector)[T.도로 화물 운송업],0.11866188152778444,0.05100563102091128,2.326446691329737,0.019994733220532707,3218.0
M6_material_governance,"C(sector)[T.도축, 육류 가공 및 저장 처리업]",-0.10495469170138821,0.04500971036547629,-2.331823307663215,0.019709988353724166,3218.0
M6_material_governance,C(sector)[T.동·식물성 유지 및 낙농제품 제조업],-0.016612826257995025,0.09565487053184145,-0.17367465102014823,0.8621211602983433,3218.0
M6_material_governance,C(sector)[T.동물용 사료 및 조제식품 제조업],-0.1059325429335757,0.04326300493328995,-2.4485710850857445,0.014342412584676965,3218.0
M6_material_governance,"C(sector)[T.떡, 빵 및 과자류 제조업]",0.15012018206180175,0.04235720728380903,3.5441473054618715,0.0003938851099532757,3218.0
M6_material_governance,C(sector)[T.무기 및 총포탄 제조업],0.006883008619124263,0.05835689446755804,0.11794679415215777,0.9061098156149135,3218.0
M6_material_governance,C(sector)[T.무점포 소매업],-0.15497674578657172,0.04553090716398785,-3.4037702176324927,0.0006646263830958465,3218.0
M6_material_governance,C(sector)[T.반도체 제조업],-0.009108413649884486,0.0697962396327524,-0.13050006272272432,0.8961708045216109,3218.0
M6_material_governance,C(sector)[T.방적 및 가공사 제조업],0.07958036360476307,0.049304239192773075,1.6140673683983713,0.1065128144445173,3218.0
M6_material_governance,C(sector)[T.봉제의복 제조업],-0.006998995532002674,0.06056547751363985,-0.11556080822489084,0.9080006252467011,3218.0
M6_material_governance,"C(sector)[T.비료, 농약 및 살균, 살충제 제조업]",-0.07432771791956486,0.04451486817636996,-1.6697279125948439,0.09497320858677875,3218.0
M6_material_governance,C(sector)[T.비알코올음료 및 얼음 제조업],-0.09825766452080786,0.04416960382962098,-2.2245539013622397,0.026111200225469942,3218.0
M6_material_governance,C(sector)[T.산업용 기계 및 장비 임대업],0.09410312669671078,0.045256019160752614,2.079350513849876,0.037585145390562194,3218.0
M6_material_governance,C(sector)[T.산업용 농·축산물 및 동·식물 도매업],-0.055131362946194015,0.04330277714641764,-1.2731599813975194,0.20296127799730157,3218.0
M6_material_governance,C(sector)[T.상품 종합 도매업],-0.013594660948121147,0.06802928155054752,-0.1998354331879863,0.841609288538316,3218.0
M6_material_governance,C(sector)[T.상품 중개업],-0.01618351912614814,0.07001807258441355,-0.23113345638923932,0.8172111242846126,3218.0
M6_material_governance,C(sector)[T.생활용품 도매업],0.060046219617364734,0.07044528389961291,0.8523809727693451,0.39400267722196036,3218.0
M6_material_governance,"C(sector)[T.서적, 잡지 및 기타 인쇄물 출판업]",0.03957292367007624,0.10728190775441675,0.3688685678545555,0.712225692990097,3218.0
M6_material_governance,C(sector)[T.석유 정제품 제조업],-0.12211902879863104,0.054481142419076506,-2.2414917047677623,0.024994242256891692,3218.0
M6_material_governance,C(sector)[T.선박 및 보트 건조업],0.01417578435509811,0.0674010498074404,0.2103199341196796,0.8334179780443686,3218.0
M6_material_governance,"C(sector)[T.섬유, 의복, 신발 및 가죽제품 소매업]",0.17689970148488815,0.1184205468905313,1.4938260811142456,0.13522108276630884,3218.0
M6_material_governance,C(sector)[T.소프트웨어 개발 및 공급업],-0.08860634172763195,0.06754660984034251,-1.3117807383237674,0.18959412576704937,3218.0
M6_material_governance,C(sector)[T.수산물 가공 및 저장 처리업],-0.04315126418133784,0.05395870735062338,-0.7997090052758523,0.4238794142172887,3218.0
M6_material_governance,C(sector)[T.스포츠 서비스업],-0.04334958068820312,0.04422502328742997,-0.9802048131543737,0.32698502914103256,3218.0
M6_material_governance,"C(sector)[T.시멘트, 석회, 플라스터 및 그 제품 제조업]",-0.07016186140107333,0.04788897191856996,-1.4650943336260387,0.14289518242434182,3218.0
M6_material_governance,C(sector)[T.신발 및 신발 부분품 제조업],-0.09455180324577507,0.04470137766553326,-2.1151876784030015,0.03441395469187988,3218.0
M6_material_governance,C(sector)[T.악기 제조업],-0.08769461771284064,0.04363930287349632,-2.009532965433796,0.04448064228249784,3218.0
M6_material_governance,C(sector)[T.알코올음료 제조업],-0.10159165786199836,0.04306645159305256,-2.3589512045702654,0.01832666537093643,3218.0
M6_material_governance,C(sector)[T.어로 어업],0.011200300843400474,0.09081728264112417,0.12332785696374403,0.9018474825441959,3218.0
M6_material_governance,C(sector)[T.여행사 및 기타 여행보조 서비스업],0.17384849146376943,0.09005354432130869,1.9305013786407181,0.05354474455923332,3218.0
M6_material_governance,C(sector)[T.연료 소매업],-0.11186890688934453,0.052766621186050286,-2.120069551069131,0.03400018033202969,3218.0
M6_material_governance,C(sector)[T.연료용 가스 제조 및 배관공급업],0.006982659458122705,0.05005836330959807,0.13949036677321544,0.8890626677226849,3218.0
M6_material_governance,C(sector)[T.영상 및 음향기기 제조업],0.08813397867992027,0.07913647664643364,1.113696014970261,0.26540961948644637,3218.0
M6_material_governance,"C(sector)[T.영화, 비디오물, 방송프로그램 제작 및 배급업]",0.006235420307117758,0.13039952369121408,0.047817815054932454,0.9618614384361683,3218.0
M6_material_governance,C(sector)[T.오디오물 출판 및 원판 녹음업],0.2538558696350199,0.044335191206984384,5.725832295384992,1.0292786184340137e-08,3218.0
M6_material_governance,C(sector)[T.운송장비 임대업],0.12786761407241992,0.1990904455829557,0.6422589175387671,0.5207050839895693,3218.0
M6_material_governance,C(sector)[T.유리 및 유리제품 제조업],0.059482372177274694,0.044016123279408556,1.3513768988624562,0.17657473000278645,3218.0
M6_material_governance,C(sector)[T.유원지 및 기타 오락관련 서비스업],-0.07757020875155649,0.07945140857297901,-0.9763226372545104,0.32890460538940236,3218.0
M6_material_governance,C(sector)[T.육상 여객 운송업],0.12719806944076123,0.05738739066189083,2.2164811463579834,0.02665856769914561,3218.0
M6_material_governance,C(sector)[T.음·식료품 및 담배 도매업],-0.06830640283581271,0.04727697022092438,-1.444813458151362,0.14851028982605083,3218.0
M6_material_governance,C(sector)[T.음식점업],0.09466231521040396,0.043202774670814244,2.191116564426436,0.028443358337854132,3218.0
M6_material_governance,C(sector)[T.의료용 기기 제조업],0.038230373068494694,0.06588702731818998,0.5802412800302514,0.5617519196090703,3218.0
M6_material_governance,C(sector)[T.의료용품 및 기타 의약 관련제품 제조업],0.17057352142277404,0.04679670455390509,3.6449900275838982,0.00026740217031828023,3218.0
M6_material_governance,C(sector)[T.의약품 제조업],-0.014664460549080492,0.048937931172279486,-0.2996542803874607,0.7644408757881664,3218.0
M6_material_governance,C(sector)[T.일반 목적용 기계 제조업],0.007366355663296351,0.06531294430883376,0.11278553954732723,0.9102005829558267,3218.0
M6_material_governance,C(sector)[T.일반 및 생활 숙박시설 운영업],-0.10092077984346022,0.043666235621022044,-2.3111857115266052,0.02082259925096162,3218.0
M6_material_governance,C(sector)[T.일차전지 및 이차전지 제조업],0.10710572088061131,0.08529400974660103,1.2557238333478566,0.20921611502837922,3218.0
M6_material_governance,C(sector)[T.자동차 부품 및 내장품 판매업],0.1324854833327296,0.044174236379809884,2.9991572959772306,0.0027072749851386043,3218.0
M6_material_governance,C(sector)[T.자동차 신품 부품 제조업],-0.0017723225507608874,0.04717899954871386,-0.037565920594202225,0.9700337801581146,3218.0
M6_material_governance,C(sector)[T.자동차 판매업],0.16284800272903743,0.17456878534770678,0.9328586574322331,0.35089295062515113,3218.0
M6_material_governance,C(sector)[T.자동차용 엔진 및 자동차 제조업],-0.0010026694448613885,0.07764129425213727,-0.01291412584655346,0.9896963047707539,3218.0
M6_material_governance,"C(sector)[T.자료처리, 호스팅, 포털 및 기타 인터넷 정보매개 서비스업]",-0.04669522395617941,0.05627226161678436,-0.8298089078803188,0.4066468335995581,3218.0
M6_material_governance,C(sector)[T.자연과학 및 공학 연구개발업],0.015675910099619616,0.09690133594075322,0.16177186771918273,0.8714855075065939,3218.0
M6_material_governance,C(sector)[T.전구 및 조명장치 제조업],0.07878478415810163,0.05002597989328603,1.5748773802364902,0.11528475075403946,3218.0
M6_material_governance,C(sector)[T.전기 및 통신 공사업],-0.021598604002143685,0.08497073768688805,-0.2541887312045379,0.7993497559623844,3218.0
M6_material_governance,C(sector)[T.전기 통신업],-0.004016142795048643,0.06106700236384885,-0.06576616895520264,0.9475639911638087,3218.0
M6_material_governance,C(sector)[T.전기업],0.1542899277931727,0.06181741982031352,2.495897244525114,0.012563899052217895,3218.0
M6_material_governance,"C(sector)[T.전동기, 발전기 및 전기 변환 · 공급 · 제어 장치 제조업]",0.07080605015247654,0.07223700356517535,0.9801908531351562,0.3269919187355006,3218.0
M6_material_governance,C(sector)[T.전자부품 제조업],-0.03610501697004291,0.049076123521387065,-0.7356941498101123,0.46191685072881894,3218.0
M6_material_governance,C(sector)[T.절연선 및 케이블 제조업],-0.03644428016903789,0.05743402418548011,-0.6345416447112088,0.5257273978640143,3218.0
M6_material_governance,C(sector)[T.제재 및 목재 가공업],0.013664200074111081,0.09444729687592315,0.1446753959730785,0.8849671659186712,3218.0
M6_material_governance,C(sector)[T.종합 소매업],-0.05063977804432366,0.05590752757515976,-0.905777455034935,0.3650536562516187,3218.0
M6_material_governance,"C(sector)[T.증기, 냉·온수 및 공기조절 공급업]",0.05258692050086286,0.04680412775838622,1.1235530501140574,0.2612026831554889,3218.0
M6_material_governance,C(sector)[T.직물직조 및 직물제품 제조업],0.051319403192577696,0.1073018496446213,0.4782713752143617,0.6324570671862209,3218.0
M6_material_governance,C(sector)[T.초등 교육기관],0.002478417049019297,0.08012276317255775,0.030932745587937502,0.9753231752087945,3218.0
M6_material_governance,"C(sector)[T.측정, 시험, 항해, 제어 및 기타 정밀기기 제조업; 광학기기 제외]",-0.00614426013080701,0.061683988511695736,-0.0996086712136329,0.9206550094342513,3218.0
M6_material_governance,C(sector)[T.컴퓨터 및 주변장치 제조업],-0.10806320981767087,0.04780331273136782,-2.260579939824158,0.02378528110974955,3218.0
M6_material_governance,"C(sector)[T.컴퓨터 프로그래밍, 시스템 통합 및 관리업]",0.014624184645004512,0.08183023275224453,0.17871371195144722,0.858162501941958,3218.0
M6_material_governance,C(sector)[T.텔레비전 방송업],-1.0232135948904037e-05,0.07263284634305535,-0.00014087477586347355,0.9998875981917037,3218.0
M6_material_governance,C(sector)[T.토목 건설업],0.11220862339882424,0.058772543188647726,1.9092014282699616,0.056236112128559286,3218.0
M6_material_governance,C(sector)[T.통신 및 방송 장비 제조업],-0.16533873697078566,0.051287309946015124,-3.2237747923379243,0.0012651285182030858,3218.0
M6_material_governance,C(sector)[T.특수 목적용 기계 제조업],0.009710854627325611,0.054675574664534446,0.1776086431081373,0.859030336251789,3218.0
M6_material_governance,"C(sector)[T.펄프, 종이 및 판지 제조업]",-0.06364638351139822,0.052089724684679366,-1.2218606240803938,0.2217603381121378,3218.0
M6_material_governance,C(sector)[T.편조원단 제조업],-0.019348074650058018,0.049754002948493165,-0.38887473375936654,0.6973688135230671,3218.0
M6_material_governance,C(sector)[T.플라스틱제품 제조업],0.0017936440463543464,0.05521601808475133,0.03248412523339285,0.9740859755777503,3218.0
M6_material_governance,C(sector)[T.합성고무 및 플라스틱 물질 제조업],-0.024455664610027867,0.07241668673753426,-0.3377075880130299,0.7355835559749937,3218.0
M6_material_governance,C(sector)[T.항공 여객 운송업],-0.0003150679240446154,0.08928829444999593,-0.003528658778683052,0.9971845434828931,3218.0
M6_material_governance,"C(sector)[T.항공기,우주선 및 부품 제조업]",0.21861531846593266,0.15390467628622317,1.420459233216308,0.1554740288733348,3218.0
M6_material_governance,C(sector)[T.해상 운송업],-0.011637051246372147,0.08058620424484046,-0.14440500524154182,0.8851806646256397,3218.0
M6_material_governance,C(sector)[T.화학섬유 제조업],-0.11597662377721571,0.05238246591988207,-2.2140352070213654,0.02682635711927351,3218.0
M6_material_governance,LogAssets_w,0.023063650715931278,0.005699572936164101,4.0465576937512555,5.197631869800461e-05,3218.0
M6_material_governance,Leverage_w,-0.021434385269024053,0.03467666834986199,-0.6181212408518295,0.5364954216430431,3218.0
M6_material_governance,ROA_w,-0.20352842198155324,0.10693416532407107,-1.90330584584213,0.05700064850462189,3218.0
M6_material_governance,Loss,0.014987445234069441,0.01874539828859683,0.7995266359950634,0.4239851082000825,3218.0
M6_material_governance,OutsideDirectorRatio_w,0.09368220054519291,0.044565592680680007,2.102119480749234,0.03554281080432688,3218.0
M6_material_governance,LargestShareholderOwnership_w,-0.001375648100719677,0.0004091619194740375,-3.3621117588069334,0.0007734881126585925,3218.0
M6_material_governance,LogMinorityShareholderCount_w,-0.010546130297790004,0.007227080580966987,-1.4592517932571505,0.14449581823034513,3218.0
M7_material_auditor_basic,Intercept,-0.508517174836622,0.13890187499929912,-3.660981357085265,0.0002512510424216687,3217.0
M7_material_auditor_basic,C(year)[T.2020],-0.025737506400711697,0.043227390117259464,-0.5953981105705349,0.5515773882035475,3217.0
M7_material_auditor_basic,C(year)[T.2021],-0.021284319746354967,0.04374481101969479,-0.4865564452152357,0.6265726955428217,3217.0
M7_material_auditor_basic,C(year)[T.2022],0.090306038929471,0.04481380538382159,2.015138820638355,0.04389010565013464,3217.0
M7_material_auditor_basic,C(year)[T.2023],0.14046032067591913,0.04627420505180791,3.035391326953361,0.002402237765279719,3217.0
M7_material_auditor_basic,C(year)[T.2024],0.19468973812241555,0.046750240872180146,4.164464920185478,3.1208360378732325e-05,3217.0
M7_material_auditor_basic,C(sector)[T.1차 철강 제조업],-0.03836306670236068,0.04776107169961725,-0.8032287663818924,0.4218425216504742,3217.0
M7_material_auditor_basic,C(sector)[T.가구 제조업],0.009868321758730019,0.058889587326534015,0.1675732876851665,0.8669189873396649,3217.0
M7_material_auditor_basic,C(sector)[T.가전제품 및 정보통신장비 소매업],-0.1475402875162404,0.0472803110939252,-3.1205439241536017,0.0018051737406345324,3217.0
M7_material_auditor_basic,C(sector)[T.가정용 기기 제조업],0.12231971213120338,0.0422973913657824,2.891897305755767,0.003829230892154881,3217.0
M7_material_auditor_basic,"C(sector)[T.가죽, 가방 및 유사제품 제조업]",-0.05231042780685341,0.05874388970074408,-0.890482875297085,0.37320665958056454,3217.0
M7_material_auditor_basic,C(sector)[T.개인 및 가정용품 임대업],0.11782741651698553,0.04725087871601111,2.4936555619453347,0.012643516805935503,3217.0
M7_material_auditor_basic,C(sector)[T.건물 건설업],-0.013321491225804654,0.06437132002279178,-0.2069476161291698,0.8360507690621823,3217.0
M7_material_auditor_basic,C(sector)[T.건물설비 설치 공사업],0.10381620974675215,0.04711946122380508,2.203255450092105,0.027576749036564478,3217.0
M7_material_auditor_basic,"C(sector)[T.건축기술, 엔지니어링 및 관련 기술 서비스업]",0.049178379350095065,0.06383892863580612,0.7703509504467434,0.4410917406919539,3217.0
M7_material_auditor_basic,"C(sector)[T.건축자재, 철물 및 난방장치 도매업]",-0.04110797869622499,0.044773640076564945,-0.9181290291771786,0.3585513187024102,3217.0
M7_material_auditor_basic,"C(sector)[T.경비, 경호 및 탐정업]",-0.1383580845778327,0.04818996106802655,-2.871097662488704,0.004090491269659868,3217.0
M7_material_auditor_basic,C(sector)[T.고무제품 제조업],-0.026493366780855412,0.07021988413298182,-0.37729151946025,0.7059569738051302,3217.0
M7_material_auditor_basic,"C(sector)[T.곡물가공품, 전분 및 전분제품 제조업]",0.037543121553049875,0.057049762861532634,0.6580767328371202,0.5104888258761535,3217.0
M7_material_auditor_basic,"C(sector)[T.골판지, 종이 상자 및 종이용기 제조업]",0.017363783759231897,0.07444164782627376,0.2332536189923438,0.8155644719546304,3217.0
M7_material_auditor_basic,C(sector)[T.광고업],-0.04549422256089486,0.06776167784928311,-0.6713857154199167,0.5019748424785893,3217.0
M7_material_auditor_basic,"C(sector)[T.구조용 금속제품, 탱크 및 증기발생기 제조업]",-0.062275466639461645,0.06644917061424647,-0.9371895249225277,0.3486610770751677,3217.0
M7_material_auditor_basic,C(sector)[T.귀금속 및 장신용품 제조업],-0.059281633035847006,0.04618441698332384,-1.2835851767329287,0.19928713907354545,3217.0
M7_material_auditor_basic,C(sector)[T.그외 기타 개인 서비스업],0.23851569922319882,0.046841194073616234,5.092007237226797,3.5429257668157084e-07,3217.0
M7_material_auditor_basic,C(sector)[T.그외 기타 운송장비 제조업],-0.02827647292021193,0.09741227880683054,-0.29027626975326637,0.7716048916592625,3217.0
M7_material_auditor_basic,C(sector)[T.금속 주조업],0.1058400887992815,0.043188976090701645,2.450627414204161,0.014260748118456939,3217.0
M7_material_auditor_basic,C(sector)[T.기계장비 및 관련 물품 도매업],-0.0021603131647290833,0.061631386534029865,-0.03505215907379048,0.9720381494753415,3217.0
M7_material_auditor_basic,C(sector)[T.기반조성 및 시설물 축조관련 전문공사업],0.015541940712846375,0.08172344186200287,0.19017726565029275,0.8491702253898048,3217.0
M7_material_auditor_basic,C(sector)[T.기초 의약물질 제조업],-0.1032566350441372,0.05119813039954266,-2.016804798111526,0.043715888042794804,3217.0
M7_material_auditor_basic,C(sector)[T.기초 화학물질 제조업],0.036145833250838436,0.05511686712308468,0.6558034797246199,0.5119505772210744,3217.0
M7_material_auditor_basic,C(sector)[T.기타 금속 가공제품 제조업],-0.011258326659926618,0.06892018060274917,-0.16335312185002504,0.8702404103684832,3217.0
M7_material_auditor_basic,C(sector)[T.기타 비금속 광물제품 제조업],-0.0963244967102124,0.05063554699181837,-1.9023097889270635,0.057130666694178454,3217.0
M7_material_auditor_basic,C(sector)[T.기타 사업지원 서비스업],-0.03287962486439682,0.044387789490375446,-0.7407358023883138,0.4588536467784664,3217.0
M7_material_auditor_basic,C(sector)[T.기타 상품 전문 소매업],-0.171114371620149,0.046499660771312235,-3.679905805371322,0.00023332012176244295,3217.0
M7_material_auditor_basic,C(sector)[T.기타 식품 제조업],0.009379908484438346,0.05970577583277435,0.15710219578604695,0.8751643070858537,3217.0
M7_material_auditor_basic,C(sector)[T.기타 운송관련 서비스업],-0.05568727893352317,0.05482292765383177,-1.0157662371690395,0.30974071740511755,3217.0
M7_material_auditor_basic,C(sector)[T.기타 전기장비 제조업],-0.08161466295993212,0.04497220434474551,-1.8147801325079558,0.06955770475226937,3217.0
M7_material_auditor_basic,C(sector)[T.기타 전문 도매업],-0.010281105579766268,0.055005920923364045,-0.18690907100874146,0.8517319268997515,3217.0
M7_material_auditor_basic,C(sector)[T.기타 정보 서비스업],-0.09334569208786461,0.0458257145094229,-2.036971885482995,0.041652859474650826,3217.0
M7_material_auditor_basic,C(sector)[T.기타 종이 및 판지 제품 제조업],0.1663822097137433,0.04646563351219769,3.580758447424725,0.0003425982744797413,3217.0
M7_material_auditor_basic,C(sector)[T.기타 화학제품 제조업],-0.024497775005821825,0.04803171141512644,-0.5100333567982513,0.6100280927627739,3217.0
M7_material_auditor_basic,C(sector)[T.나무제품 제조업],-0.09478062840104187,0.04440677243683245,-2.134373276865933,0.03281223729152296,3217.0
M7_material_auditor_basic,"C(sector)[T.내화, 비내화 요업제품 제조업]",0.05092430171468909,0.07048933086110816,0.7224398514298581,0.470024093070636,3217.0
M7_material_auditor_basic,C(sector)[T.담배 제조업],-0.21617286132933336,0.05042125869098589,-4.287335678273733,1.808289309231202e-05,3217.0
M7_material_auditor_basic,C(sector)[T.도로 화물 운송업],0.11831001174315622,0.051524676196147805,2.2961815673089387,0.021665502021923445,3217.0
M7_material_auditor_basic,"C(sector)[T.도축, 육류 가공 및 저장 처리업]",-0.09349527228164503,0.04619892247998296,-2.0237543921539425,0.04299542901106098,3217.0
M7_material_auditor_basic,C(sector)[T.동·식물성 유지 및 낙농제품 제조업],-0.011727821971078065,0.09524873361927493,-0.1231283768869424,0.9020054407419759,3217.0
M7_material_auditor_basic,C(sector)[T.동물용 사료 및 조제식품 제조업],-0.1028318910326361,0.04479235674067026,-2.2957463843215797,0.02169038664324784,3217.0
M7_material_auditor_basic,"C(sector)[T.떡, 빵 및 과자류 제조업]",0.1544100467668017,0.04440108835689706,3.477618510736716,0.0005058893612760428,3217.0
M7_material_auditor_basic,C(sector)[T.무기 및 총포탄 제조업],0.00913209408391464,0.059116787632285436,0.15447547895730604,0.8772348440946637,3217.0
M7_material_auditor_basic,C(sector)[T.무점포 소매업],-0.15352779608363076,0.046722209278965,-3.2859703865234633,0.0010163169408085682,3217.0
M7_material_auditor_basic,C(sector)[T.반도체 제조업],-0.006545222651591919,0.0700696235923585,-0.09341027275485057,0.9255776297238393,3217.0
M7_material_auditor_basic,C(sector)[T.방적 및 가공사 제조업],0.07945897702590667,0.049712556109042134,1.5983683649582847,0.10996102076640753,3217.0
M7_material_auditor_basic,C(sector)[T.봉제의복 제조업],-0.004353480186561512,0.06081796447656954,-0.07158214228361283,0.942934452006426,3217.0
M7_material_auditor_basic,"C(sector)[T.비료, 농약 및 살균, 살충제 제조업]",-0.07176183534234049,0.04466578258715107,-1.6066400538783818,0.10813335071877198,3217.0
M7_material_auditor_basic,C(sector)[T.비알코올음료 및 얼음 제조업],-0.09643211393973634,0.045111879746919444,-2.137621275830817,0.03254749353184232,3217.0
M7_material_auditor_basic,C(sector)[T.산업용 기계 및 장비 임대업],0.09747422305592406,0.04670161926895438,2.0871700934944144,0.03687276182041134,3217.0
M7_material_auditor_basic,C(sector)[T.산업용 농·축산물 및 동·식물 도매업],-0.05414865338566039,0.04392163766089114,-1.2328468670437494,0.21763290192591644,3217.0
M7_material_auditor_basic,C(sector)[T.상품 종합 도매업],-0.009151967300585073,0.06806514510918056,-0.13445894056208607,0.8930396768823077,3217.0
M7_material_auditor_basic,C(sector)[T.상품 중개업],-0.016650343245508327,0.07118865452100238,-0.2338904051149902,0.8150700622520358,3217.0
M7_material_auditor_basic,C(sector)[T.생활용품 도매업],0.060700257731585446,0.07068751772093572,0.8587125377810187,0.39049913150659066,3217.0
M7_material_auditor_basic,"C(sector)[T.서적, 잡지 및 기타 인쇄물 출판업]",0.04046272657030003,0.1053803064939182,0.38396857929650496,0.7010017358592542,3217.0
M7_material_auditor_basic,C(sector)[T.석유 정제품 제조업],-0.11809196322894096,0.05597709786938642,-2.109647833199385,0.03488870097712537,3217.0
M7_material_auditor_basic,C(sector)[T.선박 및 보트 건조업],0.013908012297654997,0.06728784218710895,0.20669428303229945,0.8362486224722705,3217.0
M7_material_auditor_basic,"C(sector)[T.섬유, 의복, 신발 및 가죽제품 소매업]",0.1844924516981603,0.11508853722009314,1.603048019850495,0.10892405275608405,3217.0
M7_material_auditor_basic,C(sector)[T.소프트웨어 개발 및 공급업],-0.08713402957165571,0.06840740733449388,-1.2737513811273926,0.20275154062897682,3217.0
M7_material_auditor_basic,C(sector)[T.수산물 가공 및 저장 처리업],-0.043873519455053134,0.05412781520752121,-0.8105540429970428,0.41762181775046725,3217.0
M7_material_auditor_basic,C(sector)[T.스포츠 서비스업],-0.030923801457807962,0.045174752918148244,-0.6845372572117558,0.49363597125058123,3217.0
M7_material_auditor_basic,"C(sector)[T.시멘트, 석회, 플라스터 및 그 제품 제조업]",-0.06782182371642219,0.04858589410604207,-1.39591593330353,0.1627398119903155,3217.0
M7_material_auditor_basic,C(sector)[T.신발 및 신발 부분품 제조업],-0.09759408739028765,0.04504753393986638,-2.166469035143306,0.03027536357175119,3217.0
M7_material_auditor_basic,C(sector)[T.악기 제조업],-0.0899011049633922,0.043828602897167675,-2.0511971411528123,0.04024775220389838,3217.0
M7_material_auditor_basic,C(sector)[T.알코올음료 제조업],-0.1013427591424386,0.04335509893731752,-2.337504967730767,0.019412942935564306,3217.0
M7_material_auditor_basic,C(sector)[T.어로 어업],0.012445541717693465,0.09053262888371931,0.1374702344463961,0.8906591188197172,3217.0
M7_material_auditor_basic,C(sector)[T.여행사 및 기타 여행보조 서비스업],0.18278791622736704,0.08750780720484493,2.08881838165003,0.036724075090841725,3217.0
M7_material_auditor_basic,C(sector)[T.연료 소매업],-0.11214655415698348,0.05326651193866842,-2.1053857306464914,0.03525774488695344,3217.0
M7_material_auditor_basic,C(sector)[T.연료용 가스 제조 및 배관공급업],0.008246578095564637,0.05068226214371994,0.162711326344901,0.8707457287063596,3217.0
M7_material_auditor_basic,C(sector)[T.영상 및 음향기기 제조업],0.09058142742052519,0.07978096642656311,1.1353764121659733,0.25621763844303447,3217.0
M7_material_auditor_basic,"C(sector)[T.영화, 비디오물, 방송프로그램 제작 및 배급업]",0.005924926222556445,0.13003976247431545,0.04556241960013342,0.9636590228618497,3217.0
M7_material_auditor_basic,C(sector)[T.오디오물 출판 및 원판 녹음업],0.25506743600618964,0.04519781765690528,5.64335733955997,1.667657165330092e-08,3217.0
M7_material_auditor_basic,C(sector)[T.운송장비 임대업],0.12859580940598067,0.19962387405655269,0.6441905308858497,0.5194518904585086,3217.0
M7_material_auditor_basic,C(sector)[T.유리 및 유리제품 제조업],0.06979848264418538,0.04520102256029391,1.5441792838000683,0.12254490601648911,3217.0
M7_material_auditor_basic,C(sector)[T.유원지 및 기타 오락관련 서비스업],-0.07917754927359089,0.07897556293738466,-1.0025575802019464,0.31607437157512097,3217.0
M7_material_auditor_basic,C(sector)[T.육상 여객 운송업],0.13131801678036703,0.059432675448536115,2.2095255814972994,0.02713810509327322,3217.0
M7_material_auditor_basic,C(sector)[T.음·식료품 및 담배 도매업],-0.06680438141061779,0.047523509648229205,-1.4057122865105358,0.15980957704885246,3217.0
M7_material_auditor_basic,C(sector)[T.음식점업],0.10662528212110611,0.04499603691029678,2.369659406531117,0.0178044782186534,3217.0
M7_material_auditor_basic,C(sector)[T.의료용 기기 제조업],0.03936378612386636,0.06638451495088345,0.5929663891193726,0.5532036461506551,3217.0
M7_material_auditor_basic,C(sector)[T.의료용품 및 기타 의약 관련제품 제조업],0.17312503529169812,0.04793747314148055,3.6114760321376242,0.0003044592258920183,3217.0
M7_material_auditor_basic,C(sector)[T.의약품 제조업],-0.012501475574069928,0.04923163587409516,-0.2539317524617944,0.7995482836768699,3217.0
M7_material_auditor_basic,C(sector)[T.일반 목적용 기계 제조업],0.009428397835865457,0.065442949519862,0.1440704904812386,0.8854448067700114,3217.0
M7_material_auditor_basic,C(sector)[T.일반 및 생활 숙박시설 운영업],-0.10346583317122164,0.04388271789721107,-2.3577808788775436,0.018384541271525664,3217.0
M7_material_auditor_basic,C(sector)[T.일차전지 및 이차전지 제조업],0.10866469708163234,0.08581037429368263,1.2663351952029913,0.20539310148003798,3217.0
M7_material_auditor_basic,C(sector)[T.자동차 부품 및 내장품 판매업],0.1301732995459271,0.04442391658190729,2.930252655817009,0.0033868650406713835,3217.0
M7_material_auditor_basic,C(sector)[T.자동차 신품 부품 제조업],-0.0012385171052989637,0.04751635624810776,-0.026065069022380795,0.9792054384727529,3217.0
M7_material_auditor_basic,C(sector)[T.자동차 판매업],0.20509342882043957,0.16847291790219307,1.2173673452934823,0.22346448154474252,3217.0
M7_material_auditor_basic,C(sector)[T.자동차용 엔진 및 자동차 제조업],0.006823787810574462,0.07710292804681869,0.08850231740136898,0.9294774425485066,3217.0
M7_material_auditor_basic,"C(sector)[T.자료처리, 호스팅, 포털 및 기타 인터넷 정보매개 서비스업]",-0.04490592475019836,0.056448226326065394,-0.795524105413082,0.4263086945963679,3217.0
M7_material_auditor_basic,C(sector)[T.자연과학 및 공학 연구개발업],0.017838529206895968,0.09754043622920987,0.1828834265716967,0.8548894872565209,3217.0
M7_material_auditor_basic,C(sector)[T.전구 및 조명장치 제조업],0.0777595830648208,0.05041211684667396,1.5424780375980411,0.12295747088814662,3217.0
M7_material_auditor_basic,C(sector)[T.전기 및 통신 공사업],-0.018429375051596152,0.08609955957751059,-0.2140472627505745,0.8305102008250549,3217.0
M7_material_auditor_basic,C(sector)[T.전기 통신업],-0.003376887849975212,0.061146484665061444,-0.05522619768695772,0.9559582580438627,3217.0
M7_material_auditor_basic,C(sector)[T.전기업],0.15946734972612775,0.06137428108129878,2.5982764590739733,0.009369302696444122,3217.0
M7_material_auditor_basic,"C(sector)[T.전동기, 발전기 및 전기 변환 · 공급 · 제어 장치 제조업]",0.07627662577954926,0.07099170798032604,1.0744441562201579,0.28262366092600955,3217.0
M7_material_auditor_basic,C(sector)[T.전자부품 제조업],-0.03357691596234423,0.04960834467117977,-0.676840079726565,0.49850742543076665,3217.0
M7_material_auditor_basic,C(sector)[T.절연선 및 케이블 제조업],-0.034736521927742375,0.058190328193480696,-0.5969466577374288,0.5505429949701975,3217.0
M7_material_auditor_basic,C(sector)[T.제재 및 목재 가공업],0.015593884763119242,0.09688694644102487,0.16094928507847284,0.8721333443985395,3217.0
M7_material_auditor_basic,C(sector)[T.종합 소매업],-0.047351107075714875,0.056533181625569896,-0.8375807926277763,0.40226618397107317,3217.0
M7_material_auditor_basic,"C(sector)[T.증기, 냉·온수 및 공기조절 공급업]",0.05404435910176485,0.04756032834869358,1.1363327583765384,0.25581732580720196,3217.0
M7_material_auditor_basic,C(sector)[T.직물직조 및 직물제품 제조업],0.05521604077963927,0.10839627474466135,0.5093905755498183,0.6104784809963615,3217.0
M7_material_auditor_basic,C(sector)[T.초등 교육기관],0.005613712185316995,0.08082653801925267,0.06945382448497081,0.9446283865720794,3217.0
M7_material_auditor_basic,"C(sector)[T.측정, 시험, 항해, 제어 및 기타 정밀기기 제조업; 광학기기 제외]",-0.004356573424783372,0.06130562222546215,-0.07106319561950307,0.9433474597266717,3217.0
M7_material_auditor_basic,C(sector)[T.컴퓨터 및 주변장치 제조업],-0.10904342533595768,0.048240538267518236,-2.260410626665412,0.023795777581742464,3217.0
M7_material_auditor_basic,"C(sector)[T.컴퓨터 프로그래밍, 시스템 통합 및 관리업]",0.020824619188018742,0.08183760883177464,0.2544627034597971,0.7991381142725955,3217.0
M7_material_auditor_basic,C(sector)[T.텔레비전 방송업],0.006330169863176692,0.07331057376669393,0.0863472966849508,0.9311903415260101,3217.0
M7_material_auditor_basic,C(sector)[T.토목 건설업],0.11571723941055921,0.05967740611951486,1.9390460634099007,0.05249572943988447,3217.0
M7_material_auditor_basic,C(sector)[T.통신 및 방송 장비 제조업],-0.16410683593577569,0.051736627163429125,-3.1719662632313472,0.0015141059521278726,3217.0
M7_material_auditor_basic,C(sector)[T.특수 목적용 기계 제조업],0.014377045552318167,0.05490530570624573,0.26185166200946425,0.793435807689657,3217.0
M7_material_auditor_basic,"C(sector)[T.펄프, 종이 및 판지 제조업]",-0.06262497290726265,0.05219058703386535,-1.1999285017933723,0.2301671095440071,3217.0
M7_material_auditor_basic,C(sector)[T.편조원단 제조업],-0.019228953066475832,0.05016386958949673,-0.3833227624549517,0.7014804638507717,3217.0
M7_material_auditor_basic,C(sector)[T.플라스틱제품 제조업],0.004741726006286107,0.055818812878927225,0.08494852831376154,0.9323023111718343,3217.0
M7_material_auditor_basic,C(sector)[T.합성고무 및 플라스틱 물질 제조업],-0.021775179694591064,0.07195679605518272,-0.30261463667576255,0.7621835587359824,3217.0
M7_material_auditor_basic,C(sector)[T.항공 여객 운송업],0.0037075594194492913,0.08883013072180364,0.04173763327063594,0.9667078530760433,3217.0
M7_material_auditor_basic,"C(sector)[T.항공기,우주선 및 부품 제조업]",0.2234029800375934,0.1574517116803185,1.418866633162927,0.15593790175189737,3217.0
M7_material_auditor_basic,C(sector)[T.해상 운송업],-0.010645558641467743,0.08150288899738463,-0.13061572138638364,0.8960793054099291,3217.0
M7_material_auditor_basic,C(sector)[T.화학섬유 제조업],-0.11095088622754386,0.0538731346298676,-2.059484509112488,0.039447847482144305,3217.0
M7_material_auditor_basic,LogAssets_w,0.02394156587529593,0.006012465909797914,3.981987795769579,6.834128980207517e-05,3217.0
M7_material_auditor_basic,Leverage_w,-0.022974725224562814,0.03488810555418031,-0.6585260179542759,0.5102001842175355,3217.0
M7_material_auditor_basic,ROA_w,-0.20932679040946756,0.10688500217933129,-1.9584299587537994,0.05017958225182552,3217.0
M7_material_auditor_basic,Loss,0.014402625329629895,0.018776804548765298,0.7670434706941105,0.44305567007861535,3217.0
M7_material_auditor_basic,OutsideDirectorRatio_w,0.0959951895857551,0.0447001211164289,2.147537572341687,0.03175050932761037,3217.0
M7_material_auditor_basic,LargestShareholderOwnership_w,-0.0013764934364280778,0.0004118032656001074,-3.3425996134881517,0.0008299755981650454,3217.0
M7_material_auditor_basic,LogMinorityShareholderCount_w,-0.010431679224621144,0.007261007389041027,-1.436671065831111,0.15081148014704526,3217.0
M7_material_auditor_basic,Big4Auditor,-0.006206565721729691,0.012933521809004745,-0.4798821089402327,0.6313112236172536,3217.0
M7_material_auditor_basic,CleanOpinion,0.021644785015645523,0.017108356346722208,1.2651586497841711,0.20581446202083797,3217.0
P1_count_controls,Intercept,-4.334611883883455,0.5783057640861515,-7.495363444514653,6.611490565725782e-14,4610.0
P1_count_controls,C(year)[T.2019],-0.33008305345230465,0.09773824087038928,-3.377215003184147,0.0007322378999903226,4610.0
P1_count_controls,C(year)[T.2020],-0.7063165782019637,0.10881060108401994,-6.4912478303154435,8.512830674671702e-11,4610.0
P1_count_controls,C(year)[T.2021],-0.022139530748221375,0.09016569931336228,-0.24554271654099358,0.8060362372469644,4610.0
P1_count_controls,C(year)[T.2022],-0.052250421345289046,0.09027613148298347,-0.5787844526228724,0.5627346230129366,4610.0
P1_count_controls,C(year)[T.2023],-0.5310865238459612,0.10162365757168612,-5.226012687757559,1.7320447925793997e-07,4610.0
P1_count_controls,C(year)[T.2024],-0.2173747369692347,0.09308480274047934,-2.335233363229828,0.019531233127209537,4610.0
P1_count_controls,C(sector)[T.1차 철강 제조업],-0.08607433733762734,0.2559891153116778,-0.33624217667547357,0.73668825012786,4610.0
P1_count_controls,C(sector)[T.가구 제조업],0.255827276883015,0.3538437142641317,0.7229951149903685,0.4696828854173797,4610.0
P1_count_controls,C(sector)[T.가전제품 및 정보통신장비 소매업],-0.30308433381333466,0.74226451003565,-0.40832389224533705,0.6830359007122856,4610.0
P1_count_controls,C(sector)[T.가정용 기기 제조업],0.6228740218693468,0.6175610962463464,1.008603076934887,0.31316503108728366,4610.0
P1_count_controls,"C(sector)[T.가죽, 가방 및 유사제품 제조업]",0.9264529348583095,0.37329945254073754,2.4817955894462695,0.013072223994195983,4610.0
P1_count_controls,C(sector)[T.개인 및 가정용품 임대업],1.1915140444060595,0.5471787293387583,2.1775591420484353,0.029438874197137404,4610.0
P1_count_controls,C(sector)[T.건물 건설업],0.20329237643835685,0.30683145679656265,0.6625538937917472,0.507616307437138,4610.0
P1_count_controls,C(sector)[T.건물설비 설치 공사업],-0.38016868572490137,1.0254198499142662,-0.37074441825627497,0.7108279032893856,4610.0
P1_count_controls,"C(sector)[T.건축기술, 엔지니어링 및 관련 기술 서비스업]",0.6936685694862655,0.29914627183992165,2.318827392431819,0.02040439729760837,4610.0
P1_count_controls,"C(sector)[T.건축자재, 철물 및 난방장치 도매업]",-30.74121240697767,3967791.874254511,-7.747687726880454e-06,0.9999938182395809,4610.0
P1_count_controls,"C(sector)[T.경비, 경호 및 탐정업]",-20.538344677047508,23470.41901257801,-0.0008750736263396415,0.999301792353087,4610.0
P1_count_controls,C(sector)[T.고무제품 제조업],0.2433737983701213,0.33288262510498245,0.731109946917078,0.464711999128808,4610.0
P1_count_controls,"C(sector)[T.곡물가공품, 전분 및 전분제품 제조업]",-0.21335001583093527,0.3987758635524374,-0.5350123599014679,0.5926413105412914,4610.0
P1_count_controls,"C(sector)[T.골판지, 종이 상자 및 종이용기 제조업]",0.3409790268172267,0.36265173864529304,0.9402382243939432,0.34709537892169584,4610.0
P1_count_controls,C(sector)[T.광고업],0.20432371527743495,0.43771802065439097,0.46679301659084044,0.6406479726499265,4610.0
P1_count_controls,"C(sector)[T.구조용 금속제품, 탱크 및 증기발생기 제조업]",0.15456206270682973,0.41576069326161424,0.371757275788389,0.7100735763583423,4610.0
P1_count_controls,C(sector)[T.귀금속 및 장신용품 제조업],-23.27464702117521,85363.78434923041,-0.0002726524743321673,0.999782454802961,4610.0
P1_count_controls,C(sector)[T.그외 기타 개인 서비스업],0.6033442130859932,0.6187323695364918,0.9751295435504267,0.3294960055663936,4610.0
P1_count_controls,C(sector)[T.그외 기타 운송장비 제조업],0.2432538670767955,0.4169120407620854,0.5834656793124632,0.5595798546942763,4610.0
P1_count_controls,C(sector)[T.금속 주조업],0.16266108485489156,0.7404243101617534,0.21968631043375192,0.8261154669220764,4610.0
P1_count_controls,C(sector)[T.기계장비 및 관련 물품 도매업],0.14817705685800076,0.3469773482317362,0.42705109602439395,0.6693421116506606,4610.0
P1_count_controls,C(sector)[T.기반조성 및 시설물 축조관련 전문공사업],-0.3891533903225252,0.7403129492017424,-0.5256606557296314,0.5991240048582712,4610.0
P1_count_controls,C(sector)[T.기초 의약물질 제조업],0.6304811668620185,0.36359278590337624,1.7340310130068617,0.08291258062473313,4610.0
P1_count_controls,C(sector)[T.기초 화학물질 제조업],0.29088383951501395,0.2511098819918735,1.1583926415306411,0.24670384068889428,4610.0
P1_count_controls,C(sector)[T.기타 금속 가공제품 제조업],0.12064686289125061,0.49854719772204864,0.24199687299920192,0.808782586217285,4610.0
P1_count_controls,C(sector)[T.기타 비금속 광물제품 제조업],-26.21801262354455,233546.06371842787,-0.00011226056310310584,0.9999104290301011,4610.0
P1_count_controls,C(sector)[T.기타 사업지원 서비스업],-113.6905507532843,4.09817612057992e+24,-2.774174349959276e-23,1.0,4610.0
P1_count_controls,C(sector)[T.기타 상품 전문 소매업],-0.9479658641139809,1.0247213112753877,-0.9250962712331263,0.35491583248192304,4610.0
P1_count_controls,C(sector)[T.기타 식품 제조업],-0.029203098898019378,0.2913680464625783,-0.10022752752941308,0.9201636922376164,4610.0
P1_count_controls,C(sector)[T.기타 운송관련 서비스업],0.3187288959186194,0.3846850855734018,0.8285449784036473,0.4073619334646623,4610.0
P1_count_controls,C(sector)[T.기타 전기장비 제조업],-38.927900681189854,207190600.9219405,-1.8788449141984014e-07,0.999999850089865,4610.0
P1_count_controls,C(sector)[T.기타 전문 도매업],0.4110180363158977,0.2829252144127487,1.452744454639802,0.14629471921251516,4610.0
P1_count_controls,C(sector)[T.기타 정보 서비스업],-0.3610188287750303,0.6176984660675205,-0.5844580302641829,0.5589121942528454,4610.0
P1_count_controls,C(sector)[T.기타 종이 및 판지 제품 제조업],0.9347630676391266,0.6194901552625949,1.5089232003096016,0.13131841018664386,4610.0
P1_count_controls,C(sector)[T.기타 화학제품 제조업],0.4341124817365246,0.24385600422123252,1.780200094407708,0.07504321996745658,4610.0
P1_count_controls,C(sector)[T.나무제품 제조업],-20.818832856571134,24518.23459756594,-0.0008491163086692193,0.9993225032883992,4610.0
P1_count_controls,"C(sector)[T.내화, 비내화 요업제품 제조업]",0.3437472294237395,0.3727200039562621,0.9222666499651505,0.3563895052304278,4610.0
P1_count_controls,C(sector)[T.담배 제조업],1.9332279106715997,0.36796467227136936,5.253841078650801,1.4895942604975327e-07,4610.0
P1_count_controls,C(sector)[T.도로 화물 운송업],0.23913119178764947,0.3385633827934845,0.7063114440037176,0.47999447818592167,4610.0
P1_count_controls,"C(sector)[T.도축, 육류 가공 및 저장 처리업]",-0.9232465145482431,1.0250202802058799,-0.9007104858089295,0.36774227199699094,4610.0
P1_count_controls,C(sector)[T.동·식물성 유지 및 낙농제품 제조업],0.7517147088653016,0.43933476387603443,1.711029426019677,0.08707568085485001,4610.0
P1_count_controls,C(sector)[T.동물용 사료 및 조제식품 제조업],-44.57542666032778,3367379372.8274593,-1.3237423445668821e-08,0.9999999894380642,4610.0
P1_count_controls,"C(sector)[T.떡, 빵 및 과자류 제조업]",0.7025314035116087,0.6179121714095891,1.1369437858927185,0.25556178621332737,4610.0
P1_count_controls,C(sector)[T.무기 및 총포탄 제조업],0.2776226682476739,0.46531013713643954,0.5966400602320611,0.5507477190904917,4610.0
P1_count_controls,C(sector)[T.무점포 소매업],0.8294860275422653,0.5469753000819096,1.516496316045806,0.12939390114396818,4610.0
P1_count_controls,C(sector)[T.반도체 제조업],0.444137953051352,0.29656978621582225,1.4975832795325288,0.1342415536263337,4610.0
P1_count_controls,C(sector)[T.방적 및 가공사 제조업],0.4047166709421765,0.49782106885499383,0.8129761801223866,0.4162317151941842,4610.0
P1_count_controls,C(sector)[T.봉제의복 제조업],0.06511849881512571,0.28490862207579326,0.22855924240089323,0.8192115058677764,4610.0
P1_count_controls,"C(sector)[T.비료, 농약 및 살균, 살충제 제조업]",-0.6021504493574736,0.5460833473739004,-1.1026713271027186,0.27016992280015306,4610.0
P1_count_controls,C(sector)[T.비알코올음료 및 얼음 제조업],-0.19255242285737986,0.741040026743595,-0.25984078579874653,0.7949865886770755,4610.0
P1_count_controls,C(sector)[T.산업용 기계 및 장비 임대업],0.2655921301606244,0.6192993691870294,0.42885903550858473,0.6680258132476284,4610.0
P1_count_controls,C(sector)[T.산업용 농·축산물 및 동·식물 도매업],-0.6226958473846113,1.0239600344801114,-0.6081251478733432,0.5431044743918807,4610.0
P1_count_controls,C(sector)[T.상품 종합 도매업],-0.25305202575572955,0.353886282722297,-0.7150659353312813,0.4745683017887199,4610.0
P1_count_controls,C(sector)[T.상품 중개업],-0.509617655829878,0.546845816821685,-0.931922015590829,0.35137682907680867,4610.0
P1_count_controls,C(sector)[T.생활용품 도매업],0.405796121027451,0.3271630690669264,1.2403481914532322,0.2148466347889486,4610.0
P1_count_controls,"C(sector)[T.서적, 잡지 및 기타 인쇄물 출판업]",0.304123904952296,0.5461885049621936,0.5568112514073269,0.5776563956851091,4610.0
P1_count_controls,C(sector)[T.석유 정제품 제조업],-0.8523888545567035,0.5467900825621705,-1.5588959671004752,0.11902100501979755,4610.0
P1_count_controls,C(sector)[T.선박 및 보트 건조업],-0.621505218962011,0.46670832817787633,-1.3316780126647687,0.1829660173797525,4610.0
P1_count_controls,"C(sector)[T.섬유, 의복, 신발 및 가죽제품 소매업]",-0.37998645057974334,0.6181845824760467,-0.6146812155323641,0.5387652675260377,4610.0
P1_count_controls,C(sector)[T.소프트웨어 개발 및 공급업],0.24184232420329504,0.355320040958436,0.6806323773659163,0.4961041346353754,4610.0
P1_count_controls,C(sector)[T.수산물 가공 및 저장 처리업],-0.37901204645238296,0.46322901492945634,-0.8181958259028776,0.41324537821867013,4610.0
P1_count_controls,C(sector)[T.스포츠 서비스업],0.750662464313342,0.6209355387830472,1.20892172766362,0.22669291783472856,4610.0
P1_count_controls,"C(sector)[T.시멘트, 석회, 플라스터 및 그 제품 제조업]",-0.6332563393386915,0.372338845951995,-1.7007528121853182,0.0889894135189998,4610.0
P1_count_controls,C(sector)[T.신발 및 신발 부분품 제조업],-25.535068807916616,241793.0570532528,-0.00010560712172265865,0.9999157377082233,4610.0
P1_count_controls,C(sector)[T.악기 제조업],0.1120700380259626,0.7405712318475618,0.1513291810517303,0.8797160511977345,4610.0
P1_count_controls,C(sector)[T.알코올음료 제조업],0.20959842606848222,0.384869312693421,0.5445963581810536,0.5860311600276675,4610.0
P1_count_controls,C(sector)[T.어로 어업],0.31327684963088,0.5460864850538697,0.5736762549616591,0.5661868994305149,4610.0
P1_count_controls,C(sector)[T.여행사 및 기타 여행보조 서비스업],0.11906333753329738,0.4403879233945914,0.27036013298351874,0.7868832076558112,4610.0
P1_count_controls,C(sector)[T.연료 소매업],-0.2974596345998596,0.6190386493676499,-0.480518679897799,0.6308586238053508,4610.0
P1_count_controls,C(sector)[T.연료용 가스 제조 및 배관공급업],-0.5435120705764283,0.39997694044936055,-1.3588585131078077,0.17419142739457238,4610.0
P1_count_controls,C(sector)[T.영상 및 음향기기 제조업],-0.22536182787888312,0.4189946443667674,-0.537863266055526,0.5906714504214023,4610.0
P1_count_controls,"C(sector)[T.영화, 비디오물, 방송프로그램 제작 및 배급업]",-0.027713745803840315,0.402131634393309,-0.06891709936138622,0.9450556075579427,4610.0
P1_count_controls,C(sector)[T.오디오물 출판 및 원판 녹음업],0.3374805609108549,0.7412733373821342,0.4552714145941015,0.6489139886173005,4610.0
P1_count_controls,C(sector)[T.운송장비 임대업],0.6466736306700402,0.4998275614861262,1.2937934609834236,0.19573677196852934,4610.0
P1_count_controls,C(sector)[T.유리 및 유리제품 제조업],0.534405706108973,0.4977564499382619,1.0736288925542938,0.2829890427869526,4610.0
P1_count_controls,C(sector)[T.유원지 및 기타 오락관련 서비스업],-0.4012888812008414,0.5469486793229129,-0.7336865347176833,0.4631398070199102,4610.0
P1_count_controls,C(sector)[T.육상 여객 운송업],-0.22098421518829714,0.6191423163145501,-0.35691990252533146,0.7211517696382799,4610.0
P1_count_controls,C(sector)[T.음·식료품 및 담배 도매업],-0.5355470406725255,0.7409765756328196,-0.7227583951829378,0.4698283322254241,4610.0
P1_count_controls,C(sector)[T.음식점업],-0.03362554967339444,0.7404862482824359,-0.045410093369578686,0.9637804359425041,4610.0
P1_count_controls,C(sector)[T.의료용 기기 제조업],-0.10677046422726036,0.6175543474664315,-0.17289241775285877,0.8627359916607963,4610.0
P1_count_controls,C(sector)[T.의료용품 및 기타 의약 관련제품 제조업],1.238684121867634,0.7439362095921006,1.6650407735184758,0.09590462148013151,4610.0
P1_count_controls,C(sector)[T.의약품 제조업],0.32978854437675403,0.23987829442513625,1.3748161131755834,0.16918846133669563,4610.0
P1_count_controls,C(sector)[T.일반 목적용 기계 제조업],0.1304791589283067,0.28038007893507333,0.4653652977910792,0.6416698808010873,4610.0
P1_count_controls,C(sector)[T.일반 및 생활 숙박시설 운영업],-0.0249379535116648,0.7402406357489595,-0.03368898207869001,0.9731251650142374,4610.0
P1_count_controls,C(sector)[T.일차전지 및 이차전지 제조업],-0.0935695557864551,0.35478294325524196,-0.26373746981161444,0.7919822206982556,4610.0
P1_count_controls,C(sector)[T.자동차 부품 및 내장품 판매업],-0.28704084663191193,1.0244365298087443,-0.2801938805183964,0.7793287613531946,4610.0
P1_count_controls,C(sector)[T.자동차 신품 부품 제조업],0.29873703592605044,0.23755296771754006,1.2575596878303819,0.20855104005141623,4610.0
P1_count_controls,C(sector)[T.자동차 판매업],0.17698934560994348,0.6187448458620047,0.28604576958272787,0.7748430663585238,4610.0
P1_count_controls,C(sector)[T.자동차용 엔진 및 자동차 제조업],0.5173782797018104,0.3255905250054133,1.5890458719374847,0.11205003671760523,4610.0
P1_count_controls,"C(sector)[T.자료처리, 호스팅, 포털 및 기타 인터넷 정보매개 서비스업]",0.5029822609967123,0.3064440379742843,1.6413511071111808,0.10072455289258529,4610.0
P1_count_controls,C(sector)[T.자연과학 및 공학 연구개발업],-0.9739130871356021,1.0256680511592955,-0.9495402396855439,0.3423459161772885,4610.0
P1_count_controls,C(sector)[T.전구 및 조명장치 제조업],-0.5782920325549284,0.7468157073610897,-0.7743436926338253,0.4387275720215553,4610.0
P1_count_controls,C(sector)[T.전기 및 통신 공사업],-0.10223987280773468,0.6179951949032131,-0.16543797371069674,0.8685992667522874,4610.0
P1_count_controls,C(sector)[T.전기 통신업],-0.8288369788603759,0.49955917536261973,-1.6591367344193813,0.09708824250394023,4610.0
P1_count_controls,C(sector)[T.전기업],0.24310983852219792,0.4217625537591004,0.5764139949253433,0.5643353871765797,4610.0
P1_count_controls,"C(sector)[T.전동기, 발전기 및 전기 변환 · 공급 · 제어 장치 제조업]",0.5356124250152061,0.29921480965617714,1.7900598758152033,0.07344428626415568,4610.0
P1_count_controls,C(sector)[T.전자부품 제조업],0.30766760360119616,0.25630753616089436,1.2003845388613976,0.22999003073001334,4610.0
P1_count_controls,C(sector)[T.절연선 및 케이블 제조업],-0.6505978826093026,0.5460361161401266,-1.1914924001883107,0.2334603383617252,4610.0
P1_count_controls,C(sector)[T.제재 및 목재 가공업],0.22322816960517267,0.6177353269857936,0.3613653936458557,0.7178263144599919,4610.0
P1_count_controls,C(sector)[T.종합 소매업],-0.4669323440209871,0.3336252163560413,-1.399571498584453,0.16164167382202344,4610.0
P1_count_controls,"C(sector)[T.증기, 냉·온수 및 공기조절 공급업]",-0.36720676461392165,0.742194128533005,-0.49475837991298816,0.6207706865473201,4610.0
P1_count_controls,C(sector)[T.직물직조 및 직물제품 제조업],0.4514734065063698,0.3734951039410735,1.2087799859823571,0.2267473826393137,4610.0
P1_count_controls,C(sector)[T.초등 교육기관],-0.7639138904318946,0.7404324933097879,-1.0317130830079366,0.3022065466987257,4610.0
P1_count_controls,"C(sector)[T.측정, 시험, 항해, 제어 및 기타 정밀기기 제조업; 광학기기 제외]",0.7645267091487881,0.33964501007470327,2.2509581665299137,0.024388187092355785,4610.0
P1_count_controls,C(sector)[T.컴퓨터 및 주변장치 제조업],-30.022180967591208,1935008.592081303,-1.5515270108077005e-05,0.9999876206055246,4610.0
P1_count_controls,"C(sector)[T.컴퓨터 프로그래밍, 시스템 통합 및 관리업]",0.0804309814912771,0.34527923218962586,0.23294474151027061,0.81580431523937,4610.0
P1_count_controls,C(sector)[T.텔레비전 방송업],-0.4205607986177719,0.5459782627297394,-0.7702885395383416,0.44112875307252686,4610.0
P1_count_controls,C(sector)[T.토목 건설업],0.3571314417546381,0.2700617028118796,1.3224068353127798,0.18603271397184928,4610.0
P1_count_controls,C(sector)[T.통신 및 방송 장비 제조업],-0.18257163247794717,0.4169696680550204,-0.4378535094160765,0.6614924787317175,4610.0
P1_count_controls,C(sector)[T.특수 목적용 기계 제조업],0.11190992266535461,0.2830717827249637,0.3953411448787454,0.6925911381054033,4610.0
P1_count_controls,"C(sector)[T.펄프, 종이 및 판지 제조업]",-0.4592276605039738,0.3850574532783751,-1.1926211441802108,0.23301778113696614,4610.0
P1_count_controls,C(sector)[T.편조원단 제조업],0.9259604753132508,0.46889419509469166,1.9747748745881917,0.048293701555385954,4610.0
P1_count_controls,C(sector)[T.플라스틱제품 제조업],-0.35038812737283154,0.312991540704313,-1.1194811418365058,0.26293493166486115,4610.0
P1_count_controls,C(sector)[T.합성고무 및 플라스틱 물질 제조업],0.7502078257662521,0.415983816684112,1.8034543548984785,0.071316887804884,4610.0
P1_count_controls,C(sector)[T.항공 여객 운송업],0.18691604260076108,0.3081492100387071,0.6065764133462561,0.544132057206445,4610.0
P1_count_controls,"C(sector)[T.항공기,우주선 및 부품 제조업]",0.6385266866714142,0.3887723836721031,1.6424178092082742,0.10050344662021883,4610.0
P1_count_controls,C(sector)[T.해상 운송업],0.1210148374671684,0.3543674661444665,0.34149533754837913,0.732730714249058,4610.0
P1_count_controls,C(sector)[T.화학섬유 제조업],0.30109919934689383,0.3271242298225948,0.9204429751663006,0.35734131971412086,4610.0
P1_count_controls,LogAssets_w,0.10878263511116992,0.020080382369883187,5.417358748821611,6.04859000759958e-08,4610.0
P1_count_controls,Leverage_w,0.5630974855754289,0.16023386410774215,3.514222718842997,0.0004410428565918032,4610.0
P1_count_controls,ROA_w,-2.6753591902682023,0.47221607610605265,-5.665540259301458,1.4656200657556451e-08,4610.0
P1_count_controls,Loss,0.08199990731132532,0.08251239581827859,0.9937889513221512,0.320325626235079,4610.0
P2_count_governance,Intercept,,,,,3218.0
P2_count_governance,C(year)[T.2020],,,,,3218.0
P2_count_governance,C(year)[T.2021],,,,,3218.0
P2_count_governance,C(year)[T.2022],,,,,3218.0
P2_count_governance,C(year)[T.2023],,,,,3218.0
P2_count_governance,C(year)[T.2024],,,,,3218.0
P2_count_governance,C(sector)[T.1차 철강 제조업],,,,,3218.0
P2_count_governance,C(sector)[T.가구 제조업],,,,,3218.0
P2_count_governance,C(sector)[T.가전제품 및 정보통신장비 소매업],,,,,3218.0
P2_count_governance,C(sector)[T.가정용 기기 제조업],,,,,3218.0
P2_count_governance,"C(sector)[T.가죽, 가방 및 유사제품 제조업]",,,,,3218.0
P2_count_governance,C(sector)[T.개인 및 가정용품 임대업],,,,,3218.0
P2_count_governance,C(sector)[T.건물 건설업],,,,,3218.0
P2_count_governance,C(sector)[T.건물설비 설치 공사업],,,,,3218.0
P2_count_governance,"C(sector)[T.건축기술, 엔지니어링 및 관련 기술 서비스업]",,,,,3218.0
P2_count_governance,"C(sector)[T.건축자재, 철물 및 난방장치 도매업]",,,,,3218.0
P2_count_governance,"C(sector)[T.경비, 경호 및 탐정업]",,,,,3218.0
P2_count_governance,C(sector)[T.고무제품 제조업],,,,,3218.0
P2_count_governance,"C(sector)[T.곡물가공품, 전분 및 전분제품 제조업]",,,,,3218.0
P2_count_governance,"C(sector)[T.골판지, 종이 상자 및 종이용기 제조업]",,,,,3218.0
P2_count_governance,C(sector)[T.광고업],,,,,3218.0
P2_count_governance,"C(sector)[T.구조용 금속제품, 탱크 및 증기발생기 제조업]",,,,,3218.0
P2_count_governance,C(sector)[T.귀금속 및 장신용품 제조업],,,,,3218.0
P2_count_governance,C(sector)[T.그외 기타 개인 서비스업],,,,,3218.0
P2_count_governance,C(sector)[T.그외 기타 운송장비 제조업],,,,,3218.0
P2_count_governance,C(sector)[T.금속 주조업],,,,,3218.0
P2_count_governance,C(sector)[T.기계장비 및 관련 물품 도매업],,,,,3218.0
P2_count_governance,C(sector)[T.기반조성 및 시설물 축조관련 전문공사업],,,,,3218.0
P2_count_governance,C(sector)[T.기초 의약물질 제조업],,,,,3218.0
P2_count_governance,C(sector)[T.기초 화학물질 제조업],,,,,3218.0
P2_count_governance,C(sector)[T.기타 금속 가공제품 제조업],,,,,3218.0
P2_count_governance,C(sector)[T.기타 비금속 광물제품 제조업],,,,,3218.0
P2_count_governance,C(sector)[T.기타 사업지원 서비스업],,,,,3218.0
P2_count_governance,C(sector)[T.기타 상품 전문 소매업],,,,,3218.0
P2_count_governance,C(sector)[T.기타 식품 제조업],,,,,3218.0
P2_count_governance,C(sector)[T.기타 운송관련 서비스업],,,,,3218.0
P2_count_governance,C(sector)[T.기타 전기장비 제조업],,,,,3218.0
P2_count_governance,C(sector)[T.기타 전문 도매업],,,,,3218.0
P2_count_governance,C(sector)[T.기타 정보 서비스업],,,,,3218.0
P2_count_governance,C(sector)[T.기타 종이 및 판지 제품 제조업],,,,,3218.0
P2_count_governance,C(sector)[T.기타 화학제품 제조업],,,,,3218.0
P2_count_governance,C(sector)[T.나무제품 제조업],,,,,3218.0
P2_count_governance,"C(sector)[T.내화, 비내화 요업제품 제조업]",,,,,3218.0
P2_count_governance,C(sector)[T.담배 제조업],,,,,3218.0
P2_count_governance,C(sector)[T.도로 화물 운송업],,,,,3218.0
P2_count_governance,"C(sector)[T.도축, 육류 가공 및 저장 처리업]",,,,,3218.0
P2_count_governance,C(sector)[T.동·식물성 유지 및 낙농제품 제조업],,,,,3218.0
P2_count_governance,C(sector)[T.동물용 사료 및 조제식품 제조업],,,,,3218.0
P2_count_governance,"C(sector)[T.떡, 빵 및 과자류 제조업]",,,,,3218.0
P2_count_governance,C(sector)[T.무기 및 총포탄 제조업],,,,,3218.0
P2_count_governance,C(sector)[T.무점포 소매업],,,,,3218.0
P2_count_governance,C(sector)[T.반도체 제조업],,,,,3218.0
P2_count_governance,C(sector)[T.방적 및 가공사 제조업],,,,,3218.0
P2_count_governance,C(sector)[T.봉제의복 제조업],,,,,3218.0
P2_count_governance,"C(sector)[T.비료, 농약 및 살균, 살충제 제조업]",,,,,3218.0
P2_count_governance,C(sector)[T.비알코올음료 및 얼음 제조업],,,,,3218.0
P2_count_governance,C(sector)[T.산업용 기계 및 장비 임대업],,,,,3218.0
P2_count_governance,C(sector)[T.산업용 농·축산물 및 동·식물 도매업],,,,,3218.0
P2_count_governance,C(sector)[T.상품 종합 도매업],,,,,3218.0
P2_count_governance,C(sector)[T.상품 중개업],,,,,3218.0
P2_count_governance,C(sector)[T.생활용품 도매업],,,,,3218.0
P2_count_governance,"C(sector)[T.서적, 잡지 및 기타 인쇄물 출판업]",,,,,3218.0
P2_count_governance,C(sector)[T.석유 정제품 제조업],,,,,3218.0
P2_count_governance,C(sector)[T.선박 및 보트 건조업],,,,,3218.0
P2_count_governance,"C(sector)[T.섬유, 의복, 신발 및 가죽제품 소매업]",,,,,3218.0
P2_count_governance,C(sector)[T.소프트웨어 개발 및 공급업],,,,,3218.0
P2_count_governance,C(sector)[T.수산물 가공 및 저장 처리업],,,,,3218.0
P2_count_governance,C(sector)[T.스포츠 서비스업],,,,,3218.0
P2_count_governance,"C(sector)[T.시멘트, 석회, 플라스터 및 그 제품 제조업]",,,,,3218.0
P2_count_governance,C(sector)[T.신발 및 신발 부분품 제조업],,,,,3218.0
P2_count_governance,C(sector)[T.악기 제조업],,,,,3218.0
P2_count_governance,C(sector)[T.알코올음료 제조업],,,,,3218.0
P2_count_governance,C(sector)[T.어로 어업],,,,,3218.0
P2_count_governance,C(sector)[T.여행사 및 기타 여행보조 서비스업],,,,,3218.0
P2_count_governance,C(sector)[T.연료 소매업],,,,,3218.0
P2_count_governance,C(sector)[T.연료용 가스 제조 및 배관공급업],,,,,3218.0
P2_count_governance,C(sector)[T.영상 및 음향기기 제조업],,,,,3218.0
P2_count_governance,"C(sector)[T.영화, 비디오물, 방송프로그램 제작 및 배급업]",,,,,3218.0
P2_count_governance,C(sector)[T.오디오물 출판 및 원판 녹음업],,,,,3218.0
P2_count_governance,C(sector)[T.운송장비 임대업],,,,,3218.0
P2_count_governance,C(sector)[T.유리 및 유리제품 제조업],,,,,3218.0
P2_count_governance,C(sector)[T.유원지 및 기타 오락관련 서비스업],,,,,3218.0
P2_count_governance,C(sector)[T.육상 여객 운송업],,,,,3218.0
P2_count_governance,C(sector)[T.음·식료품 및 담배 도매업],,,,,3218.0
P2_count_governance,C(sector)[T.음식점업],,,,,3218.0
P2_count_governance,C(sector)[T.의료용 기기 제조업],,,,,3218.0
P2_count_governance,C(sector)[T.의료용품 및 기타 의약 관련제품 제조업],,,,,3218.0
P2_count_governance,C(sector)[T.의약품 제조업],,,,,3218.0
P2_count_governance,C(sector)[T.일반 목적용 기계 제조업],,,,,3218.0
P2_count_governance,C(sector)[T.일반 및 생활 숙박시설 운영업],,,,,3218.0
P2_count_governance,C(sector)[T.일차전지 및 이차전지 제조업],,,,,3218.0
P2_count_governance,C(sector)[T.자동차 부품 및 내장품 판매업],,,,,3218.0
P2_count_governance,C(sector)[T.자동차 신품 부품 제조업],,,,,3218.0
P2_count_governance,C(sector)[T.자동차 판매업],,,,,3218.0
P2_count_governance,C(sector)[T.자동차용 엔진 및 자동차 제조업],,,,,3218.0
P2_count_governance,"C(sector)[T.자료처리, 호스팅, 포털 및 기타 인터넷 정보매개 서비스업]",,,,,3218.0
P2_count_governance,C(sector)[T.자연과학 및 공학 연구개발업],,,,,3218.0
P2_count_governance,C(sector)[T.전구 및 조명장치 제조업],,,,,3218.0
P2_count_governance,C(sector)[T.전기 및 통신 공사업],,,,,3218.0
P2_count_governance,C(sector)[T.전기 통신업],,,,,3218.0
P2_count_governance,C(sector)[T.전기업],,,,,3218.0
P2_count_governance,"C(sector)[T.전동기, 발전기 및 전기 변환 · 공급 · 제어 장치 제조업]",,,,,3218.0
P2_count_governance,C(sector)[T.전자부품 제조업],,,,,3218.0
P2_count_governance,C(sector)[T.절연선 및 케이블 제조업],,,,,3218.0
P2_count_governance,C(sector)[T.제재 및 목재 가공업],,,,,3218.0
P2_count_governance,C(sector)[T.종합 소매업],,,,,3218.0
P2_count_governance,"C(sector)[T.증기, 냉·온수 및 공기조절 공급업]",,,,,3218.0
P2_count_governance,C(sector)[T.직물직조 및 직물제품 제조업],,,,,3218.0
P2_count_governance,C(sector)[T.초등 교육기관],,,,,3218.0
P2_count_governance,"C(sector)[T.측정, 시험, 항해, 제어 및 기타 정밀기기 제조업; 광학기기 제외]",,,,,3218.0
P2_count_governance,C(sector)[T.컴퓨터 및 주변장치 제조업],,,,,3218.0
P2_count_governance,"C(sector)[T.컴퓨터 프로그래밍, 시스템 통합 및 관리업]",,,,,3218.0
P2_count_governance,C(sector)[T.텔레비전 방송업],,,,,3218.0
P2_count_governance,C(sector)[T.토목 건설업],,,,,3218.0
P2_count_governance,C(sector)[T.통신 및 방송 장비 제조업],,,,,3218.0
P2_count_governance,C(sector)[T.특수 목적용 기계 제조업],,,,,3218.0
P2_count_governance,"C(sector)[T.펄프, 종이 및 판지 제조업]",,,,,3218.0
P2_count_governance,C(sector)[T.편조원단 제조업],,,,,3218.0
P2_count_governance,C(sector)[T.플라스틱제품 제조업],,,,,3218.0
P2_count_governance,C(sector)[T.합성고무 및 플라스틱 물질 제조업],,,,,3218.0
P2_count_governance,C(sector)[T.항공 여객 운송업],,,,,3218.0
P2_count_governance,"C(sector)[T.항공기,우주선 및 부품 제조업]",,,,,3218.0
P2_count_governance,C(sector)[T.해상 운송업],,,,,3218.0
P2_count_governance,C(sector)[T.화학섬유 제조업],,,,,3218.0
P2_count_governance,LogAssets_w,,,,,3218.0
P2_count_governance,Leverage_w,,,,,3218.0
P2_count_governance,ROA_w,,,,,3218.0
P2_count_governance,Loss,,,,,3218.0
P2_count_governance,OutsideDirectorRatio_w,,,,,3218.0
P2_count_governance,LargestShareholderOwnership_w,,,,,3218.0
P2_count_governance,LogMinorityShareholderCount_w,,,,,3218.0
P3_count_auditor_basic,Intercept,,,,,3217.0
P3_count_auditor_basic,C(year)[T.2020],,,,,3217.0
P3_count_auditor_basic,C(year)[T.2021],,,,,3217.0
P3_count_auditor_basic,C(year)[T.2022],,,,,3217.0
P3_count_auditor_basic,C(year)[T.2023],,,,,3217.0
P3_count_auditor_basic,C(year)[T.2024],,,,,3217.0
P3_count_auditor_basic,C(sector)[T.1차 철강 제조업],,,,,3217.0
P3_count_auditor_basic,C(sector)[T.가구 제조업],,,,,3217.0
P3_count_auditor_basic,C(sector)[T.가전제품 및 정보통신장비 소매업],,,,,3217.0
P3_count_auditor_basic,C(sector)[T.가정용 기기 제조업],,,,,3217.0
P3_count_auditor_basic,"C(sector)[T.가죽, 가방 및 유사제품 제조업]",,,,,3217.0
P3_count_auditor_basic,C(sector)[T.개인 및 가정용품 임대업],,,,,3217.0
P3_count_auditor_basic,C(sector)[T.건물 건설업],,,,,3217.0
P3_count_auditor_basic,C(sector)[T.건물설비 설치 공사업],,,,,3217.0
P3_count_auditor_basic,"C(sector)[T.건축기술, 엔지니어링 및 관련 기술 서비스업]",,,,,3217.0
P3_count_auditor_basic,"C(sector)[T.건축자재, 철물 및 난방장치 도매업]",,,,,3217.0
P3_count_auditor_basic,"C(sector)[T.경비, 경호 및 탐정업]",,,,,3217.0
P3_count_auditor_basic,C(sector)[T.고무제품 제조업],,,,,3217.0
P3_count_auditor_basic,"C(sector)[T.곡물가공품, 전분 및 전분제품 제조업]",,,,,3217.0
P3_count_auditor_basic,"C(sector)[T.골판지, 종이 상자 및 종이용기 제조업]",,,,,3217.0
P3_count_auditor_basic,C(sector)[T.광고업],,,,,3217.0
P3_count_auditor_basic,"C(sector)[T.구조용 금속제품, 탱크 및 증기발생기 제조업]",,,,,3217.0
P3_count_auditor_basic,C(sector)[T.귀금속 및 장신용품 제조업],,,,,3217.0
P3_count_auditor_basic,C(sector)[T.그외 기타 개인 서비스업],,,,,3217.0
P3_count_auditor_basic,C(sector)[T.그외 기타 운송장비 제조업],,,,,3217.0
P3_count_auditor_basic,C(sector)[T.금속 주조업],,,,,3217.0
P3_count_auditor_basic,C(sector)[T.기계장비 및 관련 물품 도매업],,,,,3217.0
P3_count_auditor_basic,C(sector)[T.기반조성 및 시설물 축조관련 전문공사업],,,,,3217.0
P3_count_auditor_basic,C(sector)[T.기초 의약물질 제조업],,,,,3217.0
P3_count_auditor_basic,C(sector)[T.기초 화학물질 제조업],,,,,3217.0
P3_count_auditor_basic,C(sector)[T.기타 금속 가공제품 제조업],,,,,3217.0
P3_count_auditor_basic,C(sector)[T.기타 비금속 광물제품 제조업],,,,,3217.0
P3_count_auditor_basic,C(sector)[T.기타 사업지원 서비스업],,,,,3217.0
P3_count_auditor_basic,C(sector)[T.기타 상품 전문 소매업],,,,,3217.0
P3_count_auditor_basic,C(sector)[T.기타 식품 제조업],,,,,3217.0
P3_count_auditor_basic,C(sector)[T.기타 운송관련 서비스업],,,,,3217.0
P3_count_auditor_basic,C(sector)[T.기타 전기장비 제조업],,,,,3217.0
P3_count_auditor_basic,C(sector)[T.기타 전문 도매업],,,,,3217.0
P3_count_auditor_basic,C(sector)[T.기타 정보 서비스업],,,,,3217.0
P3_count_auditor_basic,C(sector)[T.기타 종이 및 판지 제품 제조업],,,,,3217.0
P3_count_auditor_basic,C(sector)[T.기타 화학제품 제조업],,,,,3217.0
P3_count_auditor_basic,C(sector)[T.나무제품 제조업],,,,,3217.0
P3_count_auditor_basic,"C(sector)[T.내화, 비내화 요업제품 제조업]",,,,,3217.0
P3_count_auditor_basic,C(sector)[T.담배 제조업],,,,,3217.0
P3_count_auditor_basic,C(sector)[T.도로 화물 운송업],,,,,3217.0
P3_count_auditor_basic,"C(sector)[T.도축, 육류 가공 및 저장 처리업]",,,,,3217.0
P3_count_auditor_basic,C(sector)[T.동·식물성 유지 및 낙농제품 제조업],,,,,3217.0
P3_count_auditor_basic,C(sector)[T.동물용 사료 및 조제식품 제조업],,,,,3217.0
P3_count_auditor_basic,"C(sector)[T.떡, 빵 및 과자류 제조업]",,,,,3217.0
P3_count_auditor_basic,C(sector)[T.무기 및 총포탄 제조업],,,,,3217.0
P3_count_auditor_basic,C(sector)[T.무점포 소매업],,,,,3217.0
P3_count_auditor_basic,C(sector)[T.반도체 제조업],,,,,3217.0
P3_count_auditor_basic,C(sector)[T.방적 및 가공사 제조업],,,,,3217.0
P3_count_auditor_basic,C(sector)[T.봉제의복 제조업],,,,,3217.0
P3_count_auditor_basic,"C(sector)[T.비료, 농약 및 살균, 살충제 제조업]",,,,,3217.0
P3_count_auditor_basic,C(sector)[T.비알코올음료 및 얼음 제조업],,,,,3217.0
P3_count_auditor_basic,C(sector)[T.산업용 기계 및 장비 임대업],,,,,3217.0
P3_count_auditor_basic,C(sector)[T.산업용 농·축산물 및 동·식물 도매업],,,,,3217.0
P3_count_auditor_basic,C(sector)[T.상품 종합 도매업],,,,,3217.0
P3_count_auditor_basic,C(sector)[T.상품 중개업],,,,,3217.0
P3_count_auditor_basic,C(sector)[T.생활용품 도매업],,,,,3217.0
P3_count_auditor_basic,"C(sector)[T.서적, 잡지 및 기타 인쇄물 출판업]",,,,,3217.0
P3_count_auditor_basic,C(sector)[T.석유 정제품 제조업],,,,,3217.0
P3_count_auditor_basic,C(sector)[T.선박 및 보트 건조업],,,,,3217.0
P3_count_auditor_basic,"C(sector)[T.섬유, 의복, 신발 및 가죽제품 소매업]",,,,,3217.0
P3_count_auditor_basic,C(sector)[T.소프트웨어 개발 및 공급업],,,,,3217.0
P3_count_auditor_basic,C(sector)[T.수산물 가공 및 저장 처리업],,,,,3217.0
P3_count_auditor_basic,C(sector)[T.스포츠 서비스업],,,,,3217.0
P3_count_auditor_basic,"C(sector)[T.시멘트, 석회, 플라스터 및 그 제품 제조업]",,,,,3217.0
P3_count_auditor_basic,C(sector)[T.신발 및 신발 부분품 제조업],,,,,3217.0
P3_count_auditor_basic,C(sector)[T.악기 제조업],,,,,3217.0
P3_count_auditor_basic,C(sector)[T.알코올음료 제조업],,,,,3217.0
P3_count_auditor_basic,C(sector)[T.어로 어업],,,,,3217.0
P3_count_auditor_basic,C(sector)[T.여행사 및 기타 여행보조 서비스업],,,,,3217.0
P3_count_auditor_basic,C(sector)[T.연료 소매업],,,,,3217.0
P3_count_auditor_basic,C(sector)[T.연료용 가스 제조 및 배관공급업],,,,,3217.0
P3_count_auditor_basic,C(sector)[T.영상 및 음향기기 제조업],,,,,3217.0
P3_count_auditor_basic,"C(sector)[T.영화, 비디오물, 방송프로그램 제작 및 배급업]",,,,,3217.0
P3_count_auditor_basic,C(sector)[T.오디오물 출판 및 원판 녹음업],,,,,3217.0
P3_count_auditor_basic,C(sector)[T.운송장비 임대업],,,,,3217.0
P3_count_auditor_basic,C(sector)[T.유리 및 유리제품 제조업],,,,,3217.0
P3_count_auditor_basic,C(sector)[T.유원지 및 기타 오락관련 서비스업],,,,,3217.0
P3_count_auditor_basic,C(sector)[T.육상 여객 운송업],,,,,3217.0
P3_count_auditor_basic,C(sector)[T.음·식료품 및 담배 도매업],,,,,3217.0
P3_count_auditor_basic,C(sector)[T.음식점업],,,,,3217.0
P3_count_auditor_basic,C(sector)[T.의료용 기기 제조업],,,,,3217.0
P3_count_auditor_basic,C(sector)[T.의료용품 및 기타 의약 관련제품 제조업],,,,,3217.0
P3_count_auditor_basic,C(sector)[T.의약품 제조업],,,,,3217.0
P3_count_auditor_basic,C(sector)[T.일반 목적용 기계 제조업],,,,,3217.0
P3_count_auditor_basic,C(sector)[T.일반 및 생활 숙박시설 운영업],,,,,3217.0
P3_count_auditor_basic,C(sector)[T.일차전지 및 이차전지 제조업],,,,,3217.0
P3_count_auditor_basic,C(sector)[T.자동차 부품 및 내장품 판매업],,,,,3217.0
P3_count_auditor_basic,C(sector)[T.자동차 신품 부품 제조업],,,,,3217.0
P3_count_auditor_basic,C(sector)[T.자동차 판매업],,,,,3217.0
P3_count_auditor_basic,C(sector)[T.자동차용 엔진 및 자동차 제조업],,,,,3217.0
P3_count_auditor_basic,"C(sector)[T.자료처리, 호스팅, 포털 및 기타 인터넷 정보매개 서비스업]",,,,,3217.0
P3_count_auditor_basic,C(sector)[T.자연과학 및 공학 연구개발업],,,,,3217.0
P3_count_auditor_basic,C(sector)[T.전구 및 조명장치 제조업],,,,,3217.0
P3_count_auditor_basic,C(sector)[T.전기 및 통신 공사업],,,,,3217.0
P3_count_auditor_basic,C(sector)[T.전기 통신업],,,,,3217.0
P3_count_auditor_basic,C(sector)[T.전기업],,,,,3217.0
P3_count_auditor_basic,"C(sector)[T.전동기, 발전기 및 전기 변환 · 공급 · 제어 장치 제조업]",,,,,3217.0
P3_count_auditor_basic,C(sector)[T.전자부품 제조업],,,,,3217.0
P3_count_auditor_basic,C(sector)[T.절연선 및 케이블 제조업],,,,,3217.0
P3_count_auditor_basic,C(sector)[T.제재 및 목재 가공업],,,,,3217.0
P3_count_auditor_basic,C(sector)[T.종합 소매업],,,,,3217.0
P3_count_auditor_basic,"C(sector)[T.증기, 냉·온수 및 공기조절 공급업]",,,,,3217.0
P3_count_auditor_basic,C(sector)[T.직물직조 및 직물제품 제조업],,,,,3217.0
P3_count_auditor_basic,C(sector)[T.초등 교육기관],,,,,3217.0
P3_count_auditor_basic,"C(sector)[T.측정, 시험, 항해, 제어 및 기타 정밀기기 제조업; 광학기기 제외]",,,,,3217.0
P3_count_auditor_basic,C(sector)[T.컴퓨터 및 주변장치 제조업],,,,,3217.0
P3_count_auditor_basic,"C(sector)[T.컴퓨터 프로그래밍, 시스템 통합 및 관리업]",,,,,3217.0
P3_count_auditor_basic,C(sector)[T.텔레비전 방송업],,,,,3217.0
P3_count_auditor_basic,C(sector)[T.토목 건설업],,,,,3217.0
P3_count_auditor_basic,C(sector)[T.통신 및 방송 장비 제조업],,,,,3217.0
P3_count_auditor_basic,C(sector)[T.특수 목적용 기계 제조업],,,,,3217.0
P3_count_auditor_basic,"C(sector)[T.펄프, 종이 및 판지 제조업]",,,,,3217.0
P3_count_auditor_basic,C(sector)[T.편조원단 제조업],,,,,3217.0
P3_count_auditor_basic,C(sector)[T.플라스틱제품 제조업],,,,,3217.0
P3_count_auditor_basic,C(sector)[T.합성고무 및 플라스틱 물질 제조업],,,,,3217.0
P3_count_auditor_basic,C(sector)[T.항공 여객 운송업],,,,,3217.0
P3_count_auditor_basic,"C(sector)[T.항공기,우주선 및 부품 제조업]",,,,,3217.0
P3_count_auditor_basic,C(sector)[T.해상 운송업],,,,,3217.0
P3_count_auditor_basic,C(sector)[T.화학섬유 제조업],,,,,3217.0
P3_count_auditor_basic,LogAssets_w,,,,,3217.0
P3_count_auditor_basic,Leverage_w,,,,,3217.0
P3_count_auditor_basic,ROA_w,,,,,3217.0
P3_count_auditor_basic,Loss,,,,,3217.0
P3_count_auditor_basic,OutsideDirectorRatio_w,,,,,3217.0
P3_count_auditor_basic,LargestShareholderOwnership_w,,,,,3217.0
P3_count_auditor_basic,LogMinorityShareholderCount_w,,,,,3217.0
P3_count_auditor_basic,Big4Auditor,,,,,3217.0
P3_count_auditor_basic,CleanOpinion,,,,,3217.0
