stock_code,corp_name,market,market_raw,sector,main_products,listing_date,fiscal_month,region,is_financial_narrow,is_financial_conservative,exclude_reason,is_standard_stock_code
477850,마키나락스,KOSDAQ,코스닥,소프트웨어 개발 및 공급업,Runway Platform (산업특화 인공지능 개발 및 운영 체계 구축 플랫폼),2026-05-20,12월,서울특별시,False,False,,True
288180,케이피항공산업,KOSDAQ,코스닥,"항공기,우주선 및 부품 제조업",항공기 및 우주 방산 구조물 제작,2026-05-19,12월,경상남도,False,False,,True
487580,폴레드,KOSDAQ,코스닥,가정용 기기 제조업,"유아용품(카시트 및 관련 악세서리, 유아가전 등)",2026-05-14,12월,충청남도,False,False,,True
439960,코스모로보틱스,KOSDAQ,코스닥,의료용 기기 제조업,웨어러블 로봇,2026-05-11,12월,서울특별시,False,False,,True
001290,신한제18호스팩,KOSDAQ,코스닥,금융 지원 서비스업,금융 지원 서비스업,2026-04-30,12월,서울특별시,True,True,금융,True
000110,채비,KOSDAQ,코스닥,"전동기, 발전기 및 전기 변환 · 공급 · 제어 장치 제조업","전기차 충전 서비스, 전기차 충전기",2026-04-29,12월,대구광역시,False,False,,True
000700,에스테크엠,KONEX,코넥스,특수 목적용 기계 제조업,이차전지 장비,2026-04-27,12월,경기도,False,False,,True
001310,키움히어로제2호스팩,KOSDAQ,코스닥,금융 지원 서비스업,기업 인수 합병,2026-04-23,12월,서울특별시,True,True,금융,True
000100,보원케미칼,KOSDAQ,코스닥,플라스틱제품 제조업,"차량 내장재용 표면소재, SPC바닥재 등",2026-04-03,12월,충청북도,False,False,,True
001320,교보20호스팩,KOSDAQ,코스닥,기타 금융업,기업 인수 및 합병,2026-04-02,12월,서울특별시,True,True,금융,True
000070,인벤테라,KOSDAQ,코스닥,자연과학 및 공학 연구개발업,철(Fe) 기반 질환 특이성 나노-MRI 조영제 신약,2026-04-02,12월,서울특별시,False,False,,True
001300,신한제17호스팩,KOSDAQ,코스닥,금융 지원 서비스업,금융지원 서비스업,2026-04-01,12월,서울특별시,True,True,금융,True
394420,리센스메디컬,KOSDAQ,코스닥,의료용 기기 제조업,"피부 냉각마취 의료기기, 경피약물전달 의료기기, 동물용 경피약물전달 의료기기, 안구 냉각마취 의료기기",2026-03-31,12월,경기도,False,False,,True
001300,엔에이치스팩33호,KOSDAQ,코스닥,금융 지원 서비스업,기업인수,2026-03-27,12월,서울특별시,True,True,금융,True
000880,메쥬,KOSDAQ,코스닥,의료용 기기 제조업,웨어러블 패치형 환자 감시장치(HiCardi),2026-03-26,12월,강원특별자치도,False,False,,True
408470,한패스,KOSDAQ,코스닥,기타 금융업,"디지털 송금 서비스, 전자지갑 서비스, 선불카드 서비스",2026-03-25,12월,서울특별시,True,True,금융,True
493280,아이엠바이오로직스,KOSDAQ,코스닥,자연과학 및 공학 연구개발업,"IMB-101 (OX40L/TNF 타깃 자가면역질환 치료용 이중항체), IMB-102 (OX40L 타깃 자가면역질환 치료용 단일항체)",2026-03-20,12월,경기도,False,False,,True
000820,카나프테라퓨틱스,KOSDAQ,코스닥,자연과학 및 공학 연구개발업,항암제 및 안과 질환 치료제 개발,2026-03-16,12월,서울특별시,False,False,,True
000110,액스비스,KOSDAQ,코스닥,기타 전기장비 제조업,지능형 고출력 레이저 솔루션 등,2026-03-09,12월,대전광역시,False,False,,True
458350,에스팀,KOSDAQ,코스닥,기타 사업지원 서비스업,"콘텐츠, 매니지먼트",2026-03-06,12월,서울특별시,False,False,,True
279570,케이뱅크,KOSPI,유가,은행 및 저축기관,은행 및 저축기관,2026-03-05,12월,서울특별시,True,True,은행,True
000010,덕양에너젠,KOSDAQ,코스닥,연료용 가스 제조 및 배관공급업,"수소가스, 고순도 수소가스",2026-01-30,12월,전라남도,False,False,,True
001150,삼성스팩13호,KOSDAQ,코스닥,금융 지원 서비스업,기업인수합병,2026-01-21,12월,서울특별시,True,True,금융,True
000040,엔비알모션,KOSDAQ,코스닥,기타 금속 가공제품 제조업,강구 및 테이퍼롤러,2026-01-14,12월,경상남도,False,False,,True
493330,지에프아이,KOSDAQ,코스닥,일반 목적용 기계 제조업,"2차전지소화안전제품, 일반소화안전제품",2026-01-14,12월,경기도,False,False,,True
012210,삼미금속,KOSDAQ,코스닥,기타 금속 가공제품 제조업,"자동차부품, 중장비부품, 선박부품, 방산부품 등",2025-12-29,12월,경상남도,False,False,,True
490470,세미파이브,KOSDAQ,코스닥,"건축기술, 엔지니어링 및 관련 기술 서비스업",반도체 설계 서비스,2025-12-29,12월,경기도,False,False,,True
491000,리브스메드,KOSDAQ,코스닥,의료용 기기 제조업,"다관절 다자유도 복강경 수술기구인 ArtiSential, ArtiSeal, ArtiStapler, LivsCam, Stark",2025-12-24,12월,경기도,False,False,,True
000970,미래에셋비전스팩10호,KOSDAQ,코스닥,금융 지원 서비스업,기업인수합병,2025-12-23,12월,서울특별시,True,True,금융,True
000990,미래에셋비전스팩11호,KOSDAQ,코스닥,금융 지원 서비스업,기업인수합병,2025-12-22,12월,서울특별시,True,True,금융,True
000130,삼진식품,KOSDAQ,코스닥,수산물 가공 및 저장 처리업,"반찬용 어묵, 국탕용 어묵 등 어묵관련 제품 판매",2025-12-22,12월,부산광역시,False,False,,True
059180,엔더블유시,KONEX,코넥스,통신 및 방송 장비 제조업,"FTTH Drop, FTTH 커넥터류, 5G CPRI, MDU, 광접속함체",2025-12-22,12월,경기도,False,False,,True
001010,하나36호스팩,KOSDAQ,코스닥,금융 지원 서비스업,기업인수합병,2025-12-22,12월,서울특별시,True,True,금융,True
000990,IBKS제25호스팩,KOSDAQ,코스닥,금융 지원 서비스업,기업인수 및 합병,2025-12-19,12월,서울특별시,True,True,금융,True
476830,알지노믹스,KOSDAQ,코스닥,자연과학 및 공학 연구개발업,"인체질환치료제 및 진단제, 진단용 유전자재조합 의약품",2025-12-18,12월,경기도,False,False,,True
478340,나라스페이스테크놀로지,KOSDAQ,코스닥,"항공기,우주선 및 부품 제조업",초소형 인공위성 및 위성 데이터 서비스,2025-12-17,12월,서울특별시,False,False,,True
000070,아크릴,KOSDAQ,코스닥,소프트웨어 개발 및 공급업,"통합 인공지능 플랫폼 조나단, 의료특화 인공지능 플랫폼 나디아",2025-12-16,12월,서울특별시,False,False,,True
000880,메리츠제1호스팩,KOSDAQ,코스닥,금융 지원 서비스업,기업인수합병,2025-12-15,12월,서울특별시,True,True,금융,True
217590,티엠씨,KOSPI,유가,절연선 및 케이블 제조업,"선박용케이블, 해양용케이블, 전력용케이블, 광케이블 등",2025-12-15,12월,충청남도,False,False,,True
000980,교보19호스팩,KOSDAQ,코스닥,금융 지원 서비스업,기업인수 및 합병,2025-12-12,12월,서울특별시,True,True,금융,True
464490,쿼드메디슨,KOSDAQ,코스닥,기초 의약물질 제조업,마이크로니들 의약품,2025-12-12,12월,경기도,False,False,,True
466690,키움히어로제1호스팩,KOSDAQ,코스닥,금융 지원 서비스업,다른 회사와 인수합병,2025-12-12,12월,서울특별시,True,True,금융,True
001050,유진스팩12호,KOSDAQ,코스닥,금융 지원 서비스업,합병,2025-12-11,12월,서울특별시,True,True,금융,True
261520,이지스,KOSDAQ,코스닥,소프트웨어 개발 및 공급업,디지털트윈 플랫폼,2025-12-11,12월,대구광역시,False,False,,True
000150,페스카로,KOSDAQ,코스닥,"그외 기타 전문, 과학 및 기술 서비스업","임베디드 보안 솔루션, 차량전장 소프트웨어",2025-12-10,12월,경기도,False,False,,True
950250,테라뷰,KOSDAQ,코스닥,기타 금융업,테라헤르츠 전자기파 발생 및 응용 검사장비,2025-12-09,04월,영국,True,True,금융,True
000540,엔에이치스팩32호,KOSDAQ,코스닥,금융 지원 서비스업,합병,2025-12-05,12월,서울특별시,True,True,금융,True
000090,에임드바이오,KOSDAQ,코스닥,자연과학 및 공학 연구개발업,ADC 기반 항암제,2025-12-04,12월,서울특별시,False,False,,True
000960,미래에셋비전스팩9호,KOSDAQ,코스닥,금융 지원 서비스업,기업인수합병,2025-12-01,12월,서울특별시,True,True,금융,True
000960,삼성스팩12호,KOSDAQ,코스닥,기타 금융업,기업인수합병,2025-11-28,12월,서울특별시,True,True,금융,True
000930,미래에셋비전스팩8호,KOSDAQ,코스닥,금융 지원 서비스업,기업인수합병,2025-11-27,12월,서울특별시,True,True,금융,True
000150,아로마티카,KOSDAQ,코스닥,기타 화학제품 제조업,천연·비건 화장품,2025-11-27,12월,서울특별시,False,False,,True
001260,삼성에피스홀딩스,KOSPI,유가,기타 금융업,지주회사,2025-11-24,12월,인천광역시,True,True,금융,True
001200,삼양바이오팜,KOSPI,유가,의약품 제조업,의료기기 및 의약품,2025-11-24,12월,경기도,False,False,,True
000910,신영스팩11호,KOSDAQ,코스닥,금융 지원 서비스업,기업인수합병,2025-11-24,12월,서울특별시,True,True,금융,True
000680,비엔케이제3호스팩,KOSDAQ,코스닥,금융 지원 서비스업,기업인수합병,2025-11-21,12월,서울특별시,True,True,금융,True
488900,비츠로넥스텍,KOSDAQ,코스닥,"항공기,우주선 및 부품 제조업","로켓연소기 및 가스발생기, 초전도가속장치, 핵융합 플라즈마 대향장치 등 제조",2025-11-21,12월,경기도,False,False,,True
388210,씨엠티엑스,KOSDAQ,코스닥,전자부품 제조업,반도체 장비용 소모성 부품,2025-11-20,12월,경상북도,False,False,,True
403850,더핑크퐁컴퍼니,KOSDAQ,코스닥,"영화, 비디오물, 방송프로그램 제작 및 배급업","콘텐츠, 라이선스, MD, 기타",2025-11-18,12월,서울특별시,False,False,,True
403810,아이엘로보틱스,KONEX,코넥스,전자부품 제조업,IoT 스마트제어솔루션,2025-11-18,12월,제주특별자치도,False,False,,True
000150,그린광학,KOSDAQ,코스닥,사진장비 및 광학기기 제조업,초정밀 광학 시스템 및 광학 소재,2025-11-17,12월,충청북도,False,False,,True
459550,알트,KOSDAQ,코스닥,통신 및 방송 장비 제조업,"시니어폰 및 키즈폰, 셋탑박스",2025-11-17,12월,경기도,False,False,,True
061090,세나테크놀로지,KOSDAQ,코스닥,통신 및 방송 장비 제조업,"메시통신제품, 스마트 헬멧",2025-11-14,12월,서울특별시,False,False,,True
494120,큐리오시스,KOSDAQ,코스닥,사진장비 및 광학기기 제조업,라이브셀 이미징 기기 등,2025-11-13,12월,서울특별시,False,False,,True
469610,이노테크,KOSDAQ,코스닥,특수 목적용 기계 제조업,복합 신뢰성 환경시험 장비,2025-11-07,12월,충청남도,False,False,,True
486990,노타,KOSDAQ,코스닥,소프트웨어 개발 및 공급업,AI 최적화 및 경량화 소프트웨어,2025-11-03,12월,대전광역시,False,False,,True
014950,삼익제약,KOSDAQ,코스닥,의약품 제조업,완제의약품 제조 및 CMO,2025-10-27,12월,인천광역시,False,False,,True
317450,명인제약,KOSPI,유가,의약품 제조업,"신경정신계열, 구강계열 완제의약품",2025-10-01,12월,경기도,False,False,,True
000720,KB제33호스팩,KOSDAQ,코스닥,금융 지원 서비스업,기업인수합병,2025-09-30,12월,서울특별시,True,True,금융,True
000710,삼성스팩11호,KOSDAQ,코스닥,금융 지원 서비스업,기업인수합병,2025-09-30,12월,서울특별시,True,True,금융,True
488280,에스투더블유,KOSDAQ,코스닥,소프트웨어 개발 및 공급업,"공공/정부기관용 사이버안보 빅데이터 플랫폼, 기업 및 기관용 사이버위협 인텔리전스 플랫폼, 산업용 생성형 AI 플랫폼",2025-09-19,12월,경기도,False,False,,True
342870,오아,KOSDAQ,코스닥,가전제품 및 정보통신장비 소매업,계절/생활/주방/건강가전 및 헬스/건강식품,2025-09-09,12월,서울특별시,False,False,,True
496320,본시스템즈,KONEX,코넥스,특수 목적용 기계 제조업,감속기 등 로봇부품,2025-09-08,12월,경상남도,False,False,,True
318060,그래피,KOSDAQ,코스닥,합성고무 및 플라스틱 물질 제조업,"형상기억 투명교정장치, 3D프린팅 소재, 질소경화기 등",2025-08-25,12월,서울특별시,False,False,,True
397810,애드포러스,KOSDAQ,코스닥,광고업,모바일 광고 플랫폼,2025-08-22,12월,서울특별시,False,False,,True
000440,삼성스팩10호,KOSDAQ,코스닥,금융 지원 서비스업,기업인수합병,2025-08-21,12월,서울특별시,True,True,금융,True
000100,제이피아이헬스케어,KOSDAQ,코스닥,의료용 기기 제조업,"X-ray Grid, 의료영상기기 등",2025-08-21,12월,서울특별시,False,False,,True
125490,한라캐스트,KOSDAQ,코스닥,자동차 신품 부품 제조업,"마그네슘 및 알루미늄 다이캐스팅 제품(차량, 가전용 경량화 소재 부품)",2025-08-20,12월,인천광역시,False,False,,True
000080,에스엔시스,KOSDAQ,코스닥,"전동기, 발전기 및 전기 변환 · 공급 · 제어 장치 제조업","파워솔루션, 에코솔루션, 운항제어솔루션, MRO 솔루션",2025-08-19,12월,경기도,False,False,,True
484590,삼양컴텍,KOSDAQ,코스닥,무기 및 총포탄 제조업,"방위산업방탄제품(K-SAP, 유리섬유제품, 방탄헬멧, 위장망, 방탄복), 항공기부품 제조, 도매, 무역",2025-08-18,12월,서울특별시,False,False,,True
000410,교보18호스팩,KOSDAQ,코스닥,금융 지원 서비스업,기업인수합병,2025-08-14,12월,서울특별시,True,True,금융,True
456160,지투지바이오,KOSDAQ,코스닥,의약품 제조업,장기 약효지속성 주사제 개발,2025-08-14,12월,충청북도,False,False,,True
309710,아이티켐,KOSDAQ,코스닥,기초 의약물질 제조업,"원료의약품, 의약품중간체 및 전자재료 등",2025-08-07,12월,충청북도,False,False,,True
000410,하나35호스팩,KOSDAQ,코스닥,금융 지원 서비스업,기업인수합병,2025-08-06,12월,서울특별시,True,True,금융,True
439260,대한조선,KOSPI,유가,선박 및 보트 건조업,선박 및 보트 건조업,2025-08-01,12월,전라남도,False,False,,True
468530,프로티나,KOSDAQ,코스닥,자연과학 및 공학 연구개발업,단백질간 상호작용 바이오마커 개발 및 분석서비스,2025-07-29,12월,서울특별시,False,False,,True
475230,엔알비,KOSDAQ,코스닥,기타 금속 가공제품 제조업,이동형 모듈러 임대 및 판매,2025-07-28,12월,전북특별자치도,False,False,,True
380550,뉴로핏,KOSDAQ,코스닥,소프트웨어 개발 및 공급업,"Neurophet AQUA, Neurophet Scale PET, Neurophet AQUA AD",2025-07-25,12월,서울특별시,False,False,,True
484120,도우인시스,KOSDAQ,코스닥,전자부품 제조업,초박형 유리(UTG),2025-07-23,12월,충청북도,False,False,,True
000040,디비금융제14호스팩,KOSDAQ,코스닥,기타 금융업,기업인수목적회사,2025-07-22,12월,서울특별시,True,True,금융,True
000410,엘에스스팩1호,KOSDAQ,코스닥,금융 지원 서비스업,기업인수합병,2025-07-22,12월,서울특별시,True,True,금융,True
331740,아우토크립트,KOSDAQ,코스닥,소프트웨어 개발 및 공급업,자동차 사이버보안 소프트웨어 및 솔루션,2025-07-15,12월,서울특별시,False,False,,True
000300,대신밸류리츠,KOSPI,유가,신탁업 및 집합투자업,부동산 임대,2025-07-10,08월,서울특별시,True,True,"투자, 신탁",True
462310,뉴키즈온,KOSDAQ,코스닥,봉제의복 제조업,유아동용 의복,2025-07-09,12월,서울특별시,False,False,,True
234030,싸이닉솔루션,KOSDAQ,코스닥,반도체 제조업,"ASIC, ASSP, 용역, 상품 등",2025-07-07,12월,경기도,False,False,,True
000370,KB제32호스팩,KOSDAQ,코스닥,금융 지원 서비스업,기업인수합병,2025-07-04,12월,서울특별시,True,True,금융,True
463020,뉴엔AI,KOSDAQ,코스닥,소프트웨어 개발 및 공급업,AI 빅데이터 분석 플랫폼,2025-07-04,12월,경기도,False,False,,True
388610,지에프씨생명과학,KOSDAQ,코스닥,기타 화학제품 제조업,"마이크로바이옴, 엑소좀 기반 바이오 소재",2025-06-30,12월,경기도,False,False,,True
455180,케이지에이,KOSDAQ,코스닥,특수 목적용 기계 제조업,"2차전지 전극장비 (코터, 프레스, 슬리터), 덕트자동화 장비",2025-06-17,12월,경기도,False,False,,True
340450,지씨지놈,KOSDAQ,코스닥,"그외 기타 전문, 과학 및 기술 서비스업","G-NIPT, 아이캔서치, 암패널, 희귀패널 등",2025-06-11,12월,경기도,False,False,,True
474650,링크솔루션,KOSDAQ,코스닥,특수 목적용 기계 제조업,3D 프린터 및 3D 프린팅 서비스,2025-06-10,12월,경기도,False,False,,True
475430,키스트론,KOSDAQ,코스닥,절연선 및 케이블 제조업,"전자부품용 와이어, 케이블용 와이어 등",2025-06-02,12월,경기도,False,False,,True
496070,신한제16호스팩,KOSDAQ,코스닥,금융 지원 서비스업,기타금융서비스(기업합병),2025-05-29,12월,서울특별시,True,True,금융,True
287840,인투셀,KOSDAQ,코스닥,자연과학 및 공학 연구개발업,ADC 링커/톡신 플랫폼 기술,2025-05-23,12월,대전광역시,False,False,,True
483650,달바글로벌,KOSPI,유가,기타 화학제품 제조업,"기초 화장품, 건강기능식품 등",2025-05-22,12월,서울특별시,False,False,,True
489460,바이오비쥬,KOSDAQ,코스닥,기타 화학제품 제조업,스킨부스터 제품 및 필러,2025-05-20,12월,경기도,False,False,,True
424870,이뮨온시아,KOSDAQ,코스닥,자연과학 및 공학 연구개발업,면역항암제 신약개발,2025-05-19,12월,경기도,False,False,,True
188040,바이오포트,KOSDAQ,코스닥,기타 식품 제조업,"후라이드오징어튀김, 유자생강차 등 스낵 및 음료",2025-05-16,12월,부산광역시,False,False,,True
125020,티씨머티리얼즈,KOSDAQ,코스닥,절연선 및 케이블 제조업,"에나멜동선, 초고압케이블, 각동선, CTC 등",2025-05-15,12월,울산광역시,False,False,,True
376900,로킷헬스케어,KOSDAQ,코스닥,의료용품 및 기타 의약 관련제품 제조업,장기 재생 플랫폼,2025-05-12,12월,서울특별시,False,False,,True
476040,오가노이드사이언스,KOSDAQ,코스닥,자연과학 및 공학 연구개발업,"오가노이드 기반 재생치료제, 오가노이드 기반 신소재평가 솔루션",2025-05-09,12월,충청북도,False,False,,True
136150,원일티엔아이,KOSDAQ,코스닥,일반 목적용 기계 제조업,"수소저장합금, 고압연소식기화기",2025-05-09,12월,경기도,False,False,,True
459510,나우로보틱스,KOSDAQ,코스닥,특수 목적용 기계 제조업,산업용로봇 및 로봇자동화시스템,2025-05-08,12월,인천광역시,False,False,,True
364950,에이아이코리아,KOSDAQ,코스닥,특수 목적용 기계 제조업,"2차전지 중앙 전해액 공급시스템(CESS), 프로세스파이핑, 건식세정장비",2025-04-29,12월,경기도,False,False,,True
081180,쎄크,KOSDAQ,코스닥,일반 목적용 기계 제조업,"X-ray 검사장비, LINAC, Tabletop SEM",2025-04-28,12월,경기도,False,False,,True
448900,한국피아이엠,KOSDAQ,코스닥,자동차 신품 부품 제조업,"내연기관 부품(터보차저, DCT변속기), IT 부품(스마트워치/스마트링), 자율주행 부품(카메라 모듈 케이스)",2025-04-04,12월,대구광역시,False,False,,True
481070,에이유브랜즈,KOSDAQ,코스닥,"섬유, 의복, 신발 및 가죽제품 소매업","레인부츠, 스니커즈, 겨울화, 패션잡화 등",2025-04-03,12월,서울특별시,False,False,,True
101970,우양에이치씨,KOSDAQ,코스닥,"구조용 금속제품, 탱크 및 증기발생기 제조업","화공 플랜트, 에너지 플랜트",2025-03-28,12월,경기도,False,False,,True
462860,더즌,KOSDAQ,코스닥,전기 통신업,디지털뱅킹 솔루션(B2B 금융 서비스),2025-03-24,12월,서울특별시,False,False,,True
444530,심플랫폼,KOSDAQ,코스닥,소프트웨어 개발 및 공급업,NUBISON AIoT(산업용 데이터 수집과 산업용 AI서비스 운영),2025-03-21,12월,서울특별시,False,False,,True
484810,티엑스알로보틱스,KOSDAQ,코스닥,일반 목적용 기계 제조업,"물류자동화, 로봇자동화, AMR/AGV",2025-03-20,12월,경기도,False,False,,True
098070,한텍,KOSDAQ,코스닥,"구조용 금속제품, 탱크 및 증기발생기 제조업","열교환기 등 화공기기, 저장용 탱크",2025-03-20,12월,울산광역시,False,False,,True
498390,한화플러스제5호스팩,KOSDAQ,코스닥,금융 지원 서비스업,-,2025-03-20,12월,서울특별시,True,True,금융,True
480370,씨케이솔루션,KOSPI,유가,일반 목적용 기계 제조업,"드라이룸/클린룸 등 건물용 기계, 장비 설치 공사업",2025-03-17,12월,경기도,False,False,,True
031210,서울보증보험,KOSPI,유가,보험업,"보증보험, 신용보험 등",2025-03-14,12월,서울특별시,True,True,보험,True
460870,에스엠씨지,KOSDAQ,코스닥,유리 및 유리제품 제조업,화장품 유리용기,2025-03-07,12월,경기도,False,False,,True
226590,엠디바이스,KOSDAQ,코스닥,전자부품 제조업,반도체기억장치,2025-03-07,12월,경기도,False,False,,True
393970,대진첨단소재,KOSDAQ,코스닥,플라스틱제품 제조업,"이차전지 공정용 대전방지트레이, 대전방지코팅액, 이차전지용 PET이형필름",2025-03-06,12월,서울특별시,False,False,,True
435570,에르코스,KOSDAQ,코스닥,도시락 및 식사용 조리식품 제조업,"영유아식, 고령친화식품, 식물기반 대체식품",2025-02-28,12월,대전광역시,False,False,,True
489500,엘케이켐,KOSDAQ,코스닥,기타 화학제품 제조업,"반도체 소재(CP, PCP, DIS) 등",2025-02-25,12월,충청남도,False,False,,True
479960,위너스일렉,KOSDAQ,코스닥,기타 전기장비 제조업,"배선기구(스위치, 콘센트, 멀티탭), 전기차 충전기(급속, 완속)",2025-02-24,12월,,False,False,,True
463480,모티브링크,KOSDAQ,코스닥,전자부품 제조업,"EV용 Main Transformer, EV용 Line Filter",2025-02-20,12월,경기도,False,False,,True
303810,동국생명과학,KOSDAQ,코스닥,의약품 제조업,"조영제 완제 및 원료, 의료기기 유통",2025-02-17,12월,서울특별시,False,False,,True
475830,오름테라퓨틱,KOSDAQ,코스닥,기초 의약물질 제조업,항체약물접합체(ADC) 단백질 분해제(TPD) 연구 개발,2025-02-14,12월,대전광역시,False,False,,True
240550,동방메디컬,KOSDAQ,코스닥,의료용 기기 제조업,"필러, 한방침",2025-02-13,12월,충청남도,False,False,,True
212710,아이에스티이,KOSDAQ,코스닥,반도체 제조업,반도체 제조용 장비,2025-02-12,12월,경기도,False,False,,True
064400,LG씨엔에스,KOSPI,유가,"컴퓨터 프로그래밍, 시스템 통합 및 관리업","컨설팅, 시스템 구축/운영, 토탈 아웃소싱 및 AI, 클라우드·스마트팩토리 등 IT신기술 기반의 DX사업",2025-02-05,12월,서울특별시,False,False,,True
462980,아이지넷,KOSDAQ,코스닥,기타 정보 서비스업,"보험 서비스 어플리케이션, 기업용 보험 솔루션",2025-02-04,12월,서울특별시,False,False,,True
452450,피아이이,KOSDAQ,코스닥,특수 목적용 기계 제조업,AI 비전 솔루션 및 스마트팩토리 솔루션,2025-02-04,12월,경기도,False,False,,True
482630,삼양엔씨켐,KOSDAQ,코스닥,기타 화학제품 제조업,"반도체 포토레지스트용 기초화합물(KrF PR용 소재, ArF PR용 소재, Wet Chemical)",2025-02-03,12월,경기도,False,False,,True
373160,데이원컴퍼니,KOSDAQ,코스닥,기타 교육기관,성인대상 교육서비스,2025-01-24,12월,서울특별시,False,False,,True
450950,아스테라시스,KOSDAQ,코스닥,의료용 기기 제조업,"피부 미용의료기기 제조, 판매",2025-01-24,12월,서울특별시,False,False,,True
096250,와이즈넛,KOSDAQ,코스닥,소프트웨어 개발 및 공급업,"검색엔진, 챗봇, 클라우드서비스",2025-01-24,12월,경기도,False,False,,True
475460,미트박스,KOSDAQ,코스닥,기타 정보 서비스업,축산물 도소매 판매 및 중개,2025-01-23,12월,서울특별시,False,False,,True
493790,유안타제17호스팩,KOSDAQ,코스닥,금융 지원 서비스업,금융 지원 서비스업,2025-01-23,12월,서울특별시,True,True,금융,True
478560,블랙야크아이앤씨,KOSDAQ,코스닥,신발 및 신발 부분품 제조업,"산업용 안전화, 안전복 및 안전용품",2025-01-21,12월,서울특별시,False,False,,True
332190,오션스바이오,KONEX,코넥스,의료용 기기 제조업,전자약,2025-01-14,12월,경상남도,False,False,,True
432980,엠에프씨,KOSDAQ,코스닥,기초 의약물질 제조업,원료의약품(API) 및 핵심소재,2024-12-26,12월,경기도,False,False,,True
387570,파인메딕스,KOSDAQ,코스닥,의료용 기기 제조업,"인젝터, 스네어, 나이프, 포셉 등 내시경용 시술기구",2024-12-26,12월,대구광역시,False,False,,True
177900,쓰리에이로직스,KOSDAQ,코스닥,반도체 제조업,NFC/IoT SoC 및 모듈,2024-12-24,12월,경기도,False,False,,True
499790,GS피앤엘,KOSPI,유가,기타 금융업,지주회사,2024-12-23,12월,서울특별시,True,True,금융,True
487360,신한제14호스팩,KOSDAQ,코스닥,금융 지원 서비스업,금융 지원 서비스업,2024-12-23,12월,서울특별시,True,True,금융,True
495810,유비씨,KONEX,코넥스,소프트웨어 개발 및 공급업,"디지털트윈 구현 플랫폼(Flexing CPS, Flexing DT 등)",2024-12-23,12월,경기도,False,False,,True
176750,듀켐바이오,KOSDAQ,코스닥,의약품 제조업,방사성의약품,2024-12-20,12월,서울특별시,False,False,,True
487720,키움제10호스팩,KOSDAQ,코스닥,금융 지원 서비스업,기업 인수합병,2024-12-20,12월,서울특별시,True,True,금융,True
398120,에스지헬스케어,KOSDAQ,코스닥,의료용 기기 제조업,의료용 영상진단기기,2024-12-19,12월,경기도,False,False,,True
476060,온코닉테라퓨틱스,KOSDAQ,코스닥,자연과학 및 공학 연구개발업,"자큐보정(Zastaprazan, 소화기질환 신약), Nesuparib(표적항암제 신약)",2024-12-19,12월,서울특별시,False,False,,True
382150,온코크로스,KOSDAQ,코스닥,자연과학 및 공학 연구개발업,AI플랫폼 기반 신약개발 용역서비스,2024-12-18,12월,서울특별시,False,False,,True
457600,벡트,KOSDAQ,코스닥,영상 및 음향기기 제조업,"프로젝터, 전자칠판, 전자교탁 및 관련 영상 소프트웨어, 콘텐츠 등",2024-12-16,12월,서울특별시,False,False,,True
484870,엠앤씨솔루션,KOSPI,유가,특수 목적용 기계 제조업,방위산업용 유압식/전기식 부품 및 시스템,2024-12-16,12월,경상남도,False,False,,True
471820,셀로맥스사이언스,KOSDAQ,코스닥,기타 식품 제조업,건강기능식품,2024-12-13,12월,경기도,False,False,,True
492220,KB제31호스팩,KOSDAQ,코스닥,금융 지원 서비스업,기업인수합병,2024-12-12,12월,서울특별시,True,True,금융,True
489480,키움제11호스팩,KOSDAQ,코스닥,금융 지원 서비스업,기업 인수합병,2024-12-11,12월,서울특별시,True,True,금융,True
415640,KB발해인프라,KOSPI,유가,신탁업 및 집합투자업,,2024-11-29,12월,서울특별시,True,True,"투자, 신탁",True
489730,디비금융제13호스팩,KOSDAQ,코스닥,기타 금융업,기업인수 및 합병,2024-11-28,12월,서울특별시,True,True,금융,True
489210,교보17호스팩,KOSDAQ,코스닥,금융 지원 서비스업,기업인수합병,2024-11-21,12월,서울특별시,True,True,금융,True
482690,대신밸런스제19호스팩,KOSDAQ,코스닥,금융 지원 서비스업,기업 인수 및 합병,2024-11-20,12월,서울특별시,True,True,금융,True
459100,위츠,KOSDAQ,코스닥,전자부품 제조업,"무선충전소재, 부품 제조",2024-11-20,12월,경기도,False,False,,True
389680,유디엠텍,KOSDAQ,코스닥,소프트웨어 개발 및 공급업,"PLC eXpert, OPTRA Black-box, OPTRA Tracker",2024-11-20,12월,경기도,False,False,,True
474610,RF시스템즈,KOSDAQ,코스닥,기타 금속 가공제품 제조업,"방산제품(레이더시스템, 안테나시스템, 환경제어시스템 등)",2024-11-19,12월,경기도,False,False,,True
466410,사이냅소프트,KOSDAQ,코스닥,소프트웨어 개발 및 공급업,"웹 기반 문서뷰어, 문서필터, 웹 에디터 등",2024-11-19,12월,서울특별시,False,False,,True
484130,하나34호스팩,KOSDAQ,코스닥,금융 지원 서비스업,기업인수목적,2024-11-19,12월,서울특별시,True,True,금융,True
475660,에스켐,KOSDAQ,코스닥,기타 화학제품 제조업,OLED 유기화합물 등,2024-11-18,12월,충청북도,False,False,,True
413390,엠오티,KOSDAQ,코스닥,특수 목적용 기계 제조업,이차전지 제조 자동화 설비,2024-11-18,12월,경상남도,False,False,,True
487830,신한제15호스팩,KOSDAQ,코스닥,금융 지원 서비스업,금융 지원 서비스업,2024-11-15,12월,서울특별시,True,True,금융,True
394800,쓰리빌리언,KOSDAQ,코스닥,자연과학 및 공학 연구개발업,유전체 분석 기반 희귀 유전질환 진단 검사 서비스,2024-11-14,12월,서울특별시,False,False,,True
464580,닷밀,KOSDAQ,코스닥,"영화, 비디오물, 방송프로그램 제작 및 배급업","실감미디어 콘텐츠 및 시설 구축, 전시 및 테마파크 운영",2024-11-13,12월,서울특별시,False,False,,True
473980,노머스,KOSDAQ,코스닥,창작 및 예술관련 서비스업,"공연기획 및 MD, Fromm 플랫폼",2024-11-12,12월,서울특별시,False,False,,True
163280,에어레인,KOSDAQ,코스닥,일반 목적용 기계 제조업,기체분리막 모듈 및 시스템,2024-11-08,12월,충청북도,False,False,,True
475960,토모큐브,KOSDAQ,코스닥,사진장비 및 광학기기 제조업,"홀로토모그래피 HT-X1, HT-2H",2024-11-07,12월,대전광역시,False,False,,True
475560,더본코리아,KOSPI,유가,상품 종합 도매업,프랜차이즈,2024-11-06,12월,서울특별시,False,False,,True
376270,HEM파마,KOSDAQ,코스닥,자연과학 및 공학 연구개발업,"맞춤형 헬스케어, LBP 디스커버리 플랫폼",2024-11-05,12월,경기도,False,False,,True
475580,에이럭스,KOSDAQ,코스닥,그외 기타 제품 제조업,교육용 드론/로봇 및 코딩 콘텐츠,2024-11-01,12월,서울특별시,False,False,,True
336680,탑런토탈솔루션,KOSDAQ,코스닥,전자부품 제조업,전장디스플레이 및 pOLED 부품,2024-11-01,12월,경상북도,False,False,,True
458650,성우,KOSDAQ,코스닥,일차전지 및 이차전지 제조업,"이차전지 부품(2170 Topcap Ass'y, S4623 등), 자동차 전장부품(Motor Housing, EV Relay 등)",2024-10-31,12월,경상북도,False,False,,True
488060,유진스팩11호,KOSDAQ,코스닥,금융 지원 서비스업,기업인수합병,2024-10-31,12월,서울특별시,True,True,금융,True
476710,타조이엔터테인먼트,KONEX,코넥스,창작 및 예술관련 서비스업,"공연기획, 방송·공연",2024-10-30,12월,서울특별시,False,False,,True
466100,클로봇,KOSDAQ,코스닥,소프트웨어 개발 및 공급업,"로봇 소프트웨어(카멜레온, 크롬스)",2024-10-28,12월,경기도,False,False,,True
044990,에이치엔에스하이텍,KOSDAQ,코스닥,전자부품 제조업,"ACF(이방성전도필름), 수정진동자/수정발진기",2024-10-25,12월,대전광역시,False,False,,True
289930,웨이비스,KOSDAQ,코스닥,반도체 제조업,"GaN RF 칩, 패키지 트랜지스터, 모듈 등",2024-10-25,12월,경기도,False,False,,True
475400,씨메스로보틱스,KOSDAQ,코스닥,특수 목적용 기계 제조업,AI 기반 로봇 솔루션 및 3D 비전 솔루션,2024-10-24,12월,서울특별시,False,False,,True
457370,한켐,KOSDAQ,코스닥,기초 화학물질 제조업,OLED 발광층 소재 등,2024-10-22,12월,대전광역시,False,False,,True
474170,루미르,KOSDAQ,코스닥,"항공기,우주선 및 부품 제조업","인공위성 시스템 및 전장품, 위성 영상 및 정보",2024-10-21,12월,경기도,False,False,,True
209640,와이제이링크,KOSDAQ,코스닥,특수 목적용 기계 제조업,SMT(PCB 표면실장) 이송 및 추적장비 등 스마트 공정장비,2024-10-18,12월,대구광역시,False,False,,True
465480,인스피언,KOSDAQ,코스닥,소프트웨어 개발 및 공급업,"SAP 보안 솔루션, SAP PO/CPI 컨설팅, EDI SaaS 플랫폼",2024-10-18,12월,서울특별시,False,False,,True
308430,셀비온,KOSDAQ,코스닥,의약품 제조업,"셀비온그린주, 셀비온메브로페닌주, 도페정 등",2024-10-16,12월,서울특별시,False,False,,True
381620,제닉스로보틱스,KOSDAQ,코스닥,특수 목적용 기계 제조업,"Stocker, AGV/AMR",2024-09-30,12월,충청남도,False,False,,True
351870,차이커뮤니케이션,KOSDAQ,코스닥,광고업,"광고대행, 광고물 작성",2024-09-27,12월,서울특별시,False,False,,True
489790,한화비전,KOSPI,유가,통신 및 방송 장비 제조업,비금융지주회사,2024-09-27,12월,경기도,False,False,,True
486630,KB제30호스팩,KOSDAQ,코스닥,금융 지원 서비스업,기업인수합병,2024-09-25,12월,서울특별시,True,True,금융,True
464500,아이언디바이스,KOSDAQ,코스닥,반도체 제조업,스마트폰용 오디오 앰프 반도체 Soc,2024-09-23,12월,서울특별시,False,False,,True
482680,미래에셋비전스팩7호,KOSDAQ,코스닥,금융 지원 서비스업,기업인수합병,2024-09-11,12월,서울특별시,True,True,금융,True
469750,아이비젼웍스,KOSDAQ,코스닥,특수 목적용 기계 제조업,이차전지 검사시스템 및 검사시스템 설치셋업용역,2024-09-03,12월,대전광역시,False,False,,True
461300,아이스크림미디어,KOSDAQ,코스닥,소프트웨어 개발 및 공급업,"교육출판, 커머스, 연수",2024-08-30,12월,경기도,False,False,,True
456070,이엔셀,KOSDAQ,코스닥,기초 의약물질 제조업,"첨단바이오의약품 위탁개발생산(CDMO) 서비스 / 차세대 세포,유전자 치료제",2024-08-23,12월,서울특별시,False,False,,True
476080,M83,KOSDAQ,코스닥,"영화, 비디오물, 방송프로그램 제작 및 배급업",VFX,2024-08-22,12월,서울특별시,False,False,,True
464280,티디에스팜,KOSDAQ,코스닥,의약품 제조업,"경피약물전달시스템(습포제, 첩부제)",2024-08-21,12월,경기도,False,False,,True
389650,넥스트바이오메디컬,KOSDAQ,코스닥,의료용 기기 제조업,"내시경용 지혈재, 혈관색전 미립구",2024-08-20,12월,인천광역시,False,False,,True
431190,케이쓰리아이,KOSDAQ,코스닥,소프트웨어 개발 및 공급업,XR 실감형콘텐츠,2024-08-20,12월,대전광역시,False,False,,True
079900,전진건설로봇,KOSPI,유가,특수 목적용 기계 제조업,콘크리트 펌프카,2024-08-19,12월,충청북도,False,False,,True
088340,유라클,KOSDAQ,코스닥,소프트웨어 개발 및 공급업,모바일 앱 개발 플랫폼,2024-08-16,12월,서울특별시,False,False,,True
482520,교보16호스팩,KOSDAQ,코스닥,금융 지원 서비스업,기업인수합병,2024-08-13,12월,서울특별시,True,True,금융,True
199480,뱅크웨어글로벌,KOSDAQ,코스닥,소프트웨어 개발 및 공급업,국내외 은행 및 금융기업 대상 코어뱅킹 소프트웨어,2024-08-12,12월,서울특별시,False,False,,True
460470,아이빔테크놀로지,KOSDAQ,코스닥,사진장비 및 광학기기 제조업,"생체현미경, CRO 서비스",2024-08-06,12월,대전광역시,False,False,,True
460940,피앤에스로보틱스,KOSDAQ,코스닥,의료용 기기 제조업,보행재활로봇 시스템,2024-07-31,12월,서울특별시,False,False,,True
487570,HS효성,KOSPI,유가,기타 금융업,지주사업,2024-07-29,12월,서울특별시,True,True,금융,True
062040,산일전기,KOSPI,유가,"전동기, 발전기 및 전기 변환 · 공급 · 제어 장치 제조업","유입, 몰드, 주상, 건식 변압기 등",2024-07-29,12월,경기도,False,False,,True
481890,엔에이치스팩31호,KOSDAQ,코스닥,금융 지원 서비스업,금융지원서비스업,2024-07-26,12월,서울특별시,True,True,금융,True
473950,SK증권제13호스팩,KOSDAQ,코스닥,금융 지원 서비스업,기업인수목적 주식회사,2024-07-25,12월,서울특별시,True,True,금융,True
373110,엑셀세라퓨틱스,KOSDAQ,코스닥,기초 의약물질 제조업,CellCor SFD/CD(세포배양배지),2024-07-15,12월,서울특별시,False,False,,True
478110,이베스트스팩6호,KOSDAQ,코스닥,금융 지원 서비스업,기업인수목적 주식회사,2024-07-12,12월,서울특별시,True,True,금융,True
462870,시프트업,KOSPI,유가,소프트웨어 개발 및 공급업,게임 소프트웨어,2024-07-11,12월,서울특별시,False,False,,True
450330,하스,KOSDAQ,코스닥,의료용품 및 기타 의약 관련제품 제조업,"리튬디실리케이트 수복소재(Amber block, Amber Ingot 등), 지르코니아 유치관",2024-07-03,12월,강원특별자치도,False,False,,True
462350,이노스페이스,KOSDAQ,코스닥,"항공기,우주선 및 부품 제조업","소형발사체, 로켓추진기관, 과학로켓, 시험평가용역",2024-07-02,12월,세종특별자치시,False,False,,True
481850,신한글로벌액티브리츠,KOSPI,유가,신탁업 및 집합투자업,신탁 및 집합투자,2024-07-01,02월,서울특별시,True,True,"투자, 신탁",True
295310,에이치브이엠,KOSDAQ,코스닥,1차 비철금속 제조업,"Ni계 합금, Fe계 합금, 스퍼터링타겟, Cu계 합금 등",2024-06-28,12월,경기도,False,False,,True
266350,팡스카이,KONEX,코넥스,소프트웨어 개발 및 공급업,게임 개발 및 리퍼블리싱,2024-06-28,12월,서울특별시,False,False,,True
160190,하이젠알앤엠,KOSDAQ,코스닥,"전동기, 발전기 및 전기 변환 · 공급 · 제어 장치 제조업","전동기 및 발전기 (범용모터, 서보모터)",2024-06-27,12월,경상남도,False,False,,True
479880,한국제15호스팩,KOSDAQ,코스닥,금융 지원 서비스업,기업인수합병,2024-06-26,12월,서울특별시,True,True,금융,True
464080,에스오에스랩,KOSDAQ,코스닥,"측정, 시험, 항해, 제어 및 기타 정밀기기 제조업; 광학기기 제외",산업용 및 차량용 라이다(LiDAR),2024-06-25,12월,광주광역시,False,False,,True
478440,미래에셋비전스팩6호,KOSDAQ,코스닥,금융 지원 서비스업,기업인수합병,2024-06-24,12월,서울특별시,True,True,금융,True
477340,에이치엠씨제7호스팩,KOSDAQ,코스닥,금융 지원 서비스업,기타금융,2024-06-24,12월,서울특별시,True,True,금융,True
034230,파라다이스,KOSPI,유가,유원지 및 기타 오락관련 서비스업,"카지노, 호텔, 복합리조트",2024-06-24,12월,서울특별시,False,False,,True
107640,한중엔시에스,KOSDAQ,코스닥,"전동기, 발전기 및 전기 변환 · 공급 · 제어 장치 제조업","수냉식 냉각시스템 ESS Parts, 공랭식 ESS Module Parts, EV Module 및 내연기관 Parts",2024-06-24,12월,경상북도,False,False,,True
478390,KB제29호스팩,KOSDAQ,코스닥,금융 지원 서비스업,기업인수합병,2024-06-21,12월,서울특별시,True,True,금융,True
477470,미래에셋비전스팩5호,KOSDAQ,코스닥,금융 지원 서비스업,기업인수합병,2024-06-19,12월,서울특별시,True,True,금융,True
458870,씨어스,KOSDAQ,코스닥,의료용 기기 제조업,심전도검사솔루션 입원환자모니터링솔루션,2024-06-19,12월,경기도,False,False,,True
477760,디비금융스팩12호,KOSDAQ,코스닥,기타 금융업,기업인수 및 합병,2024-06-18,12월,서울특별시,True,True,금융,True
462510,라메디텍,KOSDAQ,코스닥,의료용 기기 제조업,초소형 레이저 의료기기 및 미용기기,2024-06-17,12월,서울특별시,False,False,,True
453450,그리드위즈,KOSDAQ,코스닥,"그외 기타 전문, 과학 및 기술 서비스업","수요관리 서비스, 전기차 충전기 모뎀 등",2024-06-14,12월,서울특별시,False,False,,True
323350,다원넥스뷰,KOSDAQ,코스닥,특수 목적용 기계 제조업,LSMB(Laser Micro Bonding System),2024-06-11,12월,경기도,False,False,,True
477380,미래에셋비전스팩4호,KOSDAQ,코스닥,금융 지원 서비스업,기업인수목적회사(기타금융서비스),2024-05-29,12월,서울특별시,True,True,금융,True
145170,노브랜드,KOSDAQ,코스닥,편조의복 제조업,"Knit, Woven 의류",2024-05-23,12월,서울특별시,False,False,,True
456010,아이씨티케이,KOSDAQ,코스닥,반도체 제조업,"PUF반도체,보안솔루션(보안반도체,정보통신모듈기기,정보통신용반도체) 제조,개발",2024-05-17,12월,서울특별시,False,False,,True
443060,HD현대마린솔루션,KOSPI,유가,"건축기술, 엔지니어링 및 관련 기술 서비스업","AM(After Market) 솔루션, 친환경 Retrofit, 디지털 제어",2024-05-08,12월,경기도,False,False,,True
473000,SK증권제12호스팩,KOSDAQ,코스닥,금융 지원 서비스업,기업인수목적 주식회사,2024-05-07,12월,서울특별시,True,True,금융,True
126730,코칩,KOSDAQ,코스닥,전자부품 제조업,소형 및 초소형 슈퍼커패시터,2024-05-07,12월,경기도,False,False,,True
452200,민테크,KOSDAQ,코스닥,"측정, 시험, 항해, 제어 및 기타 정밀기기 제조업; 광학기기 제외","배터리 진단시스템, 배터리 시스템, 충방전 검사장비",2024-05-03,12월,대전광역시,False,False,,True
140430,카티스,KOSDAQ,코스닥,"컴퓨터 프로그래밍, 시스템 통합 및 관리업",산업인프라 보안플랫폼,2024-05-03,12월,경기도,False,False,,True
347850,디앤디파마텍,KOSDAQ,코스닥,자연과학 및 공학 연구개발업,대사성질환 치료제 등,2024-05-02,12월,경기도,False,False,,True
474490,유안타제16호스팩,KOSDAQ,코스닥,금융 지원 서비스업,금융 지원 서비스(기업인수목적회사),2024-05-02,12월,서울특별시,True,True,금융,True
412540,제일엠앤에스,KOSDAQ,코스닥,특수 목적용 기계 제조업,2차전지 믹싱시스템,2024-04-30,12월,경기도,False,False,,True
451250,삐아,KOSDAQ,코스닥,기타 화학제품 제조업,색조화장품,2024-04-25,12월,인천광역시,False,False,,True
475250,하나33호스팩,KOSDAQ,코스닥,금융 지원 서비스업,기업인수합병,2024-04-24,12월,서울특별시,True,True,금융,True
474930,신한제13호스팩,KOSDAQ,코스닥,금융 지원 서비스업,기타금융서비스(기업합병),2024-04-22,12월,서울특별시,True,True,금융,True
474660,신한제12호스팩,KOSDAQ,코스닥,금융 지원 서비스업,금융서비스(기업인수목적회사),2024-04-15,12월,서울특별시,True,True,금융,True
461030,아이엠비디엑스,KOSDAQ,코스닥,자연과학 및 공학 연구개발업,"알파리퀴드ⓡ 100, 알파리퀴드ⓡ HRR, 알파리퀴드ⓡ 디텍트, 알파리퀴드ⓡ 스크리닝",2024-04-03,12월,서울특별시,False,False,,True
475150,SK이터닉스,KOSPI,유가,건물 건설업,부동산 개발,2024-03-29,12월,경기도,False,False,,True
475240,하나32호스팩,KOSDAQ,코스닥,금융 지원 서비스업,기업인수합병,2024-03-27,12월,서울특별시,True,True,금융,True
455900,엔젤로보틱스,KOSDAQ,코스닥,특수 목적용 기계 제조업,"재활 전문 웨어러블 로봇, 근력 보조 무동력 웨어러블 슈트, 일상생활 보조 웨어러블 로봇 등",2024-03-26,12월,서울특별시,False,False,,True
420570,제이투케이바이오,KOSDAQ,코스닥,기타 화학제품 제조업,화장품 원료(천연소재 바이오소재 등),2024-03-25,12월,충청북도,False,False,,True
437730,삼현,KOSDAQ,코스닥,자동차 신품 부품 제조업,"스마트 액추에이터, 스마트 파워유닛",2024-03-21,12월,경상남도,False,False,,True
036220,오상헬스케어,KOSDAQ,코스닥,의료용 기기 제조업,"생화학 측정기 및 센서, 면역진단기기 및 마커, 분자진단기기 및 시약 등",2024-03-13,12월,경기도,False,False,,True
199430,케이엔알시스템,KOSDAQ,코스닥,"측정, 시험, 항해, 제어 및 기타 정밀기기 제조업; 광학기기 제외","특수목적 시험장비, 산업용로봇",2024-03-07,12월,경기도,False,False,,True
469900,하나31호스팩,KOSDAQ,코스닥,금융 지원 서비스업,기업인수합병,2024-03-05,12월,서울특별시,True,True,금융,True
472230,SK증권제11호스팩,KOSDAQ,코스닥,금융 지원 서비스업,기업인수목적 주식회사,2024-03-04,12월,서울특별시,True,True,금융,True
473050,유안타제15호스팩,KOSDAQ,코스닥,금융 지원 서비스업,금융 지원 서비스,2024-02-29,12월,서울특별시,True,True,금융,True
468760,유진스팩10호,KOSDAQ,코스닥,금융 지원 서비스업,기업인수합병,2024-02-29,12월,서울특별시,True,True,금융,True
278470,에이피알,KOSPI,유가,기타 화학제품 제조업,"화장품, 피부미용기기 등",2024-02-27,12월,서울특별시,False,False,,True
418620,E8,KOSDAQ,코스닥,소프트웨어 개발 및 공급업,"CFD 시뮬레이션 소프트웨어, 디지털트윈 플랫폼",2024-02-23,12월,서울특별시,False,False,,True
360350,코셈,KOSDAQ,코스닥,"측정, 시험, 항해, 제어 및 기타 정밀기기 제조업; 광학기기 제외",주사전자현미경(SEM),2024-02-23,12월,대전광역시,False,False,,True
068100,케이웨더,KOSDAQ,코스닥,일반 목적용 기계 제조업,"공기개선솔루션, 기상데이터, 공기측정솔루션 등",2024-02-22,12월,서울특별시,False,False,,True
452430,사피엔반도체,KOSDAQ,코스닥,반도체 제조업,Micro/Mini-LED Display Driver IC,2024-02-19,12월,경기도,False,False,,True
443670,에스피소프트,KOSDAQ,코스닥,"컴퓨터 프로그래밍, 시스템 통합 및 관리업","SPLA 라이센스 총판 사업,CLOUD, gDaaS 등",2024-02-15,12월,경기도,False,False,,True
415380,스튜디오삼익,KOSDAQ,코스닥,기타 생활용품 소매업,"침실가구, 거실가구, 옷장/수납, 주방가구 등",2024-02-06,12월,서울특별시,False,False,,True
472220,신영스팩10호,KOSDAQ,코스닥,금융 지원 서비스업,기업인수합병,2024-02-06,12월,서울특별시,True,True,금융,True
472850,폰드그룹,KOSDAQ,코스닥,"섬유, 의복, 신발 및 가죽제품 소매업","의류(언더웨어, 의복, 잡화, 코스메틱 등)",2024-02-02,12월,서울특별시,False,False,,True
469480,IBKS제24호스팩,KOSDAQ,코스닥,금융 지원 서비스업,금융 지원 서비스업,2024-02-01,12월,서울특별시,True,True,금융,True
199550,레이저옵텍,KOSDAQ,코스닥,의료용 기기 제조업,레이저 기반 피부미용기기 및 질환치료기기,2024-02-01,12월,경기도,False,False,,True
452400,이닉스,KOSDAQ,코스닥,자동차 신품 부품 제조업,2차전지용 배터리셀 패드 등,2024-02-01,12월,부산광역시,False,False,,True
066970,엘앤에프,KOSPI,유가,일차전지 및 이차전지 제조업,이차전지 양극활물질,2024-01-29,12월,대구광역시,False,False,,True
105760,포스뱅크,KOSDAQ,코스닥,일반 목적용 기계 제조업,"POS 단말기, KIOSK 단말기",2024-01-29,12월,서울특별시,False,False,,True
460930,현대힘스,KOSDAQ,코스닥,선박 및 보트 건조업,"선박기자재 (선박 블록, 보강재, 도장 등)",2024-01-26,12월,울산광역시,False,False,,True
440290,HB인베스트먼트,KOSDAQ,코스닥,기타 금융업,벤처투자조합 등 조합 결성 및 운영,2024-01-25,12월,서울특별시,True,True,금융,True
362990,드림인사이트,KOSDAQ,코스닥,광고업,광고대행,2024-01-25,12월,서울특별시,False,False,,True
471050,대신밸런스제17호스팩,KOSDAQ,코스닥,금융 지원 서비스업,금융 지원 서비스업,2024-01-24,12월,서울특별시,True,True,금융,True
457550,우진엔텍,KOSDAQ,코스닥,"그외 기타 전문, 과학 및 기술 서비스업",발전소 계측제어설비 정비 서비스,2024-01-24,12월,경기도,False,False,,True
267080,세븐브로이맥주,KONEX,코넥스,알코올음료 제조업,맥주 등 주류 및 음료,2024-01-17,12월,전북특별자치도,False,False,,True
452190,한빛레이저,KOSDAQ,코스닥,특수 목적용 기계 제조업,산업용 레이저 가공장비,2024-01-04,12월,대전광역시,False,False,,True
022100,포스코DX,KOSPI,유가,"건축기술, 엔지니어링 및 관련 기술 서비스업",EIC 자동화 엔지니어링 및 IT서비스,2024-01-02,12월,경상북도,False,False,,True
017860,DS단석,KOSPI,유가,기타 화학제품 제조업,바이오에너지,2023-12-22,12월,경기도,False,False,,True
467930,IBKS제23호스팩,KOSDAQ,코스닥,금융 지원 서비스업,기업인수 및 합병,2023-12-22,12월,서울특별시,True,True,금융,True
469880,하나30호스팩,KOSDAQ,코스닥,금융 지원 서비스업,기업인수합병,2023-12-22,12월,서울특별시,True,True,금융,True
109670,씨싸이트,KOSDAQ,코스닥,봉제의복 제조업,니트류 OEM,2023-12-21,12월,서울특별시,False,False,,True
439580,블루엠텍,KOSDAQ,코스닥,기타 전문 도매업,의약품 유통업,2023-12-13,12월,경기도,False,False,,True
417200,LS머트리얼즈,KOSDAQ,코스닥,전자부품 제조업,울트라커패시터(셀 및 모듈),2023-12-12,12월,경기도,False,False,,True
432470,케이엔에스,KOSDAQ,코스닥,특수 목적용 기계 제조업,이차전지 자동화 설비,2023-12-06,12월,경기도,False,False,,True
465320,교보15호스팩,KOSDAQ,코스닥,금융 지원 서비스업,기업인수합병,2023-12-05,12월,서울특별시,True,True,금융,True
338840,와이바이오로직스,KOSDAQ,코스닥,자연과학 및 공학 연구개발업,항체의약품 및 항체후보물질 연구개발,2023-12-05,12월,대전광역시,False,False,,True
355690,에이텀,KOSDAQ,코스닥,전자부품 제조업,평판형 트랜스,2023-12-01,12월,서울특별시,False,False,,True
453860,에이에스텍,KOSDAQ,코스닥,기타 화학제품 제조업,자외선 차단제 유기 원료,2023-11-28,12월,충청남도,False,False,,True
402490,그린리소스,KOSDAQ,코스닥,반도체 제조업,반도체 및 디스플레이 장비 보호코팅 및 소재,2023-11-24,12월,인천광역시,False,False,,True
452160,제이엔비,KOSDAQ,코스닥,특수 목적용 기계 제조업,"진공 펌프용 유틸리티 장치(Stacker 등), 정밀가공 부품",2023-11-24,12월,경기도,False,False,,True
452280,한선엔지니어링,KOSDAQ,코스닥,기타 금속 가공제품 제조업,"계장용 피팅 및 밸브, 모듈",2023-11-24,12월,부산광역시,False,False,,True
111380,동인기연,KOSPI,유가,"가죽, 가방 및 유사제품 제조업","스포츠용품(등산용가방,골프백),금속압형제품,유아용품 제조,도소매,통신 판매/부동산 임대",2023-11-21,12월,경기도,False,False,,True
448280,에코아이,KOSDAQ,코스닥,기타 전문 서비스업,탄소배출권 및 탄소배출권 관련 컨설팅,2023-11-21,12월,서울특별시,False,False,,True
352090,스톰테크,KOSDAQ,코스닥,플라스틱제품 제조업,"정수기 피팅, 밸브, 파우셋 등 부품",2023-11-20,12월,서울특별시,False,False,,True
450080,에코프로머티,KOSPI,유가,일차전지 및 이차전지 제조업,배터리 양극재용 핵심소재 하이니켈 전구체,2023-11-17,12월,경상북도,False,False,,True
452300,캡스톤파트너스,KOSDAQ,코스닥,기타 금융업,벤처투자조합 등 조합 결성 및 운영,2023-11-15,12월,서울특별시,True,True,금융,True
296160,프로젠,KONEX,코넥스,자연과학 및 공학 연구개발업,바이오의약품,2023-11-15,12월,서울특별시,False,False,,True
365330,에스와이스틸텍,KOSDAQ,코스닥,"구조용 금속제품, 탱크 및 증기발생기 제조업",데크플레이트,2023-11-13,12월,충청북도,False,False,,True
445090,에이직랜드,KOSDAQ,코스닥,반도체 제조업,"비메모리 반도체 설계및 제조, 전자회로 연구, 설계, 레이아웃 등",2023-11-13,12월,경기도,False,False,,True
464440,한국제13호스팩,KOSDAQ,코스닥,금융 지원 서비스업,기업인수합병,2023-11-13,12월,서울특별시,True,True,금융,True
446540,메가터치,KOSDAQ,코스닥,일차전지 및 이차전지 제조업,"배터리 핀, 반도체 핀",2023-11-09,12월,충청남도,False,False,,True
413640,비아이매트릭스,KOSDAQ,코스닥,소프트웨어 개발 및 공급업,로우코드 기반 코딩 자동화 솔루션 등,2023-11-09,12월,서울특별시,False,False,,True
451760,컨텍,KOSDAQ,코스닥,"컴퓨터 프로그래밍, 시스템 통합 및 관리업","지상국 시스템 엔지니어링 솔루션, 위성영상 생성을 위한 데이터처리 솔루션",2023-11-09,12월,대전광역시,False,False,,True
372320,큐로셀,KOSDAQ,코스닥,자연과학 및 공학 연구개발업,CAR-T 세포치료제,2023-11-09,12월,대전광역시,False,False,,True
088280,쏘닉스,KOSDAQ,코스닥,반도체 제조업,RF필터 파운드리,2023-11-07,12월,경기도,False,False,,True
464680,KB제27호스팩,KOSDAQ,코스닥,금융 지원 서비스업,기업인수합병,2023-11-03,12월,서울특별시,True,True,금융,True
188260,세니젠,KOSDAQ,코스닥,그외 기타 제품 제조업,"Genelix, Genext, Geneka 등",2023-11-03,12월,경기도,False,False,,True
290560,파라택시스이더리움,KOSDAQ,코스닥,소프트웨어 개발 및 공급업,DB보안솔루션 등,2023-11-03,12월,서울특별시,False,False,,True
240600,유진테크놀로지,KOSDAQ,코스닥,기타 금속 가공제품 제조업,이차전지 정밀금형 외,2023-11-02,12월,충청북도,False,False,,True
221800,지구홀딩스,KOSDAQ,코스닥,기타 과학기술 서비스업,"체외진단검사서비스, 의료IT솔루션",2023-11-02,12월,서울특별시,False,False,,True
432720,퀄리타스반도체,KOSDAQ,코스닥,반도체 제조업,초고속 통신용 반도체 IP,2023-10-27,12월,경기도,False,False,,True
351020,미쥬,KONEX,코넥스,봉제의복 제조업,"여성의류, 골프의류 등",2023-10-26,12월,서울특별시,False,False,,True
396470,워트,KOSDAQ,코스닥,특수 목적용 기계 제조업,초정밀 온습도 제어장비,2023-10-26,12월,경기도,False,False,,True
246250,에스엘에스바이오,KOSDAQ,코스닥,"그외 기타 전문, 과학 및 기술 서비스업","의약품 품질관리, 신약개발지원, 체외진단기기",2023-10-20,12월,경기도,False,False,,True
416180,신성에스티,KOSDAQ,코스닥,자동차 신품 부품 제조업,전기차/2차전지 Busbar 및 배터리모듈 보호 부품 등,2023-10-19,12월,경상남도,False,False,,True
445180,퓨릿,KOSDAQ,코스닥,기초 화학물질 제조업,"반도체용 케미컬, 디스플레이용 케미컬, 산업용 케미컬",2023-10-18,12월,경상북도,False,False,,True
289170,바이오텐,KONEX,코넥스,기타 식품 제조업,"일반식품, 건강기능식품, 보조사료",2023-10-13,12월,전북특별자치도,False,False,,True
451220,아이엠티,KOSDAQ,코스닥,특수 목적용 기계 제조업,건식세정 장비 및 EUV Mask Baking Laser,2023-10-10,12월,경기도,False,False,,True
443250,레뷰코퍼레이션,KOSDAQ,코스닥,광고업,"REVU 서비스(컨텐츠마케팅, 로컬, 에이전시)",2023-10-06,12월,서울특별시,False,False,,True
454910,두산로보틱스,KOSPI,유가,특수 목적용 기계 제조업,협동로봇,2023-10-05,12월,경기도,False,False,,True
430690,한싹,KOSDAQ,코스닥,소프트웨어 개발 및 공급업,망간자료전송,2023-10-04,12월,서울특별시,False,False,,True
418470,KT밀리의서재,KOSDAQ,코스닥,"서적, 잡지 및 기타 인쇄물 출판업",전자책 정기구독 서비스,2023-09-27,12월,서울특별시,False,False,,True
450520,인스웨이브,KOSDAQ,코스닥,소프트웨어 개발 및 공급업,"UI/UX 개발 솔루션, 엔터프라이즈 DX 솔루션, 금융 단말 솔루션 등",2023-09-25,12월,서울특별시,False,False,,True
403490,우듬지팜,KOSDAQ,코스닥,"과실, 채소 가공 및 저장 처리업","스테비아 토마토, 대추방울 토마토, 완숙 토마토 등",2023-09-19,12월,충청남도,False,False,,True
384470,코어라인소프트,KOSDAQ,코스닥,소프트웨어 개발 및 공급업,의료영상 진단보조 솔루션,2023-09-18,12월,서울특별시,False,False,,True
465770,STX그린로지스,KOSPI,유가,해상 운송업,해상운송업 및 물류업,2023-09-15,12월,부산광역시,False,False,,True
146060,율촌,KOSDAQ,코스닥,1차 철강 제조업,냉간인발강관(파이프),2023-09-08,12월,경기도,False,False,,True
355390,크라우드웍스,KOSDAQ,코스닥,소프트웨어 개발 및 공급업,인공지능 데이터 구축 서비스,2023-08-31,12월,서울특별시,False,False,,True
418250,시큐레터,KOSDAQ,코스닥,소프트웨어 개발 및 공급업,"SLE(이메일 보안), SLF(파일 보안)",2023-08-24,12월,경기도,False,False,,True
424960,스마트레이더시스템,KOSDAQ,코스닥,"측정, 시험, 항해, 제어 및 기타 정밀기기 제조업; 광학기기 제외",모빌리티 및 비모빌리티용 4D이미징레이다,2023-08-22,12월,서울특별시,False,False,,True
092790,넥스틸,KOSPI,유가,1차 철강 제조업,"OCTG Pipe, Line Pipe, Standard Pipe, 일반관",2023-08-21,12월,경상북도,False,False,,True
210120,캔버스엔,KOSDAQ,코스닥,"영화, 비디오물, 방송프로그램 제작 및 배급업","방송영상 제작, 공급",2023-08-17,12월,서울특별시,False,False,,True
448710,코츠테크놀로지,KOSDAQ,코스닥,컴퓨터 및 주변장치 제조업,"싱글보드컴퓨터(SBC), 군용 전시기 등",2023-08-10,12월,경기도,False,False,,True
445680,큐리옥스바이오시스템즈,KOSDAQ,코스닥,의료용 기기 제조업,세포 전처리 자동화기기 등,2023-08-10,12월,서울특별시,False,False,,True
030190,NICE평가정보,KOSPI,유가,기타 정보 서비스업,"개인 및 기업정보, 솔루션",2023-08-08,12월,서울특별시,False,False,,True
440110,파두,KOSDAQ,코스닥,반도체 제조업,SSD 컨트롤러,2023-08-07,12월,서울특별시,False,False,,True
373170,엠아이큐브솔루션,KOSDAQ,코스닥,소프트웨어 개발 및 공급업,"스마트팩토리 솔루션, 제조지능화 솔루션",2023-08-04,12월,서울특별시,False,False,,True
429270,시지트로닉스,KOSDAQ,코스닥,반도체 제조업,특화반도체 소자,2023-08-03,12월,전북특별자치도,False,False,,True
446440,에피바이오텍,KONEX,코넥스,자연과학 및 공학 연구개발업,탈모 치료제,2023-07-31,12월,인천광역시,False,False,,True
462520,조선내화,KOSPI,유가,"내화, 비내화 요업제품 제조업",내화 요업제품,2023-07-28,12월,전라남도,False,False,,True
172670,에이엘티,KOSDAQ,코스닥,반도체 제조업,반도체 테스트 및 패키징(반도체 후공정),2023-07-27,12월,충청북도,False,False,,True
388870,파로스아이바이오,KOSDAQ,코스닥,자연과학 및 공학 연구개발업,PHI-101 급성골수성백혈병 치료제 및 재발성난소암 치료제,2023-07-27,12월,서울특별시,False,False,,True
438700,버넥트,KOSDAQ,코스닥,소프트웨어 개발 및 공급업,산업용 XR 솔루션,2023-07-26,12월,서울특별시,False,False,,True
406820,뷰티스킨,KOSDAQ,코스닥,기타 화학제품 제조업,"화장품 제조, 브랜드, 유통 사업",2023-07-24,12월,인천광역시,False,False,,True
432430,와이랩,KOSDAQ,코스닥,"영화, 비디오물, 방송프로그램 제작 및 배급업",만화출판물의 제작 및 영상물 제작,2023-07-20,12월,서울특별시,False,False,,True
321370,센서뷰,KOSDAQ,코스닥,전자부품 제조업,"T&M 케이블, 초소형 전송선로",2023-07-19,12월,경기도,False,False,,True
456570,아이엠지티,KONEX,코넥스,의료용품 및 기타 의약 관련제품 제조업,치료용 집속초음파 기기,2023-07-19,12월,경기도,False,False,,True
378340,필에너지,KOSDAQ,코스닥,특수 목적용 기계 제조업,2차전지 제조장비,2023-07-14,12월,경기도,False,False,,True
274400,이노시뮬레이션,KOSDAQ,코스닥,소프트웨어 개발 및 공급업,"스마트 모빌리티 시뮬레이터, XR 가상훈련 시스템 등",2023-07-06,12월,서울특별시,False,False,,True
354320,알멕,KOSDAQ,코스닥,1차 비철금속 제조업,알루미늄 압출 제품,2023-06-30,12월,경상남도,False,False,,True
440320,오픈놀,KOSDAQ,코스닥,소프트웨어 개발 및 공급업,미니인턴플랫폼(커리어 및 채용 플랫폼),2023-06-30,12월,서울특별시,False,False,,True
232830,아이티센피엔에스,KOSDAQ,코스닥,소프트웨어 개발 및 공급업,"디지털 금융 서비스 구축, 모바일 보안솔루션, 생체인증 전자서명",2023-06-29,12월,경기도,False,False,,True
451700,엔에이치스팩29호,KOSDAQ,코스닥,금융 지원 서비스업,금융 지원 서비스업,2023-06-23,12월,서울특별시,True,True,금융,True
296520,가이아코퍼레이션,KONEX,코넥스,생활용품 도매업,"유아용품, 완구, 굿즈",2023-06-20,12월,경기도,False,False,,True
090460,비에이치,KOSPI,유가,전자부품 제조업,FPCB (연성인쇄회로기판),2023-06-20,12월,인천광역시,False,False,,True
460850,동국씨엠,KOSPI,유가,1차 철강 제조업,"냉연강판, 칼라강판",2023-06-16,12월,서울특별시,False,False,,True
460860,동국제강,KOSPI,유가,1차 철강 제조업,"봉강,형강,후판,냉연강판,칼라강판",2023-06-16,12월,서울특별시,False,False,,True
303360,프로티아,KOSDAQ,코스닥,의료용 기기 제조업,알레르기 진단 제품,2023-06-16,12월,서울특별시,False,False,,True
348080,큐라티스,KOSDAQ,코스닥,자연과학 및 공학 연구개발업,"백신 및 면역증강제 개발제조업, CMO/CDMO",2023-06-15,12월,충청북도,False,False,,True
439090,마녀공장,KOSDAQ,코스닥,기타 화학제품 제조업,자연주의 기능성 화장품,2023-06-08,12월,서울특별시,False,False,,True
405920,나라셀라,KOSDAQ,코스닥,음·식료품 및 담배 도매업,와인 도소매,2023-06-02,12월,경기도,False,False,,True
285800,진영,KOSDAQ,코스닥,플라스틱제품 제조업,"가구용 ASA플라스틱 시트, 엣지밴드",2023-06-01,12월,인천광역시,False,False,,True
457190,이수스페셜티케미컬,KOSPI,유가,기초 화학물질 제조업,석유화학제품 및 정밀화학제품,2023-05-31,12월,서울특별시,False,False,,True
456040,OCI,KOSPI,유가,기초 화학물질 제조업,"폴리실리콘,타르제품,카본블랙,무수프탈산,농약원제,석탄화학제품,정밀화학제품,플라스틱창호재 제조,판매",2023-05-30,12월,서울특별시,False,False,,True
420770,기가비스,KOSDAQ,코스닥,특수 목적용 기계 제조업,반도체 기판용 광학검사 및 수리장비,2023-05-24,12월,경기도,False,False,,True
271830,팸텍,KOSDAQ,코스닥,특수 목적용 기계 제조업,"카메라모듈 검사장비, 반도체 검사장비",2023-05-23,12월,경기도,False,False,,True
434480,모니터랩,KOSDAQ,코스닥,소프트웨어 개발 및 공급업,"웹방화벽,유해사이트솔루션,가시성SSL 솔루션, SASE플랫폼기반 SECaaS",2023-05-19,12월,서울특별시,False,False,,True
340810,시선AI,KOSDAQ,코스닥,소프트웨어 개발 및 공급업,"AI얼굴인식 시스템, AI얼굴인증 솔루션, AI 객체인식 솔루션, AI데이터 플랫폼",2023-05-19,12월,서울특별시,False,False,,True
456190,큐라켐,KONEX,코넥스,의료용품 및 기타 의약 관련제품 제조업,방사성동위원소 표지화합물 합성,2023-05-18,12월,충청북도,False,False,,True
446840,지슨,KOSDAQ,코스닥,"측정, 시험, 항해, 제어 및 기타 정밀기기 제조업; 광학기기 제외",무선도청탐지기,2023-05-17,12월,서울특별시,False,False,,True
417790,트루엔,KOSDAQ,코스닥,영상 및 음향기기 제조업,"IP 카메라, 영상스트리밍솔루션, IoT기기 및 서비스",2023-05-17,12월,서울특별시,False,False,,True
304360,에스바이오메딕스,KOSDAQ,코스닥,의약품 제조업,줄기세포 치료제 연구 및 개발,2023-05-04,12월,경기도,False,False,,True
298830,슈어소프트테크,KOSDAQ,코스닥,소프트웨어 개발 및 공급업,소프트웨어 자동화 검증 플랫폼,2023-04-28,12월,경기도,False,False,,True
393210,토마토시스템,KOSDAQ,코스닥,소프트웨어 개발 및 공급업,"UI/UX솔루션, 대학정보화사업 SW",2023-04-27,12월,서울특별시,False,False,,True
424980,마이크로투나노,KOSDAQ,코스닥,반도체 제조업,메모리 테스트용 프로브 카드,2023-04-26,12월,경기도,False,False,,True
318160,셀바이오휴먼텍,KOSDAQ,코스닥,기타 섬유제품 제조업,마스크팩 섬유소재(시트),2023-04-20,12월,경기도,False,False,,True
100090,SK오션플랜트,KOSPI,유가,1차 철강 제조업,해상풍력 하부구조물,2023-04-19,12월,경상남도,False,False,,True
448730,삼성FN리츠,KOSPI,유가,부동산 임대 및 공급업,대치타워 및 에스원빌딩,2023-04-10,01월,서울특별시,False,True,부동산,True
453340,현대그린푸드,KOSPI,유가,종합 소매업,"푸드서비스(단체급식), 식자재유통서비스, 공산품/생식품 유통서비스",2023-04-10,12월,경기도,False,False,,True
452260,한화갤러리아,KOSPI,유가,종합 소매업,백화점,2023-03-31,12월,서울특별시,False,False,,True
358570,지아이이노베이션,KOSDAQ,코스닥,자연과학 및 공학 연구개발업,면역항암제 및 알레르기 치료제,2023-03-30,12월,서울특별시,False,False,,True
309960,LB인베스트먼트,KOSDAQ,코스닥,기타 금융업,중소기업 창업투자,2023-03-29,12월,서울특별시,True,True,금융,True
451800,한화리츠,KOSPI,유가,부동산 임대 및 공급업,부동산투자,2023-03-27,04월,서울특별시,False,True,부동산,True
356680,엑스게이트,KOSDAQ,코스닥,소프트웨어 개발 및 공급업,통합 네트워크 보안 솔루션,2023-03-16,12월,경기도,False,False,,True
282720,금양그린파워,KOSDAQ,코스닥,전기 및 통신 공사업,"플랜트, 발전소 및 신재생에너지 발전소 공사 및 용역",2023-03-13,12월,울산광역시,False,False,,True
418420,라온텍,KOSDAQ,코스닥,전자부품 제조업,"마이크로디스플레이, 컨트롤러 IC",2023-03-09,12월,경기도,False,False,,True
389020,자람테크놀로지,KOSDAQ,코스닥,반도체 제조업,"XGSPON, 기가와이어, 광트랜시버 등",2023-03-07,12월,경기도,False,False,,True
417010,나노팀,KOSDAQ,코스닥,일반 목적용 기계 제조업,전기차용 방열제품,2023-03-03,12월,대전광역시,False,False,,True
199730,바이오인프라,KOSDAQ,코스닥,자연과학 및 공학 연구개발업,"생동성시험, 검체 분석",2023-03-02,12월,경기도,False,False,,True
344860,이노진,KOSDAQ,코스닥,기타 화학제품 제조업,"탈모케어제품(볼빅), 피부케어제품(Dr.메디션)",2023-02-20,12월,서울특별시,False,False,,True
127980,화인써키트,KOSDAQ,코스닥,전자부품 제조업,인쇄회로기판(PCB),2023-02-17,12월,인천광역시,False,False,,True
418550,제이오,KOSDAQ,코스닥,"건축기술, 엔지니어링 및 관련 기술 서비스업","탄소나노튜브, 금속탱크 및 유사용기",2023-02-16,12월,인천광역시,False,False,,True
411080,샌즈랩,KOSDAQ,코스닥,소프트웨어 개발 및 공급업,사이버 위협 인텔리전스(CTI),2023-02-15,12월,경기도,False,False,,True
407400,꿈비,KOSDAQ,코스닥,가구 제조업,"놀이방매트, 유아거실가구 등",2023-02-09,12월,경기도,False,False,,True
408900,스튜디오미르,KOSDAQ,코스닥,"영화, 비디오물, 방송프로그램 제작 및 배급업",애니메이션 제작,2023-02-07,12월,서울특별시,False,False,,True
419050,삼기에너지솔루션즈,KOSDAQ,코스닥,자동차 신품 부품 제조업,배터리(이차전지) 부품 (엔드플레이트),2023-02-03,12월,충청남도,False,False,,True
417860,오브젠,KOSDAQ,코스닥,소프트웨어 개발 및 공급업,CRM 소프트웨어,2023-01-30,12월,서울특별시,False,False,,True
254490,미래반도체,KOSDAQ,코스닥,기타 전문 도매업,반도체,2023-01-27,12월,서울특별시,False,False,,True
052960,태양3C,KONEX,코넥스,자동차 부품 및 내장품 판매업,"와이어링 하네스 커넥터, 초음파 프로브 케이블",2023-01-26,12월,강원특별자치도,False,False,,True
425040,티이엠씨,KOSDAQ,코스닥,기초 화학물질 제조업,반도체용 특수가스,2023-01-19,12월,충청북도,False,False,,True
198940,한주라이트메탈,KOSDAQ,코스닥,1차 비철금속 제조업,알루미늄 기반 경량화 자동차 부품,2023-01-19,12월,울산광역시,False,False,,True
380540,옵티코어,KOSDAQ,코스닥,마그네틱 및 광학 매체 제조업,"광트랜시버, 광다중화장치 등",2022-12-29,12월,경기도,False,False,,True
447690,아이오바이오,KONEX,코넥스,의료용 기기 제조업,정량광형광기술을 활용한 구강질환 진단검사 의료기기,2022-12-28,12월,서울특별시,False,False,,True
346010,타이드,KONEX,코넥스,전자부품 제조업,"PLC모뎀, DCU",2022-12-28,12월,서울특별시,False,False,,True
162300,신스틸,KOSDAQ,코스닥,1차 철강 제조업,"컬러강판, 아연도금강판 등 강판류",2022-12-23,12월,부산광역시,False,False,,True
377740,바이오노트,KOSPI,유가,의료용품 및 기타 의약 관련제품 제조업,"Rapid 반제품 및 완제품, 동물용신속진단 키트",2022-12-22,12월,경기도,False,False,,True
448780,마이크로엔엑스,KONEX,코넥스,의료용 기기 제조업,의료용구(전동기),2022-12-21,12월,대구광역시,False,False,,True
390110,애니메디솔루션,KONEX,코넥스,의료용 기기 제조업,"맞춤형 수술솔루션(시뮬레이터, 수술가이드, 보형물)",2022-12-21,12월,경기도,False,False,,True
417180,핑거스토리,KOSDAQ,코스닥,기타 정보 서비스업,"웹툰, 디지털 만화, 웹소설",2022-12-08,12월,서울특별시,False,False,,True
419530,SAMG엔터,KOSDAQ,코스닥,"영화, 비디오물, 방송프로그램 제작 및 배급업",애니메이션 IP 기획 및 관련 제품 제작,2022-12-06,12월,서울특별시,False,False,,True
102950,아하,KONEX,코넥스,전자부품 제조업,"전자칠판, 전자교탁 등",2022-11-30,12월,경기도,False,False,,True
311960,인터로이드,KONEX,코넥스,소프트웨어 개발 및 공급업,"건강기능식품, AI솔루션, 분자진단키트",2022-11-29,12월,서울특별시,False,False,,True
446070,유니드비티플러스,KOSPI,유가,제재 및 목재 가공업,MDF 등,2022-11-28,12월,서울특별시,False,False,,True
168360,펨트론,KOSDAQ,코스닥,특수 목적용 기계 제조업,3D 정밀측정 검사장비,2022-11-24,12월,서울특별시,False,False,,True
389470,인벤티지랩,KOSDAQ,코스닥,자연과학 및 공학 연구개발업,마이크로/나노 입자 기반 약물전달 플랫폼 및 관련 제품,2022-11-22,12월,경기도,False,False,,True
419080,엔젯,KOSDAQ,코스닥,특수 목적용 기계 제조업,"EHD 잉크젯 프린터, EHD 코터",2022-11-18,12월,경기도,False,False,,True
084440,유비온,KOSDAQ,코스닥,소프트웨어 개발 및 공급업,학습관리시스템 등 에듀테크 플랫폼 (코스모스) 및 교육서비스,2022-11-18,09월,서울특별시,False,False,,True
204610,티쓰리,KOSDAQ,코스닥,소프트웨어 개발 및 공급업,온라인 및 모바일 게임 등,2022-11-17,12월,서울특별시,False,False,,True
425420,티에프이,KOSDAQ,코스닥,전자부품 제조업,"COK, Board, Test Socket",2022-11-17,12월,경기도,False,False,,True
372170,윤성에프앤씨,KOSDAQ,코스닥,특수 목적용 기계 제조업,2차전지용 믹싱시스템,2022-11-14,12월,경기도,False,False,,True
383930,디티앤씨알오,KOSDAQ,코스닥,자연과학 및 공학 연구개발업,비임상 및 임상시험 대체 용역,2022-11-11,12월,경기도,False,False,,True
348340,뉴로메카,KOSDAQ,코스닥,특수 목적용 기계 제조업,"협동로봇, 협동로봇 자동화 플랫폼, 로봇제어기 등",2022-11-04,12월,서울특별시,False,False,,True
417500,제이아이테크,KOSDAQ,코스닥,기타 화학제품 제조업,반도체 프리커서 및 쿼츠/블랭크/포토마스크용 케이스,2022-11-04,12월,전북특별자치도,False,False,,True
108320,LX세미콘,KOSPI,유가,반도체 제조업,Display Driver IC,2022-11-03,12월,대전광역시,False,False,,True
405100,큐알티,KOSDAQ,코스닥,"그외 기타 전문, 과학 및 기술 서비스업",반도체 신뢰성 검사 및 종합분석,2022-11-02,12월,경기도,False,False,,True
417840,저스템,KOSDAQ,코스닥,특수 목적용 기계 제조업,반도체 습도제어 System,2022-10-28,12월,경기도,False,False,,True
419120,산돌,KOSDAQ,코스닥,소프트웨어 개발 및 공급업,리테일 폰트 등,2022-10-27,12월,서울특별시,False,False,,True
434190,탈로스,KONEX,코넥스,일차전지 및 이차전지 제조업,군용 리튬이온 이차전지,2022-10-24,12월,경기도,False,False,,True
405000,플라즈맵,KOSDAQ,코스닥,의료용 기기 제조업,플라즈마 멸균기 및 표면처리기기,2022-10-21,12월,경기도,False,False,,True
291810,핀텔,KOSDAQ,코스닥,소프트웨어 개발 및 공급업,AI 영상 분석 솔루션 및 소프트웨어,2022-10-20,12월,경기도,False,False,,True
378800,샤페론,KOSDAQ,코스닥,기초 의약물질 제조업,합성신약 및 항체치료제신약 기술제품 및 기술이전,2022-10-19,12월,서울특별시,False,False,,True
419540,비스토스,KOSDAQ,코스닥,의료용 기기 제조업,환자 및 태아감시장치,2022-10-18,12월,경기도,False,False,,True
360070,탑머티리얼,KOSDAQ,코스닥,일차전지 및 이차전지 제조업,"이차전지 시스템 엔지니어링, 전극소재, 양극소재",2022-10-18,12월,경기도,False,False,,True
389500,에스비비테크,KOSDAQ,코스닥,일반 목적용 기계 제조업,"베어링, 감속기",2022-10-17,12월,경기도,False,False,,True
368970,오에스피,KOSDAQ,코스닥,동물용 사료 및 조제식품 제조업,프리미엄 반려동물 사료,2022-10-14,12월,충청남도,False,False,,True
417970,모델솔루션,KOSDAQ,코스닥,특수 목적용 기계 제조업,"하이엔드 프로토타입 제조, 다품종 소량생산 서비스",2022-10-07,12월,서울특별시,False,False,,True
296640,이노에이엑스,KOSDAQ,코스닥,소프트웨어 개발 및 공급업,"InnoRules, InnoProduct",2022-10-07,12월,서울특별시,False,False,,True
441270,파인엠텍,KOSDAQ,코스닥,전자부품 제조업,IT부품,2022-10-07,12월,경기도,False,False,,True
432320,KB스타리츠,KOSPI,유가,부동산 임대 및 공급업,"벨기에 North Galaxy Towers, 영국 Samsung Europe HQ",2022-10-06,01월,서울특별시,False,True,부동산,True
067370,선바이오,KOSDAQ,코스닥,의약품 제조업,"PEG유도체 제품 (62%), 기술료수입 (38%)",2022-10-05,12월,인천광역시,False,False,,True
393890,더블유씨피,KOSDAQ,코스닥,일차전지 및 이차전지 제조업,이차전지용 분리막,2022-09-30,12월,충청북도,False,False,,True
314140,알피바이오,KOSDAQ,코스닥,의약품 제조업,연질캡슐 제형의 의약품 및 건강기능식품,2022-09-29,12월,서울특별시,False,False,,True
413300,티엘엔지니어링,KONEX,코넥스,"건축기술, 엔지니어링 및 관련 기술 서비스업",클린룸 설계 및 시공,2022-09-27,12월,경기도,False,False,,True
394280,오픈엣지테크놀로지,KOSDAQ,코스닥,소프트웨어 개발 및 공급업,시스템 반도체 IP,2022-09-26,12월,서울특별시,False,False,,True
129920,대성하이텍,KOSDAQ,코스닥,특수 목적용 기계 제조업,"정밀부품, 스위스턴 자동선반, 컴팩트 머시닝센터",2022-08-22,12월,대구광역시,False,False,,True
403550,쏘카,KOSPI,유가,운송장비 임대업,"카셰어링, 모빌리티 플랫폼 등",2022-08-22,12월,제주특별자치도,False,False,,True
148930,에이치와이티씨,KOSDAQ,코스닥,기타 금속 가공제품 제조업,2차전지 장비 초정밀 부품,2022-08-09,12월,경기도,False,False,,True
107600,새빗켐,KOSDAQ,코스닥,기타 화학제품 제조업,"폐전지재활용소재, 폐산재활용",2022-08-04,12월,경상북도,False,False,,True
126720,수산인더스트리,KOSPI,유가,전기 및 통신 공사업,전력발전설비 정비 용역,2022-08-01,12월,충청남도,False,False,,True
368600,아이씨에이치,KOSDAQ,코스닥,전자부품 제조업,스마트기기용 필름형 안테나,2022-07-29,12월,경기도,False,False,,True
365340,성일하이텍,KOSDAQ,코스닥,기초 화학물질 제조업,"코발트, 니켈, 리튬 등",2022-07-28,12월,전북특별자치도,False,False,,True
397030,에이프릴바이오,KOSDAQ,코스닥,자연과학 및 공학 연구개발업,항체의약품 및 재조합 단백질 의약품,2022-07-28,12월,강원특별자치도,False,False,,True
341170,퓨쳐메디신,KONEX,코넥스,자연과학 및 공학 연구개발업,뉴클레오사이드 유도체 기반 합성의약품,2022-07-27,12월,경기도,False,False,,True
424760,벨로크,KOSDAQ,코스닥,"컴퓨터 프로그래밍, 시스템 통합 및 관리업","보안솔루션,보안서비스",2022-07-22,12월,울산광역시,False,False,,True
328130,루닛,KOSDAQ,코스닥,소프트웨어 개발 및 공급업,Lunit INSIGHT,2022-07-21,12월,서울특별시,False,False,,True
354390,바스칸바이오제약,KONEX,코넥스,의약품 제조업,"일반의약품, 전문의약품, 의료기기",2022-07-20,12월,경기도,False,False,,True
403870,HPSP,KOSDAQ,코스닥,특수 목적용 기계 제조업,고압 수소 어닐링 장비,2022-07-15,12월,경기도,False,False,,True
112290,와이씨켐,KOSDAQ,코스닥,기타 화학제품 제조업,반도체 및 디스플레이용 화학소재,2022-07-14,12월,경상북도,False,False,,True
402030,코난테크놀로지,KOSDAQ,코스닥,소프트웨어 개발 및 공급업,"소프트웨어(인공지능,빅데이터,자연어처리,검색엔진,대화형챗봇,음성합성,음성인식) 연구개발 및 공급, 정보통신서비스",2022-07-07,12월,서울특별시,False,False,,True
396270,넥스트칩,KOSDAQ,코스닥,반도체 제조업,"차량 및 자율주행차용 비메모리 반도체(ISP, AHD, ADAS/AD)",2022-07-01,12월,경기도,False,False,,True
412350,레이저쎌,KOSDAQ,코스닥,특수 목적용 기계 제조업,"에어리어 레이저솔루션, LSR, LCB, LSB, BSOM 등",2022-06-24,12월,경기도,False,False,,True
310210,보로노이,KOSDAQ,코스닥,자연과학 및 공학 연구개발업,표적치료제,2022-06-24,12월,인천광역시,False,False,,True
377460,큐에이드,KOSDAQ,코스닥,개인 및 가정용품 수리업,"전자제품 소매, 물류주선, 서비스대행",2022-06-23,12월,광주광역시,False,False,,True
148780,비큐AI,KOSDAQ,코스닥,소프트웨어 개발 및 공급업,"AIsurfer,RDPLINE 등",2022-06-20,12월,서울특별시,False,False,,True
382900,범한퓨얼셀,KOSDAQ,코스닥,"전동기, 발전기 및 전기 변환 · 공급 · 제어 장치 제조업","잠수함용 연료전지모듈, 건물용 연료전지 시스템, 수소충전소 구축",2022-06-17,12월,경상남도,False,False,,True
176590,코나솔,KONEX,코넥스,기타 금속 가공제품 제조업,"합금강, 기계부품 제조",2022-06-15,12월,충청남도,False,False,,True
362320,청담글로벌,KOSDAQ,코스닥,생활용품 도매업,글로벌 화장품 유통,2022-06-03,12월,서울특별시,False,False,,True
357430,마스턴프리미어리츠,KOSPI,유가,부동산 임대 및 공급업,"프랑스 파리 소재 크리스탈파크, 프랑스 아마존 라스트마일 물류센터, 인천 항동 스마트물류센터",2022-05-31,03월,서울특별시,False,True,부동산,True
399720,가온칩스,KOSDAQ,코스닥,반도체 제조업,설계 솔루션 및 주문형 반도체,2022-05-20,12월,경기도,False,False,,True
389260,대명에너지,KOSDAQ,코스닥,건물 건설업,신재생에너지 발전 공사 및 용역,2022-05-16,12월,서울특별시,False,False,,True
389140,포바이포,KOSDAQ,코스닥,"영화, 비디오물, 방송프로그램 제작 및 배급업",광고영화 및 비디오물 제작업,2022-04-28,12월,서울특별시,False,False,,True
388050,지투파워,KOSDAQ,코스닥,"전동기, 발전기 및 전기 변환 · 공급 · 제어 장치 제조업","수·배전반, 태양광발전시스템, 인버터(PCS)",2022-04-01,12월,경기도,False,False,,True
413630,씨피시스템,KOSDAQ,코스닥,플라스틱제품 제조업,전기재료연결부품,2022-03-31,12월,부산광역시,False,False,,True
417310,코람코더원리츠,KOSPI,유가,부동산 임대 및 공급업,서울 영등포구 여의도 소재 하나금융투자 빌딩,2022-03-28,02월,서울특별시,False,True,부동산,True
396300,세아메카닉스,KOSDAQ,코스닥,기타 금속 가공제품 제조업,"TV스탠드, 전기 수소차 부품 등",2022-03-24,12월,경상북도,False,False,,True
366030,공구우먼,KOSDAQ,코스닥,의복 액세서리 제조업,플러스사이즈 여성용 의류 및 잡화,2022-03-23,12월,경기도,False,False,,True
388720,유일로보틱스,KOSDAQ,코스닥,특수 목적용 기계 제조업,"취출로봇, 사출장비 및 자동화시스템",2022-03-18,12월,인천광역시,False,False,,True
288980,모아데이타,KOSDAQ,코스닥,소프트웨어 개발 및 공급업,인공지능 기반 ICT 시스템 이상탐지 및 예측 솔루션,2022-03-10,12월,경기도,False,False,,True
408920,메쎄이상,KOSDAQ,코스닥,기타 사업지원 서비스업,"전시주최, 컨벤션 및 행사 대행업",2022-03-07,12월,서울특별시,False,False,,True
376930,노을,KOSDAQ,코스닥,의료용 기기 제조업,융복합 체외진단 플랫폼,2022-03-03,12월,경기도,False,False,,True
146320,비씨엔씨,KOSDAQ,코스닥,반도체 제조업,반도체용 합성쿼츠 포커스링,2022-03-03,12월,경기도,False,False,,True
371950,풍원정밀,KOSDAQ,코스닥,전자부품 제조업,OLED 증착용 Metal Mask,2022-02-28,12월,경기도,False,False,,True
330730,스톤브릿지벤처스,KOSDAQ,코스닥,기타 금융업,"창업투자, 사모투자",2022-02-25,12월,서울특별시,True,True,금융,True
365900,브이씨,KOSDAQ,코스닥,운동 및 경기용구 제조업,골프용 거리측정기,2022-02-24,12월,서울특별시,False,False,,True
370090,퓨런티어,KOSDAQ,코스닥,"측정, 시험, 항해, 제어 및 기타 정밀기기 제조업; 광학기기 제외","전장카메라모듈장비, 모바일카메라모듈장비, PC및 광원",2022-02-23,12월,경기도,False,False,,True
251120,바이오에프디엔씨,KOSDAQ,코스닥,기초 의약물질 제조업,식물세포 유래 유효물질 및 약리물질,2022-02-21,12월,인천광역시,False,False,,True
211050,인카금융서비스,KOSDAQ,코스닥,보험 및 연금관련 서비스업,보험 판매,2022-02-16,12월,서울특별시,True,True,보험,True
137080,나래나노텍,KOSDAQ,코스닥,특수 목적용 기계 제조업,"디스플레이 장비 (포토, 코팅, 모듈 장비)",2022-02-08,12월,경기도,False,False,,True
136410,아셈스,KOSDAQ,코스닥,플라스틱제품 제조업,핫멜트 접착 필름,2022-02-07,12월,부산광역시,False,False,,True
276040,스코넥,KOSDAQ,코스닥,소프트웨어 개발 및 공급업,"XR 교육/훈련 시스템, VR 게임 콘텐츠 등",2022-02-04,12월,서울특별시,False,False,,True
377330,이지트로닉스,KOSDAQ,코스닥,"전동기, 발전기 및 전기 변환 · 공급 · 제어 장치 제조업",전력변환장치,2022-02-04,12월,경기도,False,False,,True
373220,LG에너지솔루션,KOSPI,유가,일차전지 및 이차전지 제조업,"2차전지 (소형,ESS,자동차전지)",2022-01-27,12월,서울특별시,False,False,,True
179530,애드바이오텍,KOSDAQ,코스닥,의약품 제조업,"동물용약품,영양제,단미사료(네오폐녹스),보조사료 제조,도매/식품첨가물,화장품 도소매,무역",2022-01-24,12월,강원특별자치도,False,False,,True
102370,케이옥션,KOSDAQ,코스닥,상품 중개업,미술품 경매 및 판매,2022-01-24,12월,서울특별시,False,False,,True
169670,코스텍시스템,KONEX,코넥스,특수 목적용 기계 제조업,"반도체 웨이퍼 이송장비, 본딩장비",2022-01-21,12월,경기도,False,False,,True
353590,오토앤,KOSDAQ,코스닥,자동차 부품 및 내장품 판매업,자동차 지급품 및 애프터마켓 제품,2022-01-20,12월,경기도,False,False,,True
200350,아티스트스튜디오,KOSDAQ,코스닥,"영화, 비디오물, 방송프로그램 제작 및 배급업",드라마 제작,2021-12-30,12월,서울특별시,False,False,,True
403360,라피치,KONEX,코넥스,소프트웨어 개발 및 공급업,Conversational AI Service 제품 및 생체인증(음성) Service 제품,2021-12-14,12월,서울특별시,False,False,,True
254160,제이엠멀티,KONEX,코넥스,제재 및 목재 가공업,목재 데크로드 시스템,2021-12-13,12월,충청남도,False,False,,True
404990,신한서부티엔디리츠,KOSPI,유가,부동산 임대 및 공급업,부동산투자,2021-12-10,12월,서울특별시,False,True,부동산,True
199800,툴젠,KOSDAQ,코스닥,자연과학 및 공학 연구개발업,유전자교정 플랫폼 관련 제품,2021-12-10,12월,서울특별시,False,False,,True
396690,미래에셋글로벌리츠,KOSPI,유가,부동산 임대 및 공급업,부동산 임대업,2021-12-03,03월,서울특별시,False,True,부동산,True
402420,켈스,KONEX,코넥스,의료용 기기 제조업,체외진단 의료기기,2021-11-30,12월,경기도,False,False,,True
402340,SK스퀘어,KOSPI,유가,기타 금융업,지주회사,2021-11-29,12월,서울특별시,True,True,금융,True
377480,마음AI,KOSDAQ,코스닥,소프트웨어 개발 및 공급업,종합 인공지능 엔진 및 플랫폼,2021-11-23,12월,경기도,False,False,,True
361570,알비더블유,KOSDAQ,코스닥,오디오물 출판 및 원판 녹음업,음반 및 음원 등(콘텐츠),2021-11-22,12월,서울특별시,False,False,,True
400760,NH올원리츠,KOSPI,유가,부동산 임대 및 공급업,부동산투자,2021-11-18,12월,서울특별시,False,True,부동산,True
222160,NPX,KOSDAQ,코스닥,특수 목적용 기계 제조업,인쇄회로기판(PCB) 전기검사기,2021-11-18,12월,경기도,False,False,,True
290090,트윔,KOSDAQ,코스닥,소프트웨어 개발 및 공급업,AI 기반 스마트팩토리 검사 소프트웨어 및 설비,2021-11-17,12월,경기도,False,False,,True
372800,아이티아이즈,KOSDAQ,코스닥,소프트웨어 개발 및 공급업,"디지털금융솔루션 제공 및 AI, Big Data 서비스, 클라우드 통합 플랫폼 (GURMWI)",2021-11-11,12월,서울특별시,False,False,,True
311320,지오엘리먼트,KOSDAQ,코스닥,전자부품 제조업,"센서, 캐니스터",2021-11-11,12월,경기도,False,False,,True
357880,SKAI,KOSDAQ,코스닥,소프트웨어 개발 및 공급업,"그래프데이터베이스, 그래프분석서비스",2021-11-10,12월,서울특별시,False,False,,True
376300,디어유,KOSDAQ,코스닥,소프트웨어 개발 및 공급업,"모바일 어플리케이션(DearU bubble, Lysn)",2021-11-10,12월,서울특별시,False,False,,True
389030,지니너스,KOSDAQ,코스닥,자연과학 및 공학 연구개발업,"NGS기반 조직생검 암유전체 동반진단(CancerSCAN), 액체생검 암유전체 동반진단(LiquidSCAN), 단일세포분석(Celinus) 등",2021-11-08,12월,서울특별시,False,False,,True
377300,카카오페이,KOSPI,유가,금융 지원 서비스업,"간편결제, 간편송금 및 기타 금융서비스",2021-11-03,12월,경기도,True,True,금융,True
376180,피코그램,KOSDAQ,코스닥,그외 기타 제품 제조업,"정수기, 정수기 필터",2021-11-03,12월,인천광역시,False,False,,True
348370,엔켐,KOSDAQ,코스닥,기초 화학물질 제조업,2차전지 전해액,2021-11-01,12월,충청북도,False,False,,True
377450,리파인,KOSDAQ,코스닥,기타 정보 서비스업,권리조사,2021-10-29,12월,서울특별시,False,False,,True
382800,지앤비에스 에코,KOSDAQ,코스닥,특수 목적용 기계 제조업,"스크러버, 트랩, 백연제거장치 등",2021-10-29,12월,경기도,False,False,,True
114840,아이패밀리에스씨,KOSDAQ,코스닥,기타 화학제품 제조업,"색조화장품 브랜드 `롬앤(Rom&nd)', IT기반 웨딩서비스 브랜드 `아이웨딩`",2021-10-28,12월,서울특별시,False,False,,True
261780,아리바이오LAB,KOSDAQ,코스닥,자연과학 및 공학 연구개발업,백신 및 면역증강제 등,2021-10-22,12월,경기도,False,False,,True
382480,지아이텍,KOSDAQ,코스닥,특수 목적용 기계 제조업,"SLOT DIE, SLIT NOZZLE, REPAIR, 기타",2021-10-21,12월,충청남도,False,False,,True
391710,코닉오토메이션,KOSDAQ,코스닥,특수 목적용 기계 제조업,금융 지원 서비스(SPAC),2021-10-15,12월,경기도,False,False,,True
381970,케이카,KOSPI,유가,자동차 판매업,오프라인 및 온라인 중고차 매매업,2021-10-13,12월,서울특별시,False,False,,True
376290,씨유테크,KOSDAQ,코스닥,전자부품 제조업,"휴대폰, 전장 등 실장부품",2021-10-08,12월,경기도,False,False,,True
159010,아스플로,KOSDAQ,코스닥,일반 목적용 기계 제조업,"강관, 피팅, 밸브류 등",2021-10-07,12월,경기도,False,False,,True
382840,원준,KOSDAQ,코스닥,특수 목적용 기계 제조업,2차전지용 열처리 장비,2021-10-07,12월,경기도,False,False,,True
257720,실리콘투,KOSDAQ,코스닥,상품 종합 도매업,화장품 유통,2021-09-29,12월,경기도,False,False,,True
260970,에스앤디,KOSDAQ,코스닥,기타 식품 제조업,"일반기능식품소재, 건강기능식품소재",2021-09-29,12월,충청북도,False,False,,True
377220,프롬바이오,KOSDAQ,코스닥,기타 식품 제조업,개별인정형 건강기능식품,2021-09-28,12월,경기도,False,False,,True
099430,바이오플러스,KOSDAQ,코스닥,기초 의약물질 제조업,"생체재료 개질 기술을 사용한 히알루론산(HA) 기반 더말필러, 유착방지제 및 그 응용제품",2021-09-27,12월,경기도,False,False,,True
329180,HD현대중공업,KOSPI,유가,선박 및 보트 건조업,"선박, 해양플랜트 및 엔진기계 등",2021-09-17,12월,울산광역시,False,False,,True
395400,SK리츠,KOSPI,유가,부동산 임대 및 공급업,서울 중구 소재 SK서린빌딩 및 전국 116개 주유소 임대 운영,2021-09-14,03월,서울특별시,False,True,부동산,True
273640,와이엠텍,KOSDAQ,코스닥,"전동기, 발전기 및 전기 변환 · 공급 · 제어 장치 제조업",계전기(EV Relay),2021-09-10,12월,충청북도,False,False,,True
203400,에이비온,KOSDAQ,코스닥,자연과학 및 공학 연구개발업,"표적 항암제, 바이오 베터 신약",2021-09-08,12월,경기도,False,False,,True
388790,라이콤,KOSDAQ,코스닥,통신 및 방송 장비 제조업,"제조업(광증폭기, 광송수신기, 광섬유레이저 외)",2021-09-03,12월,경기도,False,False,,True
271940,일진하이솔루스,KOSPI,유가,그외 기타 운송장비 제조업,"수소승용용기, 매연저감장치 등",2021-09-01,12월,전북특별자치도,False,False,,True
377190,디앤디플랫폼리츠,KOSPI,유가,부동산 임대 및 공급업,부동산 투자 및 관리,2021-08-27,03월,서울특별시,False,True,부동산,True
308080,바이젠셀,KOSDAQ,코스닥,자연과학 및 공학 연구개발업,"면역세포치료제 (면역항암제, 면역조절치료제 등)",2021-08-25,12월,서울특별시,False,False,,True
139990,아주스틸,KOSPI,유가,1차 철강 제조업,"프리미엄 가전용 고품질 컬러강판, 건자재 등",2021-08-20,12월,경상북도,False,False,,True
089860,롯데렌탈,KOSPI,유가,운송장비 임대업,"렌터카, 카셰어링(그린카), 중고차매매, 일반렌탈(측정기,OA, 리프트 등)",2021-08-19,12월,경기도,False,False,,True
099390,브레인즈컴퍼니,KOSDAQ,코스닥,소프트웨어 개발 및 공급업,IT 인프라 통합관리 솔루션,2021-08-19,12월,서울특별시,False,False,,True
315640,딥노이드,KOSDAQ,코스닥,소프트웨어 개발 및 공급업,"의료 인공지능플랫폼, 인공지능 임상의사결정 시스템",2021-08-17,12월,서울특별시,False,False,,True
372910,한컴라이프케어,KOSPI,유가,의료용 기기 제조업,"공기호흡기, 방독면, 보호복 등",2021-08-17,12월,경기도,False,False,,True
058970,엠로,KOSDAQ,코스닥,소프트웨어 개발 및 공급업,"기업용 공급망관리 소프트웨어, AI 디지털혁신 소프트웨어, 공급망관리 클라우드 서비스",2021-08-13,12월,서울특별시,False,False,,True
367000,플래티어,KOSDAQ,코스닥,소프트웨어 개발 및 공급업,E-Commerce Platform 구축,2021-08-12,12월,서울특별시,False,False,,True
376980,원티드랩,KOSDAQ,코스닥,소프트웨어 개발 및 공급업,채용 플랫폼,2021-08-11,12월,서울특별시,False,False,,True
259960,크래프톤,KOSPI,유가,소프트웨어 개발 및 공급업,<배틀그라운드> 등 게임 소프트웨어,2021-08-10,12월,서울특별시,False,False,,True
195940,HK이노엔,KOSDAQ,코스닥,의약품 제조업,"전문의약품, 숙취해소음료",2021-08-09,12월,충청북도,False,False,,True
178920,PI첨단소재,KOSPI,유가,플라스틱제품 제조업,PI(Polyimide)제품,2021-08-09,12월,충청북도,False,False,,True
323410,카카오뱅크,KOSPI,유가,은행 및 저축기관,은행 및 금융서비스,2021-08-06,12월,경기도,True,True,은행,True
270660,에브리봇,KOSDAQ,코스닥,가정용 기기 제조업,"물걸레 로봇청소기, 흡입형 로봇청소기",2021-07-28,12월,경기도,False,False,,True
377030,비트맥스,KOSDAQ,코스닥,소프트웨어 개발 및 공급업,AR 개발 플랫폼/AR솔루션,2021-07-27,12월,서울특별시,False,False,,True
365270,큐라클,KOSDAQ,코스닥,자연과학 및 공학 연구개발업,혈관질환치료제 등,2021-07-22,12월,서울특별시,False,False,,True
137310,에스디바이오센서,KOSPI,유가,의료용 기기 제조업,STANDARD Q 항원/항체 진단키트(COVID-19 진단키트),2021-07-16,12월,경기도,False,False,,True
352910,오비고,KOSDAQ,코스닥,"컴퓨터 프로그래밍, 시스템 통합 및 관리업",스마트카 소프트웨어 플랫폼,2021-07-13,12월,경기도,False,False,,True
097520,엠씨넥스,KOSPI,유가,영상 및 음향기기 제조업,"모바일 카메라모듈,전장 카메라모듈,블랙박스,IP 카메라",2021-07-06,12월,인천광역시,False,False,,True
357580,아모센스,KOSDAQ,코스닥,전자부품 제조업,무선충전 차폐시트,2021-06-25,12월,충청남도,False,False,,True
318660,타임기술,KONEX,코넥스,소프트웨어 개발 및 공급업,"ILS(종합군수지원), IETM(전자식기술교범), CBT(전자식교보재), 기술번역",2021-06-24,12월,경상남도,False,False,,True
303530,이노뎁,KOSDAQ,코스닥,소프트웨어 개발 및 공급업,영상인식 및 데이터플랫폼 솔루션,2021-06-18,12월,서울특별시,False,False,,True
232680,라온로보틱스,KOSDAQ,코스닥,특수 목적용 기계 제조업,반도체 및 FPD용 로봇시스템,2021-06-17,12월,경기도,False,False,,True
379390,이성씨엔아이,KONEX,코넥스,"건축기술, 엔지니어링 및 관련 기술 서비스업",원자력발전소 계측제어 서비스(경상정비),2021-06-04,12월,부산광역시,False,False,,True
187660,페니트리움바이오,KOSDAQ,코스닥,자연과학 및 공학 연구개발업,임상 CRO 서비스,2021-06-03,12월,서울특별시,False,False,,True
383310,에코프로에이치엔,KOSDAQ,코스닥,기타 화학제품 제조업,환경오염 방지 관련 소재 및 설비,2021-05-28,12월,충청북도,False,False,,True
383800,LX홀딩스,KOSPI,유가,기타 금융업,지주회사,2021-05-27,12월,서울특별시,True,True,금융,True
363250,진시스템,KOSDAQ,코스닥,의료용 기기 제조업,분자진단기반 플랫폼 개발 및 제조·판매,2021-05-26,12월,대전광역시,False,False,,True
276730,한울앤제주,KOSDAQ,코스닥,알코올음료 제조업,맥주,2021-05-26,12월,제주특별자치도,False,False,,True
383220,F&F,KOSPI,유가,봉제의복 제조업,"MLB, MLB KIDS, DISCOVERY 등 패션의류제품",2021-05-21,12월,서울특별시,False,False,,True
361670,삼영에스앤씨,KOSDAQ,코스닥,전자부품 제조업,"칩형 온습도센서,상대습도센서,미세먼지센서, 공기질 통합센서 노드 및 트랜스미터",2021-05-21,12월,경기도,False,False,,True
252990,샘씨엔에스,KOSDAQ,코스닥,전자부품 제조업,세라믹 STF(다층 세라믹 기판),2021-05-20,12월,경기도,False,False,,True
352480,씨앤씨인터내셔널,KOSDAQ,코스닥,기타 화학제품 제조업,색조 화장품,2021-05-17,12월,경기도,False,False,,True
357230,에이치피오,KOSDAQ,코스닥,기타 식품 제조업,"건강기능식품(유산균, 비타민 등)",2021-05-14,12월,서울특별시,False,False,,True
361610,SK아이이테크놀로지,KOSPI,유가,일차전지 및 이차전지 제조업,2차전지용 습식 분리막 및 폴더블 커버 윈도우,2021-05-11,12월,서울특별시,False,False,,True
294570,쿠콘,KOSDAQ,코스닥,기타 정보 서비스업,"페이먼트서비스(65.2%), 데이터서비스(29.1%) 등",2021-04-28,12월,서울특별시,False,False,,True
351330,이삭엔지니어링,KOSDAQ,코스닥,"컴퓨터 프로그래밍, 시스템 통합 및 관리업",공장자동화 설비제어,2021-04-21,12월,경기도,False,False,,True
059270,해성에어로보틱스,KOSDAQ,코스닥,기타 금속 가공제품 제조업,기어 및 동력전달장치,2021-04-21,12월,인천광역시,False,False,,True
333620,엔시스,KOSDAQ,코스닥,기타 전기장비 제조업,2차전지 머신비전 검사장비,2021-04-01,12월,충청남도,False,False,,True
289220,자이언트스텝,KOSDAQ,코스닥,"영화, 비디오물, 방송프로그램 제작 및 배급업","광고VFX, 영상VFX 및 리얼타임 콘텐츠 제작",2021-03-24,12월,서울특별시,False,False,,True
361390,제노코,KOSDAQ,코스닥,통신 및 방송 장비 제조업,"위성탑재체, 위성운용국, 항공전자 등",2021-03-24,12월,경기도,False,False,,True
347700,스피어,KOSDAQ,코스닥,소프트웨어 개발 및 공급업,우주항공산업 관련 부품 등 판매 / 디지털헬스 소프트웨어 개발 및 공급,2021-03-23,12월,서울특별시,False,False,,True
302440,SK바이오사이언스,KOSPI,유가,기초 의약물질 제조업,백신 제품 및 제제,2021-03-18,12월,경기도,False,False,,True
314930,바이오다인,KOSDAQ,코스닥,의료용 기기 제조업,액상세포검사 장비 및 소모품,2021-03-17,12월,서울특별시,False,False,,True
950220,네오이뮨텍,KOSDAQ,코스닥,자연과학 및 공학 연구개발업,면역항암제,2021-03-16,12월,미국,False,False,,True
378850,화승알앤에이,KOSPI,유가,자동차 신품 부품 제조업,자동차용 고무제품,2021-03-15,12월,경상남도,False,False,,True
356890,싸이버원,KOSDAQ,코스닥,소프트웨어 개발 및 공급업,보안관제 및 보안컨설팅 등,2021-03-11,12월,서울특별시,False,False,,True
334970,프레스티지바이오로직스,KOSDAQ,코스닥,의약품 제조업,바이오시밀러 제조,2021-03-11,06월,충청북도,False,False,,True
247660,나노씨엠에스,KOSDAQ,코스닥,전자부품 제조업,"근적외선 흡수/반사 안료, 자외선 유기형광 안료, 적외선 발광체",2021-03-09,12월,충청남도,False,False,,True
338220,뷰노,KOSDAQ,코스닥,소프트웨어 개발 및 공급업,"뷰노메드 음성솔루션, 뷰노메드 영상솔루션, 기타 솔루션 등",2021-02-26,12월,서울특별시,False,False,,True
373200,엑스플러스,KOSDAQ,코스닥,그외 기타 제품 제조업,모바일 IT응용제품 외,2021-02-26,12월,서울특별시,False,False,,True
340930,유일에너테크,KOSDAQ,코스닥,특수 목적용 기계 제조업,2차전지 제조장비,2021-02-25,12월,경기도,False,False,,True
189330,씨이랩,KOSDAQ,코스닥,소프트웨어 개발 및 공급업,빅데이터플랫폼,2021-02-24,12월,서울특별시,False,False,,True
322310,오로스테크놀로지,KOSDAQ,코스닥,특수 목적용 기계 제조업,반도체 Overlay 계측 장비,2021-02-24,12월,경기도,False,False,,True
239890,피엔에이치테크,KOSDAQ,코스닥,기초 화학물질 제조업,OLED 소재,2021-02-16,12월,경기도,False,False,,True
363260,모비데이즈,KOSDAQ,코스닥,광고업,기업인수합병,2021-02-10,12월,서울특별시,False,False,,True
262840,아이퀘스트,KOSDAQ,코스닥,소프트웨어 개발 및 공급업,"패키지 ERP, 구축형 ERP 등",2021-02-05,12월,서울특별시,False,False,,True
950210,프레스티지바이오파마,KOSPI,유가,자연과학 및 공학 연구개발업,바이오시밀러 및 항체의약품 신약,2021-02-05,06월,싱가포르,False,False,,True
277810,레인보우로보틱스,KOSDAQ,코스닥,특수 목적용 기계 제조업,"협동로봇, 천문마운트시스템, 이족보행로봇 등",2021-02-03,12월,세종특별자치시,False,False,,True
321820,아티스트컴퍼니,KOSDAQ,코스닥,창작 및 예술관련 서비스업,빅데이터/인공지능 마케팅플랫폼 및 데이터플랫폼,2021-02-03,12월,서울특별시,False,False,,True
248070,솔루엠,KOSPI,유가,전자부품 제조업,"POWER, 3in1 Board, ESL 등",2021-02-02,12월,경기도,False,False,,True
163730,핑거,KOSDAQ,코스닥,소프트웨어 개발 및 공급업,"스마트 금융 플랫폼, 핀테크 금융 솔루션",2021-01-29,12월,서울특별시,False,False,,True
348030,모비릭스,KOSDAQ,코스닥,소프트웨어 개발 및 공급업,모바일 게임 개발 및 퍼블리싱,2021-01-28,12월,서울특별시,False,False,,True
352700,씨앤투스,KOSDAQ,코스닥,화학섬유 제조업,"에어필터, 산업용 및 보건용 마스크",2021-01-28,12월,부산광역시,False,False,,True
086710,선진뷰티사이언스,KOSDAQ,코스닥,기타 화학제품 제조업,화장품 원료,2021-01-27,12월,서울특별시,False,False,,True
375500,DL이앤씨,KOSPI,유가,토목 건설업,토목 건설 사업,2021-01-25,12월,서울특별시,False,False,,True
236810,엔비티,KOSDAQ,코스닥,광고업,모바일 포인트 광고 플랫폼,2021-01-21,12월,서울특별시,False,False,,True
368770,파이버프로,KOSDAQ,코스닥,"측정, 시험, 항해, 제어 및 기타 정밀기기 제조업; 광학기기 제외",광섬유 관성센서 및 관성 측정장치,2021-01-21,12월,대전광역시,False,False,,True
253610,루트락,KONEX,코넥스,기타 전문 도매업,"인공슬관절, 척추 임플란트(의료기기 도·소매)",2020-12-24,12월,서울특별시,False,False,,True
365550,ESR켄달스퀘어리츠,KOSPI,유가,부동산 임대 및 공급업,부동산투자,2020-12-23,05월,서울특별시,False,True,부동산,True
369370,블리츠웨이엔터테인먼트,KOSDAQ,코스닥,창작 및 예술관련 서비스업,창작 및 예술관련 서비스,2020-12-23,12월,서울특별시,False,False,,True
357550,석경에이티,KOSDAQ,코스닥,기초 화학물질 제조업,바이오 및 전기전자 나노 소재,2020-12-23,12월,경기도,False,False,,True
314130,지놈앤컴퍼니,KOSDAQ,코스닥,기초 의약물질 제조업,"마이크로바이옴 기반 치료제, 화장품, 건강기능식품",2020-12-23,12월,경기도,False,False,,True
335810,프리시젼바이오,KOSDAQ,코스닥,의료용 기기 제조업,체외진단 기기 및 시약,2020-12-22,12월,대전광역시,False,False,,True
347860,알체라,KOSDAQ,코스닥,소프트웨어 개발 및 공급업,"얼굴인식 AI, 이상상황 감지 AI 등",2020-12-21,12월,서울특별시,False,False,,True
365590,하이딥,KOSDAQ,코스닥,반도체 제조업,UIUX Solution,2020-12-21,12월,경기도,False,False,,True
064850,에프앤가이드,KOSDAQ,코스닥,기타 정보 서비스업,"금융정보서비스, INDEX, 펀드평가 등",2020-12-17,12월,서울특별시,False,False,,True
356860,티엘비,KOSDAQ,코스닥,전자부품 제조업,SSD Module / DRAM Module PCB,2020-12-14,12월,경기도,False,False,,True
352940,인바이오,KOSDAQ,코스닥,"비료, 농약 및 살균, 살충제 제조업","살균제, 살충제, 제초제 등",2020-12-11,12월,경기도,False,False,,True
354200,엔젠바이오,KOSDAQ,코스닥,"그외 기타 전문, 과학 및 기술 서비스업","유전체 분야 진단시약 제조 및 유전체 분야 소프트웨어 연구,개발,판매",2020-12-10,12월,서울특별시,False,False,,True
317690,퀀타매트릭스,KOSDAQ,코스닥,의료용 기기 제조업,신속항균제검사 장비 및 키트,2020-12-09,12월,서울특별시,False,False,,True
009900,명신산업,KOSPI,유가,자동차 신품 부품 제조업,자동차차체부품,2020-12-07,12월,경상북도,False,False,,True
352770,셀레스트라,KOSDAQ,코스닥,의료용품 및 기타 의약 관련제품 제조업,"Geno Series, CD-PRIME, Cancer Prime",2020-12-04,12월,경기도,False,False,,True
318020,포인트모바일,KOSDAQ,코스닥,컴퓨터 및 주변장치 제조업,산업용 PDA,2020-12-03,12월,서울특별시,False,False,,True
129890,앱코,KOSDAQ,코스닥,컴퓨터 및 주변장치 제조업,"게이밍기어, 뉴라이프가전 등",2020-12-02,12월,서울특별시,False,False,,True
265740,엔에프씨,KOSDAQ,코스닥,기타 화학제품 제조업,화장품 원료 제조 및 판매,2020-12-02,12월,인천광역시,False,False,,True
199820,제일일렉트릭,KOSDAQ,코스닥,"전동기, 발전기 및 전기 변환 · 공급 · 제어 장치 제조업","PCB Assay, 배선기구, 분전반 등",2020-11-26,12월,부산광역시,False,False,,True
299030,하나기술,KOSDAQ,코스닥,특수 목적용 기계 제조업,이차전지 양산 자동화 설비 제조,2020-11-25,12월,경기도,False,False,,True
244920,에이플러스에셋,KOSPI,유가,보험 및 연금관련 서비스업,보험대리 및 중개업,2020-11-20,12월,서울특별시,True,True,보험,True
340570,티앤엘,KOSDAQ,코스닥,의료용품 및 기타 의약 관련제품 제조업,"창상치료재, 정형외과용 고정재",2020-11-20,12월,경기도,False,False,,True
348150,고바이오랩,KOSDAQ,코스닥,자연과학 및 공학 연구개발업,마이크로바이옴 치료제 및 건강기능식품,2020-11-18,12월,서울특별시,False,False,,True
330860,네패스아크,KOSDAQ,코스닥,"그외 기타 전문, 과학 및 기술 서비스업",반도체 테스트 서비스,2020-11-17,12월,충청북도,False,False,,True
339770,교촌에프앤비,KOSPI,유가,음·식료품 및 담배 도매업,치킨 프랜차이즈,2020-11-12,12월,경기도,False,False,,True
290690,소룩스,KOSDAQ,코스닥,전구 및 조명장치 제조업,"실내등(형광등, LED등), 실외등, 특수등",2020-11-06,12월,충청남도,False,False,,True
348350,위드텍,KOSDAQ,코스닥,"측정, 시험, 항해, 제어 및 기타 정밀기기 제조업; 광학기기 제외","AMCs 모니터링 시스템, 공정 프로세스 모니터링 시스템, TMS",2020-10-30,12월,대전광역시,False,False,,True
347000,센코,KOSDAQ,코스닥,"측정, 시험, 항해, 제어 및 기타 정밀기기 제조업; 광학기기 제외","가스센서 및 모듈, 휴대용 및 고정형 가스검지기, 악취 & 미세먼지 모니터링 시스템",2020-10-29,12월,경기도,False,False,,True
301300,바이브컴퍼니,KOSDAQ,코스닥,소프트웨어 개발 및 공급업,"소셜 빅데이터 기반 인공지능 서비스 (소셜메트릭스), 문제 해결 솔루션 (AI Solver)",2020-10-28,12월,서울특별시,False,False,,True
122830,원포유,KONEX,코넥스,소프트웨어 개발 및 공급업,"비대면서비스플랫폼, 인공지능",2020-10-23,12월,서울특별시,False,False,,True
214610,롤링스톤,KOSDAQ,코스닥,의료용 기기 제조업,체외진단용 의료기기,2020-10-22,12월,경기도,False,False,,True
304840,피플바이오,KOSDAQ,코스닥,의료용품 및 기타 의약 관련제품 제조업,올리고머화 베타-아밀로이드 검사제품(알츠하이머병 진단),2020-10-19,12월,경기도,False,False,,True
352820,하이브,KOSPI,유가,오디오물 출판 및 원판 녹음업,"음악 기획/제작, 퍼블리싱, 아티스트 매니지먼트",2020-10-15,12월,서울특별시,False,False,,True
348210,넥스틴,KOSDAQ,코스닥,특수 목적용 기계 제조업,반도체 전공정용 패턴결함 검사장비(AEGIS 등),2020-10-08,12월,경기도,False,False,,True
053080,케이엔솔,KOSDAQ,코스닥,일반 목적용 기계 제조업,클린룸 설비,2020-09-24,12월,충청북도,False,False,,True
126340,비나텍,KOSDAQ,코스닥,일차전지 및 이차전지 제조업,초고용량 커패시터(슈퍼커패시터),2020-09-23,12월,전북특별자치도,False,False,,True
359090,씨엔알리서치,KOSDAQ,코스닥,"그외 기타 전문, 과학 및 기술 서비스업",금융 지원 서비스,2020-09-23,12월,서울특별시,False,False,,True
323990,박셀바이오,KOSDAQ,코스닥,자연과학 및 공학 연구개발업,"항암면역세포치료제(자연살해세포, 수지상세포, CAR-T 및 인터루킨 기반 항암제)",2020-09-22,12월,전라남도,False,False,,True
363280,티와이홀딩스,KOSPI,유가,기타 금융업,지주사업,2020-09-22,12월,서울특별시,True,True,금융,True
318410,비비씨,KOSDAQ,코스닥,기타 화학제품 제조업,덴탈 케어용 소재(테이퍼모 등),2020-09-21,12월,대전광역시,False,False,,True
355150,코스텍시스,KOSDAQ,코스닥,반도체 제조업,RF PKG. Spacer,2020-09-18,12월,인천광역시,False,False,,True
347770,핌스,KOSDAQ,코스닥,전자부품 제조업,OLED Metal Mask,2020-09-18,12월,인천광역시,False,False,,True
291650,압타머사이언스,KOSDAQ,코스닥,자연과학 및 공학 연구개발업,압타머기반 신약개발 및 진단제품 개발,2020-09-16,12월,경기도,False,False,,True
294090,이오플로우,KOSDAQ,코스닥,의료용 기기 제조업,웨어러블 인슐린펌프,2020-09-14,12월,경기도,False,False,,True
293490,카카오게임즈,KOSDAQ,코스닥,소프트웨어 개발 및 공급업,"모바일, PC게임 퍼블리싱",2020-09-10,12월,경기도,False,False,,True
347740,피엔케이피부임상연구센타,KOSDAQ,코스닥,"그외 기타 전문, 과학 및 기술 서비스업",피부인체적용시험,2020-09-09,12월,서울특별시,False,False,,True
357120,코람코라이프인프라리츠,KOSPI,유가,부동산 임대 및 공급업,부동산 투자 및 관리,2020-08-31,11월,서울특별시,False,True,부동산,True
332370,아이디피,KOSDAQ,코스닥,컴퓨터 및 주변장치 제조업,"카드인쇄용 프린터, 카드인쇄용 리본",2020-08-24,12월,서울특별시,False,False,,True
331920,셀레믹스,KOSDAQ,코스닥,기초 의약물질 제조업,타겟캡처키트,2020-08-21,12월,서울특별시,False,False,,True
950190,고스트스튜디오,KOSDAQ,코스닥,소프트웨어 개발 및 공급업,"캐주얼게임, 소셜카지노게임",2020-08-18,12월,홍콩,False,False,,True
337930,젝시믹스,KOSDAQ,코스닥,기타 정보 서비스업,"애슬레저의류, 생활/청결 용품",2020-08-13,12월,서울특별시,False,False,,True
060850,영림원소프트랩,KOSDAQ,코스닥,소프트웨어 개발 및 공급업,"ERP Package, 유지 관리 등",2020-08-12,12월,서울특별시,False,False,,True
032300,한국파마,KOSDAQ,코스닥,의약품 제조업,"완제의약품(정신신경계, 소화기계, 순환기계, 항생항균, 기타)",2020-08-10,12월,경기도,False,False,,True
348950,제이알글로벌리츠,KOSPI,유가,부동산 임대 및 공급업,벨기에 파이낸스 타워,2020-08-07,06월,서울특별시,False,True,부동산,True
357780,솔브레인,KOSDAQ,코스닥,기타 화학제품 제조업,반도체 및 디스플레이 관련 화학재료 제조ㆍ판매 등,2020-08-06,12월,경기도,False,False,,True
357250,미래에셋맵스리츠,KOSPI,유가,부동산 임대 및 공급업,부동산 임대업,2020-08-05,11월,서울특별시,False,True,부동산,True
350520,이지스레지던스리츠,KOSPI,유가,부동산 임대 및 공급업,"부동산투자, 취득, 매매, 임대",2020-08-05,06월,서울특별시,False,True,부동산,True
332570,PS일렉트로닉스,KOSDAQ,코스닥,전자부품 제조업,전력증폭기 모듈(PAM),2020-07-31,12월,경기도,False,False,,True
101360,에코앤드림,KOSDAQ,코스닥,일차전지 및 이차전지 제조업,배출가스 저감용 촉매 및 이차전지 양극활물질 전구체,2020-07-30,12월,충청북도,False,False,,True
347890,엠엑스온,KOSDAQ,코스닥,"측정, 시험, 항해, 제어 및 기타 정밀기기 제조업; 광학기기 제외","스마트HMI, 스마트SCADA, 스마트팩토리솔루션",2020-07-29,12월,경기도,False,False,,True
298540,더네이쳐홀딩스,KOSDAQ,코스닥,의복 액세서리 제조업,"의류, 여행용 가방 및 잡화류",2020-07-27,12월,서울특별시,False,False,,True
225220,제놀루션,KOSDAQ,코스닥,기초 의약물질 제조업,"핵산추출기기 및 시약, RNAi 사업 등",2020-07-24,12월,서울특별시,False,False,,True
304100,솔트룩스,KOSDAQ,코스닥,소프트웨어 개발 및 공급업,인공지능 및 빅데이터 소프트웨어,2020-07-23,12월,서울특별시,False,False,,True
266470,바이오인프라생명과학,KONEX,코넥스,자연과학 및 공학 연구개발업,I-FINDER(바이오마커 진단),2020-07-22,12월,서울특별시,False,False,,True
277880,티에스아이,KOSDAQ,코스닥,특수 목적용 기계 제조업,"2차전지 장비(믹싱시스템, 믹싱제작품, 믹싱 공사, 코터건조시스템)",2020-07-22,12월,경기도,False,False,,True
262260,에이프로,KOSDAQ,코스닥,기타 전기장비 제조업,"2차전지 장비 등(일반충방전기, 고온가압 충방전기 등)",2020-07-16,12월,경기도,False,False,,True
334890,이지스밸류플러스리츠,KOSPI,유가,부동산 임대 및 공급업,"부동산투자, 취득, 매매, 임대",2020-07-16,08월,서울특별시,False,True,부동산,True
950200,소마젠,KOSDAQ,코스닥,"그외 기타 전문, 과학 및 기술 서비스업","유전체 분석 서비스 (NGS, CES 등)",2020-07-13,12월,미국,False,False,,True
290520,신도기연,KOSDAQ,코스닥,특수 목적용 기계 제조업,"OLED용 후공정장비(라미네이터, 오토클레이브 등)",2020-07-06,12월,경기도,False,False,,True
330350,위더스제약,KOSDAQ,코스닥,의약품 제조업,의약품 제조 및 도소매(순환기용제 등),2020-07-03,12월,서울특별시,False,False,,True
326030,에스케이바이오팜,KOSPI,유가,자연과학 및 공학 연구개발업,신경질환 및 정신질환을 포함한 중추신경 관련 신약 개발,2020-07-02,12월,경기도,False,False,,True
169330,엠브레인,KOSDAQ,코스닥,시장조사 및 여론조사업,온라인 및 오프라인 리서치,2020-07-01,06월,서울특별시,False,False,,True
229000,젠큐릭스,KOSDAQ,코스닥,의료용품 및 기타 의약 관련제품 제조업,유방암 예후진단 및 폐암/대장암 동반진단 제품/검사서비스,2020-06-25,12월,서울특별시,False,False,,True
322970,무진메디,KONEX,코넥스,자연과학 및 공학 연구개발업,"NANO-MEDICINE 전문회사,LNP(지질나노입자)를 이용한 원료 소재 및 개량/신약 개발",2020-06-24,12월,경기도,False,False,,True
297890,HB솔루션,KOSDAQ,코스닥,특수 목적용 기계 제조업,"디스플레이 제조용 장비(도포기, 조립기, 검사기)",2020-06-22,12월,세종특별자치시,False,False,,True
351320,넥사다이내믹스,KOSDAQ,코스닥,특수 목적용 기계 제조업,기업인수목적회사,2020-06-22,12월,경기도,False,False,,True
298060,풍전약품,KOSDAQ,코스닥,의약품 제조업,세포치료제,2020-06-17,12월,인천광역시,False,False,,True
353190,휴럼,KOSDAQ,코스닥,기타 식품 제조업,금융지원 서비스,2020-06-17,12월,서울특별시,False,False,,True
353810,이지바이오,KOSDAQ,코스닥,동물용 사료 및 조제식품 제조업,"자돈사료, 사료첨가제",2020-06-05,12월,서울특별시,False,False,,True
223250,드림씨아이에스,KOSDAQ,코스닥,자연과학 및 공학 연구개발업,시판후조사대행(rPMS),2020-05-22,12월,서울특별시,False,False,,True
353200,대덕전자,KOSPI,유가,전자부품 제조업,"PCB(Printed Circuit Board, 인쇄회로기판)의 제조 및 판매",2020-05-21,12월,경기도,False,False,,True
198080,캐프,KOSDAQ,코스닥,전자부품 제조업,스마트폰 OLED용 FPCA,2020-03-16,12월,경기도,False,False,,True
237820,플레이디,KOSDAQ,코스닥,광고업,온라인 광고 대행,2020-03-12,12월,경기도,False,False,,True
092190,서울바이오시스,KOSDAQ,코스닥,반도체 제조업,"Visible LED, UV LED",2020-03-06,12월,경기도,False,False,,True
204270,제이앤티씨,KOSDAQ,코스닥,전자부품 제조업,"강화유리, 커넥터",2020-03-04,12월,경기도,False,False,,True
274090,켄코아에어로스페이스,KOSDAQ,코스닥,"항공기,우주선 및 부품 제조업",항공가공품 및 조립품,2020-03-03,12월,경상남도,False,False,,True
294140,레몬,KOSDAQ,코스닥,화학섬유 제조업,"EMI Shield Can, 나노멤브레인 등",2020-02-28,12월,경상북도,False,False,,True
294630,서남,KOSDAQ,코스닥,기타 전기장비 제조업,고온초전도선재,2020-02-20,12월,경기도,False,False,,True
065370,위세아이텍,KOSDAQ,코스닥,소프트웨어 개발 및 공급업,"빅데이터분석, 인공지능, 데이터품질관리 솔루션",2020-02-10,12월,경기도,False,False,,True
344820,케이씨씨글라스,KOSPI,유가,유리 및 유리제품 제조업,판유리 등,2020-01-21,12월,서울특별시,False,False,,True
340440,세림B&G,KOSDAQ,코스닥,플라스틱제품 제조업,기업인수,2019-12-27,12월,경기도,False,False,,True
311690,CJ 바이오사이언스,KOSDAQ,코스닥,자연과학 및 공학 연구개발업,"생명정보 플랫폼, 마이크로바이옴 분석 서비스",2019-12-26,12월,서울특별시,False,False,,True
062970,한국첨단소재,KOSDAQ,코스닥,통신 및 방송 장비 제조업,"데이터센터용 AWG, 통신용 AWG, 스플리터, 계측기 등",2019-12-26,12월,광주광역시,False,False,,True
327260,RF머트리얼즈,KOSDAQ,코스닥,전자부품 제조업,"광통신, RF통신용 패키지",2019-12-24,12월,경기도,False,False,,True
339950,아이비김영,KOSDAQ,코스닥,일반 교습 학원,"오프라인 학원, 온라인강의",2019-12-24,12월,서울특별시,False,False,,True
288330,파라택시스코리아,KOSDAQ,코스닥,"그외 기타 전문, 과학 및 기술 서비스업","펠리노-1 단백질 저해제, 오토택신 저해제",2019-12-20,12월,경기도,False,False,,True
340360,다보링크,KOSDAQ,코스닥,통신 및 방송 장비 제조업,"AP, APController 외",2019-12-19,12월,경기도,False,False,,True
235980,메드팩토,KOSDAQ,코스닥,자연과학 및 공학 연구개발업,항암제 신약개발,2019-12-19,12월,서울특별시,False,False,,True
336570,원텍,KOSDAQ,코스닥,의료용 기기 제조업,기업 인수 및 합병,2019-12-19,12월,대전광역시,False,False,,True
226330,신테카바이오,KOSDAQ,코스닥,소프트웨어 개발 및 공급업,유전체 빅데이터 기반의 AI신약개발 및 정밀의료서비스,2019-12-17,12월,대전광역시,False,False,,True
322510,제이엘케이,KOSDAQ,코스닥,소프트웨어 개발 및 공급업,"인공지능 기반 의료영상 진단 플랫폼, 인공지능 기반 산업용 X-ray 판독시스템",2019-12-11,12월,충청북도,False,False,,True
124560,태웅로직스,KOSDAQ,코스닥,기타 운송관련 서비스업,"3자물류주선 (복합운송, 프로젝트운송, CIS운송 등)",2019-12-10,12월,서울특별시,False,False,,True
335870,윙스풋,KOSDAQ,코스닥,"섬유, 의복, 신발 및 가죽제품 소매업",신발 매입 및 공급,2019-12-09,12월,서울특별시,False,False,,True
317860,노드메이슨,KONEX,코넥스,기타 화학제품 제조업,헉슬리/Huxley 화장품(스킨케어 스페셜/스킨케어베이직),2019-12-06,12월,서울특별시,False,False,,True
302550,리메드,KOSDAQ,코스닥,의료용 기기 제조업,자기장 치료기기,2019-12-06,12월,충청북도,False,False,,True
338100,NH프라임리츠,KOSPI,유가,부동산 임대 및 공급업,부동산 투자,2019-12-05,11월,서울특별시,False,True,부동산,True
336040,타스컴,KONEX,코넥스,의료용 기기 제조업,현장진단 혈액분석기,2019-12-02,12월,경기도,False,False,,True
250030,진코스텍,KONEX,코넥스,기타 화학제품 제조업,"마스크팩 ODM/OEM, 하이드로겔 마스크팩",2019-11-29,12월,경기도,False,False,,True
336060,웨이버스,KOSDAQ,코스닥,소프트웨어 개발 및 공급업,금융 지원 서비스,2019-11-28,12월,서울특별시,False,False,,True
337840,유엑스엔,KONEX,코넥스,의료용 기기 제조업,"혈당센서, 혈당측정기",2019-11-28,12월,경기도,False,False,,True
278650,HLB바이오스텝,KOSDAQ,코스닥,자연과학 및 공학 연구개발업,비임상실험 유효성(약리)평가,2019-11-27,12월,인천광역시,False,False,,True
308170,씨티알모빌리티,KOSPI,유가,자동차 신품 부품 제조업,"이너레이스, 오디 클러치보스, 로터샤프트, 슬리브기어, 컨트롤 암, 엑슬",2019-11-25,12월,울산광역시,False,False,,True
321550,티움바이오,KOSDAQ,코스닥,자연과학 및 공학 연구개발업,"특발성폐섬유증 치료제, 면역항암제, 자궁내막증치료제, 혈우병치료제",2019-11-22,12월,경기도,False,False,,True
297090,씨에스베어링,KOSDAQ,코스닥,일반 목적용 기계 제조업,"풍력용 선회베어링, 산업용 선회베어링",2019-11-21,12월,서울특별시,False,False,,True
103840,우양,KOSDAQ,코스닥,"과실, 채소 가공 및 저장 처리업","HMR, 음료 베이스, 퓨레 등",2019-11-20,12월,충청남도,False,False,,True
190650,코리아에셋투자증권,KOSDAQ,코스닥,금융 지원 서비스업,"IB금융자문, 채권인수 및 매매, 투자중개, 펀드운용 등",2019-11-20,03월,서울특별시,True,True,금융,True
322000,HD현대에너지솔루션,KOSPI,유가,반도체 제조업,"태양광 셀·모듈, PV시스템, ESS",2019-11-19,12월,경기도,False,False,,True
306040,에스제이그룹,KOSDAQ,코스닥,"가죽, 가방 및 유사제품 제조업","캉골 가방/모자, 헬렌카민스키 모자",2019-11-18,12월,서울특별시,False,False,,True
216080,제테마,KOSDAQ,코스닥,의료용품 및 기타 의약 관련제품 제조업,"히알루론산 필러(조직수복용생체재료), 피부과용 레이저 의료기기, 리프팅실 등",2019-11-14,12월,강원특별자치도,False,False,,True
272210,한화시스템,KOSPI,유가,전자부품 제조업,"정밀기기(육해공군관련전자제어시스템,열영상감시장비,탐지추적장치,전투지휘체계시스템) 제조",2019-11-13,12월,경상북도,False,False,,True
214260,라파스,KOSDAQ,코스닥,기타 화학제품 제조업,"마이크로니들 패치 제품(의약품패치, 의료기기패치, 미용패치 등)",2019-11-11,12월,서울특별시,False,False,,True
084850,아이티엠반도체,KOSDAQ,코스닥,전자부품 제조업,배터리 보호회로,2019-11-07,12월,충청북도,False,False,,True
333430,일승,KOSDAQ,코스닥,선박 및 보트 건조업,환경장비,2019-11-06,12월,부산광역시,False,False,,True
317400,자이에스앤디,KOSPI,유가,부동산 임대 및 공급업,"부동산 관리, 정보통신 공사, 아파트 AS 및 옵션 제품 공급, 건축물 시공 및 분양",2019-11-06,12월,서울특별시,False,True,부동산,True
279600,미디어젠,KOSDAQ,코스닥,소프트웨어 개발 및 공급업,음성인식 소프트웨어 기술개발,2019-11-05,12월,경기도,False,False,,True
322180,LS티라유텍,KOSDAQ,코스닥,소프트웨어 개발 및 공급업,스마트팩토리 솔루션,2019-10-31,12월,서울특별시,False,False,,True
333050,이노테나,KOSDAQ,코스닥,소프트웨어 개발 및 공급업,"연계솔루션, 보안솔루션, APM솔루션",2019-10-31,12월,서울특별시,False,False,,True
330590,롯데리츠,KOSPI,유가,부동산 임대 및 공급업,부동산투자,2019-10-30,06월,서울특별시,False,True,부동산,True
013890,지누스,KOSPI,유가,가구 제조업,매트리스 및 가구제품,2019-10-30,12월,경기도,False,False,,True
331520,밸로프,KOSDAQ,코스닥,소프트웨어 개발 및 공급업,기업인수합병,2019-10-29,12월,서울특별시,False,False,,True
317530,에피소드컴퍼니,KOSDAQ,코스닥,"영화, 비디오물, 방송프로그램 제작 및 배급업","영상 콘텐츠(30.05%), 공연(29.76%), 키즈카페(17.38%), 커머스(12.77%), 라이선스 및 기타(10.04%)",2019-10-29,12월,서울특별시,False,False,,True
331660,한국미라클피플사,KONEX,코넥스,기타 화학제품 제조업,"은나노스텝, 닥터오렌지 등",2019-10-28,12월,경기도,False,False,,True
272110,케이엔제이,KOSDAQ,코스닥,반도체 제조업,"Edge Grinder, CVD-SiC Ring",2019-10-25,12월,충청남도,False,False,,True
317870,엔바이오니아,KOSDAQ,코스닥,그외 기타 제품 제조업,양전하필터(정수기),2019-10-24,12월,충청북도,False,False,,True
318010,팜스빌,KOSDAQ,코스닥,기타 식품 제조업,다이어트 제품 및 건강기능 관련 제품,2019-10-22,12월,서울특별시,False,False,,True
336260,두산퓨얼셀,KOSPI,유가,"전동기, 발전기 및 전기 변환 · 공급 · 제어 장치 제조업",연료전지,2019-10-18,12월,전북특별자치도,False,False,,True
300120,라온피플,KOSDAQ,코스닥,소프트웨어 개발 및 공급업,"카메라 모듈 검사기, AI 머신비전, 골프센서",2019-10-18,12월,경기도,False,False,,True
336370,솔루스첨단소재,KOSPI,유가,전자부품 제조업,"동박, 유압기기 등",2019-10-18,12월,전북특별자치도,False,False,,True
036420,콘텐트리중앙,KOSPI,유가,"영화, 비디오물, 방송프로그램 제작 및 배급업","영화 및 방송프로그램 제작, 유통, 광고",2019-10-18,12월,서울특별시,False,False,,True
158430,아톤,KOSDAQ,코스닥,소프트웨어 개발 및 공급업,"모바일금융솔루션, mOTP 개발",2019-10-17,12월,서울특별시,False,False,,True
234690,녹십자웰빙,KOSDAQ,코스닥,의약품 제조업,"전문의약품, 건강기능식품",2019-10-14,12월,서울특별시,False,False,,True
332290,누보,KOSDAQ,코스닥,"비료, 농약 및 살균, 살충제 제조업",기업 인수 및 합병,2019-10-11,12월,경기도,False,False,,True
331380,포커스에이아이,KOSDAQ,코스닥,영상 및 음향기기 제조업,영상저장장치 및 카메라,2019-10-02,12월,경기도,False,False,,True
093510,엔지브이아이,KONEX,코넥스,자동차 신품 부품 제조업,천연가스자동차용 연료저장장치 등,2019-09-30,12월,강원특별자치도,False,False,,True
244460,올리패스,KOSDAQ,코스닥,기초 의약물질 제조업,인공유전자 플랫폼(OliPass PNA) 기술을 활용한 RNA치료제 신약개발,2019-09-20,12월,경기도,False,False,,True
317120,라닉스,KOSDAQ,코스닥,반도체 제조업,"자동차 및 IoT 통신, 보안솔루션",2019-09-18,12월,서울특별시,False,False,,True
320000,한울반도체,KOSDAQ,코스닥,특수 목적용 기계 제조업,비전검사장비,2019-09-18,12월,경기도,False,False,,True
256150,한독크린텍,KOSDAQ,코스닥,일반 목적용 기계 제조업,정수기 필터,2019-09-05,12월,대전광역시,False,False,,True
311390,네오크레마,KOSDAQ,코스닥,기타 식품 제조업,기능성 식품 원료,2019-08-22,12월,서울특별시,False,False,,True
195500,마니커에프앤지,KOSDAQ,코스닥,"도축, 육류 가공 및 저장 처리업","육가공품, 튀김류, 패티류, 삼계탕 등",2019-08-20,12월,경기도,False,False,,True
328380,솔트웨어,KOSDAQ,코스닥,"컴퓨터 프로그래밍, 시스템 통합 및 관리업",enView,2019-08-20,12월,경기도,False,False,,True
286750,나노실리칸첨단소재,KOSDAQ,코스닥,기초 화학물질 제조업,"보안응용제품(M-tag 및 M-pac), 보안소재제품(M-secuprint)",2019-08-19,12월,경기도,False,False,,True
317830,에스피시스템스,KOSDAQ,코스닥,특수 목적용 기계 제조업,산업용 갠트리 로봇,2019-08-14,12월,경상남도,False,False,,True
228670,레이,KOSDAQ,코스닥,의료용 기기 제조업,"디지털 치료솔루션(CT scan 장비, 3D 프린터), 디지털 진단시스템(X-ray, CT 등)",2019-08-08,12월,경기도,False,False,,True
186230,그린플러스,KOSDAQ,코스닥,1차 비철금속 제조업,"첨단유리온실, 온실용자재설치공사, 알루미늄 압출/가공제품",2019-08-07,12월,충청남도,False,False,,True
282880,코윈테크,KOSDAQ,코스닥,특수 목적용 기계 제조업,"공정자동화설비(2차전지,석유화학,반도체,디스플레이)",2019-08-05,12월,충청남도,False,False,,True
317330,덕산테코피아,KOSDAQ,코스닥,기타 화학제품 제조업,"OLED 소재, 반도체 소재",2019-08-02,12월,충청남도,False,False,,True
318000,KBG,KOSDAQ,코스닥,합성고무 및 플라스틱 물질 제조업,"실리콘 소재(실란 모노머, 실리콘 레진&폴리머, 실리콘 융합소재)",2019-08-01,12월,충청남도,False,False,,True
317770,엑스페릭스,KOSDAQ,코스닥,전자부품 제조업,"지문인식 등록, 인증 기기 및 솔루션",2019-08-01,12월,경기도,False,False,,True
148150,세경하이테크,KOSDAQ,코스닥,전자부품 제조업,DECO Film 및 기타 TAPE 제조,2019-07-30,12월,경기도,False,False,,True
313760,캐리,KOSDAQ,코스닥,"전동기, 발전기 및 전기 변환 · 공급 · 제어 장치 제조업",태양광 인버터 등,2019-07-25,12월,경기도,False,False,,True
317850,대모,KOSDAQ,코스닥,특수 목적용 기계 제조업,"유압브레이커, 특수장비/부품, 퀵커플러 등",2019-07-24,12월,경기도,False,False,,True
241840,에이스토리,KOSDAQ,코스닥,"영화, 비디오물, 방송프로그램 제작 및 배급업",방송프로그램 제작,2019-07-19,12월,서울특별시,False,False,,True
300080,플리토,KOSDAQ,코스닥,"자료처리, 호스팅, 포털 및 기타 인터넷 정보매개 서비스업",언어 데이터 구축 및 판매,2019-07-17,12월,서울특별시,False,False,,True
234340,헥토파이낸셜,KOSDAQ,코스닥,금융 지원 서비스업,"가상계좌중계, 간편현금결제",2019-07-12,12월,서울특별시,True,True,금융,True
289010,아이스크림에듀,KOSDAQ,코스닥,"서적, 잡지 및 기타 인쇄물 출판업",아이스크림홈런,2019-07-11,12월,서울특별시,False,False,,True
327610,펨토바이오메드,KONEX,코넥스,의료용 기기 제조업,CellShot 플랫폼 / CellShot 기반 항암백신치료 제품군 / CellShot 기반 자가면역질환치료 제품군 / CellShot 기반 바이오의약품 생산세포주 제품군,2019-07-10,12월,경기도,False,False,,True
251970,펌텍코리아,KOSDAQ,코스닥,플라스틱제품 제조업,화장품 용기,2019-07-04,12월,인천광역시,False,False,,True
312610,에이에프더블류,KOSDAQ,코스닥,1차 비철금속 제조업,음극마찰용접단자,2019-07-01,12월,대구광역시,False,False,,True
323280,태성,KOSDAQ,코스닥,특수 목적용 기계 제조업,PCB 자동화 설비,2019-06-24,12월,경기도,False,False,,True
293780,압타바이오,KOSDAQ,코스닥,자연과학 및 공학 연구개발업,"용역매출, 유전자전달체, 압타머연구용시약",2019-06-12,12월,경기도,False,False,,True
308100,형지글로벌,KOSDAQ,코스닥,"섬유, 의복, 신발 및 가죽제품 소매업",골프의류 및 골프잡화,2019-06-10,12월,인천광역시,False,False,,True
305090,마이크로디지탈,KOSDAQ,코스닥,의료용 기기 제조업,"바이오 분석 시스템, 메디칼 자동화 시스템",2019-06-05,12월,경기도,False,False,,True
322780,코퍼스코리아,KOSDAQ,코스닥,"영화, 비디오물, 방송프로그램 제작 및 배급업",콘텐츠 배급 및 제작,2019-05-31,12월,서울특별시,False,False,,True
321260,프로이천,KOSDAQ,코스닥,반도체 제조업,반도체검사장치 Probe Card,2019-05-31,12월,경기도,False,False,,True
003670,포스코퓨처엠,KOSPI,유가,일차전지 및 이차전지 제조업,"내화물, 생석회, 음극재 및 양극재",2019-05-29,12월,경상북도,False,False,,True
253840,수젠텍,KOSDAQ,코스닥,의료용품 및 기타 의약 관련제품 제조업,체외진단 기기 및 시약,2019-05-28,12월,대전광역시,False,False,,True
307930,컴퍼니케이,KOSDAQ,코스닥,기타 금융업,중소 벤처기업 투자,2019-05-23,12월,서울특별시,True,True,금융,True
319660,피에스케이,KOSDAQ,코스닥,특수 목적용 기계 제조업,"드라이스트립, 드라이클리닝",2019-05-10,12월,경기도,False,False,,True
319400,현대무벡스,KOSDAQ,코스닥,일반 목적용 기계 제조업,"물류자동화, IT서비스",2019-05-08,12월,서울특별시,False,False,,True
317240,TS트릴리온,KOSDAQ,코스닥,기타 화학제품 제조업,기업인수합병,2019-04-29,12월,서울특별시,False,False,,True
279060,이노벡스,KONEX,코넥스,"측정, 시험, 항해, 제어 및 기타 정밀기기 제조업; 광학기기 제외","2차전지활성화공정장비, TAS(지하철터널내영상광고장치), WING TV(회전식 LED바를 이용한 영상광고장치)",2019-04-12,12월,경기도,False,False,,True
125210,아모그린텍,KOSDAQ,코스닥,전자부품 제조업,비정질 및 나노결정립을 이용한 자성부품 및 전류센서,2019-03-29,12월,경기도,False,False,,True
307950,현대오토에버,KOSPI,유가,소프트웨어 개발 및 공급업,"차량SW, 내비게이션, 스마트팩토리, AI·클라우드 기반 솔루션, 디지털 전환 컨설팅 및 IT서비스",2019-03-28,12월,서울특별시,False,False,,True
228760,지노믹트리,KOSDAQ,코스닥,자연과학 및 공학 연구개발업,암 조기진단 제품,2019-03-27,12월,대전광역시,False,False,,True
099750,이지케어텍,KOSDAQ,코스닥,소프트웨어 개발 및 공급업,의료정보시스템,2019-03-22,03월,서울특별시,False,False,,True
100790,미래에셋벤처투자,KOSDAQ,코스닥,기타 금융업,중소기업 창업투자 관련 고유계정/투자조합 관련 수익,2019-03-15,12월,경기도,True,True,금융,True
192650,드림텍,KOSPI,유가,전자부품 제조업,"모바일 PBA, 지문인식 모듈, 전장 LED 모듈 등",2019-03-14,12월,경기도,False,False,,True
192080,더블유게임즈,KOSPI,유가,소프트웨어 개발 및 공급업,모바일게임,2019-03-12,12월,서울특별시,False,False,,True
247540,에코프로비엠,KOSDAQ,코스닥,일차전지 및 이차전지 제조업,양극활물질,2019-03-05,12월,충청북도,False,False,,True
299660,셀리드,KOSDAQ,코스닥,자연과학 및 공학 연구개발업,항암면역치료백신,2019-02-20,12월,서울특별시,False,False,,True
316140,우리금융지주,KOSPI,유가,기타 금융업,금융지주,2019-02-13,12월,서울특별시,True,True,금융,True
278280,천보,KOSDAQ,코스닥,기초 화학물질 제조업,"디스플레이 소재, 반도체 공정 소재, 2차전지 소재, 의약품 소재, 정밀화학 소재",2019-02-11,12월,충청북도,False,False,,True
246960,SCL사이언스,KOSDAQ,코스닥,의료용품 및 기타 의약 관련제품 제조업,"의료용지혈제, 밀폐제 및 접착제",2019-02-01,12월,서울특별시,False,False,,True
104620,노랑풍선,KOSDAQ,코스닥,여행사 및 기타 여행보조 서비스업,"국내외여행 알선, 항공권 판매",2019-01-30,12월,서울특별시,False,False,,True
053580,웹케시,KOSDAQ,코스닥,소프트웨어 개발 및 공급업,"에스이알피, 브랜치, 인하우스",2019-01-25,12월,서울특별시,False,False,,True
311060,엘에이티,KONEX,코넥스,특수 목적용 기계 제조업,"In-Line Sputter, OLED 패널 청정물류 이송 장비 등",2018-12-28,12월,경기도,False,False,,True
298690,에어부산,KOSPI,유가,항공 여객 운송업,항공 여객 및 화물 운송,2018-12-27,12월,부산광역시,False,False,,True
238200,비피도,KOSDAQ,코스닥,기타 식품 제조업,프로바이오틱스 관련 완제품 및 균주 원말 등,2018-12-26,12월,강원특별자치도,False,False,,True
263050,유틸렉스,KOSDAQ,코스닥,기초 의약물질 제조업,"면역항암 세포치료제, 면역항암 항체치료제",2018-12-24,12월,서울특별시,False,False,,True
290550,디케이티,KOSDAQ,코스닥,전자부품 제조업,스마트폰용 FPCA,2018-12-21,12월,인천광역시,False,False,,True
307180,아이엘,KOSDAQ,코스닥,전구 및 조명장치 제조업,LED용 실리콘렌즈 외,2018-12-21,12월,충청남도,False,False,,True
310200,애니플러스,KOSDAQ,코스닥,"영화, 비디오물, 방송프로그램 제작 및 배급업",방송통신사업,2018-12-21,12월,서울특별시,False,False,,True
310870,디와이씨,KOSDAQ,코스닥,자동차 신품 부품 제조업,자동차 부품,2018-12-20,12월,경상북도,False,False,,True
299900,위지윅스튜디오,KOSDAQ,코스닥,"영화, 비디오물, 방송프로그램 제작 및 배급업","VFX, 뉴미디어 등 특수영상 컨텐츠 제작",2018-12-20,12월,서울특별시,False,False,,True
309930,조이웍스앤코,KOSDAQ,코스닥,기타 생활용품 소매업,기업인수합병,2018-12-20,12월,서울특별시,False,False,,True
307750,국전,KOSDAQ,코스닥,의약품 제조업,기업 인수 및 합병,2018-12-19,12월,경기도,False,False,,True
298380,에이비엘바이오,KOSDAQ,코스닥,기초 의약물질 제조업,항체의약품 연구개발,2018-12-19,12월,서울특별시,False,False,,True
100590,머큐리,KOSDAQ,코스닥,통신 및 방송 장비 제조업,"AP 단말기, 광섬유 및 광케이블, 위성통신 전송장비",2018-12-14,12월,인천광역시,False,False,,True
110020,전진바이오팜,KOSDAQ,코스닥,기타 화학제품 제조업,"방충방향제, 유해동물피해감소제, 기생충피해감소제",2018-12-14,12월,대구광역시,False,False,,True
270870,뉴트리,KOSDAQ,코스닥,기타 식품 제조업,"에버콜라겐, 지노마스터 등",2018-12-13,12월,서울특별시,False,False,,True
307870,비투엔,KOSDAQ,코스닥,소프트웨어 개발 및 공급업,"데이터컨설팅, 품질관리 솔루션",2018-12-12,12월,서울특별시,False,False,,True
302430,이노메트리,KOSDAQ,코스닥,특수 목적용 기계 제조업,엑스레이검사 장비,2018-12-12,12월,경기도,False,False,,True
290120,DH오토리드,KOSDAQ,코스닥,자동차 신품 부품 제조업,자동차 스티어링휠,2018-12-07,12월,전북특별자치도,False,False,,True
128540,에코캡,KOSDAQ,코스닥,자동차 신품 부품 제조업,"자동차 부품(전선, 케이블, 벌브소켓, LED 등)",2018-12-05,12월,울산광역시,False,False,,True
307280,원바이오젠,KOSDAQ,코스닥,의료용품 및 기타 의약 관련제품 제조업,"창상피복제, 습윤드레싱제",2018-12-05,12월,경상북도,False,False,,True
900340,윙입푸드,KOSDAQ,코스닥,기타 금융업,육가공 제품,2018-11-30,12월,홍콩,True,True,금융,True
111710,남화산업,KOSDAQ,코스닥,스포츠 서비스업,골프장 서비스,2018-11-29,12월,전라남도,False,False,,True
179290,엠아이텍,KOSDAQ,코스닥,의료용 기기 제조업,비혈관 스텐트 및 체외충격파 쇄석기,2018-11-29,12월,경기도,False,False,,True
117730,티로보틱스,KOSDAQ,코스닥,특수 목적용 기계 제조업,"중대형 시스템, 중대형 로봇",2018-11-29,12월,경기도,False,False,,True
290660,다이나믹솔루션,KOSDAQ,코스닥,의료용 기기 제조업,라파엘스마트글러브 외,2018-11-28,12월,경기도,False,False,,True
207490,에이펙스인텍,KONEX,코넥스,전구 및 조명장치 제조업,LED조명장치 등,2018-11-28,12월,경상북도,False,False,,True
246710,티앤알바이오팹,KOSDAQ,코스닥,기초 의약물질 제조업,"생분해성 의료기기, 3D 바이오프린팅 시스템, 바이오잉크, 3D 오가노이드, 3D 세포치료제",2018-11-28,12월,경기도,False,False,,True
267850,아시아나IDT,KOSPI,유가,"컴퓨터 프로그래밍, 시스템 통합 및 관리업","IT 서비스, IT 솔루션",2018-11-23,12월,서울특별시,False,False,,True
263690,디알젬,KOSDAQ,코스닥,의료용 기기 제조업,"진단용 엑스선 촬영장치 및 부분품, X-ray 제너레이터 외",2018-11-22,12월,경기도,False,False,,True
217330,싸이토젠,KOSDAQ,코스닥,자연과학 및 공학 연구개발업,CTC 기반 Liquid Biopsy 응용사업 및 플랫폼,2018-11-22,12월,경기도,False,False,,True
027360,아주IB투자,KOSDAQ,코스닥,기타 금융업,,2018-11-21,12월,서울특별시,True,True,금융,True
263020,디케이앤디,KOSDAQ,코스닥,플라스틱제품 제조업,합성피혁 및 부직포,2018-11-20,12월,경기도,False,False,,True
227100,프로브잇,KOSDAQ,코스닥,부동산 관련 서비스업,스마트 액세서리(보조배터리 등),2018-11-15,12월,서울특별시,False,True,부동산,True
194700,노바렉스,KOSDAQ,코스닥,기타 식품 제조업,건강기능식품 제조,2018-11-14,12월,충청북도,False,False,,True
290670,대보마그네틱,KOSDAQ,코스닥,기타 전기장비 제조업,"전자석탈철기, 자력선별기",2018-11-06,12월,경기도,False,False,,True
285490,노바텍,KOSDAQ,코스닥,그외 기타 제품 제조업,"Magnet, Shield Magnet, 심재",2018-11-02,12월,경기도,False,False,,True
290650,엘앤씨바이오,KOSDAQ,코스닥,의약품 제조업,"인체조직(피부, 뼈, 연골)",2018-11-01,12월,경기도,False,False,,True
306620,지아이에스,KOSDAQ,코스닥,특수 목적용 기계 제조업,기업인수합병,2018-10-31,12월,경기도,False,False,,True
108490,로보티즈,KOSDAQ,코스닥,특수 목적용 기계 제조업,"솔루션(로봇 엑츄에이터 모듈과 구동 소프트웨어), 에듀테인먼트 로봇, 로봇 플랫폼",2018-10-26,12월,서울특별시,False,False,,True
153710,옵티팜,KOSDAQ,코스닥,의료용품 및 기타 의약 관련제품 제조업,"옵티케어,메디피그 등",2018-10-26,12월,충청북도,False,False,,True
288620,에스프리즘,KOSDAQ,코스닥,"전동기, 발전기 및 전기 변환 · 공급 · 제어 장치 제조업","건물용 연료전지, 발전용 연료전지",2018-10-15,12월,서울특별시,False,False,,True
306200,세아제강,KOSPI,유가,1차 철강 제조업,강관,2018-10-05,12월,서울특별시,False,False,,True
293580,나우IB,KOSDAQ,코스닥,기타 금융업,"투자조합, PEF 결성 및 투자",2018-10-04,12월,서울특별시,True,True,금융,True
290720,푸드나무,KOSDAQ,코스닥,무점포 소매업,,2018-10-04,12월,서울특별시,False,False,,True
293480,하나제약,KOSPI,유가,의약품 제조업,완제의약품,2018-10-02,12월,경기도,False,False,,True
110790,크리스에프앤씨,KOSDAQ,코스닥,봉제의복 제조업,골프웨어,2018-10-01,12월,서울특별시,False,False,,True
299170,더블유에스아이,KOSDAQ,코스닥,생활용품 도매업,"의약품, 의료기기 도소매",2018-09-21,12월,서울특별시,False,False,,True
219750,한국비티비,KOSDAQ,코스닥,의료용 기기 제조업,의료기기 및 미용기기,2018-09-21,12월,경기도,False,False,,True
010400,우진아이엔에스,KOSPI,유가,건물설비 설치 공사업,반도체/디스플레이 코팅덕트,2018-09-14,12월,서울특별시,False,False,,True
291230,엔피,KOSDAQ,코스닥,기타 사업지원 서비스업,"브랜드 익스피어리언스, XR 콘텐츠, 메타버스",2018-09-13,12월,서울특별시,False,False,,True
257370,피엔티엠에스,KOSDAQ,코스닥,특수 목적용 기계 제조업,"2차전지 분리막 제조설비, 디스플레이용 생산설비",2018-09-13,12월,대구광역시,False,False,,True
140610,엔솔바이오사이언스,KONEX,코넥스,자연과학 및 공학 연구개발업,"퇴행성디스크 치료제, 골관절염 치료제, 동물용 골관절염 치료제",2018-09-10,12월,대전광역시,False,False,,True
197140,디지캡,KOSDAQ,코스닥,소프트웨어 개발 및 공급업,"보호솔루션, 방송서비스솔루션 등",2018-09-07,12월,서울특별시,False,False,,True
303030,지니틱스,KOSDAQ,코스닥,반도체 제조업,반도체 IC,2018-08-30,12월,경기도,False,False,,True
290740,액트로,KOSDAQ,코스닥,전자부품 제조업,모바일용 액츄에이터 및 조립자동화 설비,2018-08-28,12월,경기도,False,False,,True
173130,오파스넷,KOSDAQ,코스닥,"컴퓨터 프로그래밍, 시스템 통합 및 관리업",네트워크 구축 및 유지보수,2018-08-24,12월,서울특별시,False,False,,True
089970,브이엠,KOSDAQ,코스닥,특수 목적용 기계 제조업,300mm Poly Etch System,2018-08-23,12월,경기도,False,False,,True
086820,바이오솔루션,KOSDAQ,코스닥,기초 의약물질 제조업,"세포치료제, 인체조직모델 등",2018-08-20,12월,서울특별시,False,False,,True
302920,더콘텐츠온,KONEX,코넥스,"영화, 비디오물, 방송프로그램 제작 및 배급업","영화제작, 투자, 배급 및 영화디지털배급",2018-08-13,12월,서울특별시,False,False,,True
293940,신한알파리츠,KOSPI,유가,부동산 임대 및 공급업,비거주 부동산 임대 서비스업,2018-08-08,03월,서울특별시,False,True,부동산,True
110990,디아이티,KOSDAQ,코스닥,특수 목적용 기계 제조업,반도체 제조 장비,2018-08-07,12월,경기도,False,False,,True
275630,에스에스알,KOSDAQ,코스닥,소프트웨어 개발 및 공급업,"취약점 진단 솔루션, 모의해킹 컨설팅",2018-08-06,12월,서울특별시,False,False,,True
300720,한일시멘트,KOSPI,유가,"시멘트, 석회, 플라스터 및 그 제품 제조업","시멘트, 레미콘, 레미탈",2018-08-06,12월,서울특별시,False,False,,True
290270,휴네시온,KOSDAQ,코스닥,소프트웨어 개발 및 공급업,망간자료전송(i-oneNet),2018-08-02,12월,서울특별시,False,False,,True
091810,트리니티항공,KOSPI,유가,항공 여객 운송업,저가 항공운송,2018-08-01,12월,대구광역시,False,False,,True
286940,롯데이노베이트,KOSPI,유가,"컴퓨터 프로그래밍, 시스템 통합 및 관리업","SM, SI",2018-07-27,12월,서울특별시,False,False,,True
080720,한국유니온제약,KOSDAQ,코스닥,의약품 제조업,"항생제, 순환기계, 근골격계, 소화기계류 완제의약품",2018-07-26,12월,강원특별자치도,False,False,,True
204020,그리티,KOSDAQ,코스닥,봉제의복 제조업,"내의(원더브라, 플레이텍스, 미싱도로시, 르페)",2018-07-23,12월,서울특별시,False,False,,True
297570,알로이스,KOSDAQ,코스닥,통신 및 방송 장비 제조업,안드로이드 OTT 멀티미디어 디바이스,2018-07-20,12월,경기도,False,False,,True
226950,올릭스,KOSDAQ,코스닥,자연과학 및 공학 연구개발업,siRNA 신약 개발,2018-07-18,12월,경기도,False,False,,True
298050,HS효성첨단소재,KOSPI,유가,화학섬유 제조업,PET타이어코드,2018-07-13,12월,서울특별시,False,False,,True
258050,테크트랜스,KONEX,코넥스,기타 금속 가공제품 제조업,비철금속표면처리장비 및 솔루션,2018-07-13,12월,경상북도,False,False,,True
298040,효성중공업,KOSPI,유가,"전동기, 발전기 및 전기 변환 · 공급 · 제어 장치 제조업",-,2018-07-13,12월,서울특별시,False,False,,True
298020,효성티앤씨,KOSPI,유가,화학섬유 제조업,"섬유, 산업자재, 화학, 중공업, 건설, 무역,금융 등",2018-07-13,12월,서울특별시,False,False,,True
298000,효성화학,KOSPI,유가,기초 화학물질 제조업,-,2018-07-13,12월,서울특별시,False,False,,True
175250,아이큐어,KOSDAQ,코스닥,기타 화학제품 제조업,"플라스타, 의약 및 의약외품 패취등, 마스크팩, 화장품 기초라인",2018-07-12,12월,서울특별시,False,False,,True
289080,SV인베스트먼트,KOSDAQ,코스닥,기타 금융업,중소/벤처기업 투자 및 육성,2018-07-06,03월,서울특별시,True,True,금융,True
276240,엘리비젼,KONEX,코넥스,영상 및 음향기기 제조업,"디지털 사이니지, 키오스크 등",2018-07-05,12월,인천광역시,False,False,,True
299480,지앤이헬스케어,KONEX,코넥스,기타 섬유제품 제조업,면생리대,2018-06-29,12월,경기도,False,False,,True
088260,이리츠코크렙,KOSPI,유가,부동산 임대 및 공급업,부동산투자회사,2018-06-27,06월,서울특별시,False,True,부동산,True
245620,EDGC,KOSDAQ,코스닥,자연과학 및 공학 연구개발업,유전체 분석 진단 서비스,2018-06-26,12월,인천광역시,False,False,,True
294870,IPARK현대산업개발,KOSPI,유가,건물 건설업,"외주주택, 자체공사, 일반건축, 토목 등",2018-06-12,12월,서울특별시,False,False,,True
284620,카이노스메드,KOSDAQ,코스닥,자연과학 및 공학 연구개발업,기업인수합병,2018-06-08,12월,경기도,False,False,,True
037030,파워넷,KOSDAQ,코스닥,"전동기, 발전기 및 전기 변환 · 공급 · 제어 장치 제조업",전력변환장치,2018-06-07,12월,서울특별시,False,False,,True
016790,현대사료,KOSDAQ,코스닥,동물용 사료 및 조제식품 제조업,"양계, 양돈 배합사료",2018-06-01,12월,충청남도,False,False,,True
258830,세종메디칼,KOSDAQ,코스닥,의료용 기기 제조업,복강경수술용 투관침 등,2018-05-29,12월,경기도,False,False,,True
122310,제노레이,KOSDAQ,코스닥,의료용 기기 제조업,의료용 방사선 진단기기,2018-05-28,12월,경기도,False,False,,True
217910,에스제이켐,KONEX,코넥스,기초 화학물질 제조업,"수처리응집제, 폴리프로필렌",2018-04-27,12월,전북특별자치도,False,False,,True
950170,JTC,KOSDAQ,코스닥,종합 소매업,"식품류, 생활용품류, 화장품류 (사후면세업)",2018-04-06,02월,일본,False,False,,True
253590,네오셈,KOSDAQ,코스닥,특수 목적용 기계 제조업,반도체 검사장비,2018-04-04,12월,경기도,False,False,,True
263700,케어랩스,KOSDAQ,코스닥,광고업,"헬스케어 미디어플랫폼, 헬스케어 디지털마케팅, 헬스케어 솔루션",2018-03-28,12월,서울특별시,False,False,,True
018250,애경산업,KOSPI,유가,기타 화학제품 제조업,"Age 20's,루나, 트리오, 2080치약, 순샘, 제트 등",2018-03-22,12월,서울특별시,False,False,,True
277070,린드먼아시아,KOSDAQ,코스닥,신탁업 및 집합투자업,"투자조합, PEF 결성 및 투자",2018-03-14,12월,서울특별시,True,True,"투자, 신탁",True
226400,오스테오닉,KOSDAQ,코스닥,의료용 기기 제조업,골접합 및 재건용 금속소재 및 생체복합재료 기반 임플란트,2018-02-22,12월,서울특별시,False,False,,True
183490,엔지켐생명과학,KOSDAQ,코스닥,기초 의약물질 제조업,"EC-18(신약), 원료의약품",2018-02-21,12월,충청북도,False,False,,True
006620,동구바이오제약,KOSDAQ,코스닥,의약품 제조업,"피부, 비뇨기과 완제의약품",2018-02-13,12월,서울특별시,False,False,,True
154030,아시아종묘,KOSDAQ,코스닥,작물 재배업,종자,2018-02-12,12월,서울특별시,False,False,,True
260660,알리코제약,KOSDAQ,코스닥,의료용품 및 기타 의약 관련제품 제조업,완제 의약품,2018-02-12,12월,서울특별시,False,False,,True
068270,셀트리온,KOSPI,유가,기초 의약물질 제조업,"램시마, 트룩시마, 허쥬마",2018-02-09,12월,인천광역시,False,False,,True
042000,카페24,KOSDAQ,코스닥,"자료처리, 호스팅, 포털 및 기타 인터넷 정보매개 서비스업","쇼핑몰솔루션, 광고솔루션, 호스팅솔루션",2018-02-08,12월,서울특별시,False,False,,True
219420,링크제니시스,KOSDAQ,코스닥,소프트웨어 개발 및 공급업,"반도체, 디스플레이, 자동화 S/W 및 시스템 테스트 자동화 솔루션 개발(XCOMPRO, XGEM, MAT)",2018-02-05,12월,경기도,False,False,,True
267790,배럴,KOSDAQ,코스닥,봉제의복 제조업,래쉬가드 및 워터스포츠 등,2018-02-01,12월,서울특별시,False,False,,True
255220,SG,KOSDAQ,코스닥,기타 비금속 광물제품 제조업,아스콘,2018-01-26,12월,인천광역시,False,False,,True
264660,씨앤지하이테크,KOSDAQ,코스닥,특수 목적용 기계 제조업,"약액혼합공급장치, 화학약품재생장치",2018-01-25,12월,경기도,False,False,,True
284740,쿠쿠홈시스,KOSPI,유가,개인 및 가정용품 임대업,"정수기, 공기청정기 등",2018-01-11,12월,경기도,False,False,,True
285130,SK케미칼,KOSPI,유가,합성고무 및 플라스틱 물질 제조업,"PETG 수지, PET 수지, 바이오디젤, 백신",2018-01-05,12월,경기도,False,False,,True
269620,시스웍,KOSDAQ,코스닥,"측정, 시험, 항해, 제어 및 기타 정밀기기 제조업; 광학기기 제외","클린룸 제어시스템, BLDC모터, 공조장치 제어기 등",2017-12-26,12월,대전광역시,False,False,,True
187870,디바이스,KOSDAQ,코스닥,특수 목적용 기계 제조업,OLED용 FM MASK 세정장비,2017-12-20,12월,충청남도,False,False,,True
236030,씨알푸드,KONEX,코넥스,"곡물가공품, 전분 및 전분제품 제조업","시리얼, 시리얼바",2017-12-14,12월,충청북도,False,False,,True
281740,레이크머티리얼즈,KOSDAQ,코스닥,기타 화학제품 제조업,"LED, 반도체 소재 및 석유화학촉매",2017-12-12,12월,세종특별자치시,False,False,,True
282330,BGF리테일,KOSPI,유가,종합 소매업,체인화 편의점,2017-12-08,12월,서울특별시,False,False,,True
092780,DYP,KOSPI,유가,자동차용 엔진 및 자동차 제조업,자동차엔진용 피스톤,2017-12-08,12월,경기도,False,False,,True
272450,진에어,KOSPI,유가,항공 여객 운송업,"여객, 화물 등 항공운송",2017-12-08,12월,서울특별시,False,False,,True
260930,씨티케이,KOSDAQ,코스닥,기타 화학제품 제조업,완제 화장품 (색조 및 기초),2017-12-07,12월,서울특별시,False,False,,True
241770,메카로,KOSDAQ,코스닥,반도체 제조업,반도체용 전구체 및 히터블록,2017-12-06,12월,경기도,False,False,,True
234300,에스트래픽,KOSDAQ,코스닥,"컴퓨터 프로그래밍, 시스템 통합 및 관리업","교통관련 솔루션 개발, 시스템통합 S/W 개발",2017-12-05,12월,경기도,False,False,,True
281820,케이씨텍,KOSPI,유가,"측정, 시험, 항해, 제어 및 기타 정밀기기 제조업; 광학기기 제외","반도체, 디스플레이 제조 장비",2017-12-05,12월,경기도,False,False,,True
066360,체리부로,KOSDAQ,코스닥,"도축, 육류 가공 및 저장 처리업","육계, 사료",2017-12-04,12월,충청북도,False,False,,True
007680,대원,KOSDAQ,코스닥,건물 건설업,아파트 시행 및 시공,2017-12-01,12월,충청북도,False,False,,True
272550,삼양패키징,KOSPI,유가,플라스틱제품 제조업,PET 용기 및 아셉틱 OEM,2017-11-29,12월,서울특별시,False,False,,True
253450,스튜디오드래곤,KOSDAQ,코스닥,"영화, 비디오물, 방송프로그램 제작 및 배급업","드라마 제작, 판매",2017-11-24,12월,서울특별시,False,False,,True
950160,코오롱티슈진,KOSDAQ,코스닥,기초 의약물질 제조업,골관절염 치료제,2017-11-06,12월,미국,False,False,,True
278990,EMB,KONEX,코넥스,"전동기, 발전기 및 전기 변환 · 공급 · 제어 장치 제조업","태양광ESS,휴대폰 액세서리",2017-10-31,12월,경기도,False,False,,True
055490,테이팩스,KOSPI,유가,플라스틱제품 제조업,"OCA, 2차전지용 테이프, 산업용 랩 등",2017-10-31,12월,경기도,False,False,,True
280360,롯데웰푸드,KOSPI,유가,기타 식품 제조업,"껌,캔디,초코,비스켓,빙과",2017-10-30,12월,서울특별시,False,False,,True
180060,탑선,KONEX,코넥스,기타 전기장비 제조업,태양광 모듈,2017-10-27,12월,전라남도,False,False,,True
265560,영화테크,KOSDAQ,코스닥,자동차 신품 부품 제조업,자동차 정션박스 등,2017-10-26,12월,충청남도,False,False,,True
234100,폴라리스세원,KOSDAQ,코스닥,자동차 신품 부품 제조업,자동차 공조장치 부품,2017-10-20,12월,경기도,False,False,,True
263810,상신전자,KOSDAQ,코스닥,전자부품 제조업,"노이즈필터(48.81%), 코일(19.33%), 리액터(10.75%)",2017-10-16,12월,경상남도,False,False,,True
255440,야스,KOSDAQ,코스닥,특수 목적용 기계 제조업,"OLED 증착기, OLED 증착원",2017-09-29,12월,경기도,False,False,,True
277410,인산가,KOSDAQ,코스닥,기타 식품 제조업,죽염 및 죽염응용식품,2017-09-29,12월,경상남도,False,False,,True
263920,휴엠앤씨,KOSDAQ,코스닥,그외 기타 제품 제조업,"유리용기, 화장용 스펀지, 퍼프",2017-09-28,12월,인천광역시,False,False,,True
243840,신흥에스이씨,KOSDAQ,코스닥,일차전지 및 이차전지 제조업,"2차전지용 안전 부품(Cap Assembly, CID)",2017-09-27,12월,경기도,False,False,,True
179900,유티아이,KOSDAQ,코스닥,전자부품 제조업,카메라 윈도우,2017-09-27,12월,충청남도,False,False,,True
171090,선익시스템,KOSDAQ,코스닥,특수 목적용 기계 제조업,OLED 증착장비,2017-09-20,12월,경기도,False,False,,True
259630,엠플러스,KOSDAQ,코스닥,특수 목적용 기계 제조업,이차전지 자동화 조립설비,2017-09-20,12월,충청북도,False,False,,True
174900,앱클론,KOSDAQ,코스닥,의료용품 및 기타 의약 관련제품 제조업,항체의약품,2017-09-18,12월,서울특별시,False,False,,True
263750,펄어비스,KOSDAQ,코스닥,소프트웨어 개발 및 공급업,게임 개발 서비스(검은사막 및 붉은사막),2017-09-14,12월,경기도,False,False,,True
256940,킵스파마,KOSDAQ,코스닥,의약품 제조업,OLED 마스크 인장기,2017-09-06,12월,서울특별시,False,False,,True
260870,SK시그넷,KONEX,코넥스,"전동기, 발전기 및 전기 변환 · 공급 · 제어 장치 제조업",전기차 충전기,2017-08-30,12월,전라남도,False,False,,True
263600,덕우전자,KOSDAQ,코스닥,전자부품 제조업,카메라 모듈 부품,2017-08-28,12월,경상북도,False,False,,True
270520,앱튼,KOSDAQ,코스닥,"건축기술, 엔지니어링 및 관련 기술 서비스업",지열냉난방시스템,2017-08-22,12월,경기도,False,False,,True
258610,케일럼,KOSDAQ,코스닥,"구조용 금속제품, 탱크 및 증기발생기 제조업","지열발전설비, 항공기MRO, 항공부품제조",2017-08-22,12월,부산광역시,False,False,,True
140670,알에스오토메이션,KOSDAQ,코스닥,전자부품 제조업,"모션제어기, 드라이브, 에너지제어장치",2017-08-11,12월,경기도,False,False,,True
900310,컬러레이,KOSDAQ,코스닥,기타 금융업,화장품용 진주광택안료,2017-08-10,12월,홍콩,True,True,금융,True
273060,와이즈버즈,KOSDAQ,코스닥,광고업,광고대행,2017-08-07,12월,경기도,False,False,,True
118990,모트렉스,KOSDAQ,코스닥,자동차 신품 부품 제조업,차량용 인포테인먼트,2017-08-04,12월,경기도,False,False,,True
263800,데이타솔루션,KOSDAQ,코스닥,기계장비 및 관련 물품 도매업,"EMC스토리지, SPSS, SI",2017-08-03,12월,서울특별시,False,False,,True
263860,지니언스,KOSDAQ,코스닥,소프트웨어 개발 및 공급업,"네트워크 접근 제어 솔루션(NAC), 단말기반 지능형 위협 탐지 대응 솔루션(EDR)",2017-08-02,12월,경기도,False,False,,True
263720,디앤씨미디어,KOSDAQ,코스닥,"서적, 잡지 및 기타 인쇄물 출판업",웹소설 콘텐츠,2017-08-01,12월,서울특별시,False,False,,True
162120,루켄테크놀러지스,KONEX,코넥스,기타 전기장비 제조업,Vertical Probe Card. Test Socket. Probe Station & Unit.,2017-07-25,12월,경기도,False,False,,True
238490,힘스,KOSDAQ,코스닥,특수 목적용 기계 제조업,"OLED Mask 인장기, OLED Mask 검사기 등",2017-07-20,12월,인천광역시,False,False,,True
271980,제일약품,KOSPI,유가,의약품 제조업,의약품,2017-07-17,12월,서울특별시,False,False,,True
251630,브이원텍,KOSDAQ,코스닥,특수 목적용 기계 제조업,"LCD/OLED 압흔검사기, 2차전지 검사장비",2017-07-13,12월,경기도,False,False,,True
227610,아우딘퓨쳐스,KOSDAQ,코스닥,기타 화학제품 제조업,"기초화장품, 마스크팩 등",2017-07-12,12월,서울특별시,False,False,,True
272290,이녹스첨단소재,KOSDAQ,코스닥,전자부품 제조업,"FPCB소재, 반도체 및 디스플레이 소재",2017-07-10,12월,충청남도,False,False,,True
035720,카카오,KOSPI,유가,"자료처리, 호스팅, 포털 및 기타 인터넷 정보매개 서비스업",인터넷 서비스(인터넷 광고),2017-07-10,12월,제주특별자치도,False,False,,True
271560,오리온,KOSPI,유가,기타 식품 제조업,스낵 등 과자류,2017-07-07,12월,서울특별시,False,False,,True
003380,하림지주,KOSDAQ,코스닥,기타 금융업,지주사업,2017-06-30,12월,전북특별자치도,True,True,금융,True
261200,덴티스,KOSDAQ,코스닥,의료용 기기 제조업,임플란트외,2017-06-26,12월,대구광역시,False,False,,True
233250,메디안디노스틱,KONEX,코넥스,의료용품 및 기타 의약 관련제품 제조업,동물질병 체외진단키트 및 진단용 시약,2017-06-26,12월,강원특별자치도,False,False,,True
267320,나인테크,KOSDAQ,코스닥,특수 목적용 기계 제조업,이차전지 제조 장비,2017-06-22,12월,경기도,False,False,,True
270210,에스알바이오텍,KONEX,코넥스,기타 화학제품 제조업,화장품 제조 및 유통,2017-06-15,12월,경기도,False,False,,True
266170,레드우즈,KONEX,코넥스,"영화, 비디오물, 방송프로그램 제작 및 배급업",TV 드라마 등,2017-06-09,12월,서울특별시,False,False,,True
250000,보라티알,KOSDAQ,코스닥,음·식료품 및 담배 도매업,"유가공품, 소스류, 파스타류",2017-06-08,12월,서울특별시,False,False,,True
267980,매일유업,KOSDAQ,코스닥,동·식물성 유지 및 낙농제품 제조업,"유제품(우유, 분유, 발효유, 치즈, 음료 등)",2017-06-05,12월,서울특별시,False,False,,True
225190,LK삼양,KOSDAQ,코스닥,사진장비 및 광학기기 제조업,디지털 카메라용 교환렌즈,2017-06-02,12월,경상남도,False,False,,True
264850,이랜시스,KOSDAQ,코스닥,전자부품 제조업,비데도어락부품,2017-06-01,12월,인천광역시,False,False,,True
161580,필옵틱스,KOSDAQ,코스닥,특수 목적용 기계 제조업,디스플레이 및 반도체 제조공정용 제작,2017-06-01,12월,경기도,False,False,,True
268280,미원에스씨,KOSPI,유가,기초 화학물질 제조업,에너지경화수지,2017-05-22,12월,전북특별자치도,False,False,,True
267290,경동도시가스,KOSPI,유가,연료용 가스 제조 및 배관공급업,도시가스,2017-05-12,12월,울산광역시,False,False,,True
251270,넷마블,KOSPI,유가,소프트웨어 개발 및 공급업,온라인·모바일 게임 소프트웨어 개발 및 공급,2017-05-12,12월,서울특별시,False,False,,True
267270,HD건설기계,KOSPI,유가,특수 목적용 기계 제조업,"굴삭기, 지게차, 휠로더 등",2017-05-10,12월,경기도,False,False,,True
267250,HD현대,KOSPI,유가,기타 금융업,지주회사,2017-05-10,12월,경기도,True,True,금융,True
267260,HD현대일렉트릭,KOSPI,유가,"전동기, 발전기 및 전기 변환 · 공급 · 제어 장치 제조업","변압기, 고압차단기, 회전기, 배전반 등",2017-05-10,12월,경기도,False,False,,True
256630,포인트엔지니어링,KOSDAQ,코스닥,기타 금속 가공제품 제조업,디스플레이 및 반도체 장비 부품,2017-05-02,12월,충청남도,False,False,,True
166090,하나머티리얼즈,KOSDAQ,코스닥,반도체 제조업,"실리콘부품, 세라믹부품, 특수가스",2017-04-28,12월,충청남도,False,False,,True
258790,소프트캠프,KOSDAQ,코스닥,소프트웨어 개발 및 공급업,통합보안솔루션,2017-04-27,12월,경기도,False,False,,True
251370,와이엠티,KOSDAQ,코스닥,기초 화학물질 제조업,"PCB, 반도체 및 디스플레이 제조용 화학소재 등",2017-04-27,12월,인천광역시,False,False,,True
264900,크라운제과,KOSPI,유가,"떡, 빵 및 과자류 제조업","비스킷, 스낵, 당과",2017-04-11,12월,서울특별시,False,False,,True
265520,AP시스템,KOSDAQ,코스닥,특수 목적용 기계 제조업,디스플레이 제조 장비,2017-04-07,12월,경기도,False,False,,True
263770,유에스티,KOSDAQ,코스닥,1차 철강 제조업,스테인레스강관,2017-04-06,12월,경상북도,False,False,,True
063760,이엘피,KOSDAQ,코스닥,"측정, 시험, 항해, 제어 및 기타 정밀기기 제조업; 광학기기 제외",OLED 패널검사기 등,2017-04-06,12월,경기도,False,False,,True
264450,유비쿼스,KOSDAQ,코스닥,통신 및 방송 장비 제조업,"스위치, FTTH",2017-03-31,12월,경기도,False,False,,True
178320,서진시스템,KOSDAQ,코스닥,기타 전기장비 제조업,"통신장비부품,휴대폰부품(메탈케이스 등)",2017-03-27,12월,경기도,False,False,,True
183300,코미코,KOSDAQ,코스닥,특수 목적용 기계 제조업,반도체 부품 세정 및 코팅,2017-03-23,12월,경기도,False,False,,True
246720,아스타,KOSDAQ,코스닥,의료용품 및 기타 의약 관련제품 제조업,MALDI-TOF 질량분석기 기반 진단시스템,2017-03-20,12월,경기도,False,False,,True
145720,덴티움,KOSPI,유가,의료용 기기 제조업,치과용 기기 제조업,2017-03-15,12월,경기도,False,False,,True
217480,에스디생명공학,KOSDAQ,코스닥,기타 화학제품 제조업,"마스크팩, 기초화장품",2017-03-02,12월,서울특별시,False,False,,True
002800,신신제약,KOSDAQ,코스닥,의약품 제조업,파스류 (신신파스 아렉스 등),2017-02-28,12월,세종특별자치시,False,False,,True
083500,에프엔에스테크,KOSDAQ,코스닥,특수 목적용 기계 제조업,"OLED, LCD 제조 공정 장비",2017-02-27,12월,충청남도,False,False,,True
087260,모바일어플라이언스,KOSDAQ,코스닥,소프트웨어 개발 및 공급업,"블랙박스, 내비게이션, HUD, ADAS",2017-02-24,12월,경기도,False,False,,True
241820,피씨엘,KOSDAQ,코스닥,의료용품 및 기타 의약 관련제품 제조업,"다중 체외진단 제품, 플랫폼서비스",2017-02-23,12월,서울특별시,False,False,,True
111110,호전실업,KOSPI,유가,봉제의복 제조업,스포츠웨어 및 아웃도어 웨어 OEM,2017-02-02,12월,서울특별시,False,False,,True
140070,서플러스글로벌,KOSDAQ,코스닥,기계장비 및 관련 물품 도매업,"반도체 제조용 장비, 유휴기계설비 도소매",2017-01-25,12월,경기도,False,False,,True
206650,유바이오로직스,KOSDAQ,코스닥,의약품 제조업,"경구용 콜레라 백신, 바이오의약품 수탁 연구 및 제조",2017-01-24,12월,서울특별시,False,False,,True
227420,도부,KONEX,코넥스,직물직조 및 직물제품 제조업,"산업용 마스크 제조, 화재대피용 마스크",2016-12-28,12월,경기도,False,False,,True
256840,한국비엔씨,KOSDAQ,코스닥,기초 의약물질 제조업,필러 등 생체재료의료물질 개발,2016-12-28,12월,대구광역시,False,False,,True
241520,DSC인베스트먼트,KOSDAQ,코스닥,신탁업 및 집합투자업,투자조합 결성 및 투자,2016-12-19,12월,서울특별시,True,True,"투자, 신탁",True
246690,TS인베스트먼트,KOSDAQ,코스닥,신탁업 및 집합투자업,투자조합 결성 및 투자,2016-12-15,12월,서울특별시,True,True,"투자, 신탁",True
147760,피엠티,KOSDAQ,코스닥,"측정, 시험, 항해, 제어 및 기타 정밀기기 제조업; 광학기기 제외",반도체 검사용 프로브카드,2016-12-12,12월,충청남도,False,False,,True
199290,바이오프로테크,KONEX,코넥스,의료용 기기 제조업,심전도 측정용 전극 등,2016-12-08,12월,강원특별자치도,False,False,,True
196300,HLB펩,KOSDAQ,코스닥,기초 의약물질 제조업,펩타이드 바이오소재 및 아미노산 펩타이드 신약,2016-12-07,12월,광주광역시,False,False,,True
203450,유니온바이오메트릭스,KOSDAQ,코스닥,통신 및 방송 장비 제조업,지문인식출입통제기,2016-12-07,12월,서울특별시,False,False,,True
215600,신라젠,KOSDAQ,코스닥,자연과학 및 공학 연구개발업,펙사벡(바이러스 항암면역치료제),2016-12-06,12월,서울특별시,False,False,,True
254120,자비스,KOSDAQ,코스닥,특수 목적용 기계 제조업,자동엑스레이검사장비,2016-12-02,12월,경기도,False,False,,True
143210,핸즈코퍼레이션,KOSPI,유가,자동차 신품 부품 제조업,자동차 알루미늄 휠,2016-12-02,12월,인천광역시,False,False,,True
241790,티이엠씨씨엔에스,KOSDAQ,코스닥,특수 목적용 기계 제조업,"반도체 케미칼 및 특수가스, 반도체 장비",2016-12-01,12월,충청북도,False,False,,True
220100,퓨쳐켐,KOSDAQ,코스닥,의약품 제조업,"PET 방사성의약품, 자동합성장치, 합성시약 및 전구체",2016-12-01,12월,서울특별시,False,False,,True
144960,뉴파워프라즈마,KOSDAQ,코스닥,특수 목적용 기계 제조업,플라즈마 세정기(Remote Plasma Cleaning Generator),2016-11-30,12월,경기도,False,False,,True
156100,엘앤케이바이오,KOSDAQ,코스닥,의료용 기기 제조업,척추 임플란트,2016-11-30,12월,경기도,False,False,,True
220180,핸디소프트,KOSDAQ,코스닥,소프트웨어 개발 및 공급업,"EKP, BPM, 네트워크장비",2016-11-24,12월,경기도,False,False,,True
241560,두산밥캣,KOSPI,유가,특수 목적용 기계 제조업,"Compact Equipment, Heavy Equipment, Portable Power",2016-11-18,12월,경기도,False,False,,True
207940,삼성바이오로직스,KOSPI,유가,기초 의약물질 제조업,바이오의약품,2016-11-10,12월,인천광역시,False,False,,True
237880,클리오,KOSDAQ,코스닥,기타 화학제품 제조업,"색조화장품, 기초화장품",2016-11-09,12월,서울특별시,False,False,,True
900300,오가닉티코스메틱,KOSDAQ,코스닥,기타 금융업,"유아용 화장품(클렌징, 여름용, 피부케어, 기능성 화장품)",2016-11-04,12월,홍콩,True,True,금융,True
238120,얼라인드,KOSDAQ,코스닥,사진장비 및 광학기기 제조업,"자동세포카운팅시스템, 생체조직투명화시스템, 디지털세포이미징시스템",2016-11-03,12월,경기도,False,False,,True
252500,세화피앤씨,KOSDAQ,코스닥,기타 화학제품 제조업,염모제 등,2016-11-02,12월,충청북도,False,False,,True
243870,아이티센코어,KONEX,코넥스,"컴퓨터 프로그래밍, 시스템 통합 및 관리업","건설ERP, 내부통제솔루션, 공간관리솔루션, 소프트웨어 개발 및 공급 자문/ IT 컨설팅 外",2016-10-31,12월,경기도,False,False,,True
216050,인크로스,KOSDAQ,코스닥,광고업,미디어렙서비스,2016-10-31,12월,서울특별시,False,False,,True
239610,에이치엘사이언스,KOSDAQ,코스닥,기타 식품 제조업,건강기능식품 등,2016-10-28,12월,경기도,False,False,,True
241710,코스메카코리아,KOSDAQ,코스닥,기타 화학제품 제조업,"화장품 OEM, ODM",2016-10-28,12월,충청북도,False,False,,True
234080,JW생명과학,KOSPI,유가,의약품 제조업,"기초수액, TPN, 특수수액, HEMO, 영양수액 등",2016-10-27,12월,충청남도,False,False,,True
900290,GRT,KOSDAQ,코스닥,기타 금융업,"광학필름, 포장필름",2016-10-25,06월,홍콩,True,True,금융,True
251280,안지오랩,KONEX,코넥스,자연과학 및 공학 연구개발업,신약개발 및 체지방 감소 건강기능식품,2016-10-25,12월,대전광역시,False,False,,True
189300,인텔리안테크,KOSDAQ,코스닥,통신 및 방송 장비 제조업,"위성통신 안테나, 해상용 위성방송 수신안테나",2016-10-18,12월,경기도,False,False,,True
072990,에이치시티,KOSDAQ,코스닥,기타 과학기술 서비스업,기술검사서비스,2016-10-17,12월,경기도,False,False,,True
950140,잉글우드랩,KOSDAQ,코스닥,기타 화학제품 제조업,화장품OEM·ODM,2016-10-14,12월,미국,False,False,,True
238090,앤디포스,KOSDAQ,코스닥,플라스틱제품 제조업,"TSP용 양면 테이프, 윈도우 필름",2016-10-12,12월,충청북도,False,False,,True
050960,수산아이앤티,KOSDAQ,코스닥,소프트웨어 개발 및 공급업,"공유단말접속관리서비스, 보안솔루션 등",2016-10-11,12월,서울특별시,False,False,,True
201490,미투온,KOSDAQ,코스닥,소프트웨어 개발 및 공급업,소셜 카지노 게임,2016-10-10,12월,서울특별시,False,False,,True
241590,화승엔터프라이즈,KOSPI,유가,신발 및 신발 부분품 제조업,,2016-10-04,12월,부산광역시,False,False,,True
250930,예선테크,KOSDAQ,코스닥,플라스틱제품 제조업,기업인수합병,2016-09-29,12월,경기도,False,False,,True
204210,JK리버스톤리츠,KOSPI,유가,부동산 임대 및 공급업,"호텔 부동산 취득, 관리, 개량 및 처분",2016-09-22,12월,서울특별시,False,True,부동산,True
229640,LS에코에너지,KOSPI,유가,기타 금융업,,2016-09-22,12월,강원특별자치도,True,True,금융,True
241690,유니테크노,KOSDAQ,코스닥,자동차 신품 부품 제조업,"자동차 부품, 전기차 부품, 배터리 셀케이스, ESS 배터리 모듈, SBW 및 EPB, EPS 전동화 부품",2016-09-20,12월,부산광역시,False,False,,True
250060,모비스,KOSDAQ,코스닥,"컴퓨터 프로그래밍, 시스템 통합 및 관리업",핵융합 제어솔루션 및 스마트팩토리 통합솔루션,2016-09-08,12월,경기도,False,False,,True
242040,나무기술,KOSDAQ,코스닥,소프트웨어 개발 및 공급업,응용소프트웨어 개발 및 공급업,2016-09-07,12월,서울특별시,False,False,,True
234920,자이글,KOSDAQ,코스닥,가정용 기기 제조업,적외선 가열 조리기,2016-09-06,12월,서울특별시,False,False,,True
249420,일동제약,KOSPI,유가,의약품 제조업,"아로나민, 후루마린, 큐란, 라비에트, 사미온 등",2016-08-31,12월,서울특별시,False,False,,True
900270,헝셩그룹,KOSDAQ,코스닥,기타 금융업,자회사 제품 : 아동용 완구 및 아동복 등,2016-08-18,12월,홍콩,True,True,금융,True
248170,샘표식품,KOSPI,유가,기타 식품 제조업,간장,2016-08-09,12월,서울특별시,False,False,,True
230360,에코마케팅,KOSDAQ,코스닥,광고업,"온라인, 모바일 광고 종합대행업",2016-08-08,12월,서울특별시,False,False,,True
191600,블루탑,KONEX,코넥스,전자부품 제조업,,2016-08-05,12월,인천광역시,False,False,,True
016740,두올,KOSPI,유가,자동차 신품 부품 제조업,시트 커버 및 시트 원단,2016-07-29,12월,서울특별시,False,False,,True
208860,다산디엠씨,KOSDAQ,코스닥,소프트웨어 개발 및 공급업,"Nav-Link 솔루션, BringGo 어플리케이션 등",2016-07-28,12월,경기도,False,False,,True
073560,우리손에프앤지,KOSDAQ,코스닥,"도축, 육류 가공 및 저장 처리업","양돈업, 도축업",2016-07-27,12월,전라남도,False,False,,True
212310,오건에코텍,KONEX,코넥스,의료용 기기 제조업,척추용 임플란트 등,2016-07-26,12월,경기도,False,False,,True
123010,알엔티엑스,KOSDAQ,코스닥,전자부품 제조업,이미지센서 패키징,2016-07-20,12월,충청북도,False,False,,True
066830,제노텍,KONEX,코넥스,기타 화학제품 제조업,"원료의약품, 합성유전자, 체외진단 분석기용 시약",2016-07-18,12월,대전광역시,False,False,,True
026960,동서,KOSPI,유가,음·식료품 및 담배 도매업,"식품 유통, 다류 및 연포장재 제조 등",2016-07-15,12월,서울특별시,False,False,,True
123890,한국자산신탁,KOSPI,유가,신탁업 및 집합투자업,"부동산 신탁 서비스, REITs",2016-07-13,12월,서울특별시,True,True,"투자, 신탁",True
034830,한국토지신탁,KOSPI,유가,신탁업 및 집합투자업,부동산신탁 등,2016-07-11,12월,서울특별시,True,True,"투자, 신탁",True
142760,모아라이프플러스,KOSDAQ,코스닥,자연과학 및 공학 연구개발업,"자궁경부상피이형증 치료제, 자궁경부전암 치료백신",2016-07-07,12월,경기도,False,False,,True
237750,피앤씨테크,KOSDAQ,코스닥,"전동기, 발전기 및 전기 변환 · 공급 · 제어 장치 제조업",배전자동화단말장치,2016-07-04,12월,경기도,False,False,,True
900260,로스웰,KOSDAQ,코스닥,기타 금융업,"CAN Control Gateway, CAN기능모듈, BCM 차체제어모듈",2016-06-30,12월,홍콩,True,True,금융,True
245450,씨앤에스링크,KONEX,코넥스,통신 및 방송 장비 제조업,"내비게이션, LTE Router, 블랙박스",2016-06-24,12월,경기도,False,False,,True
195870,해성디에스,KOSPI,유가,전자부품 제조업,반도체 패키지용 Substrate,2016-06-24,12월,경상남도,False,False,,True
237690,에스티팜,KOSDAQ,코스닥,의약품 제조업,원료의약품,2016-06-23,12월,경기도,False,False,,True
144510,지씨셀,KOSDAQ,코스닥,"그외 기타 전문, 과학 및 기술 서비스업","세포치료제, 검체검사서비스, 제대혈은행",2016-06-23,12월,경기도,False,False,,True
148250,알엔투테크놀로지,KOSDAQ,코스닥,전자부품 제조업,"이동통신부품(커플러), 의료기기용기판, 파우더",2016-06-22,12월,경기도,False,False,,True
208850,이비테크,KONEX,코넥스,기타 전기장비 제조업,전자가속기 제조 및 전자선조사서비스,2016-06-22,12월,대전광역시,False,False,,True
239340,이스트에이드,KOSDAQ,코스닥,"자료처리, 호스팅, 포털 및 기타 인터넷 정보매개 서비스업","줌닷컴, 뉴썸 등",2016-06-09,12월,서울특별시,False,False,,True
243070,휴온스,KOSDAQ,코스닥,의약품 제조업,"전문의약품, 일반의약품",2016-06-03,12월,경기도,False,False,,True
244880,나눔테크,KONEX,코넥스,의료용 기기 제조업,"자동심장충격기, 골밀도진단기",2016-06-01,12월,광주광역시,False,False,,True
112190,KC산업,KONEX,코넥스,토목 건설업,철강보강콘크리트제품,2016-05-31,12월,경기도,False,False,,True
070960,모나용평,KOSPI,유가,일반 및 생활 숙박시설 운영업,"리조트 운영, 콘도 분양",2016-05-27,12월,강원특별자치도,False,False,,True
101530,해태제과식품,KOSPI,유가,기타 식품 제조업,"홈런볼, 오예스, 맛동산, 부라보콘 등",2016-05-11,12월,충청남도,False,False,,True
240810,원익IPS,KOSDAQ,코스닥,특수 목적용 기계 제조업,반도체 제조용 기계,2016-05-02,12월,경기도,False,False,,True
238500,솔루믹스,KONEX,코넥스,"그외 기타 전문, 과학 및 기술 서비스업","모듈, 퍼스널 모빌리티기기",2016-04-20,12월,서울특별시,False,False,,True
228850,레이언스,KOSDAQ,코스닥,의료용 기기 제조업,"TFT Detector, CMOS Detector, I/O Sensor",2016-04-11,12월,경기도,False,False,,True
228340,동양파일,KOSDAQ,코스닥,"시멘트, 석회, 플라스터 및 그 제품 제조업",PHC파일,2016-04-06,12월,충청남도,False,False,,True
004440,삼일씨엔에스,KOSPI,유가,"시멘트, 석회, 플라스터 및 그 제품 제조업","PHC파일, 강교, PC",2016-03-30,12월,경기도,False,False,,True
222110,팬젠,KOSDAQ,코스닥,의약품 제조업,"바이오시밀러 의약품 개발, 바이오의약품 개발 기술이전 서비스 등",2016-03-11,12월,경기도,False,False,,True
211270,AP위성,KOSDAQ,코스닥,통신 및 방송 장비 제조업,위성통신 단말기,2016-03-04,12월,서울특별시,False,False,,True
230980,비유테크놀러지,KOSDAQ,코스닥,소프트웨어 개발 및 공급업,VR기반 교육훈련용솔루션,2016-03-02,12월,부산광역시,False,False,,True
115180,큐리언트,KOSDAQ,코스닥,자연과학 및 공학 연구개발업,저분자 혁신신약,2016-02-29,12월,경기도,False,False,,True
065660,안트로젠,KOSDAQ,코스닥,기타 전문 도매업,줄기세포치료제,2016-02-15,12월,서울특별시,False,False,,True
236200,슈프리마,KOSDAQ,코스닥,통신 및 방송 장비 제조업,바이오인식 관련 제품,2016-02-05,12월,경기도,False,False,,True
194370,제이에스코퍼레이션,KOSPI,유가,"가죽, 가방 및 유사제품 제조업",핸드백 및 지갑,2016-02-04,12월,서울특별시,False,False,,True
142210,유니트론텍,KOSDAQ,코스닥,자동차 부품 및 내장품 판매업,"메모리/비메모리반도체, 디스플레이 모듈",2016-02-02,12월,서울특별시,False,False,,True
900250,크리스탈신소재,KOSDAQ,코스닥,기타 금융업,"합성운모 플레이크, 파우더, 테이프",2016-01-28,12월,케이맨 제도,True,True,금융,True
236340,메디젠휴먼케어,KONEX,코넥스,자연과학 및 공학 연구개발업,M-CHECK (개인별 유전적 질병 예측 서비스),2016-01-26,12월,서울특별시,False,False,,True
206950,볼빅,KONEX,코넥스,운동 및 경기용구 제조업,골프공,2015-12-30,12월,충청북도,False,False,,True
232530,이엠티,KONEX,코넥스,일차전지 및 이차전지 제조업,이차전지 양극재용 전구체,2015-12-30,03월,충청북도,False,False,,True
224060,더코디,KOSDAQ,코스닥,전자부품 제조업,"반도체 및 평판디스플레이 제조용 장비(IRIS, LOZIX, HP/CP)",2015-12-29,12월,충청남도,False,False,,True
109610,에스와이,KOSDAQ,코스닥,"구조용 금속제품, 탱크 및 증기발생기 제조업",샌드위치 패널,2015-12-29,12월,경기도,False,False,,True
233990,질경이,KONEX,코넥스,기타 화학제품 제조업,여성청결제 및 질염치료제 개발,2015-12-29,12월,서울특별시,False,False,,True
226320,잇츠한불,KOSPI,유가,기타 화학제품 제조업,"스킨케어 베이직, 포인트 메이크업, 스킨케어 스페셜, 베이스 메이크업 등",2015-12-28,12월,서울특별시,False,False,,True
215570,크로넥스,KONEX,코넥스,자연과학 및 공학 연구개발업,CRO 및 생물종(미니피그),2015-12-28,12월,경기도,False,False,,True
223310,사토시홀딩스,KOSDAQ,코스닥,상품 종합 도매업,건강기능식품,2015-12-24,12월,서울특별시,False,False,,True
232140,와이씨,KOSDAQ,코스닥,특수 목적용 기계 제조업,메모리 웨이퍼 테스터,2015-12-24,12월,경기도,False,False,,True
191410,육일씨엔에쓰,KOSDAQ,코스닥,전자부품 제조업,IT용 Cover Glass,2015-12-24,12월,서울특별시,False,False,,True
145020,휴젤,KOSDAQ,코스닥,기초 의약물질 제조업,"보툴리눔톡신, 필러",2015-12-24,12월,강원특별자치도,False,False,,True
222980,한국맥널티,KOSDAQ,코스닥,기타 식품 제조업,커피 및 의약품,2015-12-23,12월,충청남도,False,False,,True
206560,덱스터,KOSDAQ,코스닥,"영화, 비디오물, 방송프로그램 제작 및 배급업","시각효과(Visual Effect, VFX)",2015-12-22,12월,서울특별시,False,False,,True
013310,아진산업,KOSDAQ,코스닥,자동차 신품 부품 제조업,자동차 차체 부품,2015-12-22,12월,경상북도,False,False,,True
047920,HLB제약,KOSDAQ,코스닥,자연과학 및 공학 연구개발업,"씨트리시메티딘정, 로자틴정",2015-12-21,12월,경기도,False,False,,True
217730,강스템바이오텍,KOSDAQ,코스닥,기초 의약물질 제조업,줄기세포치료제,2015-12-21,12월,서울특별시,False,False,,True
234070,에이원큐브텍,KONEX,코넥스,산업용 기계 및 장비 임대업,"TS패널, 테이블폼, 알루미늄 거푸집",2015-12-21,12월,충청북도,False,False,,True
133750,메가엠디,KOSDAQ,코스닥,일반 교습 학원,"의학, 치의학, 법학 전문대학원, 약학대학 입학시험 대비 강의",2015-12-18,12월,서울특별시,False,False,,True
225530,HC보광산업,KOSDAQ,코스닥,기타 비금속 광물제품 제조업,"콘크리트용 부순골재, 아스콘, 레미콘",2015-12-17,12월,대구광역시,False,False,,True
140860,파크시스템스,KOSDAQ,코스닥,"측정, 시험, 항해, 제어 및 기타 정밀기기 제조업; 광학기기 제외",연구용 및 산업용 원자현미경,2015-12-17,12월,경기도,False,False,,True
230240,에치에프알,KOSDAQ,코스닥,통신 및 방송 장비 제조업,유선 및 무선통신장비 제조 및 제조서비스,2015-12-16,12월,경기도,False,False,,True
122640,예스티,KOSDAQ,코스닥,특수 목적용 기계 제조업,반도체 및 디스플레이 제조 장비,2015-12-16,12월,경기도,False,False,,True
222040,코스맥스엔비티,KOSDAQ,코스닥,기타 식품 제조업,건강기능식품,2015-12-16,12월,경기도,False,False,,True
058110,멕아이씨에스,KOSDAQ,코스닥,의료용 기기 제조업,인공호흡기,2015-12-14,12월,경기도,False,False,,True
217820,원익피앤이,KOSDAQ,코스닥,특수 목적용 기계 제조업,2차전지 자동화 설비,2015-12-07,12월,경기도,False,False,,True
075580,세진중공업,KOSPI,유가,선박 및 보트 건조업,"선박 Deck House, LPG Tank, Upper Deck Unit, 해양플랜트 Living Quarter",2015-11-30,12월,울산광역시,False,False,,True
221840,하이즈항공,KOSDAQ,코스닥,"항공기,우주선 및 부품 제조업",B787 날개구조물 등,2015-11-25,12월,경상남도,False,False,,True
180400,DXVX,KOSDAQ,코스닥,기타 과학기술 서비스업,BAC DNA CHIP,2015-11-20,12월,서울특별시,False,False,,True
221980,케이디켐,KOSDAQ,코스닥,기타 화학제품 제조업,PVC 안정제,2015-11-19,12월,충청북도,False,False,,True
212560,네오오토,KOSDAQ,코스닥,자동차 신품 부품 제조업,"자동차부품(피니언기어, 디프어셈블리, 대형기어), 로봇 및 로봇부품, 모빌리티 부품 제조",2015-11-18,12월,서울특별시,False,False,,True
227950,엔투텍,KOSDAQ,코스닥,특수 목적용 기계 제조업,반도체장비 부품 제조업,2015-11-18,12월,경기도,False,False,,True
214370,케어젠,KOSDAQ,코스닥,기초 의약물질 제조업,"성장인자, 바이오미메틱펩타이드 기반 안면, 두피, 바디 코스메슈티컬 제품",2015-11-17,12월,서울특별시,False,False,,True
185490,아이진,KOSDAQ,코스닥,자연과학 및 공학 연구개발업,"당뇨성망막병증 치료제, 욕창치료제, 대상포진백신, 코로나19 예방백신 등",2015-11-16,12월,경기도,False,False,,True
190510,나무가,KOSDAQ,코스닥,전자부품 제조업,"스마트폰 카메라모듈, 노트북 카메라모듈",2015-11-12,12월,경기도,False,False,,True
056090,시지메드텍,KOSDAQ,코스닥,의료용 기기 제조업,정형외과용 신체보정용 의료기기,2015-11-12,12월,경기도,False,False,,True
214330,금호에이치티,KOSPI,유가,자동차 신품 부품 제조업,자동차용 전구 및 LED모듈,2015-11-11,12월,광주광역시,False,False,,True
089590,제주항공,KOSPI,유가,항공 여객 운송업,"여객운송서비스, 화물운송서비스",2015-11-06,12월,제주특별자치도,False,False,,True
226340,본느,KOSDAQ,코스닥,기타 화학제품 제조업,기업인수합병,2015-11-05,12월,서울특별시,False,False,,True
217950,파마리서치바이오,KONEX,코넥스,의약품 제조업,"메디컬 에스테틱, 생물학적 제재",2015-11-05,12월,강원특별자치도,False,False,,True
092590,럭스피아,KONEX,코넥스,반도체 제조업,"LED 패키지, LED 모듈",2015-10-30,12월,경기도,False,False,,True
229500,노브메타파마,KONEX,코넥스,자연과학 및 공학 연구개발업,대사질환 신약 개발 및 건강기능식픔,2015-10-28,12월,서울특별시,False,False,,True
182400,엔케이젠바이오텍코리아,KOSDAQ,코스닥,기초 의약물질 제조업,"연구용 시약, NK Vue® KIT, SuperNK",2015-10-23,12월,경기도,False,False,,True
227840,현대코퍼레이션홀딩스,KOSPI,유가,음·식료품 및 담배 도매업,"브랜드사업, 육류유통",2015-10-23,12월,서울특별시,False,False,,True
092870,엑시콘,KOSDAQ,코스닥,특수 목적용 기계 제조업,반도체 검사장비,2015-10-22,12월,경기도,False,False,,True
224810,엄지하우스,KONEX,코넥스,실내건축 및 건축마무리 공사업,"실내건축업, 분양공사 및 디자인 설계",2015-10-21,12월,서울특별시,False,False,,True
200580,메디쎄이,KONEX,코넥스,의료용 기기 제조업,정형외과용 척추임플란트,2015-10-20,12월,충청북도,False,False,,True
225430,케이엠제약,KOSDAQ,코스닥,기타 화학제품 제조업,"구강제품, 화장품,기타 생활용품",2015-10-08,12월,경기도,False,False,,True
225590,패션플랫폼,KOSDAQ,코스닥,봉제의복 제조업,여성복,2015-10-05,12월,서울특별시,False,False,,True
079550,LIG디펜스앤에어로스페이스,KOSPI,유가,무기 및 총포탄 제조업,정밀유도무기 등,2015-10-02,12월,경기도,False,False,,True
225570,넥슨게임즈,KOSDAQ,코스닥,소프트웨어 개발 및 공급업,온라인 및 모바일 게임,2015-09-25,12월,서울특별시,False,False,,True
217190,제너셈,KOSDAQ,코스닥,특수 목적용 기계 제조업,반도체 후공정 장비,2015-09-25,12월,인천광역시,False,False,,True
219130,타이거일렉,KOSDAQ,코스닥,전자부품 제조업,인쇄회로기판 제조업,2015-09-25,12월,인천광역시,False,False,,True
039570,HDC랩스,KOSPI,유가,전기 및 통신 공사업,"기계설비공사, 스마트홈, 지능형 빌딩, SOC, 인테리어, 조경, 시설관리",2015-09-24,12월,서울특별시,False,False,,True
002690,동일제강,KOSPI,유가,1차 철강 제조업,"PC강연선, 경강선, 도금선, 마봉강",2015-09-24,12월,경기도,False,False,,True
175140,휴먼테크놀로지,KOSDAQ,코스닥,통신 및 방송 장비 제조업,"웨어러블 디바이스, 모바일 라우터",2015-09-23,12월,경기도,False,False,,True
222080,씨아이에스,KOSDAQ,코스닥,특수 목적용 기계 제조업,2차전지 제조설비,2015-09-02,12월,대구광역시,False,False,,True
224110,에이텍모빌리티,KOSDAQ,코스닥,통신 및 방송 장비 제조업,교통카드단말기,2015-08-25,12월,경기도,False,False,,True
196700,웹스,KOSDAQ,코스닥,합성고무 및 플라스틱 물질 제조업,"기능성 컴파운드, 건축외장자재",2015-08-24,12월,부산광역시,False,False,,True
095570,AJ네트웍스,KOSPI,유가,산업용 기계 및 장비 임대업,"렌탈(파렛트, OA장비, 건설장비)",2015-08-21,12월,서울특별시,False,False,,True
131760,파인텍,KOSDAQ,코스닥,특수 목적용 기계 제조업,OLED 제조장비,2015-08-17,12월,경기도,False,False,,True
222800,심텍,KOSDAQ,코스닥,전자부품 제조업,반도체용 인쇄회로기판,2015-08-07,12월,충청북도,False,False,,True
189980,흥국에프엔비,KOSDAQ,코스닥,비알코올음료 및 얼음 제조업,"과일음료(에이드베이스, 스무디, 착즙쥬스 등)",2015-08-07,12월,서울특별시,False,False,,True
222420,쎄노텍,KOSDAQ,코스닥,기타 비금속 광물제품 제조업,세라믹 비드,2015-08-06,12월,경상남도,False,False,,True
094360,칩스앤미디어,KOSDAQ,코스닥,반도체 제조업,비디오 IP,2015-08-05,12월,서울특별시,False,False,,True
127710,아시아경제,KOSDAQ,코스닥,"자료처리, 호스팅, 포털 및 기타 인터넷 정보매개 서비스업",광고 및 콘텐츠,2015-07-31,12월,서울특별시,False,False,,True
224760,엔에스컴퍼니,KONEX,코넥스,토목 건설업,"산업플랜트 건설 및 경상정비, 자동차부품제조판매",2015-07-31,12월,충청남도,False,False,,True
214430,아이쓰리시스템,KOSDAQ,코스닥,전자부품 제조업,"적외선 영상센서, 엑스레이 영상센서",2015-07-30,12월,대전광역시,False,False,,True
067730,로지시스,KOSDAQ,코스닥,"컴퓨터 프로그래밍, 시스템 통합 및 관리업","전산장비 판매 및 유지보수, VAN기기 대행관리",2015-07-29,12월,서울특별시,False,False,,True
222670,플럼라인생명과학,KONEX,코넥스,자연과학 및 공학 연구개발업,"강아지암치료제,돼지DNA테라피",2015-07-28,12월,서울특별시,False,False,,True
220260,켐트로스,KOSDAQ,코스닥,기타 화학제품 제조업,기타화학제품 제조업,2015-07-27,12월,경기도,False,False,,True
214450,파마리서치,KOSDAQ,코스닥,의료용품 및 기타 의약 관련제품 제조업,재생의약품,2015-07-24,12월,강원특별자치도,False,False,,True
219550,디와이디,KOSDAQ,코스닥,생활용품 도매업,화장품 유통,2015-07-22,12월,경기도,False,False,,True
087010,펩트론,KOSDAQ,코스닥,기초 의약물질 제조업,약효지속성 의약품 및 펩타이드 소재,2015-07-22,12월,대전광역시,False,False,,True
214320,이노션,KOSPI,유가,광고업,광고대행 및 광고물의 제작 등,2015-07-17,12월,서울특별시,False,False,,True
214420,토니모리,KOSPI,유가,기타 화학제품 제조업,"스킨케어 베이직, 포인트 메이크업, 스킨케어 스페셜, 베이스 메이크업 등",2015-07-10,12월,서울특별시,False,False,,True
086220,광동헬스바이오,KONEX,코넥스,기타 식품 제조업,건강기능식품,2015-07-09,12월,충청북도,False,False,,True
223220,로지스몬,KONEX,코넥스,기타 운송관련 서비스업,모바일 컨텐츠 개발 및 유통,2015-07-09,12월,서울특별시,False,False,,True
085620,미래에셋생명,KOSPI,유가,보험업,생명보험상품,2015-07-08,12월,서울특별시,True,True,보험,True
218410,RFHIC,KOSDAQ,코스닥,통신 및 방송 장비 제조업,GaN 트랜지스터,2015-06-30,12월,경기도,False,False,,True
094170,동운아나텍,KOSDAQ,코스닥,반도체 제조업,아날로그 반도체,2015-06-30,12월,서울특별시,False,False,,True
178780,일월지엠엘,KOSDAQ,코스닥,상품 종합 도매업,전기 및 온수매트,2015-06-30,12월,서울특별시,False,False,,True
214180,헥토이노베이션,KOSDAQ,코스닥,기타 정보 서비스업,휴대폰부가서비스,2015-06-30,12월,서울특별시,False,False,,True
214390,경보제약,KOSPI,유가,기초 의약물질 제조업,"아토르바스타틴, 세프티족심, 세프트리약손",2015-06-29,12월,충청남도,False,False,,True
216400,인바이츠바이오코아,KONEX,코넥스,자연과학 및 공학 연구개발업,"CRO(분석/생동/임상) 서비스, 유전체 분석 및 유전체 분석제품 개발 등",2015-06-29,12월,서울특별시,False,False,,True
166480,코아스템켐온,KOSDAQ,코스닥,의약품 제조업,줄기세포 치료제,2015-06-26,12월,경기도,False,False,,True
210980,SK디앤디,KOSPI,유가,부동산 임대 및 공급업,"비주거용 부동산개발 및 임대(오피스, 지식산업센터, 호텔 등)",2015-06-23,12월,경기도,False,True,부동산,True
103660,씨앗,KONEX,코넥스,기타 화학제품 제조업,"잉크리본, 인화지",2015-06-22,12월,광주광역시,False,False,,True
177350,베셀,KOSDAQ,코스닥,플라스틱제품 제조업,디스플레이 제조장비,2015-06-19,12월,경기도,False,False,,True
217270,넵튠,KOSDAQ,코스닥,소프트웨어 개발 및 공급업,모바일게임,2015-06-18,12월,서울특별시,False,False,,True
218150,미래생명자원,KOSDAQ,코스닥,동물용 사료 및 조제식품 제조업,동물용 사료 및 조제식품 제조업,2015-06-18,12월,서울특별시,False,False,,True
160980,싸이맥스,KOSDAQ,코스닥,특수 목적용 기계 제조업,"웨이퍼 이송장치(Cluster Tool, EFEM, LPM 등)",2015-06-17,12월,경기도,False,False,,True
217500,러셀,KOSDAQ,코스닥,특수 목적용 기계 제조업,반도체장비 리퍼비시,2015-06-16,12월,충청북도,False,False,,True
087600,픽셀플러스,KOSDAQ,코스닥,전자부품 제조업,CMOS 이미지센서 및 칩셋,2015-06-12,12월,경기도,False,False,,True
187420,HLB제넥스,KOSDAQ,코스닥,기초 의약물질 제조업,산업용 효소,2015-05-29,12월,대전광역시,False,False,,True
217880,틸론,KONEX,코넥스,소프트웨어 개발 및 공급업,"가상화 솔루션(D,A,V,E,I,T Solution) 및 ecloud.com",2015-05-28,12월,서울특별시,False,False,,True
215380,우정바이오,KOSDAQ,코스닥,자연과학 및 공학 연구개발업,"동물실험,CRO서비스,사육장비,세척장비등",2015-05-18,12월,경기도,False,False,,True
076340,지에이이노더스,KONEX,코넥스,기반조성 및 시설물 축조관련 전문공사업,"수중공사, 준설공사 등",2015-05-18,12월,서울특별시,False,False,,True
215480,토박스코리아,KOSDAQ,코스닥,"섬유, 의복, 신발 및 가죽제품 소매업",유아동 신발,2015-05-13,12월,서울특별시,False,False,,True
215790,이노인스트루먼트,KOSDAQ,코스닥,통신 및 방송 장비 제조업,기업 인수 합병,2015-05-08,12월,인천광역시,False,False,,True
215360,우리산업,KOSDAQ,코스닥,자동차 신품 부품 제조업,ACTUATOR 등,2015-05-06,12월,경기도,False,False,,True
215200,메가스터디교육,KOSDAQ,코스닥,일반 교습 학원,"오프라인 학원, 온라인 강의",2015-05-04,12월,서울특별시,False,False,,True
217320,썬테크,KONEX,코넥스,"전동기, 발전기 및 전기 변환 · 공급 · 제어 장치 제조업","자기진단형 발전기, 영구자석 회전자 발전기",2015-04-29,12월,전라남도,False,False,,True
215090,솔디펜스,KOSDAQ,코스닥,"측정, 시험, 항해, 제어 및 기타 정밀기기 제조업; 광학기기 제외",■ 회로카드조립체(프로세서보드용),2015-04-28,12월,경기도,False,False,,True
215100,로보로보,KOSDAQ,코스닥,기타 전기장비 제조업,교육용로봇,2015-04-22,12월,서울특별시,False,False,,True
214680,디알텍,KOSDAQ,코스닥,의료용 기기 제조업,"X-ray Detector, X-ray System",2015-04-20,12월,경기도,False,False,,True
195990,에이비프로바이오,KOSDAQ,코스닥,특수 목적용 기계 제조업,소형 머시닝센터,2015-04-13,12월,대구광역시,False,False,,True
215000,골프존,KOSDAQ,코스닥,소프트웨어 개발 및 공급업,골프시뮬레이터,2015-04-03,12월,서울특별시,False,False,,True
214150,클래시스,KOSDAQ,코스닥,의료용 기기 제조업,미용의료기기,2015-04-03,12월,서울특별시,False,False,,True
214270,FSN,KOSDAQ,코스닥,소프트웨어 개발 및 공급업,카울리,2015-03-25,12월,서울특별시,False,False,,True
145210,다이나믹디자인,KOSPI,유가,특수 목적용 기계 제조업,"타이어 금형, 타이어 제조설비",2015-03-19,12월,광주광역시,False,False,,True
189690,포시에스,KOSDAQ,코스닥,소프트웨어 개발 및 공급업,기업용 리포팅 소프트웨어 솔루션(OZ-Report 등),2015-02-11,06월,서울특별시,False,False,,True
213420,덕산네오룩스,KOSDAQ,코스닥,전자부품 제조업,"HTL(정공수송층), HIL(정공주입층), RED HOST",2015-02-06,12월,충청남도,False,False,,True
213500,한솔제지,KOSPI,유가,"펄프, 종이 및 판지 제조업","인쇄용지, 산업용지, 특수지 제조 및 판매",2015-01-26,12월,서울특별시,False,False,,True
210540,디와이파워,KOSPI,유가,특수 목적용 기계 제조업,유공압기기 등,2015-01-15,12월,경상남도,False,False,,True
060480,국일신동,KOSDAQ,코스닥,1차 비철금속 제조업,황동봉,2014-12-29,12월,경기도,False,False,,True
193250,링크드,KOSDAQ,코스닥,전자부품 제조업,휴대폰용 진동모터,2014-12-29,12월,서울특별시,False,False,,True
206640,바디텍메드,KOSDAQ,코스닥,의료용품 및 기타 의약 관련제품 제조업,면역진단기기 및 카트리지,2014-12-29,12월,강원특별자치도,False,False,,True
208640,썸에이지,KOSDAQ,코스닥,소프트웨어 개발 및 공급업,소프트웨어 개발 및 공급업,2014-12-29,12월,경기도,False,False,,True
200470,에이팩트,KOSDAQ,코스닥,반도체 제조업,메모리 반도체 테스트,2014-12-26,12월,경기도,False,False,,True
200670,휴메딕스,KOSDAQ,코스닥,의약품 제조업,"히알루론산 관절염치료제, 히알루론산 더말필러",2014-12-26,12월,경기도,False,False,,True
189860,서전기전,KOSDAQ,코스닥,"전동기, 발전기 및 전기 변환 · 공급 · 제어 장치 제조업","수배전반, 전력기기, 전기공사",2014-12-24,12월,경기도,False,False,,True
067390,아스트,KOSDAQ,코스닥,"항공기,우주선 및 부품 제조업",항공기용 부품 제조 및 동체 조립,2014-12-24,12월,경상남도,False,False,,True
080580,오킨스전자,KOSDAQ,코스닥,전자부품 제조업,반도체 검사용 소켓,2014-12-24,12월,경기도,False,False,,True
208350,지란지교시큐리티,KOSDAQ,코스닥,소프트웨어 개발 및 공급업,보안 소프트웨어,2014-12-24,12월,경기도,False,False,,True
208710,포톤,KOSDAQ,코스닥,전자부품 제조업,모바일용 카메라모듈 부품외,2014-12-24,12월,경기도,False,False,,True
160550,NEW,KOSDAQ,코스닥,"영화, 비디오물, 방송프로그램 제작 및 배급업",영화 투자 및 배급,2014-12-23,12월,서울특별시,False,False,,True
124500,아이티센글로벌,KOSDAQ,코스닥,"컴퓨터 프로그래밍, 시스템 통합 및 관리업",시스템통합 및 IT서비스,2014-12-23,12월,경기도,False,False,,True
208890,미래엔에듀파트너,KONEX,코넥스,교육지원 서비스업,방과후 교육,2014-12-18,12월,서울특별시,False,False,,True
028260,삼성물산,KOSPI,유가,기타 전문 도매업,"도소매, 건설, 남자용 정장 제조업 등",2014-12-18,12월,서울특별시,False,False,,True
142280,녹십자엠에스,KOSDAQ,코스닥,의료용품 및 기타 의약 관련제품 제조업,"혈액백, 진단시약, 혈액투석액",2014-12-17,12월,경기도,False,False,,True
187220,디티앤씨,KOSDAQ,코스닥,기타 과학기술 서비스업,전기전자규격 인증서비스,2014-12-17,12월,경기도,False,False,,True
208370,셀바스헬스케어,KOSDAQ,코스닥,의료용 기기 제조업,"체성분측정기, 혈압계, 점자정보단말기",2014-12-17,12월,대전광역시,False,False,,True
208140,정다운,KOSDAQ,코스닥,"도축, 육류 가공 및 저장 처리업","통오리,정육,오리털,훈연육",2014-12-17,12월,전라남도,False,False,,True
149980,하이로닉,KOSDAQ,코스닥,의료용 기기 제조업,피부미용 의료기기,2014-12-17,12월,경기도,False,False,,True
084650,랩지노믹스,KOSDAQ,코스닥,자연과학 및 공학 연구개발업,체외진단 서비스 및 제품,2014-12-16,12월,경기도,False,False,,True
200710,에이디테크놀로지,KOSDAQ,코스닥,반도체 제조업,주문형 반도체,2014-12-16,12월,경기도,False,False,,True
200780,비씨월드제약,KOSDAQ,코스닥,의약품 제조업,"마취통증약, 순환계약, 항생제, 기타처방약",2014-12-15,12월,경기도,False,False,,True
207760,미스터블루,KOSDAQ,코스닥,기타 정보 서비스업,"온라인 만화 콘텐츠 서비스 및 제공, 만화 출판",2014-12-12,12월,서울특별시,False,False,,True
196170,알테오젠,KOSDAQ,코스닥,자연과학 및 공학 연구개발업,바이오시밀러 및 바이오베터,2014-12-12,12월,대전광역시,False,False,,True
206400,베노티앤알,KOSDAQ,코스닥,실내건축 및 건축마무리 공사업,"웹게임, 모바일게임",2014-12-10,12월,서울특별시,False,False,,True
140520,대창스틸,KOSDAQ,코스닥,1차 철강 제조업,"냉연강판, 이중바닥재",2014-12-05,12월,인천광역시,False,False,,True
173940,에프엔씨엔터,KOSDAQ,코스닥,창작 및 예술관련 서비스업,"콘서트, 음반/음원",2014-12-04,12월,서울특별시,False,False,,True
205470,휴마시스,KOSDAQ,코스닥,의료용품 및 기타 의약 관련제품 제조업,체외진단키트,2014-12-01,12월,경기도,False,False,,True
112610,씨에스윈드,KOSPI,유가,"구조용 금속제품, 탱크 및 증기발생기 제조업",풍력발전타워 제조,2014-11-27,12월,서울특별시,False,False,,True
200230,텔콘RF제약,KOSDAQ,코스닥,의약품 제조업,"RF 통신부품(케이블 어셈블리, 커넥터 등)",2014-11-24,12월,경기도,False,False,,True
204840,지엘팜텍,KOSDAQ,코스닥,생활용품 도매업,의약품 연구개발업,2014-11-20,12월,경기도,False,False,,True
204620,글로벌텍스프리,KOSDAQ,코스닥,금융 지원 서비스업,환급창구운영사업,2014-11-19,12월,서울특별시,True,True,금융,True
196490,디에이테크놀로지,KOSDAQ,코스닥,특수 목적용 기계 제조업,2차전지설비,2014-11-19,12월,경기도,False,False,,True
018260,삼성에스디에스,KOSPI,유가,"컴퓨터 프로그래밍, 시스템 통합 및 관리업","IT서비스, 물류BPO",2014-11-14,12월,서울특별시,False,False,,True
149010,아이케이세미콘,KONEX,코넥스,반도체 제조업,비메모리 반도체,2014-11-14,12월,서울특별시,False,False,,True
205500,넥써쓰,KOSDAQ,코스닥,소프트웨어 개발 및 공급업,모바일게임,2014-11-12,12월,경기도,False,False,,True
205100,엑셈,KOSDAQ,코스닥,소프트웨어 개발 및 공급업,IT 시스템 성능관리 및 AI데이터 저장관리,2014-11-07,12월,서울특별시,False,False,,True
191420,테고사이언스,KOSDAQ,코스닥,기초 의약물질 제조업,피부세포치료제,2014-11-06,12월,서울특별시,False,False,,True
192440,슈피겐코리아,KOSDAQ,코스닥,그외 기타 제품 제조업,"핸드폰 케이스, 액정보호필름",2014-11-05,12월,서울특별시,False,False,,True
143540,영우디에스피,KOSDAQ,코스닥,특수 목적용 기계 제조업,OLED/LCD 디스플레이 검사장비,2014-10-29,12월,충청남도,False,False,,True
121060,유니포인트,KONEX,코넥스,"컴퓨터 프로그래밍, 시스템 통합 및 관리업","소프트웨어 개발, 도소매컴퓨터시스템 설계, 자문",2014-10-24,12월,경기도,False,False,,True
203650,드림시큐리티,KOSDAQ,코스닥,소프트웨어 개발 및 공급업,정보보안솔루션,2014-10-13,12월,서울특별시,False,False,,True
041920,메디아나,KOSDAQ,코스닥,의료용 기기 제조업,"환자감시장치, 자동심장 제세동기(AED)",2014-10-07,12월,강원특별자치도,False,False,,True
204320,HL만도,KOSPI,유가,자동차 신품 부품 제조업,"제동장치, 조향장치, 현가장치",2014-10-06,12월,경기도,False,False,,True
194480,데브시스터즈,KOSDAQ,코스닥,소프트웨어 개발 및 공급업,모바일 게임,2014-10-06,12월,서울특별시,False,False,,True
203690,아크솔루션스,KOSDAQ,코스닥,"펄프, 종이 및 판지 제조업",화장품,2014-09-30,12월,서울특별시,False,False,,True
192410,오늘이엔엠,KOSDAQ,코스닥,통신 및 방송 장비 제조업,"지능형서비스로봇, 기지국안테나, 여행",2014-08-14,12월,서울특별시,False,False,,True
198440,강동씨앤엘,KOSDAQ,코스닥,"시멘트, 석회, 플라스터 및 그 제품 제조업","시멘트, 레미콘",2014-08-13,12월,전라남도,False,False,,True
202960,판도라티비,KONEX,코넥스,소프트웨어 개발 및 공급업,"판도라TV, KM 플레이어",2014-08-11,12월,경기도,False,False,,True
200880,서연이화,KOSPI,유가,자동차 신품 부품 제조업,자동차 도어 트림 및 시트,2014-08-08,12월,경기도,False,False,,True
187270,신화콘텍,KOSDAQ,코스닥,"전동기, 발전기 및 전기 변환 · 공급 · 제어 장치 제조업","커넥터(정보통신기기용, 디스플레이용, HDD용 등)",2014-08-08,12월,경기도,False,False,,True
192400,쿠쿠홀딩스,KOSPI,유가,기타 금융업,주방용 전기기기 제조업,2014-08-06,12월,경상남도,True,True,금융,True
177830,파버나인,KOSDAQ,코스닥,전자부품 제조업,"알루미늄 소재 TV 외관재(프레임, 스탠드)",2014-08-04,12월,인천광역시,False,False,,True
090410,덕신이피씨,KOSDAQ,코스닥,"구조용 금속제품, 탱크 및 증기발생기 제조업",일체형 데크플레이트 등,2014-08-01,12월,충청남도,False,False,,True
004650,창해에탄올,KOSDAQ,코스닥,알코올음료 제조업,"주정(발효주정, 정제주정) 등",2014-07-30,12월,전북특별자치도,False,False,,True
192390,윈하이텍,KOSDAQ,코스닥,"구조용 금속제품, 탱크 및 증기발생기 제조업",데크 플레이트(건설용거푸집),2014-07-25,12월,충청북도,False,False,,True
059120,아진엑스텍,KOSDAQ,코스닥,반도체 제조업,"전자집적회로, 모션제어칩",2014-07-24,12월,대구광역시,False,False,,True
200130,콜마비앤에이치,KOSDAQ,코스닥,기초 의약물질 제조업,건강기능식품,2014-07-23,12월,세종특별자치시,False,False,,True
133820,화인베스틸,KOSPI,유가,1차 철강 제조업,"조선용 형강(부등변 부등후 앵글, 부등호 앵글, 등변앵글 평철 등)",2014-07-22,12월,경상남도,False,False,,True
105550,엣지파운드리,KOSDAQ,코스닥,전자부품 제조업,"자동차용 센서(APS, TPS, IAPS, SLS)",2014-07-11,12월,대전광역시,False,False,,True
136660,큐엠씨,KONEX,코넥스,특수 목적용 기계 제조업,"반도체, LED, FPD 제조 및 검사 장비",2014-07-01,12월,경기도,False,False,,True
199150,데이터스트림즈,KONEX,코넥스,소프트웨어 개발 및 공급업,TeraStream,2014-06-25,12월,서울특별시,False,False,,True
196450,코아시아씨엠,KOSDAQ,코스닥,사진장비 및 광학기기 제조업,휴대폰용카메라렌즈모듈제조,2014-06-02,12월,경기도,False,False,,True
071850,캐스텍코리아,KOSDAQ,코스닥,자동차 신품 부품 제조업,자동차용 터보차저 부품,2014-05-27,12월,부산광역시,False,False,,True
027410,BGF,KOSPI,유가,기타 금융업,지주회사,2014-05-19,12월,서울특별시,True,True,금융,True
187790,나노,KOSDAQ,코스닥,기초 화학물질 제조업,SCR촉매,2014-05-08,12월,경상북도,False,False,,True
192250,케이사인,KOSDAQ,코스닥,소프트웨어 개발 및 공급업,,2014-04-28,12월,경기도,False,False,,True
192820,코스맥스,KOSPI,유가,기타 화학제품 제조업,화장품,2014-04-07,12월,경기도,False,False,,True
138080,오이솔루션,KOSDAQ,코스닥,통신 및 방송 장비 제조업,광트랜시버,2014-02-27,12월,광주광역시,False,False,,True
053300,한국정보인증,KOSDAQ,코스닥,소프트웨어 개발 및 공급업,"공인인증서, PKI솔루션 등",2014-02-04,12월,경기도,False,False,,True
154040,다산솔루에타,KOSDAQ,코스닥,전자부품 제조업,전자파 차폐소재,2013-12-27,12월,경기도,False,False,,True
090850,현대이지웰,KOSDAQ,코스닥,소프트웨어 개발 및 공급업,선택적복리후생서비스,2013-12-27,12월,서울특별시,False,False,,True
140660,위월드,KONEX,코넥스,통신 및 방송 장비 제조업,"이동위성통신안테나, 위성방송시스템",2013-12-26,12월,대전광역시,False,False,,True
189350,코셋,KONEX,코넥스,통신 및 방송 장비 제조업,광통신용 증폭기,2013-12-24,12월,광주광역시,False,False,,True
184230,SGA솔루션즈,KOSDAQ,코스닥,소프트웨어 개발 및 공급업,보안솔루션,2013-12-20,12월,경기도,False,False,,True
178600,대동고려삼,KONEX,코넥스,기타 식품 제조업,"인삼식품(홍삼진액, 홍삼정)",2013-12-20,06월,충청남도,False,False,,True
049080,기가레인,KOSDAQ,코스닥,전자부품 제조업,RF통신부품 및 반도체 장비,2013-12-19,12월,경기도,False,False,,True
085810,알티캐스트,KOSDAQ,코스닥,소프트웨어 개발 및 공급업,"디지털 방송용 소프트웨어(셋톱박스용 미들웨어 등), CAS(수신제한시스템)",2013-12-06,12월,서울특별시,False,False,,True
185750,종근당,KOSPI,유가,의약품 제조업,"딜라트렌,리피로우",2013-12-06,12월,서울특별시,False,False,,True
170030,현대공업,KOSDAQ,코스닥,자동차 신품 부품 제조업,"시트패드, 암레스트, 헤드레스트",2013-12-04,12월,울산광역시,False,False,,True
067570,엔브이에이치코리아,KOSDAQ,코스닥,자동차 신품 부품 제조업,"헤드라이너, NVH부품",2013-12-03,12월,울산광역시,False,False,,True
134580,탑코미디어,KOSDAQ,코스닥,"자료처리, 호스팅, 포털 및 기타 인터넷 정보매개 서비스업","웹툰, 만화",2013-11-26,12월,서울특별시,False,False,,True
006880,신송홀딩스,KOSPI,유가,산업용 농·축산물 및 동·식물 도매업,사업경영 및 관리자문,2013-11-21,12월,서울특별시,False,False,,True
182360,큐브엔터,KOSDAQ,코스닥,오디오물 출판 및 원판 녹음업,"음반음원, 콘서트, 아티스트매니지먼트",2013-11-21,12월,서울특별시,False,False,,True
171120,라이온켐텍,KOSDAQ,코스닥,기타 화학제품 제조업,"합성왁스, 인조대리석",2013-11-19,12월,대전광역시,False,False,,True
171010,램테크놀러지,KOSDAQ,코스닥,기초 화학물질 제조업,"반도체 식각액, 박리액, 세정액 등",2013-11-18,12월,경기도,False,False,,True
138360,앤로보틱스,KOSDAQ,코스닥,특수 목적용 기계 제조업,기계제조,2013-11-08,12월,경기도,False,False,,True
183190,아세아시멘트,KOSPI,유가,"시멘트, 석회, 플라스터 및 그 제품 제조업","시멘트, 레미콘, 몰탈",2013-11-06,12월,서울특별시,False,False,,True
076610,해성옵틱스,KOSDAQ,코스닥,사진장비 및 광학기기 제조업,휴대폰용 렌즈모듈 및 카메라모듈,2013-11-06,12월,경기도,False,False,,True
168330,내츄럴엔도텍,KOSDAQ,코스닥,자연과학 및 공학 연구개발업,"백수오 여성호르몬제, 백수오등복합추출물(원료)",2013-10-31,12월,경기도,False,False,,True
064350,현대로템,KOSPI,유가,그외 기타 운송장비 제조업,"철도차량, 특수중기, 산업기계",2013-10-30,12월,경상남도,False,False,,True
185190,수프로,KONEX,코넥스,산업용 농·축산물 및 동·식물 도매업,조경수용 수목,2013-10-29,03월,서울특별시,False,False,,True
131970,두산테스나,KOSDAQ,코스닥,"그외 기타 전문, 과학 및 기술 서비스업",반도체 테스트,2013-10-22,12월,경기도,False,False,,True
150900,파수AI,KOSDAQ,코스닥,소프트웨어 개발 및 공급업,기업용 문서보안 솔루션,2013-10-18,12월,서울특별시,False,False,,True
170920,엘티씨,KOSDAQ,코스닥,기초 화학물질 제조업,FPD(LCD/OLED) 및 반도체용 박리액,2013-10-08,12월,경기도,False,False,,True
119850,지엔씨에너지,KOSDAQ,코스닥,"전동기, 발전기 및 전기 변환 · 공급 · 제어 장치 제조업","비상발전기, 소형열병합발전설비, 바이오가스발전설비",2013-10-02,12월,서울특별시,False,False,,True
180640,한진칼,KOSPI,유가,기타 금융업,"지주사업, 경영자문 및 컨설팅",2013-09-16,12월,서울특별시,True,True,금융,True
092040,아미코젠,KOSDAQ,코스닥,기타 식품 제조업,제약용 특수효소 및 효소기반 바이오신소재,2013-09-12,12월,경상남도,False,False,,True
181710,NHN,KOSPI,유가,소프트웨어 개발 및 공급업,한게임,2013-08-29,12월,경기도,False,False,,True
130500,GH신소재,KOSDAQ,코스닥,기타 섬유제품 제조업,"자동차용 부직포, 폴리우레탄 폼",2013-08-02,12월,경상북도,False,False,,True
170790,파이오링크,KOSDAQ,코스닥,통신 및 방송 장비 제조업,"ADC(서버부하 분산장치), 보안스위치, 웹방화벽",2013-08-01,12월,서울특별시,False,False,,True
151860,KG에코솔루션,KOSDAQ,코스닥,자동차 차체나 트레일러 제조업,"집단에너지(스팀), 산화동, 폐기물 소각",2013-07-24,12월,경상남도,False,False,,True
175330,JB금융지주,KOSPI,유가,기타 금융업,금융지주 회사,2013-07-18,12월,전북특별자치도,True,True,금융,True
089600,KT나스미디어,KOSDAQ,코스닥,광고업,광고매체 판매,2013-07-17,12월,서울특별시,False,False,,True
114920,대주이엔티,KONEX,코넥스,1차 철강 제조업,"이중보온관, 엘리베이터 가이드 레일",2013-07-01,12월,인천광역시,False,False,,True
179720,머니무브,KONEX,코넥스,기타 금융업,"신용평가솔루션, 온라인투자연계금융서비스",2013-07-01,12월,서울특별시,True,True,금융,True
116100,태양기계,KONEX,코넥스,자동차 신품 부품 제조업,엔진부품,2013-07-01,12월,경기도,False,False,,True
950130,엑세스바이오,KOSDAQ,코스닥,의료용품 및 기타 의약 관련제품 제조업,"말라리아 진단키트(RDT), HIV 진단키트(RDT)",2013-05-30,12월,미국,False,False,,True
155660,DSR,KOSPI,유가,1차 비철금속 제조업,합섬섬유로프,2013-05-15,12월,부산광역시,False,False,,True
141080,리가켐바이오,KOSDAQ,코스닥,자연과학 및 공학 연구개발업,ADC 신약연구개발,2013-05-10,12월,대전광역시,False,False,,True
170900,동아에스티,KOSPI,유가,의약품 제조업,"스티렌, 자이데나",2013-04-08,12월,서울특별시,False,False,,True
097800,윈팩,KOSDAQ,코스닥,반도체 제조업,반도체 패키징 및 테스트,2013-03-07,12월,경기도,False,False,,True
104540,코렌텍,KOSDAQ,코스닥,의료용 기기 제조업,"인공고관절, 인공슬관절 등",2013-03-05,12월,충청남도,False,False,,True
159580,제로투세븐,KOSDAQ,코스닥,생활용품 도매업,유아동복 및 용품,2013-02-19,12월,서울특별시,False,False,,True
114810,한솔아이원스,KOSDAQ,코스닥,특수 목적용 기계 제조업,"반도체 장비 부품 제조 및 세정, LCD 장비 부품 제조",2013-02-07,12월,경기도,False,False,,True
153490,우리이앤엘하루틴,KOSDAQ,코스닥,반도체 제조업,LED 패키지,2013-02-05,12월,경기도,False,False,,True
099190,아이센스,KOSDAQ,코스닥,의료용 기기 제조업,"혈당측정스트립, 혈당측정기기 등",2013-01-30,12월,서울특별시,False,False,,True
159910,에코글로우,KOSDAQ,코스닥,기타 화학제품 제조업,"화장품제조,마스크",2012-12-27,12월,경기도,False,False,,True
046970,우리로,KOSDAQ,코스닥,기타 전문 도매업,"광분배기(웨이퍼, 칩, 모듈), 광다이오드",2012-11-27,12월,광주광역시,False,False,,True
113810,디젠스,KOSDAQ,코스닥,자동차 신품 부품 제조업,자동차용 소음기(머플러),2012-11-22,12월,경기도,False,False,,True
013870,지엠비코리아,KOSPI,유가,자동차 신품 부품 제조업,"V/S,EWP,ITM,CVJOINT",2012-11-20,12월,경상남도,False,False,,True
155650,와이엠씨,KOSDAQ,코스닥,전자부품 제조업,"FPD 패널용 Target, Backing Plate 등",2012-11-15,12월,충청남도,False,False,,True
037560,LG헬로비전,KOSPI,유가,텔레비전 방송업,"케이블TV, 인터넷서비스 등",2012-11-09,12월,경기도,False,False,,True
149950,아바텍,KOSDAQ,코스닥,전자부품 제조업,"Glass Slimming & ITO코팅 제품, PDP필터",2012-11-06,12월,대구광역시,False,False,,True
163560,동일고무벨트,KOSPI,유가,고무제품 제조업,"산업용고무제품, 종합고무부품",2012-10-19,12월,부산광역시,False,False,,True
161890,한국콜마,KOSPI,유가,기타 화학제품 제조업,"화장품, 의약품",2012-10-19,12월,세종특별자치시,False,False,,True
161390,한국타이어앤테크놀로지,KOSPI,유가,고무제품 제조업,타이어 제조,2012-10-04,12월,경기도,False,False,,True
121850,코이즈,KOSDAQ,코스닥,플라스틱제품 제조업,"보호필름, 도광판, 백코팅",2012-09-27,12월,충청북도,False,False,,True
161000,애경케미칼,KOSPI,유가,기초 화학물질 제조업,무수프탈산 등,2012-09-17,12월,서울특별시,False,False,,True
153460,네이블,KOSDAQ,코스닥,소프트웨어 개발 및 공급업,"유무선융합 인프라, 클라이언트 및 All-IP 통신보안",2012-07-19,12월,서울특별시,False,False,,True
106520,노블엠앤비,KOSDAQ,코스닥,사진장비 및 광학기기 제조업,차량용 카메라렌즈 및 프로젝션광학모듈렌즈,2012-07-13,12월,경기도,False,False,,True
137400,피엔티,KOSDAQ,코스닥,특수 목적용 기계 제조업,2차전지 및 전자소재용 Roll-to-Roll 장비,2012-07-06,12월,경상북도,False,False,,True
014710,사조씨푸드,KOSPI,유가,수산물 가공 및 저장 처리업,횟감용 참치 및 기타 일반수산물,2012-06-29,12월,서울특별시,False,False,,True
141000,비아트론,KOSDAQ,코스닥,특수 목적용 기계 제조업,디스플레이 및 반도체 제조용 장비,2012-05-04,12월,경기도,False,False,,True
072950,빛샘전자,KOSDAQ,코스닥,전자부품 제조업,"전광판용 LED 모듈, LED 전광판, 광접속함체",2012-03-21,12월,경기도,False,False,,True
079980,휴비스,KOSPI,유가,화학섬유 제조업,"합성섬유(폴리에스테르원사,원면),재생섬유,폴리에스텔 원사,원면,고상칩 제조,도소매",2012-02-23,12월,서울특별시,False,False,,True
143240,사람인,KOSDAQ,코스닥,"자료처리, 호스팅, 포털 및 기타 인터넷 정보매개 서비스업","온라인 채용광고(취업포털), 인재파견, 취업지원 등",2012-02-21,12월,서울특별시,False,False,,True
147830,제룡산업,KOSDAQ,코스닥,"구조용 금속제품, 탱크 및 증기발생기 제조업",송배전 금구류 및 합성수지 제품,2012-02-13,12월,서울특별시,False,False,,True
091590,남화토건,KOSDAQ,코스닥,건물 건설업,"건축공사, 토목공사",2012-01-31,12월,전라남도,False,False,,True
145270,케이탑리츠,KOSPI,유가,부동산 임대 및 공급업,부동산 임대,2012-01-31,12월,서울특별시,False,True,부동산,True
140410,메지온,KOSDAQ,코스닥,자연과학 및 공학 연구개발업,"발기부전증치료제, 전립선비대증치료제",2012-01-20,12월,서울특별시,False,False,,True
104830,원익머트리얼즈,KOSDAQ,코스닥,기초 화학물질 제조업,"저메인가스,디실란,아산화질소,암모니아 등",2011-12-28,12월,충청북도,False,False,,True
127120,제이에스링크,KOSDAQ,코스닥,자연과학 및 공학 연구개발업,"유전체분석(EGIS), 개인유전체분석(DNAGPS)",2011-12-26,12월,서울특별시,False,False,,True
007070,GS리테일,KOSPI,유가,종합 소매업,"체인화 편의점,슈퍼마켓,마트,전자상거래/부동산(빌딩) 임대",2011-12-23,12월,서울특별시,False,False,,True
130580,나이스디앤비,KOSDAQ,코스닥,기타 사업지원 서비스업,기업신용조사 보고서,2011-12-22,12월,서울특별시,False,False,,True
131090,시큐브,KOSDAQ,코스닥,소프트웨어 개발 및 공급업,"시스템보안관리솔루션, 정보유출방지솔루션",2011-12-21,12월,서울특별시,False,False,,True
100660,서암기계공업,KOSDAQ,코스닥,일반 목적용 기계 제조업,"공작기계부품(정밀기어,척),산업기계 제조부동산 임대",2011-12-19,12월,광주광역시,False,False,,True
129260,인터지스,KOSPI,유가,도로 화물 운송업,"화물운송,알선,하역",2011-12-16,12월,부산광역시,False,False,,True
115480,씨유메디칼,KOSDAQ,코스닥,의료용 기기 제조업,심장제세동기,2011-12-15,12월,강원특별자치도,False,False,,True
145990,삼양사,KOSPI,유가,기타 식품 제조업,설탕,2011-12-05,12월,서울특별시,False,False,,True
139670,키네마스터,KOSDAQ,코스닥,소프트웨어 개발 및 공급업,"NexMFW, NexPlayer EMB",2011-12-02,12월,서울특별시,False,False,,True
121800,비덴트,KOSDAQ,코스닥,통신 및 방송 장비 제조업,방송용 LCD모니터,2011-12-01,12월,서울특별시,False,False,,True
138070,신진에스엠,KOSDAQ,코스닥,기타 금속 가공제품 제조업,표준 플레이트,2011-11-28,12월,전북특별자치도,False,False,,True
123570,이엠넷,KOSDAQ,코스닥,광고업,온라인 검색광고 대행,2011-11-25,12월,서울특별시,False,False,,True
122870,와이지엔터테인먼트,KOSDAQ,코스닥,오디오물 출판 및 원판 녹음업,"음악 및 기타 오디오물 출판, 신인 아티스트 육성 및 매니지먼트",2011-11-23,12월,서울특별시,False,False,,True
089030,테크윙,KOSDAQ,코스닥,특수 목적용 기계 제조업,"반도체테스트핸들러,C.O.K(Change Over Kit)",2011-11-10,12월,경기도,False,False,,True
101240,씨큐브,KOSDAQ,코스닥,기초 화학물질 제조업,진주광택안료,2011-11-08,12월,충청북도,False,False,,True
007820,엠엑스로보틱스,KOSDAQ,코스닥,일반 목적용 기계 제조업,"자동화물류서비스, 자동화공정설비",2011-11-08,12월,서울특별시,False,False,,True
115530,씨엔플러스,KOSDAQ,코스닥,전자부품 제조업,커넥터,2011-11-02,12월,경기도,False,False,,True
039130,하나투어,KOSPI,유가,여행사 및 기타 여행보조 서비스업,"일반여행알선,컴퓨터프로그램 개발,보급,통신판매",2011-11-01,12월,서울특별시,False,False,,True
090360,로보스타,KOSDAQ,코스닥,특수 목적용 기계 제조업,"제조용 로봇, FPD 장비, IT부품 제조장비",2011-10-17,12월,경기도,False,False,,True
131220,대한과학,KOSDAQ,코스닥,기계장비 및 관련 물품 도매업,"의료, 정밀 및 연구실험기기 제조 및 유통",2011-10-11,12월,강원특별자치도,False,False,,True
143160,아이디스,KOSDAQ,코스닥,통신 및 방송 장비 제조업,"영상보안장치(DVR,NVR,IP-Camera 등)",2011-09-26,12월,대전광역시,False,False,,True
078520,에이블씨엔씨,KOSPI,유가,기타 화학제품 제조업,"화장품 제조,도소매/소프트웨어 자문,개발,공급/전자상거래",2011-09-07,12월,서울특별시,False,False,,True
137950,제이씨케미칼,KOSDAQ,코스닥,기타 화학제품 제조업,"바이오디젤, 바이오중유 등",2011-08-08,12월,울산광역시,False,False,,True
040910,아이씨디,KOSDAQ,코스닥,특수 목적용 기계 제조업,"건식세정기,LCD,반도체 장비,광정보통신 부품,장비 제조,연구개발,용역 서비스,수출입",2011-08-05,12월,경기도,False,False,,True
123330,제닉,KOSDAQ,코스닥,기타 화학제품 제조업,"하이드로겔 마스크 팩, 기타화장품",2011-08-03,12월,경기도,False,False,,True
023000,삼원강재,KOSPI,유가,자동차 신품 부품 제조업,"열간압연제품(평강,봉강,특수이형강,환강,자동차용 겹판스프링) 제조,판매",2011-07-22,12월,경상북도,False,False,,True
089980,상아프론테크,KOSDAQ,코스닥,플라스틱제품 제조업,"LCD부품,사무기기부품,PCB부품,2차전지부품",2011-07-21,12월,인천광역시,False,False,,True
031430,신세계인터내셔날,KOSPI,유가,"섬유, 의복, 신발 및 가죽제품 소매업","섬유, 의복, 신발 및 가죽제품 소매",2011-07-14,12월,서울특별시,False,False,,True
140910,에이리츠,KOSPI,유가,부동산 임대 및 공급업,,2011-07-14,12월,서울특별시,False,True,부동산,True
138610,나이벡,KOSDAQ,코스닥,의료용품 및 기타 의약 관련제품 제조업,"치아미백제,치과용 골이식재",2011-07-13,12월,충청북도,False,False,,True
109080,옵티시스,KOSDAQ,코스닥,통신 및 방송 장비 제조업,광링크 모듈 등,2011-07-12,12월,경기도,False,False,,True
108380,대양전기공업,KOSDAQ,코스닥,선박 및 보트 건조업,"해상용 조명등기구, (함정용)전자시스템, 배전반류 등",2011-07-08,12월,부산광역시,False,False,,True
047810,한국항공우주,KOSPI,유가,"항공기,우주선 및 부품 제조업","정부방산 및 완제기 수출(T-50계열, KUH계열, KT-1계열 등), 기체부품",2011-06-30,12월,경상남도,False,False,,True
071840,롯데하이마트,KOSPI,유가,가전제품 및 정보통신장비 소매업,"가전제품,잡화 도소매/부동산 임대",2011-06-29,12월,서울특별시,False,False,,True
019770,서연탑메탈,KOSDAQ,코스닥,특수 목적용 기계 제조업,자동차금형.건설중장비 부품,2011-06-24,12월,인천광역시,False,False,,True
069640,한세엠케이,KOSPI,유가,"섬유, 의복, 신발 및 가죽제품 소매업","케주얼웨어(BUCKAROO, TBJ 등)",2011-06-21,12월,서울특별시,False,False,,True
137940,넥스트아이,KOSDAQ,코스닥,"측정, 시험, 항해, 제어 및 기타 정밀기기 제조업; 광학기기 제외","LCD 편광필름 검사장비, BLU 검사장비 등",2011-06-14,12월,경기도,False,False,,True
131100,티엔엔터테인먼트,KOSDAQ,코스닥,"영화, 비디오물, 방송프로그램 제작 및 배급업","연예인 매니지먼트, 계육, 식음료",2011-06-14,12월,서울특별시,False,False,,True
139480,이마트,KOSPI,유가,종합 소매업,대형마트,2011-06-10,12월,서울특별시,False,False,,True
139130,iM금융지주,KOSPI,유가,기타 금융업,지주회사,2011-06-07,12월,대구광역시,True,True,금융,True
053210,케이티스카이라이프,KOSPI,유가,텔레비전 방송업,위성방송서비스,2011-06-03,12월,서울특별시,False,False,,True
122450,KX,KOSDAQ,코스닥,텔레비전 방송업,방송채널사업 및 방송송출서비스,2011-05-25,12월,서울특별시,False,False,,True
121440,골프존홀딩스,KOSDAQ,코스닥,상품 중개업,골프시뮬레이터,2011-05-20,12월,서울특별시,False,False,,True
138040,메리츠금융지주,KOSPI,유가,기타 금융업,투자사업,2011-05-13,12월,서울특별시,True,True,금융,True
136540,윈스테크넷,KOSDAQ,코스닥,"컴퓨터 프로그래밍, 시스템 통합 및 관리업","네크워크보안장비(IPS, 안티 DDoS)",2011-05-02,12월,경기도,False,False,,True
136480,하림,KOSDAQ,코스닥,"도축, 육류 가공 및 저장 처리업","육계, 육계가공식품",2011-05-02,12월,전북특별자치도,False,False,,True
023350,한국종합기술,KOSPI,유가,"건축기술, 엔지니어링 및 관련 기술 서비스업","토목설계,건축설계,감리,측량/토목건축공사",2011-04-28,12월,경기도,False,False,,True
134060,이퓨쳐,KOSDAQ,코스닥,"서적, 잡지 및 기타 인쇄물 출판업",Smart Phonics 등(외국어 어학교재),2011-04-27,12월,서울특별시,False,False,,True
104480,티케이케미칼,KOSDAQ,코스닥,화학섬유 제조업,"수지, 폴리에스터, 스판덱스",2011-04-26,12월,대구광역시,False,False,,True
138930,BNK금융지주,KOSPI,유가,기타 금융업,금융지주회사,2011-03-30,12월,부산광역시,True,True,금융,True
020150,롯데에너지머티리얼즈,KOSPI,유가,전자부품 제조업,"인쇄회로기판(PCB)용 전해동박(ACF,UCF),에폭시용 동박,전해콘덴서용 알루미늄박 제조,판매",2011-03-04,12월,전북특별자치도,False,False,,True
008470,부스타,KOSDAQ,코스닥,"구조용 금속제품, 탱크 및 증기발생기 제조업","관류보일러,진공온수보일러,무압온수보일러,난방기 제조,판매",2011-02-23,12월,충청북도,False,False,,True
011210,현대위아,KOSPI,유가,자동차 신품 부품 제조업,"자동차부품, 공작기계 등",2011-02-21,12월,경상남도,False,False,,True
136490,선진,KOSPI,유가,동물용 사료 및 조제식품 제조업,조제동물사료,2011-02-16,12월,경기도,False,False,,True
134380,미원화학,KOSPI,유가,기타 화학제품 제조업,"계면활성제, 황산및분황",2011-02-15,12월,울산광역시,False,False,,True
121600,나노신소재,KOSDAQ,코스닥,기타 화학제품 제조업,"인듐계 산화물 TCO Target, 반도체 CMP Slurry 등",2011-02-09,12월,세종특별자치시,False,False,,True
093320,케이아이엔엑스,KOSDAQ,코스닥,"자료처리, 호스팅, 포털 및 기타 인터넷 정보매개 서비스업",인터넷연동서비스 등,2011-02-08,12월,경기도,False,False,,True
130740,티피씨글로벌,KOSDAQ,코스닥,자동차 신품 부품 제조업,"정밀인발강관, 정밀강관, Water pipe, Filler Neck 등",2011-02-08,12월,경상북도,False,False,,True
061970,LB세미콘,KOSDAQ,코스닥,반도체 제조업,"골드범핑, 솔더범핑 등",2011-01-31,12월,경기도,False,False,,True
131180,딜리,KOSDAQ,코스닥,컴퓨터 및 주변장치 제조업,디지털 UV 프린터,2011-01-31,12월,경기도,False,False,,True
126880,제이엔케이글로벌,KOSDAQ,코스닥,일반 목적용 기계 제조업,"산업용가열로, 수소충전소",2011-01-31,12월,경기도,False,False,,True
033560,블루콤,KOSDAQ,코스닥,영상 및 음향기기 제조업,블루투스헤드셋,2011-01-26,12월,인천광역시,False,False,,True
048530,인트론바이오,KOSDAQ,코스닥,기초 의약물질 제조업,"바이오 신약, 분자진단제품, 동물용항생제대체재",2011-01-26,12월,경기도,False,False,,True
134790,시디즈,KOSPI,유가,가구 제조업,의자,2011-01-25,12월,경기도,False,False,,True
131370,알서포트,KOSDAQ,코스닥,소프트웨어 개발 및 공급업,"원격지원,제어 솔루션",2011-01-05,12월,서울특별시,False,False,,True
064290,인텍플러스,KOSDAQ,코스닥,특수 목적용 기계 제조업,"LED 외관검사장비, 반도체 외관검사장비, 태양전지 외관검사장비등",2011-01-05,12월,대전광역시,False,False,,True
131290,티에스이,KOSDAQ,코스닥,"측정, 시험, 항해, 제어 및 기타 정밀기기 제조업; 광학기기 제외","Probe Card, Test Interface Board, OLED Test Equipment, Test Socket",2011-01-05,12월,충청남도,False,False,,True
082740,한화엔진,KOSPI,유가,일반 목적용 기계 제조업,"대형선박용엔진,내연발전엔진",2011-01-04,12월,경상남도,False,False,,True
131400,이브이첨단소재,KOSDAQ,코스닥,전자부품 제조업,연성회로기판,2010-12-27,12월,대구광역시,False,False,,True
117580,대성에너지,KOSPI,유가,연료용 가스 제조 및 배관공급업,천연가스,2010-12-24,12월,대구광역시,False,False,,True
126560,현대퓨처넷,KOSPI,유가,전기 통신업,"디지털 사이니지, 기업 메시징 등",2010-12-23,12월,서울특별시,False,False,,True
120240,대정화금,KOSDAQ,코스닥,기초 화학물질 제조업,"시약, 원료의약품",2010-12-20,12월,경기도,False,False,,True
058860,KTis,KOSPI,유가,기타 정보 서비스업,"114전화번호안내, 고객센터",2010-12-17,12월,서울특별시,False,False,,True
130660,한전산업,KOSPI,유가,"건축기술, 엔지니어링 및 관련 기술 서비스업","발전설비 운전·정비, 전기검침",2010-12-16,12월,서울특별시,False,False,,True
128660,피제이메탈,KOSDAQ,코스닥,1차 비철금속 제조업,"탈산제, 조재제",2010-12-13,12월,서울특별시,False,False,,True
131030,옵투스제약,KOSDAQ,코스닥,의약품 제조업,티어린프리점안액,2010-12-03,12월,충청북도,False,False,,True
096690,에이루트,KOSDAQ,코스닥,컴퓨터 및 주변장치 제조업,"POS프린터, Mobile프린터, Label프린터",2010-12-01,12월,경기도,False,False,,True
900140,엘브이엠씨,KOSPI,유가,자동차 판매업,지주회사,2010-11-30,12월,케이맨 제도,False,False,,True
033830,티비씨,KOSDAQ,코스닥,텔레비전 방송업,"텔레비젼 방송,문화서비스,광고/출판,음반 제작,도매",2010-11-29,12월,대구광역시,False,False,,True
033170,시그네틱스,KOSDAQ,코스닥,반도체 제조업,반도체 패키징,2010-11-26,12월,경기도,False,False,,True
041460,한국전자인증,KOSDAQ,코스닥,소프트웨어 개발 및 공급업,"개인용이메일 보안,인증업무,전자상거래관련 인증서비스/기업용 인증솔루션 제공",2010-11-19,12월,서울특별시,False,False,,True
126600,BGF에코머티리얼즈,KOSDAQ,코스닥,합성고무 및 플라스틱 물질 제조업,엔지니어링 플라스틱 칩,2010-11-12,12월,경기도,False,False,,True
105740,디케이락,KOSDAQ,코스닥,일반 목적용 기계 제조업,계장용 피팅 및 밸브,2010-11-12,12월,경상남도,False,False,,True
123420,위메이드플레이,KOSDAQ,코스닥,소프트웨어 개발 및 공급업,모바일게임,2010-11-10,12월,경기도,False,False,,True
123860,아나패스,KOSDAQ,코스닥,반도체 제조업,Timing Controller(TCON),2010-11-05,12월,서울특별시,False,False,,True
058400,KNN,KOSDAQ,코스닥,텔레비전 방송업,방송프로그램 제작 및 송출,2010-11-03,12월,부산광역시,False,False,,True
069140,누리플랜,KOSDAQ,코스닥,"구조용 금속제품, 탱크 및 증기발생기 제조업","경관조명, 경관시설",2010-10-26,12월,경기도,False,False,,True
119830,아이텍,KOSDAQ,코스닥,"그외 기타 전문, 과학 및 기술 서비스업",비메모리 반도체 테스트,2010-10-26,12월,경기도,False,False,,True
101930,인화정공,KOSDAQ,코스닥,선박 및 보트 건조업,선박엔진부품,2010-10-22,12월,경상남도,False,False,,True
068940,셀피글로벌,KOSDAQ,코스닥,전자부품 제조업,신용카드 및 전자화폐 등,2010-10-19,12월,대구광역시,False,False,,True
123840,뉴온,KOSDAQ,코스닥,기타 식품 제조업,건강기능식품 및 생활용품 외,2010-10-05,12월,경기도,False,False,,True
081660,미스토홀딩스,KOSPI,유가,생활용품 도매업,"스포츠의류,신발,가방,시계,골프장비,화장품,가죽제품(지갑,키홀더) 도매,수출입",2010-09-28,12월,서울특별시,False,False,,True
117670,알파칩스,KOSDAQ,코스닥,반도체 제조업,시스템 반도체 개발,2010-09-17,12월,경기도,False,False,,True
119500,포메탈,KOSDAQ,코스닥,기타 금속 가공제품 제조업,"자동차,풍력,방위산업,산업기계,농기계등의 단조부품",2010-09-17,12월,충청남도,False,False,,True
058850,KTcs,KOSPI,유가,기타 정보 서비스업,전화번호검색 데이타제공/콜센터 운영,2010-09-16,12월,대전광역시,False,False,,True
068240,다원시스,KOSDAQ,코스닥,"전동기, 발전기 및 전기 변환 · 공급 · 제어 장치 제조업","핵융합 전원장치, 플라즈마 전원장치, 태양광 CVD 전원장치, 산업용 특수정류기",2010-09-14,12월,경기도,False,False,,True
057050,현대홈쇼핑,KOSPI,유가,무점포 소매업,TV홈쇼핑 도소매/홈쇼핑프로그램 제작,2010-09-13,12월,서울특별시,False,False,,True
096530,씨젠,KOSDAQ,코스닥,의료용품 및 기타 의약 관련제품 제조업,"호흡기성 병원체 검사제품, 성감염증원인균 검사제품",2010-09-10,12월,서울특별시,False,False,,True
122990,와이솔,KOSDAQ,코스닥,전자부품 제조업,"SAW Filter, Wafer Chip, Duplexer",2010-09-10,12월,경기도,False,False,,True
126700,하이비젼시스템,KOSDAQ,코스닥,사진장비 및 광학기기 제조업,카메라모듈 제조검사용 장비,2010-09-10,12월,경기도,False,False,,True
126640,화신정공,KOSDAQ,코스닥,자동차 신품 부품 제조업,자동차부품,2010-08-31,12월,경상북도,False,False,,True
123410,코리아에프티,KOSDAQ,코스닥,자동차 신품 부품 제조업,"캐니스터,플라스틱필러넥,의장부품",2010-08-27,12월,경기도,False,False,,True
002150,도화엔지니어링,KOSPI,유가,"건축기술, 엔지니어링 및 관련 기술 서비스업","토목설계,건축설계,종합감리전문업,종합기술용역,엔지니어링",2010-08-12,12월,서울특별시,False,False,,True
123040,엠에스오토텍,KOSDAQ,코스닥,자동차 신품 부품 제조업,자동차 차체 부품,2010-08-06,12월,경상북도,False,False,,True
067920,이글루,KOSDAQ,코스닥,기타 정보 서비스업,"통합보안관리솔루션, 보안관제서비스",2010-08-04,12월,서울특별시,False,False,,True
128820,대성산업,KOSPI,유가,연료 소매업,"주요소운영,기계판매 등",2010-07-30,12월,서울특별시,False,False,,True
122900,아이마켓코리아,KOSPI,유가,상품 종합 도매업,B2B 전자상거래,2010-07-30,12월,서울특별시,False,False,,True
128940,한미약품,KOSPI,유가,의약품 제조업,의약품,2010-07-30,12월,경기도,False,False,,True
119610,인터로조,KOSDAQ,코스닥,의료용 기기 제조업,"콘텍트렌즈(소프트렌즈, 원데이렌즈, 하드렌즈 등)",2010-07-28,12월,경기도,False,False,,True
106190,하이텍팜,KOSDAQ,코스닥,기초 의약물질 제조업,주사제용 무균 원료의약품(Sterile Imipenem 외),2010-07-28,12월,충청북도,False,False,,True
105840,우진,KOSPI,유가,"측정, 시험, 항해, 제어 및 기타 정밀기기 제조업; 광학기기 제외",원전용계측기,2010-07-26,12월,경기도,False,False,,True
033920,무학,KOSPI,유가,알코올음료 제조업,소주,2010-07-20,12월,경상남도,False,False,,True
121890,에스디시스템,KOSDAQ,코스닥,전자부품 제조업,"요금징수시스템, 지능형교통시스템,하이패스단말기",2010-07-16,12월,경기도,False,False,,True
123750,알톤,KOSDAQ,코스닥,그외 기타 운송장비 제조업,전기 및 일반자전거 등,2010-07-02,12월,경기도,False,False,,True
089850,유비벨록스,KOSDAQ,코스닥,소프트웨어 개발 및 공급업,"모바일플랫폼 및 모바일솔루션, 스마트카드 등",2010-06-18,12월,서울특별시,False,False,,True
046120,오르비텍,KOSDAQ,코스닥,기타 과학기술 서비스업,"방사선안전관리, 항공기 정밀부품 제조 등",2010-06-15,12월,서울특별시,False,False,,True
102460,이연제약,KOSPI,유가,의약품 제조업,"항생제,순환기제",2010-06-10,12월,서울특별시,False,False,,True
070300,엑스큐어,KOSDAQ,코스닥,소프트웨어 개발 및 공급업,"USIM카드, 금융카드",2010-06-09,12월,경기도,False,False,,True
079970,투비소프트,KOSDAQ,코스닥,소프트웨어 개발 및 공급업,"MiPlatform, X Platform",2010-06-01,12월,서울특별시,False,False,,True
123690,한국화장품,KOSPI,유가,생활용품 도매업,화장품,2010-06-01,12월,서울특별시,False,False,,True
123700,에스제이엠,KOSPI,유가,자동차 신품 부품 제조업,자동차및산업용Bellows,2010-05-31,12월,경기도,False,False,,True
071200,인피니트헬스케어,KOSDAQ,코스닥,소프트웨어 개발 및 공급업,의료영상저장전송시스템(PACS),2010-05-26,12월,서울특별시,False,False,,True
122690,서진오토모티브,KOSDAQ,코스닥,자동차 신품 부품 제조업,"Clutch,Flywheel,Driveplate,Bearing,ATparts",2010-05-25,12월,경기도,False,False,,True
100030,인지소프트,KOSDAQ,코스닥,소프트웨어 개발 및 공급업,"금융솔루션,동기화솔루션",2010-05-25,12월,서울특별시,False,False,,True
060980,HL홀딩스,KOSPI,유가,기타 금융업,지주회사 및 경영컨설팅 서비스업,2010-05-19,12월,경기도,True,True,금융,True
032830,삼성생명,KOSPI,유가,보험업,"생명보험,부동산 임대",2010-05-12,12월,서울특별시,True,True,보험,True
031440,신세계푸드,KOSPI,유가,음식점업,"단체급식, 식자재유통, 외식",2010-04-29,12월,서울특별시,False,False,,True
900110,딥커머스,KOSDAQ,코스닥,기타 금융업,"스포츠화, 스포츠의류",2010-04-23,12월,홍콩,True,True,금융,True
900100,파이온엑스,KOSDAQ,코스닥,자동차 부품 및 내장품 판매업,의류판매,2010-04-21,12월,미국,False,False,,True
115500,케이씨에스,KOSDAQ,코스닥,"컴퓨터 프로그래밍, 시스템 통합 및 관리업",컴퓨터시스템 통합 구축 및 철도 도로 교통인프라,2010-04-14,12월,경상북도,False,False,,True
900120,씨엑스아이,KOSDAQ,코스닥,기타 금융업,건강보조식품,2010-03-31,06월,케이맨 제도,True,True,금융,True
115450,HLB테라퓨틱스,KOSDAQ,코스닥,기타 전문 도매업,"임베디드 GUI 미들웨어 FXUI-2D, FXUI-3D",2010-03-26,12월,경기도,False,False,,True
122350,삼기,KOSDAQ,코스닥,자동차 신품 부품 제조업,자동차부품,2010-03-19,12월,충청남도,False,False,,True
088350,한화생명,KOSPI,유가,보험업,생명보험,2010-03-17,12월,서울특별시,True,True,보험,True
115610,이미지스,KOSDAQ,코스닥,반도체 제조업,"터치스크린칩, 햅틱칩",2010-02-26,12월,경기도,False,False,,True
120030,조선선재,KOSPI,유가,기타 금속 가공제품 제조업,용접재료,2010-02-19,12월,경상북도,False,False,,True
115310,인포바인,KOSDAQ,코스닥,전기 통신업,휴대폰인증서보관서비스(UBIKey),2010-02-09,12월,서울특별시,False,False,,True
106080,케이이엠텍,KOSDAQ,코스닥,전자부품 제조업,"IR필터 및 이차전지 부품(Can, Cap Ass'y)",2010-02-09,12월,경기도,False,False,,True
101330,모베이스,KOSDAQ,코스닥,통신 및 방송 장비 제조업,휴대전화 케이스,2010-02-04,12월,경기도,False,False,,True
120110,코오롱인더,KOSPI,유가,화학섬유 제조업,"산업자재, 화학, 필름",2010-02-01,12월,서울특별시,False,False,,True
119650,KC코트렐,KOSPI,유가,일반 목적용 기계 제조업,전기집진기 등,2010-01-29,12월,서울특별시,False,False,,True
071320,지역난방공사,KOSPI,유가,"증기, 냉·온수 및 공기조절 공급업","집단에너지공급 및 전기,증기 생산,판매",2010-01-29,12월,경기도,False,False,,True
115570,스타플렉스,KOSDAQ,코스닥,플라스틱제품 제조업,"광고용플렉스(조명용,비조명용)",2010-01-27,12월,충청북도,False,False,,True
115440,우리넷,KOSDAQ,코스닥,통신 및 방송 장비 제조업,"광전송장비(MSPP), 교환장비(AGW)",2010-01-27,12월,경기도,False,False,,True
050860,아세아텍,KOSDAQ,코스닥,특수 목적용 기계 제조업,"농기계(관리기,SS기, 이앙기) 제조",2010-01-26,06월,대구광역시,False,False,,True
012160,영흥,KOSPI,유가,1차 철강 제조업,와이어로프 등,2010-01-25,12월,충청남도,False,False,,True
114630,폴라리스우노,KOSDAQ,코스닥,화학섬유 제조업,"PVC가발사, 난연고열사",2010-01-15,12월,전북특별자치도,False,False,,True
080530,코디,KOSDAQ,코스닥,기타 화학제품 제조업,화장품 및 용기 제조,2010-01-05,12월,경기도,False,False,,True
118000,메타케어,KOSPI,유가,기계장비 및 관련 물품 도매업,"의약품, 의료소모품, 의료기기 도매",2009-12-30,12월,경기도,False,False,,True
900070,글로벌에스엠,KOSDAQ,코스닥,기타 금융업,"자회사 제품 : IT기기용 정밀 화스너부품(스크류, 샤프트, 스프링)",2009-12-23,12월,케이맨 제도,True,True,금융,True
099520,DGI,KOSDAQ,코스닥,영상 및 음향기기 제조업,"DVR,유선통신기기 제조,무역/소프트웨어 자문,연구개발,기술용역",2009-12-22,12월,서울특별시,False,False,,True
114450,그린생명과학,KOSDAQ,코스닥,기초 의약물질 제조업,의약품 중간체 등,2009-12-22,12월,전라남도,False,False,,True
104460,디와이피엔에프,KOSDAQ,코스닥,일반 목적용 기계 제조업,뉴메틱 컨베잉 시스템(분체이송시스템),2009-12-22,12월,서울특별시,False,False,,True
112040,위메이드,KOSDAQ,코스닥,소프트웨어 개발 및 공급업,"미르의전설2, 미르4",2009-12-18,12월,경기도,False,False,,True
052690,한전기술,KOSPI,유가,"건축기술, 엔지니어링 및 관련 기술 서비스업",원자력발전소 설계 등,2009-12-14,12월,경상북도,False,False,,True
108860,셀바스AI,KOSDAQ,코스닥,소프트웨어 개발 및 공급업,인공지능 솔루션 등,2009-12-10,12월,서울특별시,False,False,,True
088290,이원컴포텍,KOSDAQ,코스닥,자동차 신품 부품 제조업,에어서스펜션 시트/일반고정형 시트/스프링서스펜션 시트,2009-12-01,12월,전북특별자치도,False,False,,True
114190,강원에너지,KOSDAQ,코스닥,기타 전기장비 제조업,플랜트설비(산업용 보일러),2009-11-20,12월,전북특별자치도,False,False,,True
114090,GKL,KOSPI,유가,유원지 및 기타 오락관련 서비스업,카지노,2009-11-19,12월,서울특별시,False,False,,True
115160,휴맥스,KOSDAQ,코스닥,기계장비 및 관련 물품 도매업,셋톱박스,2009-11-16,12월,경기도,False,False,,True
109960,앱토크롬,KOSDAQ,코스닥,기타 전문 도매업,"모바일게임 퍼블리싱, 바이오의약품 연구개발업 및 판매, 생산설비 및 연구장비의 대여 및 판매",2009-11-13,12월,경기도,False,False,,True
034730,SK,KOSPI,유가,기타 금융업,"지주회사, 시스템통합(SI), 정보통신사업 관련 컨설팅,조사용역,정보통신기술 연구개발/정보통신기기,소프트웨어 개발,도매",2009-11-11,12월,서울특별시,True,True,금융,True
099410,동방선기,KOSDAQ,코스닥,선박 및 보트 건조업,"조선기자재, 선박용 배관",2009-11-10,12월,경상남도,False,False,,True
101000,KS인더스트리,KOSDAQ,코스닥,특수 목적용 기계 제조업,"선박용 크레인,선박구성부품,선박의장품,철구조물 제조/철판 도매/부동산 임대",2009-11-06,12월,경상남도,False,False,,True
109820,진매트릭스,KOSDAQ,코스닥,자연과학 및 공학 연구개발업,"B형간염치료제 내성진단,C형간염바이러스 유전형진단, 자궁경부암유발바이러스 유전형진단",2009-11-06,12월,경기도,False,False,,True
032560,황금에스티,KOSPI,유가,1차 비철금속 제조업,"스테인레스 냉연, 열연",2009-10-29,12월,경기도,False,False,,True
082920,비츠로셀,KOSDAQ,코스닥,일차전지 및 이차전지 제조업,리튬1차전지,2009-10-28,12월,충청남도,False,False,,True
000080,하이트진로,KOSPI,유가,알코올음료 제조업,"맥주, 소주",2009-10-19,12월,서울특별시,False,False,,True
042520,한스바이오메드,KOSDAQ,코스닥,의료용품 및 기타 의약 관련제품 제조업,"인체이식용조직(인조피부,인조뼈),의료용시술재료(가슴보형물)",2009-10-09,09월,서울특별시,False,False,,True
082640,동양생명,KOSPI,유가,보험업,생명보험,2009-10-08,12월,서울특별시,True,True,보험,True
104200,NHN벅스,KOSDAQ,코스닥,기타 정보 서비스업,"디지털음원유통, 온라인음악서비스",2009-10-06,12월,서울특별시,False,False,,True
052860,아이앤씨,KOSDAQ,코스닥,반도체 제조업,지상파 DMB용 수신칩(모바일 TV용 SoC),2009-10-06,12월,경기도,False,False,,True
047400,유니온머티리얼,KOSPI,유가,"내화, 비내화 요업제품 제조업","페라이트,세라믹 제조,도매",2009-09-29,12월,대구광역시,False,False,,True
105330,케이엔더블유,KOSDAQ,코스닥,자동차 신품 부품 제조업,"Blanket, DOF, 보호필름",2009-09-29,12월,경기도,False,False,,True
093240,형지엘리트,KOSPI,유가,봉제의복 제조업,"학생복,스포츠의류,작업복 제조,도매",2009-09-28,06월,인천광역시,False,False,,True
109740,디에스케이,KOSDAQ,코스닥,특수 목적용 기계 제조업,"FPD(Flat Panel Display 평판디스플레이)용 Bonding System 및 In-line System, 카메라모듈장비, 이차전지장비, 메카트로닉스 사업군",2009-09-23,12월,경기도,False,False,,True
095700,제넥신,KOSDAQ,코스닥,자연과학 및 공학 연구개발업,항체융합단백질 치료제 및 유전자치료 백신개발,2009-09-15,12월,서울특별시,False,False,,True
108230,톱텍,KOSDAQ,코스닥,특수 목적용 기계 제조업,디스플레이 자동화설비,2009-09-15,12월,경상북도,False,False,,True
100130,동국S&C,KOSDAQ,코스닥,"구조용 금속제품, 탱크 및 증기발생기 제조업",Wind-Tower,2009-08-31,12월,경상북도,False,False,,True
103230,에스앤더블류,KOSDAQ,코스닥,일반 목적용 기계 제조업,"디젤엔진부품, 산업부품, 단조품",2009-08-05,12월,부산광역시,False,False,,True
039490,키움증권,KOSPI,유가,금융 지원 서비스업,"유가증권의 매매, 위탁, 인수, 주선",2009-08-03,12월,서울특별시,True,True,금융,True
111770,영원무역,KOSPI,유가,상품 종합 도매업,스포츠의류,2009-07-30,12월,서울특별시,False,False,,True
063080,컴투스홀딩스,KOSDAQ,코스닥,소프트웨어 개발 및 공급업,모바일게임,2009-07-30,12월,서울특별시,False,False,,True
109860,동일금속,KOSDAQ,코스닥,금속 주조업,"크롤러크레인용 트랙슈 어셈블리, 굴삭기용 아이들러 트랙슈 스프링 등",2009-07-28,12월,경상북도,False,False,,True
053690,한미글로벌,KOSPI,유가,"건축기술, 엔지니어링 및 관련 기술 서비스업","건축 설계,감리/건축공사,토목공사,설비공사,전기공사,안전공사",2009-06-23,12월,서울특별시,False,False,,True
028100,동아지질,KOSPI,유가,기반조성 및 시설물 축조관련 전문공사업,"보링그라우팅공사,토공사,철근콘크리트공사,상하수도공사,비계구조물해체공사,수중공사/지질조사,시공감리",2009-06-12,12월,부산광역시,False,False,,True
102120,어보브반도체,KOSDAQ,코스닥,반도체 제조업,"반도체,전자제품,마이크로컨트롤라",2009-06-05,12월,충청북도,False,False,,True
101730,위메이드맥스,KOSDAQ,코스닥,소프트웨어 개발 및 공급업,실크로드 온라인,2009-06-03,12월,경기도,False,False,,True
102710,이엔에프테크놀로지,KOSDAQ,코스닥,기타 화학제품 제조업,LCD/반도체용 케미칼,2009-05-28,12월,경기도,False,False,,True
099440,스맥,KOSDAQ,코스닥,특수 목적용 기계 제조업,공작기계 및 산업용로봇제조,2009-05-26,12월,경상남도,False,False,,True
099220,SDN,KOSDAQ,코스닥,기계장비 및 관련 물품 도매업,"태양광기자재 및 선박용엔진 도매, 태양광발전시스템 구축 및 설계",2009-05-19,12월,경기도,False,False,,True
101680,한국정밀기계,KOSDAQ,코스닥,특수 목적용 기계 제조업,"금속절삭가공기계(수치제어식 수평보링머신,오면가공기,수직선반,플로우보링머신),산업기계(전용기,공작기계부품) 제조,판매",2009-05-19,12월,경상남도,False,False,,True
071970,HD현대마린엔진,KOSPI,유가,일반 목적용 기계 제조업,"조선기자재, 기계부품",2009-05-15,12월,경상남도,False,False,,True
010240,흥국,KOSDAQ,코스닥,특수 목적용 기계 제조업,굴삭기 Roller 및 형단조품,2009-05-12,12월,충청남도,False,False,,True
101170,우림피티에스,KOSDAQ,코스닥,일반 목적용 기계 제조업,"트랜스미션,감속기,기어전동축 제조",2009-04-28,12월,경상남도,False,False,,True
081150,티플랙스,KOSDAQ,코스닥,1차 비철금속 제조업,"스텐레스봉,판(열간제품) 제조,도매",2009-04-23,12월,경기도,False,False,,True
108670,LX하우시스,KOSPI,유가,플라스틱제품 제조업,"창호재, 자동차부품 등",2009-04-20,12월,서울특별시,False,False,,True
098660,에스티오,KOSDAQ,코스닥,봉제의복 제조업,"셔츠,자켓/바지, 타이",2009-04-17,12월,서울특별시,False,False,,True
071670,에이테크솔루션,KOSDAQ,코스닥,특수 목적용 기계 제조업,"대형정밀금형(가전,자동차용 등)",2009-04-17,12월,경기도,False,False,,True
101490,에스앤에스텍,KOSDAQ,코스닥,전자부품 제조업,블랭크마스크,2009-04-14,12월,대구광역시,False,False,,True
100120,뷰웍스,KOSDAQ,코스닥,의료용 기기 제조업,X-Ray Detector,2009-04-10,12월,경기도,False,False,,True
102940,코오롱생명과학,KOSDAQ,코스닥,기초 의약물질 제조업,"항균제, 수처리제, 원료의약 등",2009-04-07,12월,서울특별시,False,False,,True
101400,엔시트론,KOSDAQ,코스닥,반도체 제조업,디지털오디오앰프칩,2009-03-31,12월,서울특별시,False,False,,True
105630,한세실업,KOSPI,유가,봉제의복 제조업,의류 완제품,2009-03-20,12월,서울특별시,False,False,,True
109070,주성코퍼레이션,KOSPI,유가,통신 및 방송 장비 제조업,"ICS중계기, 블랙박스",2009-03-17,12월,충청남도,False,False,,True
106240,파인테크닉스,KOSDAQ,코스닥,전구 및 조명장치 제조업,LED조명기기,2009-03-16,12월,경기도,False,False,,True
107590,미원홀딩스,KOSPI,유가,기타 금융업,도료첨가제,2009-03-02,12월,경기도,True,True,금융,True
086890,이수앱지스,KOSDAQ,코스닥,의료용품 및 기타 의약 관련제품 제조업,"항체치료제,효소치료제",2009-02-03,12월,경기도,False,False,,True
104040,디에스엠,KOSDAQ,코스닥,자동차 신품 부품 제조업,"자동차부품(시트,도어) 제조",2009-01-23,12월,경상남도,False,False,,True
078070,유비쿼스홀딩스,KOSDAQ,코스닥,기타 금융업,"지주회사, 자회사관리, 부동산임대",2009-01-23,12월,경기도,True,True,금융,True
086900,메디톡스,KOSDAQ,코스닥,기초 의약물질 제조업,"의약품원료(A형,B형 보툴리늄독소 단백질치료제) 제조,연구,개발",2009-01-16,12월,충청북도,False,False,,True
058630,엠게임,KOSDAQ,코스닥,소프트웨어 개발 및 공급업,"온라인 게임 개발 및 퍼블리싱(열혈강호온라인,홀릭2,영웅)",2008-12-19,12월,서울특별시,False,False,,True
059100,아이컴포넌트,KOSDAQ,코스닥,전자부품 제조업,액정평판디스플레이용 플라스틱 박판필름 제조업,2008-12-16,12월,경기도,False,False,,True
035420,NAVER,KOSPI,유가,"자료처리, 호스팅, 포털 및 기타 인터넷 정보매개 서비스업",포털 서비스 및 온라인 광고,2008-11-28,12월,경기도,False,False,,True
067630,HLB생명과학,KOSDAQ,코스닥,의료용품 및 기타 의약 관련제품 제조업,"ESCO 사업, 신재생에너지 사업",2008-11-25,12월,경기도,False,False,,True
092130,이크레더블,KOSDAQ,코스닥,기타 정보 서비스업,"전자신용인증서비스(정보),소프트웨어 개발",2008-10-24,12월,서울특별시,False,False,,True
026940,부국철강,KOSPI,유가,1차 철강 제조업,철강,2008-10-14,12월,광주광역시,False,False,,True
105560,KB금융,KOSPI,유가,기타 금융업,-,2008-10-10,12월,서울특별시,True,True,금융,True
100700,세운메디칼,KOSDAQ,코스닥,의료용품 및 기타 의약 관련제품 제조업,"의료용구(체액배출기,도뇨관) 제조,도매,수출입",2008-09-30,12월,충청남도,False,False,,True
104700,한국철강,KOSPI,유가,1차 철강 제조업,철근,2008-09-29,12월,경상남도,False,False,,True
098120,마이크로컨텍솔,KOSDAQ,코스닥,전자부품 제조업,"BGA IC Burn-In Socket,DRAM Module Socket",2008-09-23,12월,충청남도,False,False,,True
083470,이엠앤아이,KOSDAQ,코스닥,기초 화학물질 제조업,OLED 유무기 소재 개발 및 판매,2008-09-18,12월,경기도,False,False,,True
103590,일진전기,KOSPI,유가,절연선 및 케이블 제조업,,2008-08-01,12월,경기도,False,False,,True
103140,풍산,KOSPI,유가,1차 비철금속 제조업,,2008-07-30,12월,경기도,False,False,,True
011070,LG이노텍,KOSPI,유가,전자부품 제조업,기타 전자부품 제조업,2008-07-24,12월,서울특별시,False,False,,True
101390,아이엠,KOSDAQ,코스닥,전자부품 제조업,휴대폰카메라모듈 등,2008-07-23,12월,경기도,False,False,,True
076080,웰크론한텍,KOSDAQ,코스닥,건물 건설업,"에너지절감설비,자동화배합설비,환경설비",2008-07-18,12월,경기도,False,False,,True
101670,하이드로리튬,KOSDAQ,코스닥,"구조용 금속제품, 탱크 및 증기발생기 제조업","영구앵커,교량용케이블,타이케이블",2008-07-15,12월,경기도,False,False,,True
094840,슈프리마에이치큐,KOSDAQ,코스닥,통신 및 방송 장비 제조업,지문인식솔루션및시스템,2008-07-11,12월,경기도,False,False,,True
017180,명문제약,KOSPI,유가,의약품 제조업,"의약품(ROBAXIN 주사,KIMITE패취) 제조,판매",2008-07-10,12월,경기도,False,False,,True
063170,서울옥션,KOSDAQ,코스닥,상품 중개업,미술품경매,2008-07-01,12월,서울특별시,False,False,,True
047560,이스트소프트,KOSDAQ,코스닥,소프트웨어 개발 및 공급업,"온라인게임(카발온라인),알툴즈S/W,스토리지S/W",2008-07-01,12월,서울특별시,False,False,,True
100220,비상교육,KOSPI,유가,"서적, 잡지 및 기타 인쇄물 출판업","참고서 출판/소프트웨어 개발,공급",2008-06-30,12월,경기도,False,False,,True
096240,크레버스,KOSDAQ,코스닥,일반 교습 학원,청담어학원,2008-06-27,12월,서울특별시,False,False,,True
102260,동성케미컬,KOSPI,유가,합성고무 및 플라스틱 물질 제조업,,2008-06-23,12월,부산광역시,False,False,,True
101160,월덱스,KOSDAQ,코스닥,전자부품 제조업,반도체용링및전극,2008-06-19,12월,경상북도,False,False,,True
099320,쎄트렉아이,KOSDAQ,코스닥,"항공기,우주선 및 부품 제조업","인공위성시스템, 위성지상국, 위성부분품 개발 및 제조",2008-06-13,12월,대전광역시,False,False,,True
064480,브리지텍,KOSDAQ,코스닥,소프트웨어 개발 및 공급업,"컨택센터솔루션,BcN솔루션,ASP서비스사업",2008-06-04,12월,서울특별시,False,False,,True
098460,고영,KOSDAQ,코스닥,특수 목적용 기계 제조업,전자제품및반도체생산용 3차원 납도포검사장비,2008-06-03,12월,경기도,False,False,,True
067000,조이시티,KOSDAQ,코스닥,소프트웨어 개발 및 공급업,온라인게임(프리스타일농구),2008-05-30,12월,경기도,False,False,,True
018620,우진비앤지,KOSDAQ,코스닥,의약품 제조업,"슈퍼티아, 안티펜SM",2008-05-20,12월,경기도,False,False,,True
095610,테스,KOSDAQ,코스닥,특수 목적용 기계 제조업,반도체장비(화학증착장비),2008-05-20,12월,경기도,False,False,,True
053280,예스24,KOSDAQ,코스닥,무점포 소매업,"도서,음반/DVD,화장품",2008-05-07,12월,서울특별시,False,False,,True
096870,엘디티,KOSDAQ,코스닥,반도체 제조업,"OLED구동IC,LED구동IC,LCD구동IC",2008-05-02,12월,충청남도,False,False,,True
032640,LG유플러스,KOSPI,유가,전기 통신업,"개인휴대통신서비스,음성서비스,데이터서비스,부가통신/단말기 도소매/프로그램 개발,자료제공",2008-04-21,12월,서울특별시,False,False,,True
059210,메타바이오메드,KOSDAQ,코스닥,의료용품 및 기타 의약 관련제품 제조업,"생체분해성봉합사,근관충전재",2008-04-15,12월,충청북도,False,False,,True
097870,효성오앤비,KOSDAQ,코스닥,"비료, 농약 및 살균, 살충제 제조업","혼합유박비료,유기복합비료,혼합유기질비료",2008-04-08,06월,충청남도,False,False,,True
101140,인바이오젠,KOSPI,유가,기계장비 및 관련 물품 도매업,"신발,의류,스포츠용품 도매,제조",2008-04-02,12월,서울특별시,False,False,,True
020560,아시아나항공,KOSPI,유가,항공 여객 운송업,"항공운송(여객운송,화물운송)/항공기 제조,정비수리",2008-03-28,12월,서울특별시,False,False,,True
100840,SNT에너지,KOSPI,유가,일반 목적용 기계 제조업,"공냉식 열교환장치,폐열회수장치 제조",2008-02-22,12월,경상남도,False,False,,True
100250,진양홀딩스,KOSPI,유가,플라스틱제품 제조업,"투자,경영컨설팅",2008-02-15,12월,부산광역시,False,False,,True
091440,한울소재과학,KOSDAQ,코스닥,통신 및 방송 장비 제조업,광전송장비,2008-02-01,12월,경기도,False,False,,True
085310,엔케이,KOSPI,유가,"구조용 금속제품, 탱크 및 증기발생기 제조업","고압가스용기,선박용,육상용 소화설비장치,천연가스이동식충전소 제조,도매",2008-01-24,12월,부산광역시,False,False,,True
097780,에코볼트,KOSDAQ,코스닥,자동차 신품 부품 제조업,자동차 신품 부품,2008-01-23,12월,충청남도,False,False,,True
096630,에스코넥,KOSDAQ,코스닥,통신 및 방송 장비 제조업,WaferProber,2007-12-26,12월,경기도,False,False,,True
068330,일신바이오,KOSDAQ,코스닥,일반 목적용 기계 제조업,초저온냉동고및동결건조기,2007-12-26,12월,경기도,False,False,,True
093920,서원인텍,KOSDAQ,코스닥,통신 및 방송 장비 제조업,휴대폰용키패드및부자재,2007-12-20,12월,경기도,False,False,,True
067010,이씨에스,KOSDAQ,코스닥,"컴퓨터 프로그래밍, 시스템 통합 및 관리업","컨택센터용교환시스템,업무용교환시스템",2007-12-18,03월,서울특별시,False,False,,True
096350,대창솔루션,KOSDAQ,코스닥,"구조용 금속제품, 탱크 및 증기발생기 제조업",내연기관구조재(선박엔진용MBS),2007-12-17,12월,부산광역시,False,False,,True
051600,한전KPS,KOSPI,유가,전기 및 통신 공사업,"일반전기공사,발전설비정비공사,점검,수리,엔지니어링",2007-12-14,12월,전라남도,False,False,,True
069920,엑시온그룹,KOSDAQ,코스닥,무점포 소매업,"해외, 국내상품 소싱 및 판매대행 서비스",2007-12-05,12월,서울특별시,False,False,,True
096610,알에프세미,KOSDAQ,코스닥,반도체 제조업,"ECM Chip, TVS Diode, Driver IC, LED Module, LED",2007-11-20,12월,전북특별자치도,False,False,,True
092070,디엔에프,KOSDAQ,코스닥,기타 화학제품 제조업,반도체배선박막재료(알루미늄전구체),2007-11-16,12월,대전광역시,False,False,,True
094820,일진파워,KOSDAQ,코스닥,전기 및 통신 공사업,"열교환기,압력용기",2007-11-06,12월,울산광역시,False,False,,True
086670,비엠티,KOSDAQ,코스닥,일반 목적용 기계 제조업,"정밀계장용피팅및밸브류,전원분배장치(MCPD)",2007-11-02,12월,부산광역시,False,False,,True
092440,기신정기,KOSPI,유가,특수 목적용 기계 제조업,"몰드베이스,금형부품,정밀기계기구 제조,도매,무역",2007-10-30,03월,인천광역시,False,False,,True
095190,신화프리텍,KOSDAQ,코스닥,기타 금속 가공제품 제조업,CNC공작기계등,2007-10-29,12월,경상남도,False,False,,True
044450,KSS해운,KOSPI,유가,해상 운송업,"특수화물해상운송(액화가스,LPG,암모니아,VCM,석유화학제품 등), 선박대여",2007-10-26,12월,서울특별시,False,False,,True
094280,효성 ITX,KOSPI,유가,기타 사업지원 서비스업,"컨택센터서비스, Cloud솔루션, CDN, 프로젝터판매",2007-10-25,12월,서울특별시,False,False,,True
092300,현우산업,KOSDAQ,코스닥,전자부품 제조업,인쇄회로판(PCB),2007-10-24,12월,인천광역시,False,False,,True
033270,유나이티드,KOSPI,유가,의약품 제조업,"홈타민 진생연질60C(비타민제),항암제,항생제,순환기계,해열진통제,소화기계약품 제조",2007-10-23,12월,세종특별자치시,False,False,,True
093640,케이알엠,KOSDAQ,코스닥,반도체 제조업,멀티미디어반도체,2007-10-19,12월,서울특별시,False,False,,True
092200,디아이씨,KOSPI,유가,자동차 신품 부품 제조업,"자동차부품(트란스밋숀,프런트액슬,기어,전동축),변속동력전달장치,특수공구,농기계 및 산업기계부품 제조,무역",2007-10-18,12월,울산광역시,False,False,,True
095910,에스에너지,KOSDAQ,코스닥,"전동기, 발전기 및 전기 변환 · 공급 · 제어 장치 제조업","태양광발전시스템,태양전지모듈",2007-10-16,12월,서울특별시,False,False,,True
081580,성우전자,KOSDAQ,코스닥,통신 및 방송 장비 제조업,휴대폰금속프레스부품(전자파차단ShieldCan),2007-10-12,12월,경기도,False,False,,True
073110,엘엠에스,KOSDAQ,코스닥,전자부품 제조업,프리즘시트,2007-10-12,12월,경기도,False,False,,True
094970,제이엠티,KOSDAQ,코스닥,전자부품 제조업,LCD패널용PBA,2007-10-12,12월,경기도,False,False,,True
080520,오디텍,KOSDAQ,코스닥,반도체 제조업,"광반도체, 소자 및 모듈",2007-10-08,12월,전북특별자치도,False,False,,True
095340,ISC,KOSDAQ,코스닥,기계장비 및 관련 물품 도매업,반도체테스트소켓,2007-10-01,12월,경기도,False,False,,True
085910,네오티스,KOSDAQ,코스닥,자동차 신품 부품 제조업,"마이크로비트,샤프트",2007-10-01,12월,경기도,False,False,,True
095500,미래나노텍,KOSDAQ,코스닥,플라스틱제품 제조업,LCDBLU용광학필름,2007-10-01,12월,충청북도,False,False,,True
027580,상보,KOSDAQ,코스닥,플라스틱제품 제조업,"광학필름,윈도우필름,미디어필름",2007-10-01,12월,경기도,False,False,,True
097950,CJ제일제당,KOSPI,유가,기타 식품 제조업,"설탕,소맥분,조미식품,육가공식품(돈육,돼지비계,돼지식용설육),대두가공식품,사료,의약품,생활화학제품 제조,도매,무역/통신판매",2007-09-28,12월,서울특별시,False,False,,True
086040,바이오톡스텍,KOSDAQ,코스닥,자연과학 및 공학 연구개발업,"안전성평가, 유효성평가",2007-09-21,12월,충청북도,False,False,,True
028670,팬오션,KOSPI,유가,해상 운송업,"해상화물운송(외항,운수보관)",2007-09-21,12월,서울특별시,False,False,,True
057540,옴니시스템,KOSDAQ,코스닥,"측정, 시험, 항해, 제어 및 기타 정밀기기 제조업; 광학기기 제외","전자식전력량계,설비미터,원격검침시스템",2007-09-19,12월,경기도,False,False,,True
094940,푸른로보틱스,KOSDAQ,코스닥,컴퓨터 및 주변장치 제조업,"금융자동화기기모듈,역무자동화기기모듈,특수단말시스템",2007-09-14,12월,서울특별시,False,False,,True
095270,웨이브일렉트로,KOSDAQ,코스닥,"측정, 시험, 항해, 제어 및 기타 정밀기기 제조업; 광학기기 제외",이동통신중계기용전력증폭기,2007-09-12,12월,경기도,False,False,,True
097230,HJ중공업,KOSPI,유가,토목 건설업,"선박건조,기계플랜트 제조/토목공사,건축공사,조경공사,전기공사,가스공사,준설공사,기계설비공사",2007-08-31,12월,부산광역시,False,False,,True
093190,빅솔론,KOSDAQ,코스닥,컴퓨터 및 주변장치 제조업,"POS용프린터,프린팅메카니즘",2007-08-20,12월,경기도,False,False,,True
096760,JW홀딩스,KOSPI,유가,기타 금융업,의약품 수출입업,2007-07-31,12월,경기도,True,True,금융,True
091340,S&K폴리텍,KOSDAQ,코스닥,전자부품 제조업,고밀도폴리우레탄폼시트,2007-07-30,12월,경기도,False,False,,True
096770,SK이노베이션,KOSPI,유가,석유 정제품 제조업,"석유정제,석유화학제품,윤활유제품,아스팔트제품,의약중간체 제조,판매,유전개발,대체에너지사업",2007-07-25,12월,서울특별시,False,False,,True
072770,멤레이비티,KOSDAQ,코스닥,"컴퓨터 프로그래밍, 시스템 통합 및 관리업",무선인터넷플랫폼,2007-07-25,12월,서울특별시,False,False,,True
094480,갤럭시아머니트리,KOSDAQ,코스닥,소프트웨어 개발 및 공급업,전자결제,2007-07-20,12월,서울특별시,False,False,,True
086520,에코프로,KOSDAQ,코스닥,기타 금융업,"환경소재,화학필터,이차전지소재등",2007-07-20,12월,충청북도,True,True,금융,True
065150,대산F&B,KOSDAQ,코스닥,음·식료품 및 담배 도매업,"외식프랜차이즈사업,육류가공,식자재유통등",2007-07-18,12월,대전광역시,False,False,,True
078340,컴투스,KOSDAQ,코스닥,소프트웨어 개발 및 공급업,모바일게임,2007-07-06,12월,서울특별시,False,False,,True
095660,네오위즈,KOSDAQ,코스닥,소프트웨어 개발 및 공급업,"피망,스페셜포스",2007-07-02,12월,경기도,False,False,,True
029780,삼성카드,KOSPI,유가,기타 금융업,"신용카드업,상품신용판매,현금서비스,카드론,리스,기업대출,여행업무,통신판매",2007-06-27,12월,서울특별시,True,True,금융,True
092600,앤씨앤,KOSDAQ,코스닥,반도체 제조업,차량용 블랙박스 / 영상처리용 시스템반도체,2007-06-26,12월,경기도,False,False,,True
069410,엔텔스,KOSDAQ,코스닥,소프트웨어 개발 및 공급업,운용지원솔루션,2007-06-20,12월,서울특별시,False,False,,True
001780,알루코,KOSPI,유가,1차 비철금속 제조업,"알루미늄제품,샷시 제조",2007-06-07,12월,대전광역시,False,False,,True
093380,풍강,KOSDAQ,코스닥,기타 금속 가공제품 제조업,자동차용너트류,2007-06-01,08월,경기도,False,False,,True
095720,웅진씽크빅,KOSPI,유가,초등 교육기관,"기타출판 제조/서적,교구,통신판매 도소매/부동산 임대/교구렌탈,컴퓨터운용관련서비스",2007-05-31,12월,경기도,False,False,,True
086450,동국제약,KOSDAQ,코스닥,의약품 제조업,"인사돌, 복합마데카솔, 파미레이",2007-05-29,12월,서울특별시,False,False,,True
064820,케이프,KOSDAQ,코스닥,선박 및 보트 건조업,선박엔진용실린더라이너,2007-05-29,12월,경상남도,False,False,,True
091580,상신이디피,KOSDAQ,코스닥,일차전지 및 이차전지 제조업,2차전지부품,2007-05-23,12월,충청남도,False,False,,True
092460,한라IMS,KOSDAQ,코스닥,선박 및 보트 건조업,"선용원격자동측정시스템,선용원격자동경보시스템",2007-05-22,12월,부산광역시,False,False,,True
073540,에프알텍,KOSDAQ,코스닥,통신 및 방송 장비 제조업,이동통신용중계기,2007-05-18,12월,경기도,False,False,,True
091120,이엠텍,KOSDAQ,코스닥,전자부품 제조업,"마이크로스피커,리시버",2007-05-02,12월,경상남도,False,False,,True
094850,참좋은여행,KOSDAQ,코스닥,여행사 및 기타 여행보조 서비스업,여행상품,2007-04-30,12월,서울특별시,False,False,,True
094860,네오리진,KOSDAQ,코스닥,소프트웨어 개발 및 공급업,게임소프트웨어 제작 및 판매,2007-04-16,12월,서울특별시,False,False,,True
094800,맵스리얼티,KOSPI,유가,신탁업 및 집합투자업,,2007-04-09,12월,서울특별시,True,True,"투자, 신탁",True
078020,LS증권,KOSDAQ,코스닥,금융 지원 서비스업,유가증권위탁매매,2007-02-21,12월,서울특별시,True,True,금융,True
093520,매커스,KOSDAQ,코스닥,기계장비 및 관련 물품 도매업,자일링스(Xilinx)비메모리반도체(PLDchip)유통,2007-02-12,12월,서울특별시,False,False,,True
091970,나노캠텍,KOSDAQ,코스닥,플라스틱제품 제조업,투명전도성관련제품,2007-01-30,12월,경기도,False,False,,True
092730,네오팜,KOSDAQ,코스닥,기타 화학제품 제조업,생체기능성(아토피)보습제,2007-01-30,12월,대전광역시,False,False,,True
039200,오스코텍,KOSDAQ,코스닥,의약품 제조업,신약연구개발,2007-01-17,12월,경기도,False,False,,True
089010,켐트로닉스,KOSDAQ,코스닥,기타 화학제품 제조업,"Touch IC 및 PBA, TG, EMC",2007-01-17,12월,세종특별자치시,False,False,,True
090470,제이스로보틱스,KOSDAQ,코스닥,특수 목적용 기계 제조업,기계장비(디스플레이장비),2007-01-10,12월,충청남도,False,False,,True
088130,동아엘텍,KOSDAQ,코스닥,특수 목적용 기계 제조업,LCD검사장비,2007-01-03,12월,경기도,False,False,,True
090370,메타랩스,KOSPI,유가,봉제의복 제조업,"여성용 의류(캐쥬얼티셔츠,바지) 제조",2006-12-26,12월,서울특별시,False,False,,True
093370,후성,KOSPI,유가,기초 화학물질 제조업,"불소화물 제조,도매",2006-12-22,12월,경기도,False,False,,True
084110,휴온스글로벌,KOSDAQ,코스닥,의약품 제조업,의약품제조업,2006-12-19,12월,경기도,False,False,,True
089150,케이씨티,KOSDAQ,코스닥,"컴퓨터 프로그래밍, 시스템 통합 및 관리업","금융단말시스템,복표발매기,마권발매기",2006-12-13,12월,경기도,False,False,,True
091700,파트론,KOSDAQ,코스닥,전자부품 제조업,"카메라모듈, 안테나, 센서류 등",2006-12-13,12월,경기도,False,False,,True
086390,유니테스트,KOSDAQ,코스닥,특수 목적용 기계 제조업,"반도체메모리주검사장비생산(메모리컴포넌트테스터,메모리모듈테스트)",2006-12-05,12월,경기도,False,False,,True
090710,휴림로봇,KOSDAQ,코스닥,특수 목적용 기계 제조업,제조업용로봇및서비스로봇,2006-12-05,12월,충청남도,False,False,,True
093050,LF,KOSPI,유가,봉제의복 제조업,"기성복, 의류, 잡화, 제조",2006-12-01,12월,서울특별시,False,False,,True
060540,에스에이티,KOSDAQ,코스닥,"측정, 시험, 항해, 제어 및 기타 정밀기기 제조업; 광학기기 제외","교통관련장비(고정식축중기, 이동식축중기 등)",2006-11-28,12월,경기도,False,False,,True
066310,큐에스아이,KOSDAQ,코스닥,반도체 제조업,레이저다이오드(LaserDiode),2006-11-24,12월,충청남도,False,False,,True
067280,멀티캠퍼스,KOSDAQ,코스닥,기타 교육기관,성인/기업전문 교육서비스,2006-11-16,12월,서울특별시,False,False,,True
044380,주연테크,KOSPI,유가,컴퓨터 및 주변장치 제조업,"각종컴퓨터,주변기기 제조/소프트웨어 개발",2006-11-15,12월,서울특별시,False,False,,True
044820,코스맥스비티아이,KOSPI,유가,기타 금융업,"화장품,의약부외품 제조,도매",2006-11-13,12월,경기도,True,True,금융,True
089890,코세스,KOSDAQ,코스닥,특수 목적용 기계 제조업,반도체SolderBall부착장비등,2006-11-08,12월,경기도,False,False,,True
034590,인천도시가스,KOSPI,유가,연료용 가스 제조 및 배관공급업,도시가스 공급/가스설비공사,2006-11-07,12월,인천광역시,False,False,,True
080470,성창오토텍,KOSDAQ,코스닥,자동차 신품 부품 제조업,"차량용 에어컨필터, 차량용인버터 등",2006-11-03,12월,경기도,False,False,,True
089140,넥스턴앤롤코리아,KOSDAQ,코스닥,특수 목적용 기계 제조업,CNC자동선반,2006-11-01,12월,경기도,False,False,,True
089790,제이티,KOSDAQ,코스닥,특수 목적용 기계 제조업,반도체장비(Burn-in Sorter 등),2006-10-27,12월,충청남도,False,False,,True
090150,아이윈,KOSDAQ,코스닥,자동차 신품 부품 제조업,시트히터,2006-10-20,12월,부산광역시,False,False,,True
088390,이녹스,KOSDAQ,코스닥,그외 기타 운송장비 제조업,지주업,2006-10-20,12월,충청남도,False,False,,True
009770,삼정펄프,KOSPI,유가,"펄프, 종이 및 판지 제조업","지류화장지,안면용,위생용 티슈 제조,판매",2006-10-17,12월,경기도,False,False,,True
092220,KEC,KOSPI,유가,반도체 제조업,반도체 제조,2006-10-16,12월,서울특별시,False,False,,True
092230,KPX홀딩스,KOSPI,유가,기초 화학물질 제조업,지주회사,2006-10-12,12월,서울특별시,False,False,,True
089230,THE E&M,KOSDAQ,코스닥,기타 정보 서비스업,인터넷 개인방송 플랫폼,2006-10-10,12월,서울특별시,False,False,,True
043150,바텍,KOSDAQ,코스닥,의료용 기기 제조업,"치과용 디지털 X-ray기기 (파노라마, CT) 및 구강스캐너 등",2006-09-29,12월,경기도,False,False,,True
086960,MDS테크,KOSDAQ,코스닥,소프트웨어 개발 및 공급업,"임베디드개발솔루션,임베디드소프트웨어",2006-09-26,12월,경기도,False,False,,True
089470,HDC현대EP,KOSPI,유가,기타 화학제품 제조업,"합성수지(PP컴파운딩가공,자동차범퍼,내장제) 제조,도소매",2006-09-25,12월,충청남도,False,False,,True
038060,루멘스,KOSDAQ,코스닥,반도체 제조업,LED개발 및 제조,2006-08-08,12월,경기도,False,False,,True
083660,CSA 코스믹,KOSDAQ,코스닥,기타 화학제품 제조업,화장품 제조 및 판매,2006-07-25,12월,서울특별시,False,False,,True
063570,NICE인프라,KOSDAQ,코스닥,기타 사업지원 서비스업,"ATM관리사업,CD-VAN사업",2006-07-14,12월,서울특별시,False,False,,True
086980,쇼박스,KOSDAQ,코스닥,"영화, 비디오물, 방송프로그램 제작 및 배급업",영화투자및배급,2006-07-07,12월,서울특별시,False,False,,True
068050,팬엔터테인먼트,KOSDAQ,코스닥,"영화, 비디오물, 방송프로그램 제작 및 배급업","방송영상물,음반",2006-07-07,12월,서울특별시,False,False,,True
039290,인포뱅크,KOSDAQ,코스닥,기타 정보 서비스업,"모바일메시징서비스,휴대폰단말기용S/W개발용역",2006-07-04,12월,경기도,False,False,,True
090350,노루페인트,KOSPI,유가,기타 화학제품 제조업,페인트 제조,2006-07-03,12월,경기도,False,False,,True
090430,아모레퍼시픽,KOSPI,유가,기타 화학제품 제조업,"화장품,생활용품 제조, 판매",2006-06-29,12월,서울특별시,False,False,,True
078860,아이오케이이엔엠,KOSDAQ,코스닥,"영화, 비디오물, 방송프로그램 제작 및 배급업",연예인 매니지먼트,2006-06-27,12월,서울특별시,False,False,,True
088910,동우팜투테이블,KOSDAQ,코스닥,"도축, 육류 가공 및 저장 처리업","육계,삼계",2006-06-23,12월,전북특별자치도,False,False,,True
032350,롯데관광개발,KOSPI,유가,여행사 및 기타 여행보조 서비스업,"국내외여행알선,관광개발,전세운수,항공권매매대행",2006-06-08,12월,제주특별자치도,False,False,,True
054950,제이브이엠,KOSDAQ,코스닥,일반 목적용 기계 제조업,"전자동 정제,분류 및 포장시스템",2006-06-07,12월,대구광역시,False,False,,True
090080,평화산업,KOSPI,유가,자동차 신품 부품 제조업,"자동차부품(방진고무,방류고무(COVER류,CUP류),호스류),장비시설용 부품 제조,판매",2006-06-02,12월,대구광역시,False,False,,True
049800,우진플라임,KOSPI,유가,특수 목적용 기계 제조업,"플라스틱사출성형기 제조,판매",2006-05-24,12월,충청북도,False,False,,True
084730,팅크웨어,KOSDAQ,코스닥,통신 및 방송 장비 제조업,"내비게이션,블랙박스,태블릿 및 위치정보서비스",2006-05-19,12월,경기도,False,False,,True
035510,신세계I&C,KOSPI,유가,"컴퓨터 프로그래밍, 시스템 통합 및 관리업","IT시스템 개발, 운영 및 유지보수, IT 컨설팅, IT장비솔루션 총판, 아웃소싱, IDC, IT기기 및 휴대폰 유통, 전자상품권",2006-05-18,12월,서울특별시,False,False,,True
086060,진바이오텍,KOSDAQ,코스닥,산업용 농·축산물 및 동·식물 도매업,"펩소이젠(식물성단백질),바이오스타치(가공전분),나투포멘(친환경생균제),락토케어(항생제대체형미생물제제)등",2006-04-28,12월,충청남도,False,False,,True
022220,티케이지애강,KOSDAQ,코스닥,플라스틱제품 제조업,"PB/CPVC 파이프, 연결구",2006-04-11,12월,충청북도,False,False,,True
088790,진도,KOSPI,유가,기타 전문 도매업,"모피제품 제조,가공",2006-03-28,12월,서울특별시,False,False,,True
088800,에이스테크,KOSDAQ,코스닥,통신 및 방송 장비 제조업,"단말기용안테나,기지국용안테나",2006-03-27,12월,인천광역시,False,False,,True
088980,맥쿼리인프라,KOSPI,유가,신탁업 및 집합투자업,증권투자회사,2006-03-15,12월,서울특별시,True,True,"투자, 신탁",True
023530,롯데쇼핑,KOSPI,유가,종합 소매업,"백화점(의류,식품 및 잡화),할인점 운영/전자상거래",2006-02-09,12월,서울특별시,False,False,,True
068760,셀트리온제약,KOSDAQ,코스닥,의약품 제조업,고덱스 캡슐 외,2006-02-03,12월,충청북도,False,False,,True
083450,GST,KOSDAQ,코스닥,특수 목적용 기계 제조업,"GasScrubber,Chiller",2006-02-01,12월,경기도,False,False,,True
019990,에너토크,KOSDAQ,코스닥,일반 목적용 기계 제조업,전동액츄에이터,2006-02-01,12월,경기도,False,False,,True
079370,제우스,KOSDAQ,코스닥,특수 목적용 기계 제조업,LCD제조용장비,2006-02-01,12월,경기도,False,False,,True
085670,뉴프렉스,KOSDAQ,코스닥,전자부품 제조업,연성인쇄회로기판,2006-01-17,12월,경기도,False,False,,True
084370,유진테크,KOSDAQ,코스닥,특수 목적용 기계 제조업,실리콘질화막증착용LP-CVD,2006-01-17,12월,경기도,False,False,,True
083790,CG인바이츠,KOSDAQ,코스닥,자연과학 및 공학 연구개발업,아셀렉스,2006-01-06,12월,서울특별시,False,False,,True
064550,바이오니아,KOSDAQ,코스닥,의료용품 및 기타 의약 관련제품 제조업,"합성유전자,시약및유전자분석장비",2005-12-29,12월,대전광역시,False,False,,True
084990,헬릭스미스,KOSDAQ,코스닥,자연과학 및 공학 연구개발업,"바이오신약, 천연물신약 연구개발",2005-12-29,12월,서울특별시,False,False,,True
083640,인콘,KOSDAQ,코스닥,상품 종합 도매업,영상보안장비 및 영상보안솔루션,2005-12-27,12월,경기도,False,False,,True
085660,차바이오텍,KOSDAQ,코스닥,기초 의약물질 제조업,"세포치료제 개발, 제대혈 보관 등",2005-12-27,12월,서울특별시,False,False,,True
086280,현대글로비스,KOSPI,유가,기타 운송관련 서비스업,"화물운송주선,화물포장,자동차 수리/산업용 기계장비 임대",2005-12-26,12월,서울특별시,False,False,,True
078140,대봉엘에스,KOSDAQ,코스닥,의약품 제조업,"원료의약품,화장품원료",2005-12-23,12월,인천광역시,False,False,,True
067900,와이엔텍,KOSDAQ,코스닥,폐기물 처리업,"사업장폐기물중간및최종처리,전문건설,골재제조",2005-12-23,12월,전라남도,False,False,,True
083550,케이엠,KOSDAQ,코스닥,기타 섬유제품 제조업,클린룸용Wiper,2005-12-20,12월,경기도,False,False,,True
084870,티비에이치글로벌,KOSPI,유가,봉제의복 제조업,"캐주얼의류,여성의류,남성의류 제조,도소매",2005-12-19,12월,서울특별시,False,False,,True
084180,수성웹툰,KOSDAQ,코스닥,일반 목적용 기계 제조업,전동지게차,2005-12-16,12월,인천광역시,False,False,,True
086790,하나금융지주,KOSPI,유가,기타 금융업,기타 금융,2005-12-12,12월,서울특별시,True,True,금융,True
001560,제일연마,KOSPI,유가,기타 비금속 광물제품 제조업,"연마석,다이아몬드공구 제조,도소매/주택건설",2005-12-09,12월,경상북도,False,False,,True
080420,모다이노칩,KOSDAQ,코스닥,"섬유, 의복, 신발 및 가죽제품 소매업","ESD필터,칩바리스터",2005-12-06,12월,경기도,False,False,,True
083650,비에이치아이,KOSDAQ,코스닥,일반 목적용 기계 제조업,"보일러,열교환기등",2005-12-02,12월,경상남도,False,False,,True
079190,케스피온,KOSDAQ,코스닥,통신 및 방송 장비 제조업,휴대폰안테나,2005-11-29,12월,인천광역시,False,False,,True
079430,현대리바트,KOSPI,유가,가구 제조업,"일반목재가구(책상,침실가구),주방가구,목창호,사무용가구,선실가구 제조",2005-11-22,12월,경기도,False,False,,True
082800,비보존 제약,KOSDAQ,코스닥,의약품 제조업,완제의약품제조,2005-11-18,12월,경기도,False,False,,True
043910,자연과환경,KOSDAQ,코스닥,"시멘트, 석회, 플라스터 및 그 제품 제조업","스테인레스파이프, 다공성식생블록,조경원예자재",2005-11-18,12월,충청남도,False,False,,True
079000,와토스코리아,KOSDAQ,코스닥,플라스틱제품 제조업,위생도기용부속(양변기용),2005-11-15,12월,전라남도,False,False,,True
084010,대한제강,KOSPI,유가,1차 철강 제조업,"제강,철재,철근,환봉,마환봉,빌레트 제조",2005-10-31,12월,부산광역시,False,False,,True
041020,폴라리스오피스,KOSDAQ,코스닥,소프트웨어 개발 및 공급업,시스템 소프트웨어,2005-10-28,12월,서울특별시,False,False,,True
078590,휴림에이텍,KOSDAQ,코스닥,자동차 신품 부품 제조업,자동차내장카페트,2005-10-27,12월,경상남도,False,False,,True
038070,서린바이오,KOSDAQ,코스닥,기타 전문 도매업,생명과학연구기기및시약,2005-10-25,12월,경기도,False,False,,True
075180,새론오토모티브,KOSPI,유가,자동차 신품 부품 제조업,"자동차부품(브레이크패드,라이닝)",2005-10-21,12월,충청남도,False,False,,True
083420,그린케미칼,KOSPI,유가,기타 화학제품 제조업,"비이온계면활성제 제조,도매",2005-10-20,12월,충청남도,False,False,,True
079940,가비아,KOSDAQ,코스닥,소프트웨어 개발 및 공급업,"도메인,호스팅",2005-10-19,12월,경기도,False,False,,True
077360,덕산하이메탈,KOSDAQ,코스닥,반도체 제조업,솔더볼(Solderball),2005-10-14,12월,울산광역시,False,False,,True
083930,아바코,KOSDAQ,코스닥,특수 목적용 기계 제조업,평판디스플레이제조용장비,2005-10-11,12월,대구광역시,False,False,,True
067310,하나마이크론,KOSDAQ,코스닥,반도체 제조업,"반도체패키징,IOT",2005-10-11,12월,충청남도,False,False,,True
083310,엘오티베큠,KOSDAQ,코스닥,특수 목적용 기계 제조업,반도체제조용진공펌프,2005-10-05,12월,경기도,False,False,,True
082660,코스나인,KOSDAQ,코스닥,기타 화학제품 제조업,화장품,2005-10-05,12월,경기도,False,False,,True
080010,이상네트웍스,KOSDAQ,코스닥,상품 중개업,기업간전자상거래서비스,2005-09-30,12월,서울특별시,False,False,,True
084690,대상홀딩스,KOSPI,유가,기타 금융업,지주회사,2005-08-17,12월,서울특별시,True,True,금융,True
071950,코아스,KOSPI,유가,가구 제조업,"사무용가구,금속가구 도매,제조",2005-08-04,12월,서울특별시,False,False,,True
078160,메디포스트,KOSDAQ,코스닥,기초 의약물질 제조업,제대혈은행,2005-07-29,12월,경기도,False,False,,True
082850,우리바이오,KOSDAQ,코스닥,기타 식품 제조업,건강기능식품 개발 제조 및 스마트팜 연구개발,2005-07-29,12월,경기도,False,False,,True
080160,모두투어,KOSDAQ,코스닥,여행사 및 기타 여행보조 서비스업,"항공권판매수수료,해외여행알선",2005-07-26,12월,서울특별시,False,False,,True
084680,이월드,KOSPI,유가,귀금속 및 장신용품 제조업,"놀이시설 운영,입장료,식음료 소매,부동산 임대",2005-07-26,12월,대구광역시,False,False,,True
084670,동양고속,KOSPI,유가,육상 여객 운송업,고속버스 운송/부동산 임대,2005-07-25,12월,경기도,False,False,,True
042700,한미반도체,KOSPI,유가,특수 목적용 기계 제조업,"반도체 후공정장비,반도체금형 제조/부동산 매매,임대",2005-07-22,12월,인천광역시,False,False,,True
078890,가온그룹,KOSDAQ,코스닥,통신 및 방송 장비 제조업,디지털셋톱박스,2005-07-12,12월,경기도,False,False,,True
050890,쏠리드,KOSDAQ,코스닥,통신 및 방송 장비 제조업,"이동통신중계기,위성DMB용중계기",2005-07-08,12월,경기도,False,False,,True
004890,동일산업,KOSPI,유가,1차 철강 제조업,"봉강,합금철,철근,마봉강,냉간압조용선재,주조,지선,주강,다이아몬드공구 제조,도매",2005-06-30,12월,경상북도,False,False,,True
082210,옵트론텍,KOSDAQ,코스닥,사진장비 및 광학기기 제조업,"IRFilter,Grating",2005-06-24,12월,대전광역시,False,False,,True
082270,젬백스,KOSDAQ,코스닥,특수 목적용 기계 제조업,"ChemicalAirFilter,GasScrubber",2005-06-24,12월,경기도,False,False,,True
075130,플랜티넷,KOSDAQ,코스닥,"컴퓨터 프로그래밍, 시스템 통합 및 관리업",유해사이트차단서비스,2005-06-10,12월,경기도,False,False,,True
010960,삼호개발,KOSPI,유가,기반조성 및 시설물 축조관련 전문공사업,"토공사,철근콘크리트공사,포장공사,미장방수공사,상하수도공사,수중공사,비계구조물해체공사/골재,아스콘 제조,판매,중기임대",2005-05-12,12월,충청남도,False,False,,True
073240,금호타이어,KOSPI,유가,고무제품 제조업,"타이어,튜브 제조,도매,무역",2005-02-17,12월,광주광역시,False,False,,True
073490,LIG아큐버,KOSDAQ,코스닥,통신 및 방송 장비 제조업,통신용 시험 및 계측장비,2005-02-04,12월,경기도,False,False,,True
079950,인베니아,KOSDAQ,코스닥,특수 목적용 기계 제조업,"Dry Etcher, 진공합착기, LCD Panel 검사장비, OLED용 진공합착기",2005-02-04,12월,경기도,False,False,,True
079960,동양이엔피,KOSDAQ,코스닥,"전동기, 발전기 및 전기 변환 · 공급 · 제어 장치 제조업","휴대폰용,OA기기및통신장비용,디지털가전용전원공급장치",2005-02-01,12월,경기도,False,False,,True
080220,제주반도체,KOSDAQ,코스닥,반도체 제조업,"모바일용 LP DDR SDRAM, CRAM, SRAM",2005-02-01,12월,제주특별자치도,False,False,,True
079170,한창산업,KOSDAQ,코스닥,1차 비철금속 제조업,"아연말,리튬브로마이드,산화망간,인산아연",2005-02-01,12월,경기도,False,False,,True
079810,APS이노베이션,KOSDAQ,코스닥,기타 전기장비 제조업,FPD공정검사장비,2005-01-26,12월,경기도,False,False,,True
052220,iMBC,KOSDAQ,코스닥,영상·오디오물 제공 서비스업,"디지털콘텐츠,웹에이젼시",2005-01-21,12월,서울특별시,False,False,,True
079650,서산,KOSDAQ,코스닥,"시멘트, 석회, 플라스터 및 그 제품 제조업","레미콘,전주,고강도파일,흄관",2005-01-21,12월,광주광역시,False,False,,True
052900,KX하이텍,KOSDAQ,코스닥,플라스틱제품 제조업,TRAY(반도체Packing재료),2005-01-18,12월,충청남도,False,False,,True
066910,손오공,KOSDAQ,코스닥,기타 전문 도매업,"완구, 게임, 캐릭터수입수수료",2005-01-07,12월,경기도,False,False,,True
049950,미래컴퍼니,KOSDAQ,코스닥,특수 목적용 기계 제조업,EdgeGrinder,2005-01-04,12월,경기도,False,False,,True
052460,아이크래프트,KOSDAQ,코스닥,"컴퓨터 프로그래밍, 시스템 통합 및 관리업","인터넷핵심망(CCR,MCR,NAS등)",2005-01-03,12월,서울특별시,False,False,,True
079160,CJ CGV,KOSPI,유가,"영화, 비디오물, 방송프로그램 제작 및 배급업","영화상영,영화관 운영",2004-12-24,12월,서울특별시,False,False,,True
081000,일진다이아,KOSPI,유가,기타 화학제품 제조업,"공업용 합성다이아몬드 제조,도매,수출입",2004-12-22,12월,충청북도,False,False,,True
072870,메가스터디,KOSDAQ,코스닥,"서적, 잡지 및 기타 인쇄물 출판업","온라인강의,교재판매",2004-12-21,12월,서울특별시,False,False,,True
073010,케이에스피,KOSDAQ,코스닥,일반 목적용 기계 제조업,"선박용엔진밸브,형단조품",2004-12-17,12월,부산광역시,False,False,,True
046440,KG파이낸셜,KOSDAQ,코스닥,소프트웨어 개발 및 공급업,유무선전화결제서비스,2004-12-14,12월,서울특별시,False,False,,True
078600,대주전자재료,KOSDAQ,코스닥,전자부품 제조업,"전도성페이스트,태양전지 페이스트,고분자재료,PIG,이차전지용음극재료",2004-12-10,12월,경기도,False,False,,True
054450,텔레칩스,KOSDAQ,코스닥,반도체 제조업,"디지털미디어프로세서,발신자정보표시칩",2004-12-10,12월,경기도,False,False,,True
078150,HB테크놀러지,KOSDAQ,코스닥,특수 목적용 기계 제조업,TFT-LCD검사장비,2004-12-08,12월,세종특별자치시,False,False,,True
067990,도이치모터스,KOSDAQ,코스닥,자동차 판매업,수입자동차,2004-12-03,12월,서울특별시,False,False,,True
014830,유니드,KOSPI,유가,기초 화학물질 제조업,"탄산칼륨,가성칼륨,가성카리,탄산카리(무기화합물),MDF(가공목재) 제조,도매",2004-12-03,12월,서울특별시,False,False,,True
051360,토비스,KOSDAQ,코스닥,영상 및 음향기기 제조업,Gaming모니터,2004-11-19,12월,인천광역시,False,False,,True
041650,상신브레이크,KOSPI,유가,자동차 신품 부품 제조업,"자동차 브레이크 슈 어셈블리,브레이크패드 제조/군납업,무역/부동산 임대",2004-10-27,12월,대구광역시,False,False,,True
078130,국일제지,KOSDAQ,코스닥,기타 종이 및 판지 제품 제조업,"산업용 및 가정용 지류(강판간지, 다공지 등)",2004-10-22,12월,경기도,False,False,,True
068790,DMS,KOSDAQ,코스닥,특수 목적용 기계 제조업,LCD 제조장비,2004-10-01,12월,경기도,False,False,,True
023810,인팩,KOSPI,유가,자동차 신품 부품 제조업,"자동차용 케이블,전자정보통신관련기기 제조,도매",2004-09-21,12월,서울특별시,False,False,,True
048870,시너지이노베이션,KOSDAQ,코스닥,의료용 기기 제조업,카메라 어플리케이션 프로세서(CAP),2004-08-13,12월,경기도,False,False,,True
065350,신성델타테크,KOSDAQ,코스닥,가정용 기기 제조업,"세탁기, 자동차, 에어컨 및 LCD 부품",2004-08-06,12월,경상남도,False,False,,True
078930,GS,KOSPI,유가,기타 금융업,지주회사/부동산 임대,2004-08-05,12월,서울특별시,True,True,금융,True
077500,유니퀘스트,KOSPI,유가,기계장비 및 관련 물품 도매업,"반도체직접회로 도매,무역,제조",2004-08-05,12월,경기도,False,False,,True
058730,다스코,KOSPI,유가,"구조용 금속제품, 탱크 및 증기발생기 제조업","데크플레이트,도로안전시설물(가드레일,강재방호책),건축용단열재보드(경질우레탄보드),신재생에너지사업",2004-08-02,12월,전라남도,False,False,,True
039340,한국경제TV,KOSDAQ,코스닥,텔레비전 방송업,"광고수입, 협찬수입",2004-07-30,12월,서울특별시,False,False,,True
034220,LG디스플레이,KOSPI,유가,전자부품 제조업,"고화질, 초대형, 폴더블 고부가가치 디스플레이 제품 개발, 제조",2004-07-23,12월,서울특별시,False,False,,True
064260,다날,KOSDAQ,코스닥,소프트웨어 개발 및 공급업,모바일콘텐츠 및 유무선전화결제,2004-07-23,12월,경기도,False,False,,True
078000,텔코웨어,KOSPI,유가,"자료처리, 호스팅, 포털 및 기타 인터넷 정보매개 서비스업","소프트웨어(핵심망솔루션,무선데이터솔루션,요소기술) 개발,유지보수,무역",2004-07-20,12월,서울특별시,False,False,,True
011080,형지I&C,KOSDAQ,코스닥,봉제의복 제조업,"의복, 악세사리",2004-07-02,12월,인천광역시,False,False,,True
050090,비케이홀딩스,KOSDAQ,코스닥,광고업,광고,2004-06-29,12월,경상북도,False,False,,True
057030,YBM넷,KOSDAQ,코스닥,교육지원 서비스업,"온라인교육, 수수료수입 등",2004-06-08,12월,서울특별시,False,False,,True
065770,CS,KOSDAQ,코스닥,통신 및 방송 장비 제조업,"이동통신중계기, 위성방송(DMB)중계기(Gap-Filler)",2004-06-04,12월,경기도,False,False,,True
074430,아미노로직스,KOSDAQ,코스닥,기초 의약물질 제조업,DVR용 영상처리 칩,2004-06-04,12월,서울특별시,False,False,,True
066700,테라젠이텍스,KOSDAQ,코스닥,의약품 제조업,"Loading/Unloading System, PCB Bonding System",2004-05-27,12월,경기도,False,False,,True
066900,디에이피,KOSDAQ,코스닥,전자부품 제조업,Build-Up PCB(인쇄회로기판),2004-05-14,12월,경기도,False,False,,True
078350,한양디지텍,KOSDAQ,코스닥,반도체 제조업,메모리 모듈,2004-05-14,12월,경기도,False,False,,True
077970,STX엔진,KOSPI,유가,일반 목적용 기계 제조업,"엔진,터빈,내연기관 제조,도매",2004-05-10,12월,경상남도,False,False,,True
075970,동국알앤에스,KOSDAQ,코스닥,기타 비금속 광물제품 제조업,내화물,2004-02-13,12월,경상남도,False,False,,True
069540,빛과전자,KOSDAQ,코스닥,통신 및 방송 장비 제조업,기타무선통신장비제조업,2004-02-13,12월,대전광역시,False,False,,True
073190,듀오백,KOSDAQ,코스닥,가구 제조업,사무용 및 가정용 의자,2004-02-06,12월,인천광역시,False,False,,True
054090,삼진엘앤디,KOSDAQ,코스닥,그외 기타 제품 제조업,"몰드프레임, TFT-LCD BLU",2004-02-06,12월,경기도,False,False,,True
041910,폴라리스AI파마,KOSDAQ,코스닥,의약품 제조업,원료의약품,2004-02-06,12월,경기도,False,False,,True
034310,NICE,KOSPI,유가,회사 본부 및 경영 컨설팅 서비스업,"기업신용분석,유가증권등급평정,기업정보,긍융정보,경제정보,소비자신용정보 제공,시장조사,사회여론조사,점외 CD/ATM사업",2004-02-04,12월,서울특별시,False,True,회사 본부,True
019680,대교,KOSPI,유가,초등 교육기관,"학습지,참고서 출판/건설업/종합유선방송 프로그램공급,디지털학원",2004-02-03,12월,서울특별시,False,False,,True
067770,세진티에스,KOSDAQ,코스닥,전자부품 제조업,LED/LCD용 광기능성 시트,2004-01-09,12월,경기도,False,False,,True
070590,인티큐브,KOSDAQ,코스닥,"컴퓨터 프로그래밍, 시스템 통합 및 관리업",기업통신 및 무선인터넷,2004-01-08,12월,서울특별시,False,False,,True
073570,리튬포어스,KOSDAQ,코스닥,그외 기타 제품 제조업,"휴대폰액세서리의 제조, 판매",2004-01-06,12월,서울특별시,False,False,,True
073640,테라사이언스,KOSDAQ,코스닥,기타 금속 가공제품 제조업,유압용 관이음쇠,2004-01-06,12월,경상남도,False,False,,True
065680,우주일렉트로,KOSDAQ,코스닥,전자부품 제조업,정보통신용 초정밀커넥터,2004-01-02,12월,경기도,False,False,,True
024110,기업은행,KOSPI,유가,은행 및 저축기관,은행업,2003-12-24,12월,서울특별시,True,True,은행,True
074610,이엔플러스,KOSPI,유가,일반 목적용 기계 제조업,소방자동차 제조,2003-12-23,12월,경기도,False,False,,True
067160,SOOP,KOSDAQ,코스닥,소프트웨어 개발 및 공급업,1인미디어플랫폼,2003-12-19,12월,경기도,False,False,,True
060570,드림어스컴퍼니,KOSDAQ,코스닥,영상·오디오물 제공 서비스업,온라인 음악 서비스,2003-12-19,12월,서울특별시,False,False,,True
066410,버킷스튜디오,KOSDAQ,코스닥,전기 통신업,DVD타이틀,2003-12-19,12월,서울특별시,False,False,,True
074600,원익QnC,KOSDAQ,코스닥,유리 및 유리제품 제조업,반도체용 석영유리,2003-12-12,12월,경상북도,False,False,,True
071280,로체시스템즈,KOSDAQ,코스닥,특수 목적용 기계 제조업,LCD 제조용 이송장비,2003-11-14,12월,경기도,False,False,,True
069510,에스텍,KOSDAQ,코스닥,영상 및 음향기기 제조업,스피커 및 스피커시스템,2003-11-14,12월,경상남도,False,False,,True
067170,오텍,KOSDAQ,코스닥,자동차 재제조 부품 제조업,"냉동 및 내장탑차, 앰블란스",2003-11-14,12월,충청남도,False,False,,True
054780,키이스트,KOSDAQ,코스닥,"영화, 비디오물, 방송프로그램 제작 및 배급업",멀티미디어 SI,2003-11-14,12월,서울특별시,False,False,,True
041440,현대에버다임,KOSDAQ,코스닥,특수 목적용 기계 제조업,"콘크리트펌프트럭, 중장비개량사업",2003-11-14,12월,충청북도,False,False,,True
025750,한솔홈데코,KOSPI,유가,제재 및 목재 가공업,"PB,MDF,바닥재,강화,재생목재,LPM,제재목 제조,도소매,무역/임업,벌목관련 사업",2003-11-04,12월,서울특별시,False,False,,True
072020,중앙백신,KOSDAQ,코스닥,기초 의약물질 제조업,동물용백신,2003-10-31,12월,대전광역시,False,False,,True
065510,휴비츠,KOSDAQ,코스닥,의료용 기기 제조업,"자동검안기, 자동렌즈미터",2003-10-31,12월,경기도,False,False,,True
072470,우리산업홀딩스,KOSDAQ,코스닥,자동차 신품 부품 제조업,HVAC ACTUATOR (자동차 공조장치 부품 등),2003-10-28,12월,경기도,False,False,,True
068930,디지털대성,KOSDAQ,코스닥,일반 교습 학원,"온라인 강의, 오프라인 학원, 교재",2003-10-17,12월,서울특별시,False,False,,True
007660,이수페타시스,KOSPI,유가,전자부품 제조업,"P.C.B(인쇄회로기판),M.L.B 제조",2003-10-07,12월,대구광역시,False,False,,True
035250,강원랜드,KOSPI,유가,유원지 및 기타 오락관련 서비스업,"카지노,관광호텔,골프장,스키장,체육시설 운영",2003-09-04,12월,강원특별자치도,False,False,,True
069330,유아이디,KOSDAQ,코스닥,전자부품 제조업,"ITO COATING, GLASS LAMINATION",2003-08-18,12월,충청북도,False,False,,True
064760,티씨케이,KOSDAQ,코스닥,기타 비금속 광물제품 제조업,반도체 제조공정용 고순도 흑연제품,2003-08-18,12월,경기도,False,False,,True
037270,YG PLUS,KOSPI,유가,"자료처리, 호스팅, 포털 및 기타 인터넷 정보매개 서비스업","광고대행,광고물 제작",2003-08-01,12월,서울특별시,False,False,,True
052710,아모텍,KOSDAQ,코스닥,전자부품 제조업,"칩바리스터, 아몰퍼스코어",2003-08-01,12월,인천광역시,False,False,,True
072710,농심홀딩스,KOSPI,유가,기타 금융업,"지주회사,투자자문,경영컨설팅 서비스",2003-07-30,12월,서울특별시,True,True,금융,True
065950,웰크론,KOSDAQ,코스닥,직물직조 및 직물제품 제조업,"기능성 침구용품, 크리너, 필터, 방탄·방검복",2003-07-29,12월,서울특별시,False,False,,True
047310,파워로직스,KOSDAQ,코스닥,"전동기, 발전기 및 전기 변환 · 공급 · 제어 장치 제조업","2차전지 보호회로 및 배터리팩, 카메라모듈",2003-07-25,12월,충청북도,False,False,,True
071050,한국금융지주,KOSPI,유가,기타 금융업,금융지주회사,2003-07-21,12월,서울특별시,True,True,금융,True
041520,이엘씨,KOSDAQ,코스닥,"측정, 시험, 항해, 제어 및 기타 정밀기기 제조업; 광학기기 제외",반도체장비용 유량계와 유량 제어장치,2003-07-04,12월,충청남도,False,False,,True
072130,유엔젤,KOSPI,유가,"자료처리, 호스팅, 포털 및 기타 인터넷 정보매개 서비스업","소프트웨어(무선인터넷 솔루션,ASP통신사업자용 지능망솔루션 및 단문메세지센터) 개발,공급",2003-07-01,12월,경기도,False,False,,True
034120,SBS,KOSPI,유가,텔레비전 방송업,"TV,라디오방송,광고",2003-06-25,12월,서울특별시,False,False,,True
064240,홈캐스트,KOSDAQ,코스닥,기타 전문 도매업,디지털 셋톱박스,2003-06-11,12월,서울특별시,False,False,,True
066790,씨씨에스,KOSDAQ,코스닥,텔레비전 방송업,케이블TV서비스 및 초고속인터넷서비스,2003-05-30,12월,충청북도,False,False,,True
069080,웹젠,KOSDAQ,코스닥,소프트웨어 개발 및 공급업,3D 온라인게임 '뮤(MU)',2003-05-23,12월,경기도,False,False,,True
036570,NC,KOSPI,유가,소프트웨어 개발 및 공급업,"인터넷머그게임(리니지),그룹웨어,인터넷커뮤니티 개발,유지,공급",2003-05-22,12월,경기도,False,False,,True
071090,하이스틸,KOSPI,유가,1차 철강 제조업,"강관 제조,도매",2003-02-17,12월,충청남도,False,False,,True
067080,대화제약,KOSDAQ,코스닥,의약품 제조업,"후로스판, 세파메칠 등",2003-02-14,12월,강원특별자치도,False,False,,True
066590,스모트로닉,KOSDAQ,코스닥,자동차 신품 부품 제조업,"엔진, 조향 및 기아변속기 부품",2003-02-12,12월,경상남도,False,False,,True
067290,JW신약,KOSDAQ,코스닥,의약품 제조업,"매니큐어세트, 손톱깎이",2003-02-11,12월,경기도,False,False,,True
066130,하츠,KOSDAQ,코스닥,가정용 기기 제조업,"레인지후드, 빌트인 기기 등",2003-02-11,12월,경기도,False,False,,True
065450,빅텍,KOSDAQ,코스닥,"측정, 시험, 항해, 제어 및 기타 정밀기기 제조업; 광학기기 제외",전자전시스템 장치류,2003-02-05,12월,인천광역시,False,False,,True
065130,탑엔지니어링,KOSDAQ,코스닥,특수 목적용 기계 제조업,LCD Cell Line 자동화 장치,2003-01-29,12월,경상북도,False,False,,True
069730,DSR제강,KOSPI,유가,1차 철강 제조업,"와이어로프,각종 경강선,철선제품,PC강선,아연도 강연선 제조",2003-01-28,12월,전라남도,False,False,,True
065440,이루온,KOSDAQ,코스닥,소프트웨어 개발 및 공급업,이동통신 핵심망 및 서비스망 솔루션 개발 공급,2003-01-28,12월,경기도,False,False,,True
006890,태경케미컬,KOSPI,유가,기초 화학물질 제조업,"드라이아이스,액체탄산,고체탄산 제조",2003-01-28,12월,서울특별시,False,False,,True
049630,재영솔루텍,KOSDAQ,코스닥,사진장비 및 광학기기 제조업,플라스틱 사출금형,2003-01-24,12월,인천광역시,False,False,,True
021650,한국큐빅,KOSDAQ,코스닥,플라스틱제품 제조업,Curl Fit(표면처리사업),2003-01-24,12월,경기도,False,False,,True
051370,인터플렉스,KOSDAQ,코스닥,전자부품 제조업,연성회로기판(Flexible PCB),2003-01-22,12월,경기도,False,False,,True
065570,삼영이엔씨,KOSDAQ,코스닥,통신 및 방송 장비 제조업,"GMDSS장비, GPS플로터 등",2003-01-21,12월,부산광역시,False,False,,True
065650,하이퍼코퍼레이션,KOSDAQ,코스닥,기계장비 및 관련 물품 도매업,음반재킷 제작,2003-01-21,12월,서울특별시,False,False,,True
066980,한성크린텍,KOSDAQ,코스닥,"건축기술, 엔지니어링 및 관련 기술 서비스업",수처리설비EPC,2003-01-17,12월,서울특별시,False,False,,True
016100,리더스코스메틱,KOSDAQ,코스닥,"골판지, 종이 상자 및 종이용기 제조업",화장품,2003-01-15,12월,서울특별시,False,False,,True
011500,한농화성,KOSPI,유가,기타 화학제품 제조업,"계면활성제,글리콜에테르 제조,판매",2003-01-09,12월,전북특별자치도,False,False,,True
042040,케이피엠테크,KOSDAQ,코스닥,기타 전문 도매업,"표면처리약품, 전자동 도금설비",2003-01-07,12월,경기도,False,False,,True
066670,디티씨,KOSDAQ,코스닥,부동산 임대 및 공급업,LCD Module,2002-12-30,12월,충청남도,False,True,부동산,True
066430,아이로보틱스,KOSDAQ,코스닥,기타 전문 도매업,"VCI,LDPE필름 외",2002-12-24,12월,경상남도,False,False,,True
047820,초록뱀미디어,KOSDAQ,코스닥,"영화, 비디오물, 방송프로그램 제작 및 배급업",방송프로그램 제작 및 공급,2002-12-24,12월,서울특별시,False,False,,True
064090,인크레더블버즈,KOSDAQ,코스닥,상품 종합 도매업,"Jayjun, Nerdy 외",2002-12-17,12월,서울특별시,False,False,,True
049960,쎌바이오텍,KOSDAQ,코스닥,기초 의약물질 제조업,유산균 원말 및 완제품,2002-12-13,12월,경기도,False,False,,True
053290,NE능률,KOSDAQ,코스닥,"서적, 잡지 및 기타 인쇄물 출판업",영어학습교재,2002-12-10,12월,서울특별시,False,False,,True
064520,테크엘,KOSDAQ,코스닥,반도체 제조업,"메모리 카드, 스마트 카드 등",2002-12-04,12월,경기도,False,False,,True
069960,현대백화점,KOSPI,유가,종합 소매업,백화점,2002-11-25,12월,서울특별시,False,False,,True
035600,KG이니시스,KOSDAQ,코스닥,소프트웨어 개발 및 공급업,전자지불서비스,2002-11-22,12월,서울특별시,False,False,,True
065170,비엘팜텍,KOSDAQ,코스닥,음·식료품 및 담배 도매업,건강보조식품 등,2002-11-19,12월,경기도,False,False,,True
069460,대호에이엘,KOSPI,유가,1차 비철금속 제조업,"알루미늄 환절판 제조,도매,무역",2002-11-11,12월,대구광역시,False,False,,True
069620,대웅제약,KOSPI,유가,의약품 제조업,"양약,의료기기 제조/화장품,의약부의품 도소매/부동산 임대",2002-11-01,12월,경기도,False,False,,True
041590,플래스크,KOSDAQ,코스닥,실내건축 및 건축마무리 공사업,실내건축 등,2002-11-01,12월,서울특별시,False,False,,True
027740,마니커,KOSPI,유가,"도축, 육류 가공 및 저장 처리업","닭고기,햄,계육가공제품,계육,육가공제품 제조,판매,유통/양계관련사업/부동산임대/수출입대행",2002-10-29,12월,경기도,False,False,,True
036530,SNT홀딩스,KOSPI,유가,기타 금융업,"지배,경영지도,정리,육성",2002-10-22,12월,서울특별시,True,True,금융,True
069260,티케이지휴켐스,KOSPI,유가,기타 화학제품 제조업,"화합물,화학제품 제조",2002-10-07,12월,서울특별시,False,False,,True
042600,새로닉스,KOSDAQ,코스닥,전자부품 제조업,"광학시트, FFC",2002-10-01,12월,경상북도,False,False,,True
033530,SJG세종,KOSPI,유가,자동차 신품 부품 제조업,"자동차부품,자동차소음기(머플러),배기가스정화기,배기계통부품 제조",2002-09-25,12월,울산광역시,False,False,,True
065500,오리엔트정공,KOSDAQ,코스닥,자동차 신품 부품 제조업,"하우징, 리테이너베어링",2002-09-19,12월,경상북도,False,False,,True
060900,에이전트AI,KOSDAQ,코스닥,전기업,풍력 및 태양광 발전업,2002-09-17,12월,전라남도,False,False,,True
066620,국보디자인,KOSDAQ,코스닥,실내건축 및 건축마무리 공사업,인테리어디자인,2002-09-05,12월,서울특별시,False,False,,True
052770,아이톡시,KOSDAQ,코스닥,소프트웨어 개발 및 공급업,게임,2002-08-22,12월,서울특별시,False,False,,True
065420,에스아이리소스,KOSDAQ,코스닥,기타 화학제품 제조업,유연탄,2002-08-22,12월,서울특별시,False,False,,True
064800,포니링크,KOSDAQ,코스닥,"섬유, 의복, 신발 및 가죽제품 소매업",의류제품,2002-08-22,12월,서울특별시,False,False,,True
058430,포스코스틸리온,KOSPI,유가,1차 철강 제조업,"용융아연도금강판,용융알루미늄도금강판,칼라도장강판,냉연강판 가공,제조,도매",2002-08-16,12월,경상북도,False,False,,True
039980,폴라리스AI,KOSDAQ,코스닥,"컴퓨터 프로그래밍, 시스템 통합 및 관리업","TRS통신, Kipling Bag외",2002-08-13,12월,서울특별시,False,False,,True
048410,현대바이오,KOSDAQ,코스닥,기타 화학제품 제조업,화장품 및 화장품원료,2002-08-08,12월,경상북도,False,False,,True
068290,삼성출판사,KOSPI,유가,"서적, 잡지 및 기타 인쇄물 출판업","서적 출판,인쇄,소매/부동산 임대",2002-08-05,12월,서울특별시,False,False,,True
067830,세이브존I&C,KOSPI,유가,종합 소매업,"대형할인점(백화점)/부동산 임대/주차장,문화센터 운영",2002-07-25,12월,서울특별시,False,False,,True
058610,에스피지,KOSDAQ,코스닥,"전동기, 발전기 및 전기 변환 · 공급 · 제어 장치 제조업",소형 Geared Motor,2002-07-23,12월,인천광역시,False,False,,True
045340,토탈소프트,KOSDAQ,코스닥,소프트웨어 개발 및 공급업,해운물류소프트웨어 (CATOS 등),2002-07-19,12월,부산광역시,False,False,,True
030610,교보증권,KOSPI,유가,금융 지원 서비스업,"유가증권 매매,중개,대리,인수",2002-07-18,12월,서울특별시,True,True,금융,True
065710,서호전기,KOSDAQ,코스닥,"전동기, 발전기 및 전기 변환 · 공급 · 제어 장치 제조업","항만크레인,구동전기장치",2002-07-16,12월,경기도,False,False,,True
065690,파커스,KOSDAQ,코스닥,고무제품 제조업,"프린터 부품, LED 조명기기,및 헬스케어 제품 제조업체",2002-07-16,12월,충청남도,False,False,,True
009240,한샘,KOSPI,유가,생활용품 도매업,"주방가구(씽크대),인테리어가구 판매,제조/주택신축판매",2002-07-16,12월,경기도,False,False,,True
060560,HC홈센타,KOSDAQ,코스닥,기타 전문 도매업,"건축자재,레미콘",2002-07-11,12월,대구광역시,False,False,,True
043710,코스리거글로벌,KOSDAQ,코스닥,기타 전문 도매업,의약품 도매 및 화장품 도소매,2002-07-11,12월,서울특별시,False,False,,True
036010,아비코전자,KOSDAQ,코스닥,전자부품 제조업,"인덕터, 저항기",2002-07-03,12월,경기도,False,False,,True
060280,큐렉소,KOSDAQ,코스닥,기타 상품 전문 소매업,"만화단행본, 정기간행물",2002-07-03,12월,서울특별시,False,False,,True
060230,제이케이시냅스,KOSDAQ,코스닥,기타 화학제품 제조업,화학제품 및 전자재료,2002-06-25,12월,충청남도,False,False,,True
046940,우원개발,KOSDAQ,코스닥,기반조성 및 시설물 축조관련 전문공사업,토공사,2002-06-18,12월,서울특별시,False,False,,True
057680,티사이언티픽,KOSDAQ,코스닥,소프트웨어 개발 및 공급업,모바일쿠폰,2002-06-18,12월,서울특별시,False,False,,True
060150,인선이엔티,KOSDAQ,코스닥,폐기물 처리업,건축폐기물처리,2002-06-14,12월,경기도,False,False,,True
065530,와이어블,KOSDAQ,코스닥,전기 통신업,공용기지국건설/관리,2002-06-04,12월,서울특별시,False,False,,True
063440,SM Life Design,KOSDAQ,코스닥,기록매체 복제업,"추첨식복권 제조, 일반출판 인쇄, CD ·DVD 복제",2002-05-30,12월,경기도,False,False,,True
017370,우신시스템,KOSPI,유가,특수 목적용 기계 제조업,"자동차차체자동설비, 2차전지설비, 자동차부품",2002-05-28,12월,서울특별시,False,False,,True
051160,지어소프트,KOSDAQ,코스닥,소프트웨어 개발 및 공급업,"Mobile Solution & Platform, Internet GIS, Mobile Service",2002-05-28,12월,서울특별시,False,False,,True
065060,지엔코,KOSDAQ,코스닥,봉제의복 제조업,"캐쥬얼의류(Thursday Island, TI FOR MEN)",2002-05-28,12월,서울특별시,False,False,,True
049180,셀루메드,KOSDAQ,코스닥,기초 의약물질 제조업,"의료기기, 바이오시밀러 및 헬스케어사업",2002-05-23,12월,서울특별시,False,False,,True
060720,KH바텍,KOSDAQ,코스닥,전자부품 제조업,"휴대폰부품(SHIELD, BRACKET)",2002-05-21,12월,경상북도,False,False,,True
061040,알에프텍,KOSDAQ,코스닥,통신 및 방송 장비 제조업,"핸드폰 충전기, 핸즈프리",2002-05-16,12월,경기도,False,False,,True
050760,에스폴리텍,KOSDAQ,코스닥,플라스틱제품 제조업,유무선 통신용 소프트웨어,2002-05-16,12월,충청북도,False,False,,True
054210,이랜텍,KOSDAQ,코스닥,전자부품 제조업,Battery Pack,2002-05-09,12월,경기도,False,False,,True
050120,ES큐브,KOSDAQ,코스닥,생활용품 도매업,"텐트, 원 ·부자재",2002-04-25,12월,서울특별시,False,False,,True
054410,케이피티유,KOSDAQ,코스닥,"섬유, 의복, 신발 및 가죽제품 소매업","Vacuum Treatment, Plasma Surface Treatment",2002-04-25,12월,경기도,False,False,,True
060310,3S,KOSDAQ,코스닥,"측정, 시험, 항해, 제어 및 기타 정밀기기 제조업; 광학기기 제외",반도체 웨이퍼 캐리어,2002-04-23,03월,서울특별시,False,False,,True
066570,LG전자,KOSPI,유가,통신 및 방송 장비 제조업,"이동통신단말기,C-TV,V.C.R.,컴퓨터,완전평면 TV,플라즈마 디스플레이 패널 TV,전자제품(세탁기외),CDMA(코드분할다중접속)이동통신,전자교환기,전송기기",2002-04-22,12월,서울특별시,False,False,,True
061250,화일약품,KOSDAQ,코스닥,의약품 제조업,의약품 원료,2002-04-18,12월,경기도,False,False,,True
053980,오상자이엘,KOSDAQ,코스닥,소프트웨어 개발 및 공급업,CATIA Solution,2002-04-09,12월,인천광역시,False,False,,True
024720,콜마홀딩스,KOSPI,유가,기타 금융업,"경영컨설팅,무역,과학및기술서비스업,도매",2002-04-09,12월,세종특별자치시,True,True,금융,True
054050,NH농우바이오,KOSDAQ,코스닥,작물 재배업,"고추, 수박, 참외(메론), 오이, 호박, 무, 배추 등",2002-04-02,12월,경기도,False,False,,True
039420,케이엘넷,KOSDAQ,코스닥,전기 통신업,EC/EDI,2002-03-12,12월,서울특별시,False,False,,True
064960,SNT모티브,KOSPI,유가,자동차 신품 부품 제조업,"자동차부품(서스펜션모듈,전장품,속옵서버,에어백,트로틀바디,너클),방산품(총포) 제조,도매",2002-03-11,12월,부산광역시,False,False,,True
039440,에스티아이,KOSDAQ,코스닥,특수 목적용 기계 제조업,"Chemical 중앙공급시스템(C.C.S.S), 세정·식각시스템",2002-02-28,12월,경기도,False,False,,True
049550,잉크테크,KOSDAQ,코스닥,기타 화학제품 제조업,"잉크젯프린터용 잉크카트리지, 재충전 잉크",2002-02-28,12월,경기도,False,False,,True
054670,대한뉴팜,KOSDAQ,코스닥,의약품 제조업,"동물약품,인체약품",2002-02-26,12월,경기도,False,False,,True
060590,씨티씨바이오,KOSDAQ,코스닥,의약품 제조업,"동물용항병원성제품, 생균효소제",2002-02-21,12월,서울특별시,False,False,,True
049070,인탑스,KOSDAQ,코스닥,통신 및 방송 장비 제조업,"휴대용단말기 부품, 가전 부품, 자동차 부품, 의료기기 제품, 로봇 관련 제품 제조 등",2002-02-21,12월,경기도,False,False,,True
060370,LS마린솔루션,KOSDAQ,코스닥,전기 및 통신 공사업,해저케이블등의 건설 및 유지보수 업무,2002-02-15,12월,부산광역시,False,False,,True
051380,피씨디렉트,KOSDAQ,코스닥,기계장비 및 관련 물품 도매업,"스토리지(HDD), 프로세서(CPU), Memory, Monitor등",2002-02-15,12월,서울특별시,False,False,,True
037710,광주신세계,KOSPI,유가,종합 소매업,백화점,2002-02-07,12월,광주광역시,False,False,,True
053270,구영테크,KOSDAQ,코스닥,자동차 신품 부품 제조업,엔진 브라켓(Engine Bracket) 등,2002-02-07,12월,대구광역시,False,False,,True
034950,한국기업평가,KOSDAQ,코스닥,기타 사업지원 서비스업,"신용평가, 컨설팅, 위험관리솔루션",2002-02-07,12월,서울특별시,False,False,,True
060260,뉴보텍,KOSDAQ,코스닥,플라스틱제품 제조업,"고강성 PVC DC, HDPE 등",2002-02-05,12월,강원특별자치도,False,False,,True
060380,동양에스텍,KOSDAQ,코스닥,1차 철강 제조업,"열연박판, 열연후판, 무늬강판",2002-02-05,12월,대전광역시,False,False,,True
046310,백금T&A,KOSDAQ,코스닥,통신 및 방송 장비 제조업,레이더디텍터,2002-02-05,12월,경기도,False,False,,True
049720,고려신용정보,KOSDAQ,코스닥,기타 사업지원 서비스업,"채권추심, 신용조사",2002-01-31,12월,서울특별시,False,False,,True
046890,서울반도체,KOSDAQ,코스닥,반도체 제조업,"Display, Chip LED, Lamp",2002-01-17,12월,경기도,False,False,,True
013990,아가방컴퍼니,KOSDAQ,코스닥,생활용품 도매업,유아용 의류 및 용품,2002-01-17,12월,서울특별시,False,False,,True
058450,한주에이알티,KOSDAQ,코스닥,"영화, 비디오물, 방송프로그램 제작 및 배급업","컴퓨터, 복사기 등의 부품",2002-01-17,12월,경기도,False,False,,True
059090,미코,KOSDAQ,코스닥,반도체 제조업,반도체 및 디스플레이 부품 제조,2002-01-15,12월,경기도,False,False,,True
054930,유신,KOSDAQ,코스닥,"건축기술, 엔지니어링 및 관련 기술 서비스업",토목설계 및 감리,2002-01-15,12월,서울특별시,False,False,,True
035200,프럼파스트,KOSDAQ,코스닥,플라스틱제품 제조업,주택건설용 플라스틱 배관,2002-01-15,12월,세종특별자치시,False,False,,True
054040,한국컴퓨터,KOSDAQ,코스닥,전자부품 제조업,PCB Assembly (PBA),2002-01-15,12월,경상북도,False,False,,True
048470,대동스틸,KOSDAQ,코스닥,기타 전문 도매업,"열연박판, 후판, 무늬강판 외",2002-01-10,12월,인천광역시,False,False,,True
042500,링네트,KOSDAQ,코스닥,"컴퓨터 프로그래밍, 시스템 통합 및 관리업",네트워크 구축(Network Integration),2002-01-10,12월,서울특별시,False,False,,True
040350,크레오에스지,KOSDAQ,코스닥,"컴퓨터 프로그래밍, 시스템 통합 및 관리업","시스템통합, 지능형교통시스템",2002-01-10,12월,서울특별시,False,False,,True
054300,팬스타엔터프라이즈,KOSDAQ,코스닥,일반 목적용 기계 제조업,자동차 정비용 리프트,2002-01-10,12월,부산광역시,False,False,,True
047080,한빛소프트,KOSDAQ,코스닥,소프트웨어 개발 및 공급업,"게임(스타크래프트 등), 교육, 솔루션",2002-01-10,12월,서울특별시,False,False,,True
020760,일진디스플,KOSPI,유가,반도체 제조업,"박막액정표시장치(TFT-LCD) 패널,LT(리튬탄탈에이트)웨이퍼,분말야금제품(초고압용공구),보석다이아몬드 제조,판매/종합건설",2002-01-09,12월,충청북도,False,False,,True
060250,NHN KCP,KOSDAQ,코스닥,금융 지원 서비스업,전자결제서비스업,2002-01-08,12월,서울특별시,True,True,금융,True
056730,CNT85,KOSDAQ,코스닥,건물 건설업,산업설비 제조외,2002-01-04,12월,경기도,False,False,,True
053260,금강철강,KOSDAQ,코스닥,1차 철강 제조업,"냉연압연강판, 산세코일",2002-01-04,12월,서울특별시,False,False,,True
060240,스타코링크,KOSDAQ,코스닥,선박 및 보트 건조업,"모바일게임(열혈강호,검과마법)",2002-01-04,12월,경기도,False,False,,True
041930,SY동아,KOSDAQ,코스닥,고무제품 제조업,자동차용 고무부품,2001-12-26,12월,경상남도,False,False,,True
054220,비츠로시스,KOSDAQ,코스닥,"전동기, 발전기 및 전기 변환 · 공급 · 제어 장치 제조업","원방감시제어시스템, 분산제어시스템",2001-12-26,12월,서울특별시,False,False,,True
014940,오리엔탈정공,KOSDAQ,코스닥,일반 목적용 기계 제조업,선박용 기계제품(크레인 등),2001-12-26,12월,부산광역시,False,False,,True
043590,웰킵스하이텍,KOSDAQ,코스닥,반도체 제조업,"DRIVER-IC,DDI Package,트랜스포머,코일",2001-12-20,12월,서울특별시,False,False,,True
058470,리노공업,KOSDAQ,코스닥,전자부품 제조업,"리노핀, 반도체 소켓 등",2001-12-18,12월,부산광역시,False,False,,True
045300,성우테크론,KOSDAQ,코스닥,전자부품 제조업,"리드프레임,반도체검사장비",2001-12-18,12월,경상남도,False,False,,True
056190,에스에프에이,KOSDAQ,코스닥,특수 목적용 기계 제조업,"디스플레이, 2차전지, 반도체 제조설비 및 공장자동화기기",2001-12-18,12월,경기도,False,False,,True
056700,신화인터텍,KOSDAQ,코스닥,플라스틱제품 제조업,디스플레이 BLU용 광학필름,2001-12-13,12월,충청남도,False,False,,True
054940,엑사이엔씨,KOSDAQ,코스닥,실내건축 및 건축마무리 공사업,실내건축 공사업,2001-12-13,12월,서울특별시,False,False,,True
043370,피에이치에이,KOSDAQ,코스닥,자동차 신품 부품 제조업,"자동차용 도어랫치, 도어힌지",2001-12-13,12월,대구광역시,False,False,,True
063160,종근당바이오,KOSPI,유가,의약품 제조업,"의약품,원료의약품 제조",2001-12-11,12월,서울특별시,False,False,,True
054620,APS,KOSDAQ,코스닥,기타 금융업,인터넷 트래픽 솔루션,2001-12-04,12월,경기도,True,True,금융,True
056360,코위버,KOSDAQ,코스닥,통신 및 방송 장비 제조업,"가입가계 가입자계 광단국장치,SONs-51,OMS-155M,OCSU,E2 가입자 전송장비,SDS-2500 등",2001-12-04,12월,서울특별시,False,False,,True
043260,성호전자,KOSDAQ,코스닥,전자부품 제조업,"전원공급장치,필름콘덴서",2001-11-29,12월,서울특별시,False,False,,True
051390,YW,KOSDAQ,코스닥,상품 종합 도매업,도소매,2001-11-15,12월,경기도,False,False,,True
054540,삼영엠텍,KOSDAQ,코스닥,"구조용 금속제품, 탱크 및 증기발생기 제조업","구조용 특수장치, 교량부품",2001-11-15,12월,경상남도,False,False,,True
053350,이니텍,KOSDAQ,코스닥,소프트웨어 개발 및 공급업,정보보안 및 인증솔루션,2001-11-15,12월,서울특별시,False,False,,True
056080,유진로봇,KOSDAQ,코스닥,특수 목적용 기계 제조업,"청소로봇, 완구류외",2001-11-13,12월,인천광역시,False,False,,True
044490,태웅,KOSDAQ,코스닥,기타 금속 가공제품 제조업,자유형단조품,2001-11-08,12월,부산광역시,False,False,,True
053950,경남제약,KOSDAQ,코스닥,의약품 제조업,의약품,2001-11-06,12월,경상남도,False,False,,True
053700,삼보모터스,KOSDAQ,코스닥,자동차 신품 부품 제조업,증명서 자동발급기,2001-11-06,12월,대구광역시,False,False,,True
054920,한컴위드,KOSDAQ,코스닥,소프트웨어 개발 및 공급업,전자상거래 보안 솔루션,2001-11-01,12월,경기도,False,False,,True
041960,코미팜,KOSDAQ,코스닥,의약품 제조업,동물약품,2001-10-30,12월,경기도,False,False,,True
053160,프리엠스,KOSDAQ,코스닥,"전동기, 발전기 및 전기 변환 · 공급 · 제어 장치 제조업","건설장비용 전장품,제어기",2001-10-30,12월,경기도,False,False,,True
052400,코나아이,KOSDAQ,코스닥,소프트웨어 개발 및 공급업,"전자화폐, 단말기, 수집/정산시스템",2001-10-18,12월,서울특별시,False,False,,True
054180,메디콕스,KOSDAQ,코스닥,선박 및 보트 건조업,XML/SGML 관련 제품 및 솔루션,2001-10-16,12월,서울특별시,False,False,,True
043090,더테크놀로지,KOSDAQ,코스닥,기타 전문 도매업,"바이오리엑터(Bioreactor, 생물반응기)",2001-10-11,12월,서울특별시,False,False,,True
049470,비트플래닛,KOSDAQ,코스닥,소프트웨어 개발 및 공급업,"SI, 소프트웨어",2001-10-11,12월,경기도,False,False,,True
053050,지에스이,KOSDAQ,코스닥,연료용 가스 제조 및 배관공급업,도시가스,2001-10-11,12월,경상남도,False,False,,True
054800,아이디스홀딩스,KOSDAQ,코스닥,기타 전문 서비스업,비금융지주회사,2001-09-27,12월,대전광역시,False,False,,True
047770,코데즈컴바인,KOSDAQ,코스닥,봉제의복 제조업,패션의류,2001-09-18,12월,서울특별시,False,False,,True
053800,안랩,KOSDAQ,코스닥,소프트웨어 개발 및 공급업,바이러스백신 프로그램,2001-09-13,12월,경기도,False,False,,True
055550,신한지주,KOSPI,유가,기타 금융업,금융지주회사,2001-09-10,12월,서울특별시,True,True,금융,True
040300,YTN,KOSDAQ,코스닥,"영화, 비디오물, 방송프로그램 제작 및 배급업",광고/협찬 및 프로그램 제작,2001-09-04,12월,서울특별시,False,False,,True
058820,CMG제약,KOSDAQ,코스닥,의약품 제조업,의약품,2001-08-31,12월,서울특별시,False,False,,True
035900,JYP Ent.,KOSDAQ,코스닥,오디오물 출판 및 원판 녹음업,오디오물 출판 및 원판 녹음 관련 제품,2001-08-30,12월,서울특별시,False,False,,True
021320,KCC건설,KOSDAQ,코스닥,건물 건설업,"토목 건축공사, 분양공사",2001-08-21,12월,서울특별시,False,False,,True
053060,세동,KOSDAQ,코스닥,자동차 신품 부품 제조업,"도어벨트, 몰딩",2001-08-17,12월,부산광역시,False,False,,True
053610,프로텍,KOSDAQ,코스닥,특수 목적용 기계 제조업,"Dispenser, Tray Feeder, 공압실린더",2001-08-17,12월,경기도,False,False,,True
052790,액토즈소프트,KOSDAQ,코스닥,소프트웨어 개발 및 공급업,온라인 게임 및 모바일 게임,2001-08-14,12월,서울특별시,False,False,,True
053450,세코닉스,KOSDAQ,코스닥,사진장비 및 광학기기 제조업,"모바일용 카메라렌즈, 차량용 카메라 및 광학부품",2001-08-09,12월,경기도,False,False,,True
053030,바이넥스,KOSDAQ,코스닥,의약품 제조업,"정장제, 소화제",2001-08-07,12월,부산광역시,False,False,,True
052420,오성첨단소재,KOSDAQ,코스닥,플라스틱제품 제조업,"보호, 기능성 필름",2001-08-07,12월,전북특별자치도,False,False,,True
021240,코웨이,KOSPI,유가,그외 기타 개인 서비스업,"렌탈 서비스(정수기,비데, 필터교환 등), 가정용기기 도매,판매,제조,폐기물처리설비,수출(정수기,청정기)",2001-08-07,12월,충청남도,False,False,,True
053620,태양,KOSDAQ,코스닥,기타 금속 가공제품 제조업,"휴대용 부탄가스, 에어졸캔, 외주수탁품",2001-08-07,12월,충청남도,False,False,,True
052300,오션인더블유,KOSDAQ,코스닥,상품 종합 도매업,운송,2001-08-02,12월,서울특별시,False,False,,True
049520,유아이엘,KOSDAQ,코스닥,전자부품 제조업,"스마트폰 기구부품(키버튼,금속부품,부자재,악세서리 등)",2001-08-02,12월,경기도,False,False,,True
048910,대원미디어,KOSDAQ,코스닥,기타 전문 도매업,"캐릭터 사업, 만화영화 제작",2001-07-31,12월,서울특별시,False,False,,True
051980,중앙첨단소재,KOSDAQ,코스닥,통신 및 방송 장비 제조업,통신장비 등,2001-07-31,12월,경기도,False,False,,True
058650,세아홀딩스,KOSPI,유가,1차 철강 제조업,지주회사/투자 및 경영컨설팅/부동산 임대,2001-07-30,12월,서울특별시,False,False,,True
051500,CJ프레시웨이,KOSDAQ,코스닥,음·식료품 및 담배 도매업,"식자재유통, 단체급식",2001-07-26,12월,경기도,False,False,,True
049120,파인디앤씨,KOSDAQ,코스닥,전자부품 제조업,"CHASSIS , 금형",2001-07-26,12월,충청남도,False,False,,True
043360,디지아이,KOSDAQ,코스닥,컴퓨터 및 주변장치 제조업,"잉크젯 플로터, 커팅 플로터",2001-07-20,12월,경기도,False,False,,True
052330,코텍,KOSDAQ,코스닥,영상 및 음향기기 제조업,산업용 모니터,2001-07-10,12월,인천광역시,False,False,,True
052600,한네트,KOSDAQ,코스닥,전기 통신업,"현금서비스, 예금인출",2001-07-10,12월,서울특별시,False,False,,True
052020,에스티큐브,KOSDAQ,코스닥,기계장비 및 관련 물품 도매업,"전자부품, 정보통신기기, 지능형로봇외",2001-07-05,12월,서울특별시,False,False,,True
043220,티에스넥스젠,KOSDAQ,코스닥,특수 목적용 기계 제조업,"발전설비 Damper, 전력설비 Busway",2001-07-03,12월,서울특별시,False,False,,True
051780,큐로홀딩스,KOSDAQ,코스닥,음·식료품 및 담배 소매업,"DTIS, Probe Card, H.F PCB",2001-06-26,12월,서울특별시,False,False,,True
033790,피노,KOSDAQ,코스닥,일차전지 및 이차전지 제조업,"전구체, 관련 소재",2001-06-26,12월,경기도,False,False,,True
051490,나라엠앤디,KOSDAQ,코스닥,특수 목적용 기계 제조업,"금형,사출 및 판금부품",2001-06-12,12월,경상남도,False,False,,True
038870,에코심플렉스,KOSDAQ,코스닥,사업시설 유지·관리 서비스업,"판매시점정보시스템(POS), 금전등록기",2001-05-29,12월,서울특별시,False,False,,True
045660,에이텍,KOSDAQ,코스닥,일반 목적용 기계 제조업,"PC,모니터",2001-05-24,12월,경기도,False,False,,True
045390,대아티아이,KOSDAQ,코스닥,기타 전기장비 제조업,철도신호제어시스템 등,2001-05-17,12월,경기도,False,False,,True
050110,캠시스,KOSDAQ,코스닥,전자부품 제조업,휴대폰용 카메라모듈,2001-05-17,12월,인천광역시,False,False,,True
052260,현대바이오랜드,KOSDAQ,코스닥,기타 화학제품 제조업,"천연물질 추출물, 미생물 배양제품",2001-05-17,12월,충청북도,False,False,,True
036540,SFA반도체,KOSDAQ,코스닥,반도체 제조업,"반도체패키지(SOP,DIP,QFP)",2001-05-02,12월,충청남도,False,False,,True
051900,LG생활건강,KOSPI,유가,기타 화학제품 제조업,"화장품,생활용품 제조,도매",2001-04-25,12월,서울특별시,False,False,,True
051910,LG화학,KOSPI,유가,기초 화학물질 제조업,"유화/기능/합성수지,재생섬유소,산업재,리튬이온전지,평광판,PVC 제조,도매",2001-04-25,12월,서울특별시,False,False,,True
047040,대우건설,KOSPI,유가,건물 건설업,"아파트건설,토목공사,건축공사,포장공사,전기공사,무역/중장비 대여",2001-03-23,12월,서울특별시,False,False,,True
047050,포스코인터내셔널,KOSPI,유가,상품 중개업,"영업활동의 주요 품목으로 에너지 사업내 천연가스 발전, 태양력, 풍력, 수소 등이 있으며, 트레이딩 사업은 철강 및 철강원료, 이차전지소재, 곡물, 유지, 면방, 바이오플라스틱, 친환경차부품, 인프라 및 산업 플랜트 등이 있음.",2001-03-23,12월,서울특별시,False,False,,True
042660,한화오션,KOSPI,유가,선박 및 보트 건조업,선박 제조,2001-02-02,12월,경상남도,False,False,,True
038500,삼표시멘트,KOSDAQ,코스닥,기타 비금속 광물제품 제조업,시멘트 제품,2001-02-01,12월,강원특별자치도,False,False,,True
051630,진양화학,KOSPI,유가,플라스틱제품 제조업,"레쟈,바닥재 제조",2001-01-29,12월,울산광역시,False,False,,True
024850,HLB이노베이션,KOSDAQ,코스닥,전자부품 제조업,리드프레임,2001-01-18,12월,경기도,False,False,,True
048550,SM C&C,KOSDAQ,코스닥,광고업,"영상콘텐츠 제작 및 매니지먼트, 광고, 여행",2001-01-18,12월,서울특별시,False,False,,True
049830,승일,KOSDAQ,코스닥,기타 금속 가공제품 제조업,"에어졸캔,에어졸발브,일반관",2001-01-18,12월,충청남도,False,False,,True
048770,TPC로보틱스,KOSDAQ,코스닥,일반 목적용 기계 제조업,"구동기기(실린더), 방향제어기(밸브)",2001-01-16,12월,인천광역시,False,False,,True
049430,코메론,KOSDAQ,코스닥,"측정, 시험, 항해, 제어 및 기타 정밀기기 제조업; 광학기기 제외","줄자, 냉간압연",2001-01-16,12월,부산광역시,False,False,,True
044480,빌리언스,KOSDAQ,코스닥,창작 및 예술관련 서비스업,"콘돔,고무골무,의료용 장갑",2001-01-11,12월,충청북도,False,False,,True
046390,삼화네트웍스,KOSDAQ,코스닥,"영화, 비디오물, 방송프로그램 제작 및 배급업",영상 콘텐츠,2001-01-11,12월,서울특별시,False,False,,True
014620,성광벤드,KOSDAQ,코스닥,1차 철강 제조업,관이음쇠,2001-01-11,12월,부산광역시,False,False,,True
048430,유라테크,KOSDAQ,코스닥,"전동기, 발전기 및 전기 변환 · 공급 · 제어 장치 제조업","점화코일, 스파크플러그",2001-01-11,12월,세종특별자치시,False,False,,True
017480,삼현철강,KOSDAQ,코스닥,1차 철강 제조업,"후판,열연후판,산세판박,무늬강판,용단철강,형강외",2001-01-09,12월,경상남도,False,False,,True
049480,오픈베이스,KOSDAQ,코스닥,"컴퓨터 프로그래밍, 시스템 통합 및 관리업","트래픽솔루션(웹스위치,트래픽서버)",2001-01-09,12월,서울특별시,False,False,,True
042510,라온시큐어,KOSDAQ,코스닥,소프트웨어 개발 및 공급업,소프트웨어 개발 및 공급,2001-01-03,12월,서울특별시,False,False,,True
036670,삼양케이씨아이,KOSDAQ,코스닥,기타 화학제품 제조업,"폴리머,레진,계면활성제",2001-01-03,12월,충청남도,False,False,,True
039830,오로라,KOSDAQ,코스닥,전문디자인업,"캐릭터디자인,캐릭터완구 등",2001-01-03,12월,서울특별시,False,False,,True
036190,금화피에스시,KOSDAQ,코스닥,전기 및 통신 공사업,"설비,철물,전기,강구조물",2000-12-26,12월,서울특별시,False,False,,True
046070,코다코,KOSDAQ,코스닥,자동차 신품 부품 제조업,"Oil Pump, Throttle Body",2000-12-26,12월,충청남도,False,False,,True
041830,인바디,KOSDAQ,코스닥,의료용 기기 제조업,정밀 체성분 분석기,2000-12-14,12월,서울특별시,False,False,,True
014570,고려제약,KOSDAQ,코스닥,의약품 제조업,"하벤(종합감기약),뉴로메드(치매치료제)등",2000-12-07,12월,경기도,False,False,,True
045520,크린앤사이언스,KOSDAQ,코스닥,일반 목적용 기계 제조업,자동차용 여과지,2000-12-05,12월,서울특별시,False,False,,True
044180,KD,KOSDAQ,코스닥,건물 건설업,건설사업(완성건물),2000-11-16,12월,경기도,False,False,,True
044960,이글벳,KOSDAQ,코스닥,기타 전문 도매업,"아바텍,아목사실린사 등",2000-11-16,12월,충청남도,False,False,,True
032080,아즈텍WB,KOSDAQ,코스닥,"섬유제품 염색, 정리 및 마무리 가공업",직물,2000-10-26,12월,부산광역시,False,False,,True
034020,두산에너빌리티,KOSPI,유가,일반 목적용 기계 제조업,"기관,터어빈,선박용엔진,주단조품,제강제품 제조/종합건설",2000-10-25,12월,경상남도,False,False,,True
010470,오리콤,KOSDAQ,코스닥,광고업,광고대행,2000-10-24,12월,서울특별시,False,False,,True
044340,위닉스,KOSDAQ,코스닥,가정용 기기 제조업,일반목적용 기계제조업,2000-10-24,12월,경기도,False,False,,True
042940,상지건설,KOSDAQ,코스닥,건물 건설업,"건설업, 고급빌라 건축 및 일반 건축, 주택공급 등",2000-10-19,12월,서울특별시,False,False,,True
010040,한국내화,KOSPI,유가,"내화, 비내화 요업제품 제조업","내화벽돌,내화몰탈,축로등 제조,판매",2000-10-16,12월,충청남도,False,False,,True
048830,엔피케이,KOSDAQ,코스닥,합성고무 및 플라스틱 물질 제조업,합성고무 및 플라스틱물질 제조업,2000-10-12,12월,경상북도,False,False,,True
000250,삼천당제약,KOSDAQ,코스닥,의약품 제조업,"하메론, 아토로우",2000-10-04,12월,경기도,False,False,,True
044780,에이치케이,KOSDAQ,코스닥,특수 목적용 기계 제조업,레이저가공 절단기,2000-09-07,12월,경기도,False,False,,True
045510,정원엔시스,KOSDAQ,코스닥,기계장비 및 관련 물품 도매업,"SI(시스템통합) 관련 소프트웨어, 중.대형 고속 레이져 프린터",2000-09-07,12월,서울특별시,False,False,,True
045100,한양이엔지,KOSDAQ,코스닥,"건축기술, 엔지니어링 및 관련 기술 서비스업",반도체배관설비,2000-08-31,12월,경기도,False,False,,True
040160,누리플렉스,KOSDAQ,코스닥,소프트웨어 개발 및 공급업,"지능형검침인프라(AMI),에너지관리시스템, 플랫폼 SW",2000-08-29,12월,서울특별시,False,False,,True
043340,에쎈테크,KOSDAQ,코스닥,일반 목적용 기계 제조업,LPG밸브,2000-08-29,12월,전북특별자치도,False,False,,True
043650,국순당,KOSDAQ,코스닥,알코올음료 제조업,탁주 및 약주,2000-08-24,12월,강원특별자치도,False,False,,True
037950,엘컴텍,KOSDAQ,코스닥,전자부품 제조업,"BLU(Back Light Unit), CCM(Compact Camera Module), Display용 EL",2000-08-24,12월,경기도,False,False,,True
039030,이오테크닉스,KOSDAQ,코스닥,특수 목적용 기계 제조업,레이저 마커 및 레이저 응용기기,2000-08-24,12월,경기도,False,False,,True
038540,상상인,KOSDAQ,코스닥,"컴퓨터 프로그래밍, 시스템 통합 및 관리업",IT 통합 솔루션,2000-08-18,12월,경기도,False,False,,True
018680,서울제약,KOSDAQ,코스닥,의약품 제조업,"정제,연질캅셀제,경질캅셀제,연고 및 크림제 등",2000-08-18,12월,충청북도,False,False,,True
046210,HLB파나진,KOSDAQ,코스닥,의료용품 및 기타 의약 관련제품 제조업,의료용품및 기타 의약관련 제품 제조업,2000-08-16,12월,대전광역시,False,False,,True
039860,나노엔텍,KOSDAQ,코스닥,의료용 기기 제조업,의료기기 및 실험기기,2000-08-16,12월,서울특별시,False,False,,True
045060,오공,KOSDAQ,코스닥,기타 화학제품 제조업,"접착제,씰란트,광택제,연마제",2000-08-10,12월,인천광역시,False,False,,True
043100,알파AI,KOSDAQ,코스닥,의료용 기기 제조업,"가정용 온열치료기, 의료기구",2000-08-08,12월,경기도,False,False,,True
042370,비츠로테크,KOSDAQ,코스닥,기타 금융업,"차단기, 개폐기",2000-08-03,12월,경기도,True,True,금융,True
045970,코아시아,KOSDAQ,코스닥,전자부품 제조업,LED패키지,2000-08-03,12월,인천광역시,False,False,,True
040420,정상제이엘에스,KOSDAQ,코스닥,일반 교습 학원,어학교육업,2000-08-01,12월,서울특별시,False,False,,True
007370,진양제약,KOSDAQ,코스닥,의약품 제조업,"소부날, 옥티란",2000-07-27,12월,서울특별시,False,False,,True
043610,KT지니뮤직,KOSDAQ,코스닥,영상·오디오물 제공 서비스업,디지털 음악 서비스 및 음원유통,2000-07-20,12월,서울특별시,False,False,,True
036890,진성티이씨,KOSDAQ,코스닥,특수 목적용 기계 제조업,트랙롤라. 플로팅 씰,2000-07-20,12월,경기도,False,False,,True
039010,현대에이치티,KOSDAQ,코스닥,통신 및 방송 장비 제조업,스마트홈 제조,2000-07-20,12월,서울특별시,False,False,,True
009300,삼아제약,KOSDAQ,코스닥,의약품 제조업,"노마에프, 아토크건조시럽, 코데날정, 코코시럽, 스마엘",2000-07-19,12월,강원특별자치도,False,False,,True
043200,파루,KOSDAQ,코스닥,"전동기, 발전기 및 전기 변환 · 공급 · 제어 장치 제조업","온습도 조절기(에어쿨), 무인방제기(야호)",2000-07-19,12월,전라남도,False,False,,True
042110,에스씨디,KOSDAQ,코스닥,가정용 기기 제조업,전자렌지용 MOTOR 및 냉장고용 TIMER,2000-07-13,12월,경기도,False,False,,True
039740,한국정보공학,KOSDAQ,코스닥,기타 전문 도매업,"그룹웨어, 자료관리시스템",2000-07-06,12월,경기도,False,False,,True
039840,디오,KOSDAQ,코스닥,의료용 기기 제조업,자동포장기계,2000-06-29,12월,부산광역시,False,False,,True
042420,네오위즈홀딩스,KOSDAQ,코스닥,소프트웨어 개발 및 공급업,지주사업,2000-06-27,12월,경기도,False,False,,True
039560,다산네트웍스,KOSDAQ,코스닥,통신 및 방송 장비 제조업,네트워크 통신장비,2000-06-22,12월,경기도,False,False,,True
038460,바이오스마트,KOSDAQ,코스닥,전자부품 제조업,"M/S 카드제조업, IC 카드제조, 카드장비판매",2000-06-22,12월,서울특별시,False,False,,True
032820,우리기술,KOSDAQ,코스닥,"전동기, 발전기 및 전기 변환 · 공급 · 제어 장치 제조업","시스템사업, 정보통신사업",2000-06-22,12월,서울특별시,False,False,,True
001540,안국약품,KOSDAQ,코스닥,의약품 제조업,"그랑파제, 토비콤-S",2000-06-15,12월,경기도,False,False,,True
039310,세중,KOSDAQ,코스닥,소프트웨어 개발 및 공급업,여행,2000-06-09,12월,서울특별시,False,False,,True
041190,우리기술투자,KOSDAQ,코스닥,기타 금융업,창업자에 대한 투자 및 융자,2000-06-09,12월,서울특별시,True,True,금융,True
038530,케이바이오랩스,KOSDAQ,코스닥,생활용품 도매업,"실험용 시약, 과학기자재 등",2000-06-09,12월,서울특별시,False,False,,True
036640,HRS,KOSDAQ,코스닥,합성고무 및 플라스틱 물질 제조업,실리콘 컴파운드제품 제조,2000-05-30,12월,서울특별시,False,False,,True
031330,에스에이엠티,KOSDAQ,코스닥,기계장비 및 관련 물품 도매업,"반도체(메모리,비메모리), CPU, TFT-LCD, 네트웍 장비, PC 및 주변기기, 이동통신수탁사업",2000-05-23,12월,서울특별시,False,False,,True
038620,위즈코프,KOSDAQ,코스닥,연료 소매업,인터넷 인프라 및 응용,2000-05-04,12월,서울특별시,False,False,,True
039020,이건홀딩스,KOSDAQ,코스닥,제재 및 목재 가공업,창호,2000-05-04,12월,인천광역시,False,False,,True
038950,파인디지털,KOSDAQ,코스닥,통신 및 방송 장비 제조업,"원격 RF 감시장치, 디지털 광 중계기, 노드분배기",2000-05-04,12월,경기도,False,False,,True
036800,나이스정보통신,KOSDAQ,코스닥,전기 통신업,카드 VAN사업,2000-05-03,12월,서울특별시,False,False,,True
040610,SG&G,KOSDAQ,코스닥,자동차 신품 부품 제조업,생활정보신문,2000-04-27,12월,경기도,False,False,,True
038880,아이에이,KOSDAQ,코스닥,전자부품 제조업,"반도체 및 모듈, 제어기",2000-04-27,12월,경기도,False,False,,True
038680,에스넷,KOSDAQ,코스닥,"컴퓨터 프로그래밍, 시스템 통합 및 관리업","네트워크장비 설치 및 납품, 유지보수",2000-04-27,12월,서울특별시,False,False,,True
041510,에스엠,KOSDAQ,코스닥,오디오물 출판 및 원판 녹음업,"음반(CD,MC),연예 대리",2000-04-27,12월,서울특별시,False,False,,True
010280,아이티센엔텍,KOSDAQ,코스닥,"컴퓨터 프로그래밍, 시스템 통합 및 관리업","클라우드,시스템통합(SI),네트워크 설계 및 구축,시스템운영(SM)",2000-04-14,12월,경기도,False,False,,True
037760,쎄니트,KOSDAQ,코스닥,1차 철강 제조업,스테인레스 냉연강판,2000-04-07,12월,경상남도,False,False,,True
036480,대성미생물,KOSDAQ,코스닥,의약품 제조업,"동물용 의약품, 미생물제재",2000-04-04,12월,경기도,False,False,,True
038110,에코플라스틱,KOSDAQ,코스닥,자동차 신품 부품 제조업,BUMPER 및 자동차TRIM류,2000-03-23,12월,경상북도,False,False,,True
032500,케이엠더블유,KOSDAQ,코스닥,통신 및 방송 장비 제조업,RF 부품 및 중계기,2000-03-21,12월,경기도,False,False,,True
039610,화성밸브,KOSDAQ,코스닥,일반 목적용 기계 제조업,"가스밸브, 매몰용접용 볼밸브, 온수분배기",2000-03-16,12월,대구광역시,False,False,,True
039240,경남스틸,KOSDAQ,코스닥,1차 철강 제조업,"냉연강판,아연도강판, 산세코일, 열연아연도금강판, 전기아연도금강판 등",2000-03-07,12월,경상남도,False,False,,True
038290,마크로젠,KOSDAQ,코스닥,"그외 기타 전문, 과학 및 기술 서비스업","DNA Sequencing, Microarray, Genetically Engineered Mouse",2000-02-22,12월,서울특별시,False,False,,True
037440,희림,KOSDAQ,코스닥,"건축기술, 엔지니어링 및 관련 기술 서비스업",설계 및 감리용역,2000-02-03,12월,서울특별시,False,False,,True
038390,레드캡투어,KOSDAQ,코스닥,여행사 및 기타 여행보조 서비스업,"여행알선, 렌터카",2000-02-01,12월,서울특별시,False,False,,True
036830,솔브레인홀딩스,KOSDAQ,코스닥,회사 본부 및 경영 컨설팅 서비스업,"반도체,디스플레이,2차전지 공정용 화학제품",2000-01-18,12월,경기도,False,True,회사 본부,True
036810,에프에스티,KOSDAQ,코스닥,전자부품 제조업,"펠리클(반도체부품), 칠러장비, 반도체유통",2000-01-18,12월,경기도,False,False,,True
036690,코맥스,KOSDAQ,코스닥,통신 및 방송 장비 제조업,"홈네트워크시스템,CCTV 방송설비",2000-01-18,12월,경기도,False,False,,True
037370,EG,KOSDAQ,코스닥,기초 화학물질 제조업,"산화철, 대기수처리방지시설, 무역",2000-01-11,12월,전라남도,False,False,,True
036620,감성코퍼레이션,KOSDAQ,코스닥,기타 전문 도매업,"의류, 의류디자인, 휴대폰 주변기기",2000-01-11,12월,서울특별시,False,False,,True
037350,성도이엔지,KOSDAQ,코스닥,"건축기술, 엔지니어링 및 관련 기술 서비스업","반도체크린룸 시공, 반도체장비제조",2000-01-11,12월,서울특별시,False,False,,True
038010,제일테크노스,KOSDAQ,코스닥,"구조용 금속제품, 탱크 및 증기발생기 제조업",DECK PLATE,2000-01-11,12월,경상북도,False,False,,True
016450,한세예스24홀딩스,KOSPI,유가,봉제의복 제조업,"의류(니트) 제조,도소매,원단 제조,부동산 임대",2000-01-06,12월,서울특별시,False,False,,True
001810,무림SP,KOSDAQ,코스닥,"펄프, 종이 및 판지 제조업","아트지,CCP지",2000-01-04,12월,서울특별시,False,False,,True
036630,세종텔레콤,KOSDAQ,코스닥,전기 및 통신 공사업,WLL/GPS/위성DMB/VoIP 단말기,2000-01-04,12월,경기도,False,False,,True
036710,심텍홀딩스,KOSDAQ,코스닥,회사 본부 및 경영 컨설팅 서비스업,반도체용 인쇄회로기판,2000-01-04,12월,충청북도,False,True,회사 본부,True
037070,파세코,KOSDAQ,코스닥,가정용 기기 제조업,"창문형에어컨,석유스토브",2000-01-04,12월,경기도,False,False,,True
036560,KZ정밀,KOSDAQ,코스닥,일반 목적용 기계 제조업,"펌프, 밸브, 주물",1999-12-28,12월,서울특별시,False,False,,True
016250,SGC E&C,KOSDAQ,코스닥,건물 건설업,"건축공사, 플랜트설비, 토목공사",1999-12-28,12월,서울특별시,False,False,,True
035890,서희건설,KOSDAQ,코스닥,건물 건설업,"토목, 건축, 부동산임대업",1999-12-24,12월,경기도,False,False,,True
036930,주성엔지니어링,KOSDAQ,코스닥,특수 목적용 기계 제조업,LP CVD,1999-12-24,12월,경기도,False,False,,True
036030,케이티알파,KOSDAQ,코스닥,상품 중개업,"커머스, 콘텐츠, ICT",1999-12-24,12월,서울특별시,False,False,,True
016710,대성홀딩스,KOSPI,유가,회사 본부 및 경영 컨설팅 서비스업,"도시가스,일반가스 공급/가스기기,차량용 연료 판매/해외자원개발,부동산 임대",1999-12-22,12월,대구광역시,False,True,회사 본부,True
032190,다우데이타,KOSDAQ,코스닥,기계장비 및 관련 물품 도매업,"Autodesk 제품군 및 보안, 백신 소프트웨어 등",1999-12-21,12월,서울특별시,False,False,,True
005290,동진쎄미켐,KOSDAQ,코스닥,기초 화학물질 제조업,"반도체,LCD용재료(감광제,봉지제),발포제",1999-12-21,12월,인천광역시,False,False,,True
003100,선광,KOSDAQ,코스닥,기타 운송관련 서비스업,"항만하역, 해사(바다모래)",1999-12-21,12월,인천광역시,False,False,,True
036170,에이치엠넥스,KOSDAQ,코스닥,반도체 제조업,LED패키지,1999-12-21,12월,경기도,False,False,,True
026040,제이에스티나,KOSDAQ,코스닥,귀금속 및 장신용품 제조업,"주얼리,가죽제품,손목시계",1999-12-21,12월,서울특별시,False,False,,True
037230,한국팩키지,KOSDAQ,코스닥,"골판지, 종이 상자 및 종이용기 제조업","카톤팩, 골판지 상자",1999-12-21,12월,경상남도,False,False,,True
037460,삼지전자,KOSDAQ,코스닥,통신 및 방송 장비 제조업,"통신기기,정보기기,BACKLIGHTUNIT사업",1999-12-16,12월,경기도,False,False,,True
037400,우리엔터프라이즈,KOSDAQ,코스닥,상품 종합 도매업,"변환장치 제조업 백열전구, 형광등",1999-12-16,12월,경기도,False,False,,True
003220,대원제약,KOSPI,유가,의약품 제조업,"의약품(해열소염진통제,진해거담제,동맥경화용제,혈압강하제 등), 건강기능식품(프로바이오틱스 등)",1999-12-15,12월,서울특별시,False,False,,True
036460,한국가스공사,KOSPI,유가,연료용 가스 제조 및 배관공급업,"액화천연가스 공급,제조,도매,개발",1999-12-15,12월,대구광역시,False,False,,True
033640,네패스,KOSDAQ,코스닥,반도체 제조업,반도체및TFT-LCD용현상액,1999-12-14,12월,충청북도,False,False,,True
037330,인지디스플레,KOSDAQ,코스닥,전자부품 제조업,"TFT-LCDCHASSIS,TFT-LCDLAMPREFLECTOR,ICLEADFRAME,TRLEADFRAME",1999-12-14,12월,경기도,False,False,,True
036090,위지트,KOSDAQ,코스닥,특수 목적용 기계 제조업,LCD 반도체,1999-12-10,12월,인천광역시,False,False,,True
036200,유니셈,KOSDAQ,코스닥,특수 목적용 기계 제조업,반도체장비(DryGasScrubber),1999-12-10,12월,경기도,False,False,,True
024800,유성티엔에스,KOSDAQ,코스닥,육상 여객 운송업,"운송,C형강,차량정비",1999-12-10,12월,서울특별시,False,False,,True
027050,코리아나,KOSDAQ,코스닥,기타 화학제품 제조업,화장품,1999-12-10,12월,충청남도,False,False,,True
035290,골드앤에스,KOSDAQ,코스닥,"서적, 잡지 및 기타 인쇄물 출판업","방과후컴퓨터상설반,교재및CD",1999-12-07,12월,서울특별시,False,False,,True
036120,서울평가정보,KOSDAQ,코스닥,기타 정보 서비스업,"신용조회,채권추심,신용조사",1999-12-07,12월,서울특별시,False,False,,True
027040,서울전자통신,KOSDAQ,코스닥,"전동기, 발전기 및 전기 변환 · 공급 · 제어 장치 제조업","전자변성기, 무역업(트랜스포머자재)",1999-12-03,12월,인천광역시,False,False,,True
027830,대성창투,KOSDAQ,코스닥,신탁업 및 집합투자업,투자서비스,1999-11-30,12월,서울특별시,True,True,"투자, 신탁",True
036000,예림당,KOSDAQ,코스닥,"서적, 잡지 및 기타 인쇄물 출판업",무선가입자망 단말기 및 차량용핸즈프리,1999-11-30,12월,서울특별시,False,False,,True
007120,미래아이앤지,KOSPI,유가,"컴퓨터 프로그래밍, 시스템 통합 및 관리업","CCTV, DVR제조, 금융솔루션, 방산제품",1999-11-26,12월,서울특별시,False,False,,True
035760,CJ ENM,KOSDAQ,코스닥,텔레비전 방송업,"의류, 생활주방, 가전제품, 보석, 기타",1999-11-23,12월,서울특별시,False,False,,True
035810,이지홀딩스,KOSDAQ,코스닥,동물용 사료 및 조제식품 제조업,지주회사,1999-11-23,12월,서울특별시,False,False,,True
035460,기산텔레콤,KOSDAQ,코스닥,통신 및 방송 장비 제조업,"광모듈, 에코 켄슬러, 중계기, VoIP Server등",1999-11-18,12월,서울특별시,False,False,,True
000850,화천기공,KOSPI,유가,특수 목적용 기계 제조업,"CNC선반,CNC밀링,연마기(금속공작기계),MC공작기계,COPY밀링기계,주방품 제조,도매",1999-11-18,12월,광주광역시,False,False,,True
036580,팜스코,KOSPI,유가,"곡물가공품, 전분 및 전분제품 제조업","배합사료 제조,도매",1999-10-25,12월,경기도,False,False,,True
033780,케이티앤지,KOSPI,유가,담배 제조업,"잎담배,제조담배,홍삼,홍삼제품 제조,판매",1999-10-08,12월,대전광역시,False,False,,True
009540,HD한국조선해양,KOSPI,유가,기타 금융업,"선박,해양구조물,엔진,펌프 전동기,중전기,중장비 제조/자동창고,물류시스템",1999-08-24,12월,경기도,True,True,금융,True
024090,디씨엠,KOSPI,유가,1차 철강 제조업,"PCM(칼라강판),라미네이트강판,산업용필름 제조,판매",1999-08-18,12월,경상남도,False,False,,True
035620,바른손이앤에이,KOSDAQ,코스닥,"영화, 비디오물, 방송프로그램 제작 및 배급업",영화 및 콘텐츠 투자배급,1999-08-13,12월,서울특별시,False,False,,True
035610,솔본,KOSDAQ,코스닥,회사 본부 및 경영 컨설팅 서비스업,경영자문 및 지주사업,1999-08-13,12월,서울특별시,False,True,회사 본부,True
020710,시공테크,KOSDAQ,코스닥,전문디자인업,"박물관, 전시관, 엑스포, 특수영상",1999-08-13,12월,서울특별시,False,False,,True
012790,신일제약,KOSDAQ,코스닥,의약품 제조업,"디펜플라스타, 맥스케어, 트레스, 리피칸",1999-08-13,12월,충청북도,False,False,,True
034940,조아제약,KOSDAQ,코스닥,의약품 제조업,"의약품,의약부외품,보건보조식품,위생용품의제조판매",1999-08-13,12월,서울특별시,False,False,,True
006840,AK홀딩스,KOSPI,유가,기타 금융업,지주사업,1999-08-11,12월,서울특별시,True,True,금융,True
035000,HS애드,KOSPI,유가,광고업,광고,1999-08-11,12월,서울특별시,False,False,,True
006650,대한유화,KOSPI,유가,기초 화학물질 제조업,"폴리프로필렌,고밀도폴리에틸렌,나프타분해유분,올레핀류,혼합C4류,분해가솔린 제조",1999-08-11,12월,서울특별시,False,False,,True
035150,백산,KOSPI,유가,플라스틱제품 제조업,"P.U.인조피혁,부직포인공피혁 제조,무역",1999-08-11,12월,경기도,False,False,,True
033250,체시스,KOSPI,유가,자동차 신품 부품 제조업,"자동차부품,뒷차축 제조",1999-08-11,12월,경상북도,False,False,,True
033230,인성정보,KOSDAQ,코스닥,"컴퓨터 프로그래밍, 시스템 통합 및 관리업",넷트워크 관련 장비 및 솔루션,1999-07-30,12월,서울특별시,False,False,,True
035080,그래디언트,KOSDAQ,코스닥,무점포 소매업,전자상거래,1999-07-05,12월,서울특별시,False,False,,True
005160,동국산업,KOSDAQ,코스닥,1차 철강 제조업,"철강무역,강판제품제조",1999-06-25,12월,서울특별시,False,False,,True
005990,매일홀딩스,KOSDAQ,코스닥,동·식물성 유지 및 낙농제품 제조업,유제품,1999-05-14,12월,서울특별시,False,False,,True
034810,해성산업,KOSDAQ,코스닥,기타 금융업,시설관리 용역 및 부동산 임대,1999-04-16,12월,서울특별시,True,True,금융,True
033240,자화전자,KOSPI,유가,전자부품 제조업,"Bonded magenet,플라스틱자성제품,티탄산 바륨계 반도체소자,휴대전화용 Vibration Motor,전자관,전자부품 제조",1999-01-06,12월,충청북도,False,False,,True
030200,케이티,KOSPI,유가,전기 통신업,"유무선통신사업,공중전기통신사업,인터넷,전자상거래,네트워크(전용회선,데이터통신,초고속사업 등)",1998-12-23,12월,경기도,False,False,,True
019490,엑시큐어하이트론,KOSPI,유가,영상 및 음향기기 제조업,"영상음향기기(보안시스템,CCTV용 모니터,CRT,화상회의시스템),정보통신기기 제조",1998-11-04,12월,경기도,False,False,,True
030000,제일기획,KOSPI,유가,광고업,"광고 대행/광고물,영화 제작,인쇄,출판",1998-03-03,12월,서울특별시,False,False,,True
025770,한국정보통신,KOSDAQ,코스닥,전기 통신업,"신용카드부가통신업(VAN),전자지급결제대행업(PG)",1998-01-20,12월,서울특별시,False,False,,True
033540,파라텍,KOSDAQ,코스닥,특수 목적용 기계 제조업,소방기기,1997-12-26,12월,충청남도,False,False,,True
033500,동성화인텍,KOSDAQ,코스닥,기초 화학물질 제조업,초저온 보냉재,1997-12-19,12월,부산광역시,False,False,,True
026890,스틱인베스트먼트,KOSPI,유가,신탁업 및 집합투자업,사모펀드(PEF),1997-11-25,12월,서울특별시,True,True,"투자, 신탁",True
029460,케이씨,KOSPI,유가,"측정, 시험, 항해, 제어 및 기타 정밀기기 제조업; 광학기기 제외",가스/Chemical 공급 장치 등 제조 및 판매,1997-11-25,12월,경기도,False,False,,True
030350,드래곤플라이,KOSDAQ,코스닥,소프트웨어 개발 및 공급업,온라인게임,1997-11-10,12월,서울특별시,False,False,,True
033160,엠케이전자,KOSDAQ,코스닥,전자부품 제조업,반도체용세금선,1997-11-10,12월,경기도,False,False,,True
033310,엠투엔,KOSDAQ,코스닥,전자부품 제조업,산업용자동제어반기기,1997-11-10,12월,서울특별시,False,False,,True
033320,제이씨현시스템,KOSDAQ,코스닥,기계장비 및 관련 물품 도매업,"메인보드, 그래픽카드",1997-11-10,12월,서울특별시,False,False,,True
009520,포스코엠텍,KOSDAQ,코스닥,1차 철강 제조업,철강포장용역 및 Al탈산제 생산,1997-11-10,12월,경상북도,False,False,,True
013810,스페코,KOSDAQ,코스닥,특수 목적용 기계 제조업,아스팔트믹싱플랜트,1997-11-03,12월,서울특별시,False,False,,True
033340,좋은사람들,KOSDAQ,코스닥,봉제의복 제조업,패션내의,1997-11-03,12월,서울특별시,False,False,,True
024890,대원화성,KOSPI,유가,플라스틱제품 제조업,"합성피혁,벽지,DMF(폐용수)정제,방수투습원단,화공약 임가공,제조,도매,수출입",1997-10-28,12월,서울특별시,False,False,,True
033290,로젠,KOSDAQ,코스닥,"섬유, 의복, 신발 및 가죽제품 소매업","의복, 잡화, 콘덴서",1997-10-13,12월,전북특별자치도,False,False,,True
033200,모아텍,KOSDAQ,코스닥,전자부품 제조업,위치제어용초정및소형모터,1997-10-13,03월,인천광역시,False,False,,True
015710,코콤,KOSDAQ,코스닥,통신 및 방송 장비 제조업,비디오도어폰,1997-09-30,12월,서울특별시,False,False,,True
017940,E1,KOSPI,유가,기타 전문 도매업,"LPG(프로판,부탄가스),가스기기판매",1997-08-27,12월,서울특별시,False,False,,True
018670,SK가스,KOSPI,유가,기타 전문 도매업,"액화석유가스,가스기기 판매,수입,저장",1997-08-27,12월,경기도,False,False,,True
023590,다우기술,KOSPI,유가,"자료처리, 호스팅, 포털 및 기타 인터넷 정보매개 서비스업","인터넷솔루션 개발,도매,IT컨설팅,시스템 설계,자문,인터넷관련서비스/부동산분양,개발,임대",1997-08-27,12월,경기도,False,False,,True
014440,영보화학,KOSPI,유가,플라스틱제품 제조업,"가교발포폴리에틸렌(아티론,영보드) 제조,판매",1997-08-27,12월,충청북도,False,False,,True
033100,제룡전기,KOSDAQ,코스닥,"전동기, 발전기 및 전기 변환 · 공급 · 제어 장치 제조업","송배전용금구류,변압기",1997-08-18,12월,서울특별시,False,False,,True
033050,제이엠아이,KOSDAQ,코스닥,기타 화학제품 제조업,CD복제품,1997-08-18,12월,경기도,False,False,,True
033130,디지틀조선,KOSDAQ,코스닥,"자료처리, 호스팅, 포털 및 기타 인터넷 정보매개 서비스업",위성서비스,1997-08-06,12월,서울특별시,False,False,,True
032980,바이온,KOSDAQ,코스닥,음·식료품 및 담배 도매업,"배너,타포린,화장품,자동차부품",1997-08-06,12월,경기도,False,False,,True
019210,와이지-원,KOSDAQ,코스닥,기타 금속 가공제품 제조업,"엔드밀, 탭, 드릴",1997-08-06,12월,인천광역시,False,False,,True
026150,특수건설,KOSDAQ,코스닥,토목 건설업,보링,1997-08-06,12월,서울특별시,False,False,,True
031310,아이즈비전,KOSDAQ,코스닥,전기 통신업,"홈쇼핑(아이즈홈쇼핑), 국제전화(아이즈텔), 가정용유무선 전화기판매(TopPhone)",1997-07-25,12월,서울특별시,False,False,,True
011790,SKC,KOSPI,유가,기타 화학제품 제조업,"기초화학원료(PO, PG), 전지용 동박 등을 제조ㆍ판매하는 사업",1997-07-18,12월,경기도,False,False,,True
032960,동일기연,KOSDAQ,코스닥,전자부품 제조업,EMI,1997-07-18,12월,경기도,False,False,,True
032680,소프트센,KOSDAQ,코스닥,기타 정보 서비스업,전산기기 및 정보통신공사,1997-07-18,12월,서울특별시,False,False,,True
032940,원익,KOSDAQ,코스닥,기계장비 및 관련 물품 도매업,"Quartz, HIC, 의료기기",1997-07-18,12월,경기도,False,False,,True
008290,원풍물산,KOSDAQ,코스닥,봉제의복 제조업,남성용신사복,1997-07-18,12월,인천광역시,False,False,,True
025890,한국주강,KOSPI,유가,특수 목적용 기계 제조업,"주강,주물 제조,도매",1997-07-18,12월,경상남도,False,False,,True
032750,삼진,KOSDAQ,코스닥,통신 및 방송 장비 제조업,리모컨,1997-07-14,12월,경기도,False,False,,True
032860,더라미,KOSDAQ,코스닥,"해체, 선별 및 원료 재생업","화장품, 철스크랩",1997-07-04,12월,경기도,False,False,,True
032850,비트컴퓨터,KOSDAQ,코스닥,소프트웨어 개발 및 공급업,의료정보시스템,1997-07-04,12월,서울특별시,False,False,,True
032790,엠젠솔루션,KOSDAQ,코스닥,기계장비 및 관련 물품 도매업,"프린터형상기, 광통신장비, Bio이종장기, AI솔루션",1997-06-26,12월,서울특별시,False,False,,True
032800,판타지오,KOSDAQ,코스닥,창작 및 예술관련 서비스업,서비스,1997-06-26,06월,서울특별시,False,False,,True
024900,디와이덕양,KOSPI,유가,자동차 신품 부품 제조업,"자동차부품(CRASH PAD,TRIM PANEL) 제조,판매",1997-06-23,12월,울산광역시,False,False,,True
023960,에쓰씨엔지니어링,KOSPI,유가,토목 건설업,"기술용역(건축설계) 서비스/화학플랜트 설비,기계 제작(음식료,석유화학사업관련)/유공압기기 판매",1997-06-23,12월,서울특별시,False,False,,True
023800,인지컨트롤스,KOSPI,유가,자동차 신품 부품 제조업,"자동차부품(터머스위치,터머스탯) 제조",1997-06-23,12월,경기도,False,False,,True
032620,GC메디아이,KOSDAQ,코스닥,소프트웨어 개발 및 공급업,"의사랑,유팜,미소몰",1997-05-02,12월,서울특별시,False,False,,True
032580,피델릭스,KOSDAQ,코스닥,반도체 제조업,PSRAM 및 LPSDRAM,1997-04-22,12월,경기도,False,False,,True
032540,TJ미디어,KOSDAQ,코스닥,영상 및 음향기기 제조업,영상음향반주기,1997-04-16,12월,서울특별시,False,False,,True
028080,휴맥스홀딩스,KOSDAQ,코스닥,"컴퓨터 프로그래밍, 시스템 통합 및 관리업","지주사업, IT서비스사업",1997-04-16,12월,경기도,False,False,,True
032280,삼일,KOSDAQ,코스닥,도로 화물 운송업,운송 및 하역수입,1997-03-15,12월,경상북도,False,False,,True
012320,경동인베스트,KOSPI,유가,기타 금융업,지주회사,1997-03-07,12월,경기도,True,True,금융,True
012340,뉴인텍,KOSDAQ,코스닥,자동차 신품 부품 제조업,친환경 차량용 커패시터,1997-02-12,12월,충청남도,False,False,,True
031820,아이티센씨티에스,KOSPI,유가,"컴퓨터 프로그래밍, 시스템 통합 및 관리업","시스템(네트웍) 구축/데이터통신장비(모뎀,먹스),종합네트워크시스템 제조,설치,유지보수",1997-02-12,12월,경기도,False,False,,True
025530,에스제이엠홀딩스,KOSPI,유가,자동차 부품 및 내장품 판매업,지주회사및경영자문,1997-02-12,12월,경기도,False,False,,True
031510,오스템,KOSDAQ,코스닥,자동차 신품 부품 제조업,휠,1997-02-12,12월,충청남도,False,False,,True
031860,디에이치엑스컴퍼니,KOSDAQ,코스닥,상품 종합 도매업,FLC,1997-01-07,12월,서울특별시,False,False,,True
031980,피에스케이홀딩스,KOSDAQ,코스닥,특수 목적용 기계 제조업,"Descum, Reflow",1997-01-07,12월,경기도,False,False,,True
000660,SK하이닉스,KOSPI,유가,반도체 제조업,"반도체,컴퓨터,통신기기 제조,도매",1996-12-26,12월,경기도,False,False,,True
015360,INVENI,KOSPI,유가,회사 본부 및 경영 컨설팅 서비스업,지주사업,1996-12-24,12월,서울특별시,False,True,회사 본부,True
023150,MH에탄올,KOSPI,유가,알코올음료 제조업,"주정,탄산가스 제조",1996-12-24,12월,경상남도,False,False,,True
023450,동남합성,KOSPI,유가,기초 화학물질 제조업,"계면활성제,정밀화학품 제조,도매/부동산 임대",1996-12-24,12월,충청남도,False,False,,True
028050,삼성E&A,KOSPI,유가,"건축기술, 엔지니어링 및 관련 기술 서비스업","산업설비,건물,구축물,토목시설의 설계,시공,공사감리",1996-12-24,12월,서울특별시,False,False,,True
029530,신도리코,KOSPI,유가,컴퓨터 및 주변장치 제조업,"복사기, 3D프린터, 프린터, 주변기기 제조,판매",1996-12-24,12월,서울특별시,False,False,,True
005320,온타이드,KOSPI,유가,생활용품 도매업,"셔츠,스웨터,파자마(섬유제품) 제조,판매,수출/부동산 임대",1996-12-24,12월,서울특별시,False,False,,True
016800,퍼시스,KOSPI,유가,가구 제조업,"사무용 가구,의자,책상,캐비넷 제조",1996-12-24,12월,서울특별시,False,False,,True
011560,세보엠이씨,KOSDAQ,코스닥,건물설비 설치 공사업,"건설관련설비,ACESS FLOOR,소음기,CHAMMBER,PFP UNIT,BY-PASS UNIT,DUCT,철구조물",1996-12-23,12월,서울특별시,False,False,,True
024740,한일단조,KOSDAQ,코스닥,자동차 신품 부품 제조업,단조품,1996-11-29,12월,충청북도,False,False,,True
024070,WISCOM,KOSPI,유가,플라스틱제품 제조업,"플라스틱제품(PVC컴파운드,ABS,PS가공) 제조,도매,임가공",1996-11-22,12월,경기도,False,False,,True
030720,동원수산,KOSPI,유가,어로 어업,"원양어업/수산물 제조,가공/참치어류 냉동냉장업",1996-11-22,12월,서울특별시,False,False,,True
025560,미래산업,KOSPI,유가,"측정, 시험, 항해, 제어 및 기타 정밀기기 제조업; 광학기기 제외","PCB마운터,반도체검사장비(반도체테스트핸들러),LCD 검사장비,리드프레임매가진 제조,도매,무역",1996-11-22,12월,충청남도,False,False,,True
030210,다올투자증권,KOSPI,유가,금융 지원 서비스업,"금융업, 서비스, 부동산",1996-11-19,12월,서울특별시,True,True,금융,True
030960,양지사,KOSDAQ,코스닥,인쇄 및 인쇄관련 산업,다이어리,1996-10-24,06월,경기도,False,False,,True
012630,HDC,KOSPI,유가,기타 금융업,지주회사,1996-10-16,12월,서울특별시,True,True,금융,True
017900,광전자,KOSPI,유가,반도체 제조업,"트랜지스터,SMD TR,발광소자,리모콘모듈,발광다이오드(L.E.D),다이오드용웨이퍼팹(Fab) 제조,판매",1996-10-16,12월,전북특별자치도,False,False,,True
025540,한국단자공업,KOSPI,유가,"전동기, 발전기 및 전기 변환 · 공급 · 제어 장치 제조업","전기변환장치(광커넥터,통신용콘넥터,정밀압착단자설계) 제조,무역(수출)",1996-10-16,12월,인천광역시,False,False,,True
030530,원익홀딩스,KOSDAQ,코스닥,기초 화학물질 제조업,가스캐비닛,1996-09-24,12월,경기도,False,False,,True
030520,한글과컴퓨터,KOSDAQ,코스닥,소프트웨어 개발 및 공급업,오피스소프트웨어,1996-09-24,12월,경기도,False,False,,True
021880,메이슨캐피탈,KOSDAQ,코스닥,기타 금융업,리스수입,1996-09-02,03월,전북특별자치도,True,True,금융,True
029480,광무,KOSDAQ,코스닥,통신 및 방송 장비 제조업,"네트워크 통합사업,네트워크 장비, 光 전송장비, S/W 제조, 네트워크관리",1996-08-27,12월,서울특별시,False,False,,True
021040,대호특수강,KOSDAQ,코스닥,1차 철강 제조업,냉간압조용선재,1996-08-27,12월,충청북도,False,False,,True
003160,디아이,KOSPI,유가,"측정, 시험, 항해, 제어 및 기타 정밀기기 제조업; 광학기기 제외","반도체검사장비,전자부품,레저용품,석제품 제조,판매,오파,부동산임대업",1996-07-31,12월,서울특별시,False,False,,True
011930,신성이엔지,KOSPI,유가,반도체 제조업,"태양전지, 태양광모듈 제조 및 판매, 태양광 발전설치공사, 클린룸, 자동화장비",1996-07-31,12월,경기도,False,False,,True
019180,티에이치엔,KOSPI,유가,기타 전기장비 제조업,"자동차부품(전기배선장치류) 제조,도매",1996-07-31,12월,대구광역시,False,False,,True
018880,한온시스템,KOSPI,유가,일반 목적용 기계 제조업,"자동차용부품(라디에이터,히터,에어콘,압축기,콘덴서,컴퓨레사) 제조,도매",1996-07-31,12월,대전광역시,False,False,,True
028300,HLB,KOSDAQ,코스닥,의료용품 및 기타 의약 관련제품 제조업,"의료기기, 의약외품 등",1996-07-27,12월,세종특별자치시,False,False,,True
027710,팜스토리,KOSDAQ,코스닥,동물용 사료 및 조제식품 제조업,사료,1996-07-06,12월,서울특별시,False,False,,True
006740,블루산업개발,KOSPI,유가,"골판지, 종이 상자 및 종이용기 제조업","골판지원지,지관원지,라이나원지 제조",1996-07-03,12월,경기도,False,False,,True
021820,세원정공,KOSPI,유가,자동차 신품 부품 제조업,"자동차부품(차체류,램프류) 제조",1996-07-03,06월,대구광역시,False,False,,True
000910,유니온,KOSPI,유가,"시멘트, 석회, 플라스터 및 그 제품 제조업","백시멘트,타일시멘트,알루미나시멘트,용융알루미나,급결제,필터프레스,유니필터제조,도매",1996-07-03,12월,서울특별시,False,False,,True
020120,키다리스튜디오,KOSPI,유가,"자료처리, 호스팅, 포털 및 기타 인터넷 정보매개 서비스업","웹툰,웹소설 플랫폼 서비스 및 출판, 영상콘텐츠 제작 및 유통",1996-07-03,12월,서울특별시,False,False,,True
027970,한국제지,KOSPI,유가,"펄프, 종이 및 판지 제조업","펄프, 종이 및 판지 제조업(031701)",1996-07-03,12월,울산광역시,False,False,,True
020000,한섬,KOSPI,유가,봉제의복 제조업,"여성의류,금속 액세서리,신발,가방,선글라스 제조,판매",1996-07-03,12월,서울특별시,False,False,,True
017800,현대엘리베이터,KOSPI,유가,일반 목적용 기계 제조업,"엘리베이터,에스컬레이터,공항,공정,크린룸,병원 물류시스템,수,배송센터,고속소팅시스템,주차설비 제조,판매,보수",1996-07-03,12월,충청북도,False,False,,True
016580,환인제약,KOSPI,유가,의약품 제조업,"의약품(신경정신질환치료제,소화기관용약제,연고) 제조,도매",1996-07-03,12월,서울특별시,False,False,,True
023600,삼보판지,KOSDAQ,코스닥,"펄프, 종이 및 판지 제조업","골판지,골판지상자",1996-05-29,12월,경기도,False,False,,True
018310,삼목에스폼,KOSDAQ,코스닥,"구조용 금속제품, 탱크 및 증기발생기 제조업","갱폼,알루미늄폼,특수폼,알루미늄압출재",1996-05-03,12월,경기도,False,False,,True
003800,에이스침대,KOSDAQ,코스닥,가구 제조업,침대,1996-05-03,12월,경기도,False,False,,True
014190,원익큐브,KOSDAQ,코스닥,기타 전문 도매업,"MMA,BAM,PC,PP,목재,실란트,디지털인쇄기",1996-04-26,12월,경기도,False,False,,True
013580,계룡건설산업,KOSPI,유가,토목 건설업,"건축공사,주택공사,토목공사,포장공사,전기공사",1996-01-30,12월,대전광역시,False,False,,True
021050,서원,KOSPI,유가,금속 주조업,"비철금속(황동 빌레트,인코트) 제조,재생원료생산",1996-01-30,12월,경기도,False,False,,True
012750,에스원,KOSPI,유가,"경비, 경호 및 탐정업","부가통신 서비스(경비),안전관리용역,CCTV카메라",1996-01-30,12월,서울특별시,False,False,,True
015890,태경산업,KOSPI,유가,기초 화학물질 제조업,"제강용 정련제(프락스),카바이드,중질탈산칼슘 제조,판매/고속도로휴게소 운영",1996-01-30,12월,서울특별시,False,False,,True
012700,리드코프,KOSDAQ,코스닥,기타 전문 도매업,화공약품운반,1996-01-19,12월,서울특별시,False,False,,True
018000,유니슨,KOSDAQ,코스닥,일반 목적용 기계 제조업,"풍력발전기, 풍력타워",1996-01-10,12월,경상남도,False,False,,True
025980,아난티,KOSDAQ,코스닥,일반 및 생활 숙박시설 운영업,리조트 운영 및 분양,1996-01-06,12월,충청북도,False,False,,True
026910,광진실업,KOSDAQ,코스닥,1차 철강 제조업,마봉,1996-01-03,12월,부산광역시,False,False,,True
017250,인터엠,KOSDAQ,코스닥,영상 및 음향기기 제조업,음향기기,1996-01-03,09월,경기도,False,False,,True
016590,신대양제지,KOSPI,유가,"골판지, 종이 상자 및 종이용기 제조업","골판지용 골심지,라이너지 제조,수출입",1995-12-21,12월,경기도,False,False,,True
011690,와이투솔루션,KOSPI,유가,반도체 제조업,"혼성직접회로,통신기기 제조/화공약품,케이블 도매",1995-12-21,12월,경기도,False,False,,True
025860,남해화학,KOSPI,유가,"비료, 농약 및 살균, 살충제 제조업","비료(요소,복합비료),공업제품원료 제조,도매",1995-11-10,12월,서울특별시,False,False,,True
018500,동원금속,KOSPI,유가,자동차 신품 부품 제조업,"자동차부품(도어후레임,머플러,임팩트빔),강관 제조,판매",1995-11-10,03월,경상북도,False,False,,True
011300,우성머티리얼스,KOSPI,유가,직물직조 및 직물제품 제조업,"제직,염색,폴리에스터직물,자수직물봉제 제조,판매/임대료,관리비 수입",1995-11-10,12월,대구광역시,False,False,,True
015750,성우하이텍,KOSDAQ,코스닥,자동차 신품 부품 제조업,자동차범퍼,1995-11-04,12월,부산광역시,False,False,,True
020180,대신정보통신,KOSDAQ,코스닥,"컴퓨터 프로그래밍, 시스템 통합 및 관리업","디지털서비스, SI서비스, 산업용 PDA",1995-10-06,03월,광주광역시,False,False,,True
006730,서부T&D,KOSDAQ,코스닥,일반 및 생활 숙박시설 운영업,석유류판매,1995-10-06,12월,서울특별시,False,False,,True
011200,HMM,KOSPI,유가,해상 운송업,"정기,부정기,전용선,콘테이너선,자동차선,LNG선 해운",1995-10-05,12월,부산광역시,False,False,,True
012610,경인양행,KOSPI,유가,기초 화학물질 제조업,"반응성염료,직접염료,산성염료,삼원색원료 제조,수출입",1995-10-05,12월,인천광역시,False,False,,True
017810,풀무원,KOSPI,유가,기타 식품 제조업,"두부류,생면류,나물류,냉동류,조미류,김치류,묵류,녹즙,과채음료,건강보조식품 판매,제조,생식품 수출",1995-10-05,12월,충청북도,False,False,,True
017390,서울도시가스,KOSPI,유가,연료용 가스 제조 및 배관공급업,"도시가스공급,가스공급설비공사",1995-08-18,12월,서울특별시,False,False,,True
025820,이구산업,KOSPI,유가,1차 비철금속 제조업,"동판.조,황동판.조,인청동판.조 제조,임가공/부동산 임대",1995-08-18,12월,경기도,False,False,,True
025950,동신건설,KOSDAQ,코스닥,토목 건설업,토목,1995-08-07,12월,경상북도,False,False,,True
025900,동화기업,KOSDAQ,코스닥,나무제품 제조업,"PB, MDF, 표면재,온돌마루, 창호, 도어 등",1995-08-07,12월,인천광역시,False,False,,True
011090,에넥스,KOSPI,유가,가구 제조업,"씽크상판,주방기기,목재케비넷,유해가스저감장치시설 제조,판매",1995-07-08,12월,서울특별시,False,False,,True
007460,에이프로젠,KOSPI,유가,의약품 제조업,"단열장치,철구조물,가열로,특수단열재(금속표면경화육성,원자로용) 제조/단열공사/부동산 임대",1995-07-08,12월,경기도,False,False,,True
025620,차AI헬스케어,KOSPI,유가,기타 화학제품 제조업,화장품 제조 판매,1995-07-08,12월,서울특별시,False,False,,True
017960,한국카본,KOSPI,유가,"구조용 금속제품, 탱크 및 증기발생기 제조업","탄소섬유(카본프리프레그(낚시대,테니스라켓,골프 Shaft,스포츠레저용품)),합성수지,글라스페이퍼,LNG선박용 단열판넬 제조,도매",1995-07-08,12월,경상남도,False,False,,True
025870,신라에스지,KOSDAQ,코스닥,음·식료품 및 담배 도매업,수산물도매,1995-07-07,12월,서울특별시,False,False,,True
025880,케이씨피드,KOSDAQ,코스닥,동물용 사료 및 조제식품 제조업,사료,1995-07-07,12월,경상북도,False,False,,True
002680,한탑,KOSDAQ,코스닥,"곡물가공품, 전분 및 전분제품 제조업","소맥분(밀가루),배합사료",1995-07-07,12월,부산광역시,False,False,,True
025550,한국선재,KOSDAQ,코스닥,1차 철강 제조업,철강선재류,1995-06-19,12월,부산광역시,False,False,,True
025440,DH오토웨어,KOSDAQ,코스닥,영상 및 음향기기 제조업,"카 인포테인먼트용 영상·음향기기, 차체 자동화설비 및 조립용 지그 제조",1995-05-22,12월,광주광역시,False,False,,True
025320,시노펙스,KOSDAQ,코스닥,전자부품 제조업,"전자부품, 필터",1995-04-20,12월,경상북도,False,False,,True
024940,PN풍년,KOSDAQ,코스닥,생활용품 도매업,압력솥,1995-01-04,12월,경기도,False,False,,True
024950,삼천리자전거,KOSDAQ,코스닥,생활용품 도매업,자전거,1995-01-04,12월,서울특별시,False,False,,True
014100,메디앙스,KOSDAQ,코스닥,상품 종합 도매업,"누크, 비비생활용품, 비앙또마망, 지에닉, 닥터 아토피스",1995-01-03,12월,서울특별시,False,False,,True
024840,KBI메탈,KOSDAQ,코스닥,1차 비철금속 제조업,"동ROD, 모터코어",1994-12-29,12월,대구광역시,False,False,,True
024910,경창산업,KOSDAQ,코스닥,자동차 신품 부품 제조업,"각종 케이블, 개폐랫치, 리저브탱크, 밴드류, 페달류, 오토트랜스미션부품, 시트용 단품",1994-12-29,12월,대구광역시,False,False,,True
004780,대륙제관,KOSDAQ,코스닥,기타 금속 가공제품 제조업,휴대용부탄가스 및 금속포장용기,1994-12-29,12월,서울특별시,False,False,,True
013120,동원개발,KOSDAQ,코스닥,건물 건설업,도급공사,1994-12-29,12월,부산광역시,False,False,,True
024830,세원물산,KOSDAQ,코스닥,자동차 신품 부품 제조업,라디에이터서포터,1994-12-29,12월,경상북도,False,False,,True
024880,케이피에프,KOSDAQ,코스닥,기타 금속 가공제품 제조업,볼트류,1994-12-29,12월,경기도,False,False,,True
025000,KPX케미칼,KOSPI,유가,기초 화학물질 제조업,"PPG,PU RESIN,우레탄수지,대향막박리재,반도체 CM PAD,Polyether Polyol,산업용기초화학제품,화공약품 제조,판매",1994-12-27,12월,서울특별시,False,False,,True
007980,TP,KOSPI,유가,봉제의복 제조업,"봉제의류(자켓,파카,코트),침구 제조,우모가공,생활용품 도소매,무역",1994-12-27,12월,서울특별시,False,False,,True
010580,에스엠벡셀,KOSPI,유가,자동차 신품 부품 제조업,"자동차부품(워터펌프,오일펌프,엔진헤드(GV6),프론트케이스) 제조",1994-12-27,12월,충청남도,False,False,,True
024120,KB오토시스,KOSDAQ,코스닥,자동차 신품 부품 제조업,브레이크패드,1994-12-07,12월,충청남도,False,False,,True
017000,신원종합개발,KOSDAQ,코스닥,건물 건설업,토건,1994-12-07,12월,경기도,False,False,,True
024060,흥구석유,KOSDAQ,코스닥,기타 전문 도매업,휘발유등,1994-12-07,12월,대구광역시,False,False,,True
023910,대한약품,KOSDAQ,코스닥,의약품 제조업,수액제,1994-11-23,12월,서울특별시,False,False,,True
001840,이화공영,KOSDAQ,코스닥,건물 건설업,도급공사,1994-11-23,12월,서울특별시,False,False,,True
023900,풍국주정,KOSDAQ,코스닥,알코올음료 제조업,발효주정,1994-11-23,12월,대구광역시,False,False,,True
017650,대림제지,KOSDAQ,코스닥,기타 종이 및 판지 제품 제조업,골판지원지,1994-11-07,12월,경기도,False,False,,True
010170,대한광통신,KOSDAQ,코스닥,절연선 및 케이블 제조업,광섬유,1994-11-07,12월,경기도,False,False,,True
023790,동일스틸럭스,KOSDAQ,코스닥,1차 철강 제조업,봉강,1994-11-07,12월,부산광역시,False,False,,True
023770,플레이위드,KOSDAQ,코스닥,소프트웨어 개발 및 공급업,게임소프트웨어,1994-11-07,12월,서울특별시,False,False,,True
023760,한국캐피탈,KOSDAQ,코스닥,기타 금융업,리스수수료,1994-11-07,12월,대전광역시,True,True,금융,True
005860,한일사료,KOSDAQ,코스닥,동물용 사료 및 조제식품 제조업,배합사료,1994-11-07,12월,경기도,False,False,,True
009440,KC그린홀딩스,KOSPI,유가,기타 금융업,기타금융업,1994-11-05,12월,서울특별시,True,True,금융,True
008420,문배철강,KOSPI,유가,1차 철강 제조업,"철강재중 판재류(후판,박판,무늬강판) 제조,도매",1994-11-05,12월,서울특별시,False,False,,True
016880,웅진,KOSPI,유가,회사 본부 및 경영 컨설팅 서비스업,"교육서비스(웅진아이큐,중.고교학습,어린이마을),도서,잡지 출판/부동산 임대/인터넷관련사업",1994-11-05,12월,서울특별시,False,True,회사 본부,True
012860,모베이스전자,KOSDAQ,코스닥,자동차 신품 부품 제조업,"스마트키,스위치",1994-10-26,12월,경기도,False,False,,True
006050,국영지앤엠,KOSDAQ,코스닥,유리 및 유리제품 제조업,강화유리,1994-10-07,12월,서울특별시,False,False,,True
023410,유진기업,KOSDAQ,코스닥,"시멘트, 석회, 플라스터 및 그 제품 제조업",레미콘,1994-10-07,12월,경기도,False,False,,True
023440,제이스코홀딩스,KOSDAQ,코스닥,1차 철강 제조업,"연강선재, 경강선재, CHQ외",1994-10-07,12월,경기도,False,False,,True
006910,보성파워텍,KOSDAQ,코스닥,"구조용 금속제품, 탱크 및 증기발생기 제조업",송배전용자재,1994-09-07,12월,충청북도,False,False,,True
018290,브이티,KOSDAQ,코스닥,기타 화학제품 제조업,"화장품, 라미네이팅필름, 라미네이팅기계",1994-09-07,12월,경기도,False,False,,True
023160,태광,KOSDAQ,코스닥,1차 철강 제조업,"각종 배관자재, 관이음쇠류 제조 및 판매",1994-09-07,12월,부산광역시,False,False,,True
014790,HL D&I,KOSPI,유가,토목 건설업,"토목,건축,전기,환경사업,준설공사,포장공사,주택,중기임대",1994-08-12,12월,서울특별시,False,False,,True
007310,오뚜기,KOSPI,유가,기타 식품 제조업,"라면,마요네즈,카레,스프,당면,소오스,토마토케첩,마가린,냉동생지(바게트,크로와상),참치캔,식초,3분짜장 제조",1994-08-12,12월,경기도,False,False,,True
008500,일정실업,KOSPI,유가,편조원단 제조업,"자동차시트원단,의류,완구직물 제조,염색가공",1994-08-12,12월,경기도,False,False,,True
007530,와이엠,KOSDAQ,코스닥,기타 금속 가공제품 제조업,"볼트, 나사",1994-08-05,12월,경기도,False,False,,True
010120,엘에스일렉트릭,KOSPI,유가,"전동기, 발전기 및 전기 변환 · 공급 · 제어 장치 제조업","고압기기,저압기기,변압기,배전반,PLC,인버터,빌딩설비,공조기,건축배관,자동화기기 제조,동가공",1994-07-11,12월,경기도,False,False,,True
001000,신라섬유,KOSDAQ,코스닥,부동산 임대 및 공급업,부동산,1994-06-28,12월,대구광역시,False,True,부동산,True
012620,원일특강,KOSDAQ,코스닥,1차 철강 제조업,특수강,1994-06-28,12월,경기도,False,False,,True
011370,서한,KOSDAQ,코스닥,건물 건설업,"건축, 토목",1994-05-24,12월,대구광역시,False,False,,True
009190,대양금속,KOSPI,유가,1차 철강 제조업,스테인레스 냉연강판 제조,1994-04-29,12월,충청남도,False,False,,True
000760,이화산업,KOSPI,유가,기타 전문 도매업,"염료(반응성염료,분산염료,범용염료,직접염료,산성염료),염료화성품,합성수지,고무 도매,제조",1994-04-29,12월,서울특별시,False,False,,True
014820,동원시스템즈,KOSPI,유가,플라스틱제품 제조업,포장용 플라스틱제품 제조 외,1994-03-29,12월,충청남도,False,False,,True
018700,졸스,KOSDAQ,코스닥,생활용품 도매업,지제품,1994-03-18,12월,경기도,False,False,,True
014470,부방,KOSDAQ,코스닥,부동산 임대 및 공급업,"자회사관리, 부동산임대",1994-02-25,12월,서울특별시,False,True,부동산,True
010140,삼성중공업,KOSPI,유가,선박 및 보트 건조업,"선박(벌크선,원유운반선),철구조물,에너지플랜트 생산,판매/토목건축업",1994-01-28,12월,경기도,False,False,,True
009680,모토닉,KOSPI,유가,자동차 신품 부품 제조업,"자동차용 부품(연료펌프,LPI SYSTEM, FCEV) 제조,판매",1994-01-14,12월,서울특별시,False,False,,True
010690,화신,KOSPI,유가,자동차 신품 부품 제조업,"자동차엔진부품(ARM류,C/MBR류),자동차부품 제조",1994-01-14,12월,경상북도,False,False,,True
007720,소노스퀘어,KOSDAQ,코스닥,상품 종합 도매업,기업소모성자재 구매대행업,1994-01-06,12월,강원특별자치도,False,False,,True
013720,THE CUBE&,KOSDAQ,코스닥,자동차 신품 부품 제조업,엔진부품,1993-12-29,12월,인천광역시,False,False,,True
011320,유니크,KOSDAQ,코스닥,자동차 신품 부품 제조업,"EGR밸브, 유압솔레노이드밸브, 퓨얼벤트밸브, 퓨얼컷트밸브, 체크밸브, 케니스타 등",1993-12-29,12월,경상남도,False,False,,True
018120,진로발효,KOSDAQ,코스닥,알코올음료 제조업,주정,1993-12-29,12월,경기도,False,False,,True
009620,삼보산업,KOSDAQ,코스닥,1차 비철금속 제조업,알미늄괴,1993-12-07,12월,경상남도,False,False,,True
005670,푸드웰,KOSDAQ,코스닥,"과실, 채소 가공 및 저장 처리업","깐밤, 통조림류, 딸기시럽류, 음료제품 등",1993-12-07,12월,대구광역시,False,False,,True
007330,푸른저축은행,KOSDAQ,코스닥,은행 및 저축기관,대출이자,1993-12-07,12월,서울특별시,True,True,은행,True
006140,피제이전자,KOSDAQ,코스닥,의료용 기기 제조업,EMS Business(의료용기기제조외),1993-12-07,12월,경기도,False,False,,True
019010,베뉴지,KOSDAQ,코스닥,종합 소매업,"백화점,예식장업",1993-11-05,12월,서울특별시,False,False,,True
009780,엠에스씨,KOSDAQ,코스닥,기타 식품 제조업,식품첨가물,1993-10-12,12월,경상남도,False,False,,True
000390,SP삼화,KOSPI,유가,기타 화학제품 제조업,"건축용페인트,공업용페인트,분체도료 등 제조",1993-09-10,12월,경기도,False,False,,True
009450,경동나비엔,KOSPI,유가,가정용 기기 제조업,"가정용기름보일러,입형,횡형 온수보일러,가스보일러,버너,흡수식 냉온수기,전기보일러,진공온수보일러,태양열보일러 제조,판매",1993-08-31,12월,경기도,False,False,,True
020400,대동금속,KOSDAQ,코스닥,금속 주조업,"농기계 주문제품 및 상용차 실린더 헤드, 경승용차 실린더 브록 외",1993-07-30,12월,대구광역시,False,False,,True
005710,대원산업,KOSDAQ,코스닥,자동차 신품 부품 제조업,자동차시트,1993-06-21,12월,경기도,False,False,,True
016600,큐캐피탈,KOSDAQ,코스닥,기타 금융업,"사모투자(PEF),벤처투자",1993-06-21,12월,서울특별시,True,True,금융,True
004590,한국가구,KOSDAQ,코스닥,기타 상품 전문 소매업,소파,1993-06-03,12월,서울특별시,False,False,,True
016670,디모아,KOSDAQ,코스닥,기타 전문 도매업,"h/w,s/w개발",1993-04-21,12월,서울특별시,False,False,,True
000440,중앙에너비스,KOSDAQ,코스닥,기타 전문 도매업,석유류도소매,1993-03-24,12월,서울특별시,False,False,,True
012030,DB,KOSPI,유가,"컴퓨터 프로그래밍, 시스템 통합 및 관리업","컴퓨터 프로그래밍, 시스템 통합 및 관리",1993-01-06,12월,서울특별시,False,False,,True
005090,SGC에너지,KOSPI,유가,전기업,"증기, 전기, REC(신재생에너지공급인증서)",1993-01-06,12월,서울특별시,False,False,,True
014970,삼륭물산,KOSDAQ,코스닥,"골판지, 종이 상자 및 종이용기 제조업",카톤팩,1992-12-29,12월,경기도,False,False,,True
005750,대림바스,KOSPI,유가,"내화, 비내화 요업제품 제조업","위생도기,내장타일,조립식욕실제품 제조,판매/부동산 임대",1992-12-23,12월,경상남도,False,False,,True
011040,경동제약,KOSDAQ,코스닥,의약품 제조업,"듀오로반정, 발디핀정, 아트로반정 등",1992-12-18,12월,경기도,False,False,,True
008370,원풍,KOSDAQ,코스닥,플라스틱제품 제조업,플라스틱 필름,1992-12-18,12월,서울특별시,False,False,,True
007390,네이처셀,KOSDAQ,코스닥,기초 의약물질 제조업,닥터쥬크르,1992-11-30,12월,서울특별시,False,False,,True
002290,삼일기업공사,KOSDAQ,코스닥,건물 건설업,도급공사,1992-11-30,12월,서울특별시,False,False,,True
019540,일지테크,KOSDAQ,코스닥,자동차 신품 부품 제조업,"차체(라지에타, 팩케이지, 씨트 크로스, 대쉬 판넬)",1992-11-03,12월,경상북도,False,False,,True
007770,한일화학,KOSDAQ,코스닥,기초 화학물질 제조업,산화아연,1992-09-07,12월,충청남도,False,False,,True
017890,한국알콜,KOSDAQ,코스닥,기타 화학제품 제조업,주정,1992-08-04,12월,경기도,False,False,,True
003310,대주산업,KOSDAQ,코스닥,동물용 사료 및 조제식품 제조업,배합사료,1992-08-01,12월,서울특별시,False,False,,True
019660,글로본,KOSDAQ,코스닥,상품 종합 도매업,화장품 외,1992-06-04,12월,서울특별시,False,False,,True
005880,대한해운,KOSPI,유가,해상 운송업,"외항화물운송,국제해운대리점",1992-04-23,12월,서울특별시,False,False,,True
017510,세명전기,KOSDAQ,코스닥,기타 금속 가공제품 제조업,"154kV, 345kV, 765kV 송전,변전,배전용 금구류, 섬유직기용 섹셔날 빔",1991-12-26,12월,부산광역시,False,False,,True
005870,휴니드테크놀러지스,KOSPI,유가,통신 및 방송 장비 제조업,"무선통신기기,군납용무전기,위성방송수신기 제조",1991-09-03,12월,인천광역시,False,False,,True
017550,수산세보틱스,KOSPI,유가,특수 목적용 기계 제조업,"유압브레이커,트럭크레인,플라즈마 파암장비,특장차,산업기계,건설기계 제조,도매",1991-08-30,12월,경기도,False,False,,True
021080,에이티넘인베스트,KOSDAQ,코스닥,신탁업 및 집합투자업,벤처캐피탈,1991-07-12,12월,서울특별시,True,True,"투자, 신탁",True
011170,롯데케미칼,KOSPI,유가,기초 화학물질 제조업,"폴리프로필렌,고밀도폴리에틸렌,에틸렌글리콜,벤젠,에틸렌옥사이드,합성지,부산물 제조",1991-05-30,12월,서울특별시,False,False,,True
008830,대동기어,KOSDAQ,코스닥,특수 목적용 기계 제조업,"기어, 베벨기어, 축, 엑셀, T/M, 유성감속기, 기타조립품",1991-05-17,12월,경상남도,False,False,,True
001430,세아베스틸지주,KOSPI,유가,1차 철강 제조업,"특수강,철도용품,자동차부품 제조,수출입",1991-03-12,12월,서울특별시,False,False,,True
008770,호텔신라,KOSPI,유가,기타 상품 전문 소매업,"면세판매,관광숙박,외식사업,예식업",1991-03-12,12월,서울특별시,False,False,,True
014580,태경비케이,KOSPI,유가,"시멘트, 석회, 플라스터 및 그 제품 제조업","생석회,소석회,석회비료 제조,판매/비금속광물 광업/산업폐기물 재생처리/휴게소 운영",1991-03-07,12월,서울특별시,False,False,,True
013520,화승코퍼레이션,KOSPI,유가,자동차 신품 부품 제조업,"산업용 고무제품(호스시트,벨트,펜더 등) 제조, 판매",1991-02-22,12월,부산광역시,False,False,,True
004080,신흥,KOSPI,유가,기계장비 및 관련 물품 도매업,"치과용기자재(방사선장치,전기진단장치),주사침 도소매,제조/부동산 임대",1991-02-08,12월,서울특별시,False,False,,True
006060,화승인더스트리,KOSPI,유가,상품 종합 도매업,"포장용 합성수지 제조/신발,필름 판매/부동산 임대",1991-02-04,12월,부산광역시,False,False,,True
014530,극동유화,KOSPI,유가,석유 정제품 제조업,"윤활유,유동파라핀,왁스,방수용시트,아스팔트 제조/수입자동차,부품 도매/가스충전,산업설비 청소",1991-01-31,12월,경상남도,False,False,,True
002140,고려산업,KOSPI,유가,"곡물가공품, 전분 및 전분제품 제조업","배합사료,플라스틱용기 제조/부동산 임대",1991-01-14,12월,부산광역시,False,False,,True
002230,피에스텍,KOSDAQ,코스닥,"측정, 시험, 항해, 제어 및 기타 정밀기기 제조업; 광학기기 제외","적산계기, 전기차충전기, 신재생에너지 발전소 설치",1991-01-04,12월,서울특별시,False,False,,True
016090,대현,KOSPI,유가,봉제의복 제조업,"여성의류 및 악세사리류 제조,도매,유통(백화점)",1990-09-20,12월,서울특별시,False,False,,True
001620,케이비아이동국실업,KOSPI,유가,자동차 신품 부품 제조업,"자동차부품(에어닥트,글로벌박스,노즐,어셈블리류,핸들류) 제조,판매/공장 임대",1990-09-15,12월,서울특별시,False,False,,True
017040,광명전기,KOSPI,유가,"전동기, 발전기 및 전기 변환 · 공급 · 제어 장치 제조업","수배전반,가스절연개폐장치,빌딩자동화시스템,중앙감시반,자동제어반 제조,도소매,무역",1990-09-14,12월,경기도,False,False,,True
011390,부산산업,KOSPI,유가,"시멘트, 석회, 플라스터 및 그 제품 제조업","레미콘 제조,판매",1990-09-14,12월,부산광역시,False,False,,True
011810,STX,KOSPI,유가,상품 종합 도매업,"에너지 원료(석탄,석유),산업기자재(기계부품) 도매",1990-09-12,12월,경상남도,False,False,,True
010130,고려아연,KOSPI,유가,1차 비철금속 제조업,"연,아연괴 제조,판매",1990-07-28,12월,서울특별시,False,False,,True
009730,이렘,KOSDAQ,코스닥,1차 철강 제조업,"스테인리스파이프, 슈퍼데크",1990-07-27,12월,전북특별자치도,False,False,,True
004720,팜젠사이언스,KOSPI,유가,의약품 제조업,의약품 외,1990-06-15,12월,경기도,False,False,,True
009200,무림페이퍼,KOSPI,유가,"펄프, 종이 및 판지 제조업","지류,아트지,백상지 제조",1990-06-09,12월,경상남도,False,False,,True
001500,현대차증권,KOSPI,유가,금융 지원 서비스업,"유가증권의매매,위탁매매,유가증권의 중개,대리/부동산 임대",1990-06-09,12월,서울특별시,True,True,금융,True
008870,금비,KOSPI,유가,유리 및 유리제품 제조업,"유리제품(주류병) 제조/화장품 도소매,수입(병제조기기)",1990-06-08,09월,경기도,False,False,,True
005820,원림,KOSPI,유가,직물직조 및 직물제품 제조업,"고무,플라스틱제품,산업용포장재,PP.BAG,타포린 제조,도매/부동산 임대/주택 신축,판매/인터넷 정보통신/벤처회사 투자",1990-04-20,12월,서울특별시,False,False,,True
008490,서흥,KOSPI,유가,기타 화학제품 제조업,"의약품(하드캅셀,건강보조식품,소프트캅셀),건강보조식품,인삼제품 제조,판매",1990-03-27,12월,충청북도,False,False,,True
014910,성문전자,KOSPI,유가,전자부품 제조업,"콘덴서용 증착필름,압력분무식 플러스자동도포기 제조,판매",1990-03-24,12월,경기도,False,False,,True
003580,HLB글로벌,KOSPI,유가,종합 소매업,"미디어커머스(카밈, 스파알), 식음료(콤부차, 잼시럽), 화장품(퍼플리쉬, 엘리샤코이) 등",1990-03-23,12월,강원특별자치도,False,False,,True
015860,일진홀딩스,KOSPI,유가,기타 금융업,"전기산업용기기(개폐기,차단기,배전반),자동화시스템,자동차엔진부품,절연전선,금구류,고압선,저압선 제조,판매/전기공사,가스절연차단기",1990-03-22,12월,경기도,True,True,금융,True
014160,대영포장,KOSPI,유가,"골판지, 종이 상자 및 종이용기 제조업","골판지원단,골판지상자 제조",1990-03-06,12월,경기도,False,False,,True
012280,영화금속,KOSPI,유가,자동차 신품 부품 제조업,"자동차부품,건축자재(관이음쇠) 제조,판매",1990-01-25,12월,경상남도,False,False,,True
019170,신풍제약,KOSPI,유가,의약품 제조업,"의약품(항생제,혈전용해제,향정신성약품,구충제) 제조,판매",1990-01-20,12월,경기도,False,False,,True
002210,동성제약,KOSPI,유가,의약품 제조업,"의약품,화장품 제조,도매",1990-01-19,12월,서울특별시,False,False,,True
016920,카스,KOSDAQ,코스닥,기계장비 및 관련 물품 도매업,"전자저울,로드셀",1990-01-04,12월,경기도,False,False,,True
012170,아센디오,KOSPI,유가,"영화, 비디오물, 방송프로그램 제작 및 배급업",석탄(점결탄) 판매,1989-12-20,12월,서울특별시,False,False,,True
009420,한올바이오파마,KOSPI,유가,의약품 제조업,"의약품 제조,도매/부동산 임대",1989-12-18,12월,대전광역시,False,False,,True
013030,하이록코리아,KOSDAQ,코스닥,1차 철강 제조업,관이음쇠,1989-12-15,12월,부산광역시,False,False,,True
011330,유니켐,KOSPI,유가,자동차 신품 부품 제조업,"피혁 제조,도매,무역,부동산임대",1989-12-14,12월,경기도,False,False,,True
012800,대창,KOSPI,유가,1차 비철금속 제조업,"황동봉,동합금괴 제조,판매",1989-12-05,12월,경기도,False,False,,True
013360,일성건설,KOSPI,유가,토목 건설업,"건축공사,토목공사,전기공사",1989-12-02,12월,경기도,False,False,,True
013700,까뮤이앤씨,KOSPI,유가,건물 건설업,"토목공사,건축공사/부동산 임대",1989-11-30,12월,경기도,False,False,,True
002760,보락,KOSPI,유가,기타 화학제품 제조업,"식품향료,식품첨가물,화학제품,껌베이스(자일리톨,에리스리톨),담배향료 제조,판매",1989-11-30,12월,경기도,False,False,,True
007610,선도전기,KOSPI,유가,"전동기, 발전기 및 전기 변환 · 공급 · 제어 장치 제조업","수배전반,중전기기 제조,도매/전기공사",1989-11-30,12월,경기도,False,False,,True
004920,씨아이테크,KOSPI,유가,영상 및 음향기기 제조업,"컴퓨터 소프트웨어,하드웨어 서버,도매",1989-11-30,12월,서울특별시,False,False,,True
009290,광동제약,KOSPI,유가,의약품 제조업,"의약품,식음료 제조,도매",1989-11-17,12월,경기도,False,False,,True
011420,갤럭시아에스엠,KOSPI,유가,스포츠 서비스업,"스포츠중계권,스포츠마케팅,광고",1989-11-14,12월,서울특별시,False,False,,True
004270,남성,KOSPI,유가,기타 전문 도매업,"수출입(카오디오)/통신기기 제조,판매/이동통신,유선방송,정보통신/생활필수품,식품 판매/부동산 임대",1989-11-14,12월,서울특별시,False,False,,True
001940,KISCO홀딩스,KOSPI,유가,1차 철강 제조업,지주사업,1989-11-13,12월,경상남도,False,False,,True
009410,태영건설,KOSPI,유가,토목 건설업,"종합건설업(토목공사,도로공사,건축공사,관급공사,환경공사,상하수도공사,하수종말처리공사)/부동산 임대,매매",1989-11-13,12월,경기도,False,False,,True
007280,한국특강,KOSPI,유가,1차 철강 제조업,"철강압연제품(앵글,이형형강,평철,환봉) 제조,판매",1989-11-13,12월,경상남도,False,False,,True
009180,한솔로지스틱스,KOSPI,유가,기타 운송관련 서비스업,"지류펄프 보관창고 운영/화물취급,화물운송알선,물류컨설팅/종합쇼핑몰운영,통신판매,인터넷백화점",1989-11-13,12월,서울특별시,False,False,,True
002170,SYTS,KOSPI,유가,"가죽, 가방 및 유사제품 제조업","피혁원단,혁제운동화,혁제장갑,혁제스포츠용품 제조,상품중개,무역",1989-11-10,12월,서울특별시,False,False,,True
017670,SK텔레콤,KOSPI,유가,전기 통신업,"이동전화,무선호출서비스,부가통신",1989-11-07,12월,서울특별시,False,False,,True
010640,진양폴리우레탄,KOSPI,유가,플라스틱제품 제조업,"폴리우레탄,폴리우레탄스폰지 제조,판매",1989-09-30,12월,경기도,False,False,,True
003650,미창석유공업,KOSPI,유가,석유 정제품 제조업,"윤활유,고무배합유,전기절연유 제조,판매,수출입",1989-09-27,12월,부산광역시,False,False,,True
004380,삼익THK,KOSPI,유가,일반 목적용 기계 제조업,"직선운동시스템,메카트로시스템,기타정밀 자동화기기 제조,판매/전자상거래,인터넷 관련 s/w,h/w 개발,판매,유지보수",1989-09-26,12월,대구광역시,False,False,,True
002840,미원상사,KOSPI,유가,기타 화학제품 제조업,"계면활성제,분황,황산,도료첨가제,프라스틱첨가제 제조",1989-09-25,12월,경기도,False,False,,True
007860,서연,KOSPI,유가,기타 금융업,"자동차부품(승용차내장품-도어트림,헤드라이닝,승용차시트) 제조,도매",1989-09-09,12월,경기도,True,True,금융,True
019550,SBI인베스트먼트,KOSDAQ,코스닥,신탁업 및 집합투자업,벤처캐피탈,1989-09-06,12월,서울특별시,True,True,"투자, 신탁",True
013000,세우글로벌,KOSPI,유가,기타 전문 도매업,"화공약품.엔지니어링 플라스틱,페놀계제품,석유화학제품 판매/철재가구,사무목재가구 제조/교육사업",1989-09-05,12월,인천광역시,False,False,,True
012330,현대모비스,KOSPI,유가,자동차 신품 부품 제조업,"자동차A/S용 부품,컨테이너,특수중기,산업기계제품 생산,판매,부품모듈화,부품수출사업,환경/플랜트사업,특수중기부문(컨테이너)",1989-09-05,12월,서울특별시,False,False,,True
001390,KG케미칼,KOSPI,유가,기초 화학물질 제조업,"콘크리트혼화제, 비료, 친환경농자재, 수처리제",1989-08-25,12월,울산광역시,False,False,,True
009320,아진전자부품,KOSPI,유가,자동차 신품 부품 제조업,자동차 전장부품,1989-08-25,12월,전북특별자치도,False,False,,True
001450,현대해상,KOSPI,유가,보험업,손해보험(자동차보험),1989-08-25,12월,서울특별시,True,True,보험,True
005440,현대지에프홀딩스,KOSPI,유가,기타 금융업,"백화점,여행알선,숙박,음식점/부동산 임대",1989-08-22,12월,서울특별시,True,True,금융,True
015760,한국전력공사,KOSPI,유가,전기업,"전력자원개발,발전,송전,전력용기자재확보",1989-08-10,12월,전라남도,False,False,,True
007690,국도화학,KOSPI,유가,기초 화학물질 제조업,"에폭시수지,폴리아마이드수지,아염소산소다 제조,도소매",1989-08-05,12월,서울특별시,False,False,,True
006280,녹십자,KOSPI,유가,의약품 제조업,"알부민외 제조,판매",1989-08-01,12월,경기도,False,False,,True
009160,SIMPAC,KOSPI,유가,1차 철강 제조업,"프레스, 합금철",1989-07-29,12월,인천광역시,False,False,,True
008600,윌비스,KOSPI,유가,생활용품 도매업,"스웨터,니트,셔츠 도매,제조/컴퓨터주변기기 무역,오파,임대",1989-07-28,12월,충청남도,False,False,,True
015230,대창단조,KOSPI,유가,자동차 신품 부품 제조업,"자동차,중장비 부품(크랭크샤프트,트랙링크조립체,커넥팅로드,중장비롤러류),기어,동력전달장치,단조가공품,단조품 제조",1989-07-25,12월,경상남도,False,False,,True
007160,사조산업,KOSPI,유가,수산물 가공 및 저장 처리업,"원양어업(참치,명태,오징어),육가공,참치통조림,장류 제조/냉동냉장 창고운영/부동산 임대/컴퓨터,소프트웨어 개발,도매/팝콘,구운김 도매",1989-07-25,12월,서울특별시,False,False,,True
014130,한익스프레스,KOSPI,유가,도로 화물 운송업,"특수화물 운송(유류,화학류,벌크제품 등),냉동차,탱크로리운송,복합운송 주선,임대,택배/특장차,중기 제조,판매",1989-07-25,12월,경기도,False,False,,True
008040,사조동아원,KOSPI,유가,"곡물가공품, 전분 및 전분제품 제조업","제분, 배합사료 제조",1989-06-24,12월,서울특별시,False,False,,True
009140,경인전자,KOSPI,유가,전자부품 제조업,"스위치,리모콘,배선기구,섬머스타트,게임기,전자부품 제조,판매",1989-06-20,12월,서울특별시,False,False,,True
009580,무림P&P,KOSPI,유가,"펄프, 종이 및 판지 제조업","표백화학펄프(B.K.P) 제조,목재가공,조림사업",1989-06-20,12월,울산광역시,False,False,,True
014990,인디에프,KOSPI,유가,봉제의복 제조업,"여성의류,남성의류,캐쥬얼웨어 제조",1989-06-20,12월,서울특별시,False,False,,True
013570,디와이,KOSPI,유가,기타 금융업,"자동차부품,유공압기기,소각로,자동세차기,하훼유통,발효기,모터 제조",1989-05-30,12월,인천광역시,True,True,금융,True
003610,방림,KOSPI,유가,직물직조 및 직물제품 제조업,"P/C혼방직물,면방적,각종사류,직물류 제조,도소매",1989-05-30,09월,서울특별시,False,False,,True
015590,DKME,KOSPI,유가,일반 목적용 기계 제조업,"열교환기,압력용기,저장탱크,산업용보일러 제조",1989-05-27,12월,울산광역시,False,False,,True
014680,한솔케미칼,KOSPI,유가,기초 화학물질 제조업,"과산화수소,라텍스,요소수지,수소액화탄산,차아황산소다 제조,판매,디지털카메라용 인화필름 제조,수출",1989-05-20,12월,서울특별시,False,False,,True
010820,퍼스텍,KOSPI,유가,무기 및 총포탄 제조업,"방위산업제품,프린터,불소화합물,자동차용 매트 제조/얼굴인식시스템 개발",1989-05-10,12월,경상남도,False,False,,True
019570,플루토스,KOSDAQ,코스닥,신탁업 및 집합투자업,금융투자,1989-03-14,12월,서울특별시,True,True,"투자, 신탁",True
006040,동원산업,KOSPI,유가,기타 금융업,지주회사,1989-03-07,12월,서울특별시,True,True,금융,True
008060,대덕,KOSPI,유가,기타 금융업,"산업용 인쇄회로기판,다층 인쇄회로기판,빌드업기판,반도체패키지기판,메모리모듈기판 제조",1989-01-26,12월,경기도,True,True,금융,True
003680,한성기업,KOSPI,유가,수산물 가공 및 저장 처리업,"냉동식품,햄제품 제조,도매,보관/원양어업",1989-01-26,12월,부산광역시,False,False,,True
006920,모헨즈,KOSDAQ,코스닥,"시멘트, 석회, 플라스터 및 그 제품 제조업",레미콘,1989-01-05,12월,충청남도,False,False,,True
015020,이스타코,KOSPI,유가,부동산 임대 및 공급업,부동산 분양/입시학원 운영,1988-12-23,12월,서울특별시,False,True,부동산,True
011280,태림포장,KOSPI,유가,"골판지, 종이 상자 및 종이용기 제조업","골판지,골판지상자,수출용박스 제조,도매/인쇄",1988-12-20,12월,경기도,False,False,,True
002310,아세아제지,KOSPI,유가,"골판지, 종이 상자 및 종이용기 제조업","골판지원지,석고보드원지,크라프트원지,라이나원지,라이너지 제조,판매",1988-12-15,12월,서울특별시,False,False,,True
010660,화천기계,KOSPI,유가,특수 목적용 기계 제조업,"선반,밀링,연삭기,CNC선반,CNC밀링,머시닝센타 제조,판매/자동차부품(실린더블럭) 제조",1988-12-12,12월,서울특별시,False,False,,True
011150,CJ씨푸드,KOSPI,유가,기타 식품 제조업,"수산물(어묵,맛살)가공품 도매,원양수산업,수출입",1988-11-26,12월,경기도,False,False,,True
001770,SHD,KOSPI,유가,1차 철강 제조업,"석도강판,표면처리강판 제조,임가공,판매",1988-11-23,12월,경기도,False,False,,True
018470,조일알미늄,KOSPI,유가,1차 비철금속 제조업,"알루미늄판 제조,도매",1988-11-22,12월,경상북도,False,False,,True
005850,에스엘,KOSPI,유가,자동차 신품 부품 제조업,"자동차부품(자동차램프, 전동화부품, 전자부품) 제조, 판매",1988-11-08,12월,대구광역시,False,False,,True
009970,영원무역홀딩스,KOSPI,유가,기타 금융업,"스포츠의류(등산복,운동복,스키복) 도소매,수출,섬유봉제",1988-11-07,12월,서울특별시,True,True,금융,True
012510,더존비즈온,KOSPI,유가,"컴퓨터 프로그래밍, 시스템 통합 및 관리업",응용 소프트웨어 개발 및 공급업,1988-10-28,12월,강원특별자치도,False,False,,True
003850,보령,KOSPI,유가,의약품 제조업,"의약품(제산제(겔포스),구심,용각산,고혈압치료제(카프릴),소염진통제(멘소레담),항생제(듀리세프),혈전치료제(아스트릭스)) 제조",1988-10-24,12월,서울특별시,False,False,,True
008250,이건산업,KOSPI,유가,나무제품 제조업,"컨테이너용합판,목재 파렛트,프레스우드 파렛트,가공목재,제재목 제조/부동산 임대",1988-10-21,12월,인천광역시,False,False,,True
012690,모나리자,KOSPI,유가,기타 종이 및 판지 제품 제조업,"화장지,미용티슈 제조,도매",1988-10-14,12월,서울특별시,False,False,,True
006370,대구백화점,KOSPI,유가,종합 소매업,"백화점운영,임대사업(백화점 코너)",1988-10-10,12월,대구광역시,False,False,,True
006980,우성,KOSPI,유가,"곡물가공품, 전분 및 전분제품 제조업","배합사료,Suit-feed(맞춤 TMR(육성우,건유우,착유우) 사료),농후사료,곡류(강피류 등 부산물) 제조,판매/부동산 임대,무역",1988-10-10,12월,대전광역시,False,False,,True
002920,유성기업,KOSPI,유가,자동차 신품 부품 제조업,"철도차량부품(피스턴링,실린더라이너,발브가이드,타펫트),자동차부품,주강,주물 제조,판매",1988-10-10,12월,충청남도,False,False,,True
002220,한일철강,KOSPI,유가,1차 철강 제조업,"강관류,철판류,금속관류,건축자재,자동차부품 제조,도매",1988-10-07,12월,서울특별시,False,False,,True
002450,삼익악기,KOSPI,유가,악기 제조업,"피아노,기타,현악기,전자악기,동 부분품 제조,임대,도매",1988-09-30,12월,충청북도,False,False,,True
002460,HS화성,KOSPI,유가,건물 건설업,아파트 건설,1988-09-29,12월,대구광역시,False,False,,True
007340,DN오토모티브,KOSPI,유가,일차전지 및 이차전지 제조업,자동차용 밧데리,1988-09-24,12월,경상남도,False,False,,True
000890,보해양조,KOSPI,유가,알코올음료 제조업,"주류(소주,매취,실비우스,위스키) 제조,음료 도매",1988-09-23,12월,전라남도,False,False,,True
001290,상상인증권,KOSPI,유가,금융 지원 서비스업,유가증권 매매,1988-09-23,12월,서울특별시,True,True,금융,True
003010,혜인,KOSPI,유가,기계장비 및 관련 물품 도매업,"건설기계,산업용 기계장비(진공흡인차,세정차),스테거크레인,비상용발전기,해상용엔진 도소매/창고",1988-09-20,12월,서울특별시,False,False,,True
014280,금강공업,KOSPI,유가,1차 철강 제조업,"건설가설재,강관,거푸집 제조,판매",1988-09-10,12월,부산광역시,False,False,,True
009810,플레이그램,KOSPI,유가,기타 전문 도매업,"MRO, 영상콘텐츠",1988-08-31,12월,서울특별시,False,False,,True
008730,율촌화학,KOSPI,유가,플라스틱제품 제조업,"연포장재,필름,골판지상자,합성수지,플라스틱일반성형제품 제조",1988-08-30,12월,서울특별시,False,False,,True
009270,신원,KOSPI,유가,봉제의복 제조업,"여성,남성의류,스웨터,의복관련 악세사리,사카린,망초 제조,판매,수출입/섬유의류 도매/신용카드업/의류전문 물류대행 및 임대사업",1988-08-24,12월,서울특별시,False,False,,True
004140,동방,KOSPI,유가,기타 운송관련 서비스업,"육상운송,해상운송,항만화물하역,보관,창고,물류사업",1988-08-10,12월,서울특별시,False,False,,True
002960,한국쉘석유,KOSPI,유가,석유 정제품 제조업,"윤활유,그리스 제조,도매",1988-08-10,12월,부산광역시,False,False,,True
003000,부광약품,KOSPI,유가,의약품 제조업,"의약품,치약,의약부외품(부광탁스,레가론,부광안티프라그) 제조",1988-08-05,12월,서울특별시,False,False,,True
005810,풍산홀딩스,KOSPI,유가,기타 금융업,"동판제,대,관,봉,선,소전,동파이프 제조,도매,무역",1988-07-28,12월,인천광역시,True,True,금융,True
001270,부국증권,KOSPI,유가,금융 지원 서비스업,"유가증권 매매,위탁매매,인수,주선",1988-07-19,12월,서울특별시,True,True,금융,True
012200,계양전기,KOSPI,유가,일반 목적용 기계 제조업,"전동공구(그라인더,드릴,커팅머신 등), 엔진, 자동차용 모터 제조",1988-07-06,12월,서울특별시,False,False,,True
004710,한솔테크닉스,KOSPI,유가,전자부품 제조업,"백라이트유닛,인버터,폴리바리콘,모니터,통신장비 제조",1988-07-06,12월,서울특별시,False,False,,True
016610,DB증권,KOSPI,유가,금융 지원 서비스업,"유가증권,위탁매매,인수,자기매매",1988-06-27,12월,서울특별시,True,True,금융,True
008930,한미사이언스,KOSPI,유가,기타 금융업,"항생제(세포탁심,세포트리악손),유산균정장제(메디락비타,메디락베베),위장관운동조절개선제(설프라이드),고혈압치료제(유니바스크),원료의약품,식품 제조,판매",1988-06-20,12월,경기도,True,True,금융,True
005500,삼진제약,KOSPI,유가,의약품 제조업,"의약품(게보린,세트라졸,염산나록손) 제조,판매,수출입,약초재배",1988-06-18,12월,서울특별시,False,False,,True
005490,POSCO홀딩스,KOSPI,유가,1차 철강 제조업,"열연코일,냉연강판,후판,선재,스테인리스 제조",1988-06-10,12월,경상북도,False,False,,True
002410,범양건영,KOSPI,유가,건물 건설업,"토목공사,주택건설,건축공사,난방공사,전기공사,포장공사",1988-05-25,12월,부산광역시,False,False,,True
005690,파미셀,KOSPI,유가,전자부품 제조업,"줄기세포치료제,화장품",1988-05-20,12월,서울특별시,False,False,,True
001230,동국홀딩스,KOSPI,유가,기타 금융업,"후판,철근,강판,형강,앵글,찬넬,평철 제조,판매",1988-05-09,12월,서울특별시,True,True,금융,True
006340,대원전선,KOSPI,유가,절연선 및 케이블 제조업,"전선,통신케이블,무선통신장비,합성수지 제조,도매/부동산 매매,임대",1988-05-04,12월,충청남도,False,False,,True
005950,이수화학,KOSPI,유가,기초 화학물질 제조업,"등유,알킬벤젠,윤활유,노말파라핀 제조,도매",1988-04-28,12월,서울특별시,False,False,,True
016360,삼성증권,KOSPI,유가,금융 지원 서비스업,"유가증권의 매매,위탁매매,인수주선",1988-03-28,12월,서울특별시,True,True,금융,True
002810,삼영무역,KOSPI,유가,기타 전문 도매업,"화공약품, 안경렌즈",1988-03-28,12월,서울특별시,False,False,,True
001750,한양증권,KOSPI,유가,금융 지원 서비스업,증권업,1988-03-04,12월,서울특별시,True,True,금융,True
011780,금호석유화학,KOSPI,유가,기초 화학물질 제조업,"합성고무 SBR(스티렌부타디엔러버),BR(폴리부타디엔러버),합성수지,BD,라텍스 제조,도소매",1988-01-22,12월,서울특별시,False,False,,True
003470,유안타증권,KOSPI,유가,금융 지원 서비스업,"유가증권 매매,중개,대리,인수",1988-01-21,12월,서울특별시,True,True,금융,True
002620,제일파마홀딩스,KOSPI,유가,회사 본부 및 경영 컨설팅 서비스업,"의약품(타리비드,제일파프,노엘,푸라솔) 제조,도매",1988-01-20,12월,서울특별시,False,True,회사 본부,True
015260,에이엔피,KOSPI,유가,전자부품 제조업,"전자부품(인쇄회로기판),무정전 전원공급장치 제조",1988-01-18,12월,인천광역시,False,False,,True
009460,한창제지,KOSPI,유가,"펄프, 종이 및 판지 제조업","마닐라판지,고급백판지(ALL PULP) 제조,판매,수출입",1987-12-23,12월,경상남도,False,False,,True
005720,넥센,KOSPI,유가,고무제품 제조업,"자동차용 재생타이어튜브,솔리드타이어,고무부품,골프볼,와이어로프소재,특수강선,열처리도금선,건자재 제조,판매,수출입",1987-12-19,12월,경상남도,False,False,,True
006660,삼성공조,KOSPI,유가,자동차 신품 부품 제조업,"자동차부품(라디에터,오일쿨러) 제조,판매",1987-11-28,12월,경상남도,False,False,,True
004490,세방전지,KOSPI,유가,일차전지 및 이차전지 제조업,"자동차용 및 산업용 축전지(연축전지) 제조,판매",1987-11-28,12월,서울특별시,False,False,,True
011000,진원생명과학,KOSPI,유가,의약품 제조업,플라스미드,1987-11-16,12월,서울특별시,False,False,,True
009310,참엔지니어링,KOSPI,유가,특수 목적용 기계 제조업,FPD Laser Repair 장비 등 (FPD 장비의 개발과 제조 및 판매),1987-11-12,12월,경기도,False,False,,True
010100,한국무브넥스,KOSPI,유가,자동차 신품 부품 제조업,"자동차부품(제동,구동장치),프랜지(관이음쇠),철구조물,산업기계 제조",1987-10-02,12월,울산광역시,False,False,,True
005070,코스모신소재,KOSPI,유가,기타 화학제품 제조업,"이차전지양극활물질,기능성필름",1987-09-28,12월,충청북도,False,False,,True
004830,덕성,KOSPI,유가,플라스틱제품 제조업,"플라스틱레쟈,합성수지,합성피혁 제조,도매",1987-09-25,12월,경기도,False,False,,True
001720,신영증권,KOSPI,유가,금융 지원 서비스업,증권업,1987-08-24,03월,서울특별시,True,True,금융,True
001200,유진증권,KOSPI,유가,금융 지원 서비스업,"유가증권 매매,중개,인수",1987-08-24,12월,서울특별시,True,True,금융,True
003460,유화증권,KOSPI,유가,금융 지원 서비스업,증권업,1987-08-24,12월,서울특별시,True,True,금융,True
011700,한신기계공업,KOSPI,유가,일반 목적용 기계 제조업,"공기압축기,공구류 제조,판매/오파",1987-07-24,12월,경기도,False,False,,True
005420,코스모화학,KOSPI,유가,기타 화학제품 제조업,"이산화티타늄 및 부산물, 황산코발트 및 부산물",1987-07-23,12월,서울특별시,False,False,,True
000500,가온전선,KOSPI,유가,절연선 및 케이블 제조업,"전력선,통신케이블 제조,도매,수출입",1987-06-08,12월,경기도,False,False,,True
010950,S-Oil,KOSPI,유가,석유 정제품 제조업,"석유제품,가스,윤활기유,윤활유,그리스,석유화학제품 제조,도매",1987-05-27,12월,서울특별시,False,False,,True
012450,한화에어로스페이스,KOSPI,유가,"항공기,우주선 및 부품 제조업","항공기엔진,특수방산장비 제조/정비사업",1987-05-27,12월,경상남도,False,False,,True
011230,삼화전자공업,KOSPI,유가,영상 및 음향기기 제조업,"전자부품(페라이트 코어,SMPS,편향요크(DY),고압변성기(FBT)용코어) 제조,판매",1987-05-25,12월,경기도,False,False,,True
004020,현대제철,KOSPI,유가,1차 철강 제조업,"H형강,제철,제강,철근,압연,스테인레스,주강,시트파일 제조,수출입,중기부품(탱크바퀴)제조,판매",1987-05-23,12월,인천광역시,False,False,,True
004770,써니전자,KOSPI,유가,전자부품 제조업,"수정진동자,수정발진기,초음파지연선,MCF,축수나사 제조,도매,수출입",1987-04-22,12월,충청북도,False,False,,True
004560,현대비앤지스틸,KOSPI,유가,1차 철강 제조업,"스텐레스냉연강판,특수강 제조",1987-03-24,12월,경상남도,False,False,,True
006090,사조오양,KOSPI,유가,수산물 가공 및 저장 처리업,"원양어업/수산물가공(게맛살) 제조,수출입/냉동 및 냉장보관/부동산 임대",1986-12-24,12월,서울특별시,False,False,,True
003530,한화투자증권,KOSPI,유가,금융 지원 서비스업,"유가증권 위탁매매,자기매매,인수주선",1986-11-25,12월,서울특별시,True,True,금융,True
009470,삼화전기,KOSPI,유가,전자부품 제조업,"콘덴서 제조,판매",1986-11-24,12월,충청북도,False,False,,True
001510,SK증권,KOSPI,유가,금융 지원 서비스업,"증권업,부동산 임대",1986-09-20,12월,서울특별시,True,True,금융,True
010770,평화홀딩스,KOSPI,유가,자동차 신품 부품 제조업,지주회사,1986-03-31,12월,대구광역시,False,False,,True
007110,일신석재,KOSPI,유가,"건축자재, 철물 및 난방장치 도매업","건축석 제조,도소매/석공예,석공사",1986-03-04,12월,서울특별시,False,False,,True
016380,KG스틸,KOSPI,유가,1차 철강 제조업,"철강재(냉연강판,아연도강판,칼라강판,석도강판,선재류,강관,형강,봉강),비철금속 제조,도매",1986-02-03,12월,서울특별시,False,False,,True
010780,아이에스동서,KOSPI,유가,"시멘트, 석회, 플라스터 및 그 제품 제조업","타일,위생도기,콘크리트파일,P.C관,침목 제조,도매",1986-01-27,12월,경기도,False,False,,True
002360,SH에너지화학,KOSPI,유가,기초 화학물질 제조업,"합성수지(PS/EPS,ABS수지) 제조",1985-12-23,12월,전북특별자치도,False,False,,True
003830,대한화섬,KOSPI,유가,화학섬유 제조업,"화학섬유원사(FY,PTY,S.FIBER)제조",1985-12-23,12월,서울특별시,False,False,,True
007810,코리아써키트,KOSPI,유가,전자부품 제조업,"인쇄회로기판,Module 제조/부동산(건물) 임대",1985-09-09,12월,경기도,False,False,,True
004170,신세계,KOSPI,유가,종합 소매업,"백화점,할인점(E마트)",1985-08-19,12월,서울특별시,False,False,,True
010060,OCI홀딩스,KOSPI,유가,기타 금융업,"타르제품,카본블랙,무수프탈산,농약원제,석탄화학제품,정밀화학제품,플라스틱창호재 제조,판매",1985-07-09,12월,서울특별시,True,True,금융,True
000520,삼일제약,KOSPI,유가,의약품 제조업,"양약(부루펜,액티피드,포리부틴) 제조,도매",1985-05-29,12월,서울특별시,False,False,,True
006490,인스코비,KOSPI,유가,전기 통신업,"시계,스마트그리드,도소매,소프트웨어개발",1985-01-17,12월,서울특별시,False,False,,True
003120,일성아이에스,KOSPI,유가,의약품 제조업,"의약품(항생제,화학료법제,항바이러스,근이완제,영양액륜) 제조,판매",1985-01-14,12월,서울특별시,False,False,,True
000720,현대건설,KOSPI,유가,토목 건설업,"공사수입,주택분양,건설산업부문 설계,감리 등 엔지니어링서비스",1984-12-22,12월,서울특별시,False,False,,True
002710,TCC스틸,KOSPI,유가,1차 철강 제조업,"석도강판,표면처리강판 제조,판매",1984-12-21,12월,경상북도,False,False,,True
003060,에이프로젠바이오로직스,KOSPI,유가,의약품 제조업,"의약품(항생제,영양수액제,드링크제,철결핍성빈혈예방치료제,경옥동충하초) 제조,판매",1984-10-19,12월,서울특별시,False,False,,True
007700,F&F 홀딩스,KOSPI,유가,기타 금융업,지주회사,1984-10-04,12월,서울특별시,True,True,금융,True
008700,아남전자,KOSPI,유가,영상 및 음향기기 제조업,"칼라TV,오디오,비디오 제조,도매",1984-08-11,12월,서울특별시,False,False,,True
006360,GS건설,KOSPI,유가,건물 건설업,"토목공사,건축공사,주택공사,산업플랜트공사,리모델링공사,시설물유지관리공사/산업설비설계,감리 용역,수출입/에너지관리 진단,연구개발",1981-08-03,12월,서울특별시,False,False,,True
006110,삼아알미늄,KOSPI,유가,1차 비철금속 제조업,"알루미늄박지,은박지,은박가공품,알페이스트 제조,도매,수출",1980-12-05,12월,경기도,False,False,,True
006200,한국전자홀딩스,KOSPI,유가,기타 금융업,"시장조사,경영컨설팅",1979-11-30,12월,서울특별시,True,True,금융,True
006400,삼성SDI,KOSPI,유가,일차전지 및 이차전지 제조업,"2차전지, 전자재료 제조 판매",1979-02-27,12월,경기도,False,False,,True
009150,삼성전기,KOSPI,유가,전자부품 제조업,"수동소자 (MLCC, Inductor, Chip Resistor 등), 모듈(카메라모듈, 통신모듈), 반도체패키지 기판",1979-02-27,12월,경기도,False,False,,True
005960,동부건설,KOSPI,유가,토목 건설업,"건축공사,토목공사,전기공사,기계설비공사/비금속,철구조물 제조,판매/여객,자동차 운송,항만하역",1978-10-30,12월,서울특별시,False,False,,True
009070,케이씨티시,KOSPI,유가,도로 화물 운송업,"화물자동차운송,항만하역,창고보관,컨테이너조작,중량물해상운송",1978-09-29,12월,서울특별시,False,False,,True
003070,코오롱글로벌,KOSPI,유가,토목 건설업,"토목공사,일반건설,주택건설,해외건설,소각로설비공사/환경플랜트,폐처리기 제조",1978-09-15,12월,경기도,False,False,,True
005180,빙그레,KOSPI,유가,동·식물성 유지 및 낙농제품 제조업,"아이스크림,우유,스낵,유산균(욥닥터캡슐) 제조",1978-08-31,12월,경기도,False,False,,True
005250,녹십자홀딩스,KOSPI,유가,회사 본부 및 경영 컨설팅 서비스업,"알부민,유로키나제,간염백신,유행성출혈열백신 제조",1978-08-28,12월,경기도,False,True,회사 본부,True
000480,시알홀딩스,KOSPI,유가,"내화, 비내화 요업제품 제조업","내화연와(정형,부정형,S/N,CCN),단열벽돌,스라이딩노즐,연주용 특수내화물 제조",1978-06-30,12월,전라남도,False,False,,True
004310,현대약품,KOSPI,유가,의약품 제조업,"타코실, 마이녹실, 테놀민, 미에로화이바 등",1978-06-28,11월,충청남도,False,False,,True
003920,남양유업,KOSPI,유가,동·식물성 유지 및 낙농제품 제조업,"시유,조제분유,발효유,이유밀,치즈,프렌치까페 제조,도매",1978-06-24,12월,서울특별시,False,False,,True
008350,남선알미늄,KOSPI,유가,1차 비철금속 제조업,알미늄샷시 제조/환경사업,1978-05-22,12월,대구광역시,False,False,,True
003350,한국화장품제조,KOSPI,유가,기타 화학제품 제조업,"화장품(OEM,ODM)",1978-02-06,12월,서울특별시,False,False,,True
011760,현대코퍼레이션,KOSPI,유가,상품 종합 도매업,"자동차,철강,기계,선박,플랜트,컴퓨터,전자제품 수출,수출입대행/자원(탄광,유전) 개발",1977-12-01,12월,서울특별시,False,False,,True
006260,LS,KOSPI,유가,기타 금융업,"전력용전선,일반전선,통신케이블,동선,알루미늄선,공조기,프라스틱사출성형기 제조,도매",1977-06-30,12월,서울특별시,True,True,금융,True
001740,SK네트웍스,KOSPI,유가,기타 전문 도매업,"정보통신 유통, 자동차 관리, 글로벌 트레이딩, 호텔&리조트",1977-06-30,12월,경기도,False,False,,True
002100,경농,KOSPI,유가,"비료, 농약 및 살균, 살충제 제조업","완제농약(잡초약,살충제,살균제) 제조",1977-06-30,12월,서울특별시,False,False,,True
004870,티웨이홀딩스,KOSPI,유가,"시멘트, 석회, 플라스터 및 그 제품 제조업","레미콘,콘크리트파일,완구 제조/미니어쳐테마파크 운영",1977-06-30,12월,서울특별시,False,False,,True
007590,동방아그로,KOSPI,유가,"비료, 농약 및 살균, 살충제 제조업","농약(잡초발생전 토양처리형 밭잡초약,부메랑,주움,그라목손) 제조,도매",1977-06-29,12월,서울특별시,False,False,,True
004430,송원산업,KOSPI,유가,기타 화학제품 제조업,"폴리머첨가제(PVC안정제,산화방지제),폴리우레탄수지,프라스틱첨가제 제조",1977-06-25,12월,울산광역시,False,False,,True
002780,진흥기업,KOSPI,유가,토목 건설업,"아파트건설,토목공사,건축공사,국내도급공사",1977-06-25,12월,인천광역시,False,False,,True
004090,한국석유공업,KOSPI,유가,기타 비금속 광물제품 제조업,"석유류제품(솔벤트,부로운아스팔트,방수시트몰터프라스,메타놀,빙초산) 제조,도소매/부동산 임대",1977-06-25,12월,서울특별시,False,False,,True
000650,천일고속,KOSPI,유가,육상 여객 운송업,"고속버스운수(경부선,44개 노선),도로여객운수업,운수창고업,유류판매,부동산 임대",1977-06-23,12월,부산광역시,False,False,,True
000430,대원강업,KOSPI,유가,자동차 신품 부품 제조업,차랑용 스프링 및 시트,1977-06-22,12월,충청남도,False,False,,True
001080,만호제강,KOSPI,유가,1차 철강 제조업,"와이어로프,합성섬유로프,특수강선 제조,수출,임대",1977-06-18,06월,부산광역시,False,False,,True
004700,조광피혁,KOSPI,유가,"가죽, 가방 및 유사제품 제조업","가죽(피혁원단,제화용원단,카시트용원단),가방,신발 제조,도매",1977-05-27,12월,충청북도,False,False,,True
004360,세방,KOSPI,유가,도로 화물 운송업,"도로운송,항만하역,창고,지게차 임대",1977-05-19,12월,부산광역시,False,False,,True
008970,KBI동양철관,KOSPI,유가,1차 철강 제조업,"수도용 도복장 강관,주물(강관말뚝),가스관 제조/아파트건설",1977-03-05,12월,충청남도,False,False,,True
002880,디와이에이,KOSPI,유가,자동차 신품 부품 제조업,자동차부품(자동차용 시트)제조,1977-02-18,12월,광주광역시,False,False,,True
001260,남광토건,KOSPI,유가,토목 건설업,"토목공사,건축공사,기전공사,측량설계시공,용역/철구조물 제조",1976-12-28,12월,경기도,False,False,,True
005680,삼영전자공업,KOSPI,유가,전자부품 제조업,"전자부품(알루미늄 전해콘덴서),전기이중층콘덴서,센서 제조,도매",1976-12-28,12월,경기도,False,False,,True
005800,신영와코루,KOSPI,유가,봉제의복 제조업,"여성용 내의류(화운데이션,란제리,블래지어),환자,노령자용 파자마,남성용 내의류 제조",1976-12-28,12월,서울특별시,False,False,,True
002630,오리엔트바이오,KOSPI,유가,의약품 제조업,의약품 제조,1976-12-28,03월,경기도,False,False,,True
001550,조비,KOSPI,유가,"비료, 농약 및 살균, 살충제 제조업","복합비료(연초용,수도용,시판용,특수작물용),양액재배용 비료,완효성 비료,부직포 제조,무역",1976-12-28,12월,서울특별시,False,False,,True
005430,한국공항,KOSPI,유가,기타 운송관련 서비스업,"항공기 지상조업,항공화물 상하역,장비대여,항공용역사업,항공기급유,항공화물 취급,보관,부정기헬기운송,여행알선,광업,먹는샘물 제조,농축산업",1976-12-28,12월,서울특별시,False,False,,True
004910,조광페인트,KOSPI,유가,기타 화학제품 제조업,"도료(우레탄,에나멜,락카,특수도료) 제조,도매",1976-12-27,12월,부산광역시,False,False,,True
003080,SB성보,KOSPI,유가,"비료, 농약 및 살균, 살충제 제조업","완제농약(해비치과립,카스텔란),원제농약(슈퍼유나니,다이아톤) 제조,도매",1976-12-23,12월,경기도,False,False,,True
004690,삼천리,KOSPI,유가,연료용 가스 제조 및 배관공급업,도시가스 공급/부동산 임대,1976-12-23,12월,서울특별시,False,False,,True
002600,조흥,KOSPI,유가,기타 식품 제조업,"휘핑크림,인스턴트이스트,프루츠칵테일,크림치즈,견과류,건조과일 제조,판매/주택 신축,판매",1976-12-23,12월,경기도,False,False,,True
001570,금양,KOSPI,유가,기초 화학물질 제조업,"발포제,사카린,OPTSA,베나졸,TCA 제조",1976-12-17,12월,부산광역시,False,False,,True
003960,사조대림,KOSPI,유가,수산물 가공 및 저장 처리업,"게맛살,어육연제품,식용류,배합사료 제조",1976-09-16,12월,서울특별시,False,False,,True
002070,비비안,KOSPI,유가,봉제의복 제조업,"여성내의류(스타킹,화운데이숀,란제리),카바링사 제조,수출입/부동산 매매,임대",1976-07-13,12월,서울특별시,False,False,,True
003570,SNT다이내믹스,KOSPI,유가,자동차 신품 부품 제조업,"자동차부품(동력전달장치 등),공작기계(CNC선반 등),사출성형기 제조",1976-07-08,12월,경상남도,False,False,,True
004960,한신공영,KOSPI,유가,건물 건설업,"토목공사,건축공사,주택건설,유통업(백화점),문화교실,주차장",1976-07-07,12월,경기도,False,False,,True
004370,농심,KOSPI,유가,기타 식품 제조업,"라면,스낵,유지 제조,도매,수출입",1976-06-30,12월,서울특별시,False,False,,True
003720,삼영,KOSPI,유가,플라스틱제품 제조업,"합성수지(BOPP,캐파시타),PPC,랩,종이상자(카톤팩) 제조",1976-06-30,12월,서울특별시,False,False,,True
004980,성신양회,KOSPI,유가,"시멘트, 석회, 플라스터 및 그 제품 제조업","시멘트,레미콘 제조",1976-06-30,12월,서울특별시,False,False,,True
004970,신라교역,KOSPI,유가,어로 어업,"원양어업(참치,명태,휠레트,연육,명란,새우),어획물 판매/직물 수출",1976-06-30,12월,서울특별시,False,False,,True
002870,신풍,KOSPI,유가,기타 전문 도매업,"마닐라판지 제조,도소매",1976-06-30,12월,서울특별시,False,False,,True
001630,종근당홀딩스,KOSPI,유가,의약품 제조업,"의약품(항생제,위궤양치료제,장기이식면역억제제,고지혈증치료제(로바이드)) 제조,도매",1976-06-30,12월,서울특별시,False,False,,True
005740,크라운해태홀딩스,KOSPI,유가,기타 금융업,"비스켓,쵸코렛,사탕,웨이퍼 제조,도매",1976-06-30,12월,서울특별시,True,True,금융,True
002390,한독,KOSPI,유가,의약품 제조업,"의약품(소화제,크라포란,라식스)제조,도매,부동산 임대",1976-06-30,12월,서울특별시,False,False,,True
001380,SG글로벌,KOSPI,유가,자동차 신품 부품 제조업,자동차시트 및 자동차시트커버(Seat Trim Cover),1976-06-29,12월,충청남도,False,False,,True
006120,SK디스커버리,KOSPI,유가,기타 금융업,"화섬사(폴리에스테르원사(폴리에스터F,폴리에스터SF),폴리에스터직물,아세테이트),석유화학부문(TPA,DMT),섬유원료,직물,BOTTLE용CHIP,접착제,폴리우레탄 제조,",1976-06-29,12월,경기도,True,True,금융,True
007540,샘표,KOSPI,유가,기타 금융업,"간장,된장,고추장 제조,가공,판매,무역",1976-06-29,12월,서울특별시,True,True,금융,True
003280,흥아해운,KOSPI,유가,해상 운송업,외항화물운송업(케미컬탱커),1976-06-29,12월,서울특별시,False,False,,True
001250,GS글로벌,KOSPI,유가,상품 종합 도매업,"수출입업(시멘트,철강금속,전기전자,섬유,기계화학),상품중개,광업,채석업/하수처리 서비스/부동산 임대",1976-06-26,12월,서울특별시,False,False,,True
002990,금호건설,KOSPI,유가,건물 건설업,"종합건설/여객운송,관광/부동산 임대,분양",1976-06-26,12월,전라남도,False,False,,True
001470,삼부토건,KOSPI,유가,토목 건설업,"토목공사,건축공사,포장공사,건설업,분양사업/건설자재 제조",1976-06-26,12월,서울특별시,False,False,,True
001820,삼화콘덴서공업,KOSPI,유가,전자부품 제조업,콘덴서(축전기) 제조,1976-06-26,12월,경기도,False,False,,True
001020,페이퍼코리아,KOSPI,유가,"펄프, 종이 및 판지 제조업","제지(신문용지,중질지),합판 제조,건설,석유류 판매",1976-06-26,12월,전북특별자치도,False,False,,True
001520,동양,KOSPI,유가,"시멘트, 석회, 플라스터 및 그 제품 제조업",레미콘/건설공사/산업용 송풍기,1976-06-25,12월,서울특별시,False,False,,True
000880,한화,KOSPI,유가,기타 화학제품 제조업,"화약,화공품,자동선반류,공작기계 제조,전자교환기,건설,정보통신,종합무역/임직원 및 개인대상 교육,세미나 및 워크샵 중계,동영상광고",1976-06-24,12월,서울특별시,False,False,,True
001060,JW중외제약,KOSPI,유가,의약품 제조업,"수액제,이상지질혈증치료제,혈우병치료제,소화기궤양치료제,항생제,도매",1976-06-14,12월,경기도,False,False,,True
000670,영풍,KOSPI,유가,1차 비철금속 제조업,"제1차 금속산업(아연괴,황산,카드뮴괴),건전지 제조,무역",1976-06-12,12월,서울특별시,False,False,,True
001340,PKC,KOSPI,유가,기초 화학물질 제조업,"가성소다,합성염산 제조,판매",1976-06-10,12월,전북특별자치도,False,False,,True
000180,성창기업지주,KOSPI,유가,회사 본부 및 경영 컨설팅 서비스업,"합판, 마루, 파티클보드, 우드칩, 포르말린 등 제조",1976-06-02,12월,부산광역시,False,True,회사 본부,True
005110,한창,KOSPI,유가,기계장비 및 관련 물품 도매업,"소화기, 통신장비 유통",1976-06-01,12월,부산광역시,False,False,,True
004450,삼화왕관,KOSPI,유가,기타 금속 가공제품 제조업,"납세용 일반병마개,알루미늄캡,플라스틱캡 제조,판매,금속인쇄,수출",1976-05-28,12월,경기도,False,False,,True
000040,KR모터스,KOSPI,유가,그외 기타 운송장비 제조업,"이륜차(오토바이) 제조,도매",1976-05-25,12월,경상남도,False,False,,True
002240,고려제강,KOSPI,유가,1차 철강 제조업,"PC강선,선재 2차제품,와이어로프,비드와이어,SC(Surpass Coat) Stand,각종선재 제조,도매",1976-05-25,12월,부산광역시,False,False,,True
004100,태양금속공업,KOSPI,유가,자동차 신품 부품 제조업,"자동차용 강력볼트,너트,전기전자제품용 나사,자전거부품,전해동박,도금도장설비 제조",1976-05-25,12월,경기도,False,False,,True
002820,SUN&L,KOSPI,유가,플라스틱제품 제조업,"펌프 디스펜서, 스프레이 트리거",1976-05-22,12월,인천광역시,False,False,,True
004840,DRB동일,KOSPI,유가,고무제품 제조업,"고무벨트(V벨트,콘베이어벨트,평벨트),프라스틱제품 제조,판매",1976-05-21,12월,부산광역시,False,False,,True
002350,넥센타이어,KOSPI,유가,고무제품 제조업,"타이어,후랩,고무제타이어(승용자동차용,래디알구조) 제조",1976-05-19,12월,경상남도,False,False,,True
004060,SG세계물산,KOSPI,유가,상품 종합 도매업,"피복류,봉제품,P.E제품 수출입,도매,제조/조경사업",1976-04-19,12월,서울특별시,False,False,,True
004000,롯데정밀화학,KOSPI,유가,기초 화학물질 제조업,"염소·셀룰로스계열, 암모니아 계열, 전자재료 등 화학제품 제조",1976-04-15,12월,울산광역시,False,False,,True
000020,동화약품,KOSPI,유가,의약품 제조업,"의약품 제조,판매,수출입",1976-03-24,12월,서울특별시,False,False,,True
000210,DL,KOSPI,유가,기초 화학물질 제조업,지주회사,1976-02-02,12월,서울특별시,False,False,,True
001120,LX인터내셔널,KOSPI,유가,상품 중개업,"전자,기계,화공,유류.금속,의류 수출입,도소매",1976-01-30,12월,서울특별시,False,False,,True
002720,국제약품,KOSPI,유가,의약품 제조업,"항생제,안약,제약 제조,도매",1975-12-27,12월,경기도,False,False,,True
003240,태광산업,KOSPI,유가,화학섬유 제조업,"석유화학제품(PTA,AN),화섬사,직물 등",1975-12-27,12월,서울특별시,False,False,,True
005030,부산주공,KOSPI,유가,자동차 신품 부품 제조업,"자동차부품(엔진부품,조향장치부품,브레이장치부품,오토미셧부품) 제조,도매/부동산 임대",1975-12-26,12월,부산광역시,False,False,,True
000590,CS홀딩스,KOSPI,유가,기타 금융업,"브랜드 수익, 자회사 배당",1975-12-22,12월,경상북도,True,True,금융,True
000990,DB하이텍,KOSPI,유가,반도체 제조업,반도체 제조,1975-12-12,12월,경기도,False,False,,True
006570,대림통상,KOSPI,유가,기타 금속 가공제품 제조업,"수전금구,비데,위생도기,샤워부스,타일,양식기,무역",1975-11-20,12월,서울특별시,False,False,,True
000220,유유제약,KOSPI,유가,의약품 제조업,"의약품 제조,판매",1975-11-18,12월,충청북도,False,False,,True
000860,강남제비스코,KOSPI,유가,기타 화학제품 제조업,"도료(페인트,락카,신나,에나멜,바니쉬),안료 제조,판매",1975-11-12,12월,부산광역시,False,False,,True
003540,대신증권,KOSPI,유가,금융 지원 서비스업,"유가증권 위탁매매,인수주선,자기매매 기타 금융서비스",1975-10-01,12월,서울특별시,True,True,금융,True
005940,NH투자증권,KOSPI,유가,금융 지원 서비스업,"증권업,종합금융",1975-09-30,12월,서울특별시,True,True,금융,True
006800,미래에셋증권,KOSPI,유가,금융 지원 서비스업,"유가증권매매,유가증권위탁매매,유가증권인수",1975-09-30,12월,서울특별시,True,True,금융,True
002700,신일전자,KOSPI,유가,기계장비 및 관련 물품 도매업,"가정용 전기기구(선풍기,난로,세탁기),전자기구,연구기구 제조,수출입",1975-09-30,12월,충청남도,False,False,,True
001360,삼성제약,KOSPI,유가,의약품 제조업,"의약품(까스명수,쓸기담,에프킬라에어졸,액체우황청심원) 제조,도매",1975-07-04,12월,경기도,False,False,,True
000810,삼성화재해상보험,KOSPI,유가,보험업,"손해보험의 원수,재보험,운용자산의 투자활동",1975-06-30,12월,서울특별시,True,True,보험,True
003230,삼양식품,KOSPI,유가,기타 식품 제조업,"라면,스낵,유제품,장유,식용유,사료,향신료,건강음료(루이보스 티) 제조,도매",1975-06-30,12월,서울특별시,False,False,,True
000370,한화손해보험,KOSPI,유가,보험업,손해보험,1975-06-30,12월,서울특별시,True,True,보험,True
008260,NI스틸,KOSPI,유가,1차 철강 제조업,"스틸파이프,철강재임가공 제조,도매",1975-06-28,12월,서울특별시,False,False,,True
000230,일동홀딩스,KOSPI,유가,의약품 제조업,"의약품 제조,도매",1975-06-28,12월,서울특별시,False,False,,True
000490,대동,KOSPI,유가,특수 목적용 기계 제조업,"경운기,트랙터,이앙기,바인더,수확기(콤바인),농업용엔진 및 부품 제조,판매",1975-06-27,12월,대구광역시,False,False,,True
001800,오리온홀딩스,KOSPI,유가,기타 금융업,자회사 관리 지주사업 등,1975-06-27,12월,서울특별시,True,True,금융,True
004540,깨끗한나라,KOSPI,유가,"펄프, 종이 및 판지 제조업","펄프,판지원지,화장지 제조,수출입",1975-06-25,12월,서울특별시,False,False,,True
001420,태원물산,KOSPI,유가,자동차 신품 부품 제조업,"자동차부품,워터펌프,인산정제석고,건축자재(불연내장재), 제조,수출입",1975-06-24,12월,서울특별시,False,False,,True
002020,코오롱,KOSPI,유가,기타 금융업,지주회사,1975-06-23,12월,경기도,True,True,금융,True
005930,삼성전자,KOSPI,유가,통신 및 방송 장비 제조업,"통신 및 방송 장비 제조(무선) 제품, 반도체 제조(메모리) 제품, 전자부품 제조(디스플레이) 제품, 영상 및 음향기기 제조(영상기기) 제품 등",1975-06-11,12월,경기도,False,False,,True
000300,DH오토넥스,KOSPI,유가,자동차 신품 부품 제조업,"유,무선 통신장비",1975-06-09,12월,전북특별자치도,False,False,,True
001460,BYC,KOSPI,유가,봉제의복 제조업,"메리야스,란제리 제조,도매/건축공사/부동산 임대,분양,공급",1975-06-02,12월,서울특별시,False,False,,True
003620,KG모빌리티,KOSPI,유가,자동차용 엔진 및 자동차 제조업,"자동차,자동차부품,차륜,정비 제조/도소매",1975-05-29,12월,경기도,False,False,,True
005610,삼립,KOSPI,유가,기타 식품 제조업,"빵,아이스크림,과자,케익,유산균음료,인스턴트식품,병조림,면류,식용유 제조,판매",1975-05-02,12월,경기도,False,False,,True
000540,흥국화재,KOSPI,유가,보험업,손해보험,1974-12-05,12월,서울특별시,True,True,보험,True
007570,일양약품,KOSPI,유가,의약품 제조업,"일반의약품(원비디,영비천,아진탈,디세텔,노루모산),항암제(베타-이뮤난),전문의약품 제조,판매,수출입",1974-08-28,12월,경기도,False,False,,True
002320,한진,KOSPI,유가,도로 화물 운송업,"포장화물,택배산업,항만하역,고속버스사업,운수보관",1974-08-12,12월,서울특별시,False,False,,True
002200,한국수출포장공업,KOSPI,유가,"골판지, 종이 상자 및 종이용기 제조업","골판지상자,골판지원지 제조,판매",1974-06-28,12월,서울특별시,False,False,,True
005380,현대자동차,KOSPI,유가,자동차용 엔진 및 자동차 제조업,"자동차(승용차,버스,트럭,특장차),자동차부품,자동차전착도료 제조,차량정비사업",1974-06-28,12월,서울특별시,False,False,,True
005360,모나미,KOSPI,유가,생활용품 도매업,"BP153(BALL POINT PEN), P-3000(PLUS PEN), 유성매직, 보드마카, 네임펜, PARKER, WARTERMAN, 색연필",1974-06-26,12월,경기도,False,False,,True
009830,한화솔루션,KOSPI,유가,기초 화학물질 제조업,"합성수지,유화부문(LDPE,LLDPE)제품 제조,플라스틱가공품(PVC),CA,무기화학제품,부동산업",1974-06-19,12월,서울특별시,False,False,,True
002030,아세아,KOSPI,유가,회사 본부 및 경영 컨설팅 서비스업,"회사본부,지주회사 및 경영컨설팅 서비스업",1974-06-03,12월,서울특별시,False,True,회사 본부,True
006380,카프로,KOSPI,유가,기초 화학물질 제조업,"카프로락탐,유안비료 제조",1974-05-28,12월,울산광역시,False,False,,True
004990,롯데지주,KOSPI,유가,기타 금융업,지주회사,1974-02-16,12월,서울특별시,True,True,금융,True
001070,대한방직,KOSPI,유가,직물직조 및 직물제품 제조업,"면사,화섬사,면직물 제조,판매,건설",1973-12-28,12월,서울특별시,False,False,,True
004410,서울식품공업,KOSPI,유가,기타 식품 제조업,"빵,스넥,마아가린,유지류,사료 제조,도매",1973-12-28,12월,충청북도,False,False,,True
000680,LS네트웍스,KOSPI,유가,상품 종합 도매업,"혁화,의류,등산용품 도매,제조/부동산 임대",1973-11-15,12월,경상남도,False,False,,True
001210,금호전기,KOSPI,유가,전구 및 조명장치 제조업,"형광등,백열전구,전구식현광등,실드빔(차량용전조) 제조,판매",1973-11-15,12월,서울특별시,False,False,,True
000140,하이트진로홀딩스,KOSPI,유가,기타 금융업,지주회사,1973-09-19,12월,서울특별시,True,True,금융,True
000320,노루홀딩스,KOSPI,유가,기타 금융업,지주사업,1973-08-10,12월,경기도,True,True,금융,True
000270,기아,KOSPI,유가,자동차용 엔진 및 자동차 제조업,"승용차,중대형버스,트럭,민수특수차량,군수차량 제조,판매,정비",1973-07-21,12월,서울특별시,False,False,,True
004800,효성,KOSPI,유가,기타 금융업,"스판덱스,합성원사,나일론,폴리에스터,타이어코드지,PET병,수지제품,중전기제품(변압기,차단기),사무용기계,컴퓨터 제조/건축공사",1973-06-30,12월,서울특별시,True,True,금융,True
001040,CJ,KOSPI,유가,기타 금융업,지주회사,1973-06-29,12월,서울특별시,True,True,금융,True
000150,두산,KOSPI,유가,전자부품 제조업,"동박적층판 등 제조 및 판매, 유압기기 등 제조 및 판매, 지게차 제조 및 판매, IT 시스템 개발/운영 서비스 등, 연료전지 등",1973-06-29,12월,서울특별시,False,False,,True
005010,휴스틸,KOSPI,유가,1차 철강 제조업,"강관(배관용,구조용,유정용) 제조,도매",1973-06-29,12월,서울특별시,False,False,,True
005830,DB손해보험,KOSPI,유가,보험업,"자동차보험,화재보험,해상보험,특종보험,장기보험",1973-06-28,12월,서울특별시,True,True,보험,True
002900,TYM,KOSPI,유가,특수 목적용 기계 제조업,"농기계,연초용필터,금속제양식기,철강압연 제조,도매,수출입/신문서적 수출입,판매",1973-06-26,12월,서울특별시,False,False,,True
003090,대웅,KOSPI,유가,의약품 제조업,"지주회사/의약품,화공약품,농예약품,위생용품,의료용구,식품,전기전자기구,부품 제조,판매",1973-06-26,12월,경기도,False,False,,True
003780,진양산업,KOSPI,유가,플라스틱제품 제조업,"합성수지,폴리우레탄스폰지 제조,도매,수출입",1973-06-26,12월,경상남도,False,False,,True
003520,영진약품,KOSPI,유가,의약품 제조업,"의약품(드링크제,항생제,영양수액제),의약부외품 제조,판매",1973-06-25,12월,서울특별시,False,False,,True
002380,케이씨씨,KOSPI,유가,기타 화학제품 제조업,"건축용단열재,내외장재,스레트,밤라이트,암면,석고보드,판유리 제조",1973-06-25,12월,서울특별시,False,False,,True
005300,롯데칠성음료,KOSPI,유가,비알코올음료 및 얼음 제조업,"청량음료,과채류음료,곡류음료,주류 제조,판매/자동차정비,연수원",1973-06-21,12월,서울특별시,False,False,,True
003200,일신방직,KOSPI,유가,방적 및 가공사 제조업,"면사,P/C혼방사,P/C혼방직물,화섬사 제조,수출",1973-05-23,12월,서울특별시,False,False,,True
002790,아모레퍼시픽홀딩스,KOSPI,유가,기타 화학제품 제조업,지주회사,1973-04-30,12월,서울특별시,False,False,,True
006220,제주은행,KOSPI,유가,은행 및 저축기관,"은행업무,외국환업무,신탁업무",1972-12-28,12월,제주특별자치도,True,True,은행,True
004150,한솔홀딩스,KOSPI,유가,기타 금융업,"지주회사,경영자문컨설팅",1972-05-17,12월,서울특별시,True,True,금융,True
007210,벽산,KOSPI,유가,기타 비금속 광물제품 제조업,"단열재, 천장재, 외장재, 내장재, 외단열, 바닥재 등",1972-01-04,12월,서울특별시,False,False,,True
000400,롯데손해보험,KOSPI,유가,보험업,손해보험업,1971-04-16,12월,서울특별시,True,True,보험,True
001130,대한제분,KOSPI,유가,"곡물가공품, 전분 및 전분제품 제조업","소맥분,토코밀,프리믹스,밀가루조제품,제분부산물 제조/파스타 수입,판매",1970-11-25,12월,서울특별시,False,False,,True
001680,대상,KOSPI,유가,기타 식품 제조업,"전분,라이신,물엿,과당,포도당,MSG및 사료,조미료,항생제,핵산,커피 제조,도매/토목공사,건축공사",1970-04-01,12월,서울특별시,False,False,,True
003550,LG,KOSPI,유가,기타 금융업,지주회사,1970-02-13,12월,서울특별시,True,True,금융,True
000640,동아쏘시오홀딩스,KOSPI,유가,기타 금융업,"의약품(피로회복제/박카스,병원용의약품),비의약품(의료기기,염모제,가글제) 제조,도소매/화장품 생산",1970-02-10,12월,서울특별시,True,True,금융,True
003690,코리안리,KOSPI,유가,재 보험업,금융보험/부동산 임대,1969-12-22,12월,서울특별시,True,True,보험,True
000970,한국주철관공업,KOSPI,유가,1차 철강 제조업,"수도용주철관,강관 제조",1969-12-12,12월,부산광역시,False,False,,True
003300,한일홀딩스,KOSPI,유가,"시멘트, 석회, 플라스터 및 그 제품 제조업",지주사업,1969-11-20,12월,서울특별시,False,False,,True
004250,엔피씨,KOSPI,유가,플라스틱제품 제조업,"산업용기프라스틱제품(플라스틱 파렛트,시트 파렛트) 제조,판매",1969-09-08,12월,경기도,False,False,,True
003030,세아제강지주,KOSPI,유가,기타 금융업,경영컨설팅업,1969-05-13,12월,서울특별시,True,True,금융,True
001440,대한전선,KOSPI,유가,절연선 및 케이블 제조업,"전력선,통신케이블,적산계기,스텐레스압연제품,광케이블,초고압선,알루미늄 제조,도매/전기공사",1968-12-27,12월,경기도,False,False,,True
001790,대한제당,KOSPI,유가,"곡물가공품, 전분 및 전분제품 제조업","제당,가축용 배합사료,설탕,기능성감미료(자일로올리고당),외식산 제조,도소매/부동산 임대",1968-12-27,12월,인천광역시,False,False,,True
000070,삼양홀딩스,KOSPI,유가,기타 금융업,"지주회사,경영자문컨설팅",1968-12-27,12월,서울특별시,True,True,금융,True
002420,세기상사,KOSPI,유가,연료 소매업,"극장(영화상영)/극영화,만화영화 제조/음식료품,일용잡화 소매/부동산 임대",1968-12-27,12월,서울특별시,False,False,,True
000240,한국앤컴퍼니,KOSPI,유가,기타 금융업,비금융지주회사,1968-12-27,12월,경기도,True,True,금융,True
000950,전방,KOSPI,유가,방적 및 가공사 제조업,"면사,면혼방사,마혼방사,화섬사,염색사,자수사,소모사,면직물,면혼방직물,화섬직물,특수가공직물 제조,판매,수출",1968-10-21,12월,서울특별시,False,False,,True
003490,대한항공,KOSPI,유가,항공 여객 운송업,"여객운송,화물운송,항공기 제조,판매,정비수리/기내식 제조판매,면세품 판매",1966-03-18,12월,서울특별시,False,False,,True
001530,디아이동일,KOSPI,유가,상품 중개업,"면사,화섬사,면포,혼방포,스포츠웨어용 신합섬 제조,도매,수출",1964-01-04,12월,서울특별시,False,False,,True
000100,유한양행,KOSPI,유가,의약품 제조업,"의약품(삐콤씨, 안티푸라민, 렉라자, 로수바미브, 코푸시럽 등), 생활용품(유한락스, 해피홈, 유한젠), 동물약품",1962-11-01,12월,서울특별시,False,False,,True
000120,CJ대한통운,KOSPI,유가,도로 화물 운송업,"Contract Logistics, 포워딩, 항만하역, 해운, 택배국제특송, SCM Consulting",1956-07-02,12월,서울특별시,False,False,,True
000050,경방,KOSPI,유가,종합 소매업,"섬유류(면사,면혼방사,면직물,면혼방직물,화섬사,화섬직물) 제조,도매,수출입",1956-03-03,12월,서울특별시,False,False,,True
000700,유수홀딩스,KOSPI,유가,회사 본부 및 경영 컨설팅 서비스업,지주사업,1956-03-03,12월,서울특별시,False,True,회사 본부,True
003480,한진중공업홀딩스,KOSPI,유가,연료용 가스 제조 및 배관공급업,지주회사,1956-03-03,12월,경기도,False,False,,True
