fiscal_year,corp_code,corp_name,stock_code,market,sector,n_annual_report_filings,n_annual_corrections,any_correction
2018,00100939,강남제비스코,000860,KOSPI,기타 화학제품 제조업,1,0,0
2018,00101044,에이프로젠바이오로직스,003060,KOSPI,의약품 제조업,2,1,1
2018,00101220,KG케미칼,001390,KOSPI,기초 화학물질 제조업,1,0,0
2018,00101433,경농,002100,KOSPI,"비료, 농약 및 살균, 살충제 제조업",2,1,1
2018,00101488,경동나비엔,009450,KOSPI,가정용 기기 제조업,1,0,0
2018,00101628,경방,000050,KOSPI,종합 소매업,1,0,0
2018,00101664,경보제약,214390,KOSPI,기초 의약물질 제조업,1,0,0
2018,00102113,경인양행,012610,KOSPI,기초 화학물질 제조업,1,0,0
2018,00102140,경인전자,009140,KOSPI,전자부품 제조업,1,0,0
2018,00102432,계룡건설산업,013580,KOSPI,토목 건설업,2,1,1
2018,00102618,계양전기,012200,KOSPI,일반 목적용 기계 제조업,1,0,0
2018,00102751,고려산업,002140,KOSPI,"곡물가공품, 전분 및 전분제품 제조업",1,0,0
2018,00102858,고려아연,010130,KOSPI,1차 비철금속 제조업,1,0,0
2018,00103006,고려제강,002240,KOSPI,1차 철강 제조업,2,1,1
2018,00103042,케이씨티시,009070,KOSPI,도로 화물 운송업,1,0,0
2018,00103130,플레이그램,009810,KOSPI,기타 전문 도매업,1,0,0
2018,00103176,흥국화재,000540,KOSPI,보험업,1,0,0
2018,00103510,인지컨트롤스,023800,KOSPI,자동차 신품 부품 제조업,1,0,0
2018,00103592,광동제약,009290,KOSPI,의약품 제조업,1,0,0
2018,00103662,광명전기,017040,KOSPI,"전동기, 발전기 및 전기 변환 · 공급 · 제어 장치 제조업",3,2,1
2018,00104388,국도화학,007690,KOSPI,기초 화학물질 제조업,1,0,0
2018,00104698,LS네트웍스,000680,KOSPI,상품 종합 도매업,2,1,1
2018,00104722,국제약품,002720,KOSPI,의약품 제조업,1,0,0
2018,00104768,가온전선,000500,KOSPI,절연선 및 케이블 제조업,2,1,1
2018,00104786,미래아이앤지,007120,KOSPI,"컴퓨터 프로그래밍, 시스템 통합 및 관리업",1,0,0
2018,00104856,삼성증권,016360,KOSPI,금융 지원 서비스업,1,0,0
2018,00104999,윌비스,008600,KOSPI,생활용품 도매업,1,0,0
2018,00105101,INVENI,015360,KOSPI,회사 본부 및 경영 컨설팅 서비스업,1,0,0
2018,00105156,극동유화,014530,KOSPI,석유 정제품 제조업,1,0,0
2018,00105271,케이씨씨,002380,KOSPI,기타 화학제품 제조업,1,0,0
2018,00105280,현대지에프홀딩스,005440,KOSPI,기타 금융업,1,0,0
2018,00105299,금강공업,014280,KOSPI,1차 철강 제조업,2,1,1
2018,00105606,금호에이치티,214330,KOSPI,자동차 신품 부품 제조업,3,2,1
2018,00105855,엘에스일렉트릭,010120,KOSPI,"전동기, 발전기 및 전기 변환 · 공급 · 제어 장치 제조업",2,1,1
2018,00105873,LG디스플레이,034220,KOSPI,전자부품 제조업,1,0,0
2018,00105952,LS,006260,KOSPI,기타 금융업,1,0,0
2018,00105961,LG이노텍,011070,KOSPI,전자부품 제조업,1,0,0
2018,00106119,금양,001570,KOSPI,기초 화학물질 제조업,2,1,1
2018,00106313,금호건설,002990,KOSPI,건물 건설업,1,0,0
2018,00106368,금호석유화학,011780,KOSPI,기초 화학물질 제조업,1,0,0
2018,00106395,금호전기,001210,KOSPI,전구 및 조명장치 제조업,1,0,0
2018,00106614,기신정기,092440,KOSPI,특수 목적용 기계 제조업,1,0,0
2018,00106623,현대위아,011210,KOSPI,자동차 신품 부품 제조업,1,0,0
2018,00106641,기아,000270,KOSPI,자동차용 엔진 및 자동차 제조업,1,0,0
2018,00106669,세아베스틸지주,001430,KOSPI,1차 철강 제조업,2,1,1
2018,00106881,인디에프,014990,KOSPI,봉제의복 제조업,1,0,0
2018,00107066,남광토건,001260,KOSPI,기타 금융업,1,0,0
2018,00107224,남선알미늄,008350,KOSPI,1차 비철금속 제조업,1,0,0
2018,00107598,남양유업,003920,KOSPI,동·식물성 유지 및 낙농제품 제조업,1,0,0
2018,00107613,이수페타시스,007660,KOSPI,전자부품 제조업,1,0,0
2018,00107677,비비안,002070,KOSPI,봉제의복 제조업,1,0,0
2018,00107987,남해화학,025860,KOSPI,"비료, 농약 및 살균, 살충제 제조업",1,0,0
2018,00108038,엔피씨,004250,KOSPI,플라스틱제품 제조업,1,0,0
2018,00108135,녹십자홀딩스,005250,KOSPI,회사 본부 및 경영 컨설팅 서비스업,1,0,0
2018,00108241,농심,004370,KOSPI,기타 식품 제조업,1,0,0
2018,00108746,DKME,015590,KOSPI,일반 목적용 기계 제조업,1,0,0
2018,00108913,대교,019680,KOSPI,초등 교육기관,1,0,0
2018,00108940,대성홀딩스,016710,KOSPI,회사 본부 및 경영 컨설팅 서비스업,1,0,0
2018,00108977,대구백화점,006370,KOSPI,종합 소매업,1,0,0
2018,00109161,태경케미컬,006890,KOSPI,기초 화학물질 제조업,1,0,0
2018,00109189,대덕,008060,KOSPI,기타 금융업,1,0,0
2018,00109286,대동,000490,KOSPI,특수 목적용 기계 제조업,1,0,0
2018,00109514,티웨이홀딩스,004870,KOSPI,"시멘트, 석회, 플라스터 및 그 제품 제조업",1,0,0
2018,00109693,DL,000210,KOSPI,기초 화학물질 제조업,1,0,0
2018,00109718,사조대림,003960,KOSPI,수산물 가공 및 저장 처리업,2,1,1
2018,00109754,대림바스,005750,KOSPI,"내화, 비내화 요업제품 제조업",1,0,0
2018,00109806,삼일씨엔에스,004440,KOSPI,"시멘트, 석회, 플라스터 및 그 제품 제조업",1,0,0
2018,00109824,대림통상,006570,KOSPI,기타 금속 가공제품 제조업,2,1,1
2018,00110608,DSR,155660,KOSPI,1차 비철금속 제조업,1,0,0
2018,00110893,대신증권,003540,KOSPI,금융 지원 서비스업,1,0,0
2018,00111111,대양금속,009190,KOSPI,1차 철강 제조업,1,0,0
2018,00111421,휴니드테크놀러지스,005870,KOSPI,통신 및 방송 장비 제조업,3,2,1
2018,00111458,대영포장,014160,KOSPI,"골판지, 종이 상자 및 종이용기 제조업",1,0,0
2018,00111689,아진전자부품,009320,KOSPI,자동차 신품 부품 제조업,1,0,0
2018,00111704,한화오션,042660,KOSPI,선박 및 보트 건조업,1,0,0
2018,00111722,미래에셋증권,006800,KOSPI,금융 지원 서비스업,1,0,0
2018,00111810,대웅,003090,KOSPI,의약품 제조업,1,0,0
2018,00111847,대원강업,000430,KOSPI,자동차 신품 부품 제조업,1,0,0
2018,00111999,대원제약,003220,KOSPI,의약품 제조업,1,0,0
2018,00112022,대원화성,024890,KOSPI,플라스틱제품 제조업,1,0,0
2018,00112059,상상인증권,001290,KOSPI,금융 지원 서비스업,3,2,1
2018,00112165,디아이씨,092200,KOSPI,자동차 신품 부품 제조업,1,0,0
2018,00112332,미래에셋생명,085620,KOSPI,보험업,2,1,1
2018,00112378,KR모터스,000040,KOSPI,그외 기타 운송장비 제조업,1,0,0
2018,00112651,대창,012800,KOSPI,1차 비철금속 제조업,2,1,1
2018,00112679,대창단조,015230,KOSPI,자동차 신품 부품 제조업,1,0,0
2018,00112970,대한방직,001070,KOSPI,직물직조 및 직물제품 제조업,2,1,1
2018,00113058,한화생명,088350,KOSPI,보험업,1,0,0
2018,00113191,코리안리,003690,KOSPI,재 보험업,1,0,0
2018,00113207,대한전선,001440,KOSPI,절연선 및 케이블 제조업,1,0,0
2018,00113225,대한제강,084010,KOSPI,1차 철강 제조업,1,0,0
2018,00113234,대한제당,001790,KOSPI,"곡물가공품, 전분 및 전분제품 제조업",2,1,1
2018,00113243,대한제분,001130,KOSPI,"곡물가공품, 전분 및 전분제품 제조업",2,1,1
2018,00113359,교보증권,030610,KOSPI,금융 지원 서비스업,3,2,1
2018,00113410,CJ대한통운,000120,KOSPI,도로 화물 운송업,2,1,1
2018,00113492,깨끗한나라,004540,KOSPI,"펄프, 종이 및 판지 제조업",1,0,0
2018,00113508,노루홀딩스,000320,KOSPI,기타 금융업,2,1,1
2018,00113526,대한항공,003490,KOSPI,항공 여객 운송업,2,1,1
2018,00113535,대한해운,005880,KOSPI,해상 운송업,1,0,0
2018,00113544,대한화섬,003830,KOSPI,화학섬유 제조업,6,5,1
2018,00113562,롯데손해보험,000400,KOSPI,보험업,1,0,0
2018,00113614,대현,016090,KOSPI,봉제의복 제조업,1,0,0
2018,00113997,롯데에너지머티리얼즈,020150,KOSPI,전자부품 제조업,1,0,0
2018,00114093,덕성,004830,KOSPI,플라스틱제품 제조업,1,0,0
2018,00114154,디와이덕양,024900,KOSPI,자동차 신품 부품 제조업,1,0,0
2018,00114552,도화엔지니어링,002150,KOSPI,"건축기술, 엔지니어링 및 관련 기술 서비스업",1,0,0
2018,00114765,케이비아이동국실업,001620,KOSPI,자동차 신품 부품 제조업,1,0,0
2018,00114792,동국홀딩스,001230,KOSPI,기타 금융업,2,1,1
2018,00115065,동남합성,023450,KOSPI,기초 화학물질 제조업,1,0,0
2018,00115287,동방,004140,KOSPI,기타 운송관련 서비스업,1,0,0
2018,00115384,동방아그로,007590,KOSPI,"비료, 농약 및 살균, 살충제 제조업",1,0,0
2018,00115612,동부건설,005960,KOSPI,토목 건설업,1,0,0
2018,00115676,KG스틸,016380,KOSPI,1차 철강 제조업,1,0,0
2018,00115694,DB증권,016610,KOSPI,금융 지원 서비스업,1,0,0
2018,00115977,아이에스동서,010780,KOSPI,"시멘트, 석회, 플라스터 및 그 제품 제조업",1,0,0
2018,00116268,동성제약,002210,KOSPI,의약품 제조업,2,1,1
2018,00116301,NI스틸,008260,KOSPI,1차 철강 제조업,2,1,1
2018,00116824,동아쏘시오홀딩스,000640,KOSPI,기타 금융업,1,0,0
2018,00116949,DN오토모티브,007340,KOSPI,일차전지 및 이차전지 제조업,2,1,1
2018,00117027,알루코,001780,KOSPI,1차 비철금속 제조업,1,0,0
2018,00117179,디와이,013570,KOSPI,기타 금융업,1,0,0
2018,00117188,효성,004800,KOSPI,기타 금융업,1,0,0
2018,00117212,두산,000150,KOSPI,전자부품 제조업,1,0,0
2018,00117230,TYM,002900,KOSPI,특수 목적용 기계 제조업,4,2,1
2018,00117267,동양생명,082640,KOSPI,보험업,1,0,0
2018,00117300,TCC스틸,002710,KOSPI,1차 철강 제조업,2,1,1
2018,00117337,동양,001520,KOSPI,"시멘트, 석회, 플라스터 및 그 제품 제조업",2,1,1
2018,00117498,스틱인베스트먼트,026890,KOSPI,신탁업 및 집합투자업,1,0,0
2018,00117577,오리온홀딩스,001800,KOSPI,기타 금융업,1,0,0
2018,00117601,유안타증권,003470,KOSPI,금융 지원 서비스업,1,0,0
2018,00117629,KBI동양철관,008970,KOSPI,1차 철강 제조업,1,0,0
2018,00117726,DYP,092780,KOSPI,자동차용 엔진 및 자동차 제조업,1,0,0
2018,00118008,동원금속,018500,KOSPI,자동차 신품 부품 제조업,2,0,0
2018,00118026,동원산업,006040,KOSPI,기타 금융업,1,0,0
2018,00118044,동원수산,030720,KOSPI,어로 어업,1,0,0
2018,00118266,DRB동일,004840,KOSPI,고무제품 제조업,1,0,0
2018,00118275,디아이,003160,KOSPI,"측정, 시험, 항해, 제어 및 기타 정밀기기 제조업; 광학기기 제외",1,0,0
2018,00118345,디아이동일,001530,KOSPI,상품 중개업,1,0,0
2018,00118451,동일제강,002690,KOSPI,1차 철강 제조업,1,0,0
2018,00118521,진원생명과학,011000,KOSPI,의약품 제조업,1,0,0
2018,00118965,티에이치엔,019180,KOSPI,기타 전기장비 제조업,1,0,0
2018,00119007,무림P&P,009580,KOSPI,"펄프, 종이 및 판지 제조업",1,0,0
2018,00119140,핸즈코퍼레이션,143210,KOSPI,자동차 신품 부품 제조업,1,0,0
2018,00119195,동화약품,000020,KOSPI,의약품 제조업,1,0,0
2018,00119672,두올,016740,KOSPI,자동차 신품 부품 제조업,1,0,0
2018,00120021,LG,003550,KOSPI,기타 금융업,1,0,0
2018,00120030,GS건설,006360,KOSPI,건물 건설업,1,0,0
2018,00120076,LX인터내셔널,001120,KOSPI,상품 중개업,1,0,0
2018,00120182,NH투자증권,005940,KOSPI,금융 지원 서비스업,1,0,0
2018,00120526,롯데쇼핑,023530,KOSPI,종합 소매업,1,0,0
2018,00120562,롯데지주,004990,KOSPI,기타 금융업,2,1,1
2018,00120571,롯데칠성음료,005300,KOSPI,비알코올음료 및 얼음 제조업,1,0,0
2018,00120872,만호제강,001080,KOSPI,1차 철강 제조업,1,0,0
2018,00121039,명문제약,017180,KOSPI,의약품 제조업,2,1,1
2018,00121288,모나미,005360,KOSPI,생활용품 도매업,1,0,0
2018,00121534,MH에탄올,023150,KOSPI,알코올음료 제조업,1,0,0
2018,00121543,무학,033920,KOSPI,알코올음료 제조업,5,4,1
2018,00121570,문배철강,008420,KOSPI,1차 철강 제조업,2,1,1
2018,00121932,미원상사,002840,KOSPI,기타 화학제품 제조업,1,0,0
2018,00121941,대상,001680,KOSPI,기타 식품 제조업,1,0,0
2018,00121969,에쓰씨엔지니어링,023960,KOSPI,토목 건설업,1,0,0
2018,00122056,미창석유공업,003650,KOSPI,석유 정제품 제조업,1,0,0
2018,00122348,방림,003610,KOSPI,직물직조 및 직물제품 제조업,2,1,1
2018,00122472,PKC,001340,KOSPI,기초 화학물질 제조업,3,2,1
2018,00122481,태경비케이,014580,KOSPI,"시멘트, 석회, 플라스터 및 그 제품 제조업",1,0,0
2018,00122551,백산,035150,KOSPI,플라스틱제품 제조업,1,0,0
2018,00122579,BYC,001460,KOSPI,봉제의복 제조업,1,0,0
2018,00122694,범양건영,002410,KOSPI,건물 건설업,1,0,0
2018,00122737,팬오션,028670,KOSPI,해상 운송업,1,0,0
2018,00122825,인스코비,006490,KOSPI,전기 통신업,1,0,0
2018,00122898,벽산,007210,KOSPI,기타 비금속 광물제품 제조업,1,0,0
2018,00123107,보락,002760,KOSPI,기타 화학제품 제조업,1,0,0
2018,00123143,보령,003850,KOSPI,의약품 제조업,1,0,0
2018,00123541,보해양조,000890,KOSPI,알코올음료 제조업,2,1,1
2018,00123718,부광약품,003000,KOSPI,의약품 제조업,2,1,1
2018,00123772,부국증권,001270,KOSPI,금융 지원 서비스업,1,0,0
2018,00123781,부국철강,026940,KOSPI,1차 철강 제조업,2,1,1
2018,00124027,부산산업,011390,KOSPI,"시멘트, 석회, 플라스터 및 그 제품 제조업",1,0,0
2018,00124090,한국특강,007280,KOSPI,1차 철강 제조업,1,0,0
2018,00124151,부산주공,005030,KOSPI,자동차 신품 부품 제조업,2,1,1
2018,00124197,세아제강지주,003030,KOSPI,기타 금융업,2,1,1
2018,00124504,포스코인터내셔널,047050,KOSPI,상품 중개업,1,0,0
2018,00124540,대우건설,047040,KOSPI,건물 건설업,1,0,0
2018,00124726,빙그레,005180,KOSPI,동·식물성 유지 및 낙농제품 제조업,1,0,0
2018,00124780,사조씨푸드,014710,KOSPI,수산물 가공 및 저장 처리업,1,0,0
2018,00124799,사조산업,007160,KOSPI,수산물 가공 및 저장 처리업,1,0,0
2018,00125080,AK홀딩스,006840,KOSPI,기타 금융업,1,0,0
2018,00125150,SGC에너지,005090,KOSPI,전기업,1,0,0
2018,00125521,에스엘,005850,KOSPI,자동차 신품 부품 제조업,13,12,1
2018,00125530,삼립,005610,KOSPI,기타 식품 제조업,1,0,0
2018,00125576,체시스,033250,KOSPI,자동차 신품 부품 제조업,1,0,0
2018,00125743,현대비앤지스틸,004560,KOSPI,1차 철강 제조업,1,0,0
2018,00125974,삼부토건,001470,KOSPI,토목 건설업,2,1,1
2018,00126089,DH오토넥스,000300,KOSPI,신탁업 및 집합투자업,1,0,0
2018,00126186,삼성에스디에스,018260,KOSPI,"컴퓨터 프로그래밍, 시스템 통합 및 관리업",1,0,0
2018,00126201,삼성공조,006660,KOSPI,자동차 신품 부품 제조업,1,0,0
2018,00126256,삼성생명,032830,KOSPI,보험업,1,0,0
2018,00126292,삼성카드,029780,KOSPI,기타 금융업,1,0,0
2018,00126308,삼성E&A,028050,KOSPI,"건축기술, 엔지니어링 및 관련 기술 서비스업",1,0,0
2018,00126362,삼성SDI,006400,KOSPI,일차전지 및 이차전지 제조업,1,0,0
2018,00126371,삼성전기,009150,KOSPI,전자부품 제조업,1,0,0
2018,00126380,삼성전자,005930,KOSPI,통신 및 방송 장비 제조업,1,0,0
2018,00126414,삼성제약,001360,KOSPI,의약품 제조업,1,0,0
2018,00126478,삼성중공업,010140,KOSPI,선박 및 보트 건조업,1,0,0
2018,00126487,F&F 홀딩스,007700,KOSPI,기타 금융업,1,0,0
2018,00126566,한화에어로스페이스,012450,KOSPI,"항공기,우주선 및 부품 제조업",1,0,0
2018,00126779,삼아알미늄,006110,KOSPI,1차 비철금속 제조업,1,0,0
2018,00126937,삼양홀딩스,000070,KOSPI,기타 금융업,2,1,1
2018,00126955,삼양식품,003230,KOSPI,기타 식품 제조업,1,0,0
2018,00127042,SYTS,002170,KOSPI,"가죽, 가방 및 유사제품 제조업",1,0,0
2018,00127158,씨아이테크,004920,KOSPI,영상 및 음향기기 제조업,1,0,0
2018,00127167,삼영무역,002810,KOSPI,기타 전문 도매업,1,0,0
2018,00127200,삼영전자공업,005680,KOSPI,전자부품 제조업,2,1,1
2018,00127255,삼영,003720,KOSPI,플라스틱제품 제조업,1,0,0
2018,00127802,삼익THK,004380,KOSPI,일반 목적용 기계 제조업,2,1,1
2018,00127857,삼익악기,002450,KOSPI,악기 제조업,2,1,1
2018,00128032,삼일제약,000520,KOSPI,의약품 제조업,2,1,1
2018,00128227,삼정펄프,009770,KOSPI,"펄프, 종이 및 판지 제조업",1,0,0
2018,00128412,삼진제약,005500,KOSPI,의약품 제조업,1,0,0
2018,00128555,삼천리,004690,KOSPI,연료용 가스 제조 및 배관공급업,1,0,0
2018,00128980,삼호개발,010960,KOSPI,기반조성 및 시설물 축조관련 전문공사업,1,0,0
2018,00129013,CJ씨푸드,011150,KOSPI,기타 식품 제조업,1,0,0
2018,00129235,삼화왕관,004450,KOSPI,기타 금속 가공제품 제조업,2,1,1
2018,00129271,삼화전기,009470,KOSPI,전자부품 제조업,1,0,0
2018,00129280,삼화전자공업,011230,KOSPI,영상 및 음향기기 제조업,1,0,0
2018,00129350,삼화콘덴서공업,001820,KOSPI,전자부품 제조업,1,0,0
2018,00129387,SP삼화,000390,KOSPI,기타 화학제품 제조업,1,0,0
2018,00129420,까뮤이앤씨,013700,KOSPI,건물 건설업,1,0,0
2018,00129509,한익스프레스,014130,KOSPI,도로 화물 운송업,1,0,0
2018,00129554,갤럭시아에스엠,011420,KOSPI,스포츠 서비스업,1,0,0
2018,00129642,상신브레이크,041650,KOSPI,자동차 신품 부품 제조업,1,0,0
2018,00129679,녹십자,006280,KOSPI,의약품 제조업,1,0,0
2018,00129989,코스모신소재,005070,KOSPI,기타 화학제품 제조업,1,0,0
2018,00130091,샘표,007540,KOSPI,기타 금융업,1,0,0
2018,00130684,서울도시가스,017390,KOSPI,연료용 가스 제조 및 배관공급업,1,0,0
2018,00130772,SBS,034120,KOSPI,텔레비전 방송업,1,0,0
2018,00130879,서울식품공업,004410,KOSPI,기타 식품 제조업,1,0,0
2018,00131054,유진증권,001200,KOSPI,의약품 제조업,1,0,0
2018,00131197,서원,021050,KOSPI,금속 주조업,1,0,0
2018,00131692,서흥,008490,KOSPI,기타 화학제품 제조업,1,0,0
2018,00131780,SK네트웍스,001740,KOSPI,기타 전문 도매업,1,0,0
2018,00131832,SK디스커버리,006120,KOSPI,기타 금융업,1,0,0
2018,00131850,SK증권,001510,KOSPI,금융 지원 서비스업,2,1,1
2018,00131939,선도전기,007610,KOSPI,"전동기, 발전기 및 전기 변환 · 공급 · 제어 장치 제조업",1,0,0
2018,00132211,SUN&L,002820,KOSPI,플라스틱제품 제조업,1,0,0
2018,00132354,쿠쿠홀딩스,192400,KOSPI,기타 금융업,2,1,1
2018,00132628,성문전자,014910,KOSPI,전자부품 제조업,1,0,0
2018,00132637,동원시스템즈,014820,KOSPI,플라스틱제품 제조업,1,0,0
2018,00132725,SB성보,003080,KOSPI,"비료, 농약 및 살균, 살충제 제조업",1,0,0
2018,00132804,성신양회,004980,KOSPI,"시멘트, 석회, 플라스터 및 그 제품 제조업",1,0,0
2018,00132868,우성머티리얼스,011300,KOSPI,직물직조 및 직물제품 제조업,1,0,0
2018,00133335,성창기업지주,000180,KOSPI,회사 본부 및 경영 컨설팅 서비스업,1,0,0
2018,00133511,SG세계물산,004060,KOSPI,상품 종합 도매업,1,0,0
2018,00133618,세기상사,002420,KOSPI,연료 소매업,1,0,0
2018,00133706,한국제지,027970,KOSPI,"펄프, 종이 및 판지 제조업",1,0,0
2018,00133812,세방,004360,KOSPI,도로 화물 운송업,3,2,1
2018,00133858,세방전지,004490,KOSPI,일차전지 및 이차전지 제조업,1,0,0
2018,00134176,세우글로벌,013000,KOSPI,기타 전문 도매업,1,0,0
2018,00134316,세원정공,021820,KOSPI,자동차 신품 부품 제조업,2,1,1
2018,00134477,SNT다이내믹스,003570,KOSPI,자동차 신품 부품 제조업,1,0,0
2018,00134510,SJG세종,033530,KOSPI,자동차 신품 부품 제조업,1,0,0
2018,00134565,이스타코,015020,KOSPI,부동산 임대 및 공급업,1,0,0
2018,00134723,페이퍼코리아,001020,KOSPI,"펄프, 종이 및 판지 제조업",2,1,1
2018,00134963,송원산업,004430,KOSPI,기타 화학제품 제조업,1,0,0
2018,00135050,팜젠사이언스,004720,KOSPI,의약품 제조업,1,0,0
2018,00135111,수산세보틱스,017550,KOSPI,특수 목적용 기계 제조업,1,0,0
2018,00135777,신대양제지,016590,KOSPI,"골판지, 종이 상자 및 종이용기 제조업",1,0,0
2018,00135795,신도리코,029530,KOSPI,컴퓨터 및 주변장치 제조업,1,0,0
2018,00135917,한화손해보험,000370,KOSPI,보험업,2,1,1
2018,00135962,신라교역,004970,KOSPI,어로 어업,1,0,0
2018,00136086,무림페이퍼,009200,KOSPI,"펄프, 종이 및 판지 제조업",1,0,0
2018,00136271,신성이엔지,011930,KOSPI,반도체 제조업,1,0,0
2018,00136378,신세계,004170,KOSPI,종합 소매업,1,0,0
2018,00136402,신송홀딩스,006880,KOSPI,산업용 농·축산물 및 동·식물 도매업,1,0,0
2018,00136457,SH에너지화학,002360,KOSPI,기초 화학물질 제조업,1,0,0
2018,00136624,신영와코루,005800,KOSPI,봉제의복 제조업,1,0,0
2018,00136721,신영증권,001720,KOSPI,금융 지원 서비스업,1,0,0
2018,00136776,차AI헬스케어,025620,KOSPI,기타 화학제품 제조업,3,2,1
2018,00136864,신원,009270,KOSPI,봉제의복 제조업,1,0,0
2018,00137207,유니켐,011330,KOSPI,자동차 신품 부품 제조업,1,0,0
2018,00137252,사조동아원,008040,KOSPI,"곡물가공품, 전분 및 전분제품 제조업",1,0,0
2018,00137359,신풍제약,019170,KOSPI,의약품 제조업,1,0,0
2018,00137368,신풍,002870,KOSPI,기타 전문 도매업,1,0,0
2018,00137809,SHD,001770,KOSPI,1차 철강 제조업,1,0,0
2018,00137997,현대차증권,001500,KOSPI,금융 지원 서비스업,1,0,0
2018,00138057,써니전자,004770,KOSPI,전자부품 제조업,1,0,0
2018,00138190,GS글로벌,001250,KOSPI,상품 종합 도매업,1,0,0
2018,00138242,KG모빌리티,003620,KOSPI,자동차용 엔진 및 자동차 제조업,1,0,0
2018,00138260,SIMPAC,009160,KOSPI,1차 철강 제조업,1,0,0
2018,00138279,S-Oil,010950,KOSPI,석유 정제품 제조업,1,0,0
2018,00138297,STX,011810,KOSPI,상품 종합 도매업,2,1,1
2018,00138516,아남전자,008700,KOSPI,영상 및 음향기기 제조업,1,0,0
2018,00138701,아세아,002030,KOSPI,회사 본부 및 경영 컨설팅 서비스업,1,0,0
2018,00138729,아세아제지,002310,KOSPI,"골판지, 종이 상자 및 종이용기 제조업",1,0,0
2018,00138792,아시아나항공,020560,KOSPI,항공 여객 운송업,1,0,0
2018,00139214,삼성화재해상보험,000810,KOSPI,보험업,1,0,0
2018,00139454,애경산업,018250,KOSPI,기타 화학제품 제조업,2,1,1
2018,00139764,에넥스,011090,KOSPI,가구 제조업,1,0,0
2018,00139834,LG씨엔에스,064400,KOSPI,"컴퓨터 프로그래밍, 시스템 통합 및 관리업",1,0,0
2018,00139889,SKC,011790,KOSPI,기타 화학제품 제조업,1,0,0
2018,00140131,키다리스튜디오,020120,KOSPI,"자료처리, 호스팅, 포털 및 기타 인터넷 정보매개 서비스업",3,2,1
2018,00140168,HS애드,035000,KOSPI,광고업,2,1,1
2018,00140177,GS리테일,007070,KOSPI,종합 소매업,2,1,1
2018,00140779,영보화학,014440,KOSPI,플라스틱제품 제조업,1,0,0
2018,00140946,한솔로지스틱스,009180,KOSPI,기타 운송관련 서비스업,1,0,0
2018,00140955,한솔케미칼,014680,KOSPI,기초 화학물질 제조업,1,0,0
2018,00140964,영원무역홀딩스,009970,KOSPI,기타 금융업,1,0,0
2018,00141149,영진약품,003520,KOSPI,의약품 제조업,1,0,0
2018,00141307,영풍,000670,KOSPI,1차 비철금속 제조업,1,0,0
2018,00141404,블루산업개발,006740,KOSPI,"골판지, 종이 상자 및 종이용기 제조업",1,0,0
2018,00141413,영화금속,012280,KOSPI,자동차 신품 부품 제조업,1,0,0
2018,00141477,영흥,012160,KOSPI,1차 철강 제조업,1,0,0
2018,00141529,오뚜기,007310,KOSPI,기타 식품 제조업,1,0,0
2018,00141626,오리엔트바이오,002630,KOSPI,의약품 제조업,1,0,0
2018,00141875,사조오양,006090,KOSPI,수산물 가공 및 저장 처리업,1,0,0
2018,00142661,우성,006980,KOSPI,"곡물가공품, 전분 및 전분제품 제조업",1,0,0
2018,00142865,WISCOM,024070,KOSPI,플라스틱제품 제조업,1,0,0
2018,00142883,우신시스템,017370,KOSPI,특수 목적용 기계 제조업,1,0,0
2018,00143262,우진아이엔에스,010400,KOSPI,건물설비 설치 공사업,1,0,0
2018,00143314,에이엔피,015260,KOSPI,전자부품 제조업,1,0,0
2018,00143527,경동인베스트,012320,KOSPI,기타 금융업,1,0,0
2018,00143651,웅진,016880,KOSPI,회사 본부 및 경영 컨설팅 서비스업,1,0,0
2018,00143794,원림,005820,KOSPI,직물직조 및 직물제품 제조업,1,0,0
2018,00144164,SK가스,018670,KOSPI,기타 전문 도매업,1,0,0
2018,00144252,유니온,000910,KOSPI,"시멘트, 석회, 플라스터 및 그 제품 제조업",1,0,0
2018,00144395,동서,026960,KOSPI,음·식료품 및 담배 도매업,1,0,0
2018,00144720,와이투솔루션,011690,KOSPI,반도체 제조업,2,1,1
2018,00144818,유유제약,000220,KOSPI,의약품 제조업,1,0,0
2018,00145109,유한양행,000100,KOSPI,의약품 제조업,1,0,0
2018,00145163,파미셀,005690,KOSPI,전자부품 제조업,2,1,1
2018,00145190,유화증권,003460,KOSPI,금융 지원 서비스업,1,0,0
2018,00145260,율촌화학,008730,KOSPI,플라스틱제품 제조업,1,0,0
2018,00145437,아센디오,012170,KOSPI,"영화, 비디오물, 방송프로그램 제작 및 배급업",1,0,0
2018,00145446,이건산업,008250,KOSPI,나무제품 제조업,1,0,0
2018,00145464,이구산업,025820,KOSPI,1차 비철금속 제조업,1,0,0
2018,00145552,이수화학,005950,KOSPI,기초 화학물질 제조업,1,0,0
2018,00145598,이연제약,102460,KOSPI,의약품 제조업,1,0,0
2018,00145686,이화산업,000760,KOSPI,기타 전문 도매업,1,0,0
2018,00145862,인천도시가스,034590,KOSPI,연료용 가스 제조 및 배관공급업,1,0,0
2018,00145880,현대제철,004020,KOSPI,1차 철강 제조업,1,0,0
2018,00146083,일동홀딩스,000230,KOSPI,의약품 제조업,1,0,0
2018,00146214,일성아이에스,003120,KOSPI,의약품 제조업,1,0,0
2018,00146232,일성건설,013360,KOSPI,토목 건설업,1,0,0
2018,00146269,일신방직,003200,KOSPI,방적 및 가공사 제조업,1,0,0
2018,00146296,일신석재,007110,KOSPI,"건축자재, 철물 및 난방장치 도매업",1,0,0
2018,00146454,일양약품,007570,KOSPI,의약품 제조업,2,1,1
2018,00146542,일정실업,008500,KOSPI,편조원단 제조업,1,0,0
2018,00146649,일진홀딩스,015860,KOSPI,기타 금융업,1,0,0
2018,00146861,자화전자,033240,KOSPI,전자부품 제조업,1,0,0
2018,00147222,전방,000950,KOSPI,방적 및 가공사 제조업,2,1,1
2018,00147860,에스엠벡셀,010580,KOSPI,자동차 신품 부품 제조업,1,0,0
2018,00148276,제일기획,030000,KOSPI,광고업,1,0,0
2018,00148443,제일파마홀딩스,002620,KOSPI,회사 본부 및 경영 컨설팅 서비스업,1,0,0
2018,00148461,제일연마,001560,KOSPI,기타 비금속 광물제품 제조업,1,0,0
2018,00148522,퍼스텍,010820,KOSPI,무기 및 총포탄 제조업,1,0,0
2018,00148540,CJ,001040,KOSPI,기타 금융업,1,0,0
2018,00148610,한화투자증권,003530,KOSPI,금융 지원 서비스업,1,0,0
2018,00148832,제주은행,006220,KOSPI,은행 및 저축기관,1,0,0
2018,00148896,OCI홀딩스,010060,KOSPI,기타 금융업,1,0,0
2018,00148920,조광페인트,004910,KOSPI,기타 화학제품 제조업,1,0,0
2018,00148939,조광피혁,004700,KOSPI,"가죽, 가방 및 유사제품 제조업",1,0,0
2018,00148948,조비,001550,KOSPI,"비료, 농약 및 살균, 살충제 제조업",2,1,1
2018,00148984,시알홀딩스,000480,KOSPI,"내화, 비내화 요업제품 제조업",1,0,0
2018,00148993,하이트진로홀딩스,000140,KOSPI,기타 금융업,1,0,0
2018,00149026,CS홀딩스,000590,KOSPI,기타 금융업,1,0,0
2018,00149239,조일알미늄,018470,KOSPI,1차 비철금속 제조업,1,0,0
2018,00149345,조흥,002600,KOSPI,기타 식품 제조업,1,0,0
2018,00149354,종근당홀딩스,001630,KOSPI,의약품 제조업,1,0,0
2018,00149646,기업은행,024110,KOSPI,은행 및 저축기관,2,1,1
2018,00149655,삼성물산,028260,KOSPI,기타 전문 도매업,2,1,1
2018,00149804,디와이에이,002880,KOSPI,자동차 신품 부품 제조업,2,1,1
2018,00149947,JW중외제약,001060,KOSPI,의약품 제조업,3,2,1
2018,00150244,하이트진로,000080,KOSPI,알코올음료 제조업,1,0,0
2018,00150439,진양산업,003780,KOSPI,플라스틱제품 제조업,1,0,0
2018,00150633,지누스,013890,KOSPI,가구 제조업,5,4,1
2018,00150828,진흥기업,002780,KOSPI,토목 건설업,1,0,0
2018,00151128,모토닉,009680,KOSPI,자동차 신품 부품 제조업,1,0,0
2018,00151298,DSR제강,069730,KOSPI,1차 철강 제조업,1,0,0
2018,00151368,인터지스,129260,KOSPI,도로 화물 운송업,1,0,0
2018,00151395,천일고속,000650,KOSPI,육상 여객 운송업,1,0,0
2018,00152039,SG글로벌,001380,KOSPI,자동차 신품 부품 제조업,1,0,0
2018,00152385,에이프로젠,007460,KOSPI,의약품 제조업,1,0,0
2018,00152686,코리아써키트,007810,KOSPI,전자부품 제조업,1,0,0
2018,00152729,광전자,017900,KOSPI,반도체 제조업,1,0,0
2018,00152862,코오롱,002020,KOSPI,기타 금융업,1,0,0
2018,00152880,코오롱글로벌,003070,KOSPI,토목 건설업,1,0,0
2018,00153126,크라운해태홀딩스,005740,KOSPI,기타 금융업,1,0,0
2018,00153339,태경산업,015890,KOSPI,기초 화학물질 제조업,1,0,0
2018,00153393,태광산업,003240,KOSPI,화학섬유 제조업,6,5,1
2018,00153524,태림포장,011280,KOSPI,"골판지, 종이 상자 및 종이용기 제조업",2,1,1
2018,00153621,참엔지니어링,009310,KOSPI,특수 목적용 기계 제조업,1,0,0
2018,00153755,태양금속공업,004100,KOSPI,자동차 신품 부품 제조업,1,0,0
2018,00153861,태영건설,009410,KOSPI,토목 건설업,1,0,0
2018,00154055,태원물산,001420,KOSPI,자동차 신품 부품 제조업,1,0,0
2018,00154329,TP,007980,KOSPI,봉제의복 제조업,1,0,0
2018,00154462,아모레퍼시픽홀딩스,002790,KOSPI,기타 화학제품 제조업,1,0,0
2018,00155124,평화홀딩스,010770,KOSPI,자동차 신품 부품 제조업,3,2,1
2018,00155212,포스코DX,022100,KOSPI,"건축기술, 엔지니어링 및 관련 기술 서비스업",1,0,0
2018,00155258,포스코스틸리온,058430,KOSPI,1차 철강 제조업,1,0,0
2018,00155276,포스코퓨처엠,003670,KOSPI,일차전지 및 이차전지 제조업,1,0,0
2018,00155319,POSCO홀딩스,005490,KOSPI,1차 철강 제조업,1,0,0
2018,00155355,풀무원,017810,KOSPI,기타 식품 제조업,1,0,0
2018,00155531,풍산홀딩스,005810,KOSPI,기타 금융업,1,0,0
2018,00156150,엑시큐어하이트론,019490,KOSPI,영상 및 음향기기 제조업,1,0,0
2018,00156354,지엠비코리아,013870,KOSPI,자동차 신품 부품 제조업,1,0,0
2018,00156488,휴스틸,005010,KOSPI,1차 철강 제조업,1,0,0
2018,00156691,한국공항,005430,KOSPI,기타 운송관련 서비스업,1,0,0
2018,00156859,다올투자증권,030210,KOSPI,금융 지원 서비스업,2,1,1
2018,00157070,한국단자공업,025540,KOSPI,"전동기, 발전기 및 전기 변환 · 공급 · 제어 장치 제조업",1,0,0
2018,00157399,한솔테크닉스,004710,KOSPI,전자부품 제조업,2,1,1
2018,00157681,롯데정밀화학,004000,KOSPI,기초 화학물질 제조업,1,0,0
2018,00157991,한국석유공업,004090,KOSPI,기타 비금속 광물제품 제조업,1,0,0
2018,00158112,한국수출포장공업,002200,KOSPI,"골판지, 종이 상자 및 종이용기 제조업",1,0,0
2018,00158149,한국쉘석유,002960,KOSPI,석유 정제품 제조업,1,0,0
2018,00158307,롯데하이마트,071840,KOSPI,가전제품 및 정보통신장비 소매업,1,0,0
2018,00158316,NICE,034310,KOSPI,회사 본부 및 경영 컨설팅 서비스업,1,0,0
2018,00158325,NICE평가정보,030190,KOSPI,기타 정보 서비스업,1,0,0
2018,00158501,에스원,012750,KOSPI,"경비, 경호 및 탐정업",1,0,0
2018,00158963,유나이티드,033270,KOSPI,의약품 제조업,1,0,0
2018,00159023,SK텔레콤,017670,KOSPI,전기 통신업,1,0,0
2018,00159102,DB손해보험,005830,KOSPI,보험업,1,0,0
2018,00159193,한국전력공사,015760,KOSPI,전기업,1,0,0
2018,00159209,한전기술,052690,KOSPI,"건축기술, 엔지니어링 및 관련 기술 서비스업",1,0,0
2018,00159218,한전KPS,051600,KOSPI,전기 및 통신 공사업,1,0,0
2018,00159254,한국전자홀딩스,006200,KOSPI,기타 금융업,1,0,0
2018,00159500,한국종합기술,023350,KOSPI,"건축기술, 엔지니어링 및 관련 기술 서비스업",1,0,0
2018,00159564,한국주강,025890,KOSPI,특수 목적용 기계 제조업,1,0,0
2018,00159573,한국주철관공업,000970,KOSPI,1차 철강 제조업,1,0,0
2018,00159616,두산에너빌리티,034020,KOSPI,일반 목적용 기계 제조업,1,0,0
2018,00159698,지역난방공사,071320,KOSPI,"증기, 냉·온수 및 공기조절 공급업",2,1,1
2018,00159740,KISCO홀딩스,001940,KOSPI,1차 철강 제조업,2,1,1
2018,00159786,유니드,014830,KOSPI,기초 화학물질 제조업,1,0,0
2018,00159795,한국카본,017960,KOSPI,"구조용 금속제품, 탱크 및 증기발생기 제조업",2,1,1
2018,00159810,카프로,006380,KOSPI,기초 화학물질 제조업,1,0,0
2018,00159971,KC그린홀딩스,009440,KOSPI,기타 금융업,2,1,1
2018,00160047,한국앤컴퍼니,000240,KOSPI,기타 금융업,1,0,0
2018,00160205,한국내화,010040,KOSPI,"내화, 비내화 요업제품 제조업",2,1,1
2018,00160232,KSS해운,044450,KOSPI,해상 운송업,1,0,0
2018,00160302,코스모화학,005420,KOSPI,기타 화학제품 제조업,1,0,0
2018,00160375,진양폴리우레탄,010640,KOSPI,플라스틱제품 제조업,1,0,0
2018,00160418,한국무브넥스,010100,KOSPI,자동차 신품 부품 제조업,1,0,0
2018,00160588,한화,000880,KOSPI,기타 화학제품 제조업,1,0,0
2018,00160621,한국화장품제조,003350,KOSPI,기타 화학제품 제조업,1,0,0
2018,00160843,DB하이텍,000990,KOSPI,반도체 제조업,1,0,0
2018,00160861,한농화성,011500,KOSPI,기타 화학제품 제조업,1,0,0
2018,00161046,한독,002390,KOSPI,의약품 제조업,2,1,1
2018,00161116,HL D&I,014790,KOSPI,토목 건설업,1,0,0
2018,00161125,한온시스템,018880,KOSPI,일반 목적용 기계 제조업,2,1,1
2018,00161383,한미반도체,042700,KOSPI,특수 목적용 기계 제조업,1,0,0
2018,00161426,한미사이언스,008930,KOSPI,기타 금융업,1,0,0
2018,00161693,한샘,009240,KOSPI,생활용품 도매업,1,0,0
2018,00161709,퍼시스,016800,KOSPI,가구 제조업,1,0,0
2018,00161860,한성기업,003680,KOSPI,수산물 가공 및 저장 처리업,1,0,0
2018,00161976,한세예스24홀딩스,016450,KOSPI,봉제의복 제조업,1,0,0
2018,00162063,한신공영,004960,KOSPI,건물 건설업,1,0,0
2018,00162072,한신기계공업,011700,KOSPI,일반 목적용 기계 제조업,1,0,0
2018,00162416,한양증권,001750,KOSPI,금융 지원 서비스업,1,0,0
2018,00162461,한화솔루션,009830,KOSPI,기초 화학물질 제조업,1,0,0
2018,00162586,한올바이오파마,009420,KOSPI,의약품 제조업,1,0,0
2018,00162993,한일홀딩스,003300,KOSPI,"시멘트, 석회, 플라스터 및 그 제품 제조업",3,2,1
2018,00163114,서연,007860,KOSPI,기타 금융업,1,0,0
2018,00163196,한일철강,002220,KOSPI,1차 철강 제조업,1,0,0
2018,00163345,DB,012030,KOSPI,"컴퓨터 프로그래밍, 시스템 통합 및 관리업",1,0,0
2018,00163512,한진,002320,KOSPI,도로 화물 운송업,1,0,0
2018,00163673,한진중공업홀딩스,003480,KOSPI,연료용 가스 제조 및 배관공급업,1,0,0
2018,00163691,유수홀딩스,000700,KOSPI,회사 본부 및 경영 컨설팅 서비스업,1,0,0
2018,00163716,한창,005110,KOSPI,기계장비 및 관련 물품 도매업,1,0,0
2018,00163761,한창제지,009460,KOSPI,"펄프, 종이 및 판지 제조업",1,0,0
2018,00164478,현대건설,000720,KOSPI,토목 건설업,1,0,0
2018,00164636,HDC,012630,KOSPI,기타 금융업,2,1,1
2018,00164645,HMM,011200,KOSPI,해상 운송업,1,0,0
2018,00164706,현대약품,004310,KOSPI,의약품 제조업,1,0,0
2018,00164724,현대엘리베이터,017800,KOSPI,일반 목적용 기계 제조업,1,0,0
2018,00164742,현대자동차,005380,KOSPI,자동차용 엔진 및 자동차 제조업,1,0,0
2018,00164779,SK하이닉스,000660,KOSPI,반도체 제조업,2,1,1
2018,00164788,현대모비스,012330,KOSPI,자동차 신품 부품 제조업,2,1,1
2018,00164812,현대코퍼레이션,011760,KOSPI,상품 종합 도매업,1,0,0
2018,00164830,HD한국조선해양,009540,KOSPI,기타 금융업,1,0,0
2018,00164973,현대해상,001450,KOSPI,보험업,3,2,1
2018,00165343,혜인,003010,KOSPI,기계장비 및 관련 물품 도매업,1,0,0
2018,00165413,롯데케미칼,011170,KOSPI,기초 화학물질 제조업,2,1,1
2018,00165583,E1,017940,KOSPI,기타 전문 도매업,1,0,0
2018,00165680,호텔신라,008770,KOSPI,기타 상품 전문 소매업,1,0,0
2018,00166227,화승인더스트리,006060,KOSPI,상품 종합 도매업,1,0,0
2018,00166272,화승코퍼레이션,013520,KOSPI,자동차 신품 부품 제조업,1,0,0
2018,00166315,화신,010690,KOSPI,자동차 신품 부품 제조업,1,0,0
2018,00166500,화천기계,010660,KOSPI,특수 목적용 기계 제조업,1,0,0
2018,00166519,화천기공,000850,KOSPI,특수 목적용 기계 제조업,1,0,0
2018,00166573,환인제약,016580,KOSPI,의약품 제조업,1,0,0
2018,00167192,넥센,005720,KOSPI,고무제품 제조업,1,0,0
2018,00167208,흥아해운,003280,KOSPI,해상 운송업,3,2,1
2018,00168331,온타이드,005320,KOSPI,생활용품 도매업,1,0,0
2018,00168401,금비,008870,KOSPI,유리 및 유리제품 제조업,2,1,1
2018,00169048,HLB글로벌,003580,KOSPI,종합 소매업,1,0,0
2018,00170558,코웨이,021240,KOSPI,그외 기타 개인 서비스업,2,1,1
2018,00171265,파라다이스,034230,KOSPI,유원지 및 기타 오락관련 서비스업,1,0,0
2018,00171636,한솔홀딩스,004150,KOSPI,기타 금융업,2,1,1
2018,00172185,남성,004270,KOSPI,기타 전문 도매업,1,0,0
2018,00172228,엔케이,085310,KOSPI,"구조용 금속제품, 탱크 및 증기발생기 제조업",2,1,1
2018,00172291,더존비즈온,012510,KOSPI,"컴퓨터 프로그래밍, 시스템 통합 및 관리업",1,0,0
2018,00172936,동일산업,004890,KOSPI,1차 철강 제조업,1,0,0
2018,00173102,모나리자,012690,KOSPI,기타 종이 및 판지 제품 제조업,1,0,0
2018,00173698,신일전자,002700,KOSPI,기계장비 및 관련 물품 도매업,2,1,1
2018,00173795,신흥,004080,KOSPI,기계장비 및 관련 물품 도매업,1,0,0
2018,00173874,넥센타이어,002350,KOSPI,고무제품 제조업,1,0,0
2018,00173944,우진,105840,KOSPI,"측정, 시험, 항해, 제어 및 기타 정밀기기 제조업; 광학기기 제외",1,0,0
2018,00174004,유성기업,002920,KOSPI,자동차 신품 부품 제조업,1,0,0
2018,00174527,HS화성,002460,KOSPI,건물 건설업,1,0,0
2018,00176914,다우기술,023590,KOSPI,"자료처리, 호스팅, 포털 및 기타 인터넷 정보매개 서비스업",4,3,1
2018,00177199,디씨엠,024090,KOSPI,1차 철강 제조업,1,0,0
2018,00178754,동아지질,028100,KOSPI,기반조성 및 시설물 축조관련 전문공사업,1,0,0
2018,00180795,인팩,023810,KOSPI,자동차 신품 부품 제조업,1,0,0
2018,00181712,SK,034730,KOSPI,기타 금융업,1,0,0
2018,00181943,에스제이엠홀딩스,025530,KOSPI,자동차 부품 및 내장품 판매업,1,0,0
2018,00186559,아이티센씨티에스,031820,KOSPI,"컴퓨터 프로그래밍, 시스템 통합 및 관리업",1,0,0
2018,00188089,한섬,020000,KOSPI,봉제의복 제조업,1,0,0
2018,00190321,케이티,030200,KOSPI,전기 통신업,1,0,0
2018,00191472,KPX케미칼,025000,KOSPI,기초 화학물질 제조업,1,0,0
2018,00191588,삼원강재,023000,KOSPI,자동차 신품 부품 제조업,1,0,0
2018,00194947,한전산업,130660,KOSPI,"건축기술, 엔지니어링 및 관련 기술 서비스업",1,0,0
2018,00195229,미스토홀딩스,081660,KOSPI,생활용품 도매업,2,1,1
2018,00197759,미래산업,025560,KOSPI,"측정, 시험, 항해, 제어 및 기타 정밀기기 제조업; 광학기기 제외",1,0,0
2018,00198697,일진디스플,020760,KOSPI,반도체 제조업,2,1,1
2018,00203290,콜마홀딩스,024720,KOSPI,기타 금융업,1,0,0
2018,00203315,콘텐트리중앙,036420,KOSPI,"영화, 비디오물, 방송프로그램 제작 및 배급업",2,1,1
2018,00203582,한솔홈데코,025750,KOSPI,제재 및 목재 가공업,2,1,1
2018,00204208,마니커,027740,KOSPI,"도축, 육류 가공 및 저장 처리업",1,0,0
2018,00209780,케이씨,029460,KOSPI,"측정, 시험, 항해, 제어 및 기타 정밀기기 제조업; 광학기기 제외",2,1,1
2018,00210856,코아스,071950,KOSPI,가구 제조업,1,0,0
2018,00218575,황금에스티,032560,KOSPI,1차 비철금속 제조업,1,0,0
2018,00219097,BGF,027410,KOSPI,기타 금융업,1,0,0
2018,00219486,신세계I&C,035510,KOSPI,"컴퓨터 프로그래밍, 시스템 통합 및 관리업",1,0,0
2018,00219574,코스맥스비티아이,044820,KOSPI,기타 금융업,1,0,0
2018,00220561,광주신세계,037710,KOSPI,종합 소매업,1,0,0
2018,00222532,LG헬로비전,037560,KOSPI,텔레비전 방송업,1,0,0
2018,00225159,SNT홀딩스,036530,KOSPI,기타 금융업,1,0,0
2018,00225706,JW생명과학,234080,KOSPI,의약품 제조업,2,1,1
2018,00226316,호전실업,111110,KOSPI,봉제의복 제조업,1,0,0
2018,00231363,LG유플러스,032640,KOSPI,전기 통신업,1,0,0
2018,00231372,롯데관광개발,032350,KOSPI,여행사 및 기타 여행보조 서비스업,1,0,0
2018,00233653,한국토지신탁,034830,KOSPI,신탁업 및 집합투자업,1,0,0
2018,00234412,신세계인터내셔날,031430,KOSPI,"섬유, 의복, 신발 및 가죽제품 소매업",1,0,0
2018,00244455,케이티앤지,033780,KOSPI,담배 제조업,2,1,1
2018,00248974,하나제약,293480,KOSPI,의약품 제조업,1,0,0
2018,00249247,YG PLUS,037270,KOSPI,"자료처리, 호스팅, 포털 및 기타 인터넷 정보매개 서비스업",1,0,0
2018,00255619,강원랜드,035250,KOSPI,유원지 및 기타 오락관련 서비스업,1,0,0
2018,00256955,테이팩스,055490,KOSPI,플라스틱제품 제조업,1,0,0
2018,00258801,카카오,035720,KOSPI,"자료처리, 호스팅, 포털 및 기타 인터넷 정보매개 서비스업",1,0,0
2018,00260383,대한유화,006650,KOSPI,기초 화학물질 제조업,1,0,0
2018,00260392,대원전선,006340,KOSPI,절연선 및 케이블 제조업,1,0,0
2018,00260408,팜스코,036580,KOSPI,"곡물가공품, 전분 및 전분제품 제조업",2,1,1
2018,00261285,한국가스공사,036460,KOSPI,연료용 가스 제조 및 배관공급업,2,1,1
2018,00261443,NC,036570,KOSPI,소프트웨어 개발 및 공급업,2,1,1
2018,00266961,NAVER,035420,KOSPI,"자료처리, 호스팅, 포털 및 기타 인터넷 정보매개 서비스업",1,0,0
2018,00269241,주연테크,044380,KOSPI,컴퓨터 및 주변장치 제조업,1,0,0
2018,00269940,하나투어,039130,KOSPI,여행사 및 기타 여행보조 서비스업,1,0,0
2018,00274933,신세계푸드,031440,KOSPI,음식점업,1,0,0
2018,00296290,키움증권,039490,KOSPI,금융 지원 서비스업,3,2,1
2018,00299002,HL홀딩스,060980,KOSPI,기타 금융업,1,0,0
2018,00300548,현대리바트,079430,KOSPI,가구 제조업,1,0,0
2018,00302926,현대로템,064350,KOSPI,그외 기타 운송장비 제조업,1,0,0
2018,00303217,우진플라임,049800,KOSPI,특수 목적용 기계 제조업,1,0,0
2018,00303873,CJ CGV,079160,KOSPI,"영화, 비디오물, 방송프로그램 제작 및 배급업",2,1,1
2018,00305668,새론오토모티브,075180,KOSPI,자동차 신품 부품 제조업,1,0,0
2018,00309503,한국항공우주,047810,KOSPI,"항공기,우주선 및 부품 제조업",4,3,1
2018,00332927,제이에스코퍼레이션,194370,KOSPI,"가죽, 가방 및 유사제품 제조업",1,0,0
2018,00347734,진양화학,051630,KOSPI,플라스틱제품 제조업,1,0,0
2018,00349097,케이티스카이라이프,053210,KOSPI,텔레비전 방송업,1,0,0
2018,00350312,HDC랩스,039570,KOSPI,전기 및 통신 공사업,1,0,0
2018,00353878,다스코,058730,KOSPI,"구조용 금속제품, 탱크 및 증기발생기 제조업",1,0,0
2018,00356361,LG화학,051910,KOSPI,기초 화학물질 제조업,1,0,0
2018,00356370,LG생활건강,051900,KOSPI,기타 화학제품 제조업,1,0,0
2018,00357360,한세엠케이,069640,KOSPI,"섬유, 의복, 신발 및 가죽제품 소매업",1,0,0
2018,00357935,HDC현대EP,089470,KOSPI,기타 화학제품 제조업,1,0,0
2018,00360142,아이마켓코리아,122900,KOSPI,상품 종합 도매업,1,0,0
2018,00360595,현대글로비스,086280,KOSPI,기타 운송관련 서비스업,1,0,0
2018,00361008,한화엔진,082740,KOSPI,일반 목적용 기계 제조업,2,1,1
2018,00361488,텔코웨어,078000,KOSPI,"자료처리, 호스팅, 포털 및 기타 인터넷 정보매개 서비스업",1,0,0
2018,00362238,휴비스,079980,KOSPI,화학섬유 제조업,1,0,0
2018,00362441,현대오토에버,307950,KOSPI,소프트웨어 개발 및 공급업,2,1,1
2018,00365387,AJ네트웍스,095570,KOSPI,산업용 기계 및 장비 임대업,2,1,1
2018,00365989,모나용평,070960,KOSPI,일반 및 생활 숙박시설 운영업,1,0,0
2018,00369833,유니온머티리얼,047400,KOSPI,"내화, 비내화 요업제품 제조업",2,1,1
2018,00372873,KTis,058860,KOSPI,기타 정보 서비스업,1,0,0
2018,00372882,KTcs,058850,KOSPI,기타 정보 서비스업,3,2,1
2018,00377610,세아홀딩스,058650,KOSPI,1차 철강 제조업,1,0,0
2018,00382199,신한지주,055550,KOSPI,기타 금융업,3,2,1
2018,00390055,종근당바이오,063160,KOSPI,의약품 제조업,2,1,1
2018,00398701,엘앤에프,066970,KOSPI,일차전지 및 이차전지 제조업,1,0,0
2018,00398792,SNT모티브,064960,KOSPI,자동차 신품 부품 제조업,1,0,0
2018,00400857,에이블씨엔씨,078520,KOSPI,기타 화학제품 제조업,1,0,0
2018,00401731,LG전자,066570,KOSPI,통신 및 방송 장비 제조업,1,0,0
2018,00403632,현대퓨처넷,126560,KOSPI,전기 통신업,1,0,0
2018,00404701,한국자산신탁,123890,KOSPI,신탁업 및 집합투자업,1,0,0
2018,00406046,HD현대마린엔진,071970,KOSPI,일반 목적용 기계 제조업,3,2,1
2018,00409672,티비에이치글로벌,084870,KOSPI,봉제의복 제조업,1,0,0
2018,00412597,현대홈쇼핑,057050,KOSPI,무점포 소매업,1,0,0
2018,00413046,셀트리온,068270,KOSPI,기초 의약물질 제조업,1,0,0
2018,00413523,한미글로벌,053690,KOSPI,"건축기술, 엔지니어링 및 관련 기술 서비스업",1,0,0
2018,00414601,유니퀘스트,077500,KOSPI,기계장비 및 관련 물품 도매업,8,7,1
2018,00414850,효성 ITX,094280,KOSPI,기타 사업지원 서비스업,1,0,0
2018,00415628,세진중공업,075580,KOSPI,선박 및 보트 건조업,1,0,0
2018,00415646,드림텍,192650,KOSPI,전자부품 제조업,1,0,0
2018,00416654,유엔젤,072130,KOSPI,"자료처리, 호스팅, 포털 및 기타 인터넷 정보매개 서비스업",1,0,0
2018,00422895,세이브존I&C,067830,KOSPI,종합 소매업,1,0,0
2018,00423690,삼성출판사,068290,KOSPI,"서적, 잡지 및 기타 인쇄물 출판업",1,0,0
2018,00426086,티케이지휴켐스,069260,KOSPI,기타 화학제품 제조업,1,0,0
2018,00427483,대웅제약,069620,KOSPI,의약품 제조업,1,0,0
2018,00428251,현대백화점,069960,KOSPI,종합 소매업,1,0,0
2018,00428321,해태제과식품,101530,KOSPI,기타 식품 제조업,1,0,0
2018,00428729,대호에이엘,069460,KOSPI,1차 비철금속 제조업,2,1,1
2018,00432102,한국금융지주,071050,KOSPI,기타 금융업,1,0,0
2018,00435312,하이스틸,071090,KOSPI,1차 철강 제조업,1,0,0
2018,00441243,형지엘리트,093240,KOSPI,봉제의복 제조업,1,0,0
2018,00442835,메타랩스,090370,KOSPI,봉제의복 제조업,2,1,1
2018,00447609,비에이치,090460,KOSPI,전자부품 제조업,2,1,1
2018,00453488,다이나믹디자인,145210,KOSPI,특수 목적용 기계 제조업,2,1,1
2018,00454946,그린케미칼,083420,KOSPI,기타 화학제품 제조업,1,0,0
2018,00458234,아시아나IDT,267850,KOSPI,"컴퓨터 프로그래밍, 시스템 통합 및 관리업",3,2,1
2018,00459871,농심홀딩스,072710,KOSPI,기타 금융업,1,0,0
2018,00469799,이엔플러스,074610,KOSPI,일반 목적용 기계 제조업,1,0,0
2018,00480367,SK오션플랜트,100090,KOSPI,1차 철강 제조업,1,0,0
2018,00480455,STX엔진,077970,KOSPI,일반 목적용 기계 제조업,2,1,1
2018,00481454,금호타이어,073240,KOSPI,고무제품 제조업,2,1,1
2018,00500254,GS,078930,KOSPI,기타 금융업,1,0,0
2018,00503668,LIG디펜스앤에어로스페이스,079550,KOSPI,무기 및 총포탄 제조업,2,1,1
2018,00508274,일진다이아,081000,KOSPI,기타 화학제품 제조업,1,0,0
2018,00508344,SK디앤디,210980,KOSPI,부동산 임대 및 공급업,2,1,1
2018,00520887,비상교육,100220,KOSPI,"서적, 잡지 및 기타 인쇄물 출판업",2,1,1
2018,00525934,LX세미콘,108320,KOSPI,반도체 제조업,1,0,0
2018,00526599,덴티움,145720,KOSPI,의료용 기기 제조업,1,0,0
2018,00539274,대상홀딩스,084690,KOSPI,기타 금융업,1,0,0
2018,00540605,이월드,084680,KOSPI,귀금속 및 장신용품 제조업,1,0,0
2018,00540641,동양고속,084670,KOSPI,육상 여객 운송업,1,0,0
2018,00544452,이리츠코크렙,088260,KOSPI,부동산 임대 및 공급업,3,1,1
2018,00545716,롯데렌탈,089860,KOSPI,운송장비 임대업,2,1,1
2018,00547583,하나금융지주,086790,KOSPI,기타 금융업,1,0,0
2018,00555874,제주항공,089590,KOSPI,항공 여객 운송업,2,1,1
2018,00557508,GKL,114090,KOSPI,유원지 및 기타 오락관련 서비스업,2,1,1
2018,00557933,진도,088790,KOSPI,기타 전문 도매업,1,0,0
2018,00564562,엠씨넥스,097520,KOSPI,영상 및 음향기기 제조업,1,0,0
2018,00565154,이노션,214320,KOSPI,광고업,1,0,0
2018,00573579,평화산업,090080,KOSPI,자동차 신품 부품 제조업,1,0,0
2018,00583424,아모레퍼시픽,090430,KOSPI,기타 화학제품 제조업,1,0,0
2018,00583442,노루페인트,090350,KOSPI,기타 화학제품 제조업,1,0,0
2018,00587466,KPX홀딩스,092230,KOSPI,기초 화학물질 제조업,1,0,0
2018,00589127,KEC,092220,KOSPI,반도체 제조업,1,0,0
2018,00593032,LF,093050,KOSPI,봉제의복 제조업,1,0,0
2018,00595191,후성,093370,KOSPI,기초 화학물질 제조업,1,0,0
2018,00628189,웅진씽크빅,095720,KOSPI,초등 교육기관,1,0,0
2018,00631518,SK이노베이션,096770,KOSPI,석유 정제품 제조업,1,0,0
2018,00632304,JW홀딩스,096760,KOSPI,기타 금융업,3,2,1
2018,00633835,HJ중공업,097230,KOSPI,토목 건설업,1,0,0
2018,00635134,CJ제일제당,097950,KOSPI,기타 식품 제조업,1,0,0
2018,00646732,진양홀딩스,100250,KOSPI,플라스틱제품 제조업,1,0,0
2018,00648721,SNT에너지,100840,KOSPI,일반 목적용 기계 제조업,1,0,0
2018,00651901,에어부산,298690,KOSPI,항공 여객 운송업,2,1,1
2018,00652423,인바이오젠,101140,KOSPI,기계장비 및 관련 물품 도매업,1,0,0
2018,00653024,진에어,272450,KOSPI,항공 여객 운송업,1,0,0
2018,00661847,화인베스틸,133820,KOSPI,1차 철강 제조업,1,0,0
2018,00670340,씨에스윈드,112610,KOSPI,"구조용 금속제품, 탱크 및 증기발생기 제조업",1,0,0
2018,00671376,트리니티항공,091810,KOSPI,항공 여객 운송업,1,0,0
2018,00679314,동성케미컬,102260,KOSPI,합성고무 및 플라스틱 물질 제조업,2,1,1
2018,00683469,일진전기,103590,KOSPI,절연선 및 케이블 제조업,2,1,1
2018,00684714,풍산,103140,KOSPI,1차 비철금속 제조업,1,0,0
2018,00684802,에이플러스에셋,244920,KOSPI,보험 및 연금관련 서비스업,1,0,0
2018,00687711,한국철강,104700,KOSPI,1차 철강 제조업,1,0,0
2018,00688996,KB금융,105560,KOSPI,기타 금융업,1,0,0
2018,00706715,미원홀딩스,107590,KOSPI,기타 금융업,1,0,0
2018,00728638,한세실업,105630,KOSPI,봉제의복 제조업,1,0,0
2018,00753643,주성코퍼레이션,109070,KOSPI,통신 및 방송 장비 제조업,2,1,1
2018,00759513,LX하우시스,108670,KOSPI,플라스틱제품 제조업,1,0,0
2018,00760971,크래프톤,259960,KOSPI,소프트웨어 개발 및 공급업,8,7,1
2018,00767460,PI첨단소재,178920,KOSPI,플라스틱제품 제조업,1,0,0
2018,00776820,영원무역,111770,KOSPI,상품 종합 도매업,1,0,0
2018,00787376,대성에너지,117580,KOSPI,연료용 가스 제조 및 배관공급업,1,0,0
2018,00791209,메타케어,118000,KOSPI,기계장비 및 관련 물품 도매업,1,0,0
2018,00795135,코오롱인더,120110,KOSPI,화학섬유 제조업,3,2,1
2018,00796994,조선선재,120030,KOSPI,기타 금속 가공제품 제조업,1,0,0
2018,00797364,KC코트렐,119650,KOSPI,일반 목적용 기계 제조업,2,1,1
2018,00815369,에스제이엠,123700,KOSPI,자동차 신품 부품 제조업,2,1,1
2018,00816544,토니모리,214420,KOSPI,기타 화학제품 제조업,1,0,0
2018,00823429,한국화장품,123690,KOSPI,생활용품 도매업,1,0,0
2018,00828497,한미약품,128940,KOSPI,의약품 제조업,1,0,0
2018,00828789,대성산업,128820,KOSPI,연료 소매업,1,0,0
2018,00838500,엘브이엠씨,900140,KOSPI,자동차 판매업,1,0,0
2018,00852087,시디즈,134790,KOSPI,가구 제조업,1,0,0
2018,00855093,선진,136490,KOSPI,동물용 사료 및 조제식품 제조업,1,0,0
2018,00855163,미원화학,134380,KOSPI,기타 화학제품 제조업,1,0,0
2018,00858364,BNK금융지주,138930,KOSPI,기타 금융업,1,0,0
2018,00860332,메리츠금융지주,138040,KOSPI,기타 금융업,1,0,0
2018,00860730,에이리츠,140910,KOSPI,부동산 임대 및 공급업,1,0,0
2018,00861076,케이탑리츠,145270,KOSPI,부동산 임대 및 공급업,1,0,0
2018,00872984,이마트,139480,KOSPI,종합 소매업,1,0,0
2018,00877059,삼성바이오로직스,207940,KOSPI,기초 의약물질 제조업,2,1,1
2018,00878915,iM금융지주,139130,KOSPI,기타 금융업,1,0,0
2018,00896285,삼양사,145990,KOSPI,기타 식품 제조업,1,0,0
2018,00904672,넷마블,251270,KOSPI,소프트웨어 개발 및 공급업,3,2,1
2018,00911955,잇츠한불,226320,KOSPI,기타 화학제품 제조업,1,0,0
2018,00936787,애경케미칼,161000,KOSPI,기초 화학물질 제조업,2,1,1
2018,00937324,한국타이어앤테크놀로지,161390,KOSPI,고무제품 제조업,1,0,0
2018,00939331,한국콜마,161890,KOSPI,기타 화학제품 제조업,1,0,0
2018,00939687,동일고무벨트,163560,KOSPI,고무제품 제조업,1,0,0
2018,00956930,동아에스티,170900,KOSPI,의약품 제조업,1,0,0
2018,00980122,JB금융지주,175330,KOSPI,기타 금융업,1,0,0
2018,00983040,한진칼,180640,KOSPI,기타 금융업,2,1,1
2018,00983271,NHN,181710,KOSPI,소프트웨어 개발 및 공급업,1,0,0
2018,00990165,아세아시멘트,183190,KOSPI,"시멘트, 석회, 플라스터 및 그 제품 제조업",1,0,0
2018,00992871,종근당,185750,KOSPI,의약품 제조업,1,0,0
2018,01009789,코스맥스,192820,KOSPI,기타 화학제품 제조업,1,0,0
2018,01010110,더블유게임즈,192080,KOSPI,소프트웨어 개발 및 공급업,1,0,0
2018,01032413,해성디에스,195870,KOSPI,전자부품 제조업,1,0,0
2018,01032486,두산밥캣,241560,KOSPI,특수 목적용 기계 제조업,1,0,0
2018,01035289,JK리버스톤리츠,204210,KOSPI,부동산 임대 및 공급업,1,0,0
2018,01036446,서연이화,200880,KOSPI,자동차 신품 부품 제조업,2,1,1
2018,01042775,HL만도,204320,KOSPI,자동차 신품 부품 제조업,1,0,0
2018,01059605,디와이파워,210540,KOSPI,특수 목적용 기계 제조업,1,0,0
2018,01060744,한솔제지,213500,KOSPI,"펄프, 종이 및 판지 제조업",1,0,0
2018,01060814,삼양패키징,272550,KOSPI,플라스틱제품 제조업,1,0,0
2018,01093007,LS에코에너지,229640,KOSPI,기타 금융업,1,0,0
2018,01108099,현대코퍼레이션홀딩스,227840,KOSPI,음·식료품 및 담배 도매업,1,0,0
2018,01128613,화승엔터프라이즈,241590,KOSPI,신발 및 신발 부분품 제조업,1,0,0
2018,01167056,샘표식품,248170,KOSPI,기타 식품 제조업,1,0,0
2018,01168383,일동제약,249420,KOSPI,의약품 제조업,1,0,0
2018,01190568,에이피알,278470,KOSPI,기타 화학제품 제조업,4,3,1
2018,01205329,크라운제과,264900,KOSPI,"떡, 빵 및 과자류 제조업",1,0,0
2018,01205709,HD현대,267250,KOSPI,기타 금융업,1,0,0
2018,01205842,HD건설기계,267270,KOSPI,특수 목적용 기계 제조업,1,0,0
2018,01205851,HD현대일렉트릭,267260,KOSPI,"전동기, 발전기 및 전기 변환 · 공급 · 제어 장치 제조업",1,0,0
2018,01208885,경동도시가스,267290,KOSPI,연료용 가스 제조 및 배관공급업,1,0,0
2018,01234297,미원에스씨,268280,KOSPI,기초 화학물질 제조업,1,0,0
2018,01236897,제일약품,271980,KOSPI,의약품 제조업,1,0,0
2018,01238169,오리온,271560,KOSPI,기타 식품 제조업,2,1,1
2018,01258507,롯데웰푸드,280360,KOSPI,기타 식품 제조업,1,0,0
2018,01261893,케이씨텍,281820,KOSPI,"측정, 시험, 항해, 제어 및 기타 정밀기기 제조업; 광학기기 제외",1,0,0
2018,01262032,롯데이노베이트,286940,KOSPI,"컴퓨터 프로그래밍, 시스템 통합 및 관리업",1,0,0
2018,01263022,BGF리테일,282330,KOSPI,종합 소매업,1,0,0
2018,01267170,SK케미칼,285130,KOSPI,합성고무 및 플라스틱 물질 제조업,3,2,1
2018,01267684,쿠쿠홈시스,284740,KOSPI,개인 및 가정용품 임대업,1,0,0
2018,01276594,신한알파리츠,293940,KOSPI,부동산 임대 및 공급업,2,0,0
2018,01310269,IPARK현대산업개발,294870,KOSPI,건물 건설업,2,1,1
2018,01316227,효성티앤씨,298020,KOSPI,화학섬유 제조업,1,0,0
2018,01316236,효성화학,298000,KOSPI,기초 화학물질 제조업,1,0,0
2018,01316245,효성중공업,298040,KOSPI,"전동기, 발전기 및 전기 변환 · 공급 · 제어 장치 제조업",2,1,1
2018,01316254,HS효성첨단소재,298050,KOSPI,화학섬유 제조업,1,0,0
2018,01319808,한일시멘트,300720,KOSPI,"시멘트, 석회, 플라스터 및 그 제품 제조업",1,0,0
2018,01319899,SK바이오사이언스,302440,KOSPI,기초 의약물질 제조업,1,0,0
2018,01325979,세아제강,306200,KOSPI,1차 철강 제조업,1,0,0
2019,00100939,강남제비스코,000860,KOSPI,기타 화학제품 제조업,1,0,0
2019,00101044,에이프로젠바이오로직스,003060,KOSPI,의약품 제조업,1,0,0
2019,00101220,KG케미칼,001390,KOSPI,기초 화학물질 제조업,2,1,1
2019,00101433,경농,002100,KOSPI,"비료, 농약 및 살균, 살충제 제조업",1,0,0
2019,00101488,경동나비엔,009450,KOSPI,가정용 기기 제조업,1,0,0
2019,00101628,경방,000050,KOSPI,종합 소매업,1,0,0
2019,00101664,경보제약,214390,KOSPI,기초 의약물질 제조업,1,0,0
2019,00102113,경인양행,012610,KOSPI,기초 화학물질 제조업,1,0,0
2019,00102140,경인전자,009140,KOSPI,전자부품 제조업,1,0,0
2019,00102432,계룡건설산업,013580,KOSPI,토목 건설업,1,0,0
2019,00102618,계양전기,012200,KOSPI,일반 목적용 기계 제조업,1,0,0
2019,00102751,고려산업,002140,KOSPI,"곡물가공품, 전분 및 전분제품 제조업",1,0,0
2019,00102858,고려아연,010130,KOSPI,1차 비철금속 제조업,1,0,0
2019,00103006,고려제강,002240,KOSPI,1차 철강 제조업,1,0,0
2019,00103042,케이씨티시,009070,KOSPI,도로 화물 운송업,1,0,0
2019,00103130,플레이그램,009810,KOSPI,기타 전문 도매업,5,4,1
2019,00103176,흥국화재,000540,KOSPI,보험업,1,0,0
2019,00103510,인지컨트롤스,023800,KOSPI,자동차 신품 부품 제조업,1,0,0
2019,00103592,광동제약,009290,KOSPI,의약품 제조업,1,0,0
2019,00103662,광명전기,017040,KOSPI,"전동기, 발전기 및 전기 변환 · 공급 · 제어 장치 제조업",1,0,0
2019,00104388,국도화학,007690,KOSPI,기초 화학물질 제조업,1,0,0
2019,00104698,LS네트웍스,000680,KOSPI,상품 종합 도매업,1,0,0
2019,00104722,국제약품,002720,KOSPI,의약품 제조업,1,0,0
2019,00104768,가온전선,000500,KOSPI,절연선 및 케이블 제조업,1,0,0
2019,00104786,미래아이앤지,007120,KOSPI,"컴퓨터 프로그래밍, 시스템 통합 및 관리업",1,0,0
2019,00104856,삼성증권,016360,KOSPI,금융 지원 서비스업,2,1,1
2019,00104999,윌비스,008600,KOSPI,생활용품 도매업,1,0,0
2019,00105101,INVENI,015360,KOSPI,회사 본부 및 경영 컨설팅 서비스업,1,0,0
2019,00105156,극동유화,014530,KOSPI,석유 정제품 제조업,1,0,0
2019,00105271,케이씨씨,002380,KOSPI,기타 화학제품 제조업,1,0,0
2019,00105280,현대지에프홀딩스,005440,KOSPI,기타 금융업,1,0,0
2019,00105299,금강공업,014280,KOSPI,1차 철강 제조업,1,0,0
2019,00105606,금호에이치티,214330,KOSPI,자동차 신품 부품 제조업,1,0,0
2019,00105855,엘에스일렉트릭,010120,KOSPI,"전동기, 발전기 및 전기 변환 · 공급 · 제어 장치 제조업",1,0,0
2019,00105873,LG디스플레이,034220,KOSPI,전자부품 제조업,1,0,0
2019,00105952,LS,006260,KOSPI,기타 금융업,1,0,0
2019,00105961,LG이노텍,011070,KOSPI,전자부품 제조업,1,0,0
2019,00106119,금양,001570,KOSPI,기초 화학물질 제조업,1,0,0
2019,00106313,금호건설,002990,KOSPI,건물 건설업,1,0,0
2019,00106368,금호석유화학,011780,KOSPI,기초 화학물질 제조업,1,0,0
2019,00106395,금호전기,001210,KOSPI,전구 및 조명장치 제조업,1,0,0
2019,00106614,기신정기,092440,KOSPI,특수 목적용 기계 제조업,1,0,0
2019,00106623,현대위아,011210,KOSPI,자동차 신품 부품 제조업,1,0,0
2019,00106641,기아,000270,KOSPI,자동차용 엔진 및 자동차 제조업,1,0,0
2019,00106669,세아베스틸지주,001430,KOSPI,1차 철강 제조업,1,0,0
2019,00106881,인디에프,014990,KOSPI,봉제의복 제조업,1,0,0
2019,00107066,남광토건,001260,KOSPI,기타 금융업,1,0,0
2019,00107224,남선알미늄,008350,KOSPI,1차 비철금속 제조업,1,0,0
2019,00107598,남양유업,003920,KOSPI,동·식물성 유지 및 낙농제품 제조업,1,0,0
2019,00107613,이수페타시스,007660,KOSPI,전자부품 제조업,1,0,0
2019,00107677,비비안,002070,KOSPI,봉제의복 제조업,4,3,1
2019,00107987,남해화학,025860,KOSPI,"비료, 농약 및 살균, 살충제 제조업",1,0,0
2019,00108038,엔피씨,004250,KOSPI,플라스틱제품 제조업,1,0,0
2019,00108135,녹십자홀딩스,005250,KOSPI,회사 본부 및 경영 컨설팅 서비스업,1,0,0
2019,00108241,농심,004370,KOSPI,기타 식품 제조업,1,0,0
2019,00108746,DKME,015590,KOSPI,일반 목적용 기계 제조업,1,0,0
2019,00108913,대교,019680,KOSPI,초등 교육기관,1,0,0
2019,00108940,대성홀딩스,016710,KOSPI,회사 본부 및 경영 컨설팅 서비스업,1,0,0
2019,00108977,대구백화점,006370,KOSPI,종합 소매업,1,0,0
2019,00109161,태경케미컬,006890,KOSPI,기초 화학물질 제조업,1,0,0
2019,00109189,대덕,008060,KOSPI,기타 금융업,1,0,0
2019,00109286,대동,000490,KOSPI,특수 목적용 기계 제조업,1,0,0
2019,00109514,티웨이홀딩스,004870,KOSPI,"시멘트, 석회, 플라스터 및 그 제품 제조업",1,0,0
2019,00109693,DL,000210,KOSPI,기초 화학물질 제조업,2,1,1
2019,00109718,사조대림,003960,KOSPI,수산물 가공 및 저장 처리업,1,0,0
2019,00109754,대림바스,005750,KOSPI,"내화, 비내화 요업제품 제조업",1,0,0
2019,00109806,삼일씨엔에스,004440,KOSPI,"시멘트, 석회, 플라스터 및 그 제품 제조업",1,0,0
2019,00109824,대림통상,006570,KOSPI,기타 금속 가공제품 제조업,1,0,0
2019,00110608,DSR,155660,KOSPI,1차 비철금속 제조업,1,0,0
2019,00110893,대신증권,003540,KOSPI,금융 지원 서비스업,1,0,0
2019,00111111,대양금속,009190,KOSPI,1차 철강 제조업,2,1,1
2019,00111421,휴니드테크놀러지스,005870,KOSPI,통신 및 방송 장비 제조업,1,0,0
2019,00111458,대영포장,014160,KOSPI,"골판지, 종이 상자 및 종이용기 제조업",1,0,0
2019,00111689,아진전자부품,009320,KOSPI,자동차 신품 부품 제조업,1,0,0
2019,00111704,한화오션,042660,KOSPI,선박 및 보트 건조업,1,0,0
2019,00111722,미래에셋증권,006800,KOSPI,금융 지원 서비스업,1,0,0
2019,00111810,대웅,003090,KOSPI,의약품 제조업,1,0,0
2019,00111847,대원강업,000430,KOSPI,자동차 신품 부품 제조업,1,0,0
2019,00111999,대원제약,003220,KOSPI,의약품 제조업,1,0,0
2019,00112022,대원화성,024890,KOSPI,플라스틱제품 제조업,1,0,0
2019,00112059,상상인증권,001290,KOSPI,금융 지원 서비스업,2,1,1
2019,00112165,디아이씨,092200,KOSPI,자동차 신품 부품 제조업,2,1,1
2019,00112332,미래에셋생명,085620,KOSPI,보험업,1,0,0
2019,00112378,KR모터스,000040,KOSPI,그외 기타 운송장비 제조업,2,1,1
2019,00112651,대창,012800,KOSPI,1차 비철금속 제조업,1,0,0
2019,00112679,대창단조,015230,KOSPI,자동차 신품 부품 제조업,1,0,0
2019,00112970,대한방직,001070,KOSPI,직물직조 및 직물제품 제조업,2,1,1
2019,00113058,한화생명,088350,KOSPI,보험업,2,1,1
2019,00113191,코리안리,003690,KOSPI,재 보험업,1,0,0
2019,00113207,대한전선,001440,KOSPI,절연선 및 케이블 제조업,1,0,0
2019,00113225,대한제강,084010,KOSPI,1차 철강 제조업,1,0,0
2019,00113234,대한제당,001790,KOSPI,"곡물가공품, 전분 및 전분제품 제조업",1,0,0
2019,00113243,대한제분,001130,KOSPI,"곡물가공품, 전분 및 전분제품 제조업",1,0,0
2019,00113359,교보증권,030610,KOSPI,금융 지원 서비스업,2,1,1
2019,00113410,CJ대한통운,000120,KOSPI,도로 화물 운송업,1,0,0
2019,00113492,깨끗한나라,004540,KOSPI,"펄프, 종이 및 판지 제조업",2,1,1
2019,00113508,노루홀딩스,000320,KOSPI,기타 금융업,1,0,0
2019,00113526,대한항공,003490,KOSPI,항공 여객 운송업,3,2,1
2019,00113535,대한해운,005880,KOSPI,해상 운송업,2,1,1
2019,00113544,대한화섬,003830,KOSPI,화학섬유 제조업,1,0,0
2019,00113562,롯데손해보험,000400,KOSPI,보험업,1,0,0
2019,00113614,대현,016090,KOSPI,봉제의복 제조업,1,0,0
2019,00113997,롯데에너지머티리얼즈,020150,KOSPI,전자부품 제조업,1,0,0
2019,00114093,덕성,004830,KOSPI,플라스틱제품 제조업,1,0,0
2019,00114154,디와이덕양,024900,KOSPI,자동차 신품 부품 제조업,1,0,0
2019,00114552,도화엔지니어링,002150,KOSPI,"건축기술, 엔지니어링 및 관련 기술 서비스업",1,0,0
2019,00114765,케이비아이동국실업,001620,KOSPI,자동차 신품 부품 제조업,1,0,0
2019,00114792,동국홀딩스,001230,KOSPI,기타 금융업,2,1,1
2019,00115065,동남합성,023450,KOSPI,기초 화학물질 제조업,1,0,0
2019,00115287,동방,004140,KOSPI,기타 운송관련 서비스업,1,0,0
2019,00115384,동방아그로,007590,KOSPI,"비료, 농약 및 살균, 살충제 제조업",1,0,0
2019,00115612,동부건설,005960,KOSPI,토목 건설업,1,0,0
2019,00115676,KG스틸,016380,KOSPI,1차 철강 제조업,2,1,1
2019,00115694,DB증권,016610,KOSPI,금융 지원 서비스업,1,0,0
2019,00115977,아이에스동서,010780,KOSPI,"시멘트, 석회, 플라스터 및 그 제품 제조업",1,0,0
2019,00116268,동성제약,002210,KOSPI,의약품 제조업,1,0,0
2019,00116301,NI스틸,008260,KOSPI,1차 철강 제조업,1,0,0
2019,00116824,동아쏘시오홀딩스,000640,KOSPI,기타 금융업,1,0,0
2019,00116949,DN오토모티브,007340,KOSPI,일차전지 및 이차전지 제조업,1,0,0
2019,00117027,알루코,001780,KOSPI,1차 비철금속 제조업,2,1,1
2019,00117179,디와이,013570,KOSPI,기타 금융업,1,0,0
2019,00117188,효성,004800,KOSPI,기타 금융업,2,1,1
2019,00117212,두산,000150,KOSPI,전자부품 제조업,1,0,0
2019,00117230,TYM,002900,KOSPI,특수 목적용 기계 제조업,2,1,1
2019,00117267,동양생명,082640,KOSPI,보험업,2,1,1
2019,00117300,TCC스틸,002710,KOSPI,1차 철강 제조업,1,0,0
2019,00117337,동양,001520,KOSPI,"시멘트, 석회, 플라스터 및 그 제품 제조업",1,0,0
2019,00117498,스틱인베스트먼트,026890,KOSPI,신탁업 및 집합투자업,1,0,0
2019,00117577,오리온홀딩스,001800,KOSPI,기타 금융업,1,0,0
2019,00117601,유안타증권,003470,KOSPI,금융 지원 서비스업,1,0,0
2019,00117629,KBI동양철관,008970,KOSPI,1차 철강 제조업,1,0,0
2019,00117726,DYP,092780,KOSPI,자동차용 엔진 및 자동차 제조업,1,0,0
2019,00118008,동원금속,018500,KOSPI,자동차 신품 부품 제조업,2,1,1
2019,00118026,동원산업,006040,KOSPI,기타 금융업,1,0,0
2019,00118044,동원수산,030720,KOSPI,어로 어업,1,0,0
2019,00118266,DRB동일,004840,KOSPI,고무제품 제조업,1,0,0
2019,00118275,디아이,003160,KOSPI,"측정, 시험, 항해, 제어 및 기타 정밀기기 제조업; 광학기기 제외",1,0,0
2019,00118345,디아이동일,001530,KOSPI,상품 중개업,1,0,0
2019,00118451,동일제강,002690,KOSPI,1차 철강 제조업,1,0,0
2019,00118521,진원생명과학,011000,KOSPI,의약품 제조업,1,0,0
2019,00118965,티에이치엔,019180,KOSPI,기타 전기장비 제조업,1,0,0
2019,00119007,무림P&P,009580,KOSPI,"펄프, 종이 및 판지 제조업",1,0,0
2019,00119140,핸즈코퍼레이션,143210,KOSPI,자동차 신품 부품 제조업,1,0,0
2019,00119195,동화약품,000020,KOSPI,의약품 제조업,1,0,0
2019,00119672,두올,016740,KOSPI,자동차 신품 부품 제조업,1,0,0
2019,00120021,LG,003550,KOSPI,기타 금융업,1,0,0
2019,00120030,GS건설,006360,KOSPI,건물 건설업,1,0,0
2019,00120076,LX인터내셔널,001120,KOSPI,상품 중개업,1,0,0
2019,00120182,NH투자증권,005940,KOSPI,금융 지원 서비스업,1,0,0
2019,00120526,롯데쇼핑,023530,KOSPI,종합 소매업,2,1,1
2019,00120562,롯데지주,004990,KOSPI,기타 금융업,1,0,0
2019,00120571,롯데칠성음료,005300,KOSPI,비알코올음료 및 얼음 제조업,1,0,0
2019,00120872,만호제강,001080,KOSPI,1차 철강 제조업,1,0,0
2019,00121039,명문제약,017180,KOSPI,의약품 제조업,2,1,1
2019,00121288,모나미,005360,KOSPI,생활용품 도매업,1,0,0
2019,00121534,MH에탄올,023150,KOSPI,알코올음료 제조업,1,0,0
2019,00121543,무학,033920,KOSPI,알코올음료 제조업,1,0,0
2019,00121570,문배철강,008420,KOSPI,1차 철강 제조업,1,0,0
2019,00121932,미원상사,002840,KOSPI,기타 화학제품 제조업,2,1,1
2019,00121941,대상,001680,KOSPI,기타 식품 제조업,2,1,1
2019,00121969,에쓰씨엔지니어링,023960,KOSPI,토목 건설업,2,1,1
2019,00122056,미창석유공업,003650,KOSPI,석유 정제품 제조업,1,0,0
2019,00122348,방림,003610,KOSPI,직물직조 및 직물제품 제조업,1,0,0
2019,00122472,PKC,001340,KOSPI,기초 화학물질 제조업,4,3,1
2019,00122481,태경비케이,014580,KOSPI,"시멘트, 석회, 플라스터 및 그 제품 제조업",1,0,0
2019,00122551,백산,035150,KOSPI,플라스틱제품 제조업,1,0,0
2019,00122579,BYC,001460,KOSPI,봉제의복 제조업,1,0,0
2019,00122694,범양건영,002410,KOSPI,건물 건설업,1,0,0
2019,00122737,팬오션,028670,KOSPI,해상 운송업,1,0,0
2019,00122825,인스코비,006490,KOSPI,전기 통신업,1,0,0
2019,00122898,벽산,007210,KOSPI,기타 비금속 광물제품 제조업,1,0,0
2019,00123107,보락,002760,KOSPI,기타 화학제품 제조업,1,0,0
2019,00123143,보령,003850,KOSPI,의약품 제조업,1,0,0
2019,00123541,보해양조,000890,KOSPI,알코올음료 제조업,1,0,0
2019,00123718,부광약품,003000,KOSPI,의약품 제조업,1,0,0
2019,00123772,부국증권,001270,KOSPI,금융 지원 서비스업,1,0,0
2019,00123781,부국철강,026940,KOSPI,1차 철강 제조업,1,0,0
2019,00124027,부산산업,011390,KOSPI,"시멘트, 석회, 플라스터 및 그 제품 제조업",1,0,0
2019,00124090,한국특강,007280,KOSPI,1차 철강 제조업,1,0,0
2019,00124151,부산주공,005030,KOSPI,자동차 신품 부품 제조업,1,0,0
2019,00124197,세아제강지주,003030,KOSPI,기타 금융업,1,0,0
2019,00124504,포스코인터내셔널,047050,KOSPI,상품 중개업,1,0,0
2019,00124540,대우건설,047040,KOSPI,건물 건설업,4,3,1
2019,00124726,빙그레,005180,KOSPI,동·식물성 유지 및 낙농제품 제조업,1,0,0
2019,00124780,사조씨푸드,014710,KOSPI,수산물 가공 및 저장 처리업,1,0,0
2019,00124799,사조산업,007160,KOSPI,수산물 가공 및 저장 처리업,1,0,0
2019,00125080,AK홀딩스,006840,KOSPI,기타 금융업,1,0,0
2019,00125150,SGC에너지,005090,KOSPI,전기업,1,0,0
2019,00125521,에스엘,005850,KOSPI,자동차 신품 부품 제조업,4,3,1
2019,00125530,삼립,005610,KOSPI,기타 식품 제조업,1,0,0
2019,00125576,체시스,033250,KOSPI,자동차 신품 부품 제조업,2,1,1
2019,00125743,현대비앤지스틸,004560,KOSPI,1차 철강 제조업,1,0,0
2019,00125974,삼부토건,001470,KOSPI,토목 건설업,1,0,0
2019,00126089,DH오토넥스,000300,KOSPI,신탁업 및 집합투자업,2,2,1
2019,00126186,삼성에스디에스,018260,KOSPI,"컴퓨터 프로그래밍, 시스템 통합 및 관리업",1,0,0
2019,00126201,삼성공조,006660,KOSPI,자동차 신품 부품 제조업,1,0,0
2019,00126256,삼성생명,032830,KOSPI,보험업,1,0,0
2019,00126292,삼성카드,029780,KOSPI,기타 금융업,1,0,0
2019,00126308,삼성E&A,028050,KOSPI,"건축기술, 엔지니어링 및 관련 기술 서비스업",1,0,0
2019,00126362,삼성SDI,006400,KOSPI,일차전지 및 이차전지 제조업,1,0,0
2019,00126371,삼성전기,009150,KOSPI,전자부품 제조업,1,0,0
2019,00126380,삼성전자,005930,KOSPI,통신 및 방송 장비 제조업,1,0,0
2019,00126414,삼성제약,001360,KOSPI,의약품 제조업,1,0,0
2019,00126478,삼성중공업,010140,KOSPI,선박 및 보트 건조업,1,0,0
2019,00126487,F&F 홀딩스,007700,KOSPI,기타 금융업,1,0,0
2019,00126566,한화에어로스페이스,012450,KOSPI,"항공기,우주선 및 부품 제조업",1,0,0
2019,00126779,삼아알미늄,006110,KOSPI,1차 비철금속 제조업,1,0,0
2019,00126937,삼양홀딩스,000070,KOSPI,기타 금융업,1,0,0
2019,00126955,삼양식품,003230,KOSPI,기타 식품 제조업,2,1,1
2019,00127042,SYTS,002170,KOSPI,"가죽, 가방 및 유사제품 제조업",2,1,1
2019,00127158,씨아이테크,004920,KOSPI,영상 및 음향기기 제조업,1,0,0
2019,00127167,삼영무역,002810,KOSPI,기타 전문 도매업,1,0,0
2019,00127200,삼영전자공업,005680,KOSPI,전자부품 제조업,1,0,0
2019,00127255,삼영,003720,KOSPI,플라스틱제품 제조업,1,0,0
2019,00127802,삼익THK,004380,KOSPI,일반 목적용 기계 제조업,1,0,0
2019,00127857,삼익악기,002450,KOSPI,악기 제조업,1,0,0
2019,00128032,삼일제약,000520,KOSPI,의약품 제조업,1,0,0
2019,00128227,삼정펄프,009770,KOSPI,"펄프, 종이 및 판지 제조업",1,0,0
2019,00128412,삼진제약,005500,KOSPI,의약품 제조업,2,1,1
2019,00128555,삼천리,004690,KOSPI,연료용 가스 제조 및 배관공급업,1,0,0
2019,00128980,삼호개발,010960,KOSPI,기반조성 및 시설물 축조관련 전문공사업,1,0,0
2019,00129013,CJ씨푸드,011150,KOSPI,기타 식품 제조업,1,0,0
2019,00129235,삼화왕관,004450,KOSPI,기타 금속 가공제품 제조업,1,0,0
2019,00129271,삼화전기,009470,KOSPI,전자부품 제조업,1,0,0
2019,00129280,삼화전자공업,011230,KOSPI,영상 및 음향기기 제조업,2,1,1
2019,00129350,삼화콘덴서공업,001820,KOSPI,전자부품 제조업,1,0,0
2019,00129387,SP삼화,000390,KOSPI,기타 화학제품 제조업,1,0,0
2019,00129420,까뮤이앤씨,013700,KOSPI,건물 건설업,1,0,0
2019,00129509,한익스프레스,014130,KOSPI,도로 화물 운송업,1,0,0
2019,00129554,갤럭시아에스엠,011420,KOSPI,스포츠 서비스업,3,2,1
2019,00129642,상신브레이크,041650,KOSPI,자동차 신품 부품 제조업,1,0,0
2019,00129679,녹십자,006280,KOSPI,의약품 제조업,1,0,0
2019,00129989,코스모신소재,005070,KOSPI,기타 화학제품 제조업,1,0,0
2019,00130091,샘표,007540,KOSPI,기타 금융업,1,0,0
2019,00130684,서울도시가스,017390,KOSPI,연료용 가스 제조 및 배관공급업,1,0,0
2019,00130772,SBS,034120,KOSPI,텔레비전 방송업,1,0,0
2019,00130879,서울식품공업,004410,KOSPI,기타 식품 제조업,1,0,0
2019,00131054,유진증권,001200,KOSPI,의약품 제조업,1,0,0
2019,00131197,서원,021050,KOSPI,금속 주조업,1,0,0
2019,00131692,서흥,008490,KOSPI,기타 화학제품 제조업,1,0,0
2019,00131780,SK네트웍스,001740,KOSPI,기타 전문 도매업,1,0,0
2019,00131832,SK디스커버리,006120,KOSPI,기타 금융업,1,0,0
2019,00131850,SK증권,001510,KOSPI,금융 지원 서비스업,1,0,0
2019,00131939,선도전기,007610,KOSPI,"전동기, 발전기 및 전기 변환 · 공급 · 제어 장치 제조업",1,0,0
2019,00132211,SUN&L,002820,KOSPI,플라스틱제품 제조업,1,0,0
2019,00132354,쿠쿠홀딩스,192400,KOSPI,기타 금융업,1,0,0
2019,00132628,성문전자,014910,KOSPI,전자부품 제조업,1,0,0
2019,00132637,동원시스템즈,014820,KOSPI,플라스틱제품 제조업,1,0,0
2019,00132725,SB성보,003080,KOSPI,"비료, 농약 및 살균, 살충제 제조업",1,0,0
2019,00132804,성신양회,004980,KOSPI,"시멘트, 석회, 플라스터 및 그 제품 제조업",1,0,0
2019,00132868,우성머티리얼스,011300,KOSPI,직물직조 및 직물제품 제조업,1,0,0
2019,00133335,성창기업지주,000180,KOSPI,회사 본부 및 경영 컨설팅 서비스업,1,0,0
2019,00133511,SG세계물산,004060,KOSPI,상품 종합 도매업,1,0,0
2019,00133618,세기상사,002420,KOSPI,연료 소매업,2,1,1
2019,00133706,한국제지,027970,KOSPI,"펄프, 종이 및 판지 제조업",1,0,0
2019,00133812,세방,004360,KOSPI,도로 화물 운송업,1,0,0
2019,00133858,세방전지,004490,KOSPI,일차전지 및 이차전지 제조업,1,0,0
2019,00134176,세우글로벌,013000,KOSPI,기타 전문 도매업,1,0,0
2019,00134316,세원정공,021820,KOSPI,자동차 신품 부품 제조업,1,0,0
2019,00134477,SNT다이내믹스,003570,KOSPI,자동차 신품 부품 제조업,1,0,0
2019,00134510,SJG세종,033530,KOSPI,자동차 신품 부품 제조업,1,0,0
2019,00134565,이스타코,015020,KOSPI,부동산 임대 및 공급업,1,0,0
2019,00134723,페이퍼코리아,001020,KOSPI,"펄프, 종이 및 판지 제조업",1,0,0
2019,00134963,송원산업,004430,KOSPI,기타 화학제품 제조업,1,0,0
2019,00135050,팜젠사이언스,004720,KOSPI,의약품 제조업,1,0,0
2019,00135111,수산세보틱스,017550,KOSPI,특수 목적용 기계 제조업,2,1,1
2019,00135777,신대양제지,016590,KOSPI,"골판지, 종이 상자 및 종이용기 제조업",1,0,0
2019,00135795,신도리코,029530,KOSPI,컴퓨터 및 주변장치 제조업,1,0,0
2019,00135917,한화손해보험,000370,KOSPI,보험업,1,0,0
2019,00135962,신라교역,004970,KOSPI,어로 어업,1,0,0
2019,00136086,무림페이퍼,009200,KOSPI,"펄프, 종이 및 판지 제조업",1,0,0
2019,00136271,신성이엔지,011930,KOSPI,반도체 제조업,1,0,0
2019,00136378,신세계,004170,KOSPI,종합 소매업,1,0,0
2019,00136402,신송홀딩스,006880,KOSPI,산업용 농·축산물 및 동·식물 도매업,1,0,0
2019,00136457,SH에너지화학,002360,KOSPI,기초 화학물질 제조업,1,0,0
2019,00136624,신영와코루,005800,KOSPI,봉제의복 제조업,2,1,1
2019,00136721,신영증권,001720,KOSPI,금융 지원 서비스업,2,1,1
2019,00136776,차AI헬스케어,025620,KOSPI,기타 화학제품 제조업,1,0,0
2019,00136864,신원,009270,KOSPI,봉제의복 제조업,1,0,0
2019,00137207,유니켐,011330,KOSPI,자동차 신품 부품 제조업,2,1,1
2019,00137252,사조동아원,008040,KOSPI,"곡물가공품, 전분 및 전분제품 제조업",1,0,0
2019,00137359,신풍제약,019170,KOSPI,의약품 제조업,4,3,1
2019,00137368,신풍,002870,KOSPI,기타 전문 도매업,1,0,0
2019,00137809,SHD,001770,KOSPI,1차 철강 제조업,2,1,1
2019,00137997,현대차증권,001500,KOSPI,금융 지원 서비스업,1,0,0
2019,00138057,써니전자,004770,KOSPI,전자부품 제조업,1,0,0
2019,00138190,GS글로벌,001250,KOSPI,상품 종합 도매업,1,0,0
2019,00138242,KG모빌리티,003620,KOSPI,자동차용 엔진 및 자동차 제조업,1,0,0
2019,00138260,SIMPAC,009160,KOSPI,1차 철강 제조업,1,0,0
2019,00138279,S-Oil,010950,KOSPI,석유 정제품 제조업,1,0,0
2019,00138297,STX,011810,KOSPI,상품 종합 도매업,1,0,0
2019,00138516,아남전자,008700,KOSPI,영상 및 음향기기 제조업,1,0,0
2019,00138701,아세아,002030,KOSPI,회사 본부 및 경영 컨설팅 서비스업,1,0,0
2019,00138729,아세아제지,002310,KOSPI,"골판지, 종이 상자 및 종이용기 제조업",1,0,0
2019,00138792,아시아나항공,020560,KOSPI,항공 여객 운송업,1,0,0
2019,00139214,삼성화재해상보험,000810,KOSPI,보험업,1,0,0
2019,00139454,애경산업,018250,KOSPI,기타 화학제품 제조업,1,0,0
2019,00139764,에넥스,011090,KOSPI,가구 제조업,1,0,0
2019,00139834,LG씨엔에스,064400,KOSPI,"컴퓨터 프로그래밍, 시스템 통합 및 관리업",1,0,0
2019,00139889,SKC,011790,KOSPI,기타 화학제품 제조업,1,0,0
2019,00140131,키다리스튜디오,020120,KOSPI,"자료처리, 호스팅, 포털 및 기타 인터넷 정보매개 서비스업",1,0,0
2019,00140168,HS애드,035000,KOSPI,광고업,1,0,0
2019,00140177,GS리테일,007070,KOSPI,종합 소매업,2,1,1
2019,00140779,영보화학,014440,KOSPI,플라스틱제품 제조업,1,0,0
2019,00140946,한솔로지스틱스,009180,KOSPI,기타 운송관련 서비스업,1,0,0
2019,00140955,한솔케미칼,014680,KOSPI,기초 화학물질 제조업,2,1,1
2019,00140964,영원무역홀딩스,009970,KOSPI,기타 금융업,2,1,1
2019,00141149,영진약품,003520,KOSPI,의약품 제조업,1,0,0
2019,00141307,영풍,000670,KOSPI,1차 비철금속 제조업,1,0,0
2019,00141404,블루산업개발,006740,KOSPI,"골판지, 종이 상자 및 종이용기 제조업",1,0,0
2019,00141413,영화금속,012280,KOSPI,자동차 신품 부품 제조업,1,0,0
2019,00141477,영흥,012160,KOSPI,1차 철강 제조업,1,0,0
2019,00141529,오뚜기,007310,KOSPI,기타 식품 제조업,1,0,0
2019,00141626,오리엔트바이오,002630,KOSPI,의약품 제조업,1,0,0
2019,00141875,사조오양,006090,KOSPI,수산물 가공 및 저장 처리업,1,0,0
2019,00142661,우성,006980,KOSPI,"곡물가공품, 전분 및 전분제품 제조업",1,0,0
2019,00142865,WISCOM,024070,KOSPI,플라스틱제품 제조업,2,1,1
2019,00142883,우신시스템,017370,KOSPI,특수 목적용 기계 제조업,1,0,0
2019,00143262,우진아이엔에스,010400,KOSPI,건물설비 설치 공사업,1,0,0
2019,00143314,에이엔피,015260,KOSPI,전자부품 제조업,1,0,0
2019,00143527,경동인베스트,012320,KOSPI,기타 금융업,1,0,0
2019,00143651,웅진,016880,KOSPI,회사 본부 및 경영 컨설팅 서비스업,1,0,0
2019,00143794,원림,005820,KOSPI,직물직조 및 직물제품 제조업,1,0,0
2019,00144164,SK가스,018670,KOSPI,기타 전문 도매업,1,0,0
2019,00144252,유니온,000910,KOSPI,"시멘트, 석회, 플라스터 및 그 제품 제조업",1,0,0
2019,00144395,동서,026960,KOSPI,음·식료품 및 담배 도매업,1,0,0
2019,00144720,와이투솔루션,011690,KOSPI,반도체 제조업,1,0,0
2019,00144818,유유제약,000220,KOSPI,의약품 제조업,1,0,0
2019,00145109,유한양행,000100,KOSPI,의약품 제조업,1,0,0
2019,00145163,파미셀,005690,KOSPI,전자부품 제조업,1,0,0
2019,00145190,유화증권,003460,KOSPI,금융 지원 서비스업,1,0,0
2019,00145260,율촌화학,008730,KOSPI,플라스틱제품 제조업,1,0,0
2019,00145437,아센디오,012170,KOSPI,"영화, 비디오물, 방송프로그램 제작 및 배급업",1,0,0
2019,00145446,이건산업,008250,KOSPI,나무제품 제조업,1,0,0
2019,00145464,이구산업,025820,KOSPI,1차 비철금속 제조업,1,0,0
2019,00145552,이수화학,005950,KOSPI,기초 화학물질 제조업,1,0,0
2019,00145598,이연제약,102460,KOSPI,의약품 제조업,1,0,0
2019,00145686,이화산업,000760,KOSPI,기타 전문 도매업,1,0,0
2019,00145862,인천도시가스,034590,KOSPI,연료용 가스 제조 및 배관공급업,1,0,0
2019,00145880,현대제철,004020,KOSPI,1차 철강 제조업,1,0,0
2019,00146083,일동홀딩스,000230,KOSPI,의약품 제조업,1,0,0
2019,00146214,일성아이에스,003120,KOSPI,의약품 제조업,1,0,0
2019,00146232,일성건설,013360,KOSPI,토목 건설업,1,0,0
2019,00146269,일신방직,003200,KOSPI,방적 및 가공사 제조업,1,0,0
2019,00146296,일신석재,007110,KOSPI,"건축자재, 철물 및 난방장치 도매업",1,0,0
2019,00146454,일양약품,007570,KOSPI,의약품 제조업,1,0,0
2019,00146542,일정실업,008500,KOSPI,편조원단 제조업,1,0,0
2019,00146649,일진홀딩스,015860,KOSPI,기타 금융업,1,0,0
2019,00146861,자화전자,033240,KOSPI,전자부품 제조업,1,0,0
2019,00147222,전방,000950,KOSPI,방적 및 가공사 제조업,1,0,0
2019,00147860,에스엠벡셀,010580,KOSPI,자동차 신품 부품 제조업,1,0,0
2019,00148276,제일기획,030000,KOSPI,광고업,1,0,0
2019,00148443,제일파마홀딩스,002620,KOSPI,회사 본부 및 경영 컨설팅 서비스업,1,0,0
2019,00148461,제일연마,001560,KOSPI,기타 비금속 광물제품 제조업,1,0,0
2019,00148522,퍼스텍,010820,KOSPI,무기 및 총포탄 제조업,1,0,0
2019,00148540,CJ,001040,KOSPI,기타 금융업,1,0,0
2019,00148610,한화투자증권,003530,KOSPI,금융 지원 서비스업,1,0,0
2019,00148832,제주은행,006220,KOSPI,은행 및 저축기관,2,1,1
2019,00148896,OCI홀딩스,010060,KOSPI,기타 금융업,1,0,0
2019,00148920,조광페인트,004910,KOSPI,기타 화학제품 제조업,1,0,0
2019,00148939,조광피혁,004700,KOSPI,"가죽, 가방 및 유사제품 제조업",1,0,0
2019,00148948,조비,001550,KOSPI,"비료, 농약 및 살균, 살충제 제조업",1,0,0
2019,00148984,시알홀딩스,000480,KOSPI,"내화, 비내화 요업제품 제조업",2,1,1
2019,00148993,하이트진로홀딩스,000140,KOSPI,기타 금융업,1,0,0
2019,00149026,CS홀딩스,000590,KOSPI,기타 금융업,1,0,0
2019,00149239,조일알미늄,018470,KOSPI,1차 비철금속 제조업,1,0,0
2019,00149345,조흥,002600,KOSPI,기타 식품 제조업,1,0,0
2019,00149354,종근당홀딩스,001630,KOSPI,의약품 제조업,2,1,1
2019,00149646,기업은행,024110,KOSPI,은행 및 저축기관,1,0,0
2019,00149655,삼성물산,028260,KOSPI,기타 전문 도매업,1,0,0
2019,00149804,디와이에이,002880,KOSPI,자동차 신품 부품 제조업,1,0,0
2019,00149947,JW중외제약,001060,KOSPI,의약품 제조업,1,0,0
2019,00150244,하이트진로,000080,KOSPI,알코올음료 제조업,1,0,0
2019,00150439,진양산업,003780,KOSPI,플라스틱제품 제조업,1,0,0
2019,00150633,지누스,013890,KOSPI,가구 제조업,1,0,0
2019,00150828,진흥기업,002780,KOSPI,토목 건설업,1,0,0
2019,00151128,모토닉,009680,KOSPI,자동차 신품 부품 제조업,6,5,1
2019,00151298,DSR제강,069730,KOSPI,1차 철강 제조업,1,0,0
2019,00151368,인터지스,129260,KOSPI,도로 화물 운송업,1,0,0
2019,00151395,천일고속,000650,KOSPI,육상 여객 운송업,1,0,0
2019,00152039,SG글로벌,001380,KOSPI,자동차 신품 부품 제조업,1,0,0
2019,00152385,에이프로젠,007460,KOSPI,의약품 제조업,2,1,1
2019,00152686,코리아써키트,007810,KOSPI,전자부품 제조업,1,0,0
2019,00152729,광전자,017900,KOSPI,반도체 제조업,1,0,0
2019,00152862,코오롱,002020,KOSPI,기타 금융업,2,1,1
2019,00152880,코오롱글로벌,003070,KOSPI,토목 건설업,2,1,1
2019,00153126,크라운해태홀딩스,005740,KOSPI,기타 금융업,1,0,0
2019,00153339,태경산업,015890,KOSPI,기초 화학물질 제조업,1,0,0
2019,00153393,태광산업,003240,KOSPI,화학섬유 제조업,1,0,0
2019,00153524,태림포장,011280,KOSPI,"골판지, 종이 상자 및 종이용기 제조업",1,0,0
2019,00153621,참엔지니어링,009310,KOSPI,특수 목적용 기계 제조업,1,0,0
2019,00153755,태양금속공업,004100,KOSPI,자동차 신품 부품 제조업,1,0,0
2019,00153861,태영건설,009410,KOSPI,토목 건설업,1,0,0
2019,00154055,태원물산,001420,KOSPI,자동차 신품 부품 제조업,1,0,0
2019,00154329,TP,007980,KOSPI,봉제의복 제조업,1,0,0
2019,00154462,아모레퍼시픽홀딩스,002790,KOSPI,기타 화학제품 제조업,3,2,1
2019,00155124,평화홀딩스,010770,KOSPI,자동차 신품 부품 제조업,1,0,0
2019,00155212,포스코DX,022100,KOSPI,"건축기술, 엔지니어링 및 관련 기술 서비스업",1,0,0
2019,00155258,포스코스틸리온,058430,KOSPI,1차 철강 제조업,1,0,0
2019,00155276,포스코퓨처엠,003670,KOSPI,일차전지 및 이차전지 제조업,1,0,0
2019,00155319,POSCO홀딩스,005490,KOSPI,1차 철강 제조업,1,0,0
2019,00155355,풀무원,017810,KOSPI,기타 식품 제조업,1,0,0
2019,00155531,풍산홀딩스,005810,KOSPI,기타 금융업,1,0,0
2019,00156150,엑시큐어하이트론,019490,KOSPI,영상 및 음향기기 제조업,1,0,0
2019,00156354,지엠비코리아,013870,KOSPI,자동차 신품 부품 제조업,1,0,0
2019,00156488,휴스틸,005010,KOSPI,1차 철강 제조업,1,0,0
2019,00156691,한국공항,005430,KOSPI,기타 운송관련 서비스업,1,0,0
2019,00156859,다올투자증권,030210,KOSPI,금융 지원 서비스업,1,0,0
2019,00157070,한국단자공업,025540,KOSPI,"전동기, 발전기 및 전기 변환 · 공급 · 제어 장치 제조업",1,0,0
2019,00157399,한솔테크닉스,004710,KOSPI,전자부품 제조업,1,0,0
2019,00157681,롯데정밀화학,004000,KOSPI,기초 화학물질 제조업,1,0,0
2019,00157991,한국석유공업,004090,KOSPI,기타 비금속 광물제품 제조업,1,0,0
2019,00158112,한국수출포장공업,002200,KOSPI,"골판지, 종이 상자 및 종이용기 제조업",1,0,0
2019,00158149,한국쉘석유,002960,KOSPI,석유 정제품 제조업,2,1,1
2019,00158307,롯데하이마트,071840,KOSPI,가전제품 및 정보통신장비 소매업,1,0,0
2019,00158316,NICE,034310,KOSPI,회사 본부 및 경영 컨설팅 서비스업,1,0,0
2019,00158325,NICE평가정보,030190,KOSPI,기타 정보 서비스업,1,0,0
2019,00158501,에스원,012750,KOSPI,"경비, 경호 및 탐정업",1,0,0
2019,00158963,유나이티드,033270,KOSPI,의약품 제조업,1,0,0
2019,00159023,SK텔레콤,017670,KOSPI,전기 통신업,1,0,0
2019,00159102,DB손해보험,005830,KOSPI,보험업,1,0,0
2019,00159193,한국전력공사,015760,KOSPI,전기업,2,1,1
2019,00159209,한전기술,052690,KOSPI,"건축기술, 엔지니어링 및 관련 기술 서비스업",5,4,1
2019,00159218,한전KPS,051600,KOSPI,전기 및 통신 공사업,2,1,1
2019,00159254,한국전자홀딩스,006200,KOSPI,기타 금융업,1,0,0
2019,00159500,한국종합기술,023350,KOSPI,"건축기술, 엔지니어링 및 관련 기술 서비스업",1,0,0
2019,00159564,한국주강,025890,KOSPI,특수 목적용 기계 제조업,1,0,0
2019,00159573,한국주철관공업,000970,KOSPI,1차 철강 제조업,1,0,0
2019,00159616,두산에너빌리티,034020,KOSPI,일반 목적용 기계 제조업,1,0,0
2019,00159698,지역난방공사,071320,KOSPI,"증기, 냉·온수 및 공기조절 공급업",1,0,0
2019,00159740,KISCO홀딩스,001940,KOSPI,1차 철강 제조업,1,0,0
2019,00159786,유니드,014830,KOSPI,기초 화학물질 제조업,1,0,0
2019,00159795,한국카본,017960,KOSPI,"구조용 금속제품, 탱크 및 증기발생기 제조업",1,0,0
2019,00159810,카프로,006380,KOSPI,기초 화학물질 제조업,1,0,0
2019,00159971,KC그린홀딩스,009440,KOSPI,기타 금융업,1,0,0
2019,00160047,한국앤컴퍼니,000240,KOSPI,기타 금융업,1,0,0
2019,00160205,한국내화,010040,KOSPI,"내화, 비내화 요업제품 제조업",1,0,0
2019,00160232,KSS해운,044450,KOSPI,해상 운송업,1,0,0
2019,00160302,코스모화학,005420,KOSPI,기타 화학제품 제조업,1,0,0
2019,00160375,진양폴리우레탄,010640,KOSPI,플라스틱제품 제조업,1,0,0
2019,00160418,한국무브넥스,010100,KOSPI,자동차 신품 부품 제조업,1,0,0
2019,00160588,한화,000880,KOSPI,기타 화학제품 제조업,1,0,0
2019,00160621,한국화장품제조,003350,KOSPI,기타 화학제품 제조업,1,0,0
2019,00160843,DB하이텍,000990,KOSPI,반도체 제조업,1,0,0
2019,00160861,한농화성,011500,KOSPI,기타 화학제품 제조업,1,0,0
2019,00161046,한독,002390,KOSPI,의약품 제조업,1,0,0
2019,00161116,HL D&I,014790,KOSPI,토목 건설업,1,0,0
2019,00161125,한온시스템,018880,KOSPI,일반 목적용 기계 제조업,1,0,0
2019,00161383,한미반도체,042700,KOSPI,특수 목적용 기계 제조업,1,0,0
2019,00161426,한미사이언스,008930,KOSPI,기타 금융업,2,1,1
2019,00161693,한샘,009240,KOSPI,생활용품 도매업,1,0,0
2019,00161709,퍼시스,016800,KOSPI,가구 제조업,1,0,0
2019,00161860,한성기업,003680,KOSPI,수산물 가공 및 저장 처리업,1,0,0
2019,00161976,한세예스24홀딩스,016450,KOSPI,봉제의복 제조업,1,0,0
2019,00162063,한신공영,004960,KOSPI,건물 건설업,1,0,0
2019,00162072,한신기계공업,011700,KOSPI,일반 목적용 기계 제조업,1,0,0
2019,00162416,한양증권,001750,KOSPI,금융 지원 서비스업,1,0,0
2019,00162461,한화솔루션,009830,KOSPI,기초 화학물질 제조업,2,1,1
2019,00162586,한올바이오파마,009420,KOSPI,의약품 제조업,1,0,0
2019,00162993,한일홀딩스,003300,KOSPI,"시멘트, 석회, 플라스터 및 그 제품 제조업",1,0,0
2019,00163114,서연,007860,KOSPI,기타 금융업,1,0,0
2019,00163196,한일철강,002220,KOSPI,1차 철강 제조업,2,1,1
2019,00163345,DB,012030,KOSPI,"컴퓨터 프로그래밍, 시스템 통합 및 관리업",1,0,0
2019,00163512,한진,002320,KOSPI,도로 화물 운송업,1,0,0
2019,00163673,한진중공업홀딩스,003480,KOSPI,연료용 가스 제조 및 배관공급업,1,0,0
2019,00163691,유수홀딩스,000700,KOSPI,회사 본부 및 경영 컨설팅 서비스업,1,0,0
2019,00163716,한창,005110,KOSPI,기계장비 및 관련 물품 도매업,1,0,0
2019,00163761,한창제지,009460,KOSPI,"펄프, 종이 및 판지 제조업",1,0,0
2019,00164478,현대건설,000720,KOSPI,토목 건설업,1,0,0
2019,00164636,HDC,012630,KOSPI,기타 금융업,1,0,0
2019,00164645,HMM,011200,KOSPI,해상 운송업,1,0,0
2019,00164706,현대약품,004310,KOSPI,의약품 제조업,1,0,0
2019,00164724,현대엘리베이터,017800,KOSPI,일반 목적용 기계 제조업,1,0,0
2019,00164742,현대자동차,005380,KOSPI,자동차용 엔진 및 자동차 제조업,1,0,0
2019,00164779,SK하이닉스,000660,KOSPI,반도체 제조업,1,0,0
2019,00164788,현대모비스,012330,KOSPI,자동차 신품 부품 제조업,1,0,0
2019,00164812,현대코퍼레이션,011760,KOSPI,상품 종합 도매업,1,0,0
2019,00164830,HD한국조선해양,009540,KOSPI,기타 금융업,1,0,0
2019,00164973,현대해상,001450,KOSPI,보험업,1,0,0
2019,00165343,혜인,003010,KOSPI,기계장비 및 관련 물품 도매업,1,0,0
2019,00165413,롯데케미칼,011170,KOSPI,기초 화학물질 제조업,2,1,1
2019,00165583,E1,017940,KOSPI,기타 전문 도매업,1,0,0
2019,00165680,호텔신라,008770,KOSPI,기타 상품 전문 소매업,1,0,0
2019,00166227,화승인더스트리,006060,KOSPI,상품 종합 도매업,2,1,1
2019,00166272,화승코퍼레이션,013520,KOSPI,자동차 신품 부품 제조업,1,0,0
2019,00166315,화신,010690,KOSPI,자동차 신품 부품 제조업,1,0,0
2019,00166500,화천기계,010660,KOSPI,특수 목적용 기계 제조업,1,0,0
2019,00166519,화천기공,000850,KOSPI,특수 목적용 기계 제조업,1,0,0
2019,00166573,환인제약,016580,KOSPI,의약품 제조업,1,0,0
2019,00167192,넥센,005720,KOSPI,고무제품 제조업,1,0,0
2019,00167208,흥아해운,003280,KOSPI,해상 운송업,1,0,0
2019,00168331,온타이드,005320,KOSPI,생활용품 도매업,1,0,0
2019,00168401,금비,008870,KOSPI,유리 및 유리제품 제조업,1,0,0
2019,00169048,HLB글로벌,003580,KOSPI,종합 소매업,2,1,1
2019,00170558,코웨이,021240,KOSPI,그외 기타 개인 서비스업,1,0,0
2019,00171265,파라다이스,034230,KOSPI,유원지 및 기타 오락관련 서비스업,1,0,0
2019,00171636,한솔홀딩스,004150,KOSPI,기타 금융업,1,0,0
2019,00172185,남성,004270,KOSPI,기타 전문 도매업,1,0,0
2019,00172228,엔케이,085310,KOSPI,"구조용 금속제품, 탱크 및 증기발생기 제조업",1,0,0
2019,00172291,더존비즈온,012510,KOSPI,"컴퓨터 프로그래밍, 시스템 통합 및 관리업",1,0,0
2019,00172936,동일산업,004890,KOSPI,1차 철강 제조업,1,0,0
2019,00173102,모나리자,012690,KOSPI,기타 종이 및 판지 제품 제조업,1,0,0
2019,00173698,신일전자,002700,KOSPI,기계장비 및 관련 물품 도매업,1,0,0
2019,00173795,신흥,004080,KOSPI,기계장비 및 관련 물품 도매업,1,0,0
2019,00173874,넥센타이어,002350,KOSPI,고무제품 제조업,1,0,0
2019,00173944,우진,105840,KOSPI,"측정, 시험, 항해, 제어 및 기타 정밀기기 제조업; 광학기기 제외",1,0,0
2019,00174004,유성기업,002920,KOSPI,자동차 신품 부품 제조업,1,0,0
2019,00174527,HS화성,002460,KOSPI,건물 건설업,1,0,0
2019,00176914,다우기술,023590,KOSPI,"자료처리, 호스팅, 포털 및 기타 인터넷 정보매개 서비스업",1,0,0
2019,00177199,디씨엠,024090,KOSPI,1차 철강 제조업,1,0,0
2019,00178754,동아지질,028100,KOSPI,기반조성 및 시설물 축조관련 전문공사업,2,1,1
2019,00180795,인팩,023810,KOSPI,자동차 신품 부품 제조업,1,0,0
2019,00181712,SK,034730,KOSPI,기타 금융업,2,1,1
2019,00181943,에스제이엠홀딩스,025530,KOSPI,자동차 부품 및 내장품 판매업,1,0,0
2019,00186559,아이티센씨티에스,031820,KOSPI,"컴퓨터 프로그래밍, 시스템 통합 및 관리업",1,0,0
2019,00188089,한섬,020000,KOSPI,봉제의복 제조업,1,0,0
2019,00190321,케이티,030200,KOSPI,전기 통신업,1,0,0
2019,00191472,KPX케미칼,025000,KOSPI,기초 화학물질 제조업,1,0,0
2019,00191588,삼원강재,023000,KOSPI,자동차 신품 부품 제조업,1,0,0
2019,00194947,한전산업,130660,KOSPI,"건축기술, 엔지니어링 및 관련 기술 서비스업",2,1,1
2019,00195229,미스토홀딩스,081660,KOSPI,생활용품 도매업,1,0,0
2019,00197759,미래산업,025560,KOSPI,"측정, 시험, 항해, 제어 및 기타 정밀기기 제조업; 광학기기 제외",2,1,1
2019,00198697,일진디스플,020760,KOSPI,반도체 제조업,1,0,0
2019,00203290,콜마홀딩스,024720,KOSPI,기타 금융업,1,0,0
2019,00203315,콘텐트리중앙,036420,KOSPI,"영화, 비디오물, 방송프로그램 제작 및 배급업",1,0,0
2019,00203582,한솔홈데코,025750,KOSPI,제재 및 목재 가공업,1,0,0
2019,00204208,마니커,027740,KOSPI,"도축, 육류 가공 및 저장 처리업",1,0,0
2019,00209780,케이씨,029460,KOSPI,"측정, 시험, 항해, 제어 및 기타 정밀기기 제조업; 광학기기 제외",2,1,1
2019,00210856,코아스,071950,KOSPI,가구 제조업,1,0,0
2019,00218575,황금에스티,032560,KOSPI,1차 비철금속 제조업,2,1,1
2019,00219097,BGF,027410,KOSPI,기타 금융업,1,0,0
2019,00219486,신세계I&C,035510,KOSPI,"컴퓨터 프로그래밍, 시스템 통합 및 관리업",1,0,0
2019,00219574,코스맥스비티아이,044820,KOSPI,기타 금융업,3,2,1
2019,00220561,광주신세계,037710,KOSPI,종합 소매업,1,0,0
2019,00222532,LG헬로비전,037560,KOSPI,텔레비전 방송업,1,0,0
2019,00225159,SNT홀딩스,036530,KOSPI,기타 금융업,1,0,0
2019,00225706,JW생명과학,234080,KOSPI,의약품 제조업,1,0,0
2019,00226316,호전실업,111110,KOSPI,봉제의복 제조업,1,0,0
2019,00231363,LG유플러스,032640,KOSPI,전기 통신업,1,0,0
2019,00231372,롯데관광개발,032350,KOSPI,여행사 및 기타 여행보조 서비스업,1,0,0
2019,00233653,한국토지신탁,034830,KOSPI,신탁업 및 집합투자업,1,0,0
2019,00234412,신세계인터내셔날,031430,KOSPI,"섬유, 의복, 신발 및 가죽제품 소매업",1,0,0
2019,00244455,케이티앤지,033780,KOSPI,담배 제조업,11,9,1
2019,00248974,하나제약,293480,KOSPI,의약품 제조업,1,0,0
2019,00249247,YG PLUS,037270,KOSPI,"자료처리, 호스팅, 포털 및 기타 인터넷 정보매개 서비스업",1,0,0
2019,00255619,강원랜드,035250,KOSPI,유원지 및 기타 오락관련 서비스업,1,0,0
2019,00256955,테이팩스,055490,KOSPI,플라스틱제품 제조업,1,0,0
2019,00258801,카카오,035720,KOSPI,"자료처리, 호스팅, 포털 및 기타 인터넷 정보매개 서비스업",1,0,0
2019,00260383,대한유화,006650,KOSPI,기초 화학물질 제조업,1,0,0
2019,00260392,대원전선,006340,KOSPI,절연선 및 케이블 제조업,1,0,0
2019,00260408,팜스코,036580,KOSPI,"곡물가공품, 전분 및 전분제품 제조업",2,1,1
2019,00261285,한국가스공사,036460,KOSPI,연료용 가스 제조 및 배관공급업,1,0,0
2019,00261443,NC,036570,KOSPI,소프트웨어 개발 및 공급업,2,1,1
2019,00266961,NAVER,035420,KOSPI,"자료처리, 호스팅, 포털 및 기타 인터넷 정보매개 서비스업",1,0,0
2019,00269241,주연테크,044380,KOSPI,컴퓨터 및 주변장치 제조업,1,0,0
2019,00269940,하나투어,039130,KOSPI,여행사 및 기타 여행보조 서비스업,1,0,0
2019,00274933,신세계푸드,031440,KOSPI,음식점업,1,0,0
2019,00296290,키움증권,039490,KOSPI,금융 지원 서비스업,2,1,1
2019,00299002,HL홀딩스,060980,KOSPI,기타 금융업,1,0,0
2019,00300548,현대리바트,079430,KOSPI,가구 제조업,1,0,0
2019,00302926,현대로템,064350,KOSPI,그외 기타 운송장비 제조업,1,0,0
2019,00303217,우진플라임,049800,KOSPI,특수 목적용 기계 제조업,1,0,0
2019,00303873,CJ CGV,079160,KOSPI,"영화, 비디오물, 방송프로그램 제작 및 배급업",1,0,0
2019,00305668,새론오토모티브,075180,KOSPI,자동차 신품 부품 제조업,1,0,0
2019,00309503,한국항공우주,047810,KOSPI,"항공기,우주선 및 부품 제조업",1,0,0
2019,00332927,제이에스코퍼레이션,194370,KOSPI,"가죽, 가방 및 유사제품 제조업",1,0,0
2019,00339391,한화시스템,272210,KOSPI,전자부품 제조업,1,0,0
2019,00347734,진양화학,051630,KOSPI,플라스틱제품 제조업,1,0,0
2019,00349097,케이티스카이라이프,053210,KOSPI,텔레비전 방송업,1,0,0
2019,00350312,HDC랩스,039570,KOSPI,전기 및 통신 공사업,1,0,0
2019,00353878,다스코,058730,KOSPI,"구조용 금속제품, 탱크 및 증기발생기 제조업",3,2,1
2019,00356361,LG화학,051910,KOSPI,기초 화학물질 제조업,2,1,1
2019,00356370,LG생활건강,051900,KOSPI,기타 화학제품 제조업,1,0,0
2019,00357360,한세엠케이,069640,KOSPI,"섬유, 의복, 신발 및 가죽제품 소매업",1,0,0
2019,00357935,HDC현대EP,089470,KOSPI,기타 화학제품 제조업,1,0,0
2019,00360142,아이마켓코리아,122900,KOSPI,상품 종합 도매업,2,1,1
2019,00360595,현대글로비스,086280,KOSPI,기타 운송관련 서비스업,1,0,0
2019,00361008,한화엔진,082740,KOSPI,일반 목적용 기계 제조업,1,0,0
2019,00361488,텔코웨어,078000,KOSPI,"자료처리, 호스팅, 포털 및 기타 인터넷 정보매개 서비스업",1,0,0
2019,00362238,휴비스,079980,KOSPI,화학섬유 제조업,1,0,0
2019,00362441,현대오토에버,307950,KOSPI,소프트웨어 개발 및 공급업,1,0,0
2019,00365387,AJ네트웍스,095570,KOSPI,산업용 기계 및 장비 임대업,1,0,0
2019,00365989,모나용평,070960,KOSPI,일반 및 생활 숙박시설 운영업,1,0,0
2019,00367844,자이에스앤디,317400,KOSPI,부동산 임대 및 공급업,1,0,0
2019,00369833,유니온머티리얼,047400,KOSPI,"내화, 비내화 요업제품 제조업",1,0,0
2019,00372873,KTis,058860,KOSPI,기타 정보 서비스업,1,0,0
2019,00372882,KTcs,058850,KOSPI,기타 정보 서비스업,1,0,0
2019,00377610,세아홀딩스,058650,KOSPI,1차 철강 제조업,1,0,0
2019,00382199,신한지주,055550,KOSPI,기타 금융업,2,1,1
2019,00390055,종근당바이오,063160,KOSPI,의약품 제조업,2,1,1
2019,00398701,엘앤에프,066970,KOSPI,일차전지 및 이차전지 제조업,1,0,0
2019,00398792,SNT모티브,064960,KOSPI,자동차 신품 부품 제조업,1,0,0
2019,00400857,에이블씨엔씨,078520,KOSPI,기타 화학제품 제조업,2,1,1
2019,00401731,LG전자,066570,KOSPI,통신 및 방송 장비 제조업,1,0,0
2019,00403632,현대퓨처넷,126560,KOSPI,전기 통신업,1,0,0
2019,00404701,한국자산신탁,123890,KOSPI,신탁업 및 집합투자업,1,0,0
2019,00406046,HD현대마린엔진,071970,KOSPI,일반 목적용 기계 제조업,1,0,0
2019,00409672,티비에이치글로벌,084870,KOSPI,봉제의복 제조업,1,0,0
2019,00412597,현대홈쇼핑,057050,KOSPI,무점포 소매업,1,0,0
2019,00413046,셀트리온,068270,KOSPI,기초 의약물질 제조업,2,1,1
2019,00413523,한미글로벌,053690,KOSPI,"건축기술, 엔지니어링 및 관련 기술 서비스업",1,0,0
2019,00414601,유니퀘스트,077500,KOSPI,기계장비 및 관련 물품 도매업,1,0,0
2019,00414850,효성 ITX,094280,KOSPI,기타 사업지원 서비스업,1,0,0
2019,00415628,세진중공업,075580,KOSPI,선박 및 보트 건조업,1,0,0
2019,00415646,드림텍,192650,KOSPI,전자부품 제조업,1,0,0
2019,00416654,유엔젤,072130,KOSPI,"자료처리, 호스팅, 포털 및 기타 인터넷 정보매개 서비스업",1,0,0
2019,00422895,세이브존I&C,067830,KOSPI,종합 소매업,1,0,0
2019,00423690,삼성출판사,068290,KOSPI,"서적, 잡지 및 기타 인쇄물 출판업",1,0,0
2019,00426086,티케이지휴켐스,069260,KOSPI,기타 화학제품 제조업,1,0,0
2019,00427483,대웅제약,069620,KOSPI,의약품 제조업,1,0,0
2019,00428251,현대백화점,069960,KOSPI,종합 소매업,1,0,0
2019,00428321,해태제과식품,101530,KOSPI,기타 식품 제조업,1,0,0
2019,00428729,대호에이엘,069460,KOSPI,1차 비철금속 제조업,1,0,0
2019,00432102,한국금융지주,071050,KOSPI,기타 금융업,1,0,0
2019,00435312,하이스틸,071090,KOSPI,1차 철강 제조업,1,0,0
2019,00441243,형지엘리트,093240,KOSPI,봉제의복 제조업,2,1,1
2019,00442835,메타랩스,090370,KOSPI,봉제의복 제조업,1,0,0
2019,00447609,비에이치,090460,KOSPI,전자부품 제조업,1,0,0
2019,00450010,씨티알모빌리티,308170,KOSPI,자동차 신품 부품 제조업,1,0,0
2019,00453488,다이나믹디자인,145210,KOSPI,특수 목적용 기계 제조업,1,0,0
2019,00454946,그린케미칼,083420,KOSPI,기타 화학제품 제조업,1,0,0
2019,00458234,아시아나IDT,267850,KOSPI,"컴퓨터 프로그래밍, 시스템 통합 및 관리업",1,0,0
2019,00459871,농심홀딩스,072710,KOSPI,기타 금융업,1,0,0
2019,00469799,이엔플러스,074610,KOSPI,일반 목적용 기계 제조업,1,0,0
2019,00480367,SK오션플랜트,100090,KOSPI,1차 철강 제조업,1,0,0
2019,00480455,STX엔진,077970,KOSPI,일반 목적용 기계 제조업,1,0,0
2019,00481454,금호타이어,073240,KOSPI,고무제품 제조업,4,3,1
2019,00500254,GS,078930,KOSPI,기타 금융업,1,0,0
2019,00503668,LIG디펜스앤에어로스페이스,079550,KOSPI,무기 및 총포탄 제조업,2,1,1
2019,00508274,일진다이아,081000,KOSPI,기타 화학제품 제조업,1,0,0
2019,00508344,SK디앤디,210980,KOSPI,부동산 임대 및 공급업,1,0,0
2019,00520887,비상교육,100220,KOSPI,"서적, 잡지 및 기타 인쇄물 출판업",1,0,0
2019,00525934,LX세미콘,108320,KOSPI,반도체 제조업,1,0,0
2019,00526599,덴티움,145720,KOSPI,의료용 기기 제조업,1,0,0
2019,00539274,대상홀딩스,084690,KOSPI,기타 금융업,1,0,0
2019,00540605,이월드,084680,KOSPI,귀금속 및 장신용품 제조업,1,0,0
2019,00540641,동양고속,084670,KOSPI,육상 여객 운송업,1,0,0
2019,00544452,이리츠코크렙,088260,KOSPI,부동산 임대 및 공급업,2,0,0
2019,00545716,롯데렌탈,089860,KOSPI,운송장비 임대업,1,0,0
2019,00547583,하나금융지주,086790,KOSPI,기타 금융업,1,0,0
2019,00555874,제주항공,089590,KOSPI,항공 여객 운송업,2,1,1
2019,00557508,GKL,114090,KOSPI,유원지 및 기타 오락관련 서비스업,1,0,0
2019,00557933,진도,088790,KOSPI,기타 전문 도매업,1,0,0
2019,00564562,엠씨넥스,097520,KOSPI,영상 및 음향기기 제조업,1,0,0
2019,00565154,이노션,214320,KOSPI,광고업,1,0,0
2019,00573579,평화산업,090080,KOSPI,자동차 신품 부품 제조업,1,0,0
2019,00583424,아모레퍼시픽,090430,KOSPI,기타 화학제품 제조업,2,1,1
2019,00583442,노루페인트,090350,KOSPI,기타 화학제품 제조업,1,0,0
2019,00587466,KPX홀딩스,092230,KOSPI,기초 화학물질 제조업,1,0,0
2019,00589127,KEC,092220,KOSPI,반도체 제조업,1,0,0
2019,00593032,LF,093050,KOSPI,봉제의복 제조업,1,0,0
2019,00595191,후성,093370,KOSPI,기초 화학물질 제조업,1,0,0
2019,00628189,웅진씽크빅,095720,KOSPI,초등 교육기관,1,0,0
2019,00631518,SK이노베이션,096770,KOSPI,석유 정제품 제조업,1,0,0
2019,00632304,JW홀딩스,096760,KOSPI,기타 금융업,1,0,0
2019,00633835,HJ중공업,097230,KOSPI,토목 건설업,1,0,0
2019,00635134,CJ제일제당,097950,KOSPI,기타 식품 제조업,1,0,0
2019,00646732,진양홀딩스,100250,KOSPI,플라스틱제품 제조업,1,0,0
2019,00648721,SNT에너지,100840,KOSPI,일반 목적용 기계 제조업,1,0,0
2019,00651901,에어부산,298690,KOSPI,항공 여객 운송업,1,0,0
2019,00652423,인바이오젠,101140,KOSPI,기계장비 및 관련 물품 도매업,1,0,0
2019,00653024,진에어,272450,KOSPI,항공 여객 운송업,1,0,0
2019,00661847,화인베스틸,133820,KOSPI,1차 철강 제조업,1,0,0
2019,00670340,씨에스윈드,112610,KOSPI,"구조용 금속제품, 탱크 및 증기발생기 제조업",2,1,1
2019,00671376,트리니티항공,091810,KOSPI,항공 여객 운송업,1,0,0
2019,00679314,동성케미컬,102260,KOSPI,합성고무 및 플라스틱 물질 제조업,1,0,0
2019,00683469,일진전기,103590,KOSPI,절연선 및 케이블 제조업,1,0,0
2019,00684714,풍산,103140,KOSPI,1차 비철금속 제조업,1,0,0
2019,00684802,에이플러스에셋,244920,KOSPI,보험 및 연금관련 서비스업,1,0,0
2019,00687711,한국철강,104700,KOSPI,1차 철강 제조업,1,0,0
2019,00688996,KB금융,105560,KOSPI,기타 금융업,1,0,0
2019,00706715,미원홀딩스,107590,KOSPI,기타 금융업,1,0,0
2019,00728638,한세실업,105630,KOSPI,봉제의복 제조업,1,0,0
2019,00753643,주성코퍼레이션,109070,KOSPI,통신 및 방송 장비 제조업,3,2,1
2019,00759513,LX하우시스,108670,KOSPI,플라스틱제품 제조업,1,0,0
2019,00760971,크래프톤,259960,KOSPI,소프트웨어 개발 및 공급업,4,3,1
2019,00767460,PI첨단소재,178920,KOSPI,플라스틱제품 제조업,1,0,0
2019,00776820,영원무역,111770,KOSPI,상품 종합 도매업,1,0,0
2019,00787376,대성에너지,117580,KOSPI,연료용 가스 제조 및 배관공급업,1,0,0
2019,00791209,메타케어,118000,KOSPI,기계장비 및 관련 물품 도매업,1,0,0
2019,00795135,코오롱인더,120110,KOSPI,화학섬유 제조업,1,0,0
2019,00796994,조선선재,120030,KOSPI,기타 금속 가공제품 제조업,1,0,0
2019,00797364,KC코트렐,119650,KOSPI,일반 목적용 기계 제조업,1,0,0
2019,00815369,에스제이엠,123700,KOSPI,자동차 신품 부품 제조업,1,0,0
2019,00816544,토니모리,214420,KOSPI,기타 화학제품 제조업,1,0,0
2019,00823429,한국화장품,123690,KOSPI,생활용품 도매업,1,0,0
2019,00828497,한미약품,128940,KOSPI,의약품 제조업,2,1,1
2019,00828789,대성산업,128820,KOSPI,연료 소매업,1,0,0
2019,00838500,엘브이엠씨,900140,KOSPI,자동차 판매업,2,1,1
2019,00852087,시디즈,134790,KOSPI,가구 제조업,1,0,0
2019,00855093,선진,136490,KOSPI,동물용 사료 및 조제식품 제조업,1,0,0
2019,00855163,미원화학,134380,KOSPI,기타 화학제품 제조업,1,0,0
2019,00858364,BNK금융지주,138930,KOSPI,기타 금융업,1,0,0
2019,00860332,메리츠금융지주,138040,KOSPI,기타 금융업,1,0,0
2019,00860730,에이리츠,140910,KOSPI,부동산 임대 및 공급업,2,1,1
2019,00861076,케이탑리츠,145270,KOSPI,부동산 임대 및 공급업,1,0,0
2019,00872984,이마트,139480,KOSPI,종합 소매업,1,0,0
2019,00877059,삼성바이오로직스,207940,KOSPI,기초 의약물질 제조업,1,0,0
2019,00878915,iM금융지주,139130,KOSPI,기타 금융업,1,0,0
2019,00896285,삼양사,145990,KOSPI,기타 식품 제조업,2,1,1
2019,00904672,넷마블,251270,KOSPI,소프트웨어 개발 및 공급업,2,1,1
2019,00911955,잇츠한불,226320,KOSPI,기타 화학제품 제조업,1,0,0
2019,00936787,애경케미칼,161000,KOSPI,기초 화학물질 제조업,1,0,0
2019,00937324,한국타이어앤테크놀로지,161390,KOSPI,고무제품 제조업,1,0,0
2019,00939331,한국콜마,161890,KOSPI,기타 화학제품 제조업,1,0,0
2019,00939687,동일고무벨트,163560,KOSPI,고무제품 제조업,1,0,0
2019,00956930,동아에스티,170900,KOSPI,의약품 제조업,1,0,0
2019,00980122,JB금융지주,175330,KOSPI,기타 금융업,2,1,1
2019,00983040,한진칼,180640,KOSPI,기타 금융업,4,3,1
2019,00983271,NHN,181710,KOSPI,소프트웨어 개발 및 공급업,1,0,0
2019,00990165,아세아시멘트,183190,KOSPI,"시멘트, 석회, 플라스터 및 그 제품 제조업",1,0,0
2019,00992871,종근당,185750,KOSPI,의약품 제조업,1,0,0
2019,01009789,코스맥스,192820,KOSPI,기타 화학제품 제조업,1,0,0
2019,01010110,더블유게임즈,192080,KOSPI,소프트웨어 개발 및 공급업,1,0,0
2019,01032413,해성디에스,195870,KOSPI,전자부품 제조업,1,0,0
2019,01032486,두산밥캣,241560,KOSPI,특수 목적용 기계 제조업,1,0,0
2019,01035289,JK리버스톤리츠,204210,KOSPI,부동산 임대 및 공급업,1,0,0
2019,01036446,서연이화,200880,KOSPI,자동차 신품 부품 제조업,2,1,1
2019,01042775,HL만도,204320,KOSPI,자동차 신품 부품 제조업,1,0,0
2019,01059605,디와이파워,210540,KOSPI,특수 목적용 기계 제조업,1,0,0
2019,01060744,한솔제지,213500,KOSPI,"펄프, 종이 및 판지 제조업",1,0,0
2019,01060814,삼양패키징,272550,KOSPI,플라스틱제품 제조업,1,0,0
2019,01093007,LS에코에너지,229640,KOSPI,기타 금융업,1,0,0
2019,01108099,현대코퍼레이션홀딩스,227840,KOSPI,음·식료품 및 담배 도매업,1,0,0
2019,01128613,화승엔터프라이즈,241590,KOSPI,신발 및 신발 부분품 제조업,1,0,0
2019,01159233,솔루엠,248070,KOSPI,전자부품 제조업,5,4,1
2019,01167056,샘표식품,248170,KOSPI,기타 식품 제조업,1,0,0
2019,01168383,일동제약,249420,KOSPI,의약품 제조업,1,0,0
2019,01190568,에이피알,278470,KOSPI,기타 화학제품 제조업,6,5,1
2019,01199550,HD현대에너지솔루션,322000,KOSPI,반도체 제조업,2,1,1
2019,01205329,크라운제과,264900,KOSPI,"떡, 빵 및 과자류 제조업",1,0,0
2019,01205709,HD현대,267250,KOSPI,기타 금융업,1,0,0
2019,01205842,HD건설기계,267270,KOSPI,특수 목적용 기계 제조업,1,0,0
2019,01205851,HD현대일렉트릭,267260,KOSPI,"전동기, 발전기 및 전기 변환 · 공급 · 제어 장치 제조업",1,0,0
2019,01208885,경동도시가스,267290,KOSPI,연료용 가스 제조 및 배관공급업,1,0,0
2019,01234297,미원에스씨,268280,KOSPI,기초 화학물질 제조업,1,0,0
2019,01236897,제일약품,271980,KOSPI,의약품 제조업,1,0,0
2019,01238169,오리온,271560,KOSPI,기타 식품 제조업,1,0,0
2019,01258507,롯데웰푸드,280360,KOSPI,기타 식품 제조업,1,0,0
2019,01261893,케이씨텍,281820,KOSPI,"측정, 시험, 항해, 제어 및 기타 정밀기기 제조업; 광학기기 제외",1,0,0
2019,01262032,롯데이노베이트,286940,KOSPI,"컴퓨터 프로그래밍, 시스템 통합 및 관리업",1,0,0
2019,01263022,BGF리테일,282330,KOSPI,종합 소매업,1,0,0
2019,01267170,SK케미칼,285130,KOSPI,합성고무 및 플라스틱 물질 제조업,1,0,0
2019,01267684,쿠쿠홈시스,284740,KOSPI,개인 및 가정용품 임대업,1,0,0
2019,01276594,신한알파리츠,293940,KOSPI,부동산 임대 및 공급업,3,1,1
2019,01310269,IPARK현대산업개발,294870,KOSPI,건물 건설업,3,2,1
2019,01316227,효성티앤씨,298020,KOSPI,화학섬유 제조업,1,0,0
2019,01316236,효성화학,298000,KOSPI,기초 화학물질 제조업,1,0,0
2019,01316245,효성중공업,298040,KOSPI,"전동기, 발전기 및 전기 변환 · 공급 · 제어 장치 제조업",1,0,0
2019,01316254,HS효성첨단소재,298050,KOSPI,화학섬유 제조업,2,1,1
2019,01319808,한일시멘트,300720,KOSPI,"시멘트, 석회, 플라스터 및 그 제품 제조업",2,1,1
2019,01319899,SK바이오사이언스,302440,KOSPI,기초 의약물질 제조업,2,1,1
2019,01325979,세아제강,306200,KOSPI,1차 철강 제조업,1,0,0
2019,01350869,우리금융지주,316140,KOSPI,기타 금융업,1,0,0
2019,01363818,롯데리츠,330590,KOSPI,부동산 임대 및 공급업,3,1,1
2019,01391033,NH프라임리츠,338100,KOSPI,부동산 임대 및 공급업,2,0,0
2019,01394377,이지스밸류플러스리츠,334890,KOSPI,부동산 임대 및 공급업,1,0,0
2019,01412725,두산퓨얼셀,336260,KOSPI,"전동기, 발전기 및 전기 변환 · 공급 · 제어 장치 제조업",1,0,0
2019,01412822,솔루스첨단소재,336370,KOSPI,전자부품 제조업,1,0,0
2019,01415892,제이알글로벌리츠,348950,KOSPI,부동산 임대 및 공급업,1,0,0
2020,00100939,강남제비스코,000860,KOSPI,기타 화학제품 제조업,1,0,0
2020,00101044,에이프로젠바이오로직스,003060,KOSPI,의약품 제조업,1,0,0
2020,00101220,KG케미칼,001390,KOSPI,기초 화학물질 제조업,1,0,0
2020,00101433,경농,002100,KOSPI,"비료, 농약 및 살균, 살충제 제조업",1,0,0
2020,00101488,경동나비엔,009450,KOSPI,가정용 기기 제조업,3,2,1
2020,00101628,경방,000050,KOSPI,종합 소매업,1,0,0
2020,00101664,경보제약,214390,KOSPI,기초 의약물질 제조업,1,0,0
2020,00102113,경인양행,012610,KOSPI,기초 화학물질 제조업,2,1,1
2020,00102140,경인전자,009140,KOSPI,전자부품 제조업,1,0,0
2020,00102432,계룡건설산업,013580,KOSPI,토목 건설업,2,1,1
2020,00102618,계양전기,012200,KOSPI,일반 목적용 기계 제조업,1,0,0
2020,00102751,고려산업,002140,KOSPI,"곡물가공품, 전분 및 전분제품 제조업",1,0,0
2020,00102858,고려아연,010130,KOSPI,1차 비철금속 제조업,1,0,0
2020,00103006,고려제강,002240,KOSPI,1차 철강 제조업,1,0,0
2020,00103042,케이씨티시,009070,KOSPI,도로 화물 운송업,2,1,1
2020,00103130,플레이그램,009810,KOSPI,기타 전문 도매업,3,2,1
2020,00103176,흥국화재,000540,KOSPI,보험업,2,1,1
2020,00103510,인지컨트롤스,023800,KOSPI,자동차 신품 부품 제조업,1,0,0
2020,00103592,광동제약,009290,KOSPI,의약품 제조업,3,2,1
2020,00103662,광명전기,017040,KOSPI,"전동기, 발전기 및 전기 변환 · 공급 · 제어 장치 제조업",1,0,0
2020,00104388,국도화학,007690,KOSPI,기초 화학물질 제조업,3,2,1
2020,00104698,LS네트웍스,000680,KOSPI,상품 종합 도매업,1,0,0
2020,00104722,국제약품,002720,KOSPI,의약품 제조업,1,0,0
2020,00104768,가온전선,000500,KOSPI,절연선 및 케이블 제조업,1,0,0
2020,00104786,미래아이앤지,007120,KOSPI,"컴퓨터 프로그래밍, 시스템 통합 및 관리업",1,0,0
2020,00104856,삼성증권,016360,KOSPI,금융 지원 서비스업,1,0,0
2020,00104999,윌비스,008600,KOSPI,생활용품 도매업,1,0,0
2020,00105101,INVENI,015360,KOSPI,회사 본부 및 경영 컨설팅 서비스업,1,0,0
2020,00105156,극동유화,014530,KOSPI,석유 정제품 제조업,1,0,0
2020,00105271,케이씨씨,002380,KOSPI,기타 화학제품 제조업,6,5,1
2020,00105280,현대지에프홀딩스,005440,KOSPI,기타 금융업,1,0,0
2020,00105299,금강공업,014280,KOSPI,1차 철강 제조업,1,0,0
2020,00105606,금호에이치티,214330,KOSPI,자동차 신품 부품 제조업,2,1,1
2020,00105855,엘에스일렉트릭,010120,KOSPI,"전동기, 발전기 및 전기 변환 · 공급 · 제어 장치 제조업",1,0,0
2020,00105873,LG디스플레이,034220,KOSPI,전자부품 제조업,1,0,0
2020,00105952,LS,006260,KOSPI,기타 금융업,5,4,1
2020,00105961,LG이노텍,011070,KOSPI,전자부품 제조업,2,1,1
2020,00106119,금양,001570,KOSPI,기초 화학물질 제조업,1,0,0
2020,00106313,금호건설,002990,KOSPI,건물 건설업,1,0,0
2020,00106368,금호석유화학,011780,KOSPI,기초 화학물질 제조업,2,1,1
2020,00106395,금호전기,001210,KOSPI,전구 및 조명장치 제조업,2,1,1
2020,00106614,기신정기,092440,KOSPI,특수 목적용 기계 제조업,1,0,0
2020,00106623,현대위아,011210,KOSPI,자동차 신품 부품 제조업,1,0,0
2020,00106641,기아,000270,KOSPI,자동차용 엔진 및 자동차 제조업,8,7,1
2020,00106669,세아베스틸지주,001430,KOSPI,1차 철강 제조업,1,0,0
2020,00106881,인디에프,014990,KOSPI,봉제의복 제조업,2,1,1
2020,00107066,남광토건,001260,KOSPI,기타 금융업,2,2,1
2020,00107224,남선알미늄,008350,KOSPI,1차 비철금속 제조업,1,0,0
2020,00107598,남양유업,003920,KOSPI,동·식물성 유지 및 낙농제품 제조업,1,0,0
2020,00107613,이수페타시스,007660,KOSPI,전자부품 제조업,2,1,1
2020,00107677,비비안,002070,KOSPI,봉제의복 제조업,3,2,1
2020,00107987,남해화학,025860,KOSPI,"비료, 농약 및 살균, 살충제 제조업",1,0,0
2020,00108038,엔피씨,004250,KOSPI,플라스틱제품 제조업,1,0,0
2020,00108135,녹십자홀딩스,005250,KOSPI,회사 본부 및 경영 컨설팅 서비스업,1,0,0
2020,00108241,농심,004370,KOSPI,기타 식품 제조업,1,0,0
2020,00108746,DKME,015590,KOSPI,일반 목적용 기계 제조업,1,0,0
2020,00108913,대교,019680,KOSPI,초등 교육기관,1,0,0
2020,00108940,대성홀딩스,016710,KOSPI,회사 본부 및 경영 컨설팅 서비스업,9,8,1
2020,00108977,대구백화점,006370,KOSPI,종합 소매업,1,0,0
2020,00109161,태경케미컬,006890,KOSPI,기초 화학물질 제조업,1,0,0
2020,00109189,대덕,008060,KOSPI,기타 금융업,1,0,0
2020,00109286,대동,000490,KOSPI,특수 목적용 기계 제조업,1,0,0
2020,00109514,티웨이홀딩스,004870,KOSPI,"시멘트, 석회, 플라스터 및 그 제품 제조업",1,0,0
2020,00109693,DL,000210,KOSPI,기초 화학물질 제조업,3,2,1
2020,00109718,사조대림,003960,KOSPI,수산물 가공 및 저장 처리업,1,0,0
2020,00109754,대림바스,005750,KOSPI,"내화, 비내화 요업제품 제조업",2,1,1
2020,00109806,삼일씨엔에스,004440,KOSPI,"시멘트, 석회, 플라스터 및 그 제품 제조업",1,0,0
2020,00109824,대림통상,006570,KOSPI,기타 금속 가공제품 제조업,1,0,0
2020,00110608,DSR,155660,KOSPI,1차 비철금속 제조업,1,0,0
2020,00110893,대신증권,003540,KOSPI,금융 지원 서비스업,1,0,0
2020,00111111,대양금속,009190,KOSPI,1차 철강 제조업,2,1,1
2020,00111421,휴니드테크놀러지스,005870,KOSPI,통신 및 방송 장비 제조업,1,0,0
2020,00111458,대영포장,014160,KOSPI,"골판지, 종이 상자 및 종이용기 제조업",1,0,0
2020,00111689,아진전자부품,009320,KOSPI,자동차 신품 부품 제조업,2,1,1
2020,00111704,한화오션,042660,KOSPI,선박 및 보트 건조업,1,0,0
2020,00111722,미래에셋증권,006800,KOSPI,금융 지원 서비스업,1,0,0
2020,00111810,대웅,003090,KOSPI,의약품 제조업,1,0,0
2020,00111847,대원강업,000430,KOSPI,자동차 신품 부품 제조업,1,0,0
2020,00111999,대원제약,003220,KOSPI,의약품 제조업,3,2,1
2020,00112022,대원화성,024890,KOSPI,플라스틱제품 제조업,4,3,1
2020,00112059,상상인증권,001290,KOSPI,금융 지원 서비스업,1,0,0
2020,00112165,디아이씨,092200,KOSPI,자동차 신품 부품 제조업,1,0,0
2020,00112332,미래에셋생명,085620,KOSPI,보험업,2,1,1
2020,00112378,KR모터스,000040,KOSPI,그외 기타 운송장비 제조업,1,0,0
2020,00112651,대창,012800,KOSPI,1차 비철금속 제조업,1,0,0
2020,00112679,대창단조,015230,KOSPI,자동차 신품 부품 제조업,1,0,0
2020,00112970,대한방직,001070,KOSPI,직물직조 및 직물제품 제조업,2,1,1
2020,00113058,한화생명,088350,KOSPI,보험업,1,0,0
2020,00113191,코리안리,003690,KOSPI,재 보험업,2,1,1
2020,00113207,대한전선,001440,KOSPI,절연선 및 케이블 제조업,1,0,0
2020,00113225,대한제강,084010,KOSPI,1차 철강 제조업,2,1,1
2020,00113234,대한제당,001790,KOSPI,"곡물가공품, 전분 및 전분제품 제조업",2,1,1
2020,00113243,대한제분,001130,KOSPI,"곡물가공품, 전분 및 전분제품 제조업",1,0,0
2020,00113359,교보증권,030610,KOSPI,금융 지원 서비스업,2,1,1
2020,00113410,CJ대한통운,000120,KOSPI,도로 화물 운송업,1,0,0
2020,00113492,깨끗한나라,004540,KOSPI,"펄프, 종이 및 판지 제조업",1,0,0
2020,00113508,노루홀딩스,000320,KOSPI,기타 금융업,1,0,0
2020,00113526,대한항공,003490,KOSPI,항공 여객 운송업,2,1,1
2020,00113535,대한해운,005880,KOSPI,해상 운송업,1,0,0
2020,00113544,대한화섬,003830,KOSPI,화학섬유 제조업,1,0,0
2020,00113562,롯데손해보험,000400,KOSPI,보험업,2,1,1
2020,00113614,대현,016090,KOSPI,봉제의복 제조업,2,1,1
2020,00113997,롯데에너지머티리얼즈,020150,KOSPI,전자부품 제조업,3,2,1
2020,00114093,덕성,004830,KOSPI,플라스틱제품 제조업,1,0,0
2020,00114154,디와이덕양,024900,KOSPI,자동차 신품 부품 제조업,2,1,1
2020,00114552,도화엔지니어링,002150,KOSPI,"건축기술, 엔지니어링 및 관련 기술 서비스업",1,0,0
2020,00114765,케이비아이동국실업,001620,KOSPI,자동차 신품 부품 제조업,1,0,0
2020,00114792,동국홀딩스,001230,KOSPI,기타 금융업,2,1,1
2020,00115065,동남합성,023450,KOSPI,기초 화학물질 제조업,1,0,0
2020,00115287,동방,004140,KOSPI,기타 운송관련 서비스업,8,7,1
2020,00115384,동방아그로,007590,KOSPI,"비료, 농약 및 살균, 살충제 제조업",1,0,0
2020,00115612,동부건설,005960,KOSPI,토목 건설업,4,3,1
2020,00115676,KG스틸,016380,KOSPI,1차 철강 제조업,1,0,0
2020,00115694,DB증권,016610,KOSPI,금융 지원 서비스업,2,1,1
2020,00115977,아이에스동서,010780,KOSPI,"시멘트, 석회, 플라스터 및 그 제품 제조업",1,0,0
2020,00116268,동성제약,002210,KOSPI,의약품 제조업,1,0,0
2020,00116301,NI스틸,008260,KOSPI,1차 철강 제조업,1,0,0
2020,00116824,동아쏘시오홀딩스,000640,KOSPI,기타 금융업,1,0,0
2020,00116949,DN오토모티브,007340,KOSPI,일차전지 및 이차전지 제조업,1,0,0
2020,00117027,알루코,001780,KOSPI,1차 비철금속 제조업,1,0,0
2020,00117179,디와이,013570,KOSPI,기타 금융업,1,0,0
2020,00117188,효성,004800,KOSPI,기타 금융업,4,3,1
2020,00117212,두산,000150,KOSPI,전자부품 제조업,1,0,0
2020,00117230,TYM,002900,KOSPI,특수 목적용 기계 제조업,1,0,0
2020,00117267,동양생명,082640,KOSPI,보험업,4,3,1
2020,00117300,TCC스틸,002710,KOSPI,1차 철강 제조업,1,0,0
2020,00117337,동양,001520,KOSPI,"시멘트, 석회, 플라스터 및 그 제품 제조업",1,0,0
2020,00117498,스틱인베스트먼트,026890,KOSPI,신탁업 및 집합투자업,1,0,0
2020,00117577,오리온홀딩스,001800,KOSPI,기타 금융업,1,0,0
2020,00117601,유안타증권,003470,KOSPI,금융 지원 서비스업,1,0,0
2020,00117629,KBI동양철관,008970,KOSPI,1차 철강 제조업,1,0,0
2020,00117726,DYP,092780,KOSPI,자동차용 엔진 및 자동차 제조업,1,0,0
2020,00118008,동원금속,018500,KOSPI,자동차 신품 부품 제조업,3,1,1
2020,00118026,동원산업,006040,KOSPI,기타 금융업,1,0,0
2020,00118044,동원수산,030720,KOSPI,어로 어업,1,0,0
2020,00118266,DRB동일,004840,KOSPI,고무제품 제조업,1,0,0
2020,00118275,디아이,003160,KOSPI,"측정, 시험, 항해, 제어 및 기타 정밀기기 제조업; 광학기기 제외",1,0,0
2020,00118345,디아이동일,001530,KOSPI,상품 중개업,1,0,0
2020,00118451,동일제강,002690,KOSPI,1차 철강 제조업,1,0,0
2020,00118521,진원생명과학,011000,KOSPI,의약품 제조업,1,0,0
2020,00118965,티에이치엔,019180,KOSPI,기타 전기장비 제조업,1,0,0
2020,00119007,무림P&P,009580,KOSPI,"펄프, 종이 및 판지 제조업",1,0,0
2020,00119140,핸즈코퍼레이션,143210,KOSPI,자동차 신품 부품 제조업,1,0,0
2020,00119195,동화약품,000020,KOSPI,의약품 제조업,1,0,0
2020,00119672,두올,016740,KOSPI,자동차 신품 부품 제조업,2,1,1
2020,00120021,LG,003550,KOSPI,기타 금융업,1,0,0
2020,00120030,GS건설,006360,KOSPI,건물 건설업,1,0,0
2020,00120076,LX인터내셔널,001120,KOSPI,상품 중개업,1,0,0
2020,00120182,NH투자증권,005940,KOSPI,금융 지원 서비스업,1,0,0
2020,00120526,롯데쇼핑,023530,KOSPI,종합 소매업,1,0,0
2020,00120562,롯데지주,004990,KOSPI,기타 금융업,1,0,0
2020,00120571,롯데칠성음료,005300,KOSPI,비알코올음료 및 얼음 제조업,1,0,0
2020,00120872,만호제강,001080,KOSPI,1차 철강 제조업,1,0,0
2020,00121039,명문제약,017180,KOSPI,의약품 제조업,3,2,1
2020,00121288,모나미,005360,KOSPI,생활용품 도매업,2,1,1
2020,00121534,MH에탄올,023150,KOSPI,알코올음료 제조업,1,0,0
2020,00121543,무학,033920,KOSPI,알코올음료 제조업,1,0,0
2020,00121570,문배철강,008420,KOSPI,1차 철강 제조업,2,1,1
2020,00121932,미원상사,002840,KOSPI,기타 화학제품 제조업,2,1,1
2020,00121941,대상,001680,KOSPI,기타 식품 제조업,1,0,0
2020,00121969,에쓰씨엔지니어링,023960,KOSPI,토목 건설업,2,1,1
2020,00122056,미창석유공업,003650,KOSPI,석유 정제품 제조업,1,0,0
2020,00122348,방림,003610,KOSPI,직물직조 및 직물제품 제조업,1,0,0
2020,00122472,PKC,001340,KOSPI,기초 화학물질 제조업,1,0,0
2020,00122481,태경비케이,014580,KOSPI,"시멘트, 석회, 플라스터 및 그 제품 제조업",1,0,0
2020,00122551,백산,035150,KOSPI,플라스틱제품 제조업,2,1,1
2020,00122579,BYC,001460,KOSPI,봉제의복 제조업,1,0,0
2020,00122694,범양건영,002410,KOSPI,건물 건설업,1,0,0
2020,00122737,팬오션,028670,KOSPI,해상 운송업,1,0,0
2020,00122825,인스코비,006490,KOSPI,전기 통신업,1,0,0
2020,00122898,벽산,007210,KOSPI,기타 비금속 광물제품 제조업,1,0,0
2020,00123107,보락,002760,KOSPI,기타 화학제품 제조업,1,0,0
2020,00123143,보령,003850,KOSPI,의약품 제조업,1,0,0
2020,00123541,보해양조,000890,KOSPI,알코올음료 제조업,2,1,1
2020,00123718,부광약품,003000,KOSPI,의약품 제조업,2,1,1
2020,00123772,부국증권,001270,KOSPI,금융 지원 서비스업,1,0,0
2020,00123781,부국철강,026940,KOSPI,1차 철강 제조업,1,0,0
2020,00124027,부산산업,011390,KOSPI,"시멘트, 석회, 플라스터 및 그 제품 제조업",1,0,0
2020,00124090,한국특강,007280,KOSPI,1차 철강 제조업,3,2,1
2020,00124151,부산주공,005030,KOSPI,자동차 신품 부품 제조업,5,4,1
2020,00124197,세아제강지주,003030,KOSPI,기타 금융업,1,0,0
2020,00124504,포스코인터내셔널,047050,KOSPI,상품 중개업,1,0,0
2020,00124540,대우건설,047040,KOSPI,건물 건설업,3,2,1
2020,00124726,빙그레,005180,KOSPI,동·식물성 유지 및 낙농제품 제조업,1,0,0
2020,00124780,사조씨푸드,014710,KOSPI,수산물 가공 및 저장 처리업,1,0,0
2020,00124799,사조산업,007160,KOSPI,수산물 가공 및 저장 처리업,1,0,0
2020,00125080,AK홀딩스,006840,KOSPI,기타 금융업,2,1,1
2020,00125150,SGC에너지,005090,KOSPI,전기업,1,0,0
2020,00125521,에스엘,005850,KOSPI,자동차 신품 부품 제조업,1,0,0
2020,00125530,삼립,005610,KOSPI,기타 식품 제조업,1,0,0
2020,00125576,체시스,033250,KOSPI,자동차 신품 부품 제조업,1,0,0
2020,00125743,현대비앤지스틸,004560,KOSPI,1차 철강 제조업,1,0,0
2020,00125974,삼부토건,001470,KOSPI,토목 건설업,1,0,0
2020,00126089,DH오토넥스,000300,KOSPI,신탁업 및 집합투자업,7,12,1
2020,00126186,삼성에스디에스,018260,KOSPI,"컴퓨터 프로그래밍, 시스템 통합 및 관리업",1,0,0
2020,00126201,삼성공조,006660,KOSPI,자동차 신품 부품 제조업,1,0,0
2020,00126256,삼성생명,032830,KOSPI,보험업,1,0,0
2020,00126292,삼성카드,029780,KOSPI,기타 금융업,1,0,0
2020,00126308,삼성E&A,028050,KOSPI,"건축기술, 엔지니어링 및 관련 기술 서비스업",6,5,1
2020,00126362,삼성SDI,006400,KOSPI,일차전지 및 이차전지 제조업,1,0,0
2020,00126371,삼성전기,009150,KOSPI,전자부품 제조업,1,0,0
2020,00126380,삼성전자,005930,KOSPI,통신 및 방송 장비 제조업,1,0,0
2020,00126414,삼성제약,001360,KOSPI,의약품 제조업,2,1,1
2020,00126478,삼성중공업,010140,KOSPI,선박 및 보트 건조업,1,0,0
2020,00126487,F&F 홀딩스,007700,KOSPI,기타 금융업,1,0,0
2020,00126566,한화에어로스페이스,012450,KOSPI,"항공기,우주선 및 부품 제조업",1,0,0
2020,00126779,삼아알미늄,006110,KOSPI,1차 비철금속 제조업,1,0,0
2020,00126937,삼양홀딩스,000070,KOSPI,기타 금융업,1,0,0
2020,00126955,삼양식품,003230,KOSPI,기타 식품 제조업,1,0,0
2020,00127042,SYTS,002170,KOSPI,"가죽, 가방 및 유사제품 제조업",1,0,0
2020,00127158,씨아이테크,004920,KOSPI,영상 및 음향기기 제조업,2,1,1
2020,00127167,삼영무역,002810,KOSPI,기타 전문 도매업,2,1,1
2020,00127200,삼영전자공업,005680,KOSPI,전자부품 제조업,1,0,0
2020,00127255,삼영,003720,KOSPI,플라스틱제품 제조업,2,0,0
2020,00127802,삼익THK,004380,KOSPI,일반 목적용 기계 제조업,1,0,0
2020,00127857,삼익악기,002450,KOSPI,악기 제조업,1,0,0
2020,00128032,삼일제약,000520,KOSPI,의약품 제조업,1,0,0
2020,00128227,삼정펄프,009770,KOSPI,"펄프, 종이 및 판지 제조업",1,0,0
2020,00128412,삼진제약,005500,KOSPI,의약품 제조업,1,0,0
2020,00128555,삼천리,004690,KOSPI,연료용 가스 제조 및 배관공급업,1,0,0
2020,00128980,삼호개발,010960,KOSPI,기반조성 및 시설물 축조관련 전문공사업,1,0,0
2020,00129013,CJ씨푸드,011150,KOSPI,기타 식품 제조업,1,0,0
2020,00129235,삼화왕관,004450,KOSPI,기타 금속 가공제품 제조업,2,1,1
2020,00129271,삼화전기,009470,KOSPI,전자부품 제조업,1,0,0
2020,00129280,삼화전자공업,011230,KOSPI,영상 및 음향기기 제조업,1,0,0
2020,00129350,삼화콘덴서공업,001820,KOSPI,전자부품 제조업,1,0,0
2020,00129387,SP삼화,000390,KOSPI,기타 화학제품 제조업,1,0,0
2020,00129420,까뮤이앤씨,013700,KOSPI,건물 건설업,1,0,0
2020,00129509,한익스프레스,014130,KOSPI,도로 화물 운송업,1,0,0
2020,00129554,갤럭시아에스엠,011420,KOSPI,스포츠 서비스업,1,0,0
2020,00129642,상신브레이크,041650,KOSPI,자동차 신품 부품 제조업,1,0,0
2020,00129679,녹십자,006280,KOSPI,의약품 제조업,3,2,1
2020,00129989,코스모신소재,005070,KOSPI,기타 화학제품 제조업,2,1,1
2020,00130091,샘표,007540,KOSPI,기타 금융업,2,1,1
2020,00130684,서울도시가스,017390,KOSPI,연료용 가스 제조 및 배관공급업,1,0,0
2020,00130772,SBS,034120,KOSPI,텔레비전 방송업,1,0,0
2020,00130879,서울식품공업,004410,KOSPI,기타 식품 제조업,1,0,0
2020,00131054,유진증권,001200,KOSPI,의약품 제조업,1,0,0
2020,00131197,서원,021050,KOSPI,금속 주조업,2,1,1
2020,00131692,서흥,008490,KOSPI,기타 화학제품 제조업,1,0,0
2020,00131780,SK네트웍스,001740,KOSPI,기타 전문 도매업,2,1,1
2020,00131832,SK디스커버리,006120,KOSPI,기타 금융업,1,0,0
2020,00131850,SK증권,001510,KOSPI,금융 지원 서비스업,1,0,0
2020,00131939,선도전기,007610,KOSPI,"전동기, 발전기 및 전기 변환 · 공급 · 제어 장치 제조업",3,2,1
2020,00132211,SUN&L,002820,KOSPI,플라스틱제품 제조업,2,0,0
2020,00132354,쿠쿠홀딩스,192400,KOSPI,기타 금융업,2,1,1
2020,00132628,성문전자,014910,KOSPI,전자부품 제조업,1,0,0
2020,00132637,동원시스템즈,014820,KOSPI,플라스틱제품 제조업,1,0,0
2020,00132725,SB성보,003080,KOSPI,"비료, 농약 및 살균, 살충제 제조업",1,0,0
2020,00132804,성신양회,004980,KOSPI,"시멘트, 석회, 플라스터 및 그 제품 제조업",1,0,0
2020,00132868,우성머티리얼스,011300,KOSPI,직물직조 및 직물제품 제조업,1,0,0
2020,00133335,성창기업지주,000180,KOSPI,회사 본부 및 경영 컨설팅 서비스업,1,0,0
2020,00133511,SG세계물산,004060,KOSPI,상품 종합 도매업,1,0,0
2020,00133618,세기상사,002420,KOSPI,연료 소매업,2,1,1
2020,00133706,한국제지,027970,KOSPI,"펄프, 종이 및 판지 제조업",1,0,0
2020,00133812,세방,004360,KOSPI,도로 화물 운송업,1,0,0
2020,00133858,세방전지,004490,KOSPI,일차전지 및 이차전지 제조업,1,0,0
2020,00134176,세우글로벌,013000,KOSPI,기타 전문 도매업,2,1,1
2020,00134316,세원정공,021820,KOSPI,자동차 신품 부품 제조업,1,0,0
2020,00134477,SNT다이내믹스,003570,KOSPI,자동차 신품 부품 제조업,1,0,0
2020,00134510,SJG세종,033530,KOSPI,자동차 신품 부품 제조업,1,0,0
2020,00134565,이스타코,015020,KOSPI,부동산 임대 및 공급업,1,0,0
2020,00134723,페이퍼코리아,001020,KOSPI,"펄프, 종이 및 판지 제조업",2,1,1
2020,00134963,송원산업,004430,KOSPI,기타 화학제품 제조업,1,0,0
2020,00135050,팜젠사이언스,004720,KOSPI,의약품 제조업,1,0,0
2020,00135111,수산세보틱스,017550,KOSPI,특수 목적용 기계 제조업,1,0,0
2020,00135777,신대양제지,016590,KOSPI,"골판지, 종이 상자 및 종이용기 제조업",1,0,0
2020,00135795,신도리코,029530,KOSPI,컴퓨터 및 주변장치 제조업,1,0,0
2020,00135917,한화손해보험,000370,KOSPI,보험업,1,0,0
2020,00135962,신라교역,004970,KOSPI,어로 어업,2,1,1
2020,00136086,무림페이퍼,009200,KOSPI,"펄프, 종이 및 판지 제조업",1,0,0
2020,00136271,신성이엔지,011930,KOSPI,반도체 제조업,7,6,1
2020,00136378,신세계,004170,KOSPI,종합 소매업,1,0,0
2020,00136402,신송홀딩스,006880,KOSPI,산업용 농·축산물 및 동·식물 도매업,1,0,0
2020,00136457,SH에너지화학,002360,KOSPI,기초 화학물질 제조업,1,0,0
2020,00136624,신영와코루,005800,KOSPI,봉제의복 제조업,2,1,1
2020,00136721,신영증권,001720,KOSPI,금융 지원 서비스업,1,0,0
2020,00136776,차AI헬스케어,025620,KOSPI,기타 화학제품 제조업,2,0,0
2020,00136864,신원,009270,KOSPI,봉제의복 제조업,1,0,0
2020,00137207,유니켐,011330,KOSPI,자동차 신품 부품 제조업,1,0,0
2020,00137252,사조동아원,008040,KOSPI,"곡물가공품, 전분 및 전분제품 제조업",1,0,0
2020,00137359,신풍제약,019170,KOSPI,의약품 제조업,1,0,0
2020,00137368,신풍,002870,KOSPI,기타 전문 도매업,1,0,0
2020,00137809,SHD,001770,KOSPI,1차 철강 제조업,1,0,0
2020,00137997,현대차증권,001500,KOSPI,금융 지원 서비스업,2,1,1
2020,00138057,써니전자,004770,KOSPI,전자부품 제조업,1,0,0
2020,00138190,GS글로벌,001250,KOSPI,상품 종합 도매업,1,0,0
2020,00138242,KG모빌리티,003620,KOSPI,자동차용 엔진 및 자동차 제조업,1,0,0
2020,00138260,SIMPAC,009160,KOSPI,1차 철강 제조업,1,0,0
2020,00138279,S-Oil,010950,KOSPI,석유 정제품 제조업,1,0,0
2020,00138297,STX,011810,KOSPI,상품 종합 도매업,1,0,0
2020,00138516,아남전자,008700,KOSPI,영상 및 음향기기 제조업,1,0,0
2020,00138701,아세아,002030,KOSPI,회사 본부 및 경영 컨설팅 서비스업,1,0,0
2020,00138729,아세아제지,002310,KOSPI,"골판지, 종이 상자 및 종이용기 제조업",1,0,0
2020,00138792,아시아나항공,020560,KOSPI,항공 여객 운송업,2,1,1
2020,00139214,삼성화재해상보험,000810,KOSPI,보험업,1,0,0
2020,00139454,애경산업,018250,KOSPI,기타 화학제품 제조업,1,0,0
2020,00139764,에넥스,011090,KOSPI,가구 제조업,1,0,0
2020,00139834,LG씨엔에스,064400,KOSPI,"컴퓨터 프로그래밍, 시스템 통합 및 관리업",1,0,0
2020,00139889,SKC,011790,KOSPI,기타 화학제품 제조업,2,1,1
2020,00140131,키다리스튜디오,020120,KOSPI,"자료처리, 호스팅, 포털 및 기타 인터넷 정보매개 서비스업",1,0,0
2020,00140168,HS애드,035000,KOSPI,광고업,1,0,0
2020,00140177,GS리테일,007070,KOSPI,종합 소매업,3,2,1
2020,00140779,영보화학,014440,KOSPI,플라스틱제품 제조업,1,0,0
2020,00140946,한솔로지스틱스,009180,KOSPI,기타 운송관련 서비스업,1,0,0
2020,00140955,한솔케미칼,014680,KOSPI,기초 화학물질 제조업,2,1,1
2020,00140964,영원무역홀딩스,009970,KOSPI,기타 금융업,1,0,0
2020,00141149,영진약품,003520,KOSPI,의약품 제조업,1,0,0
2020,00141307,영풍,000670,KOSPI,1차 비철금속 제조업,1,0,0
2020,00141404,블루산업개발,006740,KOSPI,"골판지, 종이 상자 및 종이용기 제조업",2,1,1
2020,00141413,영화금속,012280,KOSPI,자동차 신품 부품 제조업,1,0,0
2020,00141477,영흥,012160,KOSPI,1차 철강 제조업,1,0,0
2020,00141529,오뚜기,007310,KOSPI,기타 식품 제조업,1,0,0
2020,00141626,오리엔트바이오,002630,KOSPI,의약품 제조업,2,1,1
2020,00141875,사조오양,006090,KOSPI,수산물 가공 및 저장 처리업,1,0,0
2020,00142661,우성,006980,KOSPI,"곡물가공품, 전분 및 전분제품 제조업",1,0,0
2020,00142865,WISCOM,024070,KOSPI,플라스틱제품 제조업,1,0,0
2020,00142883,우신시스템,017370,KOSPI,특수 목적용 기계 제조업,1,0,0
2020,00143262,우진아이엔에스,010400,KOSPI,건물설비 설치 공사업,1,0,0
2020,00143314,에이엔피,015260,KOSPI,전자부품 제조업,5,4,1
2020,00143527,경동인베스트,012320,KOSPI,기타 금융업,1,0,0
2020,00143651,웅진,016880,KOSPI,회사 본부 및 경영 컨설팅 서비스업,1,0,0
2020,00143794,원림,005820,KOSPI,직물직조 및 직물제품 제조업,1,0,0
2020,00144164,SK가스,018670,KOSPI,기타 전문 도매업,1,0,0
2020,00144252,유니온,000910,KOSPI,"시멘트, 석회, 플라스터 및 그 제품 제조업",1,0,0
2020,00144395,동서,026960,KOSPI,음·식료품 및 담배 도매업,2,1,1
2020,00144720,와이투솔루션,011690,KOSPI,반도체 제조업,1,0,0
2020,00144818,유유제약,000220,KOSPI,의약품 제조업,1,0,0
2020,00145109,유한양행,000100,KOSPI,의약품 제조업,1,0,0
2020,00145163,파미셀,005690,KOSPI,전자부품 제조업,1,0,0
2020,00145190,유화증권,003460,KOSPI,금융 지원 서비스업,1,0,0
2020,00145260,율촌화학,008730,KOSPI,플라스틱제품 제조업,1,0,0
2020,00145437,아센디오,012170,KOSPI,"영화, 비디오물, 방송프로그램 제작 및 배급업",3,2,1
2020,00145446,이건산업,008250,KOSPI,나무제품 제조업,1,0,0
2020,00145464,이구산업,025820,KOSPI,1차 비철금속 제조업,1,0,0
2020,00145552,이수화학,005950,KOSPI,기초 화학물질 제조업,2,1,1
2020,00145598,이연제약,102460,KOSPI,의약품 제조업,1,0,0
2020,00145686,이화산업,000760,KOSPI,기타 전문 도매업,2,1,1
2020,00145862,인천도시가스,034590,KOSPI,연료용 가스 제조 및 배관공급업,1,0,0
2020,00145880,현대제철,004020,KOSPI,1차 철강 제조업,1,0,0
2020,00146083,일동홀딩스,000230,KOSPI,의약품 제조업,1,0,0
2020,00146214,일성아이에스,003120,KOSPI,의약품 제조업,1,0,0
2020,00146232,일성건설,013360,KOSPI,토목 건설업,1,0,0
2020,00146269,일신방직,003200,KOSPI,방적 및 가공사 제조업,1,0,0
2020,00146296,일신석재,007110,KOSPI,"건축자재, 철물 및 난방장치 도매업",1,0,0
2020,00146454,일양약품,007570,KOSPI,의약품 제조업,1,0,0
2020,00146542,일정실업,008500,KOSPI,편조원단 제조업,3,2,1
2020,00146649,일진홀딩스,015860,KOSPI,기타 금융업,1,0,0
2020,00146861,자화전자,033240,KOSPI,전자부품 제조업,1,0,0
2020,00147222,전방,000950,KOSPI,방적 및 가공사 제조업,2,1,1
2020,00147860,에스엠벡셀,010580,KOSPI,자동차 신품 부품 제조업,3,2,1
2020,00148276,제일기획,030000,KOSPI,광고업,2,1,1
2020,00148443,제일파마홀딩스,002620,KOSPI,회사 본부 및 경영 컨설팅 서비스업,1,0,0
2020,00148461,제일연마,001560,KOSPI,기타 비금속 광물제품 제조업,1,0,0
2020,00148522,퍼스텍,010820,KOSPI,무기 및 총포탄 제조업,1,0,0
2020,00148540,CJ,001040,KOSPI,기타 금융업,1,0,0
2020,00148610,한화투자증권,003530,KOSPI,금융 지원 서비스업,1,0,0
2020,00148832,제주은행,006220,KOSPI,은행 및 저축기관,1,0,0
2020,00148896,OCI홀딩스,010060,KOSPI,기타 금융업,2,1,1
2020,00148920,조광페인트,004910,KOSPI,기타 화학제품 제조업,2,1,1
2020,00148939,조광피혁,004700,KOSPI,"가죽, 가방 및 유사제품 제조업",2,1,1
2020,00148948,조비,001550,KOSPI,"비료, 농약 및 살균, 살충제 제조업",1,0,0
2020,00148984,시알홀딩스,000480,KOSPI,"내화, 비내화 요업제품 제조업",1,0,0
2020,00148993,하이트진로홀딩스,000140,KOSPI,기타 금융업,4,3,1
2020,00149026,CS홀딩스,000590,KOSPI,기타 금융업,1,0,0
2020,00149239,조일알미늄,018470,KOSPI,1차 비철금속 제조업,1,0,0
2020,00149345,조흥,002600,KOSPI,기타 식품 제조업,2,1,1
2020,00149354,종근당홀딩스,001630,KOSPI,의약품 제조업,1,0,0
2020,00149646,기업은행,024110,KOSPI,은행 및 저축기관,1,0,0
2020,00149655,삼성물산,028260,KOSPI,기타 전문 도매업,1,0,0
2020,00149804,디와이에이,002880,KOSPI,자동차 신품 부품 제조업,4,3,1
2020,00149947,JW중외제약,001060,KOSPI,의약품 제조업,1,0,0
2020,00150244,하이트진로,000080,KOSPI,알코올음료 제조업,4,3,1
2020,00150439,진양산업,003780,KOSPI,플라스틱제품 제조업,1,0,0
2020,00150633,지누스,013890,KOSPI,가구 제조업,1,0,0
2020,00150828,진흥기업,002780,KOSPI,토목 건설업,1,0,0
2020,00151128,모토닉,009680,KOSPI,자동차 신품 부품 제조업,1,0,0
2020,00151298,DSR제강,069730,KOSPI,1차 철강 제조업,1,0,0
2020,00151368,인터지스,129260,KOSPI,도로 화물 운송업,1,0,0
2020,00151395,천일고속,000650,KOSPI,육상 여객 운송업,1,0,0
2020,00152039,SG글로벌,001380,KOSPI,자동차 신품 부품 제조업,1,0,0
2020,00152385,에이프로젠,007460,KOSPI,의약품 제조업,1,0,0
2020,00152686,코리아써키트,007810,KOSPI,전자부품 제조업,2,1,1
2020,00152729,광전자,017900,KOSPI,반도체 제조업,1,0,0
2020,00152862,코오롱,002020,KOSPI,기타 금융업,1,0,0
2020,00152880,코오롱글로벌,003070,KOSPI,토목 건설업,1,0,0
2020,00153126,크라운해태홀딩스,005740,KOSPI,기타 금융업,1,0,0
2020,00153339,태경산업,015890,KOSPI,기초 화학물질 제조업,1,0,0
2020,00153393,태광산업,003240,KOSPI,화학섬유 제조업,1,0,0
2020,00153524,태림포장,011280,KOSPI,"골판지, 종이 상자 및 종이용기 제조업",1,0,0
2020,00153621,참엔지니어링,009310,KOSPI,특수 목적용 기계 제조업,2,1,1
2020,00153755,태양금속공업,004100,KOSPI,자동차 신품 부품 제조업,1,0,0
2020,00153861,태영건설,009410,KOSPI,토목 건설업,1,0,0
2020,00154055,태원물산,001420,KOSPI,자동차 신품 부품 제조업,1,0,0
2020,00154329,TP,007980,KOSPI,봉제의복 제조업,1,0,0
2020,00154462,아모레퍼시픽홀딩스,002790,KOSPI,기타 화학제품 제조업,1,0,0
2020,00155124,평화홀딩스,010770,KOSPI,자동차 신품 부품 제조업,2,1,1
2020,00155212,포스코DX,022100,KOSPI,"건축기술, 엔지니어링 및 관련 기술 서비스업",1,0,0
2020,00155258,포스코스틸리온,058430,KOSPI,1차 철강 제조업,1,0,0
2020,00155276,포스코퓨처엠,003670,KOSPI,일차전지 및 이차전지 제조업,2,1,1
2020,00155319,POSCO홀딩스,005490,KOSPI,1차 철강 제조업,1,0,0
2020,00155355,풀무원,017810,KOSPI,기타 식품 제조업,2,1,1
2020,00155531,풍산홀딩스,005810,KOSPI,기타 금융업,1,0,0
2020,00156150,엑시큐어하이트론,019490,KOSPI,영상 및 음향기기 제조업,2,1,1
2020,00156354,지엠비코리아,013870,KOSPI,자동차 신품 부품 제조업,1,0,0
2020,00156488,휴스틸,005010,KOSPI,1차 철강 제조업,1,0,0
2020,00156691,한국공항,005430,KOSPI,기타 운송관련 서비스업,1,0,0
2020,00156859,다올투자증권,030210,KOSPI,금융 지원 서비스업,1,0,0
2020,00157070,한국단자공업,025540,KOSPI,"전동기, 발전기 및 전기 변환 · 공급 · 제어 장치 제조업",1,0,0
2020,00157399,한솔테크닉스,004710,KOSPI,전자부품 제조업,1,0,0
2020,00157681,롯데정밀화학,004000,KOSPI,기초 화학물질 제조업,1,0,0
2020,00157991,한국석유공업,004090,KOSPI,기타 비금속 광물제품 제조업,1,0,0
2020,00158112,한국수출포장공업,002200,KOSPI,"골판지, 종이 상자 및 종이용기 제조업",1,0,0
2020,00158149,한국쉘석유,002960,KOSPI,석유 정제품 제조업,1,0,0
2020,00158307,롯데하이마트,071840,KOSPI,가전제품 및 정보통신장비 소매업,1,0,0
2020,00158316,NICE,034310,KOSPI,회사 본부 및 경영 컨설팅 서비스업,2,1,1
2020,00158325,NICE평가정보,030190,KOSPI,기타 정보 서비스업,1,0,0
2020,00158501,에스원,012750,KOSPI,"경비, 경호 및 탐정업",1,0,0
2020,00158963,유나이티드,033270,KOSPI,의약품 제조업,1,0,0
2020,00159023,SK텔레콤,017670,KOSPI,전기 통신업,1,0,0
2020,00159102,DB손해보험,005830,KOSPI,보험업,1,0,0
2020,00159193,한국전력공사,015760,KOSPI,전기업,2,1,1
2020,00159209,한전기술,052690,KOSPI,"건축기술, 엔지니어링 및 관련 기술 서비스업",2,1,1
2020,00159218,한전KPS,051600,KOSPI,전기 및 통신 공사업,1,0,0
2020,00159254,한국전자홀딩스,006200,KOSPI,기타 금융업,1,0,0
2020,00159500,한국종합기술,023350,KOSPI,"건축기술, 엔지니어링 및 관련 기술 서비스업",1,0,0
2020,00159564,한국주강,025890,KOSPI,특수 목적용 기계 제조업,1,0,0
2020,00159573,한국주철관공업,000970,KOSPI,1차 철강 제조업,1,0,0
2020,00159616,두산에너빌리티,034020,KOSPI,일반 목적용 기계 제조업,1,0,0
2020,00159698,지역난방공사,071320,KOSPI,"증기, 냉·온수 및 공기조절 공급업",1,0,0
2020,00159740,KISCO홀딩스,001940,KOSPI,1차 철강 제조업,2,1,1
2020,00159786,유니드,014830,KOSPI,기초 화학물질 제조업,1,0,0
2020,00159795,한국카본,017960,KOSPI,"구조용 금속제품, 탱크 및 증기발생기 제조업",1,0,0
2020,00159810,카프로,006380,KOSPI,기초 화학물질 제조업,1,0,0
2020,00159971,KC그린홀딩스,009440,KOSPI,기타 금융업,1,0,0
2020,00160047,한국앤컴퍼니,000240,KOSPI,기타 금융업,3,2,1
2020,00160205,한국내화,010040,KOSPI,"내화, 비내화 요업제품 제조업",1,0,0
2020,00160232,KSS해운,044450,KOSPI,해상 운송업,2,1,1
2020,00160302,코스모화학,005420,KOSPI,기타 화학제품 제조업,3,2,1
2020,00160375,진양폴리우레탄,010640,KOSPI,플라스틱제품 제조업,1,0,0
2020,00160418,한국무브넥스,010100,KOSPI,자동차 신품 부품 제조업,1,0,0
2020,00160588,한화,000880,KOSPI,기타 화학제품 제조업,1,0,0
2020,00160621,한국화장품제조,003350,KOSPI,기타 화학제품 제조업,1,0,0
2020,00160843,DB하이텍,000990,KOSPI,반도체 제조업,1,0,0
2020,00160861,한농화성,011500,KOSPI,기타 화학제품 제조업,1,0,0
2020,00161046,한독,002390,KOSPI,의약품 제조업,1,0,0
2020,00161116,HL D&I,014790,KOSPI,토목 건설업,2,1,1
2020,00161125,한온시스템,018880,KOSPI,일반 목적용 기계 제조업,1,0,0
2020,00161383,한미반도체,042700,KOSPI,특수 목적용 기계 제조업,1,0,0
2020,00161426,한미사이언스,008930,KOSPI,기타 금융업,1,0,0
2020,00161693,한샘,009240,KOSPI,생활용품 도매업,2,1,1
2020,00161709,퍼시스,016800,KOSPI,가구 제조업,1,0,0
2020,00161860,한성기업,003680,KOSPI,수산물 가공 및 저장 처리업,2,1,1
2020,00161976,한세예스24홀딩스,016450,KOSPI,봉제의복 제조업,1,0,0
2020,00162063,한신공영,004960,KOSPI,건물 건설업,1,0,0
2020,00162072,한신기계공업,011700,KOSPI,일반 목적용 기계 제조업,2,1,1
2020,00162416,한양증권,001750,KOSPI,금융 지원 서비스업,1,0,0
2020,00162461,한화솔루션,009830,KOSPI,기초 화학물질 제조업,1,0,0
2020,00162586,한올바이오파마,009420,KOSPI,의약품 제조업,1,0,0
2020,00162993,한일홀딩스,003300,KOSPI,"시멘트, 석회, 플라스터 및 그 제품 제조업",2,1,1
2020,00163114,서연,007860,KOSPI,기타 금융업,1,0,0
2020,00163196,한일철강,002220,KOSPI,1차 철강 제조업,1,0,0
2020,00163345,DB,012030,KOSPI,"컴퓨터 프로그래밍, 시스템 통합 및 관리업",1,0,0
2020,00163512,한진,002320,KOSPI,도로 화물 운송업,2,1,1
2020,00163673,한진중공업홀딩스,003480,KOSPI,연료용 가스 제조 및 배관공급업,1,0,0
2020,00163691,유수홀딩스,000700,KOSPI,회사 본부 및 경영 컨설팅 서비스업,2,1,1
2020,00163716,한창,005110,KOSPI,기계장비 및 관련 물품 도매업,3,2,1
2020,00163761,한창제지,009460,KOSPI,"펄프, 종이 및 판지 제조업",1,0,0
2020,00164478,현대건설,000720,KOSPI,토목 건설업,1,0,0
2020,00164636,HDC,012630,KOSPI,기타 금융업,3,2,1
2020,00164645,HMM,011200,KOSPI,해상 운송업,1,0,0
2020,00164706,현대약품,004310,KOSPI,의약품 제조업,3,2,1
2020,00164724,현대엘리베이터,017800,KOSPI,일반 목적용 기계 제조업,1,0,0
2020,00164742,현대자동차,005380,KOSPI,자동차용 엔진 및 자동차 제조업,1,0,0
2020,00164779,SK하이닉스,000660,KOSPI,반도체 제조업,2,1,1
2020,00164788,현대모비스,012330,KOSPI,자동차 신품 부품 제조업,2,1,1
2020,00164812,현대코퍼레이션,011760,KOSPI,상품 종합 도매업,1,0,0
2020,00164830,HD한국조선해양,009540,KOSPI,기타 금융업,1,0,0
2020,00164973,현대해상,001450,KOSPI,보험업,2,1,1
2020,00165343,혜인,003010,KOSPI,기계장비 및 관련 물품 도매업,1,0,0
2020,00165413,롯데케미칼,011170,KOSPI,기초 화학물질 제조업,1,0,0
2020,00165583,E1,017940,KOSPI,기타 전문 도매업,1,0,0
2020,00165680,호텔신라,008770,KOSPI,기타 상품 전문 소매업,1,0,0
2020,00166227,화승인더스트리,006060,KOSPI,상품 종합 도매업,1,0,0
2020,00166272,화승코퍼레이션,013520,KOSPI,자동차 신품 부품 제조업,1,0,0
2020,00166315,화신,010690,KOSPI,자동차 신품 부품 제조업,1,0,0
2020,00166500,화천기계,010660,KOSPI,특수 목적용 기계 제조업,1,0,0
2020,00166519,화천기공,000850,KOSPI,특수 목적용 기계 제조업,1,0,0
2020,00166573,환인제약,016580,KOSPI,의약품 제조업,1,0,0
2020,00167192,넥센,005720,KOSPI,고무제품 제조업,1,0,0
2020,00167208,흥아해운,003280,KOSPI,해상 운송업,2,1,1
2020,00168331,온타이드,005320,KOSPI,생활용품 도매업,2,1,1
2020,00168401,금비,008870,KOSPI,유리 및 유리제품 제조업,2,1,1
2020,00169048,HLB글로벌,003580,KOSPI,종합 소매업,1,0,0
2020,00170558,코웨이,021240,KOSPI,그외 기타 개인 서비스업,1,0,0
2020,00171265,파라다이스,034230,KOSPI,유원지 및 기타 오락관련 서비스업,2,1,1
2020,00171636,한솔홀딩스,004150,KOSPI,기타 금융업,1,0,0
2020,00172185,남성,004270,KOSPI,기타 전문 도매업,1,0,0
2020,00172228,엔케이,085310,KOSPI,"구조용 금속제품, 탱크 및 증기발생기 제조업",1,0,0
2020,00172291,더존비즈온,012510,KOSPI,"컴퓨터 프로그래밍, 시스템 통합 및 관리업",3,2,1
2020,00172936,동일산업,004890,KOSPI,1차 철강 제조업,2,1,1
2020,00173078,명신산업,009900,KOSPI,자동차 신품 부품 제조업,1,0,0
2020,00173102,모나리자,012690,KOSPI,기타 종이 및 판지 제품 제조업,1,0,0
2020,00173698,신일전자,002700,KOSPI,기계장비 및 관련 물품 도매업,1,0,0
2020,00173795,신흥,004080,KOSPI,기계장비 및 관련 물품 도매업,1,0,0
2020,00173874,넥센타이어,002350,KOSPI,고무제품 제조업,1,0,0
2020,00173944,우진,105840,KOSPI,"측정, 시험, 항해, 제어 및 기타 정밀기기 제조업; 광학기기 제외",1,0,0
2020,00174004,유성기업,002920,KOSPI,자동차 신품 부품 제조업,3,2,1
2020,00174527,HS화성,002460,KOSPI,건물 건설업,1,0,0
2020,00176914,다우기술,023590,KOSPI,"자료처리, 호스팅, 포털 및 기타 인터넷 정보매개 서비스업",7,6,1
2020,00177199,디씨엠,024090,KOSPI,1차 철강 제조업,1,0,0
2020,00178754,동아지질,028100,KOSPI,기반조성 및 시설물 축조관련 전문공사업,1,0,0
2020,00180795,인팩,023810,KOSPI,자동차 신품 부품 제조업,1,0,0
2020,00181712,SK,034730,KOSPI,기타 금융업,1,0,0
2020,00181943,에스제이엠홀딩스,025530,KOSPI,자동차 부품 및 내장품 판매업,1,0,0
2020,00186559,아이티센씨티에스,031820,KOSPI,"컴퓨터 프로그래밍, 시스템 통합 및 관리업",2,1,1
2020,00188089,한섬,020000,KOSPI,봉제의복 제조업,1,0,0
2020,00190321,케이티,030200,KOSPI,전기 통신업,1,0,0
2020,00191472,KPX케미칼,025000,KOSPI,기초 화학물질 제조업,1,0,0
2020,00191588,삼원강재,023000,KOSPI,자동차 신품 부품 제조업,1,0,0
2020,00194947,한전산업,130660,KOSPI,"건축기술, 엔지니어링 및 관련 기술 서비스업",1,0,0
2020,00195229,미스토홀딩스,081660,KOSPI,생활용품 도매업,1,0,0
2020,00197759,미래산업,025560,KOSPI,"측정, 시험, 항해, 제어 및 기타 정밀기기 제조업; 광학기기 제외",2,1,1
2020,00198697,일진디스플,020760,KOSPI,반도체 제조업,1,0,0
2020,00203290,콜마홀딩스,024720,KOSPI,기타 금융업,1,0,0
2020,00203315,콘텐트리중앙,036420,KOSPI,"영화, 비디오물, 방송프로그램 제작 및 배급업",1,0,0
2020,00203582,한솔홈데코,025750,KOSPI,제재 및 목재 가공업,2,1,1
2020,00204208,마니커,027740,KOSPI,"도축, 육류 가공 및 저장 처리업",2,1,1
2020,00209780,케이씨,029460,KOSPI,"측정, 시험, 항해, 제어 및 기타 정밀기기 제조업; 광학기기 제외",1,0,0
2020,00210856,코아스,071950,KOSPI,가구 제조업,2,1,1
2020,00218575,황금에스티,032560,KOSPI,1차 비철금속 제조업,3,2,1
2020,00219097,BGF,027410,KOSPI,기타 금융업,3,2,1
2020,00219486,신세계I&C,035510,KOSPI,"컴퓨터 프로그래밍, 시스템 통합 및 관리업",1,0,0
2020,00219574,코스맥스비티아이,044820,KOSPI,기타 금융업,1,0,0
2020,00220561,광주신세계,037710,KOSPI,종합 소매업,1,0,0
2020,00222532,LG헬로비전,037560,KOSPI,텔레비전 방송업,1,0,0
2020,00225159,SNT홀딩스,036530,KOSPI,기타 금융업,1,0,0
2020,00225706,JW생명과학,234080,KOSPI,의약품 제조업,4,2,1
2020,00226316,호전실업,111110,KOSPI,봉제의복 제조업,2,1,1
2020,00231363,LG유플러스,032640,KOSPI,전기 통신업,1,0,0
2020,00231372,롯데관광개발,032350,KOSPI,여행사 및 기타 여행보조 서비스업,1,0,0
2020,00233653,한국토지신탁,034830,KOSPI,신탁업 및 집합투자업,1,0,0
2020,00234412,신세계인터내셔날,031430,KOSPI,"섬유, 의복, 신발 및 가죽제품 소매업",1,0,0
2020,00244455,케이티앤지,033780,KOSPI,담배 제조업,1,0,0
2020,00248974,하나제약,293480,KOSPI,의약품 제조업,1,0,0
2020,00249247,YG PLUS,037270,KOSPI,"자료처리, 호스팅, 포털 및 기타 인터넷 정보매개 서비스업",1,0,0
2020,00255619,강원랜드,035250,KOSPI,유원지 및 기타 오락관련 서비스업,2,1,1
2020,00256955,테이팩스,055490,KOSPI,플라스틱제품 제조업,1,0,0
2020,00258801,카카오,035720,KOSPI,"자료처리, 호스팅, 포털 및 기타 인터넷 정보매개 서비스업",1,0,0
2020,00260383,대한유화,006650,KOSPI,기초 화학물질 제조업,1,0,0
2020,00260392,대원전선,006340,KOSPI,절연선 및 케이블 제조업,1,0,0
2020,00260408,팜스코,036580,KOSPI,"곡물가공품, 전분 및 전분제품 제조업",1,0,0
2020,00261285,한국가스공사,036460,KOSPI,연료용 가스 제조 및 배관공급업,2,1,1
2020,00261443,NC,036570,KOSPI,소프트웨어 개발 및 공급업,1,0,0
2020,00266961,NAVER,035420,KOSPI,"자료처리, 호스팅, 포털 및 기타 인터넷 정보매개 서비스업",1,0,0
2020,00269241,주연테크,044380,KOSPI,컴퓨터 및 주변장치 제조업,1,0,0
2020,00269940,하나투어,039130,KOSPI,여행사 및 기타 여행보조 서비스업,2,1,1
2020,00274933,신세계푸드,031440,KOSPI,음식점업,1,0,0
2020,00296290,키움증권,039490,KOSPI,금융 지원 서비스업,12,11,1
2020,00299002,HL홀딩스,060980,KOSPI,기타 금융업,1,0,0
2020,00300548,현대리바트,079430,KOSPI,가구 제조업,1,0,0
2020,00302926,현대로템,064350,KOSPI,그외 기타 운송장비 제조업,2,1,1
2020,00303217,우진플라임,049800,KOSPI,특수 목적용 기계 제조업,2,1,1
2020,00303873,CJ CGV,079160,KOSPI,"영화, 비디오물, 방송프로그램 제작 및 배급업",1,0,0
2020,00305668,새론오토모티브,075180,KOSPI,자동차 신품 부품 제조업,1,0,0
2020,00309503,한국항공우주,047810,KOSPI,"항공기,우주선 및 부품 제조업",2,1,1
2020,00332927,제이에스코퍼레이션,194370,KOSPI,"가죽, 가방 및 유사제품 제조업",1,0,0
2020,00339391,한화시스템,272210,KOSPI,전자부품 제조업,2,1,1
2020,00347734,진양화학,051630,KOSPI,플라스틱제품 제조업,1,0,0
2020,00349097,케이티스카이라이프,053210,KOSPI,텔레비전 방송업,1,0,0
2020,00350312,HDC랩스,039570,KOSPI,전기 및 통신 공사업,1,0,0
2020,00353878,다스코,058730,KOSPI,"구조용 금속제품, 탱크 및 증기발생기 제조업",1,0,0
2020,00356361,LG화학,051910,KOSPI,기초 화학물질 제조업,1,0,0
2020,00356370,LG생활건강,051900,KOSPI,기타 화학제품 제조업,1,0,0
2020,00357360,한세엠케이,069640,KOSPI,"섬유, 의복, 신발 및 가죽제품 소매업",1,0,0
2020,00357935,HDC현대EP,089470,KOSPI,기타 화학제품 제조업,1,0,0
2020,00360142,아이마켓코리아,122900,KOSPI,상품 종합 도매업,1,0,0
2020,00360595,현대글로비스,086280,KOSPI,기타 운송관련 서비스업,1,0,0
2020,00361008,한화엔진,082740,KOSPI,일반 목적용 기계 제조업,1,0,0
2020,00361488,텔코웨어,078000,KOSPI,"자료처리, 호스팅, 포털 및 기타 인터넷 정보매개 서비스업",1,0,0
2020,00362238,휴비스,079980,KOSPI,화학섬유 제조업,2,1,1
2020,00362441,현대오토에버,307950,KOSPI,소프트웨어 개발 및 공급업,1,0,0
2020,00365387,AJ네트웍스,095570,KOSPI,산업용 기계 및 장비 임대업,2,1,1
2020,00365989,모나용평,070960,KOSPI,일반 및 생활 숙박시설 운영업,2,1,1
2020,00367844,자이에스앤디,317400,KOSPI,부동산 임대 및 공급업,1,0,0
2020,00369833,유니온머티리얼,047400,KOSPI,"내화, 비내화 요업제품 제조업",3,2,1
2020,00372873,KTis,058860,KOSPI,기타 정보 서비스업,1,0,0
2020,00372882,KTcs,058850,KOSPI,기타 정보 서비스업,2,1,1
2020,00377610,세아홀딩스,058650,KOSPI,1차 철강 제조업,1,0,0
2020,00382199,신한지주,055550,KOSPI,기타 금융업,1,0,0
2020,00390055,종근당바이오,063160,KOSPI,의약품 제조업,1,0,0
2020,00398701,엘앤에프,066970,KOSPI,일차전지 및 이차전지 제조업,1,0,0
2020,00398792,SNT모티브,064960,KOSPI,자동차 신품 부품 제조업,1,0,0
2020,00400857,에이블씨엔씨,078520,KOSPI,기타 화학제품 제조업,4,3,1
2020,00401731,LG전자,066570,KOSPI,통신 및 방송 장비 제조업,2,1,1
2020,00403632,현대퓨처넷,126560,KOSPI,전기 통신업,1,0,0
2020,00404701,한국자산신탁,123890,KOSPI,신탁업 및 집합투자업,1,0,0
2020,00406046,HD현대마린엔진,071970,KOSPI,일반 목적용 기계 제조업,2,1,1
2020,00409672,티비에이치글로벌,084870,KOSPI,봉제의복 제조업,2,1,1
2020,00412597,현대홈쇼핑,057050,KOSPI,무점포 소매업,4,3,1
2020,00413046,셀트리온,068270,KOSPI,기초 의약물질 제조업,1,0,0
2020,00413523,한미글로벌,053690,KOSPI,"건축기술, 엔지니어링 및 관련 기술 서비스업",2,1,1
2020,00414601,유니퀘스트,077500,KOSPI,기계장비 및 관련 물품 도매업,1,0,0
2020,00414850,효성 ITX,094280,KOSPI,기타 사업지원 서비스업,1,0,0
2020,00415628,세진중공업,075580,KOSPI,선박 및 보트 건조업,1,0,0
2020,00415646,드림텍,192650,KOSPI,전자부품 제조업,1,0,0
2020,00416654,유엔젤,072130,KOSPI,"자료처리, 호스팅, 포털 및 기타 인터넷 정보매개 서비스업",2,1,1
2020,00422895,세이브존I&C,067830,KOSPI,종합 소매업,1,0,0
2020,00423690,삼성출판사,068290,KOSPI,"서적, 잡지 및 기타 인쇄물 출판업",1,0,0
2020,00426086,티케이지휴켐스,069260,KOSPI,기타 화학제품 제조업,1,0,0
2020,00427483,대웅제약,069620,KOSPI,의약품 제조업,2,1,1
2020,00428251,현대백화점,069960,KOSPI,종합 소매업,1,0,0
2020,00428321,해태제과식품,101530,KOSPI,기타 식품 제조업,1,0,0
2020,00428729,대호에이엘,069460,KOSPI,1차 비철금속 제조업,1,0,0
2020,00432102,한국금융지주,071050,KOSPI,기타 금융업,1,0,0
2020,00435312,하이스틸,071090,KOSPI,1차 철강 제조업,1,0,0
2020,00441243,형지엘리트,093240,KOSPI,봉제의복 제조업,2,0,0
2020,00442835,메타랩스,090370,KOSPI,봉제의복 제조업,2,1,1
2020,00447609,비에이치,090460,KOSPI,전자부품 제조업,3,2,1
2020,00450010,씨티알모빌리티,308170,KOSPI,자동차 신품 부품 제조업,1,0,0
2020,00453284,교촌에프앤비,339770,KOSPI,음·식료품 및 담배 도매업,1,0,0
2020,00453488,다이나믹디자인,145210,KOSPI,특수 목적용 기계 제조업,3,2,1
2020,00454946,그린케미칼,083420,KOSPI,기타 화학제품 제조업,1,0,0
2020,00458234,아시아나IDT,267850,KOSPI,"컴퓨터 프로그래밍, 시스템 통합 및 관리업",1,0,0
2020,00459871,농심홀딩스,072710,KOSPI,기타 금융업,1,0,0
2020,00469799,이엔플러스,074610,KOSPI,일반 목적용 기계 제조업,2,1,1
2020,00480367,SK오션플랜트,100090,KOSPI,1차 철강 제조업,1,0,0
2020,00480455,STX엔진,077970,KOSPI,일반 목적용 기계 제조업,1,0,0
2020,00481454,금호타이어,073240,KOSPI,고무제품 제조업,4,3,1
2020,00500254,GS,078930,KOSPI,기타 금융업,1,0,0
2020,00503668,LIG디펜스앤에어로스페이스,079550,KOSPI,무기 및 총포탄 제조업,2,1,1
2020,00508274,일진다이아,081000,KOSPI,기타 화학제품 제조업,1,0,0
2020,00508344,SK디앤디,210980,KOSPI,부동산 임대 및 공급업,1,0,0
2020,00520887,비상교육,100220,KOSPI,"서적, 잡지 및 기타 인쇄물 출판업",2,1,1
2020,00525934,LX세미콘,108320,KOSPI,반도체 제조업,1,0,0
2020,00526599,덴티움,145720,KOSPI,의료용 기기 제조업,1,0,0
2020,00539274,대상홀딩스,084690,KOSPI,기타 금융업,2,1,1
2020,00540605,이월드,084680,KOSPI,귀금속 및 장신용품 제조업,1,0,0
2020,00540641,동양고속,084670,KOSPI,육상 여객 운송업,1,0,0
2020,00544452,이리츠코크렙,088260,KOSPI,부동산 임대 및 공급업,2,0,0
2020,00545716,롯데렌탈,089860,KOSPI,운송장비 임대업,4,3,1
2020,00547583,하나금융지주,086790,KOSPI,기타 금융업,2,1,1
2020,00555874,제주항공,089590,KOSPI,항공 여객 운송업,2,1,1
2020,00557508,GKL,114090,KOSPI,유원지 및 기타 오락관련 서비스업,1,0,0
2020,00557933,진도,088790,KOSPI,기타 전문 도매업,1,0,0
2020,00564562,엠씨넥스,097520,KOSPI,영상 및 음향기기 제조업,1,0,0
2020,00565154,이노션,214320,KOSPI,광고업,2,1,1
2020,00573579,평화산업,090080,KOSPI,자동차 신품 부품 제조업,1,0,0
2020,00583424,아모레퍼시픽,090430,KOSPI,기타 화학제품 제조업,1,0,0
2020,00583442,노루페인트,090350,KOSPI,기타 화학제품 제조업,1,0,0
2020,00587466,KPX홀딩스,092230,KOSPI,기초 화학물질 제조업,1,0,0
2020,00589127,KEC,092220,KOSPI,반도체 제조업,1,0,0
2020,00593032,LF,093050,KOSPI,봉제의복 제조업,1,0,0
2020,00595191,후성,093370,KOSPI,기초 화학물질 제조업,1,0,0
2020,00622787,바이오노트,377740,KOSPI,의료용품 및 기타 의약 관련제품 제조업,1,0,0
2020,00628189,웅진씽크빅,095720,KOSPI,초등 교육기관,1,0,0
2020,00631518,SK이노베이션,096770,KOSPI,석유 정제품 제조업,2,1,1
2020,00632304,JW홀딩스,096760,KOSPI,기타 금융업,2,0,0
2020,00633835,HJ중공업,097230,KOSPI,토목 건설업,1,0,0
2020,00635134,CJ제일제당,097950,KOSPI,기타 식품 제조업,1,0,0
2020,00646732,진양홀딩스,100250,KOSPI,플라스틱제품 제조업,1,0,0
2020,00648721,SNT에너지,100840,KOSPI,일반 목적용 기계 제조업,1,0,0
2020,00651901,에어부산,298690,KOSPI,항공 여객 운송업,1,0,0
2020,00652423,인바이오젠,101140,KOSPI,기계장비 및 관련 물품 도매업,1,0,0
2020,00653024,진에어,272450,KOSPI,항공 여객 운송업,1,0,0
2020,00661847,화인베스틸,133820,KOSPI,1차 철강 제조업,2,1,1
2020,00670340,씨에스윈드,112610,KOSPI,"구조용 금속제품, 탱크 및 증기발생기 제조업",1,0,0
2020,00671376,트리니티항공,091810,KOSPI,항공 여객 운송업,2,1,1
2020,00679314,동성케미컬,102260,KOSPI,합성고무 및 플라스틱 물질 제조업,1,0,0
2020,00683469,일진전기,103590,KOSPI,절연선 및 케이블 제조업,2,1,1
2020,00684714,풍산,103140,KOSPI,1차 비철금속 제조업,1,0,0
2020,00684802,에이플러스에셋,244920,KOSPI,보험 및 연금관련 서비스업,1,0,0
2020,00687711,한국철강,104700,KOSPI,1차 철강 제조업,1,0,0
2020,00688996,KB금융,105560,KOSPI,기타 금융업,5,4,1
2020,00706715,미원홀딩스,107590,KOSPI,기타 금융업,1,0,0
2020,00728638,한세실업,105630,KOSPI,봉제의복 제조업,2,1,1
2020,00753643,주성코퍼레이션,109070,KOSPI,통신 및 방송 장비 제조업,1,0,0
2020,00759513,LX하우시스,108670,KOSPI,플라스틱제품 제조업,1,0,0
2020,00760971,크래프톤,259960,KOSPI,소프트웨어 개발 및 공급업,1,0,0
2020,00767460,PI첨단소재,178920,KOSPI,플라스틱제품 제조업,1,0,0
2020,00776820,영원무역,111770,KOSPI,상품 종합 도매업,1,0,0
2020,00787376,대성에너지,117580,KOSPI,연료용 가스 제조 및 배관공급업,1,0,0
2020,00791209,메타케어,118000,KOSPI,기계장비 및 관련 물품 도매업,1,0,0
2020,00795135,코오롱인더,120110,KOSPI,화학섬유 제조업,1,0,0
2020,00796994,조선선재,120030,KOSPI,기타 금속 가공제품 제조업,1,0,0
2020,00797364,KC코트렐,119650,KOSPI,일반 목적용 기계 제조업,1,0,0
2020,00815369,에스제이엠,123700,KOSPI,자동차 신품 부품 제조업,1,0,0
2020,00816544,토니모리,214420,KOSPI,기타 화학제품 제조업,1,0,0
2020,00823429,한국화장품,123690,KOSPI,생활용품 도매업,1,0,0
2020,00828497,한미약품,128940,KOSPI,의약품 제조업,1,0,0
2020,00828789,대성산업,128820,KOSPI,연료 소매업,1,0,0
2020,00838500,엘브이엠씨,900140,KOSPI,자동차 판매업,1,0,0
2020,00852087,시디즈,134790,KOSPI,가구 제조업,1,0,0
2020,00854997,에스디바이오센서,137310,KOSPI,의료용 기기 제조업,2,1,1
2020,00855093,선진,136490,KOSPI,동물용 사료 및 조제식품 제조업,1,0,0
2020,00855163,미원화학,134380,KOSPI,기타 화학제품 제조업,1,0,0
2020,00858364,BNK금융지주,138930,KOSPI,기타 금융업,2,1,1
2020,00860332,메리츠금융지주,138040,KOSPI,기타 금융업,2,1,1
2020,00860730,에이리츠,140910,KOSPI,부동산 임대 및 공급업,1,0,0
2020,00861076,케이탑리츠,145270,KOSPI,부동산 임대 및 공급업,1,0,0
2020,00872984,이마트,139480,KOSPI,종합 소매업,1,0,0
2020,00877059,삼성바이오로직스,207940,KOSPI,기초 의약물질 제조업,1,0,0
2020,00878696,에스케이바이오팜,326030,KOSPI,자연과학 및 공학 연구개발업,1,0,0
2020,00878915,iM금융지주,139130,KOSPI,기타 금융업,1,0,0
2020,00896285,삼양사,145990,KOSPI,기타 식품 제조업,1,0,0
2020,00904672,넷마블,251270,KOSPI,소프트웨어 개발 및 공급업,1,0,0
2020,00911955,잇츠한불,226320,KOSPI,기타 화학제품 제조업,1,0,0
2020,00936787,애경케미칼,161000,KOSPI,기초 화학물질 제조업,1,0,0
2020,00937324,한국타이어앤테크놀로지,161390,KOSPI,고무제품 제조업,2,1,1
2020,00939331,한국콜마,161890,KOSPI,기타 화학제품 제조업,1,0,0
2020,00939687,동일고무벨트,163560,KOSPI,고무제품 제조업,1,0,0
2020,00956930,동아에스티,170900,KOSPI,의약품 제조업,1,0,0
2020,00980122,JB금융지주,175330,KOSPI,기타 금융업,2,1,1
2020,00983040,한진칼,180640,KOSPI,기타 금융업,7,6,1
2020,00983271,NHN,181710,KOSPI,소프트웨어 개발 및 공급업,1,0,0
2020,00990165,아세아시멘트,183190,KOSPI,"시멘트, 석회, 플라스터 및 그 제품 제조업",1,0,0
2020,00992871,종근당,185750,KOSPI,의약품 제조업,1,0,0
2020,01009789,코스맥스,192820,KOSPI,기타 화학제품 제조업,1,0,0
2020,01010110,더블유게임즈,192080,KOSPI,소프트웨어 개발 및 공급업,1,0,0
2020,01032413,해성디에스,195870,KOSPI,전자부품 제조업,1,0,0
2020,01032486,두산밥캣,241560,KOSPI,특수 목적용 기계 제조업,1,0,0
2020,01035289,JK리버스톤리츠,204210,KOSPI,부동산 임대 및 공급업,1,0,0
2020,01036446,서연이화,200880,KOSPI,자동차 신품 부품 제조업,2,1,1
2020,01042775,HL만도,204320,KOSPI,자동차 신품 부품 제조업,3,2,1
2020,01059605,디와이파워,210540,KOSPI,특수 목적용 기계 제조업,1,0,0
2020,01060744,한솔제지,213500,KOSPI,"펄프, 종이 및 판지 제조업",4,3,1
2020,01060814,삼양패키징,272550,KOSPI,플라스틱제품 제조업,1,0,0
2020,01093007,LS에코에너지,229640,KOSPI,기타 금융업,1,0,0
2020,01108099,현대코퍼레이션홀딩스,227840,KOSPI,음·식료품 및 담배 도매업,1,0,0
2020,01128613,화승엔터프라이즈,241590,KOSPI,신발 및 신발 부분품 제조업,1,0,0
2020,01133217,카카오뱅크,323410,KOSPI,은행 및 저축기관,2,1,1
2020,01159233,솔루엠,248070,KOSPI,전자부품 제조업,3,2,1
2020,01167056,샘표식품,248170,KOSPI,기타 식품 제조업,1,0,0
2020,01168383,일동제약,249420,KOSPI,의약품 제조업,1,0,0
2020,01190568,에이피알,278470,KOSPI,기타 화학제품 제조업,1,0,0
2020,01199550,HD현대에너지솔루션,322000,KOSPI,반도체 제조업,2,1,1
2020,01204056,하이브,352820,KOSPI,오디오물 출판 및 원판 녹음업,1,0,0
2020,01205329,크라운제과,264900,KOSPI,"떡, 빵 및 과자류 제조업",1,0,0
2020,01205709,HD현대,267250,KOSPI,기타 금융업,1,0,0
2020,01205842,HD건설기계,267270,KOSPI,특수 목적용 기계 제조업,1,0,0
2020,01205851,HD현대일렉트릭,267260,KOSPI,"전동기, 발전기 및 전기 변환 · 공급 · 제어 장치 제조업",1,0,0
2020,01208885,경동도시가스,267290,KOSPI,연료용 가스 제조 및 배관공급업,1,0,0
2020,01234297,미원에스씨,268280,KOSPI,기초 화학물질 제조업,1,0,0
2020,01236897,제일약품,271980,KOSPI,의약품 제조업,1,0,0
2020,01238169,오리온,271560,KOSPI,기타 식품 제조업,1,0,0
2020,01258507,롯데웰푸드,280360,KOSPI,기타 식품 제조업,1,0,0
2020,01261893,케이씨텍,281820,KOSPI,"측정, 시험, 항해, 제어 및 기타 정밀기기 제조업; 광학기기 제외",1,0,0
2020,01262032,롯데이노베이트,286940,KOSPI,"컴퓨터 프로그래밍, 시스템 통합 및 관리업",1,0,0
2020,01263022,BGF리테일,282330,KOSPI,종합 소매업,1,0,0
2020,01267170,SK케미칼,285130,KOSPI,합성고무 및 플라스틱 물질 제조업,2,1,1
2020,01267684,쿠쿠홈시스,284740,KOSPI,개인 및 가정용품 임대업,2,1,1
2020,01276594,신한알파리츠,293940,KOSPI,부동산 임대 및 공급업,3,1,1
2020,01310269,IPARK현대산업개발,294870,KOSPI,건물 건설업,1,0,0
2020,01316227,효성티앤씨,298020,KOSPI,화학섬유 제조업,1,0,0
2020,01316236,효성화학,298000,KOSPI,기초 화학물질 제조업,1,0,0
2020,01316245,효성중공업,298040,KOSPI,"전동기, 발전기 및 전기 변환 · 공급 · 제어 장치 제조업",1,0,0
2020,01316254,HS효성첨단소재,298050,KOSPI,화학섬유 제조업,1,0,0
2020,01319808,한일시멘트,300720,KOSPI,"시멘트, 석회, 플라스터 및 그 제품 제조업",1,0,0
2020,01319899,SK바이오사이언스,302440,KOSPI,기초 의약물질 제조업,1,0,0
2020,01325979,세아제강,306200,KOSPI,1차 철강 제조업,1,0,0
2020,01350869,우리금융지주,316140,KOSPI,기타 금융업,1,0,0
2020,01363818,롯데리츠,330590,KOSPI,부동산 임대 및 공급업,2,0,0
2020,01390344,HD현대중공업,329180,KOSPI,선박 및 보트 건조업,1,0,0
2020,01391033,NH프라임리츠,338100,KOSPI,부동산 임대 및 공급업,2,0,0
2020,01394377,이지스밸류플러스리츠,334890,KOSPI,부동산 임대 및 공급업,2,0,0
2020,01412725,두산퓨얼셀,336260,KOSPI,"전동기, 발전기 및 전기 변환 · 공급 · 제어 장치 제조업",1,0,0
2020,01412822,솔루스첨단소재,336370,KOSPI,전자부품 제조업,1,0,0
2020,01415892,제이알글로벌리츠,348950,KOSPI,부동산 임대 및 공급업,2,0,0
2020,01428203,케이씨씨글라스,344820,KOSPI,유리 및 유리제품 제조업,1,0,0
2020,01430475,코람코라이프인프라리츠,357120,KOSPI,부동산 임대 및 공급업,2,0,0
2020,01436628,이지스레지던스리츠,350520,KOSPI,부동산 임대 및 공급업,2,0,0
2020,01437186,ESR켄달스퀘어리츠,365550,KOSPI,부동산 임대 및 공급업,4,2,1
2020,01437292,미래에셋맵스리츠,357250,KOSPI,부동산 임대 및 공급업,2,0,0
2020,01475609,디앤디플랫폼리츠,377190,KOSPI,부동산 임대 및 공급업,1,0,0
2020,01478712,대덕전자,353200,KOSPI,전자부품 제조업,1,0,0
2020,01497869,티와이홀딩스,363280,KOSPI,기타 금융업,1,0,0
2020,01510489,프레스티지바이오파마,950210,KOSPI,자연과학 및 공학 연구개발업,1,0,0
2020,01515323,LG에너지솔루션,373220,KOSPI,일차전지 및 이차전지 제조업,1,0,0
2020,01535150,SK리츠,395400,KOSPI,부동산 임대 및 공급업,1,0,0
2021,00100939,강남제비스코,000860,KOSPI,기타 화학제품 제조업,1,0,0
2021,00101044,에이프로젠바이오로직스,003060,KOSPI,의약품 제조업,1,0,0
2021,00101220,KG케미칼,001390,KOSPI,기초 화학물질 제조업,1,0,0
2021,00101433,경농,002100,KOSPI,"비료, 농약 및 살균, 살충제 제조업",1,0,0
2021,00101488,경동나비엔,009450,KOSPI,가정용 기기 제조업,1,0,0
2021,00101628,경방,000050,KOSPI,종합 소매업,2,1,1
2021,00101664,경보제약,214390,KOSPI,기초 의약물질 제조업,1,0,0
2021,00102113,경인양행,012610,KOSPI,기초 화학물질 제조업,2,1,1
2021,00102140,경인전자,009140,KOSPI,전자부품 제조업,1,0,0
2021,00102432,계룡건설산업,013580,KOSPI,토목 건설업,1,0,0
2021,00102618,계양전기,012200,KOSPI,일반 목적용 기계 제조업,6,4,1
2021,00102751,고려산업,002140,KOSPI,"곡물가공품, 전분 및 전분제품 제조업",1,0,0
2021,00102858,고려아연,010130,KOSPI,1차 비철금속 제조업,1,0,0
2021,00103006,고려제강,002240,KOSPI,1차 철강 제조업,1,0,0
2021,00103042,케이씨티시,009070,KOSPI,도로 화물 운송업,1,0,0
2021,00103130,플레이그램,009810,KOSPI,기타 전문 도매업,1,0,0
2021,00103176,흥국화재,000540,KOSPI,보험업,1,0,0
2021,00103510,인지컨트롤스,023800,KOSPI,자동차 신품 부품 제조업,1,0,0
2021,00103592,광동제약,009290,KOSPI,의약품 제조업,1,0,0
2021,00103662,광명전기,017040,KOSPI,"전동기, 발전기 및 전기 변환 · 공급 · 제어 장치 제조업",1,0,0
2021,00104388,국도화학,007690,KOSPI,기초 화학물질 제조업,1,0,0
2021,00104698,LS네트웍스,000680,KOSPI,상품 종합 도매업,2,1,1
2021,00104722,국제약품,002720,KOSPI,의약품 제조업,1,0,0
2021,00104768,가온전선,000500,KOSPI,절연선 및 케이블 제조업,2,1,1
2021,00104786,미래아이앤지,007120,KOSPI,"컴퓨터 프로그래밍, 시스템 통합 및 관리업",1,0,0
2021,00104856,삼성증권,016360,KOSPI,금융 지원 서비스업,1,0,0
2021,00104999,윌비스,008600,KOSPI,생활용품 도매업,3,2,1
2021,00105101,INVENI,015360,KOSPI,회사 본부 및 경영 컨설팅 서비스업,1,0,0
2021,00105156,극동유화,014530,KOSPI,석유 정제품 제조업,1,0,0
2021,00105271,케이씨씨,002380,KOSPI,기타 화학제품 제조업,1,0,0
2021,00105280,현대지에프홀딩스,005440,KOSPI,기타 금융업,1,0,0
2021,00105299,금강공업,014280,KOSPI,1차 철강 제조업,1,0,0
2021,00105606,금호에이치티,214330,KOSPI,자동차 신품 부품 제조업,3,2,1
2021,00105855,엘에스일렉트릭,010120,KOSPI,"전동기, 발전기 및 전기 변환 · 공급 · 제어 장치 제조업",1,0,0
2021,00105873,LG디스플레이,034220,KOSPI,전자부품 제조업,1,0,0
2021,00105952,LS,006260,KOSPI,기타 금융업,1,0,0
2021,00105961,LG이노텍,011070,KOSPI,전자부품 제조업,1,0,0
2021,00106119,금양,001570,KOSPI,기초 화학물질 제조업,1,0,0
2021,00106313,금호건설,002990,KOSPI,건물 건설업,1,0,0
2021,00106368,금호석유화학,011780,KOSPI,기초 화학물질 제조업,2,1,1
2021,00106395,금호전기,001210,KOSPI,전구 및 조명장치 제조업,2,1,1
2021,00106614,기신정기,092440,KOSPI,특수 목적용 기계 제조업,1,0,0
2021,00106623,현대위아,011210,KOSPI,자동차 신품 부품 제조업,1,0,0
2021,00106641,기아,000270,KOSPI,자동차용 엔진 및 자동차 제조업,1,0,0
2021,00106669,세아베스틸지주,001430,KOSPI,1차 철강 제조업,1,0,0
2021,00106881,인디에프,014990,KOSPI,봉제의복 제조업,1,0,0
2021,00107066,남광토건,001260,KOSPI,기타 금융업,1,0,0
2021,00107224,남선알미늄,008350,KOSPI,1차 비철금속 제조업,1,0,0
2021,00107598,남양유업,003920,KOSPI,동·식물성 유지 및 낙농제품 제조업,2,1,1
2021,00107613,이수페타시스,007660,KOSPI,전자부품 제조업,1,0,0
2021,00107677,비비안,002070,KOSPI,봉제의복 제조업,1,0,0
2021,00107987,남해화학,025860,KOSPI,"비료, 농약 및 살균, 살충제 제조업",1,0,0
2021,00108038,엔피씨,004250,KOSPI,플라스틱제품 제조업,1,0,0
2021,00108135,녹십자홀딩스,005250,KOSPI,회사 본부 및 경영 컨설팅 서비스업,1,0,0
2021,00108241,농심,004370,KOSPI,기타 식품 제조업,1,0,0
2021,00108746,DKME,015590,KOSPI,일반 목적용 기계 제조업,1,0,0
2021,00108913,대교,019680,KOSPI,초등 교육기관,2,1,1
2021,00108940,대성홀딩스,016710,KOSPI,회사 본부 및 경영 컨설팅 서비스업,1,0,0
2021,00108977,대구백화점,006370,KOSPI,종합 소매업,1,0,0
2021,00109161,태경케미컬,006890,KOSPI,기초 화학물질 제조업,2,1,1
2021,00109189,대덕,008060,KOSPI,기타 금융업,1,0,0
2021,00109286,대동,000490,KOSPI,특수 목적용 기계 제조업,1,0,0
2021,00109514,티웨이홀딩스,004870,KOSPI,"시멘트, 석회, 플라스터 및 그 제품 제조업",1,0,0
2021,00109693,DL,000210,KOSPI,기초 화학물질 제조업,2,1,1
2021,00109718,사조대림,003960,KOSPI,수산물 가공 및 저장 처리업,2,1,1
2021,00109754,대림바스,005750,KOSPI,"내화, 비내화 요업제품 제조업",1,0,0
2021,00109806,삼일씨엔에스,004440,KOSPI,"시멘트, 석회, 플라스터 및 그 제품 제조업",2,1,1
2021,00109824,대림통상,006570,KOSPI,기타 금속 가공제품 제조업,1,0,0
2021,00110608,DSR,155660,KOSPI,1차 비철금속 제조업,1,0,0
2021,00110893,대신증권,003540,KOSPI,금융 지원 서비스업,2,1,1
2021,00111111,대양금속,009190,KOSPI,1차 철강 제조업,2,1,1
2021,00111421,휴니드테크놀러지스,005870,KOSPI,통신 및 방송 장비 제조업,1,0,0
2021,00111458,대영포장,014160,KOSPI,"골판지, 종이 상자 및 종이용기 제조업",3,2,1
2021,00111689,아진전자부품,009320,KOSPI,자동차 신품 부품 제조업,1,0,0
2021,00111704,한화오션,042660,KOSPI,선박 및 보트 건조업,1,0,0
2021,00111722,미래에셋증권,006800,KOSPI,금융 지원 서비스업,1,0,0
2021,00111810,대웅,003090,KOSPI,의약품 제조업,1,0,0
2021,00111847,대원강업,000430,KOSPI,자동차 신품 부품 제조업,1,0,0
2021,00111999,대원제약,003220,KOSPI,의약품 제조업,1,0,0
2021,00112022,대원화성,024890,KOSPI,플라스틱제품 제조업,2,1,1
2021,00112059,상상인증권,001290,KOSPI,금융 지원 서비스업,1,0,0
2021,00112165,디아이씨,092200,KOSPI,자동차 신품 부품 제조업,2,1,1
2021,00112332,미래에셋생명,085620,KOSPI,보험업,2,1,1
2021,00112378,KR모터스,000040,KOSPI,그외 기타 운송장비 제조업,4,2,1
2021,00112651,대창,012800,KOSPI,1차 비철금속 제조업,1,0,0
2021,00112679,대창단조,015230,KOSPI,자동차 신품 부품 제조업,2,1,1
2021,00112970,대한방직,001070,KOSPI,직물직조 및 직물제품 제조업,2,1,1
2021,00113058,한화생명,088350,KOSPI,보험업,2,1,1
2021,00113191,코리안리,003690,KOSPI,재 보험업,2,1,1
2021,00113207,대한전선,001440,KOSPI,절연선 및 케이블 제조업,1,0,0
2021,00113225,대한제강,084010,KOSPI,1차 철강 제조업,1,0,0
2021,00113234,대한제당,001790,KOSPI,"곡물가공품, 전분 및 전분제품 제조업",1,0,0
2021,00113243,대한제분,001130,KOSPI,"곡물가공품, 전분 및 전분제품 제조업",1,0,0
2021,00113359,교보증권,030610,KOSPI,금융 지원 서비스업,1,0,0
2021,00113410,CJ대한통운,000120,KOSPI,도로 화물 운송업,1,0,0
2021,00113492,깨끗한나라,004540,KOSPI,"펄프, 종이 및 판지 제조업",2,1,1
2021,00113508,노루홀딩스,000320,KOSPI,기타 금융업,1,0,0
2021,00113526,대한항공,003490,KOSPI,항공 여객 운송업,1,0,0
2021,00113535,대한해운,005880,KOSPI,해상 운송업,1,0,0
2021,00113544,대한화섬,003830,KOSPI,화학섬유 제조업,1,0,0
2021,00113562,롯데손해보험,000400,KOSPI,보험업,1,0,0
2021,00113614,대현,016090,KOSPI,봉제의복 제조업,1,0,0
2021,00113997,롯데에너지머티리얼즈,020150,KOSPI,전자부품 제조업,1,0,0
2021,00114093,덕성,004830,KOSPI,플라스틱제품 제조업,1,0,0
2021,00114154,디와이덕양,024900,KOSPI,자동차 신품 부품 제조업,2,1,1
2021,00114552,도화엔지니어링,002150,KOSPI,"건축기술, 엔지니어링 및 관련 기술 서비스업",1,0,0
2021,00114765,케이비아이동국실업,001620,KOSPI,자동차 신품 부품 제조업,1,0,0
2021,00114792,동국홀딩스,001230,KOSPI,기타 금융업,2,1,1
2021,00115065,동남합성,023450,KOSPI,기초 화학물질 제조업,2,1,1
2021,00115287,동방,004140,KOSPI,기타 운송관련 서비스업,1,0,0
2021,00115384,동방아그로,007590,KOSPI,"비료, 농약 및 살균, 살충제 제조업",1,0,0
2021,00115612,동부건설,005960,KOSPI,토목 건설업,2,1,1
2021,00115676,KG스틸,016380,KOSPI,1차 철강 제조업,1,0,0
2021,00115694,DB증권,016610,KOSPI,금융 지원 서비스업,1,0,0
2021,00115977,아이에스동서,010780,KOSPI,"시멘트, 석회, 플라스터 및 그 제품 제조업",1,0,0
2021,00116268,동성제약,002210,KOSPI,의약품 제조업,3,2,1
2021,00116301,NI스틸,008260,KOSPI,1차 철강 제조업,1,0,0
2021,00116824,동아쏘시오홀딩스,000640,KOSPI,기타 금융업,1,0,0
2021,00116949,DN오토모티브,007340,KOSPI,일차전지 및 이차전지 제조업,1,0,0
2021,00117027,알루코,001780,KOSPI,1차 비철금속 제조업,1,0,0
2021,00117179,디와이,013570,KOSPI,기타 금융업,1,0,0
2021,00117188,효성,004800,KOSPI,기타 금융업,1,0,0
2021,00117212,두산,000150,KOSPI,전자부품 제조업,2,1,1
2021,00117230,TYM,002900,KOSPI,특수 목적용 기계 제조업,1,0,0
2021,00117267,동양생명,082640,KOSPI,보험업,1,0,0
2021,00117300,TCC스틸,002710,KOSPI,1차 철강 제조업,2,1,1
2021,00117337,동양,001520,KOSPI,"시멘트, 석회, 플라스터 및 그 제품 제조업",3,2,1
2021,00117498,스틱인베스트먼트,026890,KOSPI,신탁업 및 집합투자업,1,0,0
2021,00117577,오리온홀딩스,001800,KOSPI,기타 금융업,1,0,0
2021,00117601,유안타증권,003470,KOSPI,금융 지원 서비스업,1,0,0
2021,00117629,KBI동양철관,008970,KOSPI,1차 철강 제조업,1,0,0
2021,00117726,DYP,092780,KOSPI,자동차용 엔진 및 자동차 제조업,1,0,0
2021,00118008,동원금속,018500,KOSPI,자동차 신품 부품 제조업,1,0,0
2021,00118026,동원산업,006040,KOSPI,기타 금융업,2,1,1
2021,00118044,동원수산,030720,KOSPI,어로 어업,1,0,0
2021,00118266,DRB동일,004840,KOSPI,고무제품 제조업,1,0,0
2021,00118275,디아이,003160,KOSPI,"측정, 시험, 항해, 제어 및 기타 정밀기기 제조업; 광학기기 제외",1,0,0
2021,00118345,디아이동일,001530,KOSPI,상품 중개업,1,0,0
2021,00118451,동일제강,002690,KOSPI,1차 철강 제조업,1,0,0
2021,00118521,진원생명과학,011000,KOSPI,의약품 제조업,6,5,1
2021,00118965,티에이치엔,019180,KOSPI,기타 전기장비 제조업,1,0,0
2021,00119007,무림P&P,009580,KOSPI,"펄프, 종이 및 판지 제조업",1,0,0
2021,00119140,핸즈코퍼레이션,143210,KOSPI,자동차 신품 부품 제조업,1,0,0
2021,00119195,동화약품,000020,KOSPI,의약품 제조업,1,0,0
2021,00119672,두올,016740,KOSPI,자동차 신품 부품 제조업,1,0,0
2021,00120021,LG,003550,KOSPI,기타 금융업,1,0,0
2021,00120030,GS건설,006360,KOSPI,건물 건설업,1,0,0
2021,00120076,LX인터내셔널,001120,KOSPI,상품 중개업,1,0,0
2021,00120182,NH투자증권,005940,KOSPI,금융 지원 서비스업,1,0,0
2021,00120526,롯데쇼핑,023530,KOSPI,종합 소매업,1,0,0
2021,00120562,롯데지주,004990,KOSPI,기타 금융업,1,0,0
2021,00120571,롯데칠성음료,005300,KOSPI,비알코올음료 및 얼음 제조업,2,1,1
2021,00120872,만호제강,001080,KOSPI,1차 철강 제조업,1,0,0
2021,00121039,명문제약,017180,KOSPI,의약품 제조업,2,1,1
2021,00121288,모나미,005360,KOSPI,생활용품 도매업,1,0,0
2021,00121534,MH에탄올,023150,KOSPI,알코올음료 제조업,1,0,0
2021,00121543,무학,033920,KOSPI,알코올음료 제조업,1,0,0
2021,00121570,문배철강,008420,KOSPI,1차 철강 제조업,1,0,0
2021,00121932,미원상사,002840,KOSPI,기타 화학제품 제조업,2,1,1
2021,00121941,대상,001680,KOSPI,기타 식품 제조업,3,2,1
2021,00121969,에쓰씨엔지니어링,023960,KOSPI,토목 건설업,2,1,1
2021,00122056,미창석유공업,003650,KOSPI,석유 정제품 제조업,1,0,0
2021,00122348,방림,003610,KOSPI,직물직조 및 직물제품 제조업,2,1,1
2021,00122472,PKC,001340,KOSPI,기초 화학물질 제조업,1,0,0
2021,00122481,태경비케이,014580,KOSPI,"시멘트, 석회, 플라스터 및 그 제품 제조업",1,0,0
2021,00122551,백산,035150,KOSPI,플라스틱제품 제조업,2,1,1
2021,00122579,BYC,001460,KOSPI,봉제의복 제조업,1,0,0
2021,00122694,범양건영,002410,KOSPI,건물 건설업,1,0,0
2021,00122737,팬오션,028670,KOSPI,해상 운송업,1,0,0
2021,00122825,인스코비,006490,KOSPI,전기 통신업,2,1,1
2021,00122898,벽산,007210,KOSPI,기타 비금속 광물제품 제조업,1,0,0
2021,00123107,보락,002760,KOSPI,기타 화학제품 제조업,1,0,0
2021,00123143,보령,003850,KOSPI,의약품 제조업,1,0,0
2021,00123541,보해양조,000890,KOSPI,알코올음료 제조업,1,0,0
2021,00123718,부광약품,003000,KOSPI,의약품 제조업,2,1,1
2021,00123772,부국증권,001270,KOSPI,금융 지원 서비스업,1,0,0
2021,00123781,부국철강,026940,KOSPI,1차 철강 제조업,1,0,0
2021,00124027,부산산업,011390,KOSPI,"시멘트, 석회, 플라스터 및 그 제품 제조업",1,0,0
2021,00124090,한국특강,007280,KOSPI,1차 철강 제조업,1,0,0
2021,00124151,부산주공,005030,KOSPI,자동차 신품 부품 제조업,1,0,0
2021,00124197,세아제강지주,003030,KOSPI,기타 금융업,1,0,0
2021,00124504,포스코인터내셔널,047050,KOSPI,상품 중개업,1,0,0
2021,00124540,대우건설,047040,KOSPI,건물 건설업,1,0,0
2021,00124726,빙그레,005180,KOSPI,동·식물성 유지 및 낙농제품 제조업,2,1,1
2021,00124780,사조씨푸드,014710,KOSPI,수산물 가공 및 저장 처리업,3,2,1
2021,00124799,사조산업,007160,KOSPI,수산물 가공 및 저장 처리업,1,0,0
2021,00125080,AK홀딩스,006840,KOSPI,기타 금융업,1,0,0
2021,00125150,SGC에너지,005090,KOSPI,전기업,2,1,1
2021,00125521,에스엘,005850,KOSPI,자동차 신품 부품 제조업,2,1,1
2021,00125530,삼립,005610,KOSPI,기타 식품 제조업,1,0,0
2021,00125576,체시스,033250,KOSPI,자동차 신품 부품 제조업,1,0,0
2021,00125743,현대비앤지스틸,004560,KOSPI,1차 철강 제조업,1,0,0
2021,00125974,삼부토건,001470,KOSPI,토목 건설업,1,0,0
2021,00126089,DH오토넥스,000300,KOSPI,신탁업 및 집합투자업,4,6,1
2021,00126186,삼성에스디에스,018260,KOSPI,"컴퓨터 프로그래밍, 시스템 통합 및 관리업",1,0,0
2021,00126201,삼성공조,006660,KOSPI,자동차 신품 부품 제조업,1,0,0
2021,00126256,삼성생명,032830,KOSPI,보험업,1,0,0
2021,00126292,삼성카드,029780,KOSPI,기타 금융업,1,0,0
2021,00126308,삼성E&A,028050,KOSPI,"건축기술, 엔지니어링 및 관련 기술 서비스업",1,0,0
2021,00126362,삼성SDI,006400,KOSPI,일차전지 및 이차전지 제조업,1,0,0
2021,00126371,삼성전기,009150,KOSPI,전자부품 제조업,1,0,0
2021,00126380,삼성전자,005930,KOSPI,통신 및 방송 장비 제조업,1,0,0
2021,00126414,삼성제약,001360,KOSPI,의약품 제조업,2,1,1
2021,00126478,삼성중공업,010140,KOSPI,선박 및 보트 건조업,1,0,0
2021,00126487,F&F 홀딩스,007700,KOSPI,기타 금융업,2,1,1
2021,00126566,한화에어로스페이스,012450,KOSPI,"항공기,우주선 및 부품 제조업",2,1,1
2021,00126779,삼아알미늄,006110,KOSPI,1차 비철금속 제조업,3,2,1
2021,00126937,삼양홀딩스,000070,KOSPI,기타 금융업,1,0,0
2021,00126955,삼양식품,003230,KOSPI,기타 식품 제조업,1,0,0
2021,00127042,SYTS,002170,KOSPI,"가죽, 가방 및 유사제품 제조업",2,1,1
2021,00127158,씨아이테크,004920,KOSPI,영상 및 음향기기 제조업,1,0,0
2021,00127167,삼영무역,002810,KOSPI,기타 전문 도매업,1,0,0
2021,00127200,삼영전자공업,005680,KOSPI,전자부품 제조업,1,0,0
2021,00127255,삼영,003720,KOSPI,플라스틱제품 제조업,1,0,0
2021,00127802,삼익THK,004380,KOSPI,일반 목적용 기계 제조업,2,1,1
2021,00127857,삼익악기,002450,KOSPI,악기 제조업,1,0,0
2021,00128032,삼일제약,000520,KOSPI,의약품 제조업,1,0,0
2021,00128227,삼정펄프,009770,KOSPI,"펄프, 종이 및 판지 제조업",1,0,0
2021,00128412,삼진제약,005500,KOSPI,의약품 제조업,1,0,0
2021,00128555,삼천리,004690,KOSPI,연료용 가스 제조 및 배관공급업,1,0,0
2021,00128980,삼호개발,010960,KOSPI,기반조성 및 시설물 축조관련 전문공사업,1,0,0
2021,00129013,CJ씨푸드,011150,KOSPI,기타 식품 제조업,1,0,0
2021,00129235,삼화왕관,004450,KOSPI,기타 금속 가공제품 제조업,1,0,0
2021,00129271,삼화전기,009470,KOSPI,전자부품 제조업,1,0,0
2021,00129280,삼화전자공업,011230,KOSPI,영상 및 음향기기 제조업,1,0,0
2021,00129350,삼화콘덴서공업,001820,KOSPI,전자부품 제조업,1,0,0
2021,00129387,SP삼화,000390,KOSPI,기타 화학제품 제조업,1,0,0
2021,00129420,까뮤이앤씨,013700,KOSPI,건물 건설업,2,1,1
2021,00129509,한익스프레스,014130,KOSPI,도로 화물 운송업,1,0,0
2021,00129554,갤럭시아에스엠,011420,KOSPI,스포츠 서비스업,2,1,1
2021,00129642,상신브레이크,041650,KOSPI,자동차 신품 부품 제조업,2,1,1
2021,00129679,녹십자,006280,KOSPI,의약품 제조업,1,0,0
2021,00129989,코스모신소재,005070,KOSPI,기타 화학제품 제조업,2,1,1
2021,00130091,샘표,007540,KOSPI,기타 금융업,2,1,1
2021,00130684,서울도시가스,017390,KOSPI,연료용 가스 제조 및 배관공급업,1,0,0
2021,00130772,SBS,034120,KOSPI,텔레비전 방송업,1,0,0
2021,00130879,서울식품공업,004410,KOSPI,기타 식품 제조업,1,0,0
2021,00131054,유진증권,001200,KOSPI,의약품 제조업,1,0,0
2021,00131197,서원,021050,KOSPI,금속 주조업,1,0,0
2021,00131692,서흥,008490,KOSPI,기타 화학제품 제조업,1,0,0
2021,00131780,SK네트웍스,001740,KOSPI,기타 전문 도매업,2,1,1
2021,00131832,SK디스커버리,006120,KOSPI,기타 금융업,2,1,1
2021,00131850,SK증권,001510,KOSPI,금융 지원 서비스업,1,0,0
2021,00131939,선도전기,007610,KOSPI,"전동기, 발전기 및 전기 변환 · 공급 · 제어 장치 제조업",1,0,0
2021,00132211,SUN&L,002820,KOSPI,플라스틱제품 제조업,2,1,1
2021,00132354,쿠쿠홀딩스,192400,KOSPI,기타 금융업,2,1,1
2021,00132628,성문전자,014910,KOSPI,전자부품 제조업,1,0,0
2021,00132637,동원시스템즈,014820,KOSPI,플라스틱제품 제조업,3,2,1
2021,00132725,SB성보,003080,KOSPI,"비료, 농약 및 살균, 살충제 제조업",1,0,0
2021,00132804,성신양회,004980,KOSPI,"시멘트, 석회, 플라스터 및 그 제품 제조업",1,0,0
2021,00132868,우성머티리얼스,011300,KOSPI,직물직조 및 직물제품 제조업,2,1,1
2021,00133335,성창기업지주,000180,KOSPI,회사 본부 및 경영 컨설팅 서비스업,1,0,0
2021,00133511,SG세계물산,004060,KOSPI,상품 종합 도매업,1,0,0
2021,00133618,세기상사,002420,KOSPI,연료 소매업,1,0,0
2021,00133706,한국제지,027970,KOSPI,"펄프, 종이 및 판지 제조업",1,0,0
2021,00133812,세방,004360,KOSPI,도로 화물 운송업,2,1,1
2021,00133858,세방전지,004490,KOSPI,일차전지 및 이차전지 제조업,1,0,0
2021,00134176,세우글로벌,013000,KOSPI,기타 전문 도매업,3,1,1
2021,00134316,세원정공,021820,KOSPI,자동차 신품 부품 제조업,1,0,0
2021,00134477,SNT다이내믹스,003570,KOSPI,자동차 신품 부품 제조업,1,0,0
2021,00134510,SJG세종,033530,KOSPI,자동차 신품 부품 제조업,1,0,0
2021,00134565,이스타코,015020,KOSPI,부동산 임대 및 공급업,1,0,0
2021,00134723,페이퍼코리아,001020,KOSPI,"펄프, 종이 및 판지 제조업",2,1,1
2021,00134963,송원산업,004430,KOSPI,기타 화학제품 제조업,1,0,0
2021,00135050,팜젠사이언스,004720,KOSPI,의약품 제조업,1,0,0
2021,00135111,수산세보틱스,017550,KOSPI,특수 목적용 기계 제조업,1,0,0
2021,00135777,신대양제지,016590,KOSPI,"골판지, 종이 상자 및 종이용기 제조업",1,0,0
2021,00135795,신도리코,029530,KOSPI,컴퓨터 및 주변장치 제조업,1,0,0
2021,00135917,한화손해보험,000370,KOSPI,보험업,1,0,0
2021,00135962,신라교역,004970,KOSPI,어로 어업,2,1,1
2021,00136086,무림페이퍼,009200,KOSPI,"펄프, 종이 및 판지 제조업",1,0,0
2021,00136271,신성이엔지,011930,KOSPI,반도체 제조업,2,1,1
2021,00136378,신세계,004170,KOSPI,종합 소매업,1,0,0
2021,00136402,신송홀딩스,006880,KOSPI,산업용 농·축산물 및 동·식물 도매업,2,1,1
2021,00136457,SH에너지화학,002360,KOSPI,기초 화학물질 제조업,1,0,0
2021,00136624,신영와코루,005800,KOSPI,봉제의복 제조업,1,0,0
2021,00136721,신영증권,001720,KOSPI,금융 지원 서비스업,1,0,0
2021,00136776,차AI헬스케어,025620,KOSPI,기타 화학제품 제조업,3,2,1
2021,00136864,신원,009270,KOSPI,봉제의복 제조업,2,1,1
2021,00137207,유니켐,011330,KOSPI,자동차 신품 부품 제조업,1,0,0
2021,00137252,사조동아원,008040,KOSPI,"곡물가공품, 전분 및 전분제품 제조업",1,0,0
2021,00137359,신풍제약,019170,KOSPI,의약품 제조업,1,0,0
2021,00137368,신풍,002870,KOSPI,기타 전문 도매업,1,0,0
2021,00137809,SHD,001770,KOSPI,1차 철강 제조업,1,0,0
2021,00137997,현대차증권,001500,KOSPI,금융 지원 서비스업,1,0,0
2021,00138057,써니전자,004770,KOSPI,전자부품 제조업,1,0,0
2021,00138190,GS글로벌,001250,KOSPI,상품 종합 도매업,1,0,0
2021,00138242,KG모빌리티,003620,KOSPI,자동차용 엔진 및 자동차 제조업,2,1,1
2021,00138260,SIMPAC,009160,KOSPI,1차 철강 제조업,1,0,0
2021,00138279,S-Oil,010950,KOSPI,석유 정제품 제조업,1,0,0
2021,00138297,STX,011810,KOSPI,상품 종합 도매업,2,1,1
2021,00138516,아남전자,008700,KOSPI,영상 및 음향기기 제조업,1,0,0
2021,00138701,아세아,002030,KOSPI,회사 본부 및 경영 컨설팅 서비스업,1,0,0
2021,00138729,아세아제지,002310,KOSPI,"골판지, 종이 상자 및 종이용기 제조업",1,0,0
2021,00138792,아시아나항공,020560,KOSPI,항공 여객 운송업,1,0,0
2021,00139214,삼성화재해상보험,000810,KOSPI,보험업,1,0,0
2021,00139454,애경산업,018250,KOSPI,기타 화학제품 제조업,1,0,0
2021,00139764,에넥스,011090,KOSPI,가구 제조업,1,0,0
2021,00139834,LG씨엔에스,064400,KOSPI,"컴퓨터 프로그래밍, 시스템 통합 및 관리업",2,1,1
2021,00139889,SKC,011790,KOSPI,기타 화학제품 제조업,2,1,1
2021,00140131,키다리스튜디오,020120,KOSPI,"자료처리, 호스팅, 포털 및 기타 인터넷 정보매개 서비스업",1,0,0
2021,00140168,HS애드,035000,KOSPI,광고업,1,0,0
2021,00140177,GS리테일,007070,KOSPI,종합 소매업,1,0,0
2021,00140779,영보화학,014440,KOSPI,플라스틱제품 제조업,1,0,0
2021,00140946,한솔로지스틱스,009180,KOSPI,기타 운송관련 서비스업,1,0,0
2021,00140955,한솔케미칼,014680,KOSPI,기초 화학물질 제조업,1,0,0
2021,00140964,영원무역홀딩스,009970,KOSPI,기타 금융업,1,0,0
2021,00141149,영진약품,003520,KOSPI,의약품 제조업,2,1,1
2021,00141307,영풍,000670,KOSPI,1차 비철금속 제조업,1,0,0
2021,00141404,블루산업개발,006740,KOSPI,"골판지, 종이 상자 및 종이용기 제조업",1,0,0
2021,00141413,영화금속,012280,KOSPI,자동차 신품 부품 제조업,1,0,0
2021,00141477,영흥,012160,KOSPI,1차 철강 제조업,1,0,0
2021,00141529,오뚜기,007310,KOSPI,기타 식품 제조업,1,0,0
2021,00141626,오리엔트바이오,002630,KOSPI,의약품 제조업,2,1,1
2021,00141875,사조오양,006090,KOSPI,수산물 가공 및 저장 처리업,2,1,1
2021,00142661,우성,006980,KOSPI,"곡물가공품, 전분 및 전분제품 제조업",2,1,1
2021,00142865,WISCOM,024070,KOSPI,플라스틱제품 제조업,1,0,0
2021,00142883,우신시스템,017370,KOSPI,특수 목적용 기계 제조업,4,3,1
2021,00143262,우진아이엔에스,010400,KOSPI,건물설비 설치 공사업,2,1,1
2021,00143314,에이엔피,015260,KOSPI,전자부품 제조업,1,0,0
2021,00143527,경동인베스트,012320,KOSPI,기타 금융업,1,0,0
2021,00143651,웅진,016880,KOSPI,회사 본부 및 경영 컨설팅 서비스업,2,1,1
2021,00143794,원림,005820,KOSPI,직물직조 및 직물제품 제조업,2,1,1
2021,00144164,SK가스,018670,KOSPI,기타 전문 도매업,1,0,0
2021,00144252,유니온,000910,KOSPI,"시멘트, 석회, 플라스터 및 그 제품 제조업",1,0,0
2021,00144395,동서,026960,KOSPI,음·식료품 및 담배 도매업,1,0,0
2021,00144720,와이투솔루션,011690,KOSPI,반도체 제조업,1,0,0
2021,00144818,유유제약,000220,KOSPI,의약품 제조업,1,0,0
2021,00145109,유한양행,000100,KOSPI,의약품 제조업,1,0,0
2021,00145163,파미셀,005690,KOSPI,전자부품 제조업,1,0,0
2021,00145190,유화증권,003460,KOSPI,금융 지원 서비스업,2,1,1
2021,00145260,율촌화학,008730,KOSPI,플라스틱제품 제조업,1,0,0
2021,00145437,아센디오,012170,KOSPI,"영화, 비디오물, 방송프로그램 제작 및 배급업",2,1,1
2021,00145446,이건산업,008250,KOSPI,나무제품 제조업,1,0,0
2021,00145464,이구산업,025820,KOSPI,1차 비철금속 제조업,1,0,0
2021,00145552,이수화학,005950,KOSPI,기초 화학물질 제조업,3,2,1
2021,00145598,이연제약,102460,KOSPI,의약품 제조업,1,0,0
2021,00145686,이화산업,000760,KOSPI,기타 전문 도매업,1,0,0
2021,00145862,인천도시가스,034590,KOSPI,연료용 가스 제조 및 배관공급업,1,0,0
2021,00145880,현대제철,004020,KOSPI,1차 철강 제조업,1,0,0
2021,00146083,일동홀딩스,000230,KOSPI,의약품 제조업,1,0,0
2021,00146214,일성아이에스,003120,KOSPI,의약품 제조업,1,0,0
2021,00146232,일성건설,013360,KOSPI,토목 건설업,1,0,0
2021,00146269,일신방직,003200,KOSPI,방적 및 가공사 제조업,2,1,1
2021,00146296,일신석재,007110,KOSPI,"건축자재, 철물 및 난방장치 도매업",1,0,0
2021,00146454,일양약품,007570,KOSPI,의약품 제조업,1,0,0
2021,00146542,일정실업,008500,KOSPI,편조원단 제조업,1,0,0
2021,00146649,일진홀딩스,015860,KOSPI,기타 금융업,1,0,0
2021,00146861,자화전자,033240,KOSPI,전자부품 제조업,1,0,0
2021,00147222,전방,000950,KOSPI,방적 및 가공사 제조업,1,0,0
2021,00147860,에스엠벡셀,010580,KOSPI,자동차 신품 부품 제조업,1,0,0
2021,00148276,제일기획,030000,KOSPI,광고업,2,1,1
2021,00148443,제일파마홀딩스,002620,KOSPI,회사 본부 및 경영 컨설팅 서비스업,1,0,0
2021,00148461,제일연마,001560,KOSPI,기타 비금속 광물제품 제조업,1,0,0
2021,00148522,퍼스텍,010820,KOSPI,무기 및 총포탄 제조업,1,0,0
2021,00148540,CJ,001040,KOSPI,기타 금융업,1,0,0
2021,00148610,한화투자증권,003530,KOSPI,금융 지원 서비스업,1,0,0
2021,00148832,제주은행,006220,KOSPI,은행 및 저축기관,1,0,0
2021,00148896,OCI홀딩스,010060,KOSPI,기타 금융업,1,0,0
2021,00148920,조광페인트,004910,KOSPI,기타 화학제품 제조업,1,0,0
2021,00148939,조광피혁,004700,KOSPI,"가죽, 가방 및 유사제품 제조업",8,7,1
2021,00148948,조비,001550,KOSPI,"비료, 농약 및 살균, 살충제 제조업",1,0,0
2021,00148984,시알홀딩스,000480,KOSPI,"내화, 비내화 요업제품 제조업",1,0,0
2021,00148993,하이트진로홀딩스,000140,KOSPI,기타 금융업,1,0,0
2021,00149026,CS홀딩스,000590,KOSPI,기타 금융업,2,1,1
2021,00149239,조일알미늄,018470,KOSPI,1차 비철금속 제조업,2,1,1
2021,00149345,조흥,002600,KOSPI,기타 식품 제조업,1,0,0
2021,00149354,종근당홀딩스,001630,KOSPI,의약품 제조업,1,0,0
2021,00149646,기업은행,024110,KOSPI,은행 및 저축기관,1,0,0
2021,00149655,삼성물산,028260,KOSPI,기타 전문 도매업,1,0,0
2021,00149804,디와이에이,002880,KOSPI,자동차 신품 부품 제조업,2,1,1
2021,00149947,JW중외제약,001060,KOSPI,의약품 제조업,1,0,0
2021,00150244,하이트진로,000080,KOSPI,알코올음료 제조업,1,0,0
2021,00150439,진양산업,003780,KOSPI,플라스틱제품 제조업,1,0,0
2021,00150633,지누스,013890,KOSPI,가구 제조업,1,0,0
2021,00150828,진흥기업,002780,KOSPI,토목 건설업,2,1,1
2021,00151128,모토닉,009680,KOSPI,자동차 신품 부품 제조업,1,0,0
2021,00151298,DSR제강,069730,KOSPI,1차 철강 제조업,1,0,0
2021,00151368,인터지스,129260,KOSPI,도로 화물 운송업,1,0,0
2021,00151395,천일고속,000650,KOSPI,육상 여객 운송업,2,1,1
2021,00152039,SG글로벌,001380,KOSPI,자동차 신품 부품 제조업,1,0,0
2021,00152385,에이프로젠,007460,KOSPI,의약품 제조업,1,0,0
2021,00152686,코리아써키트,007810,KOSPI,전자부품 제조업,1,0,0
2021,00152729,광전자,017900,KOSPI,반도체 제조업,1,0,0
2021,00152862,코오롱,002020,KOSPI,기타 금융업,3,2,1
2021,00152880,코오롱글로벌,003070,KOSPI,토목 건설업,1,0,0
2021,00153126,크라운해태홀딩스,005740,KOSPI,기타 금융업,2,1,1
2021,00153339,태경산업,015890,KOSPI,기초 화학물질 제조업,1,0,0
2021,00153393,태광산업,003240,KOSPI,화학섬유 제조업,2,1,1
2021,00153524,태림포장,011280,KOSPI,"골판지, 종이 상자 및 종이용기 제조업",1,0,0
2021,00153621,참엔지니어링,009310,KOSPI,특수 목적용 기계 제조업,1,0,0
2021,00153755,태양금속공업,004100,KOSPI,자동차 신품 부품 제조업,5,4,1
2021,00153861,태영건설,009410,KOSPI,토목 건설업,1,0,0
2021,00154055,태원물산,001420,KOSPI,자동차 신품 부품 제조업,1,0,0
2021,00154329,TP,007980,KOSPI,봉제의복 제조업,1,0,0
2021,00154462,아모레퍼시픽홀딩스,002790,KOSPI,기타 화학제품 제조업,1,0,0
2021,00155124,평화홀딩스,010770,KOSPI,자동차 신품 부품 제조업,1,0,0
2021,00155212,포스코DX,022100,KOSPI,"건축기술, 엔지니어링 및 관련 기술 서비스업",2,1,1
2021,00155258,포스코스틸리온,058430,KOSPI,1차 철강 제조업,1,0,0
2021,00155276,포스코퓨처엠,003670,KOSPI,일차전지 및 이차전지 제조업,1,0,0
2021,00155319,POSCO홀딩스,005490,KOSPI,1차 철강 제조업,2,1,1
2021,00155355,풀무원,017810,KOSPI,기타 식품 제조업,1,0,0
2021,00155531,풍산홀딩스,005810,KOSPI,기타 금융업,1,0,0
2021,00156150,엑시큐어하이트론,019490,KOSPI,영상 및 음향기기 제조업,3,1,1
2021,00156354,지엠비코리아,013870,KOSPI,자동차 신품 부품 제조업,1,0,0
2021,00156488,휴스틸,005010,KOSPI,1차 철강 제조업,1,0,0
2021,00156691,한국공항,005430,KOSPI,기타 운송관련 서비스업,1,0,0
2021,00156859,다올투자증권,030210,KOSPI,금융 지원 서비스업,1,0,0
2021,00157070,한국단자공업,025540,KOSPI,"전동기, 발전기 및 전기 변환 · 공급 · 제어 장치 제조업",1,0,0
2021,00157399,한솔테크닉스,004710,KOSPI,전자부품 제조업,1,0,0
2021,00157681,롯데정밀화학,004000,KOSPI,기초 화학물질 제조업,1,0,0
2021,00157991,한국석유공업,004090,KOSPI,기타 비금속 광물제품 제조업,1,0,0
2021,00158112,한국수출포장공업,002200,KOSPI,"골판지, 종이 상자 및 종이용기 제조업",1,0,0
2021,00158149,한국쉘석유,002960,KOSPI,석유 정제품 제조업,1,0,0
2021,00158307,롯데하이마트,071840,KOSPI,가전제품 및 정보통신장비 소매업,1,0,0
2021,00158316,NICE,034310,KOSPI,회사 본부 및 경영 컨설팅 서비스업,1,0,0
2021,00158325,NICE평가정보,030190,KOSPI,기타 정보 서비스업,1,0,0
2021,00158501,에스원,012750,KOSPI,"경비, 경호 및 탐정업",1,0,0
2021,00158963,유나이티드,033270,KOSPI,의약품 제조업,1,0,0
2021,00159023,SK텔레콤,017670,KOSPI,전기 통신업,2,1,1
2021,00159102,DB손해보험,005830,KOSPI,보험업,1,0,0
2021,00159193,한국전력공사,015760,KOSPI,전기업,2,1,1
2021,00159209,한전기술,052690,KOSPI,"건축기술, 엔지니어링 및 관련 기술 서비스업",1,0,0
2021,00159218,한전KPS,051600,KOSPI,전기 및 통신 공사업,1,0,0
2021,00159254,한국전자홀딩스,006200,KOSPI,기타 금융업,1,0,0
2021,00159500,한국종합기술,023350,KOSPI,"건축기술, 엔지니어링 및 관련 기술 서비스업",1,0,0
2021,00159564,한국주강,025890,KOSPI,특수 목적용 기계 제조업,2,1,1
2021,00159573,한국주철관공업,000970,KOSPI,1차 철강 제조업,1,0,0
2021,00159616,두산에너빌리티,034020,KOSPI,일반 목적용 기계 제조업,1,0,0
2021,00159698,지역난방공사,071320,KOSPI,"증기, 냉·온수 및 공기조절 공급업",1,0,0
2021,00159740,KISCO홀딩스,001940,KOSPI,1차 철강 제조업,1,0,0
2021,00159786,유니드,014830,KOSPI,기초 화학물질 제조업,1,0,0
2021,00159795,한국카본,017960,KOSPI,"구조용 금속제품, 탱크 및 증기발생기 제조업",1,0,0
2021,00159810,카프로,006380,KOSPI,기초 화학물질 제조업,1,0,0
2021,00159971,KC그린홀딩스,009440,KOSPI,기타 금융업,2,1,1
2021,00160047,한국앤컴퍼니,000240,KOSPI,기타 금융업,7,6,1
2021,00160205,한국내화,010040,KOSPI,"내화, 비내화 요업제품 제조업",1,0,0
2021,00160232,KSS해운,044450,KOSPI,해상 운송업,1,0,0
2021,00160302,코스모화학,005420,KOSPI,기타 화학제품 제조업,1,0,0
2021,00160375,진양폴리우레탄,010640,KOSPI,플라스틱제품 제조업,2,1,1
2021,00160418,한국무브넥스,010100,KOSPI,자동차 신품 부품 제조업,1,0,0
2021,00160588,한화,000880,KOSPI,기타 화학제품 제조업,3,2,1
2021,00160621,한국화장품제조,003350,KOSPI,기타 화학제품 제조업,2,1,1
2021,00160843,DB하이텍,000990,KOSPI,반도체 제조업,1,0,0
2021,00160861,한농화성,011500,KOSPI,기타 화학제품 제조업,1,0,0
2021,00161046,한독,002390,KOSPI,의약품 제조업,1,0,0
2021,00161116,HL D&I,014790,KOSPI,토목 건설업,1,0,0
2021,00161125,한온시스템,018880,KOSPI,일반 목적용 기계 제조업,2,1,1
2021,00161383,한미반도체,042700,KOSPI,특수 목적용 기계 제조업,2,1,1
2021,00161426,한미사이언스,008930,KOSPI,기타 금융업,1,0,0
2021,00161693,한샘,009240,KOSPI,생활용품 도매업,3,2,1
2021,00161709,퍼시스,016800,KOSPI,가구 제조업,1,0,0
2021,00161860,한성기업,003680,KOSPI,수산물 가공 및 저장 처리업,1,0,0
2021,00161976,한세예스24홀딩스,016450,KOSPI,봉제의복 제조업,1,0,0
2021,00162063,한신공영,004960,KOSPI,건물 건설업,2,1,1
2021,00162072,한신기계공업,011700,KOSPI,일반 목적용 기계 제조업,1,0,0
2021,00162416,한양증권,001750,KOSPI,금융 지원 서비스업,1,0,0
2021,00162461,한화솔루션,009830,KOSPI,기초 화학물질 제조업,4,3,1
2021,00162586,한올바이오파마,009420,KOSPI,의약품 제조업,2,1,1
2021,00162993,한일홀딩스,003300,KOSPI,"시멘트, 석회, 플라스터 및 그 제품 제조업",1,0,0
2021,00163114,서연,007860,KOSPI,기타 금융업,1,0,0
2021,00163196,한일철강,002220,KOSPI,1차 철강 제조업,1,0,0
2021,00163345,DB,012030,KOSPI,"컴퓨터 프로그래밍, 시스템 통합 및 관리업",1,0,0
2021,00163512,한진,002320,KOSPI,도로 화물 운송업,2,1,1
2021,00163673,한진중공업홀딩스,003480,KOSPI,연료용 가스 제조 및 배관공급업,1,0,0
2021,00163691,유수홀딩스,000700,KOSPI,회사 본부 및 경영 컨설팅 서비스업,2,1,1
2021,00163716,한창,005110,KOSPI,기계장비 및 관련 물품 도매업,1,0,0
2021,00163761,한창제지,009460,KOSPI,"펄프, 종이 및 판지 제조업",1,0,0
2021,00164478,현대건설,000720,KOSPI,토목 건설업,2,1,1
2021,00164636,HDC,012630,KOSPI,기타 금융업,1,0,0
2021,00164645,HMM,011200,KOSPI,해상 운송업,1,0,0
2021,00164706,현대약품,004310,KOSPI,의약품 제조업,1,0,0
2021,00164724,현대엘리베이터,017800,KOSPI,일반 목적용 기계 제조업,1,0,0
2021,00164742,현대자동차,005380,KOSPI,자동차용 엔진 및 자동차 제조업,8,7,1
2021,00164779,SK하이닉스,000660,KOSPI,반도체 제조업,1,0,0
2021,00164788,현대모비스,012330,KOSPI,자동차 신품 부품 제조업,2,1,1
2021,00164812,현대코퍼레이션,011760,KOSPI,상품 종합 도매업,1,0,0
2021,00164830,HD한국조선해양,009540,KOSPI,기타 금융업,1,0,0
2021,00164973,현대해상,001450,KOSPI,보험업,2,1,1
2021,00165343,혜인,003010,KOSPI,기계장비 및 관련 물품 도매업,2,1,1
2021,00165413,롯데케미칼,011170,KOSPI,기초 화학물질 제조업,1,0,0
2021,00165583,E1,017940,KOSPI,기타 전문 도매업,1,0,0
2021,00165680,호텔신라,008770,KOSPI,기타 상품 전문 소매업,2,1,1
2021,00166227,화승인더스트리,006060,KOSPI,상품 종합 도매업,2,1,1
2021,00166272,화승코퍼레이션,013520,KOSPI,자동차 신품 부품 제조업,2,1,1
2021,00166315,화신,010690,KOSPI,자동차 신품 부품 제조업,1,0,0
2021,00166500,화천기계,010660,KOSPI,특수 목적용 기계 제조업,1,0,0
2021,00166519,화천기공,000850,KOSPI,특수 목적용 기계 제조업,1,0,0
2021,00166573,환인제약,016580,KOSPI,의약품 제조업,1,0,0
2021,00167192,넥센,005720,KOSPI,고무제품 제조업,1,0,0
2021,00167208,흥아해운,003280,KOSPI,해상 운송업,2,1,1
2021,00168331,온타이드,005320,KOSPI,생활용품 도매업,4,3,1
2021,00168401,금비,008870,KOSPI,유리 및 유리제품 제조업,1,0,0
2021,00169048,HLB글로벌,003580,KOSPI,종합 소매업,1,0,0
2021,00170558,코웨이,021240,KOSPI,그외 기타 개인 서비스업,2,1,1
2021,00171265,파라다이스,034230,KOSPI,유원지 및 기타 오락관련 서비스업,1,0,0
2021,00171636,한솔홀딩스,004150,KOSPI,기타 금융업,3,2,1
2021,00172185,남성,004270,KOSPI,기타 전문 도매업,1,0,0
2021,00172228,엔케이,085310,KOSPI,"구조용 금속제품, 탱크 및 증기발생기 제조업",2,1,1
2021,00172291,더존비즈온,012510,KOSPI,"컴퓨터 프로그래밍, 시스템 통합 및 관리업",2,1,1
2021,00172936,동일산업,004890,KOSPI,1차 철강 제조업,2,1,1
2021,00173078,명신산업,009900,KOSPI,자동차 신품 부품 제조업,1,0,0
2021,00173102,모나리자,012690,KOSPI,기타 종이 및 판지 제품 제조업,3,2,1
2021,00173698,신일전자,002700,KOSPI,기계장비 및 관련 물품 도매업,1,0,0
2021,00173795,신흥,004080,KOSPI,기계장비 및 관련 물품 도매업,1,0,0
2021,00173874,넥센타이어,002350,KOSPI,고무제품 제조업,1,0,0
2021,00173944,우진,105840,KOSPI,"측정, 시험, 항해, 제어 및 기타 정밀기기 제조업; 광학기기 제외",1,0,0
2021,00174004,유성기업,002920,KOSPI,자동차 신품 부품 제조업,1,0,0
2021,00174527,HS화성,002460,KOSPI,건물 건설업,2,1,1
2021,00176914,다우기술,023590,KOSPI,"자료처리, 호스팅, 포털 및 기타 인터넷 정보매개 서비스업",2,1,1
2021,00177199,디씨엠,024090,KOSPI,1차 철강 제조업,1,0,0
2021,00178754,동아지질,028100,KOSPI,기반조성 및 시설물 축조관련 전문공사업,1,0,0
2021,00180795,인팩,023810,KOSPI,자동차 신품 부품 제조업,1,0,0
2021,00181712,SK,034730,KOSPI,기타 금융업,2,1,1
2021,00181943,에스제이엠홀딩스,025530,KOSPI,자동차 부품 및 내장품 판매업,2,1,1
2021,00186559,아이티센씨티에스,031820,KOSPI,"컴퓨터 프로그래밍, 시스템 통합 및 관리업",1,0,0
2021,00188089,한섬,020000,KOSPI,봉제의복 제조업,2,1,1
2021,00190321,케이티,030200,KOSPI,전기 통신업,2,1,1
2021,00191472,KPX케미칼,025000,KOSPI,기초 화학물질 제조업,1,0,0
2021,00191588,삼원강재,023000,KOSPI,자동차 신품 부품 제조업,1,0,0
2021,00194947,한전산업,130660,KOSPI,"건축기술, 엔지니어링 및 관련 기술 서비스업",1,0,0
2021,00195229,미스토홀딩스,081660,KOSPI,생활용품 도매업,2,1,1
2021,00197759,미래산업,025560,KOSPI,"측정, 시험, 항해, 제어 및 기타 정밀기기 제조업; 광학기기 제외",2,1,1
2021,00198697,일진디스플,020760,KOSPI,반도체 제조업,1,0,0
2021,00203290,콜마홀딩스,024720,KOSPI,기타 금융업,1,0,0
2021,00203315,콘텐트리중앙,036420,KOSPI,"영화, 비디오물, 방송프로그램 제작 및 배급업",1,0,0
2021,00203582,한솔홈데코,025750,KOSPI,제재 및 목재 가공업,1,0,0
2021,00204208,마니커,027740,KOSPI,"도축, 육류 가공 및 저장 처리업",1,0,0
2021,00209780,케이씨,029460,KOSPI,"측정, 시험, 항해, 제어 및 기타 정밀기기 제조업; 광학기기 제외",1,0,0
2021,00210856,코아스,071950,KOSPI,가구 제조업,1,0,0
2021,00218575,황금에스티,032560,KOSPI,1차 비철금속 제조업,4,3,1
2021,00219097,BGF,027410,KOSPI,기타 금융업,1,0,0
2021,00219486,신세계I&C,035510,KOSPI,"컴퓨터 프로그래밍, 시스템 통합 및 관리업",2,1,1
2021,00219574,코스맥스비티아이,044820,KOSPI,기타 금융업,1,0,0
2021,00220561,광주신세계,037710,KOSPI,종합 소매업,2,1,1
2021,00222532,LG헬로비전,037560,KOSPI,텔레비전 방송업,1,0,0
2021,00225159,SNT홀딩스,036530,KOSPI,기타 금융업,1,0,0
2021,00225706,JW생명과학,234080,KOSPI,의약품 제조업,3,1,1
2021,00226316,호전실업,111110,KOSPI,봉제의복 제조업,2,1,1
2021,00231363,LG유플러스,032640,KOSPI,전기 통신업,1,0,0
2021,00231372,롯데관광개발,032350,KOSPI,여행사 및 기타 여행보조 서비스업,2,1,1
2021,00233653,한국토지신탁,034830,KOSPI,신탁업 및 집합투자업,1,0,0
2021,00234412,신세계인터내셔날,031430,KOSPI,"섬유, 의복, 신발 및 가죽제품 소매업",1,0,0
2021,00244455,케이티앤지,033780,KOSPI,담배 제조업,1,0,0
2021,00248974,하나제약,293480,KOSPI,의약품 제조업,2,1,1
2021,00249247,YG PLUS,037270,KOSPI,"자료처리, 호스팅, 포털 및 기타 인터넷 정보매개 서비스업",1,0,0
2021,00255619,강원랜드,035250,KOSPI,유원지 및 기타 오락관련 서비스업,1,0,0
2021,00256955,테이팩스,055490,KOSPI,플라스틱제품 제조업,2,1,1
2021,00258801,카카오,035720,KOSPI,"자료처리, 호스팅, 포털 및 기타 인터넷 정보매개 서비스업",1,0,0
2021,00260383,대한유화,006650,KOSPI,기초 화학물질 제조업,1,0,0
2021,00260392,대원전선,006340,KOSPI,절연선 및 케이블 제조업,1,0,0
2021,00260408,팜스코,036580,KOSPI,"곡물가공품, 전분 및 전분제품 제조업",1,0,0
2021,00261285,한국가스공사,036460,KOSPI,연료용 가스 제조 및 배관공급업,3,2,1
2021,00261443,NC,036570,KOSPI,소프트웨어 개발 및 공급업,1,0,0
2021,00266961,NAVER,035420,KOSPI,"자료처리, 호스팅, 포털 및 기타 인터넷 정보매개 서비스업",1,0,0
2021,00269241,주연테크,044380,KOSPI,컴퓨터 및 주변장치 제조업,1,0,0
2021,00269940,하나투어,039130,KOSPI,여행사 및 기타 여행보조 서비스업,1,0,0
2021,00274933,신세계푸드,031440,KOSPI,음식점업,1,0,0
2021,00296290,키움증권,039490,KOSPI,금융 지원 서비스업,3,2,1
2021,00299002,HL홀딩스,060980,KOSPI,기타 금융업,1,0,0
2021,00300548,현대리바트,079430,KOSPI,가구 제조업,1,0,0
2021,00302926,현대로템,064350,KOSPI,그외 기타 운송장비 제조업,1,0,0
2021,00303217,우진플라임,049800,KOSPI,특수 목적용 기계 제조업,1,0,0
2021,00303873,CJ CGV,079160,KOSPI,"영화, 비디오물, 방송프로그램 제작 및 배급업",1,0,0
2021,00305668,새론오토모티브,075180,KOSPI,자동차 신품 부품 제조업,1,0,0
2021,00309503,한국항공우주,047810,KOSPI,"항공기,우주선 및 부품 제조업",1,0,0
2021,00332927,제이에스코퍼레이션,194370,KOSPI,"가죽, 가방 및 유사제품 제조업",2,1,1
2021,00339391,한화시스템,272210,KOSPI,전자부품 제조업,3,2,1
2021,00347734,진양화학,051630,KOSPI,플라스틱제품 제조업,1,0,0
2021,00349097,케이티스카이라이프,053210,KOSPI,텔레비전 방송업,2,1,1
2021,00350312,HDC랩스,039570,KOSPI,전기 및 통신 공사업,3,2,1
2021,00353878,다스코,058730,KOSPI,"구조용 금속제품, 탱크 및 증기발생기 제조업",2,1,1
2021,00356361,LG화학,051910,KOSPI,기초 화학물질 제조업,1,0,0
2021,00356370,LG생활건강,051900,KOSPI,기타 화학제품 제조업,2,1,1
2021,00357360,한세엠케이,069640,KOSPI,"섬유, 의복, 신발 및 가죽제품 소매업",1,0,0
2021,00357935,HDC현대EP,089470,KOSPI,기타 화학제품 제조업,1,0,0
2021,00360142,아이마켓코리아,122900,KOSPI,상품 종합 도매업,1,0,0
2021,00360595,현대글로비스,086280,KOSPI,기타 운송관련 서비스업,1,0,0
2021,00361008,한화엔진,082740,KOSPI,일반 목적용 기계 제조업,1,0,0
2021,00361488,텔코웨어,078000,KOSPI,"자료처리, 호스팅, 포털 및 기타 인터넷 정보매개 서비스업",1,0,0
2021,00362238,휴비스,079980,KOSPI,화학섬유 제조업,1,0,0
2021,00362441,현대오토에버,307950,KOSPI,소프트웨어 개발 및 공급업,1,0,0
2021,00365387,AJ네트웍스,095570,KOSPI,산업용 기계 및 장비 임대업,2,1,1
2021,00365989,모나용평,070960,KOSPI,일반 및 생활 숙박시설 운영업,1,0,0
2021,00367844,자이에스앤디,317400,KOSPI,부동산 임대 및 공급업,2,1,1
2021,00369833,유니온머티리얼,047400,KOSPI,"내화, 비내화 요업제품 제조업",1,0,0
2021,00372873,KTis,058860,KOSPI,기타 정보 서비스업,1,0,0
2021,00372882,KTcs,058850,KOSPI,기타 정보 서비스업,1,0,0
2021,00377610,세아홀딩스,058650,KOSPI,1차 철강 제조업,2,1,1
2021,00382199,신한지주,055550,KOSPI,기타 금융업,1,0,0
2021,00390055,종근당바이오,063160,KOSPI,의약품 제조업,1,0,0
2021,00398701,엘앤에프,066970,KOSPI,일차전지 및 이차전지 제조업,1,0,0
2021,00398792,SNT모티브,064960,KOSPI,자동차 신품 부품 제조업,1,0,0
2021,00400857,에이블씨엔씨,078520,KOSPI,기타 화학제품 제조업,1,0,0
2021,00401731,LG전자,066570,KOSPI,통신 및 방송 장비 제조업,2,1,1
2021,00403632,현대퓨처넷,126560,KOSPI,전기 통신업,1,0,0
2021,00404701,한국자산신탁,123890,KOSPI,신탁업 및 집합투자업,1,0,0
2021,00406046,HD현대마린엔진,071970,KOSPI,일반 목적용 기계 제조업,2,1,1
2021,00409672,티비에이치글로벌,084870,KOSPI,봉제의복 제조업,1,0,0
2021,00412597,현대홈쇼핑,057050,KOSPI,무점포 소매업,2,1,1
2021,00413046,셀트리온,068270,KOSPI,기초 의약물질 제조업,8,7,1
2021,00413523,한미글로벌,053690,KOSPI,"건축기술, 엔지니어링 및 관련 기술 서비스업",2,1,1
2021,00414601,유니퀘스트,077500,KOSPI,기계장비 및 관련 물품 도매업,1,0,0
2021,00414850,효성 ITX,094280,KOSPI,기타 사업지원 서비스업,1,0,0
2021,00415628,세진중공업,075580,KOSPI,선박 및 보트 건조업,3,2,1
2021,00415646,드림텍,192650,KOSPI,전자부품 제조업,2,1,1
2021,00416654,유엔젤,072130,KOSPI,"자료처리, 호스팅, 포털 및 기타 인터넷 정보매개 서비스업",2,1,1
2021,00422895,세이브존I&C,067830,KOSPI,종합 소매업,1,0,0
2021,00423690,삼성출판사,068290,KOSPI,"서적, 잡지 및 기타 인쇄물 출판업",1,0,0
2021,00426086,티케이지휴켐스,069260,KOSPI,기타 화학제품 제조업,1,0,0
2021,00427483,대웅제약,069620,KOSPI,의약품 제조업,1,0,0
2021,00428251,현대백화점,069960,KOSPI,종합 소매업,1,0,0
2021,00428321,해태제과식품,101530,KOSPI,기타 식품 제조업,3,2,1
2021,00428729,대호에이엘,069460,KOSPI,1차 비철금속 제조업,1,0,0
2021,00432102,한국금융지주,071050,KOSPI,기타 금융업,1,0,0
2021,00435312,하이스틸,071090,KOSPI,1차 철강 제조업,1,0,0
2021,00441243,형지엘리트,093240,KOSPI,봉제의복 제조업,1,0,0
2021,00442835,메타랩스,090370,KOSPI,봉제의복 제조업,1,0,0
2021,00447609,비에이치,090460,KOSPI,전자부품 제조업,1,0,0
2021,00450010,씨티알모빌리티,308170,KOSPI,자동차 신품 부품 제조업,2,1,1
2021,00453284,교촌에프앤비,339770,KOSPI,음·식료품 및 담배 도매업,1,0,0
2021,00453488,다이나믹디자인,145210,KOSPI,특수 목적용 기계 제조업,1,0,0
2021,00454946,그린케미칼,083420,KOSPI,기타 화학제품 제조업,1,0,0
2021,00458234,아시아나IDT,267850,KOSPI,"컴퓨터 프로그래밍, 시스템 통합 및 관리업",1,0,0
2021,00459871,농심홀딩스,072710,KOSPI,기타 금융업,1,0,0
2021,00469799,이엔플러스,074610,KOSPI,일반 목적용 기계 제조업,3,2,1
2021,00480367,SK오션플랜트,100090,KOSPI,1차 철강 제조업,1,0,0
2021,00480455,STX엔진,077970,KOSPI,일반 목적용 기계 제조업,1,0,0
2021,00481454,금호타이어,073240,KOSPI,고무제품 제조업,2,1,1
2021,00486705,아주스틸,139990,KOSPI,1차 철강 제조업,1,0,0
2021,00500254,GS,078930,KOSPI,기타 금융업,1,0,0
2021,00503668,LIG디펜스앤에어로스페이스,079550,KOSPI,무기 및 총포탄 제조업,2,1,1
2021,00508274,일진다이아,081000,KOSPI,기타 화학제품 제조업,1,0,0
2021,00508344,SK디앤디,210980,KOSPI,부동산 임대 및 공급업,1,0,0
2021,00520887,비상교육,100220,KOSPI,"서적, 잡지 및 기타 인쇄물 출판업",2,1,1
2021,00525934,LX세미콘,108320,KOSPI,반도체 제조업,1,0,0
2021,00526599,덴티움,145720,KOSPI,의료용 기기 제조업,1,0,0
2021,00534598,한컴라이프케어,372910,KOSPI,의료용 기기 제조업,1,0,0
2021,00539274,대상홀딩스,084690,KOSPI,기타 금융업,1,0,0
2021,00540605,이월드,084680,KOSPI,귀금속 및 장신용품 제조업,1,0,0
2021,00540641,동양고속,084670,KOSPI,육상 여객 운송업,2,1,1
2021,00544452,이리츠코크렙,088260,KOSPI,부동산 임대 및 공급업,3,1,1
2021,00545716,롯데렌탈,089860,KOSPI,운송장비 임대업,2,1,1
2021,00547583,하나금융지주,086790,KOSPI,기타 금융업,1,0,0
2021,00555874,제주항공,089590,KOSPI,항공 여객 운송업,5,4,1
2021,00557508,GKL,114090,KOSPI,유원지 및 기타 오락관련 서비스업,1,0,0
2021,00557933,진도,088790,KOSPI,기타 전문 도매업,2,1,1
2021,00564562,엠씨넥스,097520,KOSPI,영상 및 음향기기 제조업,1,0,0
2021,00565154,이노션,214320,KOSPI,광고업,1,0,0
2021,00573579,평화산업,090080,KOSPI,자동차 신품 부품 제조업,1,0,0
2021,00583424,아모레퍼시픽,090430,KOSPI,기타 화학제품 제조업,1,0,0
2021,00583442,노루페인트,090350,KOSPI,기타 화학제품 제조업,1,0,0
2021,00587466,KPX홀딩스,092230,KOSPI,기초 화학물질 제조업,1,0,0
2021,00589127,KEC,092220,KOSPI,반도체 제조업,1,0,0
2021,00593032,LF,093050,KOSPI,봉제의복 제조업,1,0,0
2021,00595191,후성,093370,KOSPI,기초 화학물질 제조업,1,0,0
2021,00622787,바이오노트,377740,KOSPI,의료용품 및 기타 의약 관련제품 제조업,1,0,0
2021,00628189,웅진씽크빅,095720,KOSPI,초등 교육기관,1,0,0
2021,00631518,SK이노베이션,096770,KOSPI,석유 정제품 제조업,1,0,0
2021,00632304,JW홀딩스,096760,KOSPI,기타 금융업,3,1,1
2021,00633835,HJ중공업,097230,KOSPI,토목 건설업,1,0,0
2021,00635134,CJ제일제당,097950,KOSPI,기타 식품 제조업,1,0,0
2021,00646732,진양홀딩스,100250,KOSPI,플라스틱제품 제조업,1,0,0
2021,00648721,SNT에너지,100840,KOSPI,일반 목적용 기계 제조업,1,0,0
2021,00651901,에어부산,298690,KOSPI,항공 여객 운송업,1,0,0
2021,00652423,인바이오젠,101140,KOSPI,기계장비 및 관련 물품 도매업,1,0,0
2021,00653024,진에어,272450,KOSPI,항공 여객 운송업,1,0,0
2021,00661847,화인베스틸,133820,KOSPI,1차 철강 제조업,1,0,0
2021,00670340,씨에스윈드,112610,KOSPI,"구조용 금속제품, 탱크 및 증기발생기 제조업",1,0,0
2021,00671376,트리니티항공,091810,KOSPI,항공 여객 운송업,1,0,0
2021,00679314,동성케미컬,102260,KOSPI,합성고무 및 플라스틱 물질 제조업,2,1,1
2021,00683469,일진전기,103590,KOSPI,절연선 및 케이블 제조업,1,0,0
2021,00684714,풍산,103140,KOSPI,1차 비철금속 제조업,1,0,0
2021,00684802,에이플러스에셋,244920,KOSPI,보험 및 연금관련 서비스업,2,1,1
2021,00687711,한국철강,104700,KOSPI,1차 철강 제조업,2,1,1
2021,00688996,KB금융,105560,KOSPI,기타 금융업,2,1,1
2021,00706715,미원홀딩스,107590,KOSPI,기타 금융업,1,0,0
2021,00728638,한세실업,105630,KOSPI,봉제의복 제조업,2,1,1
2021,00753643,주성코퍼레이션,109070,KOSPI,통신 및 방송 장비 제조업,1,0,0
2021,00759513,LX하우시스,108670,KOSPI,플라스틱제품 제조업,1,0,0
2021,00760971,크래프톤,259960,KOSPI,소프트웨어 개발 및 공급업,1,0,0
2021,00767460,PI첨단소재,178920,KOSPI,플라스틱제품 제조업,1,0,0
2021,00776820,영원무역,111770,KOSPI,상품 종합 도매업,2,1,1
2021,00787376,대성에너지,117580,KOSPI,연료용 가스 제조 및 배관공급업,1,0,0
2021,00791209,메타케어,118000,KOSPI,기계장비 및 관련 물품 도매업,2,1,1
2021,00795135,코오롱인더,120110,KOSPI,화학섬유 제조업,2,1,1
2021,00796994,조선선재,120030,KOSPI,기타 금속 가공제품 제조업,2,1,1
2021,00797364,KC코트렐,119650,KOSPI,일반 목적용 기계 제조업,1,0,0
2021,00815369,에스제이엠,123700,KOSPI,자동차 신품 부품 제조업,2,1,1
2021,00816544,토니모리,214420,KOSPI,기타 화학제품 제조업,1,0,0
2021,00823429,한국화장품,123690,KOSPI,생활용품 도매업,3,2,1
2021,00828497,한미약품,128940,KOSPI,의약품 제조업,1,0,0
2021,00828789,대성산업,128820,KOSPI,연료 소매업,1,0,0
2021,00838500,엘브이엠씨,900140,KOSPI,자동차 판매업,1,0,0
2021,00852087,시디즈,134790,KOSPI,가구 제조업,1,0,0
2021,00854997,에스디바이오센서,137310,KOSPI,의료용 기기 제조업,1,0,0
2021,00855093,선진,136490,KOSPI,동물용 사료 및 조제식품 제조업,1,0,0
2021,00855163,미원화학,134380,KOSPI,기타 화학제품 제조업,1,0,0
2021,00858364,BNK금융지주,138930,KOSPI,기타 금융업,1,0,0
2021,00860332,메리츠금융지주,138040,KOSPI,기타 금융업,3,2,1
2021,00860730,에이리츠,140910,KOSPI,부동산 임대 및 공급업,1,0,0
2021,00861076,케이탑리츠,145270,KOSPI,부동산 임대 및 공급업,1,0,0
2021,00872984,이마트,139480,KOSPI,종합 소매업,2,1,1
2021,00877059,삼성바이오로직스,207940,KOSPI,기초 의약물질 제조업,1,0,0
2021,00878696,에스케이바이오팜,326030,KOSPI,자연과학 및 공학 연구개발업,1,0,0
2021,00878915,iM금융지주,139130,KOSPI,기타 금융업,1,0,0
2021,00896285,삼양사,145990,KOSPI,기타 식품 제조업,2,1,1
2021,00904672,넷마블,251270,KOSPI,소프트웨어 개발 및 공급업,1,0,0
2021,00911955,잇츠한불,226320,KOSPI,기타 화학제품 제조업,1,0,0
2021,00936787,애경케미칼,161000,KOSPI,기초 화학물질 제조업,2,1,1
2021,00937324,한국타이어앤테크놀로지,161390,KOSPI,고무제품 제조업,2,1,1
2021,00939331,한국콜마,161890,KOSPI,기타 화학제품 제조업,1,0,0
2021,00939687,동일고무벨트,163560,KOSPI,고무제품 제조업,1,0,0
2021,00956930,동아에스티,170900,KOSPI,의약품 제조업,2,1,1
2021,00972503,일진하이솔루스,271940,KOSPI,그외 기타 운송장비 제조업,1,0,0
2021,00980122,JB금융지주,175330,KOSPI,기타 금융업,1,0,0
2021,00983040,한진칼,180640,KOSPI,기타 금융업,1,0,0
2021,00983271,NHN,181710,KOSPI,소프트웨어 개발 및 공급업,1,0,0
2021,00990165,아세아시멘트,183190,KOSPI,"시멘트, 석회, 플라스터 및 그 제품 제조업",1,0,0
2021,00992871,종근당,185750,KOSPI,의약품 제조업,1,0,0
2021,01009789,코스맥스,192820,KOSPI,기타 화학제품 제조업,2,1,1
2021,01010110,더블유게임즈,192080,KOSPI,소프트웨어 개발 및 공급업,1,0,0
2021,01032413,해성디에스,195870,KOSPI,전자부품 제조업,1,0,0
2021,01032486,두산밥캣,241560,KOSPI,특수 목적용 기계 제조업,2,1,1
2021,01035289,JK리버스톤리츠,204210,KOSPI,부동산 임대 및 공급업,1,0,0
2021,01036446,서연이화,200880,KOSPI,자동차 신품 부품 제조업,1,0,0
2021,01042775,HL만도,204320,KOSPI,자동차 신품 부품 제조업,1,0,0
2021,01059605,디와이파워,210540,KOSPI,특수 목적용 기계 제조업,1,0,0
2021,01060744,한솔제지,213500,KOSPI,"펄프, 종이 및 판지 제조업",1,0,0
2021,01060814,삼양패키징,272550,KOSPI,플라스틱제품 제조업,1,0,0
2021,01093007,LS에코에너지,229640,KOSPI,기타 금융업,1,0,0
2021,01108099,현대코퍼레이션홀딩스,227840,KOSPI,음·식료품 및 담배 도매업,1,0,0
2021,01128613,화승엔터프라이즈,241590,KOSPI,신발 및 신발 부분품 제조업,1,0,0
2021,01133217,카카오뱅크,323410,KOSPI,은행 및 저축기관,1,0,0
2021,01159233,솔루엠,248070,KOSPI,전자부품 제조업,1,0,0
2021,01167056,샘표식품,248170,KOSPI,기타 식품 제조업,1,0,0
2021,01168383,일동제약,249420,KOSPI,의약품 제조업,1,0,0
2021,01180118,코람코더원리츠,417310,KOSPI,부동산 임대 및 공급업,3,0,0
2021,01190568,에이피알,278470,KOSPI,기타 화학제품 제조업,1,0,0
2021,01199550,HD현대에너지솔루션,322000,KOSPI,반도체 제조업,2,1,1
2021,01203312,케이뱅크,279570,KOSPI,은행 및 저축기관,1,0,0
2021,01204056,하이브,352820,KOSPI,오디오물 출판 및 원판 녹음업,1,0,0
2021,01205329,크라운제과,264900,KOSPI,"떡, 빵 및 과자류 제조업",3,2,1
2021,01205709,HD현대,267250,KOSPI,기타 금융업,2,1,1
2021,01205842,HD건설기계,267270,KOSPI,특수 목적용 기계 제조업,3,2,1
2021,01205851,HD현대일렉트릭,267260,KOSPI,"전동기, 발전기 및 전기 변환 · 공급 · 제어 장치 제조업",1,0,0
2021,01208885,경동도시가스,267290,KOSPI,연료용 가스 제조 및 배관공급업,1,0,0
2021,01234297,미원에스씨,268280,KOSPI,기초 화학물질 제조업,2,1,1
2021,01236897,제일약품,271980,KOSPI,의약품 제조업,1,0,0
2021,01238169,오리온,271560,KOSPI,기타 식품 제조업,2,1,1
2021,01244601,카카오페이,377300,KOSPI,금융 지원 서비스업,1,0,0
2021,01258507,롯데웰푸드,280360,KOSPI,기타 식품 제조업,1,0,0
2021,01261893,케이씨텍,281820,KOSPI,"측정, 시험, 항해, 제어 및 기타 정밀기기 제조업; 광학기기 제외",1,0,0
2021,01262032,롯데이노베이트,286940,KOSPI,"컴퓨터 프로그래밍, 시스템 통합 및 관리업",2,1,1
2021,01263022,BGF리테일,282330,KOSPI,종합 소매업,1,0,0
2021,01267170,SK케미칼,285130,KOSPI,합성고무 및 플라스틱 물질 제조업,1,0,0
2021,01267684,쿠쿠홈시스,284740,KOSPI,개인 및 가정용품 임대업,2,1,1
2021,01276594,신한알파리츠,293940,KOSPI,부동산 임대 및 공급업,2,0,0
2021,01310269,IPARK현대산업개발,294870,KOSPI,건물 건설업,1,0,0
2021,01316227,효성티앤씨,298020,KOSPI,화학섬유 제조업,1,0,0
2021,01316236,효성화학,298000,KOSPI,기초 화학물질 제조업,1,0,0
2021,01316245,효성중공업,298040,KOSPI,"전동기, 발전기 및 전기 변환 · 공급 · 제어 장치 제조업",2,1,1
2021,01316254,HS효성첨단소재,298050,KOSPI,화학섬유 제조업,1,0,0
2021,01319808,한일시멘트,300720,KOSPI,"시멘트, 석회, 플라스터 및 그 제품 제조업",1,0,0
2021,01319899,SK바이오사이언스,302440,KOSPI,기초 의약물질 제조업,1,0,0
2021,01323032,케이카,381970,KOSPI,자동차 판매업,1,0,0
2021,01325979,세아제강,306200,KOSPI,1차 철강 제조업,1,0,0
2021,01350869,우리금융지주,316140,KOSPI,기타 금융업,1,0,0
2021,01363818,롯데리츠,330590,KOSPI,부동산 임대 및 공급업,2,0,0
2021,01386916,SK아이이테크놀로지,361610,KOSPI,일차전지 및 이차전지 제조업,1,0,0
2021,01390344,HD현대중공업,329180,KOSPI,선박 및 보트 건조업,1,0,0
2021,01391033,NH프라임리츠,338100,KOSPI,부동산 임대 및 공급업,3,1,1
2021,01394377,이지스밸류플러스리츠,334890,KOSPI,부동산 임대 및 공급업,2,0,0
2021,01412725,두산퓨얼셀,336260,KOSPI,"전동기, 발전기 및 전기 변환 · 공급 · 제어 장치 제조업",1,0,0
2021,01412822,솔루스첨단소재,336370,KOSPI,전자부품 제조업,2,1,1
2021,01415892,제이알글로벌리츠,348950,KOSPI,부동산 임대 및 공급업,2,0,0
2021,01428203,케이씨씨글라스,344820,KOSPI,유리 및 유리제품 제조업,3,2,1
2021,01430475,코람코라이프인프라리츠,357120,KOSPI,부동산 임대 및 공급업,2,0,0
2021,01436558,신한서부티엔디리츠,404990,KOSPI,부동산 임대 및 공급업,2,0,0
2021,01436628,이지스레지던스리츠,350520,KOSPI,부동산 임대 및 공급업,2,0,0
2021,01437186,ESR켄달스퀘어리츠,365550,KOSPI,부동산 임대 및 공급업,2,0,0
2021,01437292,미래에셋맵스리츠,357250,KOSPI,부동산 임대 및 공급업,2,0,0
2021,01442966,마스턴프리미어리츠,357430,KOSPI,부동산 임대 및 공급업,1,0,0
2021,01475609,디앤디플랫폼리츠,377190,KOSPI,부동산 임대 및 공급업,2,0,0
2021,01478712,대덕전자,353200,KOSPI,전자부품 제조업,1,0,0
2021,01480780,NH올원리츠,400760,KOSPI,부동산 임대 및 공급업,2,0,0
2021,01497869,티와이홀딩스,363280,KOSPI,기타 금융업,2,1,1
2021,01510489,프레스티지바이오파마,950210,KOSPI,자연과학 및 공학 연구개발업,1,0,0
2021,01515323,LG에너지솔루션,373220,KOSPI,일차전지 및 이차전지 제조업,1,0,0
2021,01524093,DL이앤씨,375500,KOSPI,토목 건설업,1,0,0
2021,01532603,화승알앤에이,378850,KOSPI,자동차 신품 부품 제조업,1,0,0
2021,01535150,SK리츠,395400,KOSPI,부동산 임대 및 공급업,4,0,0
2021,01562589,LX홀딩스,383800,KOSPI,기타 금융업,1,0,0
2021,01568413,F&F,383220,KOSPI,봉제의복 제조업,1,0,0
2021,01576102,미래에셋글로벌리츠,396690,KOSPI,부동산 임대 및 공급업,2,0,0
2021,01596425,SK스퀘어,402340,KOSPI,기타 금융업,1,0,0
2022,00100939,강남제비스코,000860,KOSPI,기타 화학제품 제조업,1,0,0
2022,00101044,에이프로젠바이오로직스,003060,KOSPI,의약품 제조업,1,0,0
2022,00101220,KG케미칼,001390,KOSPI,기초 화학물질 제조업,1,0,0
2022,00101433,경농,002100,KOSPI,"비료, 농약 및 살균, 살충제 제조업",1,0,0
2022,00101488,경동나비엔,009450,KOSPI,가정용 기기 제조업,1,0,0
2022,00101628,경방,000050,KOSPI,종합 소매업,1,0,0
2022,00101664,경보제약,214390,KOSPI,기초 의약물질 제조업,1,0,0
2022,00102113,경인양행,012610,KOSPI,기초 화학물질 제조업,1,0,0
2022,00102140,경인전자,009140,KOSPI,전자부품 제조업,1,0,0
2022,00102432,계룡건설산업,013580,KOSPI,토목 건설업,1,0,0
2022,00102618,계양전기,012200,KOSPI,일반 목적용 기계 제조업,2,1,1
2022,00102751,고려산업,002140,KOSPI,"곡물가공품, 전분 및 전분제품 제조업",1,0,0
2022,00102858,고려아연,010130,KOSPI,1차 비철금속 제조업,1,0,0
2022,00103006,고려제강,002240,KOSPI,1차 철강 제조업,1,0,0
2022,00103042,케이씨티시,009070,KOSPI,도로 화물 운송업,1,0,0
2022,00103130,플레이그램,009810,KOSPI,기타 전문 도매업,1,0,0
2022,00103176,흥국화재,000540,KOSPI,보험업,1,0,0
2022,00103510,인지컨트롤스,023800,KOSPI,자동차 신품 부품 제조업,1,0,0
2022,00103592,광동제약,009290,KOSPI,의약품 제조업,2,1,1
2022,00103662,광명전기,017040,KOSPI,"전동기, 발전기 및 전기 변환 · 공급 · 제어 장치 제조업",1,0,0
2022,00104388,국도화학,007690,KOSPI,기초 화학물질 제조업,1,0,0
2022,00104698,LS네트웍스,000680,KOSPI,상품 종합 도매업,1,0,0
2022,00104722,국제약품,002720,KOSPI,의약품 제조업,1,0,0
2022,00104768,가온전선,000500,KOSPI,절연선 및 케이블 제조업,1,0,0
2022,00104786,미래아이앤지,007120,KOSPI,"컴퓨터 프로그래밍, 시스템 통합 및 관리업",1,0,0
2022,00104856,삼성증권,016360,KOSPI,금융 지원 서비스업,1,0,0
2022,00104999,윌비스,008600,KOSPI,생활용품 도매업,1,0,0
2022,00105101,INVENI,015360,KOSPI,회사 본부 및 경영 컨설팅 서비스업,3,2,1
2022,00105156,극동유화,014530,KOSPI,석유 정제품 제조업,1,0,0
2022,00105271,케이씨씨,002380,KOSPI,기타 화학제품 제조업,1,0,0
2022,00105280,현대지에프홀딩스,005440,KOSPI,기타 금융업,1,0,0
2022,00105299,금강공업,014280,KOSPI,1차 철강 제조업,1,0,0
2022,00105606,금호에이치티,214330,KOSPI,자동차 신품 부품 제조업,2,1,1
2022,00105855,엘에스일렉트릭,010120,KOSPI,"전동기, 발전기 및 전기 변환 · 공급 · 제어 장치 제조업",1,0,0
2022,00105873,LG디스플레이,034220,KOSPI,전자부품 제조업,1,0,0
2022,00105952,LS,006260,KOSPI,기타 금융업,2,1,1
2022,00105961,LG이노텍,011070,KOSPI,전자부품 제조업,1,0,0
2022,00106119,금양,001570,KOSPI,기초 화학물질 제조업,2,1,1
2022,00106313,금호건설,002990,KOSPI,건물 건설업,1,0,0
2022,00106368,금호석유화학,011780,KOSPI,기초 화학물질 제조업,1,0,0
2022,00106395,금호전기,001210,KOSPI,전구 및 조명장치 제조업,1,0,0
2022,00106614,기신정기,092440,KOSPI,특수 목적용 기계 제조업,1,0,0
2022,00106623,현대위아,011210,KOSPI,자동차 신품 부품 제조업,1,0,0
2022,00106641,기아,000270,KOSPI,자동차용 엔진 및 자동차 제조업,1,0,0
2022,00106669,세아베스틸지주,001430,KOSPI,1차 철강 제조업,1,0,0
2022,00106881,인디에프,014990,KOSPI,봉제의복 제조업,1,0,0
2022,00107066,남광토건,001260,KOSPI,기타 금융업,2,2,1
2022,00107224,남선알미늄,008350,KOSPI,1차 비철금속 제조업,1,0,0
2022,00107598,남양유업,003920,KOSPI,동·식물성 유지 및 낙농제품 제조업,1,0,0
2022,00107613,이수페타시스,007660,KOSPI,전자부품 제조업,1,0,0
2022,00107677,비비안,002070,KOSPI,봉제의복 제조업,1,0,0
2022,00107987,남해화학,025860,KOSPI,"비료, 농약 및 살균, 살충제 제조업",1,0,0
2022,00108038,엔피씨,004250,KOSPI,플라스틱제품 제조업,1,0,0
2022,00108135,녹십자홀딩스,005250,KOSPI,회사 본부 및 경영 컨설팅 서비스업,1,0,0
2022,00108241,농심,004370,KOSPI,기타 식품 제조업,1,0,0
2022,00108746,DKME,015590,KOSPI,일반 목적용 기계 제조업,2,1,1
2022,00108913,대교,019680,KOSPI,초등 교육기관,2,1,1
2022,00108940,대성홀딩스,016710,KOSPI,회사 본부 및 경영 컨설팅 서비스업,1,0,0
2022,00108977,대구백화점,006370,KOSPI,종합 소매업,2,1,1
2022,00109161,태경케미컬,006890,KOSPI,기초 화학물질 제조업,1,0,0
2022,00109189,대덕,008060,KOSPI,기타 금융업,1,0,0
2022,00109286,대동,000490,KOSPI,특수 목적용 기계 제조업,1,0,0
2022,00109514,티웨이홀딩스,004870,KOSPI,"시멘트, 석회, 플라스터 및 그 제품 제조업",1,0,0
2022,00109693,DL,000210,KOSPI,기초 화학물질 제조업,3,2,1
2022,00109718,사조대림,003960,KOSPI,수산물 가공 및 저장 처리업,1,0,0
2022,00109754,대림바스,005750,KOSPI,"내화, 비내화 요업제품 제조업",1,0,0
2022,00109806,삼일씨엔에스,004440,KOSPI,"시멘트, 석회, 플라스터 및 그 제품 제조업",1,0,0
2022,00109824,대림통상,006570,KOSPI,기타 금속 가공제품 제조업,1,0,0
2022,00110608,DSR,155660,KOSPI,1차 비철금속 제조업,1,0,0
2022,00110893,대신증권,003540,KOSPI,금융 지원 서비스업,1,0,0
2022,00111111,대양금속,009190,KOSPI,1차 철강 제조업,1,0,0
2022,00111421,휴니드테크놀러지스,005870,KOSPI,통신 및 방송 장비 제조업,1,0,0
2022,00111458,대영포장,014160,KOSPI,"골판지, 종이 상자 및 종이용기 제조업",1,0,0
2022,00111689,아진전자부품,009320,KOSPI,자동차 신품 부품 제조업,1,0,0
2022,00111704,한화오션,042660,KOSPI,선박 및 보트 건조업,1,0,0
2022,00111722,미래에셋증권,006800,KOSPI,금융 지원 서비스업,1,0,0
2022,00111810,대웅,003090,KOSPI,의약품 제조업,1,0,0
2022,00111847,대원강업,000430,KOSPI,자동차 신품 부품 제조업,2,1,1
2022,00111999,대원제약,003220,KOSPI,의약품 제조업,1,0,0
2022,00112022,대원화성,024890,KOSPI,플라스틱제품 제조업,1,0,0
2022,00112059,상상인증권,001290,KOSPI,금융 지원 서비스업,1,0,0
2022,00112165,디아이씨,092200,KOSPI,자동차 신품 부품 제조업,1,0,0
2022,00112332,미래에셋생명,085620,KOSPI,보험업,1,0,0
2022,00112378,KR모터스,000040,KOSPI,그외 기타 운송장비 제조업,1,0,0
2022,00112651,대창,012800,KOSPI,1차 비철금속 제조업,1,0,0
2022,00112679,대창단조,015230,KOSPI,자동차 신품 부품 제조업,1,0,0
2022,00112970,대한방직,001070,KOSPI,직물직조 및 직물제품 제조업,1,0,0
2022,00113058,한화생명,088350,KOSPI,보험업,1,0,0
2022,00113191,코리안리,003690,KOSPI,재 보험업,1,0,0
2022,00113207,대한전선,001440,KOSPI,절연선 및 케이블 제조업,1,0,0
2022,00113225,대한제강,084010,KOSPI,1차 철강 제조업,2,1,1
2022,00113234,대한제당,001790,KOSPI,"곡물가공품, 전분 및 전분제품 제조업",1,0,0
2022,00113243,대한제분,001130,KOSPI,"곡물가공품, 전분 및 전분제품 제조업",1,0,0
2022,00113359,교보증권,030610,KOSPI,금융 지원 서비스업,1,0,0
2022,00113410,CJ대한통운,000120,KOSPI,도로 화물 운송업,1,0,0
2022,00113492,깨끗한나라,004540,KOSPI,"펄프, 종이 및 판지 제조업",1,0,0
2022,00113508,노루홀딩스,000320,KOSPI,기타 금융업,1,0,0
2022,00113526,대한항공,003490,KOSPI,항공 여객 운송업,1,0,0
2022,00113535,대한해운,005880,KOSPI,해상 운송업,1,0,0
2022,00113544,대한화섬,003830,KOSPI,화학섬유 제조업,1,0,0
2022,00113562,롯데손해보험,000400,KOSPI,보험업,1,0,0
2022,00113614,대현,016090,KOSPI,봉제의복 제조업,1,0,0
2022,00113997,롯데에너지머티리얼즈,020150,KOSPI,전자부품 제조업,1,0,0
2022,00114093,덕성,004830,KOSPI,플라스틱제품 제조업,1,0,0
2022,00114154,디와이덕양,024900,KOSPI,자동차 신품 부품 제조업,2,1,1
2022,00114552,도화엔지니어링,002150,KOSPI,"건축기술, 엔지니어링 및 관련 기술 서비스업",1,0,0
2022,00114765,케이비아이동국실업,001620,KOSPI,자동차 신품 부품 제조업,1,0,0
2022,00114792,동국홀딩스,001230,KOSPI,기타 금융업,1,0,0
2022,00115065,동남합성,023450,KOSPI,기초 화학물질 제조업,1,0,0
2022,00115287,동방,004140,KOSPI,기타 운송관련 서비스업,1,0,0
2022,00115384,동방아그로,007590,KOSPI,"비료, 농약 및 살균, 살충제 제조업",1,0,0
2022,00115612,동부건설,005960,KOSPI,토목 건설업,1,0,0
2022,00115676,KG스틸,016380,KOSPI,1차 철강 제조업,1,0,0
2022,00115694,DB증권,016610,KOSPI,금융 지원 서비스업,1,0,0
2022,00115977,아이에스동서,010780,KOSPI,"시멘트, 석회, 플라스터 및 그 제품 제조업",1,0,0
2022,00116268,동성제약,002210,KOSPI,의약품 제조업,2,1,1
2022,00116301,NI스틸,008260,KOSPI,1차 철강 제조업,1,0,0
2022,00116824,동아쏘시오홀딩스,000640,KOSPI,기타 금융업,1,0,0
2022,00116949,DN오토모티브,007340,KOSPI,일차전지 및 이차전지 제조업,2,1,1
2022,00117027,알루코,001780,KOSPI,1차 비철금속 제조업,1,0,0
2022,00117179,디와이,013570,KOSPI,기타 금융업,1,0,0
2022,00117188,효성,004800,KOSPI,기타 금융업,2,1,1
2022,00117212,두산,000150,KOSPI,전자부품 제조업,1,0,0
2022,00117230,TYM,002900,KOSPI,특수 목적용 기계 제조업,1,0,0
2022,00117267,동양생명,082640,KOSPI,보험업,1,0,0
2022,00117300,TCC스틸,002710,KOSPI,1차 철강 제조업,1,0,0
2022,00117337,동양,001520,KOSPI,"시멘트, 석회, 플라스터 및 그 제품 제조업",2,1,1
2022,00117498,스틱인베스트먼트,026890,KOSPI,신탁업 및 집합투자업,1,0,0
2022,00117577,오리온홀딩스,001800,KOSPI,기타 금융업,1,0,0
2022,00117601,유안타증권,003470,KOSPI,금융 지원 서비스업,1,0,0
2022,00117629,KBI동양철관,008970,KOSPI,1차 철강 제조업,1,0,0
2022,00117726,DYP,092780,KOSPI,자동차용 엔진 및 자동차 제조업,1,0,0
2022,00118008,동원금속,018500,KOSPI,자동차 신품 부품 제조업,1,0,0
2022,00118026,동원산업,006040,KOSPI,기타 금융업,2,1,1
2022,00118044,동원수산,030720,KOSPI,어로 어업,1,0,0
2022,00118266,DRB동일,004840,KOSPI,고무제품 제조업,1,0,0
2022,00118275,디아이,003160,KOSPI,"측정, 시험, 항해, 제어 및 기타 정밀기기 제조업; 광학기기 제외",10,9,1
2022,00118345,디아이동일,001530,KOSPI,상품 중개업,1,0,0
2022,00118451,동일제강,002690,KOSPI,1차 철강 제조업,1,0,0
2022,00118521,진원생명과학,011000,KOSPI,의약품 제조업,2,1,1
2022,00118965,티에이치엔,019180,KOSPI,기타 전기장비 제조업,1,0,0
2022,00119007,무림P&P,009580,KOSPI,"펄프, 종이 및 판지 제조업",1,0,0
2022,00119140,핸즈코퍼레이션,143210,KOSPI,자동차 신품 부품 제조업,1,0,0
2022,00119195,동화약품,000020,KOSPI,의약품 제조업,1,0,0
2022,00119672,두올,016740,KOSPI,자동차 신품 부품 제조업,2,1,1
2022,00120021,LG,003550,KOSPI,기타 금융업,1,0,0
2022,00120030,GS건설,006360,KOSPI,건물 건설업,1,0,0
2022,00120076,LX인터내셔널,001120,KOSPI,상품 중개업,1,0,0
2022,00120182,NH투자증권,005940,KOSPI,금융 지원 서비스업,1,0,0
2022,00120526,롯데쇼핑,023530,KOSPI,종합 소매업,1,0,0
2022,00120562,롯데지주,004990,KOSPI,기타 금융업,1,0,0
2022,00120571,롯데칠성음료,005300,KOSPI,비알코올음료 및 얼음 제조업,1,0,0
2022,00120872,만호제강,001080,KOSPI,1차 철강 제조업,1,0,0
2022,00121039,명문제약,017180,KOSPI,의약품 제조업,3,2,1
2022,00121288,모나미,005360,KOSPI,생활용품 도매업,1,0,0
2022,00121534,MH에탄올,023150,KOSPI,알코올음료 제조업,1,0,0
2022,00121543,무학,033920,KOSPI,알코올음료 제조업,1,0,0
2022,00121570,문배철강,008420,KOSPI,1차 철강 제조업,1,0,0
2022,00121932,미원상사,002840,KOSPI,기타 화학제품 제조업,1,0,0
2022,00121941,대상,001680,KOSPI,기타 식품 제조업,1,0,0
2022,00121969,에쓰씨엔지니어링,023960,KOSPI,토목 건설업,1,0,0
2022,00122056,미창석유공업,003650,KOSPI,석유 정제품 제조업,1,0,0
2022,00122348,방림,003610,KOSPI,직물직조 및 직물제품 제조업,1,0,0
2022,00122472,PKC,001340,KOSPI,기초 화학물질 제조업,2,1,1
2022,00122481,태경비케이,014580,KOSPI,"시멘트, 석회, 플라스터 및 그 제품 제조업",1,0,0
2022,00122551,백산,035150,KOSPI,플라스틱제품 제조업,1,0,0
2022,00122579,BYC,001460,KOSPI,봉제의복 제조업,1,0,0
2022,00122694,범양건영,002410,KOSPI,건물 건설업,2,1,1
2022,00122737,팬오션,028670,KOSPI,해상 운송업,1,0,0
2022,00122825,인스코비,006490,KOSPI,전기 통신업,1,0,0
2022,00122898,벽산,007210,KOSPI,기타 비금속 광물제품 제조업,1,0,0
2022,00123107,보락,002760,KOSPI,기타 화학제품 제조업,1,0,0
2022,00123143,보령,003850,KOSPI,의약품 제조업,1,0,0
2022,00123541,보해양조,000890,KOSPI,알코올음료 제조업,1,0,0
2022,00123718,부광약품,003000,KOSPI,의약품 제조업,2,1,1
2022,00123772,부국증권,001270,KOSPI,금융 지원 서비스업,2,1,1
2022,00123781,부국철강,026940,KOSPI,1차 철강 제조업,1,0,0
2022,00124027,부산산업,011390,KOSPI,"시멘트, 석회, 플라스터 및 그 제품 제조업",1,0,0
2022,00124090,한국특강,007280,KOSPI,1차 철강 제조업,1,0,0
2022,00124151,부산주공,005030,KOSPI,자동차 신품 부품 제조업,2,1,1
2022,00124197,세아제강지주,003030,KOSPI,기타 금융업,1,0,0
2022,00124504,포스코인터내셔널,047050,KOSPI,상품 중개업,1,0,0
2022,00124540,대우건설,047040,KOSPI,건물 건설업,1,0,0
2022,00124726,빙그레,005180,KOSPI,동·식물성 유지 및 낙농제품 제조업,1,0,0
2022,00124780,사조씨푸드,014710,KOSPI,수산물 가공 및 저장 처리업,1,0,0
2022,00124799,사조산업,007160,KOSPI,수산물 가공 및 저장 처리업,1,0,0
2022,00125080,AK홀딩스,006840,KOSPI,기타 금융업,1,0,0
2022,00125150,SGC에너지,005090,KOSPI,전기업,1,0,0
2022,00125521,에스엘,005850,KOSPI,자동차 신품 부품 제조업,1,0,0
2022,00125530,삼립,005610,KOSPI,기타 식품 제조업,1,0,0
2022,00125576,체시스,033250,KOSPI,자동차 신품 부품 제조업,1,0,0
2022,00125743,현대비앤지스틸,004560,KOSPI,1차 철강 제조업,1,0,0
2022,00125974,삼부토건,001470,KOSPI,토목 건설업,9,8,1
2022,00126089,DH오토넥스,000300,KOSPI,신탁업 및 집합투자업,2,2,1
2022,00126186,삼성에스디에스,018260,KOSPI,"컴퓨터 프로그래밍, 시스템 통합 및 관리업",1,0,0
2022,00126201,삼성공조,006660,KOSPI,자동차 신품 부품 제조업,1,0,0
2022,00126256,삼성생명,032830,KOSPI,보험업,1,0,0
2022,00126292,삼성카드,029780,KOSPI,기타 금융업,1,0,0
2022,00126308,삼성E&A,028050,KOSPI,"건축기술, 엔지니어링 및 관련 기술 서비스업",2,1,1
2022,00126362,삼성SDI,006400,KOSPI,일차전지 및 이차전지 제조업,2,1,1
2022,00126371,삼성전기,009150,KOSPI,전자부품 제조업,1,0,0
2022,00126380,삼성전자,005930,KOSPI,통신 및 방송 장비 제조업,1,0,0
2022,00126414,삼성제약,001360,KOSPI,의약품 제조업,1,0,0
2022,00126478,삼성중공업,010140,KOSPI,선박 및 보트 건조업,1,0,0
2022,00126487,F&F 홀딩스,007700,KOSPI,기타 금융업,1,0,0
2022,00126566,한화에어로스페이스,012450,KOSPI,"항공기,우주선 및 부품 제조업",2,1,1
2022,00126779,삼아알미늄,006110,KOSPI,1차 비철금속 제조업,1,0,0
2022,00126937,삼양홀딩스,000070,KOSPI,기타 금융업,1,0,0
2022,00126955,삼양식품,003230,KOSPI,기타 식품 제조업,1,0,0
2022,00127042,SYTS,002170,KOSPI,"가죽, 가방 및 유사제품 제조업",1,0,0
2022,00127158,씨아이테크,004920,KOSPI,영상 및 음향기기 제조업,1,0,0
2022,00127167,삼영무역,002810,KOSPI,기타 전문 도매업,2,1,1
2022,00127200,삼영전자공업,005680,KOSPI,전자부품 제조업,1,0,0
2022,00127255,삼영,003720,KOSPI,플라스틱제품 제조업,2,1,1
2022,00127802,삼익THK,004380,KOSPI,일반 목적용 기계 제조업,1,0,0
2022,00127857,삼익악기,002450,KOSPI,악기 제조업,1,0,0
2022,00128032,삼일제약,000520,KOSPI,의약품 제조업,1,0,0
2022,00128227,삼정펄프,009770,KOSPI,"펄프, 종이 및 판지 제조업",1,0,0
2022,00128412,삼진제약,005500,KOSPI,의약품 제조업,2,1,1
2022,00128555,삼천리,004690,KOSPI,연료용 가스 제조 및 배관공급업,1,0,0
2022,00128980,삼호개발,010960,KOSPI,기반조성 및 시설물 축조관련 전문공사업,1,0,0
2022,00129013,CJ씨푸드,011150,KOSPI,기타 식품 제조업,1,0,0
2022,00129235,삼화왕관,004450,KOSPI,기타 금속 가공제품 제조업,1,0,0
2022,00129271,삼화전기,009470,KOSPI,전자부품 제조업,1,0,0
2022,00129280,삼화전자공업,011230,KOSPI,영상 및 음향기기 제조업,2,1,1
2022,00129350,삼화콘덴서공업,001820,KOSPI,전자부품 제조업,1,0,0
2022,00129387,SP삼화,000390,KOSPI,기타 화학제품 제조업,1,0,0
2022,00129420,까뮤이앤씨,013700,KOSPI,건물 건설업,1,0,0
2022,00129509,한익스프레스,014130,KOSPI,도로 화물 운송업,2,1,1
2022,00129554,갤럭시아에스엠,011420,KOSPI,스포츠 서비스업,1,0,0
2022,00129642,상신브레이크,041650,KOSPI,자동차 신품 부품 제조업,1,0,0
2022,00129679,녹십자,006280,KOSPI,의약품 제조업,1,0,0
2022,00129989,코스모신소재,005070,KOSPI,기타 화학제품 제조업,1,0,0
2022,00130091,샘표,007540,KOSPI,기타 금융업,1,0,0
2022,00130684,서울도시가스,017390,KOSPI,연료용 가스 제조 및 배관공급업,1,0,0
2022,00130772,SBS,034120,KOSPI,텔레비전 방송업,1,0,0
2022,00130879,서울식품공업,004410,KOSPI,기타 식품 제조업,1,0,0
2022,00131054,유진증권,001200,KOSPI,의약품 제조업,1,0,0
2022,00131197,서원,021050,KOSPI,금속 주조업,2,1,1
2022,00131692,서흥,008490,KOSPI,기타 화학제품 제조업,1,0,0
2022,00131780,SK네트웍스,001740,KOSPI,기타 전문 도매업,3,2,1
2022,00131832,SK디스커버리,006120,KOSPI,기타 금융업,1,0,0
2022,00131850,SK증권,001510,KOSPI,금융 지원 서비스업,2,1,1
2022,00131939,선도전기,007610,KOSPI,"전동기, 발전기 및 전기 변환 · 공급 · 제어 장치 제조업",3,2,1
2022,00132211,SUN&L,002820,KOSPI,플라스틱제품 제조업,2,1,1
2022,00132354,쿠쿠홀딩스,192400,KOSPI,기타 금융업,2,1,1
2022,00132628,성문전자,014910,KOSPI,전자부품 제조업,1,0,0
2022,00132637,동원시스템즈,014820,KOSPI,플라스틱제품 제조업,1,0,0
2022,00132725,SB성보,003080,KOSPI,"비료, 농약 및 살균, 살충제 제조업",1,0,0
2022,00132804,성신양회,004980,KOSPI,"시멘트, 석회, 플라스터 및 그 제품 제조업",1,0,0
2022,00132868,우성머티리얼스,011300,KOSPI,직물직조 및 직물제품 제조업,1,0,0
2022,00133335,성창기업지주,000180,KOSPI,회사 본부 및 경영 컨설팅 서비스업,1,0,0
2022,00133511,SG세계물산,004060,KOSPI,상품 종합 도매업,1,0,0
2022,00133618,세기상사,002420,KOSPI,연료 소매업,1,0,0
2022,00133706,한국제지,027970,KOSPI,"펄프, 종이 및 판지 제조업",1,0,0
2022,00133812,세방,004360,KOSPI,도로 화물 운송업,1,0,0
2022,00133858,세방전지,004490,KOSPI,일차전지 및 이차전지 제조업,1,0,0
2022,00134176,세우글로벌,013000,KOSPI,기타 전문 도매업,3,2,1
2022,00134316,세원정공,021820,KOSPI,자동차 신품 부품 제조업,6,5,1
2022,00134477,SNT다이내믹스,003570,KOSPI,자동차 신품 부품 제조업,1,0,0
2022,00134510,SJG세종,033530,KOSPI,자동차 신품 부품 제조업,3,2,1
2022,00134565,이스타코,015020,KOSPI,부동산 임대 및 공급업,1,0,0
2022,00134723,페이퍼코리아,001020,KOSPI,"펄프, 종이 및 판지 제조업",1,0,0
2022,00134963,송원산업,004430,KOSPI,기타 화학제품 제조업,1,0,0
2022,00135050,팜젠사이언스,004720,KOSPI,의약품 제조업,1,0,0
2022,00135111,수산세보틱스,017550,KOSPI,특수 목적용 기계 제조업,1,0,0
2022,00135777,신대양제지,016590,KOSPI,"골판지, 종이 상자 및 종이용기 제조업",5,4,1
2022,00135795,신도리코,029530,KOSPI,컴퓨터 및 주변장치 제조업,1,0,0
2022,00135917,한화손해보험,000370,KOSPI,보험업,1,0,0
2022,00135962,신라교역,004970,KOSPI,어로 어업,1,0,0
2022,00136086,무림페이퍼,009200,KOSPI,"펄프, 종이 및 판지 제조업",1,0,0
2022,00136271,신성이엔지,011930,KOSPI,반도체 제조업,1,0,0
2022,00136378,신세계,004170,KOSPI,종합 소매업,1,0,0
2022,00136402,신송홀딩스,006880,KOSPI,산업용 농·축산물 및 동·식물 도매업,1,0,0
2022,00136457,SH에너지화학,002360,KOSPI,기초 화학물질 제조업,1,0,0
2022,00136624,신영와코루,005800,KOSPI,봉제의복 제조업,1,0,0
2022,00136721,신영증권,001720,KOSPI,금융 지원 서비스업,1,0,0
2022,00136776,차AI헬스케어,025620,KOSPI,기타 화학제품 제조업,1,0,0
2022,00136864,신원,009270,KOSPI,봉제의복 제조업,2,1,1
2022,00137207,유니켐,011330,KOSPI,자동차 신품 부품 제조업,2,1,1
2022,00137252,사조동아원,008040,KOSPI,"곡물가공품, 전분 및 전분제품 제조업",1,0,0
2022,00137359,신풍제약,019170,KOSPI,의약품 제조업,11,10,1
2022,00137368,신풍,002870,KOSPI,기타 전문 도매업,1,0,0
2022,00137809,SHD,001770,KOSPI,1차 철강 제조업,1,0,0
2022,00137997,현대차증권,001500,KOSPI,금융 지원 서비스업,1,0,0
2022,00138057,써니전자,004770,KOSPI,전자부품 제조업,1,0,0
2022,00138190,GS글로벌,001250,KOSPI,상품 종합 도매업,2,1,1
2022,00138242,KG모빌리티,003620,KOSPI,자동차용 엔진 및 자동차 제조업,1,0,0
2022,00138260,SIMPAC,009160,KOSPI,1차 철강 제조업,1,0,0
2022,00138279,S-Oil,010950,KOSPI,석유 정제품 제조업,1,0,0
2022,00138297,STX,011810,KOSPI,상품 종합 도매업,1,0,0
2022,00138516,아남전자,008700,KOSPI,영상 및 음향기기 제조업,1,0,0
2022,00138701,아세아,002030,KOSPI,회사 본부 및 경영 컨설팅 서비스업,1,0,0
2022,00138729,아세아제지,002310,KOSPI,"골판지, 종이 상자 및 종이용기 제조업",1,0,0
2022,00138792,아시아나항공,020560,KOSPI,항공 여객 운송업,3,2,1
2022,00139214,삼성화재해상보험,000810,KOSPI,보험업,1,0,0
2022,00139454,애경산업,018250,KOSPI,기타 화학제품 제조업,1,0,0
2022,00139764,에넥스,011090,KOSPI,가구 제조업,1,0,0
2022,00139834,LG씨엔에스,064400,KOSPI,"컴퓨터 프로그래밍, 시스템 통합 및 관리업",1,0,0
2022,00139889,SKC,011790,KOSPI,기타 화학제품 제조업,1,0,0
2022,00140131,키다리스튜디오,020120,KOSPI,"자료처리, 호스팅, 포털 및 기타 인터넷 정보매개 서비스업",1,0,0
2022,00140168,HS애드,035000,KOSPI,광고업,1,0,0
2022,00140177,GS리테일,007070,KOSPI,종합 소매업,1,0,0
2022,00140779,영보화학,014440,KOSPI,플라스틱제품 제조업,1,0,0
2022,00140946,한솔로지스틱스,009180,KOSPI,기타 운송관련 서비스업,1,0,0
2022,00140955,한솔케미칼,014680,KOSPI,기초 화학물질 제조업,1,0,0
2022,00140964,영원무역홀딩스,009970,KOSPI,기타 금융업,1,0,0
2022,00141149,영진약품,003520,KOSPI,의약품 제조업,1,0,0
2022,00141307,영풍,000670,KOSPI,1차 비철금속 제조업,2,1,1
2022,00141404,블루산업개발,006740,KOSPI,"골판지, 종이 상자 및 종이용기 제조업",4,3,1
2022,00141413,영화금속,012280,KOSPI,자동차 신품 부품 제조업,1,0,0
2022,00141477,영흥,012160,KOSPI,1차 철강 제조업,1,0,0
2022,00141529,오뚜기,007310,KOSPI,기타 식품 제조업,1,0,0
2022,00141626,오리엔트바이오,002630,KOSPI,의약품 제조업,1,0,0
2022,00141875,사조오양,006090,KOSPI,수산물 가공 및 저장 처리업,1,0,0
2022,00142661,우성,006980,KOSPI,"곡물가공품, 전분 및 전분제품 제조업",1,0,0
2022,00142865,WISCOM,024070,KOSPI,플라스틱제품 제조업,1,0,0
2022,00142883,우신시스템,017370,KOSPI,특수 목적용 기계 제조업,2,1,1
2022,00143262,우진아이엔에스,010400,KOSPI,건물설비 설치 공사업,1,0,0
2022,00143314,에이엔피,015260,KOSPI,전자부품 제조업,2,1,1
2022,00143527,경동인베스트,012320,KOSPI,기타 금융업,1,0,0
2022,00143651,웅진,016880,KOSPI,회사 본부 및 경영 컨설팅 서비스업,1,0,0
2022,00143794,원림,005820,KOSPI,직물직조 및 직물제품 제조업,1,0,0
2022,00144164,SK가스,018670,KOSPI,기타 전문 도매업,1,0,0
2022,00144252,유니온,000910,KOSPI,"시멘트, 석회, 플라스터 및 그 제품 제조업",1,0,0
2022,00144395,동서,026960,KOSPI,음·식료품 및 담배 도매업,1,0,0
2022,00144720,와이투솔루션,011690,KOSPI,반도체 제조업,1,0,0
2022,00144818,유유제약,000220,KOSPI,의약품 제조업,1,0,0
2022,00145109,유한양행,000100,KOSPI,의약품 제조업,1,0,0
2022,00145163,파미셀,005690,KOSPI,전자부품 제조업,1,0,0
2022,00145190,유화증권,003460,KOSPI,금융 지원 서비스업,1,0,0
2022,00145260,율촌화학,008730,KOSPI,플라스틱제품 제조업,2,1,1
2022,00145437,아센디오,012170,KOSPI,"영화, 비디오물, 방송프로그램 제작 및 배급업",1,0,0
2022,00145446,이건산업,008250,KOSPI,나무제품 제조업,1,0,0
2022,00145464,이구산업,025820,KOSPI,1차 비철금속 제조업,1,0,0
2022,00145552,이수화학,005950,KOSPI,기초 화학물질 제조업,2,1,1
2022,00145598,이연제약,102460,KOSPI,의약품 제조업,1,0,0
2022,00145686,이화산업,000760,KOSPI,기타 전문 도매업,1,0,0
2022,00145862,인천도시가스,034590,KOSPI,연료용 가스 제조 및 배관공급업,1,0,0
2022,00145880,현대제철,004020,KOSPI,1차 철강 제조업,1,0,0
2022,00146083,일동홀딩스,000230,KOSPI,의약품 제조업,1,0,0
2022,00146214,일성아이에스,003120,KOSPI,의약품 제조업,1,0,0
2022,00146232,일성건설,013360,KOSPI,토목 건설업,1,0,0
2022,00146269,일신방직,003200,KOSPI,방적 및 가공사 제조업,1,0,0
2022,00146296,일신석재,007110,KOSPI,"건축자재, 철물 및 난방장치 도매업",1,0,0
2022,00146454,일양약품,007570,KOSPI,의약품 제조업,1,0,0
2022,00146542,일정실업,008500,KOSPI,편조원단 제조업,1,0,0
2022,00146649,일진홀딩스,015860,KOSPI,기타 금융업,1,0,0
2022,00146861,자화전자,033240,KOSPI,전자부품 제조업,1,0,0
2022,00147222,전방,000950,KOSPI,방적 및 가공사 제조업,2,1,1
2022,00147860,에스엠벡셀,010580,KOSPI,자동차 신품 부품 제조업,1,0,0
2022,00148276,제일기획,030000,KOSPI,광고업,1,0,0
2022,00148443,제일파마홀딩스,002620,KOSPI,회사 본부 및 경영 컨설팅 서비스업,1,0,0
2022,00148461,제일연마,001560,KOSPI,기타 비금속 광물제품 제조업,1,0,0
2022,00148522,퍼스텍,010820,KOSPI,무기 및 총포탄 제조업,1,0,0
2022,00148540,CJ,001040,KOSPI,기타 금융업,1,0,0
2022,00148610,한화투자증권,003530,KOSPI,금융 지원 서비스업,1,0,0
2022,00148832,제주은행,006220,KOSPI,은행 및 저축기관,1,0,0
2022,00148896,OCI홀딩스,010060,KOSPI,기타 금융업,1,0,0
2022,00148920,조광페인트,004910,KOSPI,기타 화학제품 제조업,2,1,1
2022,00148939,조광피혁,004700,KOSPI,"가죽, 가방 및 유사제품 제조업",1,0,0
2022,00148948,조비,001550,KOSPI,"비료, 농약 및 살균, 살충제 제조업",1,0,0
2022,00148984,시알홀딩스,000480,KOSPI,"내화, 비내화 요업제품 제조업",1,0,0
2022,00148993,하이트진로홀딩스,000140,KOSPI,기타 금융업,1,0,0
2022,00149026,CS홀딩스,000590,KOSPI,기타 금융업,2,1,1
2022,00149239,조일알미늄,018470,KOSPI,1차 비철금속 제조업,1,0,0
2022,00149345,조흥,002600,KOSPI,기타 식품 제조업,1,0,0
2022,00149354,종근당홀딩스,001630,KOSPI,의약품 제조업,1,0,0
2022,00149646,기업은행,024110,KOSPI,은행 및 저축기관,1,0,0
2022,00149655,삼성물산,028260,KOSPI,기타 전문 도매업,1,0,0
2022,00149804,디와이에이,002880,KOSPI,자동차 신품 부품 제조업,1,0,0
2022,00149947,JW중외제약,001060,KOSPI,의약품 제조업,1,0,0
2022,00150244,하이트진로,000080,KOSPI,알코올음료 제조업,1,0,0
2022,00150439,진양산업,003780,KOSPI,플라스틱제품 제조업,1,0,0
2022,00150633,지누스,013890,KOSPI,가구 제조업,1,0,0
2022,00150828,진흥기업,002780,KOSPI,토목 건설업,1,0,0
2022,00151128,모토닉,009680,KOSPI,자동차 신품 부품 제조업,1,0,0
2022,00151298,DSR제강,069730,KOSPI,1차 철강 제조업,1,0,0
2022,00151368,인터지스,129260,KOSPI,도로 화물 운송업,1,0,0
2022,00151395,천일고속,000650,KOSPI,육상 여객 운송업,1,0,0
2022,00152039,SG글로벌,001380,KOSPI,자동차 신품 부품 제조업,1,0,0
2022,00152385,에이프로젠,007460,KOSPI,의약품 제조업,1,0,0
2022,00152686,코리아써키트,007810,KOSPI,전자부품 제조업,1,0,0
2022,00152729,광전자,017900,KOSPI,반도체 제조업,1,0,0
2022,00152862,코오롱,002020,KOSPI,기타 금융업,1,0,0
2022,00152880,코오롱글로벌,003070,KOSPI,토목 건설업,2,1,1
2022,00153126,크라운해태홀딩스,005740,KOSPI,기타 금융업,2,0,0
2022,00153339,태경산업,015890,KOSPI,기초 화학물질 제조업,1,0,0
2022,00153393,태광산업,003240,KOSPI,화학섬유 제조업,1,0,0
2022,00153524,태림포장,011280,KOSPI,"골판지, 종이 상자 및 종이용기 제조업",1,0,0
2022,00153621,참엔지니어링,009310,KOSPI,특수 목적용 기계 제조업,1,0,0
2022,00153755,태양금속공업,004100,KOSPI,자동차 신품 부품 제조업,1,0,0
2022,00153861,태영건설,009410,KOSPI,토목 건설업,2,1,1
2022,00154055,태원물산,001420,KOSPI,자동차 신품 부품 제조업,1,0,0
2022,00154329,TP,007980,KOSPI,봉제의복 제조업,1,0,0
2022,00154462,아모레퍼시픽홀딩스,002790,KOSPI,기타 화학제품 제조업,1,0,0
2022,00155124,평화홀딩스,010770,KOSPI,자동차 신품 부품 제조업,1,0,0
2022,00155212,포스코DX,022100,KOSPI,"건축기술, 엔지니어링 및 관련 기술 서비스업",1,0,0
2022,00155258,포스코스틸리온,058430,KOSPI,1차 철강 제조업,1,0,0
2022,00155276,포스코퓨처엠,003670,KOSPI,일차전지 및 이차전지 제조업,2,1,1
2022,00155319,POSCO홀딩스,005490,KOSPI,1차 철강 제조업,1,0,0
2022,00155355,풀무원,017810,KOSPI,기타 식품 제조업,1,0,0
2022,00155531,풍산홀딩스,005810,KOSPI,기타 금융업,1,0,0
2022,00156150,엑시큐어하이트론,019490,KOSPI,영상 및 음향기기 제조업,2,1,1
2022,00156354,지엠비코리아,013870,KOSPI,자동차 신품 부품 제조업,1,0,0
2022,00156488,휴스틸,005010,KOSPI,1차 철강 제조업,1,0,0
2022,00156691,한국공항,005430,KOSPI,기타 운송관련 서비스업,1,0,0
2022,00156859,다올투자증권,030210,KOSPI,금융 지원 서비스업,2,1,1
2022,00157070,한국단자공업,025540,KOSPI,"전동기, 발전기 및 전기 변환 · 공급 · 제어 장치 제조업",1,0,0
2022,00157399,한솔테크닉스,004710,KOSPI,전자부품 제조업,2,1,1
2022,00157681,롯데정밀화학,004000,KOSPI,기초 화학물질 제조업,1,0,0
2022,00157991,한국석유공업,004090,KOSPI,기타 비금속 광물제품 제조업,1,0,0
2022,00158112,한국수출포장공업,002200,KOSPI,"골판지, 종이 상자 및 종이용기 제조업",1,0,0
2022,00158149,한국쉘석유,002960,KOSPI,석유 정제품 제조업,1,0,0
2022,00158307,롯데하이마트,071840,KOSPI,가전제품 및 정보통신장비 소매업,1,0,0
2022,00158316,NICE,034310,KOSPI,회사 본부 및 경영 컨설팅 서비스업,1,0,0
2022,00158325,NICE평가정보,030190,KOSPI,기타 정보 서비스업,1,0,0
2022,00158501,에스원,012750,KOSPI,"경비, 경호 및 탐정업",1,0,0
2022,00158963,유나이티드,033270,KOSPI,의약품 제조업,2,1,1
2022,00159023,SK텔레콤,017670,KOSPI,전기 통신업,1,0,0
2022,00159102,DB손해보험,005830,KOSPI,보험업,3,2,1
2022,00159193,한국전력공사,015760,KOSPI,전기업,3,2,1
2022,00159209,한전기술,052690,KOSPI,"건축기술, 엔지니어링 및 관련 기술 서비스업",1,0,0
2022,00159218,한전KPS,051600,KOSPI,전기 및 통신 공사업,1,0,0
2022,00159254,한국전자홀딩스,006200,KOSPI,기타 금융업,1,0,0
2022,00159500,한국종합기술,023350,KOSPI,"건축기술, 엔지니어링 및 관련 기술 서비스업",1,0,0
2022,00159564,한국주강,025890,KOSPI,특수 목적용 기계 제조업,1,0,0
2022,00159573,한국주철관공업,000970,KOSPI,1차 철강 제조업,1,0,0
2022,00159616,두산에너빌리티,034020,KOSPI,일반 목적용 기계 제조업,1,0,0
2022,00159698,지역난방공사,071320,KOSPI,"증기, 냉·온수 및 공기조절 공급업",1,0,0
2022,00159740,KISCO홀딩스,001940,KOSPI,1차 철강 제조업,2,1,1
2022,00159786,유니드,014830,KOSPI,기초 화학물질 제조업,1,0,0
2022,00159795,한국카본,017960,KOSPI,"구조용 금속제품, 탱크 및 증기발생기 제조업",1,0,0
2022,00159810,카프로,006380,KOSPI,기초 화학물질 제조업,2,1,1
2022,00159971,KC그린홀딩스,009440,KOSPI,기타 금융업,2,1,1
2022,00160047,한국앤컴퍼니,000240,KOSPI,기타 금융업,1,0,0
2022,00160205,한국내화,010040,KOSPI,"내화, 비내화 요업제품 제조업",1,0,0
2022,00160232,KSS해운,044450,KOSPI,해상 운송업,1,0,0
2022,00160302,코스모화학,005420,KOSPI,기타 화학제품 제조업,2,1,1
2022,00160375,진양폴리우레탄,010640,KOSPI,플라스틱제품 제조업,1,0,0
2022,00160418,한국무브넥스,010100,KOSPI,자동차 신품 부품 제조업,1,0,0
2022,00160588,한화,000880,KOSPI,기타 화학제품 제조업,1,0,0
2022,00160621,한국화장품제조,003350,KOSPI,기타 화학제품 제조업,1,0,0
2022,00160843,DB하이텍,000990,KOSPI,반도체 제조업,1,0,0
2022,00160861,한농화성,011500,KOSPI,기타 화학제품 제조업,1,0,0
2022,00161046,한독,002390,KOSPI,의약품 제조업,1,0,0
2022,00161116,HL D&I,014790,KOSPI,토목 건설업,1,0,0
2022,00161125,한온시스템,018880,KOSPI,일반 목적용 기계 제조업,2,1,1
2022,00161383,한미반도체,042700,KOSPI,특수 목적용 기계 제조업,1,0,0
2022,00161426,한미사이언스,008930,KOSPI,기타 금융업,1,0,0
2022,00161693,한샘,009240,KOSPI,생활용품 도매업,1,0,0
2022,00161709,퍼시스,016800,KOSPI,가구 제조업,1,0,0
2022,00161860,한성기업,003680,KOSPI,수산물 가공 및 저장 처리업,1,0,0
2022,00161976,한세예스24홀딩스,016450,KOSPI,봉제의복 제조업,1,0,0
2022,00162063,한신공영,004960,KOSPI,건물 건설업,1,0,0
2022,00162072,한신기계공업,011700,KOSPI,일반 목적용 기계 제조업,1,0,0
2022,00162416,한양증권,001750,KOSPI,금융 지원 서비스업,1,0,0
2022,00162461,한화솔루션,009830,KOSPI,기초 화학물질 제조업,2,1,1
2022,00162586,한올바이오파마,009420,KOSPI,의약품 제조업,1,0,0
2022,00162993,한일홀딩스,003300,KOSPI,"시멘트, 석회, 플라스터 및 그 제품 제조업",2,1,1
2022,00163114,서연,007860,KOSPI,기타 금융업,1,0,0
2022,00163196,한일철강,002220,KOSPI,1차 철강 제조업,2,1,1
2022,00163345,DB,012030,KOSPI,"컴퓨터 프로그래밍, 시스템 통합 및 관리업",1,0,0
2022,00163512,한진,002320,KOSPI,도로 화물 운송업,1,0,0
2022,00163673,한진중공업홀딩스,003480,KOSPI,연료용 가스 제조 및 배관공급업,1,0,0
2022,00163691,유수홀딩스,000700,KOSPI,회사 본부 및 경영 컨설팅 서비스업,1,0,0
2022,00163716,한창,005110,KOSPI,기계장비 및 관련 물품 도매업,1,0,0
2022,00163761,한창제지,009460,KOSPI,"펄프, 종이 및 판지 제조업",1,0,0
2022,00164478,현대건설,000720,KOSPI,토목 건설업,1,0,0
2022,00164636,HDC,012630,KOSPI,기타 금융업,1,0,0
2022,00164645,HMM,011200,KOSPI,해상 운송업,2,1,1
2022,00164706,현대약품,004310,KOSPI,의약품 제조업,1,0,0
2022,00164724,현대엘리베이터,017800,KOSPI,일반 목적용 기계 제조업,1,0,0
2022,00164742,현대자동차,005380,KOSPI,자동차용 엔진 및 자동차 제조업,1,0,0
2022,00164779,SK하이닉스,000660,KOSPI,반도체 제조업,1,0,0
2022,00164788,현대모비스,012330,KOSPI,자동차 신품 부품 제조업,2,1,1
2022,00164812,현대코퍼레이션,011760,KOSPI,상품 종합 도매업,1,0,0
2022,00164830,HD한국조선해양,009540,KOSPI,기타 금융업,1,0,0
2022,00164973,현대해상,001450,KOSPI,보험업,1,0,0
2022,00165343,혜인,003010,KOSPI,기계장비 및 관련 물품 도매업,1,0,0
2022,00165413,롯데케미칼,011170,KOSPI,기초 화학물질 제조업,2,1,1
2022,00165583,E1,017940,KOSPI,기타 전문 도매업,1,0,0
2022,00165680,호텔신라,008770,KOSPI,기타 상품 전문 소매업,1,0,0
2022,00166227,화승인더스트리,006060,KOSPI,상품 종합 도매업,1,0,0
2022,00166272,화승코퍼레이션,013520,KOSPI,자동차 신품 부품 제조업,1,0,0
2022,00166315,화신,010690,KOSPI,자동차 신품 부품 제조업,1,0,0
2022,00166500,화천기계,010660,KOSPI,특수 목적용 기계 제조업,1,0,0
2022,00166519,화천기공,000850,KOSPI,특수 목적용 기계 제조업,1,0,0
2022,00166573,환인제약,016580,KOSPI,의약품 제조업,1,0,0
2022,00167192,넥센,005720,KOSPI,고무제품 제조업,1,0,0
2022,00167208,흥아해운,003280,KOSPI,해상 운송업,1,0,0
2022,00168331,온타이드,005320,KOSPI,생활용품 도매업,1,0,0
2022,00168401,금비,008870,KOSPI,유리 및 유리제품 제조업,1,0,0
2022,00169048,HLB글로벌,003580,KOSPI,종합 소매업,1,0,0
2022,00170558,코웨이,021240,KOSPI,그외 기타 개인 서비스업,1,0,0
2022,00171265,파라다이스,034230,KOSPI,유원지 및 기타 오락관련 서비스업,1,0,0
2022,00171636,한솔홀딩스,004150,KOSPI,기타 금융업,1,0,0
2022,00172185,남성,004270,KOSPI,기타 전문 도매업,1,0,0
2022,00172228,엔케이,085310,KOSPI,"구조용 금속제품, 탱크 및 증기발생기 제조업",1,0,0
2022,00172291,더존비즈온,012510,KOSPI,"컴퓨터 프로그래밍, 시스템 통합 및 관리업",1,0,0
2022,00172936,동일산업,004890,KOSPI,1차 철강 제조업,2,1,1
2022,00173078,명신산업,009900,KOSPI,자동차 신품 부품 제조업,1,0,0
2022,00173102,모나리자,012690,KOSPI,기타 종이 및 판지 제품 제조업,1,0,0
2022,00173698,신일전자,002700,KOSPI,기계장비 및 관련 물품 도매업,1,0,0
2022,00173795,신흥,004080,KOSPI,기계장비 및 관련 물품 도매업,2,1,1
2022,00173874,넥센타이어,002350,KOSPI,고무제품 제조업,1,0,0
2022,00173944,우진,105840,KOSPI,"측정, 시험, 항해, 제어 및 기타 정밀기기 제조업; 광학기기 제외",1,0,0
2022,00174004,유성기업,002920,KOSPI,자동차 신품 부품 제조업,2,1,1
2022,00174527,HS화성,002460,KOSPI,건물 건설업,1,0,0
2022,00176914,다우기술,023590,KOSPI,"자료처리, 호스팅, 포털 및 기타 인터넷 정보매개 서비스업",1,0,0
2022,00177199,디씨엠,024090,KOSPI,1차 철강 제조업,1,0,0
2022,00178754,동아지질,028100,KOSPI,기반조성 및 시설물 축조관련 전문공사업,1,0,0
2022,00180795,인팩,023810,KOSPI,자동차 신품 부품 제조업,1,0,0
2022,00181712,SK,034730,KOSPI,기타 금융업,1,0,0
2022,00181943,에스제이엠홀딩스,025530,KOSPI,자동차 부품 및 내장품 판매업,1,0,0
2022,00186559,아이티센씨티에스,031820,KOSPI,"컴퓨터 프로그래밍, 시스템 통합 및 관리업",1,0,0
2022,00188089,한섬,020000,KOSPI,봉제의복 제조업,1,0,0
2022,00190321,케이티,030200,KOSPI,전기 통신업,1,0,0
2022,00191472,KPX케미칼,025000,KOSPI,기초 화학물질 제조업,1,0,0
2022,00191588,삼원강재,023000,KOSPI,자동차 신품 부품 제조업,1,0,0
2022,00193328,수산인더스트리,126720,KOSPI,전기 및 통신 공사업,1,0,0
2022,00194947,한전산업,130660,KOSPI,"건축기술, 엔지니어링 및 관련 기술 서비스업",1,0,0
2022,00195229,미스토홀딩스,081660,KOSPI,생활용품 도매업,1,0,0
2022,00197759,미래산업,025560,KOSPI,"측정, 시험, 항해, 제어 및 기타 정밀기기 제조업; 광학기기 제외",1,0,0
2022,00198697,일진디스플,020760,KOSPI,반도체 제조업,3,2,1
2022,00203290,콜마홀딩스,024720,KOSPI,기타 금융업,1,0,0
2022,00203315,콘텐트리중앙,036420,KOSPI,"영화, 비디오물, 방송프로그램 제작 및 배급업",1,0,0
2022,00203582,한솔홈데코,025750,KOSPI,제재 및 목재 가공업,1,0,0
2022,00204208,마니커,027740,KOSPI,"도축, 육류 가공 및 저장 처리업",1,0,0
2022,00209780,케이씨,029460,KOSPI,"측정, 시험, 항해, 제어 및 기타 정밀기기 제조업; 광학기기 제외",1,0,0
2022,00210856,코아스,071950,KOSPI,가구 제조업,1,0,0
2022,00218575,황금에스티,032560,KOSPI,1차 비철금속 제조업,1,0,0
2022,00219097,BGF,027410,KOSPI,기타 금융업,1,0,0
2022,00219486,신세계I&C,035510,KOSPI,"컴퓨터 프로그래밍, 시스템 통합 및 관리업",2,1,1
2022,00219574,코스맥스비티아이,044820,KOSPI,기타 금융업,2,1,1
2022,00220561,광주신세계,037710,KOSPI,종합 소매업,1,0,0
2022,00222532,LG헬로비전,037560,KOSPI,텔레비전 방송업,2,1,1
2022,00225159,SNT홀딩스,036530,KOSPI,기타 금융업,1,0,0
2022,00225706,JW생명과학,234080,KOSPI,의약품 제조업,1,0,0
2022,00226316,호전실업,111110,KOSPI,봉제의복 제조업,2,1,1
2022,00231363,LG유플러스,032640,KOSPI,전기 통신업,1,0,0
2022,00231372,롯데관광개발,032350,KOSPI,여행사 및 기타 여행보조 서비스업,2,1,1
2022,00233653,한국토지신탁,034830,KOSPI,신탁업 및 집합투자업,1,0,0
2022,00234412,신세계인터내셔날,031430,KOSPI,"섬유, 의복, 신발 및 가죽제품 소매업",1,0,0
2022,00244455,케이티앤지,033780,KOSPI,담배 제조업,1,0,0
2022,00248974,하나제약,293480,KOSPI,의약품 제조업,2,1,1
2022,00249247,YG PLUS,037270,KOSPI,"자료처리, 호스팅, 포털 및 기타 인터넷 정보매개 서비스업",1,0,0
2022,00255619,강원랜드,035250,KOSPI,유원지 및 기타 오락관련 서비스업,1,0,0
2022,00256955,테이팩스,055490,KOSPI,플라스틱제품 제조업,1,0,0
2022,00258801,카카오,035720,KOSPI,"자료처리, 호스팅, 포털 및 기타 인터넷 정보매개 서비스업",1,0,0
2022,00260383,대한유화,006650,KOSPI,기초 화학물질 제조업,1,0,0
2022,00260392,대원전선,006340,KOSPI,절연선 및 케이블 제조업,1,0,0
2022,00260408,팜스코,036580,KOSPI,"곡물가공품, 전분 및 전분제품 제조업",2,1,1
2022,00261285,한국가스공사,036460,KOSPI,연료용 가스 제조 및 배관공급업,1,0,0
2022,00261443,NC,036570,KOSPI,소프트웨어 개발 및 공급업,1,0,0
2022,00266961,NAVER,035420,KOSPI,"자료처리, 호스팅, 포털 및 기타 인터넷 정보매개 서비스업",1,0,0
2022,00269241,주연테크,044380,KOSPI,컴퓨터 및 주변장치 제조업,1,0,0
2022,00269940,하나투어,039130,KOSPI,여행사 및 기타 여행보조 서비스업,3,2,1
2022,00274933,신세계푸드,031440,KOSPI,음식점업,1,0,0
2022,00296290,키움증권,039490,KOSPI,금융 지원 서비스업,2,1,1
2022,00299002,HL홀딩스,060980,KOSPI,기타 금융업,1,0,0
2022,00300548,현대리바트,079430,KOSPI,가구 제조업,1,0,0
2022,00302926,현대로템,064350,KOSPI,그외 기타 운송장비 제조업,1,0,0
2022,00303217,우진플라임,049800,KOSPI,특수 목적용 기계 제조업,1,0,0
2022,00303873,CJ CGV,079160,KOSPI,"영화, 비디오물, 방송프로그램 제작 및 배급업",1,0,0
2022,00305668,새론오토모티브,075180,KOSPI,자동차 신품 부품 제조업,1,0,0
2022,00309503,한국항공우주,047810,KOSPI,"항공기,우주선 및 부품 제조업",1,0,0
2022,00332927,제이에스코퍼레이션,194370,KOSPI,"가죽, 가방 및 유사제품 제조업",1,0,0
2022,00339391,한화시스템,272210,KOSPI,전자부품 제조업,3,2,1
2022,00347734,진양화학,051630,KOSPI,플라스틱제품 제조업,1,0,0
2022,00349097,케이티스카이라이프,053210,KOSPI,텔레비전 방송업,1,0,0
2022,00350312,HDC랩스,039570,KOSPI,전기 및 통신 공사업,1,0,0
2022,00353878,다스코,058730,KOSPI,"구조용 금속제품, 탱크 및 증기발생기 제조업",1,0,0
2022,00356361,LG화학,051910,KOSPI,기초 화학물질 제조업,2,1,1
2022,00356370,LG생활건강,051900,KOSPI,기타 화학제품 제조업,1,0,0
2022,00357360,한세엠케이,069640,KOSPI,"섬유, 의복, 신발 및 가죽제품 소매업",2,1,1
2022,00357935,HDC현대EP,089470,KOSPI,기타 화학제품 제조업,1,0,0
2022,00360142,아이마켓코리아,122900,KOSPI,상품 종합 도매업,1,0,0
2022,00360595,현대글로비스,086280,KOSPI,기타 운송관련 서비스업,1,0,0
2022,00361008,한화엔진,082740,KOSPI,일반 목적용 기계 제조업,1,0,0
2022,00361488,텔코웨어,078000,KOSPI,"자료처리, 호스팅, 포털 및 기타 인터넷 정보매개 서비스업",1,0,0
2022,00362238,휴비스,079980,KOSPI,화학섬유 제조업,1,0,0
2022,00362441,현대오토에버,307950,KOSPI,소프트웨어 개발 및 공급업,1,0,0
2022,00365387,AJ네트웍스,095570,KOSPI,산업용 기계 및 장비 임대업,1,0,0
2022,00365989,모나용평,070960,KOSPI,일반 및 생활 숙박시설 운영업,1,0,0
2022,00367844,자이에스앤디,317400,KOSPI,부동산 임대 및 공급업,2,1,1
2022,00369833,유니온머티리얼,047400,KOSPI,"내화, 비내화 요업제품 제조업",2,1,1
2022,00372873,KTis,058860,KOSPI,기타 정보 서비스업,1,0,0
2022,00372882,KTcs,058850,KOSPI,기타 정보 서비스업,1,0,0
2022,00377610,세아홀딩스,058650,KOSPI,1차 철강 제조업,1,0,0
2022,00382199,신한지주,055550,KOSPI,기타 금융업,1,0,0
2022,00390055,종근당바이오,063160,KOSPI,의약품 제조업,1,0,0
2022,00398701,엘앤에프,066970,KOSPI,일차전지 및 이차전지 제조업,2,1,1
2022,00398792,SNT모티브,064960,KOSPI,자동차 신품 부품 제조업,1,0,0
2022,00400857,에이블씨엔씨,078520,KOSPI,기타 화학제품 제조업,1,0,0
2022,00401731,LG전자,066570,KOSPI,통신 및 방송 장비 제조업,1,0,0
2022,00403632,현대퓨처넷,126560,KOSPI,전기 통신업,1,0,0
2022,00404701,한국자산신탁,123890,KOSPI,신탁업 및 집합투자업,1,0,0
2022,00406046,HD현대마린엔진,071970,KOSPI,일반 목적용 기계 제조업,2,1,1
2022,00409672,티비에이치글로벌,084870,KOSPI,봉제의복 제조업,1,0,0
2022,00412597,현대홈쇼핑,057050,KOSPI,무점포 소매업,1,0,0
2022,00413046,셀트리온,068270,KOSPI,기초 의약물질 제조업,1,0,0
2022,00413523,한미글로벌,053690,KOSPI,"건축기술, 엔지니어링 및 관련 기술 서비스업",1,0,0
2022,00414601,유니퀘스트,077500,KOSPI,기계장비 및 관련 물품 도매업,1,0,0
2022,00414850,효성 ITX,094280,KOSPI,기타 사업지원 서비스업,1,0,0
2022,00415628,세진중공업,075580,KOSPI,선박 및 보트 건조업,1,0,0
2022,00415646,드림텍,192650,KOSPI,전자부품 제조업,1,0,0
2022,00416654,유엔젤,072130,KOSPI,"자료처리, 호스팅, 포털 및 기타 인터넷 정보매개 서비스업",1,0,0
2022,00422895,세이브존I&C,067830,KOSPI,종합 소매업,1,0,0
2022,00423690,삼성출판사,068290,KOSPI,"서적, 잡지 및 기타 인쇄물 출판업",2,1,1
2022,00426086,티케이지휴켐스,069260,KOSPI,기타 화학제품 제조업,1,0,0
2022,00427483,대웅제약,069620,KOSPI,의약품 제조업,1,0,0
2022,00428251,현대백화점,069960,KOSPI,종합 소매업,1,0,0
2022,00428321,해태제과식품,101530,KOSPI,기타 식품 제조업,2,0,0
2022,00428729,대호에이엘,069460,KOSPI,1차 비철금속 제조업,2,1,1
2022,00432102,한국금융지주,071050,KOSPI,기타 금융업,1,0,0
2022,00435312,하이스틸,071090,KOSPI,1차 철강 제조업,1,0,0
2022,00441243,형지엘리트,093240,KOSPI,봉제의복 제조업,1,0,0
2022,00442835,메타랩스,090370,KOSPI,봉제의복 제조업,1,0,0
2022,00447609,비에이치,090460,KOSPI,전자부품 제조업,1,0,0
2022,00450010,씨티알모빌리티,308170,KOSPI,자동차 신품 부품 제조업,2,1,1
2022,00453284,교촌에프앤비,339770,KOSPI,음·식료품 및 담배 도매업,1,0,0
2022,00453488,다이나믹디자인,145210,KOSPI,특수 목적용 기계 제조업,2,1,1
2022,00454946,그린케미칼,083420,KOSPI,기타 화학제품 제조업,1,0,0
2022,00458234,아시아나IDT,267850,KOSPI,"컴퓨터 프로그래밍, 시스템 통합 및 관리업",2,1,1
2022,00459871,농심홀딩스,072710,KOSPI,기타 금융업,1,0,0
2022,00469799,이엔플러스,074610,KOSPI,일반 목적용 기계 제조업,1,0,0
2022,00480367,SK오션플랜트,100090,KOSPI,1차 철강 제조업,2,1,1
2022,00480455,STX엔진,077970,KOSPI,일반 목적용 기계 제조업,1,0,0
2022,00481454,금호타이어,073240,KOSPI,고무제품 제조업,1,0,0
2022,00486705,아주스틸,139990,KOSPI,1차 철강 제조업,1,0,0
2022,00500254,GS,078930,KOSPI,기타 금융업,1,0,0
2022,00503668,LIG디펜스앤에어로스페이스,079550,KOSPI,무기 및 총포탄 제조업,1,0,0
2022,00508274,일진다이아,081000,KOSPI,기타 화학제품 제조업,1,0,0
2022,00508344,SK디앤디,210980,KOSPI,부동산 임대 및 공급업,1,0,0
2022,00520887,비상교육,100220,KOSPI,"서적, 잡지 및 기타 인쇄물 출판업",1,0,0
2022,00525934,LX세미콘,108320,KOSPI,반도체 제조업,1,0,0
2022,00526599,덴티움,145720,KOSPI,의료용 기기 제조업,2,1,1
2022,00534598,한컴라이프케어,372910,KOSPI,의료용 기기 제조업,1,0,0
2022,00539274,대상홀딩스,084690,KOSPI,기타 금융업,2,1,1
2022,00540605,이월드,084680,KOSPI,귀금속 및 장신용품 제조업,1,0,0
2022,00540641,동양고속,084670,KOSPI,육상 여객 운송업,1,0,0
2022,00544452,이리츠코크렙,088260,KOSPI,부동산 임대 및 공급업,2,0,0
2022,00545716,롯데렌탈,089860,KOSPI,운송장비 임대업,2,1,1
2022,00547583,하나금융지주,086790,KOSPI,기타 금융업,1,0,0
2022,00555874,제주항공,089590,KOSPI,항공 여객 운송업,1,0,0
2022,00557508,GKL,114090,KOSPI,유원지 및 기타 오락관련 서비스업,2,1,1
2022,00557933,진도,088790,KOSPI,기타 전문 도매업,1,0,0
2022,00564562,엠씨넥스,097520,KOSPI,영상 및 음향기기 제조업,1,0,0
2022,00565154,이노션,214320,KOSPI,광고업,1,0,0
2022,00573579,평화산업,090080,KOSPI,자동차 신품 부품 제조업,1,0,0
2022,00583424,아모레퍼시픽,090430,KOSPI,기타 화학제품 제조업,1,0,0
2022,00583442,노루페인트,090350,KOSPI,기타 화학제품 제조업,1,0,0
2022,00587466,KPX홀딩스,092230,KOSPI,기초 화학물질 제조업,1,0,0
2022,00589127,KEC,092220,KOSPI,반도체 제조업,2,1,1
2022,00593032,LF,093050,KOSPI,봉제의복 제조업,1,0,0
2022,00595191,후성,093370,KOSPI,기초 화학물질 제조업,1,0,0
2022,00622787,바이오노트,377740,KOSPI,의료용품 및 기타 의약 관련제품 제조업,1,0,0
2022,00628189,웅진씽크빅,095720,KOSPI,초등 교육기관,1,0,0
2022,00631518,SK이노베이션,096770,KOSPI,석유 정제품 제조업,1,0,0
2022,00632304,JW홀딩스,096760,KOSPI,기타 금융업,1,0,0
2022,00633835,HJ중공업,097230,KOSPI,토목 건설업,1,0,0
2022,00635134,CJ제일제당,097950,KOSPI,기타 식품 제조업,3,2,1
2022,00646732,진양홀딩스,100250,KOSPI,플라스틱제품 제조업,1,0,0
2022,00648721,SNT에너지,100840,KOSPI,일반 목적용 기계 제조업,1,0,0
2022,00651901,에어부산,298690,KOSPI,항공 여객 운송업,2,1,1
2022,00652423,인바이오젠,101140,KOSPI,기계장비 및 관련 물품 도매업,2,0,0
2022,00653024,진에어,272450,KOSPI,항공 여객 운송업,1,0,0
2022,00661847,화인베스틸,133820,KOSPI,1차 철강 제조업,1,0,0
2022,00670340,씨에스윈드,112610,KOSPI,"구조용 금속제품, 탱크 및 증기발생기 제조업",2,1,1
2022,00671376,트리니티항공,091810,KOSPI,항공 여객 운송업,1,0,0
2022,00679314,동성케미컬,102260,KOSPI,합성고무 및 플라스틱 물질 제조업,2,0,0
2022,00683469,일진전기,103590,KOSPI,절연선 및 케이블 제조업,1,0,0
2022,00684714,풍산,103140,KOSPI,1차 비철금속 제조업,1,0,0
2022,00684802,에이플러스에셋,244920,KOSPI,보험 및 연금관련 서비스업,1,0,0
2022,00687711,한국철강,104700,KOSPI,1차 철강 제조업,2,1,1
2022,00688996,KB금융,105560,KOSPI,기타 금융업,3,2,1
2022,00706715,미원홀딩스,107590,KOSPI,기타 금융업,1,0,0
2022,00728638,한세실업,105630,KOSPI,봉제의복 제조업,1,0,0
2022,00753643,주성코퍼레이션,109070,KOSPI,통신 및 방송 장비 제조업,1,0,0
2022,00759513,LX하우시스,108670,KOSPI,플라스틱제품 제조업,1,0,0
2022,00760971,크래프톤,259960,KOSPI,소프트웨어 개발 및 공급업,1,0,0
2022,00767460,PI첨단소재,178920,KOSPI,플라스틱제품 제조업,1,0,0
2022,00776820,영원무역,111770,KOSPI,상품 종합 도매업,1,0,0
2022,00787376,대성에너지,117580,KOSPI,연료용 가스 제조 및 배관공급업,1,0,0
2022,00791209,메타케어,118000,KOSPI,기계장비 및 관련 물품 도매업,1,0,0
2022,00795135,코오롱인더,120110,KOSPI,화학섬유 제조업,1,0,0
2022,00796994,조선선재,120030,KOSPI,기타 금속 가공제품 제조업,2,1,1
2022,00797364,KC코트렐,119650,KOSPI,일반 목적용 기계 제조업,1,0,0
2022,00815369,에스제이엠,123700,KOSPI,자동차 신품 부품 제조업,1,0,0
2022,00816544,토니모리,214420,KOSPI,기타 화학제품 제조업,1,0,0
2022,00823429,한국화장품,123690,KOSPI,생활용품 도매업,1,0,0
2022,00828497,한미약품,128940,KOSPI,의약품 제조업,1,0,0
2022,00828789,대성산업,128820,KOSPI,연료 소매업,1,0,0
2022,00838500,엘브이엠씨,900140,KOSPI,자동차 판매업,1,0,0
2022,00852087,시디즈,134790,KOSPI,가구 제조업,1,0,0
2022,00854997,에스디바이오센서,137310,KOSPI,의료용 기기 제조업,2,1,1
2022,00855093,선진,136490,KOSPI,동물용 사료 및 조제식품 제조업,1,0,0
2022,00855163,미원화학,134380,KOSPI,기타 화학제품 제조업,1,0,0
2022,00858364,BNK금융지주,138930,KOSPI,기타 금융업,1,0,0
2022,00860332,메리츠금융지주,138040,KOSPI,기타 금융업,1,0,0
2022,00860730,에이리츠,140910,KOSPI,부동산 임대 및 공급업,1,0,0
2022,00861076,케이탑리츠,145270,KOSPI,부동산 임대 및 공급업,1,0,0
2022,00872984,이마트,139480,KOSPI,종합 소매업,1,0,0
2022,00877059,삼성바이오로직스,207940,KOSPI,기초 의약물질 제조업,1,0,0
2022,00878696,에스케이바이오팜,326030,KOSPI,자연과학 및 공학 연구개발업,1,0,0
2022,00878915,iM금융지주,139130,KOSPI,기타 금융업,1,0,0
2022,00896285,삼양사,145990,KOSPI,기타 식품 제조업,1,0,0
2022,00904672,넷마블,251270,KOSPI,소프트웨어 개발 및 공급업,1,0,0
2022,00911955,잇츠한불,226320,KOSPI,기타 화학제품 제조업,1,0,0
2022,00936787,애경케미칼,161000,KOSPI,기초 화학물질 제조업,1,0,0
2022,00937324,한국타이어앤테크놀로지,161390,KOSPI,고무제품 제조업,2,1,1
2022,00939331,한국콜마,161890,KOSPI,기타 화학제품 제조업,2,1,1
2022,00939687,동일고무벨트,163560,KOSPI,고무제품 제조업,1,0,0
2022,00956930,동아에스티,170900,KOSPI,의약품 제조업,1,0,0
2022,00972503,일진하이솔루스,271940,KOSPI,그외 기타 운송장비 제조업,2,1,1
2022,00980122,JB금융지주,175330,KOSPI,기타 금융업,2,1,1
2022,00983040,한진칼,180640,KOSPI,기타 금융업,2,1,1
2022,00983271,NHN,181710,KOSPI,소프트웨어 개발 및 공급업,1,0,0
2022,00990165,아세아시멘트,183190,KOSPI,"시멘트, 석회, 플라스터 및 그 제품 제조업",1,0,0
2022,00992871,종근당,185750,KOSPI,의약품 제조업,2,1,1
2022,01009789,코스맥스,192820,KOSPI,기타 화학제품 제조업,1,0,0
2022,01010110,더블유게임즈,192080,KOSPI,소프트웨어 개발 및 공급업,1,0,0
2022,01026157,쏘카,403550,KOSPI,운송장비 임대업,1,0,0
2022,01032413,해성디에스,195870,KOSPI,전자부품 제조업,1,0,0
2022,01032486,두산밥캣,241560,KOSPI,특수 목적용 기계 제조업,1,0,0
2022,01035289,JK리버스톤리츠,204210,KOSPI,부동산 임대 및 공급업,1,0,0
2022,01036446,서연이화,200880,KOSPI,자동차 신품 부품 제조업,1,0,0
2022,01042775,HL만도,204320,KOSPI,자동차 신품 부품 제조업,1,0,0
2022,01059605,디와이파워,210540,KOSPI,특수 목적용 기계 제조업,1,0,0
2022,01060744,한솔제지,213500,KOSPI,"펄프, 종이 및 판지 제조업",1,0,0
2022,01060814,삼양패키징,272550,KOSPI,플라스틱제품 제조업,1,0,0
2022,01093007,LS에코에너지,229640,KOSPI,기타 금융업,1,0,0
2022,01108099,현대코퍼레이션홀딩스,227840,KOSPI,음·식료품 및 담배 도매업,1,0,0
2022,01128613,화승엔터프라이즈,241590,KOSPI,신발 및 신발 부분품 제조업,1,0,0
2022,01133217,카카오뱅크,323410,KOSPI,은행 및 저축기관,1,0,0
2022,01159233,솔루엠,248070,KOSPI,전자부품 제조업,1,0,0
2022,01167056,샘표식품,248170,KOSPI,기타 식품 제조업,1,0,0
2022,01168383,일동제약,249420,KOSPI,의약품 제조업,1,0,0
2022,01180118,코람코더원리츠,417310,KOSPI,부동산 임대 및 공급업,4,0,0
2022,01190568,에이피알,278470,KOSPI,기타 화학제품 제조업,1,0,0
2022,01199550,HD현대에너지솔루션,322000,KOSPI,반도체 제조업,1,0,0
2022,01203312,케이뱅크,279570,KOSPI,은행 및 저축기관,3,2,1
2022,01204056,하이브,352820,KOSPI,오디오물 출판 및 원판 녹음업,2,1,1
2022,01205329,크라운제과,264900,KOSPI,"떡, 빵 및 과자류 제조업",3,1,1
2022,01205709,HD현대,267250,KOSPI,기타 금융업,1,0,0
2022,01205842,HD건설기계,267270,KOSPI,특수 목적용 기계 제조업,1,0,0
2022,01205851,HD현대일렉트릭,267260,KOSPI,"전동기, 발전기 및 전기 변환 · 공급 · 제어 장치 제조업",1,0,0
2022,01208885,경동도시가스,267290,KOSPI,연료용 가스 제조 및 배관공급업,1,0,0
2022,01234297,미원에스씨,268280,KOSPI,기초 화학물질 제조업,1,0,0
2022,01236897,제일약품,271980,KOSPI,의약품 제조업,1,0,0
2022,01238169,오리온,271560,KOSPI,기타 식품 제조업,1,0,0
2022,01244601,카카오페이,377300,KOSPI,금융 지원 서비스업,1,0,0
2022,01258507,롯데웰푸드,280360,KOSPI,기타 식품 제조업,1,0,0
2022,01261893,케이씨텍,281820,KOSPI,"측정, 시험, 항해, 제어 및 기타 정밀기기 제조업; 광학기기 제외",1,0,0
2022,01262032,롯데이노베이트,286940,KOSPI,"컴퓨터 프로그래밍, 시스템 통합 및 관리업",1,0,0
2022,01263022,BGF리테일,282330,KOSPI,종합 소매업,1,0,0
2022,01267170,SK케미칼,285130,KOSPI,합성고무 및 플라스틱 물질 제조업,2,1,1
2022,01267684,쿠쿠홈시스,284740,KOSPI,개인 및 가정용품 임대업,3,2,1
2022,01276594,신한알파리츠,293940,KOSPI,부동산 임대 및 공급업,2,0,0
2022,01310269,IPARK현대산업개발,294870,KOSPI,건물 건설업,2,1,1
2022,01311408,에코프로머티,450080,KOSPI,일차전지 및 이차전지 제조업,1,0,0
2022,01316227,효성티앤씨,298020,KOSPI,화학섬유 제조업,1,0,0
2022,01316236,효성화학,298000,KOSPI,기초 화학물질 제조업,1,0,0
2022,01316245,효성중공업,298040,KOSPI,"전동기, 발전기 및 전기 변환 · 공급 · 제어 장치 제조업",2,1,1
2022,01316254,HS효성첨단소재,298050,KOSPI,화학섬유 제조업,1,0,0
2022,01319808,한일시멘트,300720,KOSPI,"시멘트, 석회, 플라스터 및 그 제품 제조업",1,0,0
2022,01319899,SK바이오사이언스,302440,KOSPI,기초 의약물질 제조업,1,0,0
2022,01323032,케이카,381970,KOSPI,자동차 판매업,2,1,1
2022,01325979,세아제강,306200,KOSPI,1차 철강 제조업,1,0,0
2022,01350869,우리금융지주,316140,KOSPI,기타 금융업,1,0,0
2022,01363818,롯데리츠,330590,KOSPI,부동산 임대 및 공급업,2,0,0
2022,01386916,SK아이이테크놀로지,361610,KOSPI,일차전지 및 이차전지 제조업,2,1,1
2022,01390344,HD현대중공업,329180,KOSPI,선박 및 보트 건조업,1,0,0
2022,01391033,NH프라임리츠,338100,KOSPI,부동산 임대 및 공급업,2,0,0
2022,01394377,이지스밸류플러스리츠,334890,KOSPI,부동산 임대 및 공급업,2,0,0
2022,01412725,두산퓨얼셀,336260,KOSPI,"전동기, 발전기 및 전기 변환 · 공급 · 제어 장치 제조업",1,0,0
2022,01412822,솔루스첨단소재,336370,KOSPI,전자부품 제조업,1,0,0
2022,01415892,제이알글로벌리츠,348950,KOSPI,부동산 임대 및 공급업,2,0,0
2022,01428203,케이씨씨글라스,344820,KOSPI,유리 및 유리제품 제조업,1,0,0
2022,01430475,코람코라이프인프라리츠,357120,KOSPI,부동산 임대 및 공급업,2,0,0
2022,01436558,신한서부티엔디리츠,404990,KOSPI,부동산 임대 및 공급업,2,0,0
2022,01436628,이지스레지던스리츠,350520,KOSPI,부동산 임대 및 공급업,3,1,1
2022,01437186,ESR켄달스퀘어리츠,365550,KOSPI,부동산 임대 및 공급업,2,0,0
2022,01437292,미래에셋맵스리츠,357250,KOSPI,부동산 임대 및 공급업,2,0,0
2022,01442966,마스턴프리미어리츠,357430,KOSPI,부동산 임대 및 공급업,2,0,0
2022,01475609,디앤디플랫폼리츠,377190,KOSPI,부동산 임대 및 공급업,2,0,0
2022,01478712,대덕전자,353200,KOSPI,전자부품 제조업,1,0,0
2022,01480780,NH올원리츠,400760,KOSPI,부동산 임대 및 공급업,2,0,0
2022,01497869,티와이홀딩스,363280,KOSPI,기타 금융업,1,0,0
2022,01510489,프레스티지바이오파마,950210,KOSPI,자연과학 및 공학 연구개발업,2,1,1
2022,01515323,LG에너지솔루션,373220,KOSPI,일차전지 및 이차전지 제조업,1,0,0
2022,01524093,DL이앤씨,375500,KOSPI,토목 건설업,1,0,0
2022,01532603,화승알앤에이,378850,KOSPI,자동차 신품 부품 제조업,1,0,0
2022,01535150,SK리츠,395400,KOSPI,부동산 임대 및 공급업,4,0,0
2022,01562589,LX홀딩스,383800,KOSPI,기타 금융업,1,0,0
2022,01568413,F&F,383220,KOSPI,봉제의복 제조업,2,1,1
2022,01576102,미래에셋글로벌리츠,396690,KOSPI,부동산 임대 및 공급업,3,1,1
2022,01596425,SK스퀘어,402340,KOSPI,기타 금융업,1,0,0
2022,01622720,KB스타리츠,432320,KOSPI,부동산 임대 및 공급업,3,1,1
2022,01669226,한화리츠,451800,KOSPI,부동산 임대 및 공급업,1,0,0
2022,01688896,삼성FN리츠,448730,KOSPI,부동산 임대 및 공급업,3,0,0
2022,01702017,유니드비티플러스,446070,KOSPI,제재 및 목재 가공업,1,0,0
2023,00100939,강남제비스코,000860,KOSPI,기타 화학제품 제조업,1,0,0
2023,00101044,에이프로젠바이오로직스,003060,KOSPI,의약품 제조업,2,1,1
2023,00101220,KG케미칼,001390,KOSPI,기초 화학물질 제조업,1,0,0
2023,00101433,경농,002100,KOSPI,"비료, 농약 및 살균, 살충제 제조업",1,0,0
2023,00101488,경동나비엔,009450,KOSPI,가정용 기기 제조업,2,1,1
2023,00101628,경방,000050,KOSPI,종합 소매업,1,0,0
2023,00101664,경보제약,214390,KOSPI,기초 의약물질 제조업,1,0,0
2023,00102113,경인양행,012610,KOSPI,기초 화학물질 제조업,1,0,0
2023,00102140,경인전자,009140,KOSPI,전자부품 제조업,1,0,0
2023,00102432,계룡건설산업,013580,KOSPI,토목 건설업,1,0,0
2023,00102618,계양전기,012200,KOSPI,일반 목적용 기계 제조업,2,1,1
2023,00102751,고려산업,002140,KOSPI,"곡물가공품, 전분 및 전분제품 제조업",2,1,1
2023,00102858,고려아연,010130,KOSPI,1차 비철금속 제조업,2,1,1
2023,00103006,고려제강,002240,KOSPI,1차 철강 제조업,1,0,0
2023,00103042,케이씨티시,009070,KOSPI,도로 화물 운송업,2,1,1
2023,00103130,플레이그램,009810,KOSPI,기타 전문 도매업,1,0,0
2023,00103176,흥국화재,000540,KOSPI,보험업,2,1,1
2023,00103510,인지컨트롤스,023800,KOSPI,자동차 신품 부품 제조업,1,0,0
2023,00103592,광동제약,009290,KOSPI,의약품 제조업,2,1,1
2023,00103662,광명전기,017040,KOSPI,"전동기, 발전기 및 전기 변환 · 공급 · 제어 장치 제조업",9,8,1
2023,00104388,국도화학,007690,KOSPI,기초 화학물질 제조업,1,0,0
2023,00104698,LS네트웍스,000680,KOSPI,상품 종합 도매업,2,1,1
2023,00104722,국제약품,002720,KOSPI,의약품 제조업,1,0,0
2023,00104768,가온전선,000500,KOSPI,절연선 및 케이블 제조업,1,0,0
2023,00104786,미래아이앤지,007120,KOSPI,"컴퓨터 프로그래밍, 시스템 통합 및 관리업",1,0,0
2023,00104856,삼성증권,016360,KOSPI,금융 지원 서비스업,1,0,0
2023,00104999,윌비스,008600,KOSPI,생활용품 도매업,1,0,0
2023,00105101,INVENI,015360,KOSPI,회사 본부 및 경영 컨설팅 서비스업,2,1,1
2023,00105156,극동유화,014530,KOSPI,석유 정제품 제조업,1,0,0
2023,00105271,케이씨씨,002380,KOSPI,기타 화학제품 제조업,2,1,1
2023,00105280,현대지에프홀딩스,005440,KOSPI,기타 금융업,1,0,0
2023,00105299,금강공업,014280,KOSPI,1차 철강 제조업,1,0,0
2023,00105606,금호에이치티,214330,KOSPI,자동차 신품 부품 제조업,2,1,1
2023,00105855,엘에스일렉트릭,010120,KOSPI,"전동기, 발전기 및 전기 변환 · 공급 · 제어 장치 제조업",2,1,1
2023,00105873,LG디스플레이,034220,KOSPI,전자부품 제조업,1,0,0
2023,00105952,LS,006260,KOSPI,기타 금융업,2,1,1
2023,00105961,LG이노텍,011070,KOSPI,전자부품 제조업,2,1,1
2023,00106119,금양,001570,KOSPI,기초 화학물질 제조업,3,2,1
2023,00106313,금호건설,002990,KOSPI,건물 건설업,2,1,1
2023,00106368,금호석유화학,011780,KOSPI,기초 화학물질 제조업,2,1,1
2023,00106395,금호전기,001210,KOSPI,전구 및 조명장치 제조업,1,0,0
2023,00106614,기신정기,092440,KOSPI,특수 목적용 기계 제조업,1,0,0
2023,00106623,현대위아,011210,KOSPI,자동차 신품 부품 제조업,2,1,1
2023,00106641,기아,000270,KOSPI,자동차용 엔진 및 자동차 제조업,2,1,1
2023,00106669,세아베스틸지주,001430,KOSPI,1차 철강 제조업,1,0,0
2023,00106881,인디에프,014990,KOSPI,봉제의복 제조업,1,0,0
2023,00107066,남광토건,001260,KOSPI,기타 금융업,1,0,0
2023,00107224,남선알미늄,008350,KOSPI,1차 비철금속 제조업,2,1,1
2023,00107598,남양유업,003920,KOSPI,동·식물성 유지 및 낙농제품 제조업,1,0,0
2023,00107613,이수페타시스,007660,KOSPI,전자부품 제조업,1,0,0
2023,00107677,비비안,002070,KOSPI,봉제의복 제조업,1,0,0
2023,00107987,남해화학,025860,KOSPI,"비료, 농약 및 살균, 살충제 제조업",1,0,0
2023,00108038,엔피씨,004250,KOSPI,플라스틱제품 제조업,1,0,0
2023,00108135,녹십자홀딩스,005250,KOSPI,회사 본부 및 경영 컨설팅 서비스업,1,0,0
2023,00108241,농심,004370,KOSPI,기타 식품 제조업,1,0,0
2023,00108612,DS단석,017860,KOSPI,기타 화학제품 제조업,1,0,0
2023,00108746,DKME,015590,KOSPI,일반 목적용 기계 제조업,2,1,1
2023,00108913,대교,019680,KOSPI,초등 교육기관,1,0,0
2023,00108940,대성홀딩스,016710,KOSPI,회사 본부 및 경영 컨설팅 서비스업,1,0,0
2023,00108977,대구백화점,006370,KOSPI,종합 소매업,1,0,0
2023,00109161,태경케미컬,006890,KOSPI,기초 화학물질 제조업,1,0,0
2023,00109189,대덕,008060,KOSPI,기타 금융업,1,0,0
2023,00109286,대동,000490,KOSPI,특수 목적용 기계 제조업,2,1,1
2023,00109514,티웨이홀딩스,004870,KOSPI,"시멘트, 석회, 플라스터 및 그 제품 제조업",1,0,0
2023,00109693,DL,000210,KOSPI,기초 화학물질 제조업,2,1,1
2023,00109718,사조대림,003960,KOSPI,수산물 가공 및 저장 처리업,1,0,0
2023,00109754,대림바스,005750,KOSPI,"내화, 비내화 요업제품 제조업",1,0,0
2023,00109806,삼일씨엔에스,004440,KOSPI,"시멘트, 석회, 플라스터 및 그 제품 제조업",1,0,0
2023,00109824,대림통상,006570,KOSPI,기타 금속 가공제품 제조업,1,0,0
2023,00110608,DSR,155660,KOSPI,1차 비철금속 제조업,1,0,0
2023,00110893,대신증권,003540,KOSPI,금융 지원 서비스업,1,0,0
2023,00111111,대양금속,009190,KOSPI,1차 철강 제조업,1,0,0
2023,00111421,휴니드테크놀러지스,005870,KOSPI,통신 및 방송 장비 제조업,1,0,0
2023,00111458,대영포장,014160,KOSPI,"골판지, 종이 상자 및 종이용기 제조업",1,0,0
2023,00111689,아진전자부품,009320,KOSPI,자동차 신품 부품 제조업,1,0,0
2023,00111704,한화오션,042660,KOSPI,선박 및 보트 건조업,2,1,1
2023,00111722,미래에셋증권,006800,KOSPI,금융 지원 서비스업,1,0,0
2023,00111810,대웅,003090,KOSPI,의약품 제조업,1,0,0
2023,00111847,대원강업,000430,KOSPI,자동차 신품 부품 제조업,1,0,0
2023,00111999,대원제약,003220,KOSPI,의약품 제조업,1,0,0
2023,00112022,대원화성,024890,KOSPI,플라스틱제품 제조업,1,0,0
2023,00112059,상상인증권,001290,KOSPI,금융 지원 서비스업,2,1,1
2023,00112165,디아이씨,092200,KOSPI,자동차 신품 부품 제조업,1,0,0
2023,00112332,미래에셋생명,085620,KOSPI,보험업,2,1,1
2023,00112378,KR모터스,000040,KOSPI,그외 기타 운송장비 제조업,1,0,0
2023,00112651,대창,012800,KOSPI,1차 비철금속 제조업,1,0,0
2023,00112679,대창단조,015230,KOSPI,자동차 신품 부품 제조업,1,0,0
2023,00112970,대한방직,001070,KOSPI,직물직조 및 직물제품 제조업,1,0,0
2023,00113058,한화생명,088350,KOSPI,보험업,2,1,1
2023,00113191,코리안리,003690,KOSPI,재 보험업,2,1,1
2023,00113207,대한전선,001440,KOSPI,절연선 및 케이블 제조업,1,0,0
2023,00113225,대한제강,084010,KOSPI,1차 철강 제조업,1,0,0
2023,00113234,대한제당,001790,KOSPI,"곡물가공품, 전분 및 전분제품 제조업",1,0,0
2023,00113243,대한제분,001130,KOSPI,"곡물가공품, 전분 및 전분제품 제조업",2,1,1
2023,00113359,교보증권,030610,KOSPI,금융 지원 서비스업,2,1,1
2023,00113410,CJ대한통운,000120,KOSPI,도로 화물 운송업,2,1,1
2023,00113492,깨끗한나라,004540,KOSPI,"펄프, 종이 및 판지 제조업",2,1,1
2023,00113508,노루홀딩스,000320,KOSPI,기타 금융업,1,0,0
2023,00113526,대한항공,003490,KOSPI,항공 여객 운송업,1,0,0
2023,00113535,대한해운,005880,KOSPI,해상 운송업,1,0,0
2023,00113544,대한화섬,003830,KOSPI,화학섬유 제조업,1,0,0
2023,00113562,롯데손해보험,000400,KOSPI,보험업,2,1,1
2023,00113614,대현,016090,KOSPI,봉제의복 제조업,2,1,1
2023,00113997,롯데에너지머티리얼즈,020150,KOSPI,전자부품 제조업,1,0,0
2023,00114093,덕성,004830,KOSPI,플라스틱제품 제조업,1,0,0
2023,00114154,디와이덕양,024900,KOSPI,자동차 신품 부품 제조업,1,0,0
2023,00114552,도화엔지니어링,002150,KOSPI,"건축기술, 엔지니어링 및 관련 기술 서비스업",1,0,0
2023,00114765,케이비아이동국실업,001620,KOSPI,자동차 신품 부품 제조업,1,0,0
2023,00114792,동국홀딩스,001230,KOSPI,기타 금융업,2,1,1
2023,00115065,동남합성,023450,KOSPI,기초 화학물질 제조업,1,0,0
2023,00115287,동방,004140,KOSPI,기타 운송관련 서비스업,1,0,0
2023,00115384,동방아그로,007590,KOSPI,"비료, 농약 및 살균, 살충제 제조업",1,0,0
2023,00115612,동부건설,005960,KOSPI,토목 건설업,2,1,1
2023,00115676,KG스틸,016380,KOSPI,1차 철강 제조업,2,1,1
2023,00115694,DB증권,016610,KOSPI,금융 지원 서비스업,1,0,0
2023,00115977,아이에스동서,010780,KOSPI,"시멘트, 석회, 플라스터 및 그 제품 제조업",1,0,0
2023,00116268,동성제약,002210,KOSPI,의약품 제조업,1,0,0
2023,00116301,NI스틸,008260,KOSPI,1차 철강 제조업,1,0,0
2023,00116824,동아쏘시오홀딩스,000640,KOSPI,기타 금융업,1,0,0
2023,00116949,DN오토모티브,007340,KOSPI,일차전지 및 이차전지 제조업,2,1,1
2023,00117027,알루코,001780,KOSPI,1차 비철금속 제조업,1,0,0
2023,00117179,디와이,013570,KOSPI,기타 금융업,1,0,0
2023,00117188,효성,004800,KOSPI,기타 금융업,3,2,1
2023,00117212,두산,000150,KOSPI,전자부품 제조업,9,8,1
2023,00117230,TYM,002900,KOSPI,특수 목적용 기계 제조업,1,0,0
2023,00117267,동양생명,082640,KOSPI,보험업,2,1,1
2023,00117300,TCC스틸,002710,KOSPI,1차 철강 제조업,1,0,0
2023,00117337,동양,001520,KOSPI,"시멘트, 석회, 플라스터 및 그 제품 제조업",1,0,0
2023,00117498,스틱인베스트먼트,026890,KOSPI,신탁업 및 집합투자업,1,0,0
2023,00117577,오리온홀딩스,001800,KOSPI,기타 금융업,1,0,0
2023,00117601,유안타증권,003470,KOSPI,금융 지원 서비스업,1,0,0
2023,00117629,KBI동양철관,008970,KOSPI,1차 철강 제조업,1,0,0
2023,00117726,DYP,092780,KOSPI,자동차용 엔진 및 자동차 제조업,1,0,0
2023,00118008,동원금속,018500,KOSPI,자동차 신품 부품 제조업,1,0,0
2023,00118026,동원산업,006040,KOSPI,기타 금융업,1,0,0
2023,00118044,동원수산,030720,KOSPI,어로 어업,1,0,0
2023,00118266,DRB동일,004840,KOSPI,고무제품 제조업,1,0,0
2023,00118275,디아이,003160,KOSPI,"측정, 시험, 항해, 제어 및 기타 정밀기기 제조업; 광학기기 제외",1,0,0
2023,00118345,디아이동일,001530,KOSPI,상품 중개업,1,0,0
2023,00118451,동일제강,002690,KOSPI,1차 철강 제조업,1,0,0
2023,00118521,진원생명과학,011000,KOSPI,의약품 제조업,1,0,0
2023,00118965,티에이치엔,019180,KOSPI,기타 전기장비 제조업,1,0,0
2023,00119007,무림P&P,009580,KOSPI,"펄프, 종이 및 판지 제조업",1,0,0
2023,00119140,핸즈코퍼레이션,143210,KOSPI,자동차 신품 부품 제조업,2,1,1
2023,00119195,동화약품,000020,KOSPI,의약품 제조업,1,0,0
2023,00119672,두올,016740,KOSPI,자동차 신품 부품 제조업,1,0,0
2023,00120021,LG,003550,KOSPI,기타 금융업,1,0,0
2023,00120030,GS건설,006360,KOSPI,건물 건설업,3,2,1
2023,00120076,LX인터내셔널,001120,KOSPI,상품 중개업,2,1,1
2023,00120182,NH투자증권,005940,KOSPI,금융 지원 서비스업,2,1,1
2023,00120526,롯데쇼핑,023530,KOSPI,종합 소매업,1,0,0
2023,00120562,롯데지주,004990,KOSPI,기타 금융업,1,0,0
2023,00120571,롯데칠성음료,005300,KOSPI,비알코올음료 및 얼음 제조업,2,1,1
2023,00120872,만호제강,001080,KOSPI,1차 철강 제조업,1,0,0
2023,00121039,명문제약,017180,KOSPI,의약품 제조업,5,4,1
2023,00121288,모나미,005360,KOSPI,생활용품 도매업,1,0,0
2023,00121534,MH에탄올,023150,KOSPI,알코올음료 제조업,1,0,0
2023,00121543,무학,033920,KOSPI,알코올음료 제조업,1,0,0
2023,00121570,문배철강,008420,KOSPI,1차 철강 제조업,1,0,0
2023,00121932,미원상사,002840,KOSPI,기타 화학제품 제조업,1,0,0
2023,00121941,대상,001680,KOSPI,기타 식품 제조업,2,1,1
2023,00121969,에쓰씨엔지니어링,023960,KOSPI,토목 건설업,2,1,1
2023,00122056,미창석유공업,003650,KOSPI,석유 정제품 제조업,1,0,0
2023,00122348,방림,003610,KOSPI,직물직조 및 직물제품 제조업,1,0,0
2023,00122472,PKC,001340,KOSPI,기초 화학물질 제조업,2,1,1
2023,00122481,태경비케이,014580,KOSPI,"시멘트, 석회, 플라스터 및 그 제품 제조업",1,0,0
2023,00122551,백산,035150,KOSPI,플라스틱제품 제조업,1,0,0
2023,00122579,BYC,001460,KOSPI,봉제의복 제조업,1,0,0
2023,00122694,범양건영,002410,KOSPI,건물 건설업,1,0,0
2023,00122737,팬오션,028670,KOSPI,해상 운송업,1,0,0
2023,00122825,인스코비,006490,KOSPI,전기 통신업,1,0,0
2023,00122898,벽산,007210,KOSPI,기타 비금속 광물제품 제조업,1,0,0
2023,00123107,보락,002760,KOSPI,기타 화학제품 제조업,1,0,0
2023,00123143,보령,003850,KOSPI,의약품 제조업,1,0,0
2023,00123541,보해양조,000890,KOSPI,알코올음료 제조업,1,0,0
2023,00123718,부광약품,003000,KOSPI,의약품 제조업,2,1,1
2023,00123772,부국증권,001270,KOSPI,금융 지원 서비스업,2,1,1
2023,00123781,부국철강,026940,KOSPI,1차 철강 제조업,1,0,0
2023,00124027,부산산업,011390,KOSPI,"시멘트, 석회, 플라스터 및 그 제품 제조업",1,0,0
2023,00124090,한국특강,007280,KOSPI,1차 철강 제조업,2,1,1
2023,00124151,부산주공,005030,KOSPI,자동차 신품 부품 제조업,1,0,0
2023,00124197,세아제강지주,003030,KOSPI,기타 금융업,1,0,0
2023,00124504,포스코인터내셔널,047050,KOSPI,상품 중개업,3,2,1
2023,00124540,대우건설,047040,KOSPI,건물 건설업,1,0,0
2023,00124726,빙그레,005180,KOSPI,동·식물성 유지 및 낙농제품 제조업,1,0,0
2023,00124780,사조씨푸드,014710,KOSPI,수산물 가공 및 저장 처리업,1,0,0
2023,00124799,사조산업,007160,KOSPI,수산물 가공 및 저장 처리업,1,0,0
2023,00125080,AK홀딩스,006840,KOSPI,기타 금융업,1,0,0
2023,00125150,SGC에너지,005090,KOSPI,전기업,1,0,0
2023,00125521,에스엘,005850,KOSPI,자동차 신품 부품 제조업,1,0,0
2023,00125530,삼립,005610,KOSPI,기타 식품 제조업,1,0,0
2023,00125576,체시스,033250,KOSPI,자동차 신품 부품 제조업,1,0,0
2023,00125743,현대비앤지스틸,004560,KOSPI,1차 철강 제조업,1,0,0
2023,00125974,삼부토건,001470,KOSPI,토목 건설업,6,4,1
2023,00126089,DH오토넥스,000300,KOSPI,신탁업 및 집합투자업,1,0,0
2023,00126186,삼성에스디에스,018260,KOSPI,"컴퓨터 프로그래밍, 시스템 통합 및 관리업",2,1,1
2023,00126201,삼성공조,006660,KOSPI,자동차 신품 부품 제조업,1,0,0
2023,00126256,삼성생명,032830,KOSPI,보험업,3,2,1
2023,00126292,삼성카드,029780,KOSPI,기타 금융업,1,0,0
2023,00126308,삼성E&A,028050,KOSPI,"건축기술, 엔지니어링 및 관련 기술 서비스업",3,2,1
2023,00126362,삼성SDI,006400,KOSPI,일차전지 및 이차전지 제조업,1,0,0
2023,00126371,삼성전기,009150,KOSPI,전자부품 제조업,2,1,1
2023,00126380,삼성전자,005930,KOSPI,통신 및 방송 장비 제조업,1,0,0
2023,00126414,삼성제약,001360,KOSPI,의약품 제조업,1,0,0
2023,00126478,삼성중공업,010140,KOSPI,선박 및 보트 건조업,2,1,1
2023,00126487,F&F 홀딩스,007700,KOSPI,기타 금융업,1,0,0
2023,00126566,한화에어로스페이스,012450,KOSPI,"항공기,우주선 및 부품 제조업",2,1,1
2023,00126779,삼아알미늄,006110,KOSPI,1차 비철금속 제조업,1,0,0
2023,00126937,삼양홀딩스,000070,KOSPI,기타 금융업,2,1,1
2023,00126955,삼양식품,003230,KOSPI,기타 식품 제조업,1,0,0
2023,00127042,SYTS,002170,KOSPI,"가죽, 가방 및 유사제품 제조업",1,0,0
2023,00127158,씨아이테크,004920,KOSPI,영상 및 음향기기 제조업,2,1,1
2023,00127167,삼영무역,002810,KOSPI,기타 전문 도매업,1,0,0
2023,00127200,삼영전자공업,005680,KOSPI,전자부품 제조업,1,0,0
2023,00127255,삼영,003720,KOSPI,플라스틱제품 제조업,1,0,0
2023,00127802,삼익THK,004380,KOSPI,일반 목적용 기계 제조업,1,0,0
2023,00127857,삼익악기,002450,KOSPI,악기 제조업,1,0,0
2023,00128032,삼일제약,000520,KOSPI,의약품 제조업,1,0,0
2023,00128227,삼정펄프,009770,KOSPI,"펄프, 종이 및 판지 제조업",1,0,0
2023,00128412,삼진제약,005500,KOSPI,의약품 제조업,1,0,0
2023,00128555,삼천리,004690,KOSPI,연료용 가스 제조 및 배관공급업,2,1,1
2023,00128980,삼호개발,010960,KOSPI,기반조성 및 시설물 축조관련 전문공사업,2,1,1
2023,00129013,CJ씨푸드,011150,KOSPI,기타 식품 제조업,1,0,0
2023,00129235,삼화왕관,004450,KOSPI,기타 금속 가공제품 제조업,1,0,0
2023,00129271,삼화전기,009470,KOSPI,전자부품 제조업,1,0,0
2023,00129280,삼화전자공업,011230,KOSPI,영상 및 음향기기 제조업,1,0,0
2023,00129350,삼화콘덴서공업,001820,KOSPI,전자부품 제조업,1,0,0
2023,00129387,SP삼화,000390,KOSPI,기타 화학제품 제조업,1,0,0
2023,00129420,까뮤이앤씨,013700,KOSPI,건물 건설업,1,0,0
2023,00129509,한익스프레스,014130,KOSPI,도로 화물 운송업,2,1,1
2023,00129554,갤럭시아에스엠,011420,KOSPI,스포츠 서비스업,1,0,0
2023,00129642,상신브레이크,041650,KOSPI,자동차 신품 부품 제조업,1,0,0
2023,00129679,녹십자,006280,KOSPI,의약품 제조업,1,0,0
2023,00129989,코스모신소재,005070,KOSPI,기타 화학제품 제조업,1,0,0
2023,00130091,샘표,007540,KOSPI,기타 금융업,1,0,0
2023,00130684,서울도시가스,017390,KOSPI,연료용 가스 제조 및 배관공급업,2,1,1
2023,00130772,SBS,034120,KOSPI,텔레비전 방송업,1,0,0
2023,00130879,서울식품공업,004410,KOSPI,기타 식품 제조업,1,0,0
2023,00131054,유진증권,001200,KOSPI,의약품 제조업,1,0,0
2023,00131197,서원,021050,KOSPI,금속 주조업,1,0,0
2023,00131692,서흥,008490,KOSPI,기타 화학제품 제조업,1,0,0
2023,00131780,SK네트웍스,001740,KOSPI,기타 전문 도매업,1,0,0
2023,00131832,SK디스커버리,006120,KOSPI,기타 금융업,1,0,0
2023,00131850,SK증권,001510,KOSPI,금융 지원 서비스업,1,0,0
2023,00131939,선도전기,007610,KOSPI,"전동기, 발전기 및 전기 변환 · 공급 · 제어 장치 제조업",4,2,1
2023,00132211,SUN&L,002820,KOSPI,플라스틱제품 제조업,1,0,0
2023,00132354,쿠쿠홀딩스,192400,KOSPI,기타 금융업,2,1,1
2023,00132628,성문전자,014910,KOSPI,전자부품 제조업,1,0,0
2023,00132637,동원시스템즈,014820,KOSPI,플라스틱제품 제조업,1,0,0
2023,00132725,SB성보,003080,KOSPI,"비료, 농약 및 살균, 살충제 제조업",1,0,0
2023,00132804,성신양회,004980,KOSPI,"시멘트, 석회, 플라스터 및 그 제품 제조업",1,0,0
2023,00132868,우성머티리얼스,011300,KOSPI,직물직조 및 직물제품 제조업,1,0,0
2023,00133335,성창기업지주,000180,KOSPI,회사 본부 및 경영 컨설팅 서비스업,1,0,0
2023,00133511,SG세계물산,004060,KOSPI,상품 종합 도매업,1,0,0
2023,00133618,세기상사,002420,KOSPI,연료 소매업,1,0,0
2023,00133706,한국제지,027970,KOSPI,"펄프, 종이 및 판지 제조업",1,0,0
2023,00133812,세방,004360,KOSPI,도로 화물 운송업,1,0,0
2023,00133858,세방전지,004490,KOSPI,일차전지 및 이차전지 제조업,1,0,0
2023,00134176,세우글로벌,013000,KOSPI,기타 전문 도매업,1,0,0
2023,00134316,세원정공,021820,KOSPI,자동차 신품 부품 제조업,2,1,1
2023,00134477,SNT다이내믹스,003570,KOSPI,자동차 신품 부품 제조업,1,0,0
2023,00134510,SJG세종,033530,KOSPI,자동차 신품 부품 제조업,1,0,0
2023,00134565,이스타코,015020,KOSPI,부동산 임대 및 공급업,1,0,0
2023,00134723,페이퍼코리아,001020,KOSPI,"펄프, 종이 및 판지 제조업",1,0,0
2023,00134963,송원산업,004430,KOSPI,기타 화학제품 제조업,1,0,0
2023,00135050,팜젠사이언스,004720,KOSPI,의약품 제조업,1,0,0
2023,00135111,수산세보틱스,017550,KOSPI,특수 목적용 기계 제조업,1,0,0
2023,00135777,신대양제지,016590,KOSPI,"골판지, 종이 상자 및 종이용기 제조업",1,0,0
2023,00135795,신도리코,029530,KOSPI,컴퓨터 및 주변장치 제조업,1,0,0
2023,00135917,한화손해보험,000370,KOSPI,보험업,2,1,1
2023,00135962,신라교역,004970,KOSPI,어로 어업,1,0,0
2023,00136086,무림페이퍼,009200,KOSPI,"펄프, 종이 및 판지 제조업",1,0,0
2023,00136271,신성이엔지,011930,KOSPI,반도체 제조업,1,0,0
2023,00136378,신세계,004170,KOSPI,종합 소매업,1,0,0
2023,00136402,신송홀딩스,006880,KOSPI,산업용 농·축산물 및 동·식물 도매업,1,0,0
2023,00136457,SH에너지화학,002360,KOSPI,기초 화학물질 제조업,1,0,0
2023,00136624,신영와코루,005800,KOSPI,봉제의복 제조업,1,0,0
2023,00136721,신영증권,001720,KOSPI,금융 지원 서비스업,1,0,0
2023,00136776,차AI헬스케어,025620,KOSPI,기타 화학제품 제조업,1,0,0
2023,00136864,신원,009270,KOSPI,봉제의복 제조업,3,2,1
2023,00137207,유니켐,011330,KOSPI,자동차 신품 부품 제조업,2,0,0
2023,00137252,사조동아원,008040,KOSPI,"곡물가공품, 전분 및 전분제품 제조업",1,0,0
2023,00137359,신풍제약,019170,KOSPI,의약품 제조업,2,1,1
2023,00137368,신풍,002870,KOSPI,기타 전문 도매업,1,0,0
2023,00137809,SHD,001770,KOSPI,1차 철강 제조업,1,0,0
2023,00137997,현대차증권,001500,KOSPI,금융 지원 서비스업,1,0,0
2023,00138057,써니전자,004770,KOSPI,전자부품 제조업,1,0,0
2023,00138190,GS글로벌,001250,KOSPI,상품 종합 도매업,2,1,1
2023,00138242,KG모빌리티,003620,KOSPI,자동차용 엔진 및 자동차 제조업,1,0,0
2023,00138260,SIMPAC,009160,KOSPI,1차 철강 제조업,1,0,0
2023,00138279,S-Oil,010950,KOSPI,석유 정제품 제조업,1,0,0
2023,00138297,STX,011810,KOSPI,상품 종합 도매업,1,0,0
2023,00138516,아남전자,008700,KOSPI,영상 및 음향기기 제조업,1,0,0
2023,00138701,아세아,002030,KOSPI,회사 본부 및 경영 컨설팅 서비스업,1,0,0
2023,00138729,아세아제지,002310,KOSPI,"골판지, 종이 상자 및 종이용기 제조업",1,0,0
2023,00138792,아시아나항공,020560,KOSPI,항공 여객 운송업,2,1,1
2023,00139214,삼성화재해상보험,000810,KOSPI,보험업,2,1,1
2023,00139454,애경산업,018250,KOSPI,기타 화학제품 제조업,1,0,0
2023,00139764,에넥스,011090,KOSPI,가구 제조업,2,1,1
2023,00139834,LG씨엔에스,064400,KOSPI,"컴퓨터 프로그래밍, 시스템 통합 및 관리업",1,0,0
2023,00139889,SKC,011790,KOSPI,기타 화학제품 제조업,2,1,1
2023,00140131,키다리스튜디오,020120,KOSPI,"자료처리, 호스팅, 포털 및 기타 인터넷 정보매개 서비스업",1,0,0
2023,00140168,HS애드,035000,KOSPI,광고업,2,1,1
2023,00140177,GS리테일,007070,KOSPI,종합 소매업,2,1,1
2023,00140779,영보화학,014440,KOSPI,플라스틱제품 제조업,1,0,0
2023,00140946,한솔로지스틱스,009180,KOSPI,기타 운송관련 서비스업,1,0,0
2023,00140955,한솔케미칼,014680,KOSPI,기초 화학물질 제조업,1,0,0
2023,00140964,영원무역홀딩스,009970,KOSPI,기타 금융업,2,0,0
2023,00141149,영진약품,003520,KOSPI,의약품 제조업,1,0,0
2023,00141307,영풍,000670,KOSPI,1차 비철금속 제조업,3,2,1
2023,00141404,블루산업개발,006740,KOSPI,"골판지, 종이 상자 및 종이용기 제조업",2,1,1
2023,00141413,영화금속,012280,KOSPI,자동차 신품 부품 제조업,1,0,0
2023,00141477,영흥,012160,KOSPI,1차 철강 제조업,1,0,0
2023,00141529,오뚜기,007310,KOSPI,기타 식품 제조업,1,0,0
2023,00141626,오리엔트바이오,002630,KOSPI,의약품 제조업,1,0,0
2023,00141875,사조오양,006090,KOSPI,수산물 가공 및 저장 처리업,1,0,0
2023,00142661,우성,006980,KOSPI,"곡물가공품, 전분 및 전분제품 제조업",1,0,0
2023,00142865,WISCOM,024070,KOSPI,플라스틱제품 제조업,1,0,0
2023,00142883,우신시스템,017370,KOSPI,특수 목적용 기계 제조업,2,1,1
2023,00143262,우진아이엔에스,010400,KOSPI,건물설비 설치 공사업,1,0,0
2023,00143314,에이엔피,015260,KOSPI,전자부품 제조업,1,0,0
2023,00143527,경동인베스트,012320,KOSPI,기타 금융업,1,0,0
2023,00143651,웅진,016880,KOSPI,회사 본부 및 경영 컨설팅 서비스업,1,0,0
2023,00143794,원림,005820,KOSPI,직물직조 및 직물제품 제조업,2,1,1
2023,00144164,SK가스,018670,KOSPI,기타 전문 도매업,2,1,1
2023,00144252,유니온,000910,KOSPI,"시멘트, 석회, 플라스터 및 그 제품 제조업",1,0,0
2023,00144395,동서,026960,KOSPI,음·식료품 및 담배 도매업,1,0,0
2023,00144720,와이투솔루션,011690,KOSPI,반도체 제조업,1,0,0
2023,00144818,유유제약,000220,KOSPI,의약품 제조업,1,0,0
2023,00145109,유한양행,000100,KOSPI,의약품 제조업,1,0,0
2023,00145163,파미셀,005690,KOSPI,전자부품 제조업,1,0,0
2023,00145190,유화증권,003460,KOSPI,금융 지원 서비스업,1,0,0
2023,00145260,율촌화학,008730,KOSPI,플라스틱제품 제조업,1,0,0
2023,00145437,아센디오,012170,KOSPI,"영화, 비디오물, 방송프로그램 제작 및 배급업",3,2,1
2023,00145446,이건산업,008250,KOSPI,나무제품 제조업,1,0,0
2023,00145464,이구산업,025820,KOSPI,1차 비철금속 제조업,1,0,0
2023,00145552,이수화학,005950,KOSPI,기초 화학물질 제조업,2,1,1
2023,00145598,이연제약,102460,KOSPI,의약품 제조업,1,0,0
2023,00145686,이화산업,000760,KOSPI,기타 전문 도매업,5,4,1
2023,00145862,인천도시가스,034590,KOSPI,연료용 가스 제조 및 배관공급업,1,0,0
2023,00145880,현대제철,004020,KOSPI,1차 철강 제조업,1,0,0
2023,00146083,일동홀딩스,000230,KOSPI,의약품 제조업,1,0,0
2023,00146214,일성아이에스,003120,KOSPI,의약품 제조업,1,0,0
2023,00146232,일성건설,013360,KOSPI,토목 건설업,1,0,0
2023,00146269,일신방직,003200,KOSPI,방적 및 가공사 제조업,2,1,1
2023,00146296,일신석재,007110,KOSPI,"건축자재, 철물 및 난방장치 도매업",1,0,0
2023,00146454,일양약품,007570,KOSPI,의약품 제조업,1,0,0
2023,00146542,일정실업,008500,KOSPI,편조원단 제조업,3,2,1
2023,00146649,일진홀딩스,015860,KOSPI,기타 금융업,1,0,0
2023,00146861,자화전자,033240,KOSPI,전자부품 제조업,1,0,0
2023,00147222,전방,000950,KOSPI,방적 및 가공사 제조업,1,0,0
2023,00147860,에스엠벡셀,010580,KOSPI,자동차 신품 부품 제조업,1,0,0
2023,00148276,제일기획,030000,KOSPI,광고업,1,0,0
2023,00148443,제일파마홀딩스,002620,KOSPI,회사 본부 및 경영 컨설팅 서비스업,1,0,0
2023,00148461,제일연마,001560,KOSPI,기타 비금속 광물제품 제조업,1,0,0
2023,00148522,퍼스텍,010820,KOSPI,무기 및 총포탄 제조업,1,0,0
2023,00148540,CJ,001040,KOSPI,기타 금융업,1,0,0
2023,00148610,한화투자증권,003530,KOSPI,금융 지원 서비스업,1,0,0
2023,00148832,제주은행,006220,KOSPI,은행 및 저축기관,2,1,1
2023,00148896,OCI홀딩스,010060,KOSPI,기타 금융업,2,1,1
2023,00148920,조광페인트,004910,KOSPI,기타 화학제품 제조업,1,0,0
2023,00148939,조광피혁,004700,KOSPI,"가죽, 가방 및 유사제품 제조업",1,0,0
2023,00148948,조비,001550,KOSPI,"비료, 농약 및 살균, 살충제 제조업",1,0,0
2023,00148984,시알홀딩스,000480,KOSPI,"내화, 비내화 요업제품 제조업",3,2,1
2023,00148993,하이트진로홀딩스,000140,KOSPI,기타 금융업,2,1,1
2023,00149026,CS홀딩스,000590,KOSPI,기타 금융업,3,2,1
2023,00149239,조일알미늄,018470,KOSPI,1차 비철금속 제조업,1,0,0
2023,00149345,조흥,002600,KOSPI,기타 식품 제조업,1,0,0
2023,00149354,종근당홀딩스,001630,KOSPI,의약품 제조업,1,0,0
2023,00149646,기업은행,024110,KOSPI,은행 및 저축기관,2,1,1
2023,00149655,삼성물산,028260,KOSPI,기타 전문 도매업,3,2,1
2023,00149804,디와이에이,002880,KOSPI,자동차 신품 부품 제조업,1,0,0
2023,00149947,JW중외제약,001060,KOSPI,의약품 제조업,1,0,0
2023,00150244,하이트진로,000080,KOSPI,알코올음료 제조업,1,0,0
2023,00150439,진양산업,003780,KOSPI,플라스틱제품 제조업,1,0,0
2023,00150633,지누스,013890,KOSPI,가구 제조업,3,2,1
2023,00150828,진흥기업,002780,KOSPI,토목 건설업,1,0,0
2023,00151128,모토닉,009680,KOSPI,자동차 신품 부품 제조업,1,0,0
2023,00151298,DSR제강,069730,KOSPI,1차 철강 제조업,1,0,0
2023,00151368,인터지스,129260,KOSPI,도로 화물 운송업,2,1,1
2023,00151395,천일고속,000650,KOSPI,육상 여객 운송업,1,0,0
2023,00152039,SG글로벌,001380,KOSPI,자동차 신품 부품 제조업,1,0,0
2023,00152385,에이프로젠,007460,KOSPI,의약품 제조업,1,0,0
2023,00152686,코리아써키트,007810,KOSPI,전자부품 제조업,1,0,0
2023,00152729,광전자,017900,KOSPI,반도체 제조업,2,1,1
2023,00152862,코오롱,002020,KOSPI,기타 금융업,2,1,1
2023,00152880,코오롱글로벌,003070,KOSPI,토목 건설업,2,1,1
2023,00153126,크라운해태홀딩스,005740,KOSPI,기타 금융업,5,4,1
2023,00153339,태경산업,015890,KOSPI,기초 화학물질 제조업,1,0,0
2023,00153393,태광산업,003240,KOSPI,화학섬유 제조업,2,1,1
2023,00153524,태림포장,011280,KOSPI,"골판지, 종이 상자 및 종이용기 제조업",1,0,0
2023,00153621,참엔지니어링,009310,KOSPI,특수 목적용 기계 제조업,2,1,1
2023,00153755,태양금속공업,004100,KOSPI,자동차 신품 부품 제조업,1,0,0
2023,00153861,태영건설,009410,KOSPI,토목 건설업,2,1,1
2023,00154055,태원물산,001420,KOSPI,자동차 신품 부품 제조업,1,0,0
2023,00154329,TP,007980,KOSPI,봉제의복 제조업,1,0,0
2023,00154462,아모레퍼시픽홀딩스,002790,KOSPI,기타 화학제품 제조업,1,0,0
2023,00155124,평화홀딩스,010770,KOSPI,자동차 신품 부품 제조업,2,1,1
2023,00155212,포스코DX,022100,KOSPI,"건축기술, 엔지니어링 및 관련 기술 서비스업",3,2,1
2023,00155258,포스코스틸리온,058430,KOSPI,1차 철강 제조업,1,0,0
2023,00155276,포스코퓨처엠,003670,KOSPI,일차전지 및 이차전지 제조업,2,1,1
2023,00155319,POSCO홀딩스,005490,KOSPI,1차 철강 제조업,2,1,1
2023,00155355,풀무원,017810,KOSPI,기타 식품 제조업,1,0,0
2023,00155531,풍산홀딩스,005810,KOSPI,기타 금융업,1,0,0
2023,00156150,엑시큐어하이트론,019490,KOSPI,영상 및 음향기기 제조업,2,1,1
2023,00156354,지엠비코리아,013870,KOSPI,자동차 신품 부품 제조업,1,0,0
2023,00156488,휴스틸,005010,KOSPI,1차 철강 제조업,1,0,0
2023,00156691,한국공항,005430,KOSPI,기타 운송관련 서비스업,1,0,0
2023,00156859,다올투자증권,030210,KOSPI,금융 지원 서비스업,2,1,1
2023,00157070,한국단자공업,025540,KOSPI,"전동기, 발전기 및 전기 변환 · 공급 · 제어 장치 제조업",2,1,1
2023,00157399,한솔테크닉스,004710,KOSPI,전자부품 제조업,1,0,0
2023,00157681,롯데정밀화학,004000,KOSPI,기초 화학물질 제조업,2,1,1
2023,00157991,한국석유공업,004090,KOSPI,기타 비금속 광물제품 제조업,1,0,0
2023,00158112,한국수출포장공업,002200,KOSPI,"골판지, 종이 상자 및 종이용기 제조업",1,0,0
2023,00158149,한국쉘석유,002960,KOSPI,석유 정제품 제조업,1,0,0
2023,00158307,롯데하이마트,071840,KOSPI,가전제품 및 정보통신장비 소매업,1,0,0
2023,00158316,NICE,034310,KOSPI,회사 본부 및 경영 컨설팅 서비스업,1,0,0
2023,00158325,NICE평가정보,030190,KOSPI,기타 정보 서비스업,1,0,0
2023,00158501,에스원,012750,KOSPI,"경비, 경호 및 탐정업",1,0,0
2023,00158963,유나이티드,033270,KOSPI,의약품 제조업,1,0,0
2023,00159023,SK텔레콤,017670,KOSPI,전기 통신업,1,0,0
2023,00159102,DB손해보험,005830,KOSPI,보험업,2,1,1
2023,00159193,한국전력공사,015760,KOSPI,전기업,2,1,1
2023,00159209,한전기술,052690,KOSPI,"건축기술, 엔지니어링 및 관련 기술 서비스업",1,0,0
2023,00159218,한전KPS,051600,KOSPI,전기 및 통신 공사업,1,0,0
2023,00159254,한국전자홀딩스,006200,KOSPI,기타 금융업,1,0,0
2023,00159500,한국종합기술,023350,KOSPI,"건축기술, 엔지니어링 및 관련 기술 서비스업",1,0,0
2023,00159564,한국주강,025890,KOSPI,특수 목적용 기계 제조업,1,0,0
2023,00159573,한국주철관공업,000970,KOSPI,1차 철강 제조업,1,0,0
2023,00159616,두산에너빌리티,034020,KOSPI,일반 목적용 기계 제조업,7,6,1
2023,00159698,지역난방공사,071320,KOSPI,"증기, 냉·온수 및 공기조절 공급업",2,1,1
2023,00159740,KISCO홀딩스,001940,KOSPI,1차 철강 제조업,1,0,0
2023,00159786,유니드,014830,KOSPI,기초 화학물질 제조업,1,0,0
2023,00159795,한국카본,017960,KOSPI,"구조용 금속제품, 탱크 및 증기발생기 제조업",1,0,0
2023,00159810,카프로,006380,KOSPI,기초 화학물질 제조업,2,1,1
2023,00159971,KC그린홀딩스,009440,KOSPI,기타 금융업,2,1,1
2023,00160047,한국앤컴퍼니,000240,KOSPI,기타 금융업,1,0,0
2023,00160205,한국내화,010040,KOSPI,"내화, 비내화 요업제품 제조업",1,0,0
2023,00160232,KSS해운,044450,KOSPI,해상 운송업,1,0,0
2023,00160302,코스모화학,005420,KOSPI,기타 화학제품 제조업,2,1,1
2023,00160375,진양폴리우레탄,010640,KOSPI,플라스틱제품 제조업,1,0,0
2023,00160418,한국무브넥스,010100,KOSPI,자동차 신품 부품 제조업,1,0,0
2023,00160588,한화,000880,KOSPI,기타 화학제품 제조업,3,2,1
2023,00160621,한국화장품제조,003350,KOSPI,기타 화학제품 제조업,1,0,0
2023,00160843,DB하이텍,000990,KOSPI,반도체 제조업,2,1,1
2023,00160861,한농화성,011500,KOSPI,기타 화학제품 제조업,1,0,0
2023,00161046,한독,002390,KOSPI,의약품 제조업,1,0,0
2023,00161116,HL D&I,014790,KOSPI,토목 건설업,1,0,0
2023,00161125,한온시스템,018880,KOSPI,일반 목적용 기계 제조업,1,0,0
2023,00161383,한미반도체,042700,KOSPI,특수 목적용 기계 제조업,1,0,0
2023,00161426,한미사이언스,008930,KOSPI,기타 금융업,2,1,1
2023,00161693,한샘,009240,KOSPI,생활용품 도매업,2,1,1
2023,00161709,퍼시스,016800,KOSPI,가구 제조업,1,0,0
2023,00161860,한성기업,003680,KOSPI,수산물 가공 및 저장 처리업,1,0,0
2023,00161976,한세예스24홀딩스,016450,KOSPI,봉제의복 제조업,1,0,0
2023,00162063,한신공영,004960,KOSPI,건물 건설업,1,0,0
2023,00162072,한신기계공업,011700,KOSPI,일반 목적용 기계 제조업,1,0,0
2023,00162416,한양증권,001750,KOSPI,금융 지원 서비스업,1,0,0
2023,00162461,한화솔루션,009830,KOSPI,기초 화학물질 제조업,2,1,1
2023,00162586,한올바이오파마,009420,KOSPI,의약품 제조업,1,0,0
2023,00162993,한일홀딩스,003300,KOSPI,"시멘트, 석회, 플라스터 및 그 제품 제조업",1,0,0
2023,00163114,서연,007860,KOSPI,기타 금융업,1,0,0
2023,00163196,한일철강,002220,KOSPI,1차 철강 제조업,1,0,0
2023,00163345,DB,012030,KOSPI,"컴퓨터 프로그래밍, 시스템 통합 및 관리업",1,0,0
2023,00163512,한진,002320,KOSPI,도로 화물 운송업,2,1,1
2023,00163673,한진중공업홀딩스,003480,KOSPI,연료용 가스 제조 및 배관공급업,2,1,1
2023,00163691,유수홀딩스,000700,KOSPI,회사 본부 및 경영 컨설팅 서비스업,1,0,0
2023,00163716,한창,005110,KOSPI,기계장비 및 관련 물품 도매업,2,0,0
2023,00163761,한창제지,009460,KOSPI,"펄프, 종이 및 판지 제조업",1,0,0
2023,00164478,현대건설,000720,KOSPI,토목 건설업,3,2,1
2023,00164636,HDC,012630,KOSPI,기타 금융업,2,1,1
2023,00164645,HMM,011200,KOSPI,해상 운송업,2,1,1
2023,00164706,현대약품,004310,KOSPI,의약품 제조업,1,0,0
2023,00164724,현대엘리베이터,017800,KOSPI,일반 목적용 기계 제조업,1,0,0
2023,00164742,현대자동차,005380,KOSPI,자동차용 엔진 및 자동차 제조업,3,2,1
2023,00164779,SK하이닉스,000660,KOSPI,반도체 제조업,1,0,0
2023,00164788,현대모비스,012330,KOSPI,자동차 신품 부품 제조업,2,1,1
2023,00164812,현대코퍼레이션,011760,KOSPI,상품 종합 도매업,1,0,0
2023,00164830,HD한국조선해양,009540,KOSPI,기타 금융업,1,0,0
2023,00164973,현대해상,001450,KOSPI,보험업,1,0,0
2023,00165343,혜인,003010,KOSPI,기계장비 및 관련 물품 도매업,1,0,0
2023,00165413,롯데케미칼,011170,KOSPI,기초 화학물질 제조업,2,1,1
2023,00165583,E1,017940,KOSPI,기타 전문 도매업,1,0,0
2023,00165680,호텔신라,008770,KOSPI,기타 상품 전문 소매업,1,0,0
2023,00166227,화승인더스트리,006060,KOSPI,상품 종합 도매업,1,0,0
2023,00166272,화승코퍼레이션,013520,KOSPI,자동차 신품 부품 제조업,1,0,0
2023,00166315,화신,010690,KOSPI,자동차 신품 부품 제조업,1,0,0
2023,00166500,화천기계,010660,KOSPI,특수 목적용 기계 제조업,1,0,0
2023,00166519,화천기공,000850,KOSPI,특수 목적용 기계 제조업,1,0,0
2023,00166573,환인제약,016580,KOSPI,의약품 제조업,1,0,0
2023,00167192,넥센,005720,KOSPI,고무제품 제조업,1,0,0
2023,00167208,흥아해운,003280,KOSPI,해상 운송업,1,0,0
2023,00168331,온타이드,005320,KOSPI,생활용품 도매업,1,0,0
2023,00168401,금비,008870,KOSPI,유리 및 유리제품 제조업,1,0,0
2023,00169048,HLB글로벌,003580,KOSPI,종합 소매업,1,0,0
2023,00170558,코웨이,021240,KOSPI,그외 기타 개인 서비스업,2,1,1
2023,00171265,파라다이스,034230,KOSPI,유원지 및 기타 오락관련 서비스업,1,0,0
2023,00171636,한솔홀딩스,004150,KOSPI,기타 금융업,1,0,0
2023,00172185,남성,004270,KOSPI,기타 전문 도매업,1,0,0
2023,00172228,엔케이,085310,KOSPI,"구조용 금속제품, 탱크 및 증기발생기 제조업",1,0,0
2023,00172291,더존비즈온,012510,KOSPI,"컴퓨터 프로그래밍, 시스템 통합 및 관리업",1,0,0
2023,00172936,동일산업,004890,KOSPI,1차 철강 제조업,2,1,1
2023,00173078,명신산업,009900,KOSPI,자동차 신품 부품 제조업,2,1,1
2023,00173102,모나리자,012690,KOSPI,기타 종이 및 판지 제품 제조업,1,0,0
2023,00173698,신일전자,002700,KOSPI,기계장비 및 관련 물품 도매업,1,0,0
2023,00173795,신흥,004080,KOSPI,기계장비 및 관련 물품 도매업,1,0,0
2023,00173874,넥센타이어,002350,KOSPI,고무제품 제조업,1,0,0
2023,00173944,우진,105840,KOSPI,"측정, 시험, 항해, 제어 및 기타 정밀기기 제조업; 광학기기 제외",1,0,0
2023,00174004,유성기업,002920,KOSPI,자동차 신품 부품 제조업,1,0,0
2023,00174527,HS화성,002460,KOSPI,건물 건설업,1,0,0
2023,00176914,다우기술,023590,KOSPI,"자료처리, 호스팅, 포털 및 기타 인터넷 정보매개 서비스업",2,1,1
2023,00177199,디씨엠,024090,KOSPI,1차 철강 제조업,1,0,0
2023,00178754,동아지질,028100,KOSPI,기반조성 및 시설물 축조관련 전문공사업,1,0,0
2023,00180795,인팩,023810,KOSPI,자동차 신품 부품 제조업,1,0,0
2023,00181712,SK,034730,KOSPI,기타 금융업,1,0,0
2023,00181943,에스제이엠홀딩스,025530,KOSPI,자동차 부품 및 내장품 판매업,1,0,0
2023,00186559,아이티센씨티에스,031820,KOSPI,"컴퓨터 프로그래밍, 시스템 통합 및 관리업",1,0,0
2023,00188089,한섬,020000,KOSPI,봉제의복 제조업,1,0,0
2023,00190321,케이티,030200,KOSPI,전기 통신업,2,1,1
2023,00191472,KPX케미칼,025000,KOSPI,기초 화학물질 제조업,1,0,0
2023,00191588,삼원강재,023000,KOSPI,자동차 신품 부품 제조업,1,0,0
2023,00193328,수산인더스트리,126720,KOSPI,전기 및 통신 공사업,1,0,0
2023,00194947,한전산업,130660,KOSPI,"건축기술, 엔지니어링 및 관련 기술 서비스업",2,1,1
2023,00195229,미스토홀딩스,081660,KOSPI,생활용품 도매업,1,0,0
2023,00197759,미래산업,025560,KOSPI,"측정, 시험, 항해, 제어 및 기타 정밀기기 제조업; 광학기기 제외",1,0,0
2023,00198697,일진디스플,020760,KOSPI,반도체 제조업,1,0,0
2023,00203290,콜마홀딩스,024720,KOSPI,기타 금융업,2,1,1
2023,00203315,콘텐트리중앙,036420,KOSPI,"영화, 비디오물, 방송프로그램 제작 및 배급업",1,0,0
2023,00203582,한솔홈데코,025750,KOSPI,제재 및 목재 가공업,2,1,1
2023,00204208,마니커,027740,KOSPI,"도축, 육류 가공 및 저장 처리업",1,0,0
2023,00209780,케이씨,029460,KOSPI,"측정, 시험, 항해, 제어 및 기타 정밀기기 제조업; 광학기기 제외",1,0,0
2023,00210856,코아스,071950,KOSPI,가구 제조업,1,0,0
2023,00218575,황금에스티,032560,KOSPI,1차 비철금속 제조업,1,0,0
2023,00219097,BGF,027410,KOSPI,기타 금융업,2,1,1
2023,00219486,신세계I&C,035510,KOSPI,"컴퓨터 프로그래밍, 시스템 통합 및 관리업",2,1,1
2023,00219574,코스맥스비티아이,044820,KOSPI,기타 금융업,1,0,0
2023,00220561,광주신세계,037710,KOSPI,종합 소매업,1,0,0
2023,00220613,넥스틸,092790,KOSPI,1차 철강 제조업,1,0,0
2023,00222532,LG헬로비전,037560,KOSPI,텔레비전 방송업,1,0,0
2023,00225159,SNT홀딩스,036530,KOSPI,기타 금융업,1,0,0
2023,00225706,JW생명과학,234080,KOSPI,의약품 제조업,1,0,0
2023,00226316,호전실업,111110,KOSPI,봉제의복 제조업,2,1,1
2023,00231363,LG유플러스,032640,KOSPI,전기 통신업,2,1,1
2023,00231372,롯데관광개발,032350,KOSPI,여행사 및 기타 여행보조 서비스업,1,0,0
2023,00233653,한국토지신탁,034830,KOSPI,신탁업 및 집합투자업,1,0,0
2023,00234412,신세계인터내셔날,031430,KOSPI,"섬유, 의복, 신발 및 가죽제품 소매업",1,0,0
2023,00244455,케이티앤지,033780,KOSPI,담배 제조업,1,0,0
2023,00248974,하나제약,293480,KOSPI,의약품 제조업,1,0,0
2023,00249247,YG PLUS,037270,KOSPI,"자료처리, 호스팅, 포털 및 기타 인터넷 정보매개 서비스업",1,0,0
2023,00255619,강원랜드,035250,KOSPI,유원지 및 기타 오락관련 서비스업,1,0,0
2023,00256955,테이팩스,055490,KOSPI,플라스틱제품 제조업,2,1,1
2023,00258801,카카오,035720,KOSPI,"자료처리, 호스팅, 포털 및 기타 인터넷 정보매개 서비스업",7,6,1
2023,00260383,대한유화,006650,KOSPI,기초 화학물질 제조업,1,0,0
2023,00260392,대원전선,006340,KOSPI,절연선 및 케이블 제조업,1,0,0
2023,00260408,팜스코,036580,KOSPI,"곡물가공품, 전분 및 전분제품 제조업",1,0,0
2023,00261285,한국가스공사,036460,KOSPI,연료용 가스 제조 및 배관공급업,2,1,1
2023,00261443,NC,036570,KOSPI,소프트웨어 개발 및 공급업,2,1,1
2023,00266961,NAVER,035420,KOSPI,"자료처리, 호스팅, 포털 및 기타 인터넷 정보매개 서비스업",1,0,0
2023,00269241,주연테크,044380,KOSPI,컴퓨터 및 주변장치 제조업,1,0,0
2023,00269940,하나투어,039130,KOSPI,여행사 및 기타 여행보조 서비스업,1,0,0
2023,00274933,신세계푸드,031440,KOSPI,음식점업,3,2,1
2023,00296290,키움증권,039490,KOSPI,금융 지원 서비스업,2,1,1
2023,00299002,HL홀딩스,060980,KOSPI,기타 금융업,1,0,0
2023,00300548,현대리바트,079430,KOSPI,가구 제조업,2,1,1
2023,00302926,현대로템,064350,KOSPI,그외 기타 운송장비 제조업,1,0,0
2023,00303217,우진플라임,049800,KOSPI,특수 목적용 기계 제조업,3,2,1
2023,00303873,CJ CGV,079160,KOSPI,"영화, 비디오물, 방송프로그램 제작 및 배급업",1,0,0
2023,00305668,새론오토모티브,075180,KOSPI,자동차 신품 부품 제조업,1,0,0
2023,00309503,한국항공우주,047810,KOSPI,"항공기,우주선 및 부품 제조업",2,1,1
2023,00332927,제이에스코퍼레이션,194370,KOSPI,"가죽, 가방 및 유사제품 제조업",1,0,0
2023,00339391,한화시스템,272210,KOSPI,전자부품 제조업,3,2,1
2023,00347734,진양화학,051630,KOSPI,플라스틱제품 제조업,1,0,0
2023,00349097,케이티스카이라이프,053210,KOSPI,텔레비전 방송업,2,1,1
2023,00350312,HDC랩스,039570,KOSPI,전기 및 통신 공사업,1,0,0
2023,00353878,다스코,058730,KOSPI,"구조용 금속제품, 탱크 및 증기발생기 제조업",1,0,0
2023,00356361,LG화학,051910,KOSPI,기초 화학물질 제조업,1,0,0
2023,00356370,LG생활건강,051900,KOSPI,기타 화학제품 제조업,1,0,0
2023,00357360,한세엠케이,069640,KOSPI,"섬유, 의복, 신발 및 가죽제품 소매업",2,1,1
2023,00357935,HDC현대EP,089470,KOSPI,기타 화학제품 제조업,2,1,1
2023,00360142,아이마켓코리아,122900,KOSPI,상품 종합 도매업,1,0,0
2023,00360595,현대글로비스,086280,KOSPI,기타 운송관련 서비스업,2,1,1
2023,00361008,한화엔진,082740,KOSPI,일반 목적용 기계 제조업,1,0,0
2023,00361488,텔코웨어,078000,KOSPI,"자료처리, 호스팅, 포털 및 기타 인터넷 정보매개 서비스업",1,0,0
2023,00362238,휴비스,079980,KOSPI,화학섬유 제조업,1,0,0
2023,00362441,현대오토에버,307950,KOSPI,소프트웨어 개발 및 공급업,2,1,1
2023,00365387,AJ네트웍스,095570,KOSPI,산업용 기계 및 장비 임대업,1,0,0
2023,00365989,모나용평,070960,KOSPI,일반 및 생활 숙박시설 운영업,1,0,0
2023,00367710,동인기연,111380,KOSPI,"가죽, 가방 및 유사제품 제조업",1,0,0
2023,00367844,자이에스앤디,317400,KOSPI,부동산 임대 및 공급업,2,1,1
2023,00369833,유니온머티리얼,047400,KOSPI,"내화, 비내화 요업제품 제조업",1,0,0
2023,00372873,KTis,058860,KOSPI,기타 정보 서비스업,1,0,0
2023,00372882,KTcs,058850,KOSPI,기타 정보 서비스업,1,0,0
2023,00377610,세아홀딩스,058650,KOSPI,1차 철강 제조업,3,2,1
2023,00382199,신한지주,055550,KOSPI,기타 금융업,2,1,1
2023,00390055,종근당바이오,063160,KOSPI,의약품 제조업,1,0,0
2023,00398701,엘앤에프,066970,KOSPI,일차전지 및 이차전지 제조업,2,1,1
2023,00398792,SNT모티브,064960,KOSPI,자동차 신품 부품 제조업,1,0,0
2023,00400857,에이블씨엔씨,078520,KOSPI,기타 화학제품 제조업,1,0,0
2023,00401731,LG전자,066570,KOSPI,통신 및 방송 장비 제조업,1,0,0
2023,00403632,현대퓨처넷,126560,KOSPI,전기 통신업,1,0,0
2023,00404701,한국자산신탁,123890,KOSPI,신탁업 및 집합투자업,1,0,0
2023,00406046,HD현대마린엔진,071970,KOSPI,일반 목적용 기계 제조업,2,1,1
2023,00409672,티비에이치글로벌,084870,KOSPI,봉제의복 제조업,1,0,0
2023,00412597,현대홈쇼핑,057050,KOSPI,무점포 소매업,1,0,0
2023,00413046,셀트리온,068270,KOSPI,기초 의약물질 제조업,1,0,0
2023,00413523,한미글로벌,053690,KOSPI,"건축기술, 엔지니어링 및 관련 기술 서비스업",1,0,0
2023,00414601,유니퀘스트,077500,KOSPI,기계장비 및 관련 물품 도매업,1,0,0
2023,00414850,효성 ITX,094280,KOSPI,기타 사업지원 서비스업,1,0,0
2023,00415628,세진중공업,075580,KOSPI,선박 및 보트 건조업,1,0,0
2023,00415646,드림텍,192650,KOSPI,전자부품 제조업,1,0,0
2023,00416654,유엔젤,072130,KOSPI,"자료처리, 호스팅, 포털 및 기타 인터넷 정보매개 서비스업",1,0,0
2023,00422895,세이브존I&C,067830,KOSPI,종합 소매업,1,0,0
2023,00423690,삼성출판사,068290,KOSPI,"서적, 잡지 및 기타 인쇄물 출판업",1,0,0
2023,00426086,티케이지휴켐스,069260,KOSPI,기타 화학제품 제조업,1,0,0
2023,00427483,대웅제약,069620,KOSPI,의약품 제조업,1,0,0
2023,00428251,현대백화점,069960,KOSPI,종합 소매업,1,0,0
2023,00428321,해태제과식품,101530,KOSPI,기타 식품 제조업,5,4,1
2023,00428729,대호에이엘,069460,KOSPI,1차 비철금속 제조업,2,1,1
2023,00432102,한국금융지주,071050,KOSPI,기타 금융업,1,0,0
2023,00435312,하이스틸,071090,KOSPI,1차 철강 제조업,1,0,0
2023,00441243,형지엘리트,093240,KOSPI,봉제의복 제조업,1,0,0
2023,00442835,메타랩스,090370,KOSPI,봉제의복 제조업,1,0,0
2023,00447609,비에이치,090460,KOSPI,전자부품 제조업,1,0,0
2023,00450010,씨티알모빌리티,308170,KOSPI,자동차 신품 부품 제조업,1,0,0
2023,00453284,교촌에프앤비,339770,KOSPI,음·식료품 및 담배 도매업,1,0,0
2023,00453488,다이나믹디자인,145210,KOSPI,특수 목적용 기계 제조업,1,0,0
2023,00454946,그린케미칼,083420,KOSPI,기타 화학제품 제조업,1,0,0
2023,00458234,아시아나IDT,267850,KOSPI,"컴퓨터 프로그래밍, 시스템 통합 및 관리업",1,0,0
2023,00459871,농심홀딩스,072710,KOSPI,기타 금융업,1,0,0
2023,00469799,이엔플러스,074610,KOSPI,일반 목적용 기계 제조업,1,0,0
2023,00480367,SK오션플랜트,100090,KOSPI,1차 철강 제조업,1,0,0
2023,00480455,STX엔진,077970,KOSPI,일반 목적용 기계 제조업,1,0,0
2023,00481454,금호타이어,073240,KOSPI,고무제품 제조업,2,1,1
2023,00486705,아주스틸,139990,KOSPI,1차 철강 제조업,1,0,0
2023,00500254,GS,078930,KOSPI,기타 금융업,1,0,0
2023,00503668,LIG디펜스앤에어로스페이스,079550,KOSPI,무기 및 총포탄 제조업,2,1,1
2023,00508274,일진다이아,081000,KOSPI,기타 화학제품 제조업,1,0,0
2023,00508344,SK디앤디,210980,KOSPI,부동산 임대 및 공급업,1,0,0
2023,00520887,비상교육,100220,KOSPI,"서적, 잡지 및 기타 인쇄물 출판업",1,0,0
2023,00525934,LX세미콘,108320,KOSPI,반도체 제조업,1,0,0
2023,00526599,덴티움,145720,KOSPI,의료용 기기 제조업,1,0,0
2023,00534598,한컴라이프케어,372910,KOSPI,의료용 기기 제조업,1,0,0
2023,00539274,대상홀딩스,084690,KOSPI,기타 금융업,2,1,1
2023,00540605,이월드,084680,KOSPI,귀금속 및 장신용품 제조업,1,0,0
2023,00540641,동양고속,084670,KOSPI,육상 여객 운송업,1,0,0
2023,00544452,이리츠코크렙,088260,KOSPI,부동산 임대 및 공급업,2,0,0
2023,00545716,롯데렌탈,089860,KOSPI,운송장비 임대업,1,0,0
2023,00547583,하나금융지주,086790,KOSPI,기타 금융업,2,1,1
2023,00555874,제주항공,089590,KOSPI,항공 여객 운송업,1,0,0
2023,00557508,GKL,114090,KOSPI,유원지 및 기타 오락관련 서비스업,1,0,0
2023,00557933,진도,088790,KOSPI,기타 전문 도매업,1,0,0
2023,00564562,엠씨넥스,097520,KOSPI,영상 및 음향기기 제조업,1,0,0
2023,00565154,이노션,214320,KOSPI,광고업,2,1,1
2023,00573579,평화산업,090080,KOSPI,자동차 신품 부품 제조업,1,0,0
2023,00583424,아모레퍼시픽,090430,KOSPI,기타 화학제품 제조업,1,0,0
2023,00583442,노루페인트,090350,KOSPI,기타 화학제품 제조업,1,0,0
2023,00587466,KPX홀딩스,092230,KOSPI,기초 화학물질 제조업,1,0,0
2023,00589127,KEC,092220,KOSPI,반도체 제조업,3,2,1
2023,00593032,LF,093050,KOSPI,봉제의복 제조업,1,0,0
2023,00595191,후성,093370,KOSPI,기초 화학물질 제조업,1,0,0
2023,00622787,바이오노트,377740,KOSPI,의료용품 및 기타 의약 관련제품 제조업,3,2,1
2023,00628189,웅진씽크빅,095720,KOSPI,초등 교육기관,1,0,0
2023,00631518,SK이노베이션,096770,KOSPI,석유 정제품 제조업,1,0,0
2023,00632304,JW홀딩스,096760,KOSPI,기타 금융업,1,0,0
2023,00633835,HJ중공업,097230,KOSPI,토목 건설업,3,2,1
2023,00635134,CJ제일제당,097950,KOSPI,기타 식품 제조업,1,0,0
2023,00646732,진양홀딩스,100250,KOSPI,플라스틱제품 제조업,1,0,0
2023,00648721,SNT에너지,100840,KOSPI,일반 목적용 기계 제조업,1,0,0
2023,00651901,에어부산,298690,KOSPI,항공 여객 운송업,3,2,1
2023,00652423,인바이오젠,101140,KOSPI,기계장비 및 관련 물품 도매업,1,0,0
2023,00653024,진에어,272450,KOSPI,항공 여객 운송업,1,0,0
2023,00661847,화인베스틸,133820,KOSPI,1차 철강 제조업,1,0,0
2023,00670340,씨에스윈드,112610,KOSPI,"구조용 금속제품, 탱크 및 증기발생기 제조업",1,0,0
2023,00671376,트리니티항공,091810,KOSPI,항공 여객 운송업,1,0,0
2023,00679314,동성케미컬,102260,KOSPI,합성고무 및 플라스틱 물질 제조업,1,0,0
2023,00683469,일진전기,103590,KOSPI,절연선 및 케이블 제조업,1,0,0
2023,00684714,풍산,103140,KOSPI,1차 비철금속 제조업,1,0,0
2023,00684802,에이플러스에셋,244920,KOSPI,보험 및 연금관련 서비스업,1,0,0
2023,00687711,한국철강,104700,KOSPI,1차 철강 제조업,1,0,0
2023,00688996,KB금융,105560,KOSPI,기타 금융업,2,1,1
2023,00706715,미원홀딩스,107590,KOSPI,기타 금융업,1,0,0
2023,00728638,한세실업,105630,KOSPI,봉제의복 제조업,1,0,0
2023,00753643,주성코퍼레이션,109070,KOSPI,통신 및 방송 장비 제조업,1,0,0
2023,00759513,LX하우시스,108670,KOSPI,플라스틱제품 제조업,1,0,0
2023,00760971,크래프톤,259960,KOSPI,소프트웨어 개발 및 공급업,1,0,0
2023,00767460,PI첨단소재,178920,KOSPI,플라스틱제품 제조업,1,0,0
2023,00776820,영원무역,111770,KOSPI,상품 종합 도매업,2,0,0
2023,00787376,대성에너지,117580,KOSPI,연료용 가스 제조 및 배관공급업,1,0,0
2023,00791209,메타케어,118000,KOSPI,기계장비 및 관련 물품 도매업,1,0,0
2023,00795135,코오롱인더,120110,KOSPI,화학섬유 제조업,1,0,0
2023,00796994,조선선재,120030,KOSPI,기타 금속 가공제품 제조업,1,0,0
2023,00797364,KC코트렐,119650,KOSPI,일반 목적용 기계 제조업,1,0,0
2023,00815369,에스제이엠,123700,KOSPI,자동차 신품 부품 제조업,1,0,0
2023,00816544,토니모리,214420,KOSPI,기타 화학제품 제조업,1,0,0
2023,00823429,한국화장품,123690,KOSPI,생활용품 도매업,1,0,0
2023,00828497,한미약품,128940,KOSPI,의약품 제조업,1,0,0
2023,00828789,대성산업,128820,KOSPI,연료 소매업,1,0,0
2023,00838500,엘브이엠씨,900140,KOSPI,자동차 판매업,1,0,0
2023,00852087,시디즈,134790,KOSPI,가구 제조업,1,0,0
2023,00854997,에스디바이오센서,137310,KOSPI,의료용 기기 제조업,1,0,0
2023,00855093,선진,136490,KOSPI,동물용 사료 및 조제식품 제조업,1,0,0
2023,00855163,미원화학,134380,KOSPI,기타 화학제품 제조업,1,0,0
2023,00858364,BNK금융지주,138930,KOSPI,기타 금융업,1,0,0
2023,00860332,메리츠금융지주,138040,KOSPI,기타 금융업,4,3,1
2023,00860730,에이리츠,140910,KOSPI,부동산 임대 및 공급업,1,0,0
2023,00861076,케이탑리츠,145270,KOSPI,부동산 임대 및 공급업,1,0,0
2023,00872984,이마트,139480,KOSPI,종합 소매업,3,2,1
2023,00877059,삼성바이오로직스,207940,KOSPI,기초 의약물질 제조업,1,0,0
2023,00878696,에스케이바이오팜,326030,KOSPI,자연과학 및 공학 연구개발업,1,0,0
2023,00878915,iM금융지주,139130,KOSPI,기타 금융업,2,1,1
2023,00896285,삼양사,145990,KOSPI,기타 식품 제조업,4,3,1
2023,00904672,넷마블,251270,KOSPI,소프트웨어 개발 및 공급업,1,0,0
2023,00911955,잇츠한불,226320,KOSPI,기타 화학제품 제조업,1,0,0
2023,00936787,애경케미칼,161000,KOSPI,기초 화학물질 제조업,1,0,0
2023,00937324,한국타이어앤테크놀로지,161390,KOSPI,고무제품 제조업,2,1,1
2023,00939331,한국콜마,161890,KOSPI,기타 화학제품 제조업,2,1,1
2023,00939687,동일고무벨트,163560,KOSPI,고무제품 제조업,1,0,0
2023,00956930,동아에스티,170900,KOSPI,의약품 제조업,1,0,0
2023,00972503,일진하이솔루스,271940,KOSPI,그외 기타 운송장비 제조업,1,0,0
2023,00980122,JB금융지주,175330,KOSPI,기타 금융업,3,2,1
2023,00983040,한진칼,180640,KOSPI,기타 금융업,2,1,1
2023,00983271,NHN,181710,KOSPI,소프트웨어 개발 및 공급업,1,0,0
2023,00990165,아세아시멘트,183190,KOSPI,"시멘트, 석회, 플라스터 및 그 제품 제조업",1,0,0
2023,00992871,종근당,185750,KOSPI,의약품 제조업,1,0,0
2023,01009789,코스맥스,192820,KOSPI,기타 화학제품 제조업,1,0,0
2023,01010110,더블유게임즈,192080,KOSPI,소프트웨어 개발 및 공급업,1,0,0
2023,01026157,쏘카,403550,KOSPI,운송장비 임대업,1,0,0
2023,01032413,해성디에스,195870,KOSPI,전자부품 제조업,1,0,0
2023,01032486,두산밥캣,241560,KOSPI,특수 목적용 기계 제조업,2,1,1
2023,01035289,JK리버스톤리츠,204210,KOSPI,부동산 임대 및 공급업,1,0,0
2023,01036446,서연이화,200880,KOSPI,자동차 신품 부품 제조업,1,0,0
2023,01042775,HL만도,204320,KOSPI,자동차 신품 부품 제조업,2,1,1
2023,01059605,디와이파워,210540,KOSPI,특수 목적용 기계 제조업,1,0,0
2023,01060744,한솔제지,213500,KOSPI,"펄프, 종이 및 판지 제조업",1,0,0
2023,01060814,삼양패키징,272550,KOSPI,플라스틱제품 제조업,1,0,0
2023,01093007,LS에코에너지,229640,KOSPI,기타 금융업,1,0,0
2023,01105153,두산로보틱스,454910,KOSPI,특수 목적용 기계 제조업,1,0,0
2023,01108099,현대코퍼레이션홀딩스,227840,KOSPI,음·식료품 및 담배 도매업,1,0,0
2023,01128613,화승엔터프라이즈,241590,KOSPI,신발 및 신발 부분품 제조업,1,0,0
2023,01133217,카카오뱅크,323410,KOSPI,은행 및 저축기관,1,0,0
2023,01159233,솔루엠,248070,KOSPI,전자부품 제조업,2,1,1
2023,01167056,샘표식품,248170,KOSPI,기타 식품 제조업,1,0,0
2023,01168383,일동제약,249420,KOSPI,의약품 제조업,2,1,1
2023,01180118,코람코더원리츠,417310,KOSPI,부동산 임대 및 공급업,4,0,0
2023,01190568,에이피알,278470,KOSPI,기타 화학제품 제조업,1,0,0
2023,01199550,HD현대에너지솔루션,322000,KOSPI,반도체 제조업,1,0,0
2023,01203312,케이뱅크,279570,KOSPI,은행 및 저축기관,1,0,0
2023,01204056,하이브,352820,KOSPI,오디오물 출판 및 원판 녹음업,2,1,1
2023,01205329,크라운제과,264900,KOSPI,"떡, 빵 및 과자류 제조업",1,0,0
2023,01205709,HD현대,267250,KOSPI,기타 금융업,1,0,0
2023,01205842,HD건설기계,267270,KOSPI,특수 목적용 기계 제조업,1,0,0
2023,01205851,HD현대일렉트릭,267260,KOSPI,"전동기, 발전기 및 전기 변환 · 공급 · 제어 장치 제조업",1,0,0
2023,01208885,경동도시가스,267290,KOSPI,연료용 가스 제조 및 배관공급업,1,0,0
2023,01234297,미원에스씨,268280,KOSPI,기초 화학물질 제조업,1,0,0
2023,01236897,제일약품,271980,KOSPI,의약품 제조업,1,0,0
2023,01238169,오리온,271560,KOSPI,기타 식품 제조업,1,0,0
2023,01244601,카카오페이,377300,KOSPI,금융 지원 서비스업,2,1,1
2023,01258507,롯데웰푸드,280360,KOSPI,기타 식품 제조업,3,2,1
2023,01261893,케이씨텍,281820,KOSPI,"측정, 시험, 항해, 제어 및 기타 정밀기기 제조업; 광학기기 제외",1,0,0
2023,01262032,롯데이노베이트,286940,KOSPI,"컴퓨터 프로그래밍, 시스템 통합 및 관리업",1,0,0
2023,01263022,BGF리테일,282330,KOSPI,종합 소매업,2,1,1
2023,01267170,SK케미칼,285130,KOSPI,합성고무 및 플라스틱 물질 제조업,1,0,0
2023,01267684,쿠쿠홈시스,284740,KOSPI,개인 및 가정용품 임대업,1,0,0
2023,01276594,신한알파리츠,293940,KOSPI,부동산 임대 및 공급업,2,0,0
2023,01310269,IPARK현대산업개발,294870,KOSPI,건물 건설업,2,1,1
2023,01311408,에코프로머티,450080,KOSPI,일차전지 및 이차전지 제조업,2,1,1
2023,01316227,효성티앤씨,298020,KOSPI,화학섬유 제조업,1,0,0
2023,01316236,효성화학,298000,KOSPI,기초 화학물질 제조업,1,0,0
2023,01316245,효성중공업,298040,KOSPI,"전동기, 발전기 및 전기 변환 · 공급 · 제어 장치 제조업",2,1,1
2023,01316254,HS효성첨단소재,298050,KOSPI,화학섬유 제조업,1,0,0
2023,01319808,한일시멘트,300720,KOSPI,"시멘트, 석회, 플라스터 및 그 제품 제조업",1,0,0
2023,01319899,SK바이오사이언스,302440,KOSPI,기초 의약물질 제조업,1,0,0
2023,01323032,케이카,381970,KOSPI,자동차 판매업,2,1,1
2023,01325979,세아제강,306200,KOSPI,1차 철강 제조업,1,0,0
2023,01350869,우리금융지주,316140,KOSPI,기타 금융업,2,1,1
2023,01363818,롯데리츠,330590,KOSPI,부동산 임대 및 공급업,2,0,0
2023,01386916,SK아이이테크놀로지,361610,KOSPI,일차전지 및 이차전지 제조업,1,0,0
2023,01390344,HD현대중공업,329180,KOSPI,선박 및 보트 건조업,1,0,0
2023,01391033,NH프라임리츠,338100,KOSPI,부동산 임대 및 공급업,2,0,0
2023,01394377,이지스밸류플러스리츠,334890,KOSPI,부동산 임대 및 공급업,3,1,1
2023,01412725,두산퓨얼셀,336260,KOSPI,"전동기, 발전기 및 전기 변환 · 공급 · 제어 장치 제조업",1,0,0
2023,01412822,솔루스첨단소재,336370,KOSPI,전자부품 제조업,1,0,0
2023,01415892,제이알글로벌리츠,348950,KOSPI,부동산 임대 및 공급업,2,0,0
2023,01428203,케이씨씨글라스,344820,KOSPI,유리 및 유리제품 제조업,2,1,1
2023,01430475,코람코라이프인프라리츠,357120,KOSPI,부동산 임대 및 공급업,2,0,0
2023,01436558,신한서부티엔디리츠,404990,KOSPI,부동산 임대 및 공급업,2,0,0
2023,01436628,이지스레지던스리츠,350520,KOSPI,부동산 임대 및 공급업,2,0,0
2023,01437186,ESR켄달스퀘어리츠,365550,KOSPI,부동산 임대 및 공급업,5,3,1
2023,01437292,미래에셋맵스리츠,357250,KOSPI,부동산 임대 및 공급업,3,1,1
2023,01442966,마스턴프리미어리츠,357430,KOSPI,부동산 임대 및 공급업,2,0,0
2023,01475609,디앤디플랫폼리츠,377190,KOSPI,부동산 임대 및 공급업,2,0,0
2023,01478712,대덕전자,353200,KOSPI,전자부품 제조업,1,0,0
2023,01480780,NH올원리츠,400760,KOSPI,부동산 임대 및 공급업,2,0,0
2023,01497869,티와이홀딩스,363280,KOSPI,기타 금융업,3,2,1
2023,01510489,프레스티지바이오파마,950210,KOSPI,자연과학 및 공학 연구개발업,1,0,0
2023,01515323,LG에너지솔루션,373220,KOSPI,일차전지 및 이차전지 제조업,1,0,0
2023,01524093,DL이앤씨,375500,KOSPI,토목 건설업,2,1,1
2023,01532603,화승알앤에이,378850,KOSPI,자동차 신품 부품 제조업,1,0,0
2023,01535150,SK리츠,395400,KOSPI,부동산 임대 및 공급업,4,0,0
2023,01562589,LX홀딩스,383800,KOSPI,기타 금융업,1,0,0
2023,01568413,F&F,383220,KOSPI,봉제의복 제조업,1,0,0
2023,01576102,미래에셋글로벌리츠,396690,KOSPI,부동산 임대 및 공급업,2,0,0
2023,01596425,SK스퀘어,402340,KOSPI,기타 금융업,2,1,1
2023,01622720,KB스타리츠,432320,KOSPI,부동산 임대 및 공급업,2,0,0
2023,01669226,한화리츠,451800,KOSPI,부동산 임대 및 공급업,2,0,0
2023,01688896,삼성FN리츠,448730,KOSPI,부동산 임대 및 공급업,6,2,1
2023,01702017,유니드비티플러스,446070,KOSPI,제재 및 목재 가공업,1,0,0
2023,01714997,신한글로벌액티브리츠,481850,KOSPI,신탁업 및 집합투자업,1,0,0
2023,01721809,현대그린푸드,453340,KOSPI,종합 소매업,1,0,0
2023,01722437,한화갤러리아,452260,KOSPI,종합 소매업,1,0,0
2023,01760738,OCI,456040,KOSPI,기초 화학물질 제조업,1,0,0
2023,01762569,이수스페셜티케미컬,457190,KOSPI,기초 화학물질 제조업,2,1,1
2023,01765256,동국씨엠,460850,KOSPI,1차 철강 제조업,1,0,0
2023,01765265,동국제강,460860,KOSPI,1차 철강 제조업,1,0,0
2023,01770203,조선내화,462520,KOSPI,"내화, 비내화 요업제품 제조업",2,1,1
2023,01784394,STX그린로지스,465770,KOSPI,해상 운송업,1,0,0
2024,00100939,강남제비스코,000860,KOSPI,기타 화학제품 제조업,1,0,0
2024,00101044,에이프로젠바이오로직스,003060,KOSPI,의약품 제조업,1,0,0
2024,00101220,KG케미칼,001390,KOSPI,기초 화학물질 제조업,2,1,1
2024,00101433,경농,002100,KOSPI,"비료, 농약 및 살균, 살충제 제조업",1,0,0
2024,00101488,경동나비엔,009450,KOSPI,가정용 기기 제조업,1,0,0
2024,00101628,경방,000050,KOSPI,종합 소매업,1,0,0
2024,00101664,경보제약,214390,KOSPI,기초 의약물질 제조업,1,0,0
2024,00102113,경인양행,012610,KOSPI,기초 화학물질 제조업,1,0,0
2024,00102140,경인전자,009140,KOSPI,전자부품 제조업,1,0,0
2024,00102432,계룡건설산업,013580,KOSPI,토목 건설업,2,1,1
2024,00102618,계양전기,012200,KOSPI,일반 목적용 기계 제조업,1,0,0
2024,00102751,고려산업,002140,KOSPI,"곡물가공품, 전분 및 전분제품 제조업",1,0,0
2024,00102858,고려아연,010130,KOSPI,1차 비철금속 제조업,2,1,1
2024,00103006,고려제강,002240,KOSPI,1차 철강 제조업,3,2,1
2024,00103042,케이씨티시,009070,KOSPI,도로 화물 운송업,1,0,0
2024,00103130,플레이그램,009810,KOSPI,기타 전문 도매업,1,0,0
2024,00103176,흥국화재,000540,KOSPI,보험업,1,0,0
2024,00103510,인지컨트롤스,023800,KOSPI,자동차 신품 부품 제조업,2,1,1
2024,00103592,광동제약,009290,KOSPI,의약품 제조업,3,2,1
2024,00103662,광명전기,017040,KOSPI,"전동기, 발전기 및 전기 변환 · 공급 · 제어 장치 제조업",2,1,1
2024,00104388,국도화학,007690,KOSPI,기초 화학물질 제조업,2,1,1
2024,00104698,LS네트웍스,000680,KOSPI,상품 종합 도매업,2,1,1
2024,00104722,국제약품,002720,KOSPI,의약품 제조업,2,1,1
2024,00104768,가온전선,000500,KOSPI,절연선 및 케이블 제조업,2,1,1
2024,00104786,미래아이앤지,007120,KOSPI,"컴퓨터 프로그래밍, 시스템 통합 및 관리업",2,1,1
2024,00104856,삼성증권,016360,KOSPI,금융 지원 서비스업,1,0,0
2024,00104999,윌비스,008600,KOSPI,생활용품 도매업,2,0,0
2024,00105101,INVENI,015360,KOSPI,회사 본부 및 경영 컨설팅 서비스업,3,2,1
2024,00105156,극동유화,014530,KOSPI,석유 정제품 제조업,1,0,0
2024,00105271,케이씨씨,002380,KOSPI,기타 화학제품 제조업,1,0,0
2024,00105280,현대지에프홀딩스,005440,KOSPI,기타 금융업,2,1,1
2024,00105299,금강공업,014280,KOSPI,1차 철강 제조업,2,1,1
2024,00105606,금호에이치티,214330,KOSPI,자동차 신품 부품 제조업,1,0,0
2024,00105855,엘에스일렉트릭,010120,KOSPI,"전동기, 발전기 및 전기 변환 · 공급 · 제어 장치 제조업",1,0,0
2024,00105873,LG디스플레이,034220,KOSPI,전자부품 제조업,1,0,0
2024,00105952,LS,006260,KOSPI,기타 금융업,3,2,1
2024,00105961,LG이노텍,011070,KOSPI,전자부품 제조업,2,1,1
2024,00106119,금양,001570,KOSPI,기초 화학물질 제조업,1,0,0
2024,00106313,금호건설,002990,KOSPI,건물 건설업,2,1,1
2024,00106368,금호석유화학,011780,KOSPI,기초 화학물질 제조업,1,0,0
2024,00106395,금호전기,001210,KOSPI,전구 및 조명장치 제조업,1,0,0
2024,00106614,기신정기,092440,KOSPI,특수 목적용 기계 제조업,1,0,0
2024,00106623,현대위아,011210,KOSPI,자동차 신품 부품 제조업,2,1,1
2024,00106641,기아,000270,KOSPI,자동차용 엔진 및 자동차 제조업,2,1,1
2024,00106669,세아베스틸지주,001430,KOSPI,1차 철강 제조업,1,0,0
2024,00106881,인디에프,014990,KOSPI,봉제의복 제조업,1,0,0
2024,00107066,남광토건,001260,KOSPI,기타 금융업,2,2,1
2024,00107224,남선알미늄,008350,KOSPI,1차 비철금속 제조업,1,0,0
2024,00107598,남양유업,003920,KOSPI,동·식물성 유지 및 낙농제품 제조업,2,1,1
2024,00107613,이수페타시스,007660,KOSPI,전자부품 제조업,2,1,1
2024,00107677,비비안,002070,KOSPI,봉제의복 제조업,1,0,0
2024,00107987,남해화학,025860,KOSPI,"비료, 농약 및 살균, 살충제 제조업",2,1,1
2024,00108038,엔피씨,004250,KOSPI,플라스틱제품 제조업,1,0,0
2024,00108135,녹십자홀딩스,005250,KOSPI,회사 본부 및 경영 컨설팅 서비스업,1,0,0
2024,00108241,농심,004370,KOSPI,기타 식품 제조업,1,0,0
2024,00108612,DS단석,017860,KOSPI,기타 화학제품 제조업,1,0,0
2024,00108746,DKME,015590,KOSPI,일반 목적용 기계 제조업,3,2,1
2024,00108913,대교,019680,KOSPI,초등 교육기관,3,2,1
2024,00108940,대성홀딩스,016710,KOSPI,회사 본부 및 경영 컨설팅 서비스업,1,0,0
2024,00108977,대구백화점,006370,KOSPI,종합 소매업,1,0,0
2024,00109161,태경케미컬,006890,KOSPI,기초 화학물질 제조업,1,0,0
2024,00109189,대덕,008060,KOSPI,기타 금융업,1,0,0
2024,00109286,대동,000490,KOSPI,특수 목적용 기계 제조업,1,0,0
2024,00109514,티웨이홀딩스,004870,KOSPI,"시멘트, 석회, 플라스터 및 그 제품 제조업",1,0,0
2024,00109693,DL,000210,KOSPI,기초 화학물질 제조업,1,0,0
2024,00109718,사조대림,003960,KOSPI,수산물 가공 및 저장 처리업,1,0,0
2024,00109754,대림바스,005750,KOSPI,"내화, 비내화 요업제품 제조업",2,1,1
2024,00109806,삼일씨엔에스,004440,KOSPI,"시멘트, 석회, 플라스터 및 그 제품 제조업",1,0,0
2024,00109824,대림통상,006570,KOSPI,기타 금속 가공제품 제조업,1,0,0
2024,00110608,DSR,155660,KOSPI,1차 비철금속 제조업,1,0,0
2024,00110893,대신증권,003540,KOSPI,금융 지원 서비스업,2,1,1
2024,00111111,대양금속,009190,KOSPI,1차 철강 제조업,2,1,1
2024,00111421,휴니드테크놀러지스,005870,KOSPI,통신 및 방송 장비 제조업,1,0,0
2024,00111458,대영포장,014160,KOSPI,"골판지, 종이 상자 및 종이용기 제조업",1,0,0
2024,00111689,아진전자부품,009320,KOSPI,자동차 신품 부품 제조업,1,0,0
2024,00111704,한화오션,042660,KOSPI,선박 및 보트 건조업,2,1,1
2024,00111722,미래에셋증권,006800,KOSPI,금융 지원 서비스업,3,2,1
2024,00111810,대웅,003090,KOSPI,의약품 제조업,3,2,1
2024,00111847,대원강업,000430,KOSPI,자동차 신품 부품 제조업,3,2,1
2024,00111999,대원제약,003220,KOSPI,의약품 제조업,1,0,0
2024,00112022,대원화성,024890,KOSPI,플라스틱제품 제조업,1,0,0
2024,00112059,상상인증권,001290,KOSPI,금융 지원 서비스업,1,0,0
2024,00112165,디아이씨,092200,KOSPI,자동차 신품 부품 제조업,1,0,0
2024,00112332,미래에셋생명,085620,KOSPI,보험업,3,2,1
2024,00112378,KR모터스,000040,KOSPI,그외 기타 운송장비 제조업,1,0,0
2024,00112651,대창,012800,KOSPI,1차 비철금속 제조업,1,0,0
2024,00112679,대창단조,015230,KOSPI,자동차 신품 부품 제조업,1,0,0
2024,00112970,대한방직,001070,KOSPI,직물직조 및 직물제품 제조업,3,2,1
2024,00112998,서울보증보험,031210,KOSPI,보험업,1,0,0
2024,00113058,한화생명,088350,KOSPI,보험업,2,1,1
2024,00113191,코리안리,003690,KOSPI,재 보험업,2,1,1
2024,00113207,대한전선,001440,KOSPI,절연선 및 케이블 제조업,3,2,1
2024,00113225,대한제강,084010,KOSPI,1차 철강 제조업,1,0,0
2024,00113234,대한제당,001790,KOSPI,"곡물가공품, 전분 및 전분제품 제조업",1,0,0
2024,00113243,대한제분,001130,KOSPI,"곡물가공품, 전분 및 전분제품 제조업",1,0,0
2024,00113359,교보증권,030610,KOSPI,금융 지원 서비스업,1,0,0
2024,00113410,CJ대한통운,000120,KOSPI,도로 화물 운송업,2,1,1
2024,00113492,깨끗한나라,004540,KOSPI,"펄프, 종이 및 판지 제조업",1,0,0
2024,00113508,노루홀딩스,000320,KOSPI,기타 금융업,2,1,1
2024,00113526,대한항공,003490,KOSPI,항공 여객 운송업,1,0,0
2024,00113535,대한해운,005880,KOSPI,해상 운송업,1,0,0
2024,00113544,대한화섬,003830,KOSPI,화학섬유 제조업,3,2,1
2024,00113562,롯데손해보험,000400,KOSPI,보험업,3,2,1
2024,00113614,대현,016090,KOSPI,봉제의복 제조업,1,0,0
2024,00113997,롯데에너지머티리얼즈,020150,KOSPI,전자부품 제조업,1,0,0
2024,00114093,덕성,004830,KOSPI,플라스틱제품 제조업,1,0,0
2024,00114154,디와이덕양,024900,KOSPI,자동차 신품 부품 제조업,1,0,0
2024,00114552,도화엔지니어링,002150,KOSPI,"건축기술, 엔지니어링 및 관련 기술 서비스업",2,1,1
2024,00114765,케이비아이동국실업,001620,KOSPI,자동차 신품 부품 제조업,1,0,0
2024,00114792,동국홀딩스,001230,KOSPI,기타 금융업,1,0,0
2024,00115065,동남합성,023450,KOSPI,기초 화학물질 제조업,1,0,0
2024,00115287,동방,004140,KOSPI,기타 운송관련 서비스업,1,0,0
2024,00115384,동방아그로,007590,KOSPI,"비료, 농약 및 살균, 살충제 제조업",1,0,0
2024,00115612,동부건설,005960,KOSPI,토목 건설업,3,2,1
2024,00115676,KG스틸,016380,KOSPI,1차 철강 제조업,1,0,0
2024,00115694,DB증권,016610,KOSPI,금융 지원 서비스업,1,0,0
2024,00115977,아이에스동서,010780,KOSPI,"시멘트, 석회, 플라스터 및 그 제품 제조업",1,0,0
2024,00116268,동성제약,002210,KOSPI,의약품 제조업,1,0,0
2024,00116301,NI스틸,008260,KOSPI,1차 철강 제조업,1,0,0
2024,00116824,동아쏘시오홀딩스,000640,KOSPI,기타 금융업,1,0,0
2024,00116949,DN오토모티브,007340,KOSPI,일차전지 및 이차전지 제조업,1,0,0
2024,00117027,알루코,001780,KOSPI,1차 비철금속 제조업,1,0,0
2024,00117179,디와이,013570,KOSPI,기타 금융업,1,0,0
2024,00117188,효성,004800,KOSPI,기타 금융업,1,0,0
2024,00117212,두산,000150,KOSPI,전자부품 제조업,2,1,1
2024,00117230,TYM,002900,KOSPI,특수 목적용 기계 제조업,1,0,0
2024,00117267,동양생명,082640,KOSPI,보험업,2,1,1
2024,00117300,TCC스틸,002710,KOSPI,1차 철강 제조업,1,0,0
2024,00117337,동양,001520,KOSPI,"시멘트, 석회, 플라스터 및 그 제품 제조업",3,2,1
2024,00117498,스틱인베스트먼트,026890,KOSPI,신탁업 및 집합투자업,1,0,0
2024,00117577,오리온홀딩스,001800,KOSPI,기타 금융업,1,0,0
2024,00117601,유안타증권,003470,KOSPI,금융 지원 서비스업,1,0,0
2024,00117629,KBI동양철관,008970,KOSPI,1차 철강 제조업,1,0,0
2024,00117726,DYP,092780,KOSPI,자동차용 엔진 및 자동차 제조업,1,0,0
2024,00118008,동원금속,018500,KOSPI,자동차 신품 부품 제조업,1,0,0
2024,00118026,동원산업,006040,KOSPI,기타 금융업,1,0,0
2024,00118044,동원수산,030720,KOSPI,어로 어업,2,1,1
2024,00118266,DRB동일,004840,KOSPI,고무제품 제조업,1,0,0
2024,00118275,디아이,003160,KOSPI,"측정, 시험, 항해, 제어 및 기타 정밀기기 제조업; 광학기기 제외",1,0,0
2024,00118345,디아이동일,001530,KOSPI,상품 중개업,3,2,1
2024,00118451,동일제강,002690,KOSPI,1차 철강 제조업,2,1,1
2024,00118521,진원생명과학,011000,KOSPI,의약품 제조업,2,1,1
2024,00118965,티에이치엔,019180,KOSPI,기타 전기장비 제조업,1,0,0
2024,00119007,무림P&P,009580,KOSPI,"펄프, 종이 및 판지 제조업",1,0,0
2024,00119140,핸즈코퍼레이션,143210,KOSPI,자동차 신품 부품 제조업,1,0,0
2024,00119195,동화약품,000020,KOSPI,의약품 제조업,1,0,0
2024,00119672,두올,016740,KOSPI,자동차 신품 부품 제조업,1,0,0
2024,00120021,LG,003550,KOSPI,기타 금융업,1,0,0
2024,00120030,GS건설,006360,KOSPI,건물 건설업,3,2,1
2024,00120076,LX인터내셔널,001120,KOSPI,상품 중개업,1,0,0
2024,00120182,NH투자증권,005940,KOSPI,금융 지원 서비스업,1,0,0
2024,00120526,롯데쇼핑,023530,KOSPI,종합 소매업,1,0,0
2024,00120562,롯데지주,004990,KOSPI,기타 금융업,2,1,1
2024,00120571,롯데칠성음료,005300,KOSPI,비알코올음료 및 얼음 제조업,1,0,0
2024,00120872,만호제강,001080,KOSPI,1차 철강 제조업,4,3,1
2024,00121039,명문제약,017180,KOSPI,의약품 제조업,2,1,1
2024,00121288,모나미,005360,KOSPI,생활용품 도매업,1,0,0
2024,00121534,MH에탄올,023150,KOSPI,알코올음료 제조업,1,0,0
2024,00121543,무학,033920,KOSPI,알코올음료 제조업,2,1,1
2024,00121570,문배철강,008420,KOSPI,1차 철강 제조업,2,1,1
2024,00121932,미원상사,002840,KOSPI,기타 화학제품 제조업,1,0,0
2024,00121941,대상,001680,KOSPI,기타 식품 제조업,2,1,1
2024,00121969,에쓰씨엔지니어링,023960,KOSPI,토목 건설업,2,1,1
2024,00122056,미창석유공업,003650,KOSPI,석유 정제품 제조업,1,0,0
2024,00122348,방림,003610,KOSPI,직물직조 및 직물제품 제조업,1,0,0
2024,00122472,PKC,001340,KOSPI,기초 화학물질 제조업,1,0,0
2024,00122481,태경비케이,014580,KOSPI,"시멘트, 석회, 플라스터 및 그 제품 제조업",1,0,0
2024,00122551,백산,035150,KOSPI,플라스틱제품 제조업,2,1,1
2024,00122579,BYC,001460,KOSPI,봉제의복 제조업,1,0,0
2024,00122694,범양건영,002410,KOSPI,건물 건설업,7,6,1
2024,00122737,팬오션,028670,KOSPI,해상 운송업,1,0,0
2024,00122825,인스코비,006490,KOSPI,전기 통신업,1,0,0
2024,00122898,벽산,007210,KOSPI,기타 비금속 광물제품 제조업,1,0,0
2024,00123107,보락,002760,KOSPI,기타 화학제품 제조업,1,0,0
2024,00123143,보령,003850,KOSPI,의약품 제조업,1,0,0
2024,00123541,보해양조,000890,KOSPI,알코올음료 제조업,1,0,0
2024,00123718,부광약품,003000,KOSPI,의약품 제조업,1,0,0
2024,00123772,부국증권,001270,KOSPI,금융 지원 서비스업,2,1,1
2024,00123781,부국철강,026940,KOSPI,1차 철강 제조업,1,0,0
2024,00124027,부산산업,011390,KOSPI,"시멘트, 석회, 플라스터 및 그 제품 제조업",1,0,0
2024,00124090,한국특강,007280,KOSPI,1차 철강 제조업,1,0,0
2024,00124151,부산주공,005030,KOSPI,자동차 신품 부품 제조업,3,2,1
2024,00124197,세아제강지주,003030,KOSPI,기타 금융업,1,0,0
2024,00124504,포스코인터내셔널,047050,KOSPI,상품 중개업,1,0,0
2024,00124540,대우건설,047040,KOSPI,건물 건설업,2,1,1
2024,00124726,빙그레,005180,KOSPI,동·식물성 유지 및 낙농제품 제조업,1,0,0
2024,00124780,사조씨푸드,014710,KOSPI,수산물 가공 및 저장 처리업,1,0,0
2024,00124799,사조산업,007160,KOSPI,수산물 가공 및 저장 처리업,1,0,0
2024,00125080,AK홀딩스,006840,KOSPI,기타 금융업,1,0,0
2024,00125150,SGC에너지,005090,KOSPI,전기업,1,0,0
2024,00125521,에스엘,005850,KOSPI,자동차 신품 부품 제조업,1,0,0
2024,00125530,삼립,005610,KOSPI,기타 식품 제조업,1,0,0
2024,00125576,체시스,033250,KOSPI,자동차 신품 부품 제조업,1,0,0
2024,00125743,현대비앤지스틸,004560,KOSPI,1차 철강 제조업,2,1,1
2024,00125974,삼부토건,001470,KOSPI,토목 건설업,3,1,1
2024,00126089,DH오토넥스,000300,KOSPI,신탁업 및 집합투자업,3,4,1
2024,00126186,삼성에스디에스,018260,KOSPI,"컴퓨터 프로그래밍, 시스템 통합 및 관리업",1,0,0
2024,00126201,삼성공조,006660,KOSPI,자동차 신품 부품 제조업,1,0,0
2024,00126256,삼성생명,032830,KOSPI,보험업,2,1,1
2024,00126292,삼성카드,029780,KOSPI,기타 금융업,1,0,0
2024,00126308,삼성E&A,028050,KOSPI,"건축기술, 엔지니어링 및 관련 기술 서비스업",2,1,1
2024,00126362,삼성SDI,006400,KOSPI,일차전지 및 이차전지 제조업,1,0,0
2024,00126371,삼성전기,009150,KOSPI,전자부품 제조업,1,0,0
2024,00126380,삼성전자,005930,KOSPI,통신 및 방송 장비 제조업,1,0,0
2024,00126414,삼성제약,001360,KOSPI,의약품 제조업,2,1,1
2024,00126478,삼성중공업,010140,KOSPI,선박 및 보트 건조업,3,2,1
2024,00126487,F&F 홀딩스,007700,KOSPI,기타 금융업,1,0,0
2024,00126566,한화에어로스페이스,012450,KOSPI,"항공기,우주선 및 부품 제조업",1,0,0
2024,00126779,삼아알미늄,006110,KOSPI,1차 비철금속 제조업,1,0,0
2024,00126937,삼양홀딩스,000070,KOSPI,기타 금융업,1,0,0
2024,00126955,삼양식품,003230,KOSPI,기타 식품 제조업,2,1,1
2024,00127042,SYTS,002170,KOSPI,"가죽, 가방 및 유사제품 제조업",1,0,0
2024,00127158,씨아이테크,004920,KOSPI,영상 및 음향기기 제조업,1,0,0
2024,00127167,삼영무역,002810,KOSPI,기타 전문 도매업,1,0,0
2024,00127200,삼영전자공업,005680,KOSPI,전자부품 제조업,2,1,1
2024,00127255,삼영,003720,KOSPI,플라스틱제품 제조업,1,0,0
2024,00127802,삼익THK,004380,KOSPI,일반 목적용 기계 제조업,1,0,0
2024,00127857,삼익악기,002450,KOSPI,악기 제조업,2,1,1
2024,00128032,삼일제약,000520,KOSPI,의약품 제조업,3,2,1
2024,00128227,삼정펄프,009770,KOSPI,"펄프, 종이 및 판지 제조업",2,0,0
2024,00128412,삼진제약,005500,KOSPI,의약품 제조업,1,0,0
2024,00128555,삼천리,004690,KOSPI,연료용 가스 제조 및 배관공급업,2,1,1
2024,00128980,삼호개발,010960,KOSPI,기반조성 및 시설물 축조관련 전문공사업,1,0,0
2024,00129013,CJ씨푸드,011150,KOSPI,기타 식품 제조업,1,0,0
2024,00129235,삼화왕관,004450,KOSPI,기타 금속 가공제품 제조업,1,0,0
2024,00129271,삼화전기,009470,KOSPI,전자부품 제조업,1,0,0
2024,00129280,삼화전자공업,011230,KOSPI,영상 및 음향기기 제조업,1,0,0
2024,00129350,삼화콘덴서공업,001820,KOSPI,전자부품 제조업,1,0,0
2024,00129387,SP삼화,000390,KOSPI,기타 화학제품 제조업,1,0,0
2024,00129420,까뮤이앤씨,013700,KOSPI,건물 건설업,1,0,0
2024,00129509,한익스프레스,014130,KOSPI,도로 화물 운송업,1,0,0
2024,00129554,갤럭시아에스엠,011420,KOSPI,스포츠 서비스업,2,1,1
2024,00129642,상신브레이크,041650,KOSPI,자동차 신품 부품 제조업,1,0,0
2024,00129679,녹십자,006280,KOSPI,의약품 제조업,1,0,0
2024,00129989,코스모신소재,005070,KOSPI,기타 화학제품 제조업,1,0,0
2024,00130091,샘표,007540,KOSPI,기타 금융업,2,1,1
2024,00130684,서울도시가스,017390,KOSPI,연료용 가스 제조 및 배관공급업,2,1,1
2024,00130772,SBS,034120,KOSPI,텔레비전 방송업,1,0,0
2024,00130879,서울식품공업,004410,KOSPI,기타 식품 제조업,1,0,0
2024,00131054,유진증권,001200,KOSPI,의약품 제조업,1,0,0
2024,00131197,서원,021050,KOSPI,금속 주조업,1,0,0
2024,00131692,서흥,008490,KOSPI,기타 화학제품 제조업,1,0,0
2024,00131780,SK네트웍스,001740,KOSPI,기타 전문 도매업,1,0,0
2024,00131832,SK디스커버리,006120,KOSPI,기타 금융업,1,0,0
2024,00131850,SK증권,001510,KOSPI,금융 지원 서비스업,1,0,0
2024,00131939,선도전기,007610,KOSPI,"전동기, 발전기 및 전기 변환 · 공급 · 제어 장치 제조업",3,2,1
2024,00132211,SUN&L,002820,KOSPI,플라스틱제품 제조업,1,0,0
2024,00132354,쿠쿠홀딩스,192400,KOSPI,기타 금융업,1,0,0
2024,00132628,성문전자,014910,KOSPI,전자부품 제조업,1,0,0
2024,00132637,동원시스템즈,014820,KOSPI,플라스틱제품 제조업,1,0,0
2024,00132725,SB성보,003080,KOSPI,"비료, 농약 및 살균, 살충제 제조업",1,0,0
2024,00132804,성신양회,004980,KOSPI,"시멘트, 석회, 플라스터 및 그 제품 제조업",1,0,0
2024,00132868,우성머티리얼스,011300,KOSPI,직물직조 및 직물제품 제조업,1,0,0
2024,00133335,성창기업지주,000180,KOSPI,회사 본부 및 경영 컨설팅 서비스업,1,0,0
2024,00133511,SG세계물산,004060,KOSPI,상품 종합 도매업,1,0,0
2024,00133618,세기상사,002420,KOSPI,연료 소매업,1,0,0
2024,00133706,한국제지,027970,KOSPI,"펄프, 종이 및 판지 제조업",1,0,0
2024,00133812,세방,004360,KOSPI,도로 화물 운송업,4,3,1
2024,00133858,세방전지,004490,KOSPI,일차전지 및 이차전지 제조업,1,0,0
2024,00134176,세우글로벌,013000,KOSPI,기타 전문 도매업,1,0,0
2024,00134316,세원정공,021820,KOSPI,자동차 신품 부품 제조업,2,1,1
2024,00134477,SNT다이내믹스,003570,KOSPI,자동차 신품 부품 제조업,1,0,0
2024,00134510,SJG세종,033530,KOSPI,자동차 신품 부품 제조업,1,0,0
2024,00134565,이스타코,015020,KOSPI,부동산 임대 및 공급업,1,0,0
2024,00134723,페이퍼코리아,001020,KOSPI,"펄프, 종이 및 판지 제조업",1,0,0
2024,00134963,송원산업,004430,KOSPI,기타 화학제품 제조업,2,1,1
2024,00135050,팜젠사이언스,004720,KOSPI,의약품 제조업,1,0,0
2024,00135111,수산세보틱스,017550,KOSPI,특수 목적용 기계 제조업,1,0,0
2024,00135777,신대양제지,016590,KOSPI,"골판지, 종이 상자 및 종이용기 제조업",1,0,0
2024,00135795,신도리코,029530,KOSPI,컴퓨터 및 주변장치 제조업,2,1,1
2024,00135917,한화손해보험,000370,KOSPI,보험업,2,1,1
2024,00135962,신라교역,004970,KOSPI,어로 어업,2,1,1
2024,00136086,무림페이퍼,009200,KOSPI,"펄프, 종이 및 판지 제조업",1,0,0
2024,00136271,신성이엔지,011930,KOSPI,반도체 제조업,1,0,0
2024,00136378,신세계,004170,KOSPI,종합 소매업,1,0,0
2024,00136402,신송홀딩스,006880,KOSPI,산업용 농·축산물 및 동·식물 도매업,1,0,0
2024,00136457,SH에너지화학,002360,KOSPI,기초 화학물질 제조업,1,0,0
2024,00136624,신영와코루,005800,KOSPI,봉제의복 제조업,1,0,0
2024,00136721,신영증권,001720,KOSPI,금융 지원 서비스업,2,1,1
2024,00136776,차AI헬스케어,025620,KOSPI,기타 화학제품 제조업,1,0,0
2024,00136864,신원,009270,KOSPI,봉제의복 제조업,3,2,1
2024,00137207,유니켐,011330,KOSPI,자동차 신품 부품 제조업,2,1,1
2024,00137252,사조동아원,008040,KOSPI,"곡물가공품, 전분 및 전분제품 제조업",1,0,0
2024,00137359,신풍제약,019170,KOSPI,의약품 제조업,2,1,1
2024,00137368,신풍,002870,KOSPI,기타 전문 도매업,2,1,1
2024,00137809,SHD,001770,KOSPI,1차 철강 제조업,1,0,0
2024,00137997,현대차증권,001500,KOSPI,금융 지원 서비스업,4,3,1
2024,00138057,써니전자,004770,KOSPI,전자부품 제조업,1,0,0
2024,00138190,GS글로벌,001250,KOSPI,상품 종합 도매업,1,0,0
2024,00138242,KG모빌리티,003620,KOSPI,자동차용 엔진 및 자동차 제조업,1,0,0
2024,00138260,SIMPAC,009160,KOSPI,1차 철강 제조업,3,2,1
2024,00138279,S-Oil,010950,KOSPI,석유 정제품 제조업,1,0,0
2024,00138297,STX,011810,KOSPI,상품 종합 도매업,1,0,0
2024,00138516,아남전자,008700,KOSPI,영상 및 음향기기 제조업,2,1,1
2024,00138701,아세아,002030,KOSPI,회사 본부 및 경영 컨설팅 서비스업,1,0,0
2024,00138729,아세아제지,002310,KOSPI,"골판지, 종이 상자 및 종이용기 제조업",1,0,0
2024,00138792,아시아나항공,020560,KOSPI,항공 여객 운송업,1,0,0
2024,00139214,삼성화재해상보험,000810,KOSPI,보험업,2,1,1
2024,00139454,애경산업,018250,KOSPI,기타 화학제품 제조업,1,0,0
2024,00139764,에넥스,011090,KOSPI,가구 제조업,1,0,0
2024,00139834,LG씨엔에스,064400,KOSPI,"컴퓨터 프로그래밍, 시스템 통합 및 관리업",1,0,0
2024,00139889,SKC,011790,KOSPI,기타 화학제품 제조업,2,1,1
2024,00140131,키다리스튜디오,020120,KOSPI,"자료처리, 호스팅, 포털 및 기타 인터넷 정보매개 서비스업",1,0,0
2024,00140168,HS애드,035000,KOSPI,광고업,1,0,0
2024,00140177,GS리테일,007070,KOSPI,종합 소매업,1,0,0
2024,00140779,영보화학,014440,KOSPI,플라스틱제품 제조업,1,0,0
2024,00140946,한솔로지스틱스,009180,KOSPI,기타 운송관련 서비스업,1,0,0
2024,00140955,한솔케미칼,014680,KOSPI,기초 화학물질 제조업,1,0,0
2024,00140964,영원무역홀딩스,009970,KOSPI,기타 금융업,1,0,0
2024,00141149,영진약품,003520,KOSPI,의약품 제조업,2,1,1
2024,00141307,영풍,000670,KOSPI,1차 비철금속 제조업,2,1,1
2024,00141404,블루산업개발,006740,KOSPI,"골판지, 종이 상자 및 종이용기 제조업",4,3,1
2024,00141413,영화금속,012280,KOSPI,자동차 신품 부품 제조업,1,0,0
2024,00141477,영흥,012160,KOSPI,1차 철강 제조업,2,1,1
2024,00141529,오뚜기,007310,KOSPI,기타 식품 제조업,1,0,0
2024,00141626,오리엔트바이오,002630,KOSPI,의약품 제조업,2,1,1
2024,00141875,사조오양,006090,KOSPI,수산물 가공 및 저장 처리업,2,1,1
2024,00142661,우성,006980,KOSPI,"곡물가공품, 전분 및 전분제품 제조업",2,1,1
2024,00142865,WISCOM,024070,KOSPI,플라스틱제품 제조업,1,0,0
2024,00142883,우신시스템,017370,KOSPI,특수 목적용 기계 제조업,1,0,0
2024,00143262,우진아이엔에스,010400,KOSPI,건물설비 설치 공사업,2,1,1
2024,00143314,에이엔피,015260,KOSPI,전자부품 제조업,1,0,0
2024,00143527,경동인베스트,012320,KOSPI,기타 금융업,1,0,0
2024,00143651,웅진,016880,KOSPI,회사 본부 및 경영 컨설팅 서비스업,1,0,0
2024,00143794,원림,005820,KOSPI,직물직조 및 직물제품 제조업,1,0,0
2024,00144164,SK가스,018670,KOSPI,기타 전문 도매업,1,0,0
2024,00144252,유니온,000910,KOSPI,"시멘트, 석회, 플라스터 및 그 제품 제조업",1,0,0
2024,00144395,동서,026960,KOSPI,음·식료품 및 담배 도매업,2,1,1
2024,00144720,와이투솔루션,011690,KOSPI,반도체 제조업,1,0,0
2024,00144818,유유제약,000220,KOSPI,의약품 제조업,1,0,0
2024,00145109,유한양행,000100,KOSPI,의약품 제조업,1,0,0
2024,00145163,파미셀,005690,KOSPI,전자부품 제조업,2,1,1
2024,00145190,유화증권,003460,KOSPI,금융 지원 서비스업,2,1,1
2024,00145260,율촌화학,008730,KOSPI,플라스틱제품 제조업,1,0,0
2024,00145437,아센디오,012170,KOSPI,"영화, 비디오물, 방송프로그램 제작 및 배급업",2,1,1
2024,00145446,이건산업,008250,KOSPI,나무제품 제조업,1,0,0
2024,00145464,이구산업,025820,KOSPI,1차 비철금속 제조업,2,1,1
2024,00145552,이수화학,005950,KOSPI,기초 화학물질 제조업,2,1,1
2024,00145598,이연제약,102460,KOSPI,의약품 제조업,3,2,1
2024,00145686,이화산업,000760,KOSPI,기타 전문 도매업,1,0,0
2024,00145862,인천도시가스,034590,KOSPI,연료용 가스 제조 및 배관공급업,1,0,0
2024,00145880,현대제철,004020,KOSPI,1차 철강 제조업,1,0,0
2024,00146083,일동홀딩스,000230,KOSPI,의약품 제조업,1,0,0
2024,00146214,일성아이에스,003120,KOSPI,의약품 제조업,4,3,1
2024,00146232,일성건설,013360,KOSPI,토목 건설업,2,1,1
2024,00146269,일신방직,003200,KOSPI,방적 및 가공사 제조업,2,1,1
2024,00146296,일신석재,007110,KOSPI,"건축자재, 철물 및 난방장치 도매업",1,0,0
2024,00146454,일양약품,007570,KOSPI,의약품 제조업,4,2,1
2024,00146542,일정실업,008500,KOSPI,편조원단 제조업,2,1,1
2024,00146649,일진홀딩스,015860,KOSPI,기타 금융업,2,1,1
2024,00146861,자화전자,033240,KOSPI,전자부품 제조업,2,1,1
2024,00147222,전방,000950,KOSPI,방적 및 가공사 제조업,3,2,1
2024,00147860,에스엠벡셀,010580,KOSPI,자동차 신품 부품 제조업,1,0,0
2024,00148276,제일기획,030000,KOSPI,광고업,1,0,0
2024,00148443,제일파마홀딩스,002620,KOSPI,회사 본부 및 경영 컨설팅 서비스업,1,0,0
2024,00148461,제일연마,001560,KOSPI,기타 비금속 광물제품 제조업,1,0,0
2024,00148522,퍼스텍,010820,KOSPI,무기 및 총포탄 제조업,1,0,0
2024,00148540,CJ,001040,KOSPI,기타 금융업,2,1,1
2024,00148610,한화투자증권,003530,KOSPI,금융 지원 서비스업,1,0,0
2024,00148832,제주은행,006220,KOSPI,은행 및 저축기관,1,0,0
2024,00148896,OCI홀딩스,010060,KOSPI,기타 금융업,2,1,1
2024,00148920,조광페인트,004910,KOSPI,기타 화학제품 제조업,3,2,1
2024,00148939,조광피혁,004700,KOSPI,"가죽, 가방 및 유사제품 제조업",2,1,1
2024,00148948,조비,001550,KOSPI,"비료, 농약 및 살균, 살충제 제조업",1,0,0
2024,00148984,시알홀딩스,000480,KOSPI,"내화, 비내화 요업제품 제조업",1,0,0
2024,00148993,하이트진로홀딩스,000140,KOSPI,기타 금융업,2,1,1
2024,00149026,CS홀딩스,000590,KOSPI,기타 금융업,1,0,0
2024,00149239,조일알미늄,018470,KOSPI,1차 비철금속 제조업,1,0,0
2024,00149345,조흥,002600,KOSPI,기타 식품 제조업,1,0,0
2024,00149354,종근당홀딩스,001630,KOSPI,의약품 제조업,1,0,0
2024,00149646,기업은행,024110,KOSPI,은행 및 저축기관,1,0,0
2024,00149655,삼성물산,028260,KOSPI,기타 전문 도매업,3,2,1
2024,00149804,디와이에이,002880,KOSPI,자동차 신품 부품 제조업,1,0,0
2024,00149947,JW중외제약,001060,KOSPI,의약품 제조업,1,0,0
2024,00150244,하이트진로,000080,KOSPI,알코올음료 제조업,2,1,1
2024,00150439,진양산업,003780,KOSPI,플라스틱제품 제조업,1,0,0
2024,00150633,지누스,013890,KOSPI,가구 제조업,3,2,1
2024,00150828,진흥기업,002780,KOSPI,토목 건설업,2,1,1
2024,00151128,모토닉,009680,KOSPI,자동차 신품 부품 제조업,1,0,0
2024,00151298,DSR제강,069730,KOSPI,1차 철강 제조업,1,0,0
2024,00151368,인터지스,129260,KOSPI,도로 화물 운송업,1,0,0
2024,00151395,천일고속,000650,KOSPI,육상 여객 운송업,1,0,0
2024,00152039,SG글로벌,001380,KOSPI,자동차 신품 부품 제조업,1,0,0
2024,00152385,에이프로젠,007460,KOSPI,의약품 제조업,1,0,0
2024,00152686,코리아써키트,007810,KOSPI,전자부품 제조업,1,0,0
2024,00152729,광전자,017900,KOSPI,반도체 제조업,1,0,0
2024,00152862,코오롱,002020,KOSPI,기타 금융업,1,0,0
2024,00152880,코오롱글로벌,003070,KOSPI,토목 건설업,3,2,1
2024,00153126,크라운해태홀딩스,005740,KOSPI,기타 금융업,1,0,0
2024,00153339,태경산업,015890,KOSPI,기초 화학물질 제조업,1,0,0
2024,00153393,태광산업,003240,KOSPI,화학섬유 제조업,3,2,1
2024,00153524,태림포장,011280,KOSPI,"골판지, 종이 상자 및 종이용기 제조업",2,1,1
2024,00153621,참엔지니어링,009310,KOSPI,특수 목적용 기계 제조업,1,0,0
2024,00153755,태양금속공업,004100,KOSPI,자동차 신품 부품 제조업,1,0,0
2024,00153861,태영건설,009410,KOSPI,토목 건설업,2,1,1
2024,00154055,태원물산,001420,KOSPI,자동차 신품 부품 제조업,1,0,0
2024,00154329,TP,007980,KOSPI,봉제의복 제조업,1,0,0
2024,00154462,아모레퍼시픽홀딩스,002790,KOSPI,기타 화학제품 제조업,1,0,0
2024,00155124,평화홀딩스,010770,KOSPI,자동차 신품 부품 제조업,1,0,0
2024,00155212,포스코DX,022100,KOSPI,"건축기술, 엔지니어링 및 관련 기술 서비스업",1,0,0
2024,00155258,포스코스틸리온,058430,KOSPI,1차 철강 제조업,2,1,1
2024,00155276,포스코퓨처엠,003670,KOSPI,일차전지 및 이차전지 제조업,1,0,0
2024,00155319,POSCO홀딩스,005490,KOSPI,1차 철강 제조업,1,0,0
2024,00155355,풀무원,017810,KOSPI,기타 식품 제조업,1,0,0
2024,00155531,풍산홀딩스,005810,KOSPI,기타 금융업,1,0,0
2024,00156150,엑시큐어하이트론,019490,KOSPI,영상 및 음향기기 제조업,1,0,0
2024,00156354,지엠비코리아,013870,KOSPI,자동차 신품 부품 제조업,2,1,1
2024,00156488,휴스틸,005010,KOSPI,1차 철강 제조업,1,0,0
2024,00156691,한국공항,005430,KOSPI,기타 운송관련 서비스업,1,0,0
2024,00156859,다올투자증권,030210,KOSPI,금융 지원 서비스업,2,1,1
2024,00157070,한국단자공업,025540,KOSPI,"전동기, 발전기 및 전기 변환 · 공급 · 제어 장치 제조업",2,1,1
2024,00157399,한솔테크닉스,004710,KOSPI,전자부품 제조업,1,0,0
2024,00157681,롯데정밀화학,004000,KOSPI,기초 화학물질 제조업,2,1,1
2024,00157991,한국석유공업,004090,KOSPI,기타 비금속 광물제품 제조업,1,0,0
2024,00158112,한국수출포장공업,002200,KOSPI,"골판지, 종이 상자 및 종이용기 제조업",1,0,0
2024,00158149,한국쉘석유,002960,KOSPI,석유 정제품 제조업,1,0,0
2024,00158307,롯데하이마트,071840,KOSPI,가전제품 및 정보통신장비 소매업,2,1,1
2024,00158316,NICE,034310,KOSPI,회사 본부 및 경영 컨설팅 서비스업,1,0,0
2024,00158325,NICE평가정보,030190,KOSPI,기타 정보 서비스업,1,0,0
2024,00158501,에스원,012750,KOSPI,"경비, 경호 및 탐정업",1,0,0
2024,00158963,유나이티드,033270,KOSPI,의약품 제조업,2,1,1
2024,00159023,SK텔레콤,017670,KOSPI,전기 통신업,1,0,0
2024,00159102,DB손해보험,005830,KOSPI,보험업,3,2,1
2024,00159193,한국전력공사,015760,KOSPI,전기업,1,0,0
2024,00159209,한전기술,052690,KOSPI,"건축기술, 엔지니어링 및 관련 기술 서비스업",2,1,1
2024,00159218,한전KPS,051600,KOSPI,전기 및 통신 공사업,2,1,1
2024,00159254,한국전자홀딩스,006200,KOSPI,기타 금융업,1,0,0
2024,00159500,한국종합기술,023350,KOSPI,"건축기술, 엔지니어링 및 관련 기술 서비스업",1,0,0
2024,00159564,한국주강,025890,KOSPI,특수 목적용 기계 제조업,1,0,0
2024,00159573,한국주철관공업,000970,KOSPI,1차 철강 제조업,1,0,0
2024,00159616,두산에너빌리티,034020,KOSPI,일반 목적용 기계 제조업,1,0,0
2024,00159698,지역난방공사,071320,KOSPI,"증기, 냉·온수 및 공기조절 공급업",2,1,1
2024,00159740,KISCO홀딩스,001940,KOSPI,1차 철강 제조업,1,0,0
2024,00159786,유니드,014830,KOSPI,기초 화학물질 제조업,2,1,1
2024,00159795,한국카본,017960,KOSPI,"구조용 금속제품, 탱크 및 증기발생기 제조업",1,0,0
2024,00159810,카프로,006380,KOSPI,기초 화학물질 제조업,2,1,1
2024,00159971,KC그린홀딩스,009440,KOSPI,기타 금융업,1,0,0
2024,00160047,한국앤컴퍼니,000240,KOSPI,기타 금융업,1,0,0
2024,00160205,한국내화,010040,KOSPI,"내화, 비내화 요업제품 제조업",1,0,0
2024,00160232,KSS해운,044450,KOSPI,해상 운송업,2,1,1
2024,00160302,코스모화학,005420,KOSPI,기타 화학제품 제조업,1,0,0
2024,00160375,진양폴리우레탄,010640,KOSPI,플라스틱제품 제조업,1,0,0
2024,00160418,한국무브넥스,010100,KOSPI,자동차 신품 부품 제조업,1,0,0
2024,00160588,한화,000880,KOSPI,기타 화학제품 제조업,5,4,1
2024,00160621,한국화장품제조,003350,KOSPI,기타 화학제품 제조업,2,1,1
2024,00160843,DB하이텍,000990,KOSPI,반도체 제조업,1,0,0
2024,00160861,한농화성,011500,KOSPI,기타 화학제품 제조업,1,0,0
2024,00161046,한독,002390,KOSPI,의약품 제조업,1,0,0
2024,00161116,HL D&I,014790,KOSPI,토목 건설업,1,0,0
2024,00161125,한온시스템,018880,KOSPI,일반 목적용 기계 제조업,1,0,0
2024,00161383,한미반도체,042700,KOSPI,특수 목적용 기계 제조업,1,0,0
2024,00161426,한미사이언스,008930,KOSPI,기타 금융업,1,0,0
2024,00161693,한샘,009240,KOSPI,생활용품 도매업,1,0,0
2024,00161709,퍼시스,016800,KOSPI,가구 제조업,3,2,1
2024,00161860,한성기업,003680,KOSPI,수산물 가공 및 저장 처리업,1,0,0
2024,00161976,한세예스24홀딩스,016450,KOSPI,봉제의복 제조업,2,1,1
2024,00162063,한신공영,004960,KOSPI,건물 건설업,2,1,1
2024,00162072,한신기계공업,011700,KOSPI,일반 목적용 기계 제조업,5,4,1
2024,00162416,한양증권,001750,KOSPI,금융 지원 서비스업,1,0,0
2024,00162461,한화솔루션,009830,KOSPI,기초 화학물질 제조업,1,0,0
2024,00162586,한올바이오파마,009420,KOSPI,의약품 제조업,1,0,0
2024,00162993,한일홀딩스,003300,KOSPI,"시멘트, 석회, 플라스터 및 그 제품 제조업",1,0,0
2024,00163114,서연,007860,KOSPI,기타 금융업,1,0,0
2024,00163196,한일철강,002220,KOSPI,1차 철강 제조업,2,1,1
2024,00163345,DB,012030,KOSPI,"컴퓨터 프로그래밍, 시스템 통합 및 관리업",1,0,0
2024,00163512,한진,002320,KOSPI,도로 화물 운송업,1,0,0
2024,00163673,한진중공업홀딩스,003480,KOSPI,연료용 가스 제조 및 배관공급업,1,0,0
2024,00163691,유수홀딩스,000700,KOSPI,회사 본부 및 경영 컨설팅 서비스업,2,1,1
2024,00163716,한창,005110,KOSPI,기계장비 및 관련 물품 도매업,3,1,1
2024,00163761,한창제지,009460,KOSPI,"펄프, 종이 및 판지 제조업",1,0,0
2024,00164478,현대건설,000720,KOSPI,토목 건설업,2,1,1
2024,00164636,HDC,012630,KOSPI,기타 금융업,2,1,1
2024,00164645,HMM,011200,KOSPI,해상 운송업,1,0,0
2024,00164706,현대약품,004310,KOSPI,의약품 제조업,1,0,0
2024,00164724,현대엘리베이터,017800,KOSPI,일반 목적용 기계 제조업,1,0,0
2024,00164742,현대자동차,005380,KOSPI,자동차용 엔진 및 자동차 제조업,1,0,0
2024,00164779,SK하이닉스,000660,KOSPI,반도체 제조업,1,0,0
2024,00164788,현대모비스,012330,KOSPI,자동차 신품 부품 제조업,1,0,0
2024,00164812,현대코퍼레이션,011760,KOSPI,상품 종합 도매업,2,1,1
2024,00164830,HD한국조선해양,009540,KOSPI,기타 금융업,1,0,0
2024,00164973,현대해상,001450,KOSPI,보험업,2,1,1
2024,00165343,혜인,003010,KOSPI,기계장비 및 관련 물품 도매업,2,1,1
2024,00165413,롯데케미칼,011170,KOSPI,기초 화학물질 제조업,2,1,1
2024,00165583,E1,017940,KOSPI,기타 전문 도매업,2,1,1
2024,00165680,호텔신라,008770,KOSPI,기타 상품 전문 소매업,2,1,1
2024,00166227,화승인더스트리,006060,KOSPI,상품 종합 도매업,1,0,0
2024,00166272,화승코퍼레이션,013520,KOSPI,자동차 신품 부품 제조업,1,0,0
2024,00166315,화신,010690,KOSPI,자동차 신품 부품 제조업,1,0,0
2024,00166500,화천기계,010660,KOSPI,특수 목적용 기계 제조업,2,1,1
2024,00166519,화천기공,000850,KOSPI,특수 목적용 기계 제조업,1,0,0
2024,00166573,환인제약,016580,KOSPI,의약품 제조업,2,1,1
2024,00167192,넥센,005720,KOSPI,고무제품 제조업,1,0,0
2024,00167208,흥아해운,003280,KOSPI,해상 운송업,1,0,0
2024,00168331,온타이드,005320,KOSPI,생활용품 도매업,1,0,0
2024,00168401,금비,008870,KOSPI,유리 및 유리제품 제조업,1,0,0
2024,00169048,HLB글로벌,003580,KOSPI,종합 소매업,1,0,0
2024,00170558,코웨이,021240,KOSPI,그외 기타 개인 서비스업,1,0,0
2024,00171265,파라다이스,034230,KOSPI,유원지 및 기타 오락관련 서비스업,4,3,1
2024,00171636,한솔홀딩스,004150,KOSPI,기타 금융업,2,1,1
2024,00172185,남성,004270,KOSPI,기타 전문 도매업,1,0,0
2024,00172228,엔케이,085310,KOSPI,"구조용 금속제품, 탱크 및 증기발생기 제조업",1,0,0
2024,00172291,더존비즈온,012510,KOSPI,"컴퓨터 프로그래밍, 시스템 통합 및 관리업",1,0,0
2024,00172936,동일산업,004890,KOSPI,1차 철강 제조업,2,1,1
2024,00173078,명신산업,009900,KOSPI,자동차 신품 부품 제조업,1,0,0
2024,00173102,모나리자,012690,KOSPI,기타 종이 및 판지 제품 제조업,1,0,0
2024,00173698,신일전자,002700,KOSPI,기계장비 및 관련 물품 도매업,1,0,0
2024,00173795,신흥,004080,KOSPI,기계장비 및 관련 물품 도매업,1,0,0
2024,00173874,넥센타이어,002350,KOSPI,고무제품 제조업,1,0,0
2024,00173944,우진,105840,KOSPI,"측정, 시험, 항해, 제어 및 기타 정밀기기 제조업; 광학기기 제외",1,0,0
2024,00174004,유성기업,002920,KOSPI,자동차 신품 부품 제조업,1,0,0
2024,00174527,HS화성,002460,KOSPI,건물 건설업,1,0,0
2024,00176914,다우기술,023590,KOSPI,"자료처리, 호스팅, 포털 및 기타 인터넷 정보매개 서비스업",1,0,0
2024,00177199,디씨엠,024090,KOSPI,1차 철강 제조업,2,1,1
2024,00178754,동아지질,028100,KOSPI,기반조성 및 시설물 축조관련 전문공사업,2,1,1
2024,00180795,인팩,023810,KOSPI,자동차 신품 부품 제조업,1,0,0
2024,00181712,SK,034730,KOSPI,기타 금융업,1,0,0
2024,00181943,에스제이엠홀딩스,025530,KOSPI,자동차 부품 및 내장품 판매업,1,0,0
2024,00186559,아이티센씨티에스,031820,KOSPI,"컴퓨터 프로그래밍, 시스템 통합 및 관리업",1,0,0
2024,00188089,한섬,020000,KOSPI,봉제의복 제조업,2,1,1
2024,00190321,케이티,030200,KOSPI,전기 통신업,1,0,0
2024,00191472,KPX케미칼,025000,KOSPI,기초 화학물질 제조업,1,0,0
2024,00191588,삼원강재,023000,KOSPI,자동차 신품 부품 제조업,1,0,0
2024,00193328,수산인더스트리,126720,KOSPI,전기 및 통신 공사업,3,2,1
2024,00194947,한전산업,130660,KOSPI,"건축기술, 엔지니어링 및 관련 기술 서비스업",1,0,0
2024,00195229,미스토홀딩스,081660,KOSPI,생활용품 도매업,2,1,1
2024,00197759,미래산업,025560,KOSPI,"측정, 시험, 항해, 제어 및 기타 정밀기기 제조업; 광학기기 제외",2,1,1
2024,00198697,일진디스플,020760,KOSPI,반도체 제조업,1,0,0
2024,00203290,콜마홀딩스,024720,KOSPI,기타 금융업,2,1,1
2024,00203315,콘텐트리중앙,036420,KOSPI,"영화, 비디오물, 방송프로그램 제작 및 배급업",1,0,0
2024,00203582,한솔홈데코,025750,KOSPI,제재 및 목재 가공업,1,0,0
2024,00204208,마니커,027740,KOSPI,"도축, 육류 가공 및 저장 처리업",2,1,1
2024,00209780,케이씨,029460,KOSPI,"측정, 시험, 항해, 제어 및 기타 정밀기기 제조업; 광학기기 제외",1,0,0
2024,00210856,코아스,071950,KOSPI,가구 제조업,1,0,0
2024,00218575,황금에스티,032560,KOSPI,1차 비철금속 제조업,1,0,0
2024,00219097,BGF,027410,KOSPI,기타 금융업,2,1,1
2024,00219486,신세계I&C,035510,KOSPI,"컴퓨터 프로그래밍, 시스템 통합 및 관리업",1,0,0
2024,00219574,코스맥스비티아이,044820,KOSPI,기타 금융업,1,0,0
2024,00220561,광주신세계,037710,KOSPI,종합 소매업,2,1,1
2024,00220613,넥스틸,092790,KOSPI,1차 철강 제조업,3,2,1
2024,00222532,LG헬로비전,037560,KOSPI,텔레비전 방송업,1,0,0
2024,00225159,SNT홀딩스,036530,KOSPI,기타 금융업,1,0,0
2024,00225706,JW생명과학,234080,KOSPI,의약품 제조업,1,0,0
2024,00226316,호전실업,111110,KOSPI,봉제의복 제조업,2,1,1
2024,00231363,LG유플러스,032640,KOSPI,전기 통신업,1,0,0
2024,00231372,롯데관광개발,032350,KOSPI,여행사 및 기타 여행보조 서비스업,1,0,0
2024,00233653,한국토지신탁,034830,KOSPI,신탁업 및 집합투자업,1,0,0
2024,00234412,신세계인터내셔날,031430,KOSPI,"섬유, 의복, 신발 및 가죽제품 소매업",2,1,1
2024,00244455,케이티앤지,033780,KOSPI,담배 제조업,1,0,0
2024,00248974,하나제약,293480,KOSPI,의약품 제조업,1,0,0
2024,00249247,YG PLUS,037270,KOSPI,"자료처리, 호스팅, 포털 및 기타 인터넷 정보매개 서비스업",1,0,0
2024,00255619,강원랜드,035250,KOSPI,유원지 및 기타 오락관련 서비스업,1,0,0
2024,00256955,테이팩스,055490,KOSPI,플라스틱제품 제조업,1,0,0
2024,00258801,카카오,035720,KOSPI,"자료처리, 호스팅, 포털 및 기타 인터넷 정보매개 서비스업",2,1,1
2024,00260383,대한유화,006650,KOSPI,기초 화학물질 제조업,1,0,0
2024,00260392,대원전선,006340,KOSPI,절연선 및 케이블 제조업,1,0,0
2024,00260408,팜스코,036580,KOSPI,"곡물가공품, 전분 및 전분제품 제조업",1,0,0
2024,00261285,한국가스공사,036460,KOSPI,연료용 가스 제조 및 배관공급업,2,1,1
2024,00261443,NC,036570,KOSPI,소프트웨어 개발 및 공급업,2,1,1
2024,00266961,NAVER,035420,KOSPI,"자료처리, 호스팅, 포털 및 기타 인터넷 정보매개 서비스업",1,0,0
2024,00269241,주연테크,044380,KOSPI,컴퓨터 및 주변장치 제조업,1,0,0
2024,00269940,하나투어,039130,KOSPI,여행사 및 기타 여행보조 서비스업,1,0,0
2024,00274933,신세계푸드,031440,KOSPI,음식점업,1,0,0
2024,00296290,키움증권,039490,KOSPI,금융 지원 서비스업,1,0,0
2024,00299002,HL홀딩스,060980,KOSPI,기타 금융업,4,3,1
2024,00300548,현대리바트,079430,KOSPI,가구 제조업,2,1,1
2024,00302926,현대로템,064350,KOSPI,그외 기타 운송장비 제조업,2,1,1
2024,00303217,우진플라임,049800,KOSPI,특수 목적용 기계 제조업,1,0,0
2024,00303873,CJ CGV,079160,KOSPI,"영화, 비디오물, 방송프로그램 제작 및 배급업",2,1,1
2024,00305668,새론오토모티브,075180,KOSPI,자동차 신품 부품 제조업,1,0,0
2024,00309503,한국항공우주,047810,KOSPI,"항공기,우주선 및 부품 제조업",1,0,0
2024,00332927,제이에스코퍼레이션,194370,KOSPI,"가죽, 가방 및 유사제품 제조업",1,0,0
2024,00339391,한화시스템,272210,KOSPI,전자부품 제조업,1,0,0
2024,00347734,진양화학,051630,KOSPI,플라스틱제품 제조업,1,0,0
2024,00349097,케이티스카이라이프,053210,KOSPI,텔레비전 방송업,1,0,0
2024,00350312,HDC랩스,039570,KOSPI,전기 및 통신 공사업,2,1,1
2024,00353878,다스코,058730,KOSPI,"구조용 금속제품, 탱크 및 증기발생기 제조업",1,0,0
2024,00356361,LG화학,051910,KOSPI,기초 화학물질 제조업,2,1,1
2024,00356370,LG생활건강,051900,KOSPI,기타 화학제품 제조업,1,0,0
2024,00357360,한세엠케이,069640,KOSPI,"섬유, 의복, 신발 및 가죽제품 소매업",1,0,0
2024,00357935,HDC현대EP,089470,KOSPI,기타 화학제품 제조업,3,2,1
2024,00360142,아이마켓코리아,122900,KOSPI,상품 종합 도매업,1,0,0
2024,00360595,현대글로비스,086280,KOSPI,기타 운송관련 서비스업,2,1,1
2024,00361008,한화엔진,082740,KOSPI,일반 목적용 기계 제조업,2,1,1
2024,00361488,텔코웨어,078000,KOSPI,"자료처리, 호스팅, 포털 및 기타 인터넷 정보매개 서비스업",2,1,1
2024,00362238,휴비스,079980,KOSPI,화학섬유 제조업,1,0,0
2024,00362441,현대오토에버,307950,KOSPI,소프트웨어 개발 및 공급업,1,0,0
2024,00365387,AJ네트웍스,095570,KOSPI,산업용 기계 및 장비 임대업,4,3,1
2024,00365989,모나용평,070960,KOSPI,일반 및 생활 숙박시설 운영업,1,0,0
2024,00366438,산일전기,062040,KOSPI,"전동기, 발전기 및 전기 변환 · 공급 · 제어 장치 제조업",2,1,1
2024,00367710,동인기연,111380,KOSPI,"가죽, 가방 및 유사제품 제조업",1,0,0
2024,00367844,자이에스앤디,317400,KOSPI,부동산 임대 및 공급업,2,1,1
2024,00369833,유니온머티리얼,047400,KOSPI,"내화, 비내화 요업제품 제조업",1,0,0
2024,00372129,전진건설로봇,079900,KOSPI,특수 목적용 기계 제조업,1,0,0
2024,00372873,KTis,058860,KOSPI,기타 정보 서비스업,1,0,0
2024,00372882,KTcs,058850,KOSPI,기타 정보 서비스업,1,0,0
2024,00377610,세아홀딩스,058650,KOSPI,1차 철강 제조업,1,0,0
2024,00382199,신한지주,055550,KOSPI,기타 금융업,1,0,0
2024,00390055,종근당바이오,063160,KOSPI,의약품 제조업,1,0,0
2024,00398701,엘앤에프,066970,KOSPI,일차전지 및 이차전지 제조업,1,0,0
2024,00398792,SNT모티브,064960,KOSPI,자동차 신품 부품 제조업,1,0,0
2024,00400857,에이블씨엔씨,078520,KOSPI,기타 화학제품 제조업,1,0,0
2024,00401731,LG전자,066570,KOSPI,통신 및 방송 장비 제조업,1,0,0
2024,00403632,현대퓨처넷,126560,KOSPI,전기 통신업,2,1,1
2024,00404701,한국자산신탁,123890,KOSPI,신탁업 및 집합투자업,1,0,0
2024,00406046,HD현대마린엔진,071970,KOSPI,일반 목적용 기계 제조업,1,0,0
2024,00409672,티비에이치글로벌,084870,KOSPI,봉제의복 제조업,1,0,0
2024,00412597,현대홈쇼핑,057050,KOSPI,무점포 소매업,2,1,1
2024,00413046,셀트리온,068270,KOSPI,기초 의약물질 제조업,1,0,0
2024,00413523,한미글로벌,053690,KOSPI,"건축기술, 엔지니어링 및 관련 기술 서비스업",2,1,1
2024,00414601,유니퀘스트,077500,KOSPI,기계장비 및 관련 물품 도매업,1,0,0
2024,00414850,효성 ITX,094280,KOSPI,기타 사업지원 서비스업,1,0,0
2024,00415628,세진중공업,075580,KOSPI,선박 및 보트 건조업,1,0,0
2024,00415646,드림텍,192650,KOSPI,전자부품 제조업,4,3,1
2024,00416654,유엔젤,072130,KOSPI,"자료처리, 호스팅, 포털 및 기타 인터넷 정보매개 서비스업",2,1,1
2024,00422895,세이브존I&C,067830,KOSPI,종합 소매업,1,0,0
2024,00423690,삼성출판사,068290,KOSPI,"서적, 잡지 및 기타 인쇄물 출판업",2,1,1
2024,00426086,티케이지휴켐스,069260,KOSPI,기타 화학제품 제조업,1,0,0
2024,00427483,대웅제약,069620,KOSPI,의약품 제조업,4,3,1
2024,00428251,현대백화점,069960,KOSPI,종합 소매업,1,0,0
2024,00428321,해태제과식품,101530,KOSPI,기타 식품 제조업,1,0,0
2024,00428729,대호에이엘,069460,KOSPI,1차 비철금속 제조업,2,1,1
2024,00432102,한국금융지주,071050,KOSPI,기타 금융업,6,5,1
2024,00435312,하이스틸,071090,KOSPI,1차 철강 제조업,2,1,1
2024,00441243,형지엘리트,093240,KOSPI,봉제의복 제조업,1,0,0
2024,00442835,메타랩스,090370,KOSPI,봉제의복 제조업,1,0,0
2024,00447609,비에이치,090460,KOSPI,전자부품 제조업,2,1,1
2024,00450010,씨티알모빌리티,308170,KOSPI,자동차 신품 부품 제조업,2,1,1
2024,00453284,교촌에프앤비,339770,KOSPI,음·식료품 및 담배 도매업,2,1,1
2024,00453488,다이나믹디자인,145210,KOSPI,특수 목적용 기계 제조업,1,0,0
2024,00454946,그린케미칼,083420,KOSPI,기타 화학제품 제조업,1,0,0
2024,00458234,아시아나IDT,267850,KOSPI,"컴퓨터 프로그래밍, 시스템 통합 및 관리업",2,1,1
2024,00459871,농심홀딩스,072710,KOSPI,기타 금융업,2,1,1
2024,00469799,이엔플러스,074610,KOSPI,일반 목적용 기계 제조업,2,0,0
2024,00480367,SK오션플랜트,100090,KOSPI,1차 철강 제조업,3,2,1
2024,00480455,STX엔진,077970,KOSPI,일반 목적용 기계 제조업,1,0,0
2024,00481454,금호타이어,073240,KOSPI,고무제품 제조업,1,0,0
2024,00486705,아주스틸,139990,KOSPI,1차 철강 제조업,3,2,1
2024,00500254,GS,078930,KOSPI,기타 금융업,1,0,0
2024,00503668,LIG디펜스앤에어로스페이스,079550,KOSPI,무기 및 총포탄 제조업,1,0,0
2024,00508274,일진다이아,081000,KOSPI,기타 화학제품 제조업,1,0,0
2024,00508344,SK디앤디,210980,KOSPI,부동산 임대 및 공급업,1,0,0
2024,00520887,비상교육,100220,KOSPI,"서적, 잡지 및 기타 인쇄물 출판업",1,0,0
2024,00525934,LX세미콘,108320,KOSPI,반도체 제조업,2,1,1
2024,00526599,덴티움,145720,KOSPI,의료용 기기 제조업,1,0,0
2024,00534598,한컴라이프케어,372910,KOSPI,의료용 기기 제조업,2,1,1
2024,00539274,대상홀딩스,084690,KOSPI,기타 금융업,1,0,0
2024,00540605,이월드,084680,KOSPI,귀금속 및 장신용품 제조업,1,0,0
2024,00540641,동양고속,084670,KOSPI,육상 여객 운송업,1,0,0
2024,00544452,이리츠코크렙,088260,KOSPI,부동산 임대 및 공급업,4,2,1
2024,00545716,롯데렌탈,089860,KOSPI,운송장비 임대업,1,0,0
2024,00547583,하나금융지주,086790,KOSPI,기타 금융업,1,0,0
2024,00555874,제주항공,089590,KOSPI,항공 여객 운송업,1,0,0
2024,00557508,GKL,114090,KOSPI,유원지 및 기타 오락관련 서비스업,2,1,1
2024,00557933,진도,088790,KOSPI,기타 전문 도매업,2,1,1
2024,00564562,엠씨넥스,097520,KOSPI,영상 및 음향기기 제조업,1,0,0
2024,00565154,이노션,214320,KOSPI,광고업,2,1,1
2024,00573579,평화산업,090080,KOSPI,자동차 신품 부품 제조업,1,0,0
2024,00583424,아모레퍼시픽,090430,KOSPI,기타 화학제품 제조업,1,0,0
2024,00583442,노루페인트,090350,KOSPI,기타 화학제품 제조업,1,0,0
2024,00587466,KPX홀딩스,092230,KOSPI,기초 화학물질 제조업,1,0,0
2024,00589127,KEC,092220,KOSPI,반도체 제조업,1,0,0
2024,00593032,LF,093050,KOSPI,봉제의복 제조업,1,0,0
2024,00595191,후성,093370,KOSPI,기초 화학물질 제조업,1,0,0
2024,00622787,바이오노트,377740,KOSPI,의료용품 및 기타 의약 관련제품 제조업,1,0,0
2024,00628189,웅진씽크빅,095720,KOSPI,초등 교육기관,1,0,0
2024,00631518,SK이노베이션,096770,KOSPI,석유 정제품 제조업,1,0,0
2024,00632304,JW홀딩스,096760,KOSPI,기타 금융업,1,0,0
2024,00633835,HJ중공업,097230,KOSPI,토목 건설업,3,2,1
2024,00635134,CJ제일제당,097950,KOSPI,기타 식품 제조업,2,1,1
2024,00646732,진양홀딩스,100250,KOSPI,플라스틱제품 제조업,1,0,0
2024,00648721,SNT에너지,100840,KOSPI,일반 목적용 기계 제조업,1,0,0
2024,00651901,에어부산,298690,KOSPI,항공 여객 운송업,1,0,0
2024,00652423,인바이오젠,101140,KOSPI,기계장비 및 관련 물품 도매업,3,2,1
2024,00653024,진에어,272450,KOSPI,항공 여객 운송업,1,0,0
2024,00661847,화인베스틸,133820,KOSPI,1차 철강 제조업,1,0,0
2024,00670340,씨에스윈드,112610,KOSPI,"구조용 금속제품, 탱크 및 증기발생기 제조업",3,2,1
2024,00671376,트리니티항공,091810,KOSPI,항공 여객 운송업,1,0,0
2024,00679314,동성케미컬,102260,KOSPI,합성고무 및 플라스틱 물질 제조업,2,1,1
2024,00683469,일진전기,103590,KOSPI,절연선 및 케이블 제조업,1,0,0
2024,00684714,풍산,103140,KOSPI,1차 비철금속 제조업,1,0,0
2024,00684802,에이플러스에셋,244920,KOSPI,보험 및 연금관련 서비스업,1,0,0
2024,00687711,한국철강,104700,KOSPI,1차 철강 제조업,1,0,0
2024,00688996,KB금융,105560,KOSPI,기타 금융업,2,1,1
2024,00706715,미원홀딩스,107590,KOSPI,기타 금융업,1,0,0
2024,00728638,한세실업,105630,KOSPI,봉제의복 제조업,1,0,0
2024,00753643,주성코퍼레이션,109070,KOSPI,통신 및 방송 장비 제조업,1,0,0
2024,00759513,LX하우시스,108670,KOSPI,플라스틱제품 제조업,1,0,0
2024,00760971,크래프톤,259960,KOSPI,소프트웨어 개발 및 공급업,1,0,0
2024,00767460,PI첨단소재,178920,KOSPI,플라스틱제품 제조업,1,0,0
2024,00776820,영원무역,111770,KOSPI,상품 종합 도매업,1,0,0
2024,00787376,대성에너지,117580,KOSPI,연료용 가스 제조 및 배관공급업,1,0,0
2024,00791209,메타케어,118000,KOSPI,기계장비 및 관련 물품 도매업,1,0,0
2024,00795135,코오롱인더,120110,KOSPI,화학섬유 제조업,2,1,1
2024,00796994,조선선재,120030,KOSPI,기타 금속 가공제품 제조업,2,1,1
2024,00797364,KC코트렐,119650,KOSPI,일반 목적용 기계 제조업,2,1,1
2024,00815369,에스제이엠,123700,KOSPI,자동차 신품 부품 제조업,2,1,1
2024,00816544,토니모리,214420,KOSPI,기타 화학제품 제조업,1,0,0
2024,00823429,한국화장품,123690,KOSPI,생활용품 도매업,1,0,0
2024,00828497,한미약품,128940,KOSPI,의약품 제조업,1,0,0
2024,00828789,대성산업,128820,KOSPI,연료 소매업,1,0,0
2024,00838500,엘브이엠씨,900140,KOSPI,자동차 판매업,1,0,0
2024,00852087,시디즈,134790,KOSPI,가구 제조업,4,3,1
2024,00854997,에스디바이오센서,137310,KOSPI,의료용 기기 제조업,5,4,1
2024,00855093,선진,136490,KOSPI,동물용 사료 및 조제식품 제조업,1,0,0
2024,00855163,미원화학,134380,KOSPI,기타 화학제품 제조업,1,0,0
2024,00858364,BNK금융지주,138930,KOSPI,기타 금융업,1,0,0
2024,00860332,메리츠금융지주,138040,KOSPI,기타 금융업,2,1,1
2024,00860730,에이리츠,140910,KOSPI,부동산 임대 및 공급업,1,0,0
2024,00861076,케이탑리츠,145270,KOSPI,부동산 임대 및 공급업,1,0,0
2024,00872984,이마트,139480,KOSPI,종합 소매업,1,0,0
2024,00877059,삼성바이오로직스,207940,KOSPI,기초 의약물질 제조업,2,1,1
2024,00878696,에스케이바이오팜,326030,KOSPI,자연과학 및 공학 연구개발업,1,0,0
2024,00878915,iM금융지주,139130,KOSPI,기타 금융업,1,0,0
2024,00896285,삼양사,145990,KOSPI,기타 식품 제조업,1,0,0
2024,00904672,넷마블,251270,KOSPI,소프트웨어 개발 및 공급업,1,0,0
2024,00911955,잇츠한불,226320,KOSPI,기타 화학제품 제조업,2,1,1
2024,00936787,애경케미칼,161000,KOSPI,기초 화학물질 제조업,1,0,0
2024,00937324,한국타이어앤테크놀로지,161390,KOSPI,고무제품 제조업,1,0,0
2024,00939331,한국콜마,161890,KOSPI,기타 화학제품 제조업,1,0,0
2024,00939687,동일고무벨트,163560,KOSPI,고무제품 제조업,1,0,0
2024,00956930,동아에스티,170900,KOSPI,의약품 제조업,1,0,0
2024,00968607,더본코리아,475560,KOSPI,상품 종합 도매업,1,0,0
2024,00972503,일진하이솔루스,271940,KOSPI,그외 기타 운송장비 제조업,1,0,0
2024,00980122,JB금융지주,175330,KOSPI,기타 금융업,1,0,0
2024,00983040,한진칼,180640,KOSPI,기타 금융업,2,1,1
2024,00983271,NHN,181710,KOSPI,소프트웨어 개발 및 공급업,3,2,1
2024,00990165,아세아시멘트,183190,KOSPI,"시멘트, 석회, 플라스터 및 그 제품 제조업",2,1,1
2024,00992871,종근당,185750,KOSPI,의약품 제조업,2,1,1
2024,01009789,코스맥스,192820,KOSPI,기타 화학제품 제조업,3,2,1
2024,01010110,더블유게임즈,192080,KOSPI,소프트웨어 개발 및 공급업,1,0,0
2024,01026157,쏘카,403550,KOSPI,운송장비 임대업,1,0,0
2024,01032413,해성디에스,195870,KOSPI,전자부품 제조업,1,0,0
2024,01032486,두산밥캣,241560,KOSPI,특수 목적용 기계 제조업,1,0,0
2024,01035289,JK리버스톤리츠,204210,KOSPI,부동산 임대 및 공급업,3,1,1
2024,01036446,서연이화,200880,KOSPI,자동차 신품 부품 제조업,2,1,1
2024,01042775,HL만도,204320,KOSPI,자동차 신품 부품 제조업,2,1,1
2024,01059605,디와이파워,210540,KOSPI,특수 목적용 기계 제조업,1,0,0
2024,01060744,한솔제지,213500,KOSPI,"펄프, 종이 및 판지 제조업",1,0,0
2024,01060814,삼양패키징,272550,KOSPI,플라스틱제품 제조업,1,0,0
2024,01093007,LS에코에너지,229640,KOSPI,기타 금융업,1,0,0
2024,01105153,두산로보틱스,454910,KOSPI,특수 목적용 기계 제조업,1,0,0
2024,01108099,현대코퍼레이션홀딩스,227840,KOSPI,음·식료품 및 담배 도매업,1,0,0
2024,01128613,화승엔터프라이즈,241590,KOSPI,신발 및 신발 부분품 제조업,1,0,0
2024,01133217,카카오뱅크,323410,KOSPI,은행 및 저축기관,2,1,1
2024,01159233,솔루엠,248070,KOSPI,전자부품 제조업,2,1,1
2024,01167056,샘표식품,248170,KOSPI,기타 식품 제조업,1,0,0
2024,01168383,일동제약,249420,KOSPI,의약품 제조업,1,0,0
2024,01180118,코람코더원리츠,417310,KOSPI,부동산 임대 및 공급업,4,0,0
2024,01190568,에이피알,278470,KOSPI,기타 화학제품 제조업,1,0,0
2024,01194689,HD현대마린솔루션,443060,KOSPI,"건축기술, 엔지니어링 및 관련 기술 서비스업",3,2,1
2024,01199550,HD현대에너지솔루션,322000,KOSPI,반도체 제조업,2,1,1
2024,01203312,케이뱅크,279570,KOSPI,은행 및 저축기관,1,0,0
2024,01204056,하이브,352820,KOSPI,오디오물 출판 및 원판 녹음업,1,0,0
2024,01205329,크라운제과,264900,KOSPI,"떡, 빵 및 과자류 제조업",1,0,0
2024,01205709,HD현대,267250,KOSPI,기타 금융업,1,0,0
2024,01205842,HD건설기계,267270,KOSPI,특수 목적용 기계 제조업,2,1,1
2024,01205851,HD현대일렉트릭,267260,KOSPI,"전동기, 발전기 및 전기 변환 · 공급 · 제어 장치 제조업",2,1,1
2024,01208885,경동도시가스,267290,KOSPI,연료용 가스 제조 및 배관공급업,1,0,0
2024,01210677,씨케이솔루션,480370,KOSPI,일반 목적용 기계 제조업,1,0,0
2024,01234297,미원에스씨,268280,KOSPI,기초 화학물질 제조업,1,0,0
2024,01236897,제일약품,271980,KOSPI,의약품 제조업,1,0,0
2024,01238169,오리온,271560,KOSPI,기타 식품 제조업,2,1,1
2024,01244601,카카오페이,377300,KOSPI,금융 지원 서비스업,1,0,0
2024,01258507,롯데웰푸드,280360,KOSPI,기타 식품 제조업,3,2,1
2024,01261893,케이씨텍,281820,KOSPI,"측정, 시험, 항해, 제어 및 기타 정밀기기 제조업; 광학기기 제외",1,0,0
2024,01262032,롯데이노베이트,286940,KOSPI,"컴퓨터 프로그래밍, 시스템 통합 및 관리업",2,1,1
2024,01263022,BGF리테일,282330,KOSPI,종합 소매업,1,0,0
2024,01267170,SK케미칼,285130,KOSPI,합성고무 및 플라스틱 물질 제조업,1,0,0
2024,01267684,쿠쿠홈시스,284740,KOSPI,개인 및 가정용품 임대업,2,1,1
2024,01276594,신한알파리츠,293940,KOSPI,부동산 임대 및 공급업,2,0,0
2024,01310269,IPARK현대산업개발,294870,KOSPI,건물 건설업,2,1,1
2024,01311408,에코프로머티,450080,KOSPI,일차전지 및 이차전지 제조업,2,1,1
2024,01316227,효성티앤씨,298020,KOSPI,화학섬유 제조업,1,0,0
2024,01316236,효성화학,298000,KOSPI,기초 화학물질 제조업,1,0,0
2024,01316245,효성중공업,298040,KOSPI,"전동기, 발전기 및 전기 변환 · 공급 · 제어 장치 제조업",2,1,1
2024,01316254,HS효성첨단소재,298050,KOSPI,화학섬유 제조업,1,0,0
2024,01319808,한일시멘트,300720,KOSPI,"시멘트, 석회, 플라스터 및 그 제품 제조업",1,0,0
2024,01319899,SK바이오사이언스,302440,KOSPI,기초 의약물질 제조업,1,0,0
2024,01323032,케이카,381970,KOSPI,자동차 판매업,1,0,0
2024,01325979,세아제강,306200,KOSPI,1차 철강 제조업,1,0,0
2024,01350869,우리금융지주,316140,KOSPI,기타 금융업,2,1,1
2024,01363818,롯데리츠,330590,KOSPI,부동산 임대 및 공급업,2,0,0
2024,01384787,시프트업,462870,KOSPI,소프트웨어 개발 및 공급업,1,0,0
2024,01386916,SK아이이테크놀로지,361610,KOSPI,일차전지 및 이차전지 제조업,1,0,0
2024,01390344,HD현대중공업,329180,KOSPI,선박 및 보트 건조업,1,0,0
2024,01391033,NH프라임리츠,338100,KOSPI,부동산 임대 및 공급업,3,1,1
2024,01394377,이지스밸류플러스리츠,334890,KOSPI,부동산 임대 및 공급업,2,0,0
2024,01412725,두산퓨얼셀,336260,KOSPI,"전동기, 발전기 및 전기 변환 · 공급 · 제어 장치 제조업",1,0,0
2024,01412822,솔루스첨단소재,336370,KOSPI,전자부품 제조업,2,1,1
2024,01415892,제이알글로벌리츠,348950,KOSPI,부동산 임대 및 공급업,2,0,0
2024,01428203,케이씨씨글라스,344820,KOSPI,유리 및 유리제품 제조업,1,0,0
2024,01430475,코람코라이프인프라리츠,357120,KOSPI,부동산 임대 및 공급업,2,0,0
2024,01436558,신한서부티엔디리츠,404990,KOSPI,부동산 임대 및 공급업,2,0,0
2024,01436628,이지스레지던스리츠,350520,KOSPI,부동산 임대 및 공급업,2,0,0
2024,01437186,ESR켄달스퀘어리츠,365550,KOSPI,부동산 임대 및 공급업,2,0,0
2024,01437292,미래에셋맵스리츠,357250,KOSPI,부동산 임대 및 공급업,2,0,0
2024,01442966,마스턴프리미어리츠,357430,KOSPI,부동산 임대 및 공급업,3,1,1
2024,01475609,디앤디플랫폼리츠,377190,KOSPI,부동산 임대 및 공급업,2,0,0
2024,01478712,대덕전자,353200,KOSPI,전자부품 제조업,1,0,0
2024,01480780,NH올원리츠,400760,KOSPI,부동산 임대 및 공급업,2,0,0
2024,01497869,티와이홀딩스,363280,KOSPI,기타 금융업,1,0,0
2024,01510489,프레스티지바이오파마,950210,KOSPI,자연과학 및 공학 연구개발업,3,2,1
2024,01515323,LG에너지솔루션,373220,KOSPI,일차전지 및 이차전지 제조업,1,0,0
2024,01519790,엠앤씨솔루션,484870,KOSPI,특수 목적용 기계 제조업,1,0,0
2024,01524093,DL이앤씨,375500,KOSPI,토목 건설업,2,1,1
2024,01532603,화승알앤에이,378850,KOSPI,자동차 신품 부품 제조업,1,0,0
2024,01535150,SK리츠,395400,KOSPI,부동산 임대 및 공급업,4,0,0
2024,01562589,LX홀딩스,383800,KOSPI,기타 금융업,1,0,0
2024,01568413,F&F,383220,KOSPI,봉제의복 제조업,1,0,0
2024,01576102,미래에셋글로벌리츠,396690,KOSPI,부동산 임대 및 공급업,2,0,0
2024,01596425,SK스퀘어,402340,KOSPI,기타 금융업,1,0,0
2024,01622720,KB스타리츠,432320,KOSPI,부동산 임대 및 공급업,4,2,1
2024,01649204,달바글로벌,483650,KOSPI,기타 화학제품 제조업,1,0,0
2024,01669226,한화리츠,451800,KOSPI,부동산 임대 및 공급업,3,1,1
2024,01688896,삼성FN리츠,448730,KOSPI,부동산 임대 및 공급업,4,0,0
2024,01702017,유니드비티플러스,446070,KOSPI,제재 및 목재 가공업,1,0,0
2024,01714997,신한글로벌액티브리츠,481850,KOSPI,신탁업 및 집합투자업,3,1,1
2024,01721809,현대그린푸드,453340,KOSPI,종합 소매업,1,0,0
2024,01722437,한화갤러리아,452260,KOSPI,종합 소매업,1,0,0
2024,01760738,OCI,456040,KOSPI,기초 화학물질 제조업,1,0,0
2024,01762569,이수스페셜티케미컬,457190,KOSPI,기초 화학물질 제조업,1,0,0
2024,01765256,동국씨엠,460850,KOSPI,1차 철강 제조업,1,0,0
2024,01765265,동국제강,460860,KOSPI,1차 철강 제조업,2,1,1
2024,01770203,조선내화,462520,KOSPI,"내화, 비내화 요업제품 제조업",1,0,0
2024,01784394,STX그린로지스,465770,KOSPI,해상 운송업,1,0,0
2024,01817081,SK이터닉스,475150,KOSPI,건물 건설업,1,0,0
2024,01854763,HS효성,487570,KOSPI,기타 금융업,1,0,0
2024,01867758,한화비전,489790,KOSPI,통신 및 방송 장비 제조업,1,0,0
2024,01882845,GS피앤엘,499790,KOSPI,기타 금융업,1,0,0
2024,01885222,대신밸류리츠,000300,KOSPI,신탁업 및 집합투자업,2,0,0
