corp_code,stock_code,corp_name,market,sector,fiscal_year
00949161,217590,티엠씨,KOSPI,절연선 및 케이블 제조업,2018
00949161,217590,티엠씨,KOSPI,절연선 및 케이블 제조업,2019
00949161,217590,티엠씨,KOSPI,절연선 및 케이블 제조업,2020
00949161,217590,티엠씨,KOSPI,절연선 및 케이블 제조업,2021
00949161,217590,티엠씨,KOSPI,절연선 및 케이블 제조업,2022
00949161,217590,티엠씨,KOSPI,절연선 및 케이블 제조업,2023
00949161,217590,티엠씨,KOSPI,절연선 및 케이블 제조업,2024
00131054,001200,삼양바이오팜,KOSPI,의약품 제조업,2018
00131054,001200,삼양바이오팜,KOSPI,의약품 제조업,2019
00131054,001200,삼양바이오팜,KOSPI,의약품 제조업,2020
00131054,001200,삼양바이오팜,KOSPI,의약품 제조업,2021
00131054,001200,삼양바이오팜,KOSPI,의약품 제조업,2022
00131054,001200,삼양바이오팜,KOSPI,의약품 제조업,2023
00131054,001200,삼양바이오팜,KOSPI,의약품 제조업,2024
00179489,317450,명인제약,KOSPI,의약품 제조업,2018
00179489,317450,명인제약,KOSPI,의약품 제조업,2019
00179489,317450,명인제약,KOSPI,의약품 제조업,2020
00179489,317450,명인제약,KOSPI,의약품 제조업,2021
00179489,317450,명인제약,KOSPI,의약품 제조업,2022
00179489,317450,명인제약,KOSPI,의약품 제조업,2023
00179489,317450,명인제약,KOSPI,의약품 제조업,2024
00182696,439260,대한조선,KOSPI,선박 및 보트 건조업,2018
00182696,439260,대한조선,KOSPI,선박 및 보트 건조업,2019
00182696,439260,대한조선,KOSPI,선박 및 보트 건조업,2020
00182696,439260,대한조선,KOSPI,선박 및 보트 건조업,2021
00182696,439260,대한조선,KOSPI,선박 및 보트 건조업,2022
00182696,439260,대한조선,KOSPI,선박 및 보트 건조업,2023
00182696,439260,대한조선,KOSPI,선박 및 보트 건조업,2024
01649204,483650,달바글로벌,KOSPI,기타 화학제품 제조업,2018
01649204,483650,달바글로벌,KOSPI,기타 화학제품 제조업,2019
01649204,483650,달바글로벌,KOSPI,기타 화학제품 제조업,2020
01649204,483650,달바글로벌,KOSPI,기타 화학제품 제조업,2021
01649204,483650,달바글로벌,KOSPI,기타 화학제품 제조업,2022
01649204,483650,달바글로벌,KOSPI,기타 화학제품 제조업,2023
01649204,483650,달바글로벌,KOSPI,기타 화학제품 제조업,2024
01210677,480370,씨케이솔루션,KOSPI,일반 목적용 기계 제조업,2018
01210677,480370,씨케이솔루션,KOSPI,일반 목적용 기계 제조업,2019
01210677,480370,씨케이솔루션,KOSPI,일반 목적용 기계 제조업,2020
01210677,480370,씨케이솔루션,KOSPI,일반 목적용 기계 제조업,2021
01210677,480370,씨케이솔루션,KOSPI,일반 목적용 기계 제조업,2022
01210677,480370,씨케이솔루션,KOSPI,일반 목적용 기계 제조업,2023
01210677,480370,씨케이솔루션,KOSPI,일반 목적용 기계 제조업,2024
00139834,064400,LG씨엔에스,KOSPI,"컴퓨터 프로그래밍, 시스템 통합 및 관리업",2018
00139834,064400,LG씨엔에스,KOSPI,"컴퓨터 프로그래밍, 시스템 통합 및 관리업",2019
00139834,064400,LG씨엔에스,KOSPI,"컴퓨터 프로그래밍, 시스템 통합 및 관리업",2020
00139834,064400,LG씨엔에스,KOSPI,"컴퓨터 프로그래밍, 시스템 통합 및 관리업",2021
00139834,064400,LG씨엔에스,KOSPI,"컴퓨터 프로그래밍, 시스템 통합 및 관리업",2022
00139834,064400,LG씨엔에스,KOSPI,"컴퓨터 프로그래밍, 시스템 통합 및 관리업",2023
00139834,064400,LG씨엔에스,KOSPI,"컴퓨터 프로그래밍, 시스템 통합 및 관리업",2024
01519790,484870,엠앤씨솔루션,KOSPI,특수 목적용 기계 제조업,2018
01519790,484870,엠앤씨솔루션,KOSPI,특수 목적용 기계 제조업,2019
01519790,484870,엠앤씨솔루션,KOSPI,특수 목적용 기계 제조업,2020
01519790,484870,엠앤씨솔루션,KOSPI,특수 목적용 기계 제조업,2021
01519790,484870,엠앤씨솔루션,KOSPI,특수 목적용 기계 제조업,2022
01519790,484870,엠앤씨솔루션,KOSPI,특수 목적용 기계 제조업,2023
01519790,484870,엠앤씨솔루션,KOSPI,특수 목적용 기계 제조업,2024
00968607,475560,더본코리아,KOSPI,상품 종합 도매업,2018
00968607,475560,더본코리아,KOSPI,상품 종합 도매업,2019
00968607,475560,더본코리아,KOSPI,상품 종합 도매업,2020
00968607,475560,더본코리아,KOSPI,상품 종합 도매업,2021
00968607,475560,더본코리아,KOSPI,상품 종합 도매업,2022
00968607,475560,더본코리아,KOSPI,상품 종합 도매업,2023
00968607,475560,더본코리아,KOSPI,상품 종합 도매업,2024
01867758,489790,한화비전,KOSPI,통신 및 방송 장비 제조업,2018
01867758,489790,한화비전,KOSPI,통신 및 방송 장비 제조업,2019
01867758,489790,한화비전,KOSPI,통신 및 방송 장비 제조업,2020
01867758,489790,한화비전,KOSPI,통신 및 방송 장비 제조업,2021
01867758,489790,한화비전,KOSPI,통신 및 방송 장비 제조업,2022
01867758,489790,한화비전,KOSPI,통신 및 방송 장비 제조업,2023
01867758,489790,한화비전,KOSPI,통신 및 방송 장비 제조업,2024
00372129,079900,전진건설로봇,KOSPI,특수 목적용 기계 제조업,2018
00372129,079900,전진건설로봇,KOSPI,특수 목적용 기계 제조업,2019
00372129,079900,전진건설로봇,KOSPI,특수 목적용 기계 제조업,2020
00372129,079900,전진건설로봇,KOSPI,특수 목적용 기계 제조업,2021
00372129,079900,전진건설로봇,KOSPI,특수 목적용 기계 제조업,2022
00372129,079900,전진건설로봇,KOSPI,특수 목적용 기계 제조업,2023
00372129,079900,전진건설로봇,KOSPI,특수 목적용 기계 제조업,2024
00366438,062040,산일전기,KOSPI,"전동기, 발전기 및 전기 변환 · 공급 · 제어 장치 제조업",2018
00366438,062040,산일전기,KOSPI,"전동기, 발전기 및 전기 변환 · 공급 · 제어 장치 제조업",2019
00366438,062040,산일전기,KOSPI,"전동기, 발전기 및 전기 변환 · 공급 · 제어 장치 제조업",2020
00366438,062040,산일전기,KOSPI,"전동기, 발전기 및 전기 변환 · 공급 · 제어 장치 제조업",2021
00366438,062040,산일전기,KOSPI,"전동기, 발전기 및 전기 변환 · 공급 · 제어 장치 제조업",2022
00366438,062040,산일전기,KOSPI,"전동기, 발전기 및 전기 변환 · 공급 · 제어 장치 제조업",2023
00366438,062040,산일전기,KOSPI,"전동기, 발전기 및 전기 변환 · 공급 · 제어 장치 제조업",2024
01384787,462870,시프트업,KOSPI,소프트웨어 개발 및 공급업,2018
01384787,462870,시프트업,KOSPI,소프트웨어 개발 및 공급업,2019
01384787,462870,시프트업,KOSPI,소프트웨어 개발 및 공급업,2020
01384787,462870,시프트업,KOSPI,소프트웨어 개발 및 공급업,2021
01384787,462870,시프트업,KOSPI,소프트웨어 개발 및 공급업,2022
01384787,462870,시프트업,KOSPI,소프트웨어 개발 및 공급업,2023
01384787,462870,시프트업,KOSPI,소프트웨어 개발 및 공급업,2024
00171265,034230,파라다이스,KOSPI,유원지 및 기타 오락관련 서비스업,2018
00171265,034230,파라다이스,KOSPI,유원지 및 기타 오락관련 서비스업,2019
00171265,034230,파라다이스,KOSPI,유원지 및 기타 오락관련 서비스업,2020
00171265,034230,파라다이스,KOSPI,유원지 및 기타 오락관련 서비스업,2021
00171265,034230,파라다이스,KOSPI,유원지 및 기타 오락관련 서비스업,2022
00171265,034230,파라다이스,KOSPI,유원지 및 기타 오락관련 서비스업,2023
00171265,034230,파라다이스,KOSPI,유원지 및 기타 오락관련 서비스업,2024
01194689,443060,HD현대마린솔루션,KOSPI,"건축기술, 엔지니어링 및 관련 기술 서비스업",2018
01194689,443060,HD현대마린솔루션,KOSPI,"건축기술, 엔지니어링 및 관련 기술 서비스업",2019
01194689,443060,HD현대마린솔루션,KOSPI,"건축기술, 엔지니어링 및 관련 기술 서비스업",2020
01194689,443060,HD현대마린솔루션,KOSPI,"건축기술, 엔지니어링 및 관련 기술 서비스업",2021
01194689,443060,HD현대마린솔루션,KOSPI,"건축기술, 엔지니어링 및 관련 기술 서비스업",2022
01194689,443060,HD현대마린솔루션,KOSPI,"건축기술, 엔지니어링 및 관련 기술 서비스업",2023
01194689,443060,HD현대마린솔루션,KOSPI,"건축기술, 엔지니어링 및 관련 기술 서비스업",2024
01817081,475150,SK이터닉스,KOSPI,건물 건설업,2018
01817081,475150,SK이터닉스,KOSPI,건물 건설업,2019
01817081,475150,SK이터닉스,KOSPI,건물 건설업,2020
01817081,475150,SK이터닉스,KOSPI,건물 건설업,2021
01817081,475150,SK이터닉스,KOSPI,건물 건설업,2022
01817081,475150,SK이터닉스,KOSPI,건물 건설업,2023
01817081,475150,SK이터닉스,KOSPI,건물 건설업,2024
01190568,278470,에이피알,KOSPI,기타 화학제품 제조업,2018
01190568,278470,에이피알,KOSPI,기타 화학제품 제조업,2019
01190568,278470,에이피알,KOSPI,기타 화학제품 제조업,2020
01190568,278470,에이피알,KOSPI,기타 화학제품 제조업,2021
01190568,278470,에이피알,KOSPI,기타 화학제품 제조업,2022
01190568,278470,에이피알,KOSPI,기타 화학제품 제조업,2023
01190568,278470,에이피알,KOSPI,기타 화학제품 제조업,2024
00398701,066970,엘앤에프,KOSPI,일차전지 및 이차전지 제조업,2018
00398701,066970,엘앤에프,KOSPI,일차전지 및 이차전지 제조업,2019
00398701,066970,엘앤에프,KOSPI,일차전지 및 이차전지 제조업,2020
00398701,066970,엘앤에프,KOSPI,일차전지 및 이차전지 제조업,2021
00398701,066970,엘앤에프,KOSPI,일차전지 및 이차전지 제조업,2022
00398701,066970,엘앤에프,KOSPI,일차전지 및 이차전지 제조업,2023
00398701,066970,엘앤에프,KOSPI,일차전지 및 이차전지 제조업,2024
00155212,022100,포스코DX,KOSPI,"건축기술, 엔지니어링 및 관련 기술 서비스업",2018
00155212,022100,포스코DX,KOSPI,"건축기술, 엔지니어링 및 관련 기술 서비스업",2019
00155212,022100,포스코DX,KOSPI,"건축기술, 엔지니어링 및 관련 기술 서비스업",2020
00155212,022100,포스코DX,KOSPI,"건축기술, 엔지니어링 및 관련 기술 서비스업",2021
00155212,022100,포스코DX,KOSPI,"건축기술, 엔지니어링 및 관련 기술 서비스업",2022
00155212,022100,포스코DX,KOSPI,"건축기술, 엔지니어링 및 관련 기술 서비스업",2023
00155212,022100,포스코DX,KOSPI,"건축기술, 엔지니어링 및 관련 기술 서비스업",2024
00108612,017860,DS단석,KOSPI,기타 화학제품 제조업,2018
00108612,017860,DS단석,KOSPI,기타 화학제품 제조업,2019
00108612,017860,DS단석,KOSPI,기타 화학제품 제조업,2020
00108612,017860,DS단석,KOSPI,기타 화학제품 제조업,2021
00108612,017860,DS단석,KOSPI,기타 화학제품 제조업,2022
00108612,017860,DS단석,KOSPI,기타 화학제품 제조업,2023
00108612,017860,DS단석,KOSPI,기타 화학제품 제조업,2024
00367710,111380,동인기연,KOSPI,"가죽, 가방 및 유사제품 제조업",2018
00367710,111380,동인기연,KOSPI,"가죽, 가방 및 유사제품 제조업",2019
00367710,111380,동인기연,KOSPI,"가죽, 가방 및 유사제품 제조업",2020
00367710,111380,동인기연,KOSPI,"가죽, 가방 및 유사제품 제조업",2021
00367710,111380,동인기연,KOSPI,"가죽, 가방 및 유사제품 제조업",2022
00367710,111380,동인기연,KOSPI,"가죽, 가방 및 유사제품 제조업",2023
00367710,111380,동인기연,KOSPI,"가죽, 가방 및 유사제품 제조업",2024
01311408,450080,에코프로머티,KOSPI,일차전지 및 이차전지 제조업,2018
01311408,450080,에코프로머티,KOSPI,일차전지 및 이차전지 제조업,2019
01311408,450080,에코프로머티,KOSPI,일차전지 및 이차전지 제조업,2020
01311408,450080,에코프로머티,KOSPI,일차전지 및 이차전지 제조업,2021
01311408,450080,에코프로머티,KOSPI,일차전지 및 이차전지 제조업,2022
01311408,450080,에코프로머티,KOSPI,일차전지 및 이차전지 제조업,2023
01311408,450080,에코프로머티,KOSPI,일차전지 및 이차전지 제조업,2024
01105153,454910,두산로보틱스,KOSPI,특수 목적용 기계 제조업,2018
01105153,454910,두산로보틱스,KOSPI,특수 목적용 기계 제조업,2019
01105153,454910,두산로보틱스,KOSPI,특수 목적용 기계 제조업,2020
01105153,454910,두산로보틱스,KOSPI,특수 목적용 기계 제조업,2021
01105153,454910,두산로보틱스,KOSPI,특수 목적용 기계 제조업,2022
01105153,454910,두산로보틱스,KOSPI,특수 목적용 기계 제조업,2023
01105153,454910,두산로보틱스,KOSPI,특수 목적용 기계 제조업,2024
01784394,465770,STX그린로지스,KOSPI,해상 운송업,2018
01784394,465770,STX그린로지스,KOSPI,해상 운송업,2019
01784394,465770,STX그린로지스,KOSPI,해상 운송업,2020
01784394,465770,STX그린로지스,KOSPI,해상 운송업,2021
01784394,465770,STX그린로지스,KOSPI,해상 운송업,2022
01784394,465770,STX그린로지스,KOSPI,해상 운송업,2023
01784394,465770,STX그린로지스,KOSPI,해상 운송업,2024
00220613,092790,넥스틸,KOSPI,1차 철강 제조업,2018
00220613,092790,넥스틸,KOSPI,1차 철강 제조업,2019
00220613,092790,넥스틸,KOSPI,1차 철강 제조업,2020
00220613,092790,넥스틸,KOSPI,1차 철강 제조업,2021
00220613,092790,넥스틸,KOSPI,1차 철강 제조업,2022
00220613,092790,넥스틸,KOSPI,1차 철강 제조업,2023
00220613,092790,넥스틸,KOSPI,1차 철강 제조업,2024
00158325,030190,NICE평가정보,KOSPI,기타 정보 서비스업,2018
00158325,030190,NICE평가정보,KOSPI,기타 정보 서비스업,2019
00158325,030190,NICE평가정보,KOSPI,기타 정보 서비스업,2020
00158325,030190,NICE평가정보,KOSPI,기타 정보 서비스업,2021
00158325,030190,NICE평가정보,KOSPI,기타 정보 서비스업,2022
00158325,030190,NICE평가정보,KOSPI,기타 정보 서비스업,2023
00158325,030190,NICE평가정보,KOSPI,기타 정보 서비스업,2024
01770203,462520,조선내화,KOSPI,"내화, 비내화 요업제품 제조업",2018
01770203,462520,조선내화,KOSPI,"내화, 비내화 요업제품 제조업",2019
01770203,462520,조선내화,KOSPI,"내화, 비내화 요업제품 제조업",2020
01770203,462520,조선내화,KOSPI,"내화, 비내화 요업제품 제조업",2021
01770203,462520,조선내화,KOSPI,"내화, 비내화 요업제품 제조업",2022
01770203,462520,조선내화,KOSPI,"내화, 비내화 요업제품 제조업",2023
01770203,462520,조선내화,KOSPI,"내화, 비내화 요업제품 제조업",2024
00447609,090460,비에이치,KOSPI,전자부품 제조업,2018
00447609,090460,비에이치,KOSPI,전자부품 제조업,2019
00447609,090460,비에이치,KOSPI,전자부품 제조업,2020
00447609,090460,비에이치,KOSPI,전자부품 제조업,2021
00447609,090460,비에이치,KOSPI,전자부품 제조업,2022
00447609,090460,비에이치,KOSPI,전자부품 제조업,2023
00447609,090460,비에이치,KOSPI,전자부품 제조업,2024
01765256,460850,동국씨엠,KOSPI,1차 철강 제조업,2018
01765256,460850,동국씨엠,KOSPI,1차 철강 제조업,2019
01765256,460850,동국씨엠,KOSPI,1차 철강 제조업,2020
01765256,460850,동국씨엠,KOSPI,1차 철강 제조업,2021
01765256,460850,동국씨엠,KOSPI,1차 철강 제조업,2022
01765256,460850,동국씨엠,KOSPI,1차 철강 제조업,2023
01765256,460850,동국씨엠,KOSPI,1차 철강 제조업,2024
01765265,460860,동국제강,KOSPI,1차 철강 제조업,2018
01765265,460860,동국제강,KOSPI,1차 철강 제조업,2019
01765265,460860,동국제강,KOSPI,1차 철강 제조업,2020
01765265,460860,동국제강,KOSPI,1차 철강 제조업,2021
01765265,460860,동국제강,KOSPI,1차 철강 제조업,2022
01765265,460860,동국제강,KOSPI,1차 철강 제조업,2023
01765265,460860,동국제강,KOSPI,1차 철강 제조업,2024
01762569,457190,이수스페셜티케미컬,KOSPI,기초 화학물질 제조업,2018
01762569,457190,이수스페셜티케미컬,KOSPI,기초 화학물질 제조업,2019
01762569,457190,이수스페셜티케미컬,KOSPI,기초 화학물질 제조업,2020
01762569,457190,이수스페셜티케미컬,KOSPI,기초 화학물질 제조업,2021
01762569,457190,이수스페셜티케미컬,KOSPI,기초 화학물질 제조업,2022
01762569,457190,이수스페셜티케미컬,KOSPI,기초 화학물질 제조업,2023
01762569,457190,이수스페셜티케미컬,KOSPI,기초 화학물질 제조업,2024
01760738,456040,OCI,KOSPI,기초 화학물질 제조업,2018
01760738,456040,OCI,KOSPI,기초 화학물질 제조업,2019
01760738,456040,OCI,KOSPI,기초 화학물질 제조업,2020
01760738,456040,OCI,KOSPI,기초 화학물질 제조업,2021
01760738,456040,OCI,KOSPI,기초 화학물질 제조업,2022
01760738,456040,OCI,KOSPI,기초 화학물질 제조업,2023
01760738,456040,OCI,KOSPI,기초 화학물질 제조업,2024
00480367,100090,SK오션플랜트,KOSPI,1차 철강 제조업,2018
00480367,100090,SK오션플랜트,KOSPI,1차 철강 제조업,2019
00480367,100090,SK오션플랜트,KOSPI,1차 철강 제조업,2020
00480367,100090,SK오션플랜트,KOSPI,1차 철강 제조업,2021
00480367,100090,SK오션플랜트,KOSPI,1차 철강 제조업,2022
00480367,100090,SK오션플랜트,KOSPI,1차 철강 제조업,2023
00480367,100090,SK오션플랜트,KOSPI,1차 철강 제조업,2024
01721809,453340,현대그린푸드,KOSPI,종합 소매업,2018
01721809,453340,현대그린푸드,KOSPI,종합 소매업,2019
01721809,453340,현대그린푸드,KOSPI,종합 소매업,2020
01721809,453340,현대그린푸드,KOSPI,종합 소매업,2021
01721809,453340,현대그린푸드,KOSPI,종합 소매업,2022
01721809,453340,현대그린푸드,KOSPI,종합 소매업,2023
01721809,453340,현대그린푸드,KOSPI,종합 소매업,2024
01722437,452260,한화갤러리아,KOSPI,종합 소매업,2018
01722437,452260,한화갤러리아,KOSPI,종합 소매업,2019
01722437,452260,한화갤러리아,KOSPI,종합 소매업,2020
01722437,452260,한화갤러리아,KOSPI,종합 소매업,2021
01722437,452260,한화갤러리아,KOSPI,종합 소매업,2022
01722437,452260,한화갤러리아,KOSPI,종합 소매업,2023
01722437,452260,한화갤러리아,KOSPI,종합 소매업,2024
00622787,377740,바이오노트,KOSPI,의료용품 및 기타 의약 관련제품 제조업,2018
00622787,377740,바이오노트,KOSPI,의료용품 및 기타 의약 관련제품 제조업,2019
00622787,377740,바이오노트,KOSPI,의료용품 및 기타 의약 관련제품 제조업,2020
00622787,377740,바이오노트,KOSPI,의료용품 및 기타 의약 관련제품 제조업,2021
00622787,377740,바이오노트,KOSPI,의료용품 및 기타 의약 관련제품 제조업,2022
00622787,377740,바이오노트,KOSPI,의료용품 및 기타 의약 관련제품 제조업,2023
00622787,377740,바이오노트,KOSPI,의료용품 및 기타 의약 관련제품 제조업,2024
01702017,446070,유니드비티플러스,KOSPI,제재 및 목재 가공업,2018
01702017,446070,유니드비티플러스,KOSPI,제재 및 목재 가공업,2019
01702017,446070,유니드비티플러스,KOSPI,제재 및 목재 가공업,2020
01702017,446070,유니드비티플러스,KOSPI,제재 및 목재 가공업,2021
01702017,446070,유니드비티플러스,KOSPI,제재 및 목재 가공업,2022
01702017,446070,유니드비티플러스,KOSPI,제재 및 목재 가공업,2023
01702017,446070,유니드비티플러스,KOSPI,제재 및 목재 가공업,2024
00525934,108320,LX세미콘,KOSPI,반도체 제조업,2018
00525934,108320,LX세미콘,KOSPI,반도체 제조업,2019
00525934,108320,LX세미콘,KOSPI,반도체 제조업,2020
00525934,108320,LX세미콘,KOSPI,반도체 제조업,2021
00525934,108320,LX세미콘,KOSPI,반도체 제조업,2022
00525934,108320,LX세미콘,KOSPI,반도체 제조업,2023
00525934,108320,LX세미콘,KOSPI,반도체 제조업,2024
01026157,403550,쏘카,KOSPI,운송장비 임대업,2018
01026157,403550,쏘카,KOSPI,운송장비 임대업,2019
01026157,403550,쏘카,KOSPI,운송장비 임대업,2020
01026157,403550,쏘카,KOSPI,운송장비 임대업,2021
01026157,403550,쏘카,KOSPI,운송장비 임대업,2022
01026157,403550,쏘카,KOSPI,운송장비 임대업,2023
01026157,403550,쏘카,KOSPI,운송장비 임대업,2024
00193328,126720,수산인더스트리,KOSPI,전기 및 통신 공사업,2018
00193328,126720,수산인더스트리,KOSPI,전기 및 통신 공사업,2019
00193328,126720,수산인더스트리,KOSPI,전기 및 통신 공사업,2020
00193328,126720,수산인더스트리,KOSPI,전기 및 통신 공사업,2021
00193328,126720,수산인더스트리,KOSPI,전기 및 통신 공사업,2022
00193328,126720,수산인더스트리,KOSPI,전기 및 통신 공사업,2023
00193328,126720,수산인더스트리,KOSPI,전기 및 통신 공사업,2024
01515323,373220,LG에너지솔루션,KOSPI,일차전지 및 이차전지 제조업,2018
01515323,373220,LG에너지솔루션,KOSPI,일차전지 및 이차전지 제조업,2019
01515323,373220,LG에너지솔루션,KOSPI,일차전지 및 이차전지 제조업,2020
01515323,373220,LG에너지솔루션,KOSPI,일차전지 및 이차전지 제조업,2021
01515323,373220,LG에너지솔루션,KOSPI,일차전지 및 이차전지 제조업,2022
01515323,373220,LG에너지솔루션,KOSPI,일차전지 및 이차전지 제조업,2023
01515323,373220,LG에너지솔루션,KOSPI,일차전지 및 이차전지 제조업,2024
01323032,381970,케이카,KOSPI,자동차 판매업,2018
01323032,381970,케이카,KOSPI,자동차 판매업,2019
01323032,381970,케이카,KOSPI,자동차 판매업,2020
01323032,381970,케이카,KOSPI,자동차 판매업,2021
01323032,381970,케이카,KOSPI,자동차 판매업,2022
01323032,381970,케이카,KOSPI,자동차 판매업,2023
01323032,381970,케이카,KOSPI,자동차 판매업,2024
01390344,329180,HD현대중공업,KOSPI,선박 및 보트 건조업,2018
01390344,329180,HD현대중공업,KOSPI,선박 및 보트 건조업,2019
01390344,329180,HD현대중공업,KOSPI,선박 및 보트 건조업,2020
01390344,329180,HD현대중공업,KOSPI,선박 및 보트 건조업,2021
01390344,329180,HD현대중공업,KOSPI,선박 및 보트 건조업,2022
01390344,329180,HD현대중공업,KOSPI,선박 및 보트 건조업,2023
01390344,329180,HD현대중공업,KOSPI,선박 및 보트 건조업,2024
00972503,271940,일진하이솔루스,KOSPI,그외 기타 운송장비 제조업,2018
00972503,271940,일진하이솔루스,KOSPI,그외 기타 운송장비 제조업,2019
00972503,271940,일진하이솔루스,KOSPI,그외 기타 운송장비 제조업,2020
00972503,271940,일진하이솔루스,KOSPI,그외 기타 운송장비 제조업,2021
00972503,271940,일진하이솔루스,KOSPI,그외 기타 운송장비 제조업,2022
00972503,271940,일진하이솔루스,KOSPI,그외 기타 운송장비 제조업,2023
00972503,271940,일진하이솔루스,KOSPI,그외 기타 운송장비 제조업,2024
00486705,139990,아주스틸,KOSPI,1차 철강 제조업,2018
00486705,139990,아주스틸,KOSPI,1차 철강 제조업,2019
00486705,139990,아주스틸,KOSPI,1차 철강 제조업,2020
00486705,139990,아주스틸,KOSPI,1차 철강 제조업,2021
00486705,139990,아주스틸,KOSPI,1차 철강 제조업,2022
00486705,139990,아주스틸,KOSPI,1차 철강 제조업,2023
00486705,139990,아주스틸,KOSPI,1차 철강 제조업,2024
00545716,089860,롯데렌탈,KOSPI,운송장비 임대업,2018
00545716,089860,롯데렌탈,KOSPI,운송장비 임대업,2019
00545716,089860,롯데렌탈,KOSPI,운송장비 임대업,2020
00545716,089860,롯데렌탈,KOSPI,운송장비 임대업,2021
00545716,089860,롯데렌탈,KOSPI,운송장비 임대업,2022
00545716,089860,롯데렌탈,KOSPI,운송장비 임대업,2023
00545716,089860,롯데렌탈,KOSPI,운송장비 임대업,2024
00534598,372910,한컴라이프케어,KOSPI,의료용 기기 제조업,2018
00534598,372910,한컴라이프케어,KOSPI,의료용 기기 제조업,2019
00534598,372910,한컴라이프케어,KOSPI,의료용 기기 제조업,2020
00534598,372910,한컴라이프케어,KOSPI,의료용 기기 제조업,2021
00534598,372910,한컴라이프케어,KOSPI,의료용 기기 제조업,2022
00534598,372910,한컴라이프케어,KOSPI,의료용 기기 제조업,2023
00534598,372910,한컴라이프케어,KOSPI,의료용 기기 제조업,2024
00760971,259960,크래프톤,KOSPI,소프트웨어 개발 및 공급업,2018
00760971,259960,크래프톤,KOSPI,소프트웨어 개발 및 공급업,2019
00760971,259960,크래프톤,KOSPI,소프트웨어 개발 및 공급업,2020
00760971,259960,크래프톤,KOSPI,소프트웨어 개발 및 공급업,2021
00760971,259960,크래프톤,KOSPI,소프트웨어 개발 및 공급업,2022
00760971,259960,크래프톤,KOSPI,소프트웨어 개발 및 공급업,2023
00760971,259960,크래프톤,KOSPI,소프트웨어 개발 및 공급업,2024
00767460,178920,PI첨단소재,KOSPI,플라스틱제품 제조업,2018
00767460,178920,PI첨단소재,KOSPI,플라스틱제품 제조업,2019
00767460,178920,PI첨단소재,KOSPI,플라스틱제품 제조업,2020
00767460,178920,PI첨단소재,KOSPI,플라스틱제품 제조업,2021
00767460,178920,PI첨단소재,KOSPI,플라스틱제품 제조업,2022
00767460,178920,PI첨단소재,KOSPI,플라스틱제품 제조업,2023
00767460,178920,PI첨단소재,KOSPI,플라스틱제품 제조업,2024
00854997,137310,에스디바이오센서,KOSPI,의료용 기기 제조업,2018
00854997,137310,에스디바이오센서,KOSPI,의료용 기기 제조업,2019
00854997,137310,에스디바이오센서,KOSPI,의료용 기기 제조업,2020
00854997,137310,에스디바이오센서,KOSPI,의료용 기기 제조업,2021
00854997,137310,에스디바이오센서,KOSPI,의료용 기기 제조업,2022
00854997,137310,에스디바이오센서,KOSPI,의료용 기기 제조업,2023
00854997,137310,에스디바이오센서,KOSPI,의료용 기기 제조업,2024
00564562,097520,엠씨넥스,KOSPI,영상 및 음향기기 제조업,2018
00564562,097520,엠씨넥스,KOSPI,영상 및 음향기기 제조업,2019
00564562,097520,엠씨넥스,KOSPI,영상 및 음향기기 제조업,2020
00564562,097520,엠씨넥스,KOSPI,영상 및 음향기기 제조업,2021
00564562,097520,엠씨넥스,KOSPI,영상 및 음향기기 제조업,2022
00564562,097520,엠씨넥스,KOSPI,영상 및 음향기기 제조업,2023
00564562,097520,엠씨넥스,KOSPI,영상 및 음향기기 제조업,2024
01568413,383220,F&F,KOSPI,봉제의복 제조업,2018
01568413,383220,F&F,KOSPI,봉제의복 제조업,2019
01568413,383220,F&F,KOSPI,봉제의복 제조업,2020
01568413,383220,F&F,KOSPI,봉제의복 제조업,2021
01568413,383220,F&F,KOSPI,봉제의복 제조업,2022
01568413,383220,F&F,KOSPI,봉제의복 제조업,2023
01568413,383220,F&F,KOSPI,봉제의복 제조업,2024
01386916,361610,SK아이이테크놀로지,KOSPI,일차전지 및 이차전지 제조업,2018
01386916,361610,SK아이이테크놀로지,KOSPI,일차전지 및 이차전지 제조업,2019
01386916,361610,SK아이이테크놀로지,KOSPI,일차전지 및 이차전지 제조업,2020
01386916,361610,SK아이이테크놀로지,KOSPI,일차전지 및 이차전지 제조업,2021
01386916,361610,SK아이이테크놀로지,KOSPI,일차전지 및 이차전지 제조업,2022
01386916,361610,SK아이이테크놀로지,KOSPI,일차전지 및 이차전지 제조업,2023
01386916,361610,SK아이이테크놀로지,KOSPI,일차전지 및 이차전지 제조업,2024
01319899,302440,SK바이오사이언스,KOSPI,기초 의약물질 제조업,2018
01319899,302440,SK바이오사이언스,KOSPI,기초 의약물질 제조업,2019
01319899,302440,SK바이오사이언스,KOSPI,기초 의약물질 제조업,2020
01319899,302440,SK바이오사이언스,KOSPI,기초 의약물질 제조업,2021
01319899,302440,SK바이오사이언스,KOSPI,기초 의약물질 제조업,2022
01319899,302440,SK바이오사이언스,KOSPI,기초 의약물질 제조업,2023
01319899,302440,SK바이오사이언스,KOSPI,기초 의약물질 제조업,2024
01532603,378850,화승알앤에이,KOSPI,자동차 신품 부품 제조업,2018
01532603,378850,화승알앤에이,KOSPI,자동차 신품 부품 제조업,2019
01532603,378850,화승알앤에이,KOSPI,자동차 신품 부품 제조업,2020
01532603,378850,화승알앤에이,KOSPI,자동차 신품 부품 제조업,2021
01532603,378850,화승알앤에이,KOSPI,자동차 신품 부품 제조업,2022
01532603,378850,화승알앤에이,KOSPI,자동차 신품 부품 제조업,2023
01532603,378850,화승알앤에이,KOSPI,자동차 신품 부품 제조업,2024
01510489,950210,프레스티지바이오파마,KOSPI,자연과학 및 공학 연구개발업,2018
01510489,950210,프레스티지바이오파마,KOSPI,자연과학 및 공학 연구개발업,2019
01510489,950210,프레스티지바이오파마,KOSPI,자연과학 및 공학 연구개발업,2020
01510489,950210,프레스티지바이오파마,KOSPI,자연과학 및 공학 연구개발업,2021
01510489,950210,프레스티지바이오파마,KOSPI,자연과학 및 공학 연구개발업,2022
01510489,950210,프레스티지바이오파마,KOSPI,자연과학 및 공학 연구개발업,2023
01510489,950210,프레스티지바이오파마,KOSPI,자연과학 및 공학 연구개발업,2024
01159233,248070,솔루엠,KOSPI,전자부품 제조업,2018
01159233,248070,솔루엠,KOSPI,전자부품 제조업,2019
01159233,248070,솔루엠,KOSPI,전자부품 제조업,2020
01159233,248070,솔루엠,KOSPI,전자부품 제조업,2021
01159233,248070,솔루엠,KOSPI,전자부품 제조업,2022
01159233,248070,솔루엠,KOSPI,전자부품 제조업,2023
01159233,248070,솔루엠,KOSPI,전자부품 제조업,2024
01524093,375500,DL이앤씨,KOSPI,토목 건설업,2018
01524093,375500,DL이앤씨,KOSPI,토목 건설업,2019
01524093,375500,DL이앤씨,KOSPI,토목 건설업,2020
01524093,375500,DL이앤씨,KOSPI,토목 건설업,2021
01524093,375500,DL이앤씨,KOSPI,토목 건설업,2022
01524093,375500,DL이앤씨,KOSPI,토목 건설업,2023
01524093,375500,DL이앤씨,KOSPI,토목 건설업,2024
00173078,009900,명신산업,KOSPI,자동차 신품 부품 제조업,2018
00173078,009900,명신산업,KOSPI,자동차 신품 부품 제조업,2019
00173078,009900,명신산업,KOSPI,자동차 신품 부품 제조업,2020
00173078,009900,명신산업,KOSPI,자동차 신품 부품 제조업,2021
00173078,009900,명신산업,KOSPI,자동차 신품 부품 제조업,2022
00173078,009900,명신산업,KOSPI,자동차 신품 부품 제조업,2023
00173078,009900,명신산업,KOSPI,자동차 신품 부품 제조업,2024
00453284,339770,교촌에프앤비,KOSPI,음·식료품 및 담배 도매업,2018
00453284,339770,교촌에프앤비,KOSPI,음·식료품 및 담배 도매업,2019
00453284,339770,교촌에프앤비,KOSPI,음·식료품 및 담배 도매업,2020
00453284,339770,교촌에프앤비,KOSPI,음·식료품 및 담배 도매업,2021
00453284,339770,교촌에프앤비,KOSPI,음·식료품 및 담배 도매업,2022
00453284,339770,교촌에프앤비,KOSPI,음·식료품 및 담배 도매업,2023
00453284,339770,교촌에프앤비,KOSPI,음·식료품 및 담배 도매업,2024
01204056,352820,하이브,KOSPI,오디오물 출판 및 원판 녹음업,2018
01204056,352820,하이브,KOSPI,오디오물 출판 및 원판 녹음업,2019
01204056,352820,하이브,KOSPI,오디오물 출판 및 원판 녹음업,2020
01204056,352820,하이브,KOSPI,오디오물 출판 및 원판 녹음업,2021
01204056,352820,하이브,KOSPI,오디오물 출판 및 원판 녹음업,2022
01204056,352820,하이브,KOSPI,오디오물 출판 및 원판 녹음업,2023
01204056,352820,하이브,KOSPI,오디오물 출판 및 원판 녹음업,2024
00878696,326030,에스케이바이오팜,KOSPI,자연과학 및 공학 연구개발업,2018
00878696,326030,에스케이바이오팜,KOSPI,자연과학 및 공학 연구개발업,2019
00878696,326030,에스케이바이오팜,KOSPI,자연과학 및 공학 연구개발업,2020
00878696,326030,에스케이바이오팜,KOSPI,자연과학 및 공학 연구개발업,2021
00878696,326030,에스케이바이오팜,KOSPI,자연과학 및 공학 연구개발업,2022
00878696,326030,에스케이바이오팜,KOSPI,자연과학 및 공학 연구개발업,2023
00878696,326030,에스케이바이오팜,KOSPI,자연과학 및 공학 연구개발업,2024
01478712,353200,대덕전자,KOSPI,전자부품 제조업,2018
01478712,353200,대덕전자,KOSPI,전자부품 제조업,2019
01478712,353200,대덕전자,KOSPI,전자부품 제조업,2020
01478712,353200,대덕전자,KOSPI,전자부품 제조업,2021
01478712,353200,대덕전자,KOSPI,전자부품 제조업,2022
01478712,353200,대덕전자,KOSPI,전자부품 제조업,2023
01478712,353200,대덕전자,KOSPI,전자부품 제조업,2024
01428203,344820,케이씨씨글라스,KOSPI,유리 및 유리제품 제조업,2018
01428203,344820,케이씨씨글라스,KOSPI,유리 및 유리제품 제조업,2019
01428203,344820,케이씨씨글라스,KOSPI,유리 및 유리제품 제조업,2020
01428203,344820,케이씨씨글라스,KOSPI,유리 및 유리제품 제조업,2021
01428203,344820,케이씨씨글라스,KOSPI,유리 및 유리제품 제조업,2022
01428203,344820,케이씨씨글라스,KOSPI,유리 및 유리제품 제조업,2023
01428203,344820,케이씨씨글라스,KOSPI,유리 및 유리제품 제조업,2024
00450010,308170,씨티알모빌리티,KOSPI,자동차 신품 부품 제조업,2018
00450010,308170,씨티알모빌리티,KOSPI,자동차 신품 부품 제조업,2019
00450010,308170,씨티알모빌리티,KOSPI,자동차 신품 부품 제조업,2020
00450010,308170,씨티알모빌리티,KOSPI,자동차 신품 부품 제조업,2021
00450010,308170,씨티알모빌리티,KOSPI,자동차 신품 부품 제조업,2022
00450010,308170,씨티알모빌리티,KOSPI,자동차 신품 부품 제조업,2023
00450010,308170,씨티알모빌리티,KOSPI,자동차 신품 부품 제조업,2024
01199550,322000,HD현대에너지솔루션,KOSPI,반도체 제조업,2018
01199550,322000,HD현대에너지솔루션,KOSPI,반도체 제조업,2019
01199550,322000,HD현대에너지솔루션,KOSPI,반도체 제조업,2020
01199550,322000,HD현대에너지솔루션,KOSPI,반도체 제조업,2021
01199550,322000,HD현대에너지솔루션,KOSPI,반도체 제조업,2022
01199550,322000,HD현대에너지솔루션,KOSPI,반도체 제조업,2023
01199550,322000,HD현대에너지솔루션,KOSPI,반도체 제조업,2024
00339391,272210,한화시스템,KOSPI,전자부품 제조업,2018
00339391,272210,한화시스템,KOSPI,전자부품 제조업,2019
00339391,272210,한화시스템,KOSPI,전자부품 제조업,2020
00339391,272210,한화시스템,KOSPI,전자부품 제조업,2021
00339391,272210,한화시스템,KOSPI,전자부품 제조업,2022
00339391,272210,한화시스템,KOSPI,전자부품 제조업,2023
00339391,272210,한화시스템,KOSPI,전자부품 제조업,2024
00150633,013890,지누스,KOSPI,가구 제조업,2018
00150633,013890,지누스,KOSPI,가구 제조업,2019
00150633,013890,지누스,KOSPI,가구 제조업,2020
00150633,013890,지누스,KOSPI,가구 제조업,2021
00150633,013890,지누스,KOSPI,가구 제조업,2022
00150633,013890,지누스,KOSPI,가구 제조업,2023
00150633,013890,지누스,KOSPI,가구 제조업,2024
01412725,336260,두산퓨얼셀,KOSPI,"전동기, 발전기 및 전기 변환 · 공급 · 제어 장치 제조업",2018
01412725,336260,두산퓨얼셀,KOSPI,"전동기, 발전기 및 전기 변환 · 공급 · 제어 장치 제조업",2019
01412725,336260,두산퓨얼셀,KOSPI,"전동기, 발전기 및 전기 변환 · 공급 · 제어 장치 제조업",2020
01412725,336260,두산퓨얼셀,KOSPI,"전동기, 발전기 및 전기 변환 · 공급 · 제어 장치 제조업",2021
01412725,336260,두산퓨얼셀,KOSPI,"전동기, 발전기 및 전기 변환 · 공급 · 제어 장치 제조업",2022
01412725,336260,두산퓨얼셀,KOSPI,"전동기, 발전기 및 전기 변환 · 공급 · 제어 장치 제조업",2023
01412725,336260,두산퓨얼셀,KOSPI,"전동기, 발전기 및 전기 변환 · 공급 · 제어 장치 제조업",2024
01412822,336370,솔루스첨단소재,KOSPI,전자부품 제조업,2018
01412822,336370,솔루스첨단소재,KOSPI,전자부품 제조업,2019
01412822,336370,솔루스첨단소재,KOSPI,전자부품 제조업,2020
01412822,336370,솔루스첨단소재,KOSPI,전자부품 제조업,2021
01412822,336370,솔루스첨단소재,KOSPI,전자부품 제조업,2022
01412822,336370,솔루스첨단소재,KOSPI,전자부품 제조업,2023
01412822,336370,솔루스첨단소재,KOSPI,전자부품 제조업,2024
00203315,036420,콘텐트리중앙,KOSPI,"영화, 비디오물, 방송프로그램 제작 및 배급업",2018
00203315,036420,콘텐트리중앙,KOSPI,"영화, 비디오물, 방송프로그램 제작 및 배급업",2019
00203315,036420,콘텐트리중앙,KOSPI,"영화, 비디오물, 방송프로그램 제작 및 배급업",2020
00203315,036420,콘텐트리중앙,KOSPI,"영화, 비디오물, 방송프로그램 제작 및 배급업",2021
00203315,036420,콘텐트리중앙,KOSPI,"영화, 비디오물, 방송프로그램 제작 및 배급업",2022
00203315,036420,콘텐트리중앙,KOSPI,"영화, 비디오물, 방송프로그램 제작 및 배급업",2023
00203315,036420,콘텐트리중앙,KOSPI,"영화, 비디오물, 방송프로그램 제작 및 배급업",2024
00155276,003670,포스코퓨처엠,KOSPI,일차전지 및 이차전지 제조업,2018
00155276,003670,포스코퓨처엠,KOSPI,일차전지 및 이차전지 제조업,2019
00155276,003670,포스코퓨처엠,KOSPI,일차전지 및 이차전지 제조업,2020
00155276,003670,포스코퓨처엠,KOSPI,일차전지 및 이차전지 제조업,2021
00155276,003670,포스코퓨처엠,KOSPI,일차전지 및 이차전지 제조업,2022
00155276,003670,포스코퓨처엠,KOSPI,일차전지 및 이차전지 제조업,2023
00155276,003670,포스코퓨처엠,KOSPI,일차전지 및 이차전지 제조업,2024
00362441,307950,현대오토에버,KOSPI,소프트웨어 개발 및 공급업,2018
00362441,307950,현대오토에버,KOSPI,소프트웨어 개발 및 공급업,2019
00362441,307950,현대오토에버,KOSPI,소프트웨어 개발 및 공급업,2020
00362441,307950,현대오토에버,KOSPI,소프트웨어 개발 및 공급업,2021
00362441,307950,현대오토에버,KOSPI,소프트웨어 개발 및 공급업,2022
00362441,307950,현대오토에버,KOSPI,소프트웨어 개발 및 공급업,2023
00362441,307950,현대오토에버,KOSPI,소프트웨어 개발 및 공급업,2024
00415646,192650,드림텍,KOSPI,전자부품 제조업,2018
00415646,192650,드림텍,KOSPI,전자부품 제조업,2019
00415646,192650,드림텍,KOSPI,전자부품 제조업,2020
00415646,192650,드림텍,KOSPI,전자부품 제조업,2021
00415646,192650,드림텍,KOSPI,전자부품 제조업,2022
00415646,192650,드림텍,KOSPI,전자부품 제조업,2023
00415646,192650,드림텍,KOSPI,전자부품 제조업,2024
01010110,192080,더블유게임즈,KOSPI,소프트웨어 개발 및 공급업,2018
01010110,192080,더블유게임즈,KOSPI,소프트웨어 개발 및 공급업,2019
01010110,192080,더블유게임즈,KOSPI,소프트웨어 개발 및 공급업,2020
01010110,192080,더블유게임즈,KOSPI,소프트웨어 개발 및 공급업,2021
01010110,192080,더블유게임즈,KOSPI,소프트웨어 개발 및 공급업,2022
01010110,192080,더블유게임즈,KOSPI,소프트웨어 개발 및 공급업,2023
01010110,192080,더블유게임즈,KOSPI,소프트웨어 개발 및 공급업,2024
00651901,298690,에어부산,KOSPI,항공 여객 운송업,2018
00651901,298690,에어부산,KOSPI,항공 여객 운송업,2019
00651901,298690,에어부산,KOSPI,항공 여객 운송업,2020
00651901,298690,에어부산,KOSPI,항공 여객 운송업,2021
00651901,298690,에어부산,KOSPI,항공 여객 운송업,2022
00651901,298690,에어부산,KOSPI,항공 여객 운송업,2023
00651901,298690,에어부산,KOSPI,항공 여객 운송업,2024
00458234,267850,아시아나IDT,KOSPI,"컴퓨터 프로그래밍, 시스템 통합 및 관리업",2018
00458234,267850,아시아나IDT,KOSPI,"컴퓨터 프로그래밍, 시스템 통합 및 관리업",2019
00458234,267850,아시아나IDT,KOSPI,"컴퓨터 프로그래밍, 시스템 통합 및 관리업",2020
00458234,267850,아시아나IDT,KOSPI,"컴퓨터 프로그래밍, 시스템 통합 및 관리업",2021
00458234,267850,아시아나IDT,KOSPI,"컴퓨터 프로그래밍, 시스템 통합 및 관리업",2022
00458234,267850,아시아나IDT,KOSPI,"컴퓨터 프로그래밍, 시스템 통합 및 관리업",2023
00458234,267850,아시아나IDT,KOSPI,"컴퓨터 프로그래밍, 시스템 통합 및 관리업",2024
01325979,306200,세아제강,KOSPI,1차 철강 제조업,2018
01325979,306200,세아제강,KOSPI,1차 철강 제조업,2019
01325979,306200,세아제강,KOSPI,1차 철강 제조업,2020
01325979,306200,세아제강,KOSPI,1차 철강 제조업,2021
01325979,306200,세아제강,KOSPI,1차 철강 제조업,2022
01325979,306200,세아제강,KOSPI,1차 철강 제조업,2023
01325979,306200,세아제강,KOSPI,1차 철강 제조업,2024
00248974,293480,하나제약,KOSPI,의약품 제조업,2018
00248974,293480,하나제약,KOSPI,의약품 제조업,2019
00248974,293480,하나제약,KOSPI,의약품 제조업,2020
00248974,293480,하나제약,KOSPI,의약품 제조업,2021
00248974,293480,하나제약,KOSPI,의약품 제조업,2022
00248974,293480,하나제약,KOSPI,의약품 제조업,2023
00248974,293480,하나제약,KOSPI,의약품 제조업,2024
00143262,010400,우진아이엔에스,KOSPI,건물설비 설치 공사업,2018
00143262,010400,우진아이엔에스,KOSPI,건물설비 설치 공사업,2019
00143262,010400,우진아이엔에스,KOSPI,건물설비 설치 공사업,2020
00143262,010400,우진아이엔에스,KOSPI,건물설비 설치 공사업,2021
00143262,010400,우진아이엔에스,KOSPI,건물설비 설치 공사업,2022
00143262,010400,우진아이엔에스,KOSPI,건물설비 설치 공사업,2023
00143262,010400,우진아이엔에스,KOSPI,건물설비 설치 공사업,2024
01319808,300720,한일시멘트,KOSPI,"시멘트, 석회, 플라스터 및 그 제품 제조업",2018
01319808,300720,한일시멘트,KOSPI,"시멘트, 석회, 플라스터 및 그 제품 제조업",2019
01319808,300720,한일시멘트,KOSPI,"시멘트, 석회, 플라스터 및 그 제품 제조업",2020
01319808,300720,한일시멘트,KOSPI,"시멘트, 석회, 플라스터 및 그 제품 제조업",2021
01319808,300720,한일시멘트,KOSPI,"시멘트, 석회, 플라스터 및 그 제품 제조업",2022
01319808,300720,한일시멘트,KOSPI,"시멘트, 석회, 플라스터 및 그 제품 제조업",2023
01319808,300720,한일시멘트,KOSPI,"시멘트, 석회, 플라스터 및 그 제품 제조업",2024
00671376,091810,트리니티항공,KOSPI,항공 여객 운송업,2018
00671376,091810,트리니티항공,KOSPI,항공 여객 운송업,2019
00671376,091810,트리니티항공,KOSPI,항공 여객 운송업,2020
00671376,091810,트리니티항공,KOSPI,항공 여객 운송업,2021
00671376,091810,트리니티항공,KOSPI,항공 여객 운송업,2022
00671376,091810,트리니티항공,KOSPI,항공 여객 운송업,2023
00671376,091810,트리니티항공,KOSPI,항공 여객 운송업,2024
01262032,286940,롯데이노베이트,KOSPI,"컴퓨터 프로그래밍, 시스템 통합 및 관리업",2018
01262032,286940,롯데이노베이트,KOSPI,"컴퓨터 프로그래밍, 시스템 통합 및 관리업",2019
01262032,286940,롯데이노베이트,KOSPI,"컴퓨터 프로그래밍, 시스템 통합 및 관리업",2020
01262032,286940,롯데이노베이트,KOSPI,"컴퓨터 프로그래밍, 시스템 통합 및 관리업",2021
01262032,286940,롯데이노베이트,KOSPI,"컴퓨터 프로그래밍, 시스템 통합 및 관리업",2022
01262032,286940,롯데이노베이트,KOSPI,"컴퓨터 프로그래밍, 시스템 통합 및 관리업",2023
01262032,286940,롯데이노베이트,KOSPI,"컴퓨터 프로그래밍, 시스템 통합 및 관리업",2024
01316254,298050,HS효성첨단소재,KOSPI,화학섬유 제조업,2018
01316254,298050,HS효성첨단소재,KOSPI,화학섬유 제조업,2019
01316254,298050,HS효성첨단소재,KOSPI,화학섬유 제조업,2020
01316254,298050,HS효성첨단소재,KOSPI,화학섬유 제조업,2021
01316254,298050,HS효성첨단소재,KOSPI,화학섬유 제조업,2022
01316254,298050,HS효성첨단소재,KOSPI,화학섬유 제조업,2023
01316254,298050,HS효성첨단소재,KOSPI,화학섬유 제조업,2024
01316245,298040,효성중공업,KOSPI,"전동기, 발전기 및 전기 변환 · 공급 · 제어 장치 제조업",2018
01316245,298040,효성중공업,KOSPI,"전동기, 발전기 및 전기 변환 · 공급 · 제어 장치 제조업",2019
01316245,298040,효성중공업,KOSPI,"전동기, 발전기 및 전기 변환 · 공급 · 제어 장치 제조업",2020
01316245,298040,효성중공업,KOSPI,"전동기, 발전기 및 전기 변환 · 공급 · 제어 장치 제조업",2021
01316245,298040,효성중공업,KOSPI,"전동기, 발전기 및 전기 변환 · 공급 · 제어 장치 제조업",2022
01316245,298040,효성중공업,KOSPI,"전동기, 발전기 및 전기 변환 · 공급 · 제어 장치 제조업",2023
01316245,298040,효성중공업,KOSPI,"전동기, 발전기 및 전기 변환 · 공급 · 제어 장치 제조업",2024
01316227,298020,효성티앤씨,KOSPI,화학섬유 제조업,2018
01316227,298020,효성티앤씨,KOSPI,화학섬유 제조업,2019
01316227,298020,효성티앤씨,KOSPI,화학섬유 제조업,2020
01316227,298020,효성티앤씨,KOSPI,화학섬유 제조업,2021
01316227,298020,효성티앤씨,KOSPI,화학섬유 제조업,2022
01316227,298020,효성티앤씨,KOSPI,화학섬유 제조업,2023
01316227,298020,효성티앤씨,KOSPI,화학섬유 제조업,2024
01316236,298000,효성화학,KOSPI,기초 화학물질 제조업,2018
01316236,298000,효성화학,KOSPI,기초 화학물질 제조업,2019
01316236,298000,효성화학,KOSPI,기초 화학물질 제조업,2020
01316236,298000,효성화학,KOSPI,기초 화학물질 제조업,2021
01316236,298000,효성화학,KOSPI,기초 화학물질 제조업,2022
01316236,298000,효성화학,KOSPI,기초 화학물질 제조업,2023
01316236,298000,효성화학,KOSPI,기초 화학물질 제조업,2024
01310269,294870,IPARK현대산업개발,KOSPI,건물 건설업,2018
01310269,294870,IPARK현대산업개발,KOSPI,건물 건설업,2019
01310269,294870,IPARK현대산업개발,KOSPI,건물 건설업,2020
01310269,294870,IPARK현대산업개발,KOSPI,건물 건설업,2021
01310269,294870,IPARK현대산업개발,KOSPI,건물 건설업,2022
01310269,294870,IPARK현대산업개발,KOSPI,건물 건설업,2023
01310269,294870,IPARK현대산업개발,KOSPI,건물 건설업,2024
00139454,018250,애경산업,KOSPI,기타 화학제품 제조업,2018
00139454,018250,애경산업,KOSPI,기타 화학제품 제조업,2019
00139454,018250,애경산업,KOSPI,기타 화학제품 제조업,2020
00139454,018250,애경산업,KOSPI,기타 화학제품 제조업,2021
00139454,018250,애경산업,KOSPI,기타 화학제품 제조업,2022
00139454,018250,애경산업,KOSPI,기타 화학제품 제조업,2023
00139454,018250,애경산업,KOSPI,기타 화학제품 제조업,2024
00413046,068270,셀트리온,KOSPI,기초 의약물질 제조업,2018
00413046,068270,셀트리온,KOSPI,기초 의약물질 제조업,2019
00413046,068270,셀트리온,KOSPI,기초 의약물질 제조업,2020
00413046,068270,셀트리온,KOSPI,기초 의약물질 제조업,2021
00413046,068270,셀트리온,KOSPI,기초 의약물질 제조업,2022
00413046,068270,셀트리온,KOSPI,기초 의약물질 제조업,2023
00413046,068270,셀트리온,KOSPI,기초 의약물질 제조업,2024
01267684,284740,쿠쿠홈시스,KOSPI,개인 및 가정용품 임대업,2018
01267684,284740,쿠쿠홈시스,KOSPI,개인 및 가정용품 임대업,2019
01267684,284740,쿠쿠홈시스,KOSPI,개인 및 가정용품 임대업,2020
01267684,284740,쿠쿠홈시스,KOSPI,개인 및 가정용품 임대업,2021
01267684,284740,쿠쿠홈시스,KOSPI,개인 및 가정용품 임대업,2022
01267684,284740,쿠쿠홈시스,KOSPI,개인 및 가정용품 임대업,2023
01267684,284740,쿠쿠홈시스,KOSPI,개인 및 가정용품 임대업,2024
01267170,285130,SK케미칼,KOSPI,합성고무 및 플라스틱 물질 제조업,2018
01267170,285130,SK케미칼,KOSPI,합성고무 및 플라스틱 물질 제조업,2019
01267170,285130,SK케미칼,KOSPI,합성고무 및 플라스틱 물질 제조업,2020
01267170,285130,SK케미칼,KOSPI,합성고무 및 플라스틱 물질 제조업,2021
01267170,285130,SK케미칼,KOSPI,합성고무 및 플라스틱 물질 제조업,2022
01267170,285130,SK케미칼,KOSPI,합성고무 및 플라스틱 물질 제조업,2023
01267170,285130,SK케미칼,KOSPI,합성고무 및 플라스틱 물질 제조업,2024
01263022,282330,BGF리테일,KOSPI,종합 소매업,2018
01263022,282330,BGF리테일,KOSPI,종합 소매업,2019
01263022,282330,BGF리테일,KOSPI,종합 소매업,2020
01263022,282330,BGF리테일,KOSPI,종합 소매업,2021
01263022,282330,BGF리테일,KOSPI,종합 소매업,2022
01263022,282330,BGF리테일,KOSPI,종합 소매업,2023
01263022,282330,BGF리테일,KOSPI,종합 소매업,2024
00117726,092780,DYP,KOSPI,자동차용 엔진 및 자동차 제조업,2018
00117726,092780,DYP,KOSPI,자동차용 엔진 및 자동차 제조업,2019
00117726,092780,DYP,KOSPI,자동차용 엔진 및 자동차 제조업,2020
00117726,092780,DYP,KOSPI,자동차용 엔진 및 자동차 제조업,2021
00117726,092780,DYP,KOSPI,자동차용 엔진 및 자동차 제조업,2022
00117726,092780,DYP,KOSPI,자동차용 엔진 및 자동차 제조업,2023
00117726,092780,DYP,KOSPI,자동차용 엔진 및 자동차 제조업,2024
00653024,272450,진에어,KOSPI,항공 여객 운송업,2018
00653024,272450,진에어,KOSPI,항공 여객 운송업,2019
00653024,272450,진에어,KOSPI,항공 여객 운송업,2020
00653024,272450,진에어,KOSPI,항공 여객 운송업,2021
00653024,272450,진에어,KOSPI,항공 여객 운송업,2022
00653024,272450,진에어,KOSPI,항공 여객 운송업,2023
00653024,272450,진에어,KOSPI,항공 여객 운송업,2024
01261893,281820,케이씨텍,KOSPI,"측정, 시험, 항해, 제어 및 기타 정밀기기 제조업; 광학기기 제외",2018
01261893,281820,케이씨텍,KOSPI,"측정, 시험, 항해, 제어 및 기타 정밀기기 제조업; 광학기기 제외",2019
01261893,281820,케이씨텍,KOSPI,"측정, 시험, 항해, 제어 및 기타 정밀기기 제조업; 광학기기 제외",2020
01261893,281820,케이씨텍,KOSPI,"측정, 시험, 항해, 제어 및 기타 정밀기기 제조업; 광학기기 제외",2021
01261893,281820,케이씨텍,KOSPI,"측정, 시험, 항해, 제어 및 기타 정밀기기 제조업; 광학기기 제외",2022
01261893,281820,케이씨텍,KOSPI,"측정, 시험, 항해, 제어 및 기타 정밀기기 제조업; 광학기기 제외",2023
01261893,281820,케이씨텍,KOSPI,"측정, 시험, 항해, 제어 및 기타 정밀기기 제조업; 광학기기 제외",2024
01060814,272550,삼양패키징,KOSPI,플라스틱제품 제조업,2018
01060814,272550,삼양패키징,KOSPI,플라스틱제품 제조업,2019
01060814,272550,삼양패키징,KOSPI,플라스틱제품 제조업,2020
01060814,272550,삼양패키징,KOSPI,플라스틱제품 제조업,2021
01060814,272550,삼양패키징,KOSPI,플라스틱제품 제조업,2022
01060814,272550,삼양패키징,KOSPI,플라스틱제품 제조업,2023
01060814,272550,삼양패키징,KOSPI,플라스틱제품 제조업,2024
00256955,055490,테이팩스,KOSPI,플라스틱제품 제조업,2018
00256955,055490,테이팩스,KOSPI,플라스틱제품 제조업,2019
00256955,055490,테이팩스,KOSPI,플라스틱제품 제조업,2020
00256955,055490,테이팩스,KOSPI,플라스틱제품 제조업,2021
00256955,055490,테이팩스,KOSPI,플라스틱제품 제조업,2022
00256955,055490,테이팩스,KOSPI,플라스틱제품 제조업,2023
00256955,055490,테이팩스,KOSPI,플라스틱제품 제조업,2024
01258507,280360,롯데웰푸드,KOSPI,기타 식품 제조업,2018
01258507,280360,롯데웰푸드,KOSPI,기타 식품 제조업,2019
01258507,280360,롯데웰푸드,KOSPI,기타 식품 제조업,2020
01258507,280360,롯데웰푸드,KOSPI,기타 식품 제조업,2021
01258507,280360,롯데웰푸드,KOSPI,기타 식품 제조업,2022
01258507,280360,롯데웰푸드,KOSPI,기타 식품 제조업,2023
01258507,280360,롯데웰푸드,KOSPI,기타 식품 제조업,2024
01236897,271980,제일약품,KOSPI,의약품 제조업,2018
01236897,271980,제일약품,KOSPI,의약품 제조업,2019
01236897,271980,제일약품,KOSPI,의약품 제조업,2020
01236897,271980,제일약품,KOSPI,의약품 제조업,2021
01236897,271980,제일약품,KOSPI,의약품 제조업,2022
01236897,271980,제일약품,KOSPI,의약품 제조업,2023
01236897,271980,제일약품,KOSPI,의약품 제조업,2024
00258801,035720,카카오,KOSPI,"자료처리, 호스팅, 포털 및 기타 인터넷 정보매개 서비스업",2018
00258801,035720,카카오,KOSPI,"자료처리, 호스팅, 포털 및 기타 인터넷 정보매개 서비스업",2019
00258801,035720,카카오,KOSPI,"자료처리, 호스팅, 포털 및 기타 인터넷 정보매개 서비스업",2020
00258801,035720,카카오,KOSPI,"자료처리, 호스팅, 포털 및 기타 인터넷 정보매개 서비스업",2021
00258801,035720,카카오,KOSPI,"자료처리, 호스팅, 포털 및 기타 인터넷 정보매개 서비스업",2022
00258801,035720,카카오,KOSPI,"자료처리, 호스팅, 포털 및 기타 인터넷 정보매개 서비스업",2023
00258801,035720,카카오,KOSPI,"자료처리, 호스팅, 포털 및 기타 인터넷 정보매개 서비스업",2024
01238169,271560,오리온,KOSPI,기타 식품 제조업,2018
01238169,271560,오리온,KOSPI,기타 식품 제조업,2019
01238169,271560,오리온,KOSPI,기타 식품 제조업,2020
01238169,271560,오리온,KOSPI,기타 식품 제조업,2021
01238169,271560,오리온,KOSPI,기타 식품 제조업,2022
01238169,271560,오리온,KOSPI,기타 식품 제조업,2023
01238169,271560,오리온,KOSPI,기타 식품 제조업,2024
01234297,268280,미원에스씨,KOSPI,기초 화학물질 제조업,2018
01234297,268280,미원에스씨,KOSPI,기초 화학물질 제조업,2019
01234297,268280,미원에스씨,KOSPI,기초 화학물질 제조업,2020
01234297,268280,미원에스씨,KOSPI,기초 화학물질 제조업,2021
01234297,268280,미원에스씨,KOSPI,기초 화학물질 제조업,2022
01234297,268280,미원에스씨,KOSPI,기초 화학물질 제조업,2023
01234297,268280,미원에스씨,KOSPI,기초 화학물질 제조업,2024
01208885,267290,경동도시가스,KOSPI,연료용 가스 제조 및 배관공급업,2018
01208885,267290,경동도시가스,KOSPI,연료용 가스 제조 및 배관공급업,2019
01208885,267290,경동도시가스,KOSPI,연료용 가스 제조 및 배관공급업,2020
01208885,267290,경동도시가스,KOSPI,연료용 가스 제조 및 배관공급업,2021
01208885,267290,경동도시가스,KOSPI,연료용 가스 제조 및 배관공급업,2022
01208885,267290,경동도시가스,KOSPI,연료용 가스 제조 및 배관공급업,2023
01208885,267290,경동도시가스,KOSPI,연료용 가스 제조 및 배관공급업,2024
00904672,251270,넷마블,KOSPI,소프트웨어 개발 및 공급업,2018
00904672,251270,넷마블,KOSPI,소프트웨어 개발 및 공급업,2019
00904672,251270,넷마블,KOSPI,소프트웨어 개발 및 공급업,2020
00904672,251270,넷마블,KOSPI,소프트웨어 개발 및 공급업,2021
00904672,251270,넷마블,KOSPI,소프트웨어 개발 및 공급업,2022
00904672,251270,넷마블,KOSPI,소프트웨어 개발 및 공급업,2023
00904672,251270,넷마블,KOSPI,소프트웨어 개발 및 공급업,2024
01205842,267270,HD건설기계,KOSPI,특수 목적용 기계 제조업,2018
01205842,267270,HD건설기계,KOSPI,특수 목적용 기계 제조업,2019
01205842,267270,HD건설기계,KOSPI,특수 목적용 기계 제조업,2020
01205842,267270,HD건설기계,KOSPI,특수 목적용 기계 제조업,2021
01205842,267270,HD건설기계,KOSPI,특수 목적용 기계 제조업,2022
01205842,267270,HD건설기계,KOSPI,특수 목적용 기계 제조업,2023
01205842,267270,HD건설기계,KOSPI,특수 목적용 기계 제조업,2024
01205851,267260,HD현대일렉트릭,KOSPI,"전동기, 발전기 및 전기 변환 · 공급 · 제어 장치 제조업",2018
01205851,267260,HD현대일렉트릭,KOSPI,"전동기, 발전기 및 전기 변환 · 공급 · 제어 장치 제조업",2019
01205851,267260,HD현대일렉트릭,KOSPI,"전동기, 발전기 및 전기 변환 · 공급 · 제어 장치 제조업",2020
01205851,267260,HD현대일렉트릭,KOSPI,"전동기, 발전기 및 전기 변환 · 공급 · 제어 장치 제조업",2021
01205851,267260,HD현대일렉트릭,KOSPI,"전동기, 발전기 및 전기 변환 · 공급 · 제어 장치 제조업",2022
01205851,267260,HD현대일렉트릭,KOSPI,"전동기, 발전기 및 전기 변환 · 공급 · 제어 장치 제조업",2023
01205851,267260,HD현대일렉트릭,KOSPI,"전동기, 발전기 및 전기 변환 · 공급 · 제어 장치 제조업",2024
01205329,264900,크라운제과,KOSPI,"떡, 빵 및 과자류 제조업",2018
01205329,264900,크라운제과,KOSPI,"떡, 빵 및 과자류 제조업",2019
01205329,264900,크라운제과,KOSPI,"떡, 빵 및 과자류 제조업",2020
01205329,264900,크라운제과,KOSPI,"떡, 빵 및 과자류 제조업",2021
01205329,264900,크라운제과,KOSPI,"떡, 빵 및 과자류 제조업",2022
01205329,264900,크라운제과,KOSPI,"떡, 빵 및 과자류 제조업",2023
01205329,264900,크라운제과,KOSPI,"떡, 빵 및 과자류 제조업",2024
00526599,145720,덴티움,KOSPI,의료용 기기 제조업,2018
00526599,145720,덴티움,KOSPI,의료용 기기 제조업,2019
00526599,145720,덴티움,KOSPI,의료용 기기 제조업,2020
00526599,145720,덴티움,KOSPI,의료용 기기 제조업,2021
00526599,145720,덴티움,KOSPI,의료용 기기 제조업,2022
00526599,145720,덴티움,KOSPI,의료용 기기 제조업,2023
00526599,145720,덴티움,KOSPI,의료용 기기 제조업,2024
00226316,111110,호전실업,KOSPI,봉제의복 제조업,2018
00226316,111110,호전실업,KOSPI,봉제의복 제조업,2019
00226316,111110,호전실업,KOSPI,봉제의복 제조업,2020
00226316,111110,호전실업,KOSPI,봉제의복 제조업,2021
00226316,111110,호전실업,KOSPI,봉제의복 제조업,2022
00226316,111110,호전실업,KOSPI,봉제의복 제조업,2023
00226316,111110,호전실업,KOSPI,봉제의복 제조업,2024
00119140,143210,핸즈코퍼레이션,KOSPI,자동차 신품 부품 제조업,2018
00119140,143210,핸즈코퍼레이션,KOSPI,자동차 신품 부품 제조업,2019
00119140,143210,핸즈코퍼레이션,KOSPI,자동차 신품 부품 제조업,2020
00119140,143210,핸즈코퍼레이션,KOSPI,자동차 신품 부품 제조업,2021
00119140,143210,핸즈코퍼레이션,KOSPI,자동차 신품 부품 제조업,2022
00119140,143210,핸즈코퍼레이션,KOSPI,자동차 신품 부품 제조업,2023
00119140,143210,핸즈코퍼레이션,KOSPI,자동차 신품 부품 제조업,2024
01032486,241560,두산밥캣,KOSPI,특수 목적용 기계 제조업,2018
01032486,241560,두산밥캣,KOSPI,특수 목적용 기계 제조업,2019
01032486,241560,두산밥캣,KOSPI,특수 목적용 기계 제조업,2020
01032486,241560,두산밥캣,KOSPI,특수 목적용 기계 제조업,2021
01032486,241560,두산밥캣,KOSPI,특수 목적용 기계 제조업,2022
01032486,241560,두산밥캣,KOSPI,특수 목적용 기계 제조업,2023
01032486,241560,두산밥캣,KOSPI,특수 목적용 기계 제조업,2024
00877059,207940,삼성바이오로직스,KOSPI,기초 의약물질 제조업,2018
00877059,207940,삼성바이오로직스,KOSPI,기초 의약물질 제조업,2019
00877059,207940,삼성바이오로직스,KOSPI,기초 의약물질 제조업,2020
00877059,207940,삼성바이오로직스,KOSPI,기초 의약물질 제조업,2021
00877059,207940,삼성바이오로직스,KOSPI,기초 의약물질 제조업,2022
00877059,207940,삼성바이오로직스,KOSPI,기초 의약물질 제조업,2023
00877059,207940,삼성바이오로직스,KOSPI,기초 의약물질 제조업,2024
00225706,234080,JW생명과학,KOSPI,의약품 제조업,2018
00225706,234080,JW생명과학,KOSPI,의약품 제조업,2019
00225706,234080,JW생명과학,KOSPI,의약품 제조업,2020
00225706,234080,JW생명과학,KOSPI,의약품 제조업,2021
00225706,234080,JW생명과학,KOSPI,의약품 제조업,2022
00225706,234080,JW생명과학,KOSPI,의약품 제조업,2023
00225706,234080,JW생명과학,KOSPI,의약품 제조업,2024
01128613,241590,화승엔터프라이즈,KOSPI,신발 및 신발 부분품 제조업,2018
01128613,241590,화승엔터프라이즈,KOSPI,신발 및 신발 부분품 제조업,2019
01128613,241590,화승엔터프라이즈,KOSPI,신발 및 신발 부분품 제조업,2020
01128613,241590,화승엔터프라이즈,KOSPI,신발 및 신발 부분품 제조업,2021
01128613,241590,화승엔터프라이즈,KOSPI,신발 및 신발 부분품 제조업,2022
01128613,241590,화승엔터프라이즈,KOSPI,신발 및 신발 부분품 제조업,2023
01128613,241590,화승엔터프라이즈,KOSPI,신발 및 신발 부분품 제조업,2024
01168383,249420,일동제약,KOSPI,의약품 제조업,2018
01168383,249420,일동제약,KOSPI,의약품 제조업,2019
01168383,249420,일동제약,KOSPI,의약품 제조업,2020
01168383,249420,일동제약,KOSPI,의약품 제조업,2021
01168383,249420,일동제약,KOSPI,의약품 제조업,2022
01168383,249420,일동제약,KOSPI,의약품 제조업,2023
01168383,249420,일동제약,KOSPI,의약품 제조업,2024
01167056,248170,샘표식품,KOSPI,기타 식품 제조업,2018
01167056,248170,샘표식품,KOSPI,기타 식품 제조업,2019
01167056,248170,샘표식품,KOSPI,기타 식품 제조업,2020
01167056,248170,샘표식품,KOSPI,기타 식품 제조업,2021
01167056,248170,샘표식품,KOSPI,기타 식품 제조업,2022
01167056,248170,샘표식품,KOSPI,기타 식품 제조업,2023
01167056,248170,샘표식품,KOSPI,기타 식품 제조업,2024
00119672,016740,두올,KOSPI,자동차 신품 부품 제조업,2018
00119672,016740,두올,KOSPI,자동차 신품 부품 제조업,2019
00119672,016740,두올,KOSPI,자동차 신품 부품 제조업,2020
00119672,016740,두올,KOSPI,자동차 신품 부품 제조업,2021
00119672,016740,두올,KOSPI,자동차 신품 부품 제조업,2022
00119672,016740,두올,KOSPI,자동차 신품 부품 제조업,2023
00119672,016740,두올,KOSPI,자동차 신품 부품 제조업,2024
00144395,026960,동서,KOSPI,음·식료품 및 담배 도매업,2018
00144395,026960,동서,KOSPI,음·식료품 및 담배 도매업,2019
00144395,026960,동서,KOSPI,음·식료품 및 담배 도매업,2020
00144395,026960,동서,KOSPI,음·식료품 및 담배 도매업,2021
00144395,026960,동서,KOSPI,음·식료품 및 담배 도매업,2022
00144395,026960,동서,KOSPI,음·식료품 및 담배 도매업,2023
00144395,026960,동서,KOSPI,음·식료품 및 담배 도매업,2024
01032413,195870,해성디에스,KOSPI,전자부품 제조업,2018
01032413,195870,해성디에스,KOSPI,전자부품 제조업,2019
01032413,195870,해성디에스,KOSPI,전자부품 제조업,2020
01032413,195870,해성디에스,KOSPI,전자부품 제조업,2021
01032413,195870,해성디에스,KOSPI,전자부품 제조업,2022
01032413,195870,해성디에스,KOSPI,전자부품 제조업,2023
01032413,195870,해성디에스,KOSPI,전자부품 제조업,2024
00365989,070960,모나용평,KOSPI,일반 및 생활 숙박시설 운영업,2018
00365989,070960,모나용평,KOSPI,일반 및 생활 숙박시설 운영업,2019
00365989,070960,모나용평,KOSPI,일반 및 생활 숙박시설 운영업,2020
00365989,070960,모나용평,KOSPI,일반 및 생활 숙박시설 운영업,2021
00365989,070960,모나용평,KOSPI,일반 및 생활 숙박시설 운영업,2022
00365989,070960,모나용평,KOSPI,일반 및 생활 숙박시설 운영업,2023
00365989,070960,모나용평,KOSPI,일반 및 생활 숙박시설 운영업,2024
00428321,101530,해태제과식품,KOSPI,기타 식품 제조업,2018
00428321,101530,해태제과식품,KOSPI,기타 식품 제조업,2019
00428321,101530,해태제과식품,KOSPI,기타 식품 제조업,2020
00428321,101530,해태제과식품,KOSPI,기타 식품 제조업,2021
00428321,101530,해태제과식품,KOSPI,기타 식품 제조업,2022
00428321,101530,해태제과식품,KOSPI,기타 식품 제조업,2023
00428321,101530,해태제과식품,KOSPI,기타 식품 제조업,2024
00109806,004440,삼일씨엔에스,KOSPI,"시멘트, 석회, 플라스터 및 그 제품 제조업",2018
00109806,004440,삼일씨엔에스,KOSPI,"시멘트, 석회, 플라스터 및 그 제품 제조업",2019
00109806,004440,삼일씨엔에스,KOSPI,"시멘트, 석회, 플라스터 및 그 제품 제조업",2020
00109806,004440,삼일씨엔에스,KOSPI,"시멘트, 석회, 플라스터 및 그 제품 제조업",2021
00109806,004440,삼일씨엔에스,KOSPI,"시멘트, 석회, 플라스터 및 그 제품 제조업",2022
00109806,004440,삼일씨엔에스,KOSPI,"시멘트, 석회, 플라스터 및 그 제품 제조업",2023
00109806,004440,삼일씨엔에스,KOSPI,"시멘트, 석회, 플라스터 및 그 제품 제조업",2024
00332927,194370,제이에스코퍼레이션,KOSPI,"가죽, 가방 및 유사제품 제조업",2018
00332927,194370,제이에스코퍼레이션,KOSPI,"가죽, 가방 및 유사제품 제조업",2019
00332927,194370,제이에스코퍼레이션,KOSPI,"가죽, 가방 및 유사제품 제조업",2020
00332927,194370,제이에스코퍼레이션,KOSPI,"가죽, 가방 및 유사제품 제조업",2021
00332927,194370,제이에스코퍼레이션,KOSPI,"가죽, 가방 및 유사제품 제조업",2022
00332927,194370,제이에스코퍼레이션,KOSPI,"가죽, 가방 및 유사제품 제조업",2023
00332927,194370,제이에스코퍼레이션,KOSPI,"가죽, 가방 및 유사제품 제조업",2024
00911955,226320,잇츠한불,KOSPI,기타 화학제품 제조업,2018
00911955,226320,잇츠한불,KOSPI,기타 화학제품 제조업,2019
00911955,226320,잇츠한불,KOSPI,기타 화학제품 제조업,2020
00911955,226320,잇츠한불,KOSPI,기타 화학제품 제조업,2021
00911955,226320,잇츠한불,KOSPI,기타 화학제품 제조업,2022
00911955,226320,잇츠한불,KOSPI,기타 화학제품 제조업,2023
00911955,226320,잇츠한불,KOSPI,기타 화학제품 제조업,2024
00415628,075580,세진중공업,KOSPI,선박 및 보트 건조업,2018
00415628,075580,세진중공업,KOSPI,선박 및 보트 건조업,2019
00415628,075580,세진중공업,KOSPI,선박 및 보트 건조업,2020
00415628,075580,세진중공업,KOSPI,선박 및 보트 건조업,2021
00415628,075580,세진중공업,KOSPI,선박 및 보트 건조업,2022
00415628,075580,세진중공업,KOSPI,선박 및 보트 건조업,2023
00415628,075580,세진중공업,KOSPI,선박 및 보트 건조업,2024
00105606,214330,금호에이치티,KOSPI,자동차 신품 부품 제조업,2018
00105606,214330,금호에이치티,KOSPI,자동차 신품 부품 제조업,2019
00105606,214330,금호에이치티,KOSPI,자동차 신품 부품 제조업,2020
00105606,214330,금호에이치티,KOSPI,자동차 신품 부품 제조업,2021
00105606,214330,금호에이치티,KOSPI,자동차 신품 부품 제조업,2022
00105606,214330,금호에이치티,KOSPI,자동차 신품 부품 제조업,2023
00105606,214330,금호에이치티,KOSPI,자동차 신품 부품 제조업,2024
00555874,089590,제주항공,KOSPI,항공 여객 운송업,2018
00555874,089590,제주항공,KOSPI,항공 여객 운송업,2019
00555874,089590,제주항공,KOSPI,항공 여객 운송업,2020
00555874,089590,제주항공,KOSPI,항공 여객 운송업,2021
00555874,089590,제주항공,KOSPI,항공 여객 운송업,2022
00555874,089590,제주항공,KOSPI,항공 여객 운송업,2023
00555874,089590,제주항공,KOSPI,항공 여객 운송업,2024
01108099,227840,현대코퍼레이션홀딩스,KOSPI,음·식료품 및 담배 도매업,2018
01108099,227840,현대코퍼레이션홀딩스,KOSPI,음·식료품 및 담배 도매업,2019
01108099,227840,현대코퍼레이션홀딩스,KOSPI,음·식료품 및 담배 도매업,2020
01108099,227840,현대코퍼레이션홀딩스,KOSPI,음·식료품 및 담배 도매업,2021
01108099,227840,현대코퍼레이션홀딩스,KOSPI,음·식료품 및 담배 도매업,2022
01108099,227840,현대코퍼레이션홀딩스,KOSPI,음·식료품 및 담배 도매업,2023
01108099,227840,현대코퍼레이션홀딩스,KOSPI,음·식료품 및 담배 도매업,2024
00503668,079550,LIG디펜스앤에어로스페이스,KOSPI,무기 및 총포탄 제조업,2018
00503668,079550,LIG디펜스앤에어로스페이스,KOSPI,무기 및 총포탄 제조업,2019
00503668,079550,LIG디펜스앤에어로스페이스,KOSPI,무기 및 총포탄 제조업,2020
00503668,079550,LIG디펜스앤에어로스페이스,KOSPI,무기 및 총포탄 제조업,2021
00503668,079550,LIG디펜스앤에어로스페이스,KOSPI,무기 및 총포탄 제조업,2022
00503668,079550,LIG디펜스앤에어로스페이스,KOSPI,무기 및 총포탄 제조업,2023
00503668,079550,LIG디펜스앤에어로스페이스,KOSPI,무기 및 총포탄 제조업,2024
00350312,039570,HDC랩스,KOSPI,전기 및 통신 공사업,2018
00350312,039570,HDC랩스,KOSPI,전기 및 통신 공사업,2019
00350312,039570,HDC랩스,KOSPI,전기 및 통신 공사업,2020
00350312,039570,HDC랩스,KOSPI,전기 및 통신 공사업,2021
00350312,039570,HDC랩스,KOSPI,전기 및 통신 공사업,2022
00350312,039570,HDC랩스,KOSPI,전기 및 통신 공사업,2023
00350312,039570,HDC랩스,KOSPI,전기 및 통신 공사업,2024
00118451,002690,동일제강,KOSPI,1차 철강 제조업,2018
00118451,002690,동일제강,KOSPI,1차 철강 제조업,2019
00118451,002690,동일제강,KOSPI,1차 철강 제조업,2020
00118451,002690,동일제강,KOSPI,1차 철강 제조업,2021
00118451,002690,동일제강,KOSPI,1차 철강 제조업,2022
00118451,002690,동일제강,KOSPI,1차 철강 제조업,2023
00118451,002690,동일제강,KOSPI,1차 철강 제조업,2024
00365387,095570,AJ네트웍스,KOSPI,산업용 기계 및 장비 임대업,2018
00365387,095570,AJ네트웍스,KOSPI,산업용 기계 및 장비 임대업,2019
00365387,095570,AJ네트웍스,KOSPI,산업용 기계 및 장비 임대업,2020
00365387,095570,AJ네트웍스,KOSPI,산업용 기계 및 장비 임대업,2021
00365387,095570,AJ네트웍스,KOSPI,산업용 기계 및 장비 임대업,2022
00365387,095570,AJ네트웍스,KOSPI,산업용 기계 및 장비 임대업,2023
00365387,095570,AJ네트웍스,KOSPI,산업용 기계 및 장비 임대업,2024
00565154,214320,이노션,KOSPI,광고업,2018
00565154,214320,이노션,KOSPI,광고업,2019
00565154,214320,이노션,KOSPI,광고업,2020
00565154,214320,이노션,KOSPI,광고업,2021
00565154,214320,이노션,KOSPI,광고업,2022
00565154,214320,이노션,KOSPI,광고업,2023
00565154,214320,이노션,KOSPI,광고업,2024
00816544,214420,토니모리,KOSPI,기타 화학제품 제조업,2018
00816544,214420,토니모리,KOSPI,기타 화학제품 제조업,2019
00816544,214420,토니모리,KOSPI,기타 화학제품 제조업,2020
00816544,214420,토니모리,KOSPI,기타 화학제품 제조업,2021
00816544,214420,토니모리,KOSPI,기타 화학제품 제조업,2022
00816544,214420,토니모리,KOSPI,기타 화학제품 제조업,2023
00816544,214420,토니모리,KOSPI,기타 화학제품 제조업,2024
00101664,214390,경보제약,KOSPI,기초 의약물질 제조업,2018
00101664,214390,경보제약,KOSPI,기초 의약물질 제조업,2019
00101664,214390,경보제약,KOSPI,기초 의약물질 제조업,2020
00101664,214390,경보제약,KOSPI,기초 의약물질 제조업,2021
00101664,214390,경보제약,KOSPI,기초 의약물질 제조업,2022
00101664,214390,경보제약,KOSPI,기초 의약물질 제조업,2023
00101664,214390,경보제약,KOSPI,기초 의약물질 제조업,2024
00453488,145210,다이나믹디자인,KOSPI,특수 목적용 기계 제조업,2018
00453488,145210,다이나믹디자인,KOSPI,특수 목적용 기계 제조업,2019
00453488,145210,다이나믹디자인,KOSPI,특수 목적용 기계 제조업,2020
00453488,145210,다이나믹디자인,KOSPI,특수 목적용 기계 제조업,2021
00453488,145210,다이나믹디자인,KOSPI,특수 목적용 기계 제조업,2022
00453488,145210,다이나믹디자인,KOSPI,특수 목적용 기계 제조업,2023
00453488,145210,다이나믹디자인,KOSPI,특수 목적용 기계 제조업,2024
01060744,213500,한솔제지,KOSPI,"펄프, 종이 및 판지 제조업",2018
01060744,213500,한솔제지,KOSPI,"펄프, 종이 및 판지 제조업",2019
01060744,213500,한솔제지,KOSPI,"펄프, 종이 및 판지 제조업",2020
01060744,213500,한솔제지,KOSPI,"펄프, 종이 및 판지 제조업",2021
01060744,213500,한솔제지,KOSPI,"펄프, 종이 및 판지 제조업",2022
01060744,213500,한솔제지,KOSPI,"펄프, 종이 및 판지 제조업",2023
01060744,213500,한솔제지,KOSPI,"펄프, 종이 및 판지 제조업",2024
01059605,210540,디와이파워,KOSPI,특수 목적용 기계 제조업,2018
01059605,210540,디와이파워,KOSPI,특수 목적용 기계 제조업,2019
01059605,210540,디와이파워,KOSPI,특수 목적용 기계 제조업,2020
01059605,210540,디와이파워,KOSPI,특수 목적용 기계 제조업,2021
01059605,210540,디와이파워,KOSPI,특수 목적용 기계 제조업,2022
01059605,210540,디와이파워,KOSPI,특수 목적용 기계 제조업,2023
01059605,210540,디와이파워,KOSPI,특수 목적용 기계 제조업,2024
00149655,028260,삼성물산,KOSPI,기타 전문 도매업,2018
00149655,028260,삼성물산,KOSPI,기타 전문 도매업,2019
00149655,028260,삼성물산,KOSPI,기타 전문 도매업,2020
00149655,028260,삼성물산,KOSPI,기타 전문 도매업,2021
00149655,028260,삼성물산,KOSPI,기타 전문 도매업,2022
00149655,028260,삼성물산,KOSPI,기타 전문 도매업,2023
00149655,028260,삼성물산,KOSPI,기타 전문 도매업,2024
00670340,112610,씨에스윈드,KOSPI,"구조용 금속제품, 탱크 및 증기발생기 제조업",2018
00670340,112610,씨에스윈드,KOSPI,"구조용 금속제품, 탱크 및 증기발생기 제조업",2019
00670340,112610,씨에스윈드,KOSPI,"구조용 금속제품, 탱크 및 증기발생기 제조업",2020
00670340,112610,씨에스윈드,KOSPI,"구조용 금속제품, 탱크 및 증기발생기 제조업",2021
00670340,112610,씨에스윈드,KOSPI,"구조용 금속제품, 탱크 및 증기발생기 제조업",2022
00670340,112610,씨에스윈드,KOSPI,"구조용 금속제품, 탱크 및 증기발생기 제조업",2023
00670340,112610,씨에스윈드,KOSPI,"구조용 금속제품, 탱크 및 증기발생기 제조업",2024
00126186,018260,삼성에스디에스,KOSPI,"컴퓨터 프로그래밍, 시스템 통합 및 관리업",2018
00126186,018260,삼성에스디에스,KOSPI,"컴퓨터 프로그래밍, 시스템 통합 및 관리업",2019
00126186,018260,삼성에스디에스,KOSPI,"컴퓨터 프로그래밍, 시스템 통합 및 관리업",2020
00126186,018260,삼성에스디에스,KOSPI,"컴퓨터 프로그래밍, 시스템 통합 및 관리업",2021
00126186,018260,삼성에스디에스,KOSPI,"컴퓨터 프로그래밍, 시스템 통합 및 관리업",2022
00126186,018260,삼성에스디에스,KOSPI,"컴퓨터 프로그래밍, 시스템 통합 및 관리업",2023
00126186,018260,삼성에스디에스,KOSPI,"컴퓨터 프로그래밍, 시스템 통합 및 관리업",2024
01042775,204320,HL만도,KOSPI,자동차 신품 부품 제조업,2018
01042775,204320,HL만도,KOSPI,자동차 신품 부품 제조업,2019
01042775,204320,HL만도,KOSPI,자동차 신품 부품 제조업,2020
01042775,204320,HL만도,KOSPI,자동차 신품 부품 제조업,2021
01042775,204320,HL만도,KOSPI,자동차 신품 부품 제조업,2022
01042775,204320,HL만도,KOSPI,자동차 신품 부품 제조업,2023
01042775,204320,HL만도,KOSPI,자동차 신품 부품 제조업,2024
01036446,200880,서연이화,KOSPI,자동차 신품 부품 제조업,2018
01036446,200880,서연이화,KOSPI,자동차 신품 부품 제조업,2019
01036446,200880,서연이화,KOSPI,자동차 신품 부품 제조업,2020
01036446,200880,서연이화,KOSPI,자동차 신품 부품 제조업,2021
01036446,200880,서연이화,KOSPI,자동차 신품 부품 제조업,2022
01036446,200880,서연이화,KOSPI,자동차 신품 부품 제조업,2023
01036446,200880,서연이화,KOSPI,자동차 신품 부품 제조업,2024
00661847,133820,화인베스틸,KOSPI,1차 철강 제조업,2018
00661847,133820,화인베스틸,KOSPI,1차 철강 제조업,2019
00661847,133820,화인베스틸,KOSPI,1차 철강 제조업,2020
00661847,133820,화인베스틸,KOSPI,1차 철강 제조업,2021
00661847,133820,화인베스틸,KOSPI,1차 철강 제조업,2022
00661847,133820,화인베스틸,KOSPI,1차 철강 제조업,2023
00661847,133820,화인베스틸,KOSPI,1차 철강 제조업,2024
01009789,192820,코스맥스,KOSPI,기타 화학제품 제조업,2018
01009789,192820,코스맥스,KOSPI,기타 화학제품 제조업,2019
01009789,192820,코스맥스,KOSPI,기타 화학제품 제조업,2020
01009789,192820,코스맥스,KOSPI,기타 화학제품 제조업,2021
01009789,192820,코스맥스,KOSPI,기타 화학제품 제조업,2022
01009789,192820,코스맥스,KOSPI,기타 화학제품 제조업,2023
01009789,192820,코스맥스,KOSPI,기타 화학제품 제조업,2024
00992871,185750,종근당,KOSPI,의약품 제조업,2018
00992871,185750,종근당,KOSPI,의약품 제조업,2019
00992871,185750,종근당,KOSPI,의약품 제조업,2020
00992871,185750,종근당,KOSPI,의약품 제조업,2021
00992871,185750,종근당,KOSPI,의약품 제조업,2022
00992871,185750,종근당,KOSPI,의약품 제조업,2023
00992871,185750,종근당,KOSPI,의약품 제조업,2024
00136402,006880,신송홀딩스,KOSPI,산업용 농·축산물 및 동·식물 도매업,2018
00136402,006880,신송홀딩스,KOSPI,산업용 농·축산물 및 동·식물 도매업,2019
00136402,006880,신송홀딩스,KOSPI,산업용 농·축산물 및 동·식물 도매업,2020
00136402,006880,신송홀딩스,KOSPI,산업용 농·축산물 및 동·식물 도매업,2021
00136402,006880,신송홀딩스,KOSPI,산업용 농·축산물 및 동·식물 도매업,2022
00136402,006880,신송홀딩스,KOSPI,산업용 농·축산물 및 동·식물 도매업,2023
00136402,006880,신송홀딩스,KOSPI,산업용 농·축산물 및 동·식물 도매업,2024
00990165,183190,아세아시멘트,KOSPI,"시멘트, 석회, 플라스터 및 그 제품 제조업",2018
00990165,183190,아세아시멘트,KOSPI,"시멘트, 석회, 플라스터 및 그 제품 제조업",2019
00990165,183190,아세아시멘트,KOSPI,"시멘트, 석회, 플라스터 및 그 제품 제조업",2020
00990165,183190,아세아시멘트,KOSPI,"시멘트, 석회, 플라스터 및 그 제품 제조업",2021
00990165,183190,아세아시멘트,KOSPI,"시멘트, 석회, 플라스터 및 그 제품 제조업",2022
00990165,183190,아세아시멘트,KOSPI,"시멘트, 석회, 플라스터 및 그 제품 제조업",2023
00990165,183190,아세아시멘트,KOSPI,"시멘트, 석회, 플라스터 및 그 제품 제조업",2024
00302926,064350,현대로템,KOSPI,그외 기타 운송장비 제조업,2018
00302926,064350,현대로템,KOSPI,그외 기타 운송장비 제조업,2019
00302926,064350,현대로템,KOSPI,그외 기타 운송장비 제조업,2020
00302926,064350,현대로템,KOSPI,그외 기타 운송장비 제조업,2021
00302926,064350,현대로템,KOSPI,그외 기타 운송장비 제조업,2022
00302926,064350,현대로템,KOSPI,그외 기타 운송장비 제조업,2023
00302926,064350,현대로템,KOSPI,그외 기타 운송장비 제조업,2024
00983271,181710,NHN,KOSPI,소프트웨어 개발 및 공급업,2018
00983271,181710,NHN,KOSPI,소프트웨어 개발 및 공급업,2019
00983271,181710,NHN,KOSPI,소프트웨어 개발 및 공급업,2020
00983271,181710,NHN,KOSPI,소프트웨어 개발 및 공급업,2021
00983271,181710,NHN,KOSPI,소프트웨어 개발 및 공급업,2022
00983271,181710,NHN,KOSPI,소프트웨어 개발 및 공급업,2023
00983271,181710,NHN,KOSPI,소프트웨어 개발 및 공급업,2024
00110608,155660,DSR,KOSPI,1차 비철금속 제조업,2018
00110608,155660,DSR,KOSPI,1차 비철금속 제조업,2019
00110608,155660,DSR,KOSPI,1차 비철금속 제조업,2020
00110608,155660,DSR,KOSPI,1차 비철금속 제조업,2021
00110608,155660,DSR,KOSPI,1차 비철금속 제조업,2022
00110608,155660,DSR,KOSPI,1차 비철금속 제조업,2023
00110608,155660,DSR,KOSPI,1차 비철금속 제조업,2024
00956930,170900,동아에스티,KOSPI,의약품 제조업,2018
00956930,170900,동아에스티,KOSPI,의약품 제조업,2019
00956930,170900,동아에스티,KOSPI,의약품 제조업,2020
00956930,170900,동아에스티,KOSPI,의약품 제조업,2021
00956930,170900,동아에스티,KOSPI,의약품 제조업,2022
00956930,170900,동아에스티,KOSPI,의약품 제조업,2023
00956930,170900,동아에스티,KOSPI,의약품 제조업,2024
00156354,013870,지엠비코리아,KOSPI,자동차 신품 부품 제조업,2018
00156354,013870,지엠비코리아,KOSPI,자동차 신품 부품 제조업,2019
00156354,013870,지엠비코리아,KOSPI,자동차 신품 부품 제조업,2020
00156354,013870,지엠비코리아,KOSPI,자동차 신품 부품 제조업,2021
00156354,013870,지엠비코리아,KOSPI,자동차 신품 부품 제조업,2022
00156354,013870,지엠비코리아,KOSPI,자동차 신품 부품 제조업,2023
00156354,013870,지엠비코리아,KOSPI,자동차 신품 부품 제조업,2024
00222532,037560,LG헬로비전,KOSPI,텔레비전 방송업,2018
00222532,037560,LG헬로비전,KOSPI,텔레비전 방송업,2019
00222532,037560,LG헬로비전,KOSPI,텔레비전 방송업,2020
00222532,037560,LG헬로비전,KOSPI,텔레비전 방송업,2021
00222532,037560,LG헬로비전,KOSPI,텔레비전 방송업,2022
00222532,037560,LG헬로비전,KOSPI,텔레비전 방송업,2023
00222532,037560,LG헬로비전,KOSPI,텔레비전 방송업,2024
00939687,163560,동일고무벨트,KOSPI,고무제품 제조업,2018
00939687,163560,동일고무벨트,KOSPI,고무제품 제조업,2019
00939687,163560,동일고무벨트,KOSPI,고무제품 제조업,2020
00939687,163560,동일고무벨트,KOSPI,고무제품 제조업,2021
00939687,163560,동일고무벨트,KOSPI,고무제품 제조업,2022
00939687,163560,동일고무벨트,KOSPI,고무제품 제조업,2023
00939687,163560,동일고무벨트,KOSPI,고무제품 제조업,2024
00939331,161890,한국콜마,KOSPI,기타 화학제품 제조업,2018
00939331,161890,한국콜마,KOSPI,기타 화학제품 제조업,2019
00939331,161890,한국콜마,KOSPI,기타 화학제품 제조업,2020
00939331,161890,한국콜마,KOSPI,기타 화학제품 제조업,2021
00939331,161890,한국콜마,KOSPI,기타 화학제품 제조업,2022
00939331,161890,한국콜마,KOSPI,기타 화학제품 제조업,2023
00939331,161890,한국콜마,KOSPI,기타 화학제품 제조업,2024
00937324,161390,한국타이어앤테크놀로지,KOSPI,고무제품 제조업,2018
00937324,161390,한국타이어앤테크놀로지,KOSPI,고무제품 제조업,2019
00937324,161390,한국타이어앤테크놀로지,KOSPI,고무제품 제조업,2020
00937324,161390,한국타이어앤테크놀로지,KOSPI,고무제품 제조업,2021
00937324,161390,한국타이어앤테크놀로지,KOSPI,고무제품 제조업,2022
00937324,161390,한국타이어앤테크놀로지,KOSPI,고무제품 제조업,2023
00937324,161390,한국타이어앤테크놀로지,KOSPI,고무제품 제조업,2024
00936787,161000,애경케미칼,KOSPI,기초 화학물질 제조업,2018
00936787,161000,애경케미칼,KOSPI,기초 화학물질 제조업,2019
00936787,161000,애경케미칼,KOSPI,기초 화학물질 제조업,2020
00936787,161000,애경케미칼,KOSPI,기초 화학물질 제조업,2021
00936787,161000,애경케미칼,KOSPI,기초 화학물질 제조업,2022
00936787,161000,애경케미칼,KOSPI,기초 화학물질 제조업,2023
00936787,161000,애경케미칼,KOSPI,기초 화학물질 제조업,2024
00124780,014710,사조씨푸드,KOSPI,수산물 가공 및 저장 처리업,2018
00124780,014710,사조씨푸드,KOSPI,수산물 가공 및 저장 처리업,2019
00124780,014710,사조씨푸드,KOSPI,수산물 가공 및 저장 처리업,2020
00124780,014710,사조씨푸드,KOSPI,수산물 가공 및 저장 처리업,2021
00124780,014710,사조씨푸드,KOSPI,수산물 가공 및 저장 처리업,2022
00124780,014710,사조씨푸드,KOSPI,수산물 가공 및 저장 처리업,2023
00124780,014710,사조씨푸드,KOSPI,수산물 가공 및 저장 처리업,2024
00362238,079980,휴비스,KOSPI,화학섬유 제조업,2018
00362238,079980,휴비스,KOSPI,화학섬유 제조업,2019
00362238,079980,휴비스,KOSPI,화학섬유 제조업,2020
00362238,079980,휴비스,KOSPI,화학섬유 제조업,2021
00362238,079980,휴비스,KOSPI,화학섬유 제조업,2022
00362238,079980,휴비스,KOSPI,화학섬유 제조업,2023
00362238,079980,휴비스,KOSPI,화학섬유 제조업,2024
00140177,007070,GS리테일,KOSPI,종합 소매업,2018
00140177,007070,GS리테일,KOSPI,종합 소매업,2019
00140177,007070,GS리테일,KOSPI,종합 소매업,2020
00140177,007070,GS리테일,KOSPI,종합 소매업,2021
00140177,007070,GS리테일,KOSPI,종합 소매업,2022
00140177,007070,GS리테일,KOSPI,종합 소매업,2023
00140177,007070,GS리테일,KOSPI,종합 소매업,2024
00151368,129260,인터지스,KOSPI,도로 화물 운송업,2018
00151368,129260,인터지스,KOSPI,도로 화물 운송업,2019
00151368,129260,인터지스,KOSPI,도로 화물 운송업,2020
00151368,129260,인터지스,KOSPI,도로 화물 운송업,2021
00151368,129260,인터지스,KOSPI,도로 화물 운송업,2022
00151368,129260,인터지스,KOSPI,도로 화물 운송업,2023
00151368,129260,인터지스,KOSPI,도로 화물 운송업,2024
00896285,145990,삼양사,KOSPI,기타 식품 제조업,2018
00896285,145990,삼양사,KOSPI,기타 식품 제조업,2019
00896285,145990,삼양사,KOSPI,기타 식품 제조업,2020
00896285,145990,삼양사,KOSPI,기타 식품 제조업,2021
00896285,145990,삼양사,KOSPI,기타 식품 제조업,2022
00896285,145990,삼양사,KOSPI,기타 식품 제조업,2023
00896285,145990,삼양사,KOSPI,기타 식품 제조업,2024
00269940,039130,하나투어,KOSPI,여행사 및 기타 여행보조 서비스업,2018
00269940,039130,하나투어,KOSPI,여행사 및 기타 여행보조 서비스업,2019
00269940,039130,하나투어,KOSPI,여행사 및 기타 여행보조 서비스업,2020
00269940,039130,하나투어,KOSPI,여행사 및 기타 여행보조 서비스업,2021
00269940,039130,하나투어,KOSPI,여행사 및 기타 여행보조 서비스업,2022
00269940,039130,하나투어,KOSPI,여행사 및 기타 여행보조 서비스업,2023
00269940,039130,하나투어,KOSPI,여행사 및 기타 여행보조 서비스업,2024
00400857,078520,에이블씨엔씨,KOSPI,기타 화학제품 제조업,2018
00400857,078520,에이블씨엔씨,KOSPI,기타 화학제품 제조업,2019
00400857,078520,에이블씨엔씨,KOSPI,기타 화학제품 제조업,2020
00400857,078520,에이블씨엔씨,KOSPI,기타 화학제품 제조업,2021
00400857,078520,에이블씨엔씨,KOSPI,기타 화학제품 제조업,2022
00400857,078520,에이블씨엔씨,KOSPI,기타 화학제품 제조업,2023
00400857,078520,에이블씨엔씨,KOSPI,기타 화학제품 제조업,2024
00191588,023000,삼원강재,KOSPI,자동차 신품 부품 제조업,2018
00191588,023000,삼원강재,KOSPI,자동차 신품 부품 제조업,2019
00191588,023000,삼원강재,KOSPI,자동차 신품 부품 제조업,2020
00191588,023000,삼원강재,KOSPI,자동차 신품 부품 제조업,2021
00191588,023000,삼원강재,KOSPI,자동차 신품 부품 제조업,2022
00191588,023000,삼원강재,KOSPI,자동차 신품 부품 제조업,2023
00191588,023000,삼원강재,KOSPI,자동차 신품 부품 제조업,2024
00234412,031430,신세계인터내셔날,KOSPI,"섬유, 의복, 신발 및 가죽제품 소매업",2018
00234412,031430,신세계인터내셔날,KOSPI,"섬유, 의복, 신발 및 가죽제품 소매업",2019
00234412,031430,신세계인터내셔날,KOSPI,"섬유, 의복, 신발 및 가죽제품 소매업",2020
00234412,031430,신세계인터내셔날,KOSPI,"섬유, 의복, 신발 및 가죽제품 소매업",2021
00234412,031430,신세계인터내셔날,KOSPI,"섬유, 의복, 신발 및 가죽제품 소매업",2022
00234412,031430,신세계인터내셔날,KOSPI,"섬유, 의복, 신발 및 가죽제품 소매업",2023
00234412,031430,신세계인터내셔날,KOSPI,"섬유, 의복, 신발 및 가죽제품 소매업",2024
00309503,047810,한국항공우주,KOSPI,"항공기,우주선 및 부품 제조업",2018
00309503,047810,한국항공우주,KOSPI,"항공기,우주선 및 부품 제조업",2019
00309503,047810,한국항공우주,KOSPI,"항공기,우주선 및 부품 제조업",2020
00309503,047810,한국항공우주,KOSPI,"항공기,우주선 및 부품 제조업",2021
00309503,047810,한국항공우주,KOSPI,"항공기,우주선 및 부품 제조업",2022
00309503,047810,한국항공우주,KOSPI,"항공기,우주선 및 부품 제조업",2023
00309503,047810,한국항공우주,KOSPI,"항공기,우주선 및 부품 제조업",2024
00158307,071840,롯데하이마트,KOSPI,가전제품 및 정보통신장비 소매업,2018
00158307,071840,롯데하이마트,KOSPI,가전제품 및 정보통신장비 소매업,2019
00158307,071840,롯데하이마트,KOSPI,가전제품 및 정보통신장비 소매업,2020
00158307,071840,롯데하이마트,KOSPI,가전제품 및 정보통신장비 소매업,2021
00158307,071840,롯데하이마트,KOSPI,가전제품 및 정보통신장비 소매업,2022
00158307,071840,롯데하이마트,KOSPI,가전제품 및 정보통신장비 소매업,2023
00158307,071840,롯데하이마트,KOSPI,가전제품 및 정보통신장비 소매업,2024
00357360,069640,한세엠케이,KOSPI,"섬유, 의복, 신발 및 가죽제품 소매업",2018
00357360,069640,한세엠케이,KOSPI,"섬유, 의복, 신발 및 가죽제품 소매업",2019
00357360,069640,한세엠케이,KOSPI,"섬유, 의복, 신발 및 가죽제품 소매업",2020
00357360,069640,한세엠케이,KOSPI,"섬유, 의복, 신발 및 가죽제품 소매업",2021
00357360,069640,한세엠케이,KOSPI,"섬유, 의복, 신발 및 가죽제품 소매업",2022
00357360,069640,한세엠케이,KOSPI,"섬유, 의복, 신발 및 가죽제품 소매업",2023
00357360,069640,한세엠케이,KOSPI,"섬유, 의복, 신발 및 가죽제품 소매업",2024
00872984,139480,이마트,KOSPI,종합 소매업,2018
00872984,139480,이마트,KOSPI,종합 소매업,2019
00872984,139480,이마트,KOSPI,종합 소매업,2020
00872984,139480,이마트,KOSPI,종합 소매업,2021
00872984,139480,이마트,KOSPI,종합 소매업,2022
00872984,139480,이마트,KOSPI,종합 소매업,2023
00872984,139480,이마트,KOSPI,종합 소매업,2024
00349097,053210,케이티스카이라이프,KOSPI,텔레비전 방송업,2018
00349097,053210,케이티스카이라이프,KOSPI,텔레비전 방송업,2019
00349097,053210,케이티스카이라이프,KOSPI,텔레비전 방송업,2020
00349097,053210,케이티스카이라이프,KOSPI,텔레비전 방송업,2021
00349097,053210,케이티스카이라이프,KOSPI,텔레비전 방송업,2022
00349097,053210,케이티스카이라이프,KOSPI,텔레비전 방송업,2023
00349097,053210,케이티스카이라이프,KOSPI,텔레비전 방송업,2024
00159500,023350,한국종합기술,KOSPI,"건축기술, 엔지니어링 및 관련 기술 서비스업",2018
00159500,023350,한국종합기술,KOSPI,"건축기술, 엔지니어링 및 관련 기술 서비스업",2019
00159500,023350,한국종합기술,KOSPI,"건축기술, 엔지니어링 및 관련 기술 서비스업",2020
00159500,023350,한국종합기술,KOSPI,"건축기술, 엔지니어링 및 관련 기술 서비스업",2021
00159500,023350,한국종합기술,KOSPI,"건축기술, 엔지니어링 및 관련 기술 서비스업",2022
00159500,023350,한국종합기술,KOSPI,"건축기술, 엔지니어링 및 관련 기술 서비스업",2023
00159500,023350,한국종합기술,KOSPI,"건축기술, 엔지니어링 및 관련 기술 서비스업",2024
00113997,020150,롯데에너지머티리얼즈,KOSPI,전자부품 제조업,2018
00113997,020150,롯데에너지머티리얼즈,KOSPI,전자부품 제조업,2019
00113997,020150,롯데에너지머티리얼즈,KOSPI,전자부품 제조업,2020
00113997,020150,롯데에너지머티리얼즈,KOSPI,전자부품 제조업,2021
00113997,020150,롯데에너지머티리얼즈,KOSPI,전자부품 제조업,2022
00113997,020150,롯데에너지머티리얼즈,KOSPI,전자부품 제조업,2023
00113997,020150,롯데에너지머티리얼즈,KOSPI,전자부품 제조업,2024
00106623,011210,현대위아,KOSPI,자동차 신품 부품 제조업,2018
00106623,011210,현대위아,KOSPI,자동차 신품 부품 제조업,2019
00106623,011210,현대위아,KOSPI,자동차 신품 부품 제조업,2020
00106623,011210,현대위아,KOSPI,자동차 신품 부품 제조업,2021
00106623,011210,현대위아,KOSPI,자동차 신품 부품 제조업,2022
00106623,011210,현대위아,KOSPI,자동차 신품 부품 제조업,2023
00106623,011210,현대위아,KOSPI,자동차 신품 부품 제조업,2024
00855093,136490,선진,KOSPI,동물용 사료 및 조제식품 제조업,2018
00855093,136490,선진,KOSPI,동물용 사료 및 조제식품 제조업,2019
00855093,136490,선진,KOSPI,동물용 사료 및 조제식품 제조업,2020
00855093,136490,선진,KOSPI,동물용 사료 및 조제식품 제조업,2021
00855093,136490,선진,KOSPI,동물용 사료 및 조제식품 제조업,2022
00855093,136490,선진,KOSPI,동물용 사료 및 조제식품 제조업,2023
00855093,136490,선진,KOSPI,동물용 사료 및 조제식품 제조업,2024
00855163,134380,미원화학,KOSPI,기타 화학제품 제조업,2018
00855163,134380,미원화학,KOSPI,기타 화학제품 제조업,2019
00855163,134380,미원화학,KOSPI,기타 화학제품 제조업,2020
00855163,134380,미원화학,KOSPI,기타 화학제품 제조업,2021
00855163,134380,미원화학,KOSPI,기타 화학제품 제조업,2022
00855163,134380,미원화학,KOSPI,기타 화학제품 제조업,2023
00855163,134380,미원화학,KOSPI,기타 화학제품 제조업,2024
00852087,134790,시디즈,KOSPI,가구 제조업,2018
00852087,134790,시디즈,KOSPI,가구 제조업,2019
00852087,134790,시디즈,KOSPI,가구 제조업,2020
00852087,134790,시디즈,KOSPI,가구 제조업,2021
00852087,134790,시디즈,KOSPI,가구 제조업,2022
00852087,134790,시디즈,KOSPI,가구 제조업,2023
00852087,134790,시디즈,KOSPI,가구 제조업,2024
00361008,082740,한화엔진,KOSPI,일반 목적용 기계 제조업,2018
00361008,082740,한화엔진,KOSPI,일반 목적용 기계 제조업,2019
00361008,082740,한화엔진,KOSPI,일반 목적용 기계 제조업,2020
00361008,082740,한화엔진,KOSPI,일반 목적용 기계 제조업,2021
00361008,082740,한화엔진,KOSPI,일반 목적용 기계 제조업,2022
00361008,082740,한화엔진,KOSPI,일반 목적용 기계 제조업,2023
00361008,082740,한화엔진,KOSPI,일반 목적용 기계 제조업,2024
00787376,117580,대성에너지,KOSPI,연료용 가스 제조 및 배관공급업,2018
00787376,117580,대성에너지,KOSPI,연료용 가스 제조 및 배관공급업,2019
00787376,117580,대성에너지,KOSPI,연료용 가스 제조 및 배관공급업,2020
00787376,117580,대성에너지,KOSPI,연료용 가스 제조 및 배관공급업,2021
00787376,117580,대성에너지,KOSPI,연료용 가스 제조 및 배관공급업,2022
00787376,117580,대성에너지,KOSPI,연료용 가스 제조 및 배관공급업,2023
00787376,117580,대성에너지,KOSPI,연료용 가스 제조 및 배관공급업,2024
00403632,126560,현대퓨처넷,KOSPI,전기 통신업,2018
00403632,126560,현대퓨처넷,KOSPI,전기 통신업,2019
00403632,126560,현대퓨처넷,KOSPI,전기 통신업,2020
00403632,126560,현대퓨처넷,KOSPI,전기 통신업,2021
00403632,126560,현대퓨처넷,KOSPI,전기 통신업,2022
00403632,126560,현대퓨처넷,KOSPI,전기 통신업,2023
00403632,126560,현대퓨처넷,KOSPI,전기 통신업,2024
00372873,058860,KTis,KOSPI,기타 정보 서비스업,2018
00372873,058860,KTis,KOSPI,기타 정보 서비스업,2019
00372873,058860,KTis,KOSPI,기타 정보 서비스업,2020
00372873,058860,KTis,KOSPI,기타 정보 서비스업,2021
00372873,058860,KTis,KOSPI,기타 정보 서비스업,2022
00372873,058860,KTis,KOSPI,기타 정보 서비스업,2023
00372873,058860,KTis,KOSPI,기타 정보 서비스업,2024
00194947,130660,한전산업,KOSPI,"건축기술, 엔지니어링 및 관련 기술 서비스업",2018
00194947,130660,한전산업,KOSPI,"건축기술, 엔지니어링 및 관련 기술 서비스업",2019
00194947,130660,한전산업,KOSPI,"건축기술, 엔지니어링 및 관련 기술 서비스업",2020
00194947,130660,한전산업,KOSPI,"건축기술, 엔지니어링 및 관련 기술 서비스업",2021
00194947,130660,한전산업,KOSPI,"건축기술, 엔지니어링 및 관련 기술 서비스업",2022
00194947,130660,한전산업,KOSPI,"건축기술, 엔지니어링 및 관련 기술 서비스업",2023
00194947,130660,한전산업,KOSPI,"건축기술, 엔지니어링 및 관련 기술 서비스업",2024
00838500,900140,엘브이엠씨,KOSPI,자동차 판매업,2018
00838500,900140,엘브이엠씨,KOSPI,자동차 판매업,2019
00838500,900140,엘브이엠씨,KOSPI,자동차 판매업,2020
00838500,900140,엘브이엠씨,KOSPI,자동차 판매업,2021
00838500,900140,엘브이엠씨,KOSPI,자동차 판매업,2022
00838500,900140,엘브이엠씨,KOSPI,자동차 판매업,2023
00838500,900140,엘브이엠씨,KOSPI,자동차 판매업,2024
00195229,081660,미스토홀딩스,KOSPI,생활용품 도매업,2018
00195229,081660,미스토홀딩스,KOSPI,생활용품 도매업,2019
00195229,081660,미스토홀딩스,KOSPI,생활용품 도매업,2020
00195229,081660,미스토홀딩스,KOSPI,생활용품 도매업,2021
00195229,081660,미스토홀딩스,KOSPI,생활용품 도매업,2022
00195229,081660,미스토홀딩스,KOSPI,생활용품 도매업,2023
00195229,081660,미스토홀딩스,KOSPI,생활용품 도매업,2024
00372882,058850,KTcs,KOSPI,기타 정보 서비스업,2018
00372882,058850,KTcs,KOSPI,기타 정보 서비스업,2019
00372882,058850,KTcs,KOSPI,기타 정보 서비스업,2020
00372882,058850,KTcs,KOSPI,기타 정보 서비스업,2021
00372882,058850,KTcs,KOSPI,기타 정보 서비스업,2022
00372882,058850,KTcs,KOSPI,기타 정보 서비스업,2023
00372882,058850,KTcs,KOSPI,기타 정보 서비스업,2024
00412597,057050,현대홈쇼핑,KOSPI,무점포 소매업,2018
00412597,057050,현대홈쇼핑,KOSPI,무점포 소매업,2019
00412597,057050,현대홈쇼핑,KOSPI,무점포 소매업,2020
00412597,057050,현대홈쇼핑,KOSPI,무점포 소매업,2021
00412597,057050,현대홈쇼핑,KOSPI,무점포 소매업,2022
00412597,057050,현대홈쇼핑,KOSPI,무점포 소매업,2023
00412597,057050,현대홈쇼핑,KOSPI,무점포 소매업,2024
00114552,002150,도화엔지니어링,KOSPI,"건축기술, 엔지니어링 및 관련 기술 서비스업",2018
00114552,002150,도화엔지니어링,KOSPI,"건축기술, 엔지니어링 및 관련 기술 서비스업",2019
00114552,002150,도화엔지니어링,KOSPI,"건축기술, 엔지니어링 및 관련 기술 서비스업",2020
00114552,002150,도화엔지니어링,KOSPI,"건축기술, 엔지니어링 및 관련 기술 서비스업",2021
00114552,002150,도화엔지니어링,KOSPI,"건축기술, 엔지니어링 및 관련 기술 서비스업",2022
00114552,002150,도화엔지니어링,KOSPI,"건축기술, 엔지니어링 및 관련 기술 서비스업",2023
00114552,002150,도화엔지니어링,KOSPI,"건축기술, 엔지니어링 및 관련 기술 서비스업",2024
00828789,128820,대성산업,KOSPI,연료 소매업,2018
00828789,128820,대성산업,KOSPI,연료 소매업,2019
00828789,128820,대성산업,KOSPI,연료 소매업,2020
00828789,128820,대성산업,KOSPI,연료 소매업,2021
00828789,128820,대성산업,KOSPI,연료 소매업,2022
00828789,128820,대성산업,KOSPI,연료 소매업,2023
00828789,128820,대성산업,KOSPI,연료 소매업,2024
00360142,122900,아이마켓코리아,KOSPI,상품 종합 도매업,2018
00360142,122900,아이마켓코리아,KOSPI,상품 종합 도매업,2019
00360142,122900,아이마켓코리아,KOSPI,상품 종합 도매업,2020
00360142,122900,아이마켓코리아,KOSPI,상품 종합 도매업,2021
00360142,122900,아이마켓코리아,KOSPI,상품 종합 도매업,2022
00360142,122900,아이마켓코리아,KOSPI,상품 종합 도매업,2023
00360142,122900,아이마켓코리아,KOSPI,상품 종합 도매업,2024
00828497,128940,한미약품,KOSPI,의약품 제조업,2018
00828497,128940,한미약품,KOSPI,의약품 제조업,2019
00828497,128940,한미약품,KOSPI,의약품 제조업,2020
00828497,128940,한미약품,KOSPI,의약품 제조업,2021
00828497,128940,한미약품,KOSPI,의약품 제조업,2022
00828497,128940,한미약품,KOSPI,의약품 제조업,2023
00828497,128940,한미약품,KOSPI,의약품 제조업,2024
00173944,105840,우진,KOSPI,"측정, 시험, 항해, 제어 및 기타 정밀기기 제조업; 광학기기 제외",2018
00173944,105840,우진,KOSPI,"측정, 시험, 항해, 제어 및 기타 정밀기기 제조업; 광학기기 제외",2019
00173944,105840,우진,KOSPI,"측정, 시험, 항해, 제어 및 기타 정밀기기 제조업; 광학기기 제외",2020
00173944,105840,우진,KOSPI,"측정, 시험, 항해, 제어 및 기타 정밀기기 제조업; 광학기기 제외",2021
00173944,105840,우진,KOSPI,"측정, 시험, 항해, 제어 및 기타 정밀기기 제조업; 광학기기 제외",2022
00173944,105840,우진,KOSPI,"측정, 시험, 항해, 제어 및 기타 정밀기기 제조업; 광학기기 제외",2023
00173944,105840,우진,KOSPI,"측정, 시험, 항해, 제어 및 기타 정밀기기 제조업; 광학기기 제외",2024
00121543,033920,무학,KOSPI,알코올음료 제조업,2018
00121543,033920,무학,KOSPI,알코올음료 제조업,2019
00121543,033920,무학,KOSPI,알코올음료 제조업,2020
00121543,033920,무학,KOSPI,알코올음료 제조업,2021
00121543,033920,무학,KOSPI,알코올음료 제조업,2022
00121543,033920,무학,KOSPI,알코올음료 제조업,2023
00121543,033920,무학,KOSPI,알코올음료 제조업,2024
00145598,102460,이연제약,KOSPI,의약품 제조업,2018
00145598,102460,이연제약,KOSPI,의약품 제조업,2019
00145598,102460,이연제약,KOSPI,의약품 제조업,2020
00145598,102460,이연제약,KOSPI,의약품 제조업,2021
00145598,102460,이연제약,KOSPI,의약품 제조업,2022
00145598,102460,이연제약,KOSPI,의약품 제조업,2023
00145598,102460,이연제약,KOSPI,의약품 제조업,2024
00823429,123690,한국화장품,KOSPI,생활용품 도매업,2018
00823429,123690,한국화장품,KOSPI,생활용품 도매업,2019
00823429,123690,한국화장품,KOSPI,생활용품 도매업,2020
00823429,123690,한국화장품,KOSPI,생활용품 도매업,2021
00823429,123690,한국화장품,KOSPI,생활용품 도매업,2022
00823429,123690,한국화장품,KOSPI,생활용품 도매업,2023
00823429,123690,한국화장품,KOSPI,생활용품 도매업,2024
00815369,123700,에스제이엠,KOSPI,자동차 신품 부품 제조업,2018
00815369,123700,에스제이엠,KOSPI,자동차 신품 부품 제조업,2019
00815369,123700,에스제이엠,KOSPI,자동차 신품 부품 제조업,2020
00815369,123700,에스제이엠,KOSPI,자동차 신품 부품 제조업,2021
00815369,123700,에스제이엠,KOSPI,자동차 신품 부품 제조업,2022
00815369,123700,에스제이엠,KOSPI,자동차 신품 부품 제조업,2023
00815369,123700,에스제이엠,KOSPI,자동차 신품 부품 제조업,2024
00274933,031440,신세계푸드,KOSPI,음식점업,2018
00274933,031440,신세계푸드,KOSPI,음식점업,2019
00274933,031440,신세계푸드,KOSPI,음식점업,2020
00274933,031440,신세계푸드,KOSPI,음식점업,2021
00274933,031440,신세계푸드,KOSPI,음식점업,2022
00274933,031440,신세계푸드,KOSPI,음식점업,2023
00274933,031440,신세계푸드,KOSPI,음식점업,2024
00796994,120030,조선선재,KOSPI,기타 금속 가공제품 제조업,2018
00796994,120030,조선선재,KOSPI,기타 금속 가공제품 제조업,2019
00796994,120030,조선선재,KOSPI,기타 금속 가공제품 제조업,2020
00796994,120030,조선선재,KOSPI,기타 금속 가공제품 제조업,2021
00796994,120030,조선선재,KOSPI,기타 금속 가공제품 제조업,2022
00796994,120030,조선선재,KOSPI,기타 금속 가공제품 제조업,2023
00796994,120030,조선선재,KOSPI,기타 금속 가공제품 제조업,2024
00795135,120110,코오롱인더,KOSPI,화학섬유 제조업,2018
00795135,120110,코오롱인더,KOSPI,화학섬유 제조업,2019
00795135,120110,코오롱인더,KOSPI,화학섬유 제조업,2020
00795135,120110,코오롱인더,KOSPI,화학섬유 제조업,2021
00795135,120110,코오롱인더,KOSPI,화학섬유 제조업,2022
00795135,120110,코오롱인더,KOSPI,화학섬유 제조업,2023
00795135,120110,코오롱인더,KOSPI,화학섬유 제조업,2024
00797364,119650,KC코트렐,KOSPI,일반 목적용 기계 제조업,2018
00797364,119650,KC코트렐,KOSPI,일반 목적용 기계 제조업,2019
00797364,119650,KC코트렐,KOSPI,일반 목적용 기계 제조업,2020
00797364,119650,KC코트렐,KOSPI,일반 목적용 기계 제조업,2021
00797364,119650,KC코트렐,KOSPI,일반 목적용 기계 제조업,2022
00797364,119650,KC코트렐,KOSPI,일반 목적용 기계 제조업,2023
00797364,119650,KC코트렐,KOSPI,일반 목적용 기계 제조업,2024
00159698,071320,지역난방공사,KOSPI,"증기, 냉·온수 및 공기조절 공급업",2018
00159698,071320,지역난방공사,KOSPI,"증기, 냉·온수 및 공기조절 공급업",2019
00159698,071320,지역난방공사,KOSPI,"증기, 냉·온수 및 공기조절 공급업",2020
00159698,071320,지역난방공사,KOSPI,"증기, 냉·온수 및 공기조절 공급업",2021
00159698,071320,지역난방공사,KOSPI,"증기, 냉·온수 및 공기조절 공급업",2022
00159698,071320,지역난방공사,KOSPI,"증기, 냉·온수 및 공기조절 공급업",2023
00159698,071320,지역난방공사,KOSPI,"증기, 냉·온수 및 공기조절 공급업",2024
00141477,012160,영흥,KOSPI,1차 철강 제조업,2018
00141477,012160,영흥,KOSPI,1차 철강 제조업,2019
00141477,012160,영흥,KOSPI,1차 철강 제조업,2020
00141477,012160,영흥,KOSPI,1차 철강 제조업,2021
00141477,012160,영흥,KOSPI,1차 철강 제조업,2022
00141477,012160,영흥,KOSPI,1차 철강 제조업,2023
00141477,012160,영흥,KOSPI,1차 철강 제조업,2024
00791209,118000,메타케어,KOSPI,기계장비 및 관련 물품 도매업,2018
00791209,118000,메타케어,KOSPI,기계장비 및 관련 물품 도매업,2019
00791209,118000,메타케어,KOSPI,기계장비 및 관련 물품 도매업,2020
00791209,118000,메타케어,KOSPI,기계장비 및 관련 물품 도매업,2021
00791209,118000,메타케어,KOSPI,기계장비 및 관련 물품 도매업,2022
00791209,118000,메타케어,KOSPI,기계장비 및 관련 물품 도매업,2023
00791209,118000,메타케어,KOSPI,기계장비 및 관련 물품 도매업,2024
00159209,052690,한전기술,KOSPI,"건축기술, 엔지니어링 및 관련 기술 서비스업",2018
00159209,052690,한전기술,KOSPI,"건축기술, 엔지니어링 및 관련 기술 서비스업",2019
00159209,052690,한전기술,KOSPI,"건축기술, 엔지니어링 및 관련 기술 서비스업",2020
00159209,052690,한전기술,KOSPI,"건축기술, 엔지니어링 및 관련 기술 서비스업",2021
00159209,052690,한전기술,KOSPI,"건축기술, 엔지니어링 및 관련 기술 서비스업",2022
00159209,052690,한전기술,KOSPI,"건축기술, 엔지니어링 및 관련 기술 서비스업",2023
00159209,052690,한전기술,KOSPI,"건축기술, 엔지니어링 및 관련 기술 서비스업",2024
00557508,114090,GKL,KOSPI,유원지 및 기타 오락관련 서비스업,2018
00557508,114090,GKL,KOSPI,유원지 및 기타 오락관련 서비스업,2019
00557508,114090,GKL,KOSPI,유원지 및 기타 오락관련 서비스업,2020
00557508,114090,GKL,KOSPI,유원지 및 기타 오락관련 서비스업,2021
00557508,114090,GKL,KOSPI,유원지 및 기타 오락관련 서비스업,2022
00557508,114090,GKL,KOSPI,유원지 및 기타 오락관련 서비스업,2023
00557508,114090,GKL,KOSPI,유원지 및 기타 오락관련 서비스업,2024
00218575,032560,황금에스티,KOSPI,1차 비철금속 제조업,2018
00218575,032560,황금에스티,KOSPI,1차 비철금속 제조업,2019
00218575,032560,황금에스티,KOSPI,1차 비철금속 제조업,2020
00218575,032560,황금에스티,KOSPI,1차 비철금속 제조업,2021
00218575,032560,황금에스티,KOSPI,1차 비철금속 제조업,2022
00218575,032560,황금에스티,KOSPI,1차 비철금속 제조업,2023
00218575,032560,황금에스티,KOSPI,1차 비철금속 제조업,2024
01294110,000080,하이트진로,KOSPI,알코올음료 제조업,2018
01294110,000080,하이트진로,KOSPI,알코올음료 제조업,2019
01294110,000080,하이트진로,KOSPI,알코올음료 제조업,2020
01294110,000080,하이트진로,KOSPI,알코올음료 제조업,2021
01294110,000080,하이트진로,KOSPI,알코올음료 제조업,2022
01294110,000080,하이트진로,KOSPI,알코올음료 제조업,2023
01294110,000080,하이트진로,KOSPI,알코올음료 제조업,2024
00369833,047400,유니온머티리얼,KOSPI,"내화, 비내화 요업제품 제조업",2018
00369833,047400,유니온머티리얼,KOSPI,"내화, 비내화 요업제품 제조업",2019
00369833,047400,유니온머티리얼,KOSPI,"내화, 비내화 요업제품 제조업",2020
00369833,047400,유니온머티리얼,KOSPI,"내화, 비내화 요업제품 제조업",2021
00369833,047400,유니온머티리얼,KOSPI,"내화, 비내화 요업제품 제조업",2022
00369833,047400,유니온머티리얼,KOSPI,"내화, 비내화 요업제품 제조업",2023
00369833,047400,유니온머티리얼,KOSPI,"내화, 비내화 요업제품 제조업",2024
00441243,093240,형지엘리트,KOSPI,봉제의복 제조업,2018
00441243,093240,형지엘리트,KOSPI,봉제의복 제조업,2019
00441243,093240,형지엘리트,KOSPI,봉제의복 제조업,2020
00441243,093240,형지엘리트,KOSPI,봉제의복 제조업,2021
00441243,093240,형지엘리트,KOSPI,봉제의복 제조업,2022
00441243,093240,형지엘리트,KOSPI,봉제의복 제조업,2023
00441243,093240,형지엘리트,KOSPI,봉제의복 제조업,2024
00776820,111770,영원무역,KOSPI,상품 종합 도매업,2018
00776820,111770,영원무역,KOSPI,상품 종합 도매업,2019
00776820,111770,영원무역,KOSPI,상품 종합 도매업,2020
00776820,111770,영원무역,KOSPI,상품 종합 도매업,2021
00776820,111770,영원무역,KOSPI,상품 종합 도매업,2022
00776820,111770,영원무역,KOSPI,상품 종합 도매업,2023
00776820,111770,영원무역,KOSPI,상품 종합 도매업,2024
00413523,053690,한미글로벌,KOSPI,"건축기술, 엔지니어링 및 관련 기술 서비스업",2018
00413523,053690,한미글로벌,KOSPI,"건축기술, 엔지니어링 및 관련 기술 서비스업",2019
00413523,053690,한미글로벌,KOSPI,"건축기술, 엔지니어링 및 관련 기술 서비스업",2020
00413523,053690,한미글로벌,KOSPI,"건축기술, 엔지니어링 및 관련 기술 서비스업",2021
00413523,053690,한미글로벌,KOSPI,"건축기술, 엔지니어링 및 관련 기술 서비스업",2022
00413523,053690,한미글로벌,KOSPI,"건축기술, 엔지니어링 및 관련 기술 서비스업",2023
00413523,053690,한미글로벌,KOSPI,"건축기술, 엔지니어링 및 관련 기술 서비스업",2024
00178754,028100,동아지질,KOSPI,기반조성 및 시설물 축조관련 전문공사업,2018
00178754,028100,동아지질,KOSPI,기반조성 및 시설물 축조관련 전문공사업,2019
00178754,028100,동아지질,KOSPI,기반조성 및 시설물 축조관련 전문공사업,2020
00178754,028100,동아지질,KOSPI,기반조성 및 시설물 축조관련 전문공사업,2021
00178754,028100,동아지질,KOSPI,기반조성 및 시설물 축조관련 전문공사업,2022
00178754,028100,동아지질,KOSPI,기반조성 및 시설물 축조관련 전문공사업,2023
00178754,028100,동아지질,KOSPI,기반조성 및 시설물 축조관련 전문공사업,2024
00406046,071970,HD현대마린엔진,KOSPI,일반 목적용 기계 제조업,2018
00406046,071970,HD현대마린엔진,KOSPI,일반 목적용 기계 제조업,2019
00406046,071970,HD현대마린엔진,KOSPI,일반 목적용 기계 제조업,2020
00406046,071970,HD현대마린엔진,KOSPI,일반 목적용 기계 제조업,2021
00406046,071970,HD현대마린엔진,KOSPI,일반 목적용 기계 제조업,2022
00406046,071970,HD현대마린엔진,KOSPI,일반 목적용 기계 제조업,2023
00406046,071970,HD현대마린엔진,KOSPI,일반 목적용 기계 제조업,2024
00759513,108670,LX하우시스,KOSPI,플라스틱제품 제조업,2018
00759513,108670,LX하우시스,KOSPI,플라스틱제품 제조업,2019
00759513,108670,LX하우시스,KOSPI,플라스틱제품 제조업,2020
00759513,108670,LX하우시스,KOSPI,플라스틱제품 제조업,2021
00759513,108670,LX하우시스,KOSPI,플라스틱제품 제조업,2022
00759513,108670,LX하우시스,KOSPI,플라스틱제품 제조업,2023
00759513,108670,LX하우시스,KOSPI,플라스틱제품 제조업,2024
00728638,105630,한세실업,KOSPI,봉제의복 제조업,2018
00728638,105630,한세실업,KOSPI,봉제의복 제조업,2019
00728638,105630,한세실업,KOSPI,봉제의복 제조업,2020
00728638,105630,한세실업,KOSPI,봉제의복 제조업,2021
00728638,105630,한세실업,KOSPI,봉제의복 제조업,2022
00728638,105630,한세실업,KOSPI,봉제의복 제조업,2023
00728638,105630,한세실업,KOSPI,봉제의복 제조업,2024
00753643,109070,주성코퍼레이션,KOSPI,통신 및 방송 장비 제조업,2018
00753643,109070,주성코퍼레이션,KOSPI,통신 및 방송 장비 제조업,2019
00753643,109070,주성코퍼레이션,KOSPI,통신 및 방송 장비 제조업,2020
00753643,109070,주성코퍼레이션,KOSPI,통신 및 방송 장비 제조업,2021
00753643,109070,주성코퍼레이션,KOSPI,통신 및 방송 장비 제조업,2022
00753643,109070,주성코퍼레이션,KOSPI,통신 및 방송 장비 제조업,2023
00753643,109070,주성코퍼레이션,KOSPI,통신 및 방송 장비 제조업,2024
00266961,035420,NAVER,KOSPI,"자료처리, 호스팅, 포털 및 기타 인터넷 정보매개 서비스업",2018
00266961,035420,NAVER,KOSPI,"자료처리, 호스팅, 포털 및 기타 인터넷 정보매개 서비스업",2019
00266961,035420,NAVER,KOSPI,"자료처리, 호스팅, 포털 및 기타 인터넷 정보매개 서비스업",2020
00266961,035420,NAVER,KOSPI,"자료처리, 호스팅, 포털 및 기타 인터넷 정보매개 서비스업",2021
00266961,035420,NAVER,KOSPI,"자료처리, 호스팅, 포털 및 기타 인터넷 정보매개 서비스업",2022
00266961,035420,NAVER,KOSPI,"자료처리, 호스팅, 포털 및 기타 인터넷 정보매개 서비스업",2023
00266961,035420,NAVER,KOSPI,"자료처리, 호스팅, 포털 및 기타 인터넷 정보매개 서비스업",2024
00123781,026940,부국철강,KOSPI,1차 철강 제조업,2018
00123781,026940,부국철강,KOSPI,1차 철강 제조업,2019
00123781,026940,부국철강,KOSPI,1차 철강 제조업,2020
00123781,026940,부국철강,KOSPI,1차 철강 제조업,2021
00123781,026940,부국철강,KOSPI,1차 철강 제조업,2022
00123781,026940,부국철강,KOSPI,1차 철강 제조업,2023
00123781,026940,부국철강,KOSPI,1차 철강 제조업,2024
00687711,104700,한국철강,KOSPI,1차 철강 제조업,2018
00687711,104700,한국철강,KOSPI,1차 철강 제조업,2019
00687711,104700,한국철강,KOSPI,1차 철강 제조업,2020
00687711,104700,한국철강,KOSPI,1차 철강 제조업,2021
00687711,104700,한국철강,KOSPI,1차 철강 제조업,2022
00687711,104700,한국철강,KOSPI,1차 철강 제조업,2023
00687711,104700,한국철강,KOSPI,1차 철강 제조업,2024
00683469,103590,일진전기,KOSPI,절연선 및 케이블 제조업,2018
00683469,103590,일진전기,KOSPI,절연선 및 케이블 제조업,2019
00683469,103590,일진전기,KOSPI,절연선 및 케이블 제조업,2020
00683469,103590,일진전기,KOSPI,절연선 및 케이블 제조업,2021
00683469,103590,일진전기,KOSPI,절연선 및 케이블 제조업,2022
00683469,103590,일진전기,KOSPI,절연선 및 케이블 제조업,2023
00683469,103590,일진전기,KOSPI,절연선 및 케이블 제조업,2024
00684714,103140,풍산,KOSPI,1차 비철금속 제조업,2018
00684714,103140,풍산,KOSPI,1차 비철금속 제조업,2019
00684714,103140,풍산,KOSPI,1차 비철금속 제조업,2020
00684714,103140,풍산,KOSPI,1차 비철금속 제조업,2021
00684714,103140,풍산,KOSPI,1차 비철금속 제조업,2022
00684714,103140,풍산,KOSPI,1차 비철금속 제조업,2023
00684714,103140,풍산,KOSPI,1차 비철금속 제조업,2024
00105961,011070,LG이노텍,KOSPI,전자부품 제조업,2018
00105961,011070,LG이노텍,KOSPI,전자부품 제조업,2019
00105961,011070,LG이노텍,KOSPI,전자부품 제조업,2020
00105961,011070,LG이노텍,KOSPI,전자부품 제조업,2021
00105961,011070,LG이노텍,KOSPI,전자부품 제조업,2022
00105961,011070,LG이노텍,KOSPI,전자부품 제조업,2023
00105961,011070,LG이노텍,KOSPI,전자부품 제조업,2024
00121039,017180,명문제약,KOSPI,의약품 제조업,2018
00121039,017180,명문제약,KOSPI,의약품 제조업,2019
00121039,017180,명문제약,KOSPI,의약품 제조업,2020
00121039,017180,명문제약,KOSPI,의약품 제조업,2021
00121039,017180,명문제약,KOSPI,의약품 제조업,2022
00121039,017180,명문제약,KOSPI,의약품 제조업,2023
00121039,017180,명문제약,KOSPI,의약품 제조업,2024
00520887,100220,비상교육,KOSPI,"서적, 잡지 및 기타 인쇄물 출판업",2018
00520887,100220,비상교육,KOSPI,"서적, 잡지 및 기타 인쇄물 출판업",2019
00520887,100220,비상교육,KOSPI,"서적, 잡지 및 기타 인쇄물 출판업",2020
00520887,100220,비상교육,KOSPI,"서적, 잡지 및 기타 인쇄물 출판업",2021
00520887,100220,비상교육,KOSPI,"서적, 잡지 및 기타 인쇄물 출판업",2022
00520887,100220,비상교육,KOSPI,"서적, 잡지 및 기타 인쇄물 출판업",2023
00520887,100220,비상교육,KOSPI,"서적, 잡지 및 기타 인쇄물 출판업",2024
00679314,102260,동성케미컬,KOSPI,합성고무 및 플라스틱 물질 제조업,2018
00679314,102260,동성케미컬,KOSPI,합성고무 및 플라스틱 물질 제조업,2019
00679314,102260,동성케미컬,KOSPI,합성고무 및 플라스틱 물질 제조업,2020
00679314,102260,동성케미컬,KOSPI,합성고무 및 플라스틱 물질 제조업,2021
00679314,102260,동성케미컬,KOSPI,합성고무 및 플라스틱 물질 제조업,2022
00679314,102260,동성케미컬,KOSPI,합성고무 및 플라스틱 물질 제조업,2023
00679314,102260,동성케미컬,KOSPI,합성고무 및 플라스틱 물질 제조업,2024
00231363,032640,LG유플러스,KOSPI,전기 통신업,2018
00231363,032640,LG유플러스,KOSPI,전기 통신업,2019
00231363,032640,LG유플러스,KOSPI,전기 통신업,2020
00231363,032640,LG유플러스,KOSPI,전기 통신업,2021
00231363,032640,LG유플러스,KOSPI,전기 통신업,2022
00231363,032640,LG유플러스,KOSPI,전기 통신업,2023
00231363,032640,LG유플러스,KOSPI,전기 통신업,2024
00652423,101140,인바이오젠,KOSPI,기계장비 및 관련 물품 도매업,2018
00652423,101140,인바이오젠,KOSPI,기계장비 및 관련 물품 도매업,2019
00652423,101140,인바이오젠,KOSPI,기계장비 및 관련 물품 도매업,2020
00652423,101140,인바이오젠,KOSPI,기계장비 및 관련 물품 도매업,2021
00652423,101140,인바이오젠,KOSPI,기계장비 및 관련 물품 도매업,2022
00652423,101140,인바이오젠,KOSPI,기계장비 및 관련 물품 도매업,2023
00652423,101140,인바이오젠,KOSPI,기계장비 및 관련 물품 도매업,2024
00138792,020560,아시아나항공,KOSPI,항공 여객 운송업,2018
00138792,020560,아시아나항공,KOSPI,항공 여객 운송업,2019
00138792,020560,아시아나항공,KOSPI,항공 여객 운송업,2020
00138792,020560,아시아나항공,KOSPI,항공 여객 운송업,2021
00138792,020560,아시아나항공,KOSPI,항공 여객 운송업,2022
00138792,020560,아시아나항공,KOSPI,항공 여객 운송업,2023
00138792,020560,아시아나항공,KOSPI,항공 여객 운송업,2024
00648721,100840,SNT에너지,KOSPI,일반 목적용 기계 제조업,2018
00648721,100840,SNT에너지,KOSPI,일반 목적용 기계 제조업,2019
00648721,100840,SNT에너지,KOSPI,일반 목적용 기계 제조업,2020
00648721,100840,SNT에너지,KOSPI,일반 목적용 기계 제조업,2021
00648721,100840,SNT에너지,KOSPI,일반 목적용 기계 제조업,2022
00648721,100840,SNT에너지,KOSPI,일반 목적용 기계 제조업,2023
00648721,100840,SNT에너지,KOSPI,일반 목적용 기계 제조업,2024
00646732,100250,진양홀딩스,KOSPI,플라스틱제품 제조업,2018
00646732,100250,진양홀딩스,KOSPI,플라스틱제품 제조업,2019
00646732,100250,진양홀딩스,KOSPI,플라스틱제품 제조업,2020
00646732,100250,진양홀딩스,KOSPI,플라스틱제품 제조업,2021
00646732,100250,진양홀딩스,KOSPI,플라스틱제품 제조업,2022
00646732,100250,진양홀딩스,KOSPI,플라스틱제품 제조업,2023
00646732,100250,진양홀딩스,KOSPI,플라스틱제품 제조업,2024
00172228,085310,엔케이,KOSPI,"구조용 금속제품, 탱크 및 증기발생기 제조업",2018
00172228,085310,엔케이,KOSPI,"구조용 금속제품, 탱크 및 증기발생기 제조업",2019
00172228,085310,엔케이,KOSPI,"구조용 금속제품, 탱크 및 증기발생기 제조업",2020
00172228,085310,엔케이,KOSPI,"구조용 금속제품, 탱크 및 증기발생기 제조업",2021
00172228,085310,엔케이,KOSPI,"구조용 금속제품, 탱크 및 증기발생기 제조업",2022
00172228,085310,엔케이,KOSPI,"구조용 금속제품, 탱크 및 증기발생기 제조업",2023
00172228,085310,엔케이,KOSPI,"구조용 금속제품, 탱크 및 증기발생기 제조업",2024
00159218,051600,한전KPS,KOSPI,전기 및 통신 공사업,2018
00159218,051600,한전KPS,KOSPI,전기 및 통신 공사업,2019
00159218,051600,한전KPS,KOSPI,전기 및 통신 공사업,2020
00159218,051600,한전KPS,KOSPI,전기 및 통신 공사업,2021
00159218,051600,한전KPS,KOSPI,전기 및 통신 공사업,2022
00159218,051600,한전KPS,KOSPI,전기 및 통신 공사업,2023
00159218,051600,한전KPS,KOSPI,전기 및 통신 공사업,2024
00106614,092440,기신정기,KOSPI,특수 목적용 기계 제조업,2018
00106614,092440,기신정기,KOSPI,특수 목적용 기계 제조업,2019
00106614,092440,기신정기,KOSPI,특수 목적용 기계 제조업,2020
00106614,092440,기신정기,KOSPI,특수 목적용 기계 제조업,2021
00106614,092440,기신정기,KOSPI,특수 목적용 기계 제조업,2022
00106614,092440,기신정기,KOSPI,특수 목적용 기계 제조업,2023
00106614,092440,기신정기,KOSPI,특수 목적용 기계 제조업,2024
00160232,044450,KSS해운,KOSPI,해상 운송업,2018
00160232,044450,KSS해운,KOSPI,해상 운송업,2019
00160232,044450,KSS해운,KOSPI,해상 운송업,2020
00160232,044450,KSS해운,KOSPI,해상 운송업,2021
00160232,044450,KSS해운,KOSPI,해상 운송업,2022
00160232,044450,KSS해운,KOSPI,해상 운송업,2023
00160232,044450,KSS해운,KOSPI,해상 운송업,2024
00414850,094280,효성 ITX,KOSPI,기타 사업지원 서비스업,2018
00414850,094280,효성 ITX,KOSPI,기타 사업지원 서비스업,2019
00414850,094280,효성 ITX,KOSPI,기타 사업지원 서비스업,2020
00414850,094280,효성 ITX,KOSPI,기타 사업지원 서비스업,2021
00414850,094280,효성 ITX,KOSPI,기타 사업지원 서비스업,2022
00414850,094280,효성 ITX,KOSPI,기타 사업지원 서비스업,2023
00414850,094280,효성 ITX,KOSPI,기타 사업지원 서비스업,2024
00158963,033270,유나이티드,KOSPI,의약품 제조업,2018
00158963,033270,유나이티드,KOSPI,의약품 제조업,2019
00158963,033270,유나이티드,KOSPI,의약품 제조업,2020
00158963,033270,유나이티드,KOSPI,의약품 제조업,2021
00158963,033270,유나이티드,KOSPI,의약품 제조업,2022
00158963,033270,유나이티드,KOSPI,의약품 제조업,2023
00158963,033270,유나이티드,KOSPI,의약품 제조업,2024
00112165,092200,디아이씨,KOSPI,자동차 신품 부품 제조업,2018
00112165,092200,디아이씨,KOSPI,자동차 신품 부품 제조업,2019
00112165,092200,디아이씨,KOSPI,자동차 신품 부품 제조업,2020
00112165,092200,디아이씨,KOSPI,자동차 신품 부품 제조업,2021
00112165,092200,디아이씨,KOSPI,자동차 신품 부품 제조업,2022
00112165,092200,디아이씨,KOSPI,자동차 신품 부품 제조업,2023
00112165,092200,디아이씨,KOSPI,자동차 신품 부품 제조업,2024
00635134,097950,CJ제일제당,KOSPI,기타 식품 제조업,2018
00635134,097950,CJ제일제당,KOSPI,기타 식품 제조업,2019
00635134,097950,CJ제일제당,KOSPI,기타 식품 제조업,2020
00635134,097950,CJ제일제당,KOSPI,기타 식품 제조업,2021
00635134,097950,CJ제일제당,KOSPI,기타 식품 제조업,2022
00635134,097950,CJ제일제당,KOSPI,기타 식품 제조업,2023
00635134,097950,CJ제일제당,KOSPI,기타 식품 제조업,2024
00122737,028670,팬오션,KOSPI,해상 운송업,2018
00122737,028670,팬오션,KOSPI,해상 운송업,2019
00122737,028670,팬오션,KOSPI,해상 운송업,2020
00122737,028670,팬오션,KOSPI,해상 운송업,2021
00122737,028670,팬오션,KOSPI,해상 운송업,2022
00122737,028670,팬오션,KOSPI,해상 운송업,2023
00122737,028670,팬오션,KOSPI,해상 운송업,2024
00633835,097230,HJ중공업,KOSPI,토목 건설업,2018
00633835,097230,HJ중공업,KOSPI,토목 건설업,2019
00633835,097230,HJ중공업,KOSPI,토목 건설업,2020
00633835,097230,HJ중공업,KOSPI,토목 건설업,2021
00633835,097230,HJ중공업,KOSPI,토목 건설업,2022
00633835,097230,HJ중공업,KOSPI,토목 건설업,2023
00633835,097230,HJ중공업,KOSPI,토목 건설업,2024
00631518,096770,SK이노베이션,KOSPI,석유 정제품 제조업,2018
00631518,096770,SK이노베이션,KOSPI,석유 정제품 제조업,2019
00631518,096770,SK이노베이션,KOSPI,석유 정제품 제조업,2020
00631518,096770,SK이노베이션,KOSPI,석유 정제품 제조업,2021
00631518,096770,SK이노베이션,KOSPI,석유 정제품 제조업,2022
00631518,096770,SK이노베이션,KOSPI,석유 정제품 제조업,2023
00631518,096770,SK이노베이션,KOSPI,석유 정제품 제조업,2024
00117027,001780,알루코,KOSPI,1차 비철금속 제조업,2018
00117027,001780,알루코,KOSPI,1차 비철금속 제조업,2019
00117027,001780,알루코,KOSPI,1차 비철금속 제조업,2020
00117027,001780,알루코,KOSPI,1차 비철금속 제조업,2021
00117027,001780,알루코,KOSPI,1차 비철금속 제조업,2022
00117027,001780,알루코,KOSPI,1차 비철금속 제조업,2023
00117027,001780,알루코,KOSPI,1차 비철금속 제조업,2024
00628189,095720,웅진씽크빅,KOSPI,초등 교육기관,2018
00628189,095720,웅진씽크빅,KOSPI,초등 교육기관,2019
00628189,095720,웅진씽크빅,KOSPI,초등 교육기관,2020
00628189,095720,웅진씽크빅,KOSPI,초등 교육기관,2021
00628189,095720,웅진씽크빅,KOSPI,초등 교육기관,2022
00628189,095720,웅진씽크빅,KOSPI,초등 교육기관,2023
00628189,095720,웅진씽크빅,KOSPI,초등 교육기관,2024
00442835,090370,메타랩스,KOSPI,봉제의복 제조업,2018
00442835,090370,메타랩스,KOSPI,봉제의복 제조업,2019
00442835,090370,메타랩스,KOSPI,봉제의복 제조업,2020
00442835,090370,메타랩스,KOSPI,봉제의복 제조업,2021
00442835,090370,메타랩스,KOSPI,봉제의복 제조업,2022
00442835,090370,메타랩스,KOSPI,봉제의복 제조업,2023
00442835,090370,메타랩스,KOSPI,봉제의복 제조업,2024
00595191,093370,후성,KOSPI,기초 화학물질 제조업,2018
00595191,093370,후성,KOSPI,기초 화학물질 제조업,2019
00595191,093370,후성,KOSPI,기초 화학물질 제조업,2020
00595191,093370,후성,KOSPI,기초 화학물질 제조업,2021
00595191,093370,후성,KOSPI,기초 화학물질 제조업,2022
00595191,093370,후성,KOSPI,기초 화학물질 제조업,2023
00595191,093370,후성,KOSPI,기초 화학물질 제조업,2024
00593032,093050,LF,KOSPI,봉제의복 제조업,2018
00593032,093050,LF,KOSPI,봉제의복 제조업,2019
00593032,093050,LF,KOSPI,봉제의복 제조업,2020
00593032,093050,LF,KOSPI,봉제의복 제조업,2021
00593032,093050,LF,KOSPI,봉제의복 제조업,2022
00593032,093050,LF,KOSPI,봉제의복 제조업,2023
00593032,093050,LF,KOSPI,봉제의복 제조업,2024
00269241,044380,주연테크,KOSPI,컴퓨터 및 주변장치 제조업,2018
00269241,044380,주연테크,KOSPI,컴퓨터 및 주변장치 제조업,2019
00269241,044380,주연테크,KOSPI,컴퓨터 및 주변장치 제조업,2020
00269241,044380,주연테크,KOSPI,컴퓨터 및 주변장치 제조업,2021
00269241,044380,주연테크,KOSPI,컴퓨터 및 주변장치 제조업,2022
00269241,044380,주연테크,KOSPI,컴퓨터 및 주변장치 제조업,2023
00269241,044380,주연테크,KOSPI,컴퓨터 및 주변장치 제조업,2024
00145862,034590,인천도시가스,KOSPI,연료용 가스 제조 및 배관공급업,2018
00145862,034590,인천도시가스,KOSPI,연료용 가스 제조 및 배관공급업,2019
00145862,034590,인천도시가스,KOSPI,연료용 가스 제조 및 배관공급업,2020
00145862,034590,인천도시가스,KOSPI,연료용 가스 제조 및 배관공급업,2021
00145862,034590,인천도시가스,KOSPI,연료용 가스 제조 및 배관공급업,2022
00145862,034590,인천도시가스,KOSPI,연료용 가스 제조 및 배관공급업,2023
00145862,034590,인천도시가스,KOSPI,연료용 가스 제조 및 배관공급업,2024
00128227,009770,삼정펄프,KOSPI,"펄프, 종이 및 판지 제조업",2018
00128227,009770,삼정펄프,KOSPI,"펄프, 종이 및 판지 제조업",2019
00128227,009770,삼정펄프,KOSPI,"펄프, 종이 및 판지 제조업",2020
00128227,009770,삼정펄프,KOSPI,"펄프, 종이 및 판지 제조업",2021
00128227,009770,삼정펄프,KOSPI,"펄프, 종이 및 판지 제조업",2022
00128227,009770,삼정펄프,KOSPI,"펄프, 종이 및 판지 제조업",2023
00128227,009770,삼정펄프,KOSPI,"펄프, 종이 및 판지 제조업",2024
00589127,092220,KEC,KOSPI,반도체 제조업,2018
00589127,092220,KEC,KOSPI,반도체 제조업,2019
00589127,092220,KEC,KOSPI,반도체 제조업,2020
00589127,092220,KEC,KOSPI,반도체 제조업,2021
00589127,092220,KEC,KOSPI,반도체 제조업,2022
00589127,092220,KEC,KOSPI,반도체 제조업,2023
00589127,092220,KEC,KOSPI,반도체 제조업,2024
00587466,092230,KPX홀딩스,KOSPI,기초 화학물질 제조업,2018
00587466,092230,KPX홀딩스,KOSPI,기초 화학물질 제조업,2019
00587466,092230,KPX홀딩스,KOSPI,기초 화학물질 제조업,2020
00587466,092230,KPX홀딩스,KOSPI,기초 화학물질 제조업,2021
00587466,092230,KPX홀딩스,KOSPI,기초 화학물질 제조업,2022
00587466,092230,KPX홀딩스,KOSPI,기초 화학물질 제조업,2023
00587466,092230,KPX홀딩스,KOSPI,기초 화학물질 제조업,2024
00357935,089470,HDC현대EP,KOSPI,기타 화학제품 제조업,2018
00357935,089470,HDC현대EP,KOSPI,기타 화학제품 제조업,2019
00357935,089470,HDC현대EP,KOSPI,기타 화학제품 제조업,2020
00357935,089470,HDC현대EP,KOSPI,기타 화학제품 제조업,2021
00357935,089470,HDC현대EP,KOSPI,기타 화학제품 제조업,2022
00357935,089470,HDC현대EP,KOSPI,기타 화학제품 제조업,2023
00357935,089470,HDC현대EP,KOSPI,기타 화학제품 제조업,2024
00583442,090350,노루페인트,KOSPI,기타 화학제품 제조업,2018
00583442,090350,노루페인트,KOSPI,기타 화학제품 제조업,2019
00583442,090350,노루페인트,KOSPI,기타 화학제품 제조업,2020
00583442,090350,노루페인트,KOSPI,기타 화학제품 제조업,2021
00583442,090350,노루페인트,KOSPI,기타 화학제품 제조업,2022
00583442,090350,노루페인트,KOSPI,기타 화학제품 제조업,2023
00583442,090350,노루페인트,KOSPI,기타 화학제품 제조업,2024
00583424,090430,아모레퍼시픽,KOSPI,기타 화학제품 제조업,2018
00583424,090430,아모레퍼시픽,KOSPI,기타 화학제품 제조업,2019
00583424,090430,아모레퍼시픽,KOSPI,기타 화학제품 제조업,2020
00583424,090430,아모레퍼시픽,KOSPI,기타 화학제품 제조업,2021
00583424,090430,아모레퍼시픽,KOSPI,기타 화학제품 제조업,2022
00583424,090430,아모레퍼시픽,KOSPI,기타 화학제품 제조업,2023
00583424,090430,아모레퍼시픽,KOSPI,기타 화학제품 제조업,2024
00231372,032350,롯데관광개발,KOSPI,여행사 및 기타 여행보조 서비스업,2018
00231372,032350,롯데관광개발,KOSPI,여행사 및 기타 여행보조 서비스업,2019
00231372,032350,롯데관광개발,KOSPI,여행사 및 기타 여행보조 서비스업,2020
00231372,032350,롯데관광개발,KOSPI,여행사 및 기타 여행보조 서비스업,2021
00231372,032350,롯데관광개발,KOSPI,여행사 및 기타 여행보조 서비스업,2022
00231372,032350,롯데관광개발,KOSPI,여행사 및 기타 여행보조 서비스업,2023
00231372,032350,롯데관광개발,KOSPI,여행사 및 기타 여행보조 서비스업,2024
00573579,090080,평화산업,KOSPI,자동차 신품 부품 제조업,2018
00573579,090080,평화산업,KOSPI,자동차 신품 부품 제조업,2019
00573579,090080,평화산업,KOSPI,자동차 신품 부품 제조업,2020
00573579,090080,평화산업,KOSPI,자동차 신품 부품 제조업,2021
00573579,090080,평화산업,KOSPI,자동차 신품 부품 제조업,2022
00573579,090080,평화산업,KOSPI,자동차 신품 부품 제조업,2023
00573579,090080,평화산업,KOSPI,자동차 신품 부품 제조업,2024
00303217,049800,우진플라임,KOSPI,특수 목적용 기계 제조업,2018
00303217,049800,우진플라임,KOSPI,특수 목적용 기계 제조업,2019
00303217,049800,우진플라임,KOSPI,특수 목적용 기계 제조업,2020
00303217,049800,우진플라임,KOSPI,특수 목적용 기계 제조업,2021
00303217,049800,우진플라임,KOSPI,특수 목적용 기계 제조업,2022
00303217,049800,우진플라임,KOSPI,특수 목적용 기계 제조업,2023
00303217,049800,우진플라임,KOSPI,특수 목적용 기계 제조업,2024
00219486,035510,신세계I&C,KOSPI,"컴퓨터 프로그래밍, 시스템 통합 및 관리업",2018
00219486,035510,신세계I&C,KOSPI,"컴퓨터 프로그래밍, 시스템 통합 및 관리업",2019
00219486,035510,신세계I&C,KOSPI,"컴퓨터 프로그래밍, 시스템 통합 및 관리업",2020
00219486,035510,신세계I&C,KOSPI,"컴퓨터 프로그래밍, 시스템 통합 및 관리업",2021
00219486,035510,신세계I&C,KOSPI,"컴퓨터 프로그래밍, 시스템 통합 및 관리업",2022
00219486,035510,신세계I&C,KOSPI,"컴퓨터 프로그래밍, 시스템 통합 및 관리업",2023
00219486,035510,신세계I&C,KOSPI,"컴퓨터 프로그래밍, 시스템 통합 및 관리업",2024
00557933,088790,진도,KOSPI,기타 전문 도매업,2018
00557933,088790,진도,KOSPI,기타 전문 도매업,2019
00557933,088790,진도,KOSPI,기타 전문 도매업,2020
00557933,088790,진도,KOSPI,기타 전문 도매업,2021
00557933,088790,진도,KOSPI,기타 전문 도매업,2022
00557933,088790,진도,KOSPI,기타 전문 도매업,2023
00557933,088790,진도,KOSPI,기타 전문 도매업,2024
00120526,023530,롯데쇼핑,KOSPI,종합 소매업,2018
00120526,023530,롯데쇼핑,KOSPI,종합 소매업,2019
00120526,023530,롯데쇼핑,KOSPI,종합 소매업,2020
00120526,023530,롯데쇼핑,KOSPI,종합 소매업,2021
00120526,023530,롯데쇼핑,KOSPI,종합 소매업,2022
00120526,023530,롯데쇼핑,KOSPI,종합 소매업,2023
00120526,023530,롯데쇼핑,KOSPI,종합 소매업,2024
00360595,086280,현대글로비스,KOSPI,기타 운송관련 서비스업,2018
00360595,086280,현대글로비스,KOSPI,기타 운송관련 서비스업,2019
00360595,086280,현대글로비스,KOSPI,기타 운송관련 서비스업,2020
00360595,086280,현대글로비스,KOSPI,기타 운송관련 서비스업,2021
00360595,086280,현대글로비스,KOSPI,기타 운송관련 서비스업,2022
00360595,086280,현대글로비스,KOSPI,기타 운송관련 서비스업,2023
00360595,086280,현대글로비스,KOSPI,기타 운송관련 서비스업,2024
00409672,084870,티비에이치글로벌,KOSPI,봉제의복 제조업,2018
00409672,084870,티비에이치글로벌,KOSPI,봉제의복 제조업,2019
00409672,084870,티비에이치글로벌,KOSPI,봉제의복 제조업,2020
00409672,084870,티비에이치글로벌,KOSPI,봉제의복 제조업,2021
00409672,084870,티비에이치글로벌,KOSPI,봉제의복 제조업,2022
00409672,084870,티비에이치글로벌,KOSPI,봉제의복 제조업,2023
00409672,084870,티비에이치글로벌,KOSPI,봉제의복 제조업,2024
00148461,001560,제일연마,KOSPI,기타 비금속 광물제품 제조업,2018
00148461,001560,제일연마,KOSPI,기타 비금속 광물제품 제조업,2019
00148461,001560,제일연마,KOSPI,기타 비금속 광물제품 제조업,2020
00148461,001560,제일연마,KOSPI,기타 비금속 광물제품 제조업,2021
00148461,001560,제일연마,KOSPI,기타 비금속 광물제품 제조업,2022
00148461,001560,제일연마,KOSPI,기타 비금속 광물제품 제조업,2023
00148461,001560,제일연마,KOSPI,기타 비금속 광물제품 제조업,2024
00300548,079430,현대리바트,KOSPI,가구 제조업,2018
00300548,079430,현대리바트,KOSPI,가구 제조업,2019
00300548,079430,현대리바트,KOSPI,가구 제조업,2020
00300548,079430,현대리바트,KOSPI,가구 제조업,2021
00300548,079430,현대리바트,KOSPI,가구 제조업,2022
00300548,079430,현대리바트,KOSPI,가구 제조업,2023
00300548,079430,현대리바트,KOSPI,가구 제조업,2024
00113225,084010,대한제강,KOSPI,1차 철강 제조업,2018
00113225,084010,대한제강,KOSPI,1차 철강 제조업,2019
00113225,084010,대한제강,KOSPI,1차 철강 제조업,2020
00113225,084010,대한제강,KOSPI,1차 철강 제조업,2021
00113225,084010,대한제강,KOSPI,1차 철강 제조업,2022
00113225,084010,대한제강,KOSPI,1차 철강 제조업,2023
00113225,084010,대한제강,KOSPI,1차 철강 제조업,2024
00305668,075180,새론오토모티브,KOSPI,자동차 신품 부품 제조업,2018
00305668,075180,새론오토모티브,KOSPI,자동차 신품 부품 제조업,2019
00305668,075180,새론오토모티브,KOSPI,자동차 신품 부품 제조업,2020
00305668,075180,새론오토모티브,KOSPI,자동차 신품 부품 제조업,2021
00305668,075180,새론오토모티브,KOSPI,자동차 신품 부품 제조업,2022
00305668,075180,새론오토모티브,KOSPI,자동차 신품 부품 제조업,2023
00305668,075180,새론오토모티브,KOSPI,자동차 신품 부품 제조업,2024
00454946,083420,그린케미칼,KOSPI,기타 화학제품 제조업,2018
00454946,083420,그린케미칼,KOSPI,기타 화학제품 제조업,2019
00454946,083420,그린케미칼,KOSPI,기타 화학제품 제조업,2020
00454946,083420,그린케미칼,KOSPI,기타 화학제품 제조업,2021
00454946,083420,그린케미칼,KOSPI,기타 화학제품 제조업,2022
00454946,083420,그린케미칼,KOSPI,기타 화학제품 제조업,2023
00454946,083420,그린케미칼,KOSPI,기타 화학제품 제조업,2024
00210856,071950,코아스,KOSPI,가구 제조업,2018
00210856,071950,코아스,KOSPI,가구 제조업,2019
00210856,071950,코아스,KOSPI,가구 제조업,2020
00210856,071950,코아스,KOSPI,가구 제조업,2021
00210856,071950,코아스,KOSPI,가구 제조업,2022
00210856,071950,코아스,KOSPI,가구 제조업,2023
00210856,071950,코아스,KOSPI,가구 제조업,2024
00540605,084680,이월드,KOSPI,귀금속 및 장신용품 제조업,2018
00540605,084680,이월드,KOSPI,귀금속 및 장신용품 제조업,2019
00540605,084680,이월드,KOSPI,귀금속 및 장신용품 제조업,2020
00540605,084680,이월드,KOSPI,귀금속 및 장신용품 제조업,2021
00540605,084680,이월드,KOSPI,귀금속 및 장신용품 제조업,2022
00540605,084680,이월드,KOSPI,귀금속 및 장신용품 제조업,2023
00540605,084680,이월드,KOSPI,귀금속 및 장신용품 제조업,2024
00540641,084670,동양고속,KOSPI,육상 여객 운송업,2018
00540641,084670,동양고속,KOSPI,육상 여객 운송업,2019
00540641,084670,동양고속,KOSPI,육상 여객 운송업,2020
00540641,084670,동양고속,KOSPI,육상 여객 운송업,2021
00540641,084670,동양고속,KOSPI,육상 여객 운송업,2022
00540641,084670,동양고속,KOSPI,육상 여객 운송업,2023
00540641,084670,동양고속,KOSPI,육상 여객 운송업,2024
00161383,042700,한미반도체,KOSPI,특수 목적용 기계 제조업,2018
00161383,042700,한미반도체,KOSPI,특수 목적용 기계 제조업,2019
00161383,042700,한미반도체,KOSPI,특수 목적용 기계 제조업,2020
00161383,042700,한미반도체,KOSPI,특수 목적용 기계 제조업,2021
00161383,042700,한미반도체,KOSPI,특수 목적용 기계 제조업,2022
00161383,042700,한미반도체,KOSPI,특수 목적용 기계 제조업,2023
00161383,042700,한미반도체,KOSPI,특수 목적용 기계 제조업,2024
00172936,004890,동일산업,KOSPI,1차 철강 제조업,2018
00172936,004890,동일산업,KOSPI,1차 철강 제조업,2019
00172936,004890,동일산업,KOSPI,1차 철강 제조업,2020
00172936,004890,동일산업,KOSPI,1차 철강 제조업,2021
00172936,004890,동일산업,KOSPI,1차 철강 제조업,2022
00172936,004890,동일산업,KOSPI,1차 철강 제조업,2023
00172936,004890,동일산업,KOSPI,1차 철강 제조업,2024
00128980,010960,삼호개발,KOSPI,기반조성 및 시설물 축조관련 전문공사업,2018
00128980,010960,삼호개발,KOSPI,기반조성 및 시설물 축조관련 전문공사업,2019
00128980,010960,삼호개발,KOSPI,기반조성 및 시설물 축조관련 전문공사업,2020
00128980,010960,삼호개발,KOSPI,기반조성 및 시설물 축조관련 전문공사업,2021
00128980,010960,삼호개발,KOSPI,기반조성 및 시설물 축조관련 전문공사업,2022
00128980,010960,삼호개발,KOSPI,기반조성 및 시설물 축조관련 전문공사업,2023
00128980,010960,삼호개발,KOSPI,기반조성 및 시설물 축조관련 전문공사업,2024
00481454,073240,금호타이어,KOSPI,고무제품 제조업,2018
00481454,073240,금호타이어,KOSPI,고무제품 제조업,2019
00481454,073240,금호타이어,KOSPI,고무제품 제조업,2020
00481454,073240,금호타이어,KOSPI,고무제품 제조업,2021
00481454,073240,금호타이어,KOSPI,고무제품 제조업,2022
00481454,073240,금호타이어,KOSPI,고무제품 제조업,2023
00481454,073240,금호타이어,KOSPI,고무제품 제조업,2024
00303873,079160,CJ CGV,KOSPI,"영화, 비디오물, 방송프로그램 제작 및 배급업",2018
00303873,079160,CJ CGV,KOSPI,"영화, 비디오물, 방송프로그램 제작 및 배급업",2019
00303873,079160,CJ CGV,KOSPI,"영화, 비디오물, 방송프로그램 제작 및 배급업",2020
00303873,079160,CJ CGV,KOSPI,"영화, 비디오물, 방송프로그램 제작 및 배급업",2021
00303873,079160,CJ CGV,KOSPI,"영화, 비디오물, 방송프로그램 제작 및 배급업",2022
00303873,079160,CJ CGV,KOSPI,"영화, 비디오물, 방송프로그램 제작 및 배급업",2023
00303873,079160,CJ CGV,KOSPI,"영화, 비디오물, 방송프로그램 제작 및 배급업",2024
00508274,081000,일진다이아,KOSPI,기타 화학제품 제조업,2018
00508274,081000,일진다이아,KOSPI,기타 화학제품 제조업,2019
00508274,081000,일진다이아,KOSPI,기타 화학제품 제조업,2020
00508274,081000,일진다이아,KOSPI,기타 화학제품 제조업,2021
00508274,081000,일진다이아,KOSPI,기타 화학제품 제조업,2022
00508274,081000,일진다이아,KOSPI,기타 화학제품 제조업,2023
00508274,081000,일진다이아,KOSPI,기타 화학제품 제조업,2024
00159786,014830,유니드,KOSPI,기초 화학물질 제조업,2018
00159786,014830,유니드,KOSPI,기초 화학물질 제조업,2019
00159786,014830,유니드,KOSPI,기초 화학물질 제조업,2020
00159786,014830,유니드,KOSPI,기초 화학물질 제조업,2021
00159786,014830,유니드,KOSPI,기초 화학물질 제조업,2022
00159786,014830,유니드,KOSPI,기초 화학물질 제조업,2023
00159786,014830,유니드,KOSPI,기초 화학물질 제조업,2024
00129642,041650,상신브레이크,KOSPI,자동차 신품 부품 제조업,2018
00129642,041650,상신브레이크,KOSPI,자동차 신품 부품 제조업,2019
00129642,041650,상신브레이크,KOSPI,자동차 신품 부품 제조업,2020
00129642,041650,상신브레이크,KOSPI,자동차 신품 부품 제조업,2021
00129642,041650,상신브레이크,KOSPI,자동차 신품 부품 제조업,2022
00129642,041650,상신브레이크,KOSPI,자동차 신품 부품 제조업,2023
00129642,041650,상신브레이크,KOSPI,자동차 신품 부품 제조업,2024
00180795,023810,인팩,KOSPI,자동차 신품 부품 제조업,2018
00180795,023810,인팩,KOSPI,자동차 신품 부품 제조업,2019
00180795,023810,인팩,KOSPI,자동차 신품 부품 제조업,2020
00180795,023810,인팩,KOSPI,자동차 신품 부품 제조업,2021
00180795,023810,인팩,KOSPI,자동차 신품 부품 제조업,2022
00180795,023810,인팩,KOSPI,자동차 신품 부품 제조업,2023
00180795,023810,인팩,KOSPI,자동차 신품 부품 제조업,2024
00414601,077500,유니퀘스트,KOSPI,기계장비 및 관련 물품 도매업,2018
00414601,077500,유니퀘스트,KOSPI,기계장비 및 관련 물품 도매업,2019
00414601,077500,유니퀘스트,KOSPI,기계장비 및 관련 물품 도매업,2020
00414601,077500,유니퀘스트,KOSPI,기계장비 및 관련 물품 도매업,2021
00414601,077500,유니퀘스트,KOSPI,기계장비 및 관련 물품 도매업,2022
00414601,077500,유니퀘스트,KOSPI,기계장비 및 관련 물품 도매업,2023
00414601,077500,유니퀘스트,KOSPI,기계장비 및 관련 물품 도매업,2024
00353878,058730,다스코,KOSPI,"구조용 금속제품, 탱크 및 증기발생기 제조업",2018
00353878,058730,다스코,KOSPI,"구조용 금속제품, 탱크 및 증기발생기 제조업",2019
00353878,058730,다스코,KOSPI,"구조용 금속제품, 탱크 및 증기발생기 제조업",2020
00353878,058730,다스코,KOSPI,"구조용 금속제품, 탱크 및 증기발생기 제조업",2021
00353878,058730,다스코,KOSPI,"구조용 금속제품, 탱크 및 증기발생기 제조업",2022
00353878,058730,다스코,KOSPI,"구조용 금속제품, 탱크 및 증기발생기 제조업",2023
00353878,058730,다스코,KOSPI,"구조용 금속제품, 탱크 및 증기발생기 제조업",2024
00105873,034220,LG디스플레이,KOSPI,전자부품 제조업,2018
00105873,034220,LG디스플레이,KOSPI,전자부품 제조업,2019
00105873,034220,LG디스플레이,KOSPI,전자부품 제조업,2020
00105873,034220,LG디스플레이,KOSPI,전자부품 제조업,2021
00105873,034220,LG디스플레이,KOSPI,전자부품 제조업,2022
00105873,034220,LG디스플레이,KOSPI,전자부품 제조업,2023
00105873,034220,LG디스플레이,KOSPI,전자부품 제조업,2024
00361488,078000,텔코웨어,KOSPI,"자료처리, 호스팅, 포털 및 기타 인터넷 정보매개 서비스업",2018
00361488,078000,텔코웨어,KOSPI,"자료처리, 호스팅, 포털 및 기타 인터넷 정보매개 서비스업",2019
00361488,078000,텔코웨어,KOSPI,"자료처리, 호스팅, 포털 및 기타 인터넷 정보매개 서비스업",2020
00361488,078000,텔코웨어,KOSPI,"자료처리, 호스팅, 포털 및 기타 인터넷 정보매개 서비스업",2021
00361488,078000,텔코웨어,KOSPI,"자료처리, 호스팅, 포털 및 기타 인터넷 정보매개 서비스업",2022
00361488,078000,텔코웨어,KOSPI,"자료처리, 호스팅, 포털 및 기타 인터넷 정보매개 서비스업",2023
00361488,078000,텔코웨어,KOSPI,"자료처리, 호스팅, 포털 및 기타 인터넷 정보매개 서비스업",2024
00480455,077970,STX엔진,KOSPI,일반 목적용 기계 제조업,2018
00480455,077970,STX엔진,KOSPI,일반 목적용 기계 제조업,2019
00480455,077970,STX엔진,KOSPI,일반 목적용 기계 제조업,2020
00480455,077970,STX엔진,KOSPI,일반 목적용 기계 제조업,2021
00480455,077970,STX엔진,KOSPI,일반 목적용 기계 제조업,2022
00480455,077970,STX엔진,KOSPI,일반 목적용 기계 제조업,2023
00480455,077970,STX엔진,KOSPI,일반 목적용 기계 제조업,2024
00108913,019680,대교,KOSPI,초등 교육기관,2018
00108913,019680,대교,KOSPI,초등 교육기관,2019
00108913,019680,대교,KOSPI,초등 교육기관,2020
00108913,019680,대교,KOSPI,초등 교육기관,2021
00108913,019680,대교,KOSPI,초등 교육기관,2022
00108913,019680,대교,KOSPI,초등 교육기관,2023
00108913,019680,대교,KOSPI,초등 교육기관,2024
00469799,074610,이엔플러스,KOSPI,일반 목적용 기계 제조업,2018
00469799,074610,이엔플러스,KOSPI,일반 목적용 기계 제조업,2019
00469799,074610,이엔플러스,KOSPI,일반 목적용 기계 제조업,2020
00469799,074610,이엔플러스,KOSPI,일반 목적용 기계 제조업,2021
00469799,074610,이엔플러스,KOSPI,일반 목적용 기계 제조업,2022
00469799,074610,이엔플러스,KOSPI,일반 목적용 기계 제조업,2023
00469799,074610,이엔플러스,KOSPI,일반 목적용 기계 제조업,2024
00203582,025750,한솔홈데코,KOSPI,제재 및 목재 가공업,2018
00203582,025750,한솔홈데코,KOSPI,제재 및 목재 가공업,2019
00203582,025750,한솔홈데코,KOSPI,제재 및 목재 가공업,2020
00203582,025750,한솔홈데코,KOSPI,제재 및 목재 가공업,2021
00203582,025750,한솔홈데코,KOSPI,제재 및 목재 가공업,2022
00203582,025750,한솔홈데코,KOSPI,제재 및 목재 가공업,2023
00203582,025750,한솔홈데코,KOSPI,제재 및 목재 가공업,2024
00107613,007660,이수페타시스,KOSPI,전자부품 제조업,2018
00107613,007660,이수페타시스,KOSPI,전자부품 제조업,2019
00107613,007660,이수페타시스,KOSPI,전자부품 제조업,2020
00107613,007660,이수페타시스,KOSPI,전자부품 제조업,2021
00107613,007660,이수페타시스,KOSPI,전자부품 제조업,2022
00107613,007660,이수페타시스,KOSPI,전자부품 제조업,2023
00107613,007660,이수페타시스,KOSPI,전자부품 제조업,2024
00255619,035250,강원랜드,KOSPI,유원지 및 기타 오락관련 서비스업,2018
00255619,035250,강원랜드,KOSPI,유원지 및 기타 오락관련 서비스업,2019
00255619,035250,강원랜드,KOSPI,유원지 및 기타 오락관련 서비스업,2020
00255619,035250,강원랜드,KOSPI,유원지 및 기타 오락관련 서비스업,2021
00255619,035250,강원랜드,KOSPI,유원지 및 기타 오락관련 서비스업,2022
00255619,035250,강원랜드,KOSPI,유원지 및 기타 오락관련 서비스업,2023
00255619,035250,강원랜드,KOSPI,유원지 및 기타 오락관련 서비스업,2024
00249247,037270,YG PLUS,KOSPI,"자료처리, 호스팅, 포털 및 기타 인터넷 정보매개 서비스업",2018
00249247,037270,YG PLUS,KOSPI,"자료처리, 호스팅, 포털 및 기타 인터넷 정보매개 서비스업",2019
00249247,037270,YG PLUS,KOSPI,"자료처리, 호스팅, 포털 및 기타 인터넷 정보매개 서비스업",2020
00249247,037270,YG PLUS,KOSPI,"자료처리, 호스팅, 포털 및 기타 인터넷 정보매개 서비스업",2021
00249247,037270,YG PLUS,KOSPI,"자료처리, 호스팅, 포털 및 기타 인터넷 정보매개 서비스업",2022
00249247,037270,YG PLUS,KOSPI,"자료처리, 호스팅, 포털 및 기타 인터넷 정보매개 서비스업",2023
00249247,037270,YG PLUS,KOSPI,"자료처리, 호스팅, 포털 및 기타 인터넷 정보매개 서비스업",2024
00416654,072130,유엔젤,KOSPI,"자료처리, 호스팅, 포털 및 기타 인터넷 정보매개 서비스업",2018
00416654,072130,유엔젤,KOSPI,"자료처리, 호스팅, 포털 및 기타 인터넷 정보매개 서비스업",2019
00416654,072130,유엔젤,KOSPI,"자료처리, 호스팅, 포털 및 기타 인터넷 정보매개 서비스업",2020
00416654,072130,유엔젤,KOSPI,"자료처리, 호스팅, 포털 및 기타 인터넷 정보매개 서비스업",2021
00416654,072130,유엔젤,KOSPI,"자료처리, 호스팅, 포털 및 기타 인터넷 정보매개 서비스업",2022
00416654,072130,유엔젤,KOSPI,"자료처리, 호스팅, 포털 및 기타 인터넷 정보매개 서비스업",2023
00416654,072130,유엔젤,KOSPI,"자료처리, 호스팅, 포털 및 기타 인터넷 정보매개 서비스업",2024
00130772,034120,SBS,KOSPI,텔레비전 방송업,2018
00130772,034120,SBS,KOSPI,텔레비전 방송업,2019
00130772,034120,SBS,KOSPI,텔레비전 방송업,2020
00130772,034120,SBS,KOSPI,텔레비전 방송업,2021
00130772,034120,SBS,KOSPI,텔레비전 방송업,2022
00130772,034120,SBS,KOSPI,텔레비전 방송업,2023
00130772,034120,SBS,KOSPI,텔레비전 방송업,2024
00261443,036570,NC,KOSPI,소프트웨어 개발 및 공급업,2018
00261443,036570,NC,KOSPI,소프트웨어 개발 및 공급업,2019
00261443,036570,NC,KOSPI,소프트웨어 개발 및 공급업,2020
00261443,036570,NC,KOSPI,소프트웨어 개발 및 공급업,2021
00261443,036570,NC,KOSPI,소프트웨어 개발 및 공급업,2022
00261443,036570,NC,KOSPI,소프트웨어 개발 및 공급업,2023
00261443,036570,NC,KOSPI,소프트웨어 개발 및 공급업,2024
00435312,071090,하이스틸,KOSPI,1차 철강 제조업,2018
00435312,071090,하이스틸,KOSPI,1차 철강 제조업,2019
00435312,071090,하이스틸,KOSPI,1차 철강 제조업,2020
00435312,071090,하이스틸,KOSPI,1차 철강 제조업,2021
00435312,071090,하이스틸,KOSPI,1차 철강 제조업,2022
00435312,071090,하이스틸,KOSPI,1차 철강 제조업,2023
00435312,071090,하이스틸,KOSPI,1차 철강 제조업,2024
00151298,069730,DSR제강,KOSPI,1차 철강 제조업,2018
00151298,069730,DSR제강,KOSPI,1차 철강 제조업,2019
00151298,069730,DSR제강,KOSPI,1차 철강 제조업,2020
00151298,069730,DSR제강,KOSPI,1차 철강 제조업,2021
00151298,069730,DSR제강,KOSPI,1차 철강 제조업,2022
00151298,069730,DSR제강,KOSPI,1차 철강 제조업,2023
00151298,069730,DSR제강,KOSPI,1차 철강 제조업,2024
00109161,006890,태경케미컬,KOSPI,기초 화학물질 제조업,2018
00109161,006890,태경케미컬,KOSPI,기초 화학물질 제조업,2019
00109161,006890,태경케미컬,KOSPI,기초 화학물질 제조업,2020
00109161,006890,태경케미컬,KOSPI,기초 화학물질 제조업,2021
00109161,006890,태경케미컬,KOSPI,기초 화학물질 제조업,2022
00109161,006890,태경케미컬,KOSPI,기초 화학물질 제조업,2023
00109161,006890,태경케미컬,KOSPI,기초 화학물질 제조업,2024
00160861,011500,한농화성,KOSPI,기타 화학제품 제조업,2018
00160861,011500,한농화성,KOSPI,기타 화학제품 제조업,2019
00160861,011500,한농화성,KOSPI,기타 화학제품 제조업,2020
00160861,011500,한농화성,KOSPI,기타 화학제품 제조업,2021
00160861,011500,한농화성,KOSPI,기타 화학제품 제조업,2022
00160861,011500,한농화성,KOSPI,기타 화학제품 제조업,2023
00160861,011500,한농화성,KOSPI,기타 화학제품 제조업,2024
00428251,069960,현대백화점,KOSPI,종합 소매업,2018
00428251,069960,현대백화점,KOSPI,종합 소매업,2019
00428251,069960,현대백화점,KOSPI,종합 소매업,2020
00428251,069960,현대백화점,KOSPI,종합 소매업,2021
00428251,069960,현대백화점,KOSPI,종합 소매업,2022
00428251,069960,현대백화점,KOSPI,종합 소매업,2023
00428251,069960,현대백화점,KOSPI,종합 소매업,2024
00428729,069460,대호에이엘,KOSPI,1차 비철금속 제조업,2018
00428729,069460,대호에이엘,KOSPI,1차 비철금속 제조업,2019
00428729,069460,대호에이엘,KOSPI,1차 비철금속 제조업,2020
00428729,069460,대호에이엘,KOSPI,1차 비철금속 제조업,2021
00428729,069460,대호에이엘,KOSPI,1차 비철금속 제조업,2022
00428729,069460,대호에이엘,KOSPI,1차 비철금속 제조업,2023
00428729,069460,대호에이엘,KOSPI,1차 비철금속 제조업,2024
00427483,069620,대웅제약,KOSPI,의약품 제조업,2018
00427483,069620,대웅제약,KOSPI,의약품 제조업,2019
00427483,069620,대웅제약,KOSPI,의약품 제조업,2020
00427483,069620,대웅제약,KOSPI,의약품 제조업,2021
00427483,069620,대웅제약,KOSPI,의약품 제조업,2022
00427483,069620,대웅제약,KOSPI,의약품 제조업,2023
00427483,069620,대웅제약,KOSPI,의약품 제조업,2024
00204208,027740,마니커,KOSPI,"도축, 육류 가공 및 저장 처리업",2018
00204208,027740,마니커,KOSPI,"도축, 육류 가공 및 저장 처리업",2019
00204208,027740,마니커,KOSPI,"도축, 육류 가공 및 저장 처리업",2020
00204208,027740,마니커,KOSPI,"도축, 육류 가공 및 저장 처리업",2021
00204208,027740,마니커,KOSPI,"도축, 육류 가공 및 저장 처리업",2022
00204208,027740,마니커,KOSPI,"도축, 육류 가공 및 저장 처리업",2023
00204208,027740,마니커,KOSPI,"도축, 육류 가공 및 저장 처리업",2024
00426086,069260,티케이지휴켐스,KOSPI,기타 화학제품 제조업,2018
00426086,069260,티케이지휴켐스,KOSPI,기타 화학제품 제조업,2019
00426086,069260,티케이지휴켐스,KOSPI,기타 화학제품 제조업,2020
00426086,069260,티케이지휴켐스,KOSPI,기타 화학제품 제조업,2021
00426086,069260,티케이지휴켐스,KOSPI,기타 화학제품 제조업,2022
00426086,069260,티케이지휴켐스,KOSPI,기타 화학제품 제조업,2023
00426086,069260,티케이지휴켐스,KOSPI,기타 화학제품 제조업,2024
00134510,033530,SJG세종,KOSPI,자동차 신품 부품 제조업,2018
00134510,033530,SJG세종,KOSPI,자동차 신품 부품 제조업,2019
00134510,033530,SJG세종,KOSPI,자동차 신품 부품 제조업,2020
00134510,033530,SJG세종,KOSPI,자동차 신품 부품 제조업,2021
00134510,033530,SJG세종,KOSPI,자동차 신품 부품 제조업,2022
00134510,033530,SJG세종,KOSPI,자동차 신품 부품 제조업,2023
00134510,033530,SJG세종,KOSPI,자동차 신품 부품 제조업,2024
00155258,058430,포스코스틸리온,KOSPI,1차 철강 제조업,2018
00155258,058430,포스코스틸리온,KOSPI,1차 철강 제조업,2019
00155258,058430,포스코스틸리온,KOSPI,1차 철강 제조업,2020
00155258,058430,포스코스틸리온,KOSPI,1차 철강 제조업,2021
00155258,058430,포스코스틸리온,KOSPI,1차 철강 제조업,2022
00155258,058430,포스코스틸리온,KOSPI,1차 철강 제조업,2023
00155258,058430,포스코스틸리온,KOSPI,1차 철강 제조업,2024
00423690,068290,삼성출판사,KOSPI,"서적, 잡지 및 기타 인쇄물 출판업",2018
00423690,068290,삼성출판사,KOSPI,"서적, 잡지 및 기타 인쇄물 출판업",2019
00423690,068290,삼성출판사,KOSPI,"서적, 잡지 및 기타 인쇄물 출판업",2020
00423690,068290,삼성출판사,KOSPI,"서적, 잡지 및 기타 인쇄물 출판업",2021
00423690,068290,삼성출판사,KOSPI,"서적, 잡지 및 기타 인쇄물 출판업",2022
00423690,068290,삼성출판사,KOSPI,"서적, 잡지 및 기타 인쇄물 출판업",2023
00423690,068290,삼성출판사,KOSPI,"서적, 잡지 및 기타 인쇄물 출판업",2024
00422895,067830,세이브존I&C,KOSPI,종합 소매업,2018
00422895,067830,세이브존I&C,KOSPI,종합 소매업,2019
00422895,067830,세이브존I&C,KOSPI,종합 소매업,2020
00422895,067830,세이브존I&C,KOSPI,종합 소매업,2021
00422895,067830,세이브존I&C,KOSPI,종합 소매업,2022
00422895,067830,세이브존I&C,KOSPI,종합 소매업,2023
00422895,067830,세이브존I&C,KOSPI,종합 소매업,2024
00161693,009240,한샘,KOSPI,생활용품 도매업,2018
00161693,009240,한샘,KOSPI,생활용품 도매업,2019
00161693,009240,한샘,KOSPI,생활용품 도매업,2020
00161693,009240,한샘,KOSPI,생활용품 도매업,2021
00161693,009240,한샘,KOSPI,생활용품 도매업,2022
00161693,009240,한샘,KOSPI,생활용품 도매업,2023
00161693,009240,한샘,KOSPI,생활용품 도매업,2024
00142883,017370,우신시스템,KOSPI,특수 목적용 기계 제조업,2018
00142883,017370,우신시스템,KOSPI,특수 목적용 기계 제조업,2019
00142883,017370,우신시스템,KOSPI,특수 목적용 기계 제조업,2020
00142883,017370,우신시스템,KOSPI,특수 목적용 기계 제조업,2021
00142883,017370,우신시스템,KOSPI,특수 목적용 기계 제조업,2022
00142883,017370,우신시스템,KOSPI,특수 목적용 기계 제조업,2023
00142883,017370,우신시스템,KOSPI,특수 목적용 기계 제조업,2024
00401731,066570,LG전자,KOSPI,통신 및 방송 장비 제조업,2018
00401731,066570,LG전자,KOSPI,통신 및 방송 장비 제조업,2019
00401731,066570,LG전자,KOSPI,통신 및 방송 장비 제조업,2020
00401731,066570,LG전자,KOSPI,통신 및 방송 장비 제조업,2021
00401731,066570,LG전자,KOSPI,통신 및 방송 장비 제조업,2022
00401731,066570,LG전자,KOSPI,통신 및 방송 장비 제조업,2023
00401731,066570,LG전자,KOSPI,통신 및 방송 장비 제조업,2024
00398792,064960,SNT모티브,KOSPI,자동차 신품 부품 제조업,2018
00398792,064960,SNT모티브,KOSPI,자동차 신품 부품 제조업,2019
00398792,064960,SNT모티브,KOSPI,자동차 신품 부품 제조업,2020
00398792,064960,SNT모티브,KOSPI,자동차 신품 부품 제조업,2021
00398792,064960,SNT모티브,KOSPI,자동차 신품 부품 제조업,2022
00398792,064960,SNT모티브,KOSPI,자동차 신품 부품 제조업,2023
00398792,064960,SNT모티브,KOSPI,자동차 신품 부품 제조업,2024
00220561,037710,광주신세계,KOSPI,종합 소매업,2018
00220561,037710,광주신세계,KOSPI,종합 소매업,2019
00220561,037710,광주신세계,KOSPI,종합 소매업,2020
00220561,037710,광주신세계,KOSPI,종합 소매업,2021
00220561,037710,광주신세계,KOSPI,종합 소매업,2022
00220561,037710,광주신세계,KOSPI,종합 소매업,2023
00220561,037710,광주신세계,KOSPI,종합 소매업,2024
00198697,020760,일진디스플,KOSPI,반도체 제조업,2018
00198697,020760,일진디스플,KOSPI,반도체 제조업,2019
00198697,020760,일진디스플,KOSPI,반도체 제조업,2020
00198697,020760,일진디스플,KOSPI,반도체 제조업,2021
00198697,020760,일진디스플,KOSPI,반도체 제조업,2022
00198697,020760,일진디스플,KOSPI,반도체 제조업,2023
00198697,020760,일진디스플,KOSPI,반도체 제조업,2024
00390055,063160,종근당바이오,KOSPI,의약품 제조업,2018
00390055,063160,종근당바이오,KOSPI,의약품 제조업,2019
00390055,063160,종근당바이오,KOSPI,의약품 제조업,2020
00390055,063160,종근당바이오,KOSPI,의약품 제조업,2021
00390055,063160,종근당바이오,KOSPI,의약품 제조업,2022
00390055,063160,종근당바이오,KOSPI,의약품 제조업,2023
00390055,063160,종근당바이오,KOSPI,의약품 제조업,2024
00170558,021240,코웨이,KOSPI,그외 기타 개인 서비스업,2018
00170558,021240,코웨이,KOSPI,그외 기타 개인 서비스업,2019
00170558,021240,코웨이,KOSPI,그외 기타 개인 서비스업,2020
00170558,021240,코웨이,KOSPI,그외 기타 개인 서비스업,2021
00170558,021240,코웨이,KOSPI,그외 기타 개인 서비스업,2022
00170558,021240,코웨이,KOSPI,그외 기타 개인 서비스업,2023
00170558,021240,코웨이,KOSPI,그외 기타 개인 서비스업,2024
00377610,058650,세아홀딩스,KOSPI,1차 철강 제조업,2018
00377610,058650,세아홀딩스,KOSPI,1차 철강 제조업,2019
00377610,058650,세아홀딩스,KOSPI,1차 철강 제조업,2020
00377610,058650,세아홀딩스,KOSPI,1차 철강 제조업,2021
00377610,058650,세아홀딩스,KOSPI,1차 철강 제조업,2022
00377610,058650,세아홀딩스,KOSPI,1차 철강 제조업,2023
00377610,058650,세아홀딩스,KOSPI,1차 철강 제조업,2024
00356370,051900,LG생활건강,KOSPI,기타 화학제품 제조업,2018
00356370,051900,LG생활건강,KOSPI,기타 화학제품 제조업,2019
00356370,051900,LG생활건강,KOSPI,기타 화학제품 제조업,2020
00356370,051900,LG생활건강,KOSPI,기타 화학제품 제조업,2021
00356370,051900,LG생활건강,KOSPI,기타 화학제품 제조업,2022
00356370,051900,LG생활건강,KOSPI,기타 화학제품 제조업,2023
00356370,051900,LG생활건강,KOSPI,기타 화학제품 제조업,2024
00356361,051910,LG화학,KOSPI,기초 화학물질 제조업,2018
00356361,051910,LG화학,KOSPI,기초 화학물질 제조업,2019
00356361,051910,LG화학,KOSPI,기초 화학물질 제조업,2020
00356361,051910,LG화학,KOSPI,기초 화학물질 제조업,2021
00356361,051910,LG화학,KOSPI,기초 화학물질 제조업,2022
00356361,051910,LG화학,KOSPI,기초 화학물질 제조업,2023
00356361,051910,LG화학,KOSPI,기초 화학물질 제조업,2024
00124540,047040,대우건설,KOSPI,건물 건설업,2018
00124540,047040,대우건설,KOSPI,건물 건설업,2019
00124540,047040,대우건설,KOSPI,건물 건설업,2020
00124540,047040,대우건설,KOSPI,건물 건설업,2021
00124540,047040,대우건설,KOSPI,건물 건설업,2022
00124540,047040,대우건설,KOSPI,건물 건설업,2023
00124540,047040,대우건설,KOSPI,건물 건설업,2024
00124504,047050,포스코인터내셔널,KOSPI,상품 중개업,2018
00124504,047050,포스코인터내셔널,KOSPI,상품 중개업,2019
00124504,047050,포스코인터내셔널,KOSPI,상품 중개업,2020
00124504,047050,포스코인터내셔널,KOSPI,상품 중개업,2021
00124504,047050,포스코인터내셔널,KOSPI,상품 중개업,2022
00124504,047050,포스코인터내셔널,KOSPI,상품 중개업,2023
00124504,047050,포스코인터내셔널,KOSPI,상품 중개업,2024
00111704,042660,한화오션,KOSPI,선박 및 보트 건조업,2018
00111704,042660,한화오션,KOSPI,선박 및 보트 건조업,2019
00111704,042660,한화오션,KOSPI,선박 및 보트 건조업,2020
00111704,042660,한화오션,KOSPI,선박 및 보트 건조업,2021
00111704,042660,한화오션,KOSPI,선박 및 보트 건조업,2022
00111704,042660,한화오션,KOSPI,선박 및 보트 건조업,2023
00111704,042660,한화오션,KOSPI,선박 및 보트 건조업,2024
00347734,051630,진양화학,KOSPI,플라스틱제품 제조업,2018
00347734,051630,진양화학,KOSPI,플라스틱제품 제조업,2019
00347734,051630,진양화학,KOSPI,플라스틱제품 제조업,2020
00347734,051630,진양화학,KOSPI,플라스틱제품 제조업,2021
00347734,051630,진양화학,KOSPI,플라스틱제품 제조업,2022
00347734,051630,진양화학,KOSPI,플라스틱제품 제조업,2023
00347734,051630,진양화학,KOSPI,플라스틱제품 제조업,2024
00159616,034020,두산에너빌리티,KOSPI,일반 목적용 기계 제조업,2018
00159616,034020,두산에너빌리티,KOSPI,일반 목적용 기계 제조업,2019
00159616,034020,두산에너빌리티,KOSPI,일반 목적용 기계 제조업,2020
00159616,034020,두산에너빌리티,KOSPI,일반 목적용 기계 제조업,2021
00159616,034020,두산에너빌리티,KOSPI,일반 목적용 기계 제조업,2022
00159616,034020,두산에너빌리티,KOSPI,일반 목적용 기계 제조업,2023
00159616,034020,두산에너빌리티,KOSPI,일반 목적용 기계 제조업,2024
00160205,010040,한국내화,KOSPI,"내화, 비내화 요업제품 제조업",2018
00160205,010040,한국내화,KOSPI,"내화, 비내화 요업제품 제조업",2019
00160205,010040,한국내화,KOSPI,"내화, 비내화 요업제품 제조업",2020
00160205,010040,한국내화,KOSPI,"내화, 비내화 요업제품 제조업",2021
00160205,010040,한국내화,KOSPI,"내화, 비내화 요업제품 제조업",2022
00160205,010040,한국내화,KOSPI,"내화, 비내화 요업제품 제조업",2023
00160205,010040,한국내화,KOSPI,"내화, 비내화 요업제품 제조업",2024
00161976,016450,한세예스24홀딩스,KOSPI,봉제의복 제조업,2018
00161976,016450,한세예스24홀딩스,KOSPI,봉제의복 제조업,2019
00161976,016450,한세예스24홀딩스,KOSPI,봉제의복 제조업,2020
00161976,016450,한세예스24홀딩스,KOSPI,봉제의복 제조업,2021
00161976,016450,한세예스24홀딩스,KOSPI,봉제의복 제조업,2022
00161976,016450,한세예스24홀딩스,KOSPI,봉제의복 제조업,2023
00161976,016450,한세예스24홀딩스,KOSPI,봉제의복 제조업,2024
00111999,003220,대원제약,KOSPI,의약품 제조업,2018
00111999,003220,대원제약,KOSPI,의약품 제조업,2019
00111999,003220,대원제약,KOSPI,의약품 제조업,2020
00111999,003220,대원제약,KOSPI,의약품 제조업,2021
00111999,003220,대원제약,KOSPI,의약품 제조업,2022
00111999,003220,대원제약,KOSPI,의약품 제조업,2023
00111999,003220,대원제약,KOSPI,의약품 제조업,2024
00261285,036460,한국가스공사,KOSPI,연료용 가스 제조 및 배관공급업,2018
00261285,036460,한국가스공사,KOSPI,연료용 가스 제조 및 배관공급업,2019
00261285,036460,한국가스공사,KOSPI,연료용 가스 제조 및 배관공급업,2020
00261285,036460,한국가스공사,KOSPI,연료용 가스 제조 및 배관공급업,2021
00261285,036460,한국가스공사,KOSPI,연료용 가스 제조 및 배관공급업,2022
00261285,036460,한국가스공사,KOSPI,연료용 가스 제조 및 배관공급업,2023
00261285,036460,한국가스공사,KOSPI,연료용 가스 제조 및 배관공급업,2024
00104786,007120,미래아이앤지,KOSPI,"컴퓨터 프로그래밍, 시스템 통합 및 관리업",2018
00104786,007120,미래아이앤지,KOSPI,"컴퓨터 프로그래밍, 시스템 통합 및 관리업",2019
00104786,007120,미래아이앤지,KOSPI,"컴퓨터 프로그래밍, 시스템 통합 및 관리업",2020
00104786,007120,미래아이앤지,KOSPI,"컴퓨터 프로그래밍, 시스템 통합 및 관리업",2021
00104786,007120,미래아이앤지,KOSPI,"컴퓨터 프로그래밍, 시스템 통합 및 관리업",2022
00104786,007120,미래아이앤지,KOSPI,"컴퓨터 프로그래밍, 시스템 통합 및 관리업",2023
00104786,007120,미래아이앤지,KOSPI,"컴퓨터 프로그래밍, 시스템 통합 및 관리업",2024
00166519,000850,화천기공,KOSPI,특수 목적용 기계 제조업,2018
00166519,000850,화천기공,KOSPI,특수 목적용 기계 제조업,2019
00166519,000850,화천기공,KOSPI,특수 목적용 기계 제조업,2020
00166519,000850,화천기공,KOSPI,특수 목적용 기계 제조업,2021
00166519,000850,화천기공,KOSPI,특수 목적용 기계 제조업,2022
00166519,000850,화천기공,KOSPI,특수 목적용 기계 제조업,2023
00166519,000850,화천기공,KOSPI,특수 목적용 기계 제조업,2024
00260408,036580,팜스코,KOSPI,"곡물가공품, 전분 및 전분제품 제조업",2018
00260408,036580,팜스코,KOSPI,"곡물가공품, 전분 및 전분제품 제조업",2019
00260408,036580,팜스코,KOSPI,"곡물가공품, 전분 및 전분제품 제조업",2020
00260408,036580,팜스코,KOSPI,"곡물가공품, 전분 및 전분제품 제조업",2021
00260408,036580,팜스코,KOSPI,"곡물가공품, 전분 및 전분제품 제조업",2022
00260408,036580,팜스코,KOSPI,"곡물가공품, 전분 및 전분제품 제조업",2023
00260408,036580,팜스코,KOSPI,"곡물가공품, 전분 및 전분제품 제조업",2024
00244455,033780,케이티앤지,KOSPI,담배 제조업,2018
00244455,033780,케이티앤지,KOSPI,담배 제조업,2019
00244455,033780,케이티앤지,KOSPI,담배 제조업,2020
00244455,033780,케이티앤지,KOSPI,담배 제조업,2021
00244455,033780,케이티앤지,KOSPI,담배 제조업,2022
00244455,033780,케이티앤지,KOSPI,담배 제조업,2023
00244455,033780,케이티앤지,KOSPI,담배 제조업,2024
00177199,024090,디씨엠,KOSPI,1차 철강 제조업,2018
00177199,024090,디씨엠,KOSPI,1차 철강 제조업,2019
00177199,024090,디씨엠,KOSPI,1차 철강 제조업,2020
00177199,024090,디씨엠,KOSPI,1차 철강 제조업,2021
00177199,024090,디씨엠,KOSPI,1차 철강 제조업,2022
00177199,024090,디씨엠,KOSPI,1차 철강 제조업,2023
00177199,024090,디씨엠,KOSPI,1차 철강 제조업,2024
00140168,035000,HS애드,KOSPI,광고업,2018
00140168,035000,HS애드,KOSPI,광고업,2019
00140168,035000,HS애드,KOSPI,광고업,2020
00140168,035000,HS애드,KOSPI,광고업,2021
00140168,035000,HS애드,KOSPI,광고업,2022
00140168,035000,HS애드,KOSPI,광고업,2023
00140168,035000,HS애드,KOSPI,광고업,2024
00260383,006650,대한유화,KOSPI,기초 화학물질 제조업,2018
00260383,006650,대한유화,KOSPI,기초 화학물질 제조업,2019
00260383,006650,대한유화,KOSPI,기초 화학물질 제조업,2020
00260383,006650,대한유화,KOSPI,기초 화학물질 제조업,2021
00260383,006650,대한유화,KOSPI,기초 화학물질 제조업,2022
00260383,006650,대한유화,KOSPI,기초 화학물질 제조업,2023
00260383,006650,대한유화,KOSPI,기초 화학물질 제조업,2024
00122551,035150,백산,KOSPI,플라스틱제품 제조업,2018
00122551,035150,백산,KOSPI,플라스틱제품 제조업,2019
00122551,035150,백산,KOSPI,플라스틱제품 제조업,2020
00122551,035150,백산,KOSPI,플라스틱제품 제조업,2021
00122551,035150,백산,KOSPI,플라스틱제품 제조업,2022
00122551,035150,백산,KOSPI,플라스틱제품 제조업,2023
00122551,035150,백산,KOSPI,플라스틱제품 제조업,2024
00125576,033250,체시스,KOSPI,자동차 신품 부품 제조업,2018
00125576,033250,체시스,KOSPI,자동차 신품 부품 제조업,2019
00125576,033250,체시스,KOSPI,자동차 신품 부품 제조업,2020
00125576,033250,체시스,KOSPI,자동차 신품 부품 제조업,2021
00125576,033250,체시스,KOSPI,자동차 신품 부품 제조업,2022
00125576,033250,체시스,KOSPI,자동차 신품 부품 제조업,2023
00125576,033250,체시스,KOSPI,자동차 신품 부품 제조업,2024
00146861,033240,자화전자,KOSPI,전자부품 제조업,2018
00146861,033240,자화전자,KOSPI,전자부품 제조업,2019
00146861,033240,자화전자,KOSPI,전자부품 제조업,2020
00146861,033240,자화전자,KOSPI,전자부품 제조업,2021
00146861,033240,자화전자,KOSPI,전자부품 제조업,2022
00146861,033240,자화전자,KOSPI,전자부품 제조업,2023
00146861,033240,자화전자,KOSPI,전자부품 제조업,2024
00190321,030200,케이티,KOSPI,전기 통신업,2018
00190321,030200,케이티,KOSPI,전기 통신업,2019
00190321,030200,케이티,KOSPI,전기 통신업,2020
00190321,030200,케이티,KOSPI,전기 통신업,2021
00190321,030200,케이티,KOSPI,전기 통신업,2022
00190321,030200,케이티,KOSPI,전기 통신업,2023
00190321,030200,케이티,KOSPI,전기 통신업,2024
00156150,019490,엑시큐어하이트론,KOSPI,영상 및 음향기기 제조업,2018
00156150,019490,엑시큐어하이트론,KOSPI,영상 및 음향기기 제조업,2019
00156150,019490,엑시큐어하이트론,KOSPI,영상 및 음향기기 제조업,2020
00156150,019490,엑시큐어하이트론,KOSPI,영상 및 음향기기 제조업,2021
00156150,019490,엑시큐어하이트론,KOSPI,영상 및 음향기기 제조업,2022
00156150,019490,엑시큐어하이트론,KOSPI,영상 및 음향기기 제조업,2023
00156150,019490,엑시큐어하이트론,KOSPI,영상 및 음향기기 제조업,2024
00148276,030000,제일기획,KOSPI,광고업,2018
00148276,030000,제일기획,KOSPI,광고업,2019
00148276,030000,제일기획,KOSPI,광고업,2020
00148276,030000,제일기획,KOSPI,광고업,2021
00148276,030000,제일기획,KOSPI,광고업,2022
00148276,030000,제일기획,KOSPI,광고업,2023
00148276,030000,제일기획,KOSPI,광고업,2024
00209780,029460,케이씨,KOSPI,"측정, 시험, 항해, 제어 및 기타 정밀기기 제조업; 광학기기 제외",2018
00209780,029460,케이씨,KOSPI,"측정, 시험, 항해, 제어 및 기타 정밀기기 제조업; 광학기기 제외",2019
00209780,029460,케이씨,KOSPI,"측정, 시험, 항해, 제어 및 기타 정밀기기 제조업; 광학기기 제외",2020
00209780,029460,케이씨,KOSPI,"측정, 시험, 항해, 제어 및 기타 정밀기기 제조업; 광학기기 제외",2021
00209780,029460,케이씨,KOSPI,"측정, 시험, 항해, 제어 및 기타 정밀기기 제조업; 광학기기 제외",2022
00209780,029460,케이씨,KOSPI,"측정, 시험, 항해, 제어 및 기타 정밀기기 제조업; 광학기기 제외",2023
00209780,029460,케이씨,KOSPI,"측정, 시험, 항해, 제어 및 기타 정밀기기 제조업; 광학기기 제외",2024
00112022,024890,대원화성,KOSPI,플라스틱제품 제조업,2018
00112022,024890,대원화성,KOSPI,플라스틱제품 제조업,2019
00112022,024890,대원화성,KOSPI,플라스틱제품 제조업,2020
00112022,024890,대원화성,KOSPI,플라스틱제품 제조업,2021
00112022,024890,대원화성,KOSPI,플라스틱제품 제조업,2022
00112022,024890,대원화성,KOSPI,플라스틱제품 제조업,2023
00112022,024890,대원화성,KOSPI,플라스틱제품 제조업,2024
00165583,017940,E1,KOSPI,기타 전문 도매업,2018
00165583,017940,E1,KOSPI,기타 전문 도매업,2019
00165583,017940,E1,KOSPI,기타 전문 도매업,2020
00165583,017940,E1,KOSPI,기타 전문 도매업,2021
00165583,017940,E1,KOSPI,기타 전문 도매업,2022
00165583,017940,E1,KOSPI,기타 전문 도매업,2023
00165583,017940,E1,KOSPI,기타 전문 도매업,2024
00144164,018670,SK가스,KOSPI,기타 전문 도매업,2018
00144164,018670,SK가스,KOSPI,기타 전문 도매업,2019
00144164,018670,SK가스,KOSPI,기타 전문 도매업,2020
00144164,018670,SK가스,KOSPI,기타 전문 도매업,2021
00144164,018670,SK가스,KOSPI,기타 전문 도매업,2022
00144164,018670,SK가스,KOSPI,기타 전문 도매업,2023
00144164,018670,SK가스,KOSPI,기타 전문 도매업,2024
00176914,023590,다우기술,KOSPI,"자료처리, 호스팅, 포털 및 기타 인터넷 정보매개 서비스업",2018
00176914,023590,다우기술,KOSPI,"자료처리, 호스팅, 포털 및 기타 인터넷 정보매개 서비스업",2019
00176914,023590,다우기술,KOSPI,"자료처리, 호스팅, 포털 및 기타 인터넷 정보매개 서비스업",2020
00176914,023590,다우기술,KOSPI,"자료처리, 호스팅, 포털 및 기타 인터넷 정보매개 서비스업",2021
00176914,023590,다우기술,KOSPI,"자료처리, 호스팅, 포털 및 기타 인터넷 정보매개 서비스업",2022
00176914,023590,다우기술,KOSPI,"자료처리, 호스팅, 포털 및 기타 인터넷 정보매개 서비스업",2023
00176914,023590,다우기술,KOSPI,"자료처리, 호스팅, 포털 및 기타 인터넷 정보매개 서비스업",2024
00140779,014440,영보화학,KOSPI,플라스틱제품 제조업,2018
00140779,014440,영보화학,KOSPI,플라스틱제품 제조업,2019
00140779,014440,영보화학,KOSPI,플라스틱제품 제조업,2020
00140779,014440,영보화학,KOSPI,플라스틱제품 제조업,2021
00140779,014440,영보화학,KOSPI,플라스틱제품 제조업,2022
00140779,014440,영보화학,KOSPI,플라스틱제품 제조업,2023
00140779,014440,영보화학,KOSPI,플라스틱제품 제조업,2024
00139889,011790,SKC,KOSPI,기타 화학제품 제조업,2018
00139889,011790,SKC,KOSPI,기타 화학제품 제조업,2019
00139889,011790,SKC,KOSPI,기타 화학제품 제조업,2020
00139889,011790,SKC,KOSPI,기타 화학제품 제조업,2021
00139889,011790,SKC,KOSPI,기타 화학제품 제조업,2022
00139889,011790,SKC,KOSPI,기타 화학제품 제조업,2023
00139889,011790,SKC,KOSPI,기타 화학제품 제조업,2024
00159564,025890,한국주강,KOSPI,특수 목적용 기계 제조업,2018
00159564,025890,한국주강,KOSPI,특수 목적용 기계 제조업,2019
00159564,025890,한국주강,KOSPI,특수 목적용 기계 제조업,2020
00159564,025890,한국주강,KOSPI,특수 목적용 기계 제조업,2021
00159564,025890,한국주강,KOSPI,특수 목적용 기계 제조업,2022
00159564,025890,한국주강,KOSPI,특수 목적용 기계 제조업,2023
00159564,025890,한국주강,KOSPI,특수 목적용 기계 제조업,2024
00114154,024900,디와이덕양,KOSPI,자동차 신품 부품 제조업,2018
00114154,024900,디와이덕양,KOSPI,자동차 신품 부품 제조업,2019
00114154,024900,디와이덕양,KOSPI,자동차 신품 부품 제조업,2020
00114154,024900,디와이덕양,KOSPI,자동차 신품 부품 제조업,2021
00114154,024900,디와이덕양,KOSPI,자동차 신품 부품 제조업,2022
00114154,024900,디와이덕양,KOSPI,자동차 신품 부품 제조업,2023
00114154,024900,디와이덕양,KOSPI,자동차 신품 부품 제조업,2024
00121969,023960,에쓰씨엔지니어링,KOSPI,토목 건설업,2018
00121969,023960,에쓰씨엔지니어링,KOSPI,토목 건설업,2019
00121969,023960,에쓰씨엔지니어링,KOSPI,토목 건설업,2020
00121969,023960,에쓰씨엔지니어링,KOSPI,토목 건설업,2021
00121969,023960,에쓰씨엔지니어링,KOSPI,토목 건설업,2022
00121969,023960,에쓰씨엔지니어링,KOSPI,토목 건설업,2023
00121969,023960,에쓰씨엔지니어링,KOSPI,토목 건설업,2024
00103510,023800,인지컨트롤스,KOSPI,자동차 신품 부품 제조업,2018
00103510,023800,인지컨트롤스,KOSPI,자동차 신품 부품 제조업,2019
00103510,023800,인지컨트롤스,KOSPI,자동차 신품 부품 제조업,2020
00103510,023800,인지컨트롤스,KOSPI,자동차 신품 부품 제조업,2021
00103510,023800,인지컨트롤스,KOSPI,자동차 신품 부품 제조업,2022
00103510,023800,인지컨트롤스,KOSPI,자동차 신품 부품 제조업,2023
00103510,023800,인지컨트롤스,KOSPI,자동차 신품 부품 제조업,2024
00186559,031820,아이티센씨티에스,KOSPI,"컴퓨터 프로그래밍, 시스템 통합 및 관리업",2018
00186559,031820,아이티센씨티에스,KOSPI,"컴퓨터 프로그래밍, 시스템 통합 및 관리업",2019
00186559,031820,아이티센씨티에스,KOSPI,"컴퓨터 프로그래밍, 시스템 통합 및 관리업",2020
00186559,031820,아이티센씨티에스,KOSPI,"컴퓨터 프로그래밍, 시스템 통합 및 관리업",2021
00186559,031820,아이티센씨티에스,KOSPI,"컴퓨터 프로그래밍, 시스템 통합 및 관리업",2022
00186559,031820,아이티센씨티에스,KOSPI,"컴퓨터 프로그래밍, 시스템 통합 및 관리업",2023
00186559,031820,아이티센씨티에스,KOSPI,"컴퓨터 프로그래밍, 시스템 통합 및 관리업",2024
00181943,025530,에스제이엠홀딩스,KOSPI,자동차 부품 및 내장품 판매업,2018
00181943,025530,에스제이엠홀딩스,KOSPI,자동차 부품 및 내장품 판매업,2019
00181943,025530,에스제이엠홀딩스,KOSPI,자동차 부품 및 내장품 판매업,2020
00181943,025530,에스제이엠홀딩스,KOSPI,자동차 부품 및 내장품 판매업,2021
00181943,025530,에스제이엠홀딩스,KOSPI,자동차 부품 및 내장품 판매업,2022
00181943,025530,에스제이엠홀딩스,KOSPI,자동차 부품 및 내장품 판매업,2023
00181943,025530,에스제이엠홀딩스,KOSPI,자동차 부품 및 내장품 판매업,2024
00164779,000660,SK하이닉스,KOSPI,반도체 제조업,2018
00164779,000660,SK하이닉스,KOSPI,반도체 제조업,2019
00164779,000660,SK하이닉스,KOSPI,반도체 제조업,2020
00164779,000660,SK하이닉스,KOSPI,반도체 제조업,2021
00164779,000660,SK하이닉스,KOSPI,반도체 제조업,2022
00164779,000660,SK하이닉스,KOSPI,반도체 제조업,2023
00164779,000660,SK하이닉스,KOSPI,반도체 제조업,2024
00121534,023150,MH에탄올,KOSPI,알코올음료 제조업,2018
00121534,023150,MH에탄올,KOSPI,알코올음료 제조업,2019
00121534,023150,MH에탄올,KOSPI,알코올음료 제조업,2020
00121534,023150,MH에탄올,KOSPI,알코올음료 제조업,2021
00121534,023150,MH에탄올,KOSPI,알코올음료 제조업,2022
00121534,023150,MH에탄올,KOSPI,알코올음료 제조업,2023
00121534,023150,MH에탄올,KOSPI,알코올음료 제조업,2024
00115065,023450,동남합성,KOSPI,기초 화학물질 제조업,2018
00115065,023450,동남합성,KOSPI,기초 화학물질 제조업,2019
00115065,023450,동남합성,KOSPI,기초 화학물질 제조업,2020
00115065,023450,동남합성,KOSPI,기초 화학물질 제조업,2021
00115065,023450,동남합성,KOSPI,기초 화학물질 제조업,2022
00115065,023450,동남합성,KOSPI,기초 화학물질 제조업,2023
00115065,023450,동남합성,KOSPI,기초 화학물질 제조업,2024
00126308,028050,삼성E&A,KOSPI,"건축기술, 엔지니어링 및 관련 기술 서비스업",2018
00126308,028050,삼성E&A,KOSPI,"건축기술, 엔지니어링 및 관련 기술 서비스업",2019
00126308,028050,삼성E&A,KOSPI,"건축기술, 엔지니어링 및 관련 기술 서비스업",2020
00126308,028050,삼성E&A,KOSPI,"건축기술, 엔지니어링 및 관련 기술 서비스업",2021
00126308,028050,삼성E&A,KOSPI,"건축기술, 엔지니어링 및 관련 기술 서비스업",2022
00126308,028050,삼성E&A,KOSPI,"건축기술, 엔지니어링 및 관련 기술 서비스업",2023
00126308,028050,삼성E&A,KOSPI,"건축기술, 엔지니어링 및 관련 기술 서비스업",2024
00135795,029530,신도리코,KOSPI,컴퓨터 및 주변장치 제조업,2018
00135795,029530,신도리코,KOSPI,컴퓨터 및 주변장치 제조업,2019
00135795,029530,신도리코,KOSPI,컴퓨터 및 주변장치 제조업,2020
00135795,029530,신도리코,KOSPI,컴퓨터 및 주변장치 제조업,2021
00135795,029530,신도리코,KOSPI,컴퓨터 및 주변장치 제조업,2022
00135795,029530,신도리코,KOSPI,컴퓨터 및 주변장치 제조업,2023
00135795,029530,신도리코,KOSPI,컴퓨터 및 주변장치 제조업,2024
00168331,005320,온타이드,KOSPI,생활용품 도매업,2018
00168331,005320,온타이드,KOSPI,생활용품 도매업,2019
00168331,005320,온타이드,KOSPI,생활용품 도매업,2020
00168331,005320,온타이드,KOSPI,생활용품 도매업,2021
00168331,005320,온타이드,KOSPI,생활용품 도매업,2022
00168331,005320,온타이드,KOSPI,생활용품 도매업,2023
00168331,005320,온타이드,KOSPI,생활용품 도매업,2024
00161709,016800,퍼시스,KOSPI,가구 제조업,2018
00161709,016800,퍼시스,KOSPI,가구 제조업,2019
00161709,016800,퍼시스,KOSPI,가구 제조업,2020
00161709,016800,퍼시스,KOSPI,가구 제조업,2021
00161709,016800,퍼시스,KOSPI,가구 제조업,2022
00161709,016800,퍼시스,KOSPI,가구 제조업,2023
00161709,016800,퍼시스,KOSPI,가구 제조업,2024
00142865,024070,WISCOM,KOSPI,플라스틱제품 제조업,2018
00142865,024070,WISCOM,KOSPI,플라스틱제품 제조업,2019
00142865,024070,WISCOM,KOSPI,플라스틱제품 제조업,2020
00142865,024070,WISCOM,KOSPI,플라스틱제품 제조업,2021
00142865,024070,WISCOM,KOSPI,플라스틱제품 제조업,2022
00142865,024070,WISCOM,KOSPI,플라스틱제품 제조업,2023
00142865,024070,WISCOM,KOSPI,플라스틱제품 제조업,2024
00118044,030720,동원수산,KOSPI,어로 어업,2018
00118044,030720,동원수산,KOSPI,어로 어업,2019
00118044,030720,동원수산,KOSPI,어로 어업,2020
00118044,030720,동원수산,KOSPI,어로 어업,2021
00118044,030720,동원수산,KOSPI,어로 어업,2022
00118044,030720,동원수산,KOSPI,어로 어업,2023
00118044,030720,동원수산,KOSPI,어로 어업,2024
00197759,025560,미래산업,KOSPI,"측정, 시험, 항해, 제어 및 기타 정밀기기 제조업; 광학기기 제외",2018
00197759,025560,미래산업,KOSPI,"측정, 시험, 항해, 제어 및 기타 정밀기기 제조업; 광학기기 제외",2019
00197759,025560,미래산업,KOSPI,"측정, 시험, 항해, 제어 및 기타 정밀기기 제조업; 광학기기 제외",2020
00197759,025560,미래산업,KOSPI,"측정, 시험, 항해, 제어 및 기타 정밀기기 제조업; 광학기기 제외",2021
00197759,025560,미래산업,KOSPI,"측정, 시험, 항해, 제어 및 기타 정밀기기 제조업; 광학기기 제외",2022
00197759,025560,미래산업,KOSPI,"측정, 시험, 항해, 제어 및 기타 정밀기기 제조업; 광학기기 제외",2023
00197759,025560,미래산업,KOSPI,"측정, 시험, 항해, 제어 및 기타 정밀기기 제조업; 광학기기 제외",2024
00152729,017900,광전자,KOSPI,반도체 제조업,2018
00152729,017900,광전자,KOSPI,반도체 제조업,2019
00152729,017900,광전자,KOSPI,반도체 제조업,2020
00152729,017900,광전자,KOSPI,반도체 제조업,2021
00152729,017900,광전자,KOSPI,반도체 제조업,2022
00152729,017900,광전자,KOSPI,반도체 제조업,2023
00152729,017900,광전자,KOSPI,반도체 제조업,2024
00157070,025540,한국단자공업,KOSPI,"전동기, 발전기 및 전기 변환 · 공급 · 제어 장치 제조업",2018
00157070,025540,한국단자공업,KOSPI,"전동기, 발전기 및 전기 변환 · 공급 · 제어 장치 제조업",2019
00157070,025540,한국단자공업,KOSPI,"전동기, 발전기 및 전기 변환 · 공급 · 제어 장치 제조업",2020
00157070,025540,한국단자공업,KOSPI,"전동기, 발전기 및 전기 변환 · 공급 · 제어 장치 제조업",2021
00157070,025540,한국단자공업,KOSPI,"전동기, 발전기 및 전기 변환 · 공급 · 제어 장치 제조업",2022
00157070,025540,한국단자공업,KOSPI,"전동기, 발전기 및 전기 변환 · 공급 · 제어 장치 제조업",2023
00157070,025540,한국단자공업,KOSPI,"전동기, 발전기 및 전기 변환 · 공급 · 제어 장치 제조업",2024
00118275,003160,디아이,KOSPI,"측정, 시험, 항해, 제어 및 기타 정밀기기 제조업; 광학기기 제외",2018
00118275,003160,디아이,KOSPI,"측정, 시험, 항해, 제어 및 기타 정밀기기 제조업; 광학기기 제외",2019
00118275,003160,디아이,KOSPI,"측정, 시험, 항해, 제어 및 기타 정밀기기 제조업; 광학기기 제외",2020
00118275,003160,디아이,KOSPI,"측정, 시험, 항해, 제어 및 기타 정밀기기 제조업; 광학기기 제외",2021
00118275,003160,디아이,KOSPI,"측정, 시험, 항해, 제어 및 기타 정밀기기 제조업; 광학기기 제외",2022
00118275,003160,디아이,KOSPI,"측정, 시험, 항해, 제어 및 기타 정밀기기 제조업; 광학기기 제외",2023
00118275,003160,디아이,KOSPI,"측정, 시험, 항해, 제어 및 기타 정밀기기 제조업; 광학기기 제외",2024
00136271,011930,신성이엔지,KOSPI,반도체 제조업,2018
00136271,011930,신성이엔지,KOSPI,반도체 제조업,2019
00136271,011930,신성이엔지,KOSPI,반도체 제조업,2020
00136271,011930,신성이엔지,KOSPI,반도체 제조업,2021
00136271,011930,신성이엔지,KOSPI,반도체 제조업,2022
00136271,011930,신성이엔지,KOSPI,반도체 제조업,2023
00136271,011930,신성이엔지,KOSPI,반도체 제조업,2024
00118965,019180,티에이치엔,KOSPI,기타 전기장비 제조업,2018
00118965,019180,티에이치엔,KOSPI,기타 전기장비 제조업,2019
00118965,019180,티에이치엔,KOSPI,기타 전기장비 제조업,2020
00118965,019180,티에이치엔,KOSPI,기타 전기장비 제조업,2021
00118965,019180,티에이치엔,KOSPI,기타 전기장비 제조업,2022
00118965,019180,티에이치엔,KOSPI,기타 전기장비 제조업,2023
00118965,019180,티에이치엔,KOSPI,기타 전기장비 제조업,2024
00161125,018880,한온시스템,KOSPI,일반 목적용 기계 제조업,2018
00161125,018880,한온시스템,KOSPI,일반 목적용 기계 제조업,2019
00161125,018880,한온시스템,KOSPI,일반 목적용 기계 제조업,2020
00161125,018880,한온시스템,KOSPI,일반 목적용 기계 제조업,2021
00161125,018880,한온시스템,KOSPI,일반 목적용 기계 제조업,2022
00161125,018880,한온시스템,KOSPI,일반 목적용 기계 제조업,2023
00161125,018880,한온시스템,KOSPI,일반 목적용 기계 제조업,2024
00141404,006740,블루산업개발,KOSPI,"골판지, 종이 상자 및 종이용기 제조업",2018
00141404,006740,블루산업개발,KOSPI,"골판지, 종이 상자 및 종이용기 제조업",2019
00141404,006740,블루산업개발,KOSPI,"골판지, 종이 상자 및 종이용기 제조업",2020
00141404,006740,블루산업개발,KOSPI,"골판지, 종이 상자 및 종이용기 제조업",2021
00141404,006740,블루산업개발,KOSPI,"골판지, 종이 상자 및 종이용기 제조업",2022
00141404,006740,블루산업개발,KOSPI,"골판지, 종이 상자 및 종이용기 제조업",2023
00141404,006740,블루산업개발,KOSPI,"골판지, 종이 상자 및 종이용기 제조업",2024
00134316,021820,세원정공,KOSPI,자동차 신품 부품 제조업,2018
00134316,021820,세원정공,KOSPI,자동차 신품 부품 제조업,2019
00134316,021820,세원정공,KOSPI,자동차 신품 부품 제조업,2020
00134316,021820,세원정공,KOSPI,자동차 신품 부품 제조업,2021
00134316,021820,세원정공,KOSPI,자동차 신품 부품 제조업,2022
00134316,021820,세원정공,KOSPI,자동차 신품 부품 제조업,2023
00134316,021820,세원정공,KOSPI,자동차 신품 부품 제조업,2024
00144252,000910,유니온,KOSPI,"시멘트, 석회, 플라스터 및 그 제품 제조업",2018
00144252,000910,유니온,KOSPI,"시멘트, 석회, 플라스터 및 그 제품 제조업",2019
00144252,000910,유니온,KOSPI,"시멘트, 석회, 플라스터 및 그 제품 제조업",2020
00144252,000910,유니온,KOSPI,"시멘트, 석회, 플라스터 및 그 제품 제조업",2021
00144252,000910,유니온,KOSPI,"시멘트, 석회, 플라스터 및 그 제품 제조업",2022
00144252,000910,유니온,KOSPI,"시멘트, 석회, 플라스터 및 그 제품 제조업",2023
00144252,000910,유니온,KOSPI,"시멘트, 석회, 플라스터 및 그 제품 제조업",2024
00140131,020120,키다리스튜디오,KOSPI,"자료처리, 호스팅, 포털 및 기타 인터넷 정보매개 서비스업",2018
00140131,020120,키다리스튜디오,KOSPI,"자료처리, 호스팅, 포털 및 기타 인터넷 정보매개 서비스업",2019
00140131,020120,키다리스튜디오,KOSPI,"자료처리, 호스팅, 포털 및 기타 인터넷 정보매개 서비스업",2020
00140131,020120,키다리스튜디오,KOSPI,"자료처리, 호스팅, 포털 및 기타 인터넷 정보매개 서비스업",2021
00140131,020120,키다리스튜디오,KOSPI,"자료처리, 호스팅, 포털 및 기타 인터넷 정보매개 서비스업",2022
00140131,020120,키다리스튜디오,KOSPI,"자료처리, 호스팅, 포털 및 기타 인터넷 정보매개 서비스업",2023
00140131,020120,키다리스튜디오,KOSPI,"자료처리, 호스팅, 포털 및 기타 인터넷 정보매개 서비스업",2024
00133706,027970,한국제지,KOSPI,"펄프, 종이 및 판지 제조업",2018
00133706,027970,한국제지,KOSPI,"펄프, 종이 및 판지 제조업",2019
00133706,027970,한국제지,KOSPI,"펄프, 종이 및 판지 제조업",2020
00133706,027970,한국제지,KOSPI,"펄프, 종이 및 판지 제조업",2021
00133706,027970,한국제지,KOSPI,"펄프, 종이 및 판지 제조업",2022
00133706,027970,한국제지,KOSPI,"펄프, 종이 및 판지 제조업",2023
00133706,027970,한국제지,KOSPI,"펄프, 종이 및 판지 제조업",2024
00188089,020000,한섬,KOSPI,봉제의복 제조업,2018
00188089,020000,한섬,KOSPI,봉제의복 제조업,2019
00188089,020000,한섬,KOSPI,봉제의복 제조업,2020
00188089,020000,한섬,KOSPI,봉제의복 제조업,2021
00188089,020000,한섬,KOSPI,봉제의복 제조업,2022
00188089,020000,한섬,KOSPI,봉제의복 제조업,2023
00188089,020000,한섬,KOSPI,봉제의복 제조업,2024
00164724,017800,현대엘리베이터,KOSPI,일반 목적용 기계 제조업,2018
00164724,017800,현대엘리베이터,KOSPI,일반 목적용 기계 제조업,2019
00164724,017800,현대엘리베이터,KOSPI,일반 목적용 기계 제조업,2020
00164724,017800,현대엘리베이터,KOSPI,일반 목적용 기계 제조업,2021
00164724,017800,현대엘리베이터,KOSPI,일반 목적용 기계 제조업,2022
00164724,017800,현대엘리베이터,KOSPI,일반 목적용 기계 제조업,2023
00164724,017800,현대엘리베이터,KOSPI,일반 목적용 기계 제조업,2024
00166573,016580,환인제약,KOSPI,의약품 제조업,2018
00166573,016580,환인제약,KOSPI,의약품 제조업,2019
00166573,016580,환인제약,KOSPI,의약품 제조업,2020
00166573,016580,환인제약,KOSPI,의약품 제조업,2021
00166573,016580,환인제약,KOSPI,의약품 제조업,2022
00166573,016580,환인제약,KOSPI,의약품 제조업,2023
00166573,016580,환인제약,KOSPI,의약품 제조업,2024
00102432,013580,계룡건설산업,KOSPI,토목 건설업,2018
00102432,013580,계룡건설산업,KOSPI,토목 건설업,2019
00102432,013580,계룡건설산업,KOSPI,토목 건설업,2020
00102432,013580,계룡건설산업,KOSPI,토목 건설업,2021
00102432,013580,계룡건설산업,KOSPI,토목 건설업,2022
00102432,013580,계룡건설산업,KOSPI,토목 건설업,2023
00102432,013580,계룡건설산업,KOSPI,토목 건설업,2024
00131197,021050,서원,KOSPI,금속 주조업,2018
00131197,021050,서원,KOSPI,금속 주조업,2019
00131197,021050,서원,KOSPI,금속 주조업,2020
00131197,021050,서원,KOSPI,금속 주조업,2021
00131197,021050,서원,KOSPI,금속 주조업,2022
00131197,021050,서원,KOSPI,금속 주조업,2023
00131197,021050,서원,KOSPI,금속 주조업,2024
00158501,012750,에스원,KOSPI,"경비, 경호 및 탐정업",2018
00158501,012750,에스원,KOSPI,"경비, 경호 및 탐정업",2019
00158501,012750,에스원,KOSPI,"경비, 경호 및 탐정업",2020
00158501,012750,에스원,KOSPI,"경비, 경호 및 탐정업",2021
00158501,012750,에스원,KOSPI,"경비, 경호 및 탐정업",2022
00158501,012750,에스원,KOSPI,"경비, 경호 및 탐정업",2023
00158501,012750,에스원,KOSPI,"경비, 경호 및 탐정업",2024
00153339,015890,태경산업,KOSPI,기초 화학물질 제조업,2018
00153339,015890,태경산업,KOSPI,기초 화학물질 제조업,2019
00153339,015890,태경산업,KOSPI,기초 화학물질 제조업,2020
00153339,015890,태경산업,KOSPI,기초 화학물질 제조업,2021
00153339,015890,태경산업,KOSPI,기초 화학물질 제조업,2022
00153339,015890,태경산업,KOSPI,기초 화학물질 제조업,2023
00153339,015890,태경산업,KOSPI,기초 화학물질 제조업,2024
00135777,016590,신대양제지,KOSPI,"골판지, 종이 상자 및 종이용기 제조업",2018
00135777,016590,신대양제지,KOSPI,"골판지, 종이 상자 및 종이용기 제조업",2019
00135777,016590,신대양제지,KOSPI,"골판지, 종이 상자 및 종이용기 제조업",2020
00135777,016590,신대양제지,KOSPI,"골판지, 종이 상자 및 종이용기 제조업",2021
00135777,016590,신대양제지,KOSPI,"골판지, 종이 상자 및 종이용기 제조업",2022
00135777,016590,신대양제지,KOSPI,"골판지, 종이 상자 및 종이용기 제조업",2023
00135777,016590,신대양제지,KOSPI,"골판지, 종이 상자 및 종이용기 제조업",2024
00144720,011690,와이투솔루션,KOSPI,반도체 제조업,2018
00144720,011690,와이투솔루션,KOSPI,반도체 제조업,2019
00144720,011690,와이투솔루션,KOSPI,반도체 제조업,2020
00144720,011690,와이투솔루션,KOSPI,반도체 제조업,2021
00144720,011690,와이투솔루션,KOSPI,반도체 제조업,2022
00144720,011690,와이투솔루션,KOSPI,반도체 제조업,2023
00144720,011690,와이투솔루션,KOSPI,반도체 제조업,2024
00107987,025860,남해화학,KOSPI,"비료, 농약 및 살균, 살충제 제조업",2018
00107987,025860,남해화학,KOSPI,"비료, 농약 및 살균, 살충제 제조업",2019
00107987,025860,남해화학,KOSPI,"비료, 농약 및 살균, 살충제 제조업",2020
00107987,025860,남해화학,KOSPI,"비료, 농약 및 살균, 살충제 제조업",2021
00107987,025860,남해화학,KOSPI,"비료, 농약 및 살균, 살충제 제조업",2022
00107987,025860,남해화학,KOSPI,"비료, 농약 및 살균, 살충제 제조업",2023
00107987,025860,남해화학,KOSPI,"비료, 농약 및 살균, 살충제 제조업",2024
00118008,018500,동원금속,KOSPI,자동차 신품 부품 제조업,2018
00118008,018500,동원금속,KOSPI,자동차 신품 부품 제조업,2019
00118008,018500,동원금속,KOSPI,자동차 신품 부품 제조업,2020
00118008,018500,동원금속,KOSPI,자동차 신품 부품 제조업,2021
00118008,018500,동원금속,KOSPI,자동차 신품 부품 제조업,2022
00118008,018500,동원금속,KOSPI,자동차 신품 부품 제조업,2023
00118008,018500,동원금속,KOSPI,자동차 신품 부품 제조업,2024
00132868,011300,우성머티리얼스,KOSPI,직물직조 및 직물제품 제조업,2018
00132868,011300,우성머티리얼스,KOSPI,직물직조 및 직물제품 제조업,2019
00132868,011300,우성머티리얼스,KOSPI,직물직조 및 직물제품 제조업,2020
00132868,011300,우성머티리얼스,KOSPI,직물직조 및 직물제품 제조업,2021
00132868,011300,우성머티리얼스,KOSPI,직물직조 및 직물제품 제조업,2022
00132868,011300,우성머티리얼스,KOSPI,직물직조 및 직물제품 제조업,2023
00132868,011300,우성머티리얼스,KOSPI,직물직조 및 직물제품 제조업,2024
00164645,011200,HMM,KOSPI,해상 운송업,2018
00164645,011200,HMM,KOSPI,해상 운송업,2019
00164645,011200,HMM,KOSPI,해상 운송업,2020
00164645,011200,HMM,KOSPI,해상 운송업,2021
00164645,011200,HMM,KOSPI,해상 운송업,2022
00164645,011200,HMM,KOSPI,해상 운송업,2023
00164645,011200,HMM,KOSPI,해상 운송업,2024
00102113,012610,경인양행,KOSPI,기초 화학물질 제조업,2018
00102113,012610,경인양행,KOSPI,기초 화학물질 제조업,2019
00102113,012610,경인양행,KOSPI,기초 화학물질 제조업,2020
00102113,012610,경인양행,KOSPI,기초 화학물질 제조업,2021
00102113,012610,경인양행,KOSPI,기초 화학물질 제조업,2022
00102113,012610,경인양행,KOSPI,기초 화학물질 제조업,2023
00102113,012610,경인양행,KOSPI,기초 화학물질 제조업,2024
00155355,017810,풀무원,KOSPI,기타 식품 제조업,2018
00155355,017810,풀무원,KOSPI,기타 식품 제조업,2019
00155355,017810,풀무원,KOSPI,기타 식품 제조업,2020
00155355,017810,풀무원,KOSPI,기타 식품 제조업,2021
00155355,017810,풀무원,KOSPI,기타 식품 제조업,2022
00155355,017810,풀무원,KOSPI,기타 식품 제조업,2023
00155355,017810,풀무원,KOSPI,기타 식품 제조업,2024
00130684,017390,서울도시가스,KOSPI,연료용 가스 제조 및 배관공급업,2018
00130684,017390,서울도시가스,KOSPI,연료용 가스 제조 및 배관공급업,2019
00130684,017390,서울도시가스,KOSPI,연료용 가스 제조 및 배관공급업,2020
00130684,017390,서울도시가스,KOSPI,연료용 가스 제조 및 배관공급업,2021
00130684,017390,서울도시가스,KOSPI,연료용 가스 제조 및 배관공급업,2022
00130684,017390,서울도시가스,KOSPI,연료용 가스 제조 및 배관공급업,2023
00130684,017390,서울도시가스,KOSPI,연료용 가스 제조 및 배관공급업,2024
00145464,025820,이구산업,KOSPI,1차 비철금속 제조업,2018
00145464,025820,이구산업,KOSPI,1차 비철금속 제조업,2019
00145464,025820,이구산업,KOSPI,1차 비철금속 제조업,2020
00145464,025820,이구산업,KOSPI,1차 비철금속 제조업,2021
00145464,025820,이구산업,KOSPI,1차 비철금속 제조업,2022
00145464,025820,이구산업,KOSPI,1차 비철금속 제조업,2023
00145464,025820,이구산업,KOSPI,1차 비철금속 제조업,2024
00139764,011090,에넥스,KOSPI,가구 제조업,2018
00139764,011090,에넥스,KOSPI,가구 제조업,2019
00139764,011090,에넥스,KOSPI,가구 제조업,2020
00139764,011090,에넥스,KOSPI,가구 제조업,2021
00139764,011090,에넥스,KOSPI,가구 제조업,2022
00139764,011090,에넥스,KOSPI,가구 제조업,2023
00139764,011090,에넥스,KOSPI,가구 제조업,2024
00152385,007460,에이프로젠,KOSPI,의약품 제조업,2018
00152385,007460,에이프로젠,KOSPI,의약품 제조업,2019
00152385,007460,에이프로젠,KOSPI,의약품 제조업,2020
00152385,007460,에이프로젠,KOSPI,의약품 제조업,2021
00152385,007460,에이프로젠,KOSPI,의약품 제조업,2022
00152385,007460,에이프로젠,KOSPI,의약품 제조업,2023
00152385,007460,에이프로젠,KOSPI,의약품 제조업,2024
00136776,025620,차AI헬스케어,KOSPI,기타 화학제품 제조업,2018
00136776,025620,차AI헬스케어,KOSPI,기타 화학제품 제조업,2019
00136776,025620,차AI헬스케어,KOSPI,기타 화학제품 제조업,2020
00136776,025620,차AI헬스케어,KOSPI,기타 화학제품 제조업,2021
00136776,025620,차AI헬스케어,KOSPI,기타 화학제품 제조업,2022
00136776,025620,차AI헬스케어,KOSPI,기타 화학제품 제조업,2023
00136776,025620,차AI헬스케어,KOSPI,기타 화학제품 제조업,2024
00159795,017960,한국카본,KOSPI,"구조용 금속제품, 탱크 및 증기발생기 제조업",2018
00159795,017960,한국카본,KOSPI,"구조용 금속제품, 탱크 및 증기발생기 제조업",2019
00159795,017960,한국카본,KOSPI,"구조용 금속제품, 탱크 및 증기발생기 제조업",2020
00159795,017960,한국카본,KOSPI,"구조용 금속제품, 탱크 및 증기발생기 제조업",2021
00159795,017960,한국카본,KOSPI,"구조용 금속제품, 탱크 및 증기발생기 제조업",2022
00159795,017960,한국카본,KOSPI,"구조용 금속제품, 탱크 및 증기발생기 제조업",2023
00159795,017960,한국카본,KOSPI,"구조용 금속제품, 탱크 및 증기발생기 제조업",2024
00191472,025000,KPX케미칼,KOSPI,기초 화학물질 제조업,2018
00191472,025000,KPX케미칼,KOSPI,기초 화학물질 제조업,2019
00191472,025000,KPX케미칼,KOSPI,기초 화학물질 제조업,2020
00191472,025000,KPX케미칼,KOSPI,기초 화학물질 제조업,2021
00191472,025000,KPX케미칼,KOSPI,기초 화학물질 제조업,2022
00191472,025000,KPX케미칼,KOSPI,기초 화학물질 제조업,2023
00191472,025000,KPX케미칼,KOSPI,기초 화학물질 제조업,2024
00154329,007980,TP,KOSPI,봉제의복 제조업,2018
00154329,007980,TP,KOSPI,봉제의복 제조업,2019
00154329,007980,TP,KOSPI,봉제의복 제조업,2020
00154329,007980,TP,KOSPI,봉제의복 제조업,2021
00154329,007980,TP,KOSPI,봉제의복 제조업,2022
00154329,007980,TP,KOSPI,봉제의복 제조업,2023
00154329,007980,TP,KOSPI,봉제의복 제조업,2024
00147860,010580,에스엠벡셀,KOSPI,자동차 신품 부품 제조업,2018
00147860,010580,에스엠벡셀,KOSPI,자동차 신품 부품 제조업,2019
00147860,010580,에스엠벡셀,KOSPI,자동차 신품 부품 제조업,2020
00147860,010580,에스엠벡셀,KOSPI,자동차 신품 부품 제조업,2021
00147860,010580,에스엠벡셀,KOSPI,자동차 신품 부품 제조업,2022
00147860,010580,에스엠벡셀,KOSPI,자동차 신품 부품 제조업,2023
00147860,010580,에스엠벡셀,KOSPI,자동차 신품 부품 제조업,2024
00121570,008420,문배철강,KOSPI,1차 철강 제조업,2018
00121570,008420,문배철강,KOSPI,1차 철강 제조업,2019
00121570,008420,문배철강,KOSPI,1차 철강 제조업,2020
00121570,008420,문배철강,KOSPI,1차 철강 제조업,2021
00121570,008420,문배철강,KOSPI,1차 철강 제조업,2022
00121570,008420,문배철강,KOSPI,1차 철강 제조업,2023
00121570,008420,문배철강,KOSPI,1차 철강 제조업,2024
00161116,014790,HL D&I,KOSPI,토목 건설업,2018
00161116,014790,HL D&I,KOSPI,토목 건설업,2019
00161116,014790,HL D&I,KOSPI,토목 건설업,2020
00161116,014790,HL D&I,KOSPI,토목 건설업,2021
00161116,014790,HL D&I,KOSPI,토목 건설업,2022
00161116,014790,HL D&I,KOSPI,토목 건설업,2023
00161116,014790,HL D&I,KOSPI,토목 건설업,2024
00141529,007310,오뚜기,KOSPI,기타 식품 제조업,2018
00141529,007310,오뚜기,KOSPI,기타 식품 제조업,2019
00141529,007310,오뚜기,KOSPI,기타 식품 제조업,2020
00141529,007310,오뚜기,KOSPI,기타 식품 제조업,2021
00141529,007310,오뚜기,KOSPI,기타 식품 제조업,2022
00141529,007310,오뚜기,KOSPI,기타 식품 제조업,2023
00141529,007310,오뚜기,KOSPI,기타 식품 제조업,2024
00146542,008500,일정실업,KOSPI,편조원단 제조업,2018
00146542,008500,일정실업,KOSPI,편조원단 제조업,2019
00146542,008500,일정실업,KOSPI,편조원단 제조업,2020
00146542,008500,일정실업,KOSPI,편조원단 제조업,2021
00146542,008500,일정실업,KOSPI,편조원단 제조업,2022
00146542,008500,일정실업,KOSPI,편조원단 제조업,2023
00146542,008500,일정실업,KOSPI,편조원단 제조업,2024
00105855,010120,엘에스일렉트릭,KOSPI,"전동기, 발전기 및 전기 변환 · 공급 · 제어 장치 제조업",2018
00105855,010120,엘에스일렉트릭,KOSPI,"전동기, 발전기 및 전기 변환 · 공급 · 제어 장치 제조업",2019
00105855,010120,엘에스일렉트릭,KOSPI,"전동기, 발전기 및 전기 변환 · 공급 · 제어 장치 제조업",2020
00105855,010120,엘에스일렉트릭,KOSPI,"전동기, 발전기 및 전기 변환 · 공급 · 제어 장치 제조업",2021
00105855,010120,엘에스일렉트릭,KOSPI,"전동기, 발전기 및 전기 변환 · 공급 · 제어 장치 제조업",2022
00105855,010120,엘에스일렉트릭,KOSPI,"전동기, 발전기 및 전기 변환 · 공급 · 제어 장치 제조업",2023
00105855,010120,엘에스일렉트릭,KOSPI,"전동기, 발전기 및 전기 변환 · 공급 · 제어 장치 제조업",2024
00111111,009190,대양금속,KOSPI,1차 철강 제조업,2018
00111111,009190,대양금속,KOSPI,1차 철강 제조업,2019
00111111,009190,대양금속,KOSPI,1차 철강 제조업,2020
00111111,009190,대양금속,KOSPI,1차 철강 제조업,2021
00111111,009190,대양금속,KOSPI,1차 철강 제조업,2022
00111111,009190,대양금속,KOSPI,1차 철강 제조업,2023
00111111,009190,대양금속,KOSPI,1차 철강 제조업,2024
00145686,000760,이화산업,KOSPI,기타 전문 도매업,2018
00145686,000760,이화산업,KOSPI,기타 전문 도매업,2019
00145686,000760,이화산업,KOSPI,기타 전문 도매업,2020
00145686,000760,이화산업,KOSPI,기타 전문 도매업,2021
00145686,000760,이화산업,KOSPI,기타 전문 도매업,2022
00145686,000760,이화산업,KOSPI,기타 전문 도매업,2023
00145686,000760,이화산업,KOSPI,기타 전문 도매업,2024
00132637,014820,동원시스템즈,KOSPI,플라스틱제품 제조업,2018
00132637,014820,동원시스템즈,KOSPI,플라스틱제품 제조업,2019
00132637,014820,동원시스템즈,KOSPI,플라스틱제품 제조업,2020
00132637,014820,동원시스템즈,KOSPI,플라스틱제품 제조업,2021
00132637,014820,동원시스템즈,KOSPI,플라스틱제품 제조업,2022
00132637,014820,동원시스템즈,KOSPI,플라스틱제품 제조업,2023
00132637,014820,동원시스템즈,KOSPI,플라스틱제품 제조업,2024
00126478,010140,삼성중공업,KOSPI,선박 및 보트 건조업,2018
00126478,010140,삼성중공업,KOSPI,선박 및 보트 건조업,2019
00126478,010140,삼성중공업,KOSPI,선박 및 보트 건조업,2020
00126478,010140,삼성중공업,KOSPI,선박 및 보트 건조업,2021
00126478,010140,삼성중공업,KOSPI,선박 및 보트 건조업,2022
00126478,010140,삼성중공업,KOSPI,선박 및 보트 건조업,2023
00126478,010140,삼성중공업,KOSPI,선박 및 보트 건조업,2024
00151128,009680,모토닉,KOSPI,자동차 신품 부품 제조업,2018
00151128,009680,모토닉,KOSPI,자동차 신품 부품 제조업,2019
00151128,009680,모토닉,KOSPI,자동차 신품 부품 제조업,2020
00151128,009680,모토닉,KOSPI,자동차 신품 부품 제조업,2021
00151128,009680,모토닉,KOSPI,자동차 신품 부품 제조업,2022
00151128,009680,모토닉,KOSPI,자동차 신품 부품 제조업,2023
00151128,009680,모토닉,KOSPI,자동차 신품 부품 제조업,2024
00166315,010690,화신,KOSPI,자동차 신품 부품 제조업,2018
00166315,010690,화신,KOSPI,자동차 신품 부품 제조업,2019
00166315,010690,화신,KOSPI,자동차 신품 부품 제조업,2020
00166315,010690,화신,KOSPI,자동차 신품 부품 제조업,2021
00166315,010690,화신,KOSPI,자동차 신품 부품 제조업,2022
00166315,010690,화신,KOSPI,자동차 신품 부품 제조업,2023
00166315,010690,화신,KOSPI,자동차 신품 부품 제조업,2024
00129387,000390,SP삼화,KOSPI,기타 화학제품 제조업,2018
00129387,000390,SP삼화,KOSPI,기타 화학제품 제조업,2019
00129387,000390,SP삼화,KOSPI,기타 화학제품 제조업,2020
00129387,000390,SP삼화,KOSPI,기타 화학제품 제조업,2021
00129387,000390,SP삼화,KOSPI,기타 화학제품 제조업,2022
00129387,000390,SP삼화,KOSPI,기타 화학제품 제조업,2023
00129387,000390,SP삼화,KOSPI,기타 화학제품 제조업,2024
00101488,009450,경동나비엔,KOSPI,가정용 기기 제조업,2018
00101488,009450,경동나비엔,KOSPI,가정용 기기 제조업,2019
00101488,009450,경동나비엔,KOSPI,가정용 기기 제조업,2020
00101488,009450,경동나비엔,KOSPI,가정용 기기 제조업,2021
00101488,009450,경동나비엔,KOSPI,가정용 기기 제조업,2022
00101488,009450,경동나비엔,KOSPI,가정용 기기 제조업,2023
00101488,009450,경동나비엔,KOSPI,가정용 기기 제조업,2024
00163345,012030,DB,KOSPI,"컴퓨터 프로그래밍, 시스템 통합 및 관리업",2018
00163345,012030,DB,KOSPI,"컴퓨터 프로그래밍, 시스템 통합 및 관리업",2019
00163345,012030,DB,KOSPI,"컴퓨터 프로그래밍, 시스템 통합 및 관리업",2020
00163345,012030,DB,KOSPI,"컴퓨터 프로그래밍, 시스템 통합 및 관리업",2021
00163345,012030,DB,KOSPI,"컴퓨터 프로그래밍, 시스템 통합 및 관리업",2022
00163345,012030,DB,KOSPI,"컴퓨터 프로그래밍, 시스템 통합 및 관리업",2023
00163345,012030,DB,KOSPI,"컴퓨터 프로그래밍, 시스템 통합 및 관리업",2024
00125150,005090,SGC에너지,KOSPI,전기업,2018
00125150,005090,SGC에너지,KOSPI,전기업,2019
00125150,005090,SGC에너지,KOSPI,전기업,2020
00125150,005090,SGC에너지,KOSPI,전기업,2021
00125150,005090,SGC에너지,KOSPI,전기업,2022
00125150,005090,SGC에너지,KOSPI,전기업,2023
00125150,005090,SGC에너지,KOSPI,전기업,2024
00109754,005750,대림바스,KOSPI,"내화, 비내화 요업제품 제조업",2018
00109754,005750,대림바스,KOSPI,"내화, 비내화 요업제품 제조업",2019
00109754,005750,대림바스,KOSPI,"내화, 비내화 요업제품 제조업",2020
00109754,005750,대림바스,KOSPI,"내화, 비내화 요업제품 제조업",2021
00109754,005750,대림바스,KOSPI,"내화, 비내화 요업제품 제조업",2022
00109754,005750,대림바스,KOSPI,"내화, 비내화 요업제품 제조업",2023
00109754,005750,대림바스,KOSPI,"내화, 비내화 요업제품 제조업",2024
00113535,005880,대한해운,KOSPI,해상 운송업,2018
00113535,005880,대한해운,KOSPI,해상 운송업,2019
00113535,005880,대한해운,KOSPI,해상 운송업,2020
00113535,005880,대한해운,KOSPI,해상 운송업,2021
00113535,005880,대한해운,KOSPI,해상 운송업,2022
00113535,005880,대한해운,KOSPI,해상 운송업,2023
00113535,005880,대한해운,KOSPI,해상 운송업,2024
00111421,005870,휴니드테크놀러지스,KOSPI,통신 및 방송 장비 제조업,2018
00111421,005870,휴니드테크놀러지스,KOSPI,통신 및 방송 장비 제조업,2019
00111421,005870,휴니드테크놀러지스,KOSPI,통신 및 방송 장비 제조업,2020
00111421,005870,휴니드테크놀러지스,KOSPI,통신 및 방송 장비 제조업,2021
00111421,005870,휴니드테크놀러지스,KOSPI,통신 및 방송 장비 제조업,2022
00111421,005870,휴니드테크놀러지스,KOSPI,통신 및 방송 장비 제조업,2023
00111421,005870,휴니드테크놀러지스,KOSPI,통신 및 방송 장비 제조업,2024
00135111,017550,수산세보틱스,KOSPI,특수 목적용 기계 제조업,2018
00135111,017550,수산세보틱스,KOSPI,특수 목적용 기계 제조업,2019
00135111,017550,수산세보틱스,KOSPI,특수 목적용 기계 제조업,2020
00135111,017550,수산세보틱스,KOSPI,특수 목적용 기계 제조업,2021
00135111,017550,수산세보틱스,KOSPI,특수 목적용 기계 제조업,2022
00135111,017550,수산세보틱스,KOSPI,특수 목적용 기계 제조업,2023
00135111,017550,수산세보틱스,KOSPI,특수 목적용 기계 제조업,2024
00165413,011170,롯데케미칼,KOSPI,기초 화학물질 제조업,2018
00165413,011170,롯데케미칼,KOSPI,기초 화학물질 제조업,2019
00165413,011170,롯데케미칼,KOSPI,기초 화학물질 제조업,2020
00165413,011170,롯데케미칼,KOSPI,기초 화학물질 제조업,2021
00165413,011170,롯데케미칼,KOSPI,기초 화학물질 제조업,2022
00165413,011170,롯데케미칼,KOSPI,기초 화학물질 제조업,2023
00165413,011170,롯데케미칼,KOSPI,기초 화학물질 제조업,2024
00106669,001430,세아베스틸지주,KOSPI,1차 철강 제조업,2018
00106669,001430,세아베스틸지주,KOSPI,1차 철강 제조업,2019
00106669,001430,세아베스틸지주,KOSPI,1차 철강 제조업,2020
00106669,001430,세아베스틸지주,KOSPI,1차 철강 제조업,2021
00106669,001430,세아베스틸지주,KOSPI,1차 철강 제조업,2022
00106669,001430,세아베스틸지주,KOSPI,1차 철강 제조업,2023
00106669,001430,세아베스틸지주,KOSPI,1차 철강 제조업,2024
00165680,008770,호텔신라,KOSPI,기타 상품 전문 소매업,2018
00165680,008770,호텔신라,KOSPI,기타 상품 전문 소매업,2019
00165680,008770,호텔신라,KOSPI,기타 상품 전문 소매업,2020
00165680,008770,호텔신라,KOSPI,기타 상품 전문 소매업,2021
00165680,008770,호텔신라,KOSPI,기타 상품 전문 소매업,2022
00165680,008770,호텔신라,KOSPI,기타 상품 전문 소매업,2023
00165680,008770,호텔신라,KOSPI,기타 상품 전문 소매업,2024
00122481,014580,태경비케이,KOSPI,"시멘트, 석회, 플라스터 및 그 제품 제조업",2018
00122481,014580,태경비케이,KOSPI,"시멘트, 석회, 플라스터 및 그 제품 제조업",2019
00122481,014580,태경비케이,KOSPI,"시멘트, 석회, 플라스터 및 그 제품 제조업",2020
00122481,014580,태경비케이,KOSPI,"시멘트, 석회, 플라스터 및 그 제품 제조업",2021
00122481,014580,태경비케이,KOSPI,"시멘트, 석회, 플라스터 및 그 제품 제조업",2022
00122481,014580,태경비케이,KOSPI,"시멘트, 석회, 플라스터 및 그 제품 제조업",2023
00122481,014580,태경비케이,KOSPI,"시멘트, 석회, 플라스터 및 그 제품 제조업",2024
00166272,013520,화승코퍼레이션,KOSPI,자동차 신품 부품 제조업,2018
00166272,013520,화승코퍼레이션,KOSPI,자동차 신품 부품 제조업,2019
00166272,013520,화승코퍼레이션,KOSPI,자동차 신품 부품 제조업,2020
00166272,013520,화승코퍼레이션,KOSPI,자동차 신품 부품 제조업,2021
00166272,013520,화승코퍼레이션,KOSPI,자동차 신품 부품 제조업,2022
00166272,013520,화승코퍼레이션,KOSPI,자동차 신품 부품 제조업,2023
00166272,013520,화승코퍼레이션,KOSPI,자동차 신품 부품 제조업,2024
00173795,004080,신흥,KOSPI,기계장비 및 관련 물품 도매업,2018
00173795,004080,신흥,KOSPI,기계장비 및 관련 물품 도매업,2019
00173795,004080,신흥,KOSPI,기계장비 및 관련 물품 도매업,2020
00173795,004080,신흥,KOSPI,기계장비 및 관련 물품 도매업,2021
00173795,004080,신흥,KOSPI,기계장비 및 관련 물품 도매업,2022
00173795,004080,신흥,KOSPI,기계장비 및 관련 물품 도매업,2023
00173795,004080,신흥,KOSPI,기계장비 및 관련 물품 도매업,2024
00166227,006060,화승인더스트리,KOSPI,상품 종합 도매업,2018
00166227,006060,화승인더스트리,KOSPI,상품 종합 도매업,2019
00166227,006060,화승인더스트리,KOSPI,상품 종합 도매업,2020
00166227,006060,화승인더스트리,KOSPI,상품 종합 도매업,2021
00166227,006060,화승인더스트리,KOSPI,상품 종합 도매업,2022
00166227,006060,화승인더스트리,KOSPI,상품 종합 도매업,2023
00166227,006060,화승인더스트리,KOSPI,상품 종합 도매업,2024
00105156,014530,극동유화,KOSPI,석유 정제품 제조업,2018
00105156,014530,극동유화,KOSPI,석유 정제품 제조업,2019
00105156,014530,극동유화,KOSPI,석유 정제품 제조업,2020
00105156,014530,극동유화,KOSPI,석유 정제품 제조업,2021
00105156,014530,극동유화,KOSPI,석유 정제품 제조업,2022
00105156,014530,극동유화,KOSPI,석유 정제품 제조업,2023
00105156,014530,극동유화,KOSPI,석유 정제품 제조업,2024
00102751,002140,고려산업,KOSPI,"곡물가공품, 전분 및 전분제품 제조업",2018
00102751,002140,고려산업,KOSPI,"곡물가공품, 전분 및 전분제품 제조업",2019
00102751,002140,고려산업,KOSPI,"곡물가공품, 전분 및 전분제품 제조업",2020
00102751,002140,고려산업,KOSPI,"곡물가공품, 전분 및 전분제품 제조업",2021
00102751,002140,고려산업,KOSPI,"곡물가공품, 전분 및 전분제품 제조업",2022
00102751,002140,고려산업,KOSPI,"곡물가공품, 전분 및 전분제품 제조업",2023
00102751,002140,고려산업,KOSPI,"곡물가공품, 전분 및 전분제품 제조업",2024
00113614,016090,대현,KOSPI,봉제의복 제조업,2018
00113614,016090,대현,KOSPI,봉제의복 제조업,2019
00113614,016090,대현,KOSPI,봉제의복 제조업,2020
00113614,016090,대현,KOSPI,봉제의복 제조업,2021
00113614,016090,대현,KOSPI,봉제의복 제조업,2022
00113614,016090,대현,KOSPI,봉제의복 제조업,2023
00113614,016090,대현,KOSPI,봉제의복 제조업,2024
00114765,001620,케이비아이동국실업,KOSPI,자동차 신품 부품 제조업,2018
00114765,001620,케이비아이동국실업,KOSPI,자동차 신품 부품 제조업,2019
00114765,001620,케이비아이동국실업,KOSPI,자동차 신품 부품 제조업,2020
00114765,001620,케이비아이동국실업,KOSPI,자동차 신품 부품 제조업,2021
00114765,001620,케이비아이동국실업,KOSPI,자동차 신품 부품 제조업,2022
00114765,001620,케이비아이동국실업,KOSPI,자동차 신품 부품 제조업,2023
00114765,001620,케이비아이동국실업,KOSPI,자동차 신품 부품 제조업,2024
00103662,017040,광명전기,KOSPI,"전동기, 발전기 및 전기 변환 · 공급 · 제어 장치 제조업",2018
00103662,017040,광명전기,KOSPI,"전동기, 발전기 및 전기 변환 · 공급 · 제어 장치 제조업",2019
00103662,017040,광명전기,KOSPI,"전동기, 발전기 및 전기 변환 · 공급 · 제어 장치 제조업",2020
00103662,017040,광명전기,KOSPI,"전동기, 발전기 및 전기 변환 · 공급 · 제어 장치 제조업",2021
00103662,017040,광명전기,KOSPI,"전동기, 발전기 및 전기 변환 · 공급 · 제어 장치 제조업",2022
00103662,017040,광명전기,KOSPI,"전동기, 발전기 및 전기 변환 · 공급 · 제어 장치 제조업",2023
00103662,017040,광명전기,KOSPI,"전동기, 발전기 및 전기 변환 · 공급 · 제어 장치 제조업",2024
00124027,011390,부산산업,KOSPI,"시멘트, 석회, 플라스터 및 그 제품 제조업",2018
00124027,011390,부산산업,KOSPI,"시멘트, 석회, 플라스터 및 그 제품 제조업",2019
00124027,011390,부산산업,KOSPI,"시멘트, 석회, 플라스터 및 그 제품 제조업",2020
00124027,011390,부산산업,KOSPI,"시멘트, 석회, 플라스터 및 그 제품 제조업",2021
00124027,011390,부산산업,KOSPI,"시멘트, 석회, 플라스터 및 그 제품 제조업",2022
00124027,011390,부산산업,KOSPI,"시멘트, 석회, 플라스터 및 그 제품 제조업",2023
00124027,011390,부산산업,KOSPI,"시멘트, 석회, 플라스터 및 그 제품 제조업",2024
00138297,011810,STX,KOSPI,상품 종합 도매업,2018
00138297,011810,STX,KOSPI,상품 종합 도매업,2019
00138297,011810,STX,KOSPI,상품 종합 도매업,2020
00138297,011810,STX,KOSPI,상품 종합 도매업,2021
00138297,011810,STX,KOSPI,상품 종합 도매업,2022
00138297,011810,STX,KOSPI,상품 종합 도매업,2023
00138297,011810,STX,KOSPI,상품 종합 도매업,2024
00102858,010130,고려아연,KOSPI,1차 비철금속 제조업,2018
00102858,010130,고려아연,KOSPI,1차 비철금속 제조업,2019
00102858,010130,고려아연,KOSPI,1차 비철금속 제조업,2020
00102858,010130,고려아연,KOSPI,1차 비철금속 제조업,2021
00102858,010130,고려아연,KOSPI,1차 비철금속 제조업,2022
00102858,010130,고려아연,KOSPI,1차 비철금속 제조업,2023
00102858,010130,고려아연,KOSPI,1차 비철금속 제조업,2024
00135050,004720,팜젠사이언스,KOSPI,의약품 제조업,2018
00135050,004720,팜젠사이언스,KOSPI,의약품 제조업,2019
00135050,004720,팜젠사이언스,KOSPI,의약품 제조업,2020
00135050,004720,팜젠사이언스,KOSPI,의약품 제조업,2021
00135050,004720,팜젠사이언스,KOSPI,의약품 제조업,2022
00135050,004720,팜젠사이언스,KOSPI,의약품 제조업,2023
00135050,004720,팜젠사이언스,KOSPI,의약품 제조업,2024
00136086,009200,무림페이퍼,KOSPI,"펄프, 종이 및 판지 제조업",2018
00136086,009200,무림페이퍼,KOSPI,"펄프, 종이 및 판지 제조업",2019
00136086,009200,무림페이퍼,KOSPI,"펄프, 종이 및 판지 제조업",2020
00136086,009200,무림페이퍼,KOSPI,"펄프, 종이 및 판지 제조업",2021
00136086,009200,무림페이퍼,KOSPI,"펄프, 종이 및 판지 제조업",2022
00136086,009200,무림페이퍼,KOSPI,"펄프, 종이 및 판지 제조업",2023
00136086,009200,무림페이퍼,KOSPI,"펄프, 종이 및 판지 제조업",2024
00168401,008870,금비,KOSPI,유리 및 유리제품 제조업,2018
00168401,008870,금비,KOSPI,유리 및 유리제품 제조업,2019
00168401,008870,금비,KOSPI,유리 및 유리제품 제조업,2020
00168401,008870,금비,KOSPI,유리 및 유리제품 제조업,2021
00168401,008870,금비,KOSPI,유리 및 유리제품 제조업,2022
00168401,008870,금비,KOSPI,유리 및 유리제품 제조업,2023
00168401,008870,금비,KOSPI,유리 및 유리제품 제조업,2024
00143794,005820,원림,KOSPI,직물직조 및 직물제품 제조업,2018
00143794,005820,원림,KOSPI,직물직조 및 직물제품 제조업,2019
00143794,005820,원림,KOSPI,직물직조 및 직물제품 제조업,2020
00143794,005820,원림,KOSPI,직물직조 및 직물제품 제조업,2021
00143794,005820,원림,KOSPI,직물직조 및 직물제품 제조업,2022
00143794,005820,원림,KOSPI,직물직조 및 직물제품 제조업,2023
00143794,005820,원림,KOSPI,직물직조 및 직물제품 제조업,2024
00131692,008490,서흥,KOSPI,기타 화학제품 제조업,2018
00131692,008490,서흥,KOSPI,기타 화학제품 제조업,2019
00131692,008490,서흥,KOSPI,기타 화학제품 제조업,2020
00131692,008490,서흥,KOSPI,기타 화학제품 제조업,2021
00131692,008490,서흥,KOSPI,기타 화학제품 제조업,2022
00131692,008490,서흥,KOSPI,기타 화학제품 제조업,2023
00131692,008490,서흥,KOSPI,기타 화학제품 제조업,2024
00132628,014910,성문전자,KOSPI,전자부품 제조업,2018
00132628,014910,성문전자,KOSPI,전자부품 제조업,2019
00132628,014910,성문전자,KOSPI,전자부품 제조업,2020
00132628,014910,성문전자,KOSPI,전자부품 제조업,2021
00132628,014910,성문전자,KOSPI,전자부품 제조업,2022
00132628,014910,성문전자,KOSPI,전자부품 제조업,2023
00132628,014910,성문전자,KOSPI,전자부품 제조업,2024
00169048,003580,HLB글로벌,KOSPI,종합 소매업,2018
00169048,003580,HLB글로벌,KOSPI,종합 소매업,2019
00169048,003580,HLB글로벌,KOSPI,종합 소매업,2020
00169048,003580,HLB글로벌,KOSPI,종합 소매업,2021
00169048,003580,HLB글로벌,KOSPI,종합 소매업,2022
00169048,003580,HLB글로벌,KOSPI,종합 소매업,2023
00169048,003580,HLB글로벌,KOSPI,종합 소매업,2024
00111458,014160,대영포장,KOSPI,"골판지, 종이 상자 및 종이용기 제조업",2018
00111458,014160,대영포장,KOSPI,"골판지, 종이 상자 및 종이용기 제조업",2019
00111458,014160,대영포장,KOSPI,"골판지, 종이 상자 및 종이용기 제조업",2020
00111458,014160,대영포장,KOSPI,"골판지, 종이 상자 및 종이용기 제조업",2021
00111458,014160,대영포장,KOSPI,"골판지, 종이 상자 및 종이용기 제조업",2022
00111458,014160,대영포장,KOSPI,"골판지, 종이 상자 및 종이용기 제조업",2023
00111458,014160,대영포장,KOSPI,"골판지, 종이 상자 및 종이용기 제조업",2024
00141413,012280,영화금속,KOSPI,자동차 신품 부품 제조업,2018
00141413,012280,영화금속,KOSPI,자동차 신품 부품 제조업,2019
00141413,012280,영화금속,KOSPI,자동차 신품 부품 제조업,2020
00141413,012280,영화금속,KOSPI,자동차 신품 부품 제조업,2021
00141413,012280,영화금속,KOSPI,자동차 신품 부품 제조업,2022
00141413,012280,영화금속,KOSPI,자동차 신품 부품 제조업,2023
00141413,012280,영화금속,KOSPI,자동차 신품 부품 제조업,2024
00137359,019170,신풍제약,KOSPI,의약품 제조업,2018
00137359,019170,신풍제약,KOSPI,의약품 제조업,2019
00137359,019170,신풍제약,KOSPI,의약품 제조업,2020
00137359,019170,신풍제약,KOSPI,의약품 제조업,2021
00137359,019170,신풍제약,KOSPI,의약품 제조업,2022
00137359,019170,신풍제약,KOSPI,의약품 제조업,2023
00137359,019170,신풍제약,KOSPI,의약품 제조업,2024
00116268,002210,동성제약,KOSPI,의약품 제조업,2018
00116268,002210,동성제약,KOSPI,의약품 제조업,2019
00116268,002210,동성제약,KOSPI,의약품 제조업,2020
00116268,002210,동성제약,KOSPI,의약품 제조업,2021
00116268,002210,동성제약,KOSPI,의약품 제조업,2022
00116268,002210,동성제약,KOSPI,의약품 제조업,2023
00116268,002210,동성제약,KOSPI,의약품 제조업,2024
00145437,012170,아센디오,KOSPI,"영화, 비디오물, 방송프로그램 제작 및 배급업",2018
00145437,012170,아센디오,KOSPI,"영화, 비디오물, 방송프로그램 제작 및 배급업",2019
00145437,012170,아센디오,KOSPI,"영화, 비디오물, 방송프로그램 제작 및 배급업",2020
00145437,012170,아센디오,KOSPI,"영화, 비디오물, 방송프로그램 제작 및 배급업",2021
00145437,012170,아센디오,KOSPI,"영화, 비디오물, 방송프로그램 제작 및 배급업",2022
00145437,012170,아센디오,KOSPI,"영화, 비디오물, 방송프로그램 제작 및 배급업",2023
00145437,012170,아센디오,KOSPI,"영화, 비디오물, 방송프로그램 제작 및 배급업",2024
00162586,009420,한올바이오파마,KOSPI,의약품 제조업,2018
00162586,009420,한올바이오파마,KOSPI,의약품 제조업,2019
00162586,009420,한올바이오파마,KOSPI,의약품 제조업,2020
00162586,009420,한올바이오파마,KOSPI,의약품 제조업,2021
00162586,009420,한올바이오파마,KOSPI,의약품 제조업,2022
00162586,009420,한올바이오파마,KOSPI,의약품 제조업,2023
00162586,009420,한올바이오파마,KOSPI,의약품 제조업,2024
00137207,011330,유니켐,KOSPI,자동차 신품 부품 제조업,2018
00137207,011330,유니켐,KOSPI,자동차 신품 부품 제조업,2019
00137207,011330,유니켐,KOSPI,자동차 신품 부품 제조업,2020
00137207,011330,유니켐,KOSPI,자동차 신품 부품 제조업,2021
00137207,011330,유니켐,KOSPI,자동차 신품 부품 제조업,2022
00137207,011330,유니켐,KOSPI,자동차 신품 부품 제조업,2023
00137207,011330,유니켐,KOSPI,자동차 신품 부품 제조업,2024
00112651,012800,대창,KOSPI,1차 비철금속 제조업,2018
00112651,012800,대창,KOSPI,1차 비철금속 제조업,2019
00112651,012800,대창,KOSPI,1차 비철금속 제조업,2020
00112651,012800,대창,KOSPI,1차 비철금속 제조업,2021
00112651,012800,대창,KOSPI,1차 비철금속 제조업,2022
00112651,012800,대창,KOSPI,1차 비철금속 제조업,2023
00112651,012800,대창,KOSPI,1차 비철금속 제조업,2024
00146232,013360,일성건설,KOSPI,토목 건설업,2018
00146232,013360,일성건설,KOSPI,토목 건설업,2019
00146232,013360,일성건설,KOSPI,토목 건설업,2020
00146232,013360,일성건설,KOSPI,토목 건설업,2021
00146232,013360,일성건설,KOSPI,토목 건설업,2022
00146232,013360,일성건설,KOSPI,토목 건설업,2023
00146232,013360,일성건설,KOSPI,토목 건설업,2024
00129420,013700,까뮤이앤씨,KOSPI,건물 건설업,2018
00129420,013700,까뮤이앤씨,KOSPI,건물 건설업,2019
00129420,013700,까뮤이앤씨,KOSPI,건물 건설업,2020
00129420,013700,까뮤이앤씨,KOSPI,건물 건설업,2021
00129420,013700,까뮤이앤씨,KOSPI,건물 건설업,2022
00129420,013700,까뮤이앤씨,KOSPI,건물 건설업,2023
00129420,013700,까뮤이앤씨,KOSPI,건물 건설업,2024
00123107,002760,보락,KOSPI,기타 화학제품 제조업,2018
00123107,002760,보락,KOSPI,기타 화학제품 제조업,2019
00123107,002760,보락,KOSPI,기타 화학제품 제조업,2020
00123107,002760,보락,KOSPI,기타 화학제품 제조업,2021
00123107,002760,보락,KOSPI,기타 화학제품 제조업,2022
00123107,002760,보락,KOSPI,기타 화학제품 제조업,2023
00123107,002760,보락,KOSPI,기타 화학제품 제조업,2024
00131939,007610,선도전기,KOSPI,"전동기, 발전기 및 전기 변환 · 공급 · 제어 장치 제조업",2018
00131939,007610,선도전기,KOSPI,"전동기, 발전기 및 전기 변환 · 공급 · 제어 장치 제조업",2019
00131939,007610,선도전기,KOSPI,"전동기, 발전기 및 전기 변환 · 공급 · 제어 장치 제조업",2020
00131939,007610,선도전기,KOSPI,"전동기, 발전기 및 전기 변환 · 공급 · 제어 장치 제조업",2021
00131939,007610,선도전기,KOSPI,"전동기, 발전기 및 전기 변환 · 공급 · 제어 장치 제조업",2022
00131939,007610,선도전기,KOSPI,"전동기, 발전기 및 전기 변환 · 공급 · 제어 장치 제조업",2023
00131939,007610,선도전기,KOSPI,"전동기, 발전기 및 전기 변환 · 공급 · 제어 장치 제조업",2024
00127158,004920,씨아이테크,KOSPI,영상 및 음향기기 제조업,2018
00127158,004920,씨아이테크,KOSPI,영상 및 음향기기 제조업,2019
00127158,004920,씨아이테크,KOSPI,영상 및 음향기기 제조업,2020
00127158,004920,씨아이테크,KOSPI,영상 및 음향기기 제조업,2021
00127158,004920,씨아이테크,KOSPI,영상 및 음향기기 제조업,2022
00127158,004920,씨아이테크,KOSPI,영상 및 음향기기 제조업,2023
00127158,004920,씨아이테크,KOSPI,영상 및 음향기기 제조업,2024
00103592,009290,광동제약,KOSPI,의약품 제조업,2018
00103592,009290,광동제약,KOSPI,의약품 제조업,2019
00103592,009290,광동제약,KOSPI,의약품 제조업,2020
00103592,009290,광동제약,KOSPI,의약품 제조업,2021
00103592,009290,광동제약,KOSPI,의약품 제조업,2022
00103592,009290,광동제약,KOSPI,의약품 제조업,2023
00103592,009290,광동제약,KOSPI,의약품 제조업,2024
00129554,011420,갤럭시아에스엠,KOSPI,스포츠 서비스업,2018
00129554,011420,갤럭시아에스엠,KOSPI,스포츠 서비스업,2019
00129554,011420,갤럭시아에스엠,KOSPI,스포츠 서비스업,2020
00129554,011420,갤럭시아에스엠,KOSPI,스포츠 서비스업,2021
00129554,011420,갤럭시아에스엠,KOSPI,스포츠 서비스업,2022
00129554,011420,갤럭시아에스엠,KOSPI,스포츠 서비스업,2023
00129554,011420,갤럭시아에스엠,KOSPI,스포츠 서비스업,2024
00172185,004270,남성,KOSPI,기타 전문 도매업,2018
00172185,004270,남성,KOSPI,기타 전문 도매업,2019
00172185,004270,남성,KOSPI,기타 전문 도매업,2020
00172185,004270,남성,KOSPI,기타 전문 도매업,2021
00172185,004270,남성,KOSPI,기타 전문 도매업,2022
00172185,004270,남성,KOSPI,기타 전문 도매업,2023
00172185,004270,남성,KOSPI,기타 전문 도매업,2024
00159740,001940,KISCO홀딩스,KOSPI,1차 철강 제조업,2018
00159740,001940,KISCO홀딩스,KOSPI,1차 철강 제조업,2019
00159740,001940,KISCO홀딩스,KOSPI,1차 철강 제조업,2020
00159740,001940,KISCO홀딩스,KOSPI,1차 철강 제조업,2021
00159740,001940,KISCO홀딩스,KOSPI,1차 철강 제조업,2022
00159740,001940,KISCO홀딩스,KOSPI,1차 철강 제조업,2023
00159740,001940,KISCO홀딩스,KOSPI,1차 철강 제조업,2024
00153861,009410,태영건설,KOSPI,토목 건설업,2018
00153861,009410,태영건설,KOSPI,토목 건설업,2019
00153861,009410,태영건설,KOSPI,토목 건설업,2020
00153861,009410,태영건설,KOSPI,토목 건설업,2021
00153861,009410,태영건설,KOSPI,토목 건설업,2022
00153861,009410,태영건설,KOSPI,토목 건설업,2023
00153861,009410,태영건설,KOSPI,토목 건설업,2024
00124090,007280,한국특강,KOSPI,1차 철강 제조업,2018
00124090,007280,한국특강,KOSPI,1차 철강 제조업,2019
00124090,007280,한국특강,KOSPI,1차 철강 제조업,2020
00124090,007280,한국특강,KOSPI,1차 철강 제조업,2021
00124090,007280,한국특강,KOSPI,1차 철강 제조업,2022
00124090,007280,한국특강,KOSPI,1차 철강 제조업,2023
00124090,007280,한국특강,KOSPI,1차 철강 제조업,2024
00140946,009180,한솔로지스틱스,KOSPI,기타 운송관련 서비스업,2018
00140946,009180,한솔로지스틱스,KOSPI,기타 운송관련 서비스업,2019
00140946,009180,한솔로지스틱스,KOSPI,기타 운송관련 서비스업,2020
00140946,009180,한솔로지스틱스,KOSPI,기타 운송관련 서비스업,2021
00140946,009180,한솔로지스틱스,KOSPI,기타 운송관련 서비스업,2022
00140946,009180,한솔로지스틱스,KOSPI,기타 운송관련 서비스업,2023
00140946,009180,한솔로지스틱스,KOSPI,기타 운송관련 서비스업,2024
00127042,002170,SYTS,KOSPI,"가죽, 가방 및 유사제품 제조업",2018
00127042,002170,SYTS,KOSPI,"가죽, 가방 및 유사제품 제조업",2019
00127042,002170,SYTS,KOSPI,"가죽, 가방 및 유사제품 제조업",2020
00127042,002170,SYTS,KOSPI,"가죽, 가방 및 유사제품 제조업",2021
00127042,002170,SYTS,KOSPI,"가죽, 가방 및 유사제품 제조업",2022
00127042,002170,SYTS,KOSPI,"가죽, 가방 및 유사제품 제조업",2023
00127042,002170,SYTS,KOSPI,"가죽, 가방 및 유사제품 제조업",2024
00159023,017670,SK텔레콤,KOSPI,전기 통신업,2018
00159023,017670,SK텔레콤,KOSPI,전기 통신업,2019
00159023,017670,SK텔레콤,KOSPI,전기 통신업,2020
00159023,017670,SK텔레콤,KOSPI,전기 통신업,2021
00159023,017670,SK텔레콤,KOSPI,전기 통신업,2022
00159023,017670,SK텔레콤,KOSPI,전기 통신업,2023
00159023,017670,SK텔레콤,KOSPI,전기 통신업,2024
00160375,010640,진양폴리우레탄,KOSPI,플라스틱제품 제조업,2018
00160375,010640,진양폴리우레탄,KOSPI,플라스틱제품 제조업,2019
00160375,010640,진양폴리우레탄,KOSPI,플라스틱제품 제조업,2020
00160375,010640,진양폴리우레탄,KOSPI,플라스틱제품 제조업,2021
00160375,010640,진양폴리우레탄,KOSPI,플라스틱제품 제조업,2022
00160375,010640,진양폴리우레탄,KOSPI,플라스틱제품 제조업,2023
00160375,010640,진양폴리우레탄,KOSPI,플라스틱제품 제조업,2024
00122056,003650,미창석유공업,KOSPI,석유 정제품 제조업,2018
00122056,003650,미창석유공업,KOSPI,석유 정제품 제조업,2019
00122056,003650,미창석유공업,KOSPI,석유 정제품 제조업,2020
00122056,003650,미창석유공업,KOSPI,석유 정제품 제조업,2021
00122056,003650,미창석유공업,KOSPI,석유 정제품 제조업,2022
00122056,003650,미창석유공업,KOSPI,석유 정제품 제조업,2023
00122056,003650,미창석유공업,KOSPI,석유 정제품 제조업,2024
00127802,004380,삼익THK,KOSPI,일반 목적용 기계 제조업,2018
00127802,004380,삼익THK,KOSPI,일반 목적용 기계 제조업,2019
00127802,004380,삼익THK,KOSPI,일반 목적용 기계 제조업,2020
00127802,004380,삼익THK,KOSPI,일반 목적용 기계 제조업,2021
00127802,004380,삼익THK,KOSPI,일반 목적용 기계 제조업,2022
00127802,004380,삼익THK,KOSPI,일반 목적용 기계 제조업,2023
00127802,004380,삼익THK,KOSPI,일반 목적용 기계 제조업,2024
00121932,002840,미원상사,KOSPI,기타 화학제품 제조업,2018
00121932,002840,미원상사,KOSPI,기타 화학제품 제조업,2019
00121932,002840,미원상사,KOSPI,기타 화학제품 제조업,2020
00121932,002840,미원상사,KOSPI,기타 화학제품 제조업,2021
00121932,002840,미원상사,KOSPI,기타 화학제품 제조업,2022
00121932,002840,미원상사,KOSPI,기타 화학제품 제조업,2023
00121932,002840,미원상사,KOSPI,기타 화학제품 제조업,2024
00134176,013000,세우글로벌,KOSPI,기타 전문 도매업,2018
00134176,013000,세우글로벌,KOSPI,기타 전문 도매업,2019
00134176,013000,세우글로벌,KOSPI,기타 전문 도매업,2020
00134176,013000,세우글로벌,KOSPI,기타 전문 도매업,2021
00134176,013000,세우글로벌,KOSPI,기타 전문 도매업,2022
00134176,013000,세우글로벌,KOSPI,기타 전문 도매업,2023
00134176,013000,세우글로벌,KOSPI,기타 전문 도매업,2024
00164788,012330,현대모비스,KOSPI,자동차 신품 부품 제조업,2018
00164788,012330,현대모비스,KOSPI,자동차 신품 부품 제조업,2019
00164788,012330,현대모비스,KOSPI,자동차 신품 부품 제조업,2020
00164788,012330,현대모비스,KOSPI,자동차 신품 부품 제조업,2021
00164788,012330,현대모비스,KOSPI,자동차 신품 부품 제조업,2022
00164788,012330,현대모비스,KOSPI,자동차 신품 부품 제조업,2023
00164788,012330,현대모비스,KOSPI,자동차 신품 부품 제조업,2024
00101220,001390,KG케미칼,KOSPI,기초 화학물질 제조업,2018
00101220,001390,KG케미칼,KOSPI,기초 화학물질 제조업,2019
00101220,001390,KG케미칼,KOSPI,기초 화학물질 제조업,2020
00101220,001390,KG케미칼,KOSPI,기초 화학물질 제조업,2021
00101220,001390,KG케미칼,KOSPI,기초 화학물질 제조업,2022
00101220,001390,KG케미칼,KOSPI,기초 화학물질 제조업,2023
00101220,001390,KG케미칼,KOSPI,기초 화학물질 제조업,2024
00111689,009320,아진전자부품,KOSPI,자동차 신품 부품 제조업,2018
00111689,009320,아진전자부품,KOSPI,자동차 신품 부품 제조업,2019
00111689,009320,아진전자부품,KOSPI,자동차 신품 부품 제조업,2020
00111689,009320,아진전자부품,KOSPI,자동차 신품 부품 제조업,2021
00111689,009320,아진전자부품,KOSPI,자동차 신품 부품 제조업,2022
00111689,009320,아진전자부품,KOSPI,자동차 신품 부품 제조업,2023
00111689,009320,아진전자부품,KOSPI,자동차 신품 부품 제조업,2024
00159193,015760,한국전력공사,KOSPI,전기업,2018
00159193,015760,한국전력공사,KOSPI,전기업,2019
00159193,015760,한국전력공사,KOSPI,전기업,2020
00159193,015760,한국전력공사,KOSPI,전기업,2021
00159193,015760,한국전력공사,KOSPI,전기업,2022
00159193,015760,한국전력공사,KOSPI,전기업,2023
00159193,015760,한국전력공사,KOSPI,전기업,2024
00104388,007690,국도화학,KOSPI,기초 화학물질 제조업,2018
00104388,007690,국도화학,KOSPI,기초 화학물질 제조업,2019
00104388,007690,국도화학,KOSPI,기초 화학물질 제조업,2020
00104388,007690,국도화학,KOSPI,기초 화학물질 제조업,2021
00104388,007690,국도화학,KOSPI,기초 화학물질 제조업,2022
00104388,007690,국도화학,KOSPI,기초 화학물질 제조업,2023
00104388,007690,국도화학,KOSPI,기초 화학물질 제조업,2024
00129679,006280,녹십자,KOSPI,의약품 제조업,2018
00129679,006280,녹십자,KOSPI,의약품 제조업,2019
00129679,006280,녹십자,KOSPI,의약품 제조업,2020
00129679,006280,녹십자,KOSPI,의약품 제조업,2021
00129679,006280,녹십자,KOSPI,의약품 제조업,2022
00129679,006280,녹십자,KOSPI,의약품 제조업,2023
00129679,006280,녹십자,KOSPI,의약품 제조업,2024
00138260,009160,SIMPAC,KOSPI,1차 철강 제조업,2018
00138260,009160,SIMPAC,KOSPI,1차 철강 제조업,2019
00138260,009160,SIMPAC,KOSPI,1차 철강 제조업,2020
00138260,009160,SIMPAC,KOSPI,1차 철강 제조업,2021
00138260,009160,SIMPAC,KOSPI,1차 철강 제조업,2022
00138260,009160,SIMPAC,KOSPI,1차 철강 제조업,2023
00138260,009160,SIMPAC,KOSPI,1차 철강 제조업,2024
00104999,008600,윌비스,KOSPI,생활용품 도매업,2018
00104999,008600,윌비스,KOSPI,생활용품 도매업,2019
00104999,008600,윌비스,KOSPI,생활용품 도매업,2020
00104999,008600,윌비스,KOSPI,생활용품 도매업,2021
00104999,008600,윌비스,KOSPI,생활용품 도매업,2022
00104999,008600,윌비스,KOSPI,생활용품 도매업,2023
00104999,008600,윌비스,KOSPI,생활용품 도매업,2024
00112679,015230,대창단조,KOSPI,자동차 신품 부품 제조업,2018
00112679,015230,대창단조,KOSPI,자동차 신품 부품 제조업,2019
00112679,015230,대창단조,KOSPI,자동차 신품 부품 제조업,2020
00112679,015230,대창단조,KOSPI,자동차 신품 부품 제조업,2021
00112679,015230,대창단조,KOSPI,자동차 신품 부품 제조업,2022
00112679,015230,대창단조,KOSPI,자동차 신품 부품 제조업,2023
00112679,015230,대창단조,KOSPI,자동차 신품 부품 제조업,2024
00124799,007160,사조산업,KOSPI,수산물 가공 및 저장 처리업,2018
00124799,007160,사조산업,KOSPI,수산물 가공 및 저장 처리업,2019
00124799,007160,사조산업,KOSPI,수산물 가공 및 저장 처리업,2020
00124799,007160,사조산업,KOSPI,수산물 가공 및 저장 처리업,2021
00124799,007160,사조산업,KOSPI,수산물 가공 및 저장 처리업,2022
00124799,007160,사조산업,KOSPI,수산물 가공 및 저장 처리업,2023
00124799,007160,사조산업,KOSPI,수산물 가공 및 저장 처리업,2024
00129509,014130,한익스프레스,KOSPI,도로 화물 운송업,2018
00129509,014130,한익스프레스,KOSPI,도로 화물 운송업,2019
00129509,014130,한익스프레스,KOSPI,도로 화물 운송업,2020
00129509,014130,한익스프레스,KOSPI,도로 화물 운송업,2021
00129509,014130,한익스프레스,KOSPI,도로 화물 운송업,2022
00129509,014130,한익스프레스,KOSPI,도로 화물 운송업,2023
00129509,014130,한익스프레스,KOSPI,도로 화물 운송업,2024
00137252,008040,사조동아원,KOSPI,"곡물가공품, 전분 및 전분제품 제조업",2018
00137252,008040,사조동아원,KOSPI,"곡물가공품, 전분 및 전분제품 제조업",2019
00137252,008040,사조동아원,KOSPI,"곡물가공품, 전분 및 전분제품 제조업",2020
00137252,008040,사조동아원,KOSPI,"곡물가공품, 전분 및 전분제품 제조업",2021
00137252,008040,사조동아원,KOSPI,"곡물가공품, 전분 및 전분제품 제조업",2022
00137252,008040,사조동아원,KOSPI,"곡물가공품, 전분 및 전분제품 제조업",2023
00137252,008040,사조동아원,KOSPI,"곡물가공품, 전분 및 전분제품 제조업",2024
00102140,009140,경인전자,KOSPI,전자부품 제조업,2018
00102140,009140,경인전자,KOSPI,전자부품 제조업,2019
00102140,009140,경인전자,KOSPI,전자부품 제조업,2020
00102140,009140,경인전자,KOSPI,전자부품 제조업,2021
00102140,009140,경인전자,KOSPI,전자부품 제조업,2022
00102140,009140,경인전자,KOSPI,전자부품 제조업,2023
00102140,009140,경인전자,KOSPI,전자부품 제조업,2024
00119007,009580,무림P&P,KOSPI,"펄프, 종이 및 판지 제조업",2018
00119007,009580,무림P&P,KOSPI,"펄프, 종이 및 판지 제조업",2019
00119007,009580,무림P&P,KOSPI,"펄프, 종이 및 판지 제조업",2020
00119007,009580,무림P&P,KOSPI,"펄프, 종이 및 판지 제조업",2021
00119007,009580,무림P&P,KOSPI,"펄프, 종이 및 판지 제조업",2022
00119007,009580,무림P&P,KOSPI,"펄프, 종이 및 판지 제조업",2023
00119007,009580,무림P&P,KOSPI,"펄프, 종이 및 판지 제조업",2024
00106881,014990,인디에프,KOSPI,봉제의복 제조업,2018
00106881,014990,인디에프,KOSPI,봉제의복 제조업,2019
00106881,014990,인디에프,KOSPI,봉제의복 제조업,2020
00106881,014990,인디에프,KOSPI,봉제의복 제조업,2021
00106881,014990,인디에프,KOSPI,봉제의복 제조업,2022
00106881,014990,인디에프,KOSPI,봉제의복 제조업,2023
00106881,014990,인디에프,KOSPI,봉제의복 제조업,2024
00122348,003610,방림,KOSPI,직물직조 및 직물제품 제조업,2018
00122348,003610,방림,KOSPI,직물직조 및 직물제품 제조업,2019
00122348,003610,방림,KOSPI,직물직조 및 직물제품 제조업,2020
00122348,003610,방림,KOSPI,직물직조 및 직물제품 제조업,2021
00122348,003610,방림,KOSPI,직물직조 및 직물제품 제조업,2022
00122348,003610,방림,KOSPI,직물직조 및 직물제품 제조업,2023
00122348,003610,방림,KOSPI,직물직조 및 직물제품 제조업,2024
00108746,015590,DKME,KOSPI,일반 목적용 기계 제조업,2018
00108746,015590,DKME,KOSPI,일반 목적용 기계 제조업,2019
00108746,015590,DKME,KOSPI,일반 목적용 기계 제조업,2020
00108746,015590,DKME,KOSPI,일반 목적용 기계 제조업,2021
00108746,015590,DKME,KOSPI,일반 목적용 기계 제조업,2022
00108746,015590,DKME,KOSPI,일반 목적용 기계 제조업,2023
00108746,015590,DKME,KOSPI,일반 목적용 기계 제조업,2024
00140955,014680,한솔케미칼,KOSPI,기초 화학물질 제조업,2018
00140955,014680,한솔케미칼,KOSPI,기초 화학물질 제조업,2019
00140955,014680,한솔케미칼,KOSPI,기초 화학물질 제조업,2020
00140955,014680,한솔케미칼,KOSPI,기초 화학물질 제조업,2021
00140955,014680,한솔케미칼,KOSPI,기초 화학물질 제조업,2022
00140955,014680,한솔케미칼,KOSPI,기초 화학물질 제조업,2023
00140955,014680,한솔케미칼,KOSPI,기초 화학물질 제조업,2024
00148522,010820,퍼스텍,KOSPI,무기 및 총포탄 제조업,2018
00148522,010820,퍼스텍,KOSPI,무기 및 총포탄 제조업,2019
00148522,010820,퍼스텍,KOSPI,무기 및 총포탄 제조업,2020
00148522,010820,퍼스텍,KOSPI,무기 및 총포탄 제조업,2021
00148522,010820,퍼스텍,KOSPI,무기 및 총포탄 제조업,2022
00148522,010820,퍼스텍,KOSPI,무기 및 총포탄 제조업,2023
00148522,010820,퍼스텍,KOSPI,무기 및 총포탄 제조업,2024
00161860,003680,한성기업,KOSPI,수산물 가공 및 저장 처리업,2018
00161860,003680,한성기업,KOSPI,수산물 가공 및 저장 처리업,2019
00161860,003680,한성기업,KOSPI,수산물 가공 및 저장 처리업,2020
00161860,003680,한성기업,KOSPI,수산물 가공 및 저장 처리업,2021
00161860,003680,한성기업,KOSPI,수산물 가공 및 저장 처리업,2022
00161860,003680,한성기업,KOSPI,수산물 가공 및 저장 처리업,2023
00161860,003680,한성기업,KOSPI,수산물 가공 및 저장 처리업,2024
00153524,011280,태림포장,KOSPI,"골판지, 종이 상자 및 종이용기 제조업",2018
00153524,011280,태림포장,KOSPI,"골판지, 종이 상자 및 종이용기 제조업",2019
00153524,011280,태림포장,KOSPI,"골판지, 종이 상자 및 종이용기 제조업",2020
00153524,011280,태림포장,KOSPI,"골판지, 종이 상자 및 종이용기 제조업",2021
00153524,011280,태림포장,KOSPI,"골판지, 종이 상자 및 종이용기 제조업",2022
00153524,011280,태림포장,KOSPI,"골판지, 종이 상자 및 종이용기 제조업",2023
00153524,011280,태림포장,KOSPI,"골판지, 종이 상자 및 종이용기 제조업",2024
00138729,002310,아세아제지,KOSPI,"골판지, 종이 상자 및 종이용기 제조업",2018
00138729,002310,아세아제지,KOSPI,"골판지, 종이 상자 및 종이용기 제조업",2019
00138729,002310,아세아제지,KOSPI,"골판지, 종이 상자 및 종이용기 제조업",2020
00138729,002310,아세아제지,KOSPI,"골판지, 종이 상자 및 종이용기 제조업",2021
00138729,002310,아세아제지,KOSPI,"골판지, 종이 상자 및 종이용기 제조업",2022
00138729,002310,아세아제지,KOSPI,"골판지, 종이 상자 및 종이용기 제조업",2023
00138729,002310,아세아제지,KOSPI,"골판지, 종이 상자 및 종이용기 제조업",2024
00166500,010660,화천기계,KOSPI,특수 목적용 기계 제조업,2018
00166500,010660,화천기계,KOSPI,특수 목적용 기계 제조업,2019
00166500,010660,화천기계,KOSPI,특수 목적용 기계 제조업,2020
00166500,010660,화천기계,KOSPI,특수 목적용 기계 제조업,2021
00166500,010660,화천기계,KOSPI,특수 목적용 기계 제조업,2022
00166500,010660,화천기계,KOSPI,특수 목적용 기계 제조업,2023
00166500,010660,화천기계,KOSPI,특수 목적용 기계 제조업,2024
00129013,011150,CJ씨푸드,KOSPI,기타 식품 제조업,2018
00129013,011150,CJ씨푸드,KOSPI,기타 식품 제조업,2019
00129013,011150,CJ씨푸드,KOSPI,기타 식품 제조업,2020
00129013,011150,CJ씨푸드,KOSPI,기타 식품 제조업,2021
00129013,011150,CJ씨푸드,KOSPI,기타 식품 제조업,2022
00129013,011150,CJ씨푸드,KOSPI,기타 식품 제조업,2023
00129013,011150,CJ씨푸드,KOSPI,기타 식품 제조업,2024
00137809,001770,SHD,KOSPI,1차 철강 제조업,2018
00137809,001770,SHD,KOSPI,1차 철강 제조업,2019
00137809,001770,SHD,KOSPI,1차 철강 제조업,2020
00137809,001770,SHD,KOSPI,1차 철강 제조업,2021
00137809,001770,SHD,KOSPI,1차 철강 제조업,2022
00137809,001770,SHD,KOSPI,1차 철강 제조업,2023
00137809,001770,SHD,KOSPI,1차 철강 제조업,2024
00149239,018470,조일알미늄,KOSPI,1차 비철금속 제조업,2018
00149239,018470,조일알미늄,KOSPI,1차 비철금속 제조업,2019
00149239,018470,조일알미늄,KOSPI,1차 비철금속 제조업,2020
00149239,018470,조일알미늄,KOSPI,1차 비철금속 제조업,2021
00149239,018470,조일알미늄,KOSPI,1차 비철금속 제조업,2022
00149239,018470,조일알미늄,KOSPI,1차 비철금속 제조업,2023
00149239,018470,조일알미늄,KOSPI,1차 비철금속 제조업,2024
00125521,005850,에스엘,KOSPI,자동차 신품 부품 제조업,2018
00125521,005850,에스엘,KOSPI,자동차 신품 부품 제조업,2019
00125521,005850,에스엘,KOSPI,자동차 신품 부품 제조업,2020
00125521,005850,에스엘,KOSPI,자동차 신품 부품 제조업,2021
00125521,005850,에스엘,KOSPI,자동차 신품 부품 제조업,2022
00125521,005850,에스엘,KOSPI,자동차 신품 부품 제조업,2023
00125521,005850,에스엘,KOSPI,자동차 신품 부품 제조업,2024
00172291,012510,더존비즈온,KOSPI,"컴퓨터 프로그래밍, 시스템 통합 및 관리업",2018
00172291,012510,더존비즈온,KOSPI,"컴퓨터 프로그래밍, 시스템 통합 및 관리업",2019
00172291,012510,더존비즈온,KOSPI,"컴퓨터 프로그래밍, 시스템 통합 및 관리업",2020
00172291,012510,더존비즈온,KOSPI,"컴퓨터 프로그래밍, 시스템 통합 및 관리업",2021
00172291,012510,더존비즈온,KOSPI,"컴퓨터 프로그래밍, 시스템 통합 및 관리업",2022
00172291,012510,더존비즈온,KOSPI,"컴퓨터 프로그래밍, 시스템 통합 및 관리업",2023
00172291,012510,더존비즈온,KOSPI,"컴퓨터 프로그래밍, 시스템 통합 및 관리업",2024
00123143,003850,보령,KOSPI,의약품 제조업,2018
00123143,003850,보령,KOSPI,의약품 제조업,2019
00123143,003850,보령,KOSPI,의약품 제조업,2020
00123143,003850,보령,KOSPI,의약품 제조업,2021
00123143,003850,보령,KOSPI,의약품 제조업,2022
00123143,003850,보령,KOSPI,의약품 제조업,2023
00123143,003850,보령,KOSPI,의약품 제조업,2024
00145446,008250,이건산업,KOSPI,나무제품 제조업,2018
00145446,008250,이건산업,KOSPI,나무제품 제조업,2019
00145446,008250,이건산업,KOSPI,나무제품 제조업,2020
00145446,008250,이건산업,KOSPI,나무제품 제조업,2021
00145446,008250,이건산업,KOSPI,나무제품 제조업,2022
00145446,008250,이건산업,KOSPI,나무제품 제조업,2023
00145446,008250,이건산업,KOSPI,나무제품 제조업,2024
00173102,012690,모나리자,KOSPI,기타 종이 및 판지 제품 제조업,2018
00173102,012690,모나리자,KOSPI,기타 종이 및 판지 제품 제조업,2019
00173102,012690,모나리자,KOSPI,기타 종이 및 판지 제품 제조업,2020
00173102,012690,모나리자,KOSPI,기타 종이 및 판지 제품 제조업,2021
00173102,012690,모나리자,KOSPI,기타 종이 및 판지 제품 제조업,2022
00173102,012690,모나리자,KOSPI,기타 종이 및 판지 제품 제조업,2023
00173102,012690,모나리자,KOSPI,기타 종이 및 판지 제품 제조업,2024
00108977,006370,대구백화점,KOSPI,종합 소매업,2018
00108977,006370,대구백화점,KOSPI,종합 소매업,2019
00108977,006370,대구백화점,KOSPI,종합 소매업,2020
00108977,006370,대구백화점,KOSPI,종합 소매업,2021
00108977,006370,대구백화점,KOSPI,종합 소매업,2022
00108977,006370,대구백화점,KOSPI,종합 소매업,2023
00108977,006370,대구백화점,KOSPI,종합 소매업,2024
00142661,006980,우성,KOSPI,"곡물가공품, 전분 및 전분제품 제조업",2018
00142661,006980,우성,KOSPI,"곡물가공품, 전분 및 전분제품 제조업",2019
00142661,006980,우성,KOSPI,"곡물가공품, 전분 및 전분제품 제조업",2020
00142661,006980,우성,KOSPI,"곡물가공품, 전분 및 전분제품 제조업",2021
00142661,006980,우성,KOSPI,"곡물가공품, 전분 및 전분제품 제조업",2022
00142661,006980,우성,KOSPI,"곡물가공품, 전분 및 전분제품 제조업",2023
00142661,006980,우성,KOSPI,"곡물가공품, 전분 및 전분제품 제조업",2024
00174004,002920,유성기업,KOSPI,자동차 신품 부품 제조업,2018
00174004,002920,유성기업,KOSPI,자동차 신품 부품 제조업,2019
00174004,002920,유성기업,KOSPI,자동차 신품 부품 제조업,2020
00174004,002920,유성기업,KOSPI,자동차 신품 부품 제조업,2021
00174004,002920,유성기업,KOSPI,자동차 신품 부품 제조업,2022
00174004,002920,유성기업,KOSPI,자동차 신품 부품 제조업,2023
00174004,002920,유성기업,KOSPI,자동차 신품 부품 제조업,2024
00163196,002220,한일철강,KOSPI,1차 철강 제조업,2018
00163196,002220,한일철강,KOSPI,1차 철강 제조업,2019
00163196,002220,한일철강,KOSPI,1차 철강 제조업,2020
00163196,002220,한일철강,KOSPI,1차 철강 제조업,2021
00163196,002220,한일철강,KOSPI,1차 철강 제조업,2022
00163196,002220,한일철강,KOSPI,1차 철강 제조업,2023
00163196,002220,한일철강,KOSPI,1차 철강 제조업,2024
00127857,002450,삼익악기,KOSPI,악기 제조업,2018
00127857,002450,삼익악기,KOSPI,악기 제조업,2019
00127857,002450,삼익악기,KOSPI,악기 제조업,2020
00127857,002450,삼익악기,KOSPI,악기 제조업,2021
00127857,002450,삼익악기,KOSPI,악기 제조업,2022
00127857,002450,삼익악기,KOSPI,악기 제조업,2023
00127857,002450,삼익악기,KOSPI,악기 제조업,2024
00174527,002460,HS화성,KOSPI,건물 건설업,2018
00174527,002460,HS화성,KOSPI,건물 건설업,2019
00174527,002460,HS화성,KOSPI,건물 건설업,2020
00174527,002460,HS화성,KOSPI,건물 건설업,2021
00174527,002460,HS화성,KOSPI,건물 건설업,2022
00174527,002460,HS화성,KOSPI,건물 건설업,2023
00174527,002460,HS화성,KOSPI,건물 건설업,2024
00116949,007340,DN오토모티브,KOSPI,일차전지 및 이차전지 제조업,2018
00116949,007340,DN오토모티브,KOSPI,일차전지 및 이차전지 제조업,2019
00116949,007340,DN오토모티브,KOSPI,일차전지 및 이차전지 제조업,2020
00116949,007340,DN오토모티브,KOSPI,일차전지 및 이차전지 제조업,2021
00116949,007340,DN오토모티브,KOSPI,일차전지 및 이차전지 제조업,2022
00116949,007340,DN오토모티브,KOSPI,일차전지 및 이차전지 제조업,2023
00116949,007340,DN오토모티브,KOSPI,일차전지 및 이차전지 제조업,2024
00123541,000890,보해양조,KOSPI,알코올음료 제조업,2018
00123541,000890,보해양조,KOSPI,알코올음료 제조업,2019
00123541,000890,보해양조,KOSPI,알코올음료 제조업,2020
00123541,000890,보해양조,KOSPI,알코올음료 제조업,2021
00123541,000890,보해양조,KOSPI,알코올음료 제조업,2022
00123541,000890,보해양조,KOSPI,알코올음료 제조업,2023
00123541,000890,보해양조,KOSPI,알코올음료 제조업,2024
00165343,003010,혜인,KOSPI,기계장비 및 관련 물품 도매업,2018
00165343,003010,혜인,KOSPI,기계장비 및 관련 물품 도매업,2019
00165343,003010,혜인,KOSPI,기계장비 및 관련 물품 도매업,2020
00165343,003010,혜인,KOSPI,기계장비 및 관련 물품 도매업,2021
00165343,003010,혜인,KOSPI,기계장비 및 관련 물품 도매업,2022
00165343,003010,혜인,KOSPI,기계장비 및 관련 물품 도매업,2023
00165343,003010,혜인,KOSPI,기계장비 및 관련 물품 도매업,2024
00105299,014280,금강공업,KOSPI,1차 철강 제조업,2018
00105299,014280,금강공업,KOSPI,1차 철강 제조업,2019
00105299,014280,금강공업,KOSPI,1차 철강 제조업,2020
00105299,014280,금강공업,KOSPI,1차 철강 제조업,2021
00105299,014280,금강공업,KOSPI,1차 철강 제조업,2022
00105299,014280,금강공업,KOSPI,1차 철강 제조업,2023
00105299,014280,금강공업,KOSPI,1차 철강 제조업,2024
00103130,009810,플레이그램,KOSPI,기타 전문 도매업,2018
00103130,009810,플레이그램,KOSPI,기타 전문 도매업,2019
00103130,009810,플레이그램,KOSPI,기타 전문 도매업,2020
00103130,009810,플레이그램,KOSPI,기타 전문 도매업,2021
00103130,009810,플레이그램,KOSPI,기타 전문 도매업,2022
00103130,009810,플레이그램,KOSPI,기타 전문 도매업,2023
00103130,009810,플레이그램,KOSPI,기타 전문 도매업,2024
00145260,008730,율촌화학,KOSPI,플라스틱제품 제조업,2018
00145260,008730,율촌화학,KOSPI,플라스틱제품 제조업,2019
00145260,008730,율촌화학,KOSPI,플라스틱제품 제조업,2020
00145260,008730,율촌화학,KOSPI,플라스틱제품 제조업,2021
00145260,008730,율촌화학,KOSPI,플라스틱제품 제조업,2022
00145260,008730,율촌화학,KOSPI,플라스틱제품 제조업,2023
00145260,008730,율촌화학,KOSPI,플라스틱제품 제조업,2024
00136864,009270,신원,KOSPI,봉제의복 제조업,2018
00136864,009270,신원,KOSPI,봉제의복 제조업,2019
00136864,009270,신원,KOSPI,봉제의복 제조업,2020
00136864,009270,신원,KOSPI,봉제의복 제조업,2021
00136864,009270,신원,KOSPI,봉제의복 제조업,2022
00136864,009270,신원,KOSPI,봉제의복 제조업,2023
00136864,009270,신원,KOSPI,봉제의복 제조업,2024
00115287,004140,동방,KOSPI,기타 운송관련 서비스업,2018
00115287,004140,동방,KOSPI,기타 운송관련 서비스업,2019
00115287,004140,동방,KOSPI,기타 운송관련 서비스업,2020
00115287,004140,동방,KOSPI,기타 운송관련 서비스업,2021
00115287,004140,동방,KOSPI,기타 운송관련 서비스업,2022
00115287,004140,동방,KOSPI,기타 운송관련 서비스업,2023
00115287,004140,동방,KOSPI,기타 운송관련 서비스업,2024
00158149,002960,한국쉘석유,KOSPI,석유 정제품 제조업,2018
00158149,002960,한국쉘석유,KOSPI,석유 정제품 제조업,2019
00158149,002960,한국쉘석유,KOSPI,석유 정제품 제조업,2020
00158149,002960,한국쉘석유,KOSPI,석유 정제품 제조업,2021
00158149,002960,한국쉘석유,KOSPI,석유 정제품 제조업,2022
00158149,002960,한국쉘석유,KOSPI,석유 정제품 제조업,2023
00158149,002960,한국쉘석유,KOSPI,석유 정제품 제조업,2024
00123718,003000,부광약품,KOSPI,의약품 제조업,2018
00123718,003000,부광약품,KOSPI,의약품 제조업,2019
00123718,003000,부광약품,KOSPI,의약품 제조업,2020
00123718,003000,부광약품,KOSPI,의약품 제조업,2021
00123718,003000,부광약품,KOSPI,의약품 제조업,2022
00123718,003000,부광약품,KOSPI,의약품 제조업,2023
00123718,003000,부광약품,KOSPI,의약품 제조업,2024
00102618,012200,계양전기,KOSPI,일반 목적용 기계 제조업,2018
00102618,012200,계양전기,KOSPI,일반 목적용 기계 제조업,2019
00102618,012200,계양전기,KOSPI,일반 목적용 기계 제조업,2020
00102618,012200,계양전기,KOSPI,일반 목적용 기계 제조업,2021
00102618,012200,계양전기,KOSPI,일반 목적용 기계 제조업,2022
00102618,012200,계양전기,KOSPI,일반 목적용 기계 제조업,2023
00102618,012200,계양전기,KOSPI,일반 목적용 기계 제조업,2024
00157399,004710,한솔테크닉스,KOSPI,전자부품 제조업,2018
00157399,004710,한솔테크닉스,KOSPI,전자부품 제조업,2019
00157399,004710,한솔테크닉스,KOSPI,전자부품 제조업,2020
00157399,004710,한솔테크닉스,KOSPI,전자부품 제조업,2021
00157399,004710,한솔테크닉스,KOSPI,전자부품 제조업,2022
00157399,004710,한솔테크닉스,KOSPI,전자부품 제조업,2023
00157399,004710,한솔테크닉스,KOSPI,전자부품 제조업,2024
00128412,005500,삼진제약,KOSPI,의약품 제조업,2018
00128412,005500,삼진제약,KOSPI,의약품 제조업,2019
00128412,005500,삼진제약,KOSPI,의약품 제조업,2020
00128412,005500,삼진제약,KOSPI,의약품 제조업,2021
00128412,005500,삼진제약,KOSPI,의약품 제조업,2022
00128412,005500,삼진제약,KOSPI,의약품 제조업,2023
00128412,005500,삼진제약,KOSPI,의약품 제조업,2024
00155319,005490,POSCO홀딩스,KOSPI,1차 철강 제조업,2018
00155319,005490,POSCO홀딩스,KOSPI,1차 철강 제조업,2019
00155319,005490,POSCO홀딩스,KOSPI,1차 철강 제조업,2020
00155319,005490,POSCO홀딩스,KOSPI,1차 철강 제조업,2021
00155319,005490,POSCO홀딩스,KOSPI,1차 철강 제조업,2022
00155319,005490,POSCO홀딩스,KOSPI,1차 철강 제조업,2023
00155319,005490,POSCO홀딩스,KOSPI,1차 철강 제조업,2024
00122694,002410,범양건영,KOSPI,건물 건설업,2018
00122694,002410,범양건영,KOSPI,건물 건설업,2019
00122694,002410,범양건영,KOSPI,건물 건설업,2020
00122694,002410,범양건영,KOSPI,건물 건설업,2021
00122694,002410,범양건영,KOSPI,건물 건설업,2022
00122694,002410,범양건영,KOSPI,건물 건설업,2023
00122694,002410,범양건영,KOSPI,건물 건설업,2024
00145163,005690,파미셀,KOSPI,전자부품 제조업,2018
00145163,005690,파미셀,KOSPI,전자부품 제조업,2019
00145163,005690,파미셀,KOSPI,전자부품 제조업,2020
00145163,005690,파미셀,KOSPI,전자부품 제조업,2021
00145163,005690,파미셀,KOSPI,전자부품 제조업,2022
00145163,005690,파미셀,KOSPI,전자부품 제조업,2023
00145163,005690,파미셀,KOSPI,전자부품 제조업,2024
00260392,006340,대원전선,KOSPI,절연선 및 케이블 제조업,2018
00260392,006340,대원전선,KOSPI,절연선 및 케이블 제조업,2019
00260392,006340,대원전선,KOSPI,절연선 및 케이블 제조업,2020
00260392,006340,대원전선,KOSPI,절연선 및 케이블 제조업,2021
00260392,006340,대원전선,KOSPI,절연선 및 케이블 제조업,2022
00260392,006340,대원전선,KOSPI,절연선 및 케이블 제조업,2023
00260392,006340,대원전선,KOSPI,절연선 및 케이블 제조업,2024
00145552,005950,이수화학,KOSPI,기초 화학물질 제조업,2018
00145552,005950,이수화학,KOSPI,기초 화학물질 제조업,2019
00145552,005950,이수화학,KOSPI,기초 화학물질 제조업,2020
00145552,005950,이수화학,KOSPI,기초 화학물질 제조업,2021
00145552,005950,이수화학,KOSPI,기초 화학물질 제조업,2022
00145552,005950,이수화학,KOSPI,기초 화학물질 제조업,2023
00145552,005950,이수화학,KOSPI,기초 화학물질 제조업,2024
00127167,002810,삼영무역,KOSPI,기타 전문 도매업,2018
00127167,002810,삼영무역,KOSPI,기타 전문 도매업,2019
00127167,002810,삼영무역,KOSPI,기타 전문 도매업,2020
00127167,002810,삼영무역,KOSPI,기타 전문 도매업,2021
00127167,002810,삼영무역,KOSPI,기타 전문 도매업,2022
00127167,002810,삼영무역,KOSPI,기타 전문 도매업,2023
00127167,002810,삼영무역,KOSPI,기타 전문 도매업,2024
00106368,011780,금호석유화학,KOSPI,기초 화학물질 제조업,2018
00106368,011780,금호석유화학,KOSPI,기초 화학물질 제조업,2019
00106368,011780,금호석유화학,KOSPI,기초 화학물질 제조업,2020
00106368,011780,금호석유화학,KOSPI,기초 화학물질 제조업,2021
00106368,011780,금호석유화학,KOSPI,기초 화학물질 제조업,2022
00106368,011780,금호석유화학,KOSPI,기초 화학물질 제조업,2023
00106368,011780,금호석유화학,KOSPI,기초 화학물질 제조업,2024
00143314,015260,에이엔피,KOSPI,전자부품 제조업,2018
00143314,015260,에이엔피,KOSPI,전자부품 제조업,2019
00143314,015260,에이엔피,KOSPI,전자부품 제조업,2020
00143314,015260,에이엔피,KOSPI,전자부품 제조업,2021
00143314,015260,에이엔피,KOSPI,전자부품 제조업,2022
00143314,015260,에이엔피,KOSPI,전자부품 제조업,2023
00143314,015260,에이엔피,KOSPI,전자부품 제조업,2024
00163761,009460,한창제지,KOSPI,"펄프, 종이 및 판지 제조업",2018
00163761,009460,한창제지,KOSPI,"펄프, 종이 및 판지 제조업",2019
00163761,009460,한창제지,KOSPI,"펄프, 종이 및 판지 제조업",2020
00163761,009460,한창제지,KOSPI,"펄프, 종이 및 판지 제조업",2021
00163761,009460,한창제지,KOSPI,"펄프, 종이 및 판지 제조업",2022
00163761,009460,한창제지,KOSPI,"펄프, 종이 및 판지 제조업",2023
00163761,009460,한창제지,KOSPI,"펄프, 종이 및 판지 제조업",2024
00167192,005720,넥센,KOSPI,고무제품 제조업,2018
00167192,005720,넥센,KOSPI,고무제품 제조업,2019
00167192,005720,넥센,KOSPI,고무제품 제조업,2020
00167192,005720,넥센,KOSPI,고무제품 제조업,2021
00167192,005720,넥센,KOSPI,고무제품 제조업,2022
00167192,005720,넥센,KOSPI,고무제품 제조업,2023
00167192,005720,넥센,KOSPI,고무제품 제조업,2024
00126201,006660,삼성공조,KOSPI,자동차 신품 부품 제조업,2018
00126201,006660,삼성공조,KOSPI,자동차 신품 부품 제조업,2019
00126201,006660,삼성공조,KOSPI,자동차 신품 부품 제조업,2020
00126201,006660,삼성공조,KOSPI,자동차 신품 부품 제조업,2021
00126201,006660,삼성공조,KOSPI,자동차 신품 부품 제조업,2022
00126201,006660,삼성공조,KOSPI,자동차 신품 부품 제조업,2023
00126201,006660,삼성공조,KOSPI,자동차 신품 부품 제조업,2024
00133858,004490,세방전지,KOSPI,일차전지 및 이차전지 제조업,2018
00133858,004490,세방전지,KOSPI,일차전지 및 이차전지 제조업,2019
00133858,004490,세방전지,KOSPI,일차전지 및 이차전지 제조업,2020
00133858,004490,세방전지,KOSPI,일차전지 및 이차전지 제조업,2021
00133858,004490,세방전지,KOSPI,일차전지 및 이차전지 제조업,2022
00133858,004490,세방전지,KOSPI,일차전지 및 이차전지 제조업,2023
00133858,004490,세방전지,KOSPI,일차전지 및 이차전지 제조업,2024
00118521,011000,진원생명과학,KOSPI,의약품 제조업,2018
00118521,011000,진원생명과학,KOSPI,의약품 제조업,2019
00118521,011000,진원생명과학,KOSPI,의약품 제조업,2020
00118521,011000,진원생명과학,KOSPI,의약품 제조업,2021
00118521,011000,진원생명과학,KOSPI,의약품 제조업,2022
00118521,011000,진원생명과학,KOSPI,의약품 제조업,2023
00118521,011000,진원생명과학,KOSPI,의약품 제조업,2024
00153621,009310,참엔지니어링,KOSPI,특수 목적용 기계 제조업,2018
00153621,009310,참엔지니어링,KOSPI,특수 목적용 기계 제조업,2019
00153621,009310,참엔지니어링,KOSPI,특수 목적용 기계 제조업,2020
00153621,009310,참엔지니어링,KOSPI,특수 목적용 기계 제조업,2021
00153621,009310,참엔지니어링,KOSPI,특수 목적용 기계 제조업,2022
00153621,009310,참엔지니어링,KOSPI,특수 목적용 기계 제조업,2023
00153621,009310,참엔지니어링,KOSPI,특수 목적용 기계 제조업,2024
00160418,010100,한국무브넥스,KOSPI,자동차 신품 부품 제조업,2018
00160418,010100,한국무브넥스,KOSPI,자동차 신품 부품 제조업,2019
00160418,010100,한국무브넥스,KOSPI,자동차 신품 부품 제조업,2020
00160418,010100,한국무브넥스,KOSPI,자동차 신품 부품 제조업,2021
00160418,010100,한국무브넥스,KOSPI,자동차 신품 부품 제조업,2022
00160418,010100,한국무브넥스,KOSPI,자동차 신품 부품 제조업,2023
00160418,010100,한국무브넥스,KOSPI,자동차 신품 부품 제조업,2024
00129989,005070,코스모신소재,KOSPI,기타 화학제품 제조업,2018
00129989,005070,코스모신소재,KOSPI,기타 화학제품 제조업,2019
00129989,005070,코스모신소재,KOSPI,기타 화학제품 제조업,2020
00129989,005070,코스모신소재,KOSPI,기타 화학제품 제조업,2021
00129989,005070,코스모신소재,KOSPI,기타 화학제품 제조업,2022
00129989,005070,코스모신소재,KOSPI,기타 화학제품 제조업,2023
00129989,005070,코스모신소재,KOSPI,기타 화학제품 제조업,2024
00114093,004830,덕성,KOSPI,플라스틱제품 제조업,2018
00114093,004830,덕성,KOSPI,플라스틱제품 제조업,2019
00114093,004830,덕성,KOSPI,플라스틱제품 제조업,2020
00114093,004830,덕성,KOSPI,플라스틱제품 제조업,2021
00114093,004830,덕성,KOSPI,플라스틱제품 제조업,2022
00114093,004830,덕성,KOSPI,플라스틱제품 제조업,2023
00114093,004830,덕성,KOSPI,플라스틱제품 제조업,2024
00162072,011700,한신기계공업,KOSPI,일반 목적용 기계 제조업,2018
00162072,011700,한신기계공업,KOSPI,일반 목적용 기계 제조업,2019
00162072,011700,한신기계공업,KOSPI,일반 목적용 기계 제조업,2020
00162072,011700,한신기계공업,KOSPI,일반 목적용 기계 제조업,2021
00162072,011700,한신기계공업,KOSPI,일반 목적용 기계 제조업,2022
00162072,011700,한신기계공업,KOSPI,일반 목적용 기계 제조업,2023
00162072,011700,한신기계공업,KOSPI,일반 목적용 기계 제조업,2024
00160302,005420,코스모화학,KOSPI,기타 화학제품 제조업,2018
00160302,005420,코스모화학,KOSPI,기타 화학제품 제조업,2019
00160302,005420,코스모화학,KOSPI,기타 화학제품 제조업,2020
00160302,005420,코스모화학,KOSPI,기타 화학제품 제조업,2021
00160302,005420,코스모화학,KOSPI,기타 화학제품 제조업,2022
00160302,005420,코스모화학,KOSPI,기타 화학제품 제조업,2023
00160302,005420,코스모화학,KOSPI,기타 화학제품 제조업,2024
00104768,000500,가온전선,KOSPI,절연선 및 케이블 제조업,2018
00104768,000500,가온전선,KOSPI,절연선 및 케이블 제조업,2019
00104768,000500,가온전선,KOSPI,절연선 및 케이블 제조업,2020
00104768,000500,가온전선,KOSPI,절연선 및 케이블 제조업,2021
00104768,000500,가온전선,KOSPI,절연선 및 케이블 제조업,2022
00104768,000500,가온전선,KOSPI,절연선 및 케이블 제조업,2023
00104768,000500,가온전선,KOSPI,절연선 및 케이블 제조업,2024
00138279,010950,S-Oil,KOSPI,석유 정제품 제조업,2018
00138279,010950,S-Oil,KOSPI,석유 정제품 제조업,2019
00138279,010950,S-Oil,KOSPI,석유 정제품 제조업,2020
00138279,010950,S-Oil,KOSPI,석유 정제품 제조업,2021
00138279,010950,S-Oil,KOSPI,석유 정제품 제조업,2022
00138279,010950,S-Oil,KOSPI,석유 정제품 제조업,2023
00138279,010950,S-Oil,KOSPI,석유 정제품 제조업,2024
00126566,012450,한화에어로스페이스,KOSPI,"항공기,우주선 및 부품 제조업",2018
00126566,012450,한화에어로스페이스,KOSPI,"항공기,우주선 및 부품 제조업",2019
00126566,012450,한화에어로스페이스,KOSPI,"항공기,우주선 및 부품 제조업",2020
00126566,012450,한화에어로스페이스,KOSPI,"항공기,우주선 및 부품 제조업",2021
00126566,012450,한화에어로스페이스,KOSPI,"항공기,우주선 및 부품 제조업",2022
00126566,012450,한화에어로스페이스,KOSPI,"항공기,우주선 및 부품 제조업",2023
00126566,012450,한화에어로스페이스,KOSPI,"항공기,우주선 및 부품 제조업",2024
00129280,011230,삼화전자공업,KOSPI,영상 및 음향기기 제조업,2018
00129280,011230,삼화전자공업,KOSPI,영상 및 음향기기 제조업,2019
00129280,011230,삼화전자공업,KOSPI,영상 및 음향기기 제조업,2020
00129280,011230,삼화전자공업,KOSPI,영상 및 음향기기 제조업,2021
00129280,011230,삼화전자공업,KOSPI,영상 및 음향기기 제조업,2022
00129280,011230,삼화전자공업,KOSPI,영상 및 음향기기 제조업,2023
00129280,011230,삼화전자공업,KOSPI,영상 및 음향기기 제조업,2024
00145880,004020,현대제철,KOSPI,1차 철강 제조업,2018
00145880,004020,현대제철,KOSPI,1차 철강 제조업,2019
00145880,004020,현대제철,KOSPI,1차 철강 제조업,2020
00145880,004020,현대제철,KOSPI,1차 철강 제조업,2021
00145880,004020,현대제철,KOSPI,1차 철강 제조업,2022
00145880,004020,현대제철,KOSPI,1차 철강 제조업,2023
00145880,004020,현대제철,KOSPI,1차 철강 제조업,2024
00138057,004770,써니전자,KOSPI,전자부품 제조업,2018
00138057,004770,써니전자,KOSPI,전자부품 제조업,2019
00138057,004770,써니전자,KOSPI,전자부품 제조업,2020
00138057,004770,써니전자,KOSPI,전자부품 제조업,2021
00138057,004770,써니전자,KOSPI,전자부품 제조업,2022
00138057,004770,써니전자,KOSPI,전자부품 제조업,2023
00138057,004770,써니전자,KOSPI,전자부품 제조업,2024
00125743,004560,현대비앤지스틸,KOSPI,1차 철강 제조업,2018
00125743,004560,현대비앤지스틸,KOSPI,1차 철강 제조업,2019
00125743,004560,현대비앤지스틸,KOSPI,1차 철강 제조업,2020
00125743,004560,현대비앤지스틸,KOSPI,1차 철강 제조업,2021
00125743,004560,현대비앤지스틸,KOSPI,1차 철강 제조업,2022
00125743,004560,현대비앤지스틸,KOSPI,1차 철강 제조업,2023
00125743,004560,현대비앤지스틸,KOSPI,1차 철강 제조업,2024
00141875,006090,사조오양,KOSPI,수산물 가공 및 저장 처리업,2018
00141875,006090,사조오양,KOSPI,수산물 가공 및 저장 처리업,2019
00141875,006090,사조오양,KOSPI,수산물 가공 및 저장 처리업,2020
00141875,006090,사조오양,KOSPI,수산물 가공 및 저장 처리업,2021
00141875,006090,사조오양,KOSPI,수산물 가공 및 저장 처리업,2022
00141875,006090,사조오양,KOSPI,수산물 가공 및 저장 처리업,2023
00141875,006090,사조오양,KOSPI,수산물 가공 및 저장 처리업,2024
00129271,009470,삼화전기,KOSPI,전자부품 제조업,2018
00129271,009470,삼화전기,KOSPI,전자부품 제조업,2019
00129271,009470,삼화전기,KOSPI,전자부품 제조업,2020
00129271,009470,삼화전기,KOSPI,전자부품 제조업,2021
00129271,009470,삼화전기,KOSPI,전자부품 제조업,2022
00129271,009470,삼화전기,KOSPI,전자부품 제조업,2023
00129271,009470,삼화전기,KOSPI,전자부품 제조업,2024
00155124,010770,평화홀딩스,KOSPI,자동차 신품 부품 제조업,2018
00155124,010770,평화홀딩스,KOSPI,자동차 신품 부품 제조업,2019
00155124,010770,평화홀딩스,KOSPI,자동차 신품 부품 제조업,2020
00155124,010770,평화홀딩스,KOSPI,자동차 신품 부품 제조업,2021
00155124,010770,평화홀딩스,KOSPI,자동차 신품 부품 제조업,2022
00155124,010770,평화홀딩스,KOSPI,자동차 신품 부품 제조업,2023
00155124,010770,평화홀딩스,KOSPI,자동차 신품 부품 제조업,2024
00146296,007110,일신석재,KOSPI,"건축자재, 철물 및 난방장치 도매업",2018
00146296,007110,일신석재,KOSPI,"건축자재, 철물 및 난방장치 도매업",2019
00146296,007110,일신석재,KOSPI,"건축자재, 철물 및 난방장치 도매업",2020
00146296,007110,일신석재,KOSPI,"건축자재, 철물 및 난방장치 도매업",2021
00146296,007110,일신석재,KOSPI,"건축자재, 철물 및 난방장치 도매업",2022
00146296,007110,일신석재,KOSPI,"건축자재, 철물 및 난방장치 도매업",2023
00146296,007110,일신석재,KOSPI,"건축자재, 철물 및 난방장치 도매업",2024
00115676,016380,KG스틸,KOSPI,1차 철강 제조업,2018
00115676,016380,KG스틸,KOSPI,1차 철강 제조업,2019
00115676,016380,KG스틸,KOSPI,1차 철강 제조업,2020
00115676,016380,KG스틸,KOSPI,1차 철강 제조업,2021
00115676,016380,KG스틸,KOSPI,1차 철강 제조업,2022
00115676,016380,KG스틸,KOSPI,1차 철강 제조업,2023
00115676,016380,KG스틸,KOSPI,1차 철강 제조업,2024
00115977,010780,아이에스동서,KOSPI,"시멘트, 석회, 플라스터 및 그 제품 제조업",2018
00115977,010780,아이에스동서,KOSPI,"시멘트, 석회, 플라스터 및 그 제품 제조업",2019
00115977,010780,아이에스동서,KOSPI,"시멘트, 석회, 플라스터 및 그 제품 제조업",2020
00115977,010780,아이에스동서,KOSPI,"시멘트, 석회, 플라스터 및 그 제품 제조업",2021
00115977,010780,아이에스동서,KOSPI,"시멘트, 석회, 플라스터 및 그 제품 제조업",2022
00115977,010780,아이에스동서,KOSPI,"시멘트, 석회, 플라스터 및 그 제품 제조업",2023
00115977,010780,아이에스동서,KOSPI,"시멘트, 석회, 플라스터 및 그 제품 제조업",2024
00136457,002360,SH에너지화학,KOSPI,기초 화학물질 제조업,2018
00136457,002360,SH에너지화학,KOSPI,기초 화학물질 제조업,2019
00136457,002360,SH에너지화학,KOSPI,기초 화학물질 제조업,2020
00136457,002360,SH에너지화학,KOSPI,기초 화학물질 제조업,2021
00136457,002360,SH에너지화학,KOSPI,기초 화학물질 제조업,2022
00136457,002360,SH에너지화학,KOSPI,기초 화학물질 제조업,2023
00136457,002360,SH에너지화학,KOSPI,기초 화학물질 제조업,2024
00113544,003830,대한화섬,KOSPI,화학섬유 제조업,2018
00113544,003830,대한화섬,KOSPI,화학섬유 제조업,2019
00113544,003830,대한화섬,KOSPI,화학섬유 제조업,2020
00113544,003830,대한화섬,KOSPI,화학섬유 제조업,2021
00113544,003830,대한화섬,KOSPI,화학섬유 제조업,2022
00113544,003830,대한화섬,KOSPI,화학섬유 제조업,2023
00113544,003830,대한화섬,KOSPI,화학섬유 제조업,2024
00152686,007810,코리아써키트,KOSPI,전자부품 제조업,2018
00152686,007810,코리아써키트,KOSPI,전자부품 제조업,2019
00152686,007810,코리아써키트,KOSPI,전자부품 제조업,2020
00152686,007810,코리아써키트,KOSPI,전자부품 제조업,2021
00152686,007810,코리아써키트,KOSPI,전자부품 제조업,2022
00152686,007810,코리아써키트,KOSPI,전자부품 제조업,2023
00152686,007810,코리아써키트,KOSPI,전자부품 제조업,2024
00136378,004170,신세계,KOSPI,종합 소매업,2018
00136378,004170,신세계,KOSPI,종합 소매업,2019
00136378,004170,신세계,KOSPI,종합 소매업,2020
00136378,004170,신세계,KOSPI,종합 소매업,2021
00136378,004170,신세계,KOSPI,종합 소매업,2022
00136378,004170,신세계,KOSPI,종합 소매업,2023
00136378,004170,신세계,KOSPI,종합 소매업,2024
00128032,000520,삼일제약,KOSPI,의약품 제조업,2018
00128032,000520,삼일제약,KOSPI,의약품 제조업,2019
00128032,000520,삼일제약,KOSPI,의약품 제조업,2020
00128032,000520,삼일제약,KOSPI,의약품 제조업,2021
00128032,000520,삼일제약,KOSPI,의약품 제조업,2022
00128032,000520,삼일제약,KOSPI,의약품 제조업,2023
00128032,000520,삼일제약,KOSPI,의약품 제조업,2024
00122825,006490,인스코비,KOSPI,전기 통신업,2018
00122825,006490,인스코비,KOSPI,전기 통신업,2019
00122825,006490,인스코비,KOSPI,전기 통신업,2020
00122825,006490,인스코비,KOSPI,전기 통신업,2021
00122825,006490,인스코비,KOSPI,전기 통신업,2022
00122825,006490,인스코비,KOSPI,전기 통신업,2023
00122825,006490,인스코비,KOSPI,전기 통신업,2024
00146214,003120,일성아이에스,KOSPI,의약품 제조업,2018
00146214,003120,일성아이에스,KOSPI,의약품 제조업,2019
00146214,003120,일성아이에스,KOSPI,의약품 제조업,2020
00146214,003120,일성아이에스,KOSPI,의약품 제조업,2021
00146214,003120,일성아이에스,KOSPI,의약품 제조업,2022
00146214,003120,일성아이에스,KOSPI,의약품 제조업,2023
00146214,003120,일성아이에스,KOSPI,의약품 제조업,2024
00164478,000720,현대건설,KOSPI,토목 건설업,2018
00164478,000720,현대건설,KOSPI,토목 건설업,2019
00164478,000720,현대건설,KOSPI,토목 건설업,2020
00164478,000720,현대건설,KOSPI,토목 건설업,2021
00164478,000720,현대건설,KOSPI,토목 건설업,2022
00164478,000720,현대건설,KOSPI,토목 건설업,2023
00164478,000720,현대건설,KOSPI,토목 건설업,2024
00117300,002710,TCC스틸,KOSPI,1차 철강 제조업,2018
00117300,002710,TCC스틸,KOSPI,1차 철강 제조업,2019
00117300,002710,TCC스틸,KOSPI,1차 철강 제조업,2020
00117300,002710,TCC스틸,KOSPI,1차 철강 제조업,2021
00117300,002710,TCC스틸,KOSPI,1차 철강 제조업,2022
00117300,002710,TCC스틸,KOSPI,1차 철강 제조업,2023
00117300,002710,TCC스틸,KOSPI,1차 철강 제조업,2024
00101044,003060,에이프로젠바이오로직스,KOSPI,의약품 제조업,2018
00101044,003060,에이프로젠바이오로직스,KOSPI,의약품 제조업,2019
00101044,003060,에이프로젠바이오로직스,KOSPI,의약품 제조업,2020
00101044,003060,에이프로젠바이오로직스,KOSPI,의약품 제조업,2021
00101044,003060,에이프로젠바이오로직스,KOSPI,의약품 제조업,2022
00101044,003060,에이프로젠바이오로직스,KOSPI,의약품 제조업,2023
00101044,003060,에이프로젠바이오로직스,KOSPI,의약품 제조업,2024
00138516,008700,아남전자,KOSPI,영상 및 음향기기 제조업,2018
00138516,008700,아남전자,KOSPI,영상 및 음향기기 제조업,2019
00138516,008700,아남전자,KOSPI,영상 및 음향기기 제조업,2020
00138516,008700,아남전자,KOSPI,영상 및 음향기기 제조업,2021
00138516,008700,아남전자,KOSPI,영상 및 음향기기 제조업,2022
00138516,008700,아남전자,KOSPI,영상 및 음향기기 제조업,2023
00138516,008700,아남전자,KOSPI,영상 및 음향기기 제조업,2024
00120030,006360,GS건설,KOSPI,건물 건설업,2018
00120030,006360,GS건설,KOSPI,건물 건설업,2019
00120030,006360,GS건설,KOSPI,건물 건설업,2020
00120030,006360,GS건설,KOSPI,건물 건설업,2021
00120030,006360,GS건설,KOSPI,건물 건설업,2022
00120030,006360,GS건설,KOSPI,건물 건설업,2023
00120030,006360,GS건설,KOSPI,건물 건설업,2024
00126779,006110,삼아알미늄,KOSPI,1차 비철금속 제조업,2018
00126779,006110,삼아알미늄,KOSPI,1차 비철금속 제조업,2019
00126779,006110,삼아알미늄,KOSPI,1차 비철금속 제조업,2020
00126779,006110,삼아알미늄,KOSPI,1차 비철금속 제조업,2021
00126779,006110,삼아알미늄,KOSPI,1차 비철금속 제조업,2022
00126779,006110,삼아알미늄,KOSPI,1차 비철금속 제조업,2023
00126779,006110,삼아알미늄,KOSPI,1차 비철금속 제조업,2024
00126362,006400,삼성SDI,KOSPI,일차전지 및 이차전지 제조업,2018
00126362,006400,삼성SDI,KOSPI,일차전지 및 이차전지 제조업,2019
00126362,006400,삼성SDI,KOSPI,일차전지 및 이차전지 제조업,2020
00126362,006400,삼성SDI,KOSPI,일차전지 및 이차전지 제조업,2021
00126362,006400,삼성SDI,KOSPI,일차전지 및 이차전지 제조업,2022
00126362,006400,삼성SDI,KOSPI,일차전지 및 이차전지 제조업,2023
00126362,006400,삼성SDI,KOSPI,일차전지 및 이차전지 제조업,2024
00126371,009150,삼성전기,KOSPI,전자부품 제조업,2018
00126371,009150,삼성전기,KOSPI,전자부품 제조업,2019
00126371,009150,삼성전기,KOSPI,전자부품 제조업,2020
00126371,009150,삼성전기,KOSPI,전자부품 제조업,2021
00126371,009150,삼성전기,KOSPI,전자부품 제조업,2022
00126371,009150,삼성전기,KOSPI,전자부품 제조업,2023
00126371,009150,삼성전기,KOSPI,전자부품 제조업,2024
00115612,005960,동부건설,KOSPI,토목 건설업,2018
00115612,005960,동부건설,KOSPI,토목 건설업,2019
00115612,005960,동부건설,KOSPI,토목 건설업,2020
00115612,005960,동부건설,KOSPI,토목 건설업,2021
00115612,005960,동부건설,KOSPI,토목 건설업,2022
00115612,005960,동부건설,KOSPI,토목 건설업,2023
00115612,005960,동부건설,KOSPI,토목 건설업,2024
00103042,009070,케이씨티시,KOSPI,도로 화물 운송업,2018
00103042,009070,케이씨티시,KOSPI,도로 화물 운송업,2019
00103042,009070,케이씨티시,KOSPI,도로 화물 운송업,2020
00103042,009070,케이씨티시,KOSPI,도로 화물 운송업,2021
00103042,009070,케이씨티시,KOSPI,도로 화물 운송업,2022
00103042,009070,케이씨티시,KOSPI,도로 화물 운송업,2023
00103042,009070,케이씨티시,KOSPI,도로 화물 운송업,2024
00152880,003070,코오롱글로벌,KOSPI,토목 건설업,2018
00152880,003070,코오롱글로벌,KOSPI,토목 건설업,2019
00152880,003070,코오롱글로벌,KOSPI,토목 건설업,2020
00152880,003070,코오롱글로벌,KOSPI,토목 건설업,2021
00152880,003070,코오롱글로벌,KOSPI,토목 건설업,2022
00152880,003070,코오롱글로벌,KOSPI,토목 건설업,2023
00152880,003070,코오롱글로벌,KOSPI,토목 건설업,2024
00124726,005180,빙그레,KOSPI,동·식물성 유지 및 낙농제품 제조업,2018
00124726,005180,빙그레,KOSPI,동·식물성 유지 및 낙농제품 제조업,2019
00124726,005180,빙그레,KOSPI,동·식물성 유지 및 낙농제품 제조업,2020
00124726,005180,빙그레,KOSPI,동·식물성 유지 및 낙농제품 제조업,2021
00124726,005180,빙그레,KOSPI,동·식물성 유지 및 낙농제품 제조업,2022
00124726,005180,빙그레,KOSPI,동·식물성 유지 및 낙농제품 제조업,2023
00124726,005180,빙그레,KOSPI,동·식물성 유지 및 낙농제품 제조업,2024
00148984,000480,시알홀딩스,KOSPI,"내화, 비내화 요업제품 제조업",2018
00148984,000480,시알홀딩스,KOSPI,"내화, 비내화 요업제품 제조업",2019
00148984,000480,시알홀딩스,KOSPI,"내화, 비내화 요업제품 제조업",2020
00148984,000480,시알홀딩스,KOSPI,"내화, 비내화 요업제품 제조업",2021
00148984,000480,시알홀딩스,KOSPI,"내화, 비내화 요업제품 제조업",2022
00148984,000480,시알홀딩스,KOSPI,"내화, 비내화 요업제품 제조업",2023
00148984,000480,시알홀딩스,KOSPI,"내화, 비내화 요업제품 제조업",2024
00164706,004310,현대약품,KOSPI,의약품 제조업,2018
00164706,004310,현대약품,KOSPI,의약품 제조업,2019
00164706,004310,현대약품,KOSPI,의약품 제조업,2020
00164706,004310,현대약품,KOSPI,의약품 제조업,2021
00164706,004310,현대약품,KOSPI,의약품 제조업,2022
00164706,004310,현대약품,KOSPI,의약품 제조업,2023
00164706,004310,현대약품,KOSPI,의약품 제조업,2024
00107598,003920,남양유업,KOSPI,동·식물성 유지 및 낙농제품 제조업,2018
00107598,003920,남양유업,KOSPI,동·식물성 유지 및 낙농제품 제조업,2019
00107598,003920,남양유업,KOSPI,동·식물성 유지 및 낙농제품 제조업,2020
00107598,003920,남양유업,KOSPI,동·식물성 유지 및 낙농제품 제조업,2021
00107598,003920,남양유업,KOSPI,동·식물성 유지 및 낙농제품 제조업,2022
00107598,003920,남양유업,KOSPI,동·식물성 유지 및 낙농제품 제조업,2023
00107598,003920,남양유업,KOSPI,동·식물성 유지 및 낙농제품 제조업,2024
00107224,008350,남선알미늄,KOSPI,1차 비철금속 제조업,2018
00107224,008350,남선알미늄,KOSPI,1차 비철금속 제조업,2019
00107224,008350,남선알미늄,KOSPI,1차 비철금속 제조업,2020
00107224,008350,남선알미늄,KOSPI,1차 비철금속 제조업,2021
00107224,008350,남선알미늄,KOSPI,1차 비철금속 제조업,2022
00107224,008350,남선알미늄,KOSPI,1차 비철금속 제조업,2023
00107224,008350,남선알미늄,KOSPI,1차 비철금속 제조업,2024
00160621,003350,한국화장품제조,KOSPI,기타 화학제품 제조업,2018
00160621,003350,한국화장품제조,KOSPI,기타 화학제품 제조업,2019
00160621,003350,한국화장품제조,KOSPI,기타 화학제품 제조업,2020
00160621,003350,한국화장품제조,KOSPI,기타 화학제품 제조업,2021
00160621,003350,한국화장품제조,KOSPI,기타 화학제품 제조업,2022
00160621,003350,한국화장품제조,KOSPI,기타 화학제품 제조업,2023
00160621,003350,한국화장품제조,KOSPI,기타 화학제품 제조업,2024
00164812,011760,현대코퍼레이션,KOSPI,상품 종합 도매업,2018
00164812,011760,현대코퍼레이션,KOSPI,상품 종합 도매업,2019
00164812,011760,현대코퍼레이션,KOSPI,상품 종합 도매업,2020
00164812,011760,현대코퍼레이션,KOSPI,상품 종합 도매업,2021
00164812,011760,현대코퍼레이션,KOSPI,상품 종합 도매업,2022
00164812,011760,현대코퍼레이션,KOSPI,상품 종합 도매업,2023
00164812,011760,현대코퍼레이션,KOSPI,상품 종합 도매업,2024
00131780,001740,SK네트웍스,KOSPI,기타 전문 도매업,2018
00131780,001740,SK네트웍스,KOSPI,기타 전문 도매업,2019
00131780,001740,SK네트웍스,KOSPI,기타 전문 도매업,2020
00131780,001740,SK네트웍스,KOSPI,기타 전문 도매업,2021
00131780,001740,SK네트웍스,KOSPI,기타 전문 도매업,2022
00131780,001740,SK네트웍스,KOSPI,기타 전문 도매업,2023
00131780,001740,SK네트웍스,KOSPI,기타 전문 도매업,2024
00101433,002100,경농,KOSPI,"비료, 농약 및 살균, 살충제 제조업",2018
00101433,002100,경농,KOSPI,"비료, 농약 및 살균, 살충제 제조업",2019
00101433,002100,경농,KOSPI,"비료, 농약 및 살균, 살충제 제조업",2020
00101433,002100,경농,KOSPI,"비료, 농약 및 살균, 살충제 제조업",2021
00101433,002100,경농,KOSPI,"비료, 농약 및 살균, 살충제 제조업",2022
00101433,002100,경농,KOSPI,"비료, 농약 및 살균, 살충제 제조업",2023
00101433,002100,경농,KOSPI,"비료, 농약 및 살균, 살충제 제조업",2024
00109514,004870,티웨이홀딩스,KOSPI,"시멘트, 석회, 플라스터 및 그 제품 제조업",2018
00109514,004870,티웨이홀딩스,KOSPI,"시멘트, 석회, 플라스터 및 그 제품 제조업",2019
00109514,004870,티웨이홀딩스,KOSPI,"시멘트, 석회, 플라스터 및 그 제품 제조업",2020
00109514,004870,티웨이홀딩스,KOSPI,"시멘트, 석회, 플라스터 및 그 제품 제조업",2021
00109514,004870,티웨이홀딩스,KOSPI,"시멘트, 석회, 플라스터 및 그 제품 제조업",2022
00109514,004870,티웨이홀딩스,KOSPI,"시멘트, 석회, 플라스터 및 그 제품 제조업",2023
00109514,004870,티웨이홀딩스,KOSPI,"시멘트, 석회, 플라스터 및 그 제품 제조업",2024
00115384,007590,동방아그로,KOSPI,"비료, 농약 및 살균, 살충제 제조업",2018
00115384,007590,동방아그로,KOSPI,"비료, 농약 및 살균, 살충제 제조업",2019
00115384,007590,동방아그로,KOSPI,"비료, 농약 및 살균, 살충제 제조업",2020
00115384,007590,동방아그로,KOSPI,"비료, 농약 및 살균, 살충제 제조업",2021
00115384,007590,동방아그로,KOSPI,"비료, 농약 및 살균, 살충제 제조업",2022
00115384,007590,동방아그로,KOSPI,"비료, 농약 및 살균, 살충제 제조업",2023
00115384,007590,동방아그로,KOSPI,"비료, 농약 및 살균, 살충제 제조업",2024
00134963,004430,송원산업,KOSPI,기타 화학제품 제조업,2018
00134963,004430,송원산업,KOSPI,기타 화학제품 제조업,2019
00134963,004430,송원산업,KOSPI,기타 화학제품 제조업,2020
00134963,004430,송원산업,KOSPI,기타 화학제품 제조업,2021
00134963,004430,송원산업,KOSPI,기타 화학제품 제조업,2022
00134963,004430,송원산업,KOSPI,기타 화학제품 제조업,2023
00134963,004430,송원산업,KOSPI,기타 화학제품 제조업,2024
00150828,002780,진흥기업,KOSPI,토목 건설업,2018
00150828,002780,진흥기업,KOSPI,토목 건설업,2019
00150828,002780,진흥기업,KOSPI,토목 건설업,2020
00150828,002780,진흥기업,KOSPI,토목 건설업,2021
00150828,002780,진흥기업,KOSPI,토목 건설업,2022
00150828,002780,진흥기업,KOSPI,토목 건설업,2023
00150828,002780,진흥기업,KOSPI,토목 건설업,2024
00157991,004090,한국석유공업,KOSPI,기타 비금속 광물제품 제조업,2018
00157991,004090,한국석유공업,KOSPI,기타 비금속 광물제품 제조업,2019
00157991,004090,한국석유공업,KOSPI,기타 비금속 광물제품 제조업,2020
00157991,004090,한국석유공업,KOSPI,기타 비금속 광물제품 제조업,2021
00157991,004090,한국석유공업,KOSPI,기타 비금속 광물제품 제조업,2022
00157991,004090,한국석유공업,KOSPI,기타 비금속 광물제품 제조업,2023
00157991,004090,한국석유공업,KOSPI,기타 비금속 광물제품 제조업,2024
00151395,000650,천일고속,KOSPI,육상 여객 운송업,2018
00151395,000650,천일고속,KOSPI,육상 여객 운송업,2019
00151395,000650,천일고속,KOSPI,육상 여객 운송업,2020
00151395,000650,천일고속,KOSPI,육상 여객 운송업,2021
00151395,000650,천일고속,KOSPI,육상 여객 운송업,2022
00151395,000650,천일고속,KOSPI,육상 여객 운송업,2023
00151395,000650,천일고속,KOSPI,육상 여객 운송업,2024
00111847,000430,대원강업,KOSPI,자동차 신품 부품 제조업,2018
00111847,000430,대원강업,KOSPI,자동차 신품 부품 제조업,2019
00111847,000430,대원강업,KOSPI,자동차 신품 부품 제조업,2020
00111847,000430,대원강업,KOSPI,자동차 신품 부품 제조업,2021
00111847,000430,대원강업,KOSPI,자동차 신품 부품 제조업,2022
00111847,000430,대원강업,KOSPI,자동차 신품 부품 제조업,2023
00111847,000430,대원강업,KOSPI,자동차 신품 부품 제조업,2024
00120872,001080,만호제강,KOSPI,1차 철강 제조업,2018
00120872,001080,만호제강,KOSPI,1차 철강 제조업,2019
00120872,001080,만호제강,KOSPI,1차 철강 제조업,2020
00120872,001080,만호제강,KOSPI,1차 철강 제조업,2021
00120872,001080,만호제강,KOSPI,1차 철강 제조업,2022
00120872,001080,만호제강,KOSPI,1차 철강 제조업,2023
00120872,001080,만호제강,KOSPI,1차 철강 제조업,2024
00148939,004700,조광피혁,KOSPI,"가죽, 가방 및 유사제품 제조업",2018
00148939,004700,조광피혁,KOSPI,"가죽, 가방 및 유사제품 제조업",2019
00148939,004700,조광피혁,KOSPI,"가죽, 가방 및 유사제품 제조업",2020
00148939,004700,조광피혁,KOSPI,"가죽, 가방 및 유사제품 제조업",2021
00148939,004700,조광피혁,KOSPI,"가죽, 가방 및 유사제품 제조업",2022
00148939,004700,조광피혁,KOSPI,"가죽, 가방 및 유사제품 제조업",2023
00148939,004700,조광피혁,KOSPI,"가죽, 가방 및 유사제품 제조업",2024
00133812,004360,세방,KOSPI,도로 화물 운송업,2018
00133812,004360,세방,KOSPI,도로 화물 운송업,2019
00133812,004360,세방,KOSPI,도로 화물 운송업,2020
00133812,004360,세방,KOSPI,도로 화물 운송업,2021
00133812,004360,세방,KOSPI,도로 화물 운송업,2022
00133812,004360,세방,KOSPI,도로 화물 운송업,2023
00133812,004360,세방,KOSPI,도로 화물 운송업,2024
00117629,008970,KBI동양철관,KOSPI,1차 철강 제조업,2018
00117629,008970,KBI동양철관,KOSPI,1차 철강 제조업,2019
00117629,008970,KBI동양철관,KOSPI,1차 철강 제조업,2020
00117629,008970,KBI동양철관,KOSPI,1차 철강 제조업,2021
00117629,008970,KBI동양철관,KOSPI,1차 철강 제조업,2022
00117629,008970,KBI동양철관,KOSPI,1차 철강 제조업,2023
00117629,008970,KBI동양철관,KOSPI,1차 철강 제조업,2024
00149804,002880,디와이에이,KOSPI,자동차 신품 부품 제조업,2018
00149804,002880,디와이에이,KOSPI,자동차 신품 부품 제조업,2019
00149804,002880,디와이에이,KOSPI,자동차 신품 부품 제조업,2020
00149804,002880,디와이에이,KOSPI,자동차 신품 부품 제조업,2021
00149804,002880,디와이에이,KOSPI,자동차 신품 부품 제조업,2022
00149804,002880,디와이에이,KOSPI,자동차 신품 부품 제조업,2023
00149804,002880,디와이에이,KOSPI,자동차 신품 부품 제조업,2024
00107066,001260,남광토건,KOSPI,토목 건설업,2018
00107066,001260,남광토건,KOSPI,토목 건설업,2019
00107066,001260,남광토건,KOSPI,토목 건설업,2020
00107066,001260,남광토건,KOSPI,토목 건설업,2021
00107066,001260,남광토건,KOSPI,토목 건설업,2022
00107066,001260,남광토건,KOSPI,토목 건설업,2023
00107066,001260,남광토건,KOSPI,토목 건설업,2024
00127200,005680,삼영전자공업,KOSPI,전자부품 제조업,2018
00127200,005680,삼영전자공업,KOSPI,전자부품 제조업,2019
00127200,005680,삼영전자공업,KOSPI,전자부품 제조업,2020
00127200,005680,삼영전자공업,KOSPI,전자부품 제조업,2021
00127200,005680,삼영전자공업,KOSPI,전자부품 제조업,2022
00127200,005680,삼영전자공업,KOSPI,전자부품 제조업,2023
00127200,005680,삼영전자공업,KOSPI,전자부품 제조업,2024
00136624,005800,신영와코루,KOSPI,봉제의복 제조업,2018
00136624,005800,신영와코루,KOSPI,봉제의복 제조업,2019
00136624,005800,신영와코루,KOSPI,봉제의복 제조업,2020
00136624,005800,신영와코루,KOSPI,봉제의복 제조업,2021
00136624,005800,신영와코루,KOSPI,봉제의복 제조업,2022
00136624,005800,신영와코루,KOSPI,봉제의복 제조업,2023
00136624,005800,신영와코루,KOSPI,봉제의복 제조업,2024
00141626,002630,오리엔트바이오,KOSPI,의약품 제조업,2018
00141626,002630,오리엔트바이오,KOSPI,의약품 제조업,2019
00141626,002630,오리엔트바이오,KOSPI,의약품 제조업,2020
00141626,002630,오리엔트바이오,KOSPI,의약품 제조업,2021
00141626,002630,오리엔트바이오,KOSPI,의약품 제조업,2022
00141626,002630,오리엔트바이오,KOSPI,의약품 제조업,2023
00141626,002630,오리엔트바이오,KOSPI,의약품 제조업,2024
00148948,001550,조비,KOSPI,"비료, 농약 및 살균, 살충제 제조업",2018
00148948,001550,조비,KOSPI,"비료, 농약 및 살균, 살충제 제조업",2019
00148948,001550,조비,KOSPI,"비료, 농약 및 살균, 살충제 제조업",2020
00148948,001550,조비,KOSPI,"비료, 농약 및 살균, 살충제 제조업",2021
00148948,001550,조비,KOSPI,"비료, 농약 및 살균, 살충제 제조업",2022
00148948,001550,조비,KOSPI,"비료, 농약 및 살균, 살충제 제조업",2023
00148948,001550,조비,KOSPI,"비료, 농약 및 살균, 살충제 제조업",2024
00156691,005430,한국공항,KOSPI,기타 운송관련 서비스업,2018
00156691,005430,한국공항,KOSPI,기타 운송관련 서비스업,2019
00156691,005430,한국공항,KOSPI,기타 운송관련 서비스업,2020
00156691,005430,한국공항,KOSPI,기타 운송관련 서비스업,2021
00156691,005430,한국공항,KOSPI,기타 운송관련 서비스업,2022
00156691,005430,한국공항,KOSPI,기타 운송관련 서비스업,2023
00156691,005430,한국공항,KOSPI,기타 운송관련 서비스업,2024
00148920,004910,조광페인트,KOSPI,기타 화학제품 제조업,2018
00148920,004910,조광페인트,KOSPI,기타 화학제품 제조업,2019
00148920,004910,조광페인트,KOSPI,기타 화학제품 제조업,2020
00148920,004910,조광페인트,KOSPI,기타 화학제품 제조업,2021
00148920,004910,조광페인트,KOSPI,기타 화학제품 제조업,2022
00148920,004910,조광페인트,KOSPI,기타 화학제품 제조업,2023
00148920,004910,조광페인트,KOSPI,기타 화학제품 제조업,2024
00132725,003080,SB성보,KOSPI,"비료, 농약 및 살균, 살충제 제조업",2018
00132725,003080,SB성보,KOSPI,"비료, 농약 및 살균, 살충제 제조업",2019
00132725,003080,SB성보,KOSPI,"비료, 농약 및 살균, 살충제 제조업",2020
00132725,003080,SB성보,KOSPI,"비료, 농약 및 살균, 살충제 제조업",2021
00132725,003080,SB성보,KOSPI,"비료, 농약 및 살균, 살충제 제조업",2022
00132725,003080,SB성보,KOSPI,"비료, 농약 및 살균, 살충제 제조업",2023
00132725,003080,SB성보,KOSPI,"비료, 농약 및 살균, 살충제 제조업",2024
00128555,004690,삼천리,KOSPI,연료용 가스 제조 및 배관공급업,2018
00128555,004690,삼천리,KOSPI,연료용 가스 제조 및 배관공급업,2019
00128555,004690,삼천리,KOSPI,연료용 가스 제조 및 배관공급업,2020
00128555,004690,삼천리,KOSPI,연료용 가스 제조 및 배관공급업,2021
00128555,004690,삼천리,KOSPI,연료용 가스 제조 및 배관공급업,2022
00128555,004690,삼천리,KOSPI,연료용 가스 제조 및 배관공급업,2023
00128555,004690,삼천리,KOSPI,연료용 가스 제조 및 배관공급업,2024
00149345,002600,조흥,KOSPI,기타 식품 제조업,2018
00149345,002600,조흥,KOSPI,기타 식품 제조업,2019
00149345,002600,조흥,KOSPI,기타 식품 제조업,2020
00149345,002600,조흥,KOSPI,기타 식품 제조업,2021
00149345,002600,조흥,KOSPI,기타 식품 제조업,2022
00149345,002600,조흥,KOSPI,기타 식품 제조업,2023
00149345,002600,조흥,KOSPI,기타 식품 제조업,2024
00106119,001570,금양,KOSPI,기초 화학물질 제조업,2018
00106119,001570,금양,KOSPI,기초 화학물질 제조업,2019
00106119,001570,금양,KOSPI,기초 화학물질 제조업,2020
00106119,001570,금양,KOSPI,기초 화학물질 제조업,2021
00106119,001570,금양,KOSPI,기초 화학물질 제조업,2022
00106119,001570,금양,KOSPI,기초 화학물질 제조업,2023
00106119,001570,금양,KOSPI,기초 화학물질 제조업,2024
00109718,003960,사조대림,KOSPI,수산물 가공 및 저장 처리업,2018
00109718,003960,사조대림,KOSPI,수산물 가공 및 저장 처리업,2019
00109718,003960,사조대림,KOSPI,수산물 가공 및 저장 처리업,2020
00109718,003960,사조대림,KOSPI,수산물 가공 및 저장 처리업,2021
00109718,003960,사조대림,KOSPI,수산물 가공 및 저장 처리업,2022
00109718,003960,사조대림,KOSPI,수산물 가공 및 저장 처리업,2023
00109718,003960,사조대림,KOSPI,수산물 가공 및 저장 처리업,2024
00107677,002070,비비안,KOSPI,봉제의복 제조업,2018
00107677,002070,비비안,KOSPI,봉제의복 제조업,2019
00107677,002070,비비안,KOSPI,봉제의복 제조업,2020
00107677,002070,비비안,KOSPI,봉제의복 제조업,2021
00107677,002070,비비안,KOSPI,봉제의복 제조업,2022
00107677,002070,비비안,KOSPI,봉제의복 제조업,2023
00107677,002070,비비안,KOSPI,봉제의복 제조업,2024
00134477,003570,SNT다이내믹스,KOSPI,자동차 신품 부품 제조업,2018
00134477,003570,SNT다이내믹스,KOSPI,자동차 신품 부품 제조업,2019
00134477,003570,SNT다이내믹스,KOSPI,자동차 신품 부품 제조업,2020
00134477,003570,SNT다이내믹스,KOSPI,자동차 신품 부품 제조업,2021
00134477,003570,SNT다이내믹스,KOSPI,자동차 신품 부품 제조업,2022
00134477,003570,SNT다이내믹스,KOSPI,자동차 신품 부품 제조업,2023
00134477,003570,SNT다이내믹스,KOSPI,자동차 신품 부품 제조업,2024
00162063,004960,한신공영,KOSPI,건물 건설업,2018
00162063,004960,한신공영,KOSPI,건물 건설업,2019
00162063,004960,한신공영,KOSPI,건물 건설업,2020
00162063,004960,한신공영,KOSPI,건물 건설업,2021
00162063,004960,한신공영,KOSPI,건물 건설업,2022
00162063,004960,한신공영,KOSPI,건물 건설업,2023
00162063,004960,한신공영,KOSPI,건물 건설업,2024
00108241,004370,농심,KOSPI,기타 식품 제조업,2018
00108241,004370,농심,KOSPI,기타 식품 제조업,2019
00108241,004370,농심,KOSPI,기타 식품 제조업,2020
00108241,004370,농심,KOSPI,기타 식품 제조업,2021
00108241,004370,농심,KOSPI,기타 식품 제조업,2022
00108241,004370,농심,KOSPI,기타 식품 제조업,2023
00108241,004370,농심,KOSPI,기타 식품 제조업,2024
00127255,003720,삼영,KOSPI,플라스틱제품 제조업,2018
00127255,003720,삼영,KOSPI,플라스틱제품 제조업,2019
00127255,003720,삼영,KOSPI,플라스틱제품 제조업,2020
00127255,003720,삼영,KOSPI,플라스틱제품 제조업,2021
00127255,003720,삼영,KOSPI,플라스틱제품 제조업,2022
00127255,003720,삼영,KOSPI,플라스틱제품 제조업,2023
00127255,003720,삼영,KOSPI,플라스틱제품 제조업,2024
00132804,004980,성신양회,KOSPI,"시멘트, 석회, 플라스터 및 그 제품 제조업",2018
00132804,004980,성신양회,KOSPI,"시멘트, 석회, 플라스터 및 그 제품 제조업",2019
00132804,004980,성신양회,KOSPI,"시멘트, 석회, 플라스터 및 그 제품 제조업",2020
00132804,004980,성신양회,KOSPI,"시멘트, 석회, 플라스터 및 그 제품 제조업",2021
00132804,004980,성신양회,KOSPI,"시멘트, 석회, 플라스터 및 그 제품 제조업",2022
00132804,004980,성신양회,KOSPI,"시멘트, 석회, 플라스터 및 그 제품 제조업",2023
00132804,004980,성신양회,KOSPI,"시멘트, 석회, 플라스터 및 그 제품 제조업",2024
00135962,004970,신라교역,KOSPI,어로 어업,2018
00135962,004970,신라교역,KOSPI,어로 어업,2019
00135962,004970,신라교역,KOSPI,어로 어업,2020
00135962,004970,신라교역,KOSPI,어로 어업,2021
00135962,004970,신라교역,KOSPI,어로 어업,2022
00135962,004970,신라교역,KOSPI,어로 어업,2023
00135962,004970,신라교역,KOSPI,어로 어업,2024
00137368,002870,신풍,KOSPI,기타 전문 도매업,2018
00137368,002870,신풍,KOSPI,기타 전문 도매업,2019
00137368,002870,신풍,KOSPI,기타 전문 도매업,2020
00137368,002870,신풍,KOSPI,기타 전문 도매업,2021
00137368,002870,신풍,KOSPI,기타 전문 도매업,2022
00137368,002870,신풍,KOSPI,기타 전문 도매업,2023
00137368,002870,신풍,KOSPI,기타 전문 도매업,2024
00149354,001630,종근당홀딩스,KOSPI,의약품 제조업,2018
00149354,001630,종근당홀딩스,KOSPI,의약품 제조업,2019
00149354,001630,종근당홀딩스,KOSPI,의약품 제조업,2020
00149354,001630,종근당홀딩스,KOSPI,의약품 제조업,2021
00149354,001630,종근당홀딩스,KOSPI,의약품 제조업,2022
00149354,001630,종근당홀딩스,KOSPI,의약품 제조업,2023
00149354,001630,종근당홀딩스,KOSPI,의약품 제조업,2024
00161046,002390,한독,KOSPI,의약품 제조업,2018
00161046,002390,한독,KOSPI,의약품 제조업,2019
00161046,002390,한독,KOSPI,의약품 제조업,2020
00161046,002390,한독,KOSPI,의약품 제조업,2021
00161046,002390,한독,KOSPI,의약품 제조업,2022
00161046,002390,한독,KOSPI,의약품 제조업,2023
00161046,002390,한독,KOSPI,의약품 제조업,2024
00152039,001380,SG글로벌,KOSPI,자동차 신품 부품 제조업,2018
00152039,001380,SG글로벌,KOSPI,자동차 신품 부품 제조업,2019
00152039,001380,SG글로벌,KOSPI,자동차 신품 부품 제조업,2020
00152039,001380,SG글로벌,KOSPI,자동차 신품 부품 제조업,2021
00152039,001380,SG글로벌,KOSPI,자동차 신품 부품 제조업,2022
00152039,001380,SG글로벌,KOSPI,자동차 신품 부품 제조업,2023
00152039,001380,SG글로벌,KOSPI,자동차 신품 부품 제조업,2024
00167208,003280,흥아해운,KOSPI,해상 운송업,2018
00167208,003280,흥아해운,KOSPI,해상 운송업,2019
00167208,003280,흥아해운,KOSPI,해상 운송업,2020
00167208,003280,흥아해운,KOSPI,해상 운송업,2021
00167208,003280,흥아해운,KOSPI,해상 운송업,2022
00167208,003280,흥아해운,KOSPI,해상 운송업,2023
00167208,003280,흥아해운,KOSPI,해상 운송업,2024
00138190,001250,GS글로벌,KOSPI,상품 종합 도매업,2018
00138190,001250,GS글로벌,KOSPI,상품 종합 도매업,2019
00138190,001250,GS글로벌,KOSPI,상품 종합 도매업,2020
00138190,001250,GS글로벌,KOSPI,상품 종합 도매업,2021
00138190,001250,GS글로벌,KOSPI,상품 종합 도매업,2022
00138190,001250,GS글로벌,KOSPI,상품 종합 도매업,2023
00138190,001250,GS글로벌,KOSPI,상품 종합 도매업,2024
00106313,002990,금호건설,KOSPI,건물 건설업,2018
00106313,002990,금호건설,KOSPI,건물 건설업,2019
00106313,002990,금호건설,KOSPI,건물 건설업,2020
00106313,002990,금호건설,KOSPI,건물 건설업,2021
00106313,002990,금호건설,KOSPI,건물 건설업,2022
00106313,002990,금호건설,KOSPI,건물 건설업,2023
00106313,002990,금호건설,KOSPI,건물 건설업,2024
00125974,001470,삼부토건,KOSPI,토목 건설업,2018
00125974,001470,삼부토건,KOSPI,토목 건설업,2019
00125974,001470,삼부토건,KOSPI,토목 건설업,2020
00125974,001470,삼부토건,KOSPI,토목 건설업,2021
00125974,001470,삼부토건,KOSPI,토목 건설업,2022
00125974,001470,삼부토건,KOSPI,토목 건설업,2023
00125974,001470,삼부토건,KOSPI,토목 건설업,2024
00129350,001820,삼화콘덴서공업,KOSPI,전자부품 제조업,2018
00129350,001820,삼화콘덴서공업,KOSPI,전자부품 제조업,2019
00129350,001820,삼화콘덴서공업,KOSPI,전자부품 제조업,2020
00129350,001820,삼화콘덴서공업,KOSPI,전자부품 제조업,2021
00129350,001820,삼화콘덴서공업,KOSPI,전자부품 제조업,2022
00129350,001820,삼화콘덴서공업,KOSPI,전자부품 제조업,2023
00129350,001820,삼화콘덴서공업,KOSPI,전자부품 제조업,2024
00134723,001020,페이퍼코리아,KOSPI,"펄프, 종이 및 판지 제조업",2018
00134723,001020,페이퍼코리아,KOSPI,"펄프, 종이 및 판지 제조업",2019
00134723,001020,페이퍼코리아,KOSPI,"펄프, 종이 및 판지 제조업",2020
00134723,001020,페이퍼코리아,KOSPI,"펄프, 종이 및 판지 제조업",2021
00134723,001020,페이퍼코리아,KOSPI,"펄프, 종이 및 판지 제조업",2022
00134723,001020,페이퍼코리아,KOSPI,"펄프, 종이 및 판지 제조업",2023
00134723,001020,페이퍼코리아,KOSPI,"펄프, 종이 및 판지 제조업",2024
00117337,001520,동양,KOSPI,"시멘트, 석회, 플라스터 및 그 제품 제조업",2018
00117337,001520,동양,KOSPI,"시멘트, 석회, 플라스터 및 그 제품 제조업",2019
00117337,001520,동양,KOSPI,"시멘트, 석회, 플라스터 및 그 제품 제조업",2020
00117337,001520,동양,KOSPI,"시멘트, 석회, 플라스터 및 그 제품 제조업",2021
00117337,001520,동양,KOSPI,"시멘트, 석회, 플라스터 및 그 제품 제조업",2022
00117337,001520,동양,KOSPI,"시멘트, 석회, 플라스터 및 그 제품 제조업",2023
00117337,001520,동양,KOSPI,"시멘트, 석회, 플라스터 및 그 제품 제조업",2024
01958111,000880,한화,KOSPI,기타 화학제품 제조업,2018
01958111,000880,한화,KOSPI,기타 화학제품 제조업,2019
01958111,000880,한화,KOSPI,기타 화학제품 제조업,2020
01958111,000880,한화,KOSPI,기타 화학제품 제조업,2021
01958111,000880,한화,KOSPI,기타 화학제품 제조업,2022
01958111,000880,한화,KOSPI,기타 화학제품 제조업,2023
01958111,000880,한화,KOSPI,기타 화학제품 제조업,2024
00149947,001060,JW중외제약,KOSPI,의약품 제조업,2018
00149947,001060,JW중외제약,KOSPI,의약품 제조업,2019
00149947,001060,JW중외제약,KOSPI,의약품 제조업,2020
00149947,001060,JW중외제약,KOSPI,의약품 제조업,2021
00149947,001060,JW중외제약,KOSPI,의약품 제조업,2022
00149947,001060,JW중외제약,KOSPI,의약품 제조업,2023
00149947,001060,JW중외제약,KOSPI,의약품 제조업,2024
00141307,000670,영풍,KOSPI,1차 비철금속 제조업,2018
00141307,000670,영풍,KOSPI,1차 비철금속 제조업,2019
00141307,000670,영풍,KOSPI,1차 비철금속 제조업,2020
00141307,000670,영풍,KOSPI,1차 비철금속 제조업,2021
00141307,000670,영풍,KOSPI,1차 비철금속 제조업,2022
00141307,000670,영풍,KOSPI,1차 비철금속 제조업,2023
00141307,000670,영풍,KOSPI,1차 비철금속 제조업,2024
00122472,001340,PKC,KOSPI,기초 화학물질 제조업,2018
00122472,001340,PKC,KOSPI,기초 화학물질 제조업,2019
00122472,001340,PKC,KOSPI,기초 화학물질 제조업,2020
00122472,001340,PKC,KOSPI,기초 화학물질 제조업,2021
00122472,001340,PKC,KOSPI,기초 화학물질 제조업,2022
00122472,001340,PKC,KOSPI,기초 화학물질 제조업,2023
00122472,001340,PKC,KOSPI,기초 화학물질 제조업,2024
00163716,005110,한창,KOSPI,기계장비 및 관련 물품 도매업,2018
00163716,005110,한창,KOSPI,기계장비 및 관련 물품 도매업,2019
00163716,005110,한창,KOSPI,기계장비 및 관련 물품 도매업,2020
00163716,005110,한창,KOSPI,기계장비 및 관련 물품 도매업,2021
00163716,005110,한창,KOSPI,기계장비 및 관련 물품 도매업,2022
00163716,005110,한창,KOSPI,기계장비 및 관련 물품 도매업,2023
00163716,005110,한창,KOSPI,기계장비 및 관련 물품 도매업,2024
00129235,004450,삼화왕관,KOSPI,기타 금속 가공제품 제조업,2018
00129235,004450,삼화왕관,KOSPI,기타 금속 가공제품 제조업,2019
00129235,004450,삼화왕관,KOSPI,기타 금속 가공제품 제조업,2020
00129235,004450,삼화왕관,KOSPI,기타 금속 가공제품 제조업,2021
00129235,004450,삼화왕관,KOSPI,기타 금속 가공제품 제조업,2022
00129235,004450,삼화왕관,KOSPI,기타 금속 가공제품 제조업,2023
00129235,004450,삼화왕관,KOSPI,기타 금속 가공제품 제조업,2024
00924931,000040,KR모터스,KOSPI,그외 기타 운송장비 제조업,2018
00924931,000040,KR모터스,KOSPI,그외 기타 운송장비 제조업,2019
00924931,000040,KR모터스,KOSPI,그외 기타 운송장비 제조업,2020
00924931,000040,KR모터스,KOSPI,그외 기타 운송장비 제조업,2021
00924931,000040,KR모터스,KOSPI,그외 기타 운송장비 제조업,2022
00924931,000040,KR모터스,KOSPI,그외 기타 운송장비 제조업,2023
00924931,000040,KR모터스,KOSPI,그외 기타 운송장비 제조업,2024
00103006,002240,고려제강,KOSPI,1차 철강 제조업,2018
00103006,002240,고려제강,KOSPI,1차 철강 제조업,2019
00103006,002240,고려제강,KOSPI,1차 철강 제조업,2020
00103006,002240,고려제강,KOSPI,1차 철강 제조업,2021
00103006,002240,고려제강,KOSPI,1차 철강 제조업,2022
00103006,002240,고려제강,KOSPI,1차 철강 제조업,2023
00103006,002240,고려제강,KOSPI,1차 철강 제조업,2024
00153755,004100,태양금속공업,KOSPI,자동차 신품 부품 제조업,2018
00153755,004100,태양금속공업,KOSPI,자동차 신품 부품 제조업,2019
00153755,004100,태양금속공업,KOSPI,자동차 신품 부품 제조업,2020
00153755,004100,태양금속공업,KOSPI,자동차 신품 부품 제조업,2021
00153755,004100,태양금속공업,KOSPI,자동차 신품 부품 제조업,2022
00153755,004100,태양금속공업,KOSPI,자동차 신품 부품 제조업,2023
00153755,004100,태양금속공업,KOSPI,자동차 신품 부품 제조업,2024
00132211,002820,SUN&L,KOSPI,플라스틱제품 제조업,2018
00132211,002820,SUN&L,KOSPI,플라스틱제품 제조업,2019
00132211,002820,SUN&L,KOSPI,플라스틱제품 제조업,2020
00132211,002820,SUN&L,KOSPI,플라스틱제품 제조업,2021
00132211,002820,SUN&L,KOSPI,플라스틱제품 제조업,2022
00132211,002820,SUN&L,KOSPI,플라스틱제품 제조업,2023
00132211,002820,SUN&L,KOSPI,플라스틱제품 제조업,2024
00118266,004840,DRB동일,KOSPI,고무제품 제조업,2018
00118266,004840,DRB동일,KOSPI,고무제품 제조업,2019
00118266,004840,DRB동일,KOSPI,고무제품 제조업,2020
00118266,004840,DRB동일,KOSPI,고무제품 제조업,2021
00118266,004840,DRB동일,KOSPI,고무제품 제조업,2022
00118266,004840,DRB동일,KOSPI,고무제품 제조업,2023
00118266,004840,DRB동일,KOSPI,고무제품 제조업,2024
00173874,002350,넥센타이어,KOSPI,고무제품 제조업,2018
00173874,002350,넥센타이어,KOSPI,고무제품 제조업,2019
00173874,002350,넥센타이어,KOSPI,고무제품 제조업,2020
00173874,002350,넥센타이어,KOSPI,고무제품 제조업,2021
00173874,002350,넥센타이어,KOSPI,고무제품 제조업,2022
00173874,002350,넥센타이어,KOSPI,고무제품 제조업,2023
00173874,002350,넥센타이어,KOSPI,고무제품 제조업,2024
00133511,004060,SG세계물산,KOSPI,상품 종합 도매업,2018
00133511,004060,SG세계물산,KOSPI,상품 종합 도매업,2019
00133511,004060,SG세계물산,KOSPI,상품 종합 도매업,2020
00133511,004060,SG세계물산,KOSPI,상품 종합 도매업,2021
00133511,004060,SG세계물산,KOSPI,상품 종합 도매업,2022
00133511,004060,SG세계물산,KOSPI,상품 종합 도매업,2023
00133511,004060,SG세계물산,KOSPI,상품 종합 도매업,2024
00157681,004000,롯데정밀화학,KOSPI,기초 화학물질 제조업,2018
00157681,004000,롯데정밀화학,KOSPI,기초 화학물질 제조업,2019
00157681,004000,롯데정밀화학,KOSPI,기초 화학물질 제조업,2020
00157681,004000,롯데정밀화학,KOSPI,기초 화학물질 제조업,2021
00157681,004000,롯데정밀화학,KOSPI,기초 화학물질 제조업,2022
00157681,004000,롯데정밀화학,KOSPI,기초 화학물질 제조업,2023
00157681,004000,롯데정밀화학,KOSPI,기초 화학물질 제조업,2024
00119195,000020,동화약품,KOSPI,의약품 제조업,2018
00119195,000020,동화약품,KOSPI,의약품 제조업,2019
00119195,000020,동화약품,KOSPI,의약품 제조업,2020
00119195,000020,동화약품,KOSPI,의약품 제조업,2021
00119195,000020,동화약품,KOSPI,의약품 제조업,2022
00119195,000020,동화약품,KOSPI,의약품 제조업,2023
00119195,000020,동화약품,KOSPI,의약품 제조업,2024
00109693,000210,DL,KOSPI,기초 화학물질 제조업,2018
00109693,000210,DL,KOSPI,기초 화학물질 제조업,2019
00109693,000210,DL,KOSPI,기초 화학물질 제조업,2020
00109693,000210,DL,KOSPI,기초 화학물질 제조업,2021
00109693,000210,DL,KOSPI,기초 화학물질 제조업,2022
00109693,000210,DL,KOSPI,기초 화학물질 제조업,2023
00109693,000210,DL,KOSPI,기초 화학물질 제조업,2024
00120076,001120,LX인터내셔널,KOSPI,상품 중개업,2018
00120076,001120,LX인터내셔널,KOSPI,상품 중개업,2019
00120076,001120,LX인터내셔널,KOSPI,상품 중개업,2020
00120076,001120,LX인터내셔널,KOSPI,상품 중개업,2021
00120076,001120,LX인터내셔널,KOSPI,상품 중개업,2022
00120076,001120,LX인터내셔널,KOSPI,상품 중개업,2023
00120076,001120,LX인터내셔널,KOSPI,상품 중개업,2024
00104722,002720,국제약품,KOSPI,의약품 제조업,2018
00104722,002720,국제약품,KOSPI,의약품 제조업,2019
00104722,002720,국제약품,KOSPI,의약품 제조업,2020
00104722,002720,국제약품,KOSPI,의약품 제조업,2021
00104722,002720,국제약품,KOSPI,의약품 제조업,2022
00104722,002720,국제약품,KOSPI,의약품 제조업,2023
00104722,002720,국제약품,KOSPI,의약품 제조업,2024
00153393,003240,태광산업,KOSPI,화학섬유 제조업,2018
00153393,003240,태광산업,KOSPI,화학섬유 제조업,2019
00153393,003240,태광산업,KOSPI,화학섬유 제조업,2020
00153393,003240,태광산업,KOSPI,화학섬유 제조업,2021
00153393,003240,태광산업,KOSPI,화학섬유 제조업,2022
00153393,003240,태광산업,KOSPI,화학섬유 제조업,2023
00153393,003240,태광산업,KOSPI,화학섬유 제조업,2024
00124151,005030,부산주공,KOSPI,자동차 신품 부품 제조업,2018
00124151,005030,부산주공,KOSPI,자동차 신품 부품 제조업,2019
00124151,005030,부산주공,KOSPI,자동차 신품 부품 제조업,2020
00124151,005030,부산주공,KOSPI,자동차 신품 부품 제조업,2021
00124151,005030,부산주공,KOSPI,자동차 신품 부품 제조업,2022
00124151,005030,부산주공,KOSPI,자동차 신품 부품 제조업,2023
00124151,005030,부산주공,KOSPI,자동차 신품 부품 제조업,2024
00160843,000990,DB하이텍,KOSPI,반도체 제조업,2018
00160843,000990,DB하이텍,KOSPI,반도체 제조업,2019
00160843,000990,DB하이텍,KOSPI,반도체 제조업,2020
00160843,000990,DB하이텍,KOSPI,반도체 제조업,2021
00160843,000990,DB하이텍,KOSPI,반도체 제조업,2022
00160843,000990,DB하이텍,KOSPI,반도체 제조업,2023
00160843,000990,DB하이텍,KOSPI,반도체 제조업,2024
00109824,006570,대림통상,KOSPI,기타 금속 가공제품 제조업,2018
00109824,006570,대림통상,KOSPI,기타 금속 가공제품 제조업,2019
00109824,006570,대림통상,KOSPI,기타 금속 가공제품 제조업,2020
00109824,006570,대림통상,KOSPI,기타 금속 가공제품 제조업,2021
00109824,006570,대림통상,KOSPI,기타 금속 가공제품 제조업,2022
00109824,006570,대림통상,KOSPI,기타 금속 가공제품 제조업,2023
00109824,006570,대림통상,KOSPI,기타 금속 가공제품 제조업,2024
00144818,000220,유유제약,KOSPI,의약품 제조업,2018
00144818,000220,유유제약,KOSPI,의약품 제조업,2019
00144818,000220,유유제약,KOSPI,의약품 제조업,2020
00144818,000220,유유제약,KOSPI,의약품 제조업,2021
00144818,000220,유유제약,KOSPI,의약품 제조업,2022
00144818,000220,유유제약,KOSPI,의약품 제조업,2023
00144818,000220,유유제약,KOSPI,의약품 제조업,2024
00100939,000860,강남제비스코,KOSPI,기타 화학제품 제조업,2018
00100939,000860,강남제비스코,KOSPI,기타 화학제품 제조업,2019
00100939,000860,강남제비스코,KOSPI,기타 화학제품 제조업,2020
00100939,000860,강남제비스코,KOSPI,기타 화학제품 제조업,2021
00100939,000860,강남제비스코,KOSPI,기타 화학제품 제조업,2022
00100939,000860,강남제비스코,KOSPI,기타 화학제품 제조업,2023
00100939,000860,강남제비스코,KOSPI,기타 화학제품 제조업,2024
00173698,002700,신일전자,KOSPI,기계장비 및 관련 물품 도매업,2018
00173698,002700,신일전자,KOSPI,기계장비 및 관련 물품 도매업,2019
00173698,002700,신일전자,KOSPI,기계장비 및 관련 물품 도매업,2020
00173698,002700,신일전자,KOSPI,기계장비 및 관련 물품 도매업,2021
00173698,002700,신일전자,KOSPI,기계장비 및 관련 물품 도매업,2022
00173698,002700,신일전자,KOSPI,기계장비 및 관련 물품 도매업,2023
00173698,002700,신일전자,KOSPI,기계장비 및 관련 물품 도매업,2024
00126414,001360,삼성제약,KOSPI,의약품 제조업,2018
00126414,001360,삼성제약,KOSPI,의약품 제조업,2019
00126414,001360,삼성제약,KOSPI,의약품 제조업,2020
00126414,001360,삼성제약,KOSPI,의약품 제조업,2021
00126414,001360,삼성제약,KOSPI,의약품 제조업,2022
00126414,001360,삼성제약,KOSPI,의약품 제조업,2023
00126414,001360,삼성제약,KOSPI,의약품 제조업,2024
00126955,003230,삼양식품,KOSPI,기타 식품 제조업,2018
00126955,003230,삼양식품,KOSPI,기타 식품 제조업,2019
00126955,003230,삼양식품,KOSPI,기타 식품 제조업,2020
00126955,003230,삼양식품,KOSPI,기타 식품 제조업,2021
00126955,003230,삼양식품,KOSPI,기타 식품 제조업,2022
00126955,003230,삼양식품,KOSPI,기타 식품 제조업,2023
00126955,003230,삼양식품,KOSPI,기타 식품 제조업,2024
00116301,008260,NI스틸,KOSPI,1차 철강 제조업,2018
00116301,008260,NI스틸,KOSPI,1차 철강 제조업,2019
00116301,008260,NI스틸,KOSPI,1차 철강 제조업,2020
00116301,008260,NI스틸,KOSPI,1차 철강 제조업,2021
00116301,008260,NI스틸,KOSPI,1차 철강 제조업,2022
00116301,008260,NI스틸,KOSPI,1차 철강 제조업,2023
00116301,008260,NI스틸,KOSPI,1차 철강 제조업,2024
00146083,000230,일동홀딩스,KOSPI,의약품 제조업,2018
00146083,000230,일동홀딩스,KOSPI,의약품 제조업,2019
00146083,000230,일동홀딩스,KOSPI,의약품 제조업,2020
00146083,000230,일동홀딩스,KOSPI,의약품 제조업,2021
00146083,000230,일동홀딩스,KOSPI,의약품 제조업,2022
00146083,000230,일동홀딩스,KOSPI,의약품 제조업,2023
00146083,000230,일동홀딩스,KOSPI,의약품 제조업,2024
00109286,000490,대동,KOSPI,특수 목적용 기계 제조업,2018
00109286,000490,대동,KOSPI,특수 목적용 기계 제조업,2019
00109286,000490,대동,KOSPI,특수 목적용 기계 제조업,2020
00109286,000490,대동,KOSPI,특수 목적용 기계 제조업,2021
00109286,000490,대동,KOSPI,특수 목적용 기계 제조업,2022
00109286,000490,대동,KOSPI,특수 목적용 기계 제조업,2023
00109286,000490,대동,KOSPI,특수 목적용 기계 제조업,2024
00113492,004540,깨끗한나라,KOSPI,"펄프, 종이 및 판지 제조업",2018
00113492,004540,깨끗한나라,KOSPI,"펄프, 종이 및 판지 제조업",2019
00113492,004540,깨끗한나라,KOSPI,"펄프, 종이 및 판지 제조업",2020
00113492,004540,깨끗한나라,KOSPI,"펄프, 종이 및 판지 제조업",2021
00113492,004540,깨끗한나라,KOSPI,"펄프, 종이 및 판지 제조업",2022
00113492,004540,깨끗한나라,KOSPI,"펄프, 종이 및 판지 제조업",2023
00113492,004540,깨끗한나라,KOSPI,"펄프, 종이 및 판지 제조업",2024
00154055,001420,태원물산,KOSPI,자동차 신품 부품 제조업,2018
00154055,001420,태원물산,KOSPI,자동차 신품 부품 제조업,2019
00154055,001420,태원물산,KOSPI,자동차 신품 부품 제조업,2020
00154055,001420,태원물산,KOSPI,자동차 신품 부품 제조업,2021
00154055,001420,태원물산,KOSPI,자동차 신품 부품 제조업,2022
00154055,001420,태원물산,KOSPI,자동차 신품 부품 제조업,2023
00154055,001420,태원물산,KOSPI,자동차 신품 부품 제조업,2024
00126380,005930,삼성전자,KOSPI,통신 및 방송 장비 제조업,2018
00126380,005930,삼성전자,KOSPI,통신 및 방송 장비 제조업,2019
00126380,005930,삼성전자,KOSPI,통신 및 방송 장비 제조업,2020
00126380,005930,삼성전자,KOSPI,통신 및 방송 장비 제조업,2021
00126380,005930,삼성전자,KOSPI,통신 및 방송 장비 제조업,2022
00126380,005930,삼성전자,KOSPI,통신 및 방송 장비 제조업,2023
00126380,005930,삼성전자,KOSPI,통신 및 방송 장비 제조업,2024
00126089,000300,DH오토넥스,KOSPI,자동차 신품 부품 제조업,2018
00126089,000300,DH오토넥스,KOSPI,자동차 신품 부품 제조업,2019
00126089,000300,DH오토넥스,KOSPI,자동차 신품 부품 제조업,2020
00126089,000300,DH오토넥스,KOSPI,자동차 신품 부품 제조업,2021
00126089,000300,DH오토넥스,KOSPI,자동차 신품 부품 제조업,2022
00126089,000300,DH오토넥스,KOSPI,자동차 신품 부품 제조업,2023
00126089,000300,DH오토넥스,KOSPI,자동차 신품 부품 제조업,2024
00122579,001460,BYC,KOSPI,봉제의복 제조업,2018
00122579,001460,BYC,KOSPI,봉제의복 제조업,2019
00122579,001460,BYC,KOSPI,봉제의복 제조업,2020
00122579,001460,BYC,KOSPI,봉제의복 제조업,2021
00122579,001460,BYC,KOSPI,봉제의복 제조업,2022
00122579,001460,BYC,KOSPI,봉제의복 제조업,2023
00122579,001460,BYC,KOSPI,봉제의복 제조업,2024
00138242,003620,KG모빌리티,KOSPI,자동차용 엔진 및 자동차 제조업,2018
00138242,003620,KG모빌리티,KOSPI,자동차용 엔진 및 자동차 제조업,2019
00138242,003620,KG모빌리티,KOSPI,자동차용 엔진 및 자동차 제조업,2020
00138242,003620,KG모빌리티,KOSPI,자동차용 엔진 및 자동차 제조업,2021
00138242,003620,KG모빌리티,KOSPI,자동차용 엔진 및 자동차 제조업,2022
00138242,003620,KG모빌리티,KOSPI,자동차용 엔진 및 자동차 제조업,2023
00138242,003620,KG모빌리티,KOSPI,자동차용 엔진 및 자동차 제조업,2024
00125530,005610,삼립,KOSPI,기타 식품 제조업,2018
00125530,005610,삼립,KOSPI,기타 식품 제조업,2019
00125530,005610,삼립,KOSPI,기타 식품 제조업,2020
00125530,005610,삼립,KOSPI,기타 식품 제조업,2021
00125530,005610,삼립,KOSPI,기타 식품 제조업,2022
00125530,005610,삼립,KOSPI,기타 식품 제조업,2023
00125530,005610,삼립,KOSPI,기타 식품 제조업,2024
00146454,007570,일양약품,KOSPI,의약품 제조업,2018
00146454,007570,일양약품,KOSPI,의약품 제조업,2019
00146454,007570,일양약품,KOSPI,의약품 제조업,2020
00146454,007570,일양약품,KOSPI,의약품 제조업,2021
00146454,007570,일양약품,KOSPI,의약품 제조업,2022
00146454,007570,일양약품,KOSPI,의약품 제조업,2023
00146454,007570,일양약품,KOSPI,의약품 제조업,2024
00163512,002320,한진,KOSPI,도로 화물 운송업,2018
00163512,002320,한진,KOSPI,도로 화물 운송업,2019
00163512,002320,한진,KOSPI,도로 화물 운송업,2020
00163512,002320,한진,KOSPI,도로 화물 운송업,2021
00163512,002320,한진,KOSPI,도로 화물 운송업,2022
00163512,002320,한진,KOSPI,도로 화물 운송업,2023
00163512,002320,한진,KOSPI,도로 화물 운송업,2024
00158112,002200,한국수출포장공업,KOSPI,"골판지, 종이 상자 및 종이용기 제조업",2018
00158112,002200,한국수출포장공업,KOSPI,"골판지, 종이 상자 및 종이용기 제조업",2019
00158112,002200,한국수출포장공업,KOSPI,"골판지, 종이 상자 및 종이용기 제조업",2020
00158112,002200,한국수출포장공업,KOSPI,"골판지, 종이 상자 및 종이용기 제조업",2021
00158112,002200,한국수출포장공업,KOSPI,"골판지, 종이 상자 및 종이용기 제조업",2022
00158112,002200,한국수출포장공업,KOSPI,"골판지, 종이 상자 및 종이용기 제조업",2023
00158112,002200,한국수출포장공업,KOSPI,"골판지, 종이 상자 및 종이용기 제조업",2024
00164742,005380,현대자동차,KOSPI,자동차용 엔진 및 자동차 제조업,2018
00164742,005380,현대자동차,KOSPI,자동차용 엔진 및 자동차 제조업,2019
00164742,005380,현대자동차,KOSPI,자동차용 엔진 및 자동차 제조업,2020
00164742,005380,현대자동차,KOSPI,자동차용 엔진 및 자동차 제조업,2021
00164742,005380,현대자동차,KOSPI,자동차용 엔진 및 자동차 제조업,2022
00164742,005380,현대자동차,KOSPI,자동차용 엔진 및 자동차 제조업,2023
00164742,005380,현대자동차,KOSPI,자동차용 엔진 및 자동차 제조업,2024
00121288,005360,모나미,KOSPI,생활용품 도매업,2018
00121288,005360,모나미,KOSPI,생활용품 도매업,2019
00121288,005360,모나미,KOSPI,생활용품 도매업,2020
00121288,005360,모나미,KOSPI,생활용품 도매업,2021
00121288,005360,모나미,KOSPI,생활용품 도매업,2022
00121288,005360,모나미,KOSPI,생활용품 도매업,2023
00121288,005360,모나미,KOSPI,생활용품 도매업,2024
00162461,009830,한화솔루션,KOSPI,기초 화학물질 제조업,2018
00162461,009830,한화솔루션,KOSPI,기초 화학물질 제조업,2019
00162461,009830,한화솔루션,KOSPI,기초 화학물질 제조업,2020
00162461,009830,한화솔루션,KOSPI,기초 화학물질 제조업,2021
00162461,009830,한화솔루션,KOSPI,기초 화학물질 제조업,2022
00162461,009830,한화솔루션,KOSPI,기초 화학물질 제조업,2023
00162461,009830,한화솔루션,KOSPI,기초 화학물질 제조업,2024
00159810,006380,카프로,KOSPI,기초 화학물질 제조업,2018
00159810,006380,카프로,KOSPI,기초 화학물질 제조업,2019
00159810,006380,카프로,KOSPI,기초 화학물질 제조업,2020
00159810,006380,카프로,KOSPI,기초 화학물질 제조업,2021
00159810,006380,카프로,KOSPI,기초 화학물질 제조업,2022
00159810,006380,카프로,KOSPI,기초 화학물질 제조업,2023
00159810,006380,카프로,KOSPI,기초 화학물질 제조업,2024
00112970,001070,대한방직,KOSPI,직물직조 및 직물제품 제조업,2018
00112970,001070,대한방직,KOSPI,직물직조 및 직물제품 제조업,2019
00112970,001070,대한방직,KOSPI,직물직조 및 직물제품 제조업,2020
00112970,001070,대한방직,KOSPI,직물직조 및 직물제품 제조업,2021
00112970,001070,대한방직,KOSPI,직물직조 및 직물제품 제조업,2022
00112970,001070,대한방직,KOSPI,직물직조 및 직물제품 제조업,2023
00112970,001070,대한방직,KOSPI,직물직조 및 직물제품 제조업,2024
00130879,004410,서울식품공업,KOSPI,기타 식품 제조업,2018
00130879,004410,서울식품공업,KOSPI,기타 식품 제조업,2019
00130879,004410,서울식품공업,KOSPI,기타 식품 제조업,2020
00130879,004410,서울식품공업,KOSPI,기타 식품 제조업,2021
00130879,004410,서울식품공업,KOSPI,기타 식품 제조업,2022
00130879,004410,서울식품공업,KOSPI,기타 식품 제조업,2023
00130879,004410,서울식품공업,KOSPI,기타 식품 제조업,2024
01933981,000680,LS네트웍스,KOSPI,상품 종합 도매업,2018
01933981,000680,LS네트웍스,KOSPI,상품 종합 도매업,2019
01933981,000680,LS네트웍스,KOSPI,상품 종합 도매업,2020
01933981,000680,LS네트웍스,KOSPI,상품 종합 도매업,2021
01933981,000680,LS네트웍스,KOSPI,상품 종합 도매업,2022
01933981,000680,LS네트웍스,KOSPI,상품 종합 도매업,2023
01933981,000680,LS네트웍스,KOSPI,상품 종합 도매업,2024
00106395,001210,금호전기,KOSPI,전구 및 조명장치 제조업,2018
00106395,001210,금호전기,KOSPI,전구 및 조명장치 제조업,2019
00106395,001210,금호전기,KOSPI,전구 및 조명장치 제조업,2020
00106395,001210,금호전기,KOSPI,전구 및 조명장치 제조업,2021
00106395,001210,금호전기,KOSPI,전구 및 조명장치 제조업,2022
00106395,001210,금호전기,KOSPI,전구 및 조명장치 제조업,2023
00106395,001210,금호전기,KOSPI,전구 및 조명장치 제조업,2024
00106641,000270,기아,KOSPI,자동차용 엔진 및 자동차 제조업,2018
00106641,000270,기아,KOSPI,자동차용 엔진 및 자동차 제조업,2019
00106641,000270,기아,KOSPI,자동차용 엔진 및 자동차 제조업,2020
00106641,000270,기아,KOSPI,자동차용 엔진 및 자동차 제조업,2021
00106641,000270,기아,KOSPI,자동차용 엔진 및 자동차 제조업,2022
00106641,000270,기아,KOSPI,자동차용 엔진 및 자동차 제조업,2023
00106641,000270,기아,KOSPI,자동차용 엔진 및 자동차 제조업,2024
01817920,000150,두산,KOSPI,전자부품 제조업,2018
01817920,000150,두산,KOSPI,전자부품 제조업,2019
01817920,000150,두산,KOSPI,전자부품 제조업,2020
01817920,000150,두산,KOSPI,전자부품 제조업,2021
01817920,000150,두산,KOSPI,전자부품 제조업,2022
01817920,000150,두산,KOSPI,전자부품 제조업,2023
01817920,000150,두산,KOSPI,전자부품 제조업,2024
00156488,005010,휴스틸,KOSPI,1차 철강 제조업,2018
00156488,005010,휴스틸,KOSPI,1차 철강 제조업,2019
00156488,005010,휴스틸,KOSPI,1차 철강 제조업,2020
00156488,005010,휴스틸,KOSPI,1차 철강 제조업,2021
00156488,005010,휴스틸,KOSPI,1차 철강 제조업,2022
00156488,005010,휴스틸,KOSPI,1차 철강 제조업,2023
00156488,005010,휴스틸,KOSPI,1차 철강 제조업,2024
00117230,002900,TYM,KOSPI,특수 목적용 기계 제조업,2018
00117230,002900,TYM,KOSPI,특수 목적용 기계 제조업,2019
00117230,002900,TYM,KOSPI,특수 목적용 기계 제조업,2020
00117230,002900,TYM,KOSPI,특수 목적용 기계 제조업,2021
00117230,002900,TYM,KOSPI,특수 목적용 기계 제조업,2022
00117230,002900,TYM,KOSPI,특수 목적용 기계 제조업,2023
00117230,002900,TYM,KOSPI,특수 목적용 기계 제조업,2024
00111810,003090,대웅,KOSPI,의약품 제조업,2018
00111810,003090,대웅,KOSPI,의약품 제조업,2019
00111810,003090,대웅,KOSPI,의약품 제조업,2020
00111810,003090,대웅,KOSPI,의약품 제조업,2021
00111810,003090,대웅,KOSPI,의약품 제조업,2022
00111810,003090,대웅,KOSPI,의약품 제조업,2023
00111810,003090,대웅,KOSPI,의약품 제조업,2024
00150439,003780,진양산업,KOSPI,플라스틱제품 제조업,2018
00150439,003780,진양산업,KOSPI,플라스틱제품 제조업,2019
00150439,003780,진양산업,KOSPI,플라스틱제품 제조업,2020
00150439,003780,진양산업,KOSPI,플라스틱제품 제조업,2021
00150439,003780,진양산업,KOSPI,플라스틱제품 제조업,2022
00150439,003780,진양산업,KOSPI,플라스틱제품 제조업,2023
00150439,003780,진양산업,KOSPI,플라스틱제품 제조업,2024
00141149,003520,영진약품,KOSPI,의약품 제조업,2018
00141149,003520,영진약품,KOSPI,의약품 제조업,2019
00141149,003520,영진약품,KOSPI,의약품 제조업,2020
00141149,003520,영진약품,KOSPI,의약품 제조업,2021
00141149,003520,영진약품,KOSPI,의약품 제조업,2022
00141149,003520,영진약품,KOSPI,의약품 제조업,2023
00141149,003520,영진약품,KOSPI,의약품 제조업,2024
00105271,002380,케이씨씨,KOSPI,기타 화학제품 제조업,2018
00105271,002380,케이씨씨,KOSPI,기타 화학제품 제조업,2019
00105271,002380,케이씨씨,KOSPI,기타 화학제품 제조업,2020
00105271,002380,케이씨씨,KOSPI,기타 화학제품 제조업,2021
00105271,002380,케이씨씨,KOSPI,기타 화학제품 제조업,2022
00105271,002380,케이씨씨,KOSPI,기타 화학제품 제조업,2023
00105271,002380,케이씨씨,KOSPI,기타 화학제품 제조업,2024
00120571,005300,롯데칠성음료,KOSPI,비알코올음료 및 얼음 제조업,2018
00120571,005300,롯데칠성음료,KOSPI,비알코올음료 및 얼음 제조업,2019
00120571,005300,롯데칠성음료,KOSPI,비알코올음료 및 얼음 제조업,2020
00120571,005300,롯데칠성음료,KOSPI,비알코올음료 및 얼음 제조업,2021
00120571,005300,롯데칠성음료,KOSPI,비알코올음료 및 얼음 제조업,2022
00120571,005300,롯데칠성음료,KOSPI,비알코올음료 및 얼음 제조업,2023
00120571,005300,롯데칠성음료,KOSPI,비알코올음료 및 얼음 제조업,2024
00146269,003200,일신방직,KOSPI,방적 및 가공사 제조업,2018
00146269,003200,일신방직,KOSPI,방적 및 가공사 제조업,2019
00146269,003200,일신방직,KOSPI,방적 및 가공사 제조업,2020
00146269,003200,일신방직,KOSPI,방적 및 가공사 제조업,2021
00146269,003200,일신방직,KOSPI,방적 및 가공사 제조업,2022
00146269,003200,일신방직,KOSPI,방적 및 가공사 제조업,2023
00146269,003200,일신방직,KOSPI,방적 및 가공사 제조업,2024
00154462,002790,아모레퍼시픽홀딩스,KOSPI,기타 화학제품 제조업,2018
00154462,002790,아모레퍼시픽홀딩스,KOSPI,기타 화학제품 제조업,2019
00154462,002790,아모레퍼시픽홀딩스,KOSPI,기타 화학제품 제조업,2020
00154462,002790,아모레퍼시픽홀딩스,KOSPI,기타 화학제품 제조업,2021
00154462,002790,아모레퍼시픽홀딩스,KOSPI,기타 화학제품 제조업,2022
00154462,002790,아모레퍼시픽홀딩스,KOSPI,기타 화학제품 제조업,2023
00154462,002790,아모레퍼시픽홀딩스,KOSPI,기타 화학제품 제조업,2024
00122898,007210,벽산,KOSPI,기타 비금속 광물제품 제조업,2018
00122898,007210,벽산,KOSPI,기타 비금속 광물제품 제조업,2019
00122898,007210,벽산,KOSPI,기타 비금속 광물제품 제조업,2020
00122898,007210,벽산,KOSPI,기타 비금속 광물제품 제조업,2021
00122898,007210,벽산,KOSPI,기타 비금속 광물제품 제조업,2022
00122898,007210,벽산,KOSPI,기타 비금속 광물제품 제조업,2023
00122898,007210,벽산,KOSPI,기타 비금속 광물제품 제조업,2024
00113243,001130,대한제분,KOSPI,"곡물가공품, 전분 및 전분제품 제조업",2018
00113243,001130,대한제분,KOSPI,"곡물가공품, 전분 및 전분제품 제조업",2019
00113243,001130,대한제분,KOSPI,"곡물가공품, 전분 및 전분제품 제조업",2020
00113243,001130,대한제분,KOSPI,"곡물가공품, 전분 및 전분제품 제조업",2021
00113243,001130,대한제분,KOSPI,"곡물가공품, 전분 및 전분제품 제조업",2022
00113243,001130,대한제분,KOSPI,"곡물가공품, 전분 및 전분제품 제조업",2023
00113243,001130,대한제분,KOSPI,"곡물가공품, 전분 및 전분제품 제조업",2024
00121941,001680,대상,KOSPI,기타 식품 제조업,2018
00121941,001680,대상,KOSPI,기타 식품 제조업,2019
00121941,001680,대상,KOSPI,기타 식품 제조업,2020
00121941,001680,대상,KOSPI,기타 식품 제조업,2021
00121941,001680,대상,KOSPI,기타 식품 제조업,2022
00121941,001680,대상,KOSPI,기타 식품 제조업,2023
00121941,001680,대상,KOSPI,기타 식품 제조업,2024
00159573,000970,한국주철관공업,KOSPI,1차 철강 제조업,2018
00159573,000970,한국주철관공업,KOSPI,1차 철강 제조업,2019
00159573,000970,한국주철관공업,KOSPI,1차 철강 제조업,2020
00159573,000970,한국주철관공업,KOSPI,1차 철강 제조업,2021
00159573,000970,한국주철관공업,KOSPI,1차 철강 제조업,2022
00159573,000970,한국주철관공업,KOSPI,1차 철강 제조업,2023
00159573,000970,한국주철관공업,KOSPI,1차 철강 제조업,2024
00162993,003300,한일홀딩스,KOSPI,"시멘트, 석회, 플라스터 및 그 제품 제조업",2018
00162993,003300,한일홀딩스,KOSPI,"시멘트, 석회, 플라스터 및 그 제품 제조업",2019
00162993,003300,한일홀딩스,KOSPI,"시멘트, 석회, 플라스터 및 그 제품 제조업",2020
00162993,003300,한일홀딩스,KOSPI,"시멘트, 석회, 플라스터 및 그 제품 제조업",2021
00162993,003300,한일홀딩스,KOSPI,"시멘트, 석회, 플라스터 및 그 제품 제조업",2022
00162993,003300,한일홀딩스,KOSPI,"시멘트, 석회, 플라스터 및 그 제품 제조업",2023
00162993,003300,한일홀딩스,KOSPI,"시멘트, 석회, 플라스터 및 그 제품 제조업",2024
00108038,004250,엔피씨,KOSPI,플라스틱제품 제조업,2018
00108038,004250,엔피씨,KOSPI,플라스틱제품 제조업,2019
00108038,004250,엔피씨,KOSPI,플라스틱제품 제조업,2020
00108038,004250,엔피씨,KOSPI,플라스틱제품 제조업,2021
00108038,004250,엔피씨,KOSPI,플라스틱제품 제조업,2022
00108038,004250,엔피씨,KOSPI,플라스틱제품 제조업,2023
00108038,004250,엔피씨,KOSPI,플라스틱제품 제조업,2024
00113207,001440,대한전선,KOSPI,절연선 및 케이블 제조업,2018
00113207,001440,대한전선,KOSPI,절연선 및 케이블 제조업,2019
00113207,001440,대한전선,KOSPI,절연선 및 케이블 제조업,2020
00113207,001440,대한전선,KOSPI,절연선 및 케이블 제조업,2021
00113207,001440,대한전선,KOSPI,절연선 및 케이블 제조업,2022
00113207,001440,대한전선,KOSPI,절연선 및 케이블 제조업,2023
00113207,001440,대한전선,KOSPI,절연선 및 케이블 제조업,2024
00113234,001790,대한제당,KOSPI,"곡물가공품, 전분 및 전분제품 제조업",2018
00113234,001790,대한제당,KOSPI,"곡물가공품, 전분 및 전분제품 제조업",2019
00113234,001790,대한제당,KOSPI,"곡물가공품, 전분 및 전분제품 제조업",2020
00113234,001790,대한제당,KOSPI,"곡물가공품, 전분 및 전분제품 제조업",2021
00113234,001790,대한제당,KOSPI,"곡물가공품, 전분 및 전분제품 제조업",2022
00113234,001790,대한제당,KOSPI,"곡물가공품, 전분 및 전분제품 제조업",2023
00113234,001790,대한제당,KOSPI,"곡물가공품, 전분 및 전분제품 제조업",2024
00133618,002420,세기상사,KOSPI,연료 소매업,2018
00133618,002420,세기상사,KOSPI,연료 소매업,2019
00133618,002420,세기상사,KOSPI,연료 소매업,2020
00133618,002420,세기상사,KOSPI,연료 소매업,2021
00133618,002420,세기상사,KOSPI,연료 소매업,2022
00133618,002420,세기상사,KOSPI,연료 소매업,2023
00133618,002420,세기상사,KOSPI,연료 소매업,2024
00147222,000950,전방,KOSPI,방적 및 가공사 제조업,2018
00147222,000950,전방,KOSPI,방적 및 가공사 제조업,2019
00147222,000950,전방,KOSPI,방적 및 가공사 제조업,2020
00147222,000950,전방,KOSPI,방적 및 가공사 제조업,2021
00147222,000950,전방,KOSPI,방적 및 가공사 제조업,2022
00147222,000950,전방,KOSPI,방적 및 가공사 제조업,2023
00147222,000950,전방,KOSPI,방적 및 가공사 제조업,2024
00113526,003490,대한항공,KOSPI,항공 여객 운송업,2018
00113526,003490,대한항공,KOSPI,항공 여객 운송업,2019
00113526,003490,대한항공,KOSPI,항공 여객 운송업,2020
00113526,003490,대한항공,KOSPI,항공 여객 운송업,2021
00113526,003490,대한항공,KOSPI,항공 여객 운송업,2022
00113526,003490,대한항공,KOSPI,항공 여객 운송업,2023
00113526,003490,대한항공,KOSPI,항공 여객 운송업,2024
00118345,001530,디아이동일,KOSPI,상품 중개업,2018
00118345,001530,디아이동일,KOSPI,상품 중개업,2019
00118345,001530,디아이동일,KOSPI,상품 중개업,2020
00118345,001530,디아이동일,KOSPI,상품 중개업,2021
00118345,001530,디아이동일,KOSPI,상품 중개업,2022
00118345,001530,디아이동일,KOSPI,상품 중개업,2023
00118345,001530,디아이동일,KOSPI,상품 중개업,2024
00145109,000100,유한양행,KOSPI,의약품 제조업,2018
00145109,000100,유한양행,KOSPI,의약품 제조업,2019
00145109,000100,유한양행,KOSPI,의약품 제조업,2020
00145109,000100,유한양행,KOSPI,의약품 제조업,2021
00145109,000100,유한양행,KOSPI,의약품 제조업,2022
00145109,000100,유한양행,KOSPI,의약품 제조업,2023
00145109,000100,유한양행,KOSPI,의약품 제조업,2024
00113410,000120,CJ대한통운,KOSPI,도로 화물 운송업,2018
00113410,000120,CJ대한통운,KOSPI,도로 화물 운송업,2019
00113410,000120,CJ대한통운,KOSPI,도로 화물 운송업,2020
00113410,000120,CJ대한통운,KOSPI,도로 화물 운송업,2021
00113410,000120,CJ대한통운,KOSPI,도로 화물 운송업,2022
00113410,000120,CJ대한통운,KOSPI,도로 화물 운송업,2023
00113410,000120,CJ대한통운,KOSPI,도로 화물 운송업,2024
00101628,000050,경방,KOSPI,종합 소매업,2018
00101628,000050,경방,KOSPI,종합 소매업,2019
00101628,000050,경방,KOSPI,종합 소매업,2020
00101628,000050,경방,KOSPI,종합 소매업,2021
00101628,000050,경방,KOSPI,종합 소매업,2022
00101628,000050,경방,KOSPI,종합 소매업,2023
00101628,000050,경방,KOSPI,종합 소매업,2024
00163673,003480,한진중공업홀딩스,KOSPI,연료용 가스 제조 및 배관공급업,2018
00163673,003480,한진중공업홀딩스,KOSPI,연료용 가스 제조 및 배관공급업,2019
00163673,003480,한진중공업홀딩스,KOSPI,연료용 가스 제조 및 배관공급업,2020
00163673,003480,한진중공업홀딩스,KOSPI,연료용 가스 제조 및 배관공급업,2021
00163673,003480,한진중공업홀딩스,KOSPI,연료용 가스 제조 및 배관공급업,2022
00163673,003480,한진중공업홀딩스,KOSPI,연료용 가스 제조 및 배관공급업,2023
00163673,003480,한진중공업홀딩스,KOSPI,연료용 가스 제조 및 배관공급업,2024
