model,variable,coef,std_err,t_or_z,p_value,nobs,stars,coef_stars,std_err_fmt
M1_controls,Intercept,-0.5125421076493263,0.16167779865059226,-3.170145263772422,0.0015236274612124559,4575.0,***,-0.5125***,(0.1617)
M1_controls,C(fiscal_year)[T.2019],-0.07485408466247019,0.02094926432708845,-3.5731128069103653,0.000352762701025828,4575.0,***,-0.0749***,(0.0209)
M1_controls,C(fiscal_year)[T.2020],0.039383649562008176,0.022806918142460806,1.7268290838772127,0.08419836354084777,4575.0,*,0.0394*,(0.0228)
M1_controls,C(fiscal_year)[T.2021],0.07014393567256068,0.02384486202063946,2.941679243597468,0.0032643786101546816,4575.0,***,0.0701***,(0.0238)
M1_controls,C(fiscal_year)[T.2022],-0.031117043518196698,0.021428098338182645,-1.4521607576697255,0.14645691129672672,4575.0,,-0.0311,(0.0214)
M1_controls,C(fiscal_year)[T.2023],0.020123090467118757,0.02258782888925915,0.8908820128652376,0.3729924709286494,4575.0,,0.0201,(0.0226)
M1_controls,C(fiscal_year)[T.2024],0.10106499127566115,0.0238760087678225,4.2329097906793205,2.3068705314608777e-05,4575.0,***,0.1011***,(0.0239)
M1_controls,C(sector)[T.1차 철강 제조업],0.003921121539112139,0.05804439101513124,0.06755384061295373,0.9461408012648139,4575.0,,0.0039,(0.0580)
M1_controls,C(sector)[T.가구 제조업],0.017905369959123184,0.06530334459578967,0.27418764031080894,0.7839404258970679,4575.0,,0.0179,(0.0653)
M1_controls,C(sector)[T.가전제품 및 정보통신장비 소매업],-0.14275216282289366,0.05193792419463475,-2.7485149827693753,0.00598658987730096,4575.0,***,-0.1428***,(0.0519)
M1_controls,C(sector)[T.가정용 기기 제조업],0.08034975103463268,0.0511565031634782,1.5706654299232128,0.11626038314516603,4575.0,,0.0803,(0.0512)
M1_controls,"C(sector)[T.가죽, 가방 및 유사제품 제조업]",0.07776896339169913,0.08912513208179015,0.8725817463061993,0.38289109350616723,4575.0,,0.0778,(0.0891)
M1_controls,C(sector)[T.개인 및 가정용품 임대업],0.387000768003598,0.052153152448875556,7.420467408618593,1.1670772530006286e-13,4575.0,***,0.3870***,(0.0522)
M1_controls,C(sector)[T.건물 건설업],0.07122091908497334,0.07544356984631871,0.9440290170527844,0.3451548203747077,4575.0,,0.0712,(0.0754)
M1_controls,C(sector)[T.건물설비 설치 공사업],0.10965441304667081,0.05332853017405789,2.0562054249155572,0.0397627196047977,4575.0,**,0.1097**,(0.0533)
M1_controls,"C(sector)[T.건축기술, 엔지니어링 및 관련 기술 서비스업]",0.11391765511375435,0.0830231442529913,1.3721192582952546,0.1700263151917606,4575.0,,0.1139,(0.0830)
M1_controls,"C(sector)[T.건축자재, 철물 및 난방장치 도매업]",-0.16378593189559945,0.05278864340268325,-3.102673630883157,0.0019178101027453062,4575.0,***,-0.1638***,(0.0528)
M1_controls,"C(sector)[T.경비, 경호 및 탐정업]",-0.21533879832802308,0.05159258940523179,-4.173831955528607,2.9951871641537927e-05,4575.0,***,-0.2153***,(0.0516)
M1_controls,C(sector)[T.고무제품 제조업],-0.034164812731437635,0.12743404427223048,-0.2680980025906828,0.78862388327558,4575.0,,-0.0342,(0.1274)
M1_controls,"C(sector)[T.곡물가공품, 전분 및 전분제품 제조업]",0.02345546101411046,0.07063215753925683,0.3320790675419208,0.7398295557858974,4575.0,,0.0235,(0.0706)
M1_controls,"C(sector)[T.골판지, 종이 상자 및 종이용기 제조업]",0.0025268622495877528,0.09633700705905755,0.02622940370193054,0.979074363183586,4575.0,,0.0025,(0.0963)
M1_controls,C(sector)[T.광고업],0.10650759589607833,0.062488885640122255,1.7044246317571228,0.08830178541157607,4575.0,*,0.1065*,(0.0625)
M1_controls,"C(sector)[T.구조용 금속제품, 탱크 및 증기발생기 제조업]",0.07669171646179608,0.06879708267075746,1.1147524500249526,0.26495651796864794,4575.0,,0.0767,(0.0688)
M1_controls,C(sector)[T.귀금속 및 장신용품 제조업],-0.2193350151007162,0.05116876050449808,-4.286502407683594,1.8150823612173993e-05,4575.0,***,-0.2193***,(0.0512)
M1_controls,C(sector)[T.그외 기타 개인 서비스업],0.19728806789794207,0.05190804768276852,3.8007221751750477,0.00014427499230568617,4575.0,***,0.1973***,(0.0519)
M1_controls,C(sector)[T.그외 기타 운송장비 제조업],0.02240603644260536,0.05317063878244194,0.4213986695605452,0.6734639905201514,4575.0,,0.0224,(0.0532)
M1_controls,C(sector)[T.금속 주조업],0.08309191158128508,0.05143332164420862,1.6155268398972091,0.10619665280245352,4575.0,,0.0831,(0.0514)
M1_controls,C(sector)[T.기계장비 및 관련 물품 도매업],-0.002201094725395253,0.05513702565195172,-0.03992044727420547,0.9681565495280555,4575.0,,-0.0022,(0.0551)
M1_controls,C(sector)[T.기반조성 및 시설물 축조관련 전문공사업],0.029531055682147558,0.06796453294268022,0.4345068582616965,0.6639204156296095,4575.0,,0.0295,(0.0680)
M1_controls,C(sector)[T.기초 의약물질 제조업],-0.08123613242859966,0.07960270036679311,-1.0205198071708625,0.3074820003212101,4575.0,,-0.0812,(0.0796)
M1_controls,C(sector)[T.기초 화학물질 제조업],0.05197412110915679,0.06569823736814441,0.7911037371964239,0.42888345853674936,4575.0,,0.0520,(0.0657)
M1_controls,C(sector)[T.기타 금속 가공제품 제조업],0.1046632121062753,0.10140343420397344,1.0321466223298197,0.30200343592014844,4575.0,,0.1047,(0.1014)
M1_controls,C(sector)[T.기타 비금속 광물제품 제조업],-0.1830182013285926,0.05452818503840909,-3.356396351715658,0.0007896531310238215,4575.0,***,-0.1830***,(0.0545)
M1_controls,C(sector)[T.기타 사업지원 서비스업],-0.16727023400458957,0.053671244840449606,-3.1165707913397513,0.001829677451598172,4575.0,***,-0.1673***,(0.0537)
M1_controls,C(sector)[T.기타 상품 전문 소매업],0.009032549250715274,0.05212351840134672,0.17329124218295094,0.8624225072773247,4575.0,,0.0090,(0.0521)
M1_controls,C(sector)[T.기타 식품 제조업],-0.033300044174854514,0.0682753685100954,-0.4877314454909265,0.6257400752952575,4575.0,,-0.0333,(0.0683)
M1_controls,C(sector)[T.기타 운송관련 서비스업],-0.11094239217797913,0.06615637400277301,-1.6769720809264559,0.093547941458331,4575.0,*,-0.1109*,(0.0662)
M1_controls,C(sector)[T.기타 전기장비 제조업],-0.2089569994218844,0.053225830061979895,-3.9258570355513513,8.642147621576113e-05,4575.0,***,-0.2090***,(0.0532)
M1_controls,C(sector)[T.기타 전문 도매업],0.03978293023880287,0.06685285253327719,0.5950820156701647,0.5517886495053417,4575.0,,0.0398,(0.0669)
M1_controls,C(sector)[T.기타 정보 서비스업],-0.08727673511103984,0.09016994626771298,-0.9679137974854366,0.3330874229501386,4575.0,,-0.0873,(0.0902)
M1_controls,C(sector)[T.기타 종이 및 판지 제품 제조업],-0.004538160797793541,0.05339482166826326,-0.08499252654103209,0.9322673321678329,4575.0,,-0.0045,(0.0534)
M1_controls,C(sector)[T.기타 화학제품 제조업],-0.03975505376113811,0.057798829190453906,-0.6878176308751957,0.49156763196987385,4575.0,,-0.0398,(0.0578)
M1_controls,C(sector)[T.나무제품 제조업],-0.21347292045318522,0.051265323269059616,-4.164080256215286,3.126101484588275e-05,4575.0,***,-0.2135***,(0.0513)
M1_controls,"C(sector)[T.내화, 비내화 요업제품 제조업]",0.08658710279787174,0.06739445220680808,1.2847808678994628,0.1988688698302743,4575.0,,0.0866,(0.0674)
M1_controls,C(sector)[T.담배 제조업],0.029254966629873515,0.053582478211781234,0.5459800965951066,0.5850796187409747,4575.0,,0.0293,(0.0536)
M1_controls,C(sector)[T.도로 화물 운송업],0.1029714575719166,0.06333925980480874,1.6257129920564521,0.10401072494081168,4575.0,,0.1030,(0.0633)
M1_controls,"C(sector)[T.도축, 육류 가공 및 저장 처리업]",0.04652754299609247,0.052753510278535365,0.8819800379241085,0.37778760234149356,4575.0,,0.0465,(0.0528)
M1_controls,C(sector)[T.동·식물성 유지 및 낙농제품 제조업],-0.004748520858800426,0.06483982944023772,-0.07323462908206897,0.9416194103396434,4575.0,,-0.0047,(0.0648)
M1_controls,C(sector)[T.동물용 사료 및 조제식품 제조업],-0.22668338401282145,0.05191385643958663,-4.3665294693839245,1.2623626304409616e-05,4575.0,***,-0.2267***,(0.0519)
M1_controls,"C(sector)[T.떡, 빵 및 과자류 제조업]",0.10274735537665866,0.051728901313669674,1.9862659512837373,0.04700380120477374,4575.0,**,0.1027**,(0.0517)
M1_controls,C(sector)[T.무기 및 총포탄 제조업],0.12469667406459171,0.24637953038366134,0.506116209696538,0.6127750718360038,4575.0,,0.1247,(0.2464)
M1_controls,C(sector)[T.무점포 소매업],0.19452510801615935,0.051731348410595374,3.7602945601224196,0.00016971340179967637,4575.0,***,0.1945***,(0.0517)
M1_controls,C(sector)[T.반도체 제조업],0.03685424128923044,0.06932965480704947,0.5315797603752541,0.5950170857921835,4575.0,,0.0369,(0.0693)
M1_controls,C(sector)[T.방적 및 가공사 제조업],0.29235610690028907,0.07140213738648761,4.094500775485407,4.230789978495057e-05,4575.0,***,0.2924***,(0.0714)
M1_controls,C(sector)[T.봉제의복 제조업],0.024685652040815596,0.07190356286054692,0.343316117571143,0.7313606567932706,4575.0,,0.0247,(0.0719)
M1_controls,"C(sector)[T.비료, 농약 및 살균, 살충제 제조업]",-0.09740825393195962,0.05934044164760101,-1.641515486359674,0.10069045507900376,4575.0,,-0.0974,(0.0593)
M1_controls,C(sector)[T.비알코올음료 및 얼음 제조업],0.010078610564800727,0.05137376435128074,0.1961820530784108,0.8444676746768452,4575.0,,0.0101,(0.0514)
M1_controls,C(sector)[T.산업용 기계 및 장비 임대업],0.32261971156645747,0.05264717231826797,6.127958964559852,8.901353461273555e-10,4575.0,***,0.3226***,(0.0526)
M1_controls,C(sector)[T.산업용 농·축산물 및 동·식물 도매업],-0.05852017151419886,0.05190278995791488,-1.1274956810924741,0.25953296551788796,4575.0,,-0.0585,(0.0519)
M1_controls,C(sector)[T.상품 종합 도매업],-0.055956410200345925,0.05944623518071068,-0.9412944323596603,0.346553995160942,4575.0,,-0.0560,(0.0594)
M1_controls,C(sector)[T.상품 중개업],-0.11567884965427166,0.05469823502912825,-2.1148552525080495,0.034442286006784124,4575.0,**,-0.1157**,(0.0547)
M1_controls,C(sector)[T.생활용품 도매업],0.04370514567543415,0.07104482304134646,0.6151770643442768,0.5384377928316715,4575.0,,0.0437,(0.0710)
M1_controls,"C(sector)[T.서적, 잡지 및 기타 인쇄물 출판업]",0.16912225612136406,0.06272204914691282,2.6963764484995028,0.007009839671409816,4575.0,***,0.1691***,(0.0627)
M1_controls,C(sector)[T.석유 정제품 제조업],-0.16835968386173863,0.0684975260529601,-2.457894373171497,0.013975427188254924,4575.0,**,-0.1684**,(0.0685)
M1_controls,C(sector)[T.선박 및 보트 건조업],-0.10826742837783039,0.07520029419141246,-1.4397208088342035,0.1499464036930961,4575.0,,-0.1083,(0.0752)
M1_controls,"C(sector)[T.섬유, 의복, 신발 및 가죽제품 소매업]",-0.01566926649799268,0.06395379720273356,-0.24500916573133413,0.8064493343977042,4575.0,,-0.0157,(0.0640)
M1_controls,C(sector)[T.소프트웨어 개발 및 공급업],-0.015973501178565556,0.09477252455365046,-0.16854569669633526,0.8661539970641914,4575.0,,-0.0160,(0.0948)
M1_controls,C(sector)[T.수산물 가공 및 저장 처리업],-0.036822662615846484,0.07369954530402567,-0.49963215463467897,0.6173341124640903,4575.0,,-0.0368,(0.0737)
M1_controls,C(sector)[T.스포츠 서비스업],0.27811042796063745,0.053939360896371163,5.15598300274536,2.523037834897826e-07,4575.0,***,0.2781***,(0.0539)
M1_controls,"C(sector)[T.시멘트, 석회, 플라스터 및 그 제품 제조업]",-0.09437852452832245,0.07542118710651295,-1.2513529440346405,0.21080573718203666,4575.0,,-0.0944,(0.0754)
M1_controls,C(sector)[T.신발 및 신발 부분품 제조업],-0.244562783416245,0.05100600705915326,-4.794783938539198,1.628502542621103e-06,4575.0,***,-0.2446***,(0.0510)
M1_controls,C(sector)[T.악기 제조업],0.07875733010893327,0.051738402975659716,1.5222219005481206,0.12795348937220447,4575.0,,0.0788,(0.0517)
M1_controls,C(sector)[T.알코올음료 제조업],-0.027313741207164968,0.09892291052433297,-0.2761113786724498,0.7824625213545451,4575.0,,-0.0273,(0.0989)
M1_controls,C(sector)[T.어로 어업],0.1011407770808468,0.10944108012810969,0.9241573361890553,0.35540440483835456,4575.0,,0.1011,(0.1094)
M1_controls,C(sector)[T.여행사 및 기타 여행보조 서비스업],0.00815671118202058,0.054743274916864676,0.14899932812583258,0.8815541631249048,4575.0,,0.0082,(0.0547)
M1_controls,C(sector)[T.연료 소매업],-0.08584815532218604,0.13958920365442673,-0.6150056958181062,0.5385509588925244,4575.0,,-0.0858,(0.1396)
M1_controls,C(sector)[T.연료용 가스 제조 및 배관공급업],-0.04183993954662791,0.0913072654017536,-0.45823231440051815,0.6467855462351815,4575.0,,-0.0418,(0.0913)
M1_controls,C(sector)[T.영상 및 음향기기 제조업],0.057321887705276554,0.09202977986625042,0.6228623798577388,0.5333749616287151,4575.0,,0.0573,(0.0920)
M1_controls,"C(sector)[T.영화, 비디오물, 방송프로그램 제작 및 배급업]",0.051262835540409314,0.1292265721780162,0.39668958695114304,0.6915963799148575,4575.0,,0.0513,(0.1292)
M1_controls,C(sector)[T.오디오물 출판 및 원판 녹음업],0.12030183422791722,0.0516231023846733,2.3303875333078468,0.01978567807664622,4575.0,**,0.1203**,(0.0516)
M1_controls,C(sector)[T.운송장비 임대업],-0.0050311307492490985,0.17671744120630647,-0.028469916239764758,0.9772873616620468,4575.0,,-0.0050,(0.1767)
M1_controls,C(sector)[T.유리 및 유리제품 제조업],0.10899175459899671,0.057407288766757554,1.8985699715209303,0.0576210397145167,4575.0,*,0.1090*,(0.0574)
M1_controls,C(sector)[T.유원지 및 기타 오락관련 서비스업],0.03701959788413806,0.09118696421080877,0.4059746719778393,0.6847612105641019,4575.0,,0.0370,(0.0912)
M1_controls,C(sector)[T.육상 여객 운송업],-0.06304577075228275,0.05263698883009961,-1.1977465305962003,0.23101570875677024,4575.0,,-0.0630,(0.0526)
M1_controls,C(sector)[T.음·식료품 및 담배 도매업],-0.027436505841119722,0.08438150789468092,-0.325148323674946,0.7450688171592014,4575.0,,-0.0274,(0.0844)
M1_controls,C(sector)[T.음식점업],-0.09059637580966864,0.05132832895381537,-1.7650365335521871,0.07755762589583329,4575.0,*,-0.0906*,(0.0513)
M1_controls,C(sector)[T.의료용 기기 제조업],0.05245277459584881,0.08481259295319006,0.6184550285450965,0.5362754334938278,4575.0,,0.0525,(0.0848)
M1_controls,C(sector)[T.의료용품 및 기타 의약 관련제품 제조업],0.10258838679498322,0.0547999486622668,1.8720526076992798,0.06119932570244943,4575.0,*,0.1026*,(0.0548)
M1_controls,C(sector)[T.의약품 제조업],0.028704811370991783,0.060113105231693234,0.4775133685134908,0.6329966036093346,4575.0,,0.0287,(0.0601)
M1_controls,C(sector)[T.일반 목적용 기계 제조업],0.04857720817491346,0.07437368058608972,0.6531505203468305,0.5136592453091577,4575.0,,0.0486,(0.0744)
M1_controls,C(sector)[T.일반 및 생활 숙박시설 운영업],-0.09692085898739529,0.0508463474510561,-1.9061518446470476,0.05663050791476617,4575.0,*,-0.0969*,(0.0508)
M1_controls,C(sector)[T.일차전지 및 이차전지 제조업],-0.007389692255544472,0.08908026767010975,-0.08295543388924986,0.9338869760214539,4575.0,,-0.0074,(0.0891)
M1_controls,C(sector)[T.자동차 부품 및 내장품 판매업],-0.03289367036970244,0.05249300485022018,-0.6266295950014465,0.5309020640985486,4575.0,,-0.0329,(0.0525)
M1_controls,C(sector)[T.자동차 신품 부품 제조업],0.016244104958250422,0.05969119183356561,0.2721357114721911,0.7855176715719803,4575.0,,0.0162,(0.0597)
M1_controls,C(sector)[T.자동차 판매업],0.07881034152936031,0.11905211061810875,0.6619818928046174,0.5079828262956088,4575.0,,0.0788,(0.1191)
M1_controls,C(sector)[T.자동차용 엔진 및 자동차 제조업],-0.07152762455015536,0.08180141061905766,-0.874405759128697,0.3818973221591936,4575.0,,-0.0715,(0.0818)
M1_controls,"C(sector)[T.자료처리, 호스팅, 포털 및 기타 인터넷 정보매개 서비스업]",-0.000905333537988069,0.08949730586161947,-0.010115763030765347,0.9919289265076048,4575.0,,-0.0009,(0.0895)
M1_controls,C(sector)[T.자연과학 및 공학 연구개발업],-0.020344669081041402,0.20364900892111346,-0.09990065352550878,0.920423197509859,4575.0,,-0.0203,(0.2036)
M1_controls,C(sector)[T.전구 및 조명장치 제조업],0.025741094946254626,0.059778367611920694,0.4306088636171033,0.6667527952352319,4575.0,,0.0257,(0.0598)
M1_controls,C(sector)[T.전기 및 통신 공사업],0.10039784945684806,0.05258500187451119,1.909248756830653,0.05623000930004865,4575.0,*,0.1004*,(0.0526)
M1_controls,C(sector)[T.전기 통신업],-0.09251592137701908,0.056962886822435346,-1.6241438336053722,0.10434511474084414,4575.0,,-0.0925,(0.0570)
M1_controls,C(sector)[T.전기업],0.11892313383531505,0.1702534248504643,0.6985065583248427,0.4848604578525808,4575.0,,0.1189,(0.1703)
M1_controls,"C(sector)[T.전동기, 발전기 및 전기 변환 · 공급 · 제어 장치 제조업]",0.13590145460502012,0.09905146557812619,1.3720287106486955,0.17005450023150626,4575.0,,0.1359,(0.0991)
M1_controls,C(sector)[T.전자부품 제조업],-0.010915850684407305,0.06309478924238153,-0.17300716613021025,0.8626457948075847,4575.0,,-0.0109,(0.0631)
M1_controls,C(sector)[T.절연선 및 케이블 제조업],-0.003959178830449225,0.09437958534096762,-0.04194952559015591,0.9665389354085264,4575.0,,-0.0040,(0.0944)
M1_controls,C(sector)[T.제재 및 목재 가공업],0.09321531013380975,0.1287029387829146,0.7242671458422373,0.4689017429053325,4575.0,,0.0932,(0.1287)
M1_controls,C(sector)[T.종합 소매업],-0.10107927184741106,0.06973104386440003,-1.4495591381647925,0.1471814977489317,4575.0,,-0.1011,(0.0697)
M1_controls,"C(sector)[T.증기, 냉·온수 및 공기조절 공급업]",0.13108412917602058,0.05245423672740586,2.4990189039874604,0.012453766751609717,4575.0,**,0.1311**,(0.0525)
M1_controls,C(sector)[T.직물직조 및 직물제품 제조업],0.16184901894388823,0.12525276615137615,1.2921791982484692,0.19629509377852927,4575.0,,0.1618,(0.1253)
M1_controls,C(sector)[T.초등 교육기관],-0.02784990119601905,0.15982581772269372,-0.1742515795810919,0.8616677508853243,4575.0,,-0.0278,(0.1598)
M1_controls,"C(sector)[T.측정, 시험, 항해, 제어 및 기타 정밀기기 제조업; 광학기기 제외]",0.017702305525357533,0.10700367052649302,0.16543643258456842,0.8686004796803399,4575.0,,0.0177,(0.1070)
M1_controls,C(sector)[T.컴퓨터 및 주변장치 제조업],-0.1233044837781777,0.06935765819082465,-1.7778063301809934,0.07543566847817443,4575.0,*,-0.1233*,(0.0694)
M1_controls,"C(sector)[T.컴퓨터 프로그래밍, 시스템 통합 및 관리업]",0.0225273853993658,0.0750593753760545,0.300127536187205,0.7640798759877108,4575.0,,0.0225,(0.0751)
M1_controls,C(sector)[T.텔레비전 방송업],-0.09934792573953538,0.08578128393513372,-1.1581538673944367,0.24680125062807967,4575.0,,-0.0993,(0.0858)
M1_controls,C(sector)[T.토목 건설업],0.1758373261293043,0.07117559013576268,2.470472331791087,0.013493475667316032,4575.0,**,0.1758**,(0.0712)
M1_controls,C(sector)[T.통신 및 방송 장비 제조업],-0.08336681167665788,0.08460779196704413,-0.9853325531663842,0.32446074759435406,4575.0,,-0.0834,(0.0846)
M1_controls,C(sector)[T.특수 목적용 기계 제조업],-0.014317671671724968,0.0588255253992535,-0.2433921596883291,0.8077016168909766,4575.0,,-0.0143,(0.0588)
M1_controls,"C(sector)[T.펄프, 종이 및 판지 제조업]",-0.0996197300805396,0.07902292137111924,-1.260643473463738,0.20743732822088068,4575.0,,-0.0996,(0.0790)
M1_controls,C(sector)[T.편조원단 제조업],0.21883394916800863,0.054938540630376786,3.98325013109304,6.797914044153973e-05,4575.0,***,0.2188***,(0.0549)
M1_controls,C(sector)[T.플라스틱제품 제조업],-0.07900502321285617,0.06007245842326067,-1.3151621439595456,0.1884554148237595,4575.0,,-0.0790,(0.0601)
M1_controls,C(sector)[T.합성고무 및 플라스틱 물질 제조업],0.19400495643708038,0.05266418070593491,3.6838122958821096,0.00022977146810803438,4575.0,***,0.1940***,(0.0527)
M1_controls,C(sector)[T.항공 여객 운송업],0.04140559888027248,0.09302307009157791,0.4451110766341096,0.6562394844591575,4575.0,,0.0414,(0.0930)
M1_controls,"C(sector)[T.항공기,우주선 및 부품 제조업]",0.14658314994867092,0.0534604265946206,2.7419001172620776,0.006108491343277542,4575.0,***,0.1466***,(0.0535)
M1_controls,C(sector)[T.해상 운송업],-0.03363265418674406,0.0845326299234196,-0.3978659390724362,0.6907290084835828,4575.0,,-0.0336,(0.0845)
M1_controls,C(sector)[T.화학섬유 제조업],0.013562187820545737,0.09487470370595438,0.1429484076448775,0.886330927342384,4575.0,,0.0136,(0.0949)
M1_controls,LogAssets_w,0.025267810524671277,0.005678265650875441,4.449916942645267,8.590350485234023e-06,4575.0,***,0.0253***,(0.0057)
M1_controls,Leverage_w,0.038807399510203205,0.0449635882987985,0.8630850200903606,0.3880907234558567,4575.0,,0.0388,(0.0450)
M1_controls,ROA_w,-0.21262794162602813,0.13858686758209732,-1.5342575045941471,0.12496631571717937,4575.0,,-0.2126,(0.1386)
M1_controls,Loss,0.03942702411690555,0.02197799827323615,1.7939315321959082,0.07282409778737121,4575.0,*,0.0394*,(0.0220)
M2_governance,Intercept,0.3807434295250435,0.19051541602290295,1.9984914474284439,0.045663406242325136,3193.0,**,0.3807**,(0.1905)
M2_governance,C(fiscal_year)[T.2020],-0.8245393113855509,0.06573252795996674,-12.543855180615026,4.295776361708263e-36,3193.0,***,-0.8245***,(0.0657)
M2_governance,C(fiscal_year)[T.2021],-0.7898055609762968,0.0666865854781773,-11.843544774604707,2.3241767966147976e-32,3193.0,***,-0.7898***,(0.0667)
M2_governance,C(fiscal_year)[T.2022],-0.8890621710582024,0.06688806785435555,-13.291790293510612,2.583225775562782e-40,3193.0,***,-0.8891***,(0.0669)
M2_governance,C(fiscal_year)[T.2023],-0.8377661195411037,0.06702173711189931,-12.499916529205617,7.472970922042686e-36,3193.0,***,-0.8378***,(0.0670)
M2_governance,C(fiscal_year)[T.2024],-0.7606644575122066,0.0677326548676678,-11.230394836853057,2.891833759682445e-29,3193.0,***,-0.7607***,(0.0677)
M2_governance,C(sector)[T.1차 철강 제조업],-0.0017816279128371297,0.07192309695673964,-0.024771290283964617,0.9802373910634745,3193.0,,-0.0018,(0.0719)
M2_governance,C(sector)[T.가구 제조업],0.04895740800510115,0.07827037906920234,0.6254908764631856,0.5316489345350686,3193.0,,0.0490,(0.0783)
M2_governance,C(sector)[T.가전제품 및 정보통신장비 소매업],-0.10195758633273108,0.06864856581969689,-1.4852107267691388,0.13748801137330408,3193.0,,-0.1020,(0.0686)
M2_governance,C(sector)[T.가정용 기기 제조업],0.21603312634915442,0.06373582776545383,3.389508443259741,0.0007001805261892447,3193.0,***,0.2160***,(0.0637)
M2_governance,"C(sector)[T.가죽, 가방 및 유사제품 제조업]",0.07526387318334743,0.10696159822017552,0.7036532216770005,0.48164875849486877,3193.0,,0.0753,(0.1070)
M2_governance,C(sector)[T.개인 및 가정용품 임대업],0.6243501825104557,0.06889403974946628,9.062470204692744,1.2752913212506402e-19,3193.0,***,0.6244***,(0.0689)
M2_governance,C(sector)[T.건물 건설업],0.09101156701705615,0.07511722510917919,1.2115938372959774,0.22566789476386795,3193.0,,0.0910,(0.0751)
M2_governance,C(sector)[T.건물설비 설치 공사업],0.1771322458639097,0.06906657390575296,2.564659513958536,0.01032770954585091,3193.0,**,0.1771**,(0.0691)
M2_governance,"C(sector)[T.건축기술, 엔지니어링 및 관련 기술 서비스업]",0.17601728527894678,0.10559579681907834,1.66689670025905,0.09553494715084872,3193.0,*,0.1760*,(0.1056)
M2_governance,"C(sector)[T.건축자재, 철물 및 난방장치 도매업]",-0.1516356135783975,0.06538614499020921,-2.3190786611001935,0.020390771568559386,3193.0,**,-0.1516**,(0.0654)
M2_governance,"C(sector)[T.경비, 경호 및 탐정업]",-0.2850335463722158,0.06889900890109554,-4.136976001808403,3.5191289827902044e-05,3193.0,***,-0.2850***,(0.0689)
M2_governance,C(sector)[T.고무제품 제조업],-0.025706049605458595,0.14083355702583236,-0.1825278729610122,0.8551684822972565,3193.0,,-0.0257,(0.1408)
M2_governance,"C(sector)[T.곡물가공품, 전분 및 전분제품 제조업]",-0.022643915566658117,0.07761957427556412,-0.291729448119207,0.7704934917847761,3193.0,,-0.0226,(0.0776)
M2_governance,"C(sector)[T.골판지, 종이 상자 및 종이용기 제조업]",0.03644987827220685,0.12676812380908647,0.287531890328365,0.7737050874008898,3193.0,,0.0364,(0.1268)
M2_governance,C(sector)[T.광고업],0.1563067461862499,0.09560592441996642,1.6349064886360398,0.10206865205247426,3193.0,,0.1563,(0.0956)
M2_governance,"C(sector)[T.구조용 금속제품, 탱크 및 증기발생기 제조업]",-0.03734384927636911,0.09534916033617666,-0.39165367733396167,0.695314121137816,3193.0,,-0.0373,(0.0953)
M2_governance,C(sector)[T.귀금속 및 장신용품 제조업],-0.18121670510443205,0.06618659058602594,-2.7379670640217655,0.006182026683506518,3193.0,***,-0.1812***,(0.0662)
M2_governance,C(sector)[T.그외 기타 개인 서비스업],0.08407439999698646,0.06824560167430978,1.231938732084404,0.21797197161547444,3193.0,,0.0841,(0.0682)
M2_governance,C(sector)[T.그외 기타 운송장비 제조업],0.05969218846893427,0.09584716673584043,0.6227851119840497,0.5334257431331109,3193.0,,0.0597,(0.0958)
M2_governance,C(sector)[T.금속 주조업],0.17178308538022774,0.06421416551401428,2.6751587286879452,0.007469387660247091,3193.0,***,0.1718***,(0.0642)
M2_governance,C(sector)[T.기계장비 및 관련 물품 도매업],-0.02107734598583772,0.08268719057222516,-0.2549046090449426,0.7987967763341577,3193.0,,-0.0211,(0.0827)
M2_governance,C(sector)[T.기반조성 및 시설물 축조관련 전문공사업],-0.006091243597852639,0.06459819355280713,-0.09429433336821137,0.9248753511774042,3193.0,,-0.0061,(0.0646)
M2_governance,C(sector)[T.기초 의약물질 제조업],-0.10593913745941513,0.07489895643137827,-1.414427416708744,0.15723644487834051,3193.0,,-0.1059,(0.0749)
M2_governance,C(sector)[T.기초 화학물질 제조업],0.0326327946010959,0.07926971205160617,0.4116678836912048,0.6805828680440897,3193.0,,0.0326,(0.0793)
M2_governance,C(sector)[T.기타 금속 가공제품 제조업],0.0715918963258835,0.16185498312438143,0.4423212368498223,0.658256765413045,3193.0,,0.0716,(0.1619)
M2_governance,C(sector)[T.기타 비금속 광물제품 제조업],-0.218713129829902,0.07291558151416676,-2.999538991366451,0.002703885130867787,3193.0,***,-0.2187***,(0.0729)
M2_governance,C(sector)[T.기타 사업지원 서비스업],-0.12375596908789,0.06680624133952673,-1.8524611863572733,0.06395962613050848,3193.0,*,-0.1238*,(0.0668)
M2_governance,C(sector)[T.기타 상품 전문 소매업],0.04823819675477964,0.06781200148271443,0.7113519096922063,0.47686619164414223,3193.0,,0.0482,(0.0678)
M2_governance,C(sector)[T.기타 식품 제조업],-0.008009875034834791,0.08170379631269727,-0.09803553073812321,0.9219040797981155,3193.0,,-0.0080,(0.0817)
M2_governance,C(sector)[T.기타 운송관련 서비스업],-0.06374045071166559,0.10146010659604664,-0.6282316552794674,0.5298521960770071,3193.0,,-0.0637,(0.1015)
M2_governance,C(sector)[T.기타 전기장비 제조업],-0.21986312232648209,0.06723632169263831,-3.2700052113433036,0.0010754550305648379,3193.0,***,-0.2199***,(0.0672)
M2_governance,C(sector)[T.기타 전문 도매업],0.0596093936703808,0.08898341982131407,0.6698932653979955,0.502925833186652,3193.0,,0.0596,(0.0890)
M2_governance,C(sector)[T.기타 정보 서비스업],-0.15423565630776473,0.08233353606782287,-1.8733029537406476,0.06102656223815477,3193.0,*,-0.1542*,(0.0823)
M2_governance,C(sector)[T.기타 종이 및 판지 제품 제조업],0.07513959147705118,0.06597265429378707,1.1389505588549194,0.2547237762140574,3193.0,,0.0751,(0.0660)
M2_governance,C(sector)[T.기타 화학제품 제조업],-0.0364529661710644,0.07372504141787775,-0.4944448381445716,0.6209920544094458,3193.0,,-0.0365,(0.0737)
M2_governance,C(sector)[T.나무제품 제조업],-0.2367647807447104,0.06528046832957816,-3.6268854498617897,0.00028686047607629406,3193.0,***,-0.2368***,(0.0653)
M2_governance,"C(sector)[T.내화, 비내화 요업제품 제조업]",0.06584294100557458,0.09748248704392287,0.6754335368557801,0.49940036438550384,3193.0,,0.0658,(0.0975)
M2_governance,C(sector)[T.담배 제조업],-0.37945664954555086,0.07324174588135791,-5.180879360252024,2.2084229451125013e-07,3193.0,***,-0.3795***,(0.0732)
M2_governance,C(sector)[T.도로 화물 운송업],0.15007389682727476,0.07611324053007172,1.9717186626416436,0.04864173196876843,3193.0,**,0.1501**,(0.0761)
M2_governance,"C(sector)[T.도축, 육류 가공 및 저장 처리업]",0.1378488071462132,0.06653277576679636,2.0718932219119526,0.03827540022863957,3193.0,**,0.1378**,(0.0665)
M2_governance,C(sector)[T.동·식물성 유지 및 낙농제품 제조업],0.04924752219430986,0.08539836552086129,0.5766799152880693,0.5641557027142821,3193.0,,0.0492,(0.0854)
M2_governance,C(sector)[T.동물용 사료 및 조제식품 제조업],-0.23542072335948086,0.06552385795411417,-3.5929008258998443,0.0003270170741271221,3193.0,***,-0.2354***,(0.0655)
M2_governance,"C(sector)[T.떡, 빵 및 과자류 제조업]",0.252950343974048,0.06401012346959832,3.9517240439973067,7.759018340992473e-05,3193.0,***,0.2530***,(0.0640)
M2_governance,C(sector)[T.무기 및 총포탄 제조업],0.07841813869220887,0.1862316903550419,0.4210783811429108,0.6736978474672405,3193.0,,0.0784,(0.1862)
M2_governance,C(sector)[T.무점포 소매업],0.3084667893728966,0.06768746566744782,4.557221729772106,5.183469594776001e-06,3193.0,***,0.3085***,(0.0677)
M2_governance,C(sector)[T.반도체 제조업],0.014786417168961175,0.09177684907242385,0.16111271326489723,0.8720046273179627,3193.0,,0.0148,(0.0918)
M2_governance,C(sector)[T.방적 및 가공사 제조업],0.3394115442078721,0.07414079436024243,4.577932393854679,4.695943997917398e-06,3193.0,***,0.3394***,(0.0741)
M2_governance,C(sector)[T.봉제의복 제조업],0.03201095847052919,0.0918585745525651,0.3484808971448959,0.7274790577048011,3193.0,,0.0320,(0.0919)
M2_governance,"C(sector)[T.비료, 농약 및 살균, 살충제 제조업]",-0.14252126377300067,0.07382625424771828,-1.9304956647913032,0.053545451851948804,3193.0,*,-0.1425*,(0.0738)
M2_governance,C(sector)[T.비알코올음료 및 얼음 제조업],0.25192849963320274,0.06715136512255054,3.751651201333522,0.0001756737556024828,3193.0,***,0.2519***,(0.0672)
M2_governance,C(sector)[T.산업용 기계 및 장비 임대업],0.354704466345674,0.06820057279406098,5.200901573315851,1.9832411561957383e-07,3193.0,***,0.3547***,(0.0682)
M2_governance,C(sector)[T.산업용 농·축산물 및 동·식물 도매업],0.03909661502910834,0.06536512311340648,0.598126541600433,0.5497555016349218,3193.0,,0.0391,(0.0654)
M2_governance,C(sector)[T.상품 종합 도매업],-0.08241542943373077,0.08058698337781661,-1.0226890991482067,0.3064548670775922,3193.0,,-0.0824,(0.0806)
M2_governance,C(sector)[T.상품 중개업],-0.09510510480928318,0.06855496742224125,-1.3872824739820135,0.16535564515694023,3193.0,,-0.0951,(0.0686)
M2_governance,C(sector)[T.생활용품 도매업],0.08239837059892965,0.08524385513671891,0.9666194761695667,0.3337342946830354,3193.0,,0.0824,(0.0852)
M2_governance,"C(sector)[T.서적, 잡지 및 기타 인쇄물 출판업]",0.1670182589689792,0.11080056437338129,1.5073773307340992,0.13171396605037516,3193.0,,0.1670,(0.1108)
M2_governance,C(sector)[T.석유 정제품 제조업],-0.1980706043209288,0.06803478319590119,-2.9113138165017585,0.003599123338563558,3193.0,***,-0.1981***,(0.0680)
M2_governance,C(sector)[T.선박 및 보트 건조업],-0.022959486070956908,0.0891624105702058,-0.25750185447127166,0.7967913839012286,3193.0,,-0.0230,(0.0892)
M2_governance,"C(sector)[T.섬유, 의복, 신발 및 가죽제품 소매업]",0.027495436544809737,0.13086827516604446,0.21010009117888792,0.8335895543170883,3193.0,,0.0275,(0.1309)
M2_governance,C(sector)[T.소프트웨어 개발 및 공급업],-0.13907910519284122,0.10278118813700607,-1.3531572042877191,0.17600541386447766,3193.0,,-0.1391,(0.1028)
M2_governance,C(sector)[T.수산물 가공 및 저장 처리업],0.001659957564576306,0.09056436072320323,0.018329037507919085,0.9853763627732732,3193.0,,0.0017,(0.0906)
M2_governance,C(sector)[T.스포츠 서비스업],0.25882952068355103,0.066584675368893,3.8872235878538337,0.00010139734868860066,3193.0,***,0.2588***,(0.0666)
M2_governance,"C(sector)[T.시멘트, 석회, 플라스터 및 그 제품 제조업]",-0.10790263831048412,0.0854443151348006,-1.2628416313039939,0.20664609989919314,3193.0,,-0.1079,(0.0854)
M2_governance,C(sector)[T.신발 및 신발 부분품 제조업],-0.2236679796375876,0.06671579711967349,-3.3525490107893994,0.0008007106318568789,3193.0,***,-0.2237***,(0.0667)
M2_governance,C(sector)[T.악기 제조업],-0.014047267350311851,0.06550310353505912,-0.21445193574367596,0.8301946447147015,3193.0,,-0.0140,(0.0655)
M2_governance,C(sector)[T.알코올음료 제조업],-0.07275865100094289,0.09189639035798035,-0.791746560637618,0.42850846759952665,3193.0,,-0.0728,(0.0919)
M2_governance,C(sector)[T.어로 어업],0.18674900322605933,0.17961096652099892,1.03974165299214,0.29845994325870184,3193.0,,0.1867,(0.1796)
M2_governance,C(sector)[T.여행사 및 기타 여행보조 서비스업],0.10702401131719372,0.0676982218323815,1.58089841092402,0.1139012677334905,3193.0,,0.1070,(0.0677)
M2_governance,C(sector)[T.연료 소매업],-0.16597100995430875,0.12588706900301488,-1.3184119009898776,0.18736579900671835,3193.0,,-0.1660,(0.1259)
M2_governance,C(sector)[T.연료용 가스 제조 및 배관공급업],0.01966727866077641,0.10994664696459083,0.1788802042058673,0.8580317668262762,3193.0,,0.0197,(0.1099)
M2_governance,C(sector)[T.영상 및 음향기기 제조업],0.08321955949843891,0.1461003575966189,0.5696054470188703,0.5689453331969985,3193.0,,0.0832,(0.1461)
M2_governance,"C(sector)[T.영화, 비디오물, 방송프로그램 제작 및 배급업]",0.04589534359376085,0.23097105961336975,0.19870603559851444,0.8424927024495509,3193.0,,0.0459,(0.2310)
M2_governance,C(sector)[T.오디오물 출판 및 원판 녹음업],0.11247334457686661,0.06590327364647282,1.7066427561734068,0.0878884730178563,3193.0,*,0.1125*,(0.0659)
M2_governance,C(sector)[T.운송장비 임대업],0.035494508573402556,0.20325916062392912,0.17462685797012922,0.8613728432394601,3193.0,,0.0355,(0.2033)
M2_governance,C(sector)[T.유리 및 유리제품 제조업],0.13125252442371976,0.06585293333702065,1.9931158381662146,0.04624876407890379,3193.0,**,0.1313**,(0.0659)
M2_governance,C(sector)[T.유원지 및 기타 오락관련 서비스업],0.048017285298768475,0.09491766363346016,0.5058835569762331,0.6129383961002095,3193.0,,0.0480,(0.0949)
M2_governance,C(sector)[T.육상 여객 운송업],-0.00553567325642966,0.0843917106478962,-0.06559498810879548,0.9477002794312315,3193.0,,-0.0055,(0.0844)
M2_governance,C(sector)[T.음·식료품 및 담배 도매업],0.03296720685720283,0.1353983916511736,0.2434830019409398,0.8076312514509688,3193.0,,0.0330,(0.1354)
M2_governance,C(sector)[T.음식점업],-0.040005452811143496,0.06514838603410363,-0.614066675269616,0.5391712684409905,3193.0,,-0.0400,(0.0651)
M2_governance,C(sector)[T.의료용 기기 제조업],0.08512462483013031,0.10864131686610211,0.7835382273122151,0.43331111452462745,3193.0,,0.0851,(0.1086)
M2_governance,C(sector)[T.의료용품 및 기타 의약 관련제품 제조업],0.1395858933516245,0.06909643578960044,2.0201605445563846,0.04336673740550744,3193.0,**,0.1396**,(0.0691)
M2_governance,C(sector)[T.의약품 제조업],0.005659417044002055,0.07482853220326659,0.07563180617559939,0.9397120312576298,3193.0,,0.0057,(0.0748)
M2_governance,C(sector)[T.일반 목적용 기계 제조업],0.045454756680394705,0.10238639517319556,0.443953091653476,0.6570764985485595,3193.0,,0.0455,(0.1024)
M2_governance,C(sector)[T.일반 및 생활 숙박시설 운영업],-0.041167694396725796,0.06522536487859565,-0.6311608140997212,0.5279353808989053,3193.0,,-0.0412,(0.0652)
M2_governance,C(sector)[T.일차전지 및 이차전지 제조업],0.0670485163960983,0.12546366562846262,0.5344058461885695,0.5930607751101742,3193.0,,0.0670,(0.1255)
M2_governance,C(sector)[T.자동차 부품 및 내장품 판매업],0.03488632573254102,0.06601186674516496,0.5284856716326124,0.5971622893667219,3193.0,,0.0349,(0.0660)
M2_governance,C(sector)[T.자동차 신품 부품 제조업],0.020628298101600308,0.07313700393147078,0.2820500839893439,0.7779051070943085,3193.0,,0.0206,(0.0731)
M2_governance,C(sector)[T.자동차 판매업],0.06686915127842172,0.1993812590991008,0.33538333332113707,0.7373359387529741,3193.0,,0.0669,(0.1994)
M2_governance,C(sector)[T.자동차용 엔진 및 자동차 제조업],0.0046604980585035205,0.10966013203916856,0.04249947516786572,0.9661005301292562,3193.0,,0.0047,(0.1097)
M2_governance,"C(sector)[T.자료처리, 호스팅, 포털 및 기타 인터넷 정보매개 서비스업]",-0.016334756366743156,0.11413144752742402,-0.1431223095879702,0.8861935858205192,3193.0,,-0.0163,(0.1141)
M2_governance,C(sector)[T.자연과학 및 공학 연구개발업],0.02359961487240521,0.1923680625326311,0.12267948515831228,0.9023609096091708,3193.0,,0.0236,(0.1924)
M2_governance,C(sector)[T.전구 및 조명장치 제조업],0.10722232950381905,0.07369896735358117,1.45486881775975,0.14570558188085103,3193.0,,0.1072,(0.0737)
M2_governance,C(sector)[T.전기 및 통신 공사업],0.12395236670470867,0.09508724654019664,1.3035645811061503,0.1923820835765626,3193.0,,0.1240,(0.0951)
M2_governance,C(sector)[T.전기 통신업],-0.07494128805425054,0.0710629327750689,-1.0545763470170528,0.2916191262158825,3193.0,,-0.0749,(0.0711)
M2_governance,C(sector)[T.전기업],0.20494677438090192,0.18723999201616331,1.0945673099751578,0.2737062436918769,3193.0,,0.2049,(0.1872)
M2_governance,"C(sector)[T.전동기, 발전기 및 전기 변환 · 공급 · 제어 장치 제조업]",0.15764913171580078,0.12439773988035378,1.2672990029194124,0.2050483969208584,3193.0,,0.1576,(0.1244)
M2_governance,C(sector)[T.전자부품 제조업],-0.008564396528605356,0.08089094931383843,-0.10587583161346581,0.9156808698476507,3193.0,,-0.0086,(0.0809)
M2_governance,C(sector)[T.절연선 및 케이블 제조업],-0.0022145606357709124,0.0983332161285027,-0.022520982461073025,0.9820323746602792,3193.0,,-0.0022,(0.0983)
M2_governance,C(sector)[T.제재 및 목재 가공업],0.03829317230853843,0.1301793678638033,0.2941569999679338,0.7686379367962862,3193.0,,0.0383,(0.1302)
M2_governance,C(sector)[T.종합 소매업],-0.14577139181733073,0.08698764926384037,-1.675771135913728,0.09378302992749811,3193.0,*,-0.1458*,(0.0870)
M2_governance,"C(sector)[T.증기, 냉·온수 및 공기조절 공급업]",0.10637836706286721,0.07086628519465935,1.5011139185673605,0.13332609941486429,3193.0,,0.1064,(0.0709)
M2_governance,C(sector)[T.직물직조 및 직물제품 제조업],0.1160798876152882,0.10978018574207245,1.0573846895105175,0.29033605613471214,3193.0,,0.1161,(0.1098)
M2_governance,C(sector)[T.초등 교육기관],0.07972448075874555,0.216406867294179,0.3684008818923928,0.71257433997613,3193.0,,0.0797,(0.2164)
M2_governance,"C(sector)[T.측정, 시험, 항해, 제어 및 기타 정밀기기 제조업; 광학기기 제외]",-0.04511449520202268,0.11719547979542075,-0.3849508127854046,0.7002738581640522,3193.0,,-0.0451,(0.1172)
M2_governance,C(sector)[T.컴퓨터 및 주변장치 제조업],-0.13905001531331862,0.09155860329701813,-1.5186996121187792,0.12883812430007915,3193.0,,-0.1391,(0.0916)
M2_governance,"C(sector)[T.컴퓨터 프로그래밍, 시스템 통합 및 관리업]",0.062124408525891336,0.09401612347110071,0.6607846211079692,0.5087504467174625,3193.0,,0.0621,(0.0940)
M2_governance,C(sector)[T.텔레비전 방송업],-0.07544810957689214,0.11718553276651152,-0.6438346764802455,0.5196826449185363,3193.0,,-0.0754,(0.1172)
M2_governance,C(sector)[T.토목 건설업],0.27090619094737356,0.08325763734109115,3.253829913975591,0.0011386042916532988,3193.0,***,0.2709***,(0.0833)
M2_governance,C(sector)[T.통신 및 방송 장비 제조업],-0.20596719182712364,0.10300644638609234,-1.999556329271959,0.04554819357947991,3193.0,**,-0.2060**,(0.1030)
M2_governance,C(sector)[T.특수 목적용 기계 제조업],-0.0061705620487522775,0.07587549664166315,-0.0813248324145272,0.9351836259836198,3193.0,,-0.0062,(0.0759)
M2_governance,"C(sector)[T.펄프, 종이 및 판지 제조업]",-0.11461203050887905,0.08491756632190915,-1.349685765538815,0.17711680019271991,3193.0,,-0.1146,(0.0849)
M2_governance,C(sector)[T.편조원단 제조업],0.33615693753663844,0.073552368946887,4.570307419729487,4.870092768202704e-06,3193.0,***,0.3362***,(0.0736)
M2_governance,C(sector)[T.플라스틱제품 제조업],-0.09272972760247755,0.07470431749848873,-1.2412900714119164,0.21449861113697755,3193.0,,-0.0927,(0.0747)
M2_governance,C(sector)[T.합성고무 및 플라스틱 물질 제조업],0.14292193812431797,0.06644111886162651,2.151106732894943,0.031467776206235094,3193.0,**,0.1429**,(0.0664)
M2_governance,C(sector)[T.항공 여객 운송업],0.009057345425728724,0.09885870990387415,0.09161909390215277,0.9270006805150426,3193.0,,0.0091,(0.0989)
M2_governance,"C(sector)[T.항공기,우주선 및 부품 제조업]",0.15857167258041988,0.10199951237484346,1.5546316731169887,0.12003381594560308,3193.0,,0.1586,(0.1020)
M2_governance,C(sector)[T.해상 운송업],-0.02152989738469706,0.10735542515447832,-0.20054782842801627,0.8410521560053428,3193.0,,-0.0215,(0.1074)
M2_governance,C(sector)[T.화학섬유 제조업],-0.0338615350436436,0.1021539811371055,-0.33147543215370623,0.7402853953506148,3193.0,,-0.0339,(0.1022)
M2_governance,LogAssets_w,0.03271223455140074,0.008420241433906454,3.884952089339836,0.00010235007020621116,3193.0,***,0.0327***,(0.0084)
M2_governance,Leverage_w,0.003139046935669859,0.054424599098048296,0.057676987753547404,0.9540059242868361,3193.0,,0.0031,(0.0544)
M2_governance,ROA_w,-0.27548901795857295,0.1619791087351397,-1.7007688220401254,0.08898640598814846,3193.0,*,-0.2755*,(0.1620)
M2_governance,Loss,0.04588158374584961,0.027853339429175304,1.6472561167222344,0.09950541371707702,3193.0,*,0.0459*,(0.0279)
M2_governance,OutsideDirectorRatio_w,0.10517846451294574,0.06812030053009674,1.5440105767953278,0.12258577034760441,3193.0,,0.1052,(0.0681)
M2_governance,LargestShareholderOwnership_w,-0.0023321040578171953,0.0005912620089392427,-3.9442819301059457,8.00394502449227e-05,3193.0,***,-0.0023***,(0.0006)
M2_governance,LogMinorityShareholderCount_w,-0.016902591231554617,0.010284910862452437,-1.6434358505975613,0.1002927877091482,3193.0,,-0.0169,(0.0103)
M3_governance_auditor_basic,Intercept,0.39921759439592,0.20895862446497845,1.9105102525348456,0.056067547593097705,3192.0,*,0.3992*,(0.2090)
M3_governance_auditor_basic,C(fiscal_year)[T.2020],-0.8249599937251084,0.06610112037577355,-12.480272483058565,9.565872827909402e-36,3192.0,***,-0.8250***,(0.0661)
M3_governance_auditor_basic,C(fiscal_year)[T.2021],-0.7902034185030198,0.06693330490091018,-11.805832980649285,3.6416661759717156e-32,3192.0,***,-0.7902***,(0.0669)
M3_governance_auditor_basic,C(fiscal_year)[T.2022],-0.8893135194356045,0.06714634391729551,-13.244407179205117,4.861050182283946e-40,3192.0,***,-0.8893***,(0.0671)
M3_governance_auditor_basic,C(fiscal_year)[T.2023],-0.8383506860843883,0.06727472157393469,-12.461600233648591,1.2091961384090275e-35,3192.0,***,-0.8384***,(0.0673)
M3_governance_auditor_basic,C(fiscal_year)[T.2024],-0.7608562671584542,0.06788775389973427,-11.207562829110367,3.7435959439898674e-29,3192.0,***,-0.7609***,(0.0679)
M3_governance_auditor_basic,C(sector)[T.1차 철강 제조업],-0.0030483908923954837,0.07236153601287272,-0.04212722753498753,0.9663972749987416,3192.0,,-0.0030,(0.0724)
M3_governance_auditor_basic,C(sector)[T.가구 제조업],0.04764970204584591,0.07824952116706252,0.6089456054831816,0.5425604939886477,3192.0,,0.0476,(0.0782)
M3_governance_auditor_basic,C(sector)[T.가전제품 및 정보통신장비 소매업],-0.10437275261803751,0.06965811996756328,-1.4983573008665652,0.13404044390833703,3192.0,,-0.1044,(0.0697)
M3_governance_auditor_basic,C(sector)[T.가정용 기기 제조업],0.21762783175170075,0.064124197137361,3.393848835027412,0.000689177231022098,3192.0,***,0.2176***,(0.0641)
M3_governance_auditor_basic,"C(sector)[T.가죽, 가방 및 유사제품 제조업]",0.07377236714441232,0.10774597255360488,0.6846879321425189,0.49354086580930157,3192.0,,0.0738,(0.1077)
M3_governance_auditor_basic,C(sector)[T.개인 및 가정용품 임대업],0.6212911575272752,0.06999637008547026,8.876048240339278,6.927780615714483e-19,3192.0,***,0.6213***,(0.0700)
M3_governance_auditor_basic,C(sector)[T.건물 건설업],0.09039901836740946,0.07537519797109683,1.1993204767710677,0.230403355921455,3192.0,,0.0904,(0.0754)
M3_governance_auditor_basic,C(sector)[T.건물설비 설치 공사업],0.17682254783467374,0.06915543302828452,2.556885845286421,0.010561387002209013,3192.0,**,0.1768**,(0.0692)
M3_governance_auditor_basic,"C(sector)[T.건축기술, 엔지니어링 및 관련 기술 서비스업]",0.17479234634176852,0.10594987774288131,1.6497644930365452,0.09899111363052375,3192.0,*,0.1748*,(0.1059)
M3_governance_auditor_basic,"C(sector)[T.건축자재, 철물 및 난방장치 도매업]",-0.15500606671039333,0.06669577086906504,-2.3240763948091425,0.020121399942117695,3192.0,**,-0.1550**,(0.0667)
M3_governance_auditor_basic,"C(sector)[T.경비, 경호 및 탐정업]",-0.2890785397001552,0.07066779209283902,-4.0906689050137786,4.3013082233186565e-05,3192.0,***,-0.2891***,(0.0707)
M3_governance_auditor_basic,C(sector)[T.고무제품 제조업],-0.0251095203818473,0.14035584926115496,-0.17889899504741652,0.8580170118927618,3192.0,,-0.0251,(0.1404)
M3_governance_auditor_basic,"C(sector)[T.곡물가공품, 전분 및 전분제품 제조업]",-0.02371373638402339,0.07775145956484997,-0.30499409936149857,0.7603706463845595,3192.0,,-0.0237,(0.0778)
M3_governance_auditor_basic,"C(sector)[T.골판지, 종이 상자 및 종이용기 제조업]",0.03543980342051824,0.12687233974312273,0.2793343568209815,0.7799882422684531,3192.0,,0.0354,(0.1269)
M3_governance_auditor_basic,C(sector)[T.광고업],0.15259436797462933,0.09678972509817299,1.5765554434611129,0.11489785190729936,3192.0,,0.1526,(0.0968)
M3_governance_auditor_basic,"C(sector)[T.구조용 금속제품, 탱크 및 증기발생기 제조업]",-0.038423546733142785,0.09521537905398522,-0.4035434938651812,0.6865484450473489,3192.0,,-0.0384,(0.0952)
M3_governance_auditor_basic,C(sector)[T.귀금속 및 장신용품 제조업],-0.1850364391144606,0.06814099304185155,-2.7154937263801395,0.006617703022440058,3192.0,***,-0.1850***,(0.0681)
M3_governance_auditor_basic,C(sector)[T.그외 기타 개인 서비스업],0.08096532427622319,0.0693802745945988,1.1669790116761265,0.24321884557667106,3192.0,,0.0810,(0.0694)
M3_governance_auditor_basic,C(sector)[T.그외 기타 운송장비 제조업],0.059822795021146985,0.09587706184740949,0.6239531528026622,0.5326583515687897,3192.0,,0.0598,(0.0959)
M3_governance_auditor_basic,C(sector)[T.금속 주조업],0.17210262182154273,0.06435979912004343,2.6740702142425614,0.0074936760103841695,3192.0,***,0.1721***,(0.0644)
M3_governance_auditor_basic,C(sector)[T.기계장비 및 관련 물품 도매업],-0.02328973296154045,0.08287535670688134,-0.2810212092831529,0.7786941324148797,3192.0,,-0.0233,(0.0829)
M3_governance_auditor_basic,C(sector)[T.기반조성 및 시설물 축조관련 전문공사업],-0.008525819353397857,0.0653339275907026,-0.1304960480381579,0.8961739806169344,3192.0,,-0.0085,(0.0653)
M3_governance_auditor_basic,C(sector)[T.기초 의약물질 제조업],-0.10798012947705736,0.07593140693208153,-1.4220746571131297,0.1550045789799572,3192.0,,-0.1080,(0.0759)
M3_governance_auditor_basic,C(sector)[T.기초 화학물질 제조업],0.031102415314922027,0.07971037406275176,0.3901928159368157,0.6963939735100619,3192.0,,0.0311,(0.0797)
M3_governance_auditor_basic,C(sector)[T.기타 금속 가공제품 제조업],0.06931481055891672,0.1631554100399102,0.4248391796628828,0.6709539141570804,3192.0,,0.0693,(0.1632)
M3_governance_auditor_basic,C(sector)[T.기타 비금속 광물제품 제조업],-0.2179734387103675,0.07308862785566402,-2.982316744826885,0.0028607585629650116,3192.0,***,-0.2180***,(0.0731)
M3_governance_auditor_basic,C(sector)[T.기타 사업지원 서비스업],-0.124143897350834,0.06692677474813556,-1.8549212601088683,0.06360747152656247,3192.0,*,-0.1241*,(0.0669)
M3_governance_auditor_basic,C(sector)[T.기타 상품 전문 소매업],0.04526655605315841,0.06888128550056485,0.6571677012733336,0.5110730910559987,3192.0,,0.0453,(0.0689)
M3_governance_auditor_basic,C(sector)[T.기타 식품 제조업],-0.00938247842348347,0.08208911727649304,-0.11429625186346384,0.9090029536094743,3192.0,,-0.0094,(0.0821)
M3_governance_auditor_basic,C(sector)[T.기타 운송관련 서비스업],-0.06317521669558825,0.10112691490902131,-0.6247121921243591,0.5321599697074401,3192.0,,-0.0632,(0.1011)
M3_governance_auditor_basic,C(sector)[T.기타 전기장비 제조업],-0.21947741166118107,0.06737655255595393,-3.2574746456330272,0.0011240829980081486,3192.0,***,-0.2195***,(0.0674)
M3_governance_auditor_basic,C(sector)[T.기타 전문 도매업],0.05890997318345548,0.08927697208730309,0.6598563079160882,0.50934604489223,3192.0,,0.0589,(0.0893)
M3_governance_auditor_basic,C(sector)[T.기타 정보 서비스업],-0.15885199917710885,0.08410898047028743,-1.888644925772526,0.058939422880416495,3192.0,*,-0.1589*,(0.0841)
M3_governance_auditor_basic,C(sector)[T.기타 종이 및 판지 제품 제조업],0.06980283910938921,0.06889882695891753,1.0131208641768419,0.3110024336210302,3192.0,,0.0698,(0.0689)
M3_governance_auditor_basic,C(sector)[T.기타 화학제품 제조업],-0.03772680747479907,0.07409262136221692,-0.5091844070459306,0.6106229717600085,3192.0,,-0.0377,(0.0741)
M3_governance_auditor_basic,C(sector)[T.나무제품 제조업],-0.23846416852007707,0.06577311545027759,-3.6255568386501094,0.0002883394656310615,3192.0,***,-0.2385***,(0.0658)
M3_governance_auditor_basic,"C(sector)[T.내화, 비내화 요업제품 제조업]",0.06313550313271511,0.09830582882757127,0.6422356017510923,0.5207202203313059,3192.0,,0.0631,(0.0983)
M3_governance_auditor_basic,C(sector)[T.담배 제조업],-0.3818069700748087,0.07385744565630413,-5.169512250011308,2.3470575056811818e-07,3192.0,***,-0.3818***,(0.0739)
M3_governance_auditor_basic,C(sector)[T.도로 화물 운송업],0.1494417838591376,0.07638826897890598,1.9563446829827333,0.05042456382304112,3192.0,*,0.1494*,(0.0764)
M3_governance_auditor_basic,"C(sector)[T.도축, 육류 가공 및 저장 처리업]",0.13921123931500268,0.0682805324095322,2.038813032095929,0.04146869116393984,3192.0,**,0.1392**,(0.0683)
M3_governance_auditor_basic,C(sector)[T.동·식물성 유지 및 낙농제품 제조업],0.04756346324530891,0.08511299428318221,0.5588272818491025,0.5762796014017671,3192.0,,0.0476,(0.0851)
M3_governance_auditor_basic,C(sector)[T.동물용 사료 및 조제식품 제조업],-0.2391890908228857,0.06716791328583845,-3.5610618094535305,0.0003693581146510464,3192.0,***,-0.2392***,(0.0672)
M3_governance_auditor_basic,"C(sector)[T.떡, 빵 및 과자류 제조업]",0.2486354143005531,0.06618368799597375,3.7567476492950758,0.00017213591955720237,3192.0,***,0.2486***,(0.0662)
M3_governance_auditor_basic,C(sector)[T.무기 및 총포탄 제조업],0.07563487279148072,0.18657396752584388,0.40538813530351664,0.685192230839508,3192.0,,0.0756,(0.1866)
M3_governance_auditor_basic,C(sector)[T.무점포 소매업],0.3050256710618544,0.06903629539576693,4.418337764406714,9.946289859155927e-06,3192.0,***,0.3050***,(0.0690)
M3_governance_auditor_basic,C(sector)[T.반도체 제조업],0.012909843451863148,0.09195600893563705,0.140391515478876,0.8883506611306834,3192.0,,0.0129,(0.0920)
M3_governance_auditor_basic,C(sector)[T.방적 및 가공사 제조업],0.33943458413377076,0.07447094030783855,4.557946800868352,5.16561167837923e-06,3192.0,***,0.3394***,(0.0745)
M3_governance_auditor_basic,C(sector)[T.봉제의복 제조업],0.029720684110457078,0.09241347313022899,0.32160553113910906,0.7477515530499914,3192.0,,0.0297,(0.0924)
M3_governance_auditor_basic,"C(sector)[T.비료, 농약 및 살균, 살충제 제조업]",-0.142819695912823,0.07380932591194156,-1.9349817133300267,0.05299253974178594,3192.0,*,-0.1428*,(0.0738)
M3_governance_auditor_basic,C(sector)[T.비알코올음료 및 얼음 제조업],0.24934978837219385,0.06816778918433118,3.657882870426265,0.0002543072078538697,3192.0,***,0.2493***,(0.0682)
M3_governance_auditor_basic,C(sector)[T.산업용 기계 및 장비 임대업],0.35108398796662843,0.06980075653714055,5.029802044907906,4.909864794757451e-07,3192.0,***,0.3511***,(0.0698)
M3_governance_auditor_basic,C(sector)[T.산업용 농·축산물 및 동·식물 도매업],0.03725082705822742,0.06585621366383881,0.5656387603510463,0.5716393732097735,3192.0,,0.0373,(0.0659)
M3_governance_auditor_basic,C(sector)[T.상품 종합 도매업],-0.08413765800164733,0.0808617136159609,-1.0405129231028294,0.29810166321985176,3192.0,,-0.0841,(0.0809)
M3_governance_auditor_basic,C(sector)[T.상품 중개업],-0.0963538733794688,0.06901813605935252,-1.396066003529982,0.16269462014680813,3192.0,,-0.0964,(0.0690)
M3_governance_auditor_basic,C(sector)[T.생활용품 도매업],0.08118780676556739,0.08503738881035261,0.954730712000454,0.33971389447725164,3192.0,,0.0812,(0.0850)
M3_governance_auditor_basic,"C(sector)[T.서적, 잡지 및 기타 인쇄물 출판업]",0.1654150030118744,0.11264172867118144,1.4685055437558694,0.14196695148424113,3192.0,,0.1654,(0.1126)
M3_governance_auditor_basic,C(sector)[T.석유 정제품 제조업],-0.19988571247034398,0.06846106072226177,-2.919699320483159,0.0035036925627776844,3192.0,***,-0.1999***,(0.0685)
M3_governance_auditor_basic,C(sector)[T.선박 및 보트 건조업],-0.023659278920999866,0.08937278721054312,-0.2647257589188047,0.7912207324727007,3192.0,,-0.0237,(0.0894)
M3_governance_auditor_basic,"C(sector)[T.섬유, 의복, 신발 및 가죽제품 소매업]",0.024999049414458144,0.13130916726978095,0.19038312354153006,0.8490089212819791,3192.0,,0.0250,(0.1313)
M3_governance_auditor_basic,C(sector)[T.소프트웨어 개발 및 공급업],-0.14197846509369136,0.1035840446956293,-1.3706595983086003,0.17048109485508822,3192.0,,-0.1420,(0.1036)
M3_governance_auditor_basic,C(sector)[T.수산물 가공 및 저장 처리업],0.0010027533405091715,0.09013439832159718,0.011125090522392725,0.9911236451359405,3192.0,,0.0010,(0.0901)
M3_governance_auditor_basic,C(sector)[T.스포츠 서비스업],0.25928332255883596,0.06821375564991966,3.801041594740889,0.00014408910921640867,3192.0,***,0.2593***,(0.0682)
M3_governance_auditor_basic,"C(sector)[T.시멘트, 석회, 플라스터 및 그 제품 제조업]",-0.10974517309565399,0.08540390213602882,-1.285013569062162,0.1987875424057537,3192.0,,-0.1097,(0.0854)
M3_governance_auditor_basic,C(sector)[T.신발 및 신발 부분품 제조업],-0.22172184633502937,0.06727068101126085,-3.295965538061284,0.0009808404618921348,3192.0,***,-0.2217***,(0.0673)
M3_governance_auditor_basic,C(sector)[T.악기 제조업],-0.013607803364832777,0.0656930184445044,-0.20714230655009808,0.8358987226906991,3192.0,,-0.0136,(0.0657)
M3_governance_auditor_basic,C(sector)[T.알코올음료 제조업],-0.07381808207992735,0.09163758742908222,-0.8055437092018024,0.4205059939985628,3192.0,,-0.0738,(0.0916)
M3_governance_auditor_basic,C(sector)[T.어로 어업],0.18407946565660546,0.18121915474791658,1.0157837117862496,0.30973239410661535,3192.0,,0.1841,(0.1812)
M3_governance_auditor_basic,C(sector)[T.여행사 및 기타 여행보조 서비스업],0.10679533286329368,0.06833716839008229,1.562770822661022,0.11810650931690908,3192.0,,0.1068,(0.0683)
M3_governance_auditor_basic,C(sector)[T.연료 소매업],-0.16699944376109935,0.12592064941334016,-1.3262276246123557,0.18476431168415153,3192.0,,-0.1670,(0.1259)
M3_governance_auditor_basic,C(sector)[T.연료용 가스 제조 및 배관공급업],0.017993303058685073,0.1106043384824908,0.16268171127422365,0.870769047437401,3192.0,,0.0180,(0.1106)
M3_governance_auditor_basic,C(sector)[T.영상 및 음향기기 제조업],0.08131191850633257,0.14660576008306886,0.5546297666630569,0.5791479244170131,3192.0,,0.0813,(0.1466)
M3_governance_auditor_basic,"C(sector)[T.영화, 비디오물, 방송프로그램 제작 및 배급업]",0.044593858368639966,0.23089444178379773,0.19313526139531867,0.8468530379024548,3192.0,,0.0446,(0.2309)
M3_governance_auditor_basic,C(sector)[T.오디오물 출판 및 원판 녹음업],0.10984771200433735,0.0668007103904537,1.6444093387970224,0.10009167737795413,3192.0,,0.1098,(0.0668)
M3_governance_auditor_basic,C(sector)[T.운송장비 임대업],0.0343476469265864,0.20323922583381157,0.16900107145001833,0.8657957986273128,3192.0,,0.0343,(0.2032)
M3_governance_auditor_basic,C(sector)[T.유리 및 유리제품 제조업],0.12891078723844035,0.06744763128657462,1.9112722682686694,0.055969600916865606,3192.0,*,0.1289*,(0.0674)
M3_governance_auditor_basic,C(sector)[T.유원지 및 기타 오락관련 서비스업],0.047552798964797804,0.0957947003267486,0.49640323319138474,0.6196099444006296,3192.0,,0.0476,(0.0958)
M3_governance_auditor_basic,C(sector)[T.육상 여객 운송업],-0.009951402599690753,0.08618325407065149,-0.11546793755934039,0.9080742325826558,3192.0,,-0.0100,(0.0862)
M3_governance_auditor_basic,C(sector)[T.음·식료품 및 담배 도매업],0.0305359872000723,0.13610527250348942,0.224355652344691,0.8224805753963593,3192.0,,0.0305,(0.1361)
M3_governance_auditor_basic,C(sector)[T.음식점업],-0.042660733712438545,0.06731449760360733,-0.633752538177636,0.5262423318450695,3192.0,,-0.0427,(0.0673)
M3_governance_auditor_basic,C(sector)[T.의료용 기기 제조업],0.08456704198492115,0.10815621749359164,0.7818971848745712,0.43427499958138605,3192.0,,0.0846,(0.1082)
M3_governance_auditor_basic,C(sector)[T.의료용품 및 기타 의약 관련제품 제조업],0.13647717497425998,0.07036861863031531,1.939460765760501,0.052445257486696685,3192.0,*,0.1365*,(0.0704)
M3_governance_auditor_basic,C(sector)[T.의약품 제조업],0.0037598825493205187,0.07525391323968861,0.049962618386967445,0.9601521773035109,3192.0,,0.0038,(0.0753)
M3_governance_auditor_basic,C(sector)[T.일반 목적용 기계 제조업],0.04449077496664795,0.10283337756258172,0.4326491652923879,0.6652696657385153,3192.0,,0.0445,(0.1028)
M3_governance_auditor_basic,C(sector)[T.일반 및 생활 숙박시설 운영업],-0.0401039330974062,0.06550960130889057,-0.6121840508280355,0.5404159926452803,3192.0,,-0.0401,(0.0655)
M3_governance_auditor_basic,C(sector)[T.일차전지 및 이차전지 제조업],0.0665842546051603,0.12608486427082571,0.5280907822697873,0.5974363282617189,3192.0,,0.0666,(0.1261)
M3_governance_auditor_basic,C(sector)[T.자동차 부품 및 내장품 판매업],0.03515824220125545,0.06629699711646113,0.5303142484642924,0.5958940693383393,3192.0,,0.0352,(0.0663)
M3_governance_auditor_basic,C(sector)[T.자동차 신품 부품 제조업],0.020022949497359405,0.07330767323365829,0.2731357934869787,0.7847488331965512,3192.0,,0.0200,(0.0733)
M3_governance_auditor_basic,C(sector)[T.자동차 판매업],0.09752640836539486,0.1985416540058306,0.49121384050991534,0.6232752108605655,3192.0,,0.0975,(0.1985)
M3_governance_auditor_basic,C(sector)[T.자동차용 엔진 및 자동차 제조업],0.006062500168133644,0.11032639476560628,0.054950587128435736,0.9561778300287566,3192.0,,0.0061,(0.1103)
M3_governance_auditor_basic,"C(sector)[T.자료처리, 호스팅, 포털 및 기타 인터넷 정보매개 서비스업]",-0.01840889421200645,0.11445513361175874,-0.16083939296642594,0.8722198980299074,3192.0,,-0.0184,(0.1145)
M3_governance_auditor_basic,C(sector)[T.자연과학 및 공학 연구개발업],0.020438386204635256,0.1927165259248125,0.10605414406758869,0.9155393936160515,3192.0,,0.0204,(0.1927)
M3_governance_auditor_basic,C(sector)[T.전구 및 조명장치 제조업],0.10607111351204629,0.07401125994461048,1.43317535185091,0.15180773170997386,3192.0,,0.1061,(0.0740)
M3_governance_auditor_basic,C(sector)[T.전기 및 통신 공사업],0.12001030012934921,0.096073465290344,1.2491513631434612,0.21160971727227895,3192.0,,0.1200,(0.0961)
M3_governance_auditor_basic,C(sector)[T.전기 통신업],-0.07739897840321423,0.07165676955888203,-1.0801349109048755,0.28008210778423337,3192.0,,-0.0774,(0.0717)
M3_governance_auditor_basic,C(sector)[T.전기업],0.20396245803631302,0.18836065245104608,1.08282943057506,0.2788841397528622,3192.0,,0.2040,(0.1884)
M3_governance_auditor_basic,"C(sector)[T.전동기, 발전기 및 전기 변환 · 공급 · 제어 장치 제조업]",0.156165820481722,0.12461038049667277,1.2532328354931217,0.21012098341500085,3192.0,,0.1562,(0.1246)
M3_governance_auditor_basic,C(sector)[T.전자부품 제조업],-0.01067883588262895,0.08146022170790711,-0.13109264446787514,0.8957020198128456,3192.0,,-0.0107,(0.0815)
M3_governance_auditor_basic,C(sector)[T.절연선 및 케이블 제조업],-0.003890908314675534,0.09831608864442062,-0.039575499476466824,0.9684315607176825,3192.0,,-0.0039,(0.0983)
M3_governance_auditor_basic,C(sector)[T.제재 및 목재 가공업],0.035337341473465844,0.12954401620741063,0.2727825067341424,0.7850204073838806,3192.0,,0.0353,(0.1295)
M3_governance_auditor_basic,C(sector)[T.종합 소매업],-0.1469620564528254,0.08719580360830555,-1.6854257931149683,0.09190645072918585,3192.0,*,-0.1470*,(0.0872)
M3_governance_auditor_basic,"C(sector)[T.증기, 냉·온수 및 공기조절 공급업]",0.10399465920691553,0.07174254923685726,1.4495534423174492,0.14718308712145856,3192.0,,0.1040,(0.0717)
M3_governance_auditor_basic,C(sector)[T.직물직조 및 직물제품 제조업],0.11605033065660511,0.1097279535235937,1.0576186553196947,0.290229333983009,3192.0,,0.1161,(0.1097)
M3_governance_auditor_basic,C(sector)[T.초등 교육기관],0.07803066382197552,0.21769638325796678,0.3584380349098883,0.7200155321826451,3192.0,,0.0780,(0.2177)
M3_governance_auditor_basic,"C(sector)[T.측정, 시험, 항해, 제어 및 기타 정밀기기 제조업; 광학기기 제외]",-0.046586182088440314,0.11773200155947602,-0.3956968493813115,0.6923286800339277,3192.0,,-0.0466,(0.1177)
M3_governance_auditor_basic,C(sector)[T.컴퓨터 및 주변장치 제조업],-0.1403243088863401,0.09177212919515831,-1.5290514682070084,0.12625168522339078,3192.0,,-0.1403,(0.0918)
M3_governance_auditor_basic,"C(sector)[T.컴퓨터 프로그래밍, 시스템 통합 및 관리업]",0.05995638001324498,0.09437041363165327,0.6353302661919742,0.5252130379417287,3192.0,,0.0600,(0.0944)
M3_governance_auditor_basic,C(sector)[T.텔레비전 방송업],-0.07820439582046018,0.11808325594008594,-0.6622818383339648,0.5077906140454781,3192.0,,-0.0782,(0.1181)
M3_governance_auditor_basic,C(sector)[T.토목 건설업],0.270639788177526,0.08364779820824551,3.2354681650287347,0.0012144342703158438,3192.0,***,0.2706***,(0.0836)
M3_governance_auditor_basic,C(sector)[T.통신 및 방송 장비 제조업],-0.2067074125980635,0.10322595150426571,-2.0024752456703827,0.04523364285384533,3192.0,**,-0.2067**,(0.1032)
M3_governance_auditor_basic,C(sector)[T.특수 목적용 기계 제조업],-0.00763736209086777,0.07592470639063706,-0.10059126276462756,0.9198749328288529,3192.0,,-0.0076,(0.0759)
M3_governance_auditor_basic,"C(sector)[T.펄프, 종이 및 판지 제조업]",-0.11603836277294166,0.08561900952301958,-1.3552873762425799,0.17532601540739534,3192.0,,-0.1160,(0.0856)
M3_governance_auditor_basic,C(sector)[T.편조원단 제조업],0.3349605799487949,0.07392537189775404,4.531063846551599,5.8687397073270356e-06,3192.0,***,0.3350***,(0.0739)
M3_governance_auditor_basic,C(sector)[T.플라스틱제품 제조업],-0.09475410077181846,0.0751783121774543,-1.2603914350744745,0.20752818986333355,3192.0,,-0.0948,(0.0752)
M3_governance_auditor_basic,C(sector)[T.합성고무 및 플라스틱 물질 제조업],0.14128107992593425,0.06709243822482946,2.105767559862643,0.035224548016959345,3192.0,**,0.1413**,(0.0671)
M3_governance_auditor_basic,C(sector)[T.항공 여객 운송업],0.007485707781637735,0.09874114795344074,0.07581143157427599,0.9395691212195253,3192.0,,0.0075,(0.0987)
M3_governance_auditor_basic,"C(sector)[T.항공기,우주선 및 부품 제조업]",0.1570261962971062,0.10285895404388821,1.5266166932837537,0.1268563535486852,3192.0,,0.1570,(0.1029)
M3_governance_auditor_basic,C(sector)[T.해상 운송업],-0.022692045544194222,0.10727614412088184,-0.21152928015966135,0.8324742868161934,3192.0,,-0.0227,(0.1073)
M3_governance_auditor_basic,C(sector)[T.화학섬유 제조업],-0.03539491996562644,0.10276509746465678,-0.3444254989180499,0.7305263152610729,3192.0,,-0.0354,(0.1028)
M3_governance_auditor_basic,LogAssets_w,0.03208466499561137,0.00876987614467035,3.6585083376701895,0.00025368748922529835,3192.0,***,0.0321***,(0.0088)
M3_governance_auditor_basic,Leverage_w,0.0026438545252520564,0.05453700553436019,0.04847817549473517,0.9613351574199894,3192.0,,0.0026,(0.0545)
M3_governance_auditor_basic,ROA_w,-0.2791613267668068,0.16227997914694542,-1.7202450248901295,0.08538791182304074,3192.0,*,-0.2792*,(0.1623)
M3_governance_auditor_basic,Loss,0.045493601425174814,0.02790204501890697,1.6304755222904794,0.10300103444809401,3192.0,,0.0455,(0.0279)
M3_governance_auditor_basic,OutsideDirectorRatio_w,0.10492011682131153,0.06826281247895957,1.5370025495748614,0.12429268502656889,3192.0,,0.1049,(0.0683)
M3_governance_auditor_basic,LargestShareholderOwnership_w,-0.00235486142205914,0.0005944246083371289,-3.961581315832026,7.445501628197884e-05,3192.0,***,-0.0024***,(0.0006)
M3_governance_auditor_basic,LogMinorityShareholderCount_w,-0.017206466168928816,0.010352707940259888,-1.6620256524397687,0.09650763113536454,3192.0,*,-0.0172*,(0.0104)
M3_governance_auditor_basic,Big4Auditor,0.005071111283188639,0.018822151785587996,0.2694225049800925,0.7876045697605135,3192.0,,0.0051,(0.0188)
M3_governance_auditor_basic,CleanOpinion,0.0025920032716316467,0.02844747667919785,0.09111540193394527,0.927400894576222,3192.0,,0.0026,(0.0284)
M5_material_controls,Intercept,-0.5407347206427591,0.11254615296346149,-4.804559786404344,1.5509235404584978e-06,4575.0,***,-0.5407***,(0.1125)
M5_material_controls,C(fiscal_year)[T.2019],-0.0012219187582467555,0.0018044480185255161,-0.6771703843512391,0.4982978558239004,4575.0,,-0.0012,(0.0018)
M5_material_controls,C(fiscal_year)[T.2020],-0.0031534389706271036,0.0018935565908115026,-1.6653523775994812,0.09584247449869672,4575.0,*,-0.0032*,(0.0019)
M5_material_controls,C(fiscal_year)[T.2021],0.1128674362371043,0.012817825234748526,8.805505939582165,1.302636360552526e-18,4575.0,***,0.1129***,(0.0128)
M5_material_controls,C(fiscal_year)[T.2022],0.16791950384082907,0.014934400813013664,11.24380589106099,2.484357787911242e-29,4575.0,***,0.1679***,(0.0149)
M5_material_controls,C(fiscal_year)[T.2023],0.2138545091676836,0.01619868084064916,13.201970658686882,8.546947327898054e-40,4575.0,***,0.2139***,(0.0162)
M5_material_controls,C(fiscal_year)[T.2024],0.29418154206062824,0.017922492501284183,16.4140976507341,1.51618148000723e-60,4575.0,***,0.2942***,(0.0179)
M5_material_controls,C(sector)[T.1차 철강 제조업],-0.004821099876305801,0.04889012190267365,-0.09861091952078258,0.9214471997583176,4575.0,,-0.0048,(0.0489)
M5_material_controls,C(sector)[T.가구 제조업],0.06785839118662053,0.05755570439264924,1.1790037478072652,0.23839668347644494,4575.0,,0.0679,(0.0576)
M5_material_controls,C(sector)[T.가전제품 및 정보통신장비 소매업],-0.1723999574294244,0.04710179995459264,-3.660156461018951,0.0002520612895575132,4575.0,***,-0.1724***,(0.0471)
M5_material_controls,C(sector)[T.가정용 기기 제조업],0.03392698728406936,0.04581418870217777,0.7405344991399279,0.4589757358536617,4575.0,,0.0339,(0.0458)
M5_material_controls,"C(sector)[T.가죽, 가방 및 유사제품 제조업]",-0.03304493692718367,0.08501214390364666,-0.38870842928790295,0.6974918461368852,4575.0,,-0.0330,(0.0850)
M5_material_controls,C(sector)[T.개인 및 가정용품 임대업],0.1773683585885108,0.046600951391034165,3.8061102465525147,0.00014116947506509443,4575.0,***,0.1774***,(0.0466)
M5_material_controls,C(sector)[T.건물 건설업],0.06081546429635702,0.06561960616546898,0.9267880112386282,0.35403661079169724,4575.0,,0.0608,(0.0656)
M5_material_controls,C(sector)[T.건물설비 설치 공사업],0.17884621368513498,0.04729732867046791,3.7813174382680343,0.00015600060217831925,4575.0,***,0.1788***,(0.0473)
M5_material_controls,"C(sector)[T.건축기술, 엔지니어링 및 관련 기술 서비스업]",0.08884179804218963,0.06511468068807832,1.3643896753141176,0.172444955650765,4575.0,,0.0888,(0.0651)
M5_material_controls,"C(sector)[T.건축자재, 철물 및 난방장치 도매업]",-0.08053060608373573,0.04648272644059451,-1.7324845647050164,0.08318732296890306,4575.0,*,-0.0805*,(0.0465)
M5_material_controls,"C(sector)[T.경비, 경호 및 탐정업]",-0.13535460133791405,0.04639866703420155,-2.917208833567158,0.003531792209643762,4575.0,***,-0.1354***,(0.0464)
M5_material_controls,C(sector)[T.고무제품 제조업],-0.0733871945824831,0.06009554100500932,-1.2211753710040791,0.2220196272424535,4575.0,,-0.0734,(0.0601)
M5_material_controls,"C(sector)[T.곡물가공품, 전분 및 전분제품 제조업]",0.0050695667817927115,0.06230048775337086,0.08137282651560646,0.9351454587289499,4575.0,,0.0051,(0.0623)
M5_material_controls,"C(sector)[T.골판지, 종이 상자 및 종이용기 제조업]",0.008859578453427618,0.07947241614414288,0.11147991823173693,0.9112357892595789,4575.0,,0.0089,(0.0795)
M5_material_controls,C(sector)[T.광고업],-0.022362511806859494,0.08778023559278962,-0.25475565946984513,0.7989118240858553,4575.0,,-0.0224,(0.0878)
M5_material_controls,"C(sector)[T.구조용 금속제품, 탱크 및 증기발생기 제조업]",-0.04222338879234251,0.07433128544520369,-0.5680433015445319,0.570005565644996,4575.0,,-0.0422,(0.0743)
M5_material_controls,C(sector)[T.귀금속 및 장신용품 제조업],-0.1224835902317747,0.04628357481771448,-2.6463727297247486,0.00813601141863098,4575.0,***,-0.1225***,(0.0463)
M5_material_controls,C(sector)[T.그외 기타 개인 서비스업],0.15945466400128971,0.04643434649263918,3.4339810085744746,0.0005947858670409548,4575.0,***,0.1595***,(0.0464)
M5_material_controls,C(sector)[T.그외 기타 운송장비 제조업],0.009445358379504066,0.04929848033970426,0.19159532534103116,0.8480592045146924,4575.0,,0.0094,(0.0493)
M5_material_controls,C(sector)[T.금속 주조업],0.04220211401287986,0.04592449904826064,0.9189455494883235,0.35812405343519693,4575.0,,0.0422,(0.0459)
M5_material_controls,C(sector)[T.기계장비 및 관련 물품 도매업],0.02546860414881842,0.05762076329158787,0.442003935628819,0.6584863579855788,4575.0,,0.0255,(0.0576)
M5_material_controls,C(sector)[T.기반조성 및 시설물 축조관련 전문공사업],0.03939679982822172,0.046032229761999305,0.8558525196783908,0.3920793606190064,4575.0,,0.0394,(0.0460)
M5_material_controls,C(sector)[T.기초 의약물질 제조업],-0.1143170840578093,0.05527210633845547,-2.068259953000441,0.03861558535678044,4575.0,**,-0.1143**,(0.0553)
M5_material_controls,C(sector)[T.기초 화학물질 제조업],0.011891869831217487,0.0518411029980678,0.2293907564362725,0.8185652199371287,4575.0,,0.0119,(0.0518)
M5_material_controls,C(sector)[T.기타 금속 가공제품 제조업],-0.0011225084240426121,0.09573759711159457,-0.011724844344423885,0.9906451420587244,4575.0,,-0.0011,(0.0957)
M5_material_controls,C(sector)[T.기타 비금속 광물제품 제조업],-0.10012184519568115,0.0466611179436814,-2.145723240418828,0.03189506586363331,4575.0,**,-0.1001**,(0.0467)
M5_material_controls,C(sector)[T.기타 사업지원 서비스업],-0.06682980253751598,0.04685789731410799,-1.4262228219403017,0.15380403401098536,4575.0,,-0.0668,(0.0469)
M5_material_controls,C(sector)[T.기타 상품 전문 소매업],0.001151863855516452,0.04630451965199718,0.024875840720804683,0.9801539975820149,4575.0,,0.0012,(0.0463)
M5_material_controls,C(sector)[T.기타 식품 제조업],0.0002892190700895736,0.057564040291581374,0.0050243010849235215,0.9959912046015937,4575.0,,0.0003,(0.0576)
M5_material_controls,C(sector)[T.기타 운송관련 서비스업],-0.043859615621199874,0.06704857553993827,-0.6541468669244789,0.5130171893376634,4575.0,,-0.0439,(0.0670)
M5_material_controls,C(sector)[T.기타 전기장비 제조업],-0.08752890725000326,0.046617093388582886,-1.8776140013791633,0.06043398894235398,4575.0,*,-0.0875*,(0.0466)
M5_material_controls,C(sector)[T.기타 전문 도매업],0.004596240266455008,0.04973798452494053,0.09240905739053977,0.9263730434649526,4575.0,,0.0046,(0.0497)
M5_material_controls,C(sector)[T.기타 정보 서비스업],-0.09528474665658328,0.04602370459007416,-2.0703406539145295,0.03842045507243751,4575.0,**,-0.0953**,(0.0460)
M5_material_controls,C(sector)[T.기타 종이 및 판지 제품 제조업],0.05821038053146211,0.04698270081091308,1.2389747614922357,0.2153548448725906,4575.0,,0.0582,(0.0470)
M5_material_controls,C(sector)[T.기타 화학제품 제조업],-0.036856480690870226,0.05112334332665321,-0.7209325191307482,0.4709510339664964,4575.0,,-0.0369,(0.0511)
M5_material_controls,C(sector)[T.나무제품 제조업],-0.10785671911731605,0.04585006771952719,-2.352378621926892,0.01865377663643041,4575.0,**,-0.1079**,(0.0459)
M5_material_controls,"C(sector)[T.내화, 비내화 요업제품 제조업]",0.011219214771978563,0.05692251673499046,0.19709625321401283,0.8437522154228139,4575.0,,0.0112,(0.0569)
M5_material_controls,C(sector)[T.담배 제조업],-0.17131135119272117,0.047767096823251295,-3.586388174826924,0.00033528974748021396,4575.0,***,-0.1713***,(0.0478)
M5_material_controls,C(sector)[T.도로 화물 운송업],0.08816300112098137,0.05580993487341406,1.5797008421699341,0.1141753926834858,4575.0,,0.0882,(0.0558)
M5_material_controls,"C(sector)[T.도축, 육류 가공 및 저장 처리업]",0.02800940815376746,0.04683956645907215,0.597986067574766,0.5498492295042126,4575.0,,0.0280,(0.0468)
M5_material_controls,C(sector)[T.동·식물성 유지 및 낙농제품 제조업],0.002435992416534756,0.04828636136214336,0.05044887102312457,0.9597646924945092,4575.0,,0.0024,(0.0483)
M5_material_controls,C(sector)[T.동물용 사료 및 조제식품 제조업],-0.11716707160649711,0.046025315035929854,-2.545709280100096,0.010905597081070851,4575.0,**,-0.1172**,(0.0460)
M5_material_controls,"C(sector)[T.떡, 빵 및 과자류 제조업]",0.051052214022094936,0.045989531885913225,1.1100833587247805,0.26696310751210295,4575.0,,0.0511,(0.0460)
M5_material_controls,C(sector)[T.무기 및 총포탄 제조업],-0.040451410224170585,0.05838516696837473,-0.6928371078579213,0.48841178188269974,4575.0,,-0.0405,(0.0584)
M5_material_controls,C(sector)[T.무점포 소매업],-0.008259214053367919,0.046505742963291415,-0.17759557265620293,0.8590406017799117,4575.0,,-0.0083,(0.0465)
M5_material_controls,C(sector)[T.반도체 제조업],-0.015529298550784698,0.057983564682964,-0.267822418916361,0.7888360131299287,4575.0,,-0.0155,(0.0580)
M5_material_controls,C(sector)[T.방적 및 가공사 제조업],0.1640750802447414,0.04684435712532658,3.50255805209959,0.00046081335458783416,4575.0,***,0.1641***,(0.0468)
M5_material_controls,C(sector)[T.봉제의복 제조업],-0.00951068608986865,0.06487009222551349,-0.1466112620405384,0.8834388639246128,4575.0,,-0.0095,(0.0649)
M5_material_controls,"C(sector)[T.비료, 농약 및 살균, 살충제 제조업]",-0.10207914105858973,0.04647480172492691,-2.1964405929641493,0.02806042287762303,4575.0,**,-0.1021**,(0.0465)
M5_material_controls,C(sector)[T.비알코올음료 및 얼음 제조업],-0.007690654584175833,0.046172436231571815,-0.16656375993686712,0.867713310661576,4575.0,,-0.0077,(0.0462)
M5_material_controls,C(sector)[T.산업용 기계 및 장비 임대업],0.1628749628286296,0.046349696738248784,3.5140459224239455,0.00044133650783781793,4575.0,***,0.1629***,(0.0463)
M5_material_controls,C(sector)[T.산업용 농·축산물 및 동·식물 도매업],-0.1011581312102462,0.046114341363870666,-2.1936371249899462,0.028261507252102146,4575.0,**,-0.1012**,(0.0461)
M5_material_controls,C(sector)[T.상품 종합 도매업],-0.046639400033097134,0.06030385690514311,-0.7734065850292142,0.43928179405152246,4575.0,,-0.0466,(0.0603)
M5_material_controls,C(sector)[T.상품 중개업],-0.004469093315572001,0.0471192933937773,-0.09484635684630621,0.924436865373162,4575.0,,-0.0045,(0.0471)
M5_material_controls,C(sector)[T.생활용품 도매업],0.03291068864472027,0.06274996698656599,0.52447340174324,0.5999493150103286,4575.0,,0.0329,(0.0627)
M5_material_controls,"C(sector)[T.서적, 잡지 및 기타 인쇄물 출판업]",0.03830512306841183,0.11998649616029244,0.31924528421297693,0.7495405202344585,4575.0,,0.0383,(0.1200)
M5_material_controls,C(sector)[T.석유 정제품 제조업],-0.1294162892266747,0.05236442274501258,-2.4714545189749253,0.01345646668557712,4575.0,**,-0.1294**,(0.0524)
M5_material_controls,C(sector)[T.선박 및 보트 건조업],0.018469828109008744,0.07416031802327189,0.24905270906757462,0.803320009678364,4575.0,,0.0185,(0.0742)
M5_material_controls,"C(sector)[T.섬유, 의복, 신발 및 가죽제품 소매업]",0.08817172691625522,0.06731465808034025,1.3098443850226795,0.19024848449519394,4575.0,,0.0882,(0.0673)
M5_material_controls,C(sector)[T.소프트웨어 개발 및 공급업],-0.06205905253758123,0.06815410651616435,-0.9105695270594218,0.36252223266834505,4575.0,,-0.0621,(0.0682)
M5_material_controls,C(sector)[T.수산물 가공 및 저장 처리업],-0.05149065294062593,0.056367375861281245,-0.9134832366037969,0.3609884461077275,4575.0,,-0.0515,(0.0564)
M5_material_controls,C(sector)[T.스포츠 서비스업],0.05939906106604736,0.04726580690636119,1.2567025711361173,0.2088613567555132,4575.0,,0.0594,(0.0473)
M5_material_controls,"C(sector)[T.시멘트, 석회, 플라스터 및 그 제품 제조업]",-0.07494995931026566,0.05250070376407575,-1.427599135567228,0.15340727257722125,4575.0,,-0.0749,(0.0525)
M5_material_controls,C(sector)[T.신발 및 신발 부분품 제조업],-0.12610683437436326,0.045878014016160706,-2.7487422260680607,0.005982441362865348,4575.0,***,-0.1261***,(0.0459)
M5_material_controls,C(sector)[T.악기 제조업],0.03496739003809605,0.04594205365632296,0.7611194375348417,0.4465857315979551,4575.0,,0.0350,(0.0459)
M5_material_controls,C(sector)[T.알코올음료 제조업],-0.06453907343349004,0.05572628715780202,-1.1581441492904874,0.24680521578177395,4575.0,,-0.0645,(0.0557)
M5_material_controls,C(sector)[T.어로 어업],0.11140901489074359,0.05778341813011495,1.9280447314465916,0.05384956254834901,4575.0,*,0.1114*,(0.0578)
M5_material_controls,C(sector)[T.여행사 및 기타 여행보조 서비스업],0.07597619590377037,0.07722820127233519,0.9837882360596515,0.32521964465899955,4575.0,,0.0760,(0.0772)
M5_material_controls,C(sector)[T.연료 소매업],-0.10751852216388746,0.05081036462715675,-2.116074603141536,0.034338463096647245,4575.0,**,-0.1075**,(0.0508)
M5_material_controls,C(sector)[T.연료용 가스 제조 및 배관공급업],0.008845240611795055,0.06258127264602258,0.14134005650262568,0.8876013067085211,4575.0,,0.0088,(0.0626)
M5_material_controls,C(sector)[T.영상 및 음향기기 제조업],0.0504644764631681,0.05982327883151874,0.8435591871400432,0.39891577870952777,4575.0,,0.0505,(0.0598)
M5_material_controls,"C(sector)[T.영화, 비디오물, 방송프로그램 제작 및 배급업]",0.04243746800998494,0.1171998437073262,0.36209491981884073,0.7172810998373073,4575.0,,0.0424,(0.1172)
M5_material_controls,C(sector)[T.오디오물 출판 및 원판 녹음업],0.1956622911323682,0.04683000078010643,4.178139822186087,2.939029646468648e-05,4575.0,***,0.1957***,(0.0468)
M5_material_controls,C(sector)[T.운송장비 임대업],0.04596053526138421,0.1843394214448423,0.24932559135288615,0.8031089372069304,4575.0,,0.0460,(0.1843)
M5_material_controls,C(sector)[T.유리 및 유리제품 제조업],-0.05549484261004921,0.061950116160838044,-0.8957988467038653,0.37036020596938446,4575.0,,-0.0555,(0.0620)
M5_material_controls,C(sector)[T.유원지 및 기타 오락관련 서비스업],-0.009802780312426753,0.08967042809449804,-0.10932010162922627,0.9129486033522365,4575.0,,-0.0098,(0.0897)
M5_material_controls,C(sector)[T.육상 여객 운송업],0.04400786705664371,0.047014899840701056,0.9360408552555473,0.34925215293870504,4575.0,,0.0440,(0.0470)
M5_material_controls,C(sector)[T.음·식료품 및 담배 도매업],-0.01738843712417786,0.05989352739008318,-0.29032247526394533,0.7715695461674492,4575.0,,-0.0174,(0.0599)
M5_material_controls,C(sector)[T.음식점업],0.02389153572707335,0.045863349922267795,0.5209287103442354,0.602416434258233,4575.0,,0.0239,(0.0459)
M5_material_controls,C(sector)[T.의료용 기기 제조업],0.1085979739623625,0.06894896092609225,1.5750487390052303,0.1152451948979588,4575.0,,0.1086,(0.0689)
M5_material_controls,C(sector)[T.의료용품 및 기타 의약 관련제품 제조업],0.07370825116698593,0.04953383280687264,1.4880385181249123,0.13674073588297067,4575.0,,0.0737,(0.0495)
M5_material_controls,C(sector)[T.의약품 제조업],0.003004148297541773,0.050774832811057755,0.059166089403400825,0.9528198190422381,4575.0,,0.0030,(0.0508)
M5_material_controls,C(sector)[T.일반 목적용 기계 제조업],0.0048259312522033375,0.059460086974427825,0.08116253267975945,0.9353126957675246,4575.0,,0.0048,(0.0595)
M5_material_controls,C(sector)[T.일반 및 생활 숙박시설 운영업],-0.1262845754686598,0.045821059686273646,-2.75603786410226,0.005850622376065724,4575.0,***,-0.1263***,(0.0458)
M5_material_controls,C(sector)[T.일차전지 및 이차전지 제조업],0.03957377605217015,0.07326068041428213,0.5401775663068407,0.5890745821846581,4575.0,,0.0396,(0.0733)
M5_material_controls,C(sector)[T.자동차 부품 및 내장품 판매업],0.03081860741879178,0.04660509450382052,0.6612712139499123,0.5084383985971105,4575.0,,0.0308,(0.0466)
M5_material_controls,C(sector)[T.자동차 신품 부품 제조업],-0.006951618000155146,0.04918066940057955,-0.14134858441095613,0.887594570052537,4575.0,,-0.0070,(0.0492)
M5_material_controls,C(sector)[T.자동차 판매업],0.06365320391590341,0.14147775708557475,0.44991668815757313,0.6527705140328248,4575.0,,0.0637,(0.1415)
M5_material_controls,C(sector)[T.자동차용 엔진 및 자동차 제조업],-0.022313800823075002,0.07235149511152215,-0.30840828912630824,0.7577716753696344,4575.0,,-0.0223,(0.0724)
M5_material_controls,"C(sector)[T.자료처리, 호스팅, 포털 및 기타 인터넷 정보매개 서비스업]",-0.011032656831820418,0.06622039119008323,-0.1666051292290252,0.8676807575704701,4575.0,,-0.0110,(0.0662)
M5_material_controls,C(sector)[T.자연과학 및 공학 연구개발업],0.032467086601549545,0.1815117871177793,0.17887040349882244,0.8580394625513594,4575.0,,0.0325,(0.1815)
M5_material_controls,C(sector)[T.전구 및 조명장치 제조업],0.016267153888379324,0.050585239069815845,0.32157906510885537,0.7477716056711776,4575.0,,0.0163,(0.0506)
M5_material_controls,C(sector)[T.전기 및 통신 공사업],0.09937553339844096,0.0674002324724898,1.4744093566591518,0.14037140672043583,4575.0,,0.0994,(0.0674)
M5_material_controls,C(sector)[T.전기 통신업],-0.018951396569803384,0.05472996354868229,-0.34627095179674516,0.7291390969401579,4575.0,,-0.0190,(0.0547)
M5_material_controls,C(sector)[T.전기업],0.041140340259359455,0.05133156032062292,0.8014628817513453,0.4228637242605793,4575.0,,0.0411,(0.0513)
M5_material_controls,"C(sector)[T.전동기, 발전기 및 전기 변환 · 공급 · 제어 장치 제조업]",0.13343895702311181,0.0741335814149588,1.7999799075697467,0.07186381088432109,4575.0,*,0.1334*,(0.0741)
M5_material_controls,C(sector)[T.전자부품 제조업],-0.012013341163921722,0.0514862300380587,-0.23333114805728525,0.8155042733678538,4575.0,,-0.0120,(0.0515)
M5_material_controls,C(sector)[T.절연선 및 케이블 제조업],-0.0054171912371141365,0.07342790166417125,-0.07377565086756968,0.941188902007003,4575.0,,-0.0054,(0.0734)
M5_material_controls,C(sector)[T.제재 및 목재 가공업],-0.04417255918464092,0.09046295061908301,-0.4882944772677224,0.6253412727658902,4575.0,,-0.0442,(0.0905)
M5_material_controls,C(sector)[T.종합 소매업],-0.0728651068896584,0.05609924658438809,-1.2988607035934079,0.1939917376382504,4575.0,,-0.0729,(0.0561)
M5_material_controls,"C(sector)[T.증기, 냉·온수 및 공기조절 공급업]",0.1250586926718612,0.046603713881195975,2.6834490699746754,0.007286707280949646,4575.0,***,0.1251***,(0.0466)
M5_material_controls,C(sector)[T.직물직조 및 직물제품 제조업],0.036128728923463485,0.07139687217554883,0.5060267743190637,0.6128378539858332,4575.0,,0.0361,(0.0714)
M5_material_controls,C(sector)[T.초등 교육기관],0.006831170932946989,0.10596854586227357,0.06446413770578115,0.9486006616583621,4575.0,,0.0068,(0.1060)
M5_material_controls,"C(sector)[T.측정, 시험, 항해, 제어 및 기타 정밀기기 제조업; 광학기기 제외]",-0.0205325138952223,0.06926994698116394,-0.2964130158899292,0.7669146864787348,4575.0,,-0.0205,(0.0693)
M5_material_controls,C(sector)[T.컴퓨터 및 주변장치 제조업],-0.04873976025173903,0.06011340660318033,-0.8107968422664709,0.41748234819178665,4575.0,,-0.0487,(0.0601)
M5_material_controls,"C(sector)[T.컴퓨터 프로그래밍, 시스템 통합 및 관리업]",0.019948848905927824,0.0696478194402499,0.28642460117565804,0.7745529346138813,4575.0,,0.0199,(0.0696)
M5_material_controls,C(sector)[T.텔레비전 방송업],-0.04552695811763374,0.05781185050907138,-0.7875021767464442,0.43098795467563034,4575.0,,-0.0455,(0.0578)
M5_material_controls,C(sector)[T.토목 건설업],0.1680380193255913,0.05887838196453681,2.8539850063611243,0.004317456894451972,4575.0,***,0.1680***,(0.0589)
M5_material_controls,C(sector)[T.통신 및 방송 장비 제조업],-0.15434255621983503,0.053850599377795835,-2.8661251314405045,0.0041552996341232724,4575.0,***,-0.1543***,(0.0539)
M5_material_controls,C(sector)[T.특수 목적용 기계 제조업],-0.013930244222715129,0.0529706105890695,-0.26298062393091687,0.7925655134876037,4575.0,,-0.0139,(0.0530)
M5_material_controls,"C(sector)[T.펄프, 종이 및 판지 제조업]",-0.09655571499562433,0.04900988480559867,-1.970127360605309,0.04882377590097752,4575.0,**,-0.0966**,(0.0490)
M5_material_controls,C(sector)[T.편조원단 제조업],0.05090996224092635,0.04783808405782453,1.064214072189611,0.2872317335779555,4575.0,,0.0509,(0.0478)
M5_material_controls,C(sector)[T.플라스틱제품 제조업],-0.036959072033831565,0.051769635431683274,-0.7139140873920937,0.475280305744621,4575.0,,-0.0370,(0.0518)
M5_material_controls,C(sector)[T.합성고무 및 플라스틱 물질 제조업],0.010811493446543237,0.04704623237697336,0.22980572301545,0.8182427374118448,4575.0,,0.0108,(0.0470)
M5_material_controls,C(sector)[T.항공 여객 운송업],-0.05297100444300061,0.07242328199403654,-0.7314085054494263,0.4645296716107554,4575.0,,-0.0530,(0.0724)
M5_material_controls,"C(sector)[T.항공기,우주선 및 부품 제조업]",0.12882791492356652,0.10631674282313536,1.2117368488035787,0.22561312888806107,4575.0,,0.1288,(0.1063)
M5_material_controls,C(sector)[T.해상 운송업],-0.03516035956931561,0.06557717389481886,-0.536167655314185,0.5918426854298935,4575.0,,-0.0352,(0.0656)
M5_material_controls,C(sector)[T.화학섬유 제조업],-0.04847338604869771,0.06032542268726968,-0.8035316436983196,0.4216675145414117,4575.0,,-0.0485,(0.0603)
M5_material_controls,LogAssets_w,0.021026682817996727,0.0038951520780666393,5.398167362038746,6.732505064628084e-08,4575.0,***,0.0210***,(0.0039)
M5_material_controls,Leverage_w,-0.048489625236717605,0.030149914287698067,-1.6082840161340892,0.10777298970490456,4575.0,,-0.0485,(0.0301)
M5_material_controls,ROA_w,-0.24794075925632453,0.096478517339317,-2.5699064008655066,0.010172599571314557,4575.0,**,-0.2479**,(0.0965)
M5_material_controls,Loss,0.00758999101079432,0.014696768232984311,0.5164394573332061,0.6055475135438152,4575.0,,0.0076,(0.0147)
M6_material_governance,Intercept,-0.6004841459762716,0.15291571076886223,-3.92689634673265,8.604904176104901e-05,3193.0,***,-0.6005***,(0.1529)
M6_material_governance,C(fiscal_year)[T.2020],-0.01452865997739431,0.06277152165358411,-0.23145304741174386,0.8169628578549022,3193.0,,-0.0145,(0.0628)
M6_material_governance,C(fiscal_year)[T.2021],0.11147258011138758,0.06417586429176726,1.7369860358185738,0.08238963572213608,3193.0,*,0.1115*,(0.0642)
M6_material_governance,C(fiscal_year)[T.2022],0.16276145529172265,0.06566291983066462,2.4787422751145,0.013184653522025937,3193.0,**,0.1628**,(0.0657)
M6_material_governance,C(fiscal_year)[T.2023],0.2089768028249288,0.06605037431753438,3.1639003561173125,0.001556700824263509,3193.0,***,0.2090***,(0.0661)
M6_material_governance,C(fiscal_year)[T.2024],0.28502668276162113,0.06656238575229197,4.282098358408175,1.8513910712917115e-05,3193.0,***,0.2850***,(0.0666)
M6_material_governance,C(sector)[T.1차 철강 제조업],-0.021143773285516358,0.06676834646984524,-0.31667360962826263,0.7514912754172013,3193.0,,-0.0211,(0.0668)
M6_material_governance,C(sector)[T.가구 제조업],0.0723188350599019,0.08587416471769291,0.8421489198485541,0.3997046014873722,3193.0,,0.0723,(0.0859)
M6_material_governance,C(sector)[T.가전제품 및 정보통신장비 소매업],-0.23199378394826353,0.06612443363605364,-3.508442661681588,0.0004507383835290919,3193.0,***,-0.2320***,(0.0661)
M6_material_governance,C(sector)[T.가정용 기기 제조업],0.06354064985327151,0.06222891988009757,1.0210791055943342,0.3072169615647994,3193.0,,0.0635,(0.0622)
M6_material_governance,"C(sector)[T.가죽, 가방 및 유사제품 제조업]",-0.0755810592067836,0.1016043252158706,-0.7438763954802372,0.4569512568450147,3193.0,,-0.0756,(0.1016)
M6_material_governance,C(sector)[T.개인 및 가정용품 임대업],0.2508033932889186,0.06602119949981272,3.798831211626654,0.00014538005379711023,3193.0,***,0.2508***,(0.0660)
M6_material_governance,C(sector)[T.건물 건설업],0.06251597489388372,0.09279473622329978,0.6737017360925114,0.5005009579099129,3193.0,,0.0625,(0.0928)
M6_material_governance,C(sector)[T.건물설비 설치 공사업],0.21871813068565552,0.06678031781827587,3.275188526068958,0.0010559148199828204,3193.0,***,0.2187***,(0.0668)
M6_material_governance,"C(sector)[T.건축기술, 엔지니어링 및 관련 기술 서비스업]",0.12110288530375553,0.08500266328778332,1.4246951874172697,0.15424533087733858,3193.0,,0.1211,(0.0850)
M6_material_governance,"C(sector)[T.건축자재, 철물 및 난방장치 도매업]",-0.0939708062230037,0.06324583192476199,-1.485802358245402,0.1373314062097698,3193.0,,-0.0940,(0.0632)
M6_material_governance,"C(sector)[T.경비, 경호 및 탐정업]",-0.2405400549070146,0.06733999383586844,-3.572023714366479,0.0003542333258194836,3193.0,***,-0.2405***,(0.0673)
M6_material_governance,C(sector)[T.고무제품 제조업],-0.10452980108085094,0.08175225917455425,-1.2786166662093454,0.20103207811739776,3193.0,,-0.1045,(0.0818)
M6_material_governance,"C(sector)[T.곡물가공품, 전분 및 전분제품 제조업]",0.002046728881527078,0.08393540227050117,0.024384572256305186,0.9805458542237387,3193.0,,0.0020,(0.0839)
M6_material_governance,"C(sector)[T.골판지, 종이 상자 및 종이용기 제조업]",0.008056500014937788,0.11000064272091396,0.07324048128862469,0.9416147534602919,3193.0,,0.0081,(0.1100)
M6_material_governance,C(sector)[T.광고업],-0.055599674559494563,0.12369566655621018,-0.4494876506787631,0.6530799146395012,3193.0,,-0.0556,(0.1237)
M6_material_governance,"C(sector)[T.구조용 금속제품, 탱크 및 증기발생기 제조업]",-0.08297362314165743,0.11586509783575055,-0.7161226693070262,0.47391560721141146,3193.0,,-0.0830,(0.1159)
M6_material_governance,C(sector)[T.귀금속 및 장신용품 제조업],-0.12067100934880948,0.06358777124069168,-1.8977077981243753,0.057734584747144005,3193.0,*,-0.1207*,(0.0636)
M6_material_governance,C(sector)[T.그외 기타 개인 서비스업],0.14868638092463102,0.06650699038797697,2.2356504189597235,0.025374679174239755,3193.0,**,0.1487**,(0.0665)
M6_material_governance,C(sector)[T.그외 기타 운송장비 제조업],0.06856080609211218,0.07885190660825293,0.8694882475414533,0.3845801334803116,3193.0,,0.0686,(0.0789)
M6_material_governance,C(sector)[T.금속 주조업],0.043351869123230385,0.06307211727274266,0.6873380980023861,0.4918696961255651,3193.0,,0.0434,(0.0631)
M6_material_governance,C(sector)[T.기계장비 및 관련 물품 도매업],0.011983858226483509,0.07998350174353537,0.14982912682304633,0.8808994288595833,3193.0,,0.0120,(0.0800)
M6_material_governance,C(sector)[T.기반조성 및 시설물 축조관련 전문공사업],0.039687514766361426,0.0636400975637453,0.6236243545448419,0.5328743123460777,3193.0,,0.0397,(0.0636)
M6_material_governance,C(sector)[T.기초 의약물질 제조업],-0.11740994534148844,0.08050076442076355,-1.4584947880470673,0.14470421069917244,3193.0,,-0.1174,(0.0805)
M6_material_governance,C(sector)[T.기초 화학물질 제조업],-0.004384623161853583,0.0722187237993452,-0.06071310778124465,0.9515876924399352,3193.0,,-0.0044,(0.0722)
M6_material_governance,C(sector)[T.기타 금속 가공제품 제조업],-0.019048071513806497,0.12461919815278619,-0.152850217271123,0.8785163953276139,3193.0,,-0.0190,(0.1246)
M6_material_governance,C(sector)[T.기타 비금속 광물제품 제조업],-0.1717403376616277,0.06855589076319547,-2.5051142323400053,0.012241185102068846,3193.0,**,-0.1717**,(0.0686)
M6_material_governance,C(sector)[T.기타 사업지원 서비스업],-0.07415751315985107,0.06414067242465937,-1.1561698740679345,0.24761167970305287,3193.0,,-0.0742,(0.0641)
M6_material_governance,C(sector)[T.기타 상품 전문 소매업],-0.036486489431894406,0.0652842382027479,-0.5588866537521862,0.576239078422828,3193.0,,-0.0365,(0.0653)
M6_material_governance,C(sector)[T.기타 식품 제조업],0.008808300518456838,0.08079769034922965,0.10901673649809743,0.9131892156475503,3193.0,,0.0088,(0.0808)
M6_material_governance,C(sector)[T.기타 운송관련 서비스업],-0.07315405180054932,0.10081404442746203,-0.725633538620557,0.46806345496227575,3193.0,,-0.0732,(0.1008)
M6_material_governance,C(sector)[T.기타 전기장비 제조업],-0.1407522976093495,0.06504132972433359,-2.1640439733613035,0.03046097473524853,3193.0,**,-0.1408**,(0.0650)
M6_material_governance,C(sector)[T.기타 전문 도매업],-0.009359620104525259,0.07036804010644782,-0.1330095323156178,0.8941858417890725,3193.0,,-0.0094,(0.0704)
M6_material_governance,C(sector)[T.기타 정보 서비스업],-0.1647677603399499,0.06396382406047085,-2.575952309920993,0.009996443282437744,3193.0,***,-0.1648***,(0.0640)
M6_material_governance,C(sector)[T.기타 종이 및 판지 제품 제조업],0.10435219464740814,0.06358912027419365,1.6410385015148157,0.10078942325032104,3193.0,,0.1044,(0.0636)
M6_material_governance,C(sector)[T.기타 화학제품 제조업],-0.05997747651159082,0.06942768602698067,-0.8638841353330233,0.387651542731305,3193.0,,-0.0600,(0.0694)
M6_material_governance,C(sector)[T.나무제품 제조업],-0.1649431250811227,0.06397124581765677,-2.5783947611599674,0.009926052962437294,3193.0,***,-0.1649***,(0.0640)
M6_material_governance,"C(sector)[T.내화, 비내화 요업제품 제조업]",0.024867486891523863,0.07829540524218233,0.31761106305796716,0.7507799812615313,3193.0,,0.0249,(0.0783)
M6_material_governance,C(sector)[T.담배 제조업],-0.31387930385774143,0.06998791536105309,-4.484764294500035,7.2994578934483e-06,3193.0,***,-0.3139***,(0.0700)
M6_material_governance,C(sector)[T.도로 화물 운송업],0.11128739161441631,0.08486098623157683,1.3114081812662954,0.18971989626968888,3193.0,,0.1113,(0.0849)
M6_material_governance,"C(sector)[T.도축, 육류 가공 및 저장 처리업]",0.041849985140658796,0.06454315979051861,0.6484031038530988,0.5167242633345914,3193.0,,0.0418,(0.0645)
M6_material_governance,C(sector)[T.동·식물성 유지 및 낙농제품 제조업],-0.005307486002112019,0.06756801741673052,-0.0785502698618153,0.9373903441488266,3193.0,,-0.0053,(0.0676)
M6_material_governance,C(sector)[T.동물용 사료 및 조제식품 제조업],-0.17443421384080973,0.06366102969609086,-2.7400470063637843,0.006143039790919684,3193.0,***,-0.1744***,(0.0637)
M6_material_governance,"C(sector)[T.떡, 빵 및 과자류 제조업]",0.09290167562012575,0.06242639414941487,1.4881794293255126,0.13670358065829688,3193.0,,0.0929,(0.0624)
M6_material_governance,C(sector)[T.무기 및 총포탄 제조업],-0.04839146139237712,0.07041419262331394,-0.6872401655054245,0.49193139735808034,3193.0,,-0.0484,(0.0704)
M6_material_governance,C(sector)[T.무점포 소매업],-0.05223121568834711,0.065966767036387,-0.7917807410439955,0.4284885338076694,3193.0,,-0.0522,(0.0660)
M6_material_governance,C(sector)[T.반도체 제조업],-0.032817368774006796,0.08342819255092937,-0.3933606586763004,0.6940531223195423,3193.0,,-0.0328,(0.0834)
M6_material_governance,C(sector)[T.방적 및 가공사 제조업],0.17848316293305996,0.06976780356752212,2.5582454055662196,0.010520182203927923,3193.0,**,0.1785**,(0.0698)
M6_material_governance,C(sector)[T.봉제의복 제조업],-0.041369999358945767,0.08551430891955902,-0.4837786784649268,0.6285429484181781,3193.0,,-0.0414,(0.0855)
M6_material_governance,"C(sector)[T.비료, 농약 및 살균, 살충제 제조업]",-0.1401112579719073,0.06504528612291681,-2.154057062753748,0.0312356972107671,3193.0,**,-0.1401**,(0.0650)
M6_material_governance,C(sector)[T.비알코올음료 및 얼음 제조업],0.08229956731810431,0.06452292527114693,1.2755089291481125,0.20212916572032658,3193.0,,0.0823,(0.0645)
M6_material_governance,C(sector)[T.산업용 기계 및 장비 임대업],0.22451135205648304,0.06547463504812721,3.4289821072153464,0.0006058494673065142,3193.0,***,0.2245***,(0.0655)
M6_material_governance,C(sector)[T.산업용 농·축산물 및 동·식물 도매업],-0.1128246040675773,0.06344631758561689,-1.778268753191664,0.07535972571074373,3193.0,*,-0.1128*,(0.0634)
M6_material_governance,C(sector)[T.상품 종합 도매업],-0.07185923135148867,0.0852144715059451,-0.8432749752660885,0.3990746751154848,3193.0,,-0.0719,(0.0852)
M6_material_governance,C(sector)[T.상품 중개업],-0.03059882876580053,0.06598063999619616,-0.4637546523884063,0.6428235362441015,3193.0,,-0.0306,(0.0660)
M6_material_governance,C(sector)[T.생활용품 도매업],0.028989229310595263,0.08892424251091754,0.32599917066525647,0.7444249825980354,3193.0,,0.0290,(0.0889)
M6_material_governance,"C(sector)[T.서적, 잡지 및 기타 인쇄물 출판업]",0.09508739412963102,0.1813206053335379,0.5244158211071405,0.5999893548081245,3193.0,,0.0951,(0.1813)
M6_material_governance,C(sector)[T.석유 정제품 제조업],-0.19795003781386716,0.0739183795022048,-2.6779542401624594,0.0074073337385167776,3193.0,***,-0.1980***,(0.0739)
M6_material_governance,C(sector)[T.선박 및 보트 건조업],0.05319104701793431,0.09388699215178371,0.5665433069997841,0.571024501912887,3193.0,,0.0532,(0.0939)
M6_material_governance,"C(sector)[T.섬유, 의복, 신발 및 가죽제품 소매업]",0.11482323627949481,0.127621399027519,0.8997177366370624,0.36827048200780343,3193.0,,0.1148,(0.1276)
M6_material_governance,C(sector)[T.소프트웨어 개발 및 공급업],-0.10310899795473019,0.09847534597760878,-1.0470539293984813,0.2950747059673049,3193.0,,-0.1031,(0.0985)
M6_material_governance,C(sector)[T.수산물 가공 및 저장 처리업],-0.07029512607409462,0.07628545383523985,-0.921474836158371,0.3568025731698652,3193.0,,-0.0703,(0.0763)
M6_material_governance,C(sector)[T.스포츠 서비스업],0.09326741192305922,0.06458116434871888,1.4441890737590797,0.1486857975237217,3193.0,,0.0933,(0.0646)
M6_material_governance,"C(sector)[T.시멘트, 석회, 플라스터 및 그 제품 제조업]",-0.10834253984695637,0.07211472807365142,-1.5023635634638344,0.133003241022612,3193.0,,-0.1083,(0.0721)
M6_material_governance,C(sector)[T.신발 및 신발 부분품 제조업],-0.15896415249080717,0.0644344714433027,-2.4670669120128226,0.013622489919468102,3193.0,**,-0.1590**,(0.0644)
M6_material_governance,C(sector)[T.악기 제조업],0.04039440160664992,0.0640513422260757,0.6306565983281629,0.5282650831698006,3193.0,,0.0404,(0.0641)
M6_material_governance,C(sector)[T.알코올음료 제조업],-0.08794560043475758,0.08168053868583322,-1.0767020131076948,0.28161341273536344,3193.0,,-0.0879,(0.0817)
M6_material_governance,C(sector)[T.어로 어업],0.1337580526533793,0.09714915998867232,1.3768317983292457,0.16856425719618717,3193.0,,0.1338,(0.0971)
M6_material_governance,C(sector)[T.여행사 및 기타 여행보조 서비스업],0.11771220813038163,0.10180173704186682,1.1562887977242617,0.24756304889441128,3193.0,,0.1177,(0.1018)
M6_material_governance,C(sector)[T.연료 소매업],-0.18436196370698446,0.07255740585245722,-2.5409117310764615,0.011056382864104713,3193.0,**,-0.1844**,(0.0726)
M6_material_governance,C(sector)[T.연료용 가스 제조 및 배관공급업],0.02651563394522384,0.08372847669543124,0.3166859710308178,0.7514818948097285,3193.0,,0.0265,(0.0837)
M6_material_governance,C(sector)[T.영상 및 음향기기 제조업],0.021033438114468225,0.09035496154039104,0.23278675300045062,0.8159269999487442,3193.0,,0.0210,(0.0904)
M6_material_governance,"C(sector)[T.영화, 비디오물, 방송프로그램 제작 및 배급업]",0.08341174945958203,0.16977217080262835,0.49131579731376496,0.6232031084615061,3193.0,,0.0834,(0.1698)
M6_material_governance,C(sector)[T.오디오물 출판 및 원판 녹음업],0.1786397284055255,0.06386374540244587,2.7972009358330543,0.005154746414825197,3193.0,***,0.1786***,(0.0639)
M6_material_governance,C(sector)[T.운송장비 임대업],0.06482897275233492,0.20684008529025796,0.3134255754215178,0.7539573560016612,3193.0,,0.0648,(0.2068)
M6_material_governance,C(sector)[T.유리 및 유리제품 제조업],-0.02271895528305644,0.0642942982377249,-0.3533587877272454,0.7238194780996882,3193.0,,-0.0227,(0.0643)
M6_material_governance,C(sector)[T.유원지 및 기타 오락관련 서비스업],-0.022148489671292043,0.12877153434751004,-0.1719983363056069,0.8634388369436788,3193.0,,-0.0221,(0.1288)
M6_material_governance,C(sector)[T.육상 여객 운송업],0.06812817622397048,0.07774915277515376,0.8762561879097691,0.3808907769893909,3193.0,,0.0681,(0.0777)
M6_material_governance,C(sector)[T.음·식료품 및 담배 도매업],-0.005276541765448214,0.1033229851629091,-0.051068421582368184,0.9592709990721421,3193.0,,-0.0053,(0.1033)
M6_material_governance,C(sector)[T.음식점업],0.034313446658817935,0.06321350589702605,0.5428182818196174,0.5872549245890344,3193.0,,0.0343,(0.0632)
M6_material_governance,C(sector)[T.의료용 기기 제조업],0.11487016998959038,0.09657848588767967,1.1893970891527939,0.23428344574134963,3193.0,,0.1149,(0.0966)
M6_material_governance,C(sector)[T.의료용품 및 기타 의약 관련제품 제조업],0.08437460685823131,0.06671770174420058,1.2646509794616172,0.20599646968997853,3193.0,,0.0844,(0.0667)
M6_material_governance,C(sector)[T.의약품 제조업],-0.01654275948786886,0.06966139988270541,-0.23747383078323514,0.8122892186236056,3193.0,,-0.0165,(0.0697)
M6_material_governance,C(sector)[T.일반 목적용 기계 제조업],-0.023671803187877812,0.08609446731625824,-0.2749515029917327,0.7833534977319564,3193.0,,-0.0237,(0.0861)
M6_material_governance,C(sector)[T.일반 및 생활 숙박시설 운영업],-0.17175665128203407,0.063695269708098,-2.6965369966899995,0.007006461402655206,3193.0,***,-0.1718***,(0.0637)
M6_material_governance,C(sector)[T.일차전지 및 이차전지 제조업],0.09579991589284348,0.12093118863644131,0.792185349148013,0.4282526099709465,3193.0,,0.0958,(0.1209)
M6_material_governance,C(sector)[T.자동차 부품 및 내장품 판매업],0.053453791468361975,0.06422048953113976,0.8323479291207031,0.40521258431774343,3193.0,,0.0535,(0.0642)
M6_material_governance,C(sector)[T.자동차 신품 부품 제조업],-0.01780119634463661,0.06792682760436983,-0.2620642973099988,0.7932718716830276,3193.0,,-0.0178,(0.0679)
M6_material_governance,C(sector)[T.자동차 판매업],0.10891757363217112,0.17685470864847683,0.6158590543871798,0.5379875475734782,3193.0,,0.1089,(0.1769)
M6_material_governance,C(sector)[T.자동차용 엔진 및 자동차 제조업],-0.020846309153361692,0.09783741151914128,-0.21307093911906327,0.8312716313896484,3193.0,,-0.0208,(0.0978)
M6_material_governance,"C(sector)[T.자료처리, 호스팅, 포털 및 기타 인터넷 정보매개 서비스업]",-0.0408934621772118,0.08975903909474471,-0.45559157706720665,0.648683701166272,3193.0,,-0.0409,(0.0898)
M6_material_governance,C(sector)[T.자연과학 및 공학 연구개발업],0.07212953517940313,0.17821571208355932,0.4047316273976114,0.6856747914906751,3193.0,,0.0721,(0.1782)
M6_material_governance,C(sector)[T.전구 및 조명장치 제조업],0.018367695231642805,0.06992844841148158,0.2626641323937485,0.7928094644776522,3193.0,,0.0184,(0.0699)
M6_material_governance,C(sector)[T.전기 및 통신 공사업],0.13544155815908038,0.0916568649838071,1.4777022777618312,0.13948748446260167,3193.0,,0.1354,(0.0917)
M6_material_governance,C(sector)[T.전기 통신업],-0.0466347968864061,0.07344016913534855,-0.6350039417863981,0.5254258441679114,3193.0,,-0.0466,(0.0734)
M6_material_governance,C(sector)[T.전기업],0.08643771056056102,0.07758813554843363,1.1140583537621305,0.2652541534766756,3193.0,,0.0864,(0.0776)
M6_material_governance,"C(sector)[T.전동기, 발전기 및 전기 변환 · 공급 · 제어 장치 제조업]",0.16762378161215377,0.10107217921996245,1.658456193443259,0.09722542249429873,3193.0,*,0.1676*,(0.1011)
M6_material_governance,C(sector)[T.전자부품 제조업],-0.037302241909337897,0.07097321670500042,-0.5255819538852854,0.5991786978926699,3193.0,,-0.0373,(0.0710)
M6_material_governance,C(sector)[T.절연선 및 케이블 제조업],0.011366947467258068,0.0963435238336785,0.11798351373239432,0.9060807207733459,3193.0,,0.0114,(0.0963)
M6_material_governance,C(sector)[T.제재 및 목재 가공업],-0.05055965134602153,0.11243795135892312,-0.44966713405001124,0.6529504728478499,3193.0,,-0.0506,(0.1124)
M6_material_governance,C(sector)[T.종합 소매업],-0.11668816564338183,0.07776272705632663,-1.5005667890075405,0.13346764664012428,3193.0,,-0.1167,(0.0778)
M6_material_governance,"C(sector)[T.증기, 냉·온수 및 공기조절 공급업]",0.17242328947441413,0.06703385223404397,2.5721823187545656,0.010105965633412255,3193.0,**,0.1724**,(0.0670)
M6_material_governance,C(sector)[T.직물직조 및 직물제품 제조업],0.01887518399361867,0.10413802348925438,0.18125160590902065,0.8561700896822122,3193.0,,0.0189,(0.1041)
M6_material_governance,C(sector)[T.초등 교육기관],0.04620359605611965,0.14651339415399864,0.3153540761437521,0.7524928310869108,3193.0,,0.0462,(0.1465)
M6_material_governance,"C(sector)[T.측정, 시험, 항해, 제어 및 기타 정밀기기 제조업; 광학기기 제외]",-0.041233398267842634,0.09546034830215736,-0.4319426756890513,0.6657830770164237,3193.0,,-0.0412,(0.0955)
M6_material_governance,C(sector)[T.컴퓨터 및 주변장치 제조업],-0.09248517969096531,0.08031509640120219,-1.1515292122538119,0.24951458448060948,3193.0,,-0.0925,(0.0803)
M6_material_governance,"C(sector)[T.컴퓨터 프로그래밍, 시스템 통합 및 관리업]",0.013939167891939816,0.09705871595566128,0.14361582836421985,0.885803841008147,3193.0,,0.0139,(0.0971)
M6_material_governance,C(sector)[T.텔레비전 방송업],-0.07401312325084816,0.08830261391494182,-0.8381759040807317,0.401931917904108,3193.0,,-0.0740,(0.0883)
M6_material_governance,C(sector)[T.토목 건설업],0.2268143522098743,0.0774857591180843,2.92717468075935,0.00342056703363603,3193.0,***,0.2268***,(0.0775)
M6_material_governance,C(sector)[T.통신 및 방송 장비 제조업],-0.24950624775371932,0.07060007653583225,-3.5340789981592344,0.000409198754860047,3193.0,***,-0.2495***,(0.0706)
M6_material_governance,C(sector)[T.특수 목적용 기계 제조업],-0.03304397580051098,0.07243809549633337,-0.45616847839661356,0.6482688306003722,3193.0,,-0.0330,(0.0724)
M6_material_governance,"C(sector)[T.펄프, 종이 및 판지 제조업]",-0.1551091966473963,0.06475106576696546,-2.3954693997720966,0.01659909971343275,3193.0,**,-0.1551**,(0.0648)
M6_material_governance,C(sector)[T.편조원단 제조업],0.1807562179227111,0.06917571477784239,2.613001087205375,0.008975101672273824,3193.0,***,0.1808***,(0.0692)
M6_material_governance,C(sector)[T.플라스틱제품 제조업],-0.06562798796433808,0.07181599513870517,-0.9138352512916434,0.3608034203694841,3193.0,,-0.0656,(0.0718)
M6_material_governance,C(sector)[T.합성고무 및 플라스틱 물질 제조업],-0.001190351750151905,0.06425709806743611,-0.018524828944230607,0.9852201703293215,3193.0,,-0.0012,(0.0643)
M6_material_governance,C(sector)[T.항공 여객 운송업],-0.05606424737687036,0.09995190224536016,-0.5609122599712494,0.5748573518563419,3193.0,,-0.0561,(0.1000)
M6_material_governance,"C(sector)[T.항공기,우주선 및 부품 제조업]",0.14676598459014553,0.1575546922087782,0.9315240475076655,0.3515825512432228,3193.0,,0.1468,(0.1576)
M6_material_governance,C(sector)[T.해상 운송업],-0.03641597842997573,0.08673569919328299,-0.4198499437795028,0.6745950770227651,3193.0,,-0.0364,(0.0867)
M6_material_governance,C(sector)[T.화학섬유 제조업],-0.09332185395481683,0.08223862752772461,-1.134769107416777,0.25647207316041154,3193.0,,-0.0933,(0.0822)
M6_material_governance,LogAssets_w,0.032888594705538676,0.006919695578566611,4.752896183382597,2.0052332465802595e-06,3193.0,***,0.0329***,(0.0069)
M6_material_governance,Leverage_w,-0.06757719697940907,0.04095938520115664,-1.6498586745755348,0.09897184470537133,3193.0,*,-0.0676*,(0.0410)
M6_material_governance,ROA_w,-0.2712319585052443,0.1287356810007489,-2.1068903073085576,0.03512708898772137,3193.0,**,-0.2712**,(0.1287)
M6_material_governance,Loss,0.014344923736665304,0.021425194568423758,0.6695352843052689,0.5031540806054693,3193.0,,0.0143,(0.0214)
M6_material_governance,OutsideDirectorRatio_w,0.09057281102634544,0.05434615785252014,1.6665908797478202,0.09559578362961554,3193.0,*,0.0906*,(0.0543)
M6_material_governance,LargestShareholderOwnership_w,-0.0018331197875633334,0.0005073345954638694,-3.613236321657236,0.0003023988566655216,3193.0,***,-0.0018***,(0.0005)
M6_material_governance,LogMinorityShareholderCount_w,-0.019945871273756875,0.00829210083322276,-2.4054062625291097,0.01615449572126927,3193.0,**,-0.0199**,(0.0083)
M7_material_auditor_basic,Intercept,-0.591262663207569,0.16778495109038763,-3.523931433451676,0.00042519426247552276,3192.0,***,-0.5913***,(0.1678)
M7_material_auditor_basic,C(fiscal_year)[T.2020],-0.013289031431600344,0.06317683638349732,-0.21034657941611692,0.8333971832798538,3192.0,,-0.0133,(0.0632)
M7_material_auditor_basic,C(fiscal_year)[T.2021],0.11211528023651178,0.06450872519414827,1.737986294087889,0.08221322883954506,3192.0,*,0.1121*,(0.0645)
M7_material_auditor_basic,C(fiscal_year)[T.2022],0.16367557811108424,0.06600365056542896,2.4797958402139253,0.013145762774090552,3192.0,**,0.1637**,(0.0660)
M7_material_auditor_basic,C(fiscal_year)[T.2023],0.20908670893362016,0.06638756425624841,3.149486071315546,0.0016355790506731554,3192.0,***,0.2091***,(0.0664)
M7_material_auditor_basic,C(fiscal_year)[T.2024],0.28505035421925906,0.06686512230216136,4.263064874556358,2.016419450469181e-05,3192.0,***,0.2851***,(0.0669)
M7_material_auditor_basic,C(sector)[T.1차 철강 제조업],-0.023071534956247728,0.06733316657412003,-0.34264740736425475,0.7318637327564543,3192.0,,-0.0231,(0.0673)
M7_material_auditor_basic,C(sector)[T.가구 제조업],0.07243957633298591,0.08519942412333494,0.8502355160068003,0.3951941595713818,3192.0,,0.0724,(0.0852)
M7_material_auditor_basic,C(sector)[T.가전제품 및 정보통신장비 소매업],-0.23475091827950806,0.06732091462023716,-3.487042913836768,0.0004883929829238113,3192.0,***,-0.2348***,(0.0673)
M7_material_auditor_basic,C(sector)[T.가정용 기기 제조업],0.06535316100921981,0.06258605417067382,1.0442128342362025,0.29638693034111907,3192.0,,0.0654,(0.0626)
M7_material_auditor_basic,"C(sector)[T.가죽, 가방 및 유사제품 제조업]",-0.07843744960527078,0.10316663082169382,-0.7602986448286436,0.4470760917380999,3192.0,,-0.0784,(0.1032)
M7_material_auditor_basic,C(sector)[T.개인 및 가정용품 임대업],0.24461475979003816,0.06726669238207311,3.636491570012578,0.00027637668364968525,3192.0,***,0.2446***,(0.0673)
M7_material_auditor_basic,C(sector)[T.건물 건설업],0.0636147110689162,0.09214972440079326,0.6903407631718167,0.48997991908629923,3192.0,,0.0636,(0.0921)
M7_material_auditor_basic,C(sector)[T.건물설비 설치 공사업],0.21976748301580226,0.06717221943679451,3.2717019752874443,0.0010690219960993817,3192.0,***,0.2198***,(0.0672)
M7_material_auditor_basic,"C(sector)[T.건축기술, 엔지니어링 및 관련 기술 서비스업]",0.12145400171816648,0.08513312363466385,1.4266362672109656,0.15368476480404417,3192.0,,0.1215,(0.0851)
M7_material_auditor_basic,"C(sector)[T.건축자재, 철물 및 난방장치 도매업]",-0.10005276285651235,0.06443146818122074,-1.5528555483960527,0.12045764846513134,3192.0,,-0.1001,(0.0644)
M7_material_auditor_basic,"C(sector)[T.경비, 경호 및 탐정업]",-0.2489688260512367,0.06900393544328777,-3.60803806988453,0.0003085212272398834,3192.0,***,-0.2490***,(0.0690)
M7_material_auditor_basic,C(sector)[T.고무제품 제조업],-0.1017641636053368,0.08171558043083518,-1.2453459067266972,0.21300462789000907,3192.0,,-0.1018,(0.0817)
M7_material_auditor_basic,"C(sector)[T.곡물가공품, 전분 및 전분제품 제조업]",-0.0008614054036732086,0.0840192045588752,-0.010252482253263796,0.9918198460077559,3192.0,,-0.0009,(0.0840)
M7_material_auditor_basic,"C(sector)[T.골판지, 종이 상자 및 종이용기 제조업]",0.006797020092416072,0.10964858465820601,0.06198912748033714,0.950571490364104,3192.0,,0.0068,(0.1096)
M7_material_auditor_basic,C(sector)[T.광고업],-0.06190045074251567,0.12446215675637068,-0.49734354888034876,0.6189468066783964,3192.0,,-0.0619,(0.1245)
M7_material_auditor_basic,"C(sector)[T.구조용 금속제품, 탱크 및 증기발생기 제조업]",-0.0849789375590741,0.11503948184803137,-0.7386936745015278,0.4600930276620735,3192.0,,-0.0850,(0.1150)
M7_material_auditor_basic,C(sector)[T.귀금속 및 장신용품 제조업],-0.12815481286438524,0.06535562040070987,-1.960884344431887,0.04989251599178832,3192.0,**,-0.1282**,(0.0654)
M7_material_auditor_basic,C(sector)[T.그외 기타 개인 서비스업],0.14202597092970554,0.06777814272466355,2.0954538619722936,0.036130665777282446,3192.0,**,0.1420**,(0.0678)
M7_material_auditor_basic,C(sector)[T.그외 기타 운송장비 제조업],0.06819280978812269,0.07915503329495617,0.8615094574468203,0.38895751462202643,3192.0,,0.0682,(0.0792)
M7_material_auditor_basic,C(sector)[T.금속 주조업],0.04289439191064523,0.06331578013831164,0.6774676362976745,0.4981092973418866,3192.0,,0.0429,(0.0633)
M7_material_auditor_basic,C(sector)[T.기계장비 및 관련 물품 도매업],0.010084079501513235,0.07931648256839365,0.12713725035421047,0.8988317691496183,3192.0,,0.0101,(0.0793)
M7_material_auditor_basic,C(sector)[T.기반조성 및 시설물 축조관련 전문공사업],0.03447803617926322,0.06434973221169121,0.5357914476759729,0.592102693540091,3192.0,,0.0345,(0.0643)
M7_material_auditor_basic,C(sector)[T.기초 의약물질 제조업],-0.1201993356977447,0.08216329811600681,-1.4629322149171105,0.14348592794886994,3192.0,,-0.1202,(0.0822)
M7_material_auditor_basic,C(sector)[T.기초 화학물질 제조업],-0.005959182164750651,0.07289919771277233,-0.08174551094828539,0.9348490869342898,3192.0,,-0.0060,(0.0729)
M7_material_auditor_basic,C(sector)[T.기타 금속 가공제품 제조업],-0.0241895405060029,0.1266103567615409,-0.19105499048203223,0.8484825103929781,3192.0,,-0.0242,(0.1266)
M7_material_auditor_basic,C(sector)[T.기타 비금속 광물제품 제조업],-0.16726393789357744,0.0703047772229676,-2.3791262059349023,0.017353733329658547,3192.0,**,-0.1673**,(0.0703)
M7_material_auditor_basic,C(sector)[T.기타 사업지원 서비스업],-0.07515687933864554,0.06447463395150795,-1.1656813654059954,0.24374329707913966,3192.0,,-0.0752,(0.0645)
M7_material_auditor_basic,C(sector)[T.기타 상품 전문 소매업],-0.042623572774669105,0.066360138795199,-0.6423068659668448,0.520673957132775,3192.0,,-0.0426,(0.0664)
M7_material_auditor_basic,C(sector)[T.기타 식품 제조업],0.006743122072998479,0.08147164471358506,0.08276649006785168,0.9340372147279686,3192.0,,0.0067,(0.0815)
M7_material_auditor_basic,C(sector)[T.기타 운송관련 서비스업],-0.07030230580142809,0.09984039898003241,-0.7041468836226126,0.48134130557712895,3192.0,,-0.0703,(0.0998)
M7_material_auditor_basic,C(sector)[T.기타 전기장비 제조업],-0.14096517100340467,0.06526242312218489,-2.1599745191729767,0.030774642187547507,3192.0,**,-0.1410**,(0.0653)
M7_material_auditor_basic,C(sector)[T.기타 전문 도매업],-0.010949364355162902,0.07093450859469536,-0.15435878209469572,0.8773268512156798,3192.0,,-0.0109,(0.0709)
M7_material_auditor_basic,C(sector)[T.기타 정보 서비스업],-0.17337602764784313,0.0660357198906731,-2.625488567927777,0.008652471441808226,3192.0,***,-0.1734***,(0.0660)
M7_material_auditor_basic,C(sector)[T.기타 종이 및 판지 제품 제조업],0.09482635122778282,0.06592677007999166,1.4383588201382551,0.15033227045110226,3192.0,,0.0948,(0.0659)
M7_material_auditor_basic,C(sector)[T.기타 화학제품 제조업],-0.06174403957613396,0.0700087407546055,-0.881947581267874,0.37780515462597863,3192.0,,-0.0617,(0.0700)
M7_material_auditor_basic,C(sector)[T.나무제품 제조업],-0.16886256516313433,0.064614370296186,-2.6133902472326938,0.008964887220819033,3192.0,***,-0.1689***,(0.0646)
M7_material_auditor_basic,"C(sector)[T.내화, 비내화 요업제품 제조업]",0.021465168896409988,0.07961359713381816,0.26961687034854553,0.7874550201852142,3192.0,,0.0215,(0.0796)
M7_material_auditor_basic,C(sector)[T.담배 제조업],-0.31961183033349133,0.0706862917923065,-4.521553220992106,6.138752093049892e-06,3192.0,***,-0.3196***,(0.0707)
M7_material_auditor_basic,C(sector)[T.도로 화물 운송업],0.10943356899534798,0.08560602510540162,1.278339566176667,0.2011297226896801,3192.0,,0.1094,(0.0856)
M7_material_auditor_basic,"C(sector)[T.도축, 육류 가공 및 저장 처리업]",0.053107072749891154,0.06595094555155102,0.8052511196883392,0.42067478255686486,3192.0,,0.0531,(0.0660)
M7_material_auditor_basic,C(sector)[T.동·식물성 유지 및 낙농제품 제조업],-0.006573118905248129,0.0689895344376034,-0.09527704395792223,0.924094775960442,3192.0,,-0.0066,(0.0690)
M7_material_auditor_basic,C(sector)[T.동물용 사료 및 조제식품 제조업],-0.18185625885826634,0.06543733476264575,-2.779090247454228,0.005451137809108951,3192.0,***,-0.1819***,(0.0654)
M7_material_auditor_basic,"C(sector)[T.떡, 빵 및 과자류 제조업]",0.08496795364506939,0.06450547401354911,1.3172208241927221,0.18776461564443103,3192.0,,0.0850,(0.0645)
M7_material_auditor_basic,C(sector)[T.무기 및 총포탄 제조업],-0.05375578146864687,0.07133374782649256,-0.7535813427243279,0.4511006508551729,3192.0,,-0.0538,(0.0713)
M7_material_auditor_basic,C(sector)[T.무점포 소매업],-0.05990554694294739,0.06735942244408272,-0.8893417545656209,0.3738194376486902,3192.0,,-0.0599,(0.0674)
M7_material_auditor_basic,C(sector)[T.반도체 제조업],-0.035667672192745616,0.08382047658875742,-0.4255245692259594,0.6704543149455868,3192.0,,-0.0357,(0.0838)
M7_material_auditor_basic,C(sector)[T.방적 및 가공사 제조업],0.1783827566455803,0.07047234710198455,2.5312447219535974,0.011365851781219596,3192.0,**,0.1784**,(0.0705)
M7_material_auditor_basic,C(sector)[T.봉제의복 제조업],-0.045394485018568104,0.08572082783096668,-0.5295619065658315,0.5964157117511599,3192.0,,-0.0454,(0.0857)
M7_material_auditor_basic,"C(sector)[T.비료, 농약 및 살균, 살충제 제조업]",-0.1389901471493119,0.06556032842628269,-2.1200343330432694,0.03400315001908566,3192.0,**,-0.1390**,(0.0656)
M7_material_auditor_basic,C(sector)[T.비알코올음료 및 얼음 제조업],0.07626392673266667,0.06583210353757159,1.158461033971692,0.24667594437432583,3192.0,,0.0763,(0.0658)
M7_material_auditor_basic,C(sector)[T.산업용 기계 및 장비 임대업],0.21722619688200195,0.06733094931733126,3.226245865897617,0.0012542556209481262,3192.0,***,0.2172***,(0.0673)
M7_material_auditor_basic,C(sector)[T.산업용 농·축산물 및 동·식물 도매업],-0.11668408244686972,0.06416376325320355,-1.8185355180370275,0.0689823231931787,3192.0,*,-0.1167*,(0.0642)
M7_material_auditor_basic,C(sector)[T.상품 종합 도매업],-0.07403856554009727,0.08568702642239538,-0.8640580567602281,0.3875559985044158,3192.0,,-0.0740,(0.0857)
M7_material_auditor_basic,C(sector)[T.상품 중개업],-0.03412851255518415,0.06664540925909172,-0.5120909742260809,0.6085873410883571,3192.0,,-0.0341,(0.0666)
M7_material_auditor_basic,C(sector)[T.생활용품 도매업],0.026533857169352186,0.08858162442308429,0.2995413252145948,0.7645270456309583,3192.0,,0.0265,(0.0886)
M7_material_auditor_basic,"C(sector)[T.서적, 잡지 및 기타 인쇄물 출판업]",0.09142916895771802,0.18479715917935727,0.49475419083136585,0.6207736439111784,3192.0,,0.0914,(0.1848)
M7_material_auditor_basic,C(sector)[T.석유 정제품 제조업],-0.19994596815798818,0.07443390211804096,-2.686221768152152,0.007226510660098468,3192.0,***,-0.1999***,(0.0744)
M7_material_auditor_basic,C(sector)[T.선박 및 보트 건조업],0.05077456546298312,0.09403910079981258,0.5399303590861676,0.5892450602158724,3192.0,,0.0508,(0.0940)
M7_material_auditor_basic,"C(sector)[T.섬유, 의복, 신발 및 가죽제품 소매업]",0.11328591433761646,0.124569370098375,0.9094203033069224,0.36312830858951617,3192.0,,0.1133,(0.1246)
M7_material_auditor_basic,C(sector)[T.소프트웨어 개발 및 공급업],-0.10942695771582087,0.09932546984651962,-1.1017008818071572,0.2705917334790243,3192.0,,-0.1094,(0.0993)
M7_material_auditor_basic,C(sector)[T.수산물 가공 및 저장 처리업],-0.07249452958899627,0.07606318566566267,-0.9530830053272749,0.3405480160769415,3192.0,,-0.0725,(0.0761)
M7_material_auditor_basic,C(sector)[T.스포츠 서비스업],0.10329117712005739,0.06587603419412709,1.5679628924788236,0.11688979261423117,3192.0,,0.1033,(0.0659)
M7_material_auditor_basic,"C(sector)[T.시멘트, 석회, 플라스터 및 그 제품 제조업]",-0.11159400571807901,0.07238459789063306,-1.5416816418140225,0.12315097520975908,3192.0,,-0.1116,(0.0724)
M7_material_auditor_basic,C(sector)[T.신발 및 신발 부분품 제조업],-0.1570648056264783,0.06489227681059312,-2.420392893362601,0.015503745820655616,3192.0,**,-0.1571**,(0.0649)
M7_material_auditor_basic,C(sector)[T.악기 제조업],0.04007633360912653,0.06428950228807918,0.623372901994882,0.5330395009176925,3192.0,,0.0401,(0.0643)
M7_material_auditor_basic,C(sector)[T.알코올음료 제조업],-0.09081068301052267,0.08302771528047724,-1.0937393941740257,0.27406929142935377,3192.0,,-0.0908,(0.0830)
M7_material_auditor_basic,C(sector)[T.어로 어업],0.1280286816130103,0.09906042289305277,1.292430194359579,0.19620820573964537,3192.0,,0.1280,(0.0991)
M7_material_auditor_basic,C(sector)[T.여행사 및 기타 여행보조 서비스업],0.12283992090749399,0.09565862316527428,1.284148954300306,0.1990898418926308,3192.0,,0.1228,(0.0957)
M7_material_auditor_basic,C(sector)[T.연료 소매업],-0.18750936999495083,0.07293478494103248,-2.5709182545276783,0.010142926547138956,3192.0,**,-0.1875**,(0.0729)
M7_material_auditor_basic,C(sector)[T.연료용 가스 제조 및 배관공급업],0.0227810080305056,0.08463444478449166,0.26916946272305403,0.7877992785353908,3192.0,,0.0228,(0.0846)
M7_material_auditor_basic,C(sector)[T.영상 및 음향기기 제조업],0.01823387188867086,0.09202307221653598,0.19814456798144528,0.8429319558352182,3192.0,,0.0182,(0.0920)
M7_material_auditor_basic,"C(sector)[T.영화, 비디오물, 방송프로그램 제작 및 배급업]",0.07975069223305142,0.16936382031892885,0.47088387639622775,0.6377236627295171,3192.0,,0.0798,(0.1694)
M7_material_auditor_basic,C(sector)[T.오디오물 출판 및 원판 녹음업],0.17292430379709406,0.06475542233309586,2.6704219904178457,0.007575597237607647,3192.0,***,0.1729***,(0.0648)
M7_material_auditor_basic,C(sector)[T.운송장비 임대업],0.06216396476529279,0.20691076461480118,0.30043852421608586,0.7638426820489127,3192.0,,0.0622,(0.2069)
M7_material_auditor_basic,C(sector)[T.유리 및 유리제품 제조업],-0.021535204828180346,0.06577209323503432,-0.3274216125557238,0.743349022079826,3192.0,,-0.0215,(0.0658)
M7_material_auditor_basic,C(sector)[T.유원지 및 기타 오락관련 서비스업],-0.02453635556910652,0.13037494121547016,-0.18819840178148484,0.8507211252977156,3192.0,,-0.0245,(0.1304)
M7_material_auditor_basic,C(sector)[T.육상 여객 운송업],0.05942482455298935,0.07983377193423842,0.7443569696536378,0.4566605441700804,3192.0,,0.0594,(0.0798)
M7_material_auditor_basic,C(sector)[T.음·식료품 및 담배 도매업],-0.010350894735718388,0.10575912447694526,-0.09787235651685837,0.9220336508807029,3192.0,,-0.0104,(0.1058)
M7_material_auditor_basic,C(sector)[T.음식점업],0.035359425790123966,0.06539165376263624,0.5407330103391235,0.5886916221900691,3192.0,,0.0354,(0.0654)
M7_material_auditor_basic,C(sector)[T.의료용 기기 제조업],0.11434412940039956,0.0953679229363828,1.1989789216304443,0.23053614178482762,3192.0,,0.1143,(0.0954)
M7_material_auditor_basic,C(sector)[T.의료용품 및 기타 의약 관련제품 제조업],0.07779663843463598,0.06800869248068939,1.143921984042346,0.2526559929730323,3192.0,,0.0778,(0.0680)
M7_material_auditor_basic,C(sector)[T.의약품 제조업],-0.019665063310056727,0.07024719616172947,-0.2799408999155216,0.7795228475920897,3192.0,,-0.0197,(0.0702)
M7_material_auditor_basic,C(sector)[T.일반 목적용 기계 제조업],-0.02468243801464124,0.0867667766925545,-0.2844687673727916,0.7760511657899273,3192.0,,-0.0247,(0.0868)
M7_material_auditor_basic,C(sector)[T.일반 및 생활 숙박시설 운영업],-0.1712093150124302,0.06399137161975021,-2.6755062546524377,0.007461648090575842,3192.0,***,-0.1712***,(0.0640)
M7_material_auditor_basic,C(sector)[T.일차전지 및 이차전지 제조업],0.09547300533829142,0.12260877097171549,0.7786800616435182,0.4361682040219973,3192.0,,0.0955,(0.1226)
M7_material_auditor_basic,C(sector)[T.자동차 부품 및 내장품 판매업],0.05256696055070339,0.06460566567063596,0.8136586784616275,0.41584051238694675,3192.0,,0.0526,(0.0646)
M7_material_auditor_basic,C(sector)[T.자동차 신품 부품 제조업],-0.019029151547823066,0.06827084007487075,-0.27873029725361986,0.780451809732587,3192.0,,-0.0190,(0.0683)
M7_material_auditor_basic,C(sector)[T.자동차 판매업],0.14610369384343222,0.16718938176401377,0.8738814170008488,0.382182835719705,3192.0,,0.1461,(0.1672)
M7_material_auditor_basic,C(sector)[T.자동차용 엔진 및 자동차 제조업],-0.012448464744082774,0.09907402819624125,-0.12564811354420183,0.9000104756267132,3192.0,,-0.0124,(0.0991)
M7_material_auditor_basic,"C(sector)[T.자료처리, 호스팅, 포털 및 기타 인터넷 정보매개 서비스업]",-0.044768403638449396,0.08966034603833686,-0.4993110735854998,0.6175602551782136,3192.0,,-0.0448,(0.0897)
M7_material_auditor_basic,C(sector)[T.자연과학 및 공학 연구개발업],0.06591286895137909,0.17846898404514444,0.3693239433396795,0.7118862809124008,3192.0,,0.0659,(0.1785)
M7_material_auditor_basic,C(sector)[T.전구 및 조명장치 제조업],0.01826644738949683,0.07052632280997392,0.259001840188293,0.7956338206645428,3192.0,,0.0183,(0.0705)
M7_material_auditor_basic,C(sector)[T.전기 및 통신 공사업],0.12772110703370415,0.09235968173490414,1.382866469811972,0.1667058131183199,3192.0,,0.1277,(0.0924)
M7_material_auditor_basic,C(sector)[T.전기 통신업],-0.05230491886339672,0.07422508958443085,-0.7046797673972494,0.4810095452120524,3192.0,,-0.0523,(0.0742)
M7_material_auditor_basic,C(sector)[T.전기업],0.08670676981016978,0.07925966454184696,1.0939583243427802,0.2739732568047756,3192.0,,0.0867,(0.0793)
M7_material_auditor_basic,"C(sector)[T.전동기, 발전기 및 전기 변환 · 공급 · 제어 장치 제조업]",0.16764659010817992,0.10091033871301154,1.6613420611436647,0.0966447670182847,3192.0,*,0.1676*,(0.1009)
M7_material_auditor_basic,C(sector)[T.전자부품 제조업],-0.04063516703720561,0.07162981749725462,-0.5672940188457558,0.5705144399926434,3192.0,,-0.0406,(0.0716)
M7_material_auditor_basic,C(sector)[T.절연선 및 케이블 제조업],0.008557268926859082,0.09524443402833113,0.08984534386874159,0.9284101146736595,3192.0,,0.0086,(0.0952)
M7_material_auditor_basic,C(sector)[T.제재 및 목재 가공업],-0.05629575781067734,0.1111392454624718,-0.5065335613573752,0.6124821354786936,3192.0,,-0.0563,(0.1111)
M7_material_auditor_basic,C(sector)[T.종합 소매업],-0.11778089193762897,0.0784209587951068,-1.5019057882900828,0.13312144154714944,3192.0,,-0.1178,(0.0784)
M7_material_auditor_basic,"C(sector)[T.증기, 냉·온수 및 공기조절 공급업]",0.16667886062434015,0.06825961123963102,2.4418372387032825,0.014612733044936627,3192.0,**,0.1667**,(0.0683)
M7_material_auditor_basic,C(sector)[T.직물직조 및 직물제품 제조업],0.021496674317261648,0.10483653635680332,0.2050494518828753,0.8375334887651789,3192.0,,0.0215,(0.1048)
M7_material_auditor_basic,C(sector)[T.초등 교육기관],0.043832396802585896,0.14952064334348655,0.2931528103573755,0.7694053521191492,3192.0,,0.0438,(0.1495)
M7_material_auditor_basic,"C(sector)[T.측정, 시험, 항해, 제어 및 기타 정밀기기 제조업; 광학기기 제외]",-0.04344345691707627,0.09591270801390007,-0.45294787121202185,0.6505862787522169,3192.0,,-0.0434,(0.0959)
M7_material_auditor_basic,C(sector)[T.컴퓨터 및 주변장치 제조업],-0.09618460616107316,0.08052320305841874,-1.194495530577593,0.23228418798412265,3192.0,,-0.0962,(0.0805)
M7_material_auditor_basic,"C(sector)[T.컴퓨터 프로그래밍, 시스템 통합 및 관리업]",0.012732689677740591,0.09670799597422983,0.13166118839990773,0.8952522853732473,3192.0,,0.0127,(0.0967)
M7_material_auditor_basic,C(sector)[T.텔레비전 방송업],-0.07681572845560068,0.08951342762004635,-0.8581475483394175,0.3908109947028058,3192.0,,-0.0768,(0.0895)
M7_material_auditor_basic,C(sector)[T.토목 건설업],0.22826214581222992,0.07805691888187187,2.924303816778529,0.0034522761578541414,3192.0,***,0.2283***,(0.0781)
M7_material_auditor_basic,C(sector)[T.통신 및 방송 장비 제조업],-0.25034505507806276,0.07123053539925119,-3.514574945630614,0.0004404583665988085,3192.0,***,-0.2503***,(0.0712)
M7_material_auditor_basic,C(sector)[T.특수 목적용 기계 제조업],-0.033479791223467344,0.07247819219006985,-0.4619291708555387,0.6441321142114902,3192.0,,-0.0335,(0.0725)
M7_material_auditor_basic,"C(sector)[T.펄프, 종이 및 판지 제조업]",-0.1586302133095491,0.06562850322072677,-2.4170932677838453,0.01564500778684301,3192.0,**,-0.1586**,(0.0656)
M7_material_auditor_basic,C(sector)[T.편조원단 제조업],0.1772605775496522,0.06977631401704713,2.540411886852399,0.011072198894194899,3192.0,**,0.1773**,(0.0698)
M7_material_auditor_basic,C(sector)[T.플라스틱제품 제조업],-0.06869323131055868,0.07245322423556044,-0.9481045465585183,0.3430762339166712,3192.0,,-0.0687,(0.0725)
M7_material_auditor_basic,C(sector)[T.합성고무 및 플라스틱 물질 제조업],-0.003578810843473751,0.06541338900992782,-0.05471067770132798,0.9563689625299201,3192.0,,-0.0036,(0.0654)
M7_material_auditor_basic,C(sector)[T.항공 여객 운송업],-0.05760783396607435,0.09993265339808988,-0.5764665703069931,0.564299859396487,3192.0,,-0.0576,(0.0999)
M7_material_auditor_basic,"C(sector)[T.항공기,우주선 및 부품 제조업]",0.14616378716091846,0.16085894980558163,0.9086456634062069,0.3635371946096123,3192.0,,0.1462,(0.1609)
M7_material_auditor_basic,C(sector)[T.해상 운송업],-0.03866197184666047,0.08692128403008052,-0.44479292129739895,0.6564694103968455,3192.0,,-0.0387,(0.0869)
M7_material_auditor_basic,C(sector)[T.화학섬유 제조업],-0.09401986337348235,0.08423192904156561,-1.1162021865495533,0.26433559877117707,3192.0,,-0.0940,(0.0842)
M7_material_auditor_basic,LogAssets_w,0.0321435733697503,0.007171707621786613,4.481997184617896,7.394771948588281e-06,3192.0,***,0.0321***,(0.0072)
M7_material_auditor_basic,Leverage_w,-0.06956321534647147,0.041148342900930036,-1.6905471871359175,0.09092331869998004,3192.0,*,-0.0696*,(0.0411)
M7_material_auditor_basic,ROA_w,-0.2810490900298064,0.12895760529087896,-2.179391354204099,0.029302607862723325,3192.0,**,-0.2810**,(0.1290)
M7_material_auditor_basic,Loss,0.013963043102979364,0.021455545311370637,0.6507894765825165,0.5151823942578146,3192.0,,0.0140,(0.0215)
M7_material_auditor_basic,OutsideDirectorRatio_w,0.09059217982469728,0.05442976670680569,1.6643867006207467,0.0960351760860498,3192.0,*,0.0906*,(0.0544)
M7_material_auditor_basic,LargestShareholderOwnership_w,-0.0018776547438684767,0.0005093376931356258,-3.6864633605047112,0.00022739216291912102,3192.0,***,-0.0019***,(0.0005)
M7_material_auditor_basic,LogMinorityShareholderCount_w,-0.02071177618782026,0.00838569215098804,-2.469894650900094,0.013515284762702435,3192.0,**,-0.0207**,(0.0084)
M7_material_auditor_basic,Big4Auditor,0.008470595207113324,0.015450178231790611,0.5482522647980882,0.5835186993978994,3192.0,,0.0085,(0.0155)
M7_material_auditor_basic,CleanOpinion,0.020861613137438867,0.02166838705090596,0.9627672372857414,0.33566434577628124,3192.0,,0.0209,(0.0217)
M8_log_count_controls,Intercept,-0.4546119411644128,0.13508286409875,-3.3654301320712046,0.0007642441943556933,4575.0,***,-0.4546***,(0.1351)
M8_log_count_controls,C(fiscal_year)[T.2019],-0.05951791777421745,0.018376463700494658,-3.238812360433381,0.0012002851007978132,4575.0,***,-0.0595***,(0.0184)
M8_log_count_controls,C(fiscal_year)[T.2020],0.0420598564868257,0.021096982891797282,1.993643200193284,0.046191060742268183,4575.0,**,0.0421**,(0.0211)
M8_log_count_controls,C(fiscal_year)[T.2021],0.05527782285402552,0.020941043301483026,2.639688102364546,0.008298235832399747,4575.0,***,0.0553***,(0.0209)
M8_log_count_controls,C(fiscal_year)[T.2022],-0.028402312526256888,0.01918159688525636,-1.4807063612147897,0.13868483813521956,4575.0,,-0.0284,(0.0192)
M8_log_count_controls,C(fiscal_year)[T.2023],0.013995634571218465,0.01972696526218443,0.7094671879433666,0.47803460638435336,4575.0,,0.0140,(0.0197)
M8_log_count_controls,C(fiscal_year)[T.2024],0.08168563253603404,0.02077916801450035,3.9311310481262423,8.454716843517723e-05,4575.0,***,0.0817***,(0.0208)
M8_log_count_controls,C(sector)[T.1차 철강 제조업],-0.006156355661855918,0.04814732138633681,-0.1278649670343439,0.8982558356764253,4575.0,,-0.0062,(0.0481)
M8_log_count_controls,C(sector)[T.가구 제조업],0.06046170808247229,0.07660949220836176,0.7892195384617499,0.4299837042614252,4575.0,,0.0605,(0.0766)
M8_log_count_controls,C(sector)[T.가전제품 및 정보통신장비 소매업],-0.14229266582355501,0.04490504427311519,-3.1687456972121537,0.001530982862604168,4575.0,***,-0.1423***,(0.0449)
M8_log_count_controls,C(sector)[T.가정용 기기 제조업],0.09719462883432403,0.04384873136971972,2.21658930140549,0.026651169324951568,4575.0,**,0.0972**,(0.0438)
M8_log_count_controls,"C(sector)[T.가죽, 가방 및 유사제품 제조업]",0.09770975152443548,0.10432134552748497,0.9366228074454085,0.34895261583578085,4575.0,,0.0977,(0.1043)
M8_log_count_controls,C(sector)[T.개인 및 가정용품 임대업],0.31494068525859154,0.04514567080063775,6.976099361760785,3.0348812585364034e-12,4575.0,***,0.3149***,(0.0451)
M8_log_count_controls,C(sector)[T.건물 건설업],0.0861618968690001,0.0668250587417114,1.2893650748894723,0.1972711972407657,4575.0,,0.0862,(0.0668)
M8_log_count_controls,C(sector)[T.건물설비 설치 공사업],0.05217438893776999,0.04620013375458117,1.1293125083776714,0.2587660261146153,4575.0,,0.0522,(0.0462)
M8_log_count_controls,"C(sector)[T.건축기술, 엔지니어링 및 관련 기술 서비스업]",0.12530546176394472,0.08142320784483438,1.5389403719236334,0.1238188539522441,4575.0,,0.1253,(0.0814)
M8_log_count_controls,"C(sector)[T.건축자재, 철물 및 난방장치 도매업]",-0.12869762053051023,0.04493578924208901,-2.864033829185888,0.004182833369284815,4575.0,***,-0.1287***,(0.0449)
M8_log_count_controls,"C(sector)[T.경비, 경호 및 탐정업]",-0.1699857826508806,0.04460711515647576,-3.810732481905484,0.00013855564204333292,4575.0,***,-0.1700***,(0.0446)
M8_log_count_controls,C(sector)[T.고무제품 제조업],-0.019399515282412443,0.11242406274942553,-0.1725566111736304,0.8629999594541942,4575.0,,-0.0194,(0.1124)
M8_log_count_controls,"C(sector)[T.곡물가공품, 전분 및 전분제품 제조업]",-0.006098449198853456,0.054459093178066485,-0.11198220247467541,0.9108375181702085,4575.0,,-0.0061,(0.0545)
M8_log_count_controls,"C(sector)[T.골판지, 종이 상자 및 종이용기 제조업]",0.04801745122490033,0.09395640055635987,0.5110609914871845,0.6093083496012892,4575.0,,0.0480,(0.0940)
M8_log_count_controls,C(sector)[T.광고업],0.053889230554326255,0.04998532313735002,1.0781010739142178,0.28098865243579263,4575.0,,0.0539,(0.0500)
M8_log_count_controls,"C(sector)[T.구조용 금속제품, 탱크 및 증기발생기 제조업]",0.05948184144026734,0.0613630990539295,0.9693422000735523,0.3323744805943589,4575.0,,0.0595,(0.0614)
M8_log_count_controls,C(sector)[T.귀금속 및 장신용품 제조업],-0.17960333718834295,0.04412218704061609,-4.070590087091818,4.6894201988457036e-05,4575.0,***,-0.1796***,(0.0441)
M8_log_count_controls,C(sector)[T.그외 기타 개인 서비스업],0.12089406079670585,0.044888132424686554,2.6932299088081306,0.00707634537831457,4575.0,***,0.1209***,(0.0449)
M8_log_count_controls,C(sector)[T.그외 기타 운송장비 제조업],-0.01372054873442615,0.04586984659344676,-0.29911913279401176,0.7648491483605472,4575.0,,-0.0137,(0.0459)
M8_log_count_controls,C(sector)[T.금속 주조업],0.03710176677223515,0.043914347126307395,0.8448666369904635,0.39818530390028617,4575.0,,0.0371,(0.0439)
M8_log_count_controls,C(sector)[T.기계장비 및 관련 물품 도매업],0.022533928583922308,0.05106647049404734,0.4412666151765671,0.6590199920731852,4575.0,,0.0225,(0.0511)
M8_log_count_controls,C(sector)[T.기반조성 및 시설물 축조관련 전문공사업],0.0027526894936998714,0.05283083554904906,0.052103841725997815,0.9584459518715658,4575.0,,0.0028,(0.0528)
M8_log_count_controls,C(sector)[T.기초 의약물질 제조업],-0.028887190568921865,0.08902992319160517,-0.3244660843607883,0.7455851952684164,4575.0,,-0.0289,(0.0890)
M8_log_count_controls,C(sector)[T.기초 화학물질 제조업],0.032320515578707486,0.05547031103746619,0.5826633197869994,0.5601199703629475,4575.0,,0.0323,(0.0555)
M8_log_count_controls,C(sector)[T.기타 금속 가공제품 제조업],0.054206717331611795,0.07875100716998013,0.6883304643280218,0.4912447015656546,4575.0,,0.0542,(0.0788)
M8_log_count_controls,C(sector)[T.기타 비금속 광물제품 제조업],-0.14438638475516427,0.0467000392208812,-3.091782944169437,0.0019895827074122496,4575.0,***,-0.1444***,(0.0467)
M8_log_count_controls,C(sector)[T.기타 사업지원 서비스업],-0.12292995317560898,0.04582965150007418,-2.6823235427703396,0.007311271142962234,4575.0,***,-0.1229***,(0.0458)
M8_log_count_controls,C(sector)[T.기타 상품 전문 소매업],-0.02511783110521659,0.04472330549444602,-0.5616273400975663,0.5743699488351597,4575.0,,-0.0251,(0.0447)
M8_log_count_controls,C(sector)[T.기타 식품 제조업],-0.01079717841387742,0.05926369140577701,-0.1821887593864076,0.8554345940768604,4575.0,,-0.0108,(0.0593)
M8_log_count_controls,C(sector)[T.기타 운송관련 서비스업],-0.048041191672206066,0.07040822430332938,-0.68232358005845,0.49503436600263395,4575.0,,-0.0480,(0.0704)
M8_log_count_controls,C(sector)[T.기타 전기장비 제조업],-0.16156754744457294,0.04552251664545092,-3.5491787218824253,0.0003864347048116017,4575.0,***,-0.1616***,(0.0455)
M8_log_count_controls,C(sector)[T.기타 전문 도매업],0.05256002732659557,0.06054712459967802,0.868084614655261,0.38534801294139787,4575.0,,0.0526,(0.0605)
M8_log_count_controls,C(sector)[T.기타 정보 서비스업],-0.054476032585123894,0.07928786581846059,-0.6870664511244827,0.4920408543028829,4575.0,,-0.0545,(0.0793)
M8_log_count_controls,C(sector)[T.기타 종이 및 판지 제품 제조업],0.04164906539236794,0.04594509347826884,0.9064964774109593,0.3646731285335837,4575.0,,0.0416,(0.0459)
M8_log_count_controls,C(sector)[T.기타 화학제품 제조업],-0.022952622543212328,0.0493117766840743,-0.4654592490200235,0.6416026131023871,4575.0,,-0.0230,(0.0493)
M8_log_count_controls,C(sector)[T.나무제품 제조업],-0.17043029648261107,0.043781568984105804,-3.892740722573991,9.911806797042602e-05,4575.0,***,-0.1704***,(0.0438)
M8_log_count_controls,"C(sector)[T.내화, 비내화 요업제품 제조업]",0.06262703159205568,0.058417661206628245,1.0720564688568845,0.28369466953939004,4575.0,,0.0626,(0.0584)
M8_log_count_controls,C(sector)[T.담배 제조업],0.22280944768248734,0.04652592964973544,4.788930589025948,1.6767246031058477e-06,4575.0,***,0.2228***,(0.0465)
M8_log_count_controls,C(sector)[T.도로 화물 운송업],0.07296636973830402,0.06245377079609566,1.1683260883723223,0.24267525597722506,4575.0,,0.0730,(0.0625)
M8_log_count_controls,"C(sector)[T.도축, 육류 가공 및 저장 처리업]",-0.0029456243935920673,0.04512178228811192,-0.06528164988660345,0.9479497524444029,4575.0,,-0.0029,(0.0451)
M8_log_count_controls,C(sector)[T.동·식물성 유지 및 낙농제품 제조업],-0.03196605387672288,0.049891810427154036,-0.6407074348082805,0.5217127828038746,4575.0,,-0.0320,(0.0499)
M8_log_count_controls,C(sector)[T.동물용 사료 및 조제식품 제조업],-0.17901376635555818,0.044326326391411514,-4.038542801287569,5.378428045225554e-05,4575.0,***,-0.1790***,(0.0443)
M8_log_count_controls,"C(sector)[T.떡, 빵 및 과자류 제조업]",0.11568349482861524,0.04418663531128883,2.618065259181668,0.00884298916033789,4575.0,***,0.1157***,(0.0442)
M8_log_count_controls,C(sector)[T.무기 및 총포탄 제조업],0.06277039609199754,0.17139132809011504,0.36624021058401385,0.7141858397010292,4575.0,,0.0628,(0.1714)
M8_log_count_controls,C(sector)[T.무점포 소매업],0.2068250666068161,0.04467349395971517,4.629704289378461,3.6618829807800747e-06,4575.0,***,0.2068***,(0.0447)
M8_log_count_controls,C(sector)[T.반도체 제조업],0.032924372911384864,0.059033260233255946,0.5577258105226105,0.5770316300325871,4575.0,,0.0329,(0.0590)
M8_log_count_controls,C(sector)[T.방적 및 가공사 제조업],0.20794470181642766,0.07060306208049016,2.945264634264203,0.0032267854567147535,4575.0,***,0.2079***,(0.0706)
M8_log_count_controls,C(sector)[T.봉제의복 제조업],0.010043170490791637,0.05971662366113077,0.16818048099609292,0.8664412961303902,4575.0,,0.0100,(0.0597)
M8_log_count_controls,"C(sector)[T.비료, 농약 및 살균, 살충제 제조업]",-0.0860625713080657,0.048810311853578876,-1.763204700806586,0.07786597124294298,4575.0,*,-0.0861*,(0.0488)
M8_log_count_controls,C(sector)[T.비알코올음료 및 얼음 제조업],-0.02536637951663766,0.044124726305696416,-0.5748790222719843,0.5653731182770529,4575.0,,-0.0254,(0.0441)
M8_log_count_controls,C(sector)[T.산업용 기계 및 장비 임대업],0.29781964962573243,0.04505885489615763,6.609569868388485,3.854382767675875e-11,4575.0,***,0.2978***,(0.0451)
M8_log_count_controls,C(sector)[T.산업용 농·축산물 및 동·식물 도매업],-0.0635728399444185,0.0442020482553665,-1.4382328976508507,0.15036798391285178,4575.0,,-0.0636,(0.0442)
M8_log_count_controls,C(sector)[T.상품 종합 도매업],-0.06336767520275301,0.04805407691134617,-1.3186742785561885,0.18727802940060756,4575.0,,-0.0634,(0.0481)
M8_log_count_controls,C(sector)[T.상품 중개업],-0.06964028175005159,0.051314073147576154,-1.357138061322288,0.1747373467579647,4575.0,,-0.0696,(0.0513)
M8_log_count_controls,C(sector)[T.생활용품 도매업],0.051422767667648035,0.05757142421690613,0.8931995059546831,0.37175034262781714,4575.0,,0.0514,(0.0576)
M8_log_count_controls,"C(sector)[T.서적, 잡지 및 기타 인쇄물 출판업]",0.09786948738964701,0.04866490297206211,2.0110897466667637,0.044315978002112684,4575.0,**,0.0979**,(0.0487)
M8_log_count_controls,C(sector)[T.석유 정제품 제조업],-0.13798166714996302,0.058260988264970504,-2.368337222884437,0.017868241175135316,4575.0,**,-0.1380**,(0.0583)
M8_log_count_controls,C(sector)[T.선박 및 보트 건조업],-0.08273499950974397,0.06524710886914423,-1.2680255254784152,0.20478883523447522,4575.0,,-0.0827,(0.0652)
M8_log_count_controls,"C(sector)[T.섬유, 의복, 신발 및 가죽제품 소매업]",-0.04161915656076611,0.0476815861428338,-0.8728559581909204,0.38274159436344424,4575.0,,-0.0416,(0.0477)
M8_log_count_controls,C(sector)[T.소프트웨어 개발 및 공급업],-0.017079555421946477,0.06974686429569889,-0.24487918696295757,0.8065499775322779,4575.0,,-0.0171,(0.0697)
M8_log_count_controls,C(sector)[T.수산물 가공 및 저장 처리업],-0.034542782269085665,0.05823269646175083,-0.5931853472005115,0.5530571177230771,4575.0,,-0.0345,(0.0582)
M8_log_count_controls,C(sector)[T.스포츠 서비스업],0.23304275169112537,0.04630462167673097,5.032818393768115,4.83320944730731e-07,4575.0,***,0.2330***,(0.0463)
M8_log_count_controls,"C(sector)[T.시멘트, 석회, 플라스터 및 그 제품 제조업]",-0.07526451013675121,0.06527108647171503,-1.1531064397000161,0.24886669877600587,4575.0,,-0.0753,(0.0653)
M8_log_count_controls,C(sector)[T.신발 및 신발 부분품 제조업],-0.1958073480106005,0.0437674314101858,-4.4738140142496725,7.683658118395293e-06,4575.0,***,-0.1958***,(0.0438)
M8_log_count_controls,C(sector)[T.악기 제조업],0.03448283997909279,0.044091998902847755,0.7820656998352973,0.4341759633563813,4575.0,,0.0345,(0.0441)
M8_log_count_controls,C(sector)[T.알코올음료 제조업],-0.0005430598971877357,0.09304564056396696,-0.0058364894249332755,0.9953431816373541,4575.0,,-0.0005,(0.0930)
M8_log_count_controls,C(sector)[T.어로 어업],0.05128260894425438,0.07858476649316846,0.6525769717558744,0.5140290354892868,4575.0,,0.0513,(0.0786)
M8_log_count_controls,C(sector)[T.여행사 및 기타 여행보조 서비스업],-0.004493651497077153,0.05767871601028653,-0.07790831363645034,0.9379009861887727,4575.0,,-0.0045,(0.0577)
M8_log_count_controls,C(sector)[T.연료 소매업],-0.08651787135233992,0.10337801810725804,-0.8369078159592384,0.4026443866692173,4575.0,,-0.0865,(0.1034)
M8_log_count_controls,C(sector)[T.연료용 가스 제조 및 배관공급업],-0.04722359040032109,0.07143285096447648,-0.6610906573476307,0.5085541763982111,4575.0,,-0.0472,(0.0714)
M8_log_count_controls,C(sector)[T.영상 및 음향기기 제조업],0.014145450078895632,0.06440473124187027,0.2196337102281006,0.8261564354195321,4575.0,,0.0141,(0.0644)
M8_log_count_controls,"C(sector)[T.영화, 비디오물, 방송프로그램 제작 및 배급업]",0.029693459515999807,0.118711654018859,0.25013095606672775,0.8024860772208032,4575.0,,0.0297,(0.1187)
M8_log_count_controls,C(sector)[T.오디오물 출판 및 원판 녹음업],0.049450879229443565,0.04453080552327443,1.1104869684784304,0.2667892405308162,4575.0,,0.0495,(0.0445)
M8_log_count_controls,C(sector)[T.운송장비 임대업],-0.03571724328958961,0.1262912390179437,-0.28281647695700285,0.7773175229872755,4575.0,,-0.0357,(0.1263)
M8_log_count_controls,C(sector)[T.유리 및 유리제품 제조업],0.0848559271231891,0.06288268137562336,1.3494323916677593,0.17719812246618305,4575.0,,0.0849,(0.0629)
M8_log_count_controls,C(sector)[T.유원지 및 기타 오락관련 서비스업],0.026959183251747364,0.07120220857246695,0.3786284694288565,0.7049637779696616,4575.0,,0.0270,(0.0712)
M8_log_count_controls,C(sector)[T.육상 여객 운송업],-0.07046827341802037,0.04511112699335884,-1.5621040331888527,0.11826348292315422,4575.0,,-0.0705,(0.0451)
M8_log_count_controls,C(sector)[T.음·식료품 및 담배 도매업],-0.03497622990491013,0.06306981771432929,-0.5545636751850581,0.5791931408100303,4575.0,,-0.0350,(0.0631)
M8_log_count_controls,C(sector)[T.음식점업],-0.030291465179463416,0.04385676894209759,-0.6906907624557586,0.4897598957215896,4575.0,,-0.0303,(0.0439)
M8_log_count_controls,C(sector)[T.의료용 기기 제조업],0.07956497441514489,0.10678250272845391,0.7451124705091177,0.4562037309268807,4575.0,,0.0796,(0.1068)
M8_log_count_controls,C(sector)[T.의료용품 및 기타 의약 관련제품 제조업],0.18257594144171088,0.047556035200725766,3.8391749999992544,0.00012344842035790098,4575.0,***,0.1826***,(0.0476)
M8_log_count_controls,C(sector)[T.의약품 제조업],0.03410888970217959,0.05269106072603283,0.647337313620023,0.5174136570390251,4575.0,,0.0341,(0.0527)
M8_log_count_controls,C(sector)[T.일반 목적용 기계 제조업],0.05212294160691675,0.06138729907382309,0.8490834813278686,0.39583484138571445,4575.0,,0.0521,(0.0614)
M8_log_count_controls,C(sector)[T.일반 및 생활 숙박시설 운영업],-0.09492132229094374,0.04356761371765801,-2.17871290601514,0.029353002397971492,4575.0,**,-0.0949**,(0.0436)
M8_log_count_controls,C(sector)[T.일차전지 및 이차전지 제조업],-0.03557745301685151,0.06800451551947191,-0.5231630979955224,0.6008607589362858,4575.0,,-0.0356,(0.0680)
M8_log_count_controls,C(sector)[T.자동차 부품 및 내장품 판매업],-0.041856926380092065,0.045276515598519716,-0.9244732247342052,0.35523998572715276,4575.0,,-0.0419,(0.0453)
M8_log_count_controls,C(sector)[T.자동차 신품 부품 제조업],0.028828012759068367,0.05260764388087301,0.547981445896869,0.5837046429116299,4575.0,,0.0288,(0.0526)
M8_log_count_controls,C(sector)[T.자동차 판매업],0.03476065246955347,0.08945560112453367,0.388579943933999,0.6975869054851684,4575.0,,0.0348,(0.0895)
M8_log_count_controls,C(sector)[T.자동차용 엔진 및 자동차 제조업],0.028942919515867287,0.10488557594936605,0.2759475671834953,0.7825883383986043,4575.0,,0.0289,(0.1049)
M8_log_count_controls,"C(sector)[T.자료처리, 호스팅, 포털 및 기타 인터넷 정보매개 서비스업]",0.047069558803912996,0.08788575004700672,0.5355766865360686,0.5922511447526719,4575.0,,0.0471,(0.0879)
M8_log_count_controls,C(sector)[T.자연과학 및 공학 연구개발업],-0.005371404076790519,0.17999581559317304,-0.0298418274840954,0.9761932001001692,4575.0,,-0.0054,(0.1800)
M8_log_count_controls,C(sector)[T.전구 및 조명장치 제조업],-0.03370613657930345,0.051128847487470215,-0.6592391230325224,0.5097422276729062,4575.0,,-0.0337,(0.0511)
M8_log_count_controls,C(sector)[T.전기 및 통신 공사업],0.10008742386142656,0.05520178252035697,1.8131194191875406,0.06981340465862115,4575.0,*,0.1001*,(0.0552)
M8_log_count_controls,C(sector)[T.전기 통신업],-0.0975383778936679,0.04752104443569498,-2.052530180090126,0.04011816511267635,4575.0,**,-0.0975**,(0.0475)
M8_log_count_controls,C(sector)[T.전기업],0.07288468870812227,0.13240290297366283,0.5504765157801733,0.5819925800972897,4575.0,,0.0729,(0.1324)
M8_log_count_controls,"C(sector)[T.전동기, 발전기 및 전기 변환 · 공급 · 제어 장치 제조업]",0.14027670887397362,0.09895325469456412,1.4176058110161338,0.15630588264214268,4575.0,,0.1403,(0.0990)
M8_log_count_controls,C(sector)[T.전자부품 제조업],-0.0034713019463120114,0.055005562598146776,-0.06310819819573966,0.949680346097932,4575.0,,-0.0035,(0.0550)
M8_log_count_controls,C(sector)[T.절연선 및 케이블 제조업],-0.01047512235995218,0.06719190966056465,-0.1558985659563728,0.876112975689739,4575.0,,-0.0105,(0.0672)
M8_log_count_controls,C(sector)[T.제재 및 목재 가공업],0.04105419370762442,0.09124771918064022,0.44992021802047166,0.6527679687179344,4575.0,,0.0411,(0.0912)
M8_log_count_controls,C(sector)[T.종합 소매업],-0.09244332551848167,0.058026870428299446,-1.5931123776993747,0.11113498307768989,4575.0,,-0.0924,(0.0580)
M8_log_count_controls,"C(sector)[T.증기, 냉·온수 및 공기조절 공급업]",0.05511654241994044,0.04503354865679503,1.2238996051585647,0.22099010259354013,4575.0,,0.0551,(0.0450)
M8_log_count_controls,C(sector)[T.직물직조 및 직물제품 제조업],0.10273266068227288,0.10246133846001718,1.0026480448755954,0.31603070591971694,4575.0,,0.1027,(0.1025)
M8_log_count_controls,C(sector)[T.초등 교육기관],-0.02265341578395132,0.13035927608510062,-0.17377678416350523,0.8620408903247178,4575.0,,-0.0227,(0.1304)
M8_log_count_controls,"C(sector)[T.측정, 시험, 항해, 제어 및 기타 정밀기기 제조업; 광학기기 제외]",0.040000925996293436,0.08384389089571705,0.47708814045910153,0.6332993593245693,4575.0,,0.0400,(0.0838)
M8_log_count_controls,C(sector)[T.컴퓨터 및 주변장치 제조업],-0.11171249083538796,0.056214472129048516,-1.9872550004371767,0.04689414564220595,4575.0,**,-0.1117**,(0.0562)
M8_log_count_controls,"C(sector)[T.컴퓨터 프로그래밍, 시스템 통합 및 관리업]",0.010128607073107735,0.06250671704849377,0.1620402982490632,0.8712741197827718,4575.0,,0.0101,(0.0625)
M8_log_count_controls,C(sector)[T.텔레비전 방송업],-0.09949284622419147,0.06450872885211989,-1.5423160244293346,0.12299681679570765,4575.0,,-0.0995,(0.0645)
M8_log_count_controls,C(sector)[T.토목 건설업],0.1544009698781671,0.0656307897268155,2.352569129837573,0.018644223823054466,4575.0,**,0.1544**,(0.0656)
M8_log_count_controls,C(sector)[T.통신 및 방송 장비 제조업],-0.06119510695166236,0.07348255558126054,-0.8327841413189538,0.40496648028063364,4575.0,,-0.0612,(0.0735)
M8_log_count_controls,C(sector)[T.특수 목적용 기계 제조업],-0.01040966581460562,0.05094923309345308,-0.20431447506799175,0.8381077590856469,4575.0,,-0.0104,(0.0509)
M8_log_count_controls,"C(sector)[T.펄프, 종이 및 판지 제조업]",-0.08018974652974833,0.06106766818581664,-1.3131293352440945,0.18913937040751105,4575.0,,-0.0802,(0.0611)
M8_log_count_controls,C(sector)[T.편조원단 제조업],0.23535938211458435,0.0468291206944609,5.025919313117135,5.01026527808411e-07,4575.0,***,0.2354***,(0.0468)
M8_log_count_controls,C(sector)[T.플라스틱제품 제조업],-0.06477933865016552,0.05019351397933845,-1.2905918218204677,0.19684525333388336,4575.0,,-0.0648,(0.0502)
M8_log_count_controls,C(sector)[T.합성고무 및 플라스틱 물질 제조업],0.13907016377468318,0.04436448856344774,3.134718065684278,0.0017201934881787095,4575.0,***,0.1391***,(0.0444)
M8_log_count_controls,C(sector)[T.항공 여객 운송업],0.04208305521449394,0.08319018336999916,0.5058656383449004,0.612950975935034,4575.0,,0.0421,(0.0832)
M8_log_count_controls,"C(sector)[T.항공기,우주선 및 부품 제조업]",0.12014768776000469,0.06147982483767112,1.954262037623527,0.05067023592160472,4575.0,*,0.1201*,(0.0615)
M8_log_count_controls,C(sector)[T.해상 운송업],-0.03865784465898189,0.07032904453324133,-0.5496711197421442,0.582544968902257,4575.0,,-0.0387,(0.0703)
M8_log_count_controls,C(sector)[T.화학섬유 제조업],0.062061619435123956,0.10029724877186003,0.6187768876521399,0.536063350074026,4575.0,,0.0621,(0.1003)
M8_log_count_controls,LogAssets_w,0.02209243087589176,0.004781550452062763,4.620348796353508,3.830954525357907e-06,4575.0,***,0.0221***,(0.0048)
M8_log_count_controls,Leverage_w,0.019261803697342025,0.04168484028962247,0.4620817439508648,0.6440227014076484,4575.0,,0.0193,(0.0417)
M8_log_count_controls,ROA_w,-0.28476021314939187,0.12587300469278725,-2.2622818438663135,0.023679995449210085,4575.0,**,-0.2848**,(0.1259)
M8_log_count_controls,Loss,0.03328037676741244,0.019240810576703408,1.7296764413713426,0.0836881000908909,4575.0,*,0.0333*,(0.0192)
M9_log_count_governance,Intercept,0.11060187745687189,0.16188641433544257,0.6832066662968721,0.4944762608532486,3193.0,,0.1106,(0.1619)
M9_log_count_governance,C(fiscal_year)[T.2020],-0.5457374996957131,0.05951991657284747,-9.168989661263645,4.7747301465911086e-20,3193.0,***,-0.5457***,(0.0595)
M9_log_count_governance,C(fiscal_year)[T.2021],-0.5316846281747107,0.06046167981648308,-8.793745555672814,1.4465496103647081e-18,3193.0,***,-0.5317***,(0.0605)
M9_log_count_governance,C(fiscal_year)[T.2022],-0.6172683495398328,0.05936665210987358,-10.397560374423938,2.5436212086765603e-25,3193.0,***,-0.6173***,(0.0594)
M9_log_count_governance,C(fiscal_year)[T.2023],-0.572123644224866,0.05967382470949412,-9.587514241128254,9.023267602204904e-22,3193.0,***,-0.5721***,(0.0597)
M9_log_count_governance,C(fiscal_year)[T.2024],-0.5077059838553611,0.05999429652155788,-8.462570832427813,2.615467844824145e-17,3193.0,***,-0.5077***,(0.0600)
M9_log_count_governance,C(sector)[T.1차 철강 제조업],-0.007583244205209708,0.06229466817071179,-0.12173183400589997,0.9031114008281099,3193.0,,-0.0076,(0.0623)
M9_log_count_governance,C(sector)[T.가구 제조업],0.07379226156619248,0.08203691831808313,0.899500652621744,0.3683860483482725,3193.0,,0.0738,(0.0820)
M9_log_count_governance,C(sector)[T.가전제품 및 정보통신장비 소매업],-0.11168888478634091,0.06140873352600904,-1.8187785087447899,0.06894522845283681,3193.0,*,-0.1117*,(0.0614)
M9_log_count_governance,C(sector)[T.가정용 기기 제조업],0.21419743126797142,0.057188725034327224,3.745448620150223,0.00018007169959202026,3193.0,***,0.2142***,(0.0572)
M9_log_count_governance,"C(sector)[T.가죽, 가방 및 유사제품 제조업]",0.12031490641589643,0.13471774366255934,0.8930887880460713,0.37180962672037166,3193.0,,0.1203,(0.1347)
M9_log_count_governance,C(sector)[T.개인 및 가정용품 임대업],0.5222341091243858,0.061790429875621423,8.451698914793052,2.870941805692993e-17,3193.0,***,0.5222***,(0.0618)
M9_log_count_governance,C(sector)[T.건물 건설업],0.0867654659361853,0.06935989513376953,1.2509457485315811,0.21095427130699118,3193.0,,0.0868,(0.0694)
M9_log_count_governance,C(sector)[T.건물설비 설치 공사업],0.10118951704241701,0.061616671923809326,1.6422424951406103,0.100539759174264,3193.0,,0.1012,(0.0616)
M9_log_count_governance,"C(sector)[T.건축기술, 엔지니어링 및 관련 기술 서비스업]",0.1633517754952831,0.10454401790064363,1.5625167156912707,0.11816631114291332,3193.0,,0.1634,(0.1045)
M9_log_count_governance,"C(sector)[T.건축자재, 철물 및 난방장치 도매업]",-0.12583746754119218,0.05824340478354112,-2.1605444944172003,0.03073054301331732,3193.0,**,-0.1258**,(0.0582)
M9_log_count_governance,"C(sector)[T.경비, 경호 및 탐정업]",-0.23616433548943727,0.06102077130868889,-3.870228619280158,0.00010873333726779083,3193.0,***,-0.2362***,(0.0610)
M9_log_count_governance,C(sector)[T.고무제품 제조업],-0.021814416117951874,0.11164336185823417,-0.19539375879465212,0.8450847022099627,3193.0,,-0.0218,(0.1116)
M9_log_count_governance,"C(sector)[T.곡물가공품, 전분 및 전분제품 제조업]",-0.04475673087713939,0.0640450157410046,-0.6988323815569624,0.4846567892588074,3193.0,,-0.0448,(0.0640)
M9_log_count_governance,"C(sector)[T.골판지, 종이 상자 및 종이용기 제조업]",0.0963409413764838,0.12788982293517898,0.7533120240952579,0.451262434977285,3193.0,,0.0963,(0.1279)
M9_log_count_governance,C(sector)[T.광고업],0.07112400466673616,0.07410883800467143,0.9597236521540505,0.3371943161256562,3193.0,,0.0711,(0.0741)
M9_log_count_governance,"C(sector)[T.구조용 금속제품, 탱크 및 증기발생기 제조업]",-0.03482303321543448,0.08593629754263944,-0.4052191473359224,0.6853164317673786,3193.0,,-0.0348,(0.0859)
M9_log_count_governance,C(sector)[T.귀금속 및 장신용품 제조업],-0.15257218134402173,0.060342915537701186,-2.5284191190380474,0.011457748260017156,3193.0,**,-0.1526**,(0.0603)
M9_log_count_governance,C(sector)[T.그외 기타 개인 서비스업],0.0255242381707593,0.06013707505975054,0.4244343135311972,0.6712491005307175,3193.0,,0.0255,(0.0601)
M9_log_count_governance,C(sector)[T.그외 기타 운송장비 제조업],0.020018252420278493,0.08368377048407574,0.23921307924441315,0.810940361271418,3193.0,,0.0200,(0.0837)
M9_log_count_governance,C(sector)[T.금속 주조업],0.08668924065033964,0.056997742486983166,1.5209241080054576,0.1282788833189188,3193.0,,0.0867,(0.0570)
M9_log_count_governance,C(sector)[T.기계장비 및 관련 물품 도매업],-0.020994780057252447,0.07036662448081665,-0.29836275666422,0.7654263111331272,3193.0,,-0.0210,(0.0704)
M9_log_count_governance,C(sector)[T.기반조성 및 시설물 축조관련 전문공사업],-0.031421848642577126,0.05754052568013555,-0.5460820573181651,0.5850095328608063,3193.0,,-0.0314,(0.0575)
M9_log_count_governance,C(sector)[T.기초 의약물질 제조업],-0.023835367821039302,0.08699864636749216,-0.2739740078294552,0.7841045964194605,3193.0,,-0.0238,(0.0870)
M9_log_count_governance,C(sector)[T.기초 화학물질 제조업],0.01181833538168768,0.06821752161704166,0.17324486585767873,0.8624589589313669,3193.0,,0.0118,(0.0682)
M9_log_count_governance,C(sector)[T.기타 금속 가공제품 제조업],0.03644947089149605,0.12476447299173099,0.29214623375928345,0.770174818361693,3193.0,,0.0364,(0.1248)
M9_log_count_governance,C(sector)[T.기타 비금속 광물제품 제조업],-0.16718352119279503,0.063459088249205,-2.6345087174316513,0.008425914012549362,3193.0,***,-0.1672***,(0.0635)
M9_log_count_governance,C(sector)[T.기타 사업지원 서비스업],-0.08265679054434841,0.05959606930713456,-1.38695037282355,0.16545689612654035,3193.0,,-0.0827,(0.0596)
M9_log_count_governance,C(sector)[T.기타 상품 전문 소매업],-0.025412602643958726,0.05942255356359704,-0.42765921556637354,0.6688992471312973,3193.0,,-0.0254,(0.0594)
M9_log_count_governance,C(sector)[T.기타 식품 제조업],0.019974000119950645,0.07681021818804916,0.26004352794636876,0.7948301977764642,3193.0,,0.0200,(0.0768)
M9_log_count_governance,C(sector)[T.기타 운송관련 서비스업],0.005247896007546424,0.10104858516707826,0.05193438383000927,0.9585809768986183,3193.0,,0.0052,(0.1010)
M9_log_count_governance,C(sector)[T.기타 전기장비 제조업],-0.18422435794034547,0.059671983454635355,-3.087283969375662,0.002019945325695354,3193.0,***,-0.1842***,(0.0597)
M9_log_count_governance,C(sector)[T.기타 전문 도매업],0.06497380729918778,0.08080574717638328,0.8040740859355283,0.421354189624653,3193.0,,0.0650,(0.0808)
M9_log_count_governance,C(sector)[T.기타 정보 서비스업],-0.12785849180465356,0.06626484704179182,-1.9295070842616742,0.05366794146209611,3193.0,*,-0.1279*,(0.0663)
M9_log_count_governance,C(sector)[T.기타 종이 및 판지 제품 제조업],0.1290655769775279,0.0588158115990468,2.1944027204347822,0.028206470514415296,3193.0,**,0.1291**,(0.0588)
M9_log_count_governance,C(sector)[T.기타 화학제품 제조업],-0.029205480515043715,0.06355581169961225,-0.45952493932544486,0.6458572470759235,3193.0,,-0.0292,(0.0636)
M9_log_count_governance,C(sector)[T.나무제품 제조업],-0.20203700343015601,0.05800874213007494,-3.4828716502268176,0.0004960661342216524,3193.0,***,-0.2020***,(0.0580)
M9_log_count_governance,"C(sector)[T.내화, 비내화 요업제품 제조업]",0.05645668950595819,0.07939575221827665,0.7110794712385387,0.4770349904481944,3193.0,,0.0565,(0.0794)
M9_log_count_governance,C(sector)[T.담배 제조업],-0.3089049547256858,0.06393937866711866,-4.831216085691222,1.3570162560341807e-06,3193.0,***,-0.3089***,(0.0639)
M9_log_count_governance,C(sector)[T.도로 화물 운송업],0.09493576707528681,0.06736741466499242,1.4092238443079266,0.15876898926556848,3193.0,,0.0949,(0.0674)
M9_log_count_governance,"C(sector)[T.도축, 육류 가공 및 저장 처리업]",0.04434954615543671,0.05890642918284743,0.7528812520238548,0.4515212750741585,3193.0,,0.0443,(0.0589)
M9_log_count_governance,C(sector)[T.동·식물성 유지 및 낙농제품 제조업],-0.0005976853378502345,0.0678141386959735,-0.008813580019497062,0.9929678716188366,3193.0,,-0.0006,(0.0678)
M9_log_count_governance,C(sector)[T.동물용 사료 및 조제식품 제조업],-0.19175957157886492,0.0579803031366747,-3.3073226803736704,0.0009419232332268609,3193.0,***,-0.1918***,(0.0580)
M9_log_count_governance,"C(sector)[T.떡, 빵 및 과자류 제조업]",0.2472408040369024,0.057473284475195084,4.301838781175089,1.693865421449486e-05,3193.0,***,0.2472***,(0.0575)
M9_log_count_governance,C(sector)[T.무기 및 총포탄 제조업],0.025064276189894846,0.1306709818990294,0.1918121056843533,0.8478893880751439,3193.0,,0.0251,(0.1307)
M9_log_count_governance,C(sector)[T.무점포 소매업],0.32041023841192096,0.060075863100631156,5.3334271348746505,9.637624672274199e-08,3193.0,***,0.3204***,(0.0601)
M9_log_count_governance,C(sector)[T.반도체 제조업],0.02274051060044041,0.08285191803186394,0.27447174598534535,0.7837221136167346,3193.0,,0.0227,(0.0829)
M9_log_count_governance,C(sector)[T.방적 및 가공사 제조업],0.24249648162380305,0.06387003299512643,3.7967176507065,0.00014662463025140465,3193.0,***,0.2425***,(0.0639)
M9_log_count_governance,C(sector)[T.봉제의복 제조업],0.011334628314154072,0.0771951279086596,0.14683087678234905,0.883265512663518,3193.0,,0.0113,(0.0772)
M9_log_count_governance,"C(sector)[T.비료, 농약 및 살균, 살충제 제조업]",-0.1134844829019557,0.06289548305943705,-1.8043343874902968,0.07117890208346563,3193.0,*,-0.1135*,(0.0629)
M9_log_count_governance,C(sector)[T.비알코올음료 및 얼음 제조업],0.14803743822760684,0.0600283524489268,2.4661252922701777,0.013658354930331735,3193.0,**,0.1480**,(0.0600)
M9_log_count_governance,C(sector)[T.산업용 기계 및 장비 임대업],0.35037559817768954,0.06048778729358334,5.792501492526212,6.9345709546763145e-09,3193.0,***,0.3504***,(0.0605)
M9_log_count_governance,C(sector)[T.산업용 농·축산물 및 동·식물 도매업],0.012338758620435042,0.05812361243027439,0.21228478589896194,0.8318848640428765,3193.0,,0.0123,(0.0581)
M9_log_count_governance,C(sector)[T.상품 종합 도매업],-0.09027086958395918,0.06595149679935058,-1.3687463357897294,0.1710785808600812,3193.0,,-0.0903,(0.0660)
M9_log_count_governance,C(sector)[T.상품 중개업],-0.05168017245663775,0.06927293103126579,-0.7460370405478052,0.45564503990878324,3193.0,,-0.0517,(0.0693)
M9_log_count_governance,C(sector)[T.생활용품 도매업],0.08351961741995571,0.07533487663893361,1.1086447757822726,0.26758345401076866,3193.0,,0.0835,(0.0753)
M9_log_count_governance,"C(sector)[T.서적, 잡지 및 기타 인쇄물 출판업]",0.10053330603908854,0.09410136326566426,1.06835121777424,0.28536211305146364,3193.0,,0.1005,(0.0941)
M9_log_count_governance,C(sector)[T.석유 정제품 제조업],-0.16186084311074747,0.06200406253784013,-2.6104877081556754,0.00904132210997227,3193.0,***,-0.1619***,(0.0620)
M9_log_count_governance,C(sector)[T.선박 및 보트 건조업],-0.020289163652302482,0.07789883293523968,-0.2604552967971889,0.7945125935894255,3193.0,,-0.0203,(0.0779)
M9_log_count_governance,"C(sector)[T.섬유, 의복, 신발 및 가죽제품 소매업]",-0.010591731308148139,0.09223822967081051,-0.11483016690529538,0.9085797374771103,3193.0,,-0.0106,(0.0922)
M9_log_count_governance,C(sector)[T.소프트웨어 개발 및 공급업],-0.11405114160810163,0.08428633632172011,-1.3531391514369489,0.1760111800297467,3193.0,,-0.1141,(0.0843)
M9_log_count_governance,C(sector)[T.수산물 가공 및 저장 처리업],-0.0014451385618079945,0.07674502114889717,-0.018830388475679784,0.9849764116194153,3193.0,,-0.0014,(0.0767)
M9_log_count_governance,C(sector)[T.스포츠 서비스업],0.17142632828814075,0.05898547909588828,2.9062462646012555,0.0036579343489345512,3193.0,***,0.1714***,(0.0590)
M9_log_count_governance,"C(sector)[T.시멘트, 석회, 플라스터 및 그 제품 제조업]",-0.08843489731461938,0.0759555687206871,-1.1642977441169953,0.2443033704576021,3193.0,,-0.0884,(0.0760)
M9_log_count_governance,C(sector)[T.신발 및 신발 부분품 제조업],-0.18025791648804146,0.060226461681362704,-2.993001937283374,0.002762479956980132,3193.0,***,-0.1803***,(0.0602)
M9_log_count_governance,C(sector)[T.악기 제조업],-0.04209942997528838,0.05815021453704064,-0.7239772081747317,0.46907972770336137,3193.0,,-0.0421,(0.0582)
M9_log_count_governance,C(sector)[T.알코올음료 제조업],-0.07824494724124029,0.0749847621628938,-1.0434779678471766,0.2967269796855584,3193.0,,-0.0782,(0.0750)
M9_log_count_governance,C(sector)[T.어로 어업],0.10376053721664544,0.1354198961662809,0.7662133863198269,0.44354934458852713,3193.0,,0.1038,(0.1354)
M9_log_count_governance,C(sector)[T.여행사 및 기타 여행보조 서비스업],0.05574163484442354,0.07140410449467098,0.7806502894883814,0.43500820532215645,3193.0,,0.0557,(0.0714)
M9_log_count_governance,C(sector)[T.연료 소매업],-0.14869379709764802,0.10074063514638902,-1.4760061506618152,0.13994224107521824,3193.0,,-0.1487,(0.1007)
M9_log_count_governance,C(sector)[T.연료용 가스 제조 및 배관공급업],-0.006537430335461355,0.08915378425442816,-0.0733275697731995,0.9415454532432079,3193.0,,-0.0065,(0.0892)
M9_log_count_governance,C(sector)[T.영상 및 음향기기 제조업],0.014052547909403128,0.09965077575116187,0.14101794796353387,0.8878557636045705,3193.0,,0.0141,(0.0997)
M9_log_count_governance,"C(sector)[T.영화, 비디오물, 방송프로그램 제작 및 배급업]",0.028976876110639427,0.20815860204718423,0.13920575861703333,0.8892875580943468,3193.0,,0.0290,(0.2082)
M9_log_count_governance,C(sector)[T.오디오물 출판 및 원판 녹음업],0.03476351850736435,0.05828390025350717,0.5964514789875013,0.550873658906037,3193.0,,0.0348,(0.0583)
M9_log_count_governance,C(sector)[T.운송장비 임대업],-0.010493161743114633,0.1503046796969368,-0.06981260839164997,0.9443428116194903,3193.0,,-0.0105,(0.1503)
M9_log_count_governance,C(sector)[T.유리 및 유리제품 제조업],0.14663646346909756,0.05812915332746432,2.5225976136799524,0.011649161403590545,3193.0,**,0.1466**,(0.0581)
M9_log_count_governance,C(sector)[T.유원지 및 기타 오락관련 서비스업],0.04242796601724211,0.09190605473554893,0.4616449497187602,0.6443359546627103,3193.0,,0.0424,(0.0919)
M9_log_count_governance,C(sector)[T.육상 여객 운송업],-0.029357066676802067,0.07417981291384819,-0.3957554693606078,0.6922854305789023,3193.0,,-0.0294,(0.0742)
M9_log_count_governance,C(sector)[T.음·식료품 및 담배 도매업],0.011904849443326163,0.10185522447268518,0.11688010610117228,0.9069550631193959,3193.0,,0.0119,(0.1019)
M9_log_count_governance,C(sector)[T.음식점업],0.025421023694451685,0.05781386931830971,0.4397045898189143,0.6601510778861546,3193.0,,0.0254,(0.0578)
M9_log_count_governance,C(sector)[T.의료용 기기 제조업],0.10811182933604588,0.13411420538691513,0.8061176593795323,0.4201750101127514,3193.0,,0.1081,(0.1341)
M9_log_count_governance,C(sector)[T.의료용품 및 기타 의약 관련제품 제조업],0.22289805738246032,0.0625167172666728,3.5654152541577173,0.00036328053724581815,3193.0,***,0.2229***,(0.0625)
M9_log_count_governance,C(sector)[T.의약품 제조업],0.012276330311391408,0.06640232933560264,0.18487800705523236,0.8533247214436221,3193.0,,0.0123,(0.0664)
M9_log_count_governance,C(sector)[T.일반 목적용 기계 제조업],0.04661174316905709,0.0867202279361424,0.5374956256270483,0.5909253057199898,3193.0,,0.0466,(0.0867)
M9_log_count_governance,C(sector)[T.일반 및 생활 숙박시설 운영업],-0.06781606923409465,0.0581810558404506,-1.165603962569295,0.2437746049855679,3193.0,,-0.0678,(0.0582)
M9_log_count_governance,C(sector)[T.일차전지 및 이차전지 제조업],0.009233475973973353,0.09513864172279558,0.09705284631744933,0.9226844271978415,3193.0,,0.0092,(0.0951)
M9_log_count_governance,C(sector)[T.자동차 부품 및 내장품 판매업],0.012050177421998404,0.059449596284846036,0.20269569812150343,0.8393728857857694,3193.0,,0.0121,(0.0594)
M9_log_count_governance,C(sector)[T.자동차 신품 부품 제조업],0.02496976666323364,0.06555503261907872,0.38089778413086467,0.703279096781571,3193.0,,0.0250,(0.0656)
M9_log_count_governance,C(sector)[T.자동차 판매업],0.03457295551652469,0.15058051948607964,0.22959779681010312,0.8184043190365575,3193.0,,0.0346,(0.1506)
M9_log_count_governance,C(sector)[T.자동차용 엔진 및 자동차 제조업],0.11843906885865421,0.14010144441947175,0.8453807835416803,0.3978982701099202,3193.0,,0.1184,(0.1401)
M9_log_count_governance,"C(sector)[T.자료처리, 호스팅, 포털 및 기타 인터넷 정보매개 서비스업]",0.021762450591502572,0.10691850819717758,0.2035424077501023,0.8387111027535132,3193.0,,0.0218,(0.1069)
M9_log_count_governance,C(sector)[T.자연과학 및 공학 연구개발업],0.041001209444595385,0.1751819195286457,0.23404932172746787,0.8149466886319856,3193.0,,0.0410,(0.1752)
M9_log_count_governance,C(sector)[T.전구 및 조명장치 제조업],0.007683765475631876,0.06532855965307223,0.11761724912406712,0.9063709369908176,3193.0,,0.0077,(0.0653)
M9_log_count_governance,C(sector)[T.전기 및 통신 공사업],0.13786300996837558,0.0981973442603099,1.4039382735536772,0.16033723128209199,3193.0,,0.1379,(0.0982)
M9_log_count_governance,C(sector)[T.전기 통신업],-0.09738263173978057,0.06242469312916473,-1.560001769464583,0.11875946303986552,3193.0,,-0.0974,(0.0624)
M9_log_count_governance,C(sector)[T.전기업],0.1321006233894027,0.15203865222283094,0.8688621048533983,0.38492255900271477,3193.0,,0.1321,(0.1520)
M9_log_count_governance,"C(sector)[T.전동기, 발전기 및 전기 변환 · 공급 · 제어 장치 제조업]",0.163060474405736,0.12283654831468717,1.3274589415196014,0.18435691324260928,3193.0,,0.1631,(0.1228)
M9_log_count_governance,C(sector)[T.전자부품 제조업],-0.001425172183404648,0.07337064722417205,-0.019424282561529907,0.9845026393784151,3193.0,,-0.0014,(0.0734)
M9_log_count_governance,C(sector)[T.절연선 및 케이블 제조업],-0.00524354420981589,0.07839520825750561,-0.06688602946996916,0.9466724349989158,3193.0,,-0.0052,(0.0784)
M9_log_count_governance,C(sector)[T.제재 및 목재 가공업],-0.006873867021721949,0.08952807522005302,-0.07677889874016079,0.9387994375437754,3193.0,,-0.0069,(0.0895)
M9_log_count_governance,C(sector)[T.종합 소매업],-0.12755050675112406,0.07539196401453552,-1.6918315952948568,0.0906780875313127,3193.0,*,-0.1276*,(0.0754)
M9_log_count_governance,"C(sector)[T.증기, 냉·온수 및 공기조절 공급업]",0.037192431890582314,0.06286594599933275,0.591614924413562,0.5541084776496892,3193.0,,0.0372,(0.0629)
M9_log_count_governance,C(sector)[T.직물직조 및 직물제품 제조업],0.0696107210907628,0.09791416540397095,0.7109361633586442,0.477123795000281,3193.0,,0.0696,(0.0979)
M9_log_count_governance,C(sector)[T.초등 교육기관],0.06849635056092276,0.17641264122215736,0.3882734824805721,0.6978136588599232,3193.0,,0.0685,(0.1764)
M9_log_count_governance,"C(sector)[T.측정, 시험, 항해, 제어 및 기타 정밀기기 제조업; 광학기기 제외]",0.007888460270200556,0.1097502827774825,0.07187644596956824,0.9427002349498556,3193.0,,0.0079,(0.1098)
M9_log_count_governance,C(sector)[T.컴퓨터 및 주변장치 제조업],-0.1238347286733039,0.07588913526067288,-1.6317846849610538,0.10272485271907174,3193.0,,-0.1238,(0.0759)
M9_log_count_governance,"C(sector)[T.컴퓨터 프로그래밍, 시스템 통합 및 관리업]",0.02933615979744603,0.07797671763039186,0.37621691049498723,0.706755644614806,3193.0,,0.0293,(0.0780)
M9_log_count_governance,C(sector)[T.텔레비전 방송업],-0.08818721378737927,0.08833287639711782,-0.9983509807935644,0.3181091945892335,3193.0,,-0.0882,(0.0883)
M9_log_count_governance,C(sector)[T.토목 건설업],0.2370081511324646,0.07926701110483148,2.9899973245997478,0.0027897989059940636,3193.0,***,0.2370***,(0.0793)
M9_log_count_governance,C(sector)[T.통신 및 방송 장비 제조업],-0.18849705775467995,0.07888169272136458,-2.389617302211198,0.0168659369786088,3193.0,**,-0.1885**,(0.0789)
M9_log_count_governance,C(sector)[T.특수 목적용 기계 제조업],-0.008920383379483057,0.06659255040514066,-0.13395467398699362,0.8934384162343773,3193.0,,-0.0089,(0.0666)
M9_log_count_governance,"C(sector)[T.펄프, 종이 및 판지 제조업]",-0.08711305247128269,0.07102640590442545,-1.226488252671883,0.22001499333163155,3193.0,,-0.0871,(0.0710)
M9_log_count_governance,C(sector)[T.편조원단 제조업],0.4078149717598889,0.06573590847814259,6.203838681190338,5.510226991122664e-10,3193.0,***,0.4078***,(0.0657)
M9_log_count_governance,C(sector)[T.플라스틱제품 제조업],-0.06993925117156624,0.06558660261056737,-1.0663649036197762,0.286258720439727,3193.0,,-0.0699,(0.0656)
M9_log_count_governance,C(sector)[T.합성고무 및 플라스틱 물질 제조업],0.06951636754159622,0.05870516305272291,1.1841610503519735,0.23634931707787288,3193.0,,0.0695,(0.0587)
M9_log_count_governance,C(sector)[T.항공 여객 운송업],0.013279106019058573,0.09300174002692778,0.14278341475346304,0.8864612359709347,3193.0,,0.0133,(0.0930)
M9_log_count_governance,"C(sector)[T.항공기,우주선 및 부품 제조업]",0.062328423255844735,0.07782746851213031,0.8008537916934833,0.42321629364446756,3193.0,,0.0623,(0.0778)
M9_log_count_governance,C(sector)[T.해상 운송업],-0.04300277443753175,0.08359917761259998,-0.5143923142020289,0.6069777316838574,3193.0,,-0.0430,(0.0836)
M9_log_count_governance,C(sector)[T.화학섬유 제조업],-0.026544827257649693,0.08709951348860515,-0.30476435739359714,0.7605456295503599,3193.0,,-0.0265,(0.0871)
M9_log_count_governance,LogAssets_w,0.030268825176024514,0.007172455276235197,4.220148332791354,2.4414162571763594e-05,3193.0,***,0.0303***,(0.0072)
M9_log_count_governance,Leverage_w,0.007811264322070327,0.04860255988014257,0.16071713797243334,0.8723161907576826,3193.0,,0.0078,(0.0486)
M9_log_count_governance,ROA_w,-0.3410656192208984,0.15028482713123303,-2.269461433542257,0.023240279962238524,3193.0,**,-0.3411**,(0.1503)
M9_log_count_governance,Loss,0.038014515782918784,0.024636539454541292,1.5430136141101387,0.12282747275607539,3193.0,,0.0380,(0.0246)
M9_log_count_governance,OutsideDirectorRatio_w,0.045852165795929656,0.057626407208358724,0.7956797589366076,0.42621819458612664,3193.0,,0.0459,(0.0576)
M9_log_count_governance,LargestShareholderOwnership_w,-0.002128061496447605,0.0005513870861252876,-3.8594692367605816,0.00011363356019204656,3193.0,***,-0.0021***,(0.0006)
M9_log_count_governance,LogMinorityShareholderCount_w,-0.012306289631198307,0.008971087186522753,-1.3717723811319125,0.1701343076838272,3193.0,,-0.0123,(0.0090)
M10_log_count_auditor_basic,Intercept,0.12116329638628726,0.17923934166147115,0.6759860601091028,0.499049495610025,3192.0,,0.1212,(0.1792)
M10_log_count_auditor_basic,C(fiscal_year)[T.2020],-0.5462922974213443,0.05995248488897358,-9.112087654632278,8.081171837661232e-20,3192.0,***,-0.5463***,(0.0600)
M10_log_count_auditor_basic,C(fiscal_year)[T.2021],-0.532119887526334,0.060770592179569045,-8.756207047546784,2.0193063338134287e-18,3192.0,***,-0.5321***,(0.0608)
M10_log_count_auditor_basic,C(fiscal_year)[T.2022],-0.6176675517267892,0.05962848277234995,-10.358599162835064,3.825230803983442e-25,3192.0,***,-0.6177***,(0.0596)
M10_log_count_auditor_basic,C(fiscal_year)[T.2023],-0.5725529044203227,0.05994689918880429,-9.551001172171603,1.2844889697938061e-21,3192.0,***,-0.5726***,(0.0599)
M10_log_count_auditor_basic,C(fiscal_year)[T.2024],-0.5077129222447216,0.060184558112804105,-8.435933371698331,3.2856994480691206e-17,3192.0,***,-0.5077***,(0.0602)
M10_log_count_auditor_basic,C(sector)[T.1차 철강 제조업],-0.007935837622156237,0.062464785896581256,-0.12704498235686054,0.8989047962001833,3192.0,,-0.0079,(0.0625)
M10_log_count_auditor_basic,C(sector)[T.가구 제조업],0.07294685659650174,0.08214988115307487,0.8879727587259125,0.37455540485227967,3192.0,,0.0729,(0.0821)
M10_log_count_auditor_basic,C(sector)[T.가전제품 및 정보통신장비 소매업],-0.11247349559199013,0.06178705215269875,-1.8203408590205332,0.06870711274705875,3192.0,*,-0.1125*,(0.0618)
M10_log_count_auditor_basic,C(sector)[T.가정용 기기 제조업],0.21484376794321694,0.05769981023332757,3.723474428675375,0.00019649977172729504,3192.0,***,0.2148***,(0.0577)
M10_log_count_auditor_basic,"C(sector)[T.가죽, 가방 및 유사제품 제조업]",0.11998274017976199,0.13495702200925194,0.8890440704266326,0.3739793953825339,3192.0,,0.1200,(0.1350)
M10_log_count_auditor_basic,C(sector)[T.개인 및 가정용품 임대업],0.5217183221096299,0.062410188675951425,8.359505606023975,6.298163320407855e-17,3192.0,***,0.5217***,(0.0624)
M10_log_count_auditor_basic,C(sector)[T.건물 건설업],0.0861448306095305,0.06922386670861433,1.2444382942683914,0.213338296386541,3192.0,,0.0861,(0.0692)
M10_log_count_auditor_basic,C(sector)[T.건물설비 설치 공사업],0.10075225168281758,0.06152062646517909,1.6376987275941304,0.1014845561846632,3192.0,,0.1008,(0.0615)
M10_log_count_auditor_basic,"C(sector)[T.건축기술, 엔지니어링 및 관련 기술 서비스업]",0.16248653860642026,0.1049054881390058,1.5488850153493996,0.12140936372012122,3192.0,,0.1625,(0.1049)
M10_log_count_auditor_basic,"C(sector)[T.건축자재, 철물 및 난방장치 도매업]",-0.12669273918030982,0.058815424428457476,-2.154073364452511,0.031234418976692477,3192.0,**,-0.1267**,(0.0588)
M10_log_count_auditor_basic,"C(sector)[T.경비, 경호 및 탐정업]",-0.23685678499712817,0.06194872559393304,-3.823432729669015,0.00013160650964619736,3192.0,***,-0.2369***,(0.0619)
M10_log_count_auditor_basic,C(sector)[T.고무제품 제조업],-0.021970683160704912,0.11113529645205311,-0.1976931169674225,0.8432851752996388,3192.0,,-0.0220,(0.1111)
M10_log_count_auditor_basic,"C(sector)[T.곡물가공품, 전분 및 전분제품 제조업]",-0.04478403489924756,0.06413484703217695,-0.6982792814143466,0.485002553649319,3192.0,,-0.0448,(0.0641)
M10_log_count_auditor_basic,"C(sector)[T.골판지, 종이 상자 및 종이용기 제조업]",0.0959860797156043,0.12785491045757838,0.7507422231346523,0.45280780685533917,3192.0,,0.0960,(0.1279)
M10_log_count_auditor_basic,C(sector)[T.광고업],0.07018416975049957,0.07493779917246841,0.9365656654657227,0.34898202020593205,3192.0,,0.0702,(0.0749)
M10_log_count_auditor_basic,"C(sector)[T.구조용 금속제품, 탱크 및 증기발생기 제조업]",-0.03507508677810653,0.08584636896787204,-0.40857973610081705,0.6828481041011214,3192.0,,-0.0351,(0.0858)
M10_log_count_auditor_basic,C(sector)[T.귀금속 및 장신용품 제조업],-0.15319887064703924,0.0612698317303399,-2.5003964646303647,0.012405438835218639,3192.0,**,-0.1532**,(0.0613)
M10_log_count_auditor_basic,C(sector)[T.그외 기타 개인 서비스업],0.025043899453228602,0.06083910238242886,0.41164150147720807,0.680602207917127,3192.0,,0.0250,(0.0608)
M10_log_count_auditor_basic,C(sector)[T.그외 기타 운송장비 제조업],0.020141238326613096,0.0836966428460182,0.2406457133969896,0.8098297169422503,3192.0,,0.0201,(0.0837)
M10_log_count_auditor_basic,C(sector)[T.금속 주조업],0.08698910882337697,0.05716947623161918,1.5216005910382158,0.12810918937735263,3192.0,,0.0870,(0.0572)
M10_log_count_auditor_basic,C(sector)[T.기계장비 및 관련 물품 도매업],-0.022041776100107647,0.07070555551228305,-0.3117403709002544,0.7552378442088457,3192.0,,-0.0220,(0.0707)
M10_log_count_auditor_basic,C(sector)[T.기반조성 및 시설물 축조관련 전문공사업],-0.03184401711351853,0.057815897786048946,-0.5507830602468399,0.5817823978735388,3192.0,,-0.0318,(0.0578)
M10_log_count_auditor_basic,C(sector)[T.기초 의약물질 제조업],-0.024469352535238915,0.08717985028351653,-0.28067669829281,0.7789583826640343,3192.0,,-0.0245,(0.0872)
M10_log_count_auditor_basic,C(sector)[T.기초 화학물질 제조업],0.01123028860266298,0.068339795777968,0.16433014577844995,0.8694712513673454,3192.0,,0.0112,(0.0683)
M10_log_count_auditor_basic,C(sector)[T.기타 금속 가공제품 제조업],0.03616953760833641,0.12535517072860608,0.28853646321972193,0.7729361231260834,3192.0,,0.0362,(0.1254)
M10_log_count_auditor_basic,C(sector)[T.기타 비금속 광물제품 제조업],-0.16775648613382205,0.06333779120834138,-2.6486001948190623,0.00808258864676111,3192.0,***,-0.1678***,(0.0633)
M10_log_count_auditor_basic,C(sector)[T.기타 사업지원 서비스업],-0.08266612500833112,0.059643073006350265,-1.3860138460593665,0.1657426756057191,3192.0,,-0.0827,(0.0596)
M10_log_count_auditor_basic,C(sector)[T.기타 상품 전문 소매업],-0.025937625203632922,0.06002216453604814,-0.43213411918950856,0.665643938106512,3192.0,,-0.0259,(0.0600)
M10_log_count_auditor_basic,C(sector)[T.기타 식품 제조업],0.019595644805093886,0.07672684576991538,0.2553948961209265,0.7984181124248704,3192.0,,0.0196,(0.0767)
M10_log_count_auditor_basic,C(sector)[T.기타 운송관련 서비스업],0.004969611195988009,0.10126269153911344,0.049076428055128886,0.9608583884535445,3192.0,,0.0050,(0.1013)
M10_log_count_auditor_basic,C(sector)[T.기타 전기장비 제조업],-0.18387501839351042,0.059823951206602076,-3.073602038730238,0.0021149134801372173,3192.0,***,-0.1839***,(0.0598)
M10_log_count_auditor_basic,C(sector)[T.기타 전문 도매업],0.06489069725156213,0.08084308619597003,0.8026746665047145,0.42216279916970656,3192.0,,0.0649,(0.0808)
M10_log_count_auditor_basic,C(sector)[T.기타 정보 서비스업],-0.1289311703110596,0.06741866967231666,-1.912395645564052,0.05582546609610762,3192.0,*,-0.1289*,(0.0674)
M10_log_count_auditor_basic,C(sector)[T.기타 종이 및 판지 제품 제조업],0.12771394200016023,0.06039179071791347,2.1147566661287556,0.034450691955511245,3192.0,**,0.1277**,(0.0604)
M10_log_count_auditor_basic,C(sector)[T.기타 화학제품 제조업],-0.029619026166360137,0.06357278954288459,-0.46590729114348356,0.6412818620000099,3192.0,,-0.0296,(0.0636)
M10_log_count_auditor_basic,C(sector)[T.나무제품 제조업],-0.20222525690794227,0.05819533427636548,-3.4749393473296157,0.0005109688683770875,3192.0,***,-0.2022***,(0.0582)
M10_log_count_auditor_basic,"C(sector)[T.내화, 비내화 요업제품 제조업]",0.055550829611021924,0.07968725986575559,0.6971105507279974,0.48573361185082786,3192.0,,0.0556,(0.0797)
M10_log_count_auditor_basic,C(sector)[T.담배 제조업],-0.30920167821772093,0.06425381979439641,-4.81219138733113,1.4928428861583304e-06,3192.0,***,-0.3092***,(0.0643)
M10_log_count_auditor_basic,C(sector)[T.도로 화물 운송업],0.09495063164602655,0.06750467551849573,1.4065785949894811,0.15955238393100335,3192.0,,0.0950,(0.0675)
M10_log_count_auditor_basic,"C(sector)[T.도축, 육류 가공 및 저장 처리업]",0.04272668516515296,0.06054481533491735,0.7057034517125972,0.4803725739789495,3192.0,,0.0427,(0.0605)
M10_log_count_auditor_basic,C(sector)[T.동·식물성 유지 및 낙농제품 제조업],-0.0013120654139223975,0.06769588699911237,-0.019381759691539328,0.9845365613338362,3192.0,,-0.0013,(0.0677)
M10_log_count_auditor_basic,C(sector)[T.동물용 사료 및 조제식품 제조업],-0.1924747177611038,0.05894897833652539,-3.265106931324788,0.0010942275935407599,3192.0,***,-0.1925***,(0.0589)
M10_log_count_auditor_basic,"C(sector)[T.떡, 빵 및 과자류 제조업]",0.2462886417886204,0.058643572804665936,4.199755062826332,2.6720387585687142e-05,3192.0,***,0.2463***,(0.0586)
M10_log_count_auditor_basic,C(sector)[T.무기 및 총포탄 제조업],0.024484965162277043,0.13100490140683163,0.18690113804398623,0.8517381468923688,3192.0,,0.0245,(0.1310)
M10_log_count_auditor_basic,C(sector)[T.무점포 소매업],0.31993986313796696,0.06084080972549721,5.258639136814222,1.4512535951201916e-07,3192.0,***,0.3199***,(0.0608)
M10_log_count_auditor_basic,C(sector)[T.반도체 제조업],0.022169020648122206,0.08304439663658364,0.26695384090918983,0.7895047012826899,3192.0,,0.0222,(0.0830)
M10_log_count_auditor_basic,C(sector)[T.방적 및 가공사 제조업],0.2425408520243918,0.06393296400417402,3.7936744495149157,0.0001484342605219387,3192.0,***,0.2425***,(0.0639)
M10_log_count_auditor_basic,C(sector)[T.봉제의복 제조업],0.010799229728781341,0.07721789518839717,0.13985397688493384,0.8887753649387057,3192.0,,0.0108,(0.0772)
M10_log_count_auditor_basic,"C(sector)[T.비료, 농약 및 살균, 살충제 제조업]",-0.113936987845987,0.06265576761324969,-1.818459691520769,0.06899390215631328,3192.0,*,-0.1139*,(0.0627)
M10_log_count_auditor_basic,C(sector)[T.비알코올음료 및 얼음 제조업],0.1478955429279708,0.060668047034287555,2.437783152050126,0.014777635784977946,3192.0,**,0.1479**,(0.0607)
M10_log_count_auditor_basic,C(sector)[T.산업용 기계 및 장비 임대업],0.34980001853307086,0.061457613781390905,5.691727957049135,1.2576011209507978e-08,3192.0,***,0.3498***,(0.0615)
M10_log_count_auditor_basic,C(sector)[T.산업용 농·축산물 및 동·식물 도매업],0.01201727391855973,0.05832105682036741,0.2060537749782845,0.8367489061069265,3192.0,,0.0120,(0.0583)
M10_log_count_auditor_basic,C(sector)[T.상품 종합 도매업],-0.09083071718011235,0.0660086095598918,-1.376043485625896,0.16880817059080488,3192.0,,-0.0908,(0.0660)
M10_log_count_auditor_basic,C(sector)[T.상품 중개업],-0.05167732532081772,0.06951319971481704,-0.7434174449288439,0.4572289858248666,3192.0,,-0.0517,(0.0695)
M10_log_count_auditor_basic,C(sector)[T.생활용품 도매업],0.083274883844553,0.07536611201302465,1.1049380367420516,0.26918643929408936,3192.0,,0.0833,(0.0754)
M10_log_count_auditor_basic,"C(sector)[T.서적, 잡지 및 기타 인쇄물 출판업]",0.10038007883431271,0.09450297805505922,1.0621895828068972,0.28814962802051014,3192.0,,0.1004,(0.0945)
M10_log_count_auditor_basic,C(sector)[T.석유 정제품 제조업],-0.1625274756178027,0.062002422666974394,-2.6213084687152555,0.008759296582357887,3192.0,***,-0.1625***,(0.0620)
M10_log_count_auditor_basic,C(sector)[T.선박 및 보트 건조업],-0.020108674492044114,0.07802380356382527,-0.2577248682268451,0.796619252219182,3192.0,,-0.0201,(0.0780)
M10_log_count_auditor_basic,"C(sector)[T.섬유, 의복, 신발 및 가죽제품 소매업]",-0.011730335579205976,0.09325628659559838,-0.12578600336161827,0.8999013214662819,3192.0,,-0.0117,(0.0933)
M10_log_count_auditor_basic,C(sector)[T.소프트웨어 개발 및 공급업],-0.11447604582222144,0.08470877140235487,-1.3514072265134878,0.1765650201777279,3192.0,,-0.1145,(0.0847)
M10_log_count_auditor_basic,C(sector)[T.수산물 가공 및 저장 처리업],-0.001359095778964009,0.0767167767870357,-0.017715757046686577,0.9858656103151493,3192.0,,-0.0014,(0.0767)
M10_log_count_auditor_basic,C(sector)[T.스포츠 서비스업],0.16943030752669302,0.06020887071620811,2.8140422750211576,0.004892279413625228,3192.0,***,0.1694***,(0.0602)
M10_log_count_auditor_basic,"C(sector)[T.시멘트, 석회, 플라스터 및 그 제품 제조업]",-0.0888340719956208,0.07576106956917918,-1.172555674052415,0.24097403360495895,3192.0,,-0.0888,(0.0758)
M10_log_count_auditor_basic,C(sector)[T.신발 및 신발 부분품 제조업],-0.17928228707108204,0.06086032919423999,-2.9457988388280008,0.003221218163505358,3192.0,***,-0.1793***,(0.0609)
M10_log_count_auditor_basic,C(sector)[T.악기 제조업],-0.04177009592502607,0.058383762025041,-0.7154402949763794,0.47433702109703146,3192.0,,-0.0418,(0.0584)
M10_log_count_auditor_basic,C(sector)[T.알코올음료 제조업],-0.07826773155492361,0.07502706067408645,-1.0431933605251373,0.2968587478971637,3192.0,,-0.0783,(0.0750)
M10_log_count_auditor_basic,C(sector)[T.어로 어업],0.10332404818962185,0.1361328501143288,0.7589942332276666,0.4478560064724786,3192.0,,0.1033,(0.1361)
M10_log_count_auditor_basic,C(sector)[T.여행사 및 기타 여행보조 서비스업],0.05454344562097711,0.07225673145614207,0.7548562538299085,0.45033523647977347,3192.0,,0.0545,(0.0723)
M10_log_count_auditor_basic,C(sector)[T.연료 소매업],-0.14857329047613377,0.10082512337258619,-1.4735741004461795,0.1405962989692164,3192.0,,-0.1486,(0.1008)
M10_log_count_auditor_basic,C(sector)[T.연료용 가스 제조 및 배관공급업],-0.0066926041476323,0.08951965645310009,-0.07476128051428121,0.940404649238815,3192.0,,-0.0067,(0.0895)
M10_log_count_auditor_basic,C(sector)[T.영상 및 음향기기 제조업],0.013417679232769323,0.09961081113751741,0.13470103374869205,0.8928482558271259,3192.0,,0.0134,(0.0996)
M10_log_count_auditor_basic,"C(sector)[T.영화, 비디오물, 방송프로그램 제작 및 배급업]",0.029002696810431577,0.20815525067199656,0.13933204527294374,0.8891877683812285,3192.0,,0.0290,(0.2082)
M10_log_count_auditor_basic,C(sector)[T.오디오물 출판 및 원판 녹음업],0.03435860180028305,0.05863332379171078,0.585991029987293,0.5578815427524777,3192.0,,0.0344,(0.0586)
M10_log_count_auditor_basic,C(sector)[T.운송장비 임대업],-0.010569741621424211,0.15029669493856854,-0.07032584200034758,0.9439343144818111,3192.0,,-0.0106,(0.1503)
M10_log_count_auditor_basic,C(sector)[T.유리 및 유리제품 제조업],0.1448987629087009,0.0588598709381617,2.461758080661302,0.013825788783821567,3192.0,**,0.1449**,(0.0589)
M10_log_count_auditor_basic,C(sector)[T.유원지 및 기타 오락관련 서비스업],0.04268392792697319,0.09220889043217644,0.4629046909350789,0.6434326849575925,3192.0,,0.0427,(0.0922)
M10_log_count_auditor_basic,C(sector)[T.육상 여객 운송업],-0.030121870089658144,0.07529148517730626,-0.4000700745738142,0.6891049047564749,3192.0,,-0.0301,(0.0753)
M10_log_count_auditor_basic,C(sector)[T.음·식료품 및 담배 도매업],0.011494509154307261,0.10196578090526141,0.11272908472095218,0.9102453419461972,3192.0,,0.0115,(0.1020)
M10_log_count_auditor_basic,C(sector)[T.음식점업],0.023611367918813873,0.05895631106601256,0.40048923502653605,0.6887962107460144,3192.0,,0.0236,(0.0590)
M10_log_count_auditor_basic,C(sector)[T.의료용 기기 제조업],0.10785783227594549,0.13417008262003052,0.803888841459528,0.4214611749837719,3192.0,,0.1079,(0.1342)
M10_log_count_auditor_basic,C(sector)[T.의료용품 및 기타 의약 관련제품 제조업],0.22248995648342149,0.06307641845787453,3.5273080165769244,0.0004198080824314688,3192.0,***,0.2225***,(0.0631)
M10_log_count_auditor_basic,C(sector)[T.의약품 제조업],0.011739837612841714,0.06639558354779725,0.17681654389542897,0.8596524936564786,3192.0,,0.0117,(0.0664)
M10_log_count_auditor_basic,C(sector)[T.일반 목적용 기계 제조업],0.04623107368775238,0.08669262092286491,0.5332757643685344,0.5938427017481493,3192.0,,0.0462,(0.0867)
M10_log_count_auditor_basic,C(sector)[T.일반 및 생활 숙박시설 운영업],-0.06719879052557425,0.058543894596362854,-1.147836012429366,0.2510362675717275,3192.0,,-0.0672,(0.0585)
M10_log_count_auditor_basic,C(sector)[T.일차전지 및 이차전지 제조업],0.009052782575613576,0.095172290474697,0.09511994016809332,0.9242195599225008,3192.0,,0.0091,(0.0952)
M10_log_count_auditor_basic,C(sector)[T.자동차 부품 및 내장품 판매업],0.012416183498800512,0.05975901964802543,0.20777086993612973,0.8354078786754593,3192.0,,0.0124,(0.0598)
M10_log_count_auditor_basic,C(sector)[T.자동차 신품 부품 제조업],0.024875703554748392,0.06559652278892089,0.37922289928071984,0.7045223481663085,3192.0,,0.0249,(0.0656)
M10_log_count_auditor_basic,C(sector)[T.자동차 판매업],0.057344233414585,0.15104993808599296,0.3796375830484541,0.7042144585865049,3192.0,,0.0573,(0.1510)
M10_log_count_auditor_basic,C(sector)[T.자동차용 엔진 및 자동차 제조업],0.11755547396150784,0.14059816891760848,0.8361095657682155,0.40309326744303875,3192.0,,0.1176,(0.1406)
M10_log_count_auditor_basic,"C(sector)[T.자료처리, 호스팅, 포털 및 기타 인터넷 정보매개 서비스업]",0.02128796732934994,0.10731481229624788,0.19836932920856673,0.8427561123409313,3192.0,,0.0213,(0.1073)
M10_log_count_auditor_basic,C(sector)[T.자연과학 및 공학 연구개발업],0.0403518010364552,0.17547404083581175,0.22995880669444282,0.8181237794210816,3192.0,,0.0404,(0.1755)
M10_log_count_auditor_basic,C(sector)[T.전구 및 조명장치 제조업],0.006897075193191493,0.06549550080393904,0.10530609138844371,0.9161329296240573,3192.0,,0.0069,(0.0655)
M10_log_count_auditor_basic,C(sector)[T.전기 및 통신 공사업],0.13708737383919375,0.09874386566974212,1.3883128122378254,0.16504181247927108,3192.0,,0.1371,(0.0987)
M10_log_count_auditor_basic,C(sector)[T.전기 통신업],-0.09769398404542425,0.06271512775935333,-1.5577419282360336,0.11929443699730755,3192.0,,-0.0977,(0.0627)
M10_log_count_auditor_basic,C(sector)[T.전기업],0.1315702334681382,0.15236752667313086,0.8635057373503974,0.3878594663262338,3192.0,,0.1316,(0.1524)
M10_log_count_auditor_basic,"C(sector)[T.전동기, 발전기 및 전기 변환 · 공급 · 제어 장치 제조업]",0.16212193730612356,0.12318149257568248,1.3161225271443773,0.18813292110685298,3192.0,,0.1621,(0.1232)
M10_log_count_auditor_basic,C(sector)[T.전자부품 제조업],-0.0020463123284180512,0.07350994904976249,-0.02783721598055798,0.9777919833949686,3192.0,,-0.0020,(0.0735)
M10_log_count_auditor_basic,C(sector)[T.절연선 및 케이블 제조업],-0.005717006512825529,0.07849807513726127,-0.07282989427229655,0.9419414819286354,3192.0,,-0.0057,(0.0785)
M10_log_count_auditor_basic,C(sector)[T.제재 및 목재 가공업],-0.007533846956097656,0.08954713111667456,-0.08413275626085111,0.9329508812298212,3192.0,,-0.0075,(0.0895)
M10_log_count_auditor_basic,C(sector)[T.종합 소매업],-0.12799520926471986,0.07531127682680507,-1.6995490537104176,0.08921578020018735,3192.0,*,-0.1280*,(0.0753)
M10_log_count_auditor_basic,"C(sector)[T.증기, 냉·온수 및 공기조절 공급업]",0.03710154071573402,0.0634479731343827,0.5847553339040953,0.5587122416941831,3192.0,,0.0371,(0.0634)
M10_log_count_auditor_basic,C(sector)[T.직물직조 및 직물제품 제조업],0.06900826276965727,0.09819612082007848,0.70275956110424,0.4822056024490702,3192.0,,0.0690,(0.0982)
M10_log_count_auditor_basic,C(sector)[T.초등 교육기관],0.0680095823166561,0.17666958298235122,0.38495354530524967,0.7002718336316509,3192.0,,0.0680,(0.1767)
M10_log_count_auditor_basic,"C(sector)[T.측정, 시험, 항해, 제어 및 기타 정밀기기 제조업; 광학기기 제외]",0.007399262651633404,0.1100433288213009,0.06723953856075228,0.946391009111599,3192.0,,0.0074,(0.1100)
M10_log_count_auditor_basic,C(sector)[T.컴퓨터 및 주변장치 제조업],-0.1238517785277739,0.0760497300324303,-1.6285630267846987,0.10340555663385559,3192.0,,-0.1239,(0.0760)
M10_log_count_auditor_basic,"C(sector)[T.컴퓨터 프로그래밍, 시스템 통합 및 관리업]",0.028239144579224322,0.07822738086202947,0.36098798487233036,0.7181084290177723,3192.0,,0.0282,(0.0782)
M10_log_count_auditor_basic,C(sector)[T.텔레비전 방송업],-0.0892611828858641,0.0887681369091352,-1.0055543125483595,0.31463001065221796,3192.0,,-0.0893,(0.0888)
M10_log_count_auditor_basic,C(sector)[T.토목 건설업],0.23657543673887246,0.0791919550509943,2.987367044878912,0.0028139166011641684,3192.0,***,0.2366***,(0.0792)
M10_log_count_auditor_basic,C(sector)[T.통신 및 방송 장비 제조업],-0.18881284455715602,0.07881476059568758,-2.3956533412027783,0.016590772999357694,3192.0,**,-0.1888**,(0.0788)
M10_log_count_auditor_basic,C(sector)[T.특수 목적용 기계 제조업],-0.009755205905717768,0.0665180794079016,-0.14665495445075882,0.8834043752009274,3192.0,,-0.0098,(0.0665)
M10_log_count_auditor_basic,"C(sector)[T.펄프, 종이 및 판지 제조업]",-0.08718229850574402,0.07128409396235054,-1.223025974795868,0.22131988577879325,3192.0,,-0.0872,(0.0713)
M10_log_count_auditor_basic,C(sector)[T.편조원단 제조업],0.4079533669951235,0.06594674815755337,6.186102854085878,6.166977849402804e-10,3192.0,***,0.4080***,(0.0659)
M10_log_count_auditor_basic,C(sector)[T.플라스틱제품 제조업],-0.07053235489862685,0.0657870679535331,-1.0721309991873393,0.28366119710242976,3192.0,,-0.0705,(0.0658)
M10_log_count_auditor_basic,C(sector)[T.합성고무 및 플라스틱 물질 제조업],0.06902712608363808,0.05878862334642303,1.1741578923677587,0.24033178850119752,3192.0,,0.0690,(0.0588)
M10_log_count_auditor_basic,C(sector)[T.항공 여객 운송업],0.012697955327197086,0.09295977182421751,0.1365962402662553,0.8913499484781511,3192.0,,0.0127,(0.0930)
M10_log_count_auditor_basic,"C(sector)[T.항공기,우주선 및 부품 제조업]",0.06148560126750813,0.07782761394575818,0.7900229513699393,0.4295143646752553,3192.0,,0.0615,(0.0778)
M10_log_count_auditor_basic,C(sector)[T.해상 운송업],-0.043236734605629185,0.08353869973967826,-0.5175653288878411,0.6047615773574142,3192.0,,-0.0432,(0.0835)
M10_log_count_auditor_basic,C(sector)[T.화학섬유 제조업],-0.027303493053368905,0.08688199135490556,-0.3142595217671342,0.753323938911685,3192.0,,-0.0273,(0.0869)
M10_log_count_auditor_basic,LogAssets_w,0.029999610250928954,0.007490560865157574,4.004988517011118,6.202049386199694e-05,3192.0,***,0.0300***,(0.0075)
M10_log_count_auditor_basic,Leverage_w,0.007869934475686867,0.04862551745362213,0.16184782985997062,0.8714256867618914,3192.0,,0.0079,(0.0486)
M10_log_count_auditor_basic,ROA_w,-0.34180905367450465,0.14982895817478847,-2.281328374957762,0.022529022871662696,3192.0,**,-0.3418**,(0.1498)
M10_log_count_auditor_basic,Loss,0.0376736728215314,0.02468628066507792,1.526097565390881,0.12698556831738997,3192.0,,0.0377,(0.0247)
M10_log_count_auditor_basic,OutsideDirectorRatio_w,0.0458370062395355,0.05765519564396257,0.7950195247379301,0.42660214473858493,3192.0,,0.0458,(0.0577)
M10_log_count_auditor_basic,LargestShareholderOwnership_w,-0.002135152657527255,0.0005538003150126231,-3.855455837865652,0.00011551418321172875,3192.0,***,-0.0021***,(0.0006)
M10_log_count_auditor_basic,LogMinorityShareholderCount_w,-0.012313810103721646,0.009074105409696696,-1.3570274476383053,0.17477248941360157,3192.0,,-0.0123,(0.0091)
M10_log_count_auditor_basic,Big4Auditor,0.0013228316166436997,0.015847345677176206,0.08347338687442649,0.9334751377228716,3192.0,,0.0013,(0.0158)
M10_log_count_auditor_basic,CleanOpinion,-0.002892960315082325,0.025493383005969136,-0.11347887074873327,0.9096509135656116,3192.0,,-0.0029,(0.0255)
LAG1_correction_lagged_governance,Intercept,0.10879006533132185,0.21068660314270424,0.516359672179228,0.6056032264505413,2536.0,,0.1088,(0.2107)
LAG1_correction_lagged_governance,C(fiscal_year)[T.2021],-0.7524764707290689,0.07702085849835058,-9.769775167400702,1.5178853890703015e-22,2536.0,***,-0.7525***,(0.0770)
LAG1_correction_lagged_governance,C(fiscal_year)[T.2022],-0.8427096991107462,0.07893168912159501,-10.676443244645936,1.3120262978441956e-26,2536.0,***,-0.8427***,(0.0789)
LAG1_correction_lagged_governance,C(fiscal_year)[T.2023],-0.791994149383569,0.0791466261327331,-10.00666974806169,1.4246773946481523e-23,2536.0,***,-0.7920***,(0.0791)
LAG1_correction_lagged_governance,C(fiscal_year)[T.2024],-0.7223155285428865,0.07958755183591364,-9.075734984688195,1.129128316116241e-19,2536.0,***,-0.7223***,(0.0796)
LAG1_correction_lagged_governance,C(sector)[T.1차 철강 제조업],-0.02345200510967771,0.08356846706175144,-0.2806322280908691,0.7789924945037238,2536.0,,-0.0235,(0.0836)
LAG1_correction_lagged_governance,C(sector)[T.가구 제조업],0.05764284364839072,0.1113182191985162,0.5178203897207068,0.6045835908450745,2536.0,,0.0576,(0.1113)
LAG1_correction_lagged_governance,C(sector)[T.가전제품 및 정보통신장비 소매업],-0.09262647062108587,0.08133639003986641,-1.1388072494449988,0.2547835574640792,2536.0,,-0.0926,(0.0813)
LAG1_correction_lagged_governance,C(sector)[T.가정용 기기 제조업],0.03161354121704644,0.0750302979762932,0.421343671419713,0.6735041448869747,2536.0,,0.0316,(0.0750)
LAG1_correction_lagged_governance,"C(sector)[T.가죽, 가방 및 유사제품 제조업]",0.05040245235630557,0.09145746464419906,0.5511026634336346,0.5815632997217877,2536.0,,0.0504,(0.0915)
LAG1_correction_lagged_governance,C(sector)[T.개인 및 가정용품 임대업],0.536522457142583,0.08172286905937136,6.565144656788804,5.19823735261561e-11,2536.0,***,0.5365***,(0.0817)
LAG1_correction_lagged_governance,C(sector)[T.건물 건설업],0.11149540587530085,0.10288655640129941,1.0836732200504742,0.2785097134624064,2536.0,,0.1115,(0.1029)
LAG1_correction_lagged_governance,C(sector)[T.건물설비 설치 공사업],0.2642174361282967,0.08130150632723311,3.2498467502537927,0.0011546721418772851,2536.0,***,0.2642***,(0.0813)
LAG1_correction_lagged_governance,"C(sector)[T.건축기술, 엔지니어링 및 관련 기술 서비스업]",0.11985275520492318,0.10754798299073454,1.1144119291874468,0.265102507985309,2536.0,,0.1199,(0.1075)
LAG1_correction_lagged_governance,"C(sector)[T.건축자재, 철물 및 난방장치 도매업]",-0.16649054649665043,0.07632661206342421,-2.1812909284942945,0.029161904966587035,2536.0,**,-0.1665**,(0.0763)
LAG1_correction_lagged_governance,"C(sector)[T.경비, 경호 및 탐정업]",-0.33695344356444795,0.08246038871677022,-4.086246121417091,4.3840871709375785e-05,2536.0,***,-0.3370***,(0.0825)
LAG1_correction_lagged_governance,C(sector)[T.고무제품 제조업],-0.09845860193590901,0.13463545874212712,-0.7312977046001741,0.46459733223598176,2536.0,,-0.0985,(0.1346)
LAG1_correction_lagged_governance,"C(sector)[T.곡물가공품, 전분 및 전분제품 제조업]",-0.046596039277797006,0.10333814509920877,-0.4509084156006762,0.65205555789448,2536.0,,-0.0466,(0.1033)
LAG1_correction_lagged_governance,"C(sector)[T.골판지, 종이 상자 및 종이용기 제조업]",0.0238099905484339,0.1333029543301087,0.17861562534819242,0.8582395245438748,2536.0,,0.0238,(0.1333)
LAG1_correction_lagged_governance,C(sector)[T.광고업],0.022277197305261842,0.09990111631459105,0.2229924762313006,0.8235413621834562,2536.0,,0.0223,(0.0999)
LAG1_correction_lagged_governance,"C(sector)[T.구조용 금속제품, 탱크 및 증기발생기 제조업]",-0.0007395575894090511,0.11455381765965282,-0.0064559837857724395,0.9948489059952618,2536.0,,-0.0007,(0.1146)
LAG1_correction_lagged_governance,C(sector)[T.귀금속 및 장신용품 제조업],-0.20602027080604196,0.0777769140125473,-2.6488614702918905,0.008076342926599898,2536.0,***,-0.2060***,(0.0778)
LAG1_correction_lagged_governance,C(sector)[T.그외 기타 개인 서비스업],0.1402108415988358,0.08155089363218954,1.7193047844602916,0.08555888923894962,2536.0,*,0.1402*,(0.0816)
LAG1_correction_lagged_governance,C(sector)[T.그외 기타 운송장비 제조업],0.1184751514601956,0.10404304363008245,1.1387128569731724,0.25482293843548676,2536.0,,0.1185,(0.1040)
LAG1_correction_lagged_governance,C(sector)[T.금속 주조업],0.0032150081224981628,0.0766345020828438,0.041952489219838074,0.9665365728539886,2536.0,,0.0032,(0.0766)
LAG1_correction_lagged_governance,C(sector)[T.기계장비 및 관련 물품 도매업],-0.030450589103235143,0.09828993234160466,-0.3098037446745282,0.7567102037890102,2536.0,,-0.0305,(0.0983)
LAG1_correction_lagged_governance,C(sector)[T.기반조성 및 시설물 축조관련 전문공사업],0.00829988522328861,0.0766801251145899,0.10824037142460784,0.9138050212949306,2536.0,,0.0083,(0.0767)
LAG1_correction_lagged_governance,C(sector)[T.기초 의약물질 제조업],-0.12146437424745868,0.08661187932471645,-1.4023985531139072,0.16079626519482704,2536.0,,-0.1215,(0.0866)
LAG1_correction_lagged_governance,C(sector)[T.기초 화학물질 제조업],0.02434589500797546,0.09427010238331328,0.2582568003265998,0.7962087239260016,2536.0,,0.0243,(0.0943)
LAG1_correction_lagged_governance,C(sector)[T.기타 금속 가공제품 제조업],0.02478742477041679,0.22880948653994573,0.10833215503977534,0.9137322166696478,2536.0,,0.0248,(0.2288)
LAG1_correction_lagged_governance,C(sector)[T.기타 비금속 광물제품 제조업],-0.24678808377750197,0.08385007008342332,-2.943206648867078,0.0032483151069287995,2536.0,***,-0.2468***,(0.0839)
LAG1_correction_lagged_governance,C(sector)[T.기타 사업지원 서비스업],-0.14191427674680376,0.07867055404081007,-1.8039059019869905,0.0712460595979387,2536.0,*,-0.1419*,(0.0787)
LAG1_correction_lagged_governance,C(sector)[T.기타 상품 전문 소매업],0.1358695503470931,0.08058830469616401,1.6859710706082203,0.09180137157709635,2536.0,*,0.1359*,(0.0806)
LAG1_correction_lagged_governance,C(sector)[T.기타 식품 제조업],-0.036263167716720876,0.09964085892631555,-0.3639387306319539,0.7159037621267623,2536.0,,-0.0363,(0.0996)
LAG1_correction_lagged_governance,C(sector)[T.기타 운송관련 서비스업],-0.11542773925849449,0.1384845191897249,-0.8335064448637581,0.4045591645752262,2536.0,,-0.1154,(0.1385)
LAG1_correction_lagged_governance,C(sector)[T.기타 전기장비 제조업],-0.2472381265382768,0.07991263656145038,-3.0938552045915566,0.0019757388649201076,2536.0,***,-0.2472***,(0.0799)
LAG1_correction_lagged_governance,C(sector)[T.기타 전문 도매업],-0.0012599429431326067,0.09893782986730472,-0.012734693542626116,0.9898394592631042,2536.0,,-0.0013,(0.0989)
LAG1_correction_lagged_governance,C(sector)[T.기타 정보 서비스업],-0.24574144893197522,0.07732864468854707,-3.1778838219877827,0.0014835418357544044,2536.0,***,-0.2457***,(0.0773)
LAG1_correction_lagged_governance,C(sector)[T.기타 종이 및 판지 제품 제조업],0.10553043414708042,0.07677834786761316,1.3744817006097045,0.16929218749163488,2536.0,,0.1055,(0.0768)
LAG1_correction_lagged_governance,C(sector)[T.기타 화학제품 제조업],-0.07360787733027806,0.08494774759236365,-0.86650769933887,0.3862118059753309,2536.0,,-0.0736,(0.0849)
LAG1_correction_lagged_governance,C(sector)[T.나무제품 제조업],-0.25612536036891187,0.07746756082193837,-3.3062272472683643,0.0009456136297363104,2536.0,***,-0.2561***,(0.0775)
LAG1_correction_lagged_governance,"C(sector)[T.내화, 비내화 요업제품 제조업]",-0.06462134976692936,0.08932011284436583,-0.7234803865454987,0.4693847997670746,2536.0,,-0.0646,(0.0893)
LAG1_correction_lagged_governance,C(sector)[T.담배 제조업],-0.43064913732557786,0.08618959027584241,-4.996533060980127,5.837017225190365e-07,2536.0,***,-0.4306***,(0.0862)
LAG1_correction_lagged_governance,C(sector)[T.도로 화물 운송업],0.11737417120742723,0.08753819974412407,1.3408337337358354,0.17997444104887306,2536.0,,0.1174,(0.0875)
LAG1_correction_lagged_governance,"C(sector)[T.도축, 육류 가공 및 저장 처리업]",-0.013991472013495931,0.07943747967709407,-0.17613187213856682,0.8601903419788509,2536.0,,-0.0140,(0.0794)
LAG1_correction_lagged_governance,C(sector)[T.동·식물성 유지 및 낙농제품 제조업],0.06514282499829636,0.1012385292512086,0.6434588242254485,0.5199264244363057,2536.0,,0.0651,(0.1012)
LAG1_correction_lagged_governance,C(sector)[T.동물용 사료 및 조제식품 제조업],-0.26883797458951547,0.07761968863272546,-3.4635281244373597,0.0005331408583403259,2536.0,***,-0.2688***,(0.0776)
LAG1_correction_lagged_governance,"C(sector)[T.떡, 빵 및 과자류 제조업]",0.3261872076871047,0.07545119692606689,4.323154846790953,1.5381369531410324e-05,2536.0,***,0.3262***,(0.0755)
LAG1_correction_lagged_governance,C(sector)[T.무기 및 총포탄 제조업],0.010404045888168956,0.15164068065508973,0.06860986011948338,0.94530017012375,2536.0,,0.0104,(0.1516)
LAG1_correction_lagged_governance,C(sector)[T.무점포 소매업],0.147840110533625,0.08090818082718866,1.8272578745701362,0.06766100578636357,2536.0,*,0.1478*,(0.0809)
LAG1_correction_lagged_governance,C(sector)[T.반도체 제조업],-0.037169361155249075,0.10886998131084281,-0.3414105587942011,0.7327945273530023,2536.0,,-0.0372,(0.1089)
LAG1_correction_lagged_governance,C(sector)[T.방적 및 가공사 제조업],0.31270630017070183,0.13584447659724244,2.3019434282766382,0.02133836268808708,2536.0,**,0.3127**,(0.1358)
LAG1_correction_lagged_governance,C(sector)[T.봉제의복 제조업],-0.0520322506001628,0.1114552556508655,-0.46684429815633144,0.6406112798643193,2536.0,,-0.0520,(0.1115)
LAG1_correction_lagged_governance,"C(sector)[T.비료, 농약 및 살균, 살충제 제조업]",-0.15938409285770097,0.08832314887193615,-1.8045562787712583,0.07114414495424586,2536.0,*,-0.1594*,(0.0883)
LAG1_correction_lagged_governance,C(sector)[T.비알코올음료 및 얼음 제조업],0.18954073436397606,0.07966648567718881,2.379177802972272,0.01735130430264006,2536.0,**,0.1895**,(0.0797)
LAG1_correction_lagged_governance,C(sector)[T.산업용 기계 및 장비 임대업],0.21422391133292165,0.08078040422283118,2.6519291825030873,0.008003332616069793,2536.0,***,0.2142***,(0.0808)
LAG1_correction_lagged_governance,C(sector)[T.산업용 농·축산물 및 동·식물 도매업],0.06422772266525473,0.07717925818950205,0.8321889089365594,0.40530232322510196,2536.0,,0.0642,(0.0772)
LAG1_correction_lagged_governance,C(sector)[T.상품 종합 도매업],-0.07163267455587412,0.0996052654980793,-0.719165540071327,0.47203892895357136,2536.0,,-0.0716,(0.0996)
LAG1_correction_lagged_governance,C(sector)[T.상품 중개업],-0.09022370751649064,0.07988477804072697,-1.129423023125791,0.2587194251215399,2536.0,,-0.0902,(0.0799)
LAG1_correction_lagged_governance,C(sector)[T.생활용품 도매업],0.019620149147406597,0.09671114489097156,0.20287371398121284,0.839233740240526,2536.0,,0.0196,(0.0967)
LAG1_correction_lagged_governance,"C(sector)[T.서적, 잡지 및 기타 인쇄물 출판업]",0.21987341000046284,0.1320368781516056,1.6652424161983195,0.09586440175282569,2536.0,*,0.2199*,(0.1320)
LAG1_correction_lagged_governance,C(sector)[T.석유 정제품 제조업],-0.283854580025264,0.09347955504445177,-3.0365418394459014,0.002393088941510824,2536.0,***,-0.2839***,(0.0935)
LAG1_correction_lagged_governance,C(sector)[T.선박 및 보트 건조업],0.00469450489790408,0.10745581500268285,0.043687769692006634,0.9651532882815164,2536.0,,0.0047,(0.1075)
LAG1_correction_lagged_governance,"C(sector)[T.섬유, 의복, 신발 및 가죽제품 소매업]",0.0404232819625622,0.17860016281457236,0.2263339591942633,0.8209416879710713,2536.0,,0.0404,(0.1786)
LAG1_correction_lagged_governance,C(sector)[T.소프트웨어 개발 및 공급업],-0.1433211050229337,0.1315715125073339,-1.089301949120216,0.27602075353341404,2536.0,,-0.1433,(0.1316)
LAG1_correction_lagged_governance,C(sector)[T.수산물 가공 및 저장 처리업],-0.03514194382020181,0.11924770659468996,-0.2946970203766306,0.7682253395457659,2536.0,,-0.0351,(0.1192)
LAG1_correction_lagged_governance,C(sector)[T.스포츠 서비스업],0.34211800777576307,0.07794177159111781,4.389405074989988,1.1366117840125503e-05,2536.0,***,0.3421***,(0.0779)
LAG1_correction_lagged_governance,"C(sector)[T.시멘트, 석회, 플라스터 및 그 제품 제조업]",-0.13328118086119772,0.0993206520999415,-1.3419281694514391,0.17961928706962182,2536.0,,-0.1333,(0.0993)
LAG1_correction_lagged_governance,C(sector)[T.신발 및 신발 부분품 제조업],-0.27023510269966716,0.08003371889072101,-3.3765156292268435,0.0007341020119257328,2536.0,***,-0.2702***,(0.0800)
LAG1_correction_lagged_governance,C(sector)[T.악기 제조업],0.002462225827874212,0.07753542441141756,0.031756140455350815,0.9746665238259152,2536.0,,0.0025,(0.0775)
LAG1_correction_lagged_governance,C(sector)[T.알코올음료 제조업],-0.16230801822848184,0.10345219831873893,-1.5689180207500917,0.11666704226886739,2536.0,,-0.1623,(0.1035)
LAG1_correction_lagged_governance,C(sector)[T.어로 어업],0.12369471361603589,0.12683642738433715,0.9752301934618411,0.32944608819674603,2536.0,,0.1237,(0.1268)
LAG1_correction_lagged_governance,C(sector)[T.여행사 및 기타 여행보조 서비스업],0.05885406447434609,0.11526953865139983,0.510577774170968,0.6096467422492958,2536.0,,0.0589,(0.1153)
LAG1_correction_lagged_governance,C(sector)[T.연료 소매업],-0.29380874459006395,0.0949108089868888,-3.095629968032949,0.001963952818136006,2536.0,***,-0.2938***,(0.0949)
LAG1_correction_lagged_governance,C(sector)[T.연료용 가스 제조 및 배관공급업],0.0034321996761730207,0.1152732477006616,0.029774468444627,0.9762469209662945,2536.0,,0.0034,(0.1153)
LAG1_correction_lagged_governance,C(sector)[T.영상 및 음향기기 제조업],0.045166705139247906,0.14967473033363504,0.3017657358631499,0.7628306527015869,2536.0,,0.0452,(0.1497)
LAG1_correction_lagged_governance,"C(sector)[T.영화, 비디오물, 방송프로그램 제작 및 배급업]",0.04281809141641735,0.23380255498265679,0.1831378250746385,0.8546898775191816,2536.0,,0.0428,(0.2338)
LAG1_correction_lagged_governance,C(sector)[T.오디오물 출판 및 원판 녹음업],0.1831519775741723,0.07726971342106027,2.3702945108148055,0.01777392095120585,2536.0,**,0.1832**,(0.0773)
LAG1_correction_lagged_governance,C(sector)[T.운송장비 임대업],-0.08471354321634791,0.16140398051111496,-0.524854114180376,0.5996846097596168,2536.0,,-0.0847,(0.1614)
LAG1_correction_lagged_governance,C(sector)[T.유리 및 유리제품 제조업],0.18843689770134747,0.07853132048607518,2.399512659853469,0.01641691212556115,2536.0,**,0.1884**,(0.0785)
LAG1_correction_lagged_governance,C(sector)[T.유원지 및 기타 오락관련 서비스업],-0.08402291811269538,0.15938393782387517,-0.5271730593426777,0.5980734153884315,2536.0,,-0.0840,(0.1594)
LAG1_correction_lagged_governance,C(sector)[T.육상 여객 운송업],0.028993669947831216,0.09478675303024237,0.3058831431706558,0.7596936210085375,2536.0,,0.0290,(0.0948)
LAG1_correction_lagged_governance,C(sector)[T.음·식료품 및 담배 도매업],-0.040065048951083065,0.1252326662804094,-0.3199249057060968,0.7490252572967419,2536.0,,-0.0401,(0.1252)
LAG1_correction_lagged_governance,C(sector)[T.음식점업],-0.02303707265715342,0.07777427395276156,-0.2962042779228727,0.7670740820461143,2536.0,,-0.0230,(0.0778)
LAG1_correction_lagged_governance,C(sector)[T.의료용 기기 제조업],0.1538530405250333,0.1405257047782907,1.0948391311594508,0.2735871196264267,2536.0,,0.1539,(0.1405)
LAG1_correction_lagged_governance,C(sector)[T.의료용품 및 기타 의약 관련제품 제조업],0.211768632881409,0.08295388402162913,2.552847710255413,0.010684620204653071,2536.0,**,0.2118**,(0.0830)
LAG1_correction_lagged_governance,C(sector)[T.의약품 제조업],-0.024157002979242635,0.08617727350856555,-0.28031755932544744,0.7792338802130538,2536.0,,-0.0242,(0.0862)
LAG1_correction_lagged_governance,C(sector)[T.일반 목적용 기계 제조업],0.041877607064066,0.11836287771245743,0.3538069356998953,0.7234835753461906,2536.0,,0.0419,(0.1184)
LAG1_correction_lagged_governance,C(sector)[T.일반 및 생활 숙박시설 운영업],-0.28097391378150277,0.07787074803340938,-3.608208741759547,0.0003083183847961014,2536.0,***,-0.2810***,(0.0779)
LAG1_correction_lagged_governance,C(sector)[T.일차전지 및 이차전지 제조업],0.03969041231456559,0.13286867030205268,0.2987191203489632,0.7651543668803411,2536.0,,0.0397,(0.1329)
LAG1_correction_lagged_governance,C(sector)[T.자동차 부품 및 내장품 판매업],0.039399749255915106,0.07810756302955153,0.5044293756932148,0.6139596795333839,2536.0,,0.0394,(0.0781)
LAG1_correction_lagged_governance,C(sector)[T.자동차 신품 부품 제조업],-0.02828197657205498,0.08377277350616405,-0.3376034406927446,0.7356620489760084,2536.0,,-0.0283,(0.0838)
LAG1_correction_lagged_governance,C(sector)[T.자동차 판매업],0.11616542471755592,0.2564250012676013,0.4530191055603327,0.6505349840873025,2536.0,,0.1162,(0.2564)
LAG1_correction_lagged_governance,C(sector)[T.자동차용 엔진 및 자동차 제조업],-0.029220823623719264,0.1020764510663958,-0.28626410223365356,0.7746758503997528,2536.0,,-0.0292,(0.1021)
LAG1_correction_lagged_governance,"C(sector)[T.자료처리, 호스팅, 포털 및 기타 인터넷 정보매개 서비스업]",-0.05877215766301446,0.11424718238314346,-0.5144298216993575,0.6069515138433181,2536.0,,-0.0588,(0.1142)
LAG1_correction_lagged_governance,C(sector)[T.자연과학 및 공학 연구개발업],0.07081914210288814,0.2696844749938194,0.26259999617890933,0.792858903004952,2536.0,,0.0708,(0.2697)
LAG1_correction_lagged_governance,C(sector)[T.전구 및 조명장치 제조업],-0.035593967496242385,0.0876698568720883,-0.40600006394643195,0.6847425534280553,2536.0,,-0.0356,(0.0877)
LAG1_correction_lagged_governance,C(sector)[T.전기 및 통신 공사업],0.16489468400646415,0.11923830892692618,1.3829002230106933,0.16669546193687712,2536.0,,0.1649,(0.1192)
LAG1_correction_lagged_governance,C(sector)[T.전기 통신업],-0.06317106081761781,0.08569124282304702,-0.7371938921234514,0.46100444726418177,2536.0,,-0.0632,(0.0857)
LAG1_correction_lagged_governance,C(sector)[T.전기업],0.15114028421348955,0.15286037404742367,0.9887473137191167,0.3227867875658079,2536.0,,0.1511,(0.1529)
LAG1_correction_lagged_governance,"C(sector)[T.전동기, 발전기 및 전기 변환 · 공급 · 제어 장치 제조업]",0.1761079264574843,0.1412004273086665,1.247219500777497,0.212317024463354,2536.0,,0.1761,(0.1412)
LAG1_correction_lagged_governance,C(sector)[T.전자부품 제조업],-0.07168460419422093,0.09028013203951327,-0.7940241399164818,0.42718137818119817,2536.0,,-0.0717,(0.0903)
LAG1_correction_lagged_governance,C(sector)[T.절연선 및 케이블 제조업],-0.05250565611243597,0.12113043493373676,-0.4334637792818847,0.6646778744382948,2536.0,,-0.0525,(0.1211)
LAG1_correction_lagged_governance,C(sector)[T.제재 및 목재 가공업],-0.07436693756458675,0.10874501259473578,-0.6838652715203857,0.4940602454741855,2536.0,,-0.0744,(0.1087)
LAG1_correction_lagged_governance,C(sector)[T.종합 소매업],-0.17128789264014865,0.10001849919019559,-1.7125621162783786,0.08679312782067335,2536.0,*,-0.1713*,(0.1000)
LAG1_correction_lagged_governance,"C(sector)[T.증기, 냉·온수 및 공기조절 공급업]",0.15305498471541346,0.08326951645378616,1.8380674133055355,0.06605247226458305,2536.0,*,0.1531*,(0.0833)
LAG1_correction_lagged_governance,C(sector)[T.직물직조 및 직물제품 제조업],0.11051166639708848,0.10768018720558481,1.026295266241484,0.3047524279234174,2536.0,,0.1105,(0.1077)
LAG1_correction_lagged_governance,C(sector)[T.초등 교육기관],0.12321279815473171,0.2605392312303505,0.47291456865394527,0.6362741306156586,2536.0,,0.1232,(0.2605)
LAG1_correction_lagged_governance,"C(sector)[T.측정, 시험, 항해, 제어 및 기타 정밀기기 제조업; 광학기기 제외]",-0.09030205328890512,0.11643368281057312,-0.7755664092135456,0.4380050403002239,2536.0,,-0.0903,(0.1164)
LAG1_correction_lagged_governance,C(sector)[T.컴퓨터 및 주변장치 제조업],-0.1483112996296111,0.10193064404902262,-1.4550217063112258,0.1456632523477319,2536.0,,-0.1483,(0.1019)
LAG1_correction_lagged_governance,"C(sector)[T.컴퓨터 프로그래밍, 시스템 통합 및 관리업]",0.046446386132458634,0.1205522923785333,0.38527999108152444,0.7000299842747464,2536.0,,0.0464,(0.1206)
LAG1_correction_lagged_governance,C(sector)[T.텔레비전 방송업],-0.05772001437739622,0.14745688280906646,-0.3914365560821911,0.6954745757027375,2536.0,,-0.0577,(0.1475)
LAG1_correction_lagged_governance,C(sector)[T.토목 건설업],0.30007277713255076,0.10255393941558079,2.925999516377051,0.003433514710463964,2536.0,***,0.3001***,(0.1026)
LAG1_correction_lagged_governance,C(sector)[T.통신 및 방송 장비 제조업],-0.2817439990422684,0.09739476234524024,-2.8928044204631447,0.003818189721714927,2536.0,***,-0.2817***,(0.0974)
LAG1_correction_lagged_governance,C(sector)[T.특수 목적용 기계 제조업],-0.014812803248886952,0.09297652784011247,-0.1593176642857632,0.8734186044165874,2536.0,,-0.0148,(0.0930)
LAG1_correction_lagged_governance,"C(sector)[T.펄프, 종이 및 판지 제조업]",-0.14970151393564696,0.10686452640059733,-1.4008532015055108,0.16125797563192157,2536.0,,-0.1497,(0.1069)
LAG1_correction_lagged_governance,C(sector)[T.편조원단 제조업],0.317154900887839,0.08665103764402847,3.6601396764657856,0.0002520778014518969,2536.0,***,0.3172***,(0.0867)
LAG1_correction_lagged_governance,C(sector)[T.플라스틱제품 제조업],-0.10791750348200863,0.08822446345867661,-1.2232151860300746,0.22124843129167293,2536.0,,-0.1079,(0.0882)
LAG1_correction_lagged_governance,C(sector)[T.합성고무 및 플라스틱 물질 제조업],0.08257411879406351,0.12894245816134536,0.6403951031454568,0.5219157656200216,2536.0,,0.0826,(0.1289)
LAG1_correction_lagged_governance,C(sector)[T.항공 여객 운송업],-0.12529716607588176,0.12161039620525631,-1.0303162392827243,0.3028615783291343,2536.0,,-0.1253,(0.1216)
LAG1_correction_lagged_governance,"C(sector)[T.항공기,우주선 및 부품 제조업]",0.12614681628730084,0.19598337048843945,0.6436608165933237,0.5197954039180256,2536.0,,0.1261,(0.1960)
LAG1_correction_lagged_governance,C(sector)[T.해상 운송업],-0.09100162458120645,0.10729633863704428,-0.8481335499158211,0.3963635990443025,2536.0,,-0.0910,(0.1073)
LAG1_correction_lagged_governance,C(sector)[T.화학섬유 제조업],-0.05772534608927321,0.13395008341463022,-0.4309466975887554,0.6665071278663257,2536.0,,-0.0577,(0.1340)
LAG1_correction_lagged_governance,LogAssets_w_lag1,0.044895305794339924,0.009383803963060159,4.784339695402064,1.7155034591146718e-06,2536.0,***,0.0449***,(0.0094)
LAG1_correction_lagged_governance,Leverage_w_lag1,-0.036835296597229436,0.05777624030870774,-0.6375509448245944,0.52376603708101,2536.0,,-0.0368,(0.0578)
LAG1_correction_lagged_governance,ROA_w_lag1,-0.25081059520941973,0.17985985696898868,-1.3944778976037122,0.1631733393364636,2536.0,,-0.2508,(0.1799)
LAG1_correction_lagged_governance,Loss_lag1,0.04583432381182642,0.02950992416913666,1.5531833816015985,0.12037933035375703,2536.0,,0.0458,(0.0295)
LAG1_correction_lagged_governance,OutsideDirectorRatio_w_lag1,0.0793196746090673,0.07788131010000171,1.0184686737706221,0.3084552806988673,2536.0,,0.0793,(0.0779)
LAG1_correction_lagged_governance,LargestShareholderOwnership_w_lag1,-0.0022322981949192454,0.0006673023195042384,-3.345257658594227,0.0008220616365529823,2536.0,***,-0.0022***,(0.0007)
LAG1_correction_lagged_governance,LogMinorityShareholderCount_w_lag1,-0.021565121014337274,0.011249359784769961,-1.9170087388913803,0.05523682145038981,2536.0,*,-0.0216*,(0.0112)
LAG2_material_lagged_governance,Intercept,-0.805082232323689,0.19659838432669924,-4.095060267564742,4.220585826965013e-05,2536.0,***,-0.8051***,(0.1966)
LAG2_material_lagged_governance,C(fiscal_year)[T.2021],0.09833925294737117,0.07939911275717003,1.2385434740074066,0.215514612664659,2536.0,,0.0983,(0.0794)
LAG2_material_lagged_governance,C(fiscal_year)[T.2022],0.16425887404357448,0.08197872974005155,2.003676741081829,0.04510469935086022,2536.0,**,0.1643**,(0.0820)
LAG2_material_lagged_governance,C(fiscal_year)[T.2023],0.2090481681502537,0.08232476532278406,2.5393108298651645,0.011107109370253474,2536.0,**,0.2090**,(0.0823)
LAG2_material_lagged_governance,C(fiscal_year)[T.2024],0.27893301729714054,0.08257499760866088,3.3779355177103225,0.0007303220389921761,2536.0,***,0.2789***,(0.0826)
LAG2_material_lagged_governance,C(sector)[T.1차 철강 제조업],-0.016390937935322397,0.08443333476516003,-0.19412875235724833,0.8460750687329743,2536.0,,-0.0164,(0.0844)
LAG2_material_lagged_governance,C(sector)[T.가구 제조업],0.09962260748419244,0.10983393505639515,0.9070293933568017,0.3643912537770888,2536.0,,0.0996,(0.1098)
LAG2_material_lagged_governance,C(sector)[T.가전제품 및 정보통신장비 소매업],-0.28560311332989924,0.08329897623196345,-3.4286509420545284,0.0006065891267153365,2536.0,***,-0.2856***,(0.0833)
LAG2_material_lagged_governance,C(sector)[T.가정용 기기 제조업],0.08371646552849689,0.07786653189595252,1.075127702365905,0.2823175583010985,2536.0,,0.0837,(0.0779)
LAG2_material_lagged_governance,"C(sector)[T.가죽, 가방 및 유사제품 제조업]",-0.07662641262467972,0.12778009509409152,-0.5996740929661656,0.5487234572176938,2536.0,,-0.0766,(0.1278)
LAG2_material_lagged_governance,C(sector)[T.개인 및 가정용품 임대업],0.33335099584309247,0.08334519442057878,3.9996426687893685,6.34381954827309e-05,2536.0,***,0.3334***,(0.0833)
LAG2_material_lagged_governance,C(sector)[T.건물 건설업],0.09260358452643083,0.11652340964380148,0.794720861752237,0.4267758943301043,2536.0,,0.0926,(0.1165)
LAG2_material_lagged_governance,C(sector)[T.건물설비 설치 공사업],0.29800117459205144,0.08375554892002396,3.5579872430494746,0.0003737074584413989,2536.0,***,0.2980***,(0.0838)
LAG2_material_lagged_governance,"C(sector)[T.건축기술, 엔지니어링 및 관련 기술 서비스업]",0.12944552507477283,0.10456673517482658,1.2379226037644864,0.21574476012562682,2536.0,,0.1294,(0.1046)
LAG2_material_lagged_governance,"C(sector)[T.건축자재, 철물 및 난방장치 도매업]",-0.11693301329276988,0.0789076892190453,-1.4818963075723515,0.1383678877007262,2536.0,,-0.1169,(0.0789)
LAG2_material_lagged_governance,"C(sector)[T.경비, 경호 및 탐정업]",-0.30407757925847106,0.08509993649439208,-3.5731822112289024,0.00035266917671042674,2536.0,***,-0.3041***,(0.0851)
LAG2_material_lagged_governance,C(sector)[T.고무제품 제조업],-0.13292829981356252,0.102623489781133,-1.2953009110980453,0.19521644503127678,2536.0,,-0.1329,(0.1026)
LAG2_material_lagged_governance,"C(sector)[T.곡물가공품, 전분 및 전분제품 제조업]",-0.0023281021662435557,0.10581465686302449,-0.022001698396633743,0.9824466007421503,2536.0,,-0.0023,(0.1058)
LAG2_material_lagged_governance,"C(sector)[T.골판지, 종이 상자 및 종이용기 제조업]",0.0192923839235009,0.14000395262659807,0.1377988518292427,0.8903993918109516,2536.0,,0.0193,(0.1400)
LAG2_material_lagged_governance,C(sector)[T.광고업],-0.10177200842462655,0.15328726419035452,-0.6639299681038373,0.5067351346819531,2536.0,,-0.1018,(0.1533)
LAG2_material_lagged_governance,"C(sector)[T.구조용 금속제품, 탱크 및 증기발생기 제조업]",-0.0933766851837241,0.14490902164951674,-0.6443814478961083,0.5193281117625917,2536.0,,-0.0934,(0.1449)
LAG2_material_lagged_governance,C(sector)[T.귀금속 및 장신용품 제조업],-0.13460093243621368,0.0802190542039147,-1.6779172201913737,0.093363260326922,2536.0,*,-0.1346*,(0.0802)
LAG2_material_lagged_governance,C(sector)[T.그외 기타 개인 서비스업],0.18365711838968932,0.08418242322750076,2.1816563523404504,0.02913490453235395,2536.0,**,0.1837**,(0.0842)
LAG2_material_lagged_governance,C(sector)[T.그외 기타 운송장비 제조업],0.12840189495391907,0.10377232221224476,1.2373424070755554,0.21595999044560965,2536.0,,0.1284,(0.1038)
LAG2_material_lagged_governance,C(sector)[T.금속 주조업],0.05731263037892825,0.07955167052611066,0.7204453407438748,0.4712508421042463,2536.0,,0.0573,(0.0796)
LAG2_material_lagged_governance,C(sector)[T.기계장비 및 관련 물품 도매업],0.0075797888682153924,0.10072315703317762,0.07525368635654117,0.9400128698745267,2536.0,,0.0076,(0.1007)
LAG2_material_lagged_governance,C(sector)[T.기반조성 및 시설물 축조관련 전문공사업],0.044698203542534336,0.07994117658509685,0.5591386748599252,0.5760670819601146,2536.0,,0.0447,(0.0799)
LAG2_material_lagged_governance,C(sector)[T.기초 의약물질 제조업],-0.13507014502771364,0.10205898854942998,-1.3234517306850975,0.18568519829585062,2536.0,,-0.1351,(0.1021)
LAG2_material_lagged_governance,C(sector)[T.기초 화학물질 제조업],0.0022766792447220414,0.09070946779791353,0.02509858452476125,0.979976329213431,2536.0,,0.0023,(0.0907)
LAG2_material_lagged_governance,C(sector)[T.기타 금속 가공제품 제조업],-0.019464207888134938,0.1604289476435126,-0.1213260335746024,0.9034328005184867,2536.0,,-0.0195,(0.1604)
LAG2_material_lagged_governance,C(sector)[T.기타 비금속 광물제품 제조업],-0.2158475603891098,0.08628830666963308,-2.5014694194372424,0.012367912320870963,2536.0,**,-0.2158**,(0.0863)
LAG2_material_lagged_governance,C(sector)[T.기타 사업지원 서비스업],-0.08745265252915169,0.08061571605203885,-1.084808977851161,0.27800626837251385,2536.0,,-0.0875,(0.0806)
LAG2_material_lagged_governance,C(sector)[T.기타 상품 전문 소매업],-0.051200100856721616,0.08212699463664436,-0.6234259646690709,0.5330046399092747,2536.0,,-0.0512,(0.0821)
LAG2_material_lagged_governance,C(sector)[T.기타 식품 제조업],-0.003330954437689132,0.10190558647101278,-0.032686671585336766,0.973924452746863,2536.0,,-0.0033,(0.1019)
LAG2_material_lagged_governance,C(sector)[T.기타 운송관련 서비스업],-0.08196947181015847,0.13544993050510884,-0.6051643696270983,0.545069787626731,2536.0,,-0.0820,(0.1354)
LAG2_material_lagged_governance,C(sector)[T.기타 전기장비 제조업],-0.1825626383525278,0.08206937563844369,-2.2244916198315776,0.02611538571142526,2536.0,**,-0.1826**,(0.0821)
LAG2_material_lagged_governance,C(sector)[T.기타 전문 도매업],-0.010132831711941626,0.08893960523512297,-0.11392935335337073,0.9092937964477179,2536.0,,-0.0101,(0.0889)
LAG2_material_lagged_governance,C(sector)[T.기타 정보 서비스업],-0.20693165589665843,0.08049434657086188,-2.570760118097108,0.010147558876008959,2536.0,**,-0.2069**,(0.0805)
LAG2_material_lagged_governance,C(sector)[T.기타 종이 및 판지 제품 제조업],0.14145462547725476,0.0793275897168214,1.7831705965378568,0.07455853729337437,2536.0,*,0.1415*,(0.0793)
LAG2_material_lagged_governance,C(sector)[T.기타 화학제품 제조업],-0.06470955833130965,0.08791658788421221,-0.7360335505346652,0.4617102801108117,2536.0,,-0.0647,(0.0879)
LAG2_material_lagged_governance,C(sector)[T.나무제품 제조업],-0.20813389722661618,0.08027488536960374,-2.5927648014484306,0.009520785624729224,2536.0,***,-0.2081***,(0.0803)
LAG2_material_lagged_governance,"C(sector)[T.내화, 비내화 요업제품 제조업]",-0.013945338043163153,0.09431324654863191,-0.14786192346768962,0.8824517384994328,2536.0,,-0.0139,(0.0943)
LAG2_material_lagged_governance,C(sector)[T.담배 제조업],-0.3990820605236507,0.08768209702332051,-4.551465738980994,5.327347379536602e-06,2536.0,***,-0.3991***,(0.0877)
LAG2_material_lagged_governance,C(sector)[T.도로 화물 운송업],0.11695377467045055,0.09881169032182809,1.1836026110831015,0.23657040632008175,2536.0,,0.1170,(0.0988)
LAG2_material_lagged_governance,"C(sector)[T.도축, 육류 가공 및 저장 처리업]",0.04303505856462069,0.08135031248126798,0.5290091365602326,0.5967991118423499,2536.0,,0.0430,(0.0814)
LAG2_material_lagged_governance,C(sector)[T.동·식물성 유지 및 낙농제품 제조업],-0.013311498272301221,0.08715966686683972,-0.15272543770317734,0.8786147997071704,2536.0,,-0.0133,(0.0872)
LAG2_material_lagged_governance,C(sector)[T.동물용 사료 및 조제식품 제조업],-0.22263114441053278,0.08020162738453397,-2.7758931043020807,0.005505030476483441,2536.0,***,-0.2226***,(0.0802)
LAG2_material_lagged_governance,"C(sector)[T.떡, 빵 및 과자류 제조업]",0.12507354479124494,0.0783004727793427,1.5973536346799933,0.1101869014581216,2536.0,,0.1251,(0.0783)
LAG2_material_lagged_governance,C(sector)[T.무기 및 총포탄 제조업],-0.0633904860181838,0.08789686700774965,-0.7211916439819728,0.47079161218881105,2536.0,,-0.0634,(0.0879)
LAG2_material_lagged_governance,C(sector)[T.무점포 소매업],-0.075667424749823,0.08353297533750015,-0.9058389748970657,0.36502108843858694,2536.0,,-0.0757,(0.0835)
LAG2_material_lagged_governance,C(sector)[T.반도체 제조업],-0.0427173072611996,0.10718340420563917,-0.39854404306139907,0.690229199658232,2536.0,,-0.0427,(0.1072)
LAG2_material_lagged_governance,C(sector)[T.방적 및 가공사 제조업],0.21584020986528407,0.08848278373433535,2.4393469639623038,0.01471383337054266,2536.0,**,0.2158**,(0.0885)
LAG2_material_lagged_governance,C(sector)[T.봉제의복 제조업],-0.040815417180573285,0.1090866077172999,-0.3741560768517731,0.7082882001475919,2536.0,,-0.0408,(0.1091)
LAG2_material_lagged_governance,"C(sector)[T.비료, 농약 및 살균, 살충제 제조업]",-0.1717084056113967,0.08195683186692884,-2.0951078964374212,0.036161402153393675,2536.0,**,-0.1717**,(0.0820)
LAG2_material_lagged_governance,C(sector)[T.비알코올음료 및 얼음 제조업],-0.004112643492930175,0.08192978835601035,-0.05019716974074757,0.9599652669322749,2536.0,,-0.0041,(0.0819)
LAG2_material_lagged_governance,C(sector)[T.산업용 기계 및 장비 임대업],0.27237395800096154,0.08284931650415593,3.2875824387434576,0.0010105159807420301,2536.0,***,0.2724***,(0.0828)
LAG2_material_lagged_governance,C(sector)[T.산업용 농·축산물 및 동·식물 도매업],-0.14377847672780297,0.07984597487651741,-1.800697867990939,0.07175051383961431,2536.0,*,-0.1438*,(0.0798)
LAG2_material_lagged_governance,C(sector)[T.상품 종합 도매업],-0.08724517392624744,0.10788754815777152,-0.8086676860860968,0.4187063200036132,2536.0,,-0.0872,(0.1079)
LAG2_material_lagged_governance,C(sector)[T.상품 중개업],-0.04666294627176282,0.0834481652526209,-0.5591848080841687,0.5760356001125927,2536.0,,-0.0467,(0.0834)
LAG2_material_lagged_governance,C(sector)[T.생활용품 도매업],0.030518974305038638,0.11037945250058682,0.27649144486267846,0.7821706296586235,2536.0,,0.0305,(0.1104)
LAG2_material_lagged_governance,"C(sector)[T.서적, 잡지 및 기타 인쇄물 출판업]",0.13870442867944416,0.22811032043063814,0.608058541225101,0.5431486478978789,2536.0,,0.1387,(0.2281)
LAG2_material_lagged_governance,C(sector)[T.석유 정제품 제조업],-0.24343785079116248,0.09575177994081843,-2.5423846004912365,0.011009895097159645,2536.0,**,-0.2434**,(0.0958)
LAG2_material_lagged_governance,C(sector)[T.선박 및 보트 건조업],0.06697150330951493,0.1110166687133766,0.6032562865169581,0.546338208375301,2536.0,,0.0670,(0.1110)
LAG2_material_lagged_governance,"C(sector)[T.섬유, 의복, 신발 및 가죽제품 소매업]",0.09868075194920978,0.17919714847038654,0.5506826017687296,0.5818512733241901,2536.0,,0.0987,(0.1792)
LAG2_material_lagged_governance,C(sector)[T.소프트웨어 개발 및 공급업],-0.10774168008058459,0.1328812294561702,-0.8108118845793966,0.4174737084397655,2536.0,,-0.1077,(0.1329)
LAG2_material_lagged_governance,C(sector)[T.수산물 가공 및 저장 처리업],-0.0920819474056001,0.09652691651359932,-0.9539509882989686,0.340108452040477,2536.0,,-0.0921,(0.0965)
LAG2_material_lagged_governance,C(sector)[T.스포츠 서비스업],0.12298826811747764,0.08070099336909096,1.5239994327577011,0.12750885289110694,2536.0,,0.1230,(0.0807)
LAG2_material_lagged_governance,"C(sector)[T.시멘트, 석회, 플라스터 및 그 제품 제조업]",-0.13336746906895927,0.0906032908898121,-1.4719936523183816,0.1410225917149259,2536.0,,-0.1334,(0.0906)
LAG2_material_lagged_governance,C(sector)[T.신발 및 신발 부분품 제조업],-0.1954865744498122,0.08224334276036906,-2.376928853918279,0.01745745493133991,2536.0,**,-0.1955**,(0.0822)
LAG2_material_lagged_governance,C(sector)[T.악기 제조업],0.043569102017798136,0.08033048567409466,0.5423731930933476,0.5875614428159572,2536.0,,0.0436,(0.0803)
LAG2_material_lagged_governance,C(sector)[T.알코올음료 제조업],-0.10828192595195066,0.10381727240412321,-1.043004920515039,0.29694601385536956,2536.0,,-0.1083,(0.1038)
LAG2_material_lagged_governance,C(sector)[T.어로 어업],0.1604508975842611,0.1253963115267349,1.2795503761691782,0.20070331180626855,2536.0,,0.1605,(0.1254)
LAG2_material_lagged_governance,C(sector)[T.여행사 및 기타 여행보조 서비스업],0.004331806096160226,0.08187315625979805,0.052908746823130126,0.9578046152025748,2536.0,,0.0043,(0.0819)
LAG2_material_lagged_governance,C(sector)[T.연료 소매업],-0.23164646844655473,0.09626388521516778,-2.4063694076836977,0.016111963377048497,2536.0,**,-0.2316**,(0.0963)
LAG2_material_lagged_governance,C(sector)[T.연료용 가스 제조 및 배관공급업],0.018396890851807117,0.10457447444302133,0.17592142776515587,0.8603556709599461,2536.0,,0.0184,(0.1046)
LAG2_material_lagged_governance,C(sector)[T.영상 및 음향기기 제조업],0.030535103584429436,0.11449541343401547,0.26669281038080217,0.7897056899788863,2536.0,,0.0305,(0.1145)
LAG2_material_lagged_governance,"C(sector)[T.영화, 비디오물, 방송프로그램 제작 및 배급업]",0.11254903200441807,0.2226675198750752,0.5054577877705841,0.6132373396192348,2536.0,,0.1125,(0.2227)
LAG2_material_lagged_governance,C(sector)[T.오디오물 출판 및 원판 녹음업],0.22579124474788959,0.07974784456203732,2.8313147018317517,0.004635708520204491,2536.0,***,0.2258***,(0.0797)
LAG2_material_lagged_governance,C(sector)[T.운송장비 임대업],-0.0536624219549339,0.15862438831796016,-0.338298684861551,0.7351381146863782,2536.0,,-0.0537,(0.1586)
LAG2_material_lagged_governance,C(sector)[T.유리 및 유리제품 제조업],-0.028559544531170822,0.08107817158000485,-0.35224702252923096,0.7246530149868721,2536.0,,-0.0286,(0.0811)
LAG2_material_lagged_governance,C(sector)[T.유원지 및 기타 오락관련 서비스업],-0.03225440073072133,0.16213216380461953,-0.19893893952831046,0.8423105089139569,2536.0,,-0.0323,(0.1621)
LAG2_material_lagged_governance,C(sector)[T.육상 여객 운송업],0.0914027367420264,0.09972959128387741,0.9165056786591167,0.35940173039757284,2536.0,,0.0914,(0.0997)
LAG2_material_lagged_governance,C(sector)[T.음·식료품 및 담배 도매업],0.0007735765312358884,0.1328838404623409,0.005821449233739741,0.9953551817698336,2536.0,,0.0008,(0.1329)
LAG2_material_lagged_governance,C(sector)[T.음식점업],0.039502729664459155,0.08013825817122391,0.49293222196141784,0.6220604788909707,2536.0,,0.0395,(0.0801)
LAG2_material_lagged_governance,C(sector)[T.의료용 기기 제조업],0.17747856956135227,0.13985615053456682,1.269007969138166,0.20443822179621096,2536.0,,0.1775,(0.1399)
LAG2_material_lagged_governance,C(sector)[T.의료용품 및 기타 의약 관련제품 제조업],0.2333218231131468,0.08522039247137075,2.737863747711908,0.006183969062519867,2536.0,***,0.2333***,(0.0852)
LAG2_material_lagged_governance,C(sector)[T.의약품 제조업],-0.019406485410754667,0.08729083663353028,-0.22231984660919404,0.8240649033089011,2536.0,,-0.0194,(0.0873)
LAG2_material_lagged_governance,C(sector)[T.일반 목적용 기계 제조업],-0.01853530430741648,0.10978426851809321,-0.1688338826465081,0.8659273063822722,2536.0,,-0.0185,(0.1098)
LAG2_material_lagged_governance,C(sector)[T.일반 및 생활 숙박시설 운영업],-0.22023528014750088,0.0805844444100834,-2.732975101581059,0.006276507682200938,2536.0,***,-0.2202***,(0.0806)
LAG2_material_lagged_governance,C(sector)[T.일차전지 및 이차전지 제조업],0.06645373592844249,0.13158090057191685,0.5050408960540709,0.6135301123686031,2536.0,,0.0665,(0.1316)
LAG2_material_lagged_governance,C(sector)[T.자동차 부품 및 내장품 판매업],0.06832986891661014,0.08108344212268818,0.8427105106517249,0.3993903674006022,2536.0,,0.0683,(0.0811)
LAG2_material_lagged_governance,C(sector)[T.자동차 신품 부품 제조업],-0.035566313545836614,0.08490827666492459,-0.4188792299506059,0.6753043971851613,2536.0,,-0.0356,(0.0849)
LAG2_material_lagged_governance,C(sector)[T.자동차 판매업],0.1615722198535431,0.24113290511119215,0.6700546314035336,0.5028229647135342,2536.0,,0.1616,(0.2411)
LAG2_material_lagged_governance,C(sector)[T.자동차용 엔진 및 자동차 제조업],-0.03397876408193889,0.12026136592272024,-0.282540979151805,0.7775287291381244,2536.0,,-0.0340,(0.1203)
LAG2_material_lagged_governance,"C(sector)[T.자료처리, 호스팅, 포털 및 기타 인터넷 정보매개 서비스업]",-0.05269697195187594,0.11334467860506789,-0.4649267402794483,0.6419839204317193,2536.0,,-0.0527,(0.1133)
LAG2_material_lagged_governance,C(sector)[T.자연과학 및 공학 연구개발업],0.10906914560150785,0.253400779707898,0.4304215074919455,0.6668890529701584,2536.0,,0.1091,(0.2534)
LAG2_material_lagged_governance,C(sector)[T.전구 및 조명장치 제조업],0.00905589544539441,0.08805897485192894,0.1028389833134202,0.9180907650625134,2536.0,,0.0091,(0.0881)
LAG2_material_lagged_governance,C(sector)[T.전기 및 통신 공사업],0.19491254618453635,0.11857970218293946,1.6437260559470286,0.10023280128620406,2536.0,,0.1949,(0.1186)
LAG2_material_lagged_governance,C(sector)[T.전기 통신업],-0.06928614949106185,0.09336137722701793,-0.7421286140904428,0.4580094146069149,2536.0,,-0.0693,(0.0934)
LAG2_material_lagged_governance,C(sector)[T.전기업],0.09710649892417393,0.09659905269749713,1.0052531180431539,0.3147749835168997,2536.0,,0.0971,(0.0966)
LAG2_material_lagged_governance,"C(sector)[T.전동기, 발전기 및 전기 변환 · 공급 · 제어 장치 제조업]",0.1868634706953967,0.1265922608088416,1.4761050122769084,0.13991570355330002,2536.0,,0.1869,(0.1266)
LAG2_material_lagged_governance,C(sector)[T.전자부품 제조업],-0.04746527934193619,0.08917759805196424,-0.5322556379493192,0.5945489528263687,2536.0,,-0.0475,(0.0892)
LAG2_material_lagged_governance,C(sector)[T.절연선 및 케이블 제조업],-0.008540634211230178,0.1214045047704793,-0.07034857748793286,0.9439162190047793,2536.0,,-0.0085,(0.1214)
LAG2_material_lagged_governance,C(sector)[T.제재 및 목재 가공업],-0.039411006709386104,0.12808218188040865,-0.3077009317828804,0.7583099106461069,2536.0,,-0.0394,(0.1281)
LAG2_material_lagged_governance,C(sector)[T.종합 소매업],-0.14714560733964407,0.0988395855988688,-1.488731528446717,0.13655807915710388,2536.0,,-0.1471,(0.0988)
LAG2_material_lagged_governance,"C(sector)[T.증기, 냉·온수 및 공기조절 공급업]",0.2088217512037242,0.08493167490907405,2.4587028505829434,0.013943997733840287,2536.0,**,0.2088**,(0.0849)
LAG2_material_lagged_governance,C(sector)[T.직물직조 및 직물제품 제조업],0.02244569649676796,0.13257076234855078,0.16931106149751526,0.8655519757745944,2536.0,,0.0224,(0.1326)
LAG2_material_lagged_governance,C(sector)[T.초등 교육기관],0.057630365461169286,0.17928353395208166,0.3214481787076584,0.7478707773941267,2536.0,,0.0576,(0.1793)
LAG2_material_lagged_governance,"C(sector)[T.측정, 시험, 항해, 제어 및 기타 정밀기기 제조업; 광학기기 제외]",-0.05290463348450386,0.11766056108931873,-0.4496377800233571,0.6529716419931777,2536.0,,-0.0529,(0.1177)
LAG2_material_lagged_governance,C(sector)[T.컴퓨터 및 주변장치 제조업],-0.11195481660472409,0.10146867985292489,-1.1033435811621721,0.26987798748238534,2536.0,,-0.1120,(0.1015)
LAG2_material_lagged_governance,"C(sector)[T.컴퓨터 프로그래밍, 시스템 통합 및 관리업]",0.02744136046021446,0.12356591749883179,0.22207871730061723,0.824252605332453,2536.0,,0.0274,(0.1236)
LAG2_material_lagged_governance,C(sector)[T.텔레비전 방송업],-0.09136855606750993,0.11163274152025016,-0.8184745337543797,0.41308627764851236,2536.0,,-0.0914,(0.1116)
LAG2_material_lagged_governance,C(sector)[T.토목 건설업],0.29290477292346406,0.0983459099484159,2.9783116865469808,0.0028984107452341736,2536.0,***,0.2929***,(0.0983)
LAG2_material_lagged_governance,C(sector)[T.통신 및 방송 장비 제조업],-0.3133446570493906,0.0908920146891801,-3.4474387889950857,0.0005659286297756325,2536.0,***,-0.3133***,(0.0909)
LAG2_material_lagged_governance,C(sector)[T.특수 목적용 기계 제조업],-0.023768612750940124,0.0908419228585976,-0.2616480585504315,0.7935927889480541,2536.0,,-0.0238,(0.0908)
LAG2_material_lagged_governance,"C(sector)[T.펄프, 종이 및 판지 제조업]",-0.16099855572042807,0.08902700814899625,-1.808423747667446,0.0705405746583662,2536.0,*,-0.1610*,(0.0890)
LAG2_material_lagged_governance,C(sector)[T.편조원단 제조업],0.12729059210296592,0.08780057755539139,1.449769416638076,0.1471228307067999,2536.0,,0.1273,(0.0878)
LAG2_material_lagged_governance,C(sector)[T.플라스틱제품 제조업],-0.07892000748026354,0.09042510020595029,-0.8727666024203125,0.3827903068164332,2536.0,,-0.0789,(0.0904)
LAG2_material_lagged_governance,C(sector)[T.합성고무 및 플라스틱 물질 제조업],-0.001279929131299734,0.0800805519799751,-0.015983020841562036,0.9872479373716874,2536.0,,-0.0013,(0.0801)
LAG2_material_lagged_governance,C(sector)[T.항공 여객 운송업],-0.09848144368226106,0.12521353594233853,-0.7865079676977756,0.4315699530385668,2536.0,,-0.0985,(0.1252)
LAG2_material_lagged_governance,"C(sector)[T.항공기,우주선 및 부품 제조업]",0.17426805291096634,0.19804918990871237,0.8799230786618841,0.3789009814020834,2536.0,,0.1743,(0.1980)
LAG2_material_lagged_governance,C(sector)[T.해상 운송업],-0.039961664496585905,0.10962141315284865,-0.36454250449103476,0.7154529400547804,2536.0,,-0.0400,(0.1096)
LAG2_material_lagged_governance,C(sector)[T.화학섬유 제조업],-0.11113224636450707,0.10276492189578626,-1.0814219902507793,0.27950944416816037,2536.0,,-0.1111,(0.1028)
LAG2_material_lagged_governance,LogAssets_w_lag1,0.04446169201710506,0.008779106548771457,5.064489395373268,4.094964309178258e-07,2536.0,***,0.0445***,(0.0088)
LAG2_material_lagged_governance,Leverage_w_lag1,-0.07522829583513582,0.05068985780559567,-1.484089699435522,0.1377851255174808,2536.0,,-0.0752,(0.0507)
LAG2_material_lagged_governance,ROA_w_lag1,-0.3940795223297606,0.16440691321974915,-2.3969765906560574,0.016530979796916163,2536.0,**,-0.3941**,(0.1644)
LAG2_material_lagged_governance,Loss_lag1,0.007040129395825295,0.026827878388700592,0.2624184176558094,0.7929988748504112,2536.0,,0.0070,(0.0268)
LAG2_material_lagged_governance,OutsideDirectorRatio_w_lag1,0.10189851186403023,0.068504582341067,1.4874700112279102,0.136890717949835,2536.0,,0.1019,(0.0685)
LAG2_material_lagged_governance,LargestShareholderOwnership_w_lag1,-0.0025698292349407396,0.0006160865877429976,-4.171214381334255,3.029806487710452e-05,2536.0,***,-0.0026***,(0.0006)
LAG2_material_lagged_governance,LogMinorityShareholderCount_w_lag1,-0.026696029444494097,0.01036345374189831,-2.5759780580256724,0.009995698921065943,2536.0,***,-0.0267***,(0.0104)
