rcept_no,corp_cls,corp_code,corp_name,drctr_co,otcmp_drctr_co,apnt,rlsofc,mdstrm_resig,stlm_dt,fiscal_year,endpoint_label
20210317000664,Y,00131054,유진증권,5,3,1,-,1,2020-12-31,2020,outside_director
20220316000791,Y,00131054,유진증권,5,3,2,-,-,2021-12-31,2021,outside_director
20230315000887,Y,00131054,유진증권,5,3,-,-,-,2022-12-31,2022,outside_director
20240318000590,Y,00131054,유진증권,5,3,1,-,-,2023-12-31,2023,outside_director
20250318000789,Y,00131054,유진증권,5,3,2,-,1,2024-12-31,2024,outside_director
20250318000466,Y,01649204,달바글로벌,5,2,2,-,-,2024-12-31,2024,outside_director
20250320001576,Y,01210677,씨케이솔루션,7,3,3,-,-,2024-12-31,2024,outside_director
20210331001781,Y,00139834,LG씨엔에스,5,0,-,-,-,2020-12-31,2020,outside_director
20220405002309,Y,00139834,LG씨엔에스,5,0,-,-,-,2021-12-31,2021,outside_director
20230331004072,Y,00139834,LG씨엔에스,5,-,-,-,-,2022-12-31,2022,outside_director
20240401003467,Y,00139834,LG씨엔에스,5,0,0,0,0,2023-12-31,2023,outside_director
20250311001270,Y,00139834,LG씨엔에스,7,4,4,-,-,2024-12-31,2024,outside_director
20250319000653,Y,01519790,엠앤씨솔루션,7,3,3,-,2,2024-12-31,2024,outside_director
20250320000574,Y,00968607,더본코리아,7,3,3,-,-,2024-12-31,2024,outside_director
20250317000812,Y,01867758,한화비전,4,3,3,-,-,2024-12-31,2024,outside_director
20250317000567,Y,00372129,전진건설로봇,4,2,1,-,-,2024-12-31,2024,outside_director
20250328001583,Y,00366438,산일전기,5,3,2,-,-,2024-12-31,2024,outside_director
20250319000952,Y,01384787,시프트업,7,3,-,-,-,2024-12-31,2024,outside_director
20210419000082,Y,00171265,파라다이스,4,2,1,0,1,2020-12-31,2020,outside_director
20220317001345,Y,00171265,파라다이스,5,2,2,-,1,2021-12-31,2021,outside_director
20230316001131,Y,00171265,파라다이스,5,2,-,-,-,2022-12-31,2022,outside_director
20240314000746,Y,00171265,파라다이스,4,2,2,-,-,2023-12-31,2023,outside_director
20250415000021,Y,00171265,파라다이스,5,3,1,-,-,2024-12-31,2024,outside_director
20250509000499,Y,01194689,HD현대마린솔루션,7,4,-,-,-,2024-12-31,2024,outside_director
20250317000875,Y,01817081,SK이터닉스,4,1,1,-,-,2024-12-31,2024,outside_director
20210331000895,Y,01190568,에이피알,7,2,3,-,-,2020-12-31,2020,outside_director
20220331002148,Y,01190568,에이피알,6,3,1,-,-,2021-12-31,2021,outside_director
20230329001036,Y,01190568,에이피알,6,3,-,-,-,2022-12-31,2022,outside_director
20240321000964,Y,01190568,에이피알,5,3,2,-,2,2023-12-31,2023,outside_director
20250321001576,Y,01190568,에이피알,5,3,1,-,-,2024-12-31,2024,outside_director
20210309000400,Y,00398701,엘앤에프,2,3,-,-,-,2020-12-31,2020,outside_director
20220315000434,Y,00398701,엘앤에프,3,3,1,-,-,2021-12-31,2021,outside_director
20230828000596,Y,00398701,엘앤에프,3,3,2,-,-,2022-12-31,2022,outside_director
20240328001260,Y,00398701,엘앤에프,8,5,2,-,-,2023-12-31,2023,outside_director
20250311001260,Y,00398701,엘앤에프,8,5,1,-,-,2024-12-31,2024,outside_director
20210305000693,Y,00155212,포스코DX,4,1,1,-,-,2020-12-31,2020,outside_director
20220504000292,Y,00155212,포스코DX,4,1,-,-,-,2021-12-31,2021,outside_director
20230310000806,Y,00155212,포스코DX,4,1,1,1,-,2022-12-31,2022,outside_director
20240618000197,Y,00155212,포스코DX,4,1,-,-,-,2023-12-31,2023,outside_director
20250314001261,Y,00155212,포스코DX,5,2,2,-,-,2024-12-31,2024,outside_director
20240320000618,Y,00108612,DS단석,8,3,3,-,-,2023-12-31,2023,outside_director
20250321001800,Y,00108612,DS단석,7,3,1,-,1,2024-12-31,2024,outside_director
20240321000011,Y,00367710,동인기연,4,1,-,-,-,2023-12-31,2023,outside_director
20250320001366,Y,00367710,동인기연,4,2,2,-,1,2024-12-31,2024,outside_director
20230321001386,Y,01311408,에코프로머티,5,-,4,-,-,2022-12-31,2022,outside_director
20240417000528,Y,01311408,에코프로머티,7,4,1,-,1,2023-12-31,2023,outside_director
20250402002504,Y,01311408,에코프로머티,7,4,-,-,-,2024-12-31,2024,outside_director
20240320001860,Y,01105153,두산로보틱스,7,4,4,-,-,2023-12-31,2023,outside_director
20250321001817,Y,01105153,두산로보틱스,7,3,-,-,1,2024-12-31,2024,outside_director
20240321001878,Y,01784394,STX그린로지스,3,1,-,-,-,2023-12-31,2023,outside_director
20250320001570,Y,01784394,STX그린로지스,5,2,1,-,-,2024-12-31,2024,outside_director
20240321001898,Y,00220613,넥스틸,6,3,3,-,-,2023-12-31,2023,outside_director
20250331002907,Y,00220613,넥스틸,6,3,-,-,-,2024-12-31,2024,outside_director
20210317000949,Y,00158325,NICE평가정보,5,3,3,-,-,2020-12-31,2020,outside_director
20220318000520,Y,00158325,NICE평가정보,8,3,3,-,-,2021-12-31,2021,outside_director
20230317000824,Y,00158325,NICE평가정보,8,3,3,-,-,2022-12-31,2022,outside_director
20240319000797,Y,00158325,NICE평가정보,6,3,3,-,-,2023-12-31,2023,outside_director
20250314001653,Y,00158325,NICE평가정보,8,3,3,-,-,2024-12-31,2024,outside_director
20240315000658,Y,01770203,조선내화,7,3,3,-,1,2023-12-31,2023,outside_director
20250311000815,Y,01770203,조선내화,7,3,3,-,-,2024-12-31,2024,outside_director
20210331002350,Y,00447609,비에이치,3,1,-,-,-,2020-12-31,2020,outside_director
20220317000686,Y,00447609,비에이치,3,1,-,-,-,2021-12-31,2021,outside_director
20230323000767,Y,00447609,비에이치,3,1,-,-,-,2022-12-31,2022,outside_director
20240321001824,Y,00447609,비에이치,5,3,2,-,-,2023-12-31,2023,outside_director
20250326000026,Y,00447609,비에이치,5,3,1,-,-,2024-12-31,2024,outside_director
20240313000637,Y,01765256,동국씨엠,5,3,3,-,-,2023-12-31,2023,outside_director
20250317000943,Y,01765256,동국씨엠,5,3,-,-,-,2024-12-31,2024,outside_director
20240312000543,Y,01765265,동국제강,5,3,3,-,-,2023-12-31,2023,outside_director
20250317000722,Y,01765265,동국제강,5,3,-,-,-,2024-12-31,2024,outside_director
20240411004116,Y,01762569,이수스페셜티케미컬,4,1,1,-,-,2023-12-31,2023,outside_director
20250320001543,Y,01762569,이수스페셜티케미컬,4,1,-,-,-,2024-12-31,2024,outside_director
20240314000710,Y,01760738,OCI,5,3,3,-,-,2023-12-31,2023,outside_director
20250314001304,Y,01760738,OCI,5,3,-,-,-,2024-12-31,2024,outside_director
20210318000211,Y,00480367,SK오션플랜트,4,1,1,-,1,2020-12-31,2020,outside_director
20220323001382,Y,00480367,SK오션플랜트,4,1,-,-,-,2021-12-31,2021,outside_director
20230831000707,Y,00480367,SK오션플랜트,5,2,1,-,-,2022-12-31,2022,outside_director
20240320000346,Y,00480367,SK오션플랜트,6,2,-,-,-,2023-12-31,2023,outside_director
20250814001175,Y,00480367,SK오션플랜트,4,1,-,-,-,2024-12-31,2024,outside_director
20240318000716,Y,01721809,현대그린푸드,7,3,3,-,-,2023-12-31,2023,outside_director
20250314000805,Y,01721809,현대그린푸드,7,3,-,-,-,2024-12-31,2024,outside_director
20240318000820,Y,01722437,한화갤러리아,5,3,3,-,-,2023-12-31,2023,outside_director
20250317000838,Y,01722437,한화갤러리아,5,3,-,-,-,2024-12-31,2024,outside_director
20210331003006,Y,00622787,바이오노트,6,3,7,-,5,2020-12-31,2020,outside_director
20220331002923,Y,00622787,바이오노트,7,3,-,-,-,2021-12-31,2021,outside_director
20230321001282,Y,00622787,바이오노트,6,3,-,-,-,2022-12-31,2022,outside_director
20240322000144,Y,00622787,바이오노트,7,3,-,-,-,2023-12-31,2023,outside_director
20250318001275,Y,00622787,바이오노트,7,3,-,-,-,2024-12-31,2024,outside_director
20230322000303,Y,01702017,유니드비티플러스,4,1,1,-,-,2022-12-31,2022,outside_director
20240320000313,Y,01702017,유니드비티플러스,3,1,-,-,-,2023-12-31,2023,outside_director
20250319000185,Y,01702017,유니드비티플러스,3,1,-,-,-,2024-12-31,2024,outside_director
20210310001052,Y,00525934,LX세미콘,6,3,-,-,-,2020-12-31,2020,outside_director
20220314000950,Y,00525934,LX세미콘,6,3,-,-,-,2021-12-31,2021,outside_director
20230315001207,Y,00525934,LX세미콘,6,3,-,-,-,2022-12-31,2022,outside_director
20240313001269,Y,00525934,LX세미콘,6,3,1,-,-,2023-12-31,2023,outside_director
20250312001059,Y,00525934,LX세미콘,7,4,2,-,-,2024-12-31,2024,outside_director
20230322000801,Y,01026157,쏘카,10,3,1,-,1,2022-12-31,2022,outside_director
20240320001168,Y,01026157,쏘카,9,3,-,-,-,2023-12-31,2023,outside_director
20250318001072,Y,01026157,쏘카,8,3,2,-,1,2024-12-31,2024,outside_director
20230323001537,Y,00193328,수산인더스트리,5,3,1,-,1,2022-12-31,2022,outside_director
20240320000834,Y,00193328,수산인더스트리,6,3,-,-,-,2023-12-31,2023,outside_director
20250814003023,Y,00193328,수산인더스트리,5,2,2,-,-,2024-12-31,2024,outside_director
20210317000676,Y,01515323,LG에너지솔루션,4,-,-,-,-,2020-12-31,2020,outside_director
20220315001026,Y,01515323,LG에너지솔루션,7,4,4,-,-,2021-12-31,2021,outside_director
20230315001342,Y,01515323,LG에너지솔루션,6,3,-,-,1,2022-12-31,2022,outside_director
20240314001110,Y,01515323,LG에너지솔루션,7,4,1,-,-,2023-12-31,2023,outside_director
20250312000405,Y,01515323,LG에너지솔루션,7,4,3,-,-,2024-12-31,2024,outside_director
20220321001421,Y,01323032,케이카,6,3,8,-,5,2021-12-31,2021,outside_director
20230407002574,Y,01323032,케이카,6,3,3,-,1,2022-12-31,2022,outside_director
20240424000584,Y,01323032,케이카,6,3,3,-,-,2023-12-31,2023,outside_director
20250318000964,Y,01323032,케이카,6,3,3,-,1,2024-12-31,2024,outside_director
20210401001108,Y,01390344,HD현대중공업,7,4,1,-,-,2020-12-31,2020,outside_director
20220314000704,Y,01390344,HD현대중공업,7,4,-,-,-,2021-12-31,2021,outside_director
20230320000790,Y,01390344,HD현대중공업,5,3,2,-,3,2022-12-31,2022,outside_director
20240318000459,Y,01390344,HD현대중공업,5,3,1,-,-,2023-12-31,2023,outside_director
20250318000897,Y,01390344,HD현대중공업,5,3,1,-,-,2024-12-31,2024,outside_director
20220317000848,Y,00972503,일진하이솔루스,2,1,1,-,-,2021-12-31,2021,outside_director
20230315001068,Y,00972503,일진하이솔루스,3,1,1,-,-,2022-12-31,2022,outside_director
20240313001276,Y,00972503,일진하이솔루스,4,1,1,-,-,2023-12-31,2023,outside_director
20250312000525,Y,00972503,일진하이솔루스,4,1,1,-,-,2024-12-31,2024,outside_director
20220316000673,Y,00486705,아주스틸,5,2,1,-,1,2021-12-31,2021,outside_director
20230320001066,Y,00486705,아주스틸,5,2,-,-,-,2022-12-31,2022,outside_director
20250321001731,Y,00486705,아주스틸,5,2,1,-,1,2023-12-31,2023,outside_director
20250328001653,Y,00486705,아주스틸,5,2,1,-,1,2024-12-31,2024,outside_director
20210707000505,Y,00545716,롯데렌탈,7,2,1,-,-,2020-12-31,2020,outside_director
20220812000791,Y,00545716,롯데렌탈,6,4,3,-,-,2021-12-31,2021,outside_director
20230424000485,Y,00545716,롯데렌탈,6,4,1,-,-,2022-12-31,2022,outside_director
20240315000897,Y,00545716,롯데렌탈,7,4,3,-,-,2023-12-31,2023,outside_director
20250314001522,Y,00545716,롯데렌탈,6,3,1,-,1,2024-12-31,2024,outside_director
20260317000759,Y,00534598,한컴라이프케어,7,2,-,-,-,2021-12-31,2021,outside_director
20230315000557,Y,00534598,한컴라이프케어,7,2,1,-,1,2022-12-31,2022,outside_director
20240313000991,Y,00534598,한컴라이프케어,9,3,1,-,-,2023-12-31,2023,outside_director
20250814000446,Y,00534598,한컴라이프케어,9,3,-,-,-,2024-12-31,2024,outside_director
20210331003279,Y,00760971,크래프톤,5,-,4,-,-,2020-12-31,2020,outside_director
20220314000894,Y,00760971,크래프톤,6,4,4,-,1,2021-12-31,2021,outside_director
20230320000728,Y,00760971,크래프톤,5,3,-,-,1,2022-12-31,2022,outside_director
20240318000420,Y,00760971,크래프톤,7,5,-,-,-,2023-12-31,2023,outside_director
20250318001121,Y,00760971,크래프톤,7,5,3,-,-,2024-12-31,2024,outside_director
20210311000048,Y,00767460,PI첨단소재,7,3,3,-,3,2020-12-31,2020,outside_director
20220316000360,Y,00767460,PI첨단소재,7,3,-,-,-,2021-12-31,2021,outside_director
20230315000084,Y,00767460,PI첨단소재,7,3,-,-,-,2022-12-31,2022,outside_director
20240312000215,Y,00767460,PI첨단소재,7,3,3,-,-,2023-12-31,2023,outside_director
20250313000132,Y,00767460,PI첨단소재,7,3,-,-,-,2024-12-31,2024,outside_director
20210514001634,Y,00854997,에스디바이오센서,7,3,3,-,-,2020-12-31,2020,outside_director
20250822000031,Y,00854997,에스디바이오센서,7,3,-,-,-,2021-12-31,2021,outside_director
20250822000225,Y,00854997,에스디바이오센서,7,4,1,-,-,2022-12-31,2022,outside_director
20250822000247,Y,00854997,에스디바이오센서,7,4,3,-,-,2023-12-31,2023,outside_director
20250822000274,Y,00854997,에스디바이오센서,7,4,-,-,-,2024-12-31,2024,outside_director
20210315000830,Y,00564562,엠씨넥스,3,1,-,-,-,2020-12-31,2020,outside_director
20220315000841,Y,00564562,엠씨넥스,6,3,2,-,-,2021-12-31,2021,outside_director
20230314000700,Y,00564562,엠씨넥스,5,3,1,-,-,2022-12-31,2022,outside_director
20240318000671,Y,00564562,엠씨넥스,5,3,-,-,-,2023-12-31,2023,outside_director
20250318001032,Y,00564562,엠씨넥스,5,3,-,-,-,2024-12-31,2024,outside_director
20220317001143,Y,01568413,F&F,5,2,-,-,-,2021-12-31,2021,outside_director
20230831001367,Y,01568413,F&F,5,2,1,-,1,2022-12-31,2022,outside_director
20240320001667,Y,01568413,F&F,5,2,-,-,-,2023-12-31,2023,outside_director
20250318001144,Y,01568413,F&F,7,3,2,-,1,2024-12-31,2024,outside_director
20220318000473,Y,01386916,SK아이이테크놀로지,5,3,-,-,-,2021-12-31,2021,outside_director
20230814002466,Y,01386916,SK아이이테크놀로지,6,4,1,-,-,2022-12-31,2022,outside_director
20240318000831,Y,01386916,SK아이이테크놀로지,6,4,3,-,-,2023-12-31,2023,outside_director
20250317000867,Y,01386916,SK아이이테크놀로지,6,4,-,-,-,2024-12-31,2024,outside_director
20210323000842,Y,01319899,SK바이오사이언스,5,3,3,-,-,2020-12-31,2020,outside_director
20220316001334,Y,01319899,SK바이오사이언스,6,4,1,-,-,2021-12-31,2021,outside_director
20230317000869,Y,01319899,SK바이오사이언스,7,4,-,-,-,2022-12-31,2022,outside_director
20240315000914,Y,01319899,SK바이오사이언스,6,3,3,-,1,2023-12-31,2023,outside_director
20250317000856,Y,01319899,SK바이오사이언스,7,4,2,-,-,2024-12-31,2024,outside_director
20220321000964,Y,01532603,화승알앤에이,7,2,2,-,-,2021-12-31,2021,outside_director
20230321000920,Y,01532603,화승알앤에이,9,3,1,-,-,2022-12-31,2022,outside_director
20240320000953,Y,01532603,화승알앤에이,9,3,-,-,-,2023-12-31,2023,outside_director
20250321001314,Y,01532603,화승알앤에이,7,3,2,-,-,2024-12-31,2024,outside_director
20210916000175,Y,01510489,프레스티지바이오파마,8,5,-,-,-,2021-06-30,2021,outside_director
20220920000416,Y,01510489,프레스티지바이오파마,8,5,1,-,-,2022-06-30,2022,outside_director
20231129001041,Y,01510489,프레스티지바이오파마,8,5,4,-,-,2023-06-30,2023,outside_director
20240919000201,Y,01510489,프레스티지바이오파마,8,5,2,-,-,2024-06-30,2024,outside_director
20210421000598,Y,01159233,솔루엠,5,2,-,-,-,2020-12-31,2020,outside_director
20220321000896,Y,01159233,솔루엠,4,2,-,-,-,2021-12-31,2021,outside_director
20230320000954,Y,01159233,솔루엠,4,2,-,-,-,2022-12-31,2022,outside_director
20240319000321,Y,01159233,솔루엠,5,2,-,-,-,2023-12-31,2023,outside_director
20250813001277,Y,01159233,솔루엠,5,2,-,-,-,2024-12-31,2024,outside_director
20220316001326,Y,01524093,DL이앤씨,5,3,-,-,-,2021-12-31,2021,outside_director
20230315001420,Y,01524093,DL이앤씨,6,4,1,-,-,2022-12-31,2022,outside_director
20240328001465,Y,01524093,DL이앤씨,5,3,1,-,1,2023-12-31,2023,outside_director
20250814001988,Y,01524093,DL이앤씨,6,4,3,-,-,2024-12-31,2024,outside_director
20210319001395,Y,00173078,명신산업,4,2,-,-,-,2020-12-31,2020,outside_director
20220321001206,Y,00173078,명신산업,5,2,1,-,1,2021-12-31,2021,outside_director
20230321000892,Y,00173078,명신산업,6,2,-,-,-,2022-12-31,2022,outside_director
20240328000483,Y,00173078,명신산업,4,1,1,-,3,2023-12-31,2023,outside_director
20250318000402,Y,00173078,명신산업,4,1,-,-,-,2024-12-31,2024,outside_director
20210319000312,Y,00453284,교촌에프앤비,6,2,-,-,-,2020-12-31,2020,outside_director
20220322000301,Y,00453284,교촌에프앤비,5,2,-,-,-,2021-12-31,2021,outside_director
20230322001068,Y,00453284,교촌에프앤비,6,2,2,-,-,2022-12-31,2022,outside_director
20240320001336,Y,00453284,교촌에프앤비,6,2,-,-,-,2023-12-31,2023,outside_director
20250324000180,Y,00453284,교촌에프앤비,7,3,3,-,-,2024-12-31,2024,outside_director
20210322000890,Y,01204056,하이브,9,4,7,-,8,2020-12-31,2020,outside_director
20220322000653,Y,01204056,하이브,7,3,1,-,2,2021-12-31,2021,outside_director
20230403004275,Y,01204056,하이브,9,5,2,-,-,2022-12-31,2022,outside_director
20240322001002,Y,01204056,하이브,9,5,-,-,-,2023-12-31,2023,outside_director
20250321001187,Y,01204056,하이브,9,5,-,-,-,2024-12-31,2024,outside_director
20210316000773,Y,00878696,에스케이바이오팜,5,3,-,-,-,2020-12-31,2020,outside_director
20220316000396,Y,00878696,에스케이바이오팜,5,3,-,-,-,2021-12-31,2021,outside_director
20230320000326,Y,00878696,에스케이바이오팜,5,3,-,-,-,2022-12-31,2022,outside_director
20240318000296,Y,00878696,에스케이바이오팜,5,3,1,-,1,2023-12-31,2023,outside_director
20250318001091,Y,00878696,에스케이바이오팜,7,4,1,-,-,2024-12-31,2024,outside_director
20210317001256,Y,01478712,대덕전자,3,1,1,-,-,2020-12-31,2020,outside_director
20220316001352,Y,01478712,대덕전자,3,1,-,-,-,2021-12-31,2021,outside_director
20230314001258,Y,01478712,대덕전자,3,1,-,-,-,2022-12-31,2022,outside_director
20240320001649,Y,01478712,대덕전자,2,1,1,-,-,2023-12-31,2023,outside_director
20250319000892,Y,01478712,대덕전자,3,1,-,-,-,2024-12-31,2024,outside_director
20210318000956,Y,01428203,케이씨씨글라스,5,3,-,-,-,2020-12-31,2020,outside_director
20220713000282,Y,01428203,케이씨씨글라스,5,3,-,-,-,2021-12-31,2021,outside_director
20230316001277,Y,01428203,케이씨씨글라스,5,3,-,-,-,2022-12-31,2022,outside_director
20240328001643,Y,01428203,케이씨씨글라스,4,3,1,-,1,2023-12-31,2023,outside_director
20250320001046,Y,01428203,케이씨씨글라스,5,3,2,-,-,2024-12-31,2024,outside_director
20210319000378,Y,00450010,씨티알모빌리티,7,3,-,-,-,2020-12-31,2020,outside_director
20220412002470,Y,00450010,씨티알모빌리티,7,3,2,-,-,2021-12-31,2021,outside_director
20230710000268,Y,00450010,씨티알모빌리티,7,3,1,-,-,2022-12-31,2022,outside_director
20240319000210,Y,00450010,씨티알모빌리티,7,3,-,-,-,2023-12-31,2023,outside_director
20250319000632,Y,00450010,씨티알모빌리티,6,2,1,-,-,2024-12-31,2024,outside_director
20210315000540,Y,01199550,HD현대에너지솔루션,5,3,-,-,-,2020-12-31,2020,outside_director
20220318001065,Y,01199550,HD현대에너지솔루션,5,3,-,-,-,2021-12-31,2021,outside_director
20230317000301,Y,01199550,HD현대에너지솔루션,5,3,3,-,3,2022-12-31,2022,outside_director
20240318000436,Y,01199550,HD현대에너지솔루션,5,3,-,-,-,2023-12-31,2023,outside_director
20250317000724,Y,01199550,HD현대에너지솔루션,5,3,1,-,-,2024-12-31,2024,outside_director
20210511000265,Y,00339391,한화시스템,7,4,-,-,-,2020-12-31,2020,outside_director
20220516000217,Y,00339391,한화시스템,7,4,4,-,-,2021-12-31,2021,outside_director
20230411001656,Y,00339391,한화시스템,8,5,1,-,-,2022-12-31,2022,outside_director
20240516000399,Y,00339391,한화시스템,5,3,2,-,-,2023-12-31,2023,outside_director
20250314001773,Y,00339391,한화시스템,5,3,1,-,-,2024-12-31,2024,outside_director
20210317000332,Y,00150633,지누스,6,3,-,-,-,2020-12-31,2020,outside_director
20260206000227,Y,00150633,지누스,7,3,-,-,-,2021-12-31,2021,outside_director
20260206000232,Y,00150633,지누스,10,3,3,0,3,2022-12-31,2022,outside_director
20260206000242,Y,00150633,지누스,10,3,-,-,-,2023-12-31,2023,outside_director
20260206000326,Y,00150633,지누스,6,3,-,-,4,2024-12-31,2024,outside_director
20210319001290,Y,01412725,두산퓨얼셀,5,3,-,-,-,2020-12-31,2020,outside_director
20220321001227,Y,01412725,두산퓨얼셀,6,4,1,-,-,2021-12-31,2021,outside_director
20230321001259,Y,01412725,두산퓨얼셀,5,3,2,-,-,2022-12-31,2022,outside_director
20240318000856,Y,01412725,두산퓨얼셀,5,3,-,-,-,2023-12-31,2023,outside_director
20250318001214,Y,01412725,두산퓨얼셀,6,4,2,-,-,2024-12-31,2024,outside_director
20210318001410,Y,01412822,솔루스첨단소재,4,3,1,-,1,2020-12-31,2020,outside_director
20220812000796,Y,01412822,솔루스첨단소재,5,3,-,-,1,2021-12-31,2021,outside_director
20230322001089,Y,01412822,솔루스첨단소재,5,3,2,-,2,2022-12-31,2022,outside_director
20240320001614,Y,01412822,솔루스첨단소재,5,3,1,-,1,2023-12-31,2023,outside_director
20251121000498,Y,01412822,솔루스첨단소재,4,3,-,-,-,2024-12-31,2024,outside_director
20210317000814,Y,00203315,콘텐트리중앙,3,1,-,-,-,2020-12-31,2020,outside_director
20220323001342,Y,00203315,콘텐트리중앙,3,1,1,-,-,2021-12-31,2021,outside_director
20230321001329,Y,00203315,콘텐트리중앙,4,1,-,-,-,2022-12-31,2022,outside_director
20240320001970,Y,00203315,콘텐트리중앙,4,1,-,-,-,2023-12-31,2023,outside_director
20250320001749,Y,00203315,콘텐트리중앙,4,1,-,-,-,2024-12-31,2024,outside_director
20210512000747,Y,00155276,포스코퓨처엠,5,2,2,-,-,2020-12-31,2020,outside_director
20220311001089,Y,00155276,포스코퓨처엠,6,3,2,-,1,2021-12-31,2021,outside_director
20230317000751,Y,00155276,포스코퓨처엠,9,5,3,-,-,2022-12-31,2022,outside_director
20240326000383,Y,00155276,포스코퓨처엠,9,5,2,-,-,2023-12-31,2023,outside_director
20250314000603,Y,00155276,포스코퓨처엠,8,5,3,-,-,2024-12-31,2024,outside_director
20210318000547,Y,00362441,현대오토에버,7,3,1,-,-,2020-12-31,2020,outside_director
20220317001288,Y,00362441,현대오토에버,7,3,3,-,1,2021-12-31,2021,outside_director
20230317000639,Y,00362441,현대오토에버,7,4,1,-,-,2022-12-31,2022,outside_director
20240329000426,Y,00362441,현대오토에버,7,4,1,-,-,2023-12-31,2023,outside_director
20250317000930,Y,00362441,현대오토에버,5,3,2,-,1,2024-12-31,2024,outside_director
20210318000482,Y,00415646,드림텍,9,3,-,-,-,2020-12-31,2020,outside_director
20220812000858,Y,00415646,드림텍,8,3,-,-,-,2021-12-31,2021,outside_director
20230323001080,Y,00415646,드림텍,7,3,3,-,2,2022-12-31,2022,outside_director
20240321001811,Y,00415646,드림텍,7,3,-,-,-,2023-12-31,2023,outside_director
20250328002249,Y,00415646,드림텍,7,3,-,-,-,2024-12-31,2024,outside_director
20210316000867,Y,01010110,더블유게임즈,6,3,-,-,-,2020-12-31,2020,outside_director
20220321000798,Y,01010110,더블유게임즈,6,3,2,-,-,2021-12-31,2021,outside_director
20230320000648,Y,01010110,더블유게임즈,6,3,1,-,-,2022-12-31,2022,outside_director
20240320001599,Y,01010110,더블유게임즈,6,3,-,-,-,2023-12-31,2023,outside_director
20250318001413,Y,01010110,더블유게임즈,6,3,2,-,-,2024-12-31,2024,outside_director
20210323000858,Y,00651901,에어부산,7,2,-,-,1,2020-12-31,2020,outside_director
20220323001066,Y,00651901,에어부산,7,2,2,-,2,2021-12-31,2021,outside_director
20230831001169,Y,00651901,에어부산,7,2,-,-,-,2022-12-31,2022,outside_director
20240321001310,Y,00651901,에어부산,7,2,-,-,-,2023-12-31,2023,outside_director
20250317000731,Y,00651901,에어부산,7,2,2,-,2,2024-12-31,2024,outside_director
20210323000713,Y,00458234,아시아나IDT,5,3,1,-,1,2020-12-31,2020,outside_director
20220323001196,Y,00458234,아시아나IDT,5,3,2,-,2,2021-12-31,2021,outside_director
20230719000433,Y,00458234,아시아나IDT,5,3,-,-,-,2022-12-31,2022,outside_director
20240321001534,Y,00458234,아시아나IDT,5,3,1,-,-,2023-12-31,2023,outside_director
20250813001353,Y,00458234,아시아나IDT,5,3,2,-,-,2024-12-31,2024,outside_director
20210318000260,Y,01325979,세아제강,5,2,-,-,-,2020-12-31,2020,outside_director
20220314001229,Y,01325979,세아제강,5,2,1,0,0,2021-12-31,2021,outside_director
20230314001166,Y,01325979,세아제강,5,2,1,0,0,2022-12-31,2022,outside_director
20240306000569,Y,01325979,세아제강,5,2,0,0,0,2023-12-31,2023,outside_director
20250312000987,Y,01325979,세아제강,7,4,3,-,-,2024-12-31,2024,outside_director
20210319001318,Y,00248974,하나제약,6,2,2,0,0,2020-12-31,2020,outside_director
20220331002435,Y,00248974,하나제약,6,2,1,1,-,2021-12-31,2021,outside_director
20230712000281,Y,00248974,하나제약,6,2,-,-,-,2022-12-31,2022,outside_director
20240315000676,Y,00248974,하나제약,6,2,-,-,-,2023-12-31,2023,outside_director
20250314001348,Y,00248974,하나제약,6,2,-,-,-,2024-12-31,2024,outside_director
20210322000362,Y,00143262,우진아이엔에스,3,1,-,-,-,2020-12-31,2020,outside_director
20220812000678,Y,00143262,우진아이엔에스,4,2,2,-,-,2021-12-31,2021,outside_director
20230322000761,Y,00143262,우진아이엔에스,4,2,-,-,-,2022-12-31,2022,outside_director
20240321001452,Y,00143262,우진아이엔에스,4,2,-,-,-,2023-12-31,2023,outside_director
20250711000031,Y,00143262,우진아이엔에스,4,2,-,-,-,2024-12-31,2024,outside_director
20210317000869,Y,01319808,한일시멘트,4,1,1,-,-,2020-12-31,2020,outside_director
20220318000879,Y,01319808,한일시멘트,4,1,1,-,-,2021-12-31,2021,outside_director
20230317000994,Y,01319808,한일시멘트,6,2,1,-,-,2022-12-31,2022,outside_director
20240320001711,Y,01319808,한일시멘트,6,2,1,-,-,2023-12-31,2023,outside_director
20250317000951,Y,01319808,한일시멘트,7,4,4,-,1,2024-12-31,2024,outside_director
20210601000044,Y,00671376,트리니티항공,7,3,-,-,-,2020-12-31,2020,outside_director
20220323001033,Y,00671376,트리니티항공,9,4,-,-,-,2021-12-31,2021,outside_director
20230323000581,Y,00671376,트리니티항공,9,4,-,-,-,2022-12-31,2022,outside_director
20240321001328,Y,00671376,트리니티항공,9,4,-,-,-,2023-12-31,2023,outside_director
20250321001231,Y,00671376,트리니티항공,7,3,-,-,-,2024-12-31,2024,outside_director
20210311001163,Y,01262032,롯데이노베이트,6,3,3,-,-,2020-12-31,2020,outside_director
20220314001163,Y,01262032,롯데이노베이트,6,3,-,-,-,2021-12-31,2021,outside_director
20230316001574,Y,01262032,롯데이노베이트,7,3,3,-,-,2022-12-31,2022,outside_director
20240313001559,Y,01262032,롯데이노베이트,6,3,-,-,-,2023-12-31,2023,outside_director
20250320001204,Y,01262032,롯데이노베이트,6,3,3,-,-,2024-12-31,2024,outside_director
20210310001080,Y,01316254,HS효성첨단소재,2,3,3,-,-,2020-12-31,2020,outside_director
20220308000820,Y,01316254,HS효성첨단소재,2,3,-,-,-,2021-12-31,2021,outside_director
20230308000691,Y,01316254,HS효성첨단소재,6,3,3,-,-,2022-12-31,2022,outside_director
20240306000635,Y,01316254,HS효성첨단소재,6,3,-,-,-,2023-12-31,2023,outside_director
20250312001093,Y,01316254,HS효성첨단소재,6,3,3,-,-,2024-12-31,2024,outside_director
20210310001217,Y,01316245,효성중공업,5,3,3,-,-,2020-12-31,2020,outside_director
20220727000309,Y,01316245,효성중공업,5,3,-,-,-,2021-12-31,2021,outside_director
20230309000420,Y,01316245,효성중공업,7,4,1,-,-,2022-12-31,2022,outside_director
20240315000877,Y,01316245,효성중공업,8,5,1,-,-,2023-12-31,2023,outside_director
20250814003044,Y,01316245,효성중공업,8,5,4,-,-,2024-12-31,2024,outside_director
20210310001051,Y,01316227,효성티앤씨,6,4,4,-,-,2020-12-31,2020,outside_director
20220308000960,Y,01316227,효성티앤씨,5,3,-,-,1,2021-12-31,2021,outside_director
20230308000741,Y,01316227,효성티앤씨,6,3,3,-,-,2022-12-31,2022,outside_director
20240306000715,Y,01316227,효성티앤씨,6,3,-,-,-,2023-12-31,2023,outside_director
20250312000116,Y,01316227,효성티앤씨,6,3,3,-,-,2024-12-31,2024,outside_director
20210310001197,Y,01316236,효성화학,5,3,3,-,-,2020-12-31,2020,outside_director
20220308000678,Y,01316236,효성화학,5,3,-,-,-,2021-12-31,2021,outside_director
20230308000769,Y,01316236,효성화학,4,2,-,-,1,2022-12-31,2022,outside_director
20240306000534,Y,01316236,효성화학,5,3,1,-,-,2023-12-31,2023,outside_director
20250312001129,Y,01316236,효성화학,5,3,2,-,-,2024-12-31,2024,outside_director
20210316000975,Y,01310269,IPARK현대산업개발,7,4,-,-,-,2020-12-31,2020,outside_director
20220321001372,Y,01310269,IPARK현대산업개발,7,4,2,-,1,2021-12-31,2021,outside_director
20230713000082,Y,01310269,IPARK현대산업개발,7,4,1,-,-,2022-12-31,2022,outside_director
20240401002733,Y,01310269,IPARK현대산업개발,7,4,2,-,-,2023-12-31,2023,outside_director
20250812000514,Y,01310269,IPARK현대산업개발,6,3,2,-,1,2024-12-31,2024,outside_director
20210317001237,Y,00139454,애경산업,8,3,-,-,-,2020-12-31,2020,outside_director
20220317000002,Y,00139454,애경산업,8,3,-,-,-,2021-12-31,2021,outside_director
20230315001190,Y,00139454,애경산업,5,2,-,-,1,2022-12-31,2022,outside_director
20240313000766,Y,00139454,애경산업,7,3,1,-,1,2023-12-31,2023,outside_director
20250314001008,Y,00139454,애경산업,8,3,-,-,-,2024-12-31,2024,outside_director
20220512000852,Y,00413046,셀트리온,9,5,5,-,1,2020-12-31,2020,outside_director
20220512000853,Y,00413046,셀트리온,9,5,-,-,-,2021-12-31,2021,outside_director
20230320000842,Y,00413046,셀트리온,9,5,6,-,1,2022-12-31,2022,outside_director
20240318000913,Y,00413046,셀트리온,12,8,3,-,-,2023-12-31,2023,outside_director
20250317000929,Y,00413046,셀트리온,12,8,8,-,-,2024-12-31,2024,outside_director
20210326000876,Y,01267684,쿠쿠홈시스,5,3,3,-,3,2020-12-31,2020,outside_director
20220330001375,Y,01267684,쿠쿠홈시스,4,3,1,-,1,2021-12-31,2021,outside_director
20230403003576,Y,01267684,쿠쿠홈시스,4,3,-,-,-,2022-12-31,2022,outside_director
20240320001937,Y,01267684,쿠쿠홈시스,4,3,2,-,-,2023-12-31,2023,outside_director
20250331004301,Y,01267684,쿠쿠홈시스,4,3,1,-,-,2024-12-31,2024,outside_director
20210428000711,Y,01267170,SK케미칼,5,3,2,-,-,2020-12-31,2020,outside_director
20220318001113,Y,01267170,SK케미칼,6,4,1,-,-,2021-12-31,2021,outside_director
20230320000964,Y,01267170,SK케미칼,7,4,1,-,-,2022-12-31,2022,outside_director
20240318000792,Y,01267170,SK케미칼,7,4,2,-,-,2023-12-31,2023,outside_director
20250318000565,Y,01267170,SK케미칼,7,4,1,-,-,2024-12-31,2024,outside_director
20210317000292,Y,01263022,BGF리테일,6,4,1,-,1,2020-12-31,2020,outside_director
20220321001041,Y,01263022,BGF리테일,7,4,-,-,-,2021-12-31,2021,outside_director
20230320000886,Y,01263022,BGF리테일,7,5,4,-,-,2022-12-31,2022,outside_director
20240412003349,Y,01263022,BGF리테일,7,5,1,-,-,2023-12-31,2023,outside_director
20250318000733,Y,01263022,BGF리테일,7,5,-,-,-,2024-12-31,2024,outside_director
20210323000271,Y,00117726,DYP,6,3,2,-,2,2020-12-31,2020,outside_director
20220323000753,Y,00117726,DYP,7,3,-,-,-,2021-12-31,2021,outside_director
20230323001067,Y,00117726,DYP,7,3,1,-,-,2022-12-31,2022,outside_director
20240321001296,Y,00117726,DYP,7,3,-,-,-,2023-12-31,2023,outside_director
20250321001077,Y,00117726,DYP,7,3,-,-,-,2024-12-31,2024,outside_director
20210318000640,Y,00653024,진에어,7,4,4,-,3,2020-12-31,2020,outside_director
20220315000693,Y,00653024,진에어,7,4,1,-,1,2021-12-31,2021,outside_director
20230314000645,Y,00653024,진에어,6,3,-,-,1,2022-12-31,2022,outside_director
20240313000931,Y,00653024,진에어,7,4,4,-,-,2023-12-31,2023,outside_director
20250318000022,Y,00653024,진에어,7,4,-,-,-,2024-12-31,2024,outside_director
20210316001143,Y,01261893,케이씨텍,8,2,-,-,-,2020-12-31,2020,outside_director
20220321000733,Y,01261893,케이씨텍,6,2,2,-,-,2021-12-31,2021,outside_director
20230321001167,Y,01261893,케이씨텍,8,2,-,-,-,2022-12-31,2022,outside_director
20240320001528,Y,01261893,케이씨텍,9,3,3,-,-,2023-12-31,2023,outside_director
20250318001445,Y,01261893,케이씨텍,9,3,-,-,-,2024-12-31,2024,outside_director
20210316000471,Y,01060814,삼양패키징,3,1,1,-,1,2020-12-31,2020,outside_director
20220315001102,Y,01060814,삼양패키징,3,1,-,-,-,2021-12-31,2021,outside_director
20230314000865,Y,01060814,삼양패키징,3,1,-,-,-,2022-12-31,2022,outside_director
20240312000858,Y,01060814,삼양패키징,4,1,1,-,1,2023-12-31,2023,outside_director
20250318001393,Y,01060814,삼양패키징,4,1,-,-,-,2024-12-31,2024,outside_director
20210305000809,Y,00256955,테이팩스,5,2,-,-,-,2020-12-31,2020,outside_director
20220816000332,Y,00256955,테이팩스,4,2,-,-,-,2021-12-31,2021,outside_director
20230310000763,Y,00256955,테이팩스,6,3,1,-,-,2022-12-31,2022,outside_director
20240322000460,Y,00256955,테이팩스,6,3,2,-,-,2023-12-31,2023,outside_director
20250310000646,Y,00256955,테이팩스,6,3,1,-,1,2024-12-31,2024,outside_director
20210315000804,Y,01258507,롯데웰푸드,8,5,2,-,-,2020-12-31,2020,outside_director
20220315001046,Y,01258507,롯데웰푸드,8,5,3,-,1,2021-12-31,2021,outside_director
20230315000646,Y,01258507,롯데웰푸드,8,5,4,-,3,2022-12-31,2022,outside_director
20240322000503,Y,01258507,롯데웰푸드,9,5,2,-,-,2023-12-31,2023,outside_director
20250617000244,Y,01258507,롯데웰푸드,9,5,3,-,2,2024-12-31,2024,outside_director
20210315000881,Y,01236897,제일약품,7,3,3,-,-,2020-12-31,2020,outside_director
20220315001104,Y,01236897,제일약품,7,3,-,-,-,2021-12-31,2021,outside_director
20230316001404,Y,01236897,제일약품,7,3,-,-,-,2022-12-31,2022,outside_director
20240312000781,Y,01236897,제일약품,7,3,2,-,-,2023-12-31,2023,outside_director
20250317000697,Y,01236897,제일약품,7,3,-,-,-,2024-12-31,2024,outside_director
20240320000376,Y,00258801,카카오,7,4,4,0,0,2020-12-31,2020,outside_director
20240320000386,Y,00258801,카카오,7,4,4,0,0,2021-12-31,2021,outside_director
20240320000393,Y,00258801,카카오,6,4,4,0,0,2022-12-31,2022,outside_director
20240418000375,Y,00258801,카카오,7,4,4,-,-,2023-12-31,2023,outside_director
20250324000901,Y,00258801,카카오,8,5,2,-,-,2024-12-31,2024,outside_director
20210310001175,Y,01238169,오리온,5,3,1,-,1,2020-12-31,2020,outside_director
20220323000300,Y,01238169,오리온,5,3,1,-,1,2021-12-31,2021,outside_director
20230315001259,Y,01238169,오리온,2,3,-,-,-,2022-12-31,2022,outside_director
20240313000527,Y,01238169,오리온,5,3,1,-,-,2023-12-31,2023,outside_director
20250808000624,Y,01238169,오리온,5,3,1,-,1,2024-12-31,2024,outside_director
20210310000561,Y,01234297,미원에스씨,7,3,2,0,2,2020-12-31,2020,outside_director
20220816000420,Y,01234297,미원에스씨,7,3,0,0,0,2021-12-31,2021,outside_director
20230315001384,Y,01234297,미원에스씨,6,3,3,0,0,2022-12-31,2022,outside_director
20240313001624,Y,01234297,미원에스씨,6,3,3,0,0,2023-12-31,2023,outside_director
20250312000902,Y,01234297,미원에스씨,7,3,0,0,0,2024-12-31,2024,outside_director
20210311001095,Y,01208885,경동도시가스,4,1,1,-,1,2020-12-31,2020,outside_director
20220317000553,Y,01208885,경동도시가스,4,1,-,-,-,2021-12-31,2021,outside_director
20230314001158,Y,01208885,경동도시가스,4,1,-,-,-,2022-12-31,2022,outside_director
20240313001034,Y,01208885,경동도시가스,4,1,-,-,-,2023-12-31,2023,outside_director
20250318000876,Y,01208885,경동도시가스,4,1,-,-,-,2024-12-31,2024,outside_director
20210318001389,Y,00904672,넷마블,5,3,-,-,-,2020-12-31,2020,outside_director
20220321001426,Y,00904672,넷마블,5,3,-,-,-,2021-12-31,2021,outside_director
20230321001358,Y,00904672,넷마블,5,3,3,-,-,2022-12-31,2022,outside_director
20240320001885,Y,00904672,넷마블,9,5,3,-,1,2023-12-31,2023,outside_director
20250321001686,Y,00904672,넷마블,9,5,-,-,-,2024-12-31,2024,outside_director
20210315001069,Y,01205842,HD건설기계,5,3,1,-,-,2020-12-31,2020,outside_director
20220816000025,Y,01205842,HD건설기계,5,3,1,-,1,2021-12-31,2021,outside_director
20230314000697,Y,01205842,HD건설기계,5,3,2,-,2,2022-12-31,2022,outside_director
20240320001838,Y,01205842,HD건설기계,5,3,2,2,-,2023-12-31,2023,outside_director
20250327000348,Y,01205842,HD건설기계,5,3,-,-,-,2024-12-31,2024,outside_director
20210315001064,Y,01205851,HD현대일렉트릭,5,3,-,-,-,2020-12-31,2020,outside_director
20220311001108,Y,01205851,HD현대일렉트릭,5,3,1,-,-,2021-12-31,2021,outside_director
20230314001160,Y,01205851,HD현대일렉트릭,5,3,1,-,-,2022-12-31,2022,outside_director
20240318000722,Y,01205851,HD현대일렉트릭,5,3,1,-,-,2023-12-31,2023,outside_director
20250320001309,Y,01205851,HD현대일렉트릭,5,3,1,-,-,2024-12-31,2024,outside_director
20210318001262,Y,01205329,크라운제과,4,1,-,-,-,2020-12-31,2020,outside_director
20220323000021,Y,01205329,크라운제과,4,1,1,-,-,2021-12-31,2021,outside_director
20230331000007,Y,01205329,크라운제과,4,1,-,-,-,2022-12-31,2022,outside_director
20240321001695,Y,01205329,크라운제과,4,2,1,-,-,2023-12-31,2023,outside_director
20250320000868,Y,01205329,크라운제과,4,2,1,-,1,2024-12-31,2024,outside_director
20210322000716,Y,00526599,덴티움,7,3,-,-,-,2020-12-31,2020,outside_director
20220322000724,Y,00526599,덴티움,8,4,2,-,-,2021-12-31,2021,outside_director
20230322001007,Y,00526599,덴티움,7,4,2,-,-,2022-12-31,2022,outside_director
20240320001258,Y,00526599,덴티움,8,4,2,-,-,2023-12-31,2023,outside_director
20250321000457,Y,00526599,덴티움,8,4,2,-,-,2024-12-31,2024,outside_director
20210331002763,Y,00226316,호전실업,6,3,2,-,-,2020-12-31,2020,outside_director
20220331002749,Y,00226316,호전실업,5,3,-,-,-,2021-12-31,2021,outside_director
20230331003532,Y,00226316,호전실업,5,3,-,-,-,2022-12-31,2022,outside_director
20240329002993,Y,00226316,호전실업,5,3,-,-,-,2023-12-31,2023,outside_director
20250331002554,Y,00226316,호전실업,6,4,1,-,-,2024-12-31,2024,outside_director
20210322000760,Y,00119140,핸즈코퍼레이션,9,3,1,-,1,2020-12-31,2020,outside_director
20220323000898,Y,00119140,핸즈코퍼레이션,9,3,-,-,-,2021-12-31,2021,outside_director
20230322000808,Y,00119140,핸즈코퍼레이션,9,3,2,-,-,2022-12-31,2022,outside_director
20240513000862,Y,00119140,핸즈코퍼레이션,9,3,1,-,-,2023-12-31,2023,outside_director
20250321001881,Y,00119140,핸즈코퍼레이션,9,3,-,-,-,2024-12-31,2024,outside_director
20210316001182,Y,01032486,두산밥캣,5,3,1,-,-,2020-12-31,2020,outside_director
20220812000942,Y,01032486,두산밥캣,5,3,1,-,-,2021-12-31,2021,outside_director
20230317000968,Y,01032486,두산밥캣,5,3,1,-,-,2022-12-31,2022,outside_director
20240329003259,Y,01032486,두산밥캣,6,4,2,-,-,2023-12-31,2023,outside_director
20250318001351,Y,01032486,두산밥캣,6,4,1,-,-,2024-12-31,2024,outside_director
20210311000905,Y,00877059,삼성바이오로직스,7,4,1,0,0,2020-12-31,2020,outside_director
20220321000862,Y,00877059,삼성바이오로직스,7,4,-,-,-,2021-12-31,2021,outside_director
20230309000835,Y,00877059,삼성바이오로직스,7,4,2,2,0,2022-12-31,2022,outside_director
20240307000835,Y,00877059,삼성바이오로직스,7,4,1,-,1,2023-12-31,2023,outside_director
20250814004283,Y,00877059,삼성바이오로직스,7,4,1,-,1,2024-12-31,2024,outside_director
20220228000075,Y,00225706,JW생명과학,6,2,-,-,-,2020-12-31,2020,outside_director
20220328001123,Y,00225706,JW생명과학,5,2,-,-,-,2021-12-31,2021,outside_director
20230321001126,Y,00225706,JW생명과학,5,2,-,-,-,2022-12-31,2022,outside_director
20240318000767,Y,00225706,JW생명과학,5,2,-,-,-,2023-12-31,2023,outside_director
20250318001174,Y,00225706,JW생명과학,5,2,-,-,-,2024-12-31,2024,outside_director
20210319000901,Y,01128613,화승엔터프라이즈,7,3,1,-,1,2020-12-31,2020,outside_director
20220318000356,Y,01128613,화승엔터프라이즈,7,3,-,-,-,2021-12-31,2021,outside_director
20230317000130,Y,01128613,화승엔터프라이즈,7,3,2,-,2,2022-12-31,2022,outside_director
20240315000095,Y,01128613,화승엔터프라이즈,7,3,1,-,-,2023-12-31,2023,outside_director
20250317000315,Y,01128613,화승엔터프라이즈,7,3,1,-,-,2024-12-31,2024,outside_director
20210318001242,Y,01168383,일동제약,5,2,-,-,-,2020-12-31,2020,outside_director
20220317000965,Y,01168383,일동제약,4,1,1,-,1,2021-12-31,2021,outside_director
20230316000902,Y,01168383,일동제약,6,2,1,-,-,2022-12-31,2022,outside_director
20240708000113,Y,01168383,일동제약,6,2,1,-,-,2023-12-31,2023,outside_director
20250318001280,Y,01168383,일동제약,6,2,1,-,-,2024-12-31,2024,outside_director
20210312000607,Y,01167056,샘표식품,3,1,-,-,-,2020-12-31,2020,outside_director
20220311000417,Y,01167056,샘표식품,4,2,1,0,0,2021-12-31,2021,outside_director
20230310000633,Y,01167056,샘표식품,3,1,0,0,0,2022-12-31,2022,outside_director
20240311000515,Y,01167056,샘표식품,3,1,0,0,0,2023-12-31,2023,outside_director
20250314000817,Y,01167056,샘표식품,4,1,0,0,0,2024-12-31,2024,outside_director
20210322000709,Y,00119672,두올,7,2,-,-,-,2020-12-31,2020,outside_director
20220321001298,Y,00119672,두올,7,2,1,-,-,2021-12-31,2021,outside_director
20230713000062,Y,00119672,두올,7,2,-,-,-,2022-12-31,2022,outside_director
20240320001718,Y,00119672,두올,7,2,-,-,-,2023-12-31,2023,outside_director
20250318001138,Y,00119672,두올,7,2,1,-,-,2024-12-31,2024,outside_director
20210318000724,Y,00144395,동서,4,1,1,-,-,2020-12-31,2020,outside_director
20220317000623,Y,00144395,동서,4,1,-,-,-,2021-12-31,2021,outside_director
20230316000463,Y,00144395,동서,4,1,1,-,-,2022-12-31,2022,outside_director
20240314000472,Y,00144395,동서,4,1,-,-,-,2023-12-31,2023,outside_director
20251210000195,Y,00144395,동서,4,1,1,-,-,2024-12-31,2024,outside_director
20210318000717,Y,01032413,해성디에스,7,3,2,-,1,2020-12-31,2020,outside_director
20220321000936,Y,01032413,해성디에스,7,3,-,-,-,2021-12-31,2021,outside_director
20230316000981,Y,01032413,해성디에스,7,3,1,-,-,2022-12-31,2022,outside_director
20240314001380,Y,01032413,해성디에스,7,3,2,-,-,2023-12-31,2023,outside_director
20250314001664,Y,01032413,해성디에스,7,3,-,-,-,2024-12-31,2024,outside_director
20210326001119,Y,00365989,모나용평,6,2,-,-,-,2020-12-31,2020,outside_director
20220317000556,Y,00365989,모나용평,4,1,1,-,-,2021-12-31,2021,outside_director
20230323001234,Y,00365989,모나용평,4,1,-,-,-,2022-12-31,2022,outside_director
20240321000045,Y,00365989,모나용평,4,1,-,-,-,2023-12-31,2023,outside_director
20250321000702,Y,00365989,모나용평,4,1,1,-,-,2024-12-31,2024,outside_director
20210317001104,Y,00428321,해태제과식품,5,2,1,-,1,2020-12-31,2020,outside_director
20220817000003,Y,00428321,해태제과식품,5,2,-,-,-,2021-12-31,2021,outside_director
20230330001815,Y,00428321,해태제과식품,6,2,1,-,-,2022-12-31,2022,outside_director
20240320001640,Y,00428321,해태제과식품,6,2,2,-,1,2023-12-31,2023,outside_director
20250319000894,Y,00428321,해태제과식품,6,2,-,-,-,2024-12-31,2024,outside_director
20210322000931,Y,00109806,삼일씨엔에스,7,4,5,-,4,2020-12-31,2020,outside_director
20220328000445,Y,00109806,삼일씨엔에스,7,3,-,-,-,2021-12-31,2021,outside_director
20230321001368,Y,00109806,삼일씨엔에스,7,3,-,-,-,2022-12-31,2022,outside_director
20240321000414,Y,00109806,삼일씨엔에스,7,3,5,-,5,2023-12-31,2023,outside_director
20250320001188,Y,00109806,삼일씨엔에스,7,3,-,-,-,2024-12-31,2024,outside_director
20210310001046,Y,00332927,제이에스코퍼레이션,7,4,1,-,-,2020-12-31,2020,outside_director
20220715000180,Y,00332927,제이에스코퍼레이션,7,4,2,-,-,2021-12-31,2021,outside_director
20230320000163,Y,00332927,제이에스코퍼레이션,5,3,-,-,-,2022-12-31,2022,outside_director
20240320000808,Y,00332927,제이에스코퍼레이션,5,3,1,-,-,2023-12-31,2023,outside_director
20250317000998,Y,00332927,제이에스코퍼레이션,5,3,2,-,-,2024-12-31,2024,outside_director
20210318000892,Y,00911955,잇츠한불,6,3,-,-,-,2020-12-31,2020,outside_director
20220322000457,Y,00911955,잇츠한불,6,3,3,-,-,2021-12-31,2021,outside_director
20230316001305,Y,00911955,잇츠한불,6,3,-,-,-,2022-12-31,2022,outside_director
20240320001708,Y,00911955,잇츠한불,6,3,-,-,-,2023-12-31,2023,outside_director
20250814002293,Y,00911955,잇츠한불,6,3,3,-,-,2024-12-31,2024,outside_director
20210323000697,Y,00415628,세진중공업,4,1,-,-,-,2020-12-31,2020,outside_director
20221019000356,Y,00415628,세진중공업,4,1,1,-,-,2021-12-31,2021,outside_director
20230322000908,Y,00415628,세진중공업,4,1,-,-,-,2022-12-31,2022,outside_director
20240320001354,Y,00415628,세진중공업,4,1,-,-,-,2023-12-31,2023,outside_director
20250318000960,Y,00415628,세진중공업,3,0,1,-,1,2024-12-31,2024,outside_director
20210331003148,Y,00105606,금호에이치티,4,1,1,-,1,2020-12-31,2020,outside_director
20220516002226,Y,00105606,금호에이치티,4,1,-,-,-,2021-12-31,2021,outside_director
20230331003463,Y,00105606,금호에이치티,4,1,-,-,-,2022-12-31,2022,outside_director
20240329002838,Y,00105606,금호에이치티,4,1,-,-,-,2023-12-31,2023,outside_director
20250317000938,Y,00105606,금호에이치티,4,1,1,-,1,2024-12-31,2024,outside_director
20220331003341,Y,00555874,제주항공,8,3,-,-,-,2020-12-31,2020,outside_director
20220331002829,Y,00555874,제주항공,6,3,-,-,-,2021-12-31,2021,outside_director
20230314001307,Y,00555874,제주항공,7,3,1,-,-,2022-12-31,2022,outside_director
20240320001373,Y,00555874,제주항공,6,3,1,-,1,2023-12-31,2023,outside_director
20250318001006,Y,00555874,제주항공,6,3,-,-,-,2024-12-31,2024,outside_director
20210318001061,Y,01108099,현대코퍼레이션홀딩스,6,3,2,-,-,2020-12-31,2020,outside_director
20220323001338,Y,01108099,현대코퍼레이션홀딩스,6,3,2,-,-,2021-12-31,2021,outside_director
20230322001117,Y,01108099,현대코퍼레이션홀딩스,6,3,1,-,-,2022-12-31,2022,outside_director
20240319000833,Y,01108099,현대코퍼레이션홀딩스,6,3,2,-,-,2023-12-31,2023,outside_director
20250318000745,Y,01108099,현대코퍼레이션홀딩스,6,3,1,-,-,2024-12-31,2024,outside_director
20210427000394,Y,00503668,LIG디펜스앤에어로스페이스,7,4,1,-,1,2020-12-31,2020,outside_director
20220318000255,Y,00503668,LIG디펜스앤에어로스페이스,7,4,2,-,-,2021-12-31,2021,outside_director
20230317000276,Y,00503668,LIG디펜스앤에어로스페이스,7,4,2,-,-,2022-12-31,2022,outside_director
20240320001078,Y,00503668,LIG디펜스앤에어로스페이스,7,4,1,-,-,2023-12-31,2023,outside_director
20250321002001,Y,00503668,LIG디펜스앤에어로스페이스,7,4,1,-,-,2024-12-31,2024,outside_director
20210317000914,Y,00350312,HDC랩스,5,2,-,-,-,2020-12-31,2020,outside_director
20220804000232,Y,00350312,HDC랩스,4,1,1,-,-,2021-12-31,2021,outside_director
20230316001339,Y,00350312,HDC랩스,5,2,2,-,1,2022-12-31,2022,outside_director
20240320001715,Y,00350312,HDC랩스,5,2,-,-,-,2023-12-31,2023,outside_director
20250812000577,Y,00350312,HDC랩스,3,1,-,-,-,2024-12-31,2024,outside_director
20210318000801,Y,00118451,동일제강,6,3,1,-,-,2020-12-31,2020,outside_director
20220323000738,Y,00118451,동일제강,6,3,1,-,-,2021-12-31,2021,outside_director
20230322001127,Y,00118451,동일제강,6,3,1,1,-,2022-12-31,2022,outside_director
20240321001135,Y,00118451,동일제강,7,3,1,1,-,2023-12-31,2023,outside_director
20250424000289,Y,00118451,동일제강,7,3,1,1,-,2024-12-31,2024,outside_director
20210323000506,Y,00365387,AJ네트웍스,6,2,-,-,-,2020-12-31,2020,outside_director
20220805000318,Y,00365387,AJ네트웍스,5,2,2,-,-,2021-12-31,2021,outside_director
20230321001546,Y,00365387,AJ네트웍스,6,2,2,-,-,2022-12-31,2022,outside_director
20240320001795,Y,00365387,AJ네트웍스,6,2,2,-,-,2023-12-31,2023,outside_director
20250325000220,Y,00365387,AJ네트웍스,6,2,2,-,-,2024-12-31,2024,outside_director
20210427000407,Y,00565154,이노션,7,3,2,-,1,2020-12-31,2020,outside_director
20220323001310,Y,00565154,이노션,7,3,1,-,-,2021-12-31,2021,outside_director
20230322001078,Y,00565154,이노션,7,3,-,-,-,2022-12-31,2022,outside_director
20240322000902,Y,00565154,이노션,7,3,2,-,-,2023-12-31,2023,outside_director
20250318001237,Y,00565154,이노션,7,3,2,-,-,2024-12-31,2024,outside_director
20210318000448,Y,00816544,토니모리,5,3,3,-,-,2020-12-31,2020,outside_director
20220323001143,Y,00816544,토니모리,5,3,-,-,-,2021-12-31,2021,outside_director
20230323001247,Y,00816544,토니모리,6,3,-,-,-,2022-12-31,2022,outside_director
20240321001413,Y,00816544,토니모리,6,3,-,-,-,2023-12-31,2023,outside_director
20250320000852,Y,00816544,토니모리,6,3,2,-,1,2024-12-31,2024,outside_director
20210318000256,Y,00101664,경보제약,4,1,-,-,-,2020-12-31,2020,outside_director
20220316000564,Y,00101664,경보제약,4,1,1,-,-,2021-12-31,2021,outside_director
20230313000946,Y,00101664,경보제약,4,1,-,-,-,2022-12-31,2022,outside_director
20240318000672,Y,00101664,경보제약,4,1,-,-,-,2023-12-31,2023,outside_director
20250318001404,Y,00101664,경보제약,4,1,1,-,-,2024-12-31,2024,outside_director
20210813001154,Y,00453488,다이나믹디자인,7,4,-,-,-,2020-12-31,2020,outside_director
20220323001189,Y,00453488,다이나믹디자인,7,4,4,-,4,2021-12-31,2021,outside_director
20230831001245,Y,00453488,다이나믹디자인,7,4,-,-,-,2022-12-31,2022,outside_director
20240320000615,Y,00453488,다이나믹디자인,7,4,1,-,1,2023-12-31,2023,outside_director
20250321001537,Y,00453488,다이나믹디자인,7,4,-,-,-,2024-12-31,2024,outside_director
20210317001248,Y,01060744,한솔제지,7,3,-,-,-,2020-12-31,2020,outside_director
20220315001234,Y,01060744,한솔제지,8,3,2,-,-,2021-12-31,2021,outside_director
20230314001205,Y,01060744,한솔제지,8,3,2,0,1,2022-12-31,2022,outside_director
20240312000971,Y,01060744,한솔제지,9,5,2,-,-,2023-12-31,2023,outside_director
20250314001432,Y,01060744,한솔제지,9,5,2,-,1,2024-12-31,2024,outside_director
20210317000771,Y,01059605,디와이파워,3,1,-,-,-,2020-12-31,2020,outside_director
20220316000560,Y,01059605,디와이파워,4,1,-,-,-,2021-12-31,2021,outside_director
20230315001395,Y,01059605,디와이파워,4,1,-,-,-,2022-12-31,2022,outside_director
20240313001240,Y,01059605,디와이파워,3,1,-,-,-,2023-12-31,2023,outside_director
20250312001039,Y,01059605,디와이파워,4,1,1,-,-,2024-12-31,2024,outside_director
20210311001003,Y,00149655,삼성물산,9,5,3,-,3,2020-12-31,2020,outside_director
20241220000371,Y,00149655,삼성물산,9,5,2,-,1,2021-12-31,2021,outside_director
20230309000761,Y,00149655,삼성물산,9,5,-,-,-,2022-12-31,2022,outside_director
20240329002523,Y,00149655,삼성물산,9,5,-,-,-,2023-12-31,2023,outside_director
20250814002350,Y,00149655,삼성물산,9,5,2,-,1,2024-12-31,2024,outside_director
20210322001106,Y,00670340,씨에스윈드,6,2,-,-,-,2020-12-31,2020,outside_director
20220321001550,Y,00670340,씨에스윈드,7,3,3,0,1,2021-12-31,2021,outside_director
20230831001644,Y,00670340,씨에스윈드,8,4,2,-,2,2022-12-31,2022,outside_director
20240318000727,Y,00670340,씨에스윈드,5,2,-,-,2,2023-12-31,2023,outside_director
20250814002092,Y,00670340,씨에스윈드,7,3,1,-,-,2024-12-31,2024,outside_director
20210309000603,Y,00126186,삼성에스디에스,7,4,4,-,-,2020-12-31,2020,outside_director
20220308000737,Y,00126186,삼성에스디에스,7,4,-,-,-,2021-12-31,2021,outside_director
20230307000606,Y,00126186,삼성에스디에스,7,4,-,-,-,2022-12-31,2022,outside_director
20240329003204,Y,00126186,삼성에스디에스,7,4,2,-,2,2023-12-31,2023,outside_director
20250311001129,Y,00126186,삼성에스디에스,7,4,1,-,1,2024-12-31,2024,outside_director
20211115001673,Y,01042775,HL만도,6,4,4,-,-,2020-12-31,2020,outside_director
20220316001163,Y,01042775,HL만도,7,4,-,-,-,2021-12-31,2021,outside_director
20230316001329,Y,01042775,HL만도,7,4,1,0,1,2022-12-31,2022,outside_director
20240516001059,Y,01042775,HL만도,7,4,3,-,1,2023-12-31,2023,outside_director
20250326001216,Y,01042775,HL만도,7,4,1,-,1,2024-12-31,2024,outside_director
20210331003172,Y,01036446,서연이화,6,3,1,-,-,2020-12-31,2020,outside_director
20220317001027,Y,01036446,서연이화,6,3,2,-,-,2021-12-31,2021,outside_director
20230321001225,Y,01036446,서연이화,6,3,1,-,-,2022-12-31,2022,outside_director
20240320001647,Y,01036446,서연이화,6,3,-,-,-,2023-12-31,2023,outside_director
20250331003613,Y,01036446,서연이화,6,3,-,-,-,2024-12-31,2024,outside_director
20210416000566,Y,00661847,화인베스틸,6,3,-,-,-,2020-12-31,2020,outside_director
20220321000940,Y,00661847,화인베스틸,6,3,-,-,-,2021-12-31,2021,outside_director
20230321001087,Y,00661847,화인베스틸,6,3,1,-,-,2022-12-31,2022,outside_director
20240320001571,Y,00661847,화인베스틸,6,3,1,-,-,2023-12-31,2023,outside_director
20250321001405,Y,00661847,화인베스틸,7,3,3,-,-,2024-12-31,2024,outside_director
20210318000961,Y,01009789,코스맥스,4,1,1,-,-,2020-12-31,2020,outside_director
20220816001048,Y,01009789,코스맥스,4,1,-,-,-,2021-12-31,2021,outside_director
20230322001169,Y,01009789,코스맥스,4,1,-,-,-,2022-12-31,2022,outside_director
20240320001628,Y,01009789,코스맥스,4,1,-,-,-,2023-12-31,2023,outside_director
20250416000526,Y,01009789,코스맥스,4,1,-,-,-,2024-12-31,2024,outside_director
20210318000944,Y,00992871,종근당,6,2,-,-,-,2020-12-31,2020,outside_director
20220317001126,Y,00992871,종근당,6,2,-,-,-,2021-12-31,2021,outside_director
20230316000376,Y,00992871,종근당,6,2,-,-,-,2022-12-31,2022,outside_director
20240320001136,Y,00992871,종근당,6,2,-,-,-,2023-12-31,2023,outside_director
20250325000403,Y,00992871,종근당,6,2,-,-,-,2024-12-31,2024,outside_director
20210317000992,Y,00136402,신송홀딩스,3,1,1,-,-,2020-12-31,2020,outside_director
20220715000103,Y,00136402,신송홀딩스,3,1,-,-,-,2021-12-31,2021,outside_director
20230321001198,Y,00136402,신송홀딩스,3,1,-,-,-,2022-12-31,2022,outside_director
20240318000824,Y,00136402,신송홀딩스,3,1,-,-,-,2023-12-31,2023,outside_director
20250318001436,Y,00136402,신송홀딩스,3,1,-,-,-,2024-12-31,2024,outside_director
20210311001231,Y,00990165,아세아시멘트,8,2,-,-,-,2020-12-31,2020,outside_director
20220310001164,Y,00990165,아세아시멘트,8,2,2,-,-,2021-12-31,2021,outside_director
20230315001378,Y,00990165,아세아시멘트,8,2,-,-,-,2022-12-31,2022,outside_director
20240313001751,Y,00990165,아세아시멘트,8,2,-,-,-,2023-12-31,2023,outside_director
20250320001240,Y,00990165,아세아시멘트,8,2,-,-,-,2024-12-31,2024,outside_director
20210602000352,Y,00302926,현대로템,7,4,-,-,-,2020-12-31,2020,outside_director
20220315000952,Y,00302926,현대로템,7,4,-,-,-,2021-12-31,2021,outside_director
20230310001083,Y,00302926,현대로템,7,4,3,-,-,2022-12-31,2022,outside_director
20240320000873,Y,00302926,현대로템,7,4,1,-,-,2023-12-31,2023,outside_director
20250321001612,Y,00302926,현대로템,7,4,3,-,-,2024-12-31,2024,outside_director
20210315001011,Y,00983271,NHN,6,3,1,0,0,2020-12-31,2020,outside_director
20220321001453,Y,00983271,NHN,6,3,1,0,0,2021-12-31,2021,outside_director
20230320001095,Y,00983271,NHN,6,3,1,0,0,2022-12-31,2022,outside_director
20240319000767,Y,00983271,NHN,6,3,1,0,0,2023-12-31,2023,outside_director
20250331004208,Y,00983271,NHN,6,3,1,0,0,2024-12-31,2024,outside_director
20210319001229,Y,00110608,DSR,5,3,3,-,-,2020-12-31,2020,outside_director
20220322000343,Y,00110608,DSR,5,3,1,-,1,2021-12-31,2021,outside_director
20230320000736,Y,00110608,DSR,5,3,-,-,-,2022-12-31,2022,outside_director
20240321001104,Y,00110608,DSR,5,3,2,-,-,2023-12-31,2023,outside_director
20250227006937,Y,00110608,DSR,4,2,1,-,1,2024-12-31,2024,outside_director
20210316001146,Y,00956930,동아에스티,7,4,1,-,-,2020-12-31,2020,outside_director
20220321001316,Y,00956930,동아에스티,7,4,2,0,0,2021-12-31,2021,outside_director
20230320001075,Y,00956930,동아에스티,7,4,1,0,0,2022-12-31,2022,outside_director
20240318000781,Y,00956930,동아에스티,7,4,1,0,0,2023-12-31,2023,outside_director
20250321001967,Y,00956930,동아에스티,7,4,2,0,0,2024-12-31,2024,outside_director
20210323000635,Y,00156354,지엠비코리아,6,3,-,-,-,2020-12-31,2020,outside_director
20220323000588,Y,00156354,지엠비코리아,6,6,-,-,-,2021-12-31,2021,outside_director
20230323000704,Y,00156354,지엠비코리아,6,6,-,-,-,2022-12-31,2022,outside_director
20240321000577,Y,00156354,지엠비코리아,6,3,2,-,-,2023-12-31,2023,outside_director
20250321001687,Y,00156354,지엠비코리아,6,3,1,-,-,2024-12-31,2024,outside_director
20210304000345,Y,00222532,LG헬로비전,6,3,-,-,-,2020-12-31,2020,outside_director
20220303000727,Y,00222532,LG헬로비전,6,3,-,-,-,2021-12-31,2021,outside_director
20230321000780,Y,00222532,LG헬로비전,6,3,-,-,-,2022-12-31,2022,outside_director
20240306000614,Y,00222532,LG헬로비전,6,3,-,-,-,2023-12-31,2023,outside_director
20250306000713,Y,00222532,LG헬로비전,6,3,-,-,-,2024-12-31,2024,outside_director
20210315000958,Y,00939687,동일고무벨트,3,2,-,-,-,2020-12-31,2020,outside_director
20220315000862,Y,00939687,동일고무벨트,3,2,1,-,-,2021-12-31,2021,outside_director
20230314000884,Y,00939687,동일고무벨트,5,3,2,-,-,2022-12-31,2022,outside_director
20240312000727,Y,00939687,동일고무벨트,5,3,-,-,-,2023-12-31,2023,outside_director
20250312000762,Y,00939687,동일고무벨트,5,3,1,-,-,2024-12-31,2024,outside_director
20210318001200,Y,00939331,한국콜마,5,2,2,-,-,2020-12-31,2020,outside_director
20220317001031,Y,00939331,한국콜마,6,2,1,-,-,2021-12-31,2021,outside_director
20230322001251,Y,00939331,한국콜마,6,2,-,-,-,2022-12-31,2022,outside_director
20240321001772,Y,00939331,한국콜마,7,3,2,1,-,2023-12-31,2023,outside_director
20250318001173,Y,00939331,한국콜마,7,3,1,-,-,2024-12-31,2024,outside_director
20210330001593,Y,00937324,한국타이어앤테크놀로지,7,4,4,-,-,2020-12-31,2020,outside_director
20220322001106,Y,00937324,한국타이어앤테크놀로지,7,4,4,-,-,2021-12-31,2021,outside_director
20230324001266,Y,00937324,한국타이어앤테크놀로지,7,4,-,-,-,2022-12-31,2022,outside_director
20240325000791,Y,00937324,한국타이어앤테크놀로지,7,4,-,-,-,2023-12-31,2023,outside_director
20250318001355,Y,00937324,한국타이어앤테크놀로지,8,6,6,-,-,2024-12-31,2024,outside_director
20210317001112,Y,00936787,애경케미칼,4,1,-,-,-,2020-12-31,2020,outside_director
20220811000214,Y,00936787,애경케미칼,4,1,-,-,-,2021-12-31,2021,outside_director
20230320001088,Y,00936787,애경케미칼,8,3,3,-,-,2022-12-31,2022,outside_director
20240315000816,Y,00936787,애경케미칼,8,3,3,-,-,2023-12-31,2023,outside_director
20250314001606,Y,00936787,애경케미칼,7,3,-,-,-,2024-12-31,2024,outside_director
20210318001142,Y,00124780,사조씨푸드,6,3,1,1,-,2020-12-31,2020,outside_director
20220318001114,Y,00124780,사조씨푸드,7,3,-,-,-,2021-12-31,2021,outside_director
20230315001385,Y,00124780,사조씨푸드,7,3,2,-,-,2022-12-31,2022,outside_director
20240312000794,Y,00124780,사조씨푸드,6,3,-,-,-,2023-12-31,2023,outside_director
20250311000913,Y,00124780,사조씨푸드,7,3,-,-,-,2024-12-31,2024,outside_director
20210420000253,Y,00362238,휴비스,6,3,2,-,-,2020-12-31,2020,outside_director
20220316000822,Y,00362238,휴비스,6,3,1,-,1,2021-12-31,2021,outside_director
20230321001473,Y,00362238,휴비스,6,3,-,-,-,2022-12-31,2022,outside_director
20240318000268,Y,00362238,휴비스,5,3,2,-,-,2023-12-31,2023,outside_director
20250317000508,Y,00362238,휴비스,6,3,1,-,-,2024-12-31,2024,outside_director
20210701000250,Y,00140177,GS리테일,7,4,3,-,-,2020-12-31,2020,outside_director
20220317001215,Y,00140177,GS리테일,7,4,2,-,2,2021-12-31,2021,outside_director
20230315001215,Y,00140177,GS리테일,7,4,1,-,1,2022-12-31,2022,outside_director
20240401004251,Y,00140177,GS리테일,7,4,1,-,-,2023-12-31,2023,outside_director
20250312000991,Y,00140177,GS리테일,7,4,2,-,-,2024-12-31,2024,outside_director
20210322000987,Y,00151368,인터지스,5,3,-,-,-,2020-12-31,2020,outside_director
20220321001232,Y,00151368,인터지스,5,3,1,-,-,2021-12-31,2021,outside_director
20230320000322,Y,00151368,인터지스,5,3,2,-,-,2022-12-31,2022,outside_director
20240321001182,Y,00151368,인터지스,5,3,1,-,-,2023-12-31,2023,outside_director
20250317000861,Y,00151368,인터지스,5,3,2,-,-,2024-12-31,2024,outside_director
20210317001085,Y,00896285,삼양사,7,3,2,-,-,2020-12-31,2020,outside_director
20220812000103,Y,00896285,삼양사,7,3,-,-,-,2021-12-31,2021,outside_director
20230315001060,Y,00896285,삼양사,9,5,3,-,-,2022-12-31,2022,outside_director
20240325000879,Y,00896285,삼양사,9,5,2,-,1,2023-12-31,2023,outside_director
20250319000739,Y,00896285,삼양사,9,5,-,-,-,2024-12-31,2024,outside_director
20210329000797,Y,00269940,하나투어,12,4,2,-,1,2020-12-31,2020,outside_director
20220317001007,Y,00269940,하나투어,12,4,-,-,-,2021-12-31,2021,outside_director
20230316001406,Y,00269940,하나투어,10,4,2,-,-,2022-12-31,2022,outside_director
20240321001614,Y,00269940,하나투어,11,4,2,-,-,2023-12-31,2023,outside_director
20250320001129,Y,00269940,하나투어,12,4,2,-,-,2024-12-31,2024,outside_director
20210817000623,Y,00400857,에이블씨엔씨,7,3,3,0,1,2020-12-31,2020,outside_director
20220415000633,Y,00400857,에이블씨엔씨,7,3,-,-,-,2021-12-31,2021,outside_director
20230323001542,Y,00400857,에이블씨엔씨,7,3,-,-,-,2022-12-31,2022,outside_director
20240321001776,Y,00400857,에이블씨엔씨,8,3,2,2,-,2023-12-31,2023,outside_director
20250321001828,Y,00400857,에이블씨엔씨,6,2,-,-,1,2024-12-31,2024,outside_director
20210311000011,Y,00191588,삼원강재,6,3,2,-,-,2020-12-31,2020,outside_director
20220310000009,Y,00191588,삼원강재,4,1,-,-,2,2021-12-31,2021,outside_director
20230314000085,Y,00191588,삼원강재,4,2,-,-,1,2022-12-31,2022,outside_director
20240313001112,Y,00191588,삼원강재,4,1,-,-,-,2023-12-31,2023,outside_director
20250314000520,Y,00191588,삼원강재,6,3,2,-,-,2024-12-31,2024,outside_director
20210315001003,Y,00234412,신세계인터내셔날,7,3,-,-,-,2020-12-31,2020,outside_director
20220315001107,Y,00234412,신세계인터내셔날,7,3,3,-,-,2021-12-31,2021,outside_director
20230314001079,Y,00234412,신세계인터내셔날,6,3,1,-,1,2022-12-31,2022,outside_director
20240312000886,Y,00234412,신세계인터내셔날,6,3,3,-,-,2023-12-31,2023,outside_director
20250313000018,Y,00234412,신세계인터내셔날,6,3,-,-,-,2024-12-31,2024,outside_director
20210415000506,Y,00309503,한국항공우주,5,4,-,-,-,2020-12-31,2020,outside_director
20220322000955,Y,00309503,한국항공우주,5,4,-,-,-,2021-12-31,2021,outside_director
20230321001514,Y,00309503,한국항공우주,4,3,4,-,1,2022-12-31,2022,outside_director
20240326000812,Y,00309503,한국항공우주,6,5,2,-,-,2023-12-31,2023,outside_director
20250318001067,Y,00309503,한국항공우주,6,5,-,-,-,2024-12-31,2024,outside_director
20210311000926,Y,00158307,롯데하이마트,7,5,5,-,1,2020-12-31,2020,outside_director
20220314000784,Y,00158307,롯데하이마트,8,5,-,-,-,2021-12-31,2021,outside_director
20230314001273,Y,00158307,롯데하이마트,8,5,5,-,-,2022-12-31,2022,outside_director
20240315000917,Y,00158307,롯데하이마트,8,5,-,-,-,2023-12-31,2023,outside_director
20250312001113,Y,00158307,롯데하이마트,9,5,5,-,-,2024-12-31,2024,outside_director
20210317000840,Y,00357360,한세엠케이,6,3,2,-,-,2020-12-31,2020,outside_director
20220321001199,Y,00357360,한세엠케이,6,3,1,-,-,2021-12-31,2021,outside_director
20230407002948,Y,00357360,한세엠케이,7,3,3,-,1,2022-12-31,2022,outside_director
20240321000107,Y,00357360,한세엠케이,7,3,3,-,1,2023-12-31,2023,outside_director
20250318000981,Y,00357360,한세엠케이,7,3,-,-,-,2024-12-31,2024,outside_director
20210316001234,Y,00872984,이마트,7,4,-,-,-,2020-12-31,2020,outside_director
20220816000177,Y,00872984,이마트,7,4,4,-,1,2021-12-31,2021,outside_director
20230321000409,Y,00872984,이마트,7,4,-,-,-,2022-12-31,2022,outside_director
20240320001504,Y,00872984,이마트,7,4,4,-,-,2023-12-31,2023,outside_director
20250318000688,Y,00872984,이마트,7,4,-,-,-,2024-12-31,2024,outside_director
20210323000841,Y,00349097,케이티스카이라이프,10,5,4,-,2,2020-12-31,2020,outside_director
20220930000032,Y,00349097,케이티스카이라이프,9,5,2,-,-,2021-12-31,2021,outside_director
20230323001208,Y,00349097,케이티스카이라이프,9,5,4,-,-,2022-12-31,2022,outside_director
20240320001841,Y,00349097,케이티스카이라이프,8,5,1,-,-,2023-12-31,2023,outside_director
20250318001057,Y,00349097,케이티스카이라이프,9,5,4,-,-,2024-12-31,2024,outside_director
20210318000947,Y,00159500,한국종합기술,7,3,0,0,0,2020-12-31,2020,outside_director
20220317001068,Y,00159500,한국종합기술,7,3,3,0,1,2021-12-31,2021,outside_director
20230316001234,Y,00159500,한국종합기술,7,3,0,0,0,2022-12-31,2022,outside_director
20240320001071,Y,00159500,한국종합기술,7,3,0,0,0,2023-12-31,2023,outside_director
20250318001001,Y,00159500,한국종합기술,8,3,3,0,0,2024-12-31,2024,outside_director
20210323001108,Y,00113997,롯데에너지머티리얼즈,3,1,-,-,-,2020-12-31,2020,outside_director
20220318001055,Y,00113997,롯데에너지머티리얼즈,4,1,1,-,-,2021-12-31,2021,outside_director
20230323001050,Y,00113997,롯데에너지머티리얼즈,4,1,2,-,1,2022-12-31,2022,outside_director
20240315000794,Y,00113997,롯데에너지머티리얼즈,4,1,1,-,1,2023-12-31,2023,outside_director
20250314001597,Y,00113997,롯데에너지머티리얼즈,4,2,1,-,-,2024-12-31,2024,outside_director
20210316000797,Y,00106623,현대위아,7,4,2,-,-,2020-12-31,2020,outside_director
20220315001247,Y,00106623,현대위아,7,4,-,-,-,2021-12-31,2021,outside_director
20230314000727,Y,00106623,현대위아,8,5,3,-,-,2022-12-31,2022,outside_director
20240329002076,Y,00106623,현대위아,6,4,1,-,-,2023-12-31,2023,outside_director
20250313000158,Y,00106623,현대위아,7,4,-,-,-,2024-12-31,2024,outside_director
20210318000635,Y,00855093,선진,7,3,1,-,-,2020-12-31,2020,outside_director
20220321000850,Y,00855093,선진,7,3,1,-,-,2021-12-31,2021,outside_director
20230323000638,Y,00855093,선진,7,3,1,-,-,2022-12-31,2022,outside_director
20240319000764,Y,00855093,선진,7,3,1,-,-,2023-12-31,2023,outside_director
20250318001380,Y,00855093,선진,7,3,1,-,-,2024-12-31,2024,outside_director
20210305000063,Y,00855163,미원화학,6,3,3,-,-,2020-12-31,2020,outside_director
20220318000262,Y,00855163,미원화학,7,3,-,-,-,2021-12-31,2021,outside_director
20230310000296,Y,00855163,미원화학,7,3,-,-,-,2022-12-31,2022,outside_director
20240311000340,Y,00855163,미원화학,5,3,-,-,-,2023-12-31,2023,outside_director
20250310000394,Y,00855163,미원화학,6,3,-,-,-,2024-12-31,2024,outside_director
20210318001352,Y,00852087,시디즈,5,2,-,1,-,2020-12-31,2020,outside_director
20220317000781,Y,00852087,시디즈,5,2,1,-,-,2021-12-31,2021,outside_director
20230316001196,Y,00852087,시디즈,5,2,-,-,-,2022-12-31,2022,outside_director
20240321001589,Y,00852087,시디즈,2,2,-,-,-,2023-12-31,2023,outside_director
20250814002709,Y,00852087,시디즈,5,2,1,1,-,2024-12-31,2024,outside_director
20210317000571,Y,00361008,한화엔진,10,4,4,-,-,2020-12-31,2020,outside_director
20220316000731,Y,00361008,한화엔진,10,4,1,-,2,2021-12-31,2021,outside_director
20230315001359,Y,00361008,한화엔진,7,3,1,-,2,2022-12-31,2022,outside_director
20240320000730,Y,00361008,한화엔진,7,3,3,-,3,2023-12-31,2023,outside_director
20250813000469,Y,00361008,한화엔진,7,3,3,-,3,2024-12-31,2024,outside_director
20210319001077,Y,00787376,대성에너지,8,3,-,-,-,2020-12-31,2020,outside_director
20220318000681,Y,00787376,대성에너지,8,3,-,-,-,2021-12-31,2021,outside_director
20230321000870,Y,00787376,대성에너지,8,3,-,-,-,2022-12-31,2022,outside_director
20240312000816,Y,00787376,대성에너지,8,3,-,-,-,2023-12-31,2023,outside_director
20250320001296,Y,00787376,대성에너지,10,3,-,-,-,2024-12-31,2024,outside_director
20210317001268,Y,00403632,현대퓨처넷,6,3,-,-,-,2020-12-31,2020,outside_director
20220315001210,Y,00403632,현대퓨처넷,6,3,2,-,2,2021-12-31,2021,outside_director
20230313000866,Y,00403632,현대퓨처넷,6,3,1,-,1,2022-12-31,2022,outside_director
20240313001154,Y,00403632,현대퓨처넷,6,3,2,-,-,2023-12-31,2023,outside_director
20250829001372,Y,00403632,현대퓨처넷,6,3,1,-,-,2024-12-31,2024,outside_director
20210322000910,Y,00372873,KTis,5,3,1,-,-,2020-12-31,2020,outside_director
20220321001238,Y,00372873,KTis,6,2,3,-,1,2021-12-31,2021,outside_director
20230323000613,Y,00372873,KTis,7,3,1,-,-,2022-12-31,2022,outside_director
20240320000449,Y,00372873,KTis,6,3,2,-,-,2023-12-31,2023,outside_director
20250318000822,Y,00372873,KTis,6,3,1,-,-,2024-12-31,2024,outside_director
20210323001114,Y,00194947,한전산업,9,4,2,-,1,2020-12-31,2020,outside_director
20220323001234,Y,00194947,한전산업,9,4,1,-,-,2021-12-31,2021,outside_director
20230323001346,Y,00194947,한전산업,9,4,2,-,1,2022-12-31,2022,outside_director
20240321001344,Y,00194947,한전산업,9,4,2,-,-,2023-12-31,2023,outside_director
20250320001416,Y,00194947,한전산업,9,4,-,-,-,2024-12-31,2024,outside_director
20210426000381,Y,00838500,엘브이엠씨,8,2,1,-,-,2020-12-31,2020,outside_director
20220426000496,Y,00838500,엘브이엠씨,8,2,2,-,-,2021-12-31,2021,outside_director
20230426000644,Y,00838500,엘브이엠씨,7,2,5,-,-,2022-12-31,2022,outside_director
20240426000698,Y,00838500,엘브이엠씨,7,2,1,-,-,2023-12-31,2023,outside_director
20250425000879,Y,00838500,엘브이엠씨,5,2,-,-,-,2024-12-31,2024,outside_director
20210319000773,Y,00195229,미스토홀딩스,6,3,-,-,-,2020-12-31,2020,outside_director
20220812000706,Y,00195229,미스토홀딩스,6,3,2,-,-,2021-12-31,2021,outside_director
20230321000775,Y,00195229,미스토홀딩스,7,3,-,-,-,2022-12-31,2022,outside_director
20240320000962,Y,00195229,미스토홀딩스,7,3,-,-,-,2023-12-31,2023,outside_director
20250321001837,Y,00195229,미스토홀딩스,7,3,2,-,-,2024-12-31,2024,outside_director
20210409000489,Y,00372882,KTcs,7,3,-,-,-,2020-12-31,2020,outside_director
20220321001408,Y,00372882,KTcs,7,3,-,-,-,2021-12-31,2021,outside_director
20230322000776,Y,00372882,KTcs,7,3,-,-,-,2022-12-31,2022,outside_director
20240320000896,Y,00372882,KTcs,7,3,1,-,-,2023-12-31,2023,outside_director
20250320001127,Y,00372882,KTcs,6,3,2,-,-,2024-12-31,2024,outside_director
20210818000207,Y,00412597,현대홈쇼핑,7,4,2,-,1,2020-12-31,2020,outside_director
20220324000867,Y,00412597,현대홈쇼핑,7,4,2,-,-,2021-12-31,2021,outside_director
20230315001376,Y,00412597,현대홈쇼핑,7,4,2,-,-,2022-12-31,2022,outside_director
20240315000790,Y,00412597,현대홈쇼핑,7,4,2,-,-,2023-12-31,2023,outside_director
20250829001728,Y,00412597,현대홈쇼핑,6,3,2,-,1,2024-12-31,2024,outside_director
20210310000190,Y,00114552,도화엔지니어링,7,3,3,-,-,2020-12-31,2020,outside_director
20220310000616,Y,00114552,도화엔지니어링,8,3,3,-,-,2021-12-31,2021,outside_director
20230316001141,Y,00114552,도화엔지니어링,8,3,-,-,-,2022-12-31,2022,outside_director
20240314001211,Y,00114552,도화엔지니어링,10,3,1,-,1,2023-12-31,2023,outside_director
20250813001273,Y,00114552,도화엔지니어링,10,3,-,-,-,2024-12-31,2024,outside_director
20210318000876,Y,00828789,대성산업,10,6,-,-,-,2020-12-31,2020,outside_director
20220317001086,Y,00828789,대성산업,10,6,-,-,-,2021-12-31,2021,outside_director
20230316000896,Y,00828789,대성산업,7,3,3,-,-,2022-12-31,2022,outside_director
20240321001786,Y,00828789,대성산업,9,3,-,-,-,2023-12-31,2023,outside_director
20250320001121,Y,00828789,대성산업,9,3,-,-,-,2024-12-31,2024,outside_director
20210322000664,Y,00360142,아이마켓코리아,8,3,1,-,1,2020-12-31,2020,outside_director
20220322000751,Y,00360142,아이마켓코리아,7,3,-,-,-,2021-12-31,2021,outside_director
20230322000722,Y,00360142,아이마켓코리아,6,3,2,-,-,2022-12-31,2022,outside_director
20240320001539,Y,00360142,아이마켓코리아,6,3,-,-,-,2023-12-31,2023,outside_director
20250320001632,Y,00360142,아이마켓코리아,6,3,-,-,-,2024-12-31,2024,outside_director
20210318001419,Y,00828497,한미약품,8,3,1,0,0,2020-12-31,2020,outside_director
20220316001397,Y,00828497,한미약품,8,3,-,-,-,2021-12-31,2021,outside_director
20230321001525,Y,00828497,한미약품,5,2,2,-,1,2022-12-31,2022,outside_director
20240319000649,Y,00828497,한미약품,7,4,3,-,-,2023-12-31,2023,outside_director
20250318001206,Y,00828497,한미약품,10,5,1,-,1,2024-12-31,2024,outside_director
20210311000698,Y,00173944,우진,7,3,1,-,1,2020-12-31,2020,outside_director
20220310000376,Y,00173944,우진,7,3,-,-,-,2021-12-31,2021,outside_director
20230316000799,Y,00173944,우진,7,2,1,-,-,2022-12-31,2022,outside_director
20240315000580,Y,00173944,우진,6,1,1,-,1,2023-12-31,2023,outside_director
20250313001154,Y,00173944,우진,7,2,2,-,1,2024-12-31,2024,outside_director
20210319001404,Y,00121543,무학,7,3,-,-,-,2020-12-31,2020,outside_director
20220318000779,Y,00121543,무학,7,3,-,-,-,2021-12-31,2021,outside_director
20230320000776,Y,00121543,무학,7,3,2,-,-,2022-12-31,2022,outside_director
20240319000693,Y,00121543,무학,7,3,-,-,-,2023-12-31,2023,outside_director
20250324000610,Y,00121543,무학,7,3,-,-,-,2024-12-31,2024,outside_director
20210318000279,Y,00145598,이연제약,5,3,2,-,-,2020-12-31,2020,outside_director
20220322000922,Y,00145598,이연제약,5,3,1,-,-,2021-12-31,2021,outside_director
20230323001335,Y,00145598,이연제약,5,3,-,-,-,2022-12-31,2022,outside_director
20240321001807,Y,00145598,이연제약,5,3,2,-,-,2023-12-31,2023,outside_director
20250801000808,Y,00145598,이연제약,5,3,1,-,-,2024-12-31,2024,outside_director
20210318001289,Y,00823429,한국화장품,4,1,-,-,-,2020-12-31,2020,outside_director
20220812001253,Y,00823429,한국화장품,4,1,-,-,-,2021-12-31,2021,outside_director
20230316001123,Y,00823429,한국화장품,3,1,1,-,-,2022-12-31,2022,outside_director
20240320001545,Y,00823429,한국화장품,3,1,1,-,-,2023-12-31,2023,outside_director
20250320001323,Y,00823429,한국화장품,3,1,1,-,-,2024-12-31,2024,outside_director
20210318001217,Y,00815369,에스제이엠,3,1,-,-,-,2020-12-31,2020,outside_director
20221223000261,Y,00815369,에스제이엠,3,1,-,-,-,2021-12-31,2021,outside_director
20230322000618,Y,00815369,에스제이엠,3,1,1,-,-,2022-12-31,2022,outside_director
20240321001306,Y,00815369,에스제이엠,3,1,-,-,-,2023-12-31,2023,outside_director
20250320000753,Y,00815369,에스제이엠,3,1,1,-,-,2024-12-31,2024,outside_director
20210316001196,Y,00274933,신세계푸드,6,3,2,-,-,2020-12-31,2020,outside_director
20220321000592,Y,00274933,신세계푸드,6,3,-,-,-,2021-12-31,2021,outside_director
20230320000295,Y,00274933,신세계푸드,6,3,-,-,-,2022-12-31,2022,outside_director
20240318000520,Y,00274933,신세계푸드,6,3,-,-,-,2023-12-31,2023,outside_director
20250317000635,Y,00274933,신세계푸드,6,3,2,-,-,2024-12-31,2024,outside_director
20210318001184,Y,00796994,조선선재,5,3,4,-,1,2020-12-31,2020,outside_director
20220325000373,Y,00796994,조선선재,5,3,-,-,-,2021-12-31,2021,outside_director
20230331002546,Y,00796994,조선선재,5,3,-,-,-,2022-12-31,2022,outside_director
20240321001421,Y,00796994,조선선재,4,3,-,-,1,2023-12-31,2023,outside_director
20250715000164,Y,00796994,조선선재,4,3,-,-,-,2024-12-31,2024,outside_director
20210319000459,Y,00795135,코오롱인더,7,4,2,-,-,2020-12-31,2020,outside_director
20220321001478,Y,00795135,코오롱인더,7,4,1,-,-,2021-12-31,2021,outside_director
20230320001068,Y,00795135,코오롱인더,7,4,2,-,-,2022-12-31,2022,outside_director
20240320001923,Y,00795135,코오롱인더,7,4,1,-,-,2023-12-31,2023,outside_director
20250319000318,Y,00795135,코오롱인더,8,5,2,-,-,2024-12-31,2024,outside_director
20210319000997,Y,00797364,KC코트렐,3,1,-,-,-,2020-12-31,2020,outside_director
20220318000863,Y,00797364,KC코트렐,4,1,-,-,-,2021-12-31,2021,outside_director
20230321001429,Y,00797364,KC코트렐,4,1,-,-,-,2022-12-31,2022,outside_director
20240319000590,Y,00797364,KC코트렐,3,1,-,-,-,2023-12-31,2023,outside_director
20260423000742,Y,00797364,KC코트렐,3,1,-,-,-,2024-12-31,2024,outside_director
20210322001012,Y,00159698,지역난방공사,11,6,3,-,1,2020-12-31,2020,outside_director
20220322000684,Y,00159698,지역난방공사,11,6,6,-,2,2021-12-31,2021,outside_director
20230322000036,Y,00159698,지역난방공사,11,6,-,-,-,2022-12-31,2022,outside_director
20240321001996,Y,00159698,지역난방공사,11,6,1,-,1,2023-12-31,2023,outside_director
20250327000192,Y,00159698,지역난방공사,11,6,2,-,1,2024-12-31,2024,outside_director
20210322000539,Y,00141477,영흥,6,3,-,-,-,2020-12-31,2020,outside_director
20220321000602,Y,00141477,영흥,6,3,-,-,-,2021-12-31,2021,outside_director
20230323001061,Y,00141477,영흥,7,3,-,-,-,2022-12-31,2022,outside_director
20240321000794,Y,00141477,영흥,7,4,4,-,-,2023-12-31,2023,outside_director
20250328001676,Y,00141477,영흥,5,3,4,-,1,2024-12-31,2024,outside_director
20210317001108,Y,00791209,메타케어,3,2,-,-,-,2020-12-31,2020,outside_director
20220816001524,Y,00791209,메타케어,5,2,-,-,-,2021-12-31,2021,outside_director
20230322000954,Y,00791209,메타케어,5,2,-,-,-,2022-12-31,2022,outside_director
20240320001430,Y,00791209,메타케어,4,1,-,1,-,2023-12-31,2023,outside_director
20250320001573,Y,00791209,메타케어,3,0,1,-,2,2024-12-31,2024,outside_director
20210322000901,Y,00159209,한전기술,10,6,3,-,1,2020-12-31,2020,outside_director
20220321000881,Y,00159209,한전기술,10,6,2,-,-,2021-12-31,2021,outside_director
20230321000487,Y,00159209,한전기술,10,6,2,-,-,2022-12-31,2022,outside_director
20240320001238,Y,00159209,한전기술,10,6,3,-,-,2023-12-31,2023,outside_director
20250814001076,Y,00159209,한전기술,10,6,2,-,-,2024-12-31,2024,outside_director
20210317000681,Y,00557508,GKL,11,6,5,-,-,2020-12-31,2020,outside_director
20220321000040,Y,00557508,GKL,11,6,1,-,1,2021-12-31,2021,outside_director
20230713000041,Y,00557508,GKL,11,6,5,-,-,2022-12-31,2022,outside_director
20240320000077,Y,00557508,GKL,11,6,5,-,-,2023-12-31,2023,outside_director
20250328001704,Y,00557508,GKL,12,7,2,-,-,2024-12-31,2024,outside_director
20220224003906,Y,00218575,황금에스티,3,1,-,-,-,2019-12-31,2019,outside_director
20220224004228,Y,00218575,황금에스티,3,1,-,-,-,2020-12-31,2020,outside_director
20220321000623,Y,00218575,황금에스티,4,1,-,-,-,2021-12-31,2021,outside_director
20230320000391,Y,00218575,황금에스티,4,1,-,-,-,2022-12-31,2022,outside_director
20240320000874,Y,00218575,황금에스티,4,1,-,-,-,2023-12-31,2023,outside_director
20250318001129,Y,00218575,황금에스티,4,1,-,-,-,2024-12-31,2024,outside_director
20210324000592,Y,00369833,유니온머티리얼,4,1,-,-,-,2020-12-31,2020,outside_director
20220316001172,Y,00369833,유니온머티리얼,4,1,-,-,-,2021-12-31,2021,outside_director
20230324001267,Y,00369833,유니온머티리얼,4,1,-,-,-,2022-12-31,2022,outside_director
20240320001765,Y,00369833,유니온머티리얼,4,1,1,-,1,2023-12-31,2023,outside_director
20250319000740,Y,00369833,유니온머티리얼,4,1,1,-,1,2024-12-31,2024,outside_director
20200928000301,Y,00441243,형지엘리트,3,1,1,1,-,2020-06-30,2020,outside_director
20211006000667,Y,00441243,형지엘리트,3,1,-,-,-,2021-06-30,2021,outside_director
20220920000352,Y,00441243,형지엘리트,4,1,-,-,-,2022-06-30,2022,outside_director
20230919000174,Y,00441243,형지엘리트,4,1,-,-,-,2023-06-30,2023,outside_director
20240920000129,Y,00441243,형지엘리트,4,1,-,-,-,2024-06-30,2024,outside_director
20210323001006,Y,00776820,영원무역,9,4,1,-,-,2020-12-31,2020,outside_director
20220321001405,Y,00776820,영원무역,10,5,2,-,-,2021-12-31,2021,outside_director
20230321001365,Y,00776820,영원무역,10,5,1,-,-,2022-12-31,2022,outside_director
20240401004267,Y,00776820,영원무역,10,5,1,-,-,2023-12-31,2023,outside_director
20250321001998,Y,00776820,영원무역,7,4,3,-,1,2024-12-31,2024,outside_director
20210326001219,Y,00413523,한미글로벌,9,3,-,-,1,2020-12-31,2020,outside_director
20220816000695,Y,00413523,한미글로벌,10,3,-,-,-,2021-12-31,2021,outside_director
20230316001135,Y,00413523,한미글로벌,8,3,1,0,1,2022-12-31,2022,outside_director
20240313000849,Y,00413523,한미글로벌,10,4,1,0,0,2023-12-31,2023,outside_director
20250814003308,Y,00413523,한미글로벌,10,4,0,0,0,2024-12-31,2024,outside_director
20210317000479,Y,00178754,동아지질,6,2,-,-,-,2020-12-31,2020,outside_director
20220315001251,Y,00178754,동아지질,6,2,1,-,-,2021-12-31,2021,outside_director
20230320001020,Y,00178754,동아지질,6,2,1,-,-,2022-12-31,2022,outside_director
20240320001574,Y,00178754,동아지질,6,2,1,-,-,2023-12-31,2023,outside_director
20250814003141,Y,00178754,동아지질,6,2,1,-,-,2024-12-31,2024,outside_director
20210331002863,Y,00406046,HD현대마린엔진,8,2,-,-,-,2020-12-31,2020,outside_director
20220727000136,Y,00406046,HD현대마린엔진,8,2,-,-,-,2021-12-31,2021,outside_director
20230712000453,Y,00406046,HD현대마린엔진,7,2,-,-,-,2022-12-31,2022,outside_director
20240411003898,Y,00406046,HD현대마린엔진,7,2,-,-,-,2023-12-31,2023,outside_director
20250317000801,Y,00406046,HD현대마린엔진,5,3,3,-,2,2024-12-31,2024,outside_director
20210317000838,Y,00759513,LX하우시스,7,4,-,-,-,2020-12-31,2020,outside_director
20220316001343,Y,00759513,LX하우시스,7,4,3,-,-,2021-12-31,2021,outside_director
20230316001540,Y,00759513,LX하우시스,7,4,1,-,-,2022-12-31,2022,outside_director
20240314001786,Y,00759513,LX하우시스,7,4,-,-,-,2023-12-31,2023,outside_director
20250318001456,Y,00759513,LX하우시스,7,4,3,-,-,2024-12-31,2024,outside_director
20211112000526,Y,00728638,한세실업,8,3,-,-,-,2020-12-31,2020,outside_director
20220324000782,Y,00728638,한세실업,6,2,-,-,1,2021-12-31,2021,outside_director
20230320000937,Y,00728638,한세실업,7,3,2,-,-,2022-12-31,2022,outside_director
20240320000621,Y,00728638,한세실업,6,3,-,-,-,2023-12-31,2023,outside_director
20250318000934,Y,00728638,한세실업,6,3,-,-,-,2024-12-31,2024,outside_director
20210315000950,Y,00753643,주성코퍼레이션,8,3,-,-,-,2020-12-31,2020,outside_director
20220321001098,Y,00753643,주성코퍼레이션,11,3,2,-,2,2021-12-31,2021,outside_director
20230320000670,Y,00753643,주성코퍼레이션,7,3,3,-,3,2022-12-31,2022,outside_director
20240320001116,Y,00753643,주성코퍼레이션,4,1,1,-,3,2023-12-31,2023,outside_director
20250318000167,Y,00753643,주성코퍼레이션,8,5,5,-,1,2024-12-31,2024,outside_director
20210316001214,Y,00266961,NAVER,7,4,-,-,-,2020-12-31,2020,outside_director
20220304000687,Y,00266961,NAVER,6,4,1,-,1,2021-12-31,2021,outside_director
20230314001049,Y,00266961,NAVER,7,4,2,-,-,2022-12-31,2022,outside_director
20240318000844,Y,00266961,NAVER,7,4,-,-,-,2023-12-31,2023,outside_director
20250318000645,Y,00266961,NAVER,7,4,2,-,-,2024-12-31,2024,outside_director
20210318000880,Y,00123781,부국철강,3,1,-,-,-,2020-12-31,2020,outside_director
20220317000378,Y,00123781,부국철강,3,1,-,-,-,2021-12-31,2021,outside_director
20230323000263,Y,00123781,부국철강,3,1,-,-,-,2022-12-31,2022,outside_director
20240321000615,Y,00123781,부국철강,3,1,-,-,-,2023-12-31,2023,outside_director
20250320000887,Y,00123781,부국철강,3,1,-,-,-,2024-12-31,2024,outside_director
20210318001094,Y,00687711,한국철강,7,3,-,-,-,2020-12-31,2020,outside_director
20220412002260,Y,00687711,한국철강,7,3,-,-,-,2021-12-31,2021,outside_director
20230324001254,Y,00687711,한국철강,7,3,1,1,-,2022-12-31,2022,outside_director
20240314001739,Y,00687711,한국철강,7,3,-,-,-,2023-12-31,2023,outside_director
20250320001288,Y,00687711,한국철강,6,3,1,-,1,2024-12-31,2024,outside_director
20210329000663,Y,00683469,일진전기,4,1,0,0,0,2020-12-31,2020,outside_director
20220317001272,Y,00683469,일진전기,4,1,1,0,0,2021-12-31,2021,outside_director
20230315000560,Y,00683469,일진전기,4,1,1,0,0,2022-12-31,2022,outside_director
20240313001767,Y,00683469,일진전기,4,1,1,0,0,2023-12-31,2023,outside_director
20250312000485,Y,00683469,일진전기,4,1,1,-,-,2024-12-31,2024,outside_director
20210318001187,Y,00684714,풍산,7,4,4,-,-,2020-12-31,2020,outside_director
20220317001197,Y,00684714,풍산,7,4,-,-,-,2021-12-31,2021,outside_director
20230316001467,Y,00684714,풍산,7,4,4,-,-,2022-12-31,2022,outside_director
20240314001650,Y,00684714,풍산,7,4,-,-,-,2023-12-31,2023,outside_director
20250313001378,Y,00684714,풍산,7,4,4,-,-,2024-12-31,2024,outside_director
20210310001053,Y,00105961,LG이노텍,7,4,1,-,-,2020-12-31,2020,outside_director
20220222003015,Y,00105961,LG이노텍,7,4,1,-,-,2021-12-31,2021,outside_director
20230222002549,Y,00105961,LG이노텍,7,4,3,-,1,2022-12-31,2022,outside_director
20240228008553,Y,00105961,LG이노텍,7,4,2,-,-,2023-12-31,2023,outside_director
20250318001384,Y,00105961,LG이노텍,7,4,-,-,-,2024-12-31,2024,outside_director
20210419000320,Y,00121039,명문제약,3,1,-,-,-,2020-12-31,2020,outside_director
20220331000338,Y,00121039,명문제약,2,1,-,-,-,2021-12-31,2021,outside_director
20240412002739,Y,00121039,명문제약,2,1,1,-,1,2022-12-31,2022,outside_director
20240412001340,Y,00121039,명문제약,2,1,-,-,-,2023-12-31,2023,outside_director
20250326000618,Y,00121039,명문제약,2,1,-,-,-,2024-12-31,2024,outside_director
20210514000152,Y,00520887,비상교육,4,1,-,-,-,2020-12-31,2020,outside_director
20230323001405,Y,00520887,비상교육,3,1,-,-,-,2022-12-31,2022,outside_director
20240321001759,Y,00520887,비상교육,4,1,1,0,0,2023-12-31,2023,outside_director
20250320001015,Y,00520887,비상교육,4,1,-,-,-,2024-12-31,2024,outside_director
20210316001031,Y,00679314,동성케미컬,6,2,2,-,-,2020-12-31,2020,outside_director
20220527000618,Y,00679314,동성케미컬,6,2,-,-,1,2021-12-31,2021,outside_director
20230330001763,Y,00679314,동성케미컬,5,2,2,-,1,2022-12-31,2022,outside_director
20240321001503,Y,00679314,동성케미컬,5,2,2,-,-,2023-12-31,2023,outside_director
20250515001393,Y,00679314,동성케미컬,5,2,2,-,-,2024-12-31,2024,outside_director
20210304000627,Y,00231363,LG유플러스,7,4,2,-,1,2020-12-31,2020,outside_director
20220303000725,Y,00231363,LG유플러스,6,4,3,-,-,2021-12-31,2021,outside_director
20230302000615,Y,00231363,LG유플러스,7,4,2,-,1,2022-12-31,2022,outside_director
20240313001130,Y,00231363,LG유플러스,7,4,2,-,-,2023-12-31,2023,outside_director
20250317000701,Y,00231363,LG유플러스,7,4,1,-,-,2024-12-31,2024,outside_director
20210323000375,Y,00652423,인바이오젠,4,3,5,-,3,2020-12-31,2020,outside_director
20220321000875,Y,00652423,인바이오젠,6,3,-,-,-,2021-12-31,2021,outside_director
20250110000571,Y,00652423,인바이오젠,4,1,2,-,3,2022-12-31,2022,outside_director
20250110000648,Y,00652423,인바이오젠,5,3,3,-,1,2023-12-31,2023,outside_director
20250321001009,Y,00652423,인바이오젠,4,2,-,-,-,2024-12-31,2024,outside_director
20210331000044,Y,00138792,아시아나항공,5,3,1,1,0,2020-12-31,2020,outside_director
20220322001012,Y,00138792,아시아나항공,5,3,3,3,0,2021-12-31,2021,outside_director
20230829000707,Y,00138792,아시아나항공,5,3,0,0,1,2022-12-31,2022,outside_director
20240325000904,Y,00138792,아시아나항공,5,4,2,0,1,2023-12-31,2023,outside_director
20250318000756,Y,00138792,아시아나항공,6,4,5,0,3,2024-12-31,2024,outside_director
20210218000901,Y,00648721,SNT에너지,3,1,1,-,-,2020-12-31,2020,outside_director
20220218001091,Y,00648721,SNT에너지,4,1,-,-,-,2021-12-31,2021,outside_director
20230220001550,Y,00648721,SNT에너지,4,1,-,-,-,2022-12-31,2022,outside_director
20240221001901,Y,00648721,SNT에너지,4,1,1,-,-,2023-12-31,2023,outside_director
20250220001320,Y,00648721,SNT에너지,4,1,-,-,-,2024-12-31,2024,outside_director
20210311000742,Y,00646732,진양홀딩스,1,1,-,-,-,2020-12-31,2020,outside_director
20220310001006,Y,00646732,진양홀딩스,1,1,-,-,-,2021-12-31,2021,outside_director
20230309000841,Y,00646732,진양홀딩스,1,1,-,-,-,2022-12-31,2022,outside_director
20240307000537,Y,00646732,진양홀딩스,1,1,-,-,-,2023-12-31,2023,outside_director
20250306000676,Y,00646732,진양홀딩스,4,1,-,-,-,2024-12-31,2024,outside_director
20210322000476,Y,00172228,엔케이,4,1,-,-,-,2020-12-31,2020,outside_director
20220712000231,Y,00172228,엔케이,4,1,-,-,-,2021-12-31,2021,outside_director
20230322000525,Y,00172228,엔케이,4,1,-,-,-,2022-12-31,2022,outside_director
20240320000476,Y,00172228,엔케이,4,1,-,-,-,2023-12-31,2023,outside_director
20250319000323,Y,00172228,엔케이,4,1,-,-,-,2024-12-31,2024,outside_director
20210319000432,Y,00159218,한전KPS,9,5,1,0,0,2020-12-31,2020,outside_director
20220321001022,Y,00159218,한전KPS,9,5,5,0,1,2021-12-31,2021,outside_director
20230320000353,Y,00159218,한전KPS,7,3,0,0,2,2022-12-31,2022,outside_director
20240320000788,Y,00159218,한전KPS,9,5,2,0,0,2023-12-31,2023,outside_director
20250514000974,Y,00159218,한전KPS,9,5,3,0,0,2024-12-31,2024,outside_director
20210610000278,Y,00106614,기신정기,4,1,1,-,-,2021-03-31,2021,outside_director
20220609000497,Y,00106614,기신정기,4,1,1,-,-,2022-03-31,2022,outside_director
20230608000512,Y,00106614,기신정기,4,1,-,-,-,2023-03-31,2023,outside_director
20240613000239,Y,00106614,기신정기,4,1,1,-,-,2024-03-31,2024,outside_director
20210318000908,Y,00160232,KSS해운,7,4,1,-,-,2020-12-31,2020,outside_director
20220317000405,Y,00160232,KSS해운,8,5,2,-,-,2021-12-31,2021,outside_director
20230316000684,Y,00160232,KSS해운,7,4,1,-,-,2022-12-31,2022,outside_director
20240319000870,Y,00160232,KSS해운,8,5,2,-,-,2023-12-31,2023,outside_director
20250814001308,Y,00160232,KSS해운,8,5,2,-,-,2024-12-31,2024,outside_director
20210315000907,Y,00414850,효성 ITX,5,2,-,-,-,2020-12-31,2020,outside_director
20220315001007,Y,00414850,효성 ITX,4,2,2,-,-,2021-12-31,2021,outside_director
20230315001063,Y,00414850,효성 ITX,4,2,-,-,-,2022-12-31,2022,outside_director
20240313001563,Y,00414850,효성 ITX,4,2,-,-,-,2023-12-31,2023,outside_director
20250318000878,Y,00414850,효성 ITX,5,2,-,-,-,2024-12-31,2024,outside_director
20210318000829,Y,00158963,유나이티드,8,3,3,-,-,2020-12-31,2020,outside_director
20220314000819,Y,00158963,유나이티드,8,3,-,-,-,2021-12-31,2021,outside_director
20230317000918,Y,00158963,유나이티드,8,3,-,-,-,2022-12-31,2022,outside_director
20240318000623,Y,00158963,유나이티드,8,3,3,-,-,2023-12-31,2023,outside_director
20250728000359,Y,00158963,유나이티드,8,3,-,-,-,2024-12-31,2024,outside_director
20210319001310,Y,00112165,디아이씨,4,2,1,-,-,2020-12-31,2020,outside_director
20220318000617,Y,00112165,디아이씨,4,2,-,-,-,2021-12-31,2021,outside_director
20230317000518,Y,00112165,디아이씨,4,2,-,-,-,2022-12-31,2022,outside_director
20240315000327,Y,00112165,디아이씨,3,2,-,-,-,2023-12-31,2023,outside_director
20250321001173,Y,00112165,디아이씨,3,2,-,-,-,2024-12-31,2024,outside_director
20210318001302,Y,00635134,CJ제일제당,7,4,1,-,-,2020-12-31,2020,outside_director
20220321001115,Y,00635134,CJ제일제당,7,4,-,-,-,2021-12-31,2021,outside_director
20230814001661,Y,00635134,CJ제일제당,7,4,-,-,-,2022-12-31,2022,outside_director
20240319000861,Y,00635134,CJ제일제당,6,3,1,-,1,2023-12-31,2023,outside_director
20250321001604,Y,00635134,CJ제일제당,6,4,1,-,-,2024-12-31,2024,outside_director
20210322000897,Y,00122737,팬오션,7,4,-,-,-,2020-12-31,2020,outside_director
20220321000845,Y,00122737,팬오션,7,4,1,-,-,2021-12-31,2021,outside_director
20230321001130,Y,00122737,팬오션,7,4,3,-,1,2022-12-31,2022,outside_director
20240319000829,Y,00122737,팬오션,7,4,3,0,2,2023-12-31,2023,outside_director
20250318000777,Y,00122737,팬오션,7,4,1,-,-,2024-12-31,2024,outside_director
20210318001041,Y,00633835,HJ중공업,5,3,2,-,-,2020-12-31,2020,outside_director
20220317000382,Y,00633835,HJ중공업,7,4,3,-,2,2021-12-31,2021,outside_director
20230316000797,Y,00633835,HJ중공업,7,4,-,-,-,2022-12-31,2022,outside_director
20240523000216,Y,00633835,HJ중공업,6,4,4,-,-,2023-12-31,2023,outside_director
20250813000454,Y,00633835,HJ중공업,6,4,4,-,-,2024-12-31,2024,outside_director
20210318001255,Y,00631518,SK이노베이션,8,5,-,-,-,2020-12-31,2020,outside_director
20220323000978,Y,00631518,SK이노베이션,7,5,-,-,-,2021-12-31,2021,outside_director
20230322000906,Y,00631518,SK이노베이션,7,5,2,-,-,2022-12-31,2022,outside_director
20240320000950,Y,00631518,SK이노베이션,8,6,2,-,-,2023-12-31,2023,outside_director
20250318000862,Y,00631518,SK이노베이션,8,5,2,0,1,2024-12-31,2024,outside_director
20210318000933,Y,00117027,알루코,6,3,-,-,-,2020-12-31,2020,outside_director
20220318000527,Y,00117027,알루코,5,2,-,-,1,2021-12-31,2021,outside_director
20230320000703,Y,00117027,알루코,7,3,1,-,-,2022-12-31,2022,outside_director
20240320001063,Y,00117027,알루코,6,3,3,-,1,2023-12-31,2023,outside_director
20250318000832,Y,00117027,알루코,6,3,4,-,-,2024-12-31,2024,outside_director
20210318001301,Y,00628189,웅진씽크빅,4,3,1,0,1,2020-12-31,2020,outside_director
20220317001265,Y,00628189,웅진씽크빅,5,3,1,1,0,2021-12-31,2021,outside_director
20230316001571,Y,00628189,웅진씽크빅,5,3,1,0,0,2022-12-31,2022,outside_director
20240321001848,Y,00628189,웅진씽크빅,5,3,1,-,-,2023-12-31,2023,outside_director
20250320001745,Y,00628189,웅진씽크빅,5,3,1,-,-,2024-12-31,2024,outside_director
20210319000951,Y,00442835,메타랩스,7,3,2,-,1,2020-12-31,2020,outside_director
20220322000674,Y,00442835,메타랩스,7,3,1,-,-,2021-12-31,2021,outside_director
20230322000882,Y,00442835,메타랩스,7,3,-,-,-,2022-12-31,2022,outside_director
20240321001733,Y,00442835,메타랩스,5,2,1,-,1,2023-12-31,2023,outside_director
20250320001179,Y,00442835,메타랩스,4,1,-,-,1,2024-12-31,2024,outside_director
20210322000692,Y,00595191,후성,4,1,-,-,-,2020-12-31,2020,outside_director
20220321001474,Y,00595191,후성,4,1,1,-,-,2021-12-31,2021,outside_director
20230321000387,Y,00595191,후성,4,1,-,-,-,2022-12-31,2022,outside_director
20240321000372,Y,00595191,후성,4,1,-,-,-,2023-12-31,2023,outside_director
20250317000896,Y,00595191,후성,3,1,-,-,-,2024-12-31,2024,outside_director
20210318001018,Y,00593032,LF,7,3,1,-,-,2020-12-31,2020,outside_director
20220318000553,Y,00593032,LF,7,3,1,-,-,2021-12-31,2021,outside_director
20230320000688,Y,00593032,LF,7,3,2,-,1,2022-12-31,2022,outside_director
20240320001217,Y,00593032,LF,7,3,1,-,1,2023-12-31,2023,outside_director
20250318000532,Y,00593032,LF,7,3,1,-,-,2024-12-31,2024,outside_director
20210322000838,Y,00269241,주연테크,6,2,-,-,-,2020-12-31,2020,outside_director
20220317000997,Y,00269241,주연테크,5,2,-,-,-,2021-12-31,2021,outside_director
20230316000935,Y,00269241,주연테크,6,2,-,-,-,2022-12-31,2022,outside_director
20240321001487,Y,00269241,주연테크,6,2,-,-,-,2023-12-31,2023,outside_director
20250320000220,Y,00269241,주연테크,6,2,-,-,-,2024-12-31,2024,outside_director
20210311000705,Y,00145862,인천도시가스,4,2,-,-,-,2020-12-31,2020,outside_director
20220310000410,Y,00145862,인천도시가스,7,2,-,-,-,2021-12-31,2021,outside_director
20230309000433,Y,00145862,인천도시가스,6,2,2,-,-,2022-12-31,2022,outside_director
20240307000922,Y,00145862,인천도시가스,7,2,-,-,-,2023-12-31,2023,outside_director
20250306000367,Y,00145862,인천도시가스,7,2,-,-,-,2024-12-31,2024,outside_director
20210317000095,Y,00128227,삼정펄프,3,1,1,-,-,2020-12-31,2020,outside_director
20220323001311,Y,00128227,삼정펄프,3,1,-,-,-,2021-12-31,2021,outside_director
20230323000457,Y,00128227,삼정펄프,3,1,-,-,-,2022-12-31,2022,outside_director
20240320000477,Y,00128227,삼정펄프,3,1,1,-,-,2023-12-31,2023,outside_director
20250327001293,Y,00128227,삼정펄프,3,1,-,-,-,2024-12-31,2024,outside_director
20210323000961,Y,00589127,KEC,3,1,1,1,-,2020-12-31,2020,outside_director
20220322001114,Y,00589127,KEC,4,1,1,-,-,2021-12-31,2021,outside_director
20230329001071,Y,00589127,KEC,3,1,1,-,-,2022-12-31,2022,outside_director
20240322001053,Y,00589127,KEC,3,1,1,-,-,2023-12-31,2023,outside_director
20250319000838,Y,00589127,KEC,3,1,1,-,-,2024-12-31,2024,outside_director
20210318001357,Y,00587466,KPX홀딩스,3,1,1,-,-,2020-12-31,2020,outside_director
20220317001234,Y,00587466,KPX홀딩스,3,1,-,-,-,2021-12-31,2021,outside_director
20230316001437,Y,00587466,KPX홀딩스,4,1,-,-,-,2022-12-31,2022,outside_director
20240314001268,Y,00587466,KPX홀딩스,4,1,-,-,-,2023-12-31,2023,outside_director
20250313001218,Y,00587466,KPX홀딩스,4,1,-,-,-,2024-12-31,2024,outside_director
20210317001144,Y,00357935,HDC현대EP,4,1,-,-,-,2020-12-31,2020,outside_director
20220316001149,Y,00357935,HDC현대EP,3,1,-,-,-,2021-12-31,2021,outside_director
20230315001033,Y,00357935,HDC현대EP,4,1,2,2,-,2022-12-31,2022,outside_director
20240322000680,Y,00357935,HDC현대EP,4,1,-,-,-,2023-12-31,2023,outside_director
20250812000160,Y,00357935,HDC현대EP,4,1,1,-,-,2024-12-31,2024,outside_director
20210318001060,Y,00583442,노루페인트,7,2,1,-,-,2020-12-31,2020,outside_director
20220317000703,Y,00583442,노루페인트,7,2,1,-,-,2021-12-31,2021,outside_director
20230316000929,Y,00583442,노루페인트,7,2,1,-,-,2022-12-31,2022,outside_director
20240321000995,Y,00583442,노루페인트,7,2,1,-,-,2023-12-31,2023,outside_director
20250313001422,Y,00583442,노루페인트,7,2,1,-,-,2024-12-31,2024,outside_director
20210311000870,Y,00583424,아모레퍼시픽,8,5,1,-,-,2020-12-31,2020,outside_director
20220316000772,Y,00583424,아모레퍼시픽,9,5,1,-,-,2021-12-31,2021,outside_director
20230309000802,Y,00583424,아모레퍼시픽,10,6,4,-,-,2022-12-31,2022,outside_director
20240307000545,Y,00583424,아모레퍼시픽,10,6,1,-,-,2023-12-31,2023,outside_director
20250317000429,Y,00583424,아모레퍼시픽,10,6,1,-,-,2024-12-31,2024,outside_director
20220701000479,Y,00231372,롯데관광개발,6,2,1,-,-,2020-12-31,2020,outside_director
20220317000948,Y,00231372,롯데관광개발,6,2,-,-,-,2021-12-31,2021,outside_director
20230418000483,Y,00231372,롯데관광개발,6,2,1,-,-,2022-12-31,2022,outside_director
20240321001660,Y,00231372,롯데관광개발,6,2,-,-,-,2023-12-31,2023,outside_director
20250320001631,Y,00231372,롯데관광개발,6,2,-,-,-,2024-12-31,2024,outside_director
20210322001161,Y,00573579,평화산업,7,3,1,-,-,2020-12-31,2020,outside_director
20220321001445,Y,00573579,평화산업,7,3,2,-,-,2021-12-31,2021,outside_director
20230321001398,Y,00573579,평화산업,7,3,1,-,-,2022-12-31,2022,outside_director
20240319000674,Y,00573579,평화산업,8,3,2,-,-,2023-12-31,2023,outside_director
20250317000667,Y,00573579,평화산업,8,3,1,-,-,2024-12-31,2024,outside_director
20210331001840,Y,00303217,우진플라임,3,0,-,-,1,2020-12-31,2020,outside_director
20220322000393,Y,00303217,우진플라임,4,1,-,-,-,2021-12-31,2021,outside_director
20230322000913,Y,00303217,우진플라임,4,1,-,-,-,2022-12-31,2022,outside_director
20240704000362,Y,00303217,우진플라임,3,-,-,-,1,2023-12-31,2023,outside_director
20250321000814,Y,00303217,우진플라임,4,1,-,-,-,2024-12-31,2024,outside_director
20210317001010,Y,00219486,신세계I&C,6,3,1,-,1,2020-12-31,2020,outside_director
20220816001345,Y,00219486,신세계I&C,6,3,-,-,-,2021-12-31,2021,outside_director
20230814001758,Y,00219486,신세계I&C,6,3,1,-,-,2022-12-31,2022,outside_director
20240319000595,Y,00219486,신세계I&C,6,3,1,-,-,2023-12-31,2023,outside_director
20250317000967,Y,00219486,신세계I&C,6,3,1,-,-,2024-12-31,2024,outside_director
20210319000189,Y,00557933,진도,3,1,1,-,-,2020-12-31,2020,outside_director
20220328000433,Y,00557933,진도,4,1,1,-,-,2021-12-31,2021,outside_director
20230323001387,Y,00557933,진도,4,1,1,-,-,2022-12-31,2022,outside_director
20240321000940,Y,00557933,진도,3,1,1,-,-,2023-12-31,2023,outside_director
20250327001019,Y,00557933,진도,3,1,1,-,-,2024-12-31,2024,outside_director
20210315000915,Y,00120526,롯데쇼핑,8,5,3,-,-,2020-12-31,2020,outside_director
20220315001185,Y,00120526,롯데쇼핑,7,5,2,-,-,2021-12-31,2021,outside_director
20230315001405,Y,00120526,롯데쇼핑,9,5,3,-,-,2022-12-31,2022,outside_director
20240315000948,Y,00120526,롯데쇼핑,9,5,2,-,-,2023-12-31,2023,outside_director
20250314001659,Y,00120526,롯데쇼핑,8,5,3,-,-,2024-12-31,2024,outside_director
20210316000884,Y,00360595,현대글로비스,9,5,2,-,-,2020-12-31,2020,outside_director
20220315001126,Y,00360595,현대글로비스,9,5,3,-,-,2021-12-31,2021,outside_director
20230321001449,Y,00360595,현대글로비스,9,5,-,-,-,2022-12-31,2022,outside_director
20240319000815,Y,00360595,현대글로비스,9,5,1,-,-,2023-12-31,2023,outside_director
20250317001025,Y,00360595,현대글로비스,9,5,4,-,1,2024-12-31,2024,outside_director
20210318001348,Y,00409672,티비에이치글로벌,3,1,-,-,-,2020-12-31,2020,outside_director
20220322000879,Y,00409672,티비에이치글로벌,3,1,-,-,-,2021-12-31,2021,outside_director
20230322000665,Y,00409672,티비에이치글로벌,3,1,-,-,-,2022-12-31,2022,outside_director
20240321000242,Y,00409672,티비에이치글로벌,3,1,-,-,-,2023-12-31,2023,outside_director
20250320000173,Y,00409672,티비에이치글로벌,3,1,-,-,-,2024-12-31,2024,outside_director
20210323000507,Y,00148461,제일연마,3,3,-,-,-,2020-12-31,2020,outside_director
20220323000156,Y,00148461,제일연마,7,3,1,-,-,2021-12-31,2021,outside_director
20230321000389,Y,00148461,제일연마,7,3,2,-,-,2022-12-31,2022,outside_director
20240321000824,Y,00148461,제일연마,7,3,-,-,-,2023-12-31,2023,outside_director
20250317000206,Y,00148461,제일연마,7,3,1,-,-,2024-12-31,2024,outside_director
20210319001159,Y,00300548,현대리바트,7,3,1,-,1,2020-12-31,2020,outside_director
20220321001411,Y,00300548,현대리바트,7,3,1,-,-,2021-12-31,2021,outside_director
20230321001080,Y,00300548,현대리바트,7,3,1,-,-,2022-12-31,2022,outside_director
20240320001190,Y,00300548,현대리바트,7,3,1,-,-,2023-12-31,2023,outside_director
20250829001312,Y,00300548,현대리바트,7,3,-,-,-,2024-12-31,2024,outside_director
20210318000302,Y,00113225,대한제강,4,1,-,-,-,2020-12-31,2020,outside_director
20220317000844,Y,00113225,대한제강,4,1,-,-,-,2021-12-31,2021,outside_director
20230331003410,Y,00113225,대한제강,4,1,-,-,-,2022-12-31,2022,outside_director
20240314001065,Y,00113225,대한제강,4,1,1,1,-,2023-12-31,2023,outside_director
20250320000395,Y,00113225,대한제강,4,1,-,-,-,2024-12-31,2024,outside_director
20210318000800,Y,00305668,새론오토모티브,4,1,-,-,-,2020-12-31,2020,outside_director
20220318001063,Y,00305668,새론오토모티브,4,1,1,1,-,2021-12-31,2021,outside_director
20230316000818,Y,00305668,새론오토모티브,3,-,-,-,1,2022-12-31,2022,outside_director
20240321000841,Y,00305668,새론오토모티브,4,1,1,-,-,2023-12-31,2023,outside_director
20250321000868,Y,00305668,새론오토모티브,4,1,-,-,-,2024-12-31,2024,outside_director
20210316000330,Y,00454946,그린케미칼,4,1,1,-,-,2020-12-31,2020,outside_director
20220315000608,Y,00454946,그린케미칼,4,1,1,-,-,2021-12-31,2021,outside_director
20230314000467,Y,00454946,그린케미칼,4,1,1,-,-,2022-12-31,2022,outside_director
20240319000484,Y,00454946,그린케미칼,4,1,-,-,-,2023-12-31,2023,outside_director
20250318000396,Y,00454946,그린케미칼,4,1,1,-,-,2024-12-31,2024,outside_director
20210318000429,Y,00210856,코아스,5,2,-,-,-,2020-12-31,2020,outside_director
20220318000115,Y,00210856,코아스,4,2,-,-,-,2021-12-31,2021,outside_director
20230320000316,Y,00210856,코아스,4,2,2,-,-,2022-12-31,2022,outside_director
20240321000499,Y,00210856,코아스,4,2,-,-,-,2023-12-31,2023,outside_director
20250320000653,Y,00210856,코아스,4,2,2,-,2,2024-12-31,2024,outside_director
20210318000901,Y,00540605,이월드,8,2,-,-,-,2020-12-31,2020,outside_director
20220317000602,Y,00540605,이월드,4,1,-,-,1,2021-12-31,2021,outside_director
20230316000969,Y,00540605,이월드,8,2,1,-,-,2022-12-31,2022,outside_director
20240314000693,Y,00540605,이월드,8,2,-,-,-,2023-12-31,2023,outside_director
20250313000580,Y,00540605,이월드,5,2,1,-,-,2024-12-31,2024,outside_director
20210317001230,Y,00540641,동양고속,6,3,-,-,-,2020-12-31,2020,outside_director
20221013000113,Y,00540641,동양고속,6,3,1,-,-,2021-12-31,2021,outside_director
20230321001090,Y,00540641,동양고속,6,3,2,-,-,2022-12-31,2022,outside_director
20240320000900,Y,00540641,동양고속,5,3,-,-,-,2023-12-31,2023,outside_director
20250321001272,Y,00540641,동양고속,7,3,3,-,-,2024-12-31,2024,outside_director
20210311000922,Y,00161383,한미반도체,3,1,1,-,-,2020-12-31,2020,outside_director
20220415000576,Y,00161383,한미반도체,3,1,1,-,1,2021-12-31,2021,outside_director
20230316001554,Y,00161383,한미반도체,3,1,-,-,-,2022-12-31,2022,outside_director
20240314001257,Y,00161383,한미반도체,3,1,-,-,-,2023-12-31,2023,outside_director
20250313001171,Y,00161383,한미반도체,3,1,-,-,-,2024-12-31,2024,outside_director
20210323000594,Y,00172936,동일산업,5,3,2,-,-,2020-12-31,2020,outside_director
20220325001115,Y,00172936,동일산업,5,3,1,-,-,2021-12-31,2021,outside_director
20240322000958,Y,00172936,동일산업,5,3,3,-,-,2023-12-31,2023,outside_director
20250328001290,Y,00172936,동일산업,5,3,1,-,-,2024-12-31,2024,outside_director
20210309000431,Y,00128980,삼호개발,4,1,1,-,-,2020-12-31,2020,outside_director
20220315000910,Y,00128980,삼호개발,4,1,-,-,-,2021-12-31,2021,outside_director
20230320000375,Y,00128980,삼호개발,4,1,-,-,-,2022-12-31,2022,outside_director
20240321001103,Y,00128980,삼호개발,4,1,-,-,-,2023-12-31,2023,outside_director
20250317000096,Y,00128980,삼호개발,4,1,1,-,-,2024-12-31,2024,outside_director
20210330001151,Y,00481454,금호타이어,9,5,1,-,1,2020-12-31,2020,outside_director
20220330001690,Y,00481454,금호타이어,9,5,3,1,-,2021-12-31,2021,outside_director
20230322001105,Y,00481454,금호타이어,9,5,1,-,-,2022-12-31,2022,outside_director
20240326000919,Y,00481454,금호타이어,8,5,-,-,-,2023-12-31,2023,outside_director
20250318001169,Y,00481454,금호타이어,7,4,2,0,0,2024-12-31,2024,outside_director
20210319001272,Y,00303873,CJ CGV,5,3,-,-,-,2020-12-31,2020,outside_director
20220321001182,Y,00303873,CJ CGV,5,3,-,-,-,2021-12-31,2021,outside_director
20230320001054,Y,00303873,CJ CGV,7,4,1,-,-,2022-12-31,2022,outside_director
20240318000720,Y,00303873,CJ CGV,7,4,-,-,-,2023-12-31,2023,outside_director
20250321001474,Y,00303873,CJ CGV,7,4,2,-,-,2024-12-31,2024,outside_director
20210318001295,Y,00508274,일진다이아,3,1,1,-,-,2020-12-31,2020,outside_director
20220316000616,Y,00508274,일진다이아,4,1,-,-,-,2021-12-31,2021,outside_director
20230315000563,Y,00508274,일진다이아,3,1,-,-,-,2022-12-31,2022,outside_director
20240313000713,Y,00508274,일진다이아,3,1,-,-,-,2023-12-31,2023,outside_director
20250312000641,Y,00508274,일진다이아,4,1,1,-,-,2024-12-31,2024,outside_director
20210310000439,Y,00159786,유니드,5,2,-,-,-,2020-12-31,2020,outside_director
20220308000942,Y,00159786,유니드,5,2,1,-,-,2021-12-31,2021,outside_director
20230308000675,Y,00159786,유니드,4,1,-,-,-,2022-12-31,2022,outside_director
20240320000795,Y,00159786,유니드,5,2,1,-,-,2023-12-31,2023,outside_director
20250318000116,Y,00159786,유니드,5,2,1,-,-,2024-12-31,2024,outside_director
20210319000704,Y,00129642,상신브레이크,7,3,-,-,-,2020-12-31,2020,outside_director
20220318000969,Y,00129642,상신브레이크,7,3,3,-,-,2021-12-31,2021,outside_director
20230317000349,Y,00129642,상신브레이크,7,3,3,-,-,2022-12-31,2022,outside_director
20240315000633,Y,00129642,상신브레이크,7,3,-,-,-,2023-12-31,2023,outside_director
20250314001195,Y,00129642,상신브레이크,6,3,-,-,-,2024-12-31,2024,outside_director
20210322001026,Y,00180795,인팩,5,3,-,-,-,2020-12-31,2020,outside_director
20220322000861,Y,00180795,인팩,5,3,1,1,-,2021-12-31,2021,outside_director
20230322000936,Y,00180795,인팩,5,3,-,-,-,2022-12-31,2022,outside_director
20240320001260,Y,00180795,인팩,6,3,-,-,-,2023-12-31,2023,outside_director
20250321001500,Y,00180795,인팩,6,3,-,-,-,2024-12-31,2024,outside_director
20210318000454,Y,00414601,유니퀘스트,7,3,1,-,-,2020-12-31,2020,outside_director
20220317000373,Y,00414601,유니퀘스트,7,3,2,-,-,2021-12-31,2021,outside_director
20230323001413,Y,00414601,유니퀘스트,6,3,-,-,-,2022-12-31,2022,outside_director
20240321001571,Y,00414601,유니퀘스트,7,3,-,-,-,2023-12-31,2023,outside_director
20250320001187,Y,00414601,유니퀘스트,7,3,2,-,-,2024-12-31,2024,outside_director
20210316001150,Y,00353878,다스코,7,3,3,-,-,2020-12-31,2020,outside_director
20220405002851,Y,00353878,다스코,3,3,-,-,1,2021-12-31,2021,outside_director
20230321001293,Y,00353878,다스코,3,3,-,-,-,2022-12-31,2022,outside_director
20240318000513,Y,00353878,다스코,3,3,1,-,-,2023-12-31,2023,outside_director
20250314000954,Y,00353878,다스코,3,3,-,-,-,2024-12-31,2024,outside_director
20210315000829,Y,00105873,LG디스플레이,7,4,-,-,-,2020-12-31,2020,outside_director
20220315000742,Y,00105873,LG디스플레이,6,4,2,-,-,2021-12-31,2021,outside_director
20230313000751,Y,00105873,LG디스플레이,6,3,3,-,2,2022-12-31,2022,outside_director
20240314000487,Y,00105873,LG디스플레이,7,4,2,-,-,2023-12-31,2023,outside_director
20250312000906,Y,00105873,LG디스플레이,7,4,1,-,-,2024-12-31,2024,outside_director
20210318000664,Y,00361488,텔코웨어,3,1,-,-,-,2020-12-31,2020,outside_director
20220310000802,Y,00361488,텔코웨어,3,1,-,-,-,2021-12-31,2021,outside_director
20230316001321,Y,00361488,텔코웨어,3,1,1,-,-,2022-12-31,2022,outside_director
20240321001401,Y,00361488,텔코웨어,3,1,-,-,-,2023-12-31,2023,outside_director
20250814001427,Y,00361488,텔코웨어,3,1,-,-,-,2024-12-31,2024,outside_director
20210322001089,Y,00480455,STX엔진,4,2,1,-,-,2020-12-31,2020,outside_director
20220322000774,Y,00480455,STX엔진,4,2,2,-,-,2021-12-31,2021,outside_director
20230322000972,Y,00480455,STX엔진,4,2,2,-,-,2022-12-31,2022,outside_director
20240320000369,Y,00480455,STX엔진,4,2,2,-,-,2023-12-31,2023,outside_director
20250321000939,Y,00480455,STX엔진,4,2,-,-,-,2024-12-31,2024,outside_director
20210318001424,Y,00108913,대교,7,3,-,-,-,2020-12-31,2020,outside_director
20220725000180,Y,00108913,대교,7,3,-,-,-,2021-12-31,2021,outside_director
20230713000378,Y,00108913,대교,7,3,-,-,-,2022-12-31,2022,outside_director
20240314001769,Y,00108913,대교,6,3,1,-,-,2023-12-31,2023,outside_director
20250819000071,Y,00108913,대교,7,3,1,-,-,2024-12-31,2024,outside_director
20210331001669,Y,00469799,이엔플러스,7,2,-,-,-,2020-12-31,2020,outside_director
20220331003484,Y,00469799,이엔플러스,12,4,2,-,2,2021-12-31,2021,outside_director
20230322001126,Y,00469799,이엔플러스,8,3,1,-,2,2022-12-31,2022,outside_director
20240321001446,Y,00469799,이엔플러스,8,3,-,-,-,2023-12-31,2023,outside_director
20250407004328,Y,00469799,이엔플러스,4,2,-,-,-,2024-12-31,2024,outside_director
20210331002373,Y,00203582,한솔홈데코,7,2,2,-,1,2020-12-31,2020,outside_director
20220315001058,Y,00203582,한솔홈데코,7,2,-,-,-,2021-12-31,2021,outside_director
20230314001292,Y,00203582,한솔홈데코,7,2,-,-,-,2022-12-31,2022,outside_director
20240329002820,Y,00203582,한솔홈데코,7,2,2,1,-,2023-12-31,2023,outside_director
20250311000946,Y,00203582,한솔홈데코,7,2,-,-,-,2024-12-31,2024,outside_director
20210405003044,Y,00107613,이수페타시스,4,1,-,-,-,2020-12-31,2020,outside_director
20220323001140,Y,00107613,이수페타시스,4,1,-,-,-,2021-12-31,2021,outside_director
20230323001183,Y,00107613,이수페타시스,4,1,1,-,-,2022-12-31,2022,outside_director
20240321001149,Y,00107613,이수페타시스,4,1,-,-,-,2023-12-31,2023,outside_director
20250321001007,Y,00107613,이수페타시스,4,1,1,-,-,2024-12-31,2024,outside_director
20210322001172,Y,00255619,강원랜드,13,9,4,0,1,2020-12-31,2020,outside_director
20220323000547,Y,00255619,강원랜드,13,9,7,0,0,2021-12-31,2021,outside_director
20230321000399,Y,00255619,강원랜드,13,9,5,-,-,2022-12-31,2022,outside_director
20240320001396,Y,00255619,강원랜드,13,9,6,-,-,2023-12-31,2023,outside_director
20250318001106,Y,00255619,강원랜드,13,9,1,-,-,2024-12-31,2024,outside_director
20210317001171,Y,00249247,YG PLUS,3,1,-,-,1,2020-12-31,2020,outside_director
20220316000889,Y,00249247,YG PLUS,5,2,1,-,1,2021-12-31,2021,outside_director
20230315001273,Y,00249247,YG PLUS,4,1,-,-,-,2022-12-31,2022,outside_director
20240321000750,Y,00249247,YG PLUS,4,1,-,-,-,2023-12-31,2023,outside_director
20250320001394,Y,00249247,YG PLUS,5,2,1,-,-,2024-12-31,2024,outside_director
20210504000460,Y,00416654,유엔젤,7,2,-,-,-,2020-12-31,2020,outside_director
20221007000390,Y,00416654,유엔젤,6,2,-,-,-,2021-12-31,2021,outside_director
20230323000494,Y,00416654,유엔젤,6,2,2,2,-,2022-12-31,2022,outside_director
20240321000806,Y,00416654,유엔젤,6,2,-,-,-,2023-12-31,2023,outside_director
20250328001604,Y,00416654,유엔젤,6,2,-,-,-,2024-12-31,2024,outside_director
20210318000400,Y,00130772,SBS,6,3,1,-,-,2020-12-31,2020,outside_director
20220317001064,Y,00130772,SBS,6,3,2,-,-,2021-12-31,2021,outside_director
20230316000964,Y,00130772,SBS,8,4,2,-,-,2022-12-31,2022,outside_director
20240321001674,Y,00130772,SBS,7,4,2,-,1,2023-12-31,2023,outside_director
20250320001108,Y,00130772,SBS,6,4,2,-,-,2024-12-31,2024,outside_director
20210316001082,Y,00261443,NC,7,5,2,-,1,2020-12-31,2020,outside_director
20220322000959,Y,00261443,NC,7,5,1,-,-,2021-12-31,2021,outside_director
20230321001334,Y,00261443,NC,7,5,2,-,-,2022-12-31,2022,outside_director
20240322000989,Y,00261443,NC,7,5,2,-,-,2023-12-31,2023,outside_director
20250328002285,Y,00261443,NC,7,5,1,-,-,2024-12-31,2024,outside_director
20210308000603,Y,00435312,하이스틸,4,1,-,-,-,2020-12-31,2020,outside_director
20220308000841,Y,00435312,하이스틸,4,1,1,-,-,2021-12-31,2021,outside_director
20230315000910,Y,00435312,하이스틸,2,1,-,-,-,2022-12-31,2022,outside_director
20240313001721,Y,00435312,하이스틸,2,1,-,-,-,2023-12-31,2023,outside_director
20250312001033,Y,00435312,하이스틸,2,1,1,-,-,2024-12-31,2024,outside_director
20210319000451,Y,00151298,DSR제강,5,3,2,-,-,2020-12-31,2020,outside_director
20220321000461,Y,00151298,DSR제강,5,3,-,-,-,2021-12-31,2021,outside_director
20230320000604,Y,00151298,DSR제강,8,3,1,-,-,2022-12-31,2022,outside_director
20240320001220,Y,00151298,DSR제강,8,3,2,-,-,2023-12-31,2023,outside_director
20250226005968,Y,00151298,DSR제강,8,3,-,-,-,2024-12-31,2024,outside_director
20210318001386,Y,00109161,태경케미컬,3,1,1,-,-,2020-12-31,2020,outside_director
20220816000755,Y,00109161,태경케미컬,2,1,-,-,-,2021-12-31,2021,outside_director
20230314000862,Y,00109161,태경케미컬,2,1,-,-,-,2022-12-31,2022,outside_director
20240314001217,Y,00109161,태경케미컬,3,1,1,-,-,2023-12-31,2023,outside_director
20250318000825,Y,00109161,태경케미컬,3,1,-,-,-,2024-12-31,2024,outside_director
20210318000587,Y,00160861,한농화성,6,2,1,-,-,2020-12-31,2020,outside_director
20220317000292,Y,00160861,한농화성,6,2,-,-,-,2021-12-31,2021,outside_director
20230316000728,Y,00160861,한농화성,6,2,-,-,-,2022-12-31,2022,outside_director
20240314000591,Y,00160861,한농화성,6,2,-,-,-,2023-12-31,2023,outside_director
20250320000501,Y,00160861,한농화성,6,2,-,-,-,2024-12-31,2024,outside_director
20210316001102,Y,00428251,현대백화점,9,5,1,-,-,2020-12-31,2020,outside_director
20220318000922,Y,00428251,현대백화점,9,5,1,-,-,2021-12-31,2021,outside_director
20230320001061,Y,00428251,현대백화점,9,5,2,-,-,2022-12-31,2022,outside_director
20240318000213,Y,00428251,현대백화점,8,5,2,-,-,2023-12-31,2023,outside_director
20250318001045,Y,00428251,현대백화점,9,5,3,-,1,2024-12-31,2024,outside_director
20210316000506,Y,00428729,대호에이엘,11,3,2,1,2,2020-12-31,2020,outside_director
20220316000652,Y,00428729,대호에이엘,8,3,4,-,4,2021-12-31,2021,outside_director
20240312000869,Y,00428729,대호에이엘,6,2,2,-,3,2022-12-31,2022,outside_director
20240320001502,Y,00428729,대호에이엘,7,3,-,-,2,2023-12-31,2023,outside_director
20250711000353,Y,00428729,대호에이엘,8,3,1,-,1,2024-12-31,2024,outside_director
20210817000156,Y,00427483,대웅제약,3,1,-,-,-,2020-12-31,2020,outside_director
20220321000922,Y,00427483,대웅제약,5,2,2,-,-,2021-12-31,2021,outside_director
20230321000740,Y,00427483,대웅제약,6,3,1,-,-,2022-12-31,2022,outside_director
20240320001120,Y,00427483,대웅제약,6,3,1,-,-,2023-12-31,2023,outside_director
20250814004375,Y,00427483,대웅제약,6,3,1,-,-,2024-12-31,2024,outside_director
20210419000434,Y,00204208,마니커,4,2,-,-,-,2020-12-31,2020,outside_director
20220318001071,Y,00204208,마니커,4,1,-,-,-,2021-12-31,2021,outside_director
20230317000904,Y,00204208,마니커,4,1,-,-,-,2022-12-31,2022,outside_director
20240315000872,Y,00204208,마니커,3,1,-,-,-,2023-12-31,2023,outside_director
20250324000626,Y,00204208,마니커,3,1,-,-,-,2024-12-31,2024,outside_director
20210318001017,Y,00426086,티케이지휴켐스,7,2,2,-,-,2020-12-31,2020,outside_director
20220317001002,Y,00426086,티케이지휴켐스,5,2,-,-,-,2021-12-31,2021,outside_director
20230316001190,Y,00426086,티케이지휴켐스,7,2,2,-,-,2022-12-31,2022,outside_director
20240314001436,Y,00426086,티케이지휴켐스,7,2,-,-,-,2023-12-31,2023,outside_director
20250313001222,Y,00426086,티케이지휴켐스,6,2,2,-,-,2024-12-31,2024,outside_director
20210319001017,Y,00134510,SJG세종,4,2,-,-,-,2020-12-31,2020,outside_director
20220324000888,Y,00134510,SJG세종,4,2,1,-,-,2021-12-31,2021,outside_director
20230726000502,Y,00134510,SJG세종,4,2,-,-,-,2022-12-31,2022,outside_director
20240318000878,Y,00134510,SJG세종,4,3,1,-,-,2023-12-31,2023,outside_director
20250317000672,Y,00134510,SJG세종,4,2,-,-,-,2024-12-31,2024,outside_director
20210305000745,Y,00155258,포스코스틸리온,4,1,-,-,-,2020-12-31,2020,outside_director
20220311000529,Y,00155258,포스코스틸리온,4,1,1,-,-,2021-12-31,2021,outside_director
20230313000443,Y,00155258,포스코스틸리온,4,1,-,-,-,2022-12-31,2022,outside_director
20240315000541,Y,00155258,포스코스틸리온,4,1,-,-,-,2023-12-31,2023,outside_director
20250408001924,Y,00155258,포스코스틸리온,4,1,-,-,-,2024-12-31,2024,outside_director
20210318000927,Y,00423690,삼성출판사,4,1,1,-,-,2020-12-31,2020,outside_director
20220323000869,Y,00423690,삼성출판사,7,3,3,-,1,2021-12-31,2021,outside_director
20230713000163,Y,00423690,삼성출판사,7,3,-,-,-,2022-12-31,2022,outside_director
20240321001078,Y,00423690,삼성출판사,7,3,-,-,-,2023-12-31,2023,outside_director
20251114002511,Y,00423690,삼성출판사,7,3,-,-,-,2024-12-31,2024,outside_director
20210318000729,Y,00422895,세이브존I&C,4,1,-,-,-,2020-12-31,2020,outside_director
20220317000879,Y,00422895,세이브존I&C,4,1,-,-,-,2021-12-31,2021,outside_director
20230316000461,Y,00422895,세이브존I&C,4,1,-,-,-,2022-12-31,2022,outside_director
20240314001058,Y,00422895,세이브존I&C,4,1,-,-,-,2023-12-31,2023,outside_director
20250320000981,Y,00422895,세이브존I&C,3,1,1,-,-,2024-12-31,2024,outside_director
20210319001191,Y,00161693,한샘,5,3,2,-,1,2020-12-31,2020,outside_director
20220816002277,Y,00161693,한샘,8,3,7,-,8,2021-12-31,2021,outside_director
20230314001297,Y,00161693,한샘,7,3,3,-,3,2022-12-31,2022,outside_director
20240328001271,Y,00161693,한샘,7,3,-,-,-,2023-12-31,2023,outside_director
20250313001195,Y,00161693,한샘,7,3,-,-,-,2024-12-31,2024,outside_director
20220429001497,Y,00142883,우신시스템,4,1,0,0,0,2020-12-31,2020,outside_director
20220331000022,Y,00142883,우신시스템,4,1,0,0,0,2021-12-31,2021,outside_director
20230331002732,Y,00142883,우신시스템,4,1,1,0,0,2022-12-31,2022,outside_director
20240322000845,Y,00142883,우신시스템,4,1,0,0,0,2023-12-31,2023,outside_director
20250318000772,Y,00142883,우신시스템,3,1,0,0,1,2024-12-31,2024,outside_director
20210316000661,Y,00401731,LG전자,7,4,1,-,-,2020-12-31,2020,outside_director
20220316000886,Y,00401731,LG전자,5,4,1,-,-,2021-12-31,2021,outside_director
20230317000955,Y,00401731,LG전자,7,4,2,-,-,2022-12-31,2022,outside_director
20240318000755,Y,00401731,LG전자,6,4,1,-,-,2023-12-31,2023,outside_director
20250317001029,Y,00401731,LG전자,7,4,1,-,-,2024-12-31,2024,outside_director
20210218000909,Y,00398792,SNT모티브,3,1,-,-,-,2020-12-31,2020,outside_director
20220218001046,Y,00398792,SNT모티브,4,1,1,-,-,2021-12-31,2021,outside_director
20230220001611,Y,00398792,SNT모티브,4,1,-,-,-,2022-12-31,2022,outside_director
20240221001626,Y,00398792,SNT모티브,4,1,-,-,-,2023-12-31,2023,outside_director
20250220001279,Y,00398792,SNT모티브,4,1,1,-,-,2024-12-31,2024,outside_director
20210315000505,Y,00220561,광주신세계,5,3,-,-,-,2020-12-31,2020,outside_director
20220816000334,Y,00220561,광주신세계,6,3,3,-,-,2021-12-31,2021,outside_director
20230314000982,Y,00220561,광주신세계,6,3,3,-,-,2022-12-31,2022,outside_director
20240312000761,Y,00220561,광주신세계,6,3,3,-,-,2023-12-31,2023,outside_director
20250313000495,Y,00220561,광주신세계,6,3,3,-,-,2024-12-31,2024,outside_director
20210322000864,Y,00198697,일진디스플,4,1,1,-,-,2020-12-31,2020,outside_director
20220322001113,Y,00198697,일진디스플,3,1,1,-,-,2021-12-31,2021,outside_director
20230714000395,Y,00198697,일진디스플,4,1,1,1,-,2022-12-31,2022,outside_director
20240321001473,Y,00198697,일진디스플,4,1,1,1,-,2023-12-31,2023,outside_director
20250320000779,Y,00198697,일진디스플,4,1,-,-,-,2024-12-31,2024,outside_director
20210318000155,Y,00390055,종근당바이오,2,1,1,-,-,2020-12-31,2020,outside_director
20220317000204,Y,00390055,종근당바이오,2,1,-,-,-,2021-12-31,2021,outside_director
20230314000316,Y,00390055,종근당바이오,2,1,-,-,-,2022-12-31,2022,outside_director
20240320001689,Y,00390055,종근당바이오,2,1,-,-,-,2023-12-31,2023,outside_director
20250318001004,Y,00390055,종근당바이오,3,1,-,-,-,2024-12-31,2024,outside_director
20210323000600,Y,00170558,코웨이,7,4,4,-,5,2020-12-31,2020,outside_director
20220816001433,Y,00170558,코웨이,7,4,-,-,-,2021-12-31,2021,outside_director
20230321000862,Y,00170558,코웨이,8,5,1,-,-,2022-12-31,2022,outside_director
20240329002735,Y,00170558,코웨이,7,4,3,-,-,2023-12-31,2023,outside_director
20250321001734,Y,00170558,코웨이,7,4,-,-,-,2024-12-31,2024,outside_director
20210318000670,Y,00377610,세아홀딩스,6,2,-,-,-,2020-12-31,2020,outside_director
20220802000337,Y,00377610,세아홀딩스,6,2,-,-,-,2021-12-31,2021,outside_director
20230320001040,Y,00377610,세아홀딩스,4,2,1,-,-,2022-12-31,2022,outside_director
20240318000571,Y,00377610,세아홀딩스,6,2,1,-,-,2023-12-31,2023,outside_director
20250314001645,Y,00377610,세아홀딩스,6,2,-,-,-,2024-12-31,2024,outside_director
20210311001010,Y,00356370,LG생활건강,7,4,2,-,-,2020-12-31,2020,outside_director
20220516002048,Y,00356370,LG생활건강,7,4,-,-,1,2021-12-31,2021,outside_director
20230320000833,Y,00356370,LG생활건강,7,4,3,-,1,2022-12-31,2022,outside_director
20240318000511,Y,00356370,LG생활건강,7,4,1,-,-,2023-12-31,2023,outside_director
20250317000790,Y,00356370,LG생활건강,7,4,-,-,-,2024-12-31,2024,outside_director
20210317001094,Y,00356361,LG화학,7,4,1,0,0,2020-12-31,2020,outside_director
20220315001036,Y,00356361,LG화학,6,4,1,0,0,2021-12-31,2021,outside_director
20230324001178,Y,00356361,LG화학,7,4,2,0,0,2022-12-31,2022,outside_director
20240315000957,Y,00356361,LG화학,7,4,1,0,0,2023-12-31,2023,outside_director
20250731000339,Y,00356361,LG화학,7,4,1,-,-,2024-12-31,2024,outside_director
20210319001137,Y,00124540,대우건설,7,4,3,-,3,2020-12-31,2020,outside_director
20220321000645,Y,00124540,대우건설,7,4,3,-,2,2021-12-31,2021,outside_director
20230320000675,Y,00124540,대우건설,6,5,6,-,5,2022-12-31,2022,outside_director
20240320001313,Y,00124540,대우건설,8,6,1,-,-,2023-12-31,2023,outside_director
20250813000868,Y,00124540,대우건설,7,6,-,-,-,2024-12-31,2024,outside_director
20210305000796,Y,00124504,포스코인터내셔널,7,4,2,-,-,2020-12-31,2020,outside_director
20220311001166,Y,00124504,포스코인터내셔널,6,3,2,-,1,2021-12-31,2021,outside_director
20230310000736,Y,00124504,포스코인터내셔널,7,4,2,-,-,2022-12-31,2022,outside_director
20240329001908,Y,00124504,포스코인터내셔널,7,4,2,-,-,2023-12-31,2023,outside_director
20250314001718,Y,00124504,포스코인터내셔널,8,5,3,-,-,2024-12-31,2024,outside_director
20210317001184,Y,00111704,한화오션,7,4,1,-,1,2020-12-31,2020,outside_director
20220314001167,Y,00111704,한화오션,7,4,3,-,3,2021-12-31,2021,outside_director
20230313000849,Y,00111704,한화오션,7,4,4,-,-,2022-12-31,2022,outside_director
20240328000773,Y,00111704,한화오션,9,5,5,-,4,2023-12-31,2023,outside_director
20250314001630,Y,00111704,한화오션,9,5,-,-,-,2024-12-31,2024,outside_director
20210309000334,Y,00347734,진양화학,3,1,-,-,-,2020-12-31,2020,outside_director
20220304000705,Y,00347734,진양화학,3,1,-,-,-,2021-12-31,2021,outside_director
20230303000708,Y,00347734,진양화학,4,1,1,-,-,2022-12-31,2022,outside_director
20240305000512,Y,00347734,진양화학,3,1,-,-,-,2023-12-31,2023,outside_director
20250304000650,Y,00347734,진양화학,3,1,-,-,-,2024-12-31,2024,outside_director
20240516002209,Y,00159616,두산에너빌리티,6,4,1,-,-,2020-12-31,2020,outside_director
20220322000017,Y,00159616,두산에너빌리티,7,4,-,-,-,2021-12-31,2021,outside_director
20230321001573,Y,00159616,두산에너빌리티,6,3,2,-,1,2022-12-31,2022,outside_director
20240327001226,Y,00159616,두산에너빌리티,7,4,2,-,-,2023-12-31,2023,outside_director
20250320001103,Y,00159616,두산에너빌리티,7,4,1,-,-,2024-12-31,2024,outside_director
20210322000191,Y,00160205,한국내화,3,1,-,-,-,2020-12-31,2020,outside_director
20220321001149,Y,00160205,한국내화,3,1,-,-,-,2021-12-31,2021,outside_director
20230320000791,Y,00160205,한국내화,3,1,-,-,-,2022-12-31,2022,outside_director
20240318000649,Y,00160205,한국내화,3,1,-,-,-,2023-12-31,2023,outside_director
20250318000918,Y,00160205,한국내화,3,1,-,-,-,2024-12-31,2024,outside_director
20210322000964,Y,00161976,한세예스24홀딩스,7,3,3,-,-,2020-12-31,2020,outside_director
20220321001517,Y,00161976,한세예스24홀딩스,7,3,-,-,-,2021-12-31,2021,outside_director
20230321000858,Y,00161976,한세예스24홀딩스,7,3,-,-,-,2022-12-31,2022,outside_director
20240320001679,Y,00161976,한세예스24홀딩스,7,3,3,-,-,2023-12-31,2023,outside_director
20250814003323,Y,00161976,한세예스24홀딩스,7,3,1,-,1,2024-12-31,2024,outside_director
20210416000487,Y,00111999,대원제약,5,2,1,-,1,2020-12-31,2020,outside_director
20220317001141,Y,00111999,대원제약,5,3,2,1,-,2021-12-31,2021,outside_director
20230317000005,Y,00111999,대원제약,6,3,-,-,-,2022-12-31,2022,outside_director
20240314001399,Y,00111999,대원제약,6,3,1,-,-,2023-12-31,2023,outside_director
20250320001537,Y,00111999,대원제약,6,3,2,-,-,2024-12-31,2024,outside_director
20210322001038,Y,00261285,한국가스공사,12,8,3,-,1,2020-12-31,2020,outside_director
20220325000211,Y,00261285,한국가스공사,12,8,9,-,1,2021-12-31,2021,outside_director
20230321001441,Y,00261285,한국가스공사,12,8,1,-,-,2022-12-31,2022,outside_director
20240325000966,Y,00261285,한국가스공사,12,8,7,7,-,2023-12-31,2023,outside_director
20250325000742,Y,00261285,한국가스공사,13,8,-,-,-,2024-12-31,2024,outside_director
20210319000715,Y,00104786,미래아이앤지,4,1,1,-,1,2020-12-31,2020,outside_director
20220318000627,Y,00104786,미래아이앤지,4,1,-,-,-,2021-12-31,2021,outside_director
20230321000867,Y,00104786,미래아이앤지,4,1,1,-,1,2022-12-31,2022,outside_director
20240320001445,Y,00104786,미래아이앤지,4,1,-,-,-,2023-12-31,2023,outside_director
20250814002870,Y,00104786,미래아이앤지,4,1,1,-,1,2024-12-31,2024,outside_director
20210317000394,Y,00166519,화천기공,8,2,1,-,-,2020-12-31,2020,outside_director
20220316000620,Y,00166519,화천기공,8,2,-,-,-,2021-12-31,2021,outside_director
20230315000315,Y,00166519,화천기공,8,2,-,-,-,2022-12-31,2022,outside_director
20240313000479,Y,00166519,화천기공,8,2,-,-,-,2023-12-31,2023,outside_director
20250312000803,Y,00166519,화천기공,7,2,-,-,-,2024-12-31,2024,outside_director
20210318000680,Y,00260408,팜스코,6,3,1,-,-,2020-12-31,2020,outside_director
20230228005108,Y,00260408,팜스코,6,3,1,-,-,2021-12-31,2021,outside_director
20230321001369,Y,00260408,팜스코,5,3,-,-,-,2022-12-31,2022,outside_director
20240315000769,Y,00260408,팜스코,6,3,1,-,-,2023-12-31,2023,outside_director
20250318001293,Y,00260408,팜스코,6,3,1,-,-,2024-12-31,2024,outside_director
20210311001208,Y,00244455,케이티앤지,7,5,2,-,-,2020-12-31,2020,outside_director
20220321001014,Y,00244455,케이티앤지,8,6,2,-,-,2021-12-31,2021,outside_director
20230320001005,Y,00244455,케이티앤지,8,6,2,-,-,2022-12-31,2022,outside_director
20240320001212,Y,00244455,케이티앤지,8,6,2,-,-,2023-12-31,2023,outside_director
20250318001223,Y,00244455,케이티앤지,7,6,2,-,-,2024-12-31,2024,outside_director
20210317000453,Y,00177199,디씨엠,4,1,1,-,-,2020-12-31,2020,outside_director
20220316000782,Y,00177199,디씨엠,4,1,1,-,-,2021-12-31,2021,outside_director
20230315000573,Y,00177199,디씨엠,4,1,-,-,-,2022-12-31,2022,outside_director
20240313000780,Y,00177199,디씨엠,4,1,-,-,-,2023-12-31,2023,outside_director
20250718000228,Y,00177199,디씨엠,4,1,1,-,-,2024-12-31,2024,outside_director
20210311001241,Y,00140168,HS애드,6,2,-,-,-,2020-12-31,2020,outside_director
20220317001091,Y,00140168,HS애드,6,2,1,1,-,2021-12-31,2021,outside_director
20230316000872,Y,00140168,HS애드,6,2,1,1,-,2022-12-31,2022,outside_director
20240314001521,Y,00140168,HS애드,6,2,-,-,-,2023-12-31,2023,outside_director
20250311001196,Y,00140168,HS애드,6,2,1,-,-,2024-12-31,2024,outside_director
20210311001060,Y,00260383,대한유화,6,3,2,-,-,2020-12-31,2020,outside_director
20220310001198,Y,00260383,대한유화,5,3,1,-,-,2021-12-31,2021,outside_director
20230309000833,Y,00260383,대한유화,8,5,2,-,-,2022-12-31,2022,outside_director
20240307000479,Y,00260383,대한유화,7,4,1,-,-,2023-12-31,2023,outside_director
20250306000568,Y,00260383,대한유화,7,4,1,-,-,2024-12-31,2024,outside_director
20220712000592,Y,00122551,백산,3,1,1,1,-,2021-12-31,2021,outside_director
20230321000690,Y,00122551,백산,3,1,-,-,-,2022-12-31,2022,outside_director
20240319000327,Y,00122551,백산,4,1,-,-,-,2023-12-31,2023,outside_director
20250319000644,Y,00122551,백산,4,1,-,-,-,2024-12-31,2024,outside_director
20200928000395,Y,00125576,체시스,5,2,2,-,-,2020-06-30,2020,outside_director
20210917000616,Y,00125576,체시스,5,2,-,-,-,2021-06-30,2021,outside_director
20220920000356,Y,00125576,체시스,5,2,-,-,-,2022-06-30,2022,outside_director
20230918000095,Y,00125576,체시스,6,2,2,-,-,2023-06-30,2023,outside_director
20240321001312,Y,00125576,체시스,6,2,2,-,-,2023-12-31,2023,outside_director
20250321001138,Y,00125576,체시스,6,2,-,-,-,2024-12-31,2024,outside_director
20210317001223,Y,00146861,자화전자,4,1,-,-,-,2020-12-31,2020,outside_director
20220323000621,Y,00146861,자화전자,1,1,-,-,-,2021-12-31,2021,outside_director
20230321001537,Y,00146861,자화전자,4,1,-,-,-,2022-12-31,2022,outside_director
20240320001903,Y,00146861,자화전자,4,1,-,-,-,2023-12-31,2023,outside_director
20250320001727,Y,00146861,자화전자,4,1,-,-,-,2024-12-31,2024,outside_director
20210319001235,Y,00190321,케이티,11,8,4,-,-,2020-12-31,2020,outside_director
20221006000582,Y,00190321,케이티,11,8,2,-,-,2021-12-31,2021,outside_director
20230323001449,Y,00190321,케이티,10,8,3,-,-,2022-12-31,2022,outside_director
20240320002050,Y,00190321,케이티,10,8,7,-,4,2023-12-31,2023,outside_director
20250321001834,Y,00190321,케이티,10,8,-,-,-,2024-12-31,2024,outside_director
20210331002650,Y,00156150,엑시큐어하이트론,2,1,-,-,-,2020-12-31,2020,outside_director
20220720000259,Y,00156150,엑시큐어하이트론,7,1,3,-,2,2021-12-31,2021,outside_director
20231030000426,Y,00156150,엑시큐어하이트론,8,2,2,-,1,2022-12-31,2022,outside_director
20240731000687,Y,00156150,엑시큐어하이트론,7,2,2,2,0,2023-12-31,2023,outside_director
20250321001008,Y,00156150,엑시큐어하이트론,4,2,2,-,1,2024-12-31,2024,outside_director
20210409002715,Y,00148276,제일기획,5,2,-,-,-,2020-12-31,2020,outside_director
20220324000651,Y,00148276,제일기획,5,2,-,-,-,2021-12-31,2021,outside_director
20230308000451,Y,00148276,제일기획,5,2,1,-,-,2022-12-31,2022,outside_director
20240313001356,Y,00148276,제일기획,4,2,-,-,-,2023-12-31,2023,outside_director
20250311000974,Y,00148276,제일기획,5,2,1,-,-,2024-12-31,2024,outside_director
20210316000993,Y,00209780,케이씨,6,2,1,-,-,2020-12-31,2020,outside_director
20220321000938,Y,00209780,케이씨,6,2,1,-,-,2021-12-31,2021,outside_director
20230321001309,Y,00209780,케이씨,6,2,1,-,-,2022-12-31,2022,outside_director
20240320001938,Y,00209780,케이씨,8,2,1,-,-,2023-12-31,2023,outside_director
20250318001395,Y,00209780,케이씨,8,2,1,-,-,2024-12-31,2024,outside_director
20210507000170,Y,00112022,대원화성,3,2,-,-,-,2020-12-31,2020,outside_director
20220816001036,Y,00112022,대원화성,3,2,-,-,-,2021-12-31,2021,outside_director
20230316001139,Y,00112022,대원화성,4,2,-,-,-,2022-12-31,2022,outside_director
20240321001056,Y,00112022,대원화성,4,2,-,-,-,2023-12-31,2023,outside_director
20250320001317,Y,00112022,대원화성,4,2,-,-,-,2024-12-31,2024,outside_director
20210318000819,Y,00165583,E1,7,4,1,-,-,2020-12-31,2020,outside_director
20220317000782,Y,00165583,E1,7,4,1,-,-,2021-12-31,2021,outside_director
20230316000899,Y,00165583,E1,7,4,2,-,-,2022-12-31,2022,outside_director
20240321001440,Y,00165583,E1,7,4,2,-,2,2023-12-31,2023,outside_director
20250814000491,Y,00165583,E1,7,4,3,-,1,2024-12-31,2024,outside_director
20210322001027,Y,00144164,SK가스,7,4,1,-,-,2020-12-31,2020,outside_director
20220316001245,Y,00144164,SK가스,7,4,2,-,-,2021-12-31,2021,outside_director
20230315000990,Y,00144164,SK가스,7,4,1,-,-,2022-12-31,2022,outside_director
20240320001478,Y,00144164,SK가스,7,4,1,-,-,2023-12-31,2023,outside_director
20250312000964,Y,00144164,SK가스,7,4,1,-,-,2024-12-31,2024,outside_director
20240226005760,Y,00176914,다우기술,5,3,3,-,-,2020-12-31,2020,outside_director
20220324000698,Y,00176914,다우기술,5,3,-,-,-,2021-12-31,2021,outside_director
20230321001409,Y,00176914,다우기술,5,3,-,-,-,2022-12-31,2022,outside_director
20240320001719,Y,00176914,다우기술,5,3,3,-,-,2023-12-31,2023,outside_director
20250318001202,Y,00176914,다우기술,5,3,-,-,-,2024-12-31,2024,outside_director
20210316000221,Y,00140779,영보화학,6,2,-,-,-,2020-12-31,2020,outside_director
20220315000699,Y,00140779,영보화학,6,2,-,-,-,2021-12-31,2021,outside_director
20230315000345,Y,00140779,영보화학,5,2,2,-,-,2022-12-31,2022,outside_director
20240313001248,Y,00140779,영보화학,6,2,2,-,-,2023-12-31,2023,outside_director
20250312000962,Y,00140779,영보화학,5,2,-,-,-,2024-12-31,2024,outside_director
20210423000677,Y,00139889,SKC,7,4,2,-,1,2020-12-31,2020,outside_director
20220816001935,Y,00139889,SKC,7,4,2,-,1,2021-12-31,2021,outside_director
20230320000846,Y,00139889,SKC,7,4,1,-,1,2022-12-31,2022,outside_director
20240409003864,Y,00139889,SKC,7,4,2,-,1,2023-12-31,2023,outside_director
20250318001448,Y,00139889,SKC,7,4,-,-,-,2024-12-31,2024,outside_director
20210322000280,Y,00159564,한국주강,3,1,-,-,-,2020-12-31,2020,outside_director
20220325001050,Y,00159564,한국주강,3,1,1,-,-,2021-12-31,2021,outside_director
20230322000094,Y,00159564,한국주강,3,1,-,-,-,2022-12-31,2022,outside_director
20240321001460,Y,00159564,한국주강,3,1,-,-,-,2023-12-31,2023,outside_director
20250319000402,Y,00159564,한국주강,4,1,-,-,-,2024-12-31,2024,outside_director
20210609000312,Y,00114154,디와이덕양,5,2,-,-,-,2020-12-31,2020,outside_director
20220404002273,Y,00114154,디와이덕양,5,2,-,-,-,2021-12-31,2021,outside_director
20230320000948,Y,00114154,디와이덕양,8,3,1,-,-,2022-12-31,2022,outside_director
20240318000799,Y,00114154,디와이덕양,8,3,-,-,-,2023-12-31,2023,outside_director
20250317000666,Y,00114154,디와이덕양,7,3,1,-,-,2024-12-31,2024,outside_director
20210319001248,Y,00121969,에쓰씨엔지니어링,4,1,1,0,2,2020-12-31,2020,outside_director
20220726000333,Y,00121969,에쓰씨엔지니어링,4,1,4,-,3,2021-12-31,2021,outside_director
20230321000863,Y,00121969,에쓰씨엔지니어링,8,3,-,-,-,2022-12-31,2022,outside_director
20240328001322,Y,00121969,에쓰씨엔지니어링,7,3,2,-,2,2023-12-31,2023,outside_director
20250326001145,Y,00121969,에쓰씨엔지니어링,5,2,2,-,2,2024-12-31,2024,outside_director
20210319001374,Y,00103510,인지컨트롤스,4,1,-,-,-,2020-12-31,2020,outside_director
20220321001159,Y,00103510,인지컨트롤스,4,1,-,-,-,2021-12-31,2021,outside_director
20230324001000,Y,00103510,인지컨트롤스,4,1,-,-,-,2022-12-31,2022,outside_director
20240320001757,Y,00103510,인지컨트롤스,4,1,-,-,-,2023-12-31,2023,outside_director
20250328001677,Y,00103510,인지컨트롤스,3,1,-,-,-,2024-12-31,2024,outside_director
20210322000972,Y,00186559,아이티센씨티에스,3,1,-,-,-,2020-12-31,2020,outside_director
20220328001029,Y,00186559,아이티센씨티에스,4,1,1,-,-,2021-12-31,2021,outside_director
20230330000235,Y,00186559,아이티센씨티에스,4,1,-,-,-,2022-12-31,2022,outside_director
20240327001197,Y,00186559,아이티센씨티에스,4,1,-,-,-,2023-12-31,2023,outside_director
20250319001103,Y,00186559,아이티센씨티에스,3,1,1,-,-,2024-12-31,2024,outside_director
20210318001401,Y,00181943,에스제이엠홀딩스,3,1,-,-,-,2020-12-31,2020,outside_director
20221223000367,Y,00181943,에스제이엠홀딩스,3,1,-,-,-,2021-12-31,2021,outside_director
20230322001299,Y,00181943,에스제이엠홀딩스,3,1,-,-,-,2022-12-31,2022,outside_director
20240321001861,Y,00181943,에스제이엠홀딩스,3,1,1,-,-,2023-12-31,2023,outside_director
20250320001596,Y,00181943,에스제이엠홀딩스,3,1,-,-,-,2024-12-31,2024,outside_director
20210330000776,Y,00164779,SK하이닉스,9,6,2,-,-,2020-12-31,2020,outside_director
20220322000590,Y,00164779,SK하이닉스,9,6,3,-,-,2021-12-31,2021,outside_director
20230321001209,Y,00164779,SK하이닉스,9,6,1,-,-,2022-12-31,2022,outside_director
20240319000684,Y,00164779,SK하이닉스,10,7,3,-,-,2023-12-31,2023,outside_director
20250319000665,Y,00164779,SK하이닉스,10,6,2,-,-,2024-12-31,2024,outside_director
20210316000829,Y,00121534,MH에탄올,4,1,-,-,-,2020-12-31,2020,outside_director
20220316000865,Y,00121534,MH에탄올,4,1,-,-,-,2021-12-31,2021,outside_director
20230315001383,Y,00121534,MH에탄올,5,1,1,-,-,2022-12-31,2022,outside_director
20240313001046,Y,00121534,MH에탄올,4,1,-,-,-,2023-12-31,2023,outside_director
20250312000625,Y,00121534,MH에탄올,4,1,-,-,-,2024-12-31,2024,outside_director
20210316000282,Y,00115065,동남합성,6,2,2,-,-,2020-12-31,2020,outside_director
20220808000217,Y,00115065,동남합성,6,2,-,-,-,2021-12-31,2021,outside_director
20230314001293,Y,00115065,동남합성,6,2,-,-,-,2022-12-31,2022,outside_director
20240312000423,Y,00115065,동남합성,6,2,-,-,-,2023-12-31,2023,outside_director
20250311000605,Y,00115065,동남합성,5,2,-,-,-,2024-12-31,2024,outside_director
20210517002076,Y,00126308,삼성E&A,6,4,1,-,1,2020-12-31,2020,outside_director
20220308000672,Y,00126308,삼성E&A,7,4,1,0,1,2021-12-31,2021,outside_director
20230831001403,Y,00126308,삼성E&A,7,4,2,0,2,2022-12-31,2022,outside_director
20240329003421,Y,00126308,삼성E&A,7,4,1,0,1,2023-12-31,2023,outside_director
20250814003670,Y,00126308,삼성E&A,7,4,1,0,0,2024-12-31,2024,outside_director
20210310000864,Y,00135795,신도리코,9,4,3,-,1,2020-12-31,2020,outside_director
20220308000868,Y,00135795,신도리코,7,3,-,-,-,2021-12-31,2021,outside_director
20230313000388,Y,00135795,신도리코,7,3,-,-,0,2022-12-31,2022,outside_director
20240313000830,Y,00135795,신도리코,7,3,3,-,1,2023-12-31,2023,outside_director
20250715000025,Y,00135795,신도리코,5,3,-,-,-,2024-12-31,2024,outside_director
20220318001096,Y,00168331,온타이드,6,2,3,-,2,2020-12-31,2020,outside_director
20220322001089,Y,00168331,온타이드,3,1,-,-,1,2021-12-31,2021,outside_director
20230322001115,Y,00168331,온타이드,3,1,1,-,1,2022-12-31,2022,outside_director
20240320001042,Y,00168331,온타이드,3,1,-,-,-,2023-12-31,2023,outside_director
20250320000926,Y,00168331,온타이드,3,1,1,-,1,2024-12-31,2024,outside_director
20210318001322,Y,00161709,퍼시스,7,2,-,-,-,2020-12-31,2020,outside_director
20220317001198,Y,00161709,퍼시스,7,2,2,-,-,2021-12-31,2021,outside_director
20230316001331,Y,00161709,퍼시스,5,2,-,-,-,2022-12-31,2022,outside_director
20240321000997,Y,00161709,퍼시스,5,2,-,-,-,2023-12-31,2023,outside_director
20250814001419,Y,00161709,퍼시스,6,3,4,-,1,2024-12-31,2024,outside_director
20210318000396,Y,00142865,WISCOM,6,3,1,-,1,2020-12-31,2020,outside_director
20220317000365,Y,00142865,WISCOM,6,3,2,-,-,2021-12-31,2021,outside_director
20230316000445,Y,00142865,WISCOM,6,3,-,-,-,2022-12-31,2022,outside_director
20240314000549,Y,00142865,WISCOM,6,3,1,-,-,2023-12-31,2023,outside_director
20250320000660,Y,00142865,WISCOM,6,6,2,-,-,2024-12-31,2024,outside_director
20210318001363,Y,00118044,동원수산,6,2,-,-,-,2020-12-31,2020,outside_director
20220317000755,Y,00118044,동원수산,6,2,1,-,-,2021-12-31,2021,outside_director
20230316000263,Y,00118044,동원수산,6,2,-,-,-,2022-12-31,2022,outside_director
20240314001415,Y,00118044,동원수산,5,2,-,-,-,2023-12-31,2023,outside_director
20250404003738,Y,00118044,동원수산,4,1,-,-,-,2024-12-31,2024,outside_director
20210322001086,Y,00197759,미래산업,8,2,3,-,2,2020-12-31,2020,outside_director
20221006000468,Y,00197759,미래산업,8,2,1,-,1,2021-12-31,2021,outside_director
20230320000617,Y,00197759,미래산업,7,2,-,-,-,2022-12-31,2022,outside_director
20250205000477,Y,00197759,미래산업,5,1,2,-,3,2023-12-31,2023,outside_director
20250318001105,Y,00197759,미래산업,6,2,1,-,-,2024-12-31,2024,outside_director
20210318000782,Y,00152729,광전자,5,2,-,-,-,2020-12-31,2020,outside_director
20220321000459,Y,00152729,광전자,3,1,-,-,-,2021-12-31,2021,outside_director
20230316000645,Y,00152729,광전자,3,1,-,-,-,2022-12-31,2022,outside_director
20240315000438,Y,00152729,광전자,3,1,1,-,-,2023-12-31,2023,outside_director
20250320000952,Y,00152729,광전자,3,1,1,-,1,2024-12-31,2024,outside_director
20210311001113,Y,00157070,한국단자공업,3,1,-,-,-,2020-12-31,2020,outside_director
20220317000875,Y,00157070,한국단자공업,3,1,-,-,-,2021-12-31,2021,outside_director
20230323000756,Y,00157070,한국단자공업,3,1,1,-,-,2022-12-31,2022,outside_director
20240325000553,Y,00157070,한국단자공업,3,1,-,-,-,2023-12-31,2023,outside_director
20250320000091,Y,00157070,한국단자공업,3,1,-,-,-,2024-12-31,2024,outside_director
20230309000372,Y,00118275,디아이,7,2,2,-,-,2020-12-31,2020,outside_director
20230309000380,Y,00118275,디아이,8,3,3,-,-,2021-12-31,2021,outside_director
20230316001051,Y,00118275,디아이,6,2,-,-,-,2022-12-31,2022,outside_director
20240314001500,Y,00118275,디아이,6,2,1,-,-,2023-12-31,2023,outside_director
20250313001050,Y,00118275,디아이,6,2,1,-,-,2024-12-31,2024,outside_director
20210322000367,Y,00136271,신성이엔지,5,2,1,-,-,2020-12-31,2020,outside_director
20220713000340,Y,00136271,신성이엔지,5,2,1,-,-,2021-12-31,2021,outside_director
20230316001222,Y,00136271,신성이엔지,5,2,1,0,1,2022-12-31,2022,outside_director
20240314001609,Y,00136271,신성이엔지,5,2,0,0,0,2023-12-31,2023,outside_director
20250318001079,Y,00136271,신성이엔지,6,3,2,0,0,2024-12-31,2024,outside_director
20210322000959,Y,00118965,티에이치엔,4,1,-,-,-,2020-12-31,2020,outside_director
20220322000923,Y,00118965,티에이치엔,4,1,-,-,-,2021-12-31,2021,outside_director
20230322000844,Y,00118965,티에이치엔,4,1,-,-,-,2022-12-31,2022,outside_director
20240320001057,Y,00118965,티에이치엔,4,1,-,-,-,2023-12-31,2023,outside_director
20250319001022,Y,00118965,티에이치엔,4,1,-,-,-,2024-12-31,2024,outside_director
20210319001134,Y,00161125,한온시스템,9,5,-,-,-,2020-12-31,2020,outside_director
20220816000770,Y,00161125,한온시스템,9,5,3,-,-,2021-12-31,2021,outside_director
20230515000867,Y,00161125,한온시스템,9,5,3,-,1,2022-12-31,2022,outside_director
20240320000500,Y,00161125,한온시스템,9,5,3,-,1,2023-12-31,2023,outside_director
20260318000466,Y,00161125,한온시스템,9,5,3,-,-,2024-12-31,2024,outside_director
20210323000566,Y,00141404,블루산업개발,6,2,1,-,1,2020-12-31,2020,outside_director
20220318000643,Y,00141404,블루산업개발,6,2,-,-,-,2021-12-31,2021,outside_director
20230712000496,Y,00141404,블루산업개발,5,2,2,-,2,2022-12-31,2022,outside_director
20240320001681,Y,00141404,블루산업개발,7,3,1,-,-,2023-12-31,2023,outside_director
20250411003513,Y,00141404,블루산업개발,7,3,-,-,-,2024-12-31,2024,outside_director
20230228006838,Y,00134316,세원정공,7,4,3,-,1,2020-06-30,2020,outside_director
20230228006856,Y,00134316,세원정공,7,4,-,-,-,2021-06-30,2021,outside_director
20230228006867,Y,00134316,세원정공,6,3,1,-,2,2022-06-30,2022,outside_director
20230919000247,Y,00134316,세원정공,6,3,-,-,-,2023-06-30,2023,outside_director
20250808000388,Y,00134316,세원정공,6,3,-,-,-,2024-06-30,2024,outside_director
20210323001008,Y,00144252,유니온,4,1,-,-,-,2020-12-31,2020,outside_director
20220317001135,Y,00144252,유니온,4,1,-,-,-,2021-12-31,2021,outside_director
20230323001190,Y,00144252,유니온,4,1,1,-,-,2022-12-31,2022,outside_director
20240321001439,Y,00144252,유니온,4,1,-,-,-,2023-12-31,2023,outside_director
20250320001552,Y,00144252,유니온,4,1,-,-,-,2024-12-31,2024,outside_director
20210318000957,Y,00140131,키다리스튜디오,4,1,1,1,-,2020-12-31,2020,outside_director
20220317000876,Y,00140131,키다리스튜디오,4,1,-,-,-,2021-12-31,2021,outside_director
20230316001551,Y,00140131,키다리스튜디오,4,1,-,-,-,2022-12-31,2022,outside_director
20240318000710,Y,00140131,키다리스튜디오,4,1,2,-,1,2023-12-31,2023,outside_director
20250319000526,Y,00140131,키다리스튜디오,4,1,1,-,-,2024-12-31,2024,outside_director
20210318000861,Y,00133706,한국제지,4,1,1,0,1,2020-12-31,2020,outside_director
20220323000788,Y,00133706,한국제지,4,1,0,0,0,2021-12-31,2021,outside_director
20230316000858,Y,00133706,한국제지,4,1,0,0,0,2022-12-31,2022,outside_director
20240314001202,Y,00133706,한국제지,3,1,1,-,1,2023-12-31,2023,outside_director
20250314001620,Y,00133706,한국제지,4,1,-,-,-,2024-12-31,2024,outside_director
20210315000785,Y,00188089,한섬,7,3,1,-,-,2020-12-31,2020,outside_director
20220816002184,Y,00188089,한섬,7,3,-,-,-,2021-12-31,2021,outside_director
20230315001312,Y,00188089,한섬,7,3,2,-,-,2022-12-31,2022,outside_director
20240315000735,Y,00188089,한섬,7,3,-,-,-,2023-12-31,2023,outside_director
20250829000928,Y,00188089,한섬,7,3,3,-,-,2024-12-31,2024,outside_director
20210319001408,Y,00164724,현대엘리베이터,7,3,1,-,-,2020-12-31,2020,outside_director
20220321001512,Y,00164724,현대엘리베이터,7,3,1,-,-,2021-12-31,2021,outside_director
20230321001479,Y,00164724,현대엘리베이터,7,4,3,-,-,2022-12-31,2022,outside_director
20240320001956,Y,00164724,현대엘리베이터,7,4,3,-,1,2023-12-31,2023,outside_director
20250318000920,Y,00164724,현대엘리베이터,7,4,2,-,-,2024-12-31,2024,outside_director
20210311000726,Y,00166573,환인제약,5,3,1,-,-,2020-12-31,2020,outside_director
20220310000467,Y,00166573,환인제약,5,3,1,-,-,2021-12-31,2021,outside_director
20230316000803,Y,00166573,환인제약,5,3,1,-,-,2022-12-31,2022,outside_director
20240314001165,Y,00166573,환인제약,5,3,1,-,-,2023-12-31,2023,outside_director
20250813000488,Y,00166573,환인제약,5,3,1,-,-,2024-12-31,2024,outside_director
20211025000143,Y,00102432,계룡건설산업,9,3,-,-,-,2020-12-31,2020,outside_director
20220318000802,Y,00102432,계룡건설산업,9,3,1,-,-,2021-12-31,2021,outside_director
20230320000720,Y,00102432,계룡건설산업,10,3,2,-,-,2022-12-31,2022,outside_director
20240319000660,Y,00102432,계룡건설산업,8,3,-,-,-,2023-12-31,2023,outside_director
20250814001751,Y,00102432,계룡건설산업,7,3,-,-,-,2024-12-31,2024,outside_director
20210316000275,Y,00131197,서원,3,1,1,-,-,2020-12-31,2020,outside_director
20230309000649,Y,00131197,서원,3,1,1,-,1,2021-12-31,2021,outside_director
20230323000835,Y,00131197,서원,3,1,-,-,-,2022-12-31,2022,outside_director
20240320000669,Y,00131197,서원,3,1,-,-,-,2023-12-31,2023,outside_director
20250320001156,Y,00131197,서원,3,1,-,-,-,2024-12-31,2024,outside_director
20210310001205,Y,00158501,에스원,8,2,-,-,-,2020-12-31,2020,outside_director
20220308000980,Y,00158501,에스원,8,2,1,-,1,2021-12-31,2021,outside_director
20230307000691,Y,00158501,에스원,8,2,1,-,1,2022-12-31,2022,outside_director
20240313001360,Y,00158501,에스원,6,2,-,-,-,2023-12-31,2023,outside_director
20250312000984,Y,00158501,에스원,9,5,4,-,-,2024-12-31,2024,outside_director
20210323000904,Y,00153339,태경산업,2,1,1,-,-,2020-12-31,2020,outside_director
20220317000620,Y,00153339,태경산업,2,1,-,-,-,2021-12-31,2021,outside_director
20230323001143,Y,00153339,태경산업,3,1,-,-,-,2022-12-31,2022,outside_director
20240321001207,Y,00153339,태경산업,4,1,1,-,-,2023-12-31,2023,outside_director
20250321000898,Y,00153339,태경산업,4,1,-,-,-,2024-12-31,2024,outside_director
20210318000924,Y,00135777,신대양제지,9,3,3,-,-,2020-12-31,2020,outside_director
20220322000706,Y,00135777,신대양제지,9,3,-,-,-,2021-12-31,2021,outside_director
20230905000316,Y,00135777,신대양제지,9,3,1,-,1,2022-12-31,2022,outside_director
20240321001761,Y,00135777,신대양제지,9,3,3,-,1,2023-12-31,2023,outside_director
20250320001290,Y,00135777,신대양제지,9,3,1,-,-,2024-12-31,2024,outside_director
20210331002101,Y,00144720,와이투솔루션,3,2,-,-,-,2020-12-31,2020,outside_director
20220315001039,Y,00144720,와이투솔루션,2,1,2,-,1,2021-12-31,2021,outside_director
20230320000702,Y,00144720,와이투솔루션,3,1,-,-,-,2022-12-31,2022,outside_director
20240319000565,Y,00144720,와이투솔루션,4,2,1,-,-,2023-12-31,2023,outside_director
20250319001127,Y,00144720,와이투솔루션,4,2,-,-,-,2024-12-31,2024,outside_director
20210316000430,Y,00107987,남해화학,12,8,-,-,-,2020-12-31,2020,outside_director
20220317000080,Y,00107987,남해화학,11,7,8,-,1,2021-12-31,2021,outside_director
20230316001430,Y,00107987,남해화학,12,8,1,-,-,2022-12-31,2022,outside_director
20240314001607,Y,00107987,남해화학,12,7,6,-,-,2023-12-31,2023,outside_director
20250320001346,Y,00107987,남해화학,13,8,4,-,-,2024-12-31,2024,outside_director
20210706000358,Y,00118008,동원금속,6,3,-,-,-,2021-03-31,2021,outside_director
20220620000208,Y,00118008,동원금속,6,3,-,-,-,2022-03-31,2022,outside_director
20230620000249,Y,00118008,동원금속,5,3,-,-,-,2023-03-31,2023,outside_director
20240619000177,Y,00118008,동원금속,6,3,-,-,-,2024-03-31,2024,outside_director
20210322001033,Y,00132868,우성머티리얼스,4,1,-,-,-,2020-12-31,2020,outside_director
20220322000888,Y,00132868,우성머티리얼스,4,1,-,-,-,2021-12-31,2021,outside_director
20230322000752,Y,00132868,우성머티리얼스,7,3,4,-,1,2022-12-31,2022,outside_director
20240321001113,Y,00132868,우성머티리얼스,7,3,1,-,1,2023-12-31,2023,outside_director
20250320000581,Y,00132868,우성머티리얼스,4,1,1,-,3,2024-12-31,2024,outside_director
20210318001102,Y,00164645,HMM,5,3,-,-,-,2020-12-31,2020,outside_director
20220321001124,Y,00164645,HMM,5,3,3,0,0,2021-12-31,2021,outside_director
20230714000061,Y,00164645,HMM,5,3,2,-,-,2022-12-31,2022,outside_director
20240328001188,Y,00164645,HMM,5,3,1,-,-,2023-12-31,2023,outside_director
20250318000828,Y,00164645,HMM,6,4,3,-,-,2024-12-31,2024,outside_director
20210331000615,Y,00102113,경인양행,6,2,-,-,-,2020-12-31,2020,outside_director
20220330000263,Y,00102113,경인양행,6,2,-,-,-,2021-12-31,2021,outside_director
20230316000324,Y,00102113,경인양행,8,2,-,-,-,2022-12-31,2022,outside_director
20240314001432,Y,00102113,경인양행,8,2,1,-,1,2023-12-31,2023,outside_director
20250320000738,Y,00102113,경인양행,8,2,1,-,1,2024-12-31,2024,outside_director
20210616000380,Y,00155355,풀무원,11,7,-,-,-,2020-12-31,2020,outside_director
20220322001067,Y,00155355,풀무원,11,8,2,-,1,2021-12-31,2021,outside_director
20230322001245,Y,00155355,풀무원,11,8,3,-,-,2022-12-31,2022,outside_director
20240320001580,Y,00155355,풀무원,9,7,2,-,1,2023-12-31,2023,outside_director
20250318001312,Y,00155355,풀무원,11,8,2,-,-,2024-12-31,2024,outside_director
20210315000572,Y,00130684,서울도시가스,7,3,1,-,-,2020-12-31,2020,outside_director
20220316001413,Y,00130684,서울도시가스,7,3,3,-,-,2021-12-31,2021,outside_director
20230315000963,Y,00130684,서울도시가스,7,3,-,-,-,2022-12-31,2022,outside_director
20240319000303,Y,00130684,서울도시가스,7,3,-,-,-,2023-12-31,2023,outside_director
20250703000161,Y,00130684,서울도시가스,7,3,-,-,-,2024-12-31,2024,outside_director
20210317001055,Y,00145464,이구산업,7,3,-,-,-,2020-12-31,2020,outside_director
20220316000677,Y,00145464,이구산업,7,3,3,-,-,2021-12-31,2021,outside_director
20230315000658,Y,00145464,이구산업,7,3,-,-,-,2022-12-31,2022,outside_director
20240318000443,Y,00145464,이구산업,7,3,1,1,-,2023-12-31,2023,outside_director
20250320000112,Y,00145464,이구산업,7,3,-,-,-,2024-12-31,2024,outside_director
20210317001212,Y,00139764,에넥스,3,1,1,-,-,2020-12-31,2020,outside_director
20220316001347,Y,00139764,에넥스,3,0,-,-,1,2021-12-31,2021,outside_director
20230315001362,Y,00139764,에넥스,4,1,1,-,-,2022-12-31,2022,outside_director
20240321001860,Y,00139764,에넥스,4,1,-,-,-,2023-12-31,2023,outside_director
20250318001112,Y,00139764,에넥스,4,1,-,-,-,2024-12-31,2024,outside_director
20210319000919,Y,00152385,에이프로젠,4,1,-,-,-,2020-12-31,2020,outside_director
20220331001224,Y,00152385,에이프로젠,3,1,-,-,-,2021-12-31,2021,outside_director
20230327000820,Y,00152385,에이프로젠,4,2,3,-,2,2022-12-31,2022,outside_director
20240328001313,Y,00152385,에이프로젠,4,2,2,-,2,2023-12-31,2023,outside_director
20250321001573,Y,00152385,에이프로젠,4,2,-,-,-,2024-12-31,2024,outside_director
20210329000647,Y,00136776,차AI헬스케어,4,2,-,-,-,2020-12-31,2020,outside_director
20220816002378,Y,00136776,차AI헬스케어,4,2,-,-,-,2021-12-31,2021,outside_director
20230322001335,Y,00136776,차AI헬스케어,6,2,4,-,4,2022-12-31,2022,outside_director
20240320001971,Y,00136776,차AI헬스케어,8,2,-,-,-,2023-12-31,2023,outside_director
20250319000718,Y,00136776,차AI헬스케어,8,2,-,-,-,2024-12-31,2024,outside_director
20210322000802,Y,00159795,한국카본,4,1,-,-,-,2020-12-31,2020,outside_director
20220322000780,Y,00159795,한국카본,4,1,-,-,-,2021-12-31,2021,outside_director
20230321001102,Y,00159795,한국카본,3,1,1,-,-,2022-12-31,2022,outside_director
20240321001829,Y,00159795,한국카본,4,1,-,-,-,2023-12-31,2023,outside_director
20250319000937,Y,00159795,한국카본,4,1,-,-,-,2024-12-31,2024,outside_director
20210318001183,Y,00191472,KPX케미칼,6,2,2,-,1,2020-12-31,2020,outside_director
20220317000976,Y,00191472,KPX케미칼,6,2,-,-,-,2021-12-31,2021,outside_director
20230316000950,Y,00191472,KPX케미칼,6,2,-,-,-,2022-12-31,2022,outside_director
20240314001246,Y,00191472,KPX케미칼,6,2,-,-,-,2023-12-31,2023,outside_director
20250313001177,Y,00191472,KPX케미칼,6,2,-,-,-,2024-12-31,2024,outside_director
20210323000572,Y,00154329,TP,2,1,-,-,-,2020-12-31,2020,outside_director
20220322000869,Y,00154329,TP,3,1,-,-,-,2021-12-31,2021,outside_director
20230322000780,Y,00154329,TP,2,1,-,-,-,2022-12-31,2022,outside_director
20240320001241,Y,00154329,TP,4,1,-,-,-,2023-12-31,2023,outside_director
20250319000833,Y,00154329,TP,4,1,1,-,-,2024-12-31,2024,outside_director
20210819000375,Y,00147860,에스엠벡셀,7,4,-,-,-,2020-12-31,2020,outside_director
20220323001138,Y,00147860,에스엠벡셀,4,1,1,4,-,2021-12-31,2021,outside_director
20230323001300,Y,00147860,에스엠벡셀,4,2,-,-,-,2022-12-31,2022,outside_director
20240321001504,Y,00147860,에스엠벡셀,6,3,-,-,-,2023-12-31,2023,outside_director
20250320001174,Y,00147860,에스엠벡셀,6,3,2,2,-,2024-12-31,2024,outside_director
20210311000730,Y,00121570,문배철강,2,1,-,-,-,2020-12-31,2020,outside_director
20220310001184,Y,00121570,문배철강,2,1,-,-,-,2021-12-31,2021,outside_director
20230316000931,Y,00121570,문배철강,2,1,-,-,-,2022-12-31,2022,outside_director
20240314000969,Y,00121570,문배철강,3,1,1,-,-,2023-12-31,2023,outside_director
20250708000057,Y,00121570,문배철강,3,1,1,-,-,2024-12-31,2024,outside_director
20210422000308,Y,00161116,HL D&I,8,4,-,-,-,2020-12-31,2020,outside_director
20220317001226,Y,00161116,HL D&I,8,4,5,-,1,2021-12-31,2021,outside_director
20230315001407,Y,00161116,HL D&I,8,4,-,-,-,2022-12-31,2022,outside_director
20240318000780,Y,00161116,HL D&I,7,4,-,-,-,2023-12-31,2023,outside_director
20250317000836,Y,00161116,HL D&I,8,4,4,-,-,2024-12-31,2024,outside_director
20210318000605,Y,00141529,오뚜기,3,1,-,-,-,2020-12-31,2020,outside_director
20220317000455,Y,00141529,오뚜기,4,1,-,-,-,2021-12-31,2021,outside_director
20230321000549,Y,00141529,오뚜기,7,4,4,-,-,2022-12-31,2022,outside_director
20240318000813,Y,00141529,오뚜기,7,4,-,-,-,2023-12-31,2023,outside_director
20250318000979,Y,00141529,오뚜기,7,4,-,-,-,2024-12-31,2024,outside_director
20210506000464,Y,00146542,일정실업,4,1,-,-,-,2020-12-31,2020,outside_director
20240321001893,Y,00146542,일정실업,4,1,-,-,-,2021-12-31,2021,outside_director
20240321001879,Y,00146542,일정실업,4,1,-,-,-,2022-12-31,2022,outside_director
20240321001940,Y,00146542,일정실업,4,1,-,-,-,2023-12-31,2023,outside_director
20250320001689,Y,00146542,일정실업,2,-,-,-,1,2024-12-31,2024,outside_director
20210319001364,Y,00105855,엘에스일렉트릭,7,4,2,-,-,2020-12-31,2020,outside_director
20220318000964,Y,00105855,엘에스일렉트릭,7,4,1,-,-,2021-12-31,2021,outside_director
20230320000799,Y,00105855,엘에스일렉트릭,6,4,1,-,-,2022-12-31,2022,outside_director
20240326000494,Y,00105855,엘에스일렉트릭,8,5,3,-,-,2023-12-31,2023,outside_director
20250317000918,Y,00105855,엘에스일렉트릭,9,5,1,-,-,2024-12-31,2024,outside_director
20220422000699,Y,00111111,대양금속,4,1,6,0,5,2020-12-31,2020,outside_director
20220316001358,Y,00111111,대양금속,7,2,1,0,0,2021-12-31,2021,outside_director
20230322000926,Y,00111111,대양금속,6,2,-,-,-,2022-12-31,2022,outside_director
20240320001622,Y,00111111,대양금속,6,2,1,-,1,2023-12-31,2023,outside_director
20250731000398,Y,00111111,대양금속,6,2,2,2,-,2024-12-31,2024,outside_director
20240315000757,Y,00145686,이화산업,7,3,0,0,0,2020-12-31,2020,outside_director
20240315000770,Y,00145686,이화산업,6,2,0,0,1,2021-12-31,2021,outside_director
20240315000810,Y,00145686,이화산업,7,3,0,0,0,2022-12-31,2022,outside_director
20240321000690,Y,00145686,이화산업,6,2,0,0,1,2023-12-31,2023,outside_director
20250320000337,Y,00145686,이화산업,7,3,0,0,0,2024-12-31,2024,outside_director
20210317001135,Y,00132637,동원시스템즈,3,1,-,-,-,2020-12-31,2020,outside_director
20220510000724,Y,00132637,동원시스템즈,4,1,-,-,-,2021-12-31,2021,outside_director
20230320000820,Y,00132637,동원시스템즈,4,1,-,-,-,2022-12-31,2022,outside_director
20240319000775,Y,00132637,동원시스템즈,3,1,-,-,-,2023-12-31,2023,outside_director
20250318000868,Y,00132637,동원시스템즈,3,1,-,-,-,2024-12-31,2024,outside_director
20210311000965,Y,00126478,삼성중공업,7,4,1,1,-,2020-12-31,2020,outside_director
20220310001057,Y,00126478,삼성중공업,7,4,2,-,-,2021-12-31,2021,outside_director
20230309000699,Y,00126478,삼성중공업,7,4,1,-,-,2022-12-31,2022,outside_director
20240315000850,Y,00126478,삼성중공업,7,4,1,-,-,2023-12-31,2023,outside_director
20250319000397,Y,00126478,삼성중공업,7,4,2,-,-,2024-12-31,2024,outside_director
20210311000068,Y,00151128,모토닉,4,1,1,-,-,2020-12-31,2020,outside_director
20220310000288,Y,00151128,모토닉,4,1,-,-,-,2021-12-31,2021,outside_director
20230316000602,Y,00151128,모토닉,5,2,1,-,-,2022-12-31,2022,outside_director
20240314000922,Y,00151128,모토닉,4,1,-,-,-,2023-12-31,2023,outside_director
20250313000748,Y,00151128,모토닉,5,2,1,-,-,2024-12-31,2024,outside_director
20210322000570,Y,00166315,화신,5,3,-,-,-,2020-12-31,2020,outside_director
20220321001215,Y,00166315,화신,5,3,-,-,-,2021-12-31,2021,outside_director
20230320000645,Y,00166315,화신,5,3,3,-,-,2022-12-31,2022,outside_director
20240320000628,Y,00166315,화신,5,3,1,-,-,2023-12-31,2023,outside_director
20250317000376,Y,00166315,화신,5,3,-,-,-,2024-12-31,2024,outside_director
20210317000464,Y,00129387,SP삼화,4,1,1,-,-,2020-12-31,2020,outside_director
20220316000363,Y,00129387,SP삼화,5,2,1,-,-,2021-12-31,2021,outside_director
20230316001290,Y,00129387,SP삼화,6,2,1,-,-,2022-12-31,2022,outside_director
20240320000357,Y,00129387,SP삼화,5,2,-,-,-,2023-12-31,2023,outside_director
20250312000816,Y,00129387,SP삼화,5,2,1,-,-,2024-12-31,2024,outside_director
20210419000238,Y,00101488,경동나비엔,5,2,1,1,-,2020-12-31,2020,outside_director
20220321001363,Y,00101488,경동나비엔,7,2,-,-,-,2021-12-31,2021,outside_director
20230321001339,Y,00101488,경동나비엔,7,3,3,-,-,2022-12-31,2022,outside_director
20240319000499,Y,00101488,경동나비엔,7,3,-,-,-,2023-12-31,2023,outside_director
20250318000908,Y,00101488,경동나비엔,8,3,3,-,-,2024-12-31,2024,outside_director
20210322000448,Y,00163345,DB,5,3,2,0,0,2020-12-31,2020,outside_director
20220322000400,Y,00163345,DB,6,3,3,0,0,2021-12-31,2021,outside_director
20230321001132,Y,00163345,DB,6,3,3,0,0,2022-12-31,2022,outside_director
20240320000561,Y,00163345,DB,8,3,3,0,0,2023-12-31,2023,outside_director
20250320000879,Y,00163345,DB,8,3,1,0,1,2024-12-31,2024,outside_director
20210318001407,Y,00125150,SGC에너지,6,2,-,-,-,2020-12-31,2020,outside_director
20220812000745,Y,00125150,SGC에너지,6,2,-,-,-,2021-12-31,2021,outside_director
20230309000859,Y,00125150,SGC에너지,6,2,-,-,-,2022-12-31,2022,outside_director
20240313001769,Y,00125150,SGC에너지,6,2,1,-,1,2023-12-31,2023,outside_director
20250312001090,Y,00125150,SGC에너지,6,2,-,-,-,2024-12-31,2024,outside_director
20210318000985,Y,00109754,대림바스,6,3,1,-,-,2020-12-31,2020,outside_director
20220317001239,Y,00109754,대림바스,6,3,2,-,-,2021-12-31,2021,outside_director
20230323001091,Y,00109754,대림바스,6,3,-,-,-,2022-12-31,2022,outside_director
20240321001994,Y,00109754,대림바스,6,2,1,-,1,2023-12-31,2023,outside_director
20250321001769,Y,00109754,대림바스,4,1,-,-,-,2024-12-31,2024,outside_director
20210322000956,Y,00113535,대한해운,7,4,2,-,1,2020-12-31,2020,outside_director
20220322000863,Y,00113535,대한해운,7,4,2,-,-,2021-12-31,2021,outside_director
20230322001051,Y,00113535,대한해운,5,3,2,-,1,2022-12-31,2022,outside_director
20240321001983,Y,00113535,대한해운,5,3,1,-,-,2023-12-31,2023,outside_director
20250320001093,Y,00113535,대한해운,5,3,3,-,1,2024-12-31,2024,outside_director
20210317001215,Y,00111421,휴니드테크놀러지스,3,1,1,-,-,2020-12-31,2020,outside_director
20220308000872,Y,00111421,휴니드테크놀러지스,5,2,1,-,-,2021-12-31,2021,outside_director
20230313000533,Y,00111421,휴니드테크놀러지스,3,1,-,-,-,2022-12-31,2022,outside_director
20240311000760,Y,00111421,휴니드테크놀러지스,3,-,-,-,1,2023-12-31,2023,outside_director
20250310000706,Y,00111421,휴니드테크놀러지스,4,1,1,-,-,2024-12-31,2024,outside_director
20210323000785,Y,00135111,수산세보틱스,7,3,-,-,-,2020-12-31,2020,outside_director
20220323001120,Y,00135111,수산세보틱스,7,3,3,-,-,2021-12-31,2021,outside_director
20230323001156,Y,00135111,수산세보틱스,8,3,-,-,-,2022-12-31,2022,outside_director
20240320001315,Y,00135111,수산세보틱스,8,3,-,-,-,2023-12-31,2023,outside_director
20250321001765,Y,00135111,수산세보틱스,7,3,-,-,-,2024-12-31,2024,outside_director
20210315001080,Y,00165413,롯데케미칼,9,6,5,-,1,2020-12-31,2020,outside_director
20220316001034,Y,00165413,롯데케미칼,11,6,1,-,-,2021-12-31,2021,outside_director
20230321001511,Y,00165413,롯데케미칼,10,5,-,-,1,2022-12-31,2022,outside_director
20240401004380,Y,00165413,롯데케미칼,9,6,2,-,-,2023-12-31,2023,outside_director
20250725000806,Y,00165413,롯데케미칼,9,6,4,-,-,2024-12-31,2024,outside_director
20210311000591,Y,00106669,세아베스틸지주,7,4,-,-,-,2020-12-31,2020,outside_director
20220317000967,Y,00106669,세아베스틸지주,7,4,-,-,-,2021-12-31,2021,outside_director
20230321001452,Y,00106669,세아베스틸지주,7,4,2,-,-,2022-12-31,2022,outside_director
20240312000629,Y,00106669,세아베스틸지주,7,4,2,-,-,2023-12-31,2023,outside_director
20250318000465,Y,00106669,세아베스틸지주,7,4,2,-,-,2024-12-31,2024,outside_director
20210310001048,Y,00165680,호텔신라,7,4,-,-,-,2020-12-31,2020,outside_director
20220310000632,Y,00165680,호텔신라,7,4,1,-,1,2021-12-31,2021,outside_director
20230308000580,Y,00165680,호텔신라,7,4,3,-,1,2022-12-31,2022,outside_director
20240313001634,Y,00165680,호텔신라,7,4,-,-,-,2023-12-31,2023,outside_director
20250515002269,Y,00165680,호텔신라,7,4,2,-,1,2024-12-31,2024,outside_director
20210319000931,Y,00122481,태경비케이,3,1,-,-,-,2020-12-31,2020,outside_director
20220315000630,Y,00122481,태경비케이,3,1,1,-,-,2021-12-31,2021,outside_director
20230316001157,Y,00122481,태경비케이,2,1,-,-,-,2022-12-31,2022,outside_director
20240319000625,Y,00122481,태경비케이,2,1,-,-,-,2023-12-31,2023,outside_director
20250320001058,Y,00122481,태경비케이,3,1,1,-,-,2024-12-31,2024,outside_director
20210323000769,Y,00166272,화승코퍼레이션,8,3,1,-,-,2020-12-31,2020,outside_director
20220325001293,Y,00166272,화승코퍼레이션,10,3,1,-,1,2021-12-31,2021,outside_director
20230321001153,Y,00166272,화승코퍼레이션,10,3,-,-,-,2022-12-31,2022,outside_director
20240320001210,Y,00166272,화승코퍼레이션,10,3,-,-,-,2023-12-31,2023,outside_director
20250321001555,Y,00166272,화승코퍼레이션,8,3,1,-,-,2024-12-31,2024,outside_director
20210323001129,Y,00173795,신흥,4,1,-,-,-,2020-12-31,2020,outside_director
20220321000785,Y,00173795,신흥,5,2,2,-,1,2021-12-31,2021,outside_director
20230411002838,Y,00173795,신흥,6,2,2,-,1,2022-12-31,2022,outside_director
20240314000810,Y,00173795,신흥,6,2,1,-,1,2023-12-31,2023,outside_director
20250320000945,Y,00173795,신흥,7,3,1,-,-,2024-12-31,2024,outside_director
20210319000897,Y,00166227,화승인더스트리,7,3,0,0,0,2020-12-31,2020,outside_director
20220812000471,Y,00166227,화승인더스트리,7,3,-,-,-,2021-12-31,2021,outside_director
20230317000128,Y,00166227,화승인더스트리,7,3,2,-,2,2022-12-31,2022,outside_director
20240315000083,Y,00166227,화승인더스트리,7,3,-,-,-,2023-12-31,2023,outside_director
20250317000314,Y,00166227,화승인더스트리,7,3,-,-,-,2024-12-31,2024,outside_director
20210323000729,Y,00105156,극동유화,6,2,-,-,-,2020-12-31,2020,outside_director
20220323000781,Y,00105156,극동유화,6,2,1,-,-,2021-12-31,2021,outside_director
20230323000821,Y,00105156,극동유화,5,1,1,-,2,2022-12-31,2022,outside_director
20240321000846,Y,00105156,극동유화,6,2,2,-,1,2023-12-31,2023,outside_director
20250320001025,Y,00105156,극동유화,6,2,-,-,-,2024-12-31,2024,outside_director
20210318000784,Y,00102751,고려산업,7,3,-,-,-,2020-12-31,2020,outside_director
20220317000641,Y,00102751,고려산업,7,3,3,-,-,2021-12-31,2021,outside_director
20230316000629,Y,00102751,고려산업,7,3,1,-,1,2022-12-31,2022,outside_director
20240318000158,Y,00102751,고려산업,7,3,2,-,-,2023-12-31,2023,outside_director
20250312000333,Y,00102751,고려산업,7,3,1,-,-,2024-12-31,2024,outside_director
20210419000142,Y,00113614,대현,4,3,-,-,-,2020-12-31,2020,outside_director
20220317000488,Y,00113614,대현,8,3,-,-,-,2021-12-31,2021,outside_director
20230316001384,Y,00113614,대현,7,3,1,-,-,2022-12-31,2022,outside_director
20240329000905,Y,00113614,대현,7,3,2,-,-,2023-12-31,2023,outside_director
20250321001236,Y,00113614,대현,6,3,-,-,-,2024-12-31,2024,outside_director
20210323000916,Y,00114765,케이비아이동국실업,3,1,-,-,-,2020-12-31,2020,outside_director
20220323000961,Y,00114765,케이비아이동국실업,3,1,1,1,-,2021-12-31,2021,outside_director
20230323001211,Y,00114765,케이비아이동국실업,3,1,-,-,-,2022-12-31,2022,outside_director
20240321000932,Y,00114765,케이비아이동국실업,3,1,1,-,-,2023-12-31,2023,outside_director
20250319000773,Y,00114765,케이비아이동국실업,3,1,1,-,-,2024-12-31,2024,outside_director
20241114000271,Y,00103662,광명전기,6,2,1,-,-,2020-12-31,2020,outside_director
20241114000278,Y,00103662,광명전기,6,2,1,-,-,2021-12-31,2021,outside_director
20241113000753,Y,00103662,광명전기,6,2,-,-,-,2022-12-31,2022,outside_director
20241113000752,Y,00103662,광명전기,6,2,1,-,-,2023-12-31,2023,outside_director
20250814002376,Y,00103662,광명전기,8,2,2,-,1,2024-12-31,2024,outside_director
20210318000217,Y,00124027,부산산업,5,2,1,1,-,2020-12-31,2020,outside_director
20220317000676,Y,00124027,부산산업,5,2,1,1,-,2021-12-31,2021,outside_director
20230316000697,Y,00124027,부산산업,5,2,1,1,-,2022-12-31,2022,outside_director
20240321000638,Y,00124027,부산산업,5,2,-,-,-,2023-12-31,2023,outside_director
20250320000250,Y,00124027,부산산업,5,2,-,-,-,2024-12-31,2024,outside_director
20210323001172,Y,00138297,STX,4,1,-,-,-,2020-12-31,2020,outside_director
20220331003200,Y,00138297,STX,4,1,-,-,-,2021-12-31,2021,outside_director
20230323001138,Y,00138297,STX,4,1,-,-,-,2022-12-31,2022,outside_director
20240321001859,Y,00138297,STX,4,1,-,-,-,2023-12-31,2023,outside_director
20250320001714,Y,00138297,STX,3,1,1,-,-,2024-12-31,2024,outside_director
20210316000528,Y,00102858,고려아연,9,5,3,3,-,2020-12-31,2020,outside_director
20220315001010,Y,00102858,고려아연,11,6,1,0,0,2021-12-31,2021,outside_director
20230309000731,Y,00102858,고려아연,11,6,1,-,-,2022-12-31,2022,outside_director
20240328001400,Y,00102858,고려아연,11,6,2,-,-,2023-12-31,2023,outside_director
20250331003521,Y,00102858,고려아연,12,7,11,-,1,2024-12-31,2024,outside_director
20210317000938,Y,00135050,팜젠사이언스,7,2,2,0,1,2020-12-31,2020,outside_director
20220321001357,Y,00135050,팜젠사이언스,7,2,-,-,-,2021-12-31,2021,outside_director
20230321000651,Y,00135050,팜젠사이언스,8,2,-,-,-,2022-12-31,2022,outside_director
20240320000880,Y,00135050,팜젠사이언스,8,2,2,-,-,2023-12-31,2023,outside_director
20250321000584,Y,00135050,팜젠사이언스,8,2,-,-,-,2024-12-31,2024,outside_director
20210317001154,Y,00136086,무림페이퍼,5,3,2,-,-,2020-12-31,2020,outside_director
20220315000719,Y,00136086,무림페이퍼,5,3,1,-,1,2021-12-31,2021,outside_director
20230320000891,Y,00136086,무림페이퍼,5,3,1,-,-,2022-12-31,2022,outside_director
20240318000526,Y,00136086,무림페이퍼,5,3,1,-,-,2023-12-31,2023,outside_director
20250317000368,Y,00136086,무림페이퍼,5,3,1,-,-,2024-12-31,2024,outside_director
20201229000327,Y,00168401,금비,3,1,-,-,-,2020-09-30,2020,outside_director
20211222000233,Y,00168401,금비,3,1,-,-,-,2021-09-30,2021,outside_director
20221215000437,Y,00168401,금비,3,1,1,-,1,2022-09-30,2022,outside_director
20231214000541,Y,00168401,금비,3,1,1,-,-,2023-09-30,2023,outside_director
20241219000451,Y,00168401,금비,3,1,-,-,-,2024-09-30,2024,outside_director
20210319000654,Y,00143794,원림,3,1,1,1,-,2020-12-31,2020,outside_director
20220930000156,Y,00143794,원림,3,1,1,-,-,2021-12-31,2021,outside_director
20230321000959,Y,00143794,원림,3,1,-,-,-,2022-12-31,2022,outside_director
20240326000661,Y,00143794,원림,3,1,-,-,-,2023-12-31,2023,outside_director
20250321000993,Y,00143794,원림,3,1,-,-,-,2024-12-31,2024,outside_director
20210318000555,Y,00131692,서흥,4,1,-,-,-,2020-12-31,2020,outside_director
20220317000935,Y,00131692,서흥,4,1,-,-,-,2021-12-31,2021,outside_director
20230316001280,Y,00131692,서흥,4,1,1,-,-,2022-12-31,2022,outside_director
20240321001350,Y,00131692,서흥,4,1,1,-,1,2023-12-31,2023,outside_director
20250320000847,Y,00131692,서흥,4,1,-,-,-,2024-12-31,2024,outside_director
20210318000527,Y,00132628,성문전자,3,1,-,-,-,2020-12-31,2020,outside_director
20220331000062,Y,00132628,성문전자,3,1,-,-,-,2021-12-31,2021,outside_director
20230317000008,Y,00132628,성문전자,3,-,-,1,-,2022-12-31,2022,outside_director
20240315000212,Y,00132628,성문전자,3,1,-,-,-,2023-12-31,2023,outside_director
20250320000385,Y,00132628,성문전자,4,1,-,-,-,2024-12-31,2024,outside_director
20210330001057,Y,00169048,HLB글로벌,9,3,1,-,1,2020-12-31,2020,outside_director
20220322000988,Y,00169048,HLB글로벌,6,2,-,-,1,2021-12-31,2021,outside_director
20230322000937,Y,00169048,HLB글로벌,5,2,-,-,-,2022-12-31,2022,outside_director
20240320001129,Y,00169048,HLB글로벌,6,2,-,-,-,2023-12-31,2023,outside_director
20250319000687,Y,00169048,HLB글로벌,5,2,-,-,-,2024-12-31,2024,outside_director
20210318000495,Y,00111458,대영포장,7,3,3,-,-,2020-12-31,2020,outside_director
20220322000600,Y,00111458,대영포장,5,3,3,-,3,2021-12-31,2021,outside_director
20230322000585,Y,00111458,대영포장,5,3,-,-,-,2022-12-31,2022,outside_director
20240321000763,Y,00111458,대영포장,5,3,-,-,-,2023-12-31,2023,outside_director
20250320001314,Y,00111458,대영포장,5,3,1,-,1,2024-12-31,2024,outside_director
20210316000467,Y,00141413,영화금속,6,3,-,-,-,2020-12-31,2020,outside_director
20220321000789,Y,00141413,영화금속,6,3,1,1,-,2021-12-31,2021,outside_director
20230315000988,Y,00141413,영화금속,6,3,2,2,-,2022-12-31,2022,outside_director
20240313001079,Y,00141413,영화금속,5,3,-,-,-,2023-12-31,2023,outside_director
20250318000559,Y,00141413,영화금속,5,3,-,-,-,2024-12-31,2024,outside_director
20230502000018,Y,00137359,신풍제약,1,5,1,-,-,2020-12-31,2020,outside_director
20230502000020,Y,00137359,신풍제약,1,4,1,-,1,2021-12-31,2021,outside_director
20230712000270,Y,00137359,신풍제약,1,3,2,-,1,2022-12-31,2022,outside_director
20240322000888,Y,00137359,신풍제약,6,4,2,-,-,2023-12-31,2023,outside_director
20250814002067,Y,00137359,신풍제약,6,4,2,-,1,2024-12-31,2024,outside_director
20210319000344,Y,00116268,동성제약,3,1,-,-,-,2020-12-31,2020,outside_director
20220328000201,Y,00116268,동성제약,3,1,-,-,-,2021-12-31,2021,outside_director
20230331003352,Y,00116268,동성제약,3,1,1,-,-,2022-12-31,2022,outside_director
20260506000528,Y,00116268,동성제약,3,1,-,-,-,2023-12-31,2023,outside_director
20260506000539,Y,00116268,동성제약,3,1,-,-,-,2024-12-31,2024,outside_director
20210416000602,Y,00145437,아센디오,3,1,1,2,-,2020-12-31,2020,outside_director
20220816002550,Y,00145437,아센디오,3,1,1,1,-,2021-12-31,2021,outside_director
20230320000827,Y,00145437,아센디오,3,1,-,-,-,2022-12-31,2022,outside_director
20240801000257,Y,00145437,아센디오,4,1,1,-,1,2023-12-31,2023,outside_director
20250321000735,Y,00145437,아센디오,6,3,2,-,-,2024-12-31,2024,outside_director
20210318000891,Y,00162586,한올바이오파마,6,3,1,-,-,2020-12-31,2020,outside_director
20220816001546,Y,00162586,한올바이오파마,7,3,1,-,-,2021-12-31,2021,outside_director
20230321000255,Y,00162586,한올바이오파마,7,3,1,-,-,2022-12-31,2022,outside_director
20240320000734,Y,00162586,한올바이오파마,7,3,1,-,-,2023-12-31,2023,outside_director
20250318000750,Y,00162586,한올바이오파마,7,3,1,-,-,2024-12-31,2024,outside_director
20210319000979,Y,00137207,유니켐,4,1,1,0,2,2020-12-31,2020,outside_director
20220321001005,Y,00137207,유니켐,4,1,-,-,-,2021-12-31,2021,outside_director
20230329000065,Y,00137207,유니켐,4,1,-,-,-,2022-12-31,2022,outside_director
20240327000002,Y,00137207,유니켐,5,2,2,0,1,2023-12-31,2023,outside_director
20250807000215,Y,00137207,유니켐,6,2,-,-,-,2024-12-31,2024,outside_director
20210316000786,Y,00112651,대창,3,1,-,-,-,2020-12-31,2020,outside_director
20220322000499,Y,00112651,대창,3,1,-,-,-,2021-12-31,2021,outside_director
20230321001144,Y,00112651,대창,3,1,-,-,-,2022-12-31,2022,outside_director
20240319000397,Y,00112651,대창,3,1,-,-,-,2023-12-31,2023,outside_director
20250318001233,Y,00112651,대창,2,1,-,-,-,2024-12-31,2024,outside_director
20210319000523,Y,00146232,일성건설,3,1,1,-,-,2020-12-31,2020,outside_director
20220318000548,Y,00146232,일성건설,3,1,-,-,-,2021-12-31,2021,outside_director
20230317000389,Y,00146232,일성건설,3,1,-,-,-,2022-12-31,2022,outside_director
20240315000734,Y,00146232,일성건설,3,1,1,-,-,2023-12-31,2023,outside_director
20250808000499,Y,00146232,일성건설,3,1,-,-,-,2024-12-31,2024,outside_director
20210316001027,Y,00129420,까뮤이앤씨,6,3,-,-,-,2020-12-31,2020,outside_director
20220711000510,Y,00129420,까뮤이앤씨,6,3,3,-,-,2021-12-31,2021,outside_director
20230321000720,Y,00129420,까뮤이앤씨,6,3,3,-,-,2022-12-31,2022,outside_director
20240320001782,Y,00129420,까뮤이앤씨,6,3,-,-,-,2023-12-31,2023,outside_director
20250321001470,Y,00129420,까뮤이앤씨,6,3,3,-,-,2024-12-31,2024,outside_director
20210310000273,Y,00123107,보락,3,1,-,-,-,2020-12-31,2020,outside_director
20220317000649,Y,00123107,보락,3,1,-,-,-,2021-12-31,2021,outside_director
20230316000878,Y,00123107,보락,3,1,-,-,-,2022-12-31,2022,outside_director
20240314000488,Y,00123107,보락,3,1,-,-,-,2023-12-31,2023,outside_director
20250321000822,Y,00123107,보락,3,1,-,-,-,2024-12-31,2024,outside_director
20210326000766,Y,00131939,선도전기,4,1,0,0,0,2020-12-31,2020,outside_director
20231229000030,Y,00131939,선도전기,4,1,1,-,-,2021-12-31,2021,outside_director
20240502000538,Y,00131939,선도전기,4,1,1,-,-,2022-12-31,2022,outside_director
20240502000551,Y,00131939,선도전기,4,1,1,-,-,2023-12-31,2023,outside_director
20250926000794,Y,00131939,선도전기,5,3,3,-,-,2024-12-31,2024,outside_director
20210517001174,Y,00127158,씨아이테크,4,1,-,-,-,2020-12-31,2020,outside_director
20220323000416,Y,00127158,씨아이테크,4,1,-,-,-,2021-12-31,2021,outside_director
20230320000388,Y,00127158,씨아이테크,4,1,-,-,-,2022-12-31,2022,outside_director
20240312000745,Y,00127158,씨아이테크,7,2,2,-,-,2023-12-31,2023,outside_director
20250321000753,Y,00127158,씨아이테크,7,2,-,-,-,2024-12-31,2024,outside_director
20210405002921,Y,00103592,광동제약,6,3,1,-,1,2020-12-31,2020,outside_director
20220317000780,Y,00103592,광동제약,6,3,1,-,1,2021-12-31,2021,outside_director
20230321001353,Y,00103592,광동제약,6,3,1,-,-,2022-12-31,2022,outside_director
20240322001015,Y,00103592,광동제약,6,3,1,-,-,2023-12-31,2023,outside_director
20250325000803,Y,00103592,광동제약,6,3,1,-,-,2024-12-31,2024,outside_director
20210318001168,Y,00129554,갤럭시아에스엠,6,2,1,-,-,2020-12-31,2020,outside_director
20220323000490,Y,00129554,갤럭시아에스엠,4,1,-,-,-,2021-12-31,2021,outside_director
20230322000815,Y,00129554,갤럭시아에스엠,4,1,-,-,-,2022-12-31,2022,outside_director
20240321000774,Y,00129554,갤럭시아에스엠,5,2,1,-,-,2023-12-31,2023,outside_director
20250814002546,Y,00129554,갤럭시아에스엠,4,1,-,-,1,2024-12-31,2024,outside_director
20210319001297,Y,00172185,남성,7,2,-,-,-,2020-12-31,2020,outside_director
20220329001016,Y,00172185,남성,6,1,-,-,-,2021-12-31,2021,outside_director
20230321001012,Y,00172185,남성,4,1,-,-,-,2022-12-31,2022,outside_director
20240320000908,Y,00172185,남성,4,1,-,-,-,2023-12-31,2023,outside_director
20250319000945,Y,00172185,남성,4,1,-,-,-,2024-12-31,2024,outside_director
20210326000432,Y,00159740,KISCO홀딩스,5,2,-,-,1,2020-12-31,2020,outside_director
20220317000898,Y,00159740,KISCO홀딩스,6,3,1,-,-,2021-12-31,2021,outside_director
20230324001226,Y,00159740,KISCO홀딩스,6,3,-,-,-,2022-12-31,2022,outside_director
20240314001743,Y,00159740,KISCO홀딩스,6,3,1,-,-,2023-12-31,2023,outside_director
20250320001326,Y,00159740,KISCO홀딩스,6,3,-,-,-,2024-12-31,2024,outside_director
20210311001176,Y,00153861,태영건설,6,4,-,-,-,2020-12-31,2020,outside_director
20220310001209,Y,00153861,태영건설,6,4,2,1,-,2021-12-31,2021,outside_director
20230317000233,Y,00153861,태영건설,6,4,2,-,-,2022-12-31,2022,outside_director
20240927000935,Y,00153861,태영건설,6,4,-,-,-,2023-12-31,2023,outside_director
20250814003344,Y,00153861,태영건설,5,3,1,2,-,2024-12-31,2024,outside_director
20210818000238,Y,00124090,한국특강,6,3,3,-,3,2020-12-31,2020,outside_director
20220318001034,Y,00124090,한국특강,6,3,-,-,-,2021-12-31,2021,outside_director
20240318000532,Y,00124090,한국특강,8,3,2,-,-,2022-12-31,2022,outside_director
20240318000647,Y,00124090,한국특강,8,3,-,-,-,2023-12-31,2023,outside_director
20250321001284,Y,00124090,한국특강,6,3,3,-,-,2024-12-31,2024,outside_director
20210316000126,Y,00140946,한솔로지스틱스,7,2,1,-,-,2020-12-31,2020,outside_director
20220222001884,Y,00140946,한솔로지스틱스,7,3,1,-,-,2021-12-31,2021,outside_director
20230314000521,Y,00140946,한솔로지스틱스,7,2,1,-,1,2022-12-31,2022,outside_director
20240312000456,Y,00140946,한솔로지스틱스,7,2,-,-,-,2023-12-31,2023,outside_director
20250311001053,Y,00140946,한솔로지스틱스,7,2,-,-,-,2024-12-31,2024,outside_director
20210311001144,Y,00127042,SYTS,6,3,2,-,-,2020-12-31,2020,outside_director
20220331003424,Y,00127042,SYTS,6,3,-,-,-,2021-12-31,2021,outside_director
20230315001242,Y,00127042,SYTS,6,3,1,-,-,2022-12-31,2022,outside_director
20240314001152,Y,00127042,SYTS,6,3,1,-,-,2023-12-31,2023,outside_director
20250321001357,Y,00127042,SYTS,6,3,-,-,-,2024-12-31,2024,outside_director
20210317000804,Y,00159023,SK텔레콤,8,5,2,-,-,2020-12-31,2020,outside_director
20220812000185,Y,00159023,SK텔레콤,7,5,1,-,-,2021-12-31,2021,outside_director
20230320000235,Y,00159023,SK텔레콤,8,5,1,-,-,2022-12-31,2022,outside_director
20240318000570,Y,00159023,SK텔레콤,8,5,3,-,-,2023-12-31,2023,outside_director
20250317000684,Y,00159023,SK텔레콤,9,5,1,-,-,2024-12-31,2024,outside_director
20230306000422,Y,00160375,진양폴리우레탄,-,1,-,-,-,2022-12-31,2022,outside_director
20240304000316,Y,00160375,진양폴리우레탄,-,1,-,-,-,2023-12-31,2023,outside_director
20250228006453,Y,00160375,진양폴리우레탄,-,1,-,-,-,2024-12-31,2024,outside_director
20210325000207,Y,00122056,미창석유공업,4,2,2,-,-,2020-12-31,2020,outside_director
20220324000331,Y,00122056,미창석유공업,5,2,2,-,-,2021-12-31,2021,outside_director
20230327000678,Y,00122056,미창석유공업,5,2,2,-,-,2022-12-31,2022,outside_director
20240321000804,Y,00122056,미창석유공업,5,2,1,-,-,2023-12-31,2023,outside_director
20250321001415,Y,00122056,미창석유공업,6,2,-,-,-,2024-12-31,2024,outside_director
20210318000062,Y,00127802,삼익THK,9,3,1,-,-,2020-12-31,2020,outside_director
20220329000395,Y,00127802,삼익THK,9,3,-,-,-,2021-12-31,2021,outside_director
20230316001338,Y,00127802,삼익THK,9,3,2,-,-,2022-12-31,2022,outside_director
20240314001617,Y,00127802,삼익THK,9,3,1,-,-,2023-12-31,2023,outside_director
20250313001328,Y,00127802,삼익THK,9,3,-,-,-,2024-12-31,2024,outside_director
20210419000194,Y,00121932,미원상사,6,3,1,-,-,2020-12-31,2020,outside_director
20220728000426,Y,00121932,미원상사,9,3,2,-,-,2021-12-31,2021,outside_director
20230320000972,Y,00121932,미원상사,9,3,-,-,-,2022-12-31,2022,outside_director
20240318000694,Y,00121932,미원상사,8,3,-,-,-,2023-12-31,2023,outside_director
20250317000651,Y,00121932,미원상사,7,3,-,-,-,2024-12-31,2024,outside_director
20210910000001,Y,00134176,세우글로벌,5,2,1,1,-,2020-12-31,2020,outside_director
20220728000414,Y,00134176,세우글로벌,6,2,1,-,-,2021-12-31,2021,outside_director
20230724000235,Y,00134176,세우글로벌,6,2,-,-,-,2022-12-31,2022,outside_director
20240318000681,Y,00134176,세우글로벌,6,2,-,-,-,2023-12-31,2023,outside_director
20250321001830,Y,00134176,세우글로벌,6,2,-,-,-,2024-12-31,2024,outside_director
20210326001090,Y,00164788,현대모비스,9,5,2,-,-,2020-12-31,2020,outside_director
20221005000463,Y,00164788,현대모비스,9,5,2,-,-,2021-12-31,2021,outside_director
20230321001162,Y,00164788,현대모비스,9,5,1,-,-,2022-12-31,2022,outside_director
20240319000626,Y,00164788,현대모비스,9,5,2,-,-,2023-12-31,2023,outside_director
20250311001180,Y,00164788,현대모비스,9,5,2,-,-,2024-12-31,2024,outside_director
20210319001296,Y,00101220,KG케미칼,4,1,-,-,-,2020-12-31,2020,outside_director
20220321001518,Y,00101220,KG케미칼,4,1,1,-,-,2021-12-31,2021,outside_director
20230321001469,Y,00101220,KG케미칼,4,4,-,-,-,2022-12-31,2022,outside_director
20240321001911,Y,00101220,KG케미칼,4,1,-,-,-,2023-12-31,2023,outside_director
20250814004193,Y,00101220,KG케미칼,4,1,-,-,-,2024-12-31,2024,outside_director
20210325000667,Y,00111689,아진전자부품,5,2,0,0,0,2020-12-31,2020,outside_director
20220323001221,Y,00111689,아진전자부품,5,2,0,0,0,2021-12-31,2021,outside_director
20230321001100,Y,00111689,아진전자부품,5,2,0,0,0,2022-12-31,2022,outside_director
20240319000483,Y,00111689,아진전자부품,5,2,0,0,0,2023-12-31,2023,outside_director
20250321001016,Y,00111689,아진전자부품,4,2,0,0,0,2024-12-31,2024,outside_director
20210514000023,Y,00159193,한국전력공사,15,8,8,-,1,2020-12-31,2020,outside_director
20220516001505,Y,00159193,한국전력공사,15,8,6,-,-,2021-12-31,2021,outside_director
20230525000309,Y,00159193,한국전력공사,14,7,1,-,1,2022-12-31,2022,outside_director
20240329002856,Y,00159193,한국전력공사,14,8,6,-,-,2023-12-31,2023,outside_director
20250318000747,Y,00159193,한국전력공사,14,8,1,-,-,2024-12-31,2024,outside_director
20210312000286,Y,00104388,국도화학,8,3,1,-,-,2020-12-31,2020,outside_director
20220310001195,Y,00104388,국도화학,10,3,1,-,-,2021-12-31,2021,outside_director
20230302000553,Y,00104388,국도화학,11,3,-,-,-,2022-12-31,2022,outside_director
20240307000864,Y,00104388,국도화학,9,3,2,-,-,2023-12-31,2023,outside_director
20250321001221,Y,00104388,국도화학,8,3,1,-,-,2024-12-31,2024,outside_director
20210428000731,Y,00129679,녹십자,4,1,1,-,-,2020-12-31,2020,outside_director
20220321001318,Y,00129679,녹십자,4,1,-,-,-,2021-12-31,2021,outside_director
20230321001403,Y,00129679,녹십자,4,1,1,-,-,2022-12-31,2022,outside_director
20240320001551,Y,00129679,녹십자,4,1,-,-,-,2023-12-31,2023,outside_director
20250318001288,Y,00129679,녹십자,7,4,4,-,-,2024-12-31,2024,outside_director
20210322001035,Y,00138260,SIMPAC,5,2,-,-,-,2020-12-31,2020,outside_director
20220321000935,Y,00138260,SIMPAC,4,1,1,-,2,2021-12-31,2021,outside_director
20230320000844,Y,00138260,SIMPAC,4,1,-,-,-,2022-12-31,2022,outside_director
20240320001579,Y,00138260,SIMPAC,4,1,1,-,-,2023-12-31,2023,outside_director
20250814003101,Y,00138260,SIMPAC,4,1,1,-,-,2024-12-31,2024,outside_director
20210323000575,Y,00104999,윌비스,8,3,3,-,-,2020-12-31,2020,outside_director
20221226000298,Y,00104999,윌비스,8,3,-,-,-,2021-12-31,2021,outside_director
20230321001489,Y,00104999,윌비스,6,3,-,-,-,2022-12-31,2022,outside_director
20240321001447,Y,00104999,윌비스,6,3,1,-,-,2023-12-31,2023,outside_director
20250327001289,Y,00104999,윌비스,6,3,-,-,-,2024-12-31,2024,outside_director
20210318000405,Y,00112679,대창단조,6,3,-,-,-,2020-12-31,2020,outside_director
20220930000113,Y,00112679,대창단조,6,3,-,-,-,2021-12-31,2021,outside_director
20230323000406,Y,00112679,대창단조,6,3,-,-,-,2022-12-31,2022,outside_director
20240321000893,Y,00112679,대창단조,6,3,3,-,-,2023-12-31,2023,outside_director
20250320000634,Y,00112679,대창단조,6,3,-,-,-,2024-12-31,2024,outside_director
20210318001287,Y,00124799,사조산업,7,3,2,2,-,2020-12-31,2020,outside_director
20220316001349,Y,00124799,사조산업,9,4,1,-,-,2021-12-31,2021,outside_director
20230315001388,Y,00124799,사조산업,8,3,-,-,-,2022-12-31,2022,outside_director
20240313000865,Y,00124799,사조산업,8,3,2,-,1,2023-12-31,2023,outside_director
20250312000903,Y,00124799,사조산업,8,3,2,-,1,2024-12-31,2024,outside_director
20210317000465,Y,00129509,한익스프레스,4,1,-,-,-,2020-12-31,2020,outside_director
20220317000917,Y,00129509,한익스프레스,4,1,-,-,-,2021-12-31,2021,outside_director
20230711000198,Y,00129509,한익스프레스,4,1,1,-,-,2022-12-31,2022,outside_director
20240416000412,Y,00129509,한익스프레스,4,1,-,-,-,2023-12-31,2023,outside_director
20250319000814,Y,00129509,한익스프레스,3,1,-,-,-,2024-12-31,2024,outside_director
20210318000423,Y,00137252,사조동아원,7,3,1,1,-,2020-12-31,2020,outside_director
20220316000709,Y,00137252,사조동아원,8,3,1,-,1,2021-12-31,2021,outside_director
20230315000694,Y,00137252,사조동아원,8,3,1,-,-,2022-12-31,2022,outside_director
20240313001271,Y,00137252,사조동아원,8,3,1,-,-,2023-12-31,2023,outside_director
20250312000522,Y,00137252,사조동아원,8,3,-,-,-,2024-12-31,2024,outside_director
20210318000118,Y,00102140,경인전자,3,1,-,-,-,2020-12-31,2020,outside_director
20220317000142,Y,00102140,경인전자,3,1,-,-,-,2021-12-31,2021,outside_director
20230315000359,Y,00102140,경인전자,3,1,1,-,1,2022-12-31,2022,outside_director
20240313000049,Y,00102140,경인전자,3,1,1,-,1,2023-12-31,2023,outside_director
20250312000686,Y,00102140,경인전자,3,1,1,-,1,2024-12-31,2024,outside_director
20210317001126,Y,00119007,무림P&P,5,3,-,-,-,2020-12-31,2020,outside_director
20220315000694,Y,00119007,무림P&P,6,4,1,-,-,2021-12-31,2021,outside_director
20230320000856,Y,00119007,무림P&P,5,3,2,-,-,2022-12-31,2022,outside_director
20240315000661,Y,00119007,무림P&P,5,3,-,-,-,2023-12-31,2023,outside_director
20250314001672,Y,00119007,무림P&P,5,3,1,-,-,2024-12-31,2024,outside_director
20210419000150,Y,00106881,인디에프,4,2,2,-,-,2020-12-31,2020,outside_director
20220317001075,Y,00106881,인디에프,4,2,-,-,-,2021-12-31,2021,outside_director
20230316001226,Y,00106881,인디에프,4,2,-,-,-,2022-12-31,2022,outside_director
20240321001639,Y,00106881,인디에프,3,1,-,-,1,2023-12-31,2023,outside_director
20250320001282,Y,00106881,인디에프,3,1,-,-,-,2024-12-31,2024,outside_director
20201229000102,Y,00122348,방림,4,1,1,-,-,2020-09-30,2020,outside_director
20211222000216,Y,00122348,방림,4,1,1,-,-,2021-09-30,2021,outside_director
20221230000430,Y,00122348,방림,4,1,-,-,-,2022-09-30,2022,outside_director
20231221000198,Y,00122348,방림,4,1,-,-,-,2023-09-30,2023,outside_director
20241219000406,Y,00122348,방림,4,1,-,-,-,2024-09-30,2024,outside_director
20210317000619,Y,00108746,DKME,7,3,1,-,-,2020-12-31,2020,outside_director
20220316000975,Y,00108746,DKME,7,3,-,-,-,2021-12-31,2021,outside_director
20230317000466,Y,00108746,DKME,7,3,1,-,-,2022-12-31,2022,outside_director
20250320001662,Y,00108746,DKME,6,3,1,-,-,2023-12-31,2023,outside_director
20250812000680,Y,00108746,DKME,7,2,1,-,2,2024-12-31,2024,outside_director
20210316001222,Y,00140955,한솔케미칼,6,3,1,-,-,2020-12-31,2020,outside_director
20220315000012,Y,00140955,한솔케미칼,6,3,1,-,-,2021-12-31,2021,outside_director
20230313000732,Y,00140955,한솔케미칼,6,3,2,-,1,2022-12-31,2022,outside_director
20240312000921,Y,00140955,한솔케미칼,6,3,-,-,-,2023-12-31,2023,outside_director
20250310000865,Y,00140955,한솔케미칼,6,3,-,-,-,2024-12-31,2024,outside_director
20210317001246,Y,00148522,퍼스텍,4,1,1,1,-,2020-12-31,2020,outside_director
20220318000974,Y,00148522,퍼스텍,4,1,1,1,-,2021-12-31,2021,outside_director
20230321001315,Y,00148522,퍼스텍,4,1,1,1,-,2022-12-31,2022,outside_director
20240319000584,Y,00148522,퍼스텍,4,1,-,-,-,2023-12-31,2023,outside_director
20250312000567,Y,00148522,퍼스텍,4,1,-,-,-,2024-12-31,2024,outside_director
20210322000152,Y,00161860,한성기업,4,1,-,-,-,2020-12-31,2020,outside_director
20220321001488,Y,00161860,한성기업,4,1,1,1,-,2021-12-31,2021,outside_director
20230320000677,Y,00161860,한성기업,4,1,-,-,-,2022-12-31,2022,outside_director
20240320000851,Y,00161860,한성기업,4,1,-,-,-,2023-12-31,2023,outside_director
20250318001322,Y,00161860,한성기업,4,1,-,-,-,2024-12-31,2024,outside_director
20210318000939,Y,00153524,태림포장,3,1,1,-,1,2020-12-31,2020,outside_director
20220317001089,Y,00153524,태림포장,2,1,-,-,-,2021-12-31,2021,outside_director
20230316001205,Y,00153524,태림포장,4,1,-,-,-,2022-12-31,2022,outside_director
20240314001580,Y,00153524,태림포장,4,1,-,-,-,2023-12-31,2023,outside_director
20250327000507,Y,00153524,태림포장,2,1,-,-,-,2024-12-31,2024,outside_director
20210311001209,Y,00138729,아세아제지,5,2,2,-,1,2020-12-31,2020,outside_director
20220310001190,Y,00138729,아세아제지,5,2,-,-,-,2021-12-31,2021,outside_director
20230309000717,Y,00138729,아세아제지,5,2,2,1,-,2022-12-31,2022,outside_director
20240314001117,Y,00138729,아세아제지,5,2,1,-,1,2023-12-31,2023,outside_director
20250312000916,Y,00138729,아세아제지,5,2,1,-,-,2024-12-31,2024,outside_director
20210317000728,Y,00166500,화천기계,6,2,-,-,-,2020-12-31,2020,outside_director
20220316000724,Y,00166500,화천기계,6,2,-,-,-,2021-12-31,2021,outside_director
20230315000727,Y,00166500,화천기계,6,2,2,2,-,2022-12-31,2022,outside_director
20240312000425,Y,00166500,화천기계,6,2,-,-,-,2023-12-31,2023,outside_director
20250814002772,Y,00166500,화천기계,6,2,-,-,-,2024-12-31,2024,outside_director
20210319000697,Y,00129013,CJ씨푸드,3,1,1,-,-,2020-12-31,2020,outside_director
20220321000834,Y,00129013,CJ씨푸드,3,1,-,-,-,2021-12-31,2021,outside_director
20230320000740,Y,00129013,CJ씨푸드,3,1,-,-,-,2022-12-31,2022,outside_director
20240319000639,Y,00129013,CJ씨푸드,3,1,-,-,-,2023-12-31,2023,outside_director
20250317000808,Y,00129013,CJ씨푸드,3,1,-,-,-,2024-12-31,2024,outside_director
20210317000596,Y,00137809,SHD,4,1,-,-,-,2020-12-31,2020,outside_director
20220321000833,Y,00137809,SHD,4,2,-,-,-,2021-12-31,2021,outside_director
20230321000569,Y,00137809,SHD,4,2,1,-,-,2022-12-31,2022,outside_director
20240320000855,Y,00137809,SHD,4,2,1,-,-,2023-12-31,2023,outside_director
20250318000112,Y,00137809,SHD,4,2,1,-,-,2024-12-31,2024,outside_director
20210318000382,Y,00149239,조일알미늄,8,3,-,-,-,2020-12-31,2020,outside_director
20220318000042,Y,00149239,조일알미늄,8,3,-,-,-,2021-12-31,2021,outside_director
20230316000927,Y,00149239,조일알미늄,8,3,3,-,-,2022-12-31,2022,outside_director
20240314001198,Y,00149239,조일알미늄,8,3,-,-,-,2023-12-31,2023,outside_director
20250313000809,Y,00149239,조일알미늄,7,3,-,-,-,2024-12-31,2024,outside_director
20210323000911,Y,00125521,에스엘,6,3,1,-,1,2020-12-31,2020,outside_director
20220930000533,Y,00125521,에스엘,6,3,-,-,-,2021-12-31,2021,outside_director
20230321001134,Y,00125521,에스엘,3,3,1,-,-,2022-12-31,2022,outside_director
20240318000589,Y,00125521,에스엘,5,3,-,-,-,2023-12-31,2023,outside_director
20250318000826,Y,00125521,에스엘,7,4,1,-,-,2024-12-31,2024,outside_director
20210706000401,Y,00172291,더존비즈온,4,1,-,-,-,2020-12-31,2020,outside_director
20220330001628,Y,00172291,더존비즈온,6,2,1,-,-,2021-12-31,2021,outside_director
20230315001173,Y,00172291,더존비즈온,6,2,-,-,-,2022-12-31,2022,outside_director
20240313001285,Y,00172291,더존비즈온,5,2,1,-,-,2023-12-31,2023,outside_director
20250317001028,Y,00172291,더존비즈온,5,2,-,-,-,2024-12-31,2024,outside_director
20210318000772,Y,00123143,보령,6,2,-,-,-,2020-12-31,2020,outside_director
20220317001028,Y,00123143,보령,6,2,-,-,-,2021-12-31,2021,outside_director
20230313000894,Y,00123143,보령,6,2,2,1,-,2022-12-31,2022,outside_director
20240311000918,Y,00123143,보령,6,2,-,-,1,2023-12-31,2023,outside_director
20250320001237,Y,00123143,보령,6,2,1,-,1,2024-12-31,2024,outside_director
20210319000632,Y,00145446,이건산업,4,1,-,-,-,2020-12-31,2020,outside_director
20220321000977,Y,00145446,이건산업,4,1,-,-,-,2021-12-31,2021,outside_director
20230321000996,Y,00145446,이건산업,4,1,-,-,-,2022-12-31,2022,outside_director
20240320001861,Y,00145446,이건산업,4,1,-,-,-,2023-12-31,2023,outside_director
20250321001836,Y,00145446,이건산업,4,1,-,-,-,2024-12-31,2024,outside_director
20210317000615,Y,00173102,모나리자,5,2,-,-,-,2020-12-31,2020,outside_director
20221114000745,Y,00173102,모나리자,5,2,-,-,-,2021-12-31,2021,outside_director
20230320000922,Y,00173102,모나리자,5,2,2,-,-,2022-12-31,2022,outside_director
20240315000868,Y,00173102,모나리자,6,2,-,-,-,2023-12-31,2023,outside_director
20250314001404,Y,00173102,모나리자,7,2,4,-,3,2024-12-31,2024,outside_director
20210318000578,Y,00108977,대구백화점,3,3,1,-,-,2020-12-31,2020,outside_director
20220317000591,Y,00108977,대구백화점,3,3,2,1,-,2021-12-31,2021,outside_director
20230412001808,Y,00108977,대구백화점,3,3,-,-,-,2022-12-31,2022,outside_director
20240321000387,Y,00108977,대구백화점,3,3,1,1,-,2023-12-31,2023,outside_director
20250321000349,Y,00108977,대구백화점,3,3,2,1,-,2024-12-31,2024,outside_director
20210311001051,Y,00142661,우성,4,1,1,-,-,2020-12-31,2020,outside_director
20220816000325,Y,00142661,우성,4,1,-,-,-,2021-12-31,2021,outside_director
20230316001415,Y,00142661,우성,4,1,-,-,-,2022-12-31,2022,outside_director
20240314001149,Y,00142661,우성,4,1,1,-,-,2023-12-31,2023,outside_director
20250814003765,Y,00142661,우성,7,3,2,-,-,2024-12-31,2024,outside_director
20210317001075,Y,00174004,유성기업,6,3,1,-,-,2020-12-31,2020,outside_director
20220321001007,Y,00174004,유성기업,6,3,1,-,-,2021-12-31,2021,outside_director
20230321000741,Y,00174004,유성기업,6,3,1,-,-,2022-12-31,2022,outside_director
20240320001744,Y,00174004,유성기업,6,3,1,-,-,2023-12-31,2023,outside_director
20250317000557,Y,00174004,유성기업,6,3,1,-,-,2024-12-31,2024,outside_director
20210311001048,Y,00163196,한일철강,4,1,1,-,-,2020-12-31,2020,outside_director
20220310001096,Y,00163196,한일철강,4,1,1,-,-,2021-12-31,2021,outside_director
20230322001313,Y,00163196,한일철강,4,1,1,-,-,2022-12-31,2022,outside_director
20240319000754,Y,00163196,한일철강,4,1,1,-,-,2023-12-31,2023,outside_director
20250715000144,Y,00163196,한일철강,4,1,1,-,-,2024-12-31,2024,outside_director
20210322000347,Y,00127857,삼익악기,4,1,-,-,-,2020-12-31,2020,outside_director
20220322000742,Y,00127857,삼익악기,4,1,-,-,-,2021-12-31,2021,outside_director
20230322000313,Y,00127857,삼익악기,4,1,-,-,-,2022-12-31,2022,outside_director
20240321000882,Y,00127857,삼익악기,4,1,-,-,-,2023-12-31,2023,outside_director
20250710000455,Y,00127857,삼익악기,4,1,-,-,-,2024-12-31,2024,outside_director
20210318000688,Y,00174527,HS화성,2,3,2,-,-,2020-12-31,2020,outside_director
20220331003395,Y,00174527,HS화성,5,3,1,-,-,2021-12-31,2021,outside_director
20230316001392,Y,00174527,HS화성,7,5,2,-,1,2022-12-31,2022,outside_director
20240314001502,Y,00174527,HS화성,6,4,1,-,-,2023-12-31,2023,outside_director
20250320001481,Y,00174527,HS화성,6,4,1,-,-,2024-12-31,2024,outside_director
20210323000549,Y,00116949,DN오토모티브,4,1,1,-,1,2020-12-31,2020,outside_director
20220321001500,Y,00116949,DN오토모티브,4,1,-,-,-,2021-12-31,2021,outside_director
20230322001200,Y,00116949,DN오토모티브,4,1,-,-,-,2022-12-31,2022,outside_director
20240315000015,Y,00116949,DN오토모티브,4,1,-,-,-,2023-12-31,2023,outside_director
20250313001452,Y,00116949,DN오토모티브,5,2,1,-,-,2024-12-31,2024,outside_director
20210319001392,Y,00123541,보해양조,3,1,1,-,-,2020-12-31,2020,outside_director
20230321001480,Y,00123541,보해양조,3,1,-,-,-,2022-12-31,2022,outside_director
20240318000717,Y,00123541,보해양조,3,1,1,-,1,2023-12-31,2023,outside_director
20250318001002,Y,00123541,보해양조,3,1,-,-,-,2024-12-31,2024,outside_director
20210318001310,Y,00165343,혜인,6,2,-,-,-,2020-12-31,2020,outside_director
20220812000292,Y,00165343,혜인,4,1,1,-,-,2021-12-31,2021,outside_director
20230316001218,Y,00165343,혜인,4,1,-,-,-,2022-12-31,2022,outside_director
20240314001031,Y,00165343,혜인,5,2,1,-,-,2023-12-31,2023,outside_director
20250804000178,Y,00165343,혜인,4,1,-,-,1,2024-12-31,2024,outside_director
20210318001269,Y,00105299,금강공업,6,3,-,-,-,2020-12-31,2020,outside_director
20220317000899,Y,00105299,금강공업,6,3,-,-,-,2021-12-31,2021,outside_director
20230316000643,Y,00105299,금강공업,5,2,-,-,1,2022-12-31,2022,outside_director
20240314000999,Y,00105299,금강공업,6,3,1,-,-,2023-12-31,2023,outside_director
20250319000431,Y,00105299,금강공업,6,3,-,-,-,2024-12-31,2024,outside_director
20210319001422,Y,00103130,플레이그램,4,1,-,-,-,2020-12-31,2020,outside_director
20220321000756,Y,00103130,플레이그램,4,1,1,-,1,2021-12-31,2021,outside_director
20230321001524,Y,00103130,플레이그램,4,1,-,-,-,2022-12-31,2022,outside_director
20240320001345,Y,00103130,플레이그램,4,1,-,-,-,2023-12-31,2023,outside_director
20250320001095,Y,00103130,플레이그램,6,2,1,0,0,2024-12-31,2024,outside_director
20210317000892,Y,00145260,율촌화학,2,1,1,1,-,2020-12-31,2020,outside_director
20220321000632,Y,00145260,율촌화학,2,1,-,-,-,2021-12-31,2021,outside_director
20230328000998,Y,00145260,율촌화학,2,1,-,-,-,2022-12-31,2022,outside_director
20240318000653,Y,00145260,율촌화학,2,1,-,-,-,2023-12-31,2023,outside_director
20250317000659,Y,00145260,율촌화학,3,1,-,-,-,2024-12-31,2024,outside_director
20210318001202,Y,00136864,신원,4,2,-,-,-,2020-12-31,2020,outside_director
20220816000032,Y,00136864,신원,4,2,1,-,-,2021-12-31,2021,outside_director
20230324000944,Y,00136864,신원,7,2,1,-,-,2022-12-31,2022,outside_director
20240730000041,Y,00136864,신원,7,2,-,-,-,2023-12-31,2023,outside_director
20250814002561,Y,00136864,신원,7,2,-,-,-,2024-12-31,2024,outside_director
20210707000184,Y,00115287,동방,6,2,2,-,-,2020-12-31,2020,outside_director
20220317001208,Y,00115287,동방,6,2,2,-,-,2021-12-31,2021,outside_director
20230323001509,Y,00115287,동방,6,2,2,-,-,2022-12-31,2022,outside_director
20240321001580,Y,00115287,동방,6,2,2,-,-,2023-12-31,2023,outside_director
20250320001398,Y,00115287,동방,6,2,2,-,-,2024-12-31,2024,outside_director
20210318001135,Y,00158149,한국쉘석유,7,3,2,-,-,2020-12-31,2020,outside_director
20220317000845,Y,00158149,한국쉘석유,7,3,2,-,-,2021-12-31,2021,outside_director
20230323000970,Y,00158149,한국쉘석유,7,3,2,-,-,2022-12-31,2022,outside_director
20240321000514,Y,00158149,한국쉘석유,7,3,1,-,-,2023-12-31,2023,outside_director
20250320000876,Y,00158149,한국쉘석유,7,3,2,-,-,2024-12-31,2024,outside_director
20210324000661,Y,00123718,부광약품,7,3,1,-,-,2020-12-31,2020,outside_director
20220812001267,Y,00123718,부광약품,7,3,1,-,-,2021-12-31,2021,outside_director
20230328001033,Y,00123718,부광약품,7,3,0,-,-,2022-12-31,2022,outside_director
20240322000905,Y,00123718,부광약품,5,3,-,-,-,2023-12-31,2023,outside_director
20250318000877,Y,00123718,부광약품,4,3,-,-,-,2024-12-31,2024,outside_director
20220420000327,Y,00102618,계양전기,7,3,2,-,-,2020-12-31,2020,outside_director
20220407002814,Y,00102618,계양전기,7,3,1,-,-,2021-12-31,2021,outside_director
20230323000476,Y,00102618,계양전기,7,4,3,-,2,2022-12-31,2022,outside_director
20240314001603,Y,00102618,계양전기,7,4,-,-,-,2023-12-31,2023,outside_director
20250314001765,Y,00102618,계양전기,7,4,-,-,-,2024-12-31,2024,outside_director
20210316000802,Y,00157399,한솔테크닉스,7,2,-,-,-,2020-12-31,2020,outside_director
20220315001175,Y,00157399,한솔테크닉스,8,2,-,-,-,2021-12-31,2021,outside_director
20230328000853,Y,00157399,한솔테크닉스,7,2,-,-,-,2022-12-31,2022,outside_director
20240312001055,Y,00157399,한솔테크닉스,7,3,1,-,1,2023-12-31,2023,outside_director
20250311001184,Y,00157399,한솔테크닉스,7,3,-,-,-,2024-12-31,2024,outside_director
20210318000733,Y,00128412,삼진제약,7,3,2,-,-,2020-12-31,2020,outside_director
20220317000889,Y,00128412,삼진제약,7,3,-,-,-,2021-12-31,2021,outside_director
20230410003453,Y,00128412,삼진제약,6,3,2,-,1,2022-12-31,2022,outside_director
20240314001307,Y,00128412,삼진제약,8,3,1,-,-,2023-12-31,2023,outside_director
20250313001200,Y,00128412,삼진제약,8,3,-,-,-,2024-12-31,2024,outside_director
20210304000604,Y,00155319,POSCO홀딩스,12,7,1,-,-,2020-12-31,2020,outside_director
20221114000599,Y,00155319,POSCO홀딩스,12,7,3,-,-,2021-12-31,2021,outside_director
20230309000896,Y,00155319,POSCO홀딩스,12,7,3,-,-,2022-12-31,2022,outside_director
20240322000986,Y,00155319,POSCO홀딩스,12,7,1,-,-,2023-12-31,2023,outside_director
20250312001016,Y,00155319,POSCO홀딩스,10,6,1,-,1,2024-12-31,2024,outside_director
20250605000472,Y,00122694,범양건영,6,2,1,-,-,2020-12-31,2020,outside_director
20250605000491,Y,00122694,범양건영,6,2,1,1,-,2021-12-31,2021,outside_director
20250605000501,Y,00122694,범양건영,6,2,-,-,-,2022-12-31,2022,outside_director
20250605000503,Y,00122694,범양건영,4,2,-,-,-,2023-12-31,2023,outside_director
20250814003868,Y,00122694,범양건영,5,2,-,-,-,2024-12-31,2024,outside_director
20210316000706,Y,00145163,파미셀,5,2,1,-,-,2020-12-31,2020,outside_director
20220315000612,Y,00145163,파미셀,6,2,-,-,-,2021-12-31,2021,outside_director
20230314000892,Y,00145163,파미셀,6,2,1,-,-,2022-12-31,2022,outside_director
20240320001254,Y,00145163,파미셀,6,3,1,-,-,2023-12-31,2023,outside_director
20250813000184,Y,00145163,파미셀,5,2,-,-,1,2024-12-31,2024,outside_director
20210318000043,Y,00260392,대원전선,4,2,-,-,-,2020-12-31,2020,outside_director
20220317000144,Y,00260392,대원전선,4,2,-,-,-,2021-12-31,2021,outside_director
20230316000192,Y,00260392,대원전선,4,2,1,-,-,2022-12-31,2022,outside_director
20240313000480,Y,00260392,대원전선,4,2,1,-,-,2023-12-31,2023,outside_director
20250313000035,Y,00260392,대원전선,4,2,-,-,-,2024-12-31,2024,outside_director
20220315001199,Y,00145552,이수화학,4,1,-,-,-,2020-12-31,2020,outside_director
20220323001389,Y,00145552,이수화학,4,1,-,-,-,2021-12-31,2021,outside_director
20230320000747,Y,00145552,이수화학,4,1,-,-,-,2022-12-31,2022,outside_director
20240321001863,Y,00145552,이수화학,6,2,2,-,-,2023-12-31,2023,outside_director
20250814003414,Y,00145552,이수화학,5,2,-,-,-,2024-12-31,2024,outside_director
20210324000625,Y,00127167,삼영무역,4,3,3,-,-,2020-12-31,2020,outside_director
20220317000637,Y,00127167,삼영무역,4,3,-,-,-,2021-12-31,2021,outside_director
20230524000304,Y,00127167,삼영무역,4,3,3,-,-,2022-12-31,2022,outside_director
20240320000814,Y,00127167,삼영무역,4,3,3,-,-,2023-12-31,2023,outside_director
20250318000675,Y,00127167,삼영무역,4,3,3,-,-,2024-12-31,2024,outside_director
20210330001578,Y,00106368,금호석유화학,10,7,1,-,1,2020-12-31,2020,outside_director
20220328000826,Y,00106368,금호석유화학,10,7,4,-,-,2021-12-31,2021,outside_director
20230316001213,Y,00106368,금호석유화학,10,7,4,-,4,2022-12-31,2022,outside_director
20240328001337,Y,00106368,금호석유화학,10,7,-,-,-,2023-12-31,2023,outside_director
20250317000810,Y,00106368,금호석유화학,10,7,3,-,-,2024-12-31,2024,outside_director
20210331002532,Y,00143314,에이엔피,5,1,1,-,-,2020-12-31,2020,outside_director
20220322000949,Y,00143314,에이엔피,4,1,-,-,-,2021-12-31,2021,outside_director
20230713000295,Y,00143314,에이엔피,5,2,1,-,-,2022-12-31,2022,outside_director
20240322000018,Y,00143314,에이엔피,5,2,1,-,-,2023-12-31,2023,outside_director
20250321001897,Y,00143314,에이엔피,4,1,-,-,1,2024-12-31,2024,outside_director
20210317000550,Y,00163761,한창제지,3,1,-,-,-,2020-12-31,2020,outside_director
20220316000600,Y,00163761,한창제지,3,1,-,-,-,2021-12-31,2021,outside_director
20230321001020,Y,00163761,한창제지,3,1,1,-,-,2022-12-31,2022,outside_director
20240320000842,Y,00163761,한창제지,3,1,-,-,-,2023-12-31,2023,outside_director
20250318001122,Y,00163761,한창제지,3,1,-,-,-,2024-12-31,2024,outside_director
20210322000283,Y,00167192,넥센,4,1,-,-,-,2020-12-31,2020,outside_director
20220321000535,Y,00167192,넥센,6,3,2,-,-,2021-12-31,2021,outside_director
20230321000737,Y,00167192,넥센,6,3,1,-,-,2022-12-31,2022,outside_director
20240320000622,Y,00167192,넥센,6,3,-,-,-,2023-12-31,2023,outside_director
20250318000857,Y,00167192,넥센,6,3,2,-,-,2024-12-31,2024,outside_director
20210318000391,Y,00126201,삼성공조,4,1,-,-,-,2020-12-31,2020,outside_director
20220317001008,Y,00126201,삼성공조,4,1,1,-,-,2021-12-31,2021,outside_director
20230321001375,Y,00126201,삼성공조,4,1,-,-,-,2022-12-31,2022,outside_director
20240319000751,Y,00126201,삼성공조,4,1,-,-,-,2023-12-31,2023,outside_director
20250320001319,Y,00126201,삼성공조,4,1,1,-,-,2024-12-31,2024,outside_director
20210316001173,Y,00133858,세방전지,8,3,1,-,-,2020-12-31,2020,outside_director
20220315000920,Y,00133858,세방전지,8,3,1,-,-,2021-12-31,2021,outside_director
20230308000717,Y,00133858,세방전지,8,3,1,-,-,2022-12-31,2022,outside_director
20240313000935,Y,00133858,세방전지,8,3,-,-,-,2023-12-31,2023,outside_director
20250312000986,Y,00133858,세방전지,8,3,1,-,-,2024-12-31,2024,outside_director
20210323000614,Y,00118521,진원생명과학,3,1,1,-,-,2020-12-31,2020,outside_director
20220322000627,Y,00118521,진원생명과학,3,1,-,-,-,2021-12-31,2021,outside_director
20230711000247,Y,00118521,진원생명과학,3,1,-,-,-,2022-12-31,2022,outside_director
20240327000694,Y,00118521,진원생명과학,3,1,-,-,-,2023-12-31,2023,outside_director
20250814002621,Y,00118521,진원생명과학,3,1,-,-,-,2024-12-31,2024,outside_director
20210805000106,Y,00153621,참엔지니어링,4,2,-,-,-,2020-12-31,2020,outside_director
20220318000816,Y,00153621,참엔지니어링,3,2,-,-,-,2021-12-31,2021,outside_director
20230320000425,Y,00153621,참엔지니어링,4,2,2,-,2,2022-12-31,2022,outside_director
20240730000237,Y,00153621,참엔지니어링,3,1,1,-,2,2023-12-31,2023,outside_director
20250318000654,Y,00153621,참엔지니어링,3,1,0,0,0,2024-12-31,2024,outside_director
20210318000594,Y,00160418,한국무브넥스,4,1,-,-,-,2020-12-31,2020,outside_director
20220317000361,Y,00160418,한국무브넥스,4,1,1,1,-,2021-12-31,2021,outside_director
20230323000478,Y,00160418,한국무브넥스,4,1,-,-,-,2022-12-31,2022,outside_director
20240321000675,Y,00160418,한국무브넥스,4,1,-,-,-,2023-12-31,2023,outside_director
20250318000552,Y,00160418,한국무브넥스,4,1,-,-,-,2024-12-31,2024,outside_director
20210315000702,Y,00129989,코스모신소재,10,3,-,-,-,2020-12-31,2020,outside_director
20220408002366,Y,00129989,코스모신소재,9,3,-,-,-,2021-12-31,2021,outside_director
20230315000297,Y,00129989,코스모신소재,8,3,-,-,-,2022-12-31,2022,outside_director
20240315000492,Y,00129989,코스모신소재,8,3,-,-,-,2023-12-31,2023,outside_director
20250314000812,Y,00129989,코스모신소재,7,3,-,-,-,2024-12-31,2024,outside_director
20210319000522,Y,00114093,덕성,6,3,1,-,-,2020-12-31,2020,outside_director
20220318000680,Y,00114093,덕성,6,3,1,-,-,2021-12-31,2021,outside_director
20230317000725,Y,00114093,덕성,6,3,1,-,-,2022-12-31,2022,outside_director
20240318000444,Y,00114093,덕성,6,3,1,-,-,2023-12-31,2023,outside_director
20250317000503,Y,00114093,덕성,6,3,1,-,-,2024-12-31,2024,outside_director
20210325000723,Y,00162072,한신기계공업,3,1,-,-,-,2020-12-31,2020,outside_director
20220322000815,Y,00162072,한신기계공업,3,1,-,-,-,2021-12-31,2021,outside_director
20251024000392,Y,00162072,한신기계공업,3,1,1,-,-,2022-12-31,2022,outside_director
20251024000397,Y,00162072,한신기계공업,3,1,-,-,-,2023-12-31,2023,outside_director
20251107000545,Y,00162072,한신기계공업,3,1,1,-,1,2024-12-31,2024,outside_director
20210317001274,Y,00160302,코스모화학,8,3,3,3,0,2020-12-31,2020,outside_director
20220322001034,Y,00160302,코스모화학,7,3,-,-,-,2021-12-31,2021,outside_director
20240327000855,Y,00160302,코스모화학,8,3,-,-,-,2022-12-31,2022,outside_director
20240320001341,Y,00160302,코스모화학,8,3,3,-,-,2023-12-31,2023,outside_director
20250318000926,Y,00160302,코스모화학,7,3,-,-,-,2024-12-31,2024,outside_director
20210317001186,Y,00104768,가온전선,3,3,2,-,2,2020-12-31,2020,outside_director
20220816001768,Y,00104768,가온전선,3,3,1,-,1,2021-12-31,2021,outside_director
20230315001078,Y,00104768,가온전선,6,3,-,-,-,2022-12-31,2022,outside_director
20240318000764,Y,00104768,가온전선,6,3,-,-,-,2023-12-31,2023,outside_director
20250320000299,Y,00104768,가온전선,6,3,-,-,-,2024-12-31,2024,outside_director
20210322000581,Y,00138279,S-Oil,11,6,-,-,-,2020-12-31,2020,outside_director
20220314000379,Y,00138279,S-Oil,11,6,3,3,-,2021-12-31,2021,outside_director
20230320000502,Y,00138279,S-Oil,9,5,-,-,1,2022-12-31,2022,outside_director
20240320001242,Y,00138279,S-Oil,11,6,1,-,-,2023-12-31,2023,outside_director
20250319000503,Y,00138279,S-Oil,11,6,5,-,-,2024-12-31,2024,outside_director
20210319000790,Y,00126566,한화에어로스페이스,5,3,2,-,-,2020-12-31,2020,outside_director
20220812000030,Y,00126566,한화에어로스페이스,7,4,2,-,-,2021-12-31,2021,outside_director
20230321001337,Y,00126566,한화에어로스페이스,7,4,2,-,-,2022-12-31,2022,outside_director
20240329000902,Y,00126566,한화에어로스페이스,7,4,2,-,-,2023-12-31,2023,outside_director
20250317000990,Y,00126566,한화에어로스페이스,7,4,2,-,-,2024-12-31,2024,outside_director
20210318000832,Y,00129280,삼화전자공업,4,1,-,-,-,2020-12-31,2020,outside_director
20220317000960,Y,00129280,삼화전자공업,4,1,-,-,-,2021-12-31,2021,outside_director
20231017000217,Y,00129280,삼화전자공업,4,1,-,-,-,2022-12-31,2022,outside_director
20240314000709,Y,00129280,삼화전자공업,4,1,1,-,1,2023-12-31,2023,outside_director
20250313000955,Y,00129280,삼화전자공업,1,1,-,-,-,2024-12-31,2024,outside_director
20210315000949,Y,00145880,현대제철,9,5,2,-,-,2020-12-31,2020,outside_director
20220315000651,Y,00145880,현대제철,9,5,3,-,-,2021-12-31,2021,outside_director
20230314001097,Y,00145880,현대제철,9,5,2,-,-,2022-12-31,2022,outside_director
20240318000916,Y,00145880,현대제철,7,5,-,-,-,2023-12-31,2023,outside_director
20250317000668,Y,00145880,현대제철,8,5,3,-,-,2024-12-31,2024,outside_director
20210318001127,Y,00138057,써니전자,3,1,1,-,1,2020-12-31,2020,outside_director
20220317001263,Y,00138057,써니전자,4,1,-,-,-,2021-12-31,2021,outside_director
20230317001042,Y,00138057,써니전자,3,1,-,-,-,2022-12-31,2022,outside_director
20240315000788,Y,00138057,써니전자,3,1,1,-,-,2023-12-31,2023,outside_director
20250317000934,Y,00138057,써니전자,4,1,-,-,-,2024-12-31,2024,outside_director
20210317001107,Y,00125743,현대비앤지스틸,7,3,1,-,1,2020-12-31,2020,outside_director
20220321000797,Y,00125743,현대비앤지스틸,7,3,-,-,-,2021-12-31,2021,outside_director
20230317000757,Y,00125743,현대비앤지스틸,7,3,2,-,1,2022-12-31,2022,outside_director
20240318000828,Y,00125743,현대비앤지스틸,7,3,1,-,1,2023-12-31,2023,outside_director
20250321001499,Y,00125743,현대비앤지스틸,7,3,2,-,-,2024-12-31,2024,outside_director
20210318001029,Y,00141875,사조오양,7,3,-,-,-,2020-12-31,2020,outside_director
20220331002835,Y,00141875,사조오양,7,3,-,-,-,2021-12-31,2021,outside_director
20230315001257,Y,00141875,사조오양,9,5,3,-,-,2022-12-31,2022,outside_director
20240313001533,Y,00141875,사조오양,7,5,2,-,-,2023-12-31,2023,outside_director
20250703000352,Y,00141875,사조오양,8,5,-,-,-,2024-12-31,2024,outside_director
20210318000581,Y,00129271,삼화전기,7,2,-,-,-,2020-12-31,2020,outside_director
20220317001080,Y,00129271,삼화전기,8,2,-,-,-,2021-12-31,2021,outside_director
20230316001182,Y,00129271,삼화전기,8,2,1,-,-,2022-12-31,2022,outside_director
20240314000726,Y,00129271,삼화전기,8,2,-,-,-,2023-12-31,2023,outside_director
20250313000817,Y,00129271,삼화전기,8,2,-,-,-,2024-12-31,2024,outside_director
20210331003227,Y,00155124,평화홀딩스,3,3,1,-,-,2020-12-31,2020,outside_director
20220321001469,Y,00155124,평화홀딩스,7,3,1,-,-,2021-12-31,2021,outside_director
20240312000938,Y,00155124,평화홀딩스,7,3,2,-,-,2022-12-31,2022,outside_director
20240319000675,Y,00155124,평화홀딩스,7,3,1,-,-,2023-12-31,2023,outside_director
20250317000760,Y,00155124,평화홀딩스,7,3,2,-,-,2024-12-31,2024,outside_director
20210322000616,Y,00146296,일신석재,4,1,0,0,0,2020-12-31,2020,outside_director
20220317001166,Y,00146296,일신석재,4,1,0,0,0,2021-12-31,2021,outside_director
20230323001151,Y,00146296,일신석재,4,1,0,0,0,2022-12-31,2022,outside_director
20240321001230,Y,00146296,일신석재,4,1,0,0,0,2023-12-31,2023,outside_director
20250320001261,Y,00146296,일신석재,4,1,0,0,0,2024-12-31,2024,outside_director
20210311001031,Y,00115676,KG스틸,7,4,4,-,-,2020-12-31,2020,outside_director
20220316001244,Y,00115676,KG스틸,7,4,2,-,-,2021-12-31,2021,outside_director
20230315000071,Y,00115676,KG스틸,7,4,4,-,-,2022-12-31,2022,outside_director
20240318000890,Y,00115676,KG스틸,7,4,4,-,-,2023-12-31,2023,outside_director
20250318001327,Y,00115676,KG스틸,7,4,4,-,-,2024-12-31,2024,outside_director
20210318001311,Y,00115977,아이에스동서,5,3,-,-,-,2020-12-31,2020,outside_director
20220317001305,Y,00115977,아이에스동서,9,5,5,-,2,2021-12-31,2021,outside_director
20230323001296,Y,00115977,아이에스동서,10,6,1,-,-,2022-12-31,2022,outside_director
20240321001950,Y,00115977,아이에스동서,11,6,-,-,-,2023-12-31,2023,outside_director
20250319001050,Y,00115977,아이에스동서,8,5,4,3,-,2024-12-31,2024,outside_director
20210322000488,Y,00136457,SH에너지화학,6,3,-,-,-,2020-12-31,2020,outside_director
20220322000701,Y,00136457,SH에너지화학,6,3,2,-,-,2021-12-31,2021,outside_director
20230322000490,Y,00136457,SH에너지화학,6,2,2,-,-,2022-12-31,2022,outside_director
20240321001086,Y,00136457,SH에너지화학,7,3,1,-,-,2023-12-31,2023,outside_director
20250320000777,Y,00136457,SH에너지화학,6,3,-,-,-,2024-12-31,2024,outside_director
20210318001220,Y,00113544,대한화섬,6,4,2,-,-,2020-12-31,2020,outside_director
20220323001348,Y,00113544,대한화섬,5,3,1,-,-,2021-12-31,2021,outside_director
20230323001351,Y,00113544,대한화섬,5,3,2,1,-,2022-12-31,2022,outside_director
20240321001909,Y,00113544,대한화섬,5,3,1,-,1,2023-12-31,2023,outside_director
20250814002004,Y,00113544,대한화섬,7,4,2,-,1,2024-12-31,2024,outside_director
20210326000871,Y,00152686,코리아써키트,3,1,1,-,-,2020-12-31,2020,outside_director
20220318000919,Y,00152686,코리아써키트,3,1,1,-,-,2021-12-31,2021,outside_director
20230317001037,Y,00152686,코리아써키트,3,1,-,-,-,2022-12-31,2022,outside_director
20240315000596,Y,00152686,코리아써키트,3,1,-,-,-,2023-12-31,2023,outside_director
20250320001351,Y,00152686,코리아써키트,3,1,1,-,-,2024-12-31,2024,outside_director
20210316000687,Y,00136378,신세계,7,4,1,-,-,2020-12-31,2020,outside_director
20220316000691,Y,00136378,신세계,7,4,3,-,1,2021-12-31,2021,outside_director
20230315001319,Y,00136378,신세계,7,4,1,-,1,2022-12-31,2022,outside_director
20240313001406,Y,00136378,신세계,7,4,3,-,-,2023-12-31,2023,outside_director
20250312001128,Y,00136378,신세계,7,4,4,2,1,2024-12-31,2024,outside_director
20210311000157,Y,00128032,삼일제약,6,3,2,-,-,2020-12-31,2020,outside_director
20220316000554,Y,00128032,삼일제약,7,3,-,-,-,2021-12-31,2021,outside_director
20230316001021,Y,00128032,삼일제약,7,3,-,-,-,2022-12-31,2022,outside_director
20240314001673,Y,00128032,삼일제약,7,3,-,-,-,2023-12-31,2023,outside_director
20250328001724,Y,00128032,삼일제약,7,3,-,-,-,2024-12-31,2024,outside_director
20220317000545,Y,00122825,인스코비,7,2,-,-,-,2020-12-31,2020,outside_director
20220321001203,Y,00122825,인스코비,7,2,-,-,-,2021-12-31,2021,outside_director
20230322001015,Y,00122825,인스코비,7,2,-,-,-,2022-12-31,2022,outside_director
20240321001916,Y,00122825,인스코비,7,2,1,-,-,2023-12-31,2023,outside_director
20250321001886,Y,00122825,인스코비,7,2,-,-,-,2024-12-31,2024,outside_director
20210311000554,Y,00146214,일성아이에스,8,3,1,-,-,2020-12-31,2020,outside_director
20220317000838,Y,00146214,일성아이에스,8,3,-,-,-,2021-12-31,2021,outside_director
20230316000522,Y,00146214,일성아이에스,7,3,2,-,-,2022-12-31,2022,outside_director
20240314000706,Y,00146214,일성아이에스,7,3,-,-,-,2023-12-31,2023,outside_director
20250814002739,Y,00146214,일성아이에스,8,4,1,-,-,2024-12-31,2024,outside_director
20210317001019,Y,00164478,현대건설,6,4,2,-,-,2020-12-31,2020,outside_director
20220325001068,Y,00164478,현대건설,7,4,1,-,-,2021-12-31,2021,outside_director
20230315001104,Y,00164478,현대건설,7,4,1,-,-,2022-12-31,2022,outside_director
20240329003141,Y,00164478,현대건설,7,4,-,-,-,2023-12-31,2023,outside_director
20251017000151,Y,00164478,현대건설,7,4,1,-,-,2024-12-31,2024,outside_director
20210319000905,Y,00117300,TCC스틸,4,1,-,-,-,2020-12-31,2020,outside_director
20220812000477,Y,00117300,TCC스틸,4,1,-,-,-,2021-12-31,2021,outside_director
20230316000854,Y,00117300,TCC스틸,4,1,-,-,-,2022-12-31,2022,outside_director
20240320000816,Y,00117300,TCC스틸,4,1,1,-,-,2023-12-31,2023,outside_director
20250319000643,Y,00117300,TCC스틸,4,1,-,-,-,2024-12-31,2024,outside_director
20210318000458,Y,00101044,에이프로젠바이오로직스,4,1,1,-,-,2020-12-31,2020,outside_director
20220314001107,Y,00101044,에이프로젠바이오로직스,4,1,-,-,-,2021-12-31,2021,outside_director
20230317000440,Y,00101044,에이프로젠바이오로직스,4,1,-,-,-,2022-12-31,2022,outside_director
20240313001273,Y,00101044,에이프로젠바이오로직스,4,1,1,-,-,2023-12-31,2023,outside_director
20250314001189,Y,00101044,에이프로젠바이오로직스,4,1,-,-,-,2024-12-31,2024,outside_director
20210318001139,Y,00138516,아남전자,4,1,-,-,-,2020-12-31,2020,outside_director
20220317000536,Y,00138516,아남전자,4,1,-,-,-,2021-12-31,2021,outside_director
20230316000657,Y,00138516,아남전자,4,1,-,-,-,2022-12-31,2022,outside_director
20240314000188,Y,00138516,아남전자,4,1,-,-,-,2023-12-31,2023,outside_director
20250326000254,Y,00138516,아남전자,3,1,-,-,-,2024-12-31,2024,outside_director
20210318000969,Y,00120030,GS건설,7,4,-,-,-,2020-12-31,2020,outside_director
20220317001128,Y,00120030,GS건설,7,4,2,-,-,2021-12-31,2021,outside_director
20230316001014,Y,00120030,GS건설,7,4,2,-,-,2022-12-31,2022,outside_director
20240329002822,Y,00120030,GS건설,7,4,1,-,1,2023-12-31,2023,outside_director
20250813000906,Y,00120030,GS건설,7,4,1,-,1,2024-12-31,2024,outside_director
20210318000648,Y,00126779,삼아알미늄,8,2,-,-,-,2020-12-31,2020,outside_director
20220317001139,Y,00126779,삼아알미늄,8,2,-,-,-,2021-12-31,2021,outside_director
20230315001212,Y,00126779,삼아알미늄,8,2,-,-,-,2022-12-31,2022,outside_director
20240314001254,Y,00126779,삼아알미늄,8,2,-,-,-,2023-12-31,2023,outside_director
20250313001287,Y,00126779,삼아알미늄,8,2,-,-,-,2024-12-31,2024,outside_director
20210309000252,Y,00126362,삼성SDI,7,4,4,-,4,2020-12-31,2020,outside_director
20220308000915,Y,00126362,삼성SDI,7,4,-,-,-,2021-12-31,2021,outside_director
20230313000726,Y,00126362,삼성SDI,7,4,-,-,-,2022-12-31,2022,outside_director
20240312000853,Y,00126362,삼성SDI,6,4,1,-,1,2023-12-31,2023,outside_director
20250311001275,Y,00126362,삼성SDI,7,4,-,-,-,2024-12-31,2024,outside_director
20210309000338,Y,00126371,삼성전기,7,4,3,-,-,2020-12-31,2020,outside_director
20220308000667,Y,00126371,삼성전기,7,4,1,-,-,2021-12-31,2021,outside_director
20230307000653,Y,00126371,삼성전기,7,4,1,-,1,2022-12-31,2022,outside_director
20240329002895,Y,00126371,삼성전기,7,4,1,-,-,2023-12-31,2023,outside_director
20250311001190,Y,00126371,삼성전기,7,4,1,-,-,2024-12-31,2024,outside_director
20210423000012,Y,00115612,동부건설,4,2,-,-,-,2020-12-31,2020,outside_director
20220713000108,Y,00115612,동부건설,4,2,1,-,-,2021-12-31,2021,outside_director
20230314001212,Y,00115612,동부건설,5,2,1,-,-,2022-12-31,2022,outside_director
20240318000506,Y,00115612,동부건설,5,2,1,-,-,2023-12-31,2023,outside_director
20250812000691,Y,00115612,동부건설,5,2,1,-,-,2024-12-31,2024,outside_director
20210330001143,Y,00103042,케이씨티시,7,2,-,-,-,2020-12-31,2020,outside_director
20220317000546,Y,00103042,케이씨티시,7,2,-,-,-,2021-12-31,2021,outside_director
20230316001262,Y,00103042,케이씨티시,6,2,-,-,-,2022-12-31,2022,outside_director
20240322000946,Y,00103042,케이씨티시,6,2,2,2,-,2023-12-31,2023,outside_director
20250313001313,Y,00103042,케이씨티시,6,2,-,-,-,2024-12-31,2024,outside_director
20210319000967,Y,00152880,코오롱글로벌,7,4,4,0,1,2020-12-31,2020,outside_director
20220321001348,Y,00152880,코오롱글로벌,7,4,1,0,1,2021-12-31,2021,outside_director
20230814002221,Y,00152880,코오롱글로벌,7,4,2,0,1,2022-12-31,2022,outside_director
20240326000552,Y,00152880,코오롱글로벌,7,4,2,-,-,2023-12-31,2023,outside_director
20250814003343,Y,00152880,코오롱글로벌,9,5,2,-,-,2024-12-31,2024,outside_director
20210317000510,Y,00124726,빙그레,5,2,-,-,-,2020-12-31,2020,outside_director
20220812000681,Y,00124726,빙그레,6,2,1,-,-,2021-12-31,2021,outside_director
20230315000500,Y,00124726,빙그레,6,2,1,-,-,2022-12-31,2022,outside_director
20240313000739,Y,00124726,빙그레,6,2,-,-,-,2023-12-31,2023,outside_director
20250312000859,Y,00124726,빙그레,6,2,1,-,-,2024-12-31,2024,outside_director
20210311001234,Y,00148984,시알홀딩스,6,2,-,-,-,2020-12-31,2020,outside_director
20220314000889,Y,00148984,시알홀딩스,6,2,-,-,-,2021-12-31,2021,outside_director
20230315001326,Y,00148984,시알홀딩스,6,2,1,-,1,2022-12-31,2022,outside_director
20240315000607,Y,00148984,시알홀딩스,7,3,1,-,-,2023-12-31,2023,outside_director
20250311001197,Y,00148984,시알홀딩스,6,3,-,-,-,2024-12-31,2024,outside_director
20210218000003,Y,00164706,현대약품,5,3,-,-,-,2020-11-30,2020,outside_director
20220216001148,Y,00164706,현대약품,5,3,1,-,-,2021-11-30,2021,outside_director
20230216001304,Y,00164706,현대약품,5,3,1,-,-,2022-11-30,2022,outside_director
20240221001706,Y,00164706,현대약품,5,3,1,-,-,2023-11-30,2023,outside_director
20250219001662,Y,00164706,현대약품,5,4,2,-,-,2024-11-30,2024,outside_director
20210318001132,Y,00107598,남양유업,6,2,-,-,-,2020-12-31,2020,outside_director
20220323001322,Y,00107598,남양유업,6,2,-,-,-,2021-12-31,2021,outside_director
20230323001233,Y,00107598,남양유업,5,2,-,-,-,2022-12-31,2022,outside_director
20240321001747,Y,00107598,남양유업,5,2,-,-,-,2023-12-31,2023,outside_director
20250328000090,Y,00107598,남양유업,4,1,1,-,-,2024-12-31,2024,outside_director
20210322000948,Y,00107224,남선알미늄,3,1,-,-,-,2020-12-31,2020,outside_director
20220322000939,Y,00107224,남선알미늄,2,1,1,-,-,2021-12-31,2021,outside_director
20230322000952,Y,00107224,남선알미늄,3,1,-,-,-,2022-12-31,2022,outside_director
20240604000282,Y,00107224,남선알미늄,4,1,1,-,-,2023-12-31,2023,outside_director
20250320001238,Y,00107224,남선알미늄,4,1,-,-,-,2024-12-31,2024,outside_director
20210318000787,Y,00160621,한국화장품제조,4,1,-,-,-,2020-12-31,2020,outside_director
20220318000130,Y,00160621,한국화장품제조,4,1,-,-,-,2021-12-31,2021,outside_director
20230316001365,Y,00160621,한국화장품제조,3,1,-,-,-,2022-12-31,2022,outside_director
20240320001586,Y,00160621,한국화장품제조,3,1,-,-,-,2023-12-31,2023,outside_director
20250814003121,Y,00160621,한국화장품제조,3,1,-,-,-,2024-12-31,2024,outside_director
20210316000887,Y,00164812,현대코퍼레이션,6,3,2,-,-,2020-12-31,2020,outside_director
20220322000850,Y,00164812,현대코퍼레이션,6,3,1,-,-,2021-12-31,2021,outside_director
20230321001082,Y,00164812,현대코퍼레이션,6,3,2,-,-,2022-12-31,2022,outside_director
20240318000785,Y,00164812,현대코퍼레이션,6,3,1,-,-,2023-12-31,2023,outside_director
20250324000696,Y,00164812,현대코퍼레이션,6,3,2,-,-,2024-12-31,2024,outside_director
20210319000703,Y,00131780,SK네트웍스,7,4,1,-,-,2020-12-31,2020,outside_director
20220404002305,Y,00131780,SK네트웍스,8,5,3,-,-,2021-12-31,2021,outside_director
20231114001467,Y,00131780,SK네트웍스,8,5,1,-,-,2022-12-31,2022,outside_director
20240319000871,Y,00131780,SK네트웍스,8,5,1,-,-,2023-12-31,2023,outside_director
20250318000975,Y,00131780,SK네트웍스,7,4,1,-,-,2024-12-31,2024,outside_director
20210322000474,Y,00101433,경농,4,1,1,-,1,2020-12-31,2020,outside_director
20220322000678,Y,00101433,경농,4,1,-,-,-,2021-12-31,2021,outside_director
20230322000774,Y,00101433,경농,4,1,-,-,-,2022-12-31,2022,outside_director
20240320000825,Y,00101433,경농,4,1,-,-,-,2023-12-31,2023,outside_director
20250317000859,Y,00101433,경농,4,1,-,-,-,2024-12-31,2024,outside_director
20210319000958,Y,00109514,티웨이홀딩스,6,3,2,-,-,2020-12-31,2020,outside_director
20220323000447,Y,00109514,티웨이홀딩스,5,2,-,-,-,2021-12-31,2021,outside_director
20230323000588,Y,00109514,티웨이홀딩스,5,2,-,-,-,2022-12-31,2022,outside_director
20240321001723,Y,00109514,티웨이홀딩스,5,2,2,-,-,2023-12-31,2023,outside_director
20250321001276,Y,00109514,티웨이홀딩스,5,2,2,-,-,2024-12-31,2024,outside_director
20210311000942,Y,00115384,동방아그로,6,2,-,-,-,2020-12-31,2020,outside_director
20220317000463,Y,00115384,동방아그로,5,2,-,-,-,2021-12-31,2021,outside_director
20230316000733,Y,00115384,동방아그로,5,2,-,-,-,2022-12-31,2022,outside_director
20240314000783,Y,00115384,동방아그로,5,2,-,-,-,2023-12-31,2023,outside_director
20250313000657,Y,00115384,동방아그로,4,1,1,-,-,2024-12-31,2024,outside_director
20210304000035,Y,00134963,송원산업,6,2,-,-,-,2020-12-31,2020,outside_director
20220303000087,Y,00134963,송원산업,6,2,-,-,-,2021-12-31,2021,outside_director
20230302000104,Y,00134963,송원산업,4,1,1,-,-,2022-12-31,2022,outside_director
20240229001224,Y,00134963,송원산업,4,1,-,-,-,2023-12-31,2023,outside_director
20250311000263,Y,00134963,송원산업,4,1,-,-,-,2024-12-31,2024,outside_director
20210316001199,Y,00150828,진흥기업,4,1,-,-,-,2020-12-31,2020,outside_director
20220811000367,Y,00150828,진흥기업,4,1,1,-,-,2021-12-31,2021,outside_director
20230320000418,Y,00150828,진흥기업,4,1,-,-,-,2022-12-31,2022,outside_director
20240319000644,Y,00150828,진흥기업,4,1,-,-,-,2023-12-31,2023,outside_director
20250331002970,Y,00150828,진흥기업,4,1,1,-,-,2024-12-31,2024,outside_director
20210318000919,Y,00157991,한국석유공업,4,1,-,-,-,2020-12-31,2020,outside_director
20220317000638,Y,00157991,한국석유공업,3,2,1,-,-,2021-12-31,2021,outside_director
20230316000676,Y,00157991,한국석유공업,3,1,-,-,1,2022-12-31,2022,outside_director
20240314001322,Y,00157991,한국석유공업,4,1,-,-,-,2023-12-31,2023,outside_director
20250320000921,Y,00157991,한국석유공업,4,1,-,-,-,2024-12-31,2024,outside_director
20210317000820,Y,00151395,천일고속,4,1,-,-,-,2020-12-31,2020,outside_director
20220810000340,Y,00151395,천일고속,4,1,-,-,-,2021-12-31,2021,outside_director
20230316001173,Y,00151395,천일고속,4,1,2,-,-,2022-12-31,2022,outside_director
20240321001343,Y,00151395,천일고속,4,1,1,-,-,2023-12-31,2023,outside_director
20250320001184,Y,00151395,천일고속,4,1,-,-,-,2024-12-31,2024,outside_director
20210318000163,Y,00111847,대원강업,8,3,1,-,1,2020-12-31,2020,outside_director
20220317000256,Y,00111847,대원강업,7,3,1,-,-,2021-12-31,2021,outside_director
20230324000880,Y,00111847,대원강업,9,6,4,-,-,2022-12-31,2022,outside_director
20240315000516,Y,00111847,대원강업,7,6,2,-,1,2023-12-31,2023,outside_director
20250814001679,Y,00111847,대원강업,8,5,4,-,1,2024-12-31,2024,outside_director
20200928000311,Y,00120872,만호제강,4,1,1,1,-,2020-06-30,2020,outside_director
20210916000086,Y,00120872,만호제강,4,1,-,-,-,2021-06-30,2021,outside_director
20220915000334,Y,00120872,만호제강,4,1,-,-,-,2022-06-30,2022,outside_director
20231005000147,Y,00120872,만호제강,4,1,-,-,-,2023-06-30,2023,outside_director
20250930000631,Y,00120872,만호제강,4,1,-,-,-,2024-06-30,2024,outside_director
20220818000308,Y,00148939,조광피혁,6,3,1,-,-,2020-12-31,2020,outside_director
20220818000327,Y,00148939,조광피혁,6,3,2,-,-,2021-12-31,2021,outside_director
20230316001017,Y,00148939,조광피혁,6,3,1,-,-,2022-12-31,2022,outside_director
20240320001147,Y,00148939,조광피혁,6,3,1,-,-,2023-12-31,2023,outside_director
20250814000431,Y,00148939,조광피혁,6,3,1,-,-,2024-12-31,2024,outside_director
20210319000002,Y,00133812,세방,7,3,-,-,-,2020-12-31,2020,outside_director
20220812000769,Y,00133812,세방,7,3,3,2,1,2021-12-31,2021,outside_director
20230316000928,Y,00133812,세방,7,3,-,-,-,2022-12-31,2022,outside_director
20240314000749,Y,00133812,세방,8,3,1,1,-,2023-12-31,2023,outside_director
20250814002055,Y,00133812,세방,7,3,-,-,-,2024-12-31,2024,outside_director
20210315001021,Y,00117629,KBI동양철관,2,2,1,-,-,2020-12-31,2020,outside_director
20220321001370,Y,00117629,KBI동양철관,2,2,-,-,-,2021-12-31,2021,outside_director
20230320000536,Y,00117629,KBI동양철관,3,1,1,-,1,2022-12-31,2022,outside_director
20240318000933,Y,00117629,KBI동양철관,3,1,-,-,-,2023-12-31,2023,outside_director
20250317000788,Y,00117629,KBI동양철관,3,1,-,-,-,2024-12-31,2024,outside_director
20210319001336,Y,00149804,디와이에이,6,3,3,-,-,2020-12-31,2020,outside_director
20220324000531,Y,00149804,디와이에이,6,3,3,-,-,2021-12-31,2021,outside_director
20230323001273,Y,00149804,디와이에이,7,3,-,-,-,2022-12-31,2022,outside_director
20240320001199,Y,00149804,디와이에이,7,3,-,-,-,2023-12-31,2023,outside_director
20250317000599,Y,00149804,디와이에이,8,4,4,-,-,2024-12-31,2024,outside_director
20210319000418,Y,00107066,남광토건,4,1,-,-,-,2020-12-31,2020,outside_director
20220322000463,Y,00107066,남광토건,4,1,-,-,-,2021-12-31,2021,outside_director
20230712000089,Y,00107066,남광토건,4,1,1,0,0,2022-12-31,2022,outside_director
20240320000911,Y,00107066,남광토건,4,1,0,0,0,2023-12-31,2023,outside_director
20250814001709,Y,00107066,남광토건,4,1,0,0,0,2024-12-31,2024,outside_director
20210311000178,Y,00127200,삼영전자공업,6,2,1,1,-,2020-12-31,2020,outside_director
20220310001191,Y,00127200,삼영전자공업,6,2,-,-,-,2021-12-31,2021,outside_director
20230316001053,Y,00127200,삼영전자공업,8,2,1,1,-,2022-12-31,2022,outside_director
20240326000917,Y,00127200,삼영전자공업,8,2,1,-,-,2023-12-31,2023,outside_director
20250320001464,Y,00127200,삼영전자공업,8,2,-,-,-,2024-12-31,2024,outside_director
20210318000310,Y,00136624,신영와코루,8,2,-,-,-,2020-12-31,2020,outside_director
20220317000404,Y,00136624,신영와코루,8,2,-,-,-,2021-12-31,2021,outside_director
20230316001089,Y,00136624,신영와코루,8,2,2,-,-,2022-12-31,2022,outside_director
20240314000193,Y,00136624,신영와코루,8,3,-,-,-,2023-12-31,2023,outside_director
20250313000876,Y,00136624,신영와코루,8,3,-,-,-,2024-12-31,2024,outside_director
20211111000394,Y,00141626,오리엔트바이오,4,1,1,-,-,2021-03-31,2021,outside_director
20220621000039,Y,00141626,오리엔트바이오,4,1,-,-,-,2022-03-31,2022,outside_director
20230620000166,Y,00141626,오리엔트바이오,4,1,-,-,-,2023-03-31,2023,outside_director
20240620000211,Y,00141626,오리엔트바이오,4,1,1,-,-,2024-03-31,2024,outside_director
20210322000475,Y,00148948,조비,3,1,-,-,-,2020-12-31,2020,outside_director
20220322000340,Y,00148948,조비,3,1,-,-,-,2021-12-31,2021,outside_director
20230322000622,Y,00148948,조비,3,1,1,1,-,2022-12-31,2022,outside_director
20240320000563,Y,00148948,조비,3,1,-,-,-,2023-12-31,2023,outside_director
20250317000781,Y,00148948,조비,4,1,-,-,-,2024-12-31,2024,outside_director
20210318001204,Y,00156691,한국공항,4,2,1,-,-,2020-12-31,2020,outside_director
20220315001111,Y,00156691,한국공항,4,2,-,-,-,2021-12-31,2021,outside_director
20230314001107,Y,00156691,한국공항,4,2,1,-,-,2022-12-31,2022,outside_director
20240313001250,Y,00156691,한국공항,4,2,1,-,-,2023-12-31,2023,outside_director
20250318000741,Y,00156691,한국공항,4,2,-,-,-,2024-12-31,2024,outside_director
20210419000042,Y,00148920,조광페인트,6,2,1,-,-,2020-12-31,2020,outside_director
20220321001064,Y,00148920,조광페인트,6,2,1,-,-,2021-12-31,2021,outside_director
20230327000842,Y,00148920,조광페인트,4,1,-,-,-,2022-12-31,2022,outside_director
20240320000988,Y,00148920,조광페인트,4,1,1,-,-,2023-12-31,2023,outside_director
20250811000086,Y,00148920,조광페인트,4,1,1,-,-,2024-12-31,2024,outside_director
20210316000693,Y,00132725,SB성보,4,2,-,-,-,2020-12-31,2020,outside_director
20220315000678,Y,00132725,SB성보,4,2,-,-,-,2021-12-31,2021,outside_director
20230310001031,Y,00132725,SB성보,3,2,-,-,-,2022-12-31,2022,outside_director
20240320000890,Y,00132725,SB성보,3,2,1,-,-,2023-12-31,2023,outside_director
20250318000798,Y,00132725,SB성보,6,3,2,-,-,2024-12-31,2024,outside_director
20210318001068,Y,00128555,삼천리,5,3,-,-,-,2020-12-31,2020,outside_director
20220317001251,Y,00128555,삼천리,5,3,1,-,-,2021-12-31,2021,outside_director
20230316001421,Y,00128555,삼천리,5,3,2,-,-,2022-12-31,2022,outside_director
20240319000801,Y,00128555,삼천리,5,3,-,-,-,2023-12-31,2023,outside_director
20250813001129,Y,00128555,삼천리,5,3,1,-,-,2024-12-31,2024,outside_director
20210305000380,Y,00149345,조흥,2,1,-,-,-,2020-12-31,2020,outside_director
20220310000270,Y,00149345,조흥,4,1,1,-,-,2021-12-31,2021,outside_director
20230309000626,Y,00149345,조흥,3,1,1,-,-,2022-12-31,2022,outside_director
20240314001089,Y,00149345,조흥,2,1,-,-,-,2023-12-31,2023,outside_director
20250312000526,Y,00149345,조흥,3,1,1,-,-,2024-12-31,2024,outside_director
20210322000736,Y,00106119,금양,6,3,2,-,-,2020-12-31,2020,outside_director
20220322000647,Y,00106119,금양,10,3,-,-,-,2021-12-31,2021,outside_director
20240313001231,Y,00106119,금양,6,3,1,-,-,2022-12-31,2022,outside_director
20240417000287,Y,00106119,금양,7,2,-,-,-,2023-12-31,2023,outside_director
20250321001823,Y,00106119,금양,8,3,1,-,-,2024-12-31,2024,outside_director
20210318001107,Y,00109718,사조대림,7,3,1,-,-,2020-12-31,2020,outside_director
20220929000312,Y,00109718,사조대림,7,3,2,-,-,2021-12-31,2021,outside_director
20230315001368,Y,00109718,사조대림,7,3,-,-,-,2022-12-31,2022,outside_director
20240313001702,Y,00109718,사조대림,8,3,1,-,-,2023-12-31,2023,outside_director
20250312000891,Y,00109718,사조대림,8,3,-,-,-,2024-12-31,2024,outside_director
20210817001926,Y,00107677,비비안,7,2,-,-,1,2020-12-31,2020,outside_director
20220323000957,Y,00107677,비비안,7,2,1,-,1,2021-12-31,2021,outside_director
20230323000796,Y,00107677,비비안,6,1,1,-,2,2022-12-31,2022,outside_director
20240321001726,Y,00107677,비비안,8,2,-,-,-,2023-12-31,2023,outside_director
20250321001351,Y,00107677,비비안,6,2,-,-,-,2024-12-31,2024,outside_director
20210218001086,Y,00134477,SNT다이내믹스,4,1,-,-,-,2020-12-31,2020,outside_director
20220218001040,Y,00134477,SNT다이내믹스,4,1,1,-,-,2021-12-31,2021,outside_director
20230220001625,Y,00134477,SNT다이내믹스,4,1,-,-,-,2022-12-31,2022,outside_director
20240221001483,Y,00134477,SNT다이내믹스,4,1,1,-,-,2023-12-31,2023,outside_director
20250220001259,Y,00134477,SNT다이내믹스,4,1,-,-,-,2024-12-31,2024,outside_director
20210315000770,Y,00162063,한신공영,4,1,-,-,-,2020-12-31,2020,outside_director
20220713000230,Y,00162063,한신공영,5,2,1,1,-,2021-12-31,2021,outside_director
20230315001227,Y,00162063,한신공영,5,2,-,-,-,2022-12-31,2022,outside_director
20240321001712,Y,00162063,한신공영,5,2,-,-,-,2023-12-31,2023,outside_director
20250814002318,Y,00162063,한신공영,5,2,-,-,-,2024-12-31,2024,outside_director
20210317000609,Y,00108241,농심,7,4,-,-,-,2020-12-31,2020,outside_director
20220317000469,Y,00108241,농심,6,4,3,-,-,2021-12-31,2021,outside_director
20230316000448,Y,00108241,농심,7,4,1,-,-,2022-12-31,2022,outside_director
20240314000698,Y,00108241,농심,7,4,-,-,-,2023-12-31,2023,outside_director
20250312000711,Y,00108241,농심,7,4,3,-,-,2024-12-31,2024,outside_director
20210325000502,Y,00127255,삼영,4,2,1,-,-,2020-12-31,2020,outside_director
20220322000953,Y,00127255,삼영,5,2,-,-,-,2021-12-31,2021,outside_director
20230713000197,Y,00127255,삼영,5,2,-,-,-,2022-12-31,2022,outside_director
20240321001477,Y,00127255,삼영,5,2,1,-,-,2023-12-31,2023,outside_director
20250320000750,Y,00127255,삼영,5,2,-,-,-,2024-12-31,2024,outside_director
20210318001113,Y,00132804,성신양회,5,3,3,2,1,2020-12-31,2020,outside_director
20220322000761,Y,00132804,성신양회,4,2,-,-,1,2021-12-31,2021,outside_director
20230314001035,Y,00132804,성신양회,4,3,1,-,-,2022-12-31,2022,outside_director
20240313001512,Y,00132804,성신양회,5,3,1,-,-,2023-12-31,2023,outside_director
20250312000954,Y,00132804,성신양회,5,3,1,-,-,2024-12-31,2024,outside_director
20210317000776,Y,00135962,신라교역,6,2,-,-,-,2020-12-31,2020,outside_director
20220930000044,Y,00135962,신라교역,6,2,2,-,-,2021-12-31,2021,outside_director
20230315001315,Y,00135962,신라교역,6,2,-,-,-,2022-12-31,2022,outside_director
20240313001013,Y,00135962,신라교역,4,1,1,-,-,2023-12-31,2023,outside_director
20250515002241,Y,00135962,신라교역,4,1,-,-,-,2024-12-31,2024,outside_director
20210319001036,Y,00137368,신풍,3,1,1,-,-,2020-12-31,2020,outside_director
20220318000615,Y,00137368,신풍,3,1,-,-,-,2021-12-31,2021,outside_director
20230320001017,Y,00137368,신풍,3,1,-,-,-,2022-12-31,2022,outside_director
20240319000558,Y,00137368,신풍,3,1,-,-,-,2023-12-31,2023,outside_director
20250813000090,Y,00137368,신풍,3,1,1,-,-,2024-12-31,2024,outside_director
20210318001133,Y,00149354,종근당홀딩스,4,1,-,-,-,2020-12-31,2020,outside_director
20220317001328,Y,00149354,종근당홀딩스,4,1,-,-,-,2021-12-31,2021,outside_director
20230314001191,Y,00149354,종근당홀딩스,4,1,-,-,-,2022-12-31,2022,outside_director
20240320001873,Y,00149354,종근당홀딩스,4,2,2,-,-,2023-12-31,2023,outside_director
20210318000282,Y,00161046,한독,7,3,1,-,-,2020-12-31,2020,outside_director
20220316001089,Y,00161046,한독,7,3,1,-,-,2021-12-31,2021,outside_director
20230316000780,Y,00161046,한독,7,3,1,-,-,2022-12-31,2022,outside_director
20240314000463,Y,00161046,한독,7,3,1,-,-,2023-12-31,2023,outside_director
20250312000222,Y,00161046,한독,8,3,-,-,-,2024-12-31,2024,outside_director
20210317000661,Y,00152039,SG글로벌,4,1,-,-,-,2020-12-31,2020,outside_director
20220315000715,Y,00152039,SG글로벌,4,1,-,-,-,2021-12-31,2021,outside_director
20230314000627,Y,00152039,SG글로벌,4,1,1,-,-,2022-12-31,2022,outside_director
20240319000089,Y,00152039,SG글로벌,4,1,-,-,-,2023-12-31,2023,outside_director
20250319000355,Y,00152039,SG글로벌,4,1,-,-,-,2024-12-31,2024,outside_director
20210729000451,Y,00167208,흥아해운,3,1,-,-,-,2020-12-31,2020,outside_director
20220816000435,Y,00167208,흥아해운,4,2,2,-,1,2021-12-31,2021,outside_director
20230320001057,Y,00167208,흥아해운,5,2,1,-,1,2022-12-31,2022,outside_director
20240320001803,Y,00167208,흥아해운,5,2,-,-,-,2023-12-31,2023,outside_director
20250317000787,Y,00167208,흥아해운,5,2,1,-,1,2024-12-31,2024,outside_director
20210318000483,Y,00138190,GS글로벌,8,3,2,-,-,2020-12-31,2020,outside_director
20220317000701,Y,00138190,GS글로벌,8,3,1,-,-,2021-12-31,2021,outside_director
20230406002879,Y,00138190,GS글로벌,8,3,-,-,-,2022-12-31,2022,outside_director
20240328001504,Y,00138190,GS글로벌,8,3,2,-,-,2023-12-31,2023,outside_director
20250318001328,Y,00138190,GS글로벌,8,3,-,-,-,2024-12-31,2024,outside_director
20210318000696,Y,00106313,금호건설,7,4,-,-,-,2020-12-31,2020,outside_director
20220322000355,Y,00106313,금호건설,6,4,1,-,-,2021-12-31,2021,outside_director
20230320000409,Y,00106313,금호건설,5,3,1,-,-,2022-12-31,2022,outside_director
20240318000777,Y,00106313,금호건설,5,3,-,-,-,2023-12-31,2023,outside_director
20250814001090,Y,00106313,금호건설,4,3,-,-,-,2024-12-31,2024,outside_director
20231212000331,Y,00125974,삼부토건,8,2,2,-,-,2020-12-31,2020,outside_director
20231212000335,Y,00125974,삼부토건,7,2,2,-,-,2021-12-31,2021,outside_director
20240821000566,Y,00125974,삼부토건,8,2,2,-,2,2022-12-31,2022,outside_director
20240821000569,Y,00125974,삼부토건,8,2,-,-,-,2023-12-31,2023,outside_director
20250814002051,Y,00125974,삼부토건,4,1,-,-,1,2024-12-31,2024,outside_director
20210318000813,Y,00129350,삼화콘덴서공업,6,2,1,-,-,2020-12-31,2020,outside_director
20220317000863,Y,00129350,삼화콘덴서공업,6,2,-,-,-,2021-12-31,2021,outside_director
20230316001232,Y,00129350,삼화콘덴서공업,6,2,1,-,-,2022-12-31,2022,outside_director
20240314001464,Y,00129350,삼화콘덴서공업,6,2,-,-,-,2023-12-31,2023,outside_director
20250313000953,Y,00129350,삼화콘덴서공업,6,2,-,-,-,2024-12-31,2024,outside_director
20210503000454,Y,00134723,페이퍼코리아,4,1,2,-,1,2020-12-31,2020,outside_director
20220330001348,Y,00134723,페이퍼코리아,3,1,-,-,-,2021-12-31,2021,outside_director
20230323001248,Y,00134723,페이퍼코리아,3,1,-,-,-,2022-12-31,2022,outside_director
20240321001475,Y,00134723,페이퍼코리아,4,1,1,-,-,2023-12-31,2023,outside_director
20250320001403,Y,00134723,페이퍼코리아,4,1,-,-,-,2024-12-31,2024,outside_director
20210322001119,Y,00117337,동양,5,3,-,-,-,2020-12-31,2020,outside_director
20220323000930,Y,00117337,동양,5,3,-,-,-,2021-12-31,2021,outside_director
20230403003757,Y,00117337,동양,5,3,1,-,-,2022-12-31,2022,outside_director
20240320001400,Y,00117337,동양,5,3,1,-,-,2023-12-31,2023,outside_director
20250814004295,Y,00117337,동양,6,3,-,-,-,2024-12-31,2024,outside_director
20210318000866,Y,00149947,JW중외제약,4,3,1,-,-,2020-12-31,2020,outside_director
20220321001347,Y,00149947,JW중외제약,7,3,-,-,-,2021-12-31,2021,outside_director
20230321001149,Y,00149947,JW중외제약,7,3,-,-,-,2022-12-31,2022,outside_director
20240318000800,Y,00149947,JW중외제약,7,3,-,-,-,2023-12-31,2023,outside_director
20250318001192,Y,00149947,JW중외제약,7,3,-,-,-,2024-12-31,2024,outside_director
20210316000780,Y,00141307,영풍,5,3,3,-,-,2020-12-31,2020,outside_director
20220315000564,Y,00141307,영풍,5,3,3,-,-,2021-12-31,2021,outside_director
20230713000143,Y,00141307,영풍,5,3,3,-,-,2022-12-31,2022,outside_director
20240814004220,Y,00141307,영풍,5,3,3,-,-,2023-12-31,2023,outside_director
20250401003228,Y,00141307,영풍,5,3,3,-,-,2024-12-31,2024,outside_director
20210317000563,Y,00122472,PKC,3,1,1,-,-,2020-12-31,2020,outside_director
20220316000411,Y,00122472,PKC,3,1,1,-,-,2021-12-31,2021,outside_director
20240315000854,Y,00122472,PKC,3,1,-,-,-,2022-12-31,2022,outside_director
20240320001979,Y,00122472,PKC,5,3,3,-,1,2023-12-31,2023,outside_director
20250318001326,Y,00122472,PKC,5,3,3,-,-,2024-12-31,2024,outside_director
20210817001332,Y,00163716,한창,3,1,1,-,-,2020-12-31,2020,outside_director
20220323001074,Y,00163716,한창,3,1,1,-,-,2021-12-31,2021,outside_director
20230330001135,Y,00163716,한창,3,1,-,-,-,2022-12-31,2022,outside_director
20240328001679,Y,00163716,한창,4,1,1,-,1,2023-12-31,2023,outside_director
20250801000425,Y,00163716,한창,3,1,-,-,-,2024-12-31,2024,outside_director
20210608000200,Y,00129235,삼화왕관,3,1,1,-,-,2020-12-31,2020,outside_director
20220317000402,Y,00129235,삼화왕관,3,1,1,-,1,2021-12-31,2021,outside_director
20230316000542,Y,00129235,삼화왕관,3,1,1,-,-,2022-12-31,2022,outside_director
20240314001652,Y,00129235,삼화왕관,3,1,1,-,-,2023-12-31,2023,outside_director
20250320000947,Y,00129235,삼화왕관,3,1,-,-,-,2024-12-31,2024,outside_director
20210318001381,Y,00103006,고려제강,12,5,3,1,-,2020-12-31,2020,outside_director
20220317001248,Y,00103006,고려제강,12,5,-,-,-,2021-12-31,2021,outside_director
20230316001326,Y,00103006,고려제강,10,4,1,0,0,2022-12-31,2022,outside_director
20240321001689,Y,00103006,고려제강,10,4,3,-,-,2023-12-31,2023,outside_director
20250515002790,Y,00103006,고려제강,10,4,0,0,0,2024-12-31,2024,outside_director
20210318001136,Y,00153755,태양금속공업,5,3,2,-,-,2020-12-31,2020,outside_director
20220315000922,Y,00153755,태양금속공업,5,3,-,-,-,2021-12-31,2021,outside_director
20230323000932,Y,00153755,태양금속공업,5,3,-,-,-,2022-12-31,2022,outside_director
20240321001287,Y,00153755,태양금속공업,5,3,1,-,-,2023-12-31,2023,outside_director
20250317000712,Y,00153755,태양금속공업,5,3,-,-,-,2024-12-31,2024,outside_director
20210322001090,Y,00132211,SUN&L,3,1,-,-,-,2020-12-31,2020,outside_director
20220812000487,Y,00132211,SUN&L,4,1,1,-,-,2021-12-31,2021,outside_director
20230515001480,Y,00132211,SUN&L,4,1,-,-,-,2022-12-31,2022,outside_director
20240321001713,Y,00132211,SUN&L,4,1,-,-,-,2023-12-31,2023,outside_director
20250321001205,Y,00132211,SUN&L,4,1,1,-,-,2024-12-31,2024,outside_director
20210316000835,Y,00118266,DRB동일,3,2,2,-,1,2020-12-31,2020,outside_director
20220316000864,Y,00118266,DRB동일,3,2,-,-,-,2021-12-31,2021,outside_director
20230315000744,Y,00118266,DRB동일,5,3,1,-,-,2022-12-31,2022,outside_director
20240313001071,Y,00118266,DRB동일,5,3,2,-,-,2023-12-31,2023,outside_director
20250313000850,Y,00118266,DRB동일,5,3,-,-,-,2024-12-31,2024,outside_director
20210318000728,Y,00173874,넥센타이어,5,3,1,-,1,2020-12-31,2020,outside_director
20220318000955,Y,00173874,넥센타이어,5,3,1,-,-,2021-12-31,2021,outside_director
20230320000888,Y,00173874,넥센타이어,7,4,2,-,-,2022-12-31,2022,outside_director
20240318000903,Y,00173874,넥센타이어,7,4,-,-,-,2023-12-31,2023,outside_director
20250318001449,Y,00173874,넥센타이어,7,4,-,-,-,2024-12-31,2024,outside_director
20210316000692,Y,00133511,SG세계물산,3,1,-,-,-,2020-12-31,2020,outside_director
20220316000435,Y,00133511,SG세계물산,3,1,-,-,-,2021-12-31,2021,outside_director
20230317000464,Y,00133511,SG세계물산,3,1,-,-,-,2022-12-31,2022,outside_director
20240318000337,Y,00133511,SG세계물산,3,1,-,-,-,2023-12-31,2023,outside_director
20250318000626,Y,00133511,SG세계물산,3,1,-,-,-,2024-12-31,2024,outside_director
20210311001146,Y,00157681,롯데정밀화학,6,3,1,-,1,2020-12-31,2020,outside_director
20220310001085,Y,00157681,롯데정밀화학,5,3,2,-,-,2021-12-31,2021,outside_director
20230314001159,Y,00157681,롯데정밀화학,7,4,2,-,-,2022-12-31,2022,outside_director
20240329003375,Y,00157681,롯데정밀화학,6,4,2,-,2,2023-12-31,2023,outside_director
20250327000664,Y,00157681,롯데정밀화학,7,4,2,-,1,2024-12-31,2024,outside_director
20210317000578,Y,00119195,동화약품,8,3,2,-,-,2020-12-31,2020,outside_director
20220322000889,Y,00119195,동화약품,4,3,0,0,0,2021-12-31,2021,outside_director
20230315001100,Y,00119195,동화약품,5,3,0,0,0,2022-12-31,2022,outside_director
20240319000652,Y,00119195,동화약품,4,3,0,0,0,2023-12-31,2023,outside_director
20250318000739,Y,00119195,동화약품,4,3,0,0,0,2024-12-31,2024,outside_director
20210405003117,Y,00109693,DL,8,5,1,-,-,2020-12-31,2020,outside_director
20230728000642,Y,00109693,DL,5,3,3,-,-,2021-12-31,2021,outside_director
20230728000644,Y,00109693,DL,5,3,-,-,-,2022-12-31,2022,outside_director
20240329002623,Y,00109693,DL,5,3,1,-,1,2023-12-31,2023,outside_director
20250317000751,Y,00109693,DL,5,3,1,-,-,2024-12-31,2024,outside_director
20210316000546,Y,00120076,LX인터내셔널,7,4,2,0,0,2020-12-31,2020,outside_director
20220316000964,Y,00120076,LX인터내셔널,7,4,0,0,0,2021-12-31,2021,outside_director
20230315000850,Y,00120076,LX인터내셔널,7,4,2,0,0,2022-12-31,2022,outside_director
20240320000868,Y,00120076,LX인터내셔널,7,4,2,0,0,2023-12-31,2023,outside_director
20250320000626,Y,00120076,LX인터내셔널,7,4,0,0,0,2024-12-31,2024,outside_director
20210317000306,Y,00104722,국제약품,8,3,3,-,1,2020-12-31,2020,outside_director
20220317000400,Y,00104722,국제약품,8,3,-,-,-,2021-12-31,2021,outside_director
20230316000069,Y,00104722,국제약품,8,3,-,-,-,2022-12-31,2022,outside_director
20240321001179,Y,00104722,국제약품,8,3,-,-,-,2023-12-31,2023,outside_director
20250320000537,Y,00104722,국제약품,7,3,-,-,-,2024-12-31,2024,outside_director
20220225006914,Y,00153393,태광산업,5,3,1,-,-,2020-12-31,2020,outside_director
20220317001199,Y,00153393,태광산업,5,3,2,-,-,2021-12-31,2021,outside_director
20230323001281,Y,00153393,태광산업,5,3,1,-,-,2022-12-31,2022,outside_director
20240329003575,Y,00153393,태광산업,5,3,2,-,-,2023-12-31,2023,outside_director
20250814001448,Y,00153393,태광산업,7,4,2,-,1,2024-12-31,2024,outside_director
20210420000237,Y,00124151,부산주공,5,3,3,-,-,2020-12-31,2020,outside_director
20220322000532,Y,00124151,부산주공,8,3,3,-,-,2021-12-31,2021,outside_director
20230323001492,Y,00124151,부산주공,7,3,3,4,-,2022-12-31,2022,outside_director
20250521000331,Y,00124151,부산주공,4,3,3,-,-,2023-12-31,2023,outside_director
20250521000343,Y,00124151,부산주공,4,3,3,-,-,2024-12-31,2024,outside_director
20210319001013,Y,00160843,DB하이텍,6,4,2,-,-,2020-12-31,2020,outside_director
20220321001280,Y,00160843,DB하이텍,5,3,1,-,-,2021-12-31,2021,outside_director
20230321001125,Y,00160843,DB하이텍,6,4,3,-,-,2022-12-31,2022,outside_director
20240327001130,Y,00160843,DB하이텍,6,4,3,-,2,2023-12-31,2023,outside_director
20250312001130,Y,00160843,DB하이텍,7,4,2,-,1,2024-12-31,2024,outside_director
20210318001276,Y,00109824,대림통상,5,2,-,-,-,2020-12-31,2020,outside_director
20220323000843,Y,00109824,대림통상,4,1,-,-,1,2021-12-31,2021,outside_director
20230322000569,Y,00109824,대림통상,4,1,-,-,-,2022-12-31,2022,outside_director
20240321001877,Y,00109824,대림통상,4,1,1,-,-,2023-12-31,2023,outside_director
20250320001663,Y,00109824,대림통상,4,1,1,-,-,2024-12-31,2024,outside_director
20210317001204,Y,00144818,유유제약,5,3,3,-,1,2020-12-31,2020,outside_director
20220323000620,Y,00144818,유유제약,4,3,3,-,1,2021-12-31,2021,outside_director
20230322001027,Y,00144818,유유제약,5,3,2,-,1,2022-12-31,2022,outside_director
20240320001162,Y,00144818,유유제약,5,3,2,-,-,2023-12-31,2023,outside_director
20250319000817,Y,00144818,유유제약,5,3,1,-,-,2024-12-31,2024,outside_director
20210317000299,Y,00100939,강남제비스코,6,3,-,-,-,2020-12-31,2020,outside_director
20220321000879,Y,00100939,강남제비스코,6,3,3,-,-,2021-12-31,2021,outside_director
20230320000691,Y,00100939,강남제비스코,6,3,-,-,-,2022-12-31,2022,outside_director
20240320001810,Y,00100939,강남제비스코,6,3,-,-,-,2023-12-31,2023,outside_director
20250318001036,Y,00100939,강남제비스코,7,3,-,-,-,2024-12-31,2024,outside_director
20210322000414,Y,00173698,신일전자,5,2,1,-,-,2020-12-31,2020,outside_director
20220321000808,Y,00173698,신일전자,5,2,1,-,-,2021-12-31,2021,outside_director
20230323000459,Y,00173698,신일전자,5,2,-,-,-,2022-12-31,2022,outside_director
20240320000394,Y,00173698,신일전자,5,2,-,-,-,2023-12-31,2023,outside_director
20250320000612,Y,00173698,신일전자,5,2,-,-,-,2024-12-31,2024,outside_director
20210707000529,Y,00126414,삼성제약,4,1,1,-,-,2020-12-31,2020,outside_director
20220812000933,Y,00126414,삼성제약,3,1,1,-,-,2021-12-31,2021,outside_director
20230320001021,Y,00126414,삼성제약,4,1,-,-,-,2022-12-31,2022,outside_director
20240320002024,Y,00126414,삼성제약,6,2,2,-,-,2023-12-31,2023,outside_director
20250814003559,Y,00126414,삼성제약,6,2,-,-,-,2024-12-31,2024,outside_director
20210318001425,Y,00126955,삼양식품,3,1,-,-,-,2020-12-31,2020,outside_director
20220315001195,Y,00126955,삼양식품,8,4,4,-,1,2021-12-31,2021,outside_director
20251112000498,Y,00126955,삼양식품,8,4,-,-,-,2022-12-31,2022,outside_director
20240320001358,Y,00126955,삼양식품,8,4,-,-,-,2023-12-31,2023,outside_director
20250318001186,Y,00126955,삼양식품,8,4,4,-,-,2024-12-31,2024,outside_director
20210311000847,Y,00116301,NI스틸,3,1,1,-,1,2020-12-31,2020,outside_director
20220310001141,Y,00116301,NI스틸,3,1,1,-,-,2021-12-31,2021,outside_director
20230316000724,Y,00116301,NI스틸,3,1,-,-,-,2022-12-31,2022,outside_director
20240314000638,Y,00116301,NI스틸,3,1,-,-,-,2023-12-31,2023,outside_director
20250313000820,Y,00116301,NI스틸,4,1,1,-,1,2024-12-31,2024,outside_director
20210319000013,Y,00146083,일동홀딩스,6,2,1,-,-,2020-12-31,2020,outside_director
20220317001050,Y,00146083,일동홀딩스,6,2,1,-,-,2021-12-31,2021,outside_director
20230316001183,Y,00146083,일동홀딩스,4,1,-,-,1,2022-12-31,2022,outside_director
20240314001097,Y,00146083,일동홀딩스,6,2,1,-,-,2023-12-31,2023,outside_director
20250318001009,Y,00146083,일동홀딩스,6,2,-,-,-,2024-12-31,2024,outside_director
20210318001361,Y,00109286,대동,7,3,1,1,-,2020-12-31,2020,outside_director
20220317001231,Y,00109286,대동,7,3,1,-,-,2021-12-31,2021,outside_director
20230322000832,Y,00109286,대동,6,3,1,-,-,2022-12-31,2022,outside_director
20240320002054,Y,00109286,대동,6,3,-,-,-,2023-12-31,2023,outside_director
20250318001356,Y,00109286,대동,7,4,4,-,2,2024-12-31,2024,outside_director
20210317001261,Y,00113492,깨끗한나라,4,1,-,-,-,2020-12-31,2020,outside_director
20220317000954,Y,00113492,깨끗한나라,4,1,1,-,-,2021-12-31,2021,outside_director
20230316000673,Y,00113492,깨끗한나라,4,1,-,-,-,2022-12-31,2022,outside_director
20240401001062,Y,00113492,깨끗한나라,4,1,-,-,-,2023-12-31,2023,outside_director
20250320000849,Y,00113492,깨끗한나라,4,1,-,-,-,2024-12-31,2024,outside_director
20210318000347,Y,00154055,태원물산,6,2,0,0,0,2020-12-31,2020,outside_director
20220317000490,Y,00154055,태원물산,6,2,2,0,0,2021-12-31,2021,outside_director
20230316000393,Y,00154055,태원물산,5,2,0,0,0,2022-12-31,2022,outside_director
20240320000726,Y,00154055,태원물산,6,2,1,0,0,2023-12-31,2023,outside_director
20250320001049,Y,00154055,태원물산,6,2,1,0,0,2024-12-31,2024,outside_director
20210309000744,Y,00126380,삼성전자,11,6,-,-,-,2020-12-31,2020,outside_director
20220308000798,Y,00126380,삼성전자,11,6,3,-,-,2021-12-31,2021,outside_director
20230307000542,Y,00126380,삼성전자,11,6,5,-,2,2022-12-31,2022,outside_director
20240312000736,Y,00126380,삼성전자,11,6,-,-,-,2023-12-31,2023,outside_director
20250311001085,Y,00126380,삼성전자,9,6,2,-,1,2024-12-31,2024,outside_director
20210406002956,Y,00126089,DH오토넥스,3,1,-,-,-,2020-12-31,2020,outside_director
20220322000990,Y,00126089,DH오토넥스,4,1,-,-,-,2021-12-31,2021,outside_director
20230324000003,Y,00126089,DH오토넥스,4,1,1,-,-,2022-12-31,2022,outside_director
20250331004364,Y,00126089,DH오토넥스,3,0,1,0,1,2023-12-31,2023,outside_director
20250604000001,Y,00126089,DH오토넥스,4,1,1,1,0,2024-12-31,2024,outside_director
20210318001376,Y,00122579,BYC,8,3,1,-,-,2020-12-31,2020,outside_director
20220317001262,Y,00122579,BYC,5,3,1,1,-,2021-12-31,2021,outside_director
20230316001312,Y,00122579,BYC,5,3,2,2,-,2022-12-31,2022,outside_director
20240314001341,Y,00122579,BYC,8,3,-,-,-,2023-12-31,2023,outside_director
20250320001026,Y,00122579,BYC,9,3,-,-,-,2024-12-31,2024,outside_director
20210323000883,Y,00138242,KG모빌리티,5,3,1,-,-,2020-12-31,2020,outside_director
20220427000218,Y,00138242,KG모빌리티,4,3,-,-,-,2021-12-31,2021,outside_director
20230314001136,Y,00138242,KG모빌리티,7,4,4,3,-,2022-12-31,2022,outside_director
20240318000335,Y,00138242,KG모빌리티,8,5,5,-,1,2023-12-31,2023,outside_director
20250318000528,Y,00138242,KG모빌리티,10,6,1,-,-,2024-12-31,2024,outside_director
20210318000643,Y,00125530,삼립,9,4,-,-,-,2020-12-31,2020,outside_director
20220317001271,Y,00125530,삼립,10,5,5,-,-,2021-12-31,2021,outside_director
20230316001219,Y,00125530,삼립,9,5,-,-,-,2022-12-31,2022,outside_director
20240321001513,Y,00125530,삼립,9,5,2,-,-,2023-12-31,2023,outside_director
20250318001175,Y,00125530,삼립,6,3,2,-,1,2024-12-31,2024,outside_director
20210318001085,Y,00146454,일양약품,6,6,3,3,-,2020-12-31,2020,outside_director
20220317000353,Y,00146454,일양약품,6,3,-,-,-,2021-12-31,2021,outside_director
20250327000896,Y,00146454,일양약품,6,3,-,-,-,2022-12-31,2022,outside_director
20250327000993,Y,00146454,일양약품,5,2,3,-,1,2023-12-31,2023,outside_director
20250327001173,Y,00146454,일양약품,6,3,1,-,-,2024-12-31,2024,outside_director
20210325000974,Y,00163512,한진,8,5,1,-,-,2020-12-31,2020,outside_director
20220812000715,Y,00163512,한진,8,5,1,-,-,2021-12-31,2021,outside_director
20230315001412,Y,00163512,한진,8,5,2,-,-,2022-12-31,2022,outside_director
20240328001771,Y,00163512,한진,8,5,2,-,-,2023-12-31,2023,outside_director
20250317000904,Y,00163512,한진,8,5,1,-,-,2024-12-31,2024,outside_director
20210316000316,Y,00158112,한국수출포장공업,4,1,-,-,-,2020-12-31,2020,outside_director
20220316000914,Y,00158112,한국수출포장공업,4,1,1,1,-,2021-12-31,2021,outside_director
20230315000812,Y,00158112,한국수출포장공업,4,1,-,-,-,2022-12-31,2022,outside_director
20240313000870,Y,00158112,한국수출포장공업,4,1,-,-,-,2023-12-31,2023,outside_director
20250312000675,Y,00158112,한국수출포장공업,4,1,-,-,-,2024-12-31,2024,outside_director
20220217001036,Y,00164742,현대자동차,10,6,1,-,-,2020-12-31,2020,outside_director
20240314001466,Y,00164742,현대자동차,11,6,2,-,-,2021-12-31,2021,outside_director
20240314001531,Y,00164742,현대자동차,11,6,3,-,-,2022-12-31,2022,outside_director
20240313001451,Y,00164742,현대자동차,12,7,2,-,-,2023-12-31,2023,outside_director
20250312001148,Y,00164742,현대자동차,12,7,2,-,-,2024-12-31,2024,outside_director
20210331000541,Y,00121288,모나미,4,1,-,-,-,2020-12-31,2020,outside_director
20220321000384,Y,00121288,모나미,4,1,1,-,-,2021-12-31,2021,outside_director
20230321000713,Y,00121288,모나미,4,1,-,-,-,2022-12-31,2022,outside_director
20240320000713,Y,00121288,모나미,4,1,-,-,-,2023-12-31,2023,outside_director
20250321000631,Y,00121288,모나미,4,1,1,-,-,2024-12-31,2024,outside_director
20210316001231,Y,00162461,한화솔루션,11,6,5,3,-,2020-12-31,2020,outside_director
20220728000033,Y,00162461,한화솔루션,10,6,-,-,-,2021-12-31,2021,outside_director
20230315001436,Y,00162461,한화솔루션,10,6,2,2,-,2022-12-31,2022,outside_director
20240328000654,Y,00162461,한화솔루션,10,6,1,-,-,2023-12-31,2023,outside_director
20250317001024,Y,00162461,한화솔루션,9,5,1,-,-,2024-12-31,2024,outside_director
20210316000698,Y,00159810,카프로,4,2,-,-,-,2020-12-31,2020,outside_director
20220315000294,Y,00159810,카프로,5,3,3,-,-,2021-12-31,2021,outside_director
20230711000073,Y,00159810,카프로,3,2,-,-,1,2022-12-31,2022,outside_director
20240813001630,Y,00159810,카프로,3,2,-,-,-,2023-12-31,2023,outside_director
20250320001650,Y,00159810,카프로,7,4,5,-,1,2024-12-31,2024,outside_director
20210329000181,Y,00112970,대한방직,7,2,2,-,-,2020-12-31,2020,outside_director
20220328001072,Y,00112970,대한방직,7,2,-,-,-,2021-12-31,2021,outside_director
20230316001199,Y,00112970,대한방직,7,2,2,-,-,2022-12-31,2022,outside_director
20240314001520,Y,00112970,대한방직,6,2,-,-,-,2023-12-31,2023,outside_director
20250814002484,Y,00112970,대한방직,6,2,-,-,-,2024-12-31,2024,outside_director
20210317000932,Y,00130879,서울식품공업,7,2,-,-,-,2020-12-31,2020,outside_director
20220323000713,Y,00130879,서울식품공업,7,2,-,-,-,2021-12-31,2021,outside_director
20230323000423,Y,00130879,서울식품공업,7,2,-,-,-,2022-12-31,2022,outside_director
20240320001070,Y,00130879,서울식품공업,7,2,-,-,-,2023-12-31,2023,outside_director
20250320000850,Y,00130879,서울식품공업,7,2,-,-,-,2024-12-31,2024,outside_director
20210331002867,Y,00106395,금호전기,6,2,3,-,2,2020-12-31,2020,outside_director
20220811000312,Y,00106395,금호전기,6,2,1,-,1,2021-12-31,2021,outside_director
20230321001127,Y,00106395,금호전기,6,2,-,-,-,2022-12-31,2022,outside_director
20240320001009,Y,00106395,금호전기,6,2,-,-,-,2023-12-31,2023,outside_director
20250318000723,Y,00106395,금호전기,6,2,-,-,-,2024-12-31,2024,outside_director
20211210000500,Y,00106641,기아,9,5,2,-,-,2020-12-31,2020,outside_director
20220321000650,Y,00106641,기아,9,5,2,-,-,2021-12-31,2021,outside_director
20230309000734,Y,00106641,기아,9,5,1,-,-,2022-12-31,2022,outside_director
20240312000909,Y,00106641,기아,9,5,2,-,-,2023-12-31,2023,outside_director
20250313001390,Y,00106641,기아,8,5,2,-,-,2024-12-31,2024,outside_director
20210323001094,Y,00156488,휴스틸,7,3,-,-,-,2020-12-31,2020,outside_director
20220323001079,Y,00156488,휴스틸,7,3,1,-,-,2021-12-31,2021,outside_director
20230322001091,Y,00156488,휴스틸,7,3,2,-,-,2022-12-31,2022,outside_director
20240320001603,Y,00156488,휴스틸,7,3,-,-,-,2023-12-31,2023,outside_director
20250318001178,Y,00156488,휴스틸,7,3,-,-,-,2024-12-31,2024,outside_director
20210319000739,Y,00117230,TYM,7,2,-,-,-,2020-12-31,2020,outside_director
20220321001204,Y,00117230,TYM,7,3,3,-,1,2021-12-31,2021,outside_director
20230322001174,Y,00117230,TYM,7,3,1,-,1,2022-12-31,2022,outside_director
20240321000848,Y,00117230,TYM,8,4,1,-,-,2023-12-31,2023,outside_director
20250319000651,Y,00117230,TYM,8,4,3,-,1,2024-12-31,2024,outside_director
20210318001277,Y,00111810,대웅,5,3,-,-,-,2020-12-31,2020,outside_director
20220321000991,Y,00111810,대웅,3,1,1,-,1,2021-12-31,2021,outside_director
20230321000752,Y,00111810,대웅,4,2,2,-,-,2022-12-31,2022,outside_director
20240320001160,Y,00111810,대웅,5,3,-,-,-,2023-12-31,2023,outside_director
20250814004337,Y,00111810,대웅,5,3,-,-,-,2024-12-31,2024,outside_director
20210310000533,Y,00150439,진양산업,3,1,-,-,-,2020-12-31,2020,outside_director
20220308000794,Y,00150439,진양산업,3,1,-,-,-,2021-12-31,2021,outside_director
20230308000725,Y,00150439,진양산업,3,1,-,-,-,2022-12-31,2022,outside_director
20240306000492,Y,00150439,진양산업,2,1,-,-,-,2023-12-31,2023,outside_director
20250305000675,Y,00150439,진양산업,3,1,-,-,-,2024-12-31,2024,outside_director
20210311000691,Y,00141149,영진약품,2,3,2,-,-,2020-12-31,2020,outside_director
20220318000145,Y,00141149,영진약품,5,3,3,-,-,2021-12-31,2021,outside_director
20230315001174,Y,00141149,영진약품,5,3,3,-,-,2022-12-31,2022,outside_director
20240320001268,Y,00141149,영진약품,5,3,3,-,-,2023-12-31,2023,outside_director
20250814000584,Y,00141149,영진약품,4,3,3,-,-,2024-12-31,2024,outside_director
20210318000812,Y,00105271,케이씨씨,8,5,3,-,-,2020-12-31,2020,outside_director
20220317001213,Y,00105271,케이씨씨,8,5,2,-,-,2021-12-31,2021,outside_director
20230316000762,Y,00105271,케이씨씨,8,5,3,-,-,2022-12-31,2022,outside_director
20240327001177,Y,00105271,케이씨씨,7,4,1,-,-,2023-12-31,2023,outside_director
20250313001099,Y,00105271,케이씨씨,7,4,3,-,-,2024-12-31,2024,outside_director
20210315000941,Y,00120571,롯데칠성음료,9,5,2,-,-,2020-12-31,2020,outside_director
20220317000852,Y,00120571,롯데칠성음료,9,5,2,-,-,2021-12-31,2021,outside_director
20230314001296,Y,00120571,롯데칠성음료,9,5,-,-,-,2022-12-31,2022,outside_director
20240326000264,Y,00120571,롯데칠성음료,9,5,3,-,-,2023-12-31,2023,outside_director
20250317000932,Y,00120571,롯데칠성음료,9,5,2,-,-,2024-12-31,2024,outside_director
20210317000634,Y,00146269,일신방직,4,1,1,-,-,2020-12-31,2020,outside_director
20220725000075,Y,00146269,일신방직,4,1,1,-,-,2021-12-31,2021,outside_director
20230315001185,Y,00146269,일신방직,4,1,1,-,-,2022-12-31,2022,outside_director
20240320001530,Y,00146269,일신방직,4,1,1,-,-,2023-12-31,2023,outside_director
20250319000250,Y,00146269,일신방직,4,1,-,-,-,2024-12-31,2024,outside_director
20210311001021,Y,00154462,아모레퍼시픽홀딩스,7,4,3,-,1,2020-12-31,2020,outside_director
20220316000873,Y,00154462,아모레퍼시픽홀딩스,6,4,-,-,-,2021-12-31,2021,outside_director
20230309000832,Y,00154462,아모레퍼시픽홀딩스,6,4,1,-,-,2022-12-31,2022,outside_director
20240307000584,Y,00154462,아모레퍼시픽홀딩스,6,4,3,-,-,2023-12-31,2023,outside_director
20250317000463,Y,00154462,아모레퍼시픽홀딩스,6,4,-,-,-,2024-12-31,2024,outside_director
20210319000834,Y,00122898,벽산,4,3,1,-,-,2020-12-31,2020,outside_director
20220321000885,Y,00122898,벽산,4,3,-,-,-,2021-12-31,2021,outside_director
20230321000942,Y,00122898,벽산,4,3,-,-,-,2022-12-31,2022,outside_director
20240320001583,Y,00122898,벽산,4,3,1,-,-,2023-12-31,2023,outside_director
20250321001224,Y,00122898,벽산,4,3,2,-,-,2024-12-31,2024,outside_director
20210318001080,Y,00113243,대한제분,4,1,1,0,0,2020-12-31,2020,outside_director
20220317001052,Y,00113243,대한제분,4,1,1,0,0,2021-12-31,2021,outside_director
20230316001412,Y,00113243,대한제분,4,1,1,0,0,2022-12-31,2022,outside_director
20240510001061,Y,00113243,대한제분,4,1,0,0,0,2023-12-31,2023,outside_director
20250313001408,Y,00113243,대한제분,4,1,0,0,0,2024-12-31,2024,outside_director
20210318001155,Y,00121941,대상,7,4,4,-,2,2020-12-31,2020,outside_director
20220816001426,Y,00121941,대상,7,4,-,-,-,2021-12-31,2021,outside_director
20230316001258,Y,00121941,대상,7,4,-,-,-,2022-12-31,2022,outside_director
20240327000761,Y,00121941,대상,7,4,4,-,-,2023-12-31,2023,outside_director
20250321000555,Y,00121941,대상,6,4,-,-,-,2024-12-31,2024,outside_director
20210317000600,Y,00159573,한국주철관공업,7,2,-,-,-,2020-12-31,2020,outside_director
20220317000790,Y,00159573,한국주철관공업,7,2,-,-,-,2021-12-31,2021,outside_director
20230316000941,Y,00159573,한국주철관공업,6,2,-,-,-,2022-12-31,2022,outside_director
20240321000781,Y,00159573,한국주철관공업,6,2,-,-,-,2023-12-31,2023,outside_director
20250320000304,Y,00159573,한국주철관공업,7,2,-,-,-,2024-12-31,2024,outside_director
20210317001064,Y,00162993,한일홀딩스,5,2,-,-,-,2020-12-31,2020,outside_director
20220321000887,Y,00162993,한일홀딩스,4,1,1,-,-,2021-12-31,2021,outside_director
20230717000230,Y,00162993,한일홀딩스,3,1,-,-,-,2022-12-31,2022,outside_director
20240320001809,Y,00162993,한일홀딩스,3,1,1,-,-,2023-12-31,2023,outside_director
20250318001319,Y,00162993,한일홀딩스,3,1,1,-,-,2024-12-31,2024,outside_director
20210323000416,Y,00108038,엔피씨,4,1,1,0,0,2020-12-31,2020,outside_director
20220323001097,Y,00108038,엔피씨,4,1,1,0,0,2021-12-31,2021,outside_director
20230323001360,Y,00108038,엔피씨,4,1,1,0,0,2022-12-31,2022,outside_director
20240321001040,Y,00108038,엔피씨,4,1,1,0,0,2023-12-31,2023,outside_director
20250321001553,Y,00108038,엔피씨,4,1,1,1,0,2024-12-31,2024,outside_director
20210318001288,Y,00113207,대한전선,6,3,3,-,1,2020-12-31,2020,outside_director
20220322001052,Y,00113207,대한전선,8,3,4,-,4,2021-12-31,2021,outside_director
20230322001136,Y,00113207,대한전선,7,3,-,-,-,2022-12-31,2022,outside_director
20240321001692,Y,00113207,대한전선,5,3,4,-,3,2023-12-31,2023,outside_director
20250325001056,Y,00113207,대한전선,6,3,-,-,-,2024-12-31,2024,outside_director
20210419000297,Y,00113234,대한제당,7,2,1,-,-,2020-12-31,2020,outside_director
20220317000728,Y,00113234,대한제당,7,2,1,-,-,2021-12-31,2021,outside_director
20230316001046,Y,00113234,대한제당,6,2,-,-,-,2022-12-31,2022,outside_director
20240314001234,Y,00113234,대한제당,6,2,-,-,-,2023-12-31,2023,outside_director
20250313001084,Y,00113234,대한제당,6,2,1,-,-,2024-12-31,2024,outside_director
20210326001276,Y,00133618,세기상사,4,1,-,-,-,2020-12-31,2020,outside_director
20220310000216,Y,00133618,세기상사,4,1,1,-,-,2021-12-31,2021,outside_director
20230322000452,Y,00133618,세기상사,5,2,1,-,-,2022-12-31,2022,outside_director
20240315000554,Y,00133618,세기상사,5,2,1,-,-,2023-12-31,2023,outside_director
20250318000783,Y,00133618,세기상사,5,2,2,-,-,2024-12-31,2024,outside_director
20210318001043,Y,00147222,전방,4,1,1,-,-,2020-12-31,2020,outside_director
20220317000094,Y,00147222,전방,3,1,1,-,-,2021-12-31,2021,outside_director
20260602000419,Y,00147222,전방,3,1,1,-,-,2022-12-31,2022,outside_director
20260602000431,Y,00147222,전방,4,1,1,-,-,2023-12-31,2023,outside_director
20260602000444,Y,00147222,전방,4,1,1,-,-,2024-12-31,2024,outside_director
20210318001404,Y,00113526,대한항공,9,6,3,-,-,2020-12-31,2020,outside_director
20220315001120,Y,00113526,대한항공,12,9,5,-,-,2021-12-31,2021,outside_director
20230314000740,Y,00113526,대한항공,12,9,1,-,-,2022-12-31,2022,outside_director
20240313001650,Y,00113526,대한항공,11,8,2,-,-,2023-12-31,2023,outside_director
20250318001334,Y,00113526,대한항공,9,6,3,-,3,2024-12-31,2024,outside_director
20210318001236,Y,00118345,디아이동일,8,3,1,-,-,2020-12-31,2020,outside_director
20220317000939,Y,00118345,디아이동일,8,3,2,-,-,2021-12-31,2021,outside_director
20230316001325,Y,00118345,디아이동일,8,3,1,-,-,2022-12-31,2022,outside_director
20240314001589,Y,00118345,디아이동일,8,3,-,-,-,2023-12-31,2023,outside_director
20250331004012,Y,00118345,디아이동일,8,3,-,-,-,2024-12-31,2024,outside_director
20210311000883,Y,00145109,유한양행,10,3,3,-,-,2020-12-31,2020,outside_director
20220310001178,Y,00145109,유한양행,8,5,2,-,-,2021-12-31,2021,outside_director
20230315001431,Y,00145109,유한양행,8,5,-,-,-,2022-12-31,2022,outside_director
20240307000960,Y,00145109,유한양행,7,4,2,-,-,2023-12-31,2023,outside_director
20250312001137,Y,00145109,유한양행,7,4,2,-,-,2024-12-31,2024,outside_director
20210319001047,Y,00113410,CJ대한통운,7,4,-,-,-,2020-12-31,2020,outside_director
20220318000927,Y,00113410,CJ대한통운,7,4,-,-,-,2021-12-31,2021,outside_director
20230317000857,Y,00113410,CJ대한통운,7,4,-,-,-,2022-12-31,2022,outside_director
20240320001789,Y,00113410,CJ대한통운,7,4,1,-,1,2023-12-31,2023,outside_director
20250317000953,Y,00113410,CJ대한통운,6,3,4,-,2,2024-12-31,2024,outside_director
20210316000402,Y,00101628,경방,4,1,-,-,-,2020-12-31,2020,outside_director
20220805000069,Y,00101628,경방,4,1,1,-,1,2021-12-31,2021,outside_director
20230317000682,Y,00101628,경방,4,1,-,-,-,2022-12-31,2022,outside_director
20240320000197,Y,00101628,경방,4,1,1,-,-,2023-12-31,2023,outside_director
20250320001362,Y,00101628,경방,4,1,1,-,-,2024-12-31,2024,outside_director
20210318000611,Y,00163673,한진중공업홀딩스,5,3,1,-,1,2020-12-31,2020,outside_director
20220323000386,Y,00163673,한진중공업홀딩스,5,3,-,-,-,2021-12-31,2021,outside_director
20230323001291,Y,00163673,한진중공업홀딩스,5,3,2,-,-,2022-12-31,2022,outside_director
20240321000495,Y,00163673,한진중공업홀딩스,5,3,1,-,-,2023-12-31,2023,outside_director
20250320000396,Y,00163673,한진중공업홀딩스,5,3,-,-,-,2024-12-31,2024,outside_director
