rcept_no,corp_cls,corp_code,corp_name,se,shrholdr_co,shrholdr_tot_co,shrholdr_rate,hold_stock_co,stock_tot_co,hold_stock_rate,stlm_dt,fiscal_year,endpoint_label
20190401002982,Y,00131054,유진증권,소액주주,"38,356",-,99.97%,"67,052,361",-,69.21%,2018-12-31,2018,minority_shareholder
20200330002456,Y,00131054,유진증권,소액주주,"36,199",-,99.98%,"68,967,787",-,71.20%,2019-12-31,2019,minority_shareholder
20210317000664,Y,00131054,유진증권,소액주주,"36,534","36,550",99.96%,"52,922,408","93,839,145",56.40%,2020-12-31,2020,minority_shareholder
20220316000791,Y,00131054,유진증권,소액주주,"37,624","37,639",99.98%,"52,973,755","93,839,145",56.45%,2021-12-31,2021,minority_shareholder
20230315000887,Y,00131054,유진증권,소액주주,"36,812","36,830",99.96%,"50,832,900","91,839,145",55.35%,2022-12-31,2022,minority_shareholder
20240318000590,Y,00131054,유진증권,소액주주,"30,315","30,334",99.94%,"50,584,243","91,839,145",55.08%,2023-12-31,2023,minority_shareholder
20250318000789,Y,00131054,유진증권,소액주주,"28,478","28,499",99.94%,"53,860,149","96,866,418",55.62%,2024-12-31,2024,minority_shareholder
20250318000466,Y,01649204,달바글로벌,소액주주,76,96,79.2%,"1,711,442","11,465,665",14.9%,2024-12-31,2024,minority_shareholder
20250320001576,Y,01210677,씨케이솔루션,소액주주,13,21,61.90%,"690,400","9,434,861",7.32%,2024-12-31,2024,minority_shareholder
20190401004162,Y,00139834,LG씨엔에스,소액주주,"4,999",-,99.91%,"10,448,503",-,11.97%,2018-12-31,2018,minority_shareholder
20200330003747,Y,00139834,LG씨엔에스,소액주주,"5,086",-,99.91%,"10,517,344",-,12.05%,2019-12-31,2019,minority_shareholder
20210331001781,Y,00139834,LG씨엔에스,소액주주,"5,376","5,381",99.9%,"10,596,073","87,197,353",12.14%,2020-12-31,2020,minority_shareholder
20220405002309,Y,00139834,LG씨엔에스,소액주주,"5,813","5,818",99.91%,"10,692,450","87,197,353",12.25%,2021-12-31,2021,minority_shareholder
20230331004072,Y,00139834,LG씨엔에스,소액주주,"6,107","6,112",99.92%,"10,814,617","87,197,353",12.40%,2022-12-31,2022,minority_shareholder
20240401003467,Y,00139834,LG씨엔에스,소액주주,"6,259","6,263",99.94%,"10,894,943","87,197,353",12.49%,2023-12-31,2023,minority_shareholder
20250311001270,Y,00139834,LG씨엔에스,소액주주,"6,858","6,861",99.96%,"12,148,461","87,197,353",13.93%,2024-12-31,2024,minority_shareholder
20250319000653,Y,01519790,엠앤씨솔루션,소액주주,"18,788","18,791",99.98%,"2,101,869","9,153,900",22.96%,2024-12-31,2024,minority_shareholder
20250320000574,Y,00968607,더본코리아,소액주주,"85,422","85,425",99.996%,"3,585,858","14,657,120",24.465%,2024-12-31,2024,minority_shareholder
20250317000812,Y,01867758,한화비전,소액주주,"91,065","91,071",99.99%,"27,105,261","50,377,542",53.80%,2024-12-31,2024,minority_shareholder
20250317000567,Y,00372129,전진건설로봇,소액주주,"27,212","27,214",99.9%,"2,888,289","14,522,520",19.4%,2024-12-31,2024,minority_shareholder
20250328001583,Y,00366438,산일전기,소액주주,"32,131","32,141",99.97%,"7,597,020","30,445,200",24.95%,2024-12-31,2024,minority_shareholder
20250319000952,Y,01384787,시프트업,소액주주,"73,551","73,556",99.99%,"11,309,019","58,334,720",19.39%,2024-12-31,2024,minority_shareholder
20190329004010,Y,00171265,파라다이스,소액주주,"41,479",-,99.98%,"39,995,028",-,43.98%,2018-12-31,2018,minority_shareholder
20200330001372,Y,00171265,파라다이스,소액주주,"36,769",-,99.99%,"45,112,184",-,49.59%,2019-12-31,2019,minority_shareholder
20210419000082,Y,00171265,파라다이스,소액주주,"47,329","47,337",99.99%,"42,900,329","90,942,672",47.19%,2020-12-31,2020,minority_shareholder
20220317001345,Y,00171265,파라다이스,소액주주,"72,474","72,483",99.99%,"39,338,798","90,942,672",43.27%,2021-12-31,2021,minority_shareholder
20230316001131,Y,00171265,파라다이스,소액주주,"53,875","53,890",99.97%,"38,427,664","91,009,046",42.22%,2022-12-31,2022,minority_shareholder
20240314000746,Y,00171265,파라다이스,소액주주,"57,852","57,866",99.98%,"40,979,591","91,759,075",44.66%,2023-12-31,2023,minority_shareholder
20250415000021,Y,00171265,파라다이스,소액주주,"52,699","52,705",99.99%,"41,239,730","91,771,623",44.94%,2024-12-31,2024,minority_shareholder
20250509000499,Y,01194689,HD현대마린솔루션,소액주주,"53,509","53,512",99.99%,"6,226,660","44,829,210",13.89%,2024-12-31,2024,minority_shareholder
20250317000875,Y,01817081,SK이터닉스,소액주주,"47,388","47,393",99.99%,"15,181,660","33,691,895",45.06%,2024-12-31,2024,minority_shareholder
20200924000286,Y,01190568,에이피알,소액주주,"3,116",-,99.62%,"1,360,798",-,20.04%,2018-12-31,2018,minority_shareholder
20200924000296,Y,01190568,에이피알,소액주주,"3,119",-,99.62%,"1,360,798",-,20.04%,2019-12-31,2019,minority_shareholder
20210331000895,Y,01190568,에이피알,소액주주,"3,078","3,091",99.6%,"1,620,324","6,894,208",23.5%,2020-12-31,2020,minority_shareholder
20220331002148,Y,01190568,에이피알,소액주주,"3,074","3,090",99.5%,"1,461,238","6,990,208",20.9%,2021-12-31,2021,minority_shareholder
20230329001036,Y,01190568,에이피알,소액주주,"3,163","3,184",99.34%,"2,288,527","7,185,208",31.85%,2022-12-31,2022,minority_shareholder
20240321000964,Y,01190568,에이피알,소액주주,"3,601","3,620",99.49%,"2,751,255","7,275,378",37.83%,2023-12-31,2023,minority_shareholder
20250321001576,Y,01190568,에이피알,소액주주,"54,425","54,435",99.98%,"20,968,324","38,125,890",55.00%,2024-12-31,2024,minority_shareholder
20190329003209,Y,00398701,엘앤에프,소액주주,"21,023",-,99.90%,"13,032,686",-,52.63%,2018-12-31,2018,minority_shareholder
20200326000817,Y,00398701,엘앤에프,소액주주,"25,446",-,99.93%,"13,645,105",-,55.10%,2019-12-31,2019,minority_shareholder
20210309000400,Y,00398701,엘앤에프,소액주주,"79,103","79,123",99.97%,"15,670,894","28,058,729",55.85%,2020-12-31,2020,minority_shareholder
20220315000434,Y,00398701,엘앤에프,소액주주,"148,544","148,565",99.99%,"21,224,153","34,810,264",60.98%,2021-12-31,2021,minority_shareholder
20230828000596,Y,00398701,엘앤에프,소액주주,"173,902","173,923",99.99%,"23,604,632","36,018,316",65.54%,2022-12-31,2022,minority_shareholder
20240328001260,Y,00398701,엘앤에프,소액주주,"248,871","248,894",99.99%,"24,517,913","36,247,825",67.64%,2023-12-31,2023,minority_shareholder
20250311001260,Y,00398701,엘앤에프,소액주주,"222,775","222,798",99.99%,"23,645,252","36,297,174",65.16%,2024-12-31,2024,minority_shareholder
20190329003165,Y,00155212,포스코DX,소액주주,"35,639",-,99.99%,"50,148,150",-,32.99%,2018-12-31,2018,minority_shareholder
20200325000784,Y,00155212,포스코DX,소액주주,"32,628",-,99.97%,"50,198,104",-,33.02%,2019-12-31,2019,minority_shareholder
20210305000693,Y,00155212,포스코DX,소액주주,"72,640","72,648",99.99%,"50,716,630","152,034,729",33.36%,2020-12-31,2020,minority_shareholder
20220504000292,Y,00155212,포스코DX,소액주주,"170,632","170,633",99.999%,"52,631,447","152,034,729",34.62%,2021-12-31,2021,minority_shareholder
20230310000806,Y,00155212,포스코DX,소액주주,"154,795","154,796",99.99%,"52,631,447","152,034,729",34.62%,2022-12-31,2022,minority_shareholder
20240618000197,Y,00155212,포스코DX,소액주주,"235,155","235,161",99.99%,"49,815,255","151,822,519",32.81%,2023-12-31,2023,minority_shareholder
20250314001261,Y,00155212,포스코DX,소액주주,"228,149","228,155",99.997%,"46,222,623","152,034,729",30.41%,2024-12-31,2024,minority_shareholder
20240320000618,Y,00108612,DS단석,소액주주,"68,372","68,383",99.98%,"1,464,129","5,861,404",24.98%,2023-12-31,2023,minority_shareholder
20250321001800,Y,00108612,DS단석,소액주주,"65,355","65,361",99.99%,"9,894,851","17,584,212",56.27%,2024-12-31,2024,minority_shareholder
20240321000011,Y,00367710,동인기연,소액주주,"12,032","12,033",99.99%,"2,026,041","6,122,641",33.09%,2023-12-31,2023,minority_shareholder
20250320001366,Y,00367710,동인기연,소액주주,"4,613","4,615",99.99%,"1,657,847","5,896,020",28.12%,2024-12-31,2024,minority_shareholder
20230321001386,Y,01311408,에코프로머티,소액주주,131,139,94.2%,"3,729,000","57,902,158",6.4%,2022-12-31,2022,minority_shareholder
20240417000528,Y,01311408,에코프로머티,소액주주,"138,512","138,521",99.99%,"13,085,653","68,985,218",18.97%,2023-12-31,2023,minority_shareholder
20250402002504,Y,01311408,에코프로머티,소액주주,"132,734","132,742",99.9%,"20,198,937","69,738,568",29.0%,2024-12-31,2024,minority_shareholder
20240320001860,Y,01105153,두산로보틱스,소액주주,"286,126","286,129",99.99%,"18,188,265","64,819,980",28.06%,2023-12-31,2023,minority_shareholder
20250321001817,Y,01105153,두산로보틱스,소액주주,"257,174","257,178",99.99%,"17,396,199","64,819,980",26.84%,2024-12-31,2024,minority_shareholder
20240321001878,Y,01784394,STX그린로지스,소액주주,"28,113","28,114",99.99%,"3,868,414","7,171,032",53.94%,2023-12-31,2023,minority_shareholder
20250320001570,Y,01784394,STX그린로지스,소액주주,"20,662","20,665",99.98%,"3,701,781","7,171,032",51.62%,2024-12-31,2024,minority_shareholder
20240321001898,Y,00220613,넥스틸,소액주주,"12,804","12,811",99.95%,"7,535,480","26,002,000",28.98%,2023-12-31,2023,minority_shareholder
20250331002907,Y,00220613,넥스틸,소액주주,"15,765","15,768",99.98%,"9,375,892","26,002,000",36.06%,2024-12-31,2024,minority_shareholder
20190329002018,Y,00158325,NICE평가정보,소액주주,"4,974",-,99.75%,"19,926,504",-,32.81%,2018-12-31,2018,minority_shareholder
20200330001709,Y,00158325,NICE평가정보,소액주주,"6,713",-,99.85%,"21,163,772",-,34.85%,2019-12-31,2019,minority_shareholder
20210317000949,Y,00158325,NICE평가정보,소액주주,"11,305","11,314",99.92%,"23,795,928","60,714,820",39.19%,2020-12-31,2020,minority_shareholder
20220318000520,Y,00158325,NICE평가정보,소액주주,"23,654","23,667",99.94%,"20,287,810","60,714,820",33.41%,2021-12-31,2021,minority_shareholder
20230317000824,Y,00158325,NICE평가정보,소액주주,"22,313","22,323",99.95%,"21,049,763","60,714,820",34.66%,2022-12-31,2022,minority_shareholder
20240319000797,Y,00158325,NICE평가정보,소액주주,"22,144","22,154",99.95%,"22,143,480","60,107,670",36.83%,2023-12-31,2023,minority_shareholder
20250314001653,Y,00158325,NICE평가정보,소액주주,"17,898","17,911",99.92%,"22,280,776","59,506,593",37.44%,2024-12-31,2024,minority_shareholder
20240315000658,Y,01770203,조선내화,소액주주,"9,886","9,891",99.95%,"2,126,305","11,855,168",17.94%,2023-12-31,2023,minority_shareholder
20250311000815,Y,01770203,조선내화,소액주주,"8,295","8,300",99.94%,"2,210,865","11,855,168",18.65%,2024-12-31,2024,minority_shareholder
20190620000077,Y,00447609,비에이치,소액주주,"18,139",-,99.95%,"18,754,810",-,59.8%,2018-12-31,2018,minority_shareholder
20200330000561,Y,00447609,비에이치,소액주주,"18,373",-,99.97%,"20,452,186",-,62.58%,2019-12-31,2019,minority_shareholder
20210331002350,Y,00447609,비에이치,소액주주,"42,198","42,203",99.99%,"21,883,779","33,472,688",65.4%,2020-12-31,2020,minority_shareholder
20220317000686,Y,00447609,비에이치,소액주주,"45,883","45,887",99.99%,"22,872,984","31,223,584",73.25%,2021-12-31,2021,minority_shareholder
20230323000767,Y,00447609,비에이치,소액주주,"26,395","26,408",99.95%,"17,560,028","31,694,322",55.40%,2022-12-31,2022,minority_shareholder
20240321001824,Y,00447609,비에이치,소액주주,"37,155","37,163",99.98%,"20,882,626","31,675,818",65.93%,2023-12-31,2023,minority_shareholder
20250326000026,Y,00447609,비에이치,소액주주,"32,057","32,064",99.98%,"20,043,194","34,464,379",58.16%,2024-12-31,2024,minority_shareholder
20240313000637,Y,01765256,동국씨엠,소액주주,"65,777","65,781",99.99%,"16,548,296","29,898,656",55.35%,2023-12-31,2023,minority_shareholder
20250317000943,Y,01765256,동국씨엠,소액주주,"54,632","54,637",99.99%,"16,237,856","29,898,656",54.31%,2024-12-31,2024,minority_shareholder
20240312000543,Y,01765265,동국제강,소액주주,"70,652","70,660",99.99%,"25,850,132","49,608,017",52.11%,2023-12-31,2023,minority_shareholder
20250317000722,Y,01765265,동국제강,소액주주,"63,528","63,565",99.94%,"24,096,889","49,608,017",48.57%,2024-12-31,2024,minority_shareholder
20240411004116,Y,01762569,이수스페셜티케미컬,소액주주,"53,811","53,822",99.98%,"3,752,840","5,598,773",67.03%,2023-12-31,2023,minority_shareholder
20250320001543,Y,01762569,이수스페셜티케미컬,소액주주,"52,509","52,518",99.98%,"19,229,705","29,938,465",64.23%,2024-12-31,2024,minority_shareholder
20240314000710,Y,01760738,OCI,소액주주,"49,513","49,540",99.95%,"3,487,232","7,436,729",46.89%,2023-12-31,2023,minority_shareholder
20250314001304,Y,01760738,OCI,소액주주,"44,035","44,060",99.95%,"3,784,393","8,952,495",42.27%,2024-12-31,2024,minority_shareholder
20190329001733,Y,00480367,SK오션플랜트,소액주주,"5,109",-,99.8%,"13,234,489",-,50.1%,2018-12-31,2018,minority_shareholder
20200330003171,Y,00480367,SK오션플랜트,소액주주,"4,931",-,99.89%,"15,468,699",-,55.51%,2019-12-31,2019,minority_shareholder
20210318000211,Y,00480367,SK오션플랜트,소액주주,"39,348","39,352",99.98%,"22,030,735","35,092,674",62.77%,2020-12-31,2020,minority_shareholder
20220323001382,Y,00480367,SK오션플랜트,소액주주,"24,509","24,516",99.97%,"20,404,507","36,574,368",55.79%,2021-12-31,2021,minority_shareholder
20230831000707,Y,00480367,SK오션플랜트,소액주주,"42,465","42,470",99.97%,"23,558,220","53,235,012",44.24%,2022-12-31,2022,minority_shareholder
20240320000346,Y,00480367,SK오션플랜트,소액주주,"38,631","38,660",99.92%,"21,806,581","59,195,568",36.84%,2023-12-31,2023,minority_shareholder
20250814001175,Y,00480367,SK오션플랜트,소액주주,"36,415","36,419",99.99%,"20,826,610","59,195,568",35.18%,2024-12-31,2024,minority_shareholder
20240318000716,Y,01721809,현대그린푸드,소액주주,-,-,-,-,-,-,2023-12-31,2023,minority_shareholder
20250314000805,Y,01721809,현대그린푸드,소액주주,-,-,-,-,-,-,2024-12-31,2024,minority_shareholder
20240318000820,Y,01722437,한화갤러리아,소액주주,"179,233","179,238",99.99%,"112,637,623","193,859,610",58.10%,2023-12-31,2023,minority_shareholder
20250317000838,Y,01722437,한화갤러리아,소액주주,"148,892","148,896",99.99%,"88,229,134","196,764,080",44.84%,2024-12-31,2024,minority_shareholder
20210331003006,Y,00622787,바이오노트,소액주주,62,77,80.52%,"156,060","5,847,253",2.67%,2020-12-31,2020,minority_shareholder
20220331002923,Y,00622787,바이오노트,소액주주,156,164,95.12%,"3,995,200","93,556,048",4.27%,2021-12-31,2021,minority_shareholder
20230321001282,Y,00622787,바이오노트,소액주주,"21,976","21,984",99.96%,"14,395,200","101,876,048",14.1%,2022-12-31,2022,minority_shareholder
20240322000144,Y,00622787,바이오노트,소액주주,"14,002","14,009",99.95%,"17,219,797","102,056,048",16.87%,2023-12-31,2023,minority_shareholder
20250318001275,Y,00622787,바이오노트,소액주주,"12,152","12,159",99.94%,"17,459,797","101,363,172",17.22%,2024-12-31,2024,minority_shareholder
20230322000303,Y,01702017,유니드비티플러스,소액주주,"15,479","15,493",99.91%,"5,180,960","10,611,215",48.83%,2022-12-31,2022,minority_shareholder
20240320000313,Y,01702017,유니드비티플러스,소액주주,"9,859","9,876",99.83%,"4,862,153","10,611,215",45.82%,2023-12-31,2023,minority_shareholder
20250319000185,Y,01702017,유니드비티플러스,소액주주,"8,739","8,757",99.79%,"4,668,195","10,611,215",43.99%,2024-12-31,2024,minority_shareholder
20190401002209,Y,00525934,LX세미콘,소액주주,"8,919",-,99.82%,"7,612,055",-,46.79%,2018-12-31,2018,minority_shareholder
20200330002510,Y,00525934,LX세미콘,소액주주,"10,994",-,99.9%,"8,340,232",-,51.29%,2019-12-31,2019,minority_shareholder
20210310001052,Y,00525934,LX세미콘,소액주주,"19,276","19,285",99.95%,"9,038,416","16,264,300",55.57%,2020-12-31,2020,minority_shareholder
20220314000950,Y,00525934,LX세미콘,소액주주,-,-,-,-,-,-,2021-12-31,2021,minority_shareholder
20230315001207,Y,00525934,LX세미콘,소액주주,"59,928","59,936",99.99%,"9,911,366","16,264,300",60.94%,2022-12-31,2022,minority_shareholder
20240313001269,Y,00525934,LX세미콘,소액주주,"50,760","50,764",99.99%,"9,143,536","16,264,300",56.22%,2023-12-31,2023,minority_shareholder
20250312001059,Y,00525934,LX세미콘,소액주주,"46,638","46,646",99.98%,"9,504,776","16,264,300",58.44%,2024-12-31,2024,minority_shareholder
20230322000801,Y,01026157,쏘카,소액주주,"28,893","28,905",99.96%,"7,428,607","32,725,652",22.70%,2022-12-31,2022,minority_shareholder
20240320001168,Y,01026157,쏘카,소액주주,"22,816","22,830",99.94%,"6,575,247","32,788,277",20.05%,2023-12-31,2023,minority_shareholder
20250318001072,Y,01026157,쏘카,소액주주,"15,490","15,529",99.75%,"3,366,246","32,836,902",10.25%,2024-12-31,2024,minority_shareholder
20230323001537,Y,00193328,수산인더스트리,소액주주,"16,587","16,594",99.95%,"4,221,276","14,286,000",29.55%,2022-12-31,2022,minority_shareholder
20240320000834,Y,00193328,수산인더스트리,소액주주,"14,354","14,363",99.94%,"3,827,673","14,286,000",26.79%,2023-12-31,2023,minority_shareholder
20250814003023,Y,00193328,수산인더스트리,소액주주,"12,541","12,550",99.93%,"3,817,899","14,286,000",26.72%,2024-12-31,2024,minority_shareholder
20210317000676,Y,01515323,LG에너지솔루션,소액주주,-,-,-,-,-,-,2020-12-31,2020,minority_shareholder
20220315001026,Y,01515323,LG에너지솔루션,소액주주,-,-,-,-,-,-,2021-12-31,2021,minority_shareholder
20230315001342,Y,01515323,LG에너지솔루션,소액주주,"792,636","792,639",100.00%,"27,812,263","234,000,000",11.89%,2022-12-31,2022,minority_shareholder
20240314001110,Y,01515323,LG에너지솔루션,소액주주,"868,305","868,365",99.99%,"29,538,819","234,000,000",12.62%,2023-12-31,2023,minority_shareholder
20250312000405,Y,01515323,LG에너지솔루션,소액주주,"796,013","796,076",99.99%,"26,413,298","234,000,000",11.29%,2024-12-31,2024,minority_shareholder
20220321001421,Y,01323032,케이카,소액주주,"26,952","26,957",99.9%,"8,914,414","48,086,533",18.55%,2021-12-31,2021,minority_shareholder
20230407002574,Y,01323032,케이카,소액주주,"33,303","33,309",99.99%,"9,244,014","48,086,533",19.24%,2022-12-31,2022,minority_shareholder
20240424000584,Y,01323032,케이카,소액주주,"28,118","28,124",99.99%,"9,192,175","48,182,073",19.09%,2023-12-31,2023,minority_shareholder
20250318000964,Y,01323032,케이카,소액주주,"22,504","22,511",99.97%,"8,944,623","48,182,073",18.56%,2024-12-31,2024,minority_shareholder
20210401001108,Y,01390344,HD현대중공업,소액주주,-,-,-,-,-,-,2020-12-31,2020,minority_shareholder
20220314000704,Y,01390344,HD현대중공업,소액주주,"375,546","375,549",99.99%,"9,675,571","88,773,116",10.90%,2021-12-31,2021,minority_shareholder
20230320000790,Y,01390344,HD현대중공업,소액주주,"230,317","230,319",99.99%,"13,732,371","88,773,116",15.47%,2022-12-31,2022,minority_shareholder
20240318000459,Y,01390344,HD현대중공업,소액주주,"193,806","193,808",99.99%,"14,053,345","88,773,116",15.83%,2023-12-31,2023,minority_shareholder
20250318000897,Y,01390344,HD현대중공업,소액주주,"171,800","171,803",99.99%,"15,104,528","88,773,116",17.01%,2024-12-31,2024,minority_shareholder
20220317000848,Y,00972503,일진하이솔루스,소액주주,"218,906","218,909",100%,"10,361,929","36,313,190",28.53%,2021-12-31,2021,minority_shareholder
20230315001068,Y,00972503,일진하이솔루스,소액주주,"188,776","188,779",26.36%,"9,544,864","36,313,190",26.30%,2022-12-31,2022,minority_shareholder
20240313001276,Y,00972503,일진하이솔루스,소액주주,"170,927","170,930",99.99%,"9,832,148","36,313,190",27.08%,2023-12-31,2023,minority_shareholder
20250312000525,Y,00972503,일진하이솔루스,소액주주,"152,836","152,839",99.99%,"9,789,233","36,313,190",26.96%,2024-12-31,2024,minority_shareholder
20220316000673,Y,00486705,아주스틸,소액주주,"138,156","138,161",99.99%,"8,634,999","26,452,189",32.64%,2021-12-31,2021,minority_shareholder
20230320001066,Y,00486705,아주스틸,소액주주,"118,982","118,990",99.99%,"8,739,397","26,452,189",33.04%,2022-12-31,2022,minority_shareholder
20250321001731,Y,00486705,아주스틸,소액주주,"106,862","106,870",99.99%,"8,801,589","26,452,189",33.27%,2023-12-31,2023,minority_shareholder
20250328001653,Y,00486705,아주스틸,소액주주,"96,596","96,601",99.99%,"9,049,201","26,517,744",34.13%,2024-12-31,2024,minority_shareholder
20210707000453,Y,00545716,롯데렌탈,소액주주,-,-,-,-,-,-,2018-12-31,2018,minority_shareholder
20210707000485,Y,00545716,롯데렌탈,소액주주,-,-,-,-,-,-,2019-12-31,2019,minority_shareholder
20210707000505,Y,00545716,롯데렌탈,소액주주,-,-,-,-,"11,769,200",-,2020-12-31,2020,minority_shareholder
20220812000791,Y,00545716,롯데렌탈,소액주주,"442,308","442,311",99.99%,"13,191,308","36,634,063",36.01%,2021-12-31,2021,minority_shareholder
20230424000485,Y,00545716,롯데렌탈,소액주주,"353,742","353,746",99.99%,"11,185,203","36,634,063",30.53%,2022-12-31,2022,minority_shareholder
20240315000897,Y,00545716,롯데렌탈,소액주주,"308,689","308,693",99.99%,"11,924,638","36,634,063",32.55%,2023-12-31,2023,minority_shareholder
20250314001522,Y,00545716,롯데렌탈,소액주주,"261,907","261,912",99.99%,"10,357,934","36,309,388",28.53%,2024-12-31,2024,minority_shareholder
20260317000759,Y,00534598,한컴라이프케어,소액주주,"60,363","60,367",99.99%,"7,977,667","27,674,406",29%,2021-12-31,2021,minority_shareholder
20230315000557,Y,00534598,한컴라이프케어,소액주주,"49,530","49,534",99.99%,"8,263,397","27,674,406",29.86%,2022-12-31,2022,minority_shareholder
20240313000991,Y,00534598,한컴라이프케어,소액주주,"43,118","43,122",99.99%,"7,961,321","27,674,406",28.76%,2023-12-31,2023,minority_shareholder
20250814000446,Y,00534598,한컴라이프케어,소액주주,"42,898","42,902",99.99%,"14,550,317","27,674,406",52.57%,2024-12-31,2024,minority_shareholder
20200330003881,Y,00760971,크래프톤,소액주주,"1,114",-,98.1%,"1,659,799",-,         21.0 %,2018-12-31,2018,minority_shareholder
20200330004316,Y,00760971,크래프톤,소액주주,"1,178",-,98.33%,"1,808,449",-,22.48%,2019-12-31,2019,minority_shareholder
20210331003279,Y,00760971,크래프톤,소액주주,"2,883","2,903",99.31%,"1,880,985","8,118,485",23.17%,2020-12-31,2020,minority_shareholder
20220314000894,Y,00760971,크래프톤,소액주주,"125,177","125,201",99.98%,"15,639,796","46,799,627",33.42%,2021-12-31,2021,minority_shareholder
20230320000728,Y,00760971,크래프톤,소액주주,"163,239","163,281",99.97%,"17,540,756","46,914,127",37.39%,2022-12-31,2022,minority_shareholder
20240318000420,Y,00760971,크래프톤,소액주주,"131,722","131,766",99.97%,"18,517,374","46,212,122",40.07%,2023-12-31,2023,minority_shareholder
20250318001121,Y,00760971,크래프톤,소액주주,"95,738","95,780",99.96%,"20,232,932","45,462,100",44.51%,2024-12-31,2024,minority_shareholder
20190401003783,Y,00767460,PI첨단소재,소액주주,-,-,-,-,-,-,2018-12-31,2018,minority_shareholder
20200330003343,Y,00767460,PI첨단소재,소액주주,-,-,-,-,-,-,2019-12-31,2019,minority_shareholder
20210311000048,Y,00767460,PI첨단소재,소액주주,"27,702","27,727",99.91%,"11,008,831","29,366,322",37.49%,2020-12-31,2020,minority_shareholder
20220316000360,Y,00767460,PI첨단소재,소액주주,"44,494","44,529",99.92%,"11,016,013","29,366,322",37.51%,2021-12-31,2021,minority_shareholder
20230315000084,Y,00767460,PI첨단소재,소액주주,"39,082","39,109",99.03%,"11,527,586","29,366,322",39.25%,2022-12-31,2022,minority_shareholder
20240312000215,Y,00767460,PI첨단소재,소액주주,"37,426","37,430",99.98%,"11,561,491","29,366,322",39.36%,2023-12-31,2023,minority_shareholder
20250313000132,Y,00767460,PI첨단소재,소액주주,"34,184","34,188",99.98%,"11,641,972","29,366,322",39.64%,2024-12-31,2024,minority_shareholder
20210514001634,Y,00854997,에스디바이오센서,소액주주,246,270,91.48%,"10,051,308","93,317,753",10.77%,2020-12-31,2020,minority_shareholder
20250822000031,Y,00854997,에스디바이오센서,소액주주,"186,455","186,467",99.99%,"26,275,913","101,141,466",25.98%,2021-12-31,2021,minority_shareholder
20250822000225,Y,00854997,에스디바이오센서,소액주주,"133,565","133,572",99.9%,"32,080,682","102,253,466",31.4%,2022-12-31,2022,minority_shareholder
20250822000247,Y,00854997,에스디바이오센서,소액주주,"127,533","127,539",99.9%,"30,019,108","122,347,466",24.5%,2023-12-31,2023,minority_shareholder
20250822000274,Y,00854997,에스디바이오센서,소액주주,"114,025","114,033",99.9%,"29,435,163","124,477,353",23.6%,2024-12-31,2024,minority_shareholder
20190329000274,Y,00564562,엠씨넥스,소액주주,"7,978",-,99.88%,"8,001,094",-,46.44%,2018-12-31,2018,minority_shareholder
20200330004648,Y,00564562,엠씨넥스,소액주주,"12,771",-,99.92%,"10,312,230",-,57.72%,2019-12-31,2019,minority_shareholder
20210315000830,Y,00564562,엠씨넥스,소액주주,"52,564","52,569",99.99%,"12,009,835","17,863,482",67.23%,2020-12-31,2020,minority_shareholder
20220315000841,Y,00564562,엠씨넥스,소액주주,"74,123","74,127",99.99%,"12,533,611","17,973,432",69.73%,2021-12-31,2021,minority_shareholder
20230314000700,Y,00564562,엠씨넥스,소액주주,"74,248","74,252",99.99%,"12,081,177","17,977,732",67.20%,2022-12-31,2022,minority_shareholder
20240318000671,Y,00564562,엠씨넥스,소액주주,"66,777","66,781",99.99%,"12,895,172","17,977,732",71.73%,2023-12-31,2023,minority_shareholder
20250318001032,Y,00564562,엠씨넥스,소액주주,"58,267","58,273",99.99%,"11,924,514","17,977,732",66.33%,2024-12-31,2024,minority_shareholder
20220317001143,Y,01568413,F&F,소액주주,"14,136","14,149",99.92%,"2,683,156","7,652,598",35.06%,2021-12-31,2021,minority_shareholder
20230831001367,Y,01568413,F&F,소액주주,"20,850","20,864",99.93%,"12,595,899","38,307,075",32.88%,2022-12-31,2022,minority_shareholder
20240320001667,Y,01568413,F&F,소액주주,"27,410","27,423",99.95%,"12,257,618","38,142,741",32.14%,2023-12-31,2023,minority_shareholder
20250318001144,Y,01568413,F&F,소액주주,"26,008","26,021",99.95%,"11,698,950","37,584,073",31.13%,2024-12-31,2024,minority_shareholder
20220318000473,Y,01386916,SK아이이테크놀로지,소액주주,"455,939","455,943",99.999%,"18,513,261","71,297,592",25.97%,2021-12-31,2021,minority_shareholder
20230814002466,Y,01386916,SK아이이테크놀로지,소액주주,"455,316","455,324",99.998%,"23,276,613","71,297,592",32.65%,2022-12-31,2022,minority_shareholder
20240318000831,Y,01386916,SK아이이테크놀로지,소액주주,"410,397","410,404",99.998%,"23,195,443","71,297,592",32.53%,2023-12-31,2023,minority_shareholder
20250317000867,Y,01386916,SK아이이테크놀로지,소액주주,"391,975","391,982",99.99%,"24,098,285","71,297,592",33.80%,2024-12-31,2024,minority_shareholder
20190401003641,Y,01319899,SK바이오사이언스,소액주주,-,-,-,-,-,-,2018-12-31,2018,minority_shareholder
20201127001236,Y,01319899,SK바이오사이언스,소액주주,10,-,83.33% %,"1,075",-,0.05% %,2019-12-31,2019,minority_shareholder
20210323000842,Y,01319899,SK바이오사이언스,소액주주,819,821,99.8%,"388,010","61,200,000",0.6%,2020-12-31,2020,minority_shareholder
20220316001334,Y,01319899,SK바이오사이언스,소액주주,"334,579","334,582",99.99%,"19,540,087","76,500,000",25.54%,2021-12-31,2021,minority_shareholder
20230317000869,Y,01319899,SK바이오사이언스,소액주주,"346,075","346,077",99.99%,"21,013,726","76,784,046",27.37%,2022-12-31,2022,minority_shareholder
20240315000914,Y,01319899,SK바이오사이언스,소액주주,"298,925","298,927",99.99%,"22,007,009","76,827,750",28.64%,2023-12-31,2023,minority_shareholder
20250317000856,Y,01319899,SK바이오사이언스,소액주주,"269,988","269,991",99.99%,"21,347,889","78,347,293",27.25%,2024-12-31,2024,minority_shareholder
20220321000964,Y,01532603,화승알앤에이,소액주주,"6,612","6,622",99.86%,"6,133,258","18,993,623",32.31%,2021-12-31,2021,minority_shareholder
20230321000920,Y,01532603,화승알앤에이,소액주주,"8,606","8,617",99.87%,"6,006,028","18,993,623",31.62%,2022-12-31,2022,minority_shareholder
20240320000953,Y,01532603,화승알앤에이,소액주주,"7,903","7,915",99.86%,"5,862,661","18,993,623",30.87%,2023-12-31,2023,minority_shareholder
20250321001314,Y,01532603,화승알앤에이,소액주주,"7,684","7,696",99.84%,"5,812,403","18,993,623",30.60%,2024-12-31,2024,minority_shareholder
20210916000175,Y,01510489,프레스티지바이오파마,소액주주,"58,400","58,407",99.99%,"3,297,761","12,019,231",27.44%,2021-06-30,2021,minority_shareholder
20220920000416,Y,01510489,프레스티지바이오파마,소액주주,"47,073","47,081",99.98%,"3,127,741","12,019,231",26.02%,2022-06-30,2022,minority_shareholder
20231129001041,Y,01510489,프레스티지바이오파마,소액주주,"40,713","40,726",99.97%,"3,098,631","12,019,231",25.78%,2023-06-30,2023,minority_shareholder
20240919000201,Y,01510489,프레스티지바이오파마,소액주주,"36,715","36,723",99.98%,"3,117,203","12,019,231",25.94%,2024-06-30,2024,minority_shareholder
20201208000451,Y,01159233,솔루엠,소액주주,478,-,98.56%,"20,048,460",-,52.52%,2019-12-31,2019,minority_shareholder
20210421000598,Y,01159233,솔루엠,소액주주,"1,608","1,617",99.44%,"21,058,990","39,932,220",52.74%,2020-12-31,2020,minority_shareholder
20220321000896,Y,01159233,솔루엠,소액주주,"70,840","70,851",99.98%,"31,196,182","50,005,551",62.39%,2021-12-31,2021,minority_shareholder
20230320000954,Y,01159233,솔루엠,소액주주,"58,368","58,379",99.98%,"30,875,526","50,005,551",61.74%,2022-12-31,2022,minority_shareholder
20240319000321,Y,01159233,솔루엠,소액주주,"52,022","52,033",99.98%,"34,534,353","50,005,551",69.06%,2023-12-31,2023,minority_shareholder
20250813001277,Y,01159233,솔루엠,소액주주,"43,225","43,236",99.97%,"31,279,797","50,005,551",62.55%,2024-12-31,2024,minority_shareholder
20220316001326,Y,01524093,DL이앤씨,소액주주,"88,961","88,975",99.98%,"12,090,729","19,358,738",62.46%,2021-12-31,2021,minority_shareholder
20230315001420,Y,01524093,DL이앤씨,소액주주,"98,138","98,149",99.99%,"25,199,905","38,693,623",65.13%,2022-12-31,2022,minority_shareholder
20240328001465,Y,01524093,DL이앤씨,소액주주,"78,163","78,176",99.98%,"21,433,087","38,693,623",55.39%,2023-12-31,2023,minority_shareholder
20250814001988,Y,01524093,DL이앤씨,소액주주,"85,035","85,050",99.98%,"23,945,507","38,693,623",61.88%,2024-12-31,2024,minority_shareholder
20210319001395,Y,00173078,명신산업,소액주주,"80,905","80,909",100%,"14,457,569","40,779,120",35.5%,2020-12-31,2020,minority_shareholder
20220321001206,Y,00173078,명신산업,소액주주,"109,826","109,832",99.9%,"25,340,541","52,470,133",48.3%,2021-12-31,2021,minority_shareholder
20230321000892,Y,00173078,명신산업,소액주주,"108,572","108,577",99.9%,"27,222,312","52,470,133",51.88%,2022-12-31,2022,minority_shareholder
20240328000483,Y,00173078,명신산업,소액주주,"95,308","95,311",99.9%,"28,030,202","52,470,133",53.42%,2023-12-31,2023,minority_shareholder
20250318000402,Y,00173078,명신산업,소액주주,"87,265","87,267",99.9%,"30,394,478","52,470,133",57.93%,2024-12-31,2024,minority_shareholder
20210319000312,Y,00453284,교촌에프앤비,소액주주,"29,664","29,674",99.97%,"5,327,584","24,982,540",21.33%,2020-12-31,2020,minority_shareholder
20220322000301,Y,00453284,교촌에프앤비,소액주주,"30,952","30,964",99.96%,"6,602,208","24,982,540",26.43%,2021-12-31,2021,minority_shareholder
20230322001068,Y,00453284,교촌에프앤비,소액주주,"30,705","30,716",99.96%,"6,872,266","24,982,540",27.51%,2022-12-31,2022,minority_shareholder
20240320001336,Y,00453284,교촌에프앤비,소액주주,"27,383","27,394",99.96%,"7,161,070","24,982,540",28.66%,2023-12-31,2023,minority_shareholder
20250324000180,Y,00453284,교촌에프앤비,소액주주,"22,418","22,430",99.95%,"7,295,121","24,982,540",29.20%,2024-12-31,2024,minority_shareholder
20210322000890,Y,01204056,하이브,소액주주,"116,017","116,031",99.99%,"7,974,239","35,623,760",22.38%,2020-12-31,2020,minority_shareholder
20220322000653,Y,01204056,하이브,소액주주,"164,952","164,958",99.99%,"13,777,676","41,353,387",33.32%,2021-12-31,2021,minority_shareholder
20230403004275,Y,01204056,하이브,소액주주,"216,445","216,489",99.99%,"15,416,132","41,353,387",37.28%,2022-12-31,2022,minority_shareholder
20240322001002,Y,01204056,하이브,소액주주,"184,548","184,555",99.99%,"15,361,428","41,652,097",36.88%,2023-12-31,2023,minority_shareholder
20250321001187,Y,01204056,하이브,소액주주,"182,446","182,478",99.99%,"18,025,597","41,652,097",43.28%,2024-12-31,2024,minority_shareholder
20210316000773,Y,00878696,에스케이바이오팜,소액주주,"158,748","158,751",100.0%,"17,131,127","78,313,250",21.87%,2020-12-31,2020,minority_shareholder
20220316000396,Y,00878696,에스케이바이오팜,소액주주,"217,834","217,841",100.0%,"25,432,103","78,313,250",32.47%,2021-12-31,2021,minority_shareholder
20230320000326,Y,00878696,에스케이바이오팜,소액주주,"194,173","194,175",99.9%,"24,990,726","78,313,250",31.9%,2022-12-31,2022,minority_shareholder
20240318000296,Y,00878696,에스케이바이오팜,소액주주,"163,754","163,756",99.9%,"25,084,683","78,313,250",32.0%,2023-12-31,2023,minority_shareholder
20250318001091,Y,00878696,에스케이바이오팜,소액주주,"144,194","144,196",99.9%,"25,120,478","78,313,250",32.1%,2024-12-31,2024,minority_shareholder
20210317001256,Y,01478712,대덕전자,소액주주,"52,527","52,533",99.99%,"31,185,134","49,416,925",63.11%,2020-12-31,2020,minority_shareholder
20220316001352,Y,01478712,대덕전자,소액주주,"64,499","64,507",99.99%,"29,157,975","49,416,925",59.00%,2021-12-31,2021,minority_shareholder
20230314001258,Y,01478712,대덕전자,소액주주,"70,222","70,228",99.99%,"30,303,567","49,416,925",61.32%,2022-12-31,2022,minority_shareholder
20240320001649,Y,01478712,대덕전자,소액주주,"79,317","79,322",99.99%,"30,469,047","49,416,925",61.66%,2023-12-31,2023,minority_shareholder
20250319000892,Y,01478712,대덕전자,소액주주,"71,829","71,875",99.93%,"28,804,860","49,416,925",58.29%,2024-12-31,2024,minority_shareholder
20210318000956,Y,01428203,케이씨씨글라스,소액주주,"19,578","19,587",99.95%,"8,647,493","15,944,087",54.24%,2020-12-31,2020,minority_shareholder
20220713000282,Y,01428203,케이씨씨글라스,소액주주,"34,028","34,036",99.97%,"8,601,083","15,943,333",53.95%,2021-12-31,2021,minority_shareholder
20230316001277,Y,01428203,케이씨씨글라스,소액주주,"34,005","34,013",99.97%,"8,288,933","15,943,333",51.99%,2022-12-31,2022,minority_shareholder
20240328001643,Y,01428203,케이씨씨글라스,소액주주,"29,981","29,989",99.97%,"7,979,008","15,943,333",50.05%,2023-12-31,2023,minority_shareholder
20250320001046,Y,01428203,케이씨씨글라스,소액주주,"26,805","26,813",99.97%,"7,970,231","15,943,333",49.99%,2024-12-31,2024,minority_shareholder
20200330002167,Y,00450010,씨티알모빌리티,소액주주,"7,922",-,99.9%,"2,031,730",-,24.2%,2019-12-31,2019,minority_shareholder
20210319000378,Y,00450010,씨티알모빌리티,소액주주,"26,553","26,565",99.95%,"4,419,070","8,610,000",51.32%,2020-12-31,2020,minority_shareholder
20220412002470,Y,00450010,씨티알모빌리티,소액주주,"28,600","28,611",99.96%,"4,102,410","8,610,000",47.65%,2021-12-31,2021,minority_shareholder
20230710000268,Y,00450010,씨티알모빌리티,소액주주,"26,848","26,858",99.96%,"4,102,820","8,610,000",47.65%,2022-12-31,2022,minority_shareholder
20240319000210,Y,00450010,씨티알모빌리티,소액주주,"22,181","22,188",99.97%,"4,104,560","8,610,000",47.67%,2023-12-31,2023,minority_shareholder
20250319000632,Y,00450010,씨티알모빌리티,소액주주,"19,617","19,624",99.96%,"4,104,560","8,610,000",47.67%,2024-12-31,2024,minority_shareholder
20200514001143,Y,01199550,HD현대에너지솔루션,소액주주,"5,755",-,99.93%,"2,905,976",-,25.95%,2019-12-31,2019,minority_shareholder
20210315000540,Y,01199550,HD현대에너지솔루션,소액주주,"28,710","28,724",99.95%,"4,252,740","11,200,000",37.97%,2020-12-31,2020,minority_shareholder
20220318001065,Y,01199550,HD현대에너지솔루션,소액주주,"35,220","35,232",99.97%,"4,748,131","11,200,000",42.39%,2021-12-31,2021,minority_shareholder
20230317000301,Y,01199550,HD현대에너지솔루션,소액주주,"26,062","26,143",99.69%,"2,806,140","11,200,000",25.05%,2022-12-31,2022,minority_shareholder
20240318000436,Y,01199550,HD현대에너지솔루션,소액주주,"34,247","34,263",99.95%,"4,463,707","11,200,000",39.85%,2023-12-31,2023,minority_shareholder
20250317000724,Y,01199550,HD현대에너지솔루션,소액주주,"34,849","34,866",99.95%,"4,478,996","11,200,000",39.99%,2024-12-31,2024,minority_shareholder
20200327002114,Y,00339391,한화시스템,소액주주,"16,984",-,22.86%,"25,205,082",-,22.86%,2019-12-31,2019,minority_shareholder
20210511000265,Y,00339391,한화시스템,소액주주,"33,747","33,754",99.98%,"24,985,741","110,230,389",22.67%,2020-12-31,2020,minority_shareholder
20220516000217,Y,00339391,한화시스템,소액주주,"123,040","123,048",99.99%,"55,870,707","188,919,389",29.57%,2021-12-31,2021,minority_shareholder
20230411001656,Y,00339391,한화시스템,소액주주,"122,015","122,023",99.99%,"56,301,824","188,919,389",29.81%,2022-12-31,2022,minority_shareholder
20240516000399,Y,00339391,한화시스템,소액주주,"105,814","105,820",99.99%,"59,109,850","188,919,389",31.29%,2023-12-31,2023,minority_shareholder
20250314001773,Y,00339391,한화시스템,소액주주,"121,199","121,205",99.99%,"64,479,776","188,919,389",34.15%,2024-12-31,2024,minority_shareholder
20190814002813,Y,00150633,지누스,소액주주,"4,280",-,99.84%,"4,844,000",-,38.91%,2018-12-31,2018,minority_shareholder
20200330001952,Y,00150633,지누스,소액주주,"6,486",-,99.74%,"6,283,897",-,44.25%,2019-12-31,2019,minority_shareholder
20210317000332,Y,00150633,지누스,소액주주,-,-,-,-,-,-,2020-12-31,2020,minority_shareholder
20260206000227,Y,00150633,지누스,소액주주,"15,704","15,715",99.92%,"6,666,459","15,800,450",42.18%,2021-12-31,2021,minority_shareholder
20260206000232,Y,00150633,지누스,소액주주,"18,688","18,700",99.94%,"7,790,634","18,900,676",41.22%,2022-12-31,2022,minority_shareholder
20260206000242,Y,00150633,지누스,소액주주,"17,366","17,377",99.9%,"9,458,012","20,735,204",45.6%,2023-12-31,2023,minority_shareholder
20260206000326,Y,00150633,지누스,소액주주,"14,232","14,239",99.70%,"10,658,312","21,925,813",48.61%,2024-12-31,2024,minority_shareholder
20200330002854,Y,01412725,두산퓨얼셀,소액주주,"28,057",-,99.73%,"21,974,963",-,30.59%,2019-12-31,2019,minority_shareholder
20210319001290,Y,01412725,두산퓨얼셀,소액주주,"129,340","129,408",99.95%,"36,003,627","81,838,794",43.99%,2020-12-31,2020,minority_shareholder
20220321001227,Y,01412725,두산퓨얼셀,소액주주,"185,134","185,207",99.96%,"40,952,234","81,838,794",50.04%,2021-12-31,2021,minority_shareholder
20230321001259,Y,01412725,두산퓨얼셀,소액주주,"191,689","191,748",99.97%,"42,535,225","81,831,662",51.98%,2022-12-31,2022,minority_shareholder
20240318000856,Y,01412725,두산퓨얼셀,소액주주,"191,749","191,801",99.97%,"44,551,173","81,831,662",54.44%,2023-12-31,2023,minority_shareholder
20250318001214,Y,01412725,두산퓨얼셀,소액주주,"177,665","177,718",99.97%,"45,499,133","81,831,662",55.60%,2024-12-31,2024,minority_shareholder
20200330003444,Y,01412822,솔루스첨단소재,소액주주,"16,613",-,99.88%,"15,464,623",-,39.04%,2019-12-31,2019,minority_shareholder
20210318001410,Y,01412822,솔루스첨단소재,소액주주,"49,420","49,428",99.98%,"17,960,373","39,602,208",45.35%,2020-12-31,2020,minority_shareholder
20220812000796,Y,01412822,솔루스첨단소재,소액주주,"78,591","78,600",99.98%,"17,508,536","39,602,208",44.21%,2021-12-31,2021,minority_shareholder
20230322001089,Y,01412822,솔루스첨단소재,소액주주,"90,960","90,967",99.99%,"20,675,133","45,455,764",45.48%,2022-12-31,2022,minority_shareholder
20240320001614,Y,01412822,솔루스첨단소재,소액주주,"84,087","84,094",99.99%,"20,466,410","45,455,764",45.02%,2023-12-31,2023,minority_shareholder
20251121000498,Y,01412822,솔루스첨단소재,소액주주,"81,911","81,971",99.99%,"42,483,467","90,904,406",46.73%,2024-12-31,2024,minority_shareholder
20190716000323,Y,00203315,콘텐트리중앙,소액주주,"22,814",-,99.94%,"78,240,000",-,54.29%,2018-12-31,2018,minority_shareholder
20200330002955,Y,00203315,콘텐트리중앙,소액주주,"25,432",-,99.95%,"8,305,291",-,57.64%,2019-12-31,2019,minority_shareholder
20210317000814,Y,00203315,콘텐트리중앙,소액주주,"24,733","24,743",99.95%,"7,784,578","16,385,071",47.5%,2020-12-31,2020,minority_shareholder
20220323001342,Y,00203315,콘텐트리중앙,소액주주,"67,654","67,662",99.98%,"9,187,119","18,297,538",50.21%,2021-12-31,2021,minority_shareholder
20230321001329,Y,00203315,콘텐트리중앙,소액주주,"61,465","61,473",99.99%,"9,567,870","19,262,308",49.69%,2022-12-31,2022,minority_shareholder
20240320001970,Y,00203315,콘텐트리중앙,소액주주,"56,258","56,263",99.99%,"10,746,418","19,262,308",55.79%,2023-12-31,2023,minority_shareholder
20250320001749,Y,00203315,콘텐트리중앙,소액주주,"47,336","47,341",99.99%,"10,850,064","19,262,308",56.34%,2024-12-31,2024,minority_shareholder
20190329004409,Y,00155276,포스코퓨처엠,소액주주,-,-,-,-,-,-,2018-12-31,2018,minority_shareholder
20200330002873,Y,00155276,포스코퓨처엠,소액주주,-,-,-,-,-,-,2019-12-31,2019,minority_shareholder
20210512000747,Y,00155276,포스코퓨처엠,소액주주,-,-,-,-,-,-,2020-12-31,2020,minority_shareholder
20220311001089,Y,00155276,포스코퓨처엠,소액주주,-,-,-,-,-,-,2021-12-31,2021,minority_shareholder
20230317000751,Y,00155276,포스코퓨처엠,소액주주,"154,414","154,425",99.99%,"25,121,482","77,463,220",32.4%,2022-12-31,2022,minority_shareholder
20240326000383,Y,00155276,포스코퓨처엠,소액주주,"359,808","359,818",99.99%,"26,481,722","77,463,220",34.2%,2023-12-31,2023,minority_shareholder
20250314000603,Y,00155276,포스코퓨처엠,소액주주,-,-,-,-,-,-,2024-12-31,2024,minority_shareholder
20190402000001,Y,00362441,현대오토에버,소액주주,-,-,-,-,-,-,2018-12-31,2018,minority_shareholder
20200330003398,Y,00362441,현대오토에버,소액주주,"7,449",-,99.91%,"3,313,964",-,15.77%,2019-12-31,2019,minority_shareholder
20210318000547,Y,00362441,현대오토에버,소액주주,"24,742","24,747",99.98%,"4,491,731","21,000,000",21.40%,2020-12-31,2020,minority_shareholder
20220317001288,Y,00362441,현대오토에버,소액주주,"37,627","37,632",99.99%,"6,184,321","27,423,982",22.56%,2021-12-31,2021,minority_shareholder
20230317000639,Y,00362441,현대오토에버,소액주주,"39,803","39,810",99.98%,"5,646,439","27,423,982",20.59%,2022-12-31,2022,minority_shareholder
20240329000426,Y,00362441,현대오토에버,소액주주,"35,605","35,612",99.99%,"5,850,160","27,423,982",21.33%,2023-12-31,2023,minority_shareholder
20250317000930,Y,00362441,현대오토에버,소액주주,"45,916","45,921",100.00%,"5,730,520","27,423,982",20.90%,2024-12-31,2024,minority_shareholder
20190401003862,Y,00415646,드림텍,소액주주,460,-,97.25%,"1,285,800",-,5.11%,2018-12-31,2018,minority_shareholder
20200330002847,Y,00415646,드림텍,소액주주,"14,557",-,99.90%,"13,426,867",-,21.99%,2019-12-31,2019,minority_shareholder
20210318000482,Y,00415646,드림텍,소액주주,"44,962","44,974",99.9%,"22,658,542","65,428,026",34.6%,2020-12-31,2020,minority_shareholder
20220812000858,Y,00415646,드림텍,소액주주,"37,637","37,647",99.9%,"23,745,474","64,854,408",36.6%,2021-12-31,2021,minority_shareholder
20230323001080,Y,00415646,드림텍,소액주주,"31,218","31,231",99.9%,"21,150,120","67,405,497",31.5%,2022-12-31,2022,minority_shareholder
20240321001811,Y,00415646,드림텍,소액주주,"31,198","31,212",99.96%,"35,935,687","68,723,075",52.29%,2023-12-31,2023,minority_shareholder
20250328002249,Y,00415646,드림텍,소액주주,"29,838","29,853",99.97%,"33,812,273","68,890,041",49.08%,2024-12-31,2024,minority_shareholder
20190329002898,Y,01010110,더블유게임즈,소액주주,"12,303",-,99.88%,"5,959,111",-,32.66%,2018-12-31,2018,minority_shareholder
20200330001076,Y,01010110,더블유게임즈,소액주주,"13,351",-,99.90%,"7,479,798",-,40.95%,2019-12-31,2019,minority_shareholder
20210316000867,Y,01010110,더블유게임즈,소액주주,"24,314","24,324",99.96%,"7,751,714","18,374,502",42.19%,2020-12-31,2020,minority_shareholder
20220321000798,Y,01010110,더블유게임즈,소액주주,"30,098","30,110",99.96%,"7,732,232","16,975,526",45.55%,2021-12-31,2021,minority_shareholder
20230320000648,Y,01010110,더블유게임즈,소액주주,"24,912","24,927",99.94%,"6,816,565","16,625,945",41.00%,2022-12-31,2022,minority_shareholder
20240320001599,Y,01010110,더블유게임즈,소액주주,"20,130","20,144",99.93%,"6,880,923","16,525,746",41.64%,2023-12-31,2023,minority_shareholder
20250318001413,Y,01010110,더블유게임즈,소액주주,"13,664","13,678",99.91%,"8,302,991","19,825,557",41.88%,2024-12-31,2024,minority_shareholder
20240731000521,Y,00651901,에어부산,소액주주,"2,713",-,99.44%,"4,516,387",-,8.66%,2018-12-31,2018,minority_shareholder
20240731000599,Y,00651901,에어부산,소액주주,"19,630",-,99.96%,"16,059,649",-,30.86%,2019-12-31,2019,minority_shareholder
20210323000858,Y,00651901,에어부산,소액주주,"33,418","33,427",99.99%,"30,360,435","82,070,000",37.00%,2020-12-31,2020,minority_shareholder
20220323001066,Y,00651901,에어부산,소액주주,"61,029","61,036",99.99%,"81,879,844","193,812,000",42.24%,2021-12-31,2021,minority_shareholder
20230831001169,Y,00651901,에어부산,소액주주,"63,899","63,905",99.99%,"48,832,550","116,640,000",41.87%,2022-12-31,2022,minority_shareholder
20240321001310,Y,00651901,에어부산,소액주주,"57,392","57,402",99.99%,"48,888,541","116,640,000",41.91%,2023-12-31,2023,minority_shareholder
20250317000731,Y,00651901,에어부산,소액주주,"48,517","48,525",99.99%,"50,683,502","116,640,000",43.47%,2024-12-31,2024,minority_shareholder
20190516000059,Y,00458234,아시아나IDT,소액주주,"2,547",-,99.8%,"1,878,363",-,16.9%,2018-12-31,2018,minority_shareholder
20200330003793,Y,00458234,아시아나IDT,소액주주,"9,807",-,99.98%,"2,376,816",-,21.41%,2019-12-31,2019,minority_shareholder
20210323000713,Y,00458234,아시아나IDT,소액주주,"13,561","13,563",99.99%,"2,527,932","11,100,000",22.77%,2020-12-31,2020,minority_shareholder
20220323001196,Y,00458234,아시아나IDT,소액주주,"12,237","12,239",99.98%,"2,569,159","11,100,000",23.15%,2021-12-31,2021,minority_shareholder
20230719000433,Y,00458234,아시아나IDT,소액주주,"12,730","12,732",99.98%,"2,464,568","11,100,000",22.20%,2022-12-31,2022,minority_shareholder
20240321001534,Y,00458234,아시아나IDT,소액주주,"11,720","11,723",99.97%,"2,263,803","11,100,000",20.39%,2023-12-31,2023,minority_shareholder
20250813001353,Y,00458234,아시아나IDT,소액주주,"9,171","9,173",99.98%,"2,499,421","11,100,000",22.52%,2024-12-31,2024,minority_shareholder
20190401002387,Y,01325979,세아제강,소액주주,"4,873",-,99.55%,"1,051,719",-,37.08%,2018-12-31,2018,minority_shareholder
20200330001975,Y,01325979,세아제강,소액주주,"3,207",-,99.35%,"916,676",-,32.32%,2019-12-31,2019,minority_shareholder
20210318000260,Y,01325979,세아제강,소액주주,"5,600","5,610",99.82%,"929,234","2,836,300",32.76%,2020-12-31,2020,minority_shareholder
20220314001229,Y,01325979,세아제강,소액주주,"7,639","7,645",99.92%,"981,144","2,836,300",34.59%,2021-12-31,2021,minority_shareholder
20230314001166,Y,01325979,세아제강,소액주주,"7,388","7,393",99.9%,"983,567","2,800,100",35.1%,2022-12-31,2022,minority_shareholder
20240306000569,Y,01325979,세아제강,소액주주,"7,532","7,537",99.9%,"999,436","2,800,100",35.7%,2023-12-31,2023,minority_shareholder
20250312000987,Y,01325979,세아제강,소액주주,"9,844","9,866",99.8%,"911,203","2,800,100",32.5%,2024-12-31,2024,minority_shareholder
20190401001889,Y,00248974,하나제약,소액주주,"13,937",-,99.93%,"5,944,756",-,36.70%,2018-12-31,2018,minority_shareholder
20200330000747,Y,00248974,하나제약,소액주주,"10,213",-,99.90%,"5,474,569",-,33.81%,2019-12-31,2019,minority_shareholder
20210319001318,Y,00248974,하나제약,소액주주,"12,501","12,512",99.91%,"6,221,681","16,200,000",38.41%,2020-12-31,2020,minority_shareholder
20220331002435,Y,00248974,하나제약,소액주주,"12,155","12,166",99.91%,"6,840,933","17,772,946",38.49%,2021-12-31,2021,minority_shareholder
20230712000281,Y,00248974,하나제약,소액주주,"12,950","12,961",99.92%,"7,040,933","17,772,946",39.62%,2022-12-31,2022,minority_shareholder
20240315000676,Y,00248974,하나제약,소액주주,"12,747","12,757",99.92%,"7,051,966","17,772,946",39.68%,2023-12-31,2023,minority_shareholder
20250314001348,Y,00248974,하나제약,소액주주,"11,762","11,773",99.91%,"7,041,966","17,772,946",39.62%,2024-12-31,2024,minority_shareholder
20190401000944,Y,00143262,우진아이엔에스,소액주주,"6,168",-,99.94%,"3,152,150",-,41.36%,2018-12-31,2018,minority_shareholder
20200330001518,Y,00143262,우진아이엔에스,소액주주,"4,723",-,99.92%,"3,431,270",-,45.02%,2019-12-31,2019,minority_shareholder
20210322000362,Y,00143262,우진아이엔에스,소액주주,"3,438","3,445",99.80%,"2,165,441","7,622,000",28.41%,2020-12-31,2020,minority_shareholder
20220812000678,Y,00143262,우진아이엔에스,소액주주,"3,180","3,187",99.78%,"2,012,439","7,622,000",26.40%,2021-12-31,2021,minority_shareholder
20230322000761,Y,00143262,우진아이엔에스,소액주주,"3,432","3,439",99.80%,"1,964,520","7,622,000",25.77%,2022-12-31,2022,minority_shareholder
20240321001452,Y,00143262,우진아이엔에스,소액주주,"3,578","3,584",99.83%,"2,062,129","7,622,000",27.05%,2023-12-31,2023,minority_shareholder
20250711000031,Y,00143262,우진아이엔에스,소액주주,"2,956","2,962",99.80%,"2,050,809","7,622,000",26.91%,2024-12-31,2024,minority_shareholder
20190401004743,Y,01319808,한일시멘트,소액주주,"2,414",-,99.42%,"1,124,133",-,27.12%,2018-12-31,2018,minority_shareholder
20200401002489,Y,01319808,한일시멘트,소액주주,"2,736",-,99.27%,"1,014,995",-,24.49%,2019-12-31,2019,minority_shareholder
20210317000869,Y,01319808,한일시멘트,소액주주,"3,235","3,246",99.63%,"1,098,515","6,926,154",15.86%,2020-12-31,2020,minority_shareholder
20220318000879,Y,01319808,한일시멘트,소액주주,"15,707","15,719",99.92%,"10,940,675","69,261,540",15.80%,2021-12-31,2021,minority_shareholder
20230317000994,Y,01319808,한일시멘트,소액주주,"23,474","23,490",99.93%,"11,521,041","69,261,540",16.63%,2022-12-31,2022,minority_shareholder
20240320001711,Y,01319808,한일시멘트,소액주주,"19,694","19,710",99.92%,"11,263,657","69,261,540",16.26%,2023-12-31,2023,minority_shareholder
20250317000951,Y,01319808,한일시멘트,소액주주,"17,145","17,159",99.92%,"13,892,588","69,261,540",20.06%,2024-12-31,2024,minority_shareholder
20190329002855,Y,00671376,트리니티항공,소액주주,"11,432",-,99.96%,"8,045,919",-,17.13%,2018-12-31,2018,minority_shareholder
20200330002511,Y,00671376,트리니티항공,소액주주,"13,500",-,99.96%,"13,402,905",-,28.53%,2019-12-31,2019,minority_shareholder
20210601000044,Y,00671376,트리니티항공,소액주주,"32,403","32,406",99.98%,"37,587,474","110,330,279",34.05%,2020-12-31,2020,minority_shareholder
20220323001033,Y,00671376,트리니티항공,소액주주,"77,963","77,970",99.99%,"43,050,786","142,177,413",30.28%,2021-12-31,2021,minority_shareholder
20230323000581,Y,00671376,트리니티항공,소액주주,"86,581","86,592",99.99%,"80,001,026","192,177,413",41.63%,2022-12-31,2022,minority_shareholder
20240321001328,Y,00671376,트리니티항공,소액주주,"79,097","79,108",99.99%,"93,349,838","210,325,691",46.50%,2023-12-31,2023,minority_shareholder
20250321001231,Y,00671376,트리니티항공,소액주주,"76,685","76,701",99.98%,"92,980,967","215,378,976",43.17%,2024-12-31,2024,minority_shareholder
20190401004905,Y,01262032,롯데이노베이트,소액주주,"4,133",-,99.88%,"2,849,640",-,19.95%,2018-12-31,2018,minority_shareholder
20200330003754,Y,01262032,롯데이노베이트,소액주주,"8,733",-,99.93%,"3,897,814",-,25.32%,2019-12-31,2019,minority_shareholder
20210311001163,Y,01262032,롯데이노베이트,소액주주,"9,784","9,818",99.65%,"3,342,253","15,129,367",22.09%,2020-12-31,2020,minority_shareholder
20220314001163,Y,01262032,롯데이노베이트,소액주주,"13,804","13,807",99.98%,"4,098,779","15,129,367",27.09%,2021-12-31,2021,minority_shareholder
20230316001574,Y,01262032,롯데이노베이트,소액주주,"15,780","15,785",99.97%,"3,884,216","15,129,367",25.67%,2022-12-31,2022,minority_shareholder
20240313001559,Y,01262032,롯데이노베이트,소액주주,"14,091","14,094",99.98%,"4,252,069","15,129,367",28.10%,2023-12-31,2023,minority_shareholder
20250320001204,Y,01262032,롯데이노베이트,소액주주,"15,571","15,573",99.99%,"4,645,220","15,129,367",30.70%,2024-12-31,2024,minority_shareholder
20190329003911,Y,01316254,HS효성첨단소재,소액주주,-,-,-,-,-,-,2018-12-31,2018,minority_shareholder
20200330004579,Y,01316254,HS효성첨단소재,소액주주,-,-,-,-,-,-,2019-12-31,2019,minority_shareholder
20210310001080,Y,01316254,HS효성첨단소재,소액주주,-,-,-,-,-,-,2020-12-31,2020,minority_shareholder
20220308000820,Y,01316254,HS효성첨단소재,소액주주,"72,240","72,245",99.99%,"2,066,663","4,479,948",46.13%,2021-12-31,2021,minority_shareholder
20230308000691,Y,01316254,HS효성첨단소재,소액주주,"72,254","72,258",99.99%,"2,139,719","4,479,948",47.76%,2022-12-31,2022,minority_shareholder
20240306000635,Y,01316254,HS효성첨단소재,소액주주,"63,202","63,206",99.99%,"2,068,342","4,479,948",46.17%,2023-12-31,2023,minority_shareholder
20250312001093,Y,01316254,HS효성첨단소재,소액주주,"58,435","58,439",99.99%,"2,081,881","4,479,948",46.47%,2024-12-31,2024,minority_shareholder
20190618000136,Y,01316245,효성중공업,소액주주,"14,313",-,99.92%,"3,283,244",-,35.21%,2018-12-31,2018,minority_shareholder
20200330004809,Y,01316245,효성중공업,소액주주,"14,593",-,99.93%,"3,669,706",-,39.35%,2019-12-31,2019,minority_shareholder
20210310001217,Y,01316245,효성중공업,소액주주,"40,547","40,554",99.98%,"3,902,628","9,311,741",41.91%,2020-12-31,2020,minority_shareholder
20220727000309,Y,01316245,효성중공업,소액주주,"43,774","43,785",99.98%,"4,151,351","9,311,741",44.58%,2021-12-31,2021,minority_shareholder
20230309000420,Y,01316245,효성중공업,소액주주,"24,154","24,162",99.97%,"3,859,846","9,311,741",41.45%,2022-12-31,2022,minority_shareholder
20240315000877,Y,01316245,효성중공업,소액주주,"24,118","24,131",99.95%,"4,230,859","9,311,741",45.43%,2023-12-31,2023,minority_shareholder
20250814003044,Y,01316245,효성중공업,소액주주,"26,723","26,729",99.98%,"4,230,859","9,311,741",34.61%,2024-12-31,2024,minority_shareholder
20190329004317,Y,01316227,효성티앤씨,소액주주,"14,581",-,99.9%,"1,718,843",-,39.7%,2018-12-31,2018,minority_shareholder
20200330004270,Y,01316227,효성티앤씨,소액주주,"9,659",-,99.8%,"792,529",-,18.3%,2019-12-31,2019,minority_shareholder
20210310001051,Y,01316227,효성티앤씨,소액주주,"14,635","14,651",99.89%,"1,554,478","4,327,682",35.92%,2020-12-31,2020,minority_shareholder
20220308000960,Y,01316227,효성티앤씨,소액주주,"53,848","53,863",99.97%,"2,068,840","4,327,682",47.80%,2021-12-31,2021,minority_shareholder
20230308000741,Y,01316227,효성티앤씨,소액주주,"65,715","65,732",99.97%,"1,957,804","4,327,682",45.24%,2022-12-31,2022,minority_shareholder
20240306000715,Y,01316227,효성티앤씨,소액주주,"48,393","48,410",99.96%,"1,741,945","4,327,682",40.25%,2023-12-31,2023,minority_shareholder
20250312000116,Y,01316227,효성티앤씨,소액주주,"45,993","46,011",99.96%,"1,787,371","4,327,682",41.30%,2024-12-31,2024,minority_shareholder
20190401004073,Y,01316236,효성화학,소액주주,"10,509",-,99.90%,"1,174,818",-,36.83%,2018-12-31,2018,minority_shareholder
20200330004578,Y,01316236,효성화학,소액주주,"9,907",-,99.87%,"1,108,869",-,34.76%,2019-12-31,2019,minority_shareholder
20210310001197,Y,01316236,효성화학,소액주주,"13,592","13,601",99.93%,"1,249,692","3,190,126",39.17%,2020-12-31,2020,minority_shareholder
20220308000678,Y,01316236,효성화학,소액주주,"31,688","31,693",99.98%,"1,437,867","3,190,126",45.07%,2021-12-31,2021,minority_shareholder
20230308000769,Y,01316236,효성화학,소액주주,"32,602","32,609",99.98%,"1,497,337","3,190,126",46.94%,2022-12-31,2022,minority_shareholder
20240306000534,Y,01316236,효성화학,소액주주,"29,378","29,384",99.98%,"2,245,416","3,791,811",59.22%,2023-12-31,2023,minority_shareholder
20250312001129,Y,01316236,효성화학,소액주주,"27,966","27,971",99.98%,"1,640,341","3,791,811",43.26%,2024-12-31,2024,minority_shareholder
20200630000654,Y,01310269,IPARK현대산업개발,소액주주,-,-,-,-,-,-,2018-12-31,2018,minority_shareholder
20200630000680,Y,01310269,IPARK현대산업개발,소액주주,"30,022",-,99.97%,"20,409,320",-,46.46%,2019-12-31,2019,minority_shareholder
20210316000975,Y,01310269,IPARK현대산업개발,소액주주,"49,968","49,983",99.97%,"28,958,621","65,907,330",43.94%,2020-12-31,2020,minority_shareholder
20220321001372,Y,01310269,IPARK현대산업개발,소액주주,"98,622","98,628",99.99%,"32,377,849","65,907,330",49.13%,2021-12-31,2021,minority_shareholder
20230713000082,Y,01310269,IPARK현대산업개발,소액주주,"112,655","112,660",99.99%,"34,265,444","65,897,860",51.99%,2022-12-31,2022,minority_shareholder
20240401002733,Y,01310269,IPARK현대산업개발,소액주주,"90,146","90,160",99.98%,"31,350,964","63,994,461",48.99%,2023-12-31,2023,minority_shareholder
20250812000514,Y,01310269,IPARK현대산업개발,소액주주,"61,815","61,822",99.99%,"31,359,558","63,994,461",49.00%,2024-12-31,2024,minority_shareholder
20190702000212,Y,00139454,애경산업,소액주주,"18,618",-,99.96%,"5,742,760",-,21.9%,2018-12-31,2018,minority_shareholder
20200330002268,Y,00139454,애경산업,소액주주,"26,825",-,99.98%,"8,338,038",-,31.57%,2019-12-31,2019,minority_shareholder
20210317001237,Y,00139454,애경산업,소액주주,"25,338","25,342",99.98%,"7,728,600","26,409,935",29.3%,2020-12-31,2020,minority_shareholder
20220317000002,Y,00139454,애경산업,소액주주,"31,894","31,900",99.98%,"8,787,614","26,409,935",33.27%,2021-12-31,2021,minority_shareholder
20230315001190,Y,00139454,애경산업,소액주주,"29,186","29,190",99.98%,"8,773,405","26,409,935",33.22%,2022-12-31,2022,minority_shareholder
20240313000766,Y,00139454,애경산업,소액주주,"23,682","23,687",99.97%,"8,460,134","26,409,935",32.03%,2023-12-31,2023,minority_shareholder
20250314001008,Y,00139454,애경산업,소액주주,"22,243","22,248",99.97%,"8,023,372","26,409,935",30.38%,2024-12-31,2024,minority_shareholder
20220512000849,Y,00413046,셀트리온,소액주주,"227,759",-,100.00%,"81,182,029",-,64.71%,2018-12-31,2018,minority_shareholder
20220512000850,Y,00413046,셀트리온,소액주주,"226,141",-,100.00%,"80,809,404",-,62.97%,2019-12-31,2019,minority_shareholder
20220512000852,Y,00413046,셀트리온,소액주주,"409,742","409,748",100%,"86,789,833","134,997,805",64.29%,2020-12-31,2020,minority_shareholder
20220512000853,Y,00413046,셀트리온,소액주주,"497,159","497,163",100%,"93,100,352","137,947,128",67.49%,2021-12-31,2021,minority_shareholder
20230320000842,Y,00413046,셀트리온,소액주주,"442,120","442,126",100.00%,"93,539,952","140,805,210",66.43%,2022-12-31,2022,minority_shareholder
20240318000913,Y,00413046,셀트리온,소액주주,"535,896","535,903",100.00%,"134,915,271","220,290,520",61.24%,2023-12-31,2023,minority_shareholder
20250317000929,Y,00413046,셀트리온,소액주주,"477,858","477,864",100.00%,"131,478,954","217,078,554",60.57%,2024-12-31,2024,minority_shareholder
20190401004158,Y,01267684,쿠쿠홈시스,소액주주,"2,399",-,99.62%,"847,839",-,18.89%,2018-12-31,2018,minority_shareholder
20200330002508,Y,01267684,쿠쿠홈시스,소액주주,"7,784",-,99.91%,"4,877,017",-,21.74%,2019-12-31,2019,minority_shareholder
20210326000876,Y,01267684,쿠쿠홈시스,소액주주,"12,005","12,014",99.92%,"2,671,056","22,437,330",11.90%,2020-12-31,2020,minority_shareholder
20220330001375,Y,01267684,쿠쿠홈시스,소액주주,"20,819","20,827",99.96%,"5,412,844","22,437,330",24.12%,2021-12-31,2021,minority_shareholder
20230403003576,Y,01267684,쿠쿠홈시스,소액주주,"22,537","22,548",99.95%,"5,078,015","22,437,330",22.63%,2022-12-31,2022,minority_shareholder
20240320001937,Y,01267684,쿠쿠홈시스,소액주주,"20,552","20,560",99.96%,"5,389,095","22,437,330",24.01%,2023-12-31,2023,minority_shareholder
20250331004301,Y,01267684,쿠쿠홈시스,소액주주,"17,617","17,626",99.95%,"5,564,564","22,437,330",24.80%,2024-12-31,2024,minority_shareholder
20190404002228,Y,01267170,SK케미칼,소액주주,"20,511",-,99.95%,"6,329,453",-,54.65%,2018-12-31,2018,minority_shareholder
20200330003136,Y,01267170,SK케미칼,소액주주,"34,685",-,99.95%,"3,846,315",-,29.14%,2019-12-31,2019,minority_shareholder
20210428000711,Y,01267170,SK케미칼,소액주주,"89,749","89,765",99.98%,"6,114,171","11,728,768",52.13%,2020-12-31,2020,minority_shareholder
20220318001113,Y,01267170,SK케미칼,소액주주,"108,044","108,061",99.98%,"8,864,927","17,620,780",50.31%,2021-12-31,2021,minority_shareholder
20230320000964,Y,01267170,SK케미칼,소액주주,"98,318","98,324",99.99%,"11,401,291","17,222,926",66.20%,2022-12-31,2022,minority_shareholder
20240318000792,Y,01267170,SK케미칼,소액주주,"78,525","78,531",99.99%,"8,724,392","17,222,926",50.66%,2023-12-31,2023,minority_shareholder
20250318000565,Y,01267170,SK케미칼,소액주주,"70,606","70,612",99.99%,"9,027,180","17,222,926",52.41%,2024-12-31,2024,minority_shareholder
20190401003766,Y,01263022,BGF리테일,소액주주,"5,534",-,99.38%,"3,982,462",-,23.03%,2018-12-31,2018,minority_shareholder
20200330003848,Y,01263022,BGF리테일,소액주주,"6,716",-,99.57%,"4,696,612",-,27.18%,2019-12-31,2019,minority_shareholder
20210317000292,Y,01263022,BGF리테일,소액주주,"13,004","13,037",99.75%,"5,078,718","17,283,906",29.38%,2020-12-31,2020,minority_shareholder
20220321001041,Y,01263022,BGF리테일,소액주주,"13,457","13,486",99.80%,"5,162,381","17,283,906",29.88%,2021-12-31,2021,minority_shareholder
20230320000886,Y,01263022,BGF리테일,소액주주,"7,015","7,038",99.69%,"6,174,301","17,283,906",35.73%,2022-12-31,2022,minority_shareholder
20240412003349,Y,01263022,BGF리테일,소액주주,"14,506","14,532",99.82%,"6,304,848","17,283,906",36.48%,2023-12-31,2023,minority_shareholder
20250318000733,Y,01263022,BGF리테일,소액주주,"16,433","16,459",99.84%,"6,339,877","17,283,906",36.68%,2024-12-31,2024,minority_shareholder
20190401000673,Y,00117726,DYP,소액주주,"2,573",-,99.50%,"3,172,122",-,24.09%,2018-12-31,2018,minority_shareholder
20200330002593,Y,00117726,DYP,소액주주,"3,414",-,99.77%,"4,893,956",-,37.16%,2019-12-31,2019,minority_shareholder
20210323000271,Y,00117726,DYP,소액주주,"5,936","5,945",99.85%,"4,559,180","13,168,460",34.62%,2020-12-31,2020,minority_shareholder
20220323000753,Y,00117726,DYP,소액주주,"9,832","9,842",99.90%,"4,855,164","13,168,460",36.87%,2021-12-31,2021,minority_shareholder
20230323001067,Y,00117726,DYP,소액주주,"11,269","11,276",99.94%,"5,497,830","13,168,460",41.75%,2022-12-31,2022,minority_shareholder
20240321001296,Y,00117726,DYP,소액주주,"8,735","8,742",99.92%,"5,103,329","13,168,460",38.75%,2023-12-31,2023,minority_shareholder
20250321001077,Y,00117726,DYP,소액주주,"5,634","5,644",99.82%,"4,679,298","13,168,460",35.53%,2024-12-31,2024,minority_shareholder
20190401005099,Y,00653024,진에어,소액주주,"18,867",-,99.98%,"10,407,247",-,34.69%,2018-12-31,2018,minority_shareholder
20200330002858,Y,00653024,진에어,소액주주,"17,829",-,99.87%,"8,841,247",-,29.47%,2019-12-31,2019,minority_shareholder
20210318000640,Y,00653024,진에어,소액주주,"30,375","30,389",99.95%,"15,928,580","44,311,943",35.95%,2020-12-31,2020,minority_shareholder
20220315000693,Y,00653024,진에어,소액주주,"57,746","57,777",99.95%,"17,212,656","51,533,634",33.40%,2021-12-31,2021,minority_shareholder
20230314000645,Y,00653024,진에어,소액주주,"51,796","51,833",99.93%,"17,510,359","51,533,634",33.98%,2022-12-31,2022,minority_shareholder
20240313000931,Y,00653024,진에어,소액주주,"50,380","50,407",99.95%,"17,751,878","51,533,634",34.45%,2023-12-31,2023,minority_shareholder
20250318000022,Y,00653024,진에어,소액주주,"46,744","46,797",99.89%,"19,139,139","51,533,634",37.14%,2024-12-31,2024,minority_shareholder
20190401004186,Y,01261893,케이씨텍,소액주주,"7,814",-,99.86%,"6,538,075",-,32.96%,2018-12-31,2018,minority_shareholder
20200330003126,Y,01261893,케이씨텍,소액주주,"8,968",-,99.87%,"7,474,430",-,37.67%,2019-12-31,2019,minority_shareholder
20210316001143,Y,01261893,케이씨텍,소액주주,"16,821","16,832",99.93%,"7,983,604","20,861,556",38.27%,2020-12-31,2020,minority_shareholder
20220321000733,Y,01261893,케이씨텍,소액주주,"21,571","21,580",99.96%,"8,182,016","20,861,556",39.22%,2021-12-31,2021,minority_shareholder
20230321001167,Y,01261893,케이씨텍,소액주주,"19,571","19,581",99.95%,"7,354,472","20,861,556",35.25%,2022-12-31,2022,minority_shareholder
20240320001528,Y,01261893,케이씨텍,소액주주,"16,299","16,310",99.93%,"7,463,316","20,861,556",35.78%,2023-12-31,2023,minority_shareholder
20250318001445,Y,01261893,케이씨텍,소액주주,"13,706","13,720",99.90%,"5,719,940","20,861,556",27.42%,2024-12-31,2024,minority_shareholder
20190401003603,Y,01060814,삼양패키징,소액주주,"4,247",-,99.86%,"3,635,484",-,25.58%,2018-12-31,2018,minority_shareholder
20200330002767,Y,01060814,삼양패키징,소액주주,"4,380",-,99.89%,"4,150,426",-,29.21%,2019-12-31,2019,minority_shareholder
20210316000471,Y,01060814,삼양패키징,소액주주,"4,977","4,983",99.88%,"3,105,382","14,209,804",21.87%,2020-12-31,2020,minority_shareholder
20220315001102,Y,01060814,삼양패키징,소액주주,"8,948","8,951",99.97%,"3,704,235","14,209,804",26.09%,2021-12-31,2021,minority_shareholder
20230314000865,Y,01060814,삼양패키징,소액주주,"9,802","9,806",99.96%,"3,761,882","15,788,671",23.85%,2022-12-31,2022,minority_shareholder
20240312000858,Y,01060814,삼양패키징,소액주주,"9,570","9,575",99.95%,"3,744,388","15,788,671",23.73%,2023-12-31,2023,minority_shareholder
20250318001393,Y,01060814,삼양패키징,소액주주,"7,812","7,819",99.92%,"3,254,278","15,788,671",20.61%,2024-12-31,2024,minority_shareholder
20190329003818,Y,00256955,테이팩스,소액주주,"3,618",-,99.83%,"1,235,132",-,26.18%,2018-12-31,2018,minority_shareholder
20200330002938,Y,00256955,테이팩스,소액주주,"2,831",-,99.78%,"1,316,557",-,27.90%,2019-12-31,2019,minority_shareholder
20210305000809,Y,00256955,테이팩스,소액주주,"4,851","4,858",99.9%,"1,673,136","4,717,650",35.5%,2020-12-31,2020,minority_shareholder
20220816000332,Y,00256955,테이팩스,소액주주,"9,250","9,257",99.9%,"2,137,030","4,717,650",45.3%,2021-12-31,2021,minority_shareholder
20230310000763,Y,00256955,테이팩스,소액주주,"10,406","10,415",99.91%,"1,914,178","4,717,650",40.57%,2022-12-31,2022,minority_shareholder
20240322000460,Y,00256955,테이팩스,소액주주,"12,873","12,879",99.95%,"2,103,815","4,764,650",44.15%,2023-12-31,2023,minority_shareholder
20250310000646,Y,00256955,테이팩스,소액주주,"11,072","11,077",99.95%,"2,450,729","4,769,650",51.38%,2024-12-31,2024,minority_shareholder
20190401004458,Y,01258507,롯데웰푸드,소액주주,"4,774",-,99.52%,"851,069",-,13.26%,2018-12-31,2018,minority_shareholder
20200330004070,Y,01258507,롯데웰푸드,소액주주,"4,052",-,99.50%,"790,973",-,12.32%,2019-12-31,2019,minority_shareholder
20210315000804,Y,01258507,롯데웰푸드,소액주주,"8,195","8,214",99.77%,"1,083,372","6,416,717",16.88%,2020-12-31,2020,minority_shareholder
20220315001046,Y,01258507,롯데웰푸드,소액주주,"13,179","13,198",99.87%,"1,071,865","6,416,717",16.71%,2021-12-31,2021,minority_shareholder
20230315000646,Y,01258507,롯데웰푸드,소액주주,"15,819","15,842",99.87%,"1,958,264","9,434,574",20.77%,2022-12-31,2022,minority_shareholder
20240322000503,Y,01258507,롯데웰푸드,소액주주,"15,164","15,187",99.86%,"1,875,721","9,434,574",19.89%,2023-12-31,2023,minority_shareholder
20250617000244,Y,01258507,롯데웰푸드,소액주주,"13,036","13,058",99.83%,"1,753,611","9,434,574",18.59%,2024-12-31,2024,minority_shareholder
20190401003179,Y,01236897,제일약품,소액주주,"8,329",-,99.89%,"5,392,827",-,36.67%,2018-12-31,2018,minority_shareholder
20200330004024,Y,01236897,제일약품,소액주주,"7,602",-,99.85%,"4,527,332",-,20.79%,2019-12-31,2019,minority_shareholder
20210315000881,Y,01236897,제일약품,소액주주,"36,349","36,361",99.97%,"4,693,731","14,704,872",31.92%,2020-12-31,2020,minority_shareholder
20220315001104,Y,01236897,제일약품,소액주주,"29,511","29,521",99.97%,"4,849,323","14,704,872",32.98%,2021-12-31,2021,minority_shareholder
20230316001404,Y,01236897,제일약품,소액주주,"26,214","26,224",99.96%,"4,836,102","14,704,872",32.89%,2022-12-31,2022,minority_shareholder
20240312000781,Y,01236897,제일약품,소액주주,"23,540","23,550",99.96%,"4,836,102","14,704,872",32.89%,2023-12-31,2023,minority_shareholder
20250317000697,Y,01236897,제일약품,소액주주,"20,866","20,875",99.96%,"4,836,102","14,704,872",32.89%,2024-12-31,2024,minority_shareholder
20190401005013,Y,00258801,카카오,소액주주,"190,683",-,99.99%,"44,196,207",-,53.00%,2018-12-31,2018,minority_shareholder
20200330004659,Y,00258801,카카오,소액주주,"129,632",-,99.98%,"45,039,816",-,52.24%,2019-12-31,2019,minority_shareholder
20240320000376,Y,00258801,카카오,소액주주,"561,027","561,066",99.99%,"51,632,419","86,012,064",60.03%,2020-12-31,2020,minority_shareholder
20240320000386,Y,00258801,카카오,소액주주,"1,918,337","1,918,344",100.00%,"270,919,888","445,905,990",60.76%,2021-12-31,2021,minority_shareholder
20240320000393,Y,00258801,카카오,소액주주,"2,066,544","2,066,552",99.99%,"268,552,789","445,423,689",60.29%,2022-12-31,2022,minority_shareholder
20240418000375,Y,00258801,카카오,소액주주,"1,859,274","1,859,282",99.99%,"270,106,487","444,849,878",60.72%,2023-12-31,2023,minority_shareholder
20250324000901,Y,00258801,카카오,소액주주,"1,692,101","1,692,107",99.9996%,"279,584,844","443,662,117",63.02%,2024-12-31,2024,minority_shareholder
20190612000150,Y,01238169,오리온,소액주주,"9,540",-,99.86%,"16,168,244",-,40.88%,2018-12-31,2018,minority_shareholder
20200330002921,Y,01238169,오리온,소액주주,"10,602",-,99.84%,"16,262,930",-,41.13%,2019-12-31,2019,minority_shareholder
20210310001175,Y,01238169,오리온,소액주주,"22,545","22,560",99.94%,"16,846,306","39,536,132",42.62%,2020-12-31,2020,minority_shareholder
20220323000300,Y,01238169,오리온,소액주주,"51,601","51,616",99.98%,"15,638,560","39,536,132",39.57%,2021-12-31,2021,minority_shareholder
20230315001259,Y,01238169,오리온,소액주주,-,-,-,-,-,-,2022-12-31,2022,minority_shareholder
20240313000527,Y,01238169,오리온,소액주주,-,-,-,-,-,-,2023-12-31,2023,minority_shareholder
20250808000624,Y,01238169,오리온,소액주주,"39,873","39,887",99.97%,"17,741,600","39,536,132",44.89%,2024-12-31,2024,minority_shareholder
20190401004814,Y,01234297,미원에스씨,소액주주,-,-,-,-,-,-,2018-12-31,2018,minority_shareholder
20200330002373,Y,01234297,미원에스씨,소액주주,-,-,-,-,-,-,2019-12-31,2019,minority_shareholder
20210310000561,Y,01234297,미원에스씨,소액주주,"1,885","1,925",97.92%,"1,370,134","5,100,000",26.87%,2020-12-31,2020,minority_shareholder
20220816000420,Y,01234297,미원에스씨,소액주주,"2,628","2,670",98.43%,"1,328,596","5,100,000",26.05%,2021-12-31,2021,minority_shareholder
20230315001384,Y,01234297,미원에스씨,소액주주,"2,733","2,774",98.52%,"1,291,927","5,100,000",25.33%,2022-12-31,2022,minority_shareholder
20240313001624,Y,01234297,미원에스씨,소액주주,"2,528","2,564",98.60%,"1,231,429","5,000,000",24.63%,2023-12-31,2023,minority_shareholder
20250312000902,Y,01234297,미원에스씨,소액주주,"2,300","2,335",98.50%,"1,184,157","5,000,000",23.68%,2024-12-31,2024,minority_shareholder
20190401004969,Y,01208885,경동도시가스,소액주주,"3,725",-,99.65%,"1,360,191",-,28.84%,2018-12-31,2018,minority_shareholder
20200330002073,Y,01208885,경동도시가스,소액주주,"4,340",-,99.70%,"1,908,940",-,32.38%,2019-12-31,2019,minority_shareholder
20210311001095,Y,01208885,경동도시가스,소액주주,"5,689","5,704",99.74%,"2,105,236","5,895,406",35.71%,2020-12-31,2020,minority_shareholder
20220317000553,Y,01208885,경동도시가스,소액주주,"6,142","6,157",99.78%,"2,075,537","5,895,406",35.21%,2021-12-31,2021,minority_shareholder
20230314001158,Y,01208885,경동도시가스,소액주주,"8,460","8,484",99.72%,"2,007,386","5,895,406",34.05%,2022-12-31,2022,minority_shareholder
20240313001034,Y,01208885,경동도시가스,소액주주,"8,627","8,634",99.92%,"2,772,362","5,890,427",47.07%,2023-12-31,2023,minority_shareholder
20250318000876,Y,01208885,경동도시가스,소액주주,"7,869","7,890",99.73%,"2,616,800","5,895,406",44.39%,2024-12-31,2024,minority_shareholder
20190521000353,Y,00904672,넷마블,소액주주,"47,845",-,99.96%,"15,447,308",-,18.12%,2018-12-31,2018,minority_shareholder
20200330004828,Y,00904672,넷마블,소액주주,"49,257",-,99.95%,"17,683,989",-,20.61%,2019-12-31,2019,minority_shareholder
20210318001389,Y,00904672,넷마블,소액주주,"151,358","151,377",99.99%,"18,338,140","81,826,372",22.41%,2020-12-31,2020,minority_shareholder
20220321001426,Y,00904672,넷마블,소액주주,"146,496","146,516",99.99%,"18,826,619","81,934,571",22.98%,2021-12-31,2021,minority_shareholder
20230321001358,Y,00904672,넷마블,소액주주,"143,035","143,054",99.99%,"18,873,842","81,934,571",23.04%,2022-12-31,2022,minority_shareholder
20240320001885,Y,00904672,넷마블,소액주주,"119,295","119,317",99.99%,"17,871,655","81,934,571",21.81%,2023-12-31,2023,minority_shareholder
20250321001686,Y,00904672,넷마블,소액주주,"104,279","104,298",99.98%,"18,308,289","81,934,571",22.35%,2024-12-31,2024,minority_shareholder
20190401004401,Y,01205842,HD건설기계,소액주주,"47,523",-,99.99%,"10,179,551",-,51.67%,2018-12-31,2018,minority_shareholder
20200330003621,Y,01205842,HD건설기계,소액주주,"42,431",-,99.98%,"10,770,869",-,54.67%,2019-12-31,2019,minority_shareholder
20210315001069,Y,01205842,HD건설기계,소액주주,"47,100","47,104",99.99%,"11,268,108","19,056,996",57.20%,2020-12-31,2020,minority_shareholder
20220816000025,Y,01205842,HD건설기계,소액주주,"50,404","50,412",99.98%,"10,657,636","19,700,793",54.10%,2021-12-31,2021,minority_shareholder
20230314000697,Y,01205842,HD건설기계,소액주주,"39,381","39,387",99.98%,"9,979,978","18,203,299",54.83%,2022-12-31,2022,minority_shareholder
20240320001838,Y,01205842,HD건설기계,소액주주,"44,815","44,848",99.93%,"8,915,536","18,203,299",48.98%,2023-12-31,2023,minority_shareholder
20250327000348,Y,01205842,HD건설기계,소액주주,"43,452","43,493",99.91%,"7,903,797","17,661,789",44.75%,2024-12-31,2024,minority_shareholder
20190401004145,Y,01205851,HD현대일렉트릭,소액주주,"45,176",-,99.98%,"8,887,980",-,43.66%,2018-12-31,2018,minority_shareholder
20200330003384,Y,01205851,HD현대일렉트릭,소액주주,"43,780",-,99.99%,"16,406,794",-,45.51%,2019-12-31,2019,minority_shareholder
20210315001064,Y,01205851,HD현대일렉트릭,소액주주,"48,181","48,187",99.99%,"17,597,449","36,047,135",48.82%,2020-12-31,2020,minority_shareholder
20220311001108,Y,01205851,HD현대일렉트릭,소액주주,"51,060","51,068",99.98%,"16,810,154","36,047,135",46.63%,2021-12-31,2021,minority_shareholder
20230314001160,Y,01205851,HD현대일렉트릭,소액주주,"38,656","38,665",99.98%,"17,237,200","36,047,135",47.82%,2022-12-31,2022,minority_shareholder
20240318000722,Y,01205851,HD현대일렉트릭,소액주주,"42,811","42,819",99.98%,"18,315,679","36,047,135",50.81%,2023-12-31,2023,minority_shareholder
20250320001309,Y,01205851,HD현대일렉트릭,소액주주,"56,004","56,010",99.99%,"19,618,058","36,047,135",54.42%,2024-12-31,2024,minority_shareholder
20190401002613,Y,01205329,크라운제과,소액주주,"8,424",-,99.95%,"4,534,010",-,36.20%,2018-12-31,2018,minority_shareholder
20200330003067,Y,01205329,크라운제과,소액주주,"7,829",-,99.91%,"4,781,014",-,38.18%,2019-12-31,2019,minority_shareholder
20210318001262,Y,01205329,크라운제과,소액주주,"7,248","7,253",99.93%,"4,026,329","12,523,850",32.14%,2020-12-31,2020,minority_shareholder
20220323000021,Y,01205329,크라운제과,소액주주,"13,822","13,826",99.97%,"4,335,979","12,523,850",34.62%,2021-12-31,2021,minority_shareholder
20230331000007,Y,01205329,크라운제과,소액주주,"14,258","14,265",99.95%,"4,165,028","12,523,850",33.26%,2022-12-31,2022,minority_shareholder
20240321001695,Y,01205329,크라운제과,소액주주,"16,579","16,585",99.96%,"4,291,298","12,523,850",34.27%,2023-12-31,2023,minority_shareholder
20250320000868,Y,01205329,크라운제과,소액주주,"14,247","14,252",99.96%,"4,120,872","12,523,850",32.90%,2024-12-31,2024,minority_shareholder
20190329003453,Y,00526599,덴티움,소액주주,"6,531",-,99.8%,"4,825,312",-,43.59%,2018-12-31,2018,minority_shareholder
20200330002944,Y,00526599,덴티움,소액주주,"7,281",-,99.8%,"4,542,701",-,41.04%,2019-12-31,2019,minority_shareholder
20210322000716,Y,00526599,덴티움,소액주주,"10,908","10,920",99.9%,"5,408,297","8,623,891",62.7%,2020-12-31,2020,minority_shareholder
20220322000724,Y,00526599,덴티움,소액주주,"19,336","19,351",99.9%,"4,876,261","8,623,891",56.5%,2021-12-31,2021,minority_shareholder
20230322001007,Y,00526599,덴티움,소액주주,"11,811","11,862",99.6%,"5,115,423","8,623,891",59.3%,2022-12-31,2022,minority_shareholder
20240320001258,Y,00526599,덴티움,소액주주,"21,254","21,267",99.94%,"5,262,466","8,623,891",61.0%,2023-12-31,2023,minority_shareholder
20250321000457,Y,00526599,덴티움,소액주주,"27,312","27,325",99.95%,"4,891,689","8,623,891",56.7%,2024-12-31,2024,minority_shareholder
20190401001944,Y,00226316,호전실업,소액주주,"2,236",-,99.82%,"1,628,269",-,20.35%,2018-12-31,2018,minority_shareholder
20200330001187,Y,00226316,호전실업,소액주주,"1,791",-,98.41%,"934,053",-,10.81%,2019-12-31,2019,minority_shareholder
20210331002763,Y,00226316,호전실업,소액주주,"3,281","3,299",99.45%,"2,244,555","8,641,975",25.97%,2020-12-31,2020,minority_shareholder
20220331002749,Y,00226316,호전실업,소액주주,"7,741","7,751",99.87%,"3,945,715","8,932,003",44.18%,2021-12-31,2021,minority_shareholder
20230331003532,Y,00226316,호전실업,소액주주,"10,593","10,600",99.93%,"4,503,767","9,749,984",46.19%,2022-12-31,2022,minority_shareholder
20240329002993,Y,00226316,호전실업,소액주주,-,-,-,-,-,-,2023-12-31,2023,minority_shareholder
20250331002554,Y,00226316,호전실업,소액주주,"6,578","6,584",99.91%,"4,501,434","9,749,984",46.17%,2024-12-31,2024,minority_shareholder
20190401003109,Y,00119140,핸즈코퍼레이션,소액주주,"3,287",-,99.76%,"5,369,443",-,24.56%,2018-12-31,2018,minority_shareholder
20200330003945,Y,00119140,핸즈코퍼레이션,소액주주,"3,188",-,99.69%,"4,752,996",-,21.74%,2019-12-31,2019,minority_shareholder
20210322000760,Y,00119140,핸즈코퍼레이션,소액주주,"6,815","6,822",99.90%,"6,467,865","22,263,268",29.05%,2020-12-31,2020,minority_shareholder
20220323000898,Y,00119140,핸즈코퍼레이션,소액주주,"5,758","5,765",99.88%,"6,558,563","22,263,268",29.46%,2021-12-31,2021,minority_shareholder
20230322000808,Y,00119140,핸즈코퍼레이션,소액주주,"5,746","5,754",99.86%,"6,390,526","22,263,268",28.70%,2022-12-31,2022,minority_shareholder
20240513000862,Y,00119140,핸즈코퍼레이션,소액주주,"5,306","5,314",99.85%,"6,463,354","22,275,747",29.02%,2023-12-31,2023,minority_shareholder
20250321001881,Y,00119140,핸즈코퍼레이션,소액주주,"5,037","5,046",99.82%,"6,543,819","22,275,747",29.38%,2024-12-31,2024,minority_shareholder
20190401004980,Y,01032486,두산밥캣,소액주주,"5,878",-,99.80%,"31,353,931",-,31.28%,2018-12-31,2018,minority_shareholder
20200330003713,Y,01032486,두산밥캣,소액주주,"4,451",-,99.70%,"29,673,571",-,29.58%,2019-12-31,2019,minority_shareholder
20210316001182,Y,01032486,두산밥캣,소액주주,"18,306","18,317",99.94%,"32,308,852","100,249,166",32.23%,2020-12-31,2020,minority_shareholder
20220812000942,Y,01032486,두산밥캣,소액주주,"28,015","28,028",99.95%,"30,135,060","100,249,166",30.06%,2021-12-31,2021,minority_shareholder
20230317000968,Y,01032486,두산밥캣,소액주주,"30,018","30,027",99.99%,"39,011,215","100,249,166",38.92%,2022-12-31,2022,minority_shareholder
20240329003259,Y,01032486,두산밥캣,소액주주,"26,200","26,245",99.83%,"45,015,223","100,249,166",44.90%,2023-12-31,2023,minority_shareholder
20250318001351,Y,01032486,두산밥캣,소액주주,"26,899","26,909",99.96%,"45,181,506","100,249,166",45.07%,2024-12-31,2024,minority_shareholder
20190723000170,Y,00877059,삼성바이오로직스,소액주주,"95,689",-,99.95%,"14,049,892",-,21.23%,2018-12-31,2018,minority_shareholder
20200330003130,Y,00877059,삼성바이오로직스,소액주주,"74,317",-,99.96%,"13,549,638",-,20.47%,2019-12-31,2019,minority_shareholder
20210311000905,Y,00877059,삼성바이오로직스,소액주주,"141,199","141,232",99.98%,"14,259,488","66,165,000",21.55%,2020-12-31,2020,minority_shareholder
20220321000862,Y,00877059,삼성바이오로직스,소액주주,-,-,-,-,-,-,2021-12-31,2021,minority_shareholder
20230309000835,Y,00877059,삼성바이오로직스,소액주주,"102,110","102,146",99.97%,"14,720,864","71,174,000",20.69%,2022-12-31,2022,minority_shareholder
20240307000835,Y,00877059,삼성바이오로직스,소액주주,"123,997","124,028",99.98%,"15,534,807","71,174,000",21.84%,2023-12-31,2023,minority_shareholder
20250814004283,Y,00877059,삼성바이오로직스,소액주주,"89,799","89,838",99.96%,"14,743,265","71,174,000",20.73%,2024-12-31,2024,minority_shareholder
20190730000355,Y,00225706,JW생명과학,소액주주,"7,381",-,99.84%,"6,207,307",-,39.20%,2018-12-31,2018,minority_shareholder
20200330004151,Y,00225706,JW생명과학,소액주주,"7,981",-,99.86%,"6,776,467",-,42.79%,2019-12-31,2019,minority_shareholder
20220228000075,Y,00225706,JW생명과학,소액주주,"17,091","17,104",99.92%,"7,254,754","15,834,554",45.82%,2020-12-31,2020,minority_shareholder
20220328001123,Y,00225706,JW생명과학,소액주주,"27,282","27,290",99.97%,"8,219,580","15,484,554",53.08%,2021-12-31,2021,minority_shareholder
20230321001126,Y,00225706,JW생명과학,소액주주,"25,109","25,117",99.97%,"8,295,298","15,484,554",53.57%,2022-12-31,2022,minority_shareholder
20240318000767,Y,00225706,JW생명과학,소액주주,"21,932","21,941",99.96%,"8,038,203","15,484,554",50.76%,2023-12-31,2023,minority_shareholder
20250318001174,Y,00225706,JW생명과학,소액주주,"20,038","20,046",99.96%,"8,172,731","15,484,554",52.78%,2024-12-31,2024,minority_shareholder
20190329002300,Y,01128613,화승엔터프라이즈,소액주주,"3,649",-,99.83%,"10,850,566",-,17.91%,2018-12-31,2018,minority_shareholder
20200330003588,Y,01128613,화승엔터프라이즈,소액주주,"3,669",-,99.76%,"14,438,209",-,23.85%,2019-12-31,2019,minority_shareholder
20210319000901,Y,01128613,화승엔터프라이즈,소액주주,"7,651","7,659",99.90%,"13,074,170","60,536,670",21.60%,2020-12-31,2020,minority_shareholder
20220318000356,Y,01128613,화승엔터프라이즈,소액주주,"11,171","11,180",99.92%,"12,985,889","60,570,805",21.44%,2021-12-31,2021,minority_shareholder
20230317000130,Y,01128613,화승엔터프라이즈,소액주주,"12,716","12,723",99.96%,"14,705,840","60,589,276",24.28%,2022-12-31,2022,minority_shareholder
20240315000095,Y,01128613,화승엔터프라이즈,소액주주,"12,619","12,625",99.95%,"15,410,418","60,589,276",25.43%,2023-12-31,2023,minority_shareholder
20250317000315,Y,01128613,화승엔터프라이즈,소액주주,"11,776","11,782",99.95%,"17,008,118","60,589,276",28.07%,2024-12-31,2024,minority_shareholder
20190401004083,Y,01168383,일동제약,소액주주,"9,379",-,99.68%,"8,414,170",-,38.96%,2018-12-31,2018,minority_shareholder
20200330004466,Y,01168383,일동제약,소액주주,"12,139",-,99.80 %,"9,320,578",-,41.10 %,2019-12-31,2019,minority_shareholder
20210318001242,Y,01168383,일동제약,소액주주,"16,670","16,696",99.87%,"10,986,674","23,803,285",46.18%,2020-12-31,2020,minority_shareholder
20220317000965,Y,01168383,일동제약,소액주주,"29,338","29,361",99.94%,"12,157,097","23,803,285",51.09%,2021-12-31,2021,minority_shareholder
20230316000902,Y,01168383,일동제약,소액주주,"62,607","62,627",99.97%,"14,642,595","26,803,285",54.63%,2022-12-31,2022,minority_shareholder
20240708000113,Y,01168383,일동제약,소액주주,"62,607","62,627",99.97%,"14,642,595","26,803,285",54.63%,2023-12-31,2023,minority_shareholder
20250318001280,Y,01168383,일동제약,소액주주,"52,994","52,999",99.99%,"16,605,310","28,062,501",59.17%,2024-12-31,2024,minority_shareholder
20190401001439,Y,01167056,샘표식품,소액주주,"5,343",-,99.7%,"1,358,525",-,29.7%,2018-12-31,2018,minority_shareholder
20200330001441,Y,01167056,샘표식품,소액주주,"4,469",-,99.6%,"1,543,999",-,33.8%,2019-12-31,2019,minority_shareholder
20210312000607,Y,01167056,샘표식품,소액주주,"6,840","6,856",99.77%,"1,616,458","4,566,596",35.40%,2020-12-31,2020,minority_shareholder
20220311000417,Y,01167056,샘표식품,소액주주,"13,164","13,180",99.88%,"1,627,305","4,566,596",35.63%,2021-12-31,2021,minority_shareholder
20230310000633,Y,01167056,샘표식품,소액주주,"12,606","12,621",99.88%,"1,693,154","4,566,596",37.08%,2022-12-31,2022,minority_shareholder
20240311000515,Y,01167056,샘표식품,소액주주,"13,721","13,736",99.89%,"1,631,174","4,566,596",35.72%,2023-12-31,2023,minority_shareholder
20250314000817,Y,01167056,샘표식품,소액주주,"12,516","12,531",99.88%,"1,665,189","4,566,596",36.46%,2024-12-31,2024,minority_shareholder
20190401000884,Y,00119672,두올,소액주주,"3,310",-,99.6%,"10,138,142",-,30.65%,2018-12-31,2018,minority_shareholder
20200330001152,Y,00119672,두올,소액주주,"4,227",-,99.7%,"10,447,218",-,31.59%,2019-12-31,2019,minority_shareholder
20210322000709,Y,00119672,두올,소액주주,"7,450","7,458",99.89%,"11,915,006","27,066,680",44.02%,2020-12-31,2020,minority_shareholder
20220321001298,Y,00119672,두올,소액주주,"15,252","15,263",99.93%,"13,701,788","32,469,764",42.00%,2021-12-31,2021,minority_shareholder
20230713000062,Y,00119672,두올,소액주주,"13,626","13,635",99.94%,"15,088,519","32,469,764",46.47%,2022-12-31,2022,minority_shareholder
20240320001718,Y,00119672,두올,소액주주,"13,222","13,232",99.92%,"13,188,606","30,449,428",43.31%,2023-12-31,2023,minority_shareholder
20250318001138,Y,00119672,두올,소액주주,"9,795","9,802",99.93%,"11,389,299","31,304,984",36.39%,2024-12-31,2024,minority_shareholder
20190329003233,Y,00144395,동서,소액주주,"19,347",-,99.77%,"24,809,991",-,24.88%,2018-12-31,2018,minority_shareholder
20200327000417,Y,00144395,동서,소액주주,"19,475",-,99.80%,"24,921,301",-,25.00%,2019-12-31,2019,minority_shareholder
20210318000724,Y,00144395,동서,소액주주,"19,992","20,028",99.82%,"25,940,228","98,672,523",26.29%,2020-12-31,2020,minority_shareholder
20220317000623,Y,00144395,동서,소액주주,"26,982","27,018",99.87%,"26,207,143","99,700,000",26.29%,2021-12-31,2021,minority_shareholder
20230316000463,Y,00144395,동서,소액주주,"29,862","29,896",99.89%,"26,288,004","98,672,523",26.64%,2022-12-31,2022,minority_shareholder
20240314000472,Y,00144395,동서,소액주주,"31,911","31,945",99.89%,"28,400,655","98,672,523",28.78%,2023-12-31,2023,minority_shareholder
20251210000195,Y,00144395,동서,소액주주,"26,884","26,894",99.96%,"28,915,991","98,672,523",29.31%,2024-12-31,2024,minority_shareholder
20190401002634,Y,01032413,해성디에스,소액주주,"4,478",-,99.75%,"8,587,939",-,50.51%,2018-12-31,2018,minority_shareholder
20200330002338,Y,01032413,해성디에스,소액주주,"4,760",-,99.76%,"8,821,072",-,51.88%,2019-12-31,2019,minority_shareholder
20210318000717,Y,01032413,해성디에스,소액주주,"12,147","12,162",99.87%,"7,909,000","17,000,000",46.52%,2020-12-31,2020,minority_shareholder
20220321000936,Y,01032413,해성디에스,소액주주,"28,672","26,680",99.97%,"9,716,000","17,000,000",57.15%,2021-12-31,2021,minority_shareholder
20230316000981,Y,01032413,해성디에스,소액주주,"34,497","34,503",99.98%,"9,796,000","17,000,000",57.62%,2022-12-31,2022,minority_shareholder
20240314001380,Y,01032413,해성디에스,소액주주,"26,479","26,486",99.97%,"9,343,000","17,000,000",54.96%,2023-12-31,2023,minority_shareholder
20250314001664,Y,01032413,해성디에스,소액주주,"27,019","27,024",99.98%,"9,333,000","17,000,000",54.90%,2024-12-31,2024,minority_shareholder
20190329002591,Y,00365989,모나용평,소액주주,"14,781",-,99.91%,"20,833,172",-,43.27%,2018-12-31,2018,minority_shareholder
20200330001158,Y,00365989,모나용평,소액주주,"15,314",-,99.92%,"21,004,095",-,43.63%,2019-12-31,2019,minority_shareholder
20210326001119,Y,00365989,모나용평,소액주주,"13,293","13,302",99.93%,"21,200,871","48,133,333",44.05%,2020-12-31,2020,minority_shareholder
20220317000556,Y,00365989,모나용평,소액주주,"18,613","18,621",99.96%,"21,765,301","48,133,333",45.22%,2021-12-31,2021,minority_shareholder
20230323001234,Y,00365989,모나용평,소액주주,"16,388","16,398",99.94%,"21,753,301","48,133,333",45.19%,2022-12-31,2022,minority_shareholder
20240321000045,Y,00365989,모나용평,소액주주,"14,220","14,229",99.95%,"21,714,901","48,133,333",45.12%,2023-12-31,2023,minority_shareholder
20250321000702,Y,00365989,모나용평,소액주주,"11,802","11,815",99.91%,"20,404,917","47,304,483",43.14%,2024-12-31,2024,minority_shareholder
20240516002204,Y,00428321,해태제과식품,소액주주,"14,905",-,    99.9%,"6,892,954",-,"  23,7%",2018-12-31,2018,minority_shareholder
20240516002223,Y,00428321,해태제과식품,소액주주,"14,765",-,    99.9%,"7,884,623",-,  27.1%,2019-12-31,2019,minority_shareholder
20210317001104,Y,00428321,해태제과식품,소액주주,"13,935","13,941",99.9%,"7,349,782","26,517,662",27.7%,2020-12-31,2020,minority_shareholder
20220817000003,Y,00428321,해태제과식품,소액주주,"17,891","17,896",99.9%,"7,426,452","26,517,662",28.0%,2021-12-31,2021,minority_shareholder
20230330001815,Y,00428321,해태제과식품,소액주주,"18,409","18,415",100.0%,"6,864,235","26,517,662",25.9%,2022-12-31,2022,minority_shareholder
20240320001640,Y,00428321,해태제과식품,소액주주,"16,355","16,370",100.0%,"6,973,853","26,517,662",26.3%,2023-12-31,2023,minority_shareholder
20250319000894,Y,00428321,해태제과식품,소액주주,"15,405","15,417",99.9%,"7,006,804","26,517,662",26.4%,2024-12-31,2024,minority_shareholder
20190401003660,Y,00109806,삼일씨엔에스,소액주주,"3,431",-,99.65%,"3,197,048",-,25.1%,2018-12-31,2018,minority_shareholder
20200330001797,Y,00109806,삼일씨엔에스,소액주주,"3,595",-,99.64%,"3,183,752",-,25.01%,2019-12-31,2019,minority_shareholder
20210322000931,Y,00109806,삼일씨엔에스,소액주주,"4,591","4,599",99.82%,"4,190,301","12,731,947",32.91%,2020-12-31,2020,minority_shareholder
20220328000445,Y,00109806,삼일씨엔에스,소액주주,"7,568","7,578",99.87%,"4,442,271","12,731,947",34.89%,2021-12-31,2021,minority_shareholder
20230321001368,Y,00109806,삼일씨엔에스,소액주주,"7,139","7,148",99.87%,"4,444,021","12,731,947",34.90%,2022-12-31,2022,minority_shareholder
20240321000414,Y,00109806,삼일씨엔에스,소액주주,"6,720","6,729",99.87%,"4,495,366","12,731,947",35.31%,2023-12-31,2023,minority_shareholder
20250320001188,Y,00109806,삼일씨엔에스,소액주주,"5,814","5,818",99.93%,"5,182,927","12,731,947",40.71%,2024-12-31,2024,minority_shareholder
20190401002194,Y,00332927,제이에스코퍼레이션,소액주주,"2,324",-,99.57%,"2,475,914",-,18.57%,2018-12-31,2018,minority_shareholder
20200327001701,Y,00332927,제이에스코퍼레이션,소액주주,"2,804",-,99.82%,"3,441,060",-,29.52%,2019-12-31,2019,minority_shareholder
20210310001046,Y,00332927,제이에스코퍼레이션,소액주주,"3,421","3,429",99.77%,"3,469,824","13,335,601",26.02%,2020-12-31,2020,minority_shareholder
20220715000180,Y,00332927,제이에스코퍼레이션,소액주주,"11,057","11,065",99.9%,"4,373,020","13,335,601",32.8%,2021-12-31,2021,minority_shareholder
20230320000163,Y,00332927,제이에스코퍼레이션,소액주주,"10,133","10,140",99.93%,"4,277,019","13,335,601",32.07%,2022-12-31,2022,minority_shareholder
20240320000808,Y,00332927,제이에스코퍼레이션,소액주주,"8,410","8,425",99.8%,"4,070,568","13,335,601",30.52%,2023-12-31,2023,minority_shareholder
20250317000998,Y,00332927,제이에스코퍼레이션,소액주주,"8,932","8,938",99.93%,"5,442,041","13,679,615",39.78%,2024-12-31,2024,minority_shareholder
20190401002569,Y,00911955,잇츠한불,소액주주,"11,485",-,99.93%,"3,646,628",-,16.62%,2018-12-31,2018,minority_shareholder
20200330002572,Y,00911955,잇츠한불,소액주주,"10,787",-,99.94%,"3,796,950",-,17.31%,2019-12-31,2019,minority_shareholder
20210318000892,Y,00911955,잇츠한불,소액주주,"19,911","19,919",99.96%,"4,111,345","17,616,595",23.34%,2020-12-31,2020,minority_shareholder
20220322000457,Y,00911955,잇츠한불,소액주주,"19,491","19,498",99.96%,"4,104,372","21,929,315",18.72%,2021-12-31,2021,minority_shareholder
20230316001305,Y,00911955,잇츠한불,소액주주,"19,781","19,788",99.96%,"4,111,435","21,929,315",18.75%,2022-12-31,2022,minority_shareholder
20240320001708,Y,00911955,잇츠한불,소액주주,"17,578","17,585",99.96%,"4,111,435","21,929,315",18.75%,2023-12-31,2023,minority_shareholder
20250814002293,Y,00911955,잇츠한불,소액주주,"15,589","15,596",99.97%,"4,111,435","21,929,315",18.75%,2024-12-31,2024,minority_shareholder
20190401003047,Y,00415628,세진중공업,소액주주,"3,548",-,99.80%,"11,840,981",-,  30.86%,2018-12-31,2018,minority_shareholder
20200330003054,Y,00415628,세진중공업,소액주주,"3,979",-,99.90%,"12,820,077",-,33.42%,2019-12-31,2019,minority_shareholder
20210323000697,Y,00415628,세진중공업,소액주주,"21,156","21,163",99.97%,"21,550,877","56,849,456",37.91%,2020-12-31,2020,minority_shareholder
20221019000356,Y,00415628,세진중공업,소액주주,"24,093","24,097",99.98%,"19,774,213","56,849,456",34.78%,2021-12-31,2021,minority_shareholder
20230322000908,Y,00415628,세진중공업,소액주주,"18,417","18,422",99.97%,"21,069,647","56,849,456",37.06%,2022-12-31,2022,minority_shareholder
20240320001354,Y,00415628,세진중공업,소액주주,"19,386","19,389",99.98%,"21,076,247","56,849,456",37.07%,2023-12-31,2023,minority_shareholder
20250318000960,Y,00415628,세진중공업,소액주주,"18,150","18,154",99.98%,"25,021,329","56,849,456",44.01%,2024-12-31,2024,minority_shareholder
20190527000441,Y,00105606,금호에이치티,소액주주,"3,179",-,99.75%,"5,383,877",-,34.01%,2018-12-31,2018,minority_shareholder
20200330002983,Y,00105606,금호에이치티,소액주주,"4,001",-,99.75%,"6,624,343",-,28.06%,2019-12-31,2019,minority_shareholder
20210331003148,Y,00105606,금호에이치티,소액주주,"34,916","34,920",99.99%,"81,316,946","117,904,727",68.97%,2020-12-31,2020,minority_shareholder
20220516002226,Y,00105606,금호에이치티,소액주주,"32,981","32,999",99.95%,"118,636,376","196,804,666",60.27%,2021-12-31,2021,minority_shareholder
20230331003463,Y,00105606,금호에이치티,소액주주,"36,404","36,419",99.96%,"120,989,465","196,172,794",61.67%,2022-12-31,2022,minority_shareholder
20240329002838,Y,00105606,금호에이치티,소액주주,"30,561","30,566",99.99%,"127,920,825","196,176,729",63.21%,2023-12-31,2023,minority_shareholder
20250317000938,Y,00105606,금호에이치티,소액주주,"26,351","26,360",99.97%,"123,949,947","213,945,956",57.94%,2024-12-31,2024,minority_shareholder
20220331003402,Y,00555874,제주항공,소액주주,"15,910",-,99.84%,"6,858,261",-,26.02%,2018-12-31,2018,minority_shareholder
20220331003366,Y,00555874,제주항공,소액주주,"20,686",-,99.96%,"7,726,523",-,29.32%,2019-12-31,2019,minority_shareholder
20220331003341,Y,00555874,제주항공,소액주주,"47,586","47,608",99.95%,"14,012,937","38,499,615",36.40%,2020-12-31,2020,minority_shareholder
20220331002829,Y,00555874,제주항공,소액주주,"77,738","77,769",99.96%,"17,594,904","49,759,668",35.36%,2021-12-31,2021,minority_shareholder
20230314001307,Y,00555874,제주항공,소액주주,"82,153","82,295",99.83%,"26,810,000","76,993,711",34.82%,2022-12-31,2022,minority_shareholder
20240320001373,Y,00555874,제주항공,소액주주,"77,316","77,366",99.94%,"27,480,177","80,640,985",34.08%,2023-12-31,2023,minority_shareholder
20250318001006,Y,00555874,제주항공,소액주주,"71,641","71,672",99.96%,"29,514,495","80,640,985",36.60%,2024-12-31,2024,minority_shareholder
20190401002716,Y,01108099,현대코퍼레이션홀딩스,소액주주,"6,861",-,99.83%,"4,742,115",-,52.10%,2018-12-31,2018,minority_shareholder
20200330003835,Y,01108099,현대코퍼레이션홀딩스,소액주주,"7,083",-,99.79%,"4,819,063",-,52.94%,2019-12-31,2019,minority_shareholder
20210318001061,Y,01108099,현대코퍼레이션홀딩스,소액주주,"6,579","6,592",99.80%,"4,533,775","9,100,836",49.83%,2020-12-31,2020,minority_shareholder
20220323001338,Y,01108099,현대코퍼레이션홀딩스,소액주주,"9,487","9,501",99.85%,"9,100,836","4,533,755",49.82%,2021-12-31,2021,minority_shareholder
20230322001117,Y,01108099,현대코퍼레이션홀딩스,소액주주,"8,850","8,863",99.85%,"4,584,178","9,100,836",50.37%,2022-12-31,2022,minority_shareholder
20240319000833,Y,01108099,현대코퍼레이션홀딩스,소액주주,"8,053","8,066",99.86%,"4,584,178","9,100,836",50.39%,2023-12-31,2023,minority_shareholder
20250318000745,Y,01108099,현대코퍼레이션홀딩스,소액주주,"7,189","7,205",99.79%,"4,262,574","9,100,836",46.85%,2024-12-31,2024,minority_shareholder
20190402001475,Y,00503668,LIG디펜스앤에어로스페이스,소액주주,"13,869",-,99.83%,"7,725,509",-,35.10%,2018-12-31,2018,minority_shareholder
20200403000737,Y,00503668,LIG디펜스앤에어로스페이스,소액주주,"14,389",-,99.87%,"8,883,118",-,40.39%,2019-12-31,2019,minority_shareholder
20210427000394,Y,00503668,LIG디펜스앤에어로스페이스,소액주주,"17,854","17,874",99.89%,"9,150,884","22,000,000",41.59%,2020-12-31,2020,minority_shareholder
20220318000255,Y,00503668,LIG디펜스앤에어로스페이스,소액주주,"30,573","30,594",99.94%,"9,582,999","22,000,000",43.56%,2021-12-31,2021,minority_shareholder
20230317000276,Y,00503668,LIG디펜스앤에어로스페이스,소액주주,"32,699","32,719",99.94%,"9,570,056","22,000,000",43.51%,2022-12-31,2022,minority_shareholder
20240320001078,Y,00503668,LIG디펜스앤에어로스페이스,소액주주,"33,183","33,205",99.93%,"8,767,323","22,000,000",39.85%,2023-12-31,2023,minority_shareholder
20250321002001,Y,00503668,LIG디펜스앤에어로스페이스,소액주주,"51,266","51,281",99.97%,"9,576,590","21,794,360",43.94%,2024-12-31,2024,minority_shareholder
20190401001522,Y,00350312,HDC랩스,소액주주,"4,294",-,99.77%,"4,410,835",-,26.80%,2018-12-31,2018,minority_shareholder
20200330003567,Y,00350312,HDC랩스,소액주주,"5,855",-,99.88%,"4,716,400",-,28.65%,2019-12-31,2019,minority_shareholder
20210317000914,Y,00350312,HDC랩스,소액주주,"5,076","5,082",99.88%,"4,402,474","16,460,000",26.75%,2020-12-31,2020,minority_shareholder
20220804000232,Y,00350312,HDC랩스,소액주주,"6,173","6,181",99.87%,"5,200,071","25,957,601",20.03%,2021-12-31,2021,minority_shareholder
20230316001339,Y,00350312,HDC랩스,소액주주,"5,191","5,200",99.83%,"3,954,810","25,957,601",15.24%,2022-12-31,2022,minority_shareholder
20240320001715,Y,00350312,HDC랩스,소액주주,"4,795","4,804",99.81%,"3,908,219","25,957,601",15.06%,2023-12-31,2023,minority_shareholder
20250812000577,Y,00350312,HDC랩스,소액주주,"5,214","5,223",99.83%,"3,669,105","22,974,353",15.97%,2024-12-31,2024,minority_shareholder
20190401003927,Y,00118451,동일제강,소액주주,"2,661",-,99.55%,"4,318,771",-,28.79%,2018-12-31,2018,minority_shareholder
20200330002392,Y,00118451,동일제강,소액주주,"2,350",-,99.49%,"4,435,165",-,29.57%,2019-12-31,2019,minority_shareholder
20210318000801,Y,00118451,동일제강,소액주주,"2,172","2,184",99.45%,"4,114,887","15,000,000",27.43%,2020-12-31,2020,minority_shareholder
20220323000738,Y,00118451,동일제강,소액주주,"9,363","9,373",99.90%,"7,448,534","20,300,360",36.69%,2021-12-31,2021,minority_shareholder
20230322001127,Y,00118451,동일제강,소액주주,"10,020","10,066",99.57%,"7,333,441","20,300,360",36.13%,2022-12-31,2022,minority_shareholder
20240321001135,Y,00118451,동일제강,소액주주,"8,535","8,545",99.89%,"7,842,832","20,300,360",38.64%,2023-12-31,2023,minority_shareholder
20250424000289,Y,00118451,동일제강,소액주주,"7,170","7,179",99.87%,"7,388,728","20,300,360",36.40%,2024-12-31,2024,minority_shareholder
20190531001150,Y,00365387,AJ네트웍스,소액주주,"2,566",-,99.65%,"8,849,654",-,18.90%,2018-12-31,2018,minority_shareholder
20200330003824,Y,00365387,AJ네트웍스,소액주주,"3,497",-,99.77%,"9,931,498",-,21.21%,2019-12-31,2019,minority_shareholder
20210323000506,Y,00365387,AJ네트웍스,소액주주,"5,278","5,297",99.64%,"11,027,981","46,822,295",23.55%,2020-12-31,2020,minority_shareholder
20220805000318,Y,00365387,AJ네트웍스,소액주주,"6,363","6,369",99.91%,"13,014,694","46,822,295",27.80%,2021-12-31,2021,minority_shareholder
20230321001546,Y,00365387,AJ네트웍스,소액주주,"6,703","6,710",99.90%,"13,318,871","46,822,295",28.45%,2022-12-31,2022,minority_shareholder
20240320001795,Y,00365387,AJ네트웍스,소액주주,"9,101","9,109",99.9%,"14,472,792","45,252,759",31.98%,2023-12-31,2023,minority_shareholder
20250325000220,Y,00365387,AJ네트웍스,소액주주,"8,034","8,042",99.9%,"13,178,575","45,252,759",29.12%,2024-12-31,2024,minority_shareholder
20190401004506,Y,00565154,이노션,소액주주,"5,355",-,99.78%,"5,917,909",-,29.58%,2018-12-31,2018,minority_shareholder
20200330004358,Y,00565154,이노션,소액주주,"4,851",-,99.83%,"6,930,518",-,34.65%,2019-12-31,2019,minority_shareholder
20210427000407,Y,00565154,이노션,소액주주,"12,472","12,479",99.95%,"6,771,093","20,000,000",33.87%,2020-12-31,2020,minority_shareholder
20220323001310,Y,00565154,이노션,소액주주,"20,265","20,275",99.97%,"6,548,138","20,000,000",32.75%,2021-12-31,2021,minority_shareholder
20230322001078,Y,00565154,이노션,소액주주,"19,852","19,864",99.94%,"6,669,226","20,000,000",33.36%,2022-12-31,2022,minority_shareholder
20240322000902,Y,00565154,이노션,소액주주,"18,306","18,318",99.92%,"12,780,192","40,000,000",31.95%,2023-12-31,2023,minority_shareholder
20250318001237,Y,00565154,이노션,소액주주,"17,771","17,785",99.93%,"12,161,747","40,000,000",30.42%,2024-12-31,2024,minority_shareholder
20190329002910,Y,00816544,토니모리,소액주주,"14,872",-,99.96%,"5,975,297",-,33.87%,2018-12-31,2018,minority_shareholder
20200330002507,Y,00816544,토니모리,소액주주,"13,935",-,99.96%,"5,975,297",-,33.86%,2019-12-31,2019,minority_shareholder
20210318000448,Y,00816544,토니모리,소액주주,"14,494","14,498",99.97%,"5,975,000","17,640,000",33.87%,2020-12-31,2020,minority_shareholder
20220323001143,Y,00816544,토니모리,소액주주,"15,754","15,760",99.96%,"10,267,000","23,903,000",42.95%,2021-12-31,2021,minority_shareholder
20230323001247,Y,00816544,토니모리,소액주주,"20,788","20,793",99.99%,"11,004,000","23,903,000",46.04%,2022-12-31,2022,minority_shareholder
20240321001413,Y,00816544,토니모리,소액주주,"19,386","19,391",99.97%,"11,050,000","23,903,000",46.23%,2023-12-31,2023,minority_shareholder
20250320000852,Y,00816544,토니모리,소액주주,"19,871","19,880",99.97%,"10,139,000","23,903,000",42.42%,2024-12-31,2024,minority_shareholder
20190401004765,Y,00101664,경보제약,소액주주,"10,884",-,99.92%,"8,484,984",-,35.48%,2018-12-31,2018,minority_shareholder
20200330002979,Y,00101664,경보제약,소액주주,"10,384",-,99.92%,"8,767,879",-,36.67%,2019-12-31,2019,minority_shareholder
20210318000256,Y,00101664,경보제약,소액주주,"17,670","17,678",99.9%,"8,440,733","23,906,860",35.33%,2020-12-31,2020,minority_shareholder
20220316000564,Y,00101664,경보제약,소액주주,"18,269","18,276",99.97%,"9,010,458","23,906,860",37.70%,2021-12-31,2021,minority_shareholder
20230313000946,Y,00101664,경보제약,소액주주,"18,544","18,553",99.97%,"8,819,553","23,906,860",36.90%,2022-12-31,2022,minority_shareholder
20240318000672,Y,00101664,경보제약,소액주주,"15,484","15,493",99.94%,"8,818,341","23,906,860",36.89%,2023-12-31,2023,minority_shareholder
20250318001404,Y,00101664,경보제약,소액주주,"15,237","15,245",99.95%,"9,125,213","23,906,860",38.17%,2024-12-31,2024,minority_shareholder
20190517000381,Y,00453488,다이나믹디자인,소액주주,"8,086",-,99.89%,"18,181,669",-,61.84%,2018-12-31,2018,minority_shareholder
20200330003726,Y,00453488,다이나믹디자인,소액주주,"8,061",-,99.79%,"18,240,796",-,62.04%,2019-12-31,2019,minority_shareholder
20210813001154,Y,00453488,다이나믹디자인,소액주주,"11,184","11,191",99.94%,"87,590,401","151,569,422",57.79%,2020-12-31,2020,minority_shareholder
20220323001189,Y,00453488,다이나믹디자인,소액주주,"16,076","16,085",99.94%,"97,002,547","158,289,246",61.28%,2021-12-31,2021,minority_shareholder
20230831001245,Y,00453488,다이나믹디자인,소액주주,"16,275","16,284",99.9%,"10,471,032","13,941,052",75.1%,2022-12-31,2022,minority_shareholder
20240320000615,Y,00453488,다이나믹디자인,소액주주,"19,244","19,250",99.96%,"11,950,752","17,301,093",69.07%,2023-12-31,2023,minority_shareholder
20250321001537,Y,00453488,다이나믹디자인,소액주주,"13,960","13,965",99.96%,"24,169,380","34,581,687",69.89%,2024-12-31,2024,minority_shareholder
20190329003104,Y,01060744,한솔제지,소액주주,"11,525",-,99.85%,"11,109,884",-,"46,68%",2018-12-31,2018,minority_shareholder
20200325000999,Y,01060744,한솔제지,소액주주,"13,341",-,"99,88%","11,950,717",-,50.21%,2019-12-31,2019,minority_shareholder
20210317001248,Y,01060744,한솔제지,소액주주,"20,510","20,519",99.96%,"14,424,581","23,800,576",60.61%,2020-12-31,2020,minority_shareholder
20220315001234,Y,01060744,한솔제지,소액주주,"25,967","26,043",99.71%,"11,765,542","23,800,576",49.43%,2021-12-31,2021,minority_shareholder
20230314001205,Y,01060744,한솔제지,소액주주,"22,928","22,978",99.78%,"12,253,584","23,800,576",51.48%,2022-12-31,2022,minority_shareholder
20240312000971,Y,01060744,한솔제지,소액주주,"23,618","23,624",99.96%,"14,611,296","23,800,576",61.38%,2023-12-31,2023,minority_shareholder
20250314001432,Y,01060744,한솔제지,소액주주,"22,112","22,140",99.87%,"13,089,306","23,800,576",55.00%,2024-12-31,2024,minority_shareholder
20190329003514,Y,01059605,디와이파워,소액주주,"9,530",-,99.86%,"5,656,881",-,51.23%,2018-12-31,2018,minority_shareholder
20200330003227,Y,01059605,디와이파워,소액주주,"8,627",-,99.83%,"5,368,281",-,48.61%,2019-12-31,2019,minority_shareholder
20210317000771,Y,01059605,디와이파워,소액주주,"9,779","9,789",99.90%,"5,761,438","11,041,708",52.17%,2020-12-31,2020,minority_shareholder
20220316000560,Y,01059605,디와이파워,소액주주,"14,476","14,486",99.94%,"5,892,389","11,041,708",53.37%,2021-12-31,2021,minority_shareholder
20230315001395,Y,01059605,디와이파워,소액주주,"15,613","15,622",99.94%,"5,827,012","11,041,708",52.77%,2022-12-31,2022,minority_shareholder
20240313001240,Y,01059605,디와이파워,소액주주,"11,640","11,647",99.94%,"5,193,650","11,041,708",47.04%,2023-12-31,2023,minority_shareholder
20250312001039,Y,01059605,디와이파워,소액주주,"10,912","10,920",99.92%,"5,097,622","11,041,708",46.17%,2024-12-31,2024,minority_shareholder
20190401005090,Y,00149655,삼성물산,소액주주,-,-,-,-,-,-,2018-12-31,2018,minority_shareholder
20200330003962,Y,00149655,삼성물산,소액주주,-,-,-,-,-,-,2019-12-31,2019,minority_shareholder
20210311001003,Y,00149655,삼성물산,소액주주,"152,381","152,415",99.98%,"74,933,643","186,887,081",40.10%,2020-12-31,2020,minority_shareholder
20241220000371,Y,00149655,삼성물산,소액주주,"196,746","196,786",99.98%,"75,787,592","186,887,081",40.55%,2021-12-31,2021,minority_shareholder
20230309000761,Y,00149655,삼성물산,소액주주,"174,914","174,953",99.98%,"74,667,944","186,887,081",39.95%,2022-12-31,2022,minority_shareholder
20240329002523,Y,00149655,삼성물산,소액주주,"146,829","146,861",99.98%,"73,579,059","185,591,670",39.65%,2023-12-31,2023,minority_shareholder
20250814002350,Y,00149655,삼성물산,소액주주,"114,126","114,158",99.97%,"73,724,653","177,784,107",41.47%,2024-12-31,2024,minority_shareholder
20190401003594,Y,00670340,씨에스윈드,소액주주,"7,601",-,99.58%,"4,888,665",-,28.28%,2018-12-31,2018,minority_shareholder
20200330004839,Y,00670340,씨에스윈드,소액주주,"5,128",-,99.46%,"5,183,970",-,29.99%,2019-12-31,2019,minority_shareholder
20210322001106,Y,00670340,씨에스윈드,소액주주,"40,387","40,411",99.94%,"6,922,339","17,285,715",40.05%,2020-12-31,2020,minority_shareholder
20220321001550,Y,00670340,씨에스윈드,소액주주,"115,830","115,838",99.99%,"20,803,455","42,171,403",49.33%,2021-12-31,2021,minority_shareholder
20230831001644,Y,00670340,씨에스윈드,소액주주,"80,217","80,226",99.99%,"20,819,846","42,171,403",49.37%,2022-12-31,2022,minority_shareholder
20240318000727,Y,00670340,씨에스윈드,소액주주,"88,018","88,027",99.99%,"21,325,986","42,171,403",50.57%,2023-12-31,2023,minority_shareholder
20250814002092,Y,00670340,씨에스윈드,소액주주,"81,560","81,566",99.99%,"22,918,957","42,171,403",54.35%,2024-12-31,2024,minority_shareholder
20190401003968,Y,00126186,삼성에스디에스,소액주주,"46,819",-,99.83%,"24,000,556",-,31.01%,2018-12-31,2018,minority_shareholder
20200330004186,Y,00126186,삼성에스디에스,소액주주,"43,229",-,99.96%,"24,065,813",-,31.09%,2019-12-31,2019,minority_shareholder
20210309000603,Y,00126186,삼성에스디에스,소액주주,"88,905","88,946",99.95%,"24,464,405","77,377,800",31.62%,2020-12-31,2020,minority_shareholder
20220308000737,Y,00126186,삼성에스디에스,소액주주,"127,835","127,885",99.96%,"25,930,074","77,377,800",33.51%,2021-12-31,2021,minority_shareholder
20230307000606,Y,00126186,삼성에스디에스,소액주주,"129,437","129,477",99.97%,"28,614,190","77,377,800",36.98%,2022-12-31,2022,minority_shareholder
20240329003204,Y,00126186,삼성에스디에스,소액주주,"99,350","99,388",99.96%,"30,909,874","77,377,800",39.95%,2023-12-31,2023,minority_shareholder
20250311001129,Y,00126186,삼성에스디에스,소액주주,"89,315","89,352",99.96%,"32,367,150","77,377,800",41.83%,2024-12-31,2024,minority_shareholder
20190401004735,Y,01042775,HL만도,소액주주,"20,958",-,99.9%,"26,670,130",-,56.79%,2018-12-31,2018,minority_shareholder
20200330004611,Y,01042775,HL만도,소액주주,"19,197",-,99.93%,"25,763,165",-,54.87%,2019-12-31,2019,minority_shareholder
20211115001673,Y,01042775,HL만도,소액주주,"56,632","56,641",99.98%,"26,383,509","46,957,120",56.19%,2020-12-31,2020,minority_shareholder
20220316001163,Y,01042775,HL만도,소액주주,"128,340","128,349",99.99%,"27,178,566","46,957,120",57.88%,2021-12-31,2021,minority_shareholder
20230316001329,Y,01042775,HL만도,소액주주,"122,507","122,518",99.99%,"27,240,951","46,957,120",58.01%,2022-12-31,2022,minority_shareholder
20240516001059,Y,01042775,HL만도,소액주주,"122,189","122,197",99.99%,"29,914,539","46,957,120",63.71%,2023-12-31,2023,minority_shareholder
20250326001216,Y,01042775,HL만도,소액주주,"95,327","95,338",99.99%,"26,610,183","46,957,120",56.67%,2024-12-31,2024,minority_shareholder
20190401004854,Y,01036446,서연이화,소액주주,"6,569",-,99.91%,"10,471,620",-,38.74%,2018-12-31,2018,minority_shareholder
20200331002601,Y,01036446,서연이화,소액주주,"6,054",-,99.88%,"10,104,227",-,37.38%,2019-12-31,2019,minority_shareholder
20210331003172,Y,01036446,서연이화,소액주주,"10,411","10,420",99.9%,"10,545,196","27,022,751",39.0%,2020-12-31,2020,minority_shareholder
20220317001027,Y,01036446,서연이화,소액주주,"13,574","13,578",99.9%,"11,575,101","27,022,751",42.8%,2021-12-31,2021,minority_shareholder
20230321001225,Y,01036446,서연이화,소액주주,"11,001","11,007",99.9%,"11,599,954","27,022,751",42.9%,2022-12-31,2022,minority_shareholder
20240320001647,Y,01036446,서연이화,소액주주,"21,160","21,167",99.9%,"11,599,954","27,022,751",42.9%,2023-12-31,2023,minority_shareholder
20250331003613,Y,01036446,서연이화,소액주주,"23,283","23,290",99.9%,"11,599,954","27,022,751",42.9%,2024-12-31,2024,minority_shareholder
20190329004047,Y,00661847,화인베스틸,소액주주,"4,056",-,99.61%,"10,313,916",-,34.9%,2018-12-31,2018,minority_shareholder
20200330003086,Y,00661847,화인베스틸,소액주주,"6,238",-,99.91%,"16,160,689",-,47.92%,2019-12-31,2019,minority_shareholder
20210416000566,Y,00661847,화인베스틸,소액주주,"8,577","8,582",44.18%,"13,055,000","29,550,000",44.18%,2020-12-31,2020,minority_shareholder
20220321000940,Y,00661847,화인베스틸,소액주주,"6,362","6,367",99.92%,"12,166,460","29,550,000",41.17%,2021-12-31,2021,minority_shareholder
20230321001087,Y,00661847,화인베스틸,소액주주,"6,806","6,810",99.93%,"14,849,713","29,781,941",49.85%,2022-12-31,2022,minority_shareholder
20240320001571,Y,00661847,화인베스틸,소액주주,"6,076","6,080",99.93%,"15,460,125","29,918,118",51.67%,2023-12-31,2023,minority_shareholder
20250321001405,Y,00661847,화인베스틸,소액주주,"5,235","5,245",99.81%,"15,406,534","30,826,118",49.98%,2024-12-31,2024,minority_shareholder
20190401002962,Y,01009789,코스맥스,소액주주,"13,629",-,99.89%,"5,470,302",-,54.42%,2018-12-31,2018,minority_shareholder
20200330003755,Y,01009789,코스맥스,소액주주,"18,513",-,99.91%,"5,139,593",-,51.13%,2019-12-31,2019,minority_shareholder
20210318000961,Y,01009789,코스맥스,소액주주,"26,521","26,535",99.96%,"5,852,536","10,045,662",58.26%,2020-12-31,2020,minority_shareholder
20220816001048,Y,01009789,코스맥스,소액주주,"44,007","44,021",99.98%,"6,159,210","11,345,662",54.29%,2021-12-31,2021,minority_shareholder
20230322001169,Y,01009789,코스맥스,소액주주,"45,535","45,556",99.96%,"6,246,179","11,345,662",55.06%,2022-12-31,2022,minority_shareholder
20240320001628,Y,01009789,코스맥스,소액주주,"21,215","21,233",99.92%,"6,088,023","11,345,662",53.66%,2023-12-31,2023,minority_shareholder
20250416000526,Y,01009789,코스맥스,소액주주,"21,934","21,952",99.93%,"5,933,524","11,345,662",52.30%,2024-12-31,2024,minority_shareholder
20190401004693,Y,00992871,종근당,소액주주,"12,077",-,99.88%,"4,421,819",-,44.75%,2018-12-31,2018,minority_shareholder
20200330002362,Y,00992871,종근당,소액주주,"12,637",-,99.90%,"4,295,759",-,41.42%,2019-12-31,2019,minority_shareholder
20210318000944,Y,00992871,종근당,소액주주,"31,644","31,657",99.96%,"4,876,656","10,885,685",44.80%,2020-12-31,2020,minority_shareholder
20220317001126,Y,00992871,종근당,소액주주,"62,641","62,653",99.98%,"5,279,673","11,426,099",46.21%,2021-12-31,2021,minority_shareholder
20230316000376,Y,00992871,종근당,소액주주,"58,097","58,110",99.98%,"5,102,298","11,988,038",42.56%,2022-12-31,2022,minority_shareholder
20240320001136,Y,00992871,종근당,소액주주,"43,205","43,219",99.97%,"4,912,634","12,568,464",39.09%,2023-12-31,2023,minority_shareholder
20250325000403,Y,00992871,종근당,소액주주,"36,905","36,918",99.96%,"4,816,471","13,174,420",36.56%,2024-12-31,2024,minority_shareholder
20190401004633,Y,00136402,신송홀딩스,소액주주,"2,852",-,99.30%,"4,170,155",-,35.25%,2018-12-31,2018,minority_shareholder
20200330002174,Y,00136402,신송홀딩스,소액주주,"2,852",-,99.30%,"4,170,155",-,35.25%,2019-12-31,2019,minority_shareholder
20210317000992,Y,00136402,신송홀딩스,소액주주,"2,889","2,912",99.21%,"3,643,027","11,828,858",30.80%,2020-12-31,2020,minority_shareholder
20220715000103,Y,00136402,신송홀딩스,소액주주,"3,484","3,505",99.40%,"3,391,276","10,840,264",31.28%,2021-12-31,2021,minority_shareholder
20230321001198,Y,00136402,신송홀딩스,소액주주,"11,791","11,802",99.91%,"3,665,890","10,789,701",33.98%,2022-12-31,2022,minority_shareholder
20240318000824,Y,00136402,신송홀딩스,소액주주,"11,762","11,769",99.94%,"3,695,510","10,789,701",34.25%,2023-12-31,2023,minority_shareholder
20250318001436,Y,00136402,신송홀딩스,소액주주,"11,108","11,120",99.89%,"3,638,217","10,789,701",33.72%,2024-12-31,2024,minority_shareholder
20190329002925,Y,00990165,아세아시멘트,소액주주,"3,675",-,99.56%,"1,035,541",-,26.58%,2018-12-31,2018,minority_shareholder
20200330004703,Y,00990165,아세아시멘트,소액주주,"4,090",-,99.63%,"1,097,567",-,28.17.%,2019-12-31,2019,minority_shareholder
20210311001231,Y,00990165,아세아시멘트,소액주주,"5,874","5,887",99.78%,"1,505,252","3,895,809",38.64%,2020-12-31,2020,minority_shareholder
20220310001164,Y,00990165,아세아시멘트,소액주주,"11,755","11,773",99.8%,"1,217,372","3,895,809",31.3%,2021-12-31,2021,minority_shareholder
20230315001378,Y,00990165,아세아시멘트,소액주주,"13,989","14,001",99.89%,"13,179,503","38,958,090",33.83%,2022-12-31,2022,minority_shareholder
20240313001751,Y,00990165,아세아시멘트,소액주주,"15,045","15,059",98.5%,"12,032,568","38,958,090",30.9%,2023-12-31,2023,minority_shareholder
20250320001240,Y,00990165,아세아시멘트,소액주주,"11,806","11,822",99.9%,"10,469,171","37,836,486",27.7%,2024-12-31,2024,minority_shareholder
20190401004553,Y,00302926,현대로템,소액주주,"101,766",-,99.9%,"41,192,932",-,48.5%,2018-12-31,2018,minority_shareholder
20200330004260,Y,00302926,현대로템,소액주주,-,-,-,-,-,-,2019-12-31,2019,minority_shareholder
20210602000352,Y,00302926,현대로템,소액주주,-,-,-,-,-,-,2020-12-31,2020,minority_shareholder
20220315000952,Y,00302926,현대로템,소액주주,"165,702","165,708",99.9%,"67,551,000","109,142,000",61.9%,2021-12-31,2021,minority_shareholder
20230310001083,Y,00302926,현대로템,소액주주,"156,264","156,273",99.9%,"61,035,000","109,142,000",55.9%,2022-12-31,2022,minority_shareholder
20240320000873,Y,00302926,현대로템,소액주주,"173,773","173,781",99.9%,"63,912,000","109,142,000",58.6%,2023-12-31,2023,minority_shareholder
20250321001612,Y,00302926,현대로템,소액주주,"144,278","144,288",99.9%,"60,822,000","109,142,000",55.7%,2024-12-31,2024,minority_shareholder
20190401004103,Y,00983271,NHN,소액주주,"15,164",-,99.81%,"9,004,988",-,46.02%,2018-12-31,2018,minority_shareholder
20200330003926,Y,00983271,NHN,소액주주,"13,097",-,99.80%,"8,912,316",-,45.55%,2019-12-31,2019,minority_shareholder
20210315001011,Y,00983271,NHN,소액주주,"39,729","39,754",99.94%,"8,578,168","18,548,854",46.25%,2020-12-31,2020,minority_shareholder
20220321001453,Y,00983271,NHN,소액주주,"28,070","28,100",99.91%,"7,631,334","17,952,890",42.51%,2021-12-31,2021,minority_shareholder
20230320001095,Y,00983271,NHN,소액주주,"34,531","34,563",99.91%,"14,380,015","34,425,780",41.77%,2022-12-31,2022,minority_shareholder
20240319000767,Y,00983271,NHN,소액주주,"28,262","28,290",99.90%,"13,641,661","33,705,780",40.47%,2023-12-31,2023,minority_shareholder
20250331004208,Y,00983271,NHN,소액주주,"25,232","25,255",99.91%,"11,863,599","31,778,880",37.33%,2024-12-31,2024,minority_shareholder
20190329003198,Y,00110608,DSR,소액주주,"4,213",-,99.8%,"4,929,520",-,30.8%,2018-12-31,2018,minority_shareholder
20200330001868,Y,00110608,DSR,소액주주,"5,500",-,99.8%,"4,673,052",-,29.2%,2019-12-31,2019,minority_shareholder
20210319001229,Y,00110608,DSR,소액주주,"5,016","5,026",99.8%,"4,638,000","16,000,000",29.0%,2020-12-31,2020,minority_shareholder
20220322000343,Y,00110608,DSR,소액주주,"8,595","8,608",99.85%,"4,498,000","16,000,000",28.12%,2021-12-31,2021,minority_shareholder
20230320000736,Y,00110608,DSR,소액주주,"7,981","7,994",99.84%,"4,852,000","16,000,000",30.32%,2022-12-31,2022,minority_shareholder
20240321001104,Y,00110608,DSR,소액주주,"7,517","7,531",99.15%,"5,068,000","16,000,000",31.68%,2023-12-31,2023,minority_shareholder
20250227006937,Y,00110608,DSR,소액주주,"6,695","6,711",99.78%,"5,051,000","16,000,000",31.57%,2024-12-31,2024,minority_shareholder
20190401004208,Y,00956930,동아에스티,소액주주,"10,243",-,99.81%,"4,075,207",-,48.26%,2018-12-31,2018,minority_shareholder
20200330003980,Y,00956930,동아에스티,소액주주,"8,780",-,99.78%,"3,852,200",-,45.62%,2019-12-31,2019,minority_shareholder
20210316001146,Y,00956930,동아에스티,소액주주,"13,605","13,616",99.92%,"3,803,290","8,443,868",45.04%,2020-12-31,2020,minority_shareholder
20220321001316,Y,00956930,동아에스티,소액주주,"17,050","17,071",99.88%,"4,423,251","8,446,325",52.37%,2021-12-31,2021,minority_shareholder
20230320001075,Y,00956930,동아에스티,소액주주,"15,653","15,673",99.87%,"4,323,563","8,446,588",51.19%,2022-12-31,2022,minority_shareholder
20240318000781,Y,00956930,동아에스티,소액주주,"15,881","15,910",99.82%,"4,387,650","8,614,965",50.93%,2023-12-31,2023,minority_shareholder
20250321001967,Y,00956930,동아에스티,소액주주,"15,099","15,133",99.78%,"4,317,246","9,172,975",47.06%,2024-12-31,2024,minority_shareholder
20190401003679,Y,00156354,지엠비코리아,소액주주,"8,786",-,99.77%,"5,962,062",-,31.26%,2018-12-31,2018,minority_shareholder
20200330002264,Y,00156354,지엠비코리아,소액주주,"8,783",-,99.83%,"7,601,460",-,39.86%,2019-12-31,2019,minority_shareholder
20210323000635,Y,00156354,지엠비코리아,소액주주,"15,543","15,547",99.9%,"7,803,982","19,072,280",40.9%,2020-12-31,2020,minority_shareholder
20220323000588,Y,00156354,지엠비코리아,소액주주,"14,666","14,669",99.9%,"8,120,520","19,072,280",42.6%,2021-12-31,2021,minority_shareholder
20230323000704,Y,00156354,지엠비코리아,소액주주,"14,762","14,765",99.9%,"8,120,520","19,072,280",42.6%,2022-12-31,2022,minority_shareholder
20240321000577,Y,00156354,지엠비코리아,소액주주,"12,428","12,431",99.9%,"8,120,520","19,072,280",42.6%,2023-12-31,2023,minority_shareholder
20250321001687,Y,00156354,지엠비코리아,소액주주,"11,006","11,009",99.9%,"8,120,520","19,072,280",42.6%,2024-12-31,2024,minority_shareholder
20190329004274,Y,00222532,LG헬로비전,소액주주,"8,483",-,99.92%,"20,171,714",-,26.03%,2018-12-31,2018,minority_shareholder
20200330004028,Y,00222532,LG헬로비전,소액주주,"13,327",-,99.94%,"21,501,714",-,27.76%,2019-12-31,2019,minority_shareholder
20210304000345,Y,00222532,LG헬로비전,소액주주,"14,838","14,843",99.98%,"26,684,391","77,446,865",34.47%,2020-12-31,2020,minority_shareholder
20220303000727,Y,00222532,LG헬로비전,소액주주,"158,137","158,142",100.00%,"26,872,911","77,446,865",34.71%,2021-12-31,2021,minority_shareholder
20230321000780,Y,00222532,LG헬로비전,소액주주,"143,727","143,731",100.00%,"29,570,285","77,446,865",38.20%,2022-12-31,2022,minority_shareholder
20240306000614,Y,00222532,LG헬로비전,소액주주,"131,796","131,799",100.00%,"30,696,303","77,446,865",39.64%,2023-12-31,2023,minority_shareholder
20250306000713,Y,00222532,LG헬로비전,소액주주,"121,909","121,911",100.00%,"30,696,303","77,446,865",39.65%,2024-12-31,2024,minority_shareholder
20190329002941,Y,00939687,동일고무벨트,소액주주,-,-,-,-,-,-,2018-12-31,2018,minority_shareholder
20200330002649,Y,00939687,동일고무벨트,소액주주,-,-,-,-,-,-,2019-12-31,2019,minority_shareholder
20210315000958,Y,00939687,동일고무벨트,소액주주,"8,398","8,403",99.93%,"4,076,319","13,650,000",29.86%,2020-12-31,2020,minority_shareholder
20220315000862,Y,00939687,동일고무벨트,소액주주,"7,659","7,666",99.91%,"4,036,025","13,900,000",29.04%,2021-12-31,2021,minority_shareholder
20230314000884,Y,00939687,동일고무벨트,소액주주,"9,960","9,966",99.92%,"4,089,377","13,900,000",29.42%,2022-12-31,2022,minority_shareholder
20240312000727,Y,00939687,동일고무벨트,소액주주,"13,232","13,237",99.96%,"4,229,165","13,900,000",30.43%,2023-12-31,2023,minority_shareholder
20250312000762,Y,00939687,동일고무벨트,소액주주,"11,650","11,655",99.96%,"4,230,800","13,900,000",30.45%,2024-12-31,2024,minority_shareholder
20190329003108,Y,00939331,한국콜마,소액주주,"25,680",-,99.98%,"11,250,251",-,50.34%,2018-12-31,2018,minority_shareholder
20200330004678,Y,00939331,한국콜마,소액주주,"37,516",-,99.98%,"11,439,080",-,49.99%,2019-12-31,2019,minority_shareholder
20210318001200,Y,00939331,한국콜마,소액주주,"51,262","51,268",99.99%,"11,943,087","22,881,180",52.20%,2020-12-31,2020,minority_shareholder
20220317001031,Y,00939331,한국콜마,소액주주,"73,121","73,126",99.99%,"12,012,883","22,881,180",52.50%,2021-12-31,2021,minority_shareholder
20230322001251,Y,00939331,한국콜마,소액주주,"66,499","66,504",99.99%,"11,779,750","22,881,180",51.48%,2022-12-31,2022,minority_shareholder
20240321001772,Y,00939331,한국콜마,소액주주,"44,217","44,250",99.93%,"11,243,830","22,881,180",49.14%,2023-12-31,2023,minority_shareholder
20250318001173,Y,00939331,한국콜마,소액주주,"51,399","51,432",99.94%,"9,496,797","23,605,077",40.23%,2024-12-31,2024,minority_shareholder
20190401004884,Y,00937324,한국타이어앤테크놀로지,소액주주,"16,230",-,99.81%,"59,094,345",-,47.69%,2018-12-31,2018,minority_shareholder
20200330003986,Y,00937324,한국타이어앤테크놀로지,소액주주,"18,193",-,99.83%,"59,920,393",-,48.36%,2019-12-31,2019,minority_shareholder
20210330001593,Y,00937324,한국타이어앤테크놀로지,소액주주,"19,933","19,965",99.84%,"60,270,657","123,875,069",48.66%,2020-12-31,2020,minority_shareholder
20220322001106,Y,00937324,한국타이어앤테크놀로지,소액주주,"28,889","28,919",99.91%,"59,353,633","123,875,069",47.92%,2021-12-31,2021,minority_shareholder
20230324001266,Y,00937324,한국타이어앤테크놀로지,소액주주,"38,411","38,442",99.93%,"59,164,511","123,875,069",47.77%,2022-12-31,2022,minority_shareholder
20240325000791,Y,00937324,한국타이어앤테크놀로지,소액주주,"26,242","26,270",99.90%,"59,735,647","121,988,753",48.97%,2023-12-31,2023,minority_shareholder
20250318001355,Y,00937324,한국타이어앤테크놀로지,소액주주,"34,981","35,010",99.92%,"59,725,003","121,988,753",48.96%,2024-12-31,2024,minority_shareholder
20190814001867,Y,00936787,애경케미칼,소액주주,"8,684",-,99.93%,"12,423,540",-,38.78%,2018-12-31,2018,minority_shareholder
20200330001789,Y,00936787,애경케미칼,소액주주,"9,590",-,99.96%,"12,977,168",-,40.50%,2019-12-31,2019,minority_shareholder
20210317001112,Y,00936787,애경케미칼,소액주주,"9,710","9,714",99.96%,"12,477,064","31,564,150",39.53%,2020-12-31,2020,minority_shareholder
20220811000214,Y,00936787,애경케미칼,소액주주,"17,232","17,235",99.98%,"14,741,719","48,172,277",30.6%,2021-12-31,2021,minority_shareholder
20230320001088,Y,00936787,애경케미칼,소액주주,"17,150","17,160",99.94%,"13,379,007","48,172,277",27.77%,2022-12-31,2022,minority_shareholder
20240315000816,Y,00936787,애경케미칼,소액주주,"35,207","35,216",99.97%,"15,516,339","48,268,097",32.15%,2023-12-31,2023,minority_shareholder
20250314001606,Y,00936787,애경케미칼,소액주주,"32,742","32,744",99.99%,"17,680,377","48,277,026",36.62%,2024-12-31,2024,minority_shareholder
20190401004418,Y,00124780,사조씨푸드,소액주주,"4,776",-,99.90%,"5,372,421",-,31.20%,2018-12-31,2018,minority_shareholder
20200330003200,Y,00124780,사조씨푸드,소액주주,"4,938",-,99.90%,"5,548,610",-,"32,22%",2019-12-31,2019,minority_shareholder
20210318001142,Y,00124780,사조씨푸드,소액주주,"13,167","13,170",99.98%,"7,011,941","17,218,543",40.72%,2020-12-31,2020,minority_shareholder
20220318001114,Y,00124780,사조씨푸드,소액주주,"13,851","13,854",99.98%,"6,745,901","17,218,543",39.18%,2021-12-31,2021,minority_shareholder
20230315001385,Y,00124780,사조씨푸드,소액주주,"12,869","12,874",99.96%,"6,353,072","17,218,543",36.90%,2022-12-31,2022,minority_shareholder
20240312000794,Y,00124780,사조씨푸드,소액주주,"14,398","14,406",99.94%,"5,994,367","17,218,543",34.81%,2023-12-31,2023,minority_shareholder
20250311000913,Y,00124780,사조씨푸드,소액주주,"10,061","10,070",99.91%,"3,772,805","17,218,543",21.91%,2024-12-31,2024,minority_shareholder
20190329002228,Y,00362238,휴비스,소액주주,"6,677",-,99.67%,"10,386,407",-,30.05%,2018-12-31,2018,minority_shareholder
20200330002584,Y,00362238,휴비스,소액주주,-,-,-,-,-,-,2019-12-31,2019,minority_shareholder
20210420000253,Y,00362238,휴비스,소액주주,"9,009","9,025",99.82%,"13,439,732","34,500,000",38.96%,2020-12-31,2020,minority_shareholder
20220316000822,Y,00362238,휴비스,소액주주,"14,050","14,068",99.87%,"13,503,001","34,500,000",39.14%,2021-12-31,2021,minority_shareholder
20230321001473,Y,00362238,휴비스,소액주주,"14,025","14,031",99.96%,"13,874,317","34,500,000",40.22%,2022-12-31,2022,minority_shareholder
20240318000268,Y,00362238,휴비스,소액주주,"19,794","19,799",99.97%,"14,348,383","34,500,000",41.59%,2023-12-31,2023,minority_shareholder
20250317000508,Y,00362238,휴비스,소액주주,"15,301","15,305",99.97%,"14,829,612","34,500,000",42.98%,2024-12-31,2024,minority_shareholder
20190401003762,Y,00140177,GS리테일,소액주주,"13,915",-,99.96%,"18,504,641",-,24.03%,2018-12-31,2018,minority_shareholder
20210302003597,Y,00140177,GS리테일,소액주주,"13,309",-,99.95%,"20,681,292",-,26.86%,2019-12-31,2019,minority_shareholder
20210701000250,Y,00140177,GS리테일,소액주주,"61,100","61,105",99.99%,"23,716,635","77,000,000",30.8%,2020-12-31,2020,minority_shareholder
20220317001215,Y,00140177,GS리테일,소액주주,"119,222","119,228",99.99%,"36,499,795","104,717,922",34.86%,2021-12-31,2021,minority_shareholder
20230315001215,Y,00140177,GS리테일,소액주주,"103,583","103,590",99.99%,"36,062,444","104,717,922",34.45%,2022-12-31,2022,minority_shareholder
20240401004251,Y,00140177,GS리테일,소액주주,"97,349","97,355",99.99%,"35,729,075","104,717,922",34.13%,2023-12-31,2023,minority_shareholder
20250312000991,Y,00140177,GS리테일,소액주주,"82,529","82,535",99.99%,"28,480,003","83,607,415",34.06%,2024-12-31,2024,minority_shareholder
20190401004209,Y,00151368,인터지스,소액주주,"3,528",-,99.71%,"9,688,023",-,32.56%,2018-12-31,2018,minority_shareholder
20200330002961,Y,00151368,인터지스,소액주주,"3,114",-,99.58%,"8,393,132",-,28.21%,2019-12-31,2019,minority_shareholder
20210322000987,Y,00151368,인터지스,소액주주,"4,614","4,624",99.78%,"9,683,519","29,747,874",32.55%,2020-12-31,2020,minority_shareholder
20220321001232,Y,00151368,인터지스,소액주주,"10,714","10,726",99.90%,"10,690,801","29,747,874",35.94%,2021-12-31,2021,minority_shareholder
20230320000322,Y,00151368,인터지스,소액주주,"10,591","10,602",99.91%,"11,206,408","29,747,874",37.68%,2022-12-31,2022,minority_shareholder
20240321001182,Y,00151368,인터지스,소액주주,"9,171","9,182",99.88%,"11,206,408","29,747,874",37.68%,2023-12-31,2023,minority_shareholder
20250317000861,Y,00151368,인터지스,소액주주,"8,934","8,946",99.87%,"10,806,182","29,747,874",36.33%,2024-12-31,2024,minority_shareholder
20190401003903,Y,00896285,삼양사,소액주주,"5,988",-,99.72%,"1,691,163",-,16.44%,2018-12-31,2018,minority_shareholder
20200407002751,Y,00896285,삼양사,소액주주,"6,176",-,99.74 %,"1,822,592",-,17.71%,2019-12-31,2019,minority_shareholder
20210317001085,Y,00896285,삼양사,소액주주,"9,775","9,791",99.84%,"2,004,247","10,313,449",19.43%,2020-12-31,2020,minority_shareholder
20220812000103,Y,00896285,삼양사,소액주주,"12,422","12,438",99.87%,"2,232,586","10,313,449",21.65%,2021-12-31,2021,minority_shareholder
20230315001060,Y,00896285,삼양사,소액주주,"14,606","14,621",99.90%,"2,519,209","10,313,449",24.43%,2022-12-31,2022,minority_shareholder
20240325000879,Y,00896285,삼양사,소액주주,"13,590","13,595",99.96%,"2,925,338","10,313,449",28.36%,2023-12-31,2023,minority_shareholder
20250319000739,Y,00896285,삼양사,소액주주,"11,733","11,738",99.95%,"2,901,256","10,313,449",28.13%,2024-12-31,2024,minority_shareholder
20190401003851,Y,00269940,하나투어,소액주주,"30,881",-,99.86%,"7,087,587",-,61.01%,2018-12-31,2018,minority_shareholder
20200330002664,Y,00269940,하나투어,소액주주,"31,190",-,99.86%,"6,986,352",-,60.13%,2019-12-31,2019,minority_shareholder
20210329000797,Y,00269940,하나투어,소액주주,"59,843","59,860",99.97%,"8,460,267","13,939,185",60.71%,2020-12-31,2020,minority_shareholder
20220317001007,Y,00269940,하나투어,소액주주,"93,367","93,382",99.99%,"9,133,084","13,939,185",65.53%,2021-12-31,2021,minority_shareholder
20230316001406,Y,00269940,하나투어,소액주주,"95,324","95,333",99.99%,"10,788,042","16,039,185",67.26%,2022-12-31,2022,minority_shareholder
20240321001614,Y,00269940,하나투어,소액주주,"85,403","85,411",99.99%,"10,788,042","10,571,244",65.91%,2023-12-31,2023,minority_shareholder
20250320001129,Y,00269940,하나투어,소액주주,"68,285","68,296",99.98%,"10,118,157","16,039,185",68.78%,2024-12-31,2024,minority_shareholder
20190401001897,Y,00400857,에이블씨엔씨,소액주주,"16,626",-,99.97 %,"8,940,258",-,33.06 %,2018-12-31,2018,minority_shareholder
20200818000229,Y,00400857,에이블씨엔씨,소액주주,"14,430",-,99.96%,"8,618,765",-,31.88%,2019-12-31,2019,minority_shareholder
20210817000623,Y,00400857,에이블씨엔씨,소액주주,"13,396","13,401",99.96%,"8,642,615","27,033,459",31.97%,2020-12-31,2020,minority_shareholder
20220415000633,Y,00400857,에이블씨엔씨,소액주주,"14,155","14,159",99.97%,"9,343,284","27,033,459",34.56%,2021-12-31,2021,minority_shareholder
20230323001542,Y,00400857,에이블씨엔씨,소액주주,"13,702","13,706",99.97%,"9,411,402","27,033,459",34.81%,2022-12-31,2022,minority_shareholder
20240321001776,Y,00400857,에이블씨엔씨,소액주주,"12,734","12,737",99.97%,"9,455,619","26,014,161",36.35%,2023-12-31,2023,minority_shareholder
20250321001828,Y,00400857,에이블씨엔씨,소액주주,"14,238","14,243",99.96%,"9,431,350","26,014,161",36.25%,2024-12-31,2024,minority_shareholder
20190401003518,Y,00191588,삼원강재,소액주주,"3,963",-,99.76%,"8,980,235",-,22.44%,2018-12-31,2018,minority_shareholder
20200330000246,Y,00191588,삼원강재,소액주주,"3,769",-,99.76%,"9,029,711",-,22.59%,2019-12-31,2019,minority_shareholder
20210311000011,Y,00191588,삼원강재,소액주주,"3,605","3,615",99.75%,"9,043,700","40,000,000",22.62%,2020-12-31,2020,minority_shareholder
20220310000009,Y,00191588,삼원강재,소액주주,"6,597","6,604",99.90%,"9,855,700","40,000,000",24.64%,2021-12-31,2021,minority_shareholder
20230314000085,Y,00191588,삼원강재,소액주주,"6,593","6,600",99.90%,"9,855,700","40,000,000",24.64%,2022-12-31,2022,minority_shareholder
20240313001112,Y,00191588,삼원강재,소액주주,"6,452","6,456",99.94%,"9,884,510","40,000,000",24.72%,2023-12-31,2023,minority_shareholder
20250314000520,Y,00191588,삼원강재,소액주주,"5,800","5,804",99.94%,"9,843,510","40,000,000",24.61%,2024-12-31,2024,minority_shareholder
20190401004848,Y,00234412,신세계인터내셔날,소액주주,"6,519",-,99.83%,"2,272,625",-,31.83%,2018-12-31,2018,minority_shareholder
20200330003914,Y,00234412,신세계인터내셔날,소액주주,"8,075",-,99.90%,"2,408,785",-,33.73%,2019-12-31,2019,minority_shareholder
20210315001003,Y,00234412,신세계인터내셔날,소액주주,"24,313","24,321",99.97%,"2,260,091","7,140,000",31.65%,2020-12-31,2020,minority_shareholder
20220315001107,Y,00234412,신세계인터내셔날,소액주주,"30,893","30,899",99.98%,"2,317,532","7,140,000",32.47%,2021-12-31,2021,minority_shareholder
20230314001079,Y,00234412,신세계인터내셔날,소액주주,"30,387","30,394",99.97%,"11,548,578","35,700,000",32.34%,2022-12-31,2022,minority_shareholder
20240312000886,Y,00234412,신세계인터내셔날,소액주주,-,-,-,-,-,-,2023-12-31,2023,minority_shareholder
20250313000018,Y,00234412,신세계인터내셔날,소액주주,-,-,-,-,-,-,2024-12-31,2024,minority_shareholder
20190802000402,Y,00309503,한국항공우주,소액주주,"116,070",-,99.98%,"59,298,793",-,60.83%,2018-12-31,2018,minority_shareholder
20200330003749,Y,00309503,한국항공우주,소액주주,"87,826",-,99.99%,"57,811,733",-,59.31%,2019-12-31,2019,minority_shareholder
20210415000506,Y,00309503,한국항공우주,소액주주,"103,603","103,608",100.00%,"58,631,073","97,475,107",60.16%,2020-12-31,2020,minority_shareholder
20220322000955,Y,00309503,한국항공우주,소액주주,"193,696","193,701",100.00%,"60,842,168","97,475,107",62.43%,2021-12-31,2021,minority_shareholder
20230321001514,Y,00309503,한국항공우주,소액주주,"149,867","149,874",100.00%,"65,524,295","97,475,107",64.16%,2022-12-31,2022,minority_shareholder
20240326000812,Y,00309503,한국항공우주,소액주주,"148,776","148,785",99.99%,"57,928,826","97,475,107",59.45%,2023-12-31,2023,minority_shareholder
20250318001067,Y,00309503,한국항공우주,소액주주,"128,232","128,242",99.99%,"55,253,398","97,475,107",56.68%,2024-12-31,2024,minority_shareholder
20190401002981,Y,00158307,롯데하이마트,소액주주,"5,698",-,99.81%,"6,295,736",-,26.67%,2018-12-31,2018,minority_shareholder
20200330003269,Y,00158307,롯데하이마트,소액주주,"11,418",-,99.91%,"7,042,505",-,29.82%,2019-12-31,2019,minority_shareholder
20210311000926,Y,00158307,롯데하이마트,소액주주,"15,530","15,543",99.93%,"6,890,323","23,607,712",29.20%,2020-12-31,2020,minority_shareholder
20220314000784,Y,00158307,롯데하이마트,소액주주,"26,896","26,908",99.96%,"7,235,972","23,607,712",30.65%,2021-12-31,2021,minority_shareholder
20230314001273,Y,00158307,롯데하이마트,소액주주,"25,134","25,145",99.96%,"7,682,671","23,607,712",32.54%,2022-12-31,2022,minority_shareholder
20240315000917,Y,00158307,롯데하이마트,소액주주,"22,867","22,874",99.97%,"7,683,862","23,607,712",32.55%,2023-12-31,2023,minority_shareholder
20250312001113,Y,00158307,롯데하이마트,소액주주,"20,007","20,016",99.96%,"7,680,843","23,607,712",32.54%,2024-12-31,2024,minority_shareholder
20190401003100,Y,00357360,한세엠케이,소액주주,"2,672",-,99.59%,"3,287,398",-,25.47%,2018-12-31,2018,minority_shareholder
20200330003907,Y,00357360,한세엠케이,소액주주,"3,099",-,99.74%,"3,667,373",-,28.41%,2019-12-31,2019,minority_shareholder
20210317000840,Y,00357360,한세엠케이,소액주주,"2,716","2,724",99.71%,"3,434,048","12,909,322",26.60%,2020-12-31,2020,minority_shareholder
20220321001199,Y,00357360,한세엠케이,소액주주,"4,883","4,892",99.82%,"3,160,703","12,909,322",24.48%,2021-12-31,2021,minority_shareholder
20230407002948,Y,00357360,한세엠케이,소액주주,"4,773","4,781",99.83%,"3,542,725","30,106,502",11.77%,2022-12-31,2022,minority_shareholder
20240321000107,Y,00357360,한세엠케이,소액주주,"4,751","4,758",99.85%,"3,538,775","30,106,502",11.75%,2023-12-31,2023,minority_shareholder
20250318000981,Y,00357360,한세엠케이,소액주주,"4,351","4,359",99.82%,"3,538,775","30,106,502",11.75%,2024-12-31,2024,minority_shareholder
20190401004008,Y,00872984,이마트,소액주주,"25,189",-,99.96%,"15,888,127",-,56.99%,2018-12-31,2018,minority_shareholder
20200330003902,Y,00872984,이마트,소액주주,"41,384",-,99.96%,"15,281,740",-,54.81%,2019-12-31,2019,minority_shareholder
20210316001234,Y,00872984,이마트,소액주주,"90,459","90,469",99.99%,"15,537,947","26,964,179",57.62%,2020-12-31,2020,minority_shareholder
20220816000177,Y,00872984,이마트,소액주주,"127,790","127,798",99.99%,"16,589,540","27,788,355",59.52%,2021-12-31,2021,minority_shareholder
20230321000409,Y,00872984,이마트,소액주주,"138,541","138,549",99.99%,"16,055,633","26,788,355",59.94%,2022-12-31,2022,minority_shareholder
20240320001504,Y,00872984,이마트,소액주주,"133,752","133,763",99.99%,"15,166,687","26,788,353",56.62%,2023-12-31,2023,minority_shareholder
20250318000688,Y,00872984,이마트,소액주주,"121,725","121,734",99.99%,"15,936,228","26,788,353",59.49%,2024-12-31,2024,minority_shareholder
20190401002936,Y,00349097,케이티스카이라이프,소액주주,"9,296",-,99.90%,"16,442,244",-,34.38%,2018-12-31,2018,minority_shareholder
20200330003670,Y,00349097,케이티스카이라이프,소액주주,"9,440",-,99.89%,"17,699,697",-,37.01%,2019-12-31,2019,minority_shareholder
20210323000841,Y,00349097,케이티스카이라이프,소액주주,"11,592","11,598",99.98%,"19,501,259","47,821,966",40.80%,2020-12-31,2020,minority_shareholder
20220930000032,Y,00349097,케이티스카이라이프,소액주주,"14,879","14,884",99.99%,"20,183,849","47,821,966",42.23%,2021-12-31,2021,minority_shareholder
20230323001208,Y,00349097,케이티스카이라이프,소액주주,"15,339","15,346",99.95%,"19,274,877","47,821,966",40.31%,2022-12-31,2022,minority_shareholder
20240320001841,Y,00349097,케이티스카이라이프,소액주주,"16,798","16,805",99.98%,"15,945,879","47,522,955",39.88%,2023-12-31,2023,minority_shareholder
20250318001057,Y,00349097,케이티스카이라이프,소액주주,"14,700","14,707",99.97%,"17,706,325","47,522,955",37.27%,2024-12-31,2024,minority_shareholder
20190401004295,Y,00159500,한국종합기술,소액주주,"7,929",-,99.95%,"5,009,171",-,45.75%,2018-12-31,2018,minority_shareholder
20200330004102,Y,00159500,한국종합기술,소액주주,"6,082",-,99.90%,"5,148,828",-,47.02%,2019-12-31,2019,minority_shareholder
20210318000947,Y,00159500,한국종합기술,소액주주,"4,702","4,711",99.81%,"3,819,541","10,950,000",34.88%,2020-12-31,2020,minority_shareholder
20220317001068,Y,00159500,한국종합기술,소액주주,"8,131","8,139",99.90%,"4,013,501","10,950,000",36.65%,2021-12-31,2021,minority_shareholder
20230316001234,Y,00159500,한국종합기술,소액주주,"10,692","10,699",99.93%,"3,774,705","10,950,000",34.47%,2022-12-31,2022,minority_shareholder
20240320001071,Y,00159500,한국종합기술,소액주주,"9,454","9,461",99.93%,"3,942,203","10,950,000",36.00%,2023-12-31,2023,minority_shareholder
20250318001001,Y,00159500,한국종합기술,소액주주,"8,176","8,183",99.91%,"3,677,579","10,950,000",33.59%,2024-12-31,2024,minority_shareholder
20190329001031,Y,00113997,롯데에너지머티리얼즈,소액주주,"31,842",-,97.42%,"11,479,558",-,24.90%,2018-12-31,2018,minority_shareholder
20210322000707,Y,00113997,롯데에너지머티리얼즈,소액주주,"27,877",-,38.49%,"17,747,867",-,38.49%,2019-12-31,2019,minority_shareholder
20210323001108,Y,00113997,롯데에너지머티리얼즈,소액주주,"67,895","67,901",99.99%,"18,925,060","46,110,835",41.04%,2020-12-31,2020,minority_shareholder
20220318001055,Y,00113997,롯데에너지머티리얼즈,소액주주,"66,006","66,011",99.99%,"19,794,064","46,110,835",42.94%,2021-12-31,2021,minority_shareholder
20230323001050,Y,00113997,롯데에너지머티리얼즈,소액주주,"88,745","88,754",99.99%,"19,788,209","46,110,835",42.92%,2022-12-31,2022,minority_shareholder
20240315000794,Y,00113997,롯데에너지머티리얼즈,소액주주,"88,684","88,695",99.99%,"19,753,515","46,110,835",42.84%,2023-12-31,2023,minority_shareholder
20250314001597,Y,00113997,롯데에너지머티리얼즈,소액주주,"86,301","86,326",99.98%,"19,754,232","46,110,835",42.85%,2024-12-31,2024,minority_shareholder
20190401004312,Y,00106623,현대위아,소액주주,"29,954",-,99.98%,"12,680,380",-,46.66%,2018-12-31,2018,minority_shareholder
20200330003773,Y,00106623,현대위아,소액주주,"24,501",-,99.98%,"13,782,913",-,50.68%,2019-12-31,2019,minority_shareholder
20210316000797,Y,00106623,현대위아,소액주주,"43,605","43,611",99.99%,"12,187,853","27,195,083",44.82%,2020-12-31,2020,minority_shareholder
20220315001247,Y,00106623,현대위아,소액주주,"89,146","89,152",99.99%,"14,302,811","27,195,083",52.59%,2021-12-31,2021,minority_shareholder
20230314000727,Y,00106623,현대위아,소액주주,-,-,-,-,-,-,2022-12-31,2022,minority_shareholder
20240329002076,Y,00106623,현대위아,소액주주,"70,603","70,609",99.99%,"12,506,897","27,195,083",45.99%,2023-12-31,2023,minority_shareholder
20250313000158,Y,00106623,현대위아,소액주주,"71,789","71,795",99.99%,"13,049,942","27,195,083",48.0%,2024-12-31,2024,minority_shareholder
20190327000530,Y,00855093,선진,소액주주,"2,884",-,99.47%,"3,378,237",-,14.20%,2018-12-31,2018,minority_shareholder
20200327001317,Y,00855093,선진,소액주주,"4,266",-,99.70%,"4,855,965",-,20.43%,2019-12-31,2019,minority_shareholder
20210318000635,Y,00855093,선진,소액주주,"5,498","5,506",99.84%,"6,603,391","23,779,604",27.76%,2020-12-31,2020,minority_shareholder
20220321000850,Y,00855093,선진,소액주주,"13,229","13,239",99.29%,"8,365,009","23,779,604",35.18%,2021-12-31,2021,minority_shareholder
20230323000638,Y,00855093,선진,소액주주,"17,014","17,023",99.95%,"8,921,686","23,779,208",37.52%,2022-12-31,2022,minority_shareholder
20240319000764,Y,00855093,선진,소액주주,"14,814","14,823",99.94%,"10,129,038","23,779,208",42.60%,2023-12-31,2023,minority_shareholder
20250318001380,Y,00855093,선진,소액주주,"12,340","12,348",99.94%,"10,159,617","23,779,604",42.72%,2024-12-31,2024,minority_shareholder
20190329001560,Y,00855163,미원화학,소액주주,-,-,-,-,-,-,2018-12-31,2018,minority_shareholder
20200330000199,Y,00855163,미원화학,소액주주,-,-,-,-,-,-,2019-12-31,2019,minority_shareholder
20210305000063,Y,00855163,미원화학,소액주주,-,-,-,-,-,-,2020-12-31,2020,minority_shareholder
20220318000262,Y,00855163,미원화학,소액주주,"1,699","1,734",97.98%,"716,386","2,199,268",32.57%,2021-12-31,2021,minority_shareholder
20230310000296,Y,00855163,미원화학,소액주주,"2,287","2,322",98.49%,"721,609","2,199,268",32.81%,2022-12-31,2022,minority_shareholder
20240311000340,Y,00855163,미원화학,소액주주,"2,089","2,098",99.57%,"708,463","2,199,268",32.21%,2023-12-31,2023,minority_shareholder
20250310000394,Y,00855163,미원화학,소액주주,"1,869","1,878",99.52%,"685,718","2,199,268",31.18%,2024-12-31,2024,minority_shareholder
20190401002608,Y,00852087,시디즈,소액주주,"1,244",-,99.20%,"326,117",-,16.32%,2018-12-31,2018,minority_shareholder
20200330002460,Y,00852087,시디즈,소액주주,"1,263",-,99.37%,"338,872",-,16.94%,2019-12-31,2019,minority_shareholder
20210318001352,Y,00852087,시디즈,소액주주,"3,444","3,451",99.8%,"387,506","2,000,000",19.4%,2020-12-31,2020,minority_shareholder
20220317000781,Y,00852087,시디즈,소액주주,"4,625","4,631",99.87%,"443,699","2,000,000",22.18%,2021-12-31,2021,minority_shareholder
20230316001196,Y,00852087,시디즈,소액주주,"5,669","5,674",99.9%,"464,486","2,000,000",23.2%,2022-12-31,2022,minority_shareholder
20240321001589,Y,00852087,시디즈,소액주주,"4,667","4,671",99.91%,"504,436","2,000,000",25.22%,2023-12-31,2023,minority_shareholder
20250814002709,Y,00852087,시디즈,소액주주,"3,937","3,941",74.8%,"504,436","2,000,000",25.2%,2024-12-31,2024,minority_shareholder
20190829000744,Y,00361008,한화엔진,소액주주,"14,545",-,99.95%,"17,245,023",-,52.34%,2018-12-31,2018,minority_shareholder
20200330004113,Y,00361008,한화엔진,소액주주,"15,697",-,99.97%,"18,034,003",-,54.74%,2019-12-31,2019,minority_shareholder
20210317000571,Y,00361008,한화엔진,소액주주,"35,304","35,309",99.99%,"21,848,473","32,947,142",66.31%,2020-12-31,2020,minority_shareholder
20220316000731,Y,00361008,한화엔진,소액주주,"45,751","45,757",99.99%,"29,621,128","46,721,246",63.40%,2021-12-31,2021,minority_shareholder
20230315001359,Y,00361008,한화엔진,소액주주,"41,335","41,340",99.99%,"46,711,278","71,522,387",65.31%,2022-12-31,2022,minority_shareholder
20240320000730,Y,00361008,한화엔진,소액주주,"38,701","38,708",99.98%,"44,530,170","71,522,387",62.24%,2023-12-31,2023,minority_shareholder
20250813000469,Y,00361008,한화엔진,소액주주,"42,040","42,048",99.98%,"40,185,126","83,425,535",48.17%,2024-12-31,2024,minority_shareholder
20190329000882,Y,00787376,대성에너지,소액주주,"4,526",-,99.93%,"7,039,293",-,25.60%,2018-12-31,2018,minority_shareholder
20200330002981,Y,00787376,대성에너지,소액주주,"4,395",-,99.93%,"7,048,293",-,25.63%,2019-12-31,2019,minority_shareholder
20210319001077,Y,00787376,대성에너지,소액주주,"4,834","4,837",99.94%,"7,291,707","27,500,000",26.51%,2020-12-31,2020,minority_shareholder
20220318000681,Y,00787376,대성에너지,소액주주,"18,635","18,639",99.98%,"6,725,639","27,500,000",24.45%,2021-12-31,2021,minority_shareholder
20230321000870,Y,00787376,대성에너지,소액주주,"28,948","28,952",99.99%,"6,798,907","27,500,000",24.72%,2022-12-31,2022,minority_shareholder
20240312000816,Y,00787376,대성에너지,소액주주,"25,866","25,870",99.98%,"6,824,221","27,500,000",24.82%,2023-12-31,2023,minority_shareholder
20250320001296,Y,00787376,대성에너지,소액주주,"23,680","23,683",99.99%,"7,194,546","27,500,000",26.16%,2024-12-31,2024,minority_shareholder
20190401005015,Y,00403632,현대퓨처넷,소액주주,"3,283",-,99.53%,"18,820,858",-,16.67%,2018-12-31,2018,minority_shareholder
20200327001318,Y,00403632,현대퓨처넷,소액주주,"5,020",-,99.69%,"18,364,907",-,16.26%,2019-12-31,2019,minority_shareholder
20210317001268,Y,00403632,현대퓨처넷,소액주주,"8,789","8,802",99.84%,"22,085,395","112,876,596",19.55%,2020-12-31,2020,minority_shareholder
20220315001210,Y,00403632,현대퓨처넷,소액주주,"14,897","14,909",99.91%,"24,379,735","112,876,596",21.58%,2021-12-31,2021,minority_shareholder
20230313000866,Y,00403632,현대퓨처넷,소액주주,"15,404","15,413",99.93%,"27,002,118","110,202,945",24.49%,2022-12-31,2022,minority_shareholder
20240313001154,Y,00403632,현대퓨처넷,소액주주,"11,401","11,408",99.93%,"22,157,929","110,202,945",20.11%,2023-12-31,2023,minority_shareholder
20250829001372,Y,00403632,현대퓨처넷,소액주주,"8,812","8,817",99.94%,"20,447,513","110,202,945",18.55%,2024-12-31,2024,minority_shareholder
20190401004709,Y,00372873,KTis,소액주주,"16,528",-,99.97%,"23,045,085",-,66.22%,2018-12-31,2018,minority_shareholder
20200330002874,Y,00372873,KTis,소액주주,"16,207",-,99.95%,"22,662,022",-,65.11%,2019-12-31,2019,minority_shareholder
20210322000910,Y,00372873,KTis,소액주주,"15,483","15,490",99.95%,"22,171,849","34,802,000",63.71%,2020-12-31,2020,minority_shareholder
20220321001238,Y,00372873,KTis,소액주주,"17,826","17,833",99.96%,"21,522,549","34,802,000",61.84%,2021-12-31,2021,minority_shareholder
20230323000613,Y,00372873,KTis,소액주주,"17,344","17,351",99.96%,"20,039,275","34,802,000",57.58%,2022-12-31,2022,minority_shareholder
20240320000449,Y,00372873,KTis,소액주주,"19,548","19,553",99.99%,"19,650,125","34,802,000",56.48%,2023-12-31,2023,minority_shareholder
20250318000822,Y,00372873,KTis,소액주주,"17,628","17,631",99.98%,"20,423,242","34,802,000",58.68%,2024-12-31,2024,minority_shareholder
20190401002446,Y,00194947,한전산업,소액주주,"8,524",-,99.97%,"13,040,000",-,39.99%,2018-12-31,2018,minority_shareholder
20200604000353,Y,00194947,한전산업,소액주주,"8,127",-,99.98%,"13,040,000",-,40%,2019-12-31,2019,minority_shareholder
20210323001114,Y,00194947,한전산업,소액주주,"12,018","12,020",99.98%,"13,040,000","32,600,000",40%,2020-12-31,2020,minority_shareholder
20220323001234,Y,00194947,한전산업,소액주주,"34,603","34,606",99.99%,"12,208,394","32,600,000",37.45%,2021-12-31,2021,minority_shareholder
20230323001346,Y,00194947,한전산업,소액주주,"32,564","32,567",99.99%,"12,512,925","32,600,000",38.39%,2022-12-31,2022,minority_shareholder
20240321001344,Y,00194947,한전산업,소액주주,"29,174","29,176",99.99%,"13,040,000","32,600,000",40%,2023-12-31,2023,minority_shareholder
20250320001416,Y,00194947,한전산업,소액주주,"33,210","33,213",99.99%,"12,697,797","32,600,000",38.95%,2024-12-31,2024,minority_shareholder
20190426000540,Y,00838500,엘브이엠씨,소액주주,"11,518",-,99.93%,"24,977,959",-,52.18%,2018-12-31,2018,minority_shareholder
20200429001118,Y,00838500,엘브이엠씨,소액주주,"9,904",-,"99,92%","26,690,460",-,52.22%,2019-12-31,2019,minority_shareholder
20210426000381,Y,00838500,엘브이엠씨,소액주주,"17,249","17,258",99.96%,"49,897,168","84,348,589",59.16%,2020-12-31,2020,minority_shareholder
20220426000496,Y,00838500,엘브이엠씨,소액주주,"20,399","20,408",99.97%,"50,535,168","99,455,297",50.82%,2021-12-31,2021,minority_shareholder
20230426000644,Y,00838500,엘브이엠씨,소액주주,"19,481","19,490",99.97%,"50,535,168","99,455,297",50.52%,2022-12-31,2022,minority_shareholder
20240426000698,Y,00838500,엘브이엠씨,소액주주,"23,382","23,389",99.98%,"100,607,158","171,588,411",58.64%,2023-12-31,2023,minority_shareholder
20250425000879,Y,00838500,엘브이엠씨,소액주주,"22,216","22,224",99.97%,"102,487,894","171,588,411",59.73%,2024-12-31,2024,minority_shareholder
20190614000418,Y,00195229,미스토홀딩스,소액주주,"11,620",-,99.87%,"34,986,989",-,57.25%,2018-12-31,2018,minority_shareholder
20200327001877,Y,00195229,미스토홀딩스,소액주주,"28,734",-,99.95%,"35,175,479",-,57.54%,2019-12-31,2019,minority_shareholder
20210319000773,Y,00195229,미스토홀딩스,소액주주,"41,530","41,544",99.97%,"36,466,451","60,752,222",60.03%,2020-12-31,2020,minority_shareholder
20220812000706,Y,00195229,미스토홀딩스,소액주주,"72,814","72,827",99.99%,"38,322,664","60,752,222",63.09%,2021-12-31,2021,minority_shareholder
20230321000775,Y,00195229,미스토홀딩스,소액주주,"59,830","59,850",99.97%,"29,610,899","60,752,222",48.75%,2022-12-31,2022,minority_shareholder
20240320000962,Y,00195229,미스토홀딩스,소액주주,"35,972","35,991",99.96%,"28,109,816","60,752,222",46.29%,2023-12-31,2023,minority_shareholder
20250321001837,Y,00195229,미스토홀딩스,소액주주,"25,487","25,506",99.93%,"25,161,297","60,095,839",41.87%,2024-12-31,2024,minority_shareholder
20190404001342,Y,00372882,KTcs,소액주주,"16,668",-,99.93%,"26,700,248",-,62.54%,2018-12-31,2018,minority_shareholder
20200330002231,Y,00372882,KTcs,소액주주,"16,719",-,99.96%,"28,393,261",-,66.52%,2019-12-31,2019,minority_shareholder
20210409000489,Y,00372882,KTcs,소액주주,"16,474","16,485",99.95%,"25,563,324","42,685,000",59.90%,2020-12-31,2020,minority_shareholder
20220321001408,Y,00372882,KTcs,소액주주,"20,659","20,666",99.96%,"26,746,856","42,685,000",62.68%,2021-12-31,2021,minority_shareholder
20230322000776,Y,00372882,KTcs,소액주주,"19,320","19,327",99.96%,"25,000,769","42,685,000",58.57%,2022-12-31,2022,minority_shareholder
20240320000896,Y,00372882,KTcs,소액주주,"26,511","26,517",99.97%,"22,636,696","42,685,000",53.03%,2023-12-31,2023,minority_shareholder
20250320001127,Y,00372882,KTcs,소액주주,"23,791","23,798",99.99%,"24,291,653","42,685,000",56.92%,2024-12-31,2024,minority_shareholder
20190401003020,Y,00412597,현대홈쇼핑,소액주주,"5,180",-,99.04%,"3,977,536",-,33.15%,2018-12-31,2018,minority_shareholder
20210817002260,Y,00412597,현대홈쇼핑,소액주주,"5,567",-,99.34%,"3,797,598",-,31.65%,2019-12-31,2019,minority_shareholder
20210818000207,Y,00412597,현대홈쇼핑,소액주주,"9,402","9,433",99.67%,"3,585,800","11,447,000",31.33%,2020-12-31,2020,minority_shareholder
20220324000867,Y,00412597,현대홈쇼핑,소액주주,"11,695","11,728",99.72%,"3,769,057","12,000,000",31.41%,2021-12-31,2021,minority_shareholder
20230315001376,Y,00412597,현대홈쇼핑,소액주주,"11,929","11,941",99.90%,"3,868,334","12,000,000",32.24%,2022-12-31,2022,minority_shareholder
20240315000790,Y,00412597,현대홈쇼핑,소액주주,"11,854","11,868",99.88%,"3,675,414","12,000,000",30.63%,2023-12-31,2023,minority_shareholder
20250829001728,Y,00412597,현대홈쇼핑,소액주주,"10,494","10,502",99.92%,"3,323,140","12,000,000",27.69%,2024-12-31,2024,minority_shareholder
20190329002638,Y,00114552,도화엔지니어링,소액주주,"7,247",-,99.67%,"10,905,730",-,32.34%,2018-12-31,2018,minority_shareholder
20200327002007,Y,00114552,도화엔지니어링,소액주주,"7,270",-,99.7%,"11,526,035",-,34.2%,2019-12-31,2019,minority_shareholder
20210310000190,Y,00114552,도화엔지니어링,소액주주,"9,666","9,691",99.7%,"10,878,610","33,720,000",38.4%,2020-12-31,2020,minority_shareholder
20220310000616,Y,00114552,도화엔지니어링,소액주주,"13,960","13,987",99.81%,"10,489,853","33,720,000",31.11%,2021-12-31,2021,minority_shareholder
20230316001141,Y,00114552,도화엔지니어링,소액주주,"17,408","17,434",99.85%,"10,997,477","33,720,000",32.61%,2022-12-31,2022,minority_shareholder
20240314001211,Y,00114552,도화엔지니어링,소액주주,"15,948","15,971",99.86%,"11,486,823","33,720,000",34.07%,2023-12-31,2023,minority_shareholder
20250813001273,Y,00114552,도화엔지니어링,소액주주,"15,302","15,313",99.93%,"12,331,762","33,720,000",36.57%,2024-12-31,2024,minority_shareholder
20190401004563,Y,00828789,대성산업,소액주주,"5,984",-,99.65%,"15,199,923",-,33.60%,2018-12-31,2018,minority_shareholder
20200330003823,Y,00828789,대성산업,소액주주,"5,877",-,99.67%,"15,823,133",-,34.98%,2019-12-31,2019,minority_shareholder
20210318000876,Y,00828789,대성산업,소액주주,"5,871","5,895",99.59%,"15,015,672","35,147,871",42.72%,2020-12-31,2020,minority_shareholder
20220317001086,Y,00828789,대성산업,소액주주,"12,442","12,448",99.95%,"19,572,103","36,447,871",53.70%,2021-12-31,2021,minority_shareholder
20230316000896,Y,00828789,대성산업,소액주주,"15,388","15,400",99.92%,"18,315,695","37,460,614",48.89%,2022-12-31,2022,minority_shareholder
20240321001786,Y,00828789,대성산업,소액주주,"14,358","14,378",99.86%,"20,032,046","45,235,478",44.28%,2023-12-31,2023,minority_shareholder
20250320001121,Y,00828789,대성산업,소액주주,"11,368","11,388",99.82%,"18,080,907","45,235,478",39.97%,2024-12-31,2024,minority_shareholder
20190401005121,Y,00360142,아이마켓코리아,소액주주,"7,078",-,99.80%,"13,915,754",-,38.72%,2018-12-31,2018,minority_shareholder
20200402002288,Y,00360142,아이마켓코리아,소액주주,"5,445",-,99.74%,"12,421,109",-,34.56%,2019-12-31,2019,minority_shareholder
20210322000664,Y,00360142,아이마켓코리아,소액주주,"7,030","7,046",99.77%,"11,487,479","31,464,340",36.51%,2020-12-31,2020,minority_shareholder
20220322000751,Y,00360142,아이마켓코리아,소액주주,"17,185","17,196",99.94%,"13,532,495","31,464,340",43.01%,2021-12-31,2021,minority_shareholder
20230322000722,Y,00360142,아이마켓코리아,소액주주,"15,284","15,297",99.92%,"13,107,302","31,464,340",41.66%,2022-12-31,2022,minority_shareholder
20240320001539,Y,00360142,아이마켓코리아,소액주주,"15,302","15,313",99.93%,"13,306,439","31,464,340",42.29%,2023-12-31,2023,minority_shareholder
20250320001632,Y,00360142,아이마켓코리아,소액주주,"14,419","14,431",99.92%,"13,486,456","31,464,340",42.86%,2024-12-31,2024,minority_shareholder
20190329003969,Y,00828497,한미약품,소액주주,"33,336",-,99.98%,"5,000,754",-,43.92%,2018-12-31,2018,minority_shareholder
20200330004799,Y,00828497,한미약품,소액주주,"38,681",-,99.98%,"5,071,668",-,43.67%,2019-12-31,2019,minority_shareholder
20210318001419,Y,00828497,한미약품,소액주주,"52,057","52,065",99.98%,"4,905,426","11,843,029",41.42%,2020-12-31,2020,minority_shareholder
20220316001397,Y,00828497,한미약품,소액주주,"57,979","57,983",99.99%,"4,942,555","12,078,282",40.92%,2021-12-31,2021,minority_shareholder
20230321001525,Y,00828497,한미약품,소액주주,"46,299","46,304",99.99%,"5,583,393","12,317,971",45.33%,2022-12-31,2022,minority_shareholder
20240319000649,Y,00828497,한미약품,소액주주,"41,901","41,952",99.9%,"4,667,145","12,562,158",37.15%,2023-12-31,2023,minority_shareholder
20250318001206,Y,00828497,한미약품,소액주주,"43,193","43,200",99.9%,"4,848,364","12,810,991",37.85%,2024-12-31,2024,minority_shareholder
20190401002947,Y,00173944,우진,소액주주,"5,798",-,"99,69%","7,970,093",-,45.43%,2018-12-31,2018,minority_shareholder
20200330002594,Y,00173944,우진,소액주주,"7,644",-,99.78%,"11,106,594",-,54.98%,2019-12-31,2019,minority_shareholder
20210311000698,Y,00173944,우진,소액주주,"7,888","7,904",99.80%,"11,253,811","20,202,234",55.71%,2020-12-31,2020,minority_shareholder
20220310000376,Y,00173944,우진,소액주주,"22,530","22,545",99.93%,"12,934,147","20,323,614",63.64%,2021-12-31,2021,minority_shareholder
20230316000799,Y,00173944,우진,소액주주,"27,440","27,455",99.95%,"12,512,793","20,323,614",61.57%,2022-12-31,2022,minority_shareholder
20240315000580,Y,00173944,우진,소액주주,"23,973","23,988",99.94%,"12,452,238","20,323,614",61.27%,2023-12-31,2023,minority_shareholder
20250313001154,Y,00173944,우진,소액주주,"21,186","21,202",99.92%,"12,463,024","20,323,614",61.32%,2024-12-31,2024,minority_shareholder
20190401004891,Y,00121543,무학,소액주주,"6,831",-,99.85%,"6,696,588",-,23.50%,2018-12-31,2018,minority_shareholder
20200330004351,Y,00121543,무학,소액주주,"6,973",-,99.81%,"5,501,923",-,19.30%,2019-12-31,2019,minority_shareholder
20210319001404,Y,00121543,무학,소액주주,"6,928","6,939",99.84%,"6,050,613","28,500,000",21.23%,2020-12-31,2020,minority_shareholder
20220318000779,Y,00121543,무학,소액주주,"9,086","9,103",99.81%,"4,539,268","26,486,868",17.14%,2021-12-31,2021,minority_shareholder
20230320000776,Y,00121543,무학,소액주주,"13,252","13,268",99.88%,"6,580,230","26,486,868",24.84%,2022-12-31,2022,minority_shareholder
20240319000693,Y,00121543,무학,소액주주,"11,704","11,720",99.86%,"6,958,886","26,486,868",26.27%,2023-12-31,2023,minority_shareholder
20250324000610,Y,00121543,무학,소액주주,"10,556","10,571",99.85%,"7,183,497","26,486,868",27.12%,2024-12-31,2024,minority_shareholder
20190401002984,Y,00145598,이연제약,소액주주,"5,494",-,99.87%,"5,214,480",-,31.09%,2018-12-31,2018,minority_shareholder
20200330004583,Y,00145598,이연제약,소액주주,"6,036",-,99.88%,"5,694,195",-,33.95%,2019-12-31,2019,minority_shareholder
20210318000279,Y,00145598,이연제약,소액주주,"12,770","12,778",99.94%,"6,107,675","17,562,390",34.78%,2020-12-31,2020,minority_shareholder
20220322000922,Y,00145598,이연제약,소액주주,"31,770","31,779",99.97%,"6,768,453","18,498,577",36.59%,2021-12-31,2021,minority_shareholder
20230323001335,Y,00145598,이연제약,소액주주,"28,564","28,574",99.97%,"6,982,248","18,498,577",37.74%,2022-12-31,2022,minority_shareholder
20240321001807,Y,00145598,이연제약,소액주주,"23,636","23,643",99.97%,"7,553,007","18,586,811",40.64%,2023-12-31,2023,minority_shareholder
20250801000808,Y,00145598,이연제약,소액주주,"23,636","23,643",99.97%,"7,553,007","18,586,811",40.64%,2024-12-31,2024,minority_shareholder
20190401002043,Y,00823429,한국화장품,소액주주,"14,630",-,99.90%,"7,159,393",-,44.55%,2018-12-31,2018,minority_shareholder
20200330003819,Y,00823429,한국화장품,소액주주,"16,516",-,99.91%,"7,232,673",-,45.01%,2019-12-31,2019,minority_shareholder
20210318001289,Y,00823429,한국화장품,소액주주,"22,852","22,865",99.94%,"7,559,454","16,068,000",47.04%,2020-12-31,2020,minority_shareholder
20220812001253,Y,00823429,한국화장품,소액주주,"22,082","22,095",99.94%,"7,559,454","16,068,000",47.04%,2021-12-31,2021,minority_shareholder
20230316001123,Y,00823429,한국화장품,소액주주,"24,438","24,451",99.94%,"7,559,454","16,068,000",47.04%,2022-12-31,2022,minority_shareholder
20240320001545,Y,00823429,한국화장품,소액주주,"22,030","22,044",99.94%,"7,358,318","16,068,000",45.79%,2023-12-31,2023,minority_shareholder
20250320001323,Y,00823429,한국화장품,소액주주,"21,339","21,354",99.93%,"7,342,207","16,068,000",45.70%,2024-12-31,2024,minority_shareholder
20190711000268,Y,00815369,에스제이엠,소액주주,"5,252",-,99.83%,"5,251,791",-,33.65%,2018-12-31,2018,minority_shareholder
20200330003285,Y,00815369,에스제이엠,소액주주,"5,251",-,99.83%,"5,277,459",-,33.82%,2019-12-31,2019,minority_shareholder
20210318001217,Y,00815369,에스제이엠,소액주주,"5,161","5,170",99.82%,"5,277,459","15,604,898",33.82%,2020-12-31,2020,minority_shareholder
20221223000261,Y,00815369,에스제이엠,소액주주,"7,364","7,373",99.88%,"5,582,169","15,604,898",35.77%,2021-12-31,2021,minority_shareholder
20230322000618,Y,00815369,에스제이엠,소액주주,"8,412","8,420",99.90%,"5,737,888","15,604,898",36.77%,2022-12-31,2022,minority_shareholder
20240321001306,Y,00815369,에스제이엠,소액주주,"9,837","9,845",99.92%,"6,909,862","15,604,898",44.28%,2023-12-31,2023,minority_shareholder
20250320000753,Y,00815369,에스제이엠,소액주주,"7,684","7,692",99.90%,"7,003,802","15,604,898",44.88%,2024-12-31,2024,minority_shareholder
20190401004461,Y,00274933,신세계푸드,소액주주,"8,187",-,99.77%,"1,276,769",-,32.97%,2018-12-31,2018,minority_shareholder
20200330004324,Y,00274933,신세계푸드,소액주주,"8,333",-,99.70%,"1,184,920",-,30.60%,2019-12-31,2019,minority_shareholder
20210316001196,Y,00274933,신세계푸드,소액주주,"11,090","11,106",99.86%,"1,200,033","3,872,480",30.99%,2020-12-31,2020,minority_shareholder
20220321000592,Y,00274933,신세계푸드,소액주주,"15,148","15,159",99.92%,"1,447,685","3,872,480",37.44%,2021-12-31,2021,minority_shareholder
20230320000295,Y,00274933,신세계푸드,소액주주,"19,425","19,428",99.94%,"1,519,373","3,872,480",39.24%,2022-12-31,2022,minority_shareholder
20240318000520,Y,00274933,신세계푸드,소액주주,"18,025","18,036",99.94%,"1,530,939","3,872,480",39.53%,2023-12-31,2023,minority_shareholder
20250317000635,Y,00274933,신세계푸드,소액주주,"17,567","17,571",99.98%,"1,575,153","3,872,480",40.68%,2024-12-31,2024,minority_shareholder
20190401002740,Y,00796994,조선선재,소액주주,"2,907",-,99.75%,"364,420",-,28.97%,2018-12-31,2018,minority_shareholder
20200330003464,Y,00796994,조선선재,소액주주,"2,052",-,99.56%,"266,763",-,21.21%,2019-12-31,2019,minority_shareholder
20210318001184,Y,00796994,조선선재,소액주주,"2,940","2,948",99.74%,"241,670","1,043,934",23.15%,2020-12-31,2020,minority_shareholder
20220325000373,Y,00796994,조선선재,소액주주,"4,530","4,536",99.88%,"319,174","1,013,834",31.48%,2021-12-31,2021,minority_shareholder
20230331002546,Y,00796994,조선선재,소액주주,"5,270","5,275",99.92%,"305,427","1,257,651",24.29%,2022-12-31,2022,minority_shareholder
20240321001421,Y,00796994,조선선재,소액주주,"4,460","4,465",99.9%,"317,503","1,257,651",25.26%,2023-12-31,2023,minority_shareholder
20250715000164,Y,00796994,조선선재,소액주주,"3,740","3,747",99.8%,"234,050","1,257,651",18.6%,2024-12-31,2024,minority_shareholder
20190626000374,Y,00795135,코오롱인더,소액주주,"27,191",-,99.93%,"14,318,605",-,53.07%,2018-12-31,2018,minority_shareholder
20200330003955,Y,00795135,코오롱인더,소액주주,"26,887",-,99.95%,"14,079,983",-,52.19%,2019-12-31,2019,minority_shareholder
20210319000459,Y,00795135,코오롱인더,소액주주,"38,013","38,019",99.98%,"14,743,529","26,978,840",54.64%,2020-12-31,2020,minority_shareholder
20220321001478,Y,00795135,코오롱인더,소액주주,"81,952","81,952",99.99%,"1,615,031","27,519,091",58.68%,2021-12-31,2021,minority_shareholder
20230320001068,Y,00795135,코오롱인더,소액주주,"74,904","74,909",99.99%,"16,238,458","27,519,091",59.00%,2022-12-31,2022,minority_shareholder
20240320001923,Y,00795135,코오롱인더,소액주주,"70,795","70,800",99.99%,"15,549,979","27,519,091",56.50%,2023-12-31,2023,minority_shareholder
20250319000318,Y,00795135,코오롱인더,소액주주,"63,966","63,970",99.99%,"16,464,853","27,519,091",59.83%,2024-12-31,2024,minority_shareholder
20190401003359,Y,00797364,KC코트렐,소액주주,"7,265",-,99.97%,"8,286,299",-,63.74%,2018-12-31,2018,minority_shareholder
20200330003083,Y,00797364,KC코트렐,소액주주,"9,238",-,99.96%,"7,914,001",-,60.87%,2019-12-31,2019,minority_shareholder
20210319000997,Y,00797364,KC코트렐,소액주주,"22,003","22,006",99.98%,"8,440,049","13,000,000",64.92%,2020-12-31,2020,minority_shareholder
20220318000863,Y,00797364,KC코트렐,소액주주,"28,087","28,092",99.98%,"11,491,963","17,600,000",65.30%,2021-12-31,2021,minority_shareholder
20230321001429,Y,00797364,KC코트렐,소액주주,"28,773","28,778",99.98%,"23,788,328","34,600,456",68.75%,2022-12-31,2022,minority_shareholder
20240319000590,Y,00797364,KC코트렐,소액주주,"31,872","31,878",99.98%,"35,282,173","50,935,430",69.27%,2023-12-31,2023,minority_shareholder
20260423000742,Y,00797364,KC코트렐,소액주주,"26,907","26,910",99.99%,"37,253,966","64,214,329",58.02%,2024-12-31,2024,minority_shareholder
20190711000374,Y,00159698,지역난방공사,소액주주,"8,750",-,99.6%,"1,953,782",-,16.9%,2018-12-31,2018,minority_shareholder
20200330002710,Y,00159698,지역난방공사,소액주주,"7,714",-,99.71%,"1,900,337",-,16.41%,2019-12-31,2019,minority_shareholder
20210322001012,Y,00159698,지역난방공사,소액주주,"8,373","8,379",99.93%,"2,171,901","11,578,744",18.76%,2020-12-31,2020,minority_shareholder
20220322000684,Y,00159698,지역난방공사,소액주주,"8,657","8,663",99.93%,"2,184,448","11,578,744",18.87%,2021-12-31,2021,minority_shareholder
20230322000036,Y,00159698,지역난방공사,소액주주,"8,784","8,790",99.93%,"2,172,632","11,578,744",18.76%,2022-12-31,2022,minority_shareholder
20240321001996,Y,00159698,지역난방공사,소액주주,"8,038","8,043",99.93%,"2,316,901","11,578,744",20.01%,2023-12-31,2023,minority_shareholder
20250327000192,Y,00159698,지역난방공사,소액주주,"5,864","5,870",99.90%,"2,161,171","11,578,744",18.66%,2024-12-31,2024,minority_shareholder
20190401003972,Y,00141477,영흥,소액주주,"6,724",-,99.93%,"27,392,785",-,31.92%,2018-12-31,2018,minority_shareholder
20200330001700,Y,00141477,영흥,소액주주,"6,071",-,99.90%,"27,342,968",-,31.86%,2019-12-31,2019,minority_shareholder
20210322000539,Y,00141477,영흥,소액주주,"6,027","6,034",99.88%,"29,029,701","60,925,506",47.65%,2020-12-31,2020,minority_shareholder
20220321000602,Y,00141477,영흥,소액주주,"10,072","10,077",99.95%,"41,152,729","101,310,372",40.62%,2021-12-31,2021,minority_shareholder
20230323001061,Y,00141477,영흥,소액주주,"9,315","9,321",99.94%,"42,854,325","101,310,372",42.3%,2022-12-31,2022,minority_shareholder
20240321000794,Y,00141477,영흥,소액주주,"8,322","8,328",99.93%,"42,917,203","101,310,372",42.36%,2023-12-31,2023,minority_shareholder
20250328001676,Y,00141477,영흥,소액주주,"7,164","7,169",99.93%,"42,630,782","101,310,372",42.08%,2024-12-31,2024,minority_shareholder
20190401003995,Y,00791209,메타케어,소액주주,"16,295",-,99.98%,"19,913,447",-,81.96%,2018-12-31,2018,minority_shareholder
20200330004337,Y,00791209,메타케어,소액주주,"13,470",-,99.99%,"29,842,745",-,84.95%,2019-12-31,2019,minority_shareholder
20210317001108,Y,00791209,메타케어,소액주주,"23,606","23,607",99%,"50,399,433","53,560,160",94.1%,2020-12-31,2020,minority_shareholder
20220816001524,Y,00791209,메타케어,소액주주,"29,182","29,184",99.99%,"75,329,823","81,323,412",92.63%,2021-12-31,2021,minority_shareholder
20230322000954,Y,00791209,메타케어,소액주주,"28,130","28,135",99.98%,"78,711,395","106,987,815",73.57%,2022-12-31,2022,minority_shareholder
20240320001430,Y,00791209,메타케어,소액주주,"25,757","25,759",99.99%,"86,853,563","153,888,475",56.44%,2023-12-31,2023,minority_shareholder
20250320001573,Y,00791209,메타케어,소액주주,"25,757","25,759",99.99%,"88,163,550","164,777,364",53.50%,2024-12-31,2024,minority_shareholder
20200330003484,Y,00159209,한전기술,소액주주,"17,470",-,99.96%,"9,584,941",-,25.08%,2018-12-31,2018,minority_shareholder
20200330002349,Y,00159209,한전기술,소액주주,"17,833",-,99.97%,"10,478,950",-,27.41%,2019-12-31,2019,minority_shareholder
20210322000901,Y,00159209,한전기술,소액주주,"20,196","20,200",99.98%,"11,148,948","38,220,000",29.17%,2020-12-31,2020,minority_shareholder
20220321000881,Y,00159209,한전기술,소액주주,"52,830","52,833",99.99%,"8,986,554","38,043,505",23.62%,2021-12-31,2021,minority_shareholder
20230321000487,Y,00159209,한전기술,소액주주,"66,221","66,253",99.99%,"9,621,567","38,043,505",23.62%,2022-12-31,2022,minority_shareholder
20240320001238,Y,00159209,한전기술,소액주주,"46,215","46,247",99.9%,"8,457,020","38,043,505",22.23%,2023-12-31,2023,minority_shareholder
20250814001076,Y,00159209,한전기술,소액주주,"54,642","54,683",99.9%,"10,569,210","38,043,505",27.78%,2024-12-31,2024,minority_shareholder
20190705000387,Y,00557508,GKL,소액주주,"15,166",-,99.96%,"24,859,429",-,40.18%,2018-12-31,2018,minority_shareholder
20200330001284,Y,00557508,GKL,소액주주,"16,347",-,99.98%,"16,957,280",-,27.41%,2019-12-31,2019,minority_shareholder
20210317000681,Y,00557508,GKL,소액주주,"25,091","25,096",99.99%,"24,111,864","61,855,670",38.99%,2020-12-31,2020,minority_shareholder
20220321000040,Y,00557508,GKL,소액주주,"38,835","38,838",99.99%,"25,837,819","61,855,670",41.77%,2021-12-31,2021,minority_shareholder
20230713000041,Y,00557508,GKL,소액주주,"25,068","25,072",99.99%,"25,231,609","61,855,670",40.80%,2022-12-31,2022,minority_shareholder
20240320000077,Y,00557508,GKL,소액주주,"24,874","24,879",99.9%,"23,298,017","61,855,670",37.7%,2023-12-31,2023,minority_shareholder
20250328001704,Y,00557508,GKL,소액주주,"23,118","23,124",99.9%,"23,345,909","61,855,670",37.7%,2024-12-31,2024,minority_shareholder
20190329004157,Y,00218575,황금에스티,소액주주,"6,042",-,99.87%,"6,112,471",-,43.66%,2018-12-31,2018,minority_shareholder
20220224003906,Y,00218575,황금에스티,소액주주,"5,925","5,931",99.90%,"6,203,824","14,000,000",44.31%,2019-12-31,2019,minority_shareholder
20220224004228,Y,00218575,황금에스티,소액주주,"7,604","7,609",99.94%,"6,420,861","14,000,000",45.86%,2020-12-31,2020,minority_shareholder
20220321000623,Y,00218575,황금에스티,소액주주,"12,758","12,764",99.95%,"7,147,989","16,000,000",44.68%,2021-12-31,2021,minority_shareholder
20230320000391,Y,00218575,황금에스티,소액주주,"13,973","13,978",99.96%,"7,435,293","17,000,000",43.74%,2022-12-31,2022,minority_shareholder
20240320000874,Y,00218575,황금에스티,소액주주,"12,315","12,320",99.96%,"7,787,444","17,000,000",45.81%,2023-12-31,2023,minority_shareholder
20250318001129,Y,00218575,황금에스티,소액주주,"10,955","10,960",99.95%,"7,787,444","17,000,000",45.81%,2024-12-31,2024,minority_shareholder
20190613000344,Y,00369833,유니온머티리얼,소액주주,"4,275",-,99.81%,"10,801,099",-,25.72%,2018-12-31,2018,minority_shareholder
20200330002957,Y,00369833,유니온머티리얼,소액주주,"7,234",-,99.92%,"12,186,847",-,29.02%,2019-12-31,2019,minority_shareholder
20210324000592,Y,00369833,유니온머티리얼,소액주주,"24,886","24,889",99.99%,"20,826,276","42,000,000",49.59%,2020-12-31,2020,minority_shareholder
20220316001172,Y,00369833,유니온머티리얼,소액주주,"28,400","28,403",99.99%,"20,826,276","42,000,000",49.59%,2021-12-31,2021,minority_shareholder
20230324001267,Y,00369833,유니온머티리얼,소액주주,"27,671","27,674",99.99%,"20,852,750","42,000,000",49.65%,2022-12-31,2022,minority_shareholder
20240320001765,Y,00369833,유니온머티리얼,소액주주,"36,745","36,748",99.99%,"24,037,456","42,000,000",57.24%,2023-12-31,2023,minority_shareholder
20250319000740,Y,00369833,유니온머티리얼,소액주주,"30,256","30,258",99.99%,"24,700,000","42,000,000",58.81%,2024-12-31,2024,minority_shareholder
20180928000437,Y,00441243,형지엘리트,소액주주,"7,640",-,99.91%,"9,087,829",-,47.44%,2018-06-30,2018,minority_shareholder
20200130000570,Y,00441243,형지엘리트,소액주주,-,-,-,-,-,-,2019-06-30,2019,minority_shareholder
20200928000301,Y,00441243,형지엘리트,소액주주,"7,514","7,518",99.95%,"20,136,616","31,154,798",64.63%,2020-06-30,2020,minority_shareholder
20211006000667,Y,00441243,형지엘리트,소액주주,"20,725","20,729",99.99%,"20,136,616","31,154,798",64.63%,2021-06-30,2021,minority_shareholder
20220920000352,Y,00441243,형지엘리트,소액주주,"14,809","14,816",99.99%,"19,565,260","31,154,798",62.80%,2022-06-30,2022,minority_shareholder
20230919000174,Y,00441243,형지엘리트,소액주주,"14,611","14,616",99.97%,"19,621,816","31,154,798",62.98%,2023-06-30,2023,minority_shareholder
20240920000129,Y,00441243,형지엘리트,소액주주,"12,651","12,657",99.95%,"19,761,464","31,154,798",63.53%,2024-06-30,2024,minority_shareholder
20190401004682,Y,00776820,영원무역,소액주주,"7,212",-,99.76%,"15,506,313",-,34.99%,2018-12-31,2018,minority_shareholder
20200330003523,Y,00776820,영원무역,소액주주,"8,020",-,99.81%,"15,790,288",-,35.63%,2019-12-31,2019,minority_shareholder
20210323001006,Y,00776820,영원무역,소액주주,"16,309","16,323",99.91%,"11,903,867","43,866,061",27.14%,2020-12-31,2020,minority_shareholder
20220321001405,Y,00776820,영원무역,소액주주,"15,066","15,115",99.68%,"13,098,669","43,866,061",29.86%,2021-12-31,2021,minority_shareholder
20230321001365,Y,00776820,영원무역,소액주주,"14,273","14,320",99.67%,"15,894,418","43,866,061",36.23%,2022-12-31,2022,minority_shareholder
20240401004267,Y,00776820,영원무역,소액주주,"17,047","17,089",99.75%,"13,145,305","43,866,061",29.97%,2023-12-31,2023,minority_shareholder
20250321001998,Y,00776820,영원무역,소액주주,"13,626","13,668",99.69%,"11,119,621","42,750,049",26.01%,2024-12-31,2024,minority_shareholder
20190328001511,Y,00413523,한미글로벌,소액주주,"5,443",-,99.76%,"5,858,883",-,53.47%,2018-12-31,2018,minority_shareholder
20200330003518,Y,00413523,한미글로벌,소액주주,"6,286",-,99.75%,"5,747,416",-,52.45%,2019-12-31,2019,minority_shareholder
20210326001219,Y,00413523,한미글로벌,소액주주,"7,241","7,252",99.85%,"5,320,952","10,957,550",48.56%,2020-12-31,2020,minority_shareholder
20220816000695,Y,00413523,한미글로벌,소액주주,"11,221","11,231",99.91%,"5,938,986","100,957,550",54.2%,2021-12-31,2021,minority_shareholder
20230316001135,Y,00413523,한미글로벌,소액주주,"31,679","31,684",99.98%,"7,345,625","10,957,550",67.0%,2022-12-31,2022,minority_shareholder
20240313000849,Y,00413523,한미글로벌,소액주주,"28,106","28,117",99.96%,"7,576,667","10,957,550",69.15%,2023-12-31,2023,minority_shareholder
20250814003308,Y,00413523,한미글로벌,소액주주,"26,152","26,167",99.94%,"7,556,467","10,957,550",68.96%,2024-12-31,2024,minority_shareholder
20190401003498,Y,00178754,동아지질,소액주주,"9,053",-,99.85%,"5,630,997",-,48.96%,2018-12-31,2018,minority_shareholder
20200605000203,Y,00178754,동아지질,소액주주,"8,323",-,99.86%,"5,879,710",-,51.13%,2019-12-31,2019,minority_shareholder
20210317000479,Y,00178754,동아지질,소액주주,"9,615","9,628",99.86%,"5,531,454","11,300,000",48.95%,2020-12-31,2020,minority_shareholder
20220315001251,Y,00178754,동아지질,소액주주,"12,074","12,086",99.92%,"5,699,288","11,500,000",49.57%,2021-12-31,2021,minority_shareholder
20230320001020,Y,00178754,동아지질,소액주주,"11,203","11,214",99.9%,"5,889,705","14,052,646",41.9%,2022-12-31,2022,minority_shareholder
20240320001574,Y,00178754,동아지질,소액주주,"10,079","10,090",99.9%,"5,804,323","14,052,646",41.3%,2023-12-31,2023,minority_shareholder
20250814003141,Y,00178754,동아지질,소액주주,"9,377","9,387",99.9%,"5,300,612","13,389,502",39.59%,2024-12-31,2024,minority_shareholder
20191120000307,Y,00406046,HD현대마린엔진,소액주주,"12,152",-,99.95%,"2,966,672",-,10.56%,2018-12-31,2018,minority_shareholder
20210322000831,Y,00406046,HD현대마린엔진,소액주주,"11,774",-,99.97%,"6,616,550",-,23.56%,2019-12-31,2019,minority_shareholder
20210331002863,Y,00406046,HD현대마린엔진,소액주주,"16,276","16,278",99.99%,"9,439,979","28,365,954",33.28%,2020-12-31,2020,minority_shareholder
20220727000136,Y,00406046,HD현대마린엔진,소액주주,"32,218","32,220",99.99%,"14,802,954","28,365,954",52.19%,2021-12-31,2021,minority_shareholder
20230712000453,Y,00406046,HD현대마린엔진,소액주주,"29,020","29,022",99.99%,"14,818,020","28,381,042",52.21%,2022-12-31,2022,minority_shareholder
20240411003898,Y,00406046,HD현대마린엔진,소액주주,"20,741","20,745",99.98%,"13,418,412","28,552,647",47.00%,2023-12-31,2023,minority_shareholder
20250317000801,Y,00406046,HD현대마린엔진,소액주주,"25,842","25,850",99.97%,"17,619,500","33,921,473",51.94%,2024-12-31,2024,minority_shareholder
20190401004159,Y,00759513,LX하우시스,소액주주,"21,970",-,95.70%,"5,964,015",-,59.64%,2018-12-31,2018,minority_shareholder
20200330003717,Y,00759513,LX하우시스,소액주주,"19,379",-,95.43%,"5,999,826",-,59.98%,2019-12-31,2019,minority_shareholder
20210317000838,Y,00759513,LX하우시스,소액주주,"20,332","21,324",95.3%,"5,877,111","10,000,000",58.8%,2020-12-31,2020,minority_shareholder
20220316001343,Y,00759513,LX하우시스,소액주주,"36,263","37,512",96.67%,"6,703,658","10,000,000",67.04%,2021-12-31,2021,minority_shareholder
20230316001540,Y,00759513,LX하우시스,소액주주,"38,777","40,113",96.67%,"6,598,931","10,000,000",65.99%,2022-12-31,2022,minority_shareholder
20240314001786,Y,00759513,LX하우시스,소액주주,"32,563","33,724",96.56%,"6,619,731","10,000,000",66.20%,2023-12-31,2023,minority_shareholder
20250318001456,Y,00759513,LX하우시스,소액주주,"25,891","25,898",99.9%,"5,428,102","8,967,670",60.5%,2024-12-31,2024,minority_shareholder
20190329003830,Y,00728638,한세실업,소액주주,"12,618",-,99.83%,"10,307,891",-,25.77%,2018-12-31,2018,minority_shareholder
20200330004438,Y,00728638,한세실업,소액주주,"10,503",-,99.84%,"10,224,808",-,25.56%,2019-12-31,2019,minority_shareholder
20211112000526,Y,00728638,한세실업,소액주주,"14,334","14,348",99.90%,"11,220,010","39,239,470",28.59%,2020-12-31,2020,minority_shareholder
20220324000782,Y,00728638,한세실업,소액주주,"23,187","23,200",99.94%,"11,245,986","39,239,470",28.66%,2021-12-31,2021,minority_shareholder
20230320000937,Y,00728638,한세실업,소액주주,"27,520","27,535",99.95%,"11,525,468","39,239,470",29.37%,2022-12-31,2022,minority_shareholder
20240320000621,Y,00728638,한세실업,소액주주,"15,977","15,990",99.92%,"8,591,439","39,382,839",21.82%,2023-12-31,2023,minority_shareholder
20250318000934,Y,00728638,한세실업,소액주주,"16,362","16,374",99.93%,"7,873,016","393,382,839",19.99%,2024-12-31,2024,minority_shareholder
20191128000368,Y,00753643,주성코퍼레이션,소액주주,"10,675",-,99.96%,"9,373,655",-,77.98%,2018-12-31,2018,minority_shareholder
20200330004804,Y,00753643,주성코퍼레이션,소액주주,"10,819",-,99.99%,"28,797,648",-,93.57%,2019-12-31,2019,minority_shareholder
20210315000950,Y,00753643,주성코퍼레이션,소액주주,-,-,-,-,-,-,2020-12-31,2020,minority_shareholder
20220321001098,Y,00753643,주성코퍼레이션,소액주주,"7,991","8,006",99.81%,"9,021,597","17,549,275",51.41%,2021-12-31,2021,minority_shareholder
20230320000670,Y,00753643,주성코퍼레이션,소액주주,"8,100","8,114",99.82%,"21,146,083","36,810,230",57.42%,2022-12-31,2022,minority_shareholder
20240320001116,Y,00753643,주성코퍼레이션,소액주주,"8,104","8,113",99.88%,"22,715,402","52,810,230",43.01%,2023-12-31,2023,minority_shareholder
20250318000167,Y,00753643,주성코퍼레이션,소액주주,"8,112","8,119",99.91%,"22,654,419","52,810,230",42.90%,2024-12-31,2024,minority_shareholder
20190401004489,Y,00266961,NAVER,소액주주,"63,824",-,99.89%,"101,710,190",-,61.71%,2018-12-31,2018,minority_shareholder
20200330004603,Y,00266961,NAVER,소액주주,"43,622",-,99.83%,"96,927,861",-,53.80%,2019-12-31,2019,minority_shareholder
20210316001214,Y,00266961,NAVER,소액주주,"426,807","426,870",99.99%,"104,842,681","164,263,395",63.83%,2020-12-31,2020,minority_shareholder
20220304000687,Y,00266961,NAVER,소액주주,"785,881","785,946",99.99%,"109,848,427","164,049,085",66.96%,2021-12-31,2021,minority_shareholder
20230314001049,Y,00266961,NAVER,소액주주,"1,051,608","1,051,680",99.9%,"109,027,566","164,049,085",66.47%,2022-12-31,2022,minority_shareholder
20240318000844,Y,00266961,NAVER,소액주주,"954,157","954,225",99.99%,"114,359,250","162,408,594",70.41%,2023-12-31,2023,minority_shareholder
20250318000645,Y,00266961,NAVER,소액주주,"907,390","907,459",99.99%,"117,100,594","158,437,008",73.91%,2024-12-31,2024,minority_shareholder
20190618000123,Y,00123781,부국철강,소액주주,"4,334",-,99.6%,"6,426,241",-,32.15%,2018-12-31,2018,minority_shareholder
20200330002009,Y,00123781,부국철강,소액주주,"4,889",-,99.78%,"9,312,500",-,46.56%,2019-12-31,2019,minority_shareholder
20210318000880,Y,00123781,부국철강,소액주주,"6,837","6,848",99.84%,"8,672,457","20,000,000",43.36%,2020-12-31,2020,minority_shareholder
20220317000378,Y,00123781,부국철강,소액주주,"13,181","13,192",99.92%,"8,706,102","20,000,000",43.53%,2021-12-31,2021,minority_shareholder
20230323000263,Y,00123781,부국철강,소액주주,"15,626","15,637",99.93%,"8,948,437","20,000,000",44.74%,2022-12-31,2022,minority_shareholder
20240321000615,Y,00123781,부국철강,소액주주,"15,813","15,824",99.93%,"8,919,842","20,000,000",44.60%,2023-12-31,2023,minority_shareholder
20250320000887,Y,00123781,부국철강,소액주주,"12,188","12,198",99.9%,"9,666,621","20,000,000",48.33%,2024-12-31,2024,minority_shareholder
20190401002449,Y,00687711,한국철강,소액주주,"4,205",-,99.73%,"12,200,486",-,26.49%,2018-12-31,2018,minority_shareholder
20200330003164,Y,00687711,한국철강,소액주주,"4,760",-,99.62%,"12,993,168",-,28.22%,2019-12-31,2019,minority_shareholder
20210318001094,Y,00687711,한국철강,소액주주,"6,621","6,634",99.8%,"13,844,530","46,050,000",30.1%,2020-12-31,2020,minority_shareholder
20220412002260,Y,00687711,한국철강,소액주주,"13,081","13,084",99.97%,"15,031,972","46,050,000",32.64%,2021-12-31,2021,minority_shareholder
20230324001254,Y,00687711,한국철강,소액주주,"14,421","14,431",99.93%,"12,729,782","42,450,000",29.99%,2022-12-31,2022,minority_shareholder
20240314001739,Y,00687711,한국철강,소액주주,"13,380","13,389",99.93%,"14,111,248","42,450,000",33.24%,2023-12-31,2023,minority_shareholder
20250320001288,Y,00687711,한국철강,소액주주,"7,422","7,433",99.85%,"7,378,040","36,450,000",20.24%,2024-12-31,2024,minority_shareholder
20190814001579,Y,00683469,일진전기,소액주주,"10,279",-,99.95%,"13,727,556",-,37.02%,2018-12-31,2018,minority_shareholder
20200330001169,Y,00683469,일진전기,소액주주,"10,105",-,99.95%,"13,652,512",-,36.82%,2019-12-31,2019,minority_shareholder
20210329000663,Y,00683469,일진전기,소액주주,"10,622","10,629",99.93%,"14,028,699","37,080,390",37.83%,2020-12-31,2020,minority_shareholder
20220317001272,Y,00683469,일진전기,소액주주,"22,299","22,302",99.99%,"14,421,047","37,080,390",38.89%,2021-12-31,2021,minority_shareholder
20230315000560,Y,00683469,일진전기,소액주주,"19,946","19,950",99.98%,"13,779,759","37,080,390",37.16%,2022-12-31,2022,minority_shareholder
20240313001767,Y,00683469,일진전기,소액주주,"18,806","18,812",99.97%,"12,140,870","37,080,390",32.74%,2023-12-31,2023,minority_shareholder
20250312000485,Y,00683469,일진전기,소액주주,-,-,-,-,-,-,2024-12-31,2024,minority_shareholder
20190401004382,Y,00684714,풍산,소액주주,"21,714",-,99.85%,"12,837,212",-,45.81%,2018-12-31,2018,minority_shareholder
20200330003480,Y,00684714,풍산,소액주주,"22,595",-,99.87%,"12,367,268",-,44.13%,2019-12-31,2019,minority_shareholder
20210318001187,Y,00684714,풍산,소액주주,"31,858","31,889",99.90%,"13,450,780","28,012,571",48.02%,2020-12-31,2020,minority_shareholder
20220317001197,Y,00684714,풍산,소액주주,"74,467","74,473",99.99%,"15,520,807","28,012,571",55.41%,2021-12-31,2021,minority_shareholder
20230316001467,Y,00684714,풍산,소액주주,"68,821","68,828",99.99%,"14,809,001","27,314,278",54.22%,2022-12-31,2022,minority_shareholder
20240314001650,Y,00684714,풍산,소액주주,"50,659","50,688",99.94%,"13,439,273","27,314,278",49.20%,2023-12-31,2023,minority_shareholder
20250313001378,Y,00684714,풍산,소액주주,"54,558","54,593",99.94%,"13,595,386","27,314,278",49.77%,2024-12-31,2024,minority_shareholder
20190401003412,Y,00105961,LG이노텍,소액주주,"40,038",-,99.97%,"11,629,890",-,49.14%,2018-12-31,2018,minority_shareholder
20200330004348,Y,00105961,LG이노텍,소액주주,"23,791",-,99.95%,"11,331,430",-,47.86%,2019-12-31,2019,minority_shareholder
20210310001053,Y,00105961,LG이노텍,소액주주,"41,961","41,967",99.99%,"11,881,965","23,664,507",50.21%,2020-12-31,2020,minority_shareholder
20220222003015,Y,00105961,LG이노텍,소액주주,"72,186","72,191",99.99%,"12,961,617","23,664,507",54.78%,2021-12-31,2021,minority_shareholder
20230222002549,Y,00105961,LG이노텍,소액주주,"119,105","119,112",99.99%,"12,765,551","23,667,107",53.94%,2022-12-31,2022,minority_shareholder
20240228008553,Y,00105961,LG이노텍,소액주주,"114,498","114,504",99.99%,"12,965,555","23,667,107",54.78%,2023-12-31,2023,minority_shareholder
20250318001384,Y,00105961,LG이노텍,소액주주,"107,790","107,797",99.99%,"12,767,928","23,667,107",53.95%,2024-12-31,2024,minority_shareholder
20190814000367,Y,00121039,명문제약,소액주주,"20,083",-,99.98%,"17,593,063",-,71.57%,2018-12-31,2018,minority_shareholder
20200331001577,Y,00121039,명문제약,소액주주,"19,446",-,99.99%,"18,013,480",-,73.40%,2019-12-31,2019,minority_shareholder
20210419000320,Y,00121039,명문제약,소액주주,"41,032","41,035",99.99%,"25,797,367","33,953,454",75.98%,2020-12-31,2020,minority_shareholder
20220331000338,Y,00121039,명문제약,소액주주,"28,891","28,902",99.96%,"25,127,133","33,953,454",74.00%,2021-12-31,2021,minority_shareholder
20240412002739,Y,00121039,명문제약,소액주주,"27,009","27,022",99.95%,"24,964,231","33,953,454",73.52%,2022-12-31,2022,minority_shareholder
20240412001340,Y,00121039,명문제약,소액주주,"24,188","24,190",99.93%,"24,285,538","33,953,454",71.53%,2023-12-31,2023,minority_shareholder
20250326000618,Y,00121039,명문제약,소액주주,"22,507","22,510",99.99%,"25,795,273","33,953,454",75.97%,2024-12-31,2024,minority_shareholder
20190624000211,Y,00520887,비상교육,소액주주,"5,083",-,99.86%,"5,212,184",-,40.10%,2018-12-31,2018,minority_shareholder
20200330001391,Y,00520887,비상교육,소액주주,"4,657",-,99.42%,"5,901,528",-,45.41%,2019-12-31,2019,minority_shareholder
20210514000152,Y,00520887,비상교육,소액주주,"6,858","6,865",99.89%,"5,140,363","12,996,741",39.55%,2020-12-31,2020,minority_shareholder
20220712000315,Y,00520887,비상교육,소액주주,"9,628","9,652",99.75%,"4,939,065","12,996,741",38.00%,2021-12-31,2021,minority_shareholder
20230323001405,Y,00520887,비상교육,소액주주,"9,906","9,925",99.81%,"5,047,516","12,996,741",38.84%,2022-12-31,2022,minority_shareholder
20240321001759,Y,00520887,비상교육,소액주주,"9,898","9,920",99.78%,"4,714,289","12,996,741",36.27%,2023-12-31,2023,minority_shareholder
20250320001015,Y,00520887,비상교육,소액주주,"7,685","7,697",99.84%,"5,219,213","12,996,741",40.16%,2024-12-31,2024,minority_shareholder
20190724000555,Y,00679314,동성케미컬,소액주주,"4,895",-,99.70%,"17,293,205",-,38.05%,2018-12-31,2018,minority_shareholder
20200330002131,Y,00679314,동성케미컬,소액주주,"4,673",-,99.63%,"17,170,620",-,37.77%,2019-12-31,2019,minority_shareholder
20210316001031,Y,00679314,동성케미컬,소액주주,"5,167","5,180",99.78%,"17,534,270","43,993,012",39.88%,2020-12-31,2020,minority_shareholder
20220527000618,Y,00679314,동성케미컬,소액주주,"9,726","9,734",99.9%,"25,382,685","49,689,728",51.08%,2021-12-31,2021,minority_shareholder
20230330001763,Y,00679314,동성케미컬,소액주주,"8,975","8,989",99.84%,"23,684,366","49,689,728",47.67%,2022-12-31,2022,minority_shareholder
20240321001503,Y,00679314,동성케미컬,소액주주,"11,054","11,064",99.91%,"25,465,314","49,689,728",51.25%,2023-12-31,2023,minority_shareholder
20250515001393,Y,00679314,동성케미컬,소액주주,"10,449","10,458",99.94%,"26,075,887","49,689,728",52.49%,2024-12-31,2024,minority_shareholder
20190401004240,Y,00231363,LG유플러스,소액주주,-,-,-,-,-,-,2018-12-31,2018,minority_shareholder
20200330004215,Y,00231363,LG유플러스,소액주주,"52,279",-,99.98%,"219,636,297",-,50.29%,2019-12-31,2019,minority_shareholder
20210304000627,Y,00231363,LG유플러스,소액주주,"95,258","95,258",99.99%,"215,243,322","436,611,361",49.30%,2020-12-31,2020,minority_shareholder
20220303000725,Y,00231363,LG유플러스,소액주주,"151,231","151,242",99.99%,"228,427,728","436,611,361",52.32%,2021-12-31,2021,minority_shareholder
20230302000615,Y,00231363,LG유플러스,소액주주,"128,143","128,153",99.99%,"229,802,340","436,611,361",52.65%,2022-12-31,2022,minority_shareholder
20240313001130,Y,00231363,LG유플러스,소액주주,"125,712","125,725",99.98%,"205,533,800","436,611,361",47.07%,2023-12-31,2023,minority_shareholder
20250317000701,Y,00231363,LG유플러스,소액주주,"118,846","118,857",99.99%,"219,866,376","436,611,361",50.37%,2024-12-31,2024,minority_shareholder
20190329003128,Y,00652423,인바이오젠,소액주주,"5,234",-,99.81%,"17,527,010",-,60.44%,2018-12-31,2018,minority_shareholder
20200330004789,Y,00652423,인바이오젠,소액주주,"5,255",-,99.9%,"18,149,455",-,45.76%,2019-12-31,2019,minority_shareholder
20210323000375,Y,00652423,인바이오젠,소액주주,"18,307","18,314",99.96%,"34,797,426","51,561,397",67.48%,2020-12-31,2020,minority_shareholder
20220321000875,Y,00652423,인바이오젠,소액주주,"26,528","26,534",99.98%,"40,671,801","69,330,402",58.66%,2021-12-31,2021,minority_shareholder
20250110000571,Y,00652423,인바이오젠,소액주주,"25,646","25,649",99.99%,"42,411,992","148,971,438",28.47%,2022-12-31,2022,minority_shareholder
20250110000648,Y,00652423,인바이오젠,소액주주,"19,445","19,446",99.99%,"2,120,557","10,044,216",21.11%,2023-12-31,2023,minority_shareholder
20250321001009,Y,00652423,인바이오젠,소액주주,"19,425","19,426",99.99%,"2,120,557","10,044,216",21.11%,2024-12-31,2024,minority_shareholder
20190401003481,Y,00138792,아시아나항공,소액주주,-,-,-,-,-,-,2018-12-31,2018,minority_shareholder
20200330003868,Y,00138792,아시아나항공,소액주주,"114,267",-,99.99%,"126,116,870",-,56.50%,2019-12-31,2019,minority_shareholder
20210331000044,Y,00138792,아시아나항공,소액주주,"170,068","170,070",99.99%,"43,317,945","74,411,764",58.21%,2020-12-31,2020,minority_shareholder
20220322001012,Y,00138792,아시아나항공,소액주주,"184,098","184,102",99.99%,"38,200,709","74,411,764",51.34%,2021-12-31,2021,minority_shareholder
20230829000707,Y,00138792,아시아나항공,소액주주,"178,992","178,996",99.99%,"40,758,672","74,411,764",54.77%,2022-12-31,2022,minority_shareholder
20240325000904,Y,00138792,아시아나항공,소액주주,"160,604","160,609",99.99%,"39,391,346","74,411,764",52.94%,2023-12-31,2023,minority_shareholder
20250318000756,Y,00138792,아시아나항공,소액주주,"145,893","145,897",99.99%,"40,797,128","205,990,711",19.81%,2024-12-31,2024,minority_shareholder
20190228005250,Y,00648721,SNT에너지,소액주주,"3,063",-,99.74%,"2,048,919",-,28.08%,2018-12-31,2018,minority_shareholder
20200302000169,Y,00648721,SNT에너지,소액주주,"3,246",-,99.72%,"2,216,532",-,29.53%,2019-12-31,2019,minority_shareholder
20210218000901,Y,00648721,SNT에너지,소액주주,"3,449","3,456",99.80%,"1,961,161","7,506,711",26.13%,2020-12-31,2020,minority_shareholder
20220218001091,Y,00648721,SNT에너지,소액주주,"6,245","6,251",99.90%,"1,898,545","6,587,036",28.82%,2021-12-31,2021,minority_shareholder
20230220001550,Y,00648721,SNT에너지,소액주주,"8,190","8,197",99.91%,"1,786,869","6,587,036",27.13%,2022-12-31,2022,minority_shareholder
20240221001901,Y,00648721,SNT에너지,소액주주,"7,127","7,134",99.90%,"1,690,796","6,587,036",25.67%,2023-12-31,2023,minority_shareholder
20250220001320,Y,00648721,SNT에너지,소액주주,"8,468","8,475",99.92%,"5,506,373","19,761,108",27.86%,2024-12-31,2024,minority_shareholder
20190401001508,Y,00646732,진양홀딩스,소액주주,"5,987",-,99.83%,"19,616,221",-,35.09%,2018-12-31,2018,minority_shareholder
20200330001692,Y,00646732,진양홀딩스,소액주주,"6,012",-,99.8%,"20,715,629",-,37.06%,2019-12-31,2019,minority_shareholder
20210311000742,Y,00646732,진양홀딩스,소액주주,"6,118","6,128",99%,"19,614,866","55,895,292",35.09%,2020-12-31,2020,minority_shareholder
20220310001006,Y,00646732,진양홀딩스,소액주주,"7,467","7,476",99.9%,"19,614,223","55,895,292",35.09%,2021-12-31,2021,minority_shareholder
20230309000841,Y,00646732,진양홀딩스,소액주주,"7,692","7,700",99.9%,"18,336,919","55,895,292",32.80%,2022-12-31,2022,minority_shareholder
20240307000537,Y,00646732,진양홀딩스,소액주주,"7,694","7,702",99.9%,"18,307,285","55,895,292",32.7%,2023-12-31,2023,minority_shareholder
20250306000676,Y,00646732,진양홀딩스,소액주주,"7,402","7,410",99.89%,"18,284,613","55,895,292",32.72%,2024-12-31,2024,minority_shareholder
20190620000075,Y,00172228,엔케이,소액주주,"20,350",-,99.97%,"58,152,543",-,72.71%,2018-12-31,2018,minority_shareholder
20200327000491,Y,00172228,엔케이,소액주주,"16,669",-,99.95%,"58,152,543",-,72.71%,2019-12-31,2019,minority_shareholder
20210322000476,Y,00172228,엔케이,소액주주,"16,671","16,679",99.95%,"58,152,543","79,983,352",72.71%,2020-12-31,2020,minority_shareholder
20220712000231,Y,00172228,엔케이,소액주주,"17,647","17,652",99.97%,"60,158,868","79,983,352",75.21%,2021-12-31,2021,minority_shareholder
20230322000525,Y,00172228,엔케이,소액주주,"16,890","16,895",99.97%,"59,449,938","79,983,352",74.33%,2022-12-31,2022,minority_shareholder
20240320000476,Y,00172228,엔케이,소액주주,"14,833","14,838",99.97%,"57,585,881","79,983,352",72.00%,2023-12-31,2023,minority_shareholder
20250319000323,Y,00172228,엔케이,소액주주,"13,747","13,753",99.96%,"56,847,345","79,983,352",71.00%,2024-12-31,2024,minority_shareholder
20190401003853,Y,00159218,한전KPS,소액주주,"22,224",-,99.98%,"17,944,128",-,39.88%,2018-12-31,2018,minority_shareholder
20200406002229,Y,00159218,한전KPS,소액주주,"19,876",-,99.99%,"19,069,403",-,42.39%,2019-12-31,2019,minority_shareholder
20210319000432,Y,00159218,한전KPS,소액주주,"34,603","34,633",99.91%,"18,479,092","45,000,000",41.06%,2020-12-31,2020,minority_shareholder
20220321001022,Y,00159218,한전KPS,소액주주,"39,959","39,963",99.99%,"19,285,996","45,000,000",42.87%,2021-12-31,2021,minority_shareholder
20230320000353,Y,00159218,한전KPS,소액주주,"43,373","43,378",99.99%,"18,375,826","45,000,000",40.84%,2022-12-31,2022,minority_shareholder
20240320000788,Y,00159218,한전KPS,소액주주,"38,167","38,171",99.99%,"19,316,292","45,000,000",42.93%,2023-12-31,2023,minority_shareholder
20250514000974,Y,00159218,한전KPS,소액주주,"33,423","33,428",99.99%,"19,185,754","45,000,000",42.64%,2024-12-31,2024,minority_shareholder
20180629000420,Y,00106614,기신정기,소액주주,"2,567",-,99.61%,"6,092,581",-,20.87%,2018-03-31,2018,minority_shareholder
20190701000308,Y,00106614,기신정기,소액주주,"2,752",-,99.67%,"6,636,548",-,22.73%,2019-03-31,2019,minority_shareholder
20200626000321,Y,00106614,기신정기,소액주주,"3,251",-,99.61%,"6,538,694",-,22.39%,2020-03-31,2020,minority_shareholder
20210610000278,Y,00106614,기신정기,소액주주,"8,345","8,353",99.90%,"7,918,737","29,200,000",27.12%,2021-03-31,2021,minority_shareholder
20220609000497,Y,00106614,기신정기,소액주주,"6,684","6,692",99.88%,"7,958,230","29,200,000",27.25%,2022-03-31,2022,minority_shareholder
20230608000512,Y,00106614,기신정기,소액주주,"6,347","6,356",99.86%,"7,946,088","29,200,000",27.21%,2023-03-31,2023,minority_shareholder
20240613000239,Y,00106614,기신정기,소액주주,"5,804","5,812",99.86%,"7,958,120","29,200,000",27.25%,2024-03-31,2024,minority_shareholder
20190329002985,Y,00160232,KSS해운,소액주주,"4,289",-,99.58%,"12,970,086",-,55.94%,2018-12-31,2018,minority_shareholder
20210618000417,Y,00160232,KSS해운,소액주주,"4,215",-,99.50%,"12,766,143",-,55.06%,2019-12-31,2019,minority_shareholder
20210318000908,Y,00160232,KSS해운,소액주주,"7,719","7,738",99.75%,"13,217,772","23,185,880",57.01%,2020-12-31,2020,minority_shareholder
20220317000405,Y,00160232,KSS해운,소액주주,"17,548","17,566",99.90%,"14,224,832","23,185,880",61.35%,2021-12-31,2021,minority_shareholder
20230316000684,Y,00160232,KSS해운,소액주주,"16,236","16,254",99.89%,"14,220,622","23,085,880",61.60%,2022-12-31,2022,minority_shareholder
20240319000870,Y,00160232,KSS해운,소액주주,"15,207","15,219",99.92%,"16,106,706","23,085,880",69.77%,2023-12-31,2023,minority_shareholder
20250814001308,Y,00160232,KSS해운,소액주주,"12,019","12,034",99.88%,"14,631,368","23,085,880",63.38%,2024-12-31,2024,minority_shareholder
20190401004046,Y,00414850,효성 ITX,소액주주,"5,143",-,99.90%,"3,007,848",-,26.02%,2018-12-31,2018,minority_shareholder
20200330004238,Y,00414850,효성 ITX,소액주주,"3,751",-,99.87%,"2,989,486",-,25.86%,2019-12-31,2019,minority_shareholder
20210315000907,Y,00414850,효성 ITX,소액주주,"7,249","7,253",99.94%,"2,823,109","11,558,200",24.43%,2020-12-31,2020,minority_shareholder
20220315001007,Y,00414850,효성 ITX,소액주주,"10,139","10,145",99.94%,"2,640,963","11,558,200",22.85%,2021-12-31,2021,minority_shareholder
20230315001063,Y,00414850,효성 ITX,소액주주,"11,156","11,161",99.96%,"2,665,937","11,558,200",23.07%,2022-12-31,2022,minority_shareholder
20240313001563,Y,00414850,효성 ITX,소액주주,"12,167","12,171",99.97%,"2,985,057","11,558,200",25.83%,2023-12-31,2023,minority_shareholder
20250318000878,Y,00414850,효성 ITX,소액주주,"11,185","11,190",99.96%,"2,919,246","11,558,200",25.26%,2024-12-31,2024,minority_shareholder
20190329002631,Y,00158963,유나이티드,소액주주,"7,411",-,99.68%,"6,841,417",-,42.21%,2018-12-31,2018,minority_shareholder
20200327001509,Y,00158963,유나이티드,소액주주,"8,298",-,99.89%,"7,956,883",-,49.02%,2019-12-31,2019,minority_shareholder
20210318000829,Y,00158963,유나이티드,소액주주,"52,581","52,587",99.99%,"8,348,300","16,244,822",51.39%,2020-12-31,2020,minority_shareholder
20220314000819,Y,00158963,유나이티드,소액주주,"36,856","36,864",99.98%,"7,698,021","16,244,822",47.39%,2021-12-31,2021,minority_shareholder
20230317000918,Y,00158963,유나이티드,소액주주,"34,538","34,543",99.98%,"8,431,776","16,244,822",51.90%,2022-12-31,2022,minority_shareholder
20240318000623,Y,00158963,유나이티드,소액주주,"33,182","33,199",99.95%,"8,280,286","16,244,822",50.97%,2023-12-31,2023,minority_shareholder
20250728000359,Y,00158963,유나이티드,소액주주,"28,345","28,350",99.98%,"8,507,780","16,333,822",52.09%,2024-12-31,2024,minority_shareholder
20190401002500,Y,00112165,디아이씨,소액주주,"3,705",-,99.44%,"9,045,953",-,40.26%,2018-12-31,2018,minority_shareholder
20200330003397,Y,00112165,디아이씨,소액주주,"5,211",-,99.60%,"19,484,066",-,50.29%,2019-12-31,2019,minority_shareholder
20210319001310,Y,00112165,디아이씨,소액주주,"20,475","20,489",99.93%,"22,925,311","38,888,569",58.95%,2020-12-31,2020,minority_shareholder
20220318000617,Y,00112165,디아이씨,소액주주,"23,383","23,392",99.96%,"24,082,684","38,888,569",61.78%,2021-12-31,2021,minority_shareholder
20230317000518,Y,00112165,디아이씨,소액주주,"18,008","18,011",99.98%,"26,830,893","38,888,569",68.99%,2022-12-31,2022,minority_shareholder
20240315000327,Y,00112165,디아이씨,소액주주,"19,744","19,755",99.94%,"23,538,153","38,888,569",60.52%,2023-12-31,2023,minority_shareholder
20250321001173,Y,00112165,디아이씨,소액주주,"18,250","18,261",99.94%,"22,222,281","38,888,569",57.14%,2024-12-31,2024,minority_shareholder
20190401004092,Y,00635134,CJ제일제당,소액주주,"22,654",-,96.09%,"7,090,376",-,43.27%,2018-12-31,2018,minority_shareholder
20200330003752,Y,00635134,CJ제일제당,소액주주,"31,187",-,96.67%,"7,240,827",-,44.20%,2019-12-31,2019,minority_shareholder
20210318001302,Y,00635134,CJ제일제당,소액주주,"63,711","63,726",99.99%,"6,772,801","15,054,186",45.01%,2020-12-31,2020,minority_shareholder
20220321001115,Y,00635134,CJ제일제당,소액주주,"96,516","96,531",99.99%,"6,839,443","15,054,186",45.45%,2021-12-31,2021,minority_shareholder
20230814001661,Y,00635134,CJ제일제당,소액주주,"69,886","69,904",99.98%,"6,302,718","15,054,186",41.89%,2022-12-31,2022,minority_shareholder
20240319000861,Y,00635134,CJ제일제당,소액주주,"71,613","71,629",99.99%,"6,534,843","15,054,186",43.41%,2023-12-31,2023,minority_shareholder
20250321001604,Y,00635134,CJ제일제당,소액주주,"65,624","65,637",99.99%,"7,703,100","15,054,186",47.00%,2024-12-31,2024,minority_shareholder
20190328002043,Y,00122737,팬오션,소액주주,"66,297",-,99.93%,"200,570,696",-,37.51%,2018-12-31,2018,minority_shareholder
20200330004068,Y,00122737,팬오션,소액주주,"60,990",-,99.94%,"196,734,452",-,36.79%,2019-12-31,2019,minority_shareholder
20210322000897,Y,00122737,팬오션,소액주주,"87,440","87,471",99.97%,"190,357,614","534,569,512",35.62%,2020-12-31,2020,minority_shareholder
20220321000845,Y,00122737,팬오션,소액주주,"268,334","268,352",100.00%,"222,665,425","534,569,512",41.67%,2021-12-31,2021,minority_shareholder
20230321001130,Y,00122737,팬오션,소액주주,"208,565","208,582",100%,"209,685,740","534,569,512",39.24%,2022-12-31,2022,minority_shareholder
20240319000829,Y,00122737,팬오션,소액주주,"232,929","232,944",100%,"209,662,449","534,569,512",39.23%,2023-12-31,2023,minority_shareholder
20250318000777,Y,00122737,팬오션,소액주주,"218,625","218,640",99.99%,"220,621,595","534,569,512",41.27%,2024-12-31,2024,minority_shareholder
20190401005097,Y,00633835,HJ중공업,소액주주,-,-,-,-,-,-,2018-12-31,2018,minority_shareholder
20200330003637,Y,00633835,HJ중공업,소액주주,"24,600",-,99.95%,"13,780,332",-,16.55%,2019-12-31,2019,minority_shareholder
20210318001041,Y,00633835,HJ중공업,소액주주,"24,388","24,401",99.95%,"13,798,711","83,268,340",16.57%,2020-12-31,2020,minority_shareholder
20220317000382,Y,00633835,HJ중공업,소액주주,"22,161","22,166",99.97%,"13,774,391","83,268,340",16.54%,2021-12-31,2021,minority_shareholder
20230316000797,Y,00633835,HJ중공업,소액주주,"21,195","21,201",99.97%,"13,844,592","83,268,340",16.63%,2022-12-31,2022,minority_shareholder
20240523000216,Y,00633835,HJ중공업,소액주주,"22,331","22,336",99.98%,"13,844,592","83,268,340",16.63%,2023-12-31,2023,minority_shareholder
20250813000454,Y,00633835,HJ중공업,소액주주,"26,428","26,433",99.98%,"18,715,771","83,268,340",22.47%,2024-12-31,2024,minority_shareholder
20190401003274,Y,00631518,SK이노베이션,소액주주,"51,262",-,99.98%,"45,800,294",-,48.87%,2018-12-31,2018,minority_shareholder
20200330002377,Y,00631518,SK이노베이션,소액주주,"66,582",-,99.98%,"29,028,903",-,31.39%,2019-12-31,2019,minority_shareholder
20210318001255,Y,00631518,SK이노베이션,소액주주,"166,653","166,662",99.99%,"21,841,968","82,335,427",26.53%,2020-12-31,2020,minority_shareholder
20220323000978,Y,00631518,SK이노베이션,소액주주,"329,190","329,259",99.98%,"39,450,973","92,465,564",42.67%,2021-12-31,2021,minority_shareholder
20230322000906,Y,00631518,SK이노베이션,소액주주,"293,593","293,637",99.99%,"41,901,752","92,465,564",45.32%,2022-12-31,2022,minority_shareholder
20240320000950,Y,00631518,SK이노베이션,소액주주,"427,882","427,889",99.99%,"49,643,745","100,655,564",49.32%,2023-12-31,2023,minority_shareholder
20250318000862,Y,00631518,SK이노베이션,소액주주,"366,138","366,145",99.99%,"108,104,916","151,034,776",28.42%,2024-12-31,2024,minority_shareholder
20190329002955,Y,00117027,알루코,소액주주,"15,038",-,99.94%,"34,261,529",-,45.97%,2018-12-31,2018,minority_shareholder
20200814002063,Y,00117027,알루코,소액주주,"14,879",-,99.95%,"34,261,529",-,45.97%,2019-12-31,2019,minority_shareholder
20210318000933,Y,00117027,알루코,소액주주,"38,668","38,677",99.98%,"42,727,988","83,207,283",51.35%,2020-12-31,2020,minority_shareholder
20220318000527,Y,00117027,알루코,소액주주,"42,863","42,872",99.98%,"44,203,690","89,791,232",49.23%,2021-12-31,2021,minority_shareholder
20230320000703,Y,00117027,알루코,소액주주,"48,237","48,243",99.98%,"47,341,701","89,969,432",52.62%,2022-12-31,2022,minority_shareholder
20240320001063,Y,00117027,알루코,소액주주,"36,621","36,631",99.97%,"46,416,783","96,414,332",48.14%,2023-12-31,2023,minority_shareholder
20250318000832,Y,00117027,알루코,소액주주,"36,558","36,567",99.97%,"45,323,235","96,830,132",46.81%,2024-12-31,2024,minority_shareholder
20190401005063,Y,00628189,웅진씽크빅,소액주주,"13,444",-,99.84%,"20,038,757",-,57.88%,2018-12-31,2018,minority_shareholder
20200330002636,Y,00628189,웅진씽크빅,소액주주,"17,484",-,99.89%,"41,716,449",-,31.08%,2019-12-31,2019,minority_shareholder
20210318001301,Y,00628189,웅진씽크빅,소액주주,"19,724","19,738",99.94%,"40,676,886","115,505,985",35.23%,2020-12-31,2020,minority_shareholder
20220317001265,Y,00628189,웅진씽크빅,소액주주,"167,604","167,619",99.99%,"42,735,495","115,505,985",37.00%,2021-12-31,2021,minority_shareholder
20230316001571,Y,00628189,웅진씽크빅,소액주주,"153,602","153,616",99.99%,"42,701,426","115,505,985",36.98%,2022-12-31,2022,minority_shareholder
20240321001848,Y,00628189,웅진씽크빅,소액주주,"138,989","139,002",99.99%,"42,892,030","115,505,985",37.07%,2023-12-31,2023,minority_shareholder
20250320001745,Y,00628189,웅진씽크빅,소액주주,"128,731","128,744",99.99%,"42,961,621","115,505,985",37.20%,2024-12-31,2024,minority_shareholder
20190719000452,Y,00442835,메타랩스,소액주주,"6,507",-,99.82%,"25,892,163",-,58.12%,2018-12-31,2018,minority_shareholder
20200330003404,Y,00442835,메타랩스,소액주주,"8,608",-,99.94%,"44,850,680",-,85.75%,2019-12-31,2019,minority_shareholder
20210319000951,Y,00442835,메타랩스,소액주주,"7,608","7,615",99.91%,"45,934,641","63,688,200",72.12%,2020-12-31,2020,minority_shareholder
20220322000674,Y,00442835,메타랩스,소액주주,"10,595","10,604",99.92%,"46,988,585","73,936,916",63.55%,2021-12-31,2021,minority_shareholder
20230322000882,Y,00442835,메타랩스,소액주주,"9,578","9,586",99.92%,"9,472,893","24,901,629",38.04%,2022-12-31,2022,minority_shareholder
20240321001733,Y,00442835,메타랩스,소액주주,"8,881","8,889",99.91%,"9,363,372","24,901,629",37.60%,2023-12-31,2023,minority_shareholder
20250320001179,Y,00442835,메타랩스,소액주주,"7,906","7,914",99.90%,"9,556,146","24,901,629",38.38%,2024-12-31,2024,minority_shareholder
20190401002191,Y,00595191,후성,소액주주,"30,425",-,99.89%,"38,681,214",-,41.77%,2018-12-31,2018,minority_shareholder
20200330004633,Y,00595191,후성,소액주주,"52,111",-,99.95%,"38,190,260",-,41.24%,2019-12-31,2019,minority_shareholder
20210322000692,Y,00595191,후성,소액주주,"84,917","84,931",99.98%,"38,055,024","92,606,819",41.10%,2020-12-31,2020,minority_shareholder
20220321001474,Y,00595191,후성,소액주주,"100,850","10,867",99.98%,"39,051,632","92,606,819",42.17%,2021-12-31,2021,minority_shareholder
20230321000387,Y,00595191,후성,소액주주,"118,487","118,505",99.98%,"41,433,771","94,352,104",43.91%,2022-12-31,2022,minority_shareholder
20240321000372,Y,00595191,후성,소액주주,"114,529","114,543",99.99%,"43,712,106","94,352,104",46.33%,2023-12-31,2023,minority_shareholder
20250317000896,Y,00595191,후성,소액주주,"107,563","107,578",99.99%,"53,157,435","107,255,330",49.56%,2024-12-31,2024,minority_shareholder
20190401001974,Y,00593032,LF,소액주주,"9,880",-,99.76%,"14,931,888",-,51.07%,2018-12-31,2018,minority_shareholder
20200330003111,Y,00593032,LF,소액주주,"12,074",-,99.79%,"14,071,179",-,48.12%,2019-12-31,2019,minority_shareholder
20210318001018,Y,00593032,LF,소액주주,"14,067","14,094",99.82%,"12,196,215","28,460,000",42.85%,2020-12-31,2020,minority_shareholder
20220318000553,Y,00593032,LF,소액주주,"19,565","19,590",99.88%,"13,312,523","29,240,000",45.53%,2021-12-31,2021,minority_shareholder
20230320000688,Y,00593032,LF,소액주주,"15,464","15,491",99.84%,"11,905,477","29,240,000",40.72%,2022-12-31,2022,minority_shareholder
20240320001217,Y,00593032,LF,소액주주,"14,325","14,351",99.84%,"10,135,250","29,240,000",34.68%,2023-12-31,2023,minority_shareholder
20250318000532,Y,00593032,LF,소액주주,"12,322","12,349",99.78%,"8,780,614","29,240,000",30.05%,2024-12-31,2024,minority_shareholder
20190329004029,Y,00269241,주연테크,소액주주,"8,704",-,99.94%,"69,113,943",-,69.97%,2018-12-31,2018,minority_shareholder
20200330003189,Y,00269241,주연테크,소액주주,"14,190",-,99.94%,"71,201,746",-,66.69%,2019-12-31,2019,minority_shareholder
20210322000838,Y,00269241,주연테크,소액주주,"12,391","12,397",99.9%,"36,131,864","54,612,089",66.16%,2020-12-31,2020,minority_shareholder
20220317000997,Y,00269241,주연테크,소액주주,"25,059","25,063",99.98%,"42,080,587","59,199,244",71.08%,2021-12-31,2021,minority_shareholder
20230316000935,Y,00269241,주연테크,소액주주,"19,159","19,165",99.97%,"41,126,539","59,199,244",69.47%,2022-12-31,2022,minority_shareholder
20240321001487,Y,00269241,주연테크,소액주주,"16,680","16,687",99.95%,"40,326,753","59,199,244",69.47%,2023-12-31,2023,minority_shareholder
20250320000220,Y,00269241,주연테크,소액주주,"14,827","14,837",99.93%,"39,391,242","66,403,852",59.33%,2024-12-31,2024,minority_shareholder
20190401002287,Y,00145862,인천도시가스,소액주주,"2,098",-,99.43%,"796,898",-,18.22%,2018-12-31,2018,minority_shareholder
20200330002382,Y,00145862,인천도시가스,소액주주,"2,333",-,99.53%,"799,755",-,18.28%,2019-12-31,2019,minority_shareholder
20210311000705,Y,00145862,인천도시가스,소액주주,"2,614","2,624",99.62%,"891,630","4,121,999",21.63%,2020-12-31,2020,minority_shareholder
20220310000410,Y,00145862,인천도시가스,소액주주,"3,503","3,515",99.66%,"875,389","4,121,999",21.24%,2021-12-31,2021,minority_shareholder
20230309000433,Y,00145862,인천도시가스,소액주주,-,-,-,-,-,-,2022-12-31,2022,minority_shareholder
20240307000922,Y,00145862,인천도시가스,소액주주,-,-,-,-,-,-,2023-12-31,2023,minority_shareholder
20250306000367,Y,00145862,인천도시가스,소액주주,-,-,-,-,-,-,2024-12-31,2024,minority_shareholder
20190401002199,Y,00128227,삼정펄프,소액주주,"1,186",-,98.83%,"746,393",-,29.86%,2018-12-31,2018,minority_shareholder
20200330000860,Y,00128227,삼정펄프,소액주주,"1,186",-,98.83%,"746,393",-,29.86%,2019-12-31,2019,minority_shareholder
20210317000095,Y,00128227,삼정펄프,소액주주,"1,203","1,217",98.85%,"646,821","2,499,971",25.87%,2020-12-31,2020,minority_shareholder
20220323001311,Y,00128227,삼정펄프,소액주주,"1,203","1,217",98.85%,"646,821","2,499,971",25.87%,2021-12-31,2021,minority_shareholder
20230323000457,Y,00128227,삼정펄프,소액주주,"2,566","2,579",99.50%,"646,821","2,499,971",25.87%,2022-12-31,2022,minority_shareholder
20240320000477,Y,00128227,삼정펄프,소액주주,"2,069","2,085",99.23%,"512,079","2,499,971",20.5%,2023-12-31,2023,minority_shareholder
20250327001293,Y,00128227,삼정펄프,소액주주,"1,776","1,788",99.33%,"646,821","2,499,971",25.87%,2024-12-31,2024,minority_shareholder
20190401004939,Y,00589127,KEC,소액주주,"16,627",-,99.90%,"72,042,122",-,64.06%,2018-12-31,2018,minority_shareholder
20200330003937,Y,00589127,KEC,소액주주,"15,879",-,99.91%,"73,632,400",-,63.09%,2019-12-31,2019,minority_shareholder
20210323000961,Y,00589127,KEC,소액주주,"51,416","51,427",99.98%,"72,895,221","116,706,940",62.46%,2020-12-31,2020,minority_shareholder
20220322001114,Y,00589127,KEC,소액주주,"71,325","71,337",99.99%,"87,426,624","144,748,141",60.40%,2021-12-31,2021,minority_shareholder
20230329001071,Y,00589127,KEC,소액주주,"66,591","66,601",99.98%,"91,768,963","144,763,141",63.39%,2022-12-31,2022,minority_shareholder
20240322001053,Y,00589127,KEC,소액주주,"70,752","70,762",99.99%,"132,927,047","200,763,141",66.21%,2023-12-31,2023,minority_shareholder
20250319000838,Y,00589127,KEC,소액주주,"60,441","60,451",99.98%,"135,868,578","200,763,141",67.68%,2024-12-31,2024,minority_shareholder
20190401004292,Y,00587466,KPX홀딩스,소액주주,"2,787",-,99.32%,"525,286",-,12.43%,2018-12-31,2018,minority_shareholder
20200330004121,Y,00587466,KPX홀딩스,소액주주,"2,903",-,99.38%,"543,423",-,17.44%,2019-12-31,2019,minority_shareholder
20210318001357,Y,00587466,KPX홀딩스,소액주주,"6,858","6,874",99.77%,"670,491","4,224,646",15.87%,2020-12-31,2020,minority_shareholder
20220317001234,Y,00587466,KPX홀딩스,소액주주,"6,074","6,090",99.74%,"638,470","4,224,646",20.49%,2021-12-31,2021,minority_shareholder
20230316001437,Y,00587466,KPX홀딩스,소액주주,"5,851","5,867",99.73%,"629,341","4,224,646",14.90%,2022-12-31,2022,minority_shareholder
20240314001268,Y,00587466,KPX홀딩스,소액주주,"5,799","5,811",99.79%,"694,722","4,224,646",16.44%,2023-12-31,2023,minority_shareholder
20250313001218,Y,00587466,KPX홀딩스,소액주주,"5,414","5,424",99.82%,"693,174","4,224,646",16.41%,2024-12-31,2024,minority_shareholder
20190401003803,Y,00357935,HDC현대EP,소액주주,"6,533",-,99.88%,"10,794,410",-,33.84%,2018-12-31,2018,minority_shareholder
20200330004396,Y,00357935,HDC현대EP,소액주주,"6,698",-,99.9%,"10,218,683",-,32.03%,2019-12-31,2019,minority_shareholder
20210317001144,Y,00357935,HDC현대EP,소액주주,"8,821","8,826",99.94%,"10,352,783","31,900,000",32.45%,2020-12-31,2020,minority_shareholder
20220316001149,Y,00357935,HDC현대EP,소액주주,"11,409","11,412",99.97%,"12,943,467","31,900,000",40.58%,2021-12-31,2021,minority_shareholder
20230315001033,Y,00357935,HDC현대EP,소액주주,"12,625","12,628",99.98%,"12,883,336","31,900,000",40.39%,2022-12-31,2022,minority_shareholder
20240322000680,Y,00357935,HDC현대EP,소액주주,"8,928","8,930",99.98%,"11,505,000","31,900,000",36.07%,2023-12-31,2023,minority_shareholder
20250812000160,Y,00357935,HDC현대EP,소액주주,"9,231","9,233",99.98%,"10,505,000","31,900,000",32.93%,2024-12-31,2024,minority_shareholder
20190401003812,Y,00583442,노루페인트,소액주주,"6,476",-,99.89%,"7,909,745",-,39.55%,2018-12-31,2018,minority_shareholder
20200330002849,Y,00583442,노루페인트,소액주주,"6,521",-,99.91%,"8,035,363",-,40.18%,2019-12-31,2019,minority_shareholder
20210318001060,Y,00583442,노루페인트,소액주주,"8,876","8,882",99.94%,"8,809,021","20,000,000",44.04%,2020-12-31,2020,minority_shareholder
20220317000703,Y,00583442,노루페인트,소액주주,"19,497","19,504",99.96%,"8,594,487","20,000,000",42.97%,2021-12-31,2021,minority_shareholder
20230316000929,Y,00583442,노루페인트,소액주주,"22,813","22,818",99.98%,"9,417,396","20,000,000",47.09%,2022-12-31,2022,minority_shareholder
20240321000995,Y,00583442,노루페인트,소액주주,"17,592","17,598",99.97%,"8,931,660","20,000,000",44.66%,2023-12-31,2023,minority_shareholder
20250313001422,Y,00583442,노루페인트,소액주주,"16,708","16,714",99.96%,"9,201,835","20,000,000",46.01%,2024-12-31,2024,minority_shareholder
20190401002349,Y,00583424,아모레퍼시픽,소액주주,"68,151",-,99.97%,"22,036,846",-,37.69%,2018-12-31,2018,minority_shareholder
20200429000691,Y,00583424,아모레퍼시픽,소액주주,"57,809",-,99.97%,"22,338,279",-,38.21%,2019-12-31,2019,minority_shareholder
20210311000870,Y,00583424,아모레퍼시픽,소액주주,"76,370","76,379",99.98%,"23,962,279","58,458,490",40.98%,2020-12-31,2020,minority_shareholder
20220316000772,Y,00583424,아모레퍼시픽,소액주주,"167,006","167,015",99.97%,"23,980,610","58,492,759",41.00%,2021-12-31,2021,minority_shareholder
20230309000802,Y,00583424,아모레퍼시픽,소액주주,"185,727","185,735",99.98%,"24,055,257","58,492,759",41.12%,2022-12-31,2022,minority_shareholder
20240307000545,Y,00583424,아모레퍼시픽,소액주주,"156,601","156,610",99.99%,"23,085,787","58,492,759",39.46%,2023-12-31,2023,minority_shareholder
20250317000429,Y,00583424,아모레퍼시픽,소액주주,"152,192","152,214",99.99%,"24,441,225","58,492,759",41.80%,2024-12-31,2024,minority_shareholder
20190329004507,Y,00231372,롯데관광개발,소액주주,"9,033",-,99.85%,"18,803,399",-,28.86%,2018-12-31,2018,minority_shareholder
20200330004494,Y,00231372,롯데관광개발,소액주주,"9,019",-,99.76%,"17,895,728",-,25.83%,2019-12-31,2019,minority_shareholder
20220701000479,Y,00231372,롯데관광개발,소액주주,"16,160","16,180",99.88%,"21,712,699","69,275,662",31.34%,2020-12-31,2020,minority_shareholder
20220317000948,Y,00231372,롯데관광개발,소액주주,"68,342","68,358",99.98%,"28,603,015","69,275,662",41.29%,2021-12-31,2021,minority_shareholder
20230418000483,Y,00231372,롯데관광개발,소액주주,"75,629","75,644",99.98%,"34,899,614","72,966,610",47.83%,2022-12-31,2022,minority_shareholder
20240321001660,Y,00231372,롯데관광개발,소액주주,"73,536","73,547",99.99%,"40,485,663","75,774,571",53.43%,2023-12-31,2023,minority_shareholder
20250320001631,Y,00231372,롯데관광개발,소액주주,"66,055","66,066",99.98%,"43,033,656","76,196,183",56.48%,2024-12-31,2024,minority_shareholder
20190401004195,Y,00573579,평화산업,소액주주,"12,548",-,99.7%,"13,189,640",-,35.3%,2018-12-31,2018,minority_shareholder
20200330004391,Y,00573579,평화산업,소액주주,"11,218",-,99.96%,"19,384,447",-,35.31%,2019-12-31,2019,minority_shareholder
20210322001161,Y,00573579,평화산업,소액주주,"9,415","9,419",99.96%,"19,384,447","54,902,259",35.31%,2020-12-31,2020,minority_shareholder
20220321001445,Y,00573579,평화산업,소액주주,"20,793","20,797",99.98%,"20,425,161","54,902,259",37.20%,2021-12-31,2021,minority_shareholder
20230321001398,Y,00573579,평화산업,소액주주,"21,158","21,162",99.98%,"23,713,272","54,902,259",43.19%,2022-12-31,2022,minority_shareholder
20240319000674,Y,00573579,평화산업,소액주주,"19,512","19,516",99.98%,"24,454,903","54,902,259",44.54%,2023-12-31,2023,minority_shareholder
20250317000667,Y,00573579,평화산업,소액주주,"16,014","16,018",99.98%,"24,454,903","54,902,259",44.54%,2024-12-31,2024,minority_shareholder
20190401000900,Y,00303217,우진플라임,소액주주,"2,692",-,99.3%,"4,395,292",-,44.0%,2018-12-31,2018,minority_shareholder
20200330002383,Y,00303217,우진플라임,소액주주,"2,595",-,99.42%,"4,687,445",-,46.9%,2019-12-31,2019,minority_shareholder
20210331001840,Y,00303217,우진플라임,소액주주,"2,195","2,209",99.37%,"4,649,637","10,000,000",46.5%,2020-12-31,2020,minority_shareholder
20220322000393,Y,00303217,우진플라임,소액주주,"4,586","4,600",99.7%,"8,926,653","20,000,000",44.63%,2021-12-31,2021,minority_shareholder
20230322000913,Y,00303217,우진플라임,소액주주,"5,054","5,066",99.76%,"9,897,437","20,000,000",49.49%,2022-12-31,2022,minority_shareholder
20240704000362,Y,00303217,우진플라임,소액주주,"7,073","7,084",99.84%,"10,767,684","20,000,000",53.84%,2023-12-31,2023,minority_shareholder
20250321000814,Y,00303217,우진플라임,소액주주,"5,834","5,845",99.81%,"10,740,670","20,000,000",53.70%,2024-12-31,2024,minority_shareholder
20190401004522,Y,00219486,신세계I&C,소액주주,"3,920",-,99.80%,"689,840",-,42.15%,2018-12-31,2018,minority_shareholder
20200330002701,Y,00219486,신세계I&C,소액주주,"3,565",-,99.72%,"536,985",-,31.22%,2019-12-31,2019,minority_shareholder
20210317001010,Y,00219486,신세계I&C,소액주주,"6,429","6,433",99.94%,"420,491","1,720,000",24.44%,2020-12-31,2020,minority_shareholder
20220816001345,Y,00219486,신세계I&C,소액주주,"11,478","11,483",99.96%,"512,868","1,720,000",29.82%,2021-12-31,2021,minority_shareholder
20230814001758,Y,00219486,신세계I&C,소액주주,"13,419","13,423",99.97%,"5,678,476","17,200,000",33.01%,2022-12-31,2022,minority_shareholder
20240319000595,Y,00219486,신세계I&C,소액주주,"13,575","13,577",99.99%,"5,732,348","17,200,000",33.33%,2023-12-31,2023,minority_shareholder
20250317000967,Y,00219486,신세계I&C,소액주주,"19,987","19,992",99.99%,"6,391,861","15,268,540",41.86%,2024-12-31,2024,minority_shareholder
20190401002744,Y,00557933,진도,소액주주,-,-,-,-,-,-,2018-12-31,2018,minority_shareholder
20200330001462,Y,00557933,진도,소액주주,-,-,-,-,-,-,2019-12-31,2019,minority_shareholder
20210319000189,Y,00557933,진도,소액주주,"6,158","6,163",99.92%,"5,723,031","12,447,744",45.97%,2020-12-31,2020,minority_shareholder
20220328000433,Y,00557933,진도,소액주주,"7,011","7,017",99.91%,"5,690,613","12,447,744",45.71%,2021-12-31,2021,minority_shareholder
20230323001387,Y,00557933,진도,소액주주,"6,914","6,920",99.91%,"5,238,593","12,447,744",42.08%,2022-12-31,2022,minority_shareholder
20240321000940,Y,00557933,진도,소액주주,"5,618","5,624",99.89%,"5,540,222","12,447,744",44.50%,2023-12-31,2023,minority_shareholder
20250327001019,Y,00557933,진도,소액주주,"4,606","4,613",99.84%,"5,222,864","12,447,744",41.95%,2024-12-31,2024,minority_shareholder
20190401004513,Y,00120526,롯데쇼핑,소액주주,"27,242",-,99.93%,"9,500,829",-,33.59%,2018-12-31,2018,minority_shareholder
20200814001581,Y,00120526,롯데쇼핑,소액주주,"35,233",-,99.93%,"9,591,224",-,33.90%,2019-12-31,2019,minority_shareholder
20210315000915,Y,00120526,롯데쇼핑,소액주주,"47,829","47,880",99.89%,"9,952,439","28,288,755",35.18%,2020-12-31,2020,minority_shareholder
20220315001185,Y,00120526,롯데쇼핑,소액주주,"64,010","64,050",99.94%,"10,499,089","28,270,640",37.14%,2021-12-31,2021,minority_shareholder
20230315001405,Y,00120526,롯데쇼핑,소액주주,"54,169","54,202",99.94%,"10,517,592","28,226,062",37.26%,2022-12-31,2022,minority_shareholder
20240315000948,Y,00120526,롯데쇼핑,소액주주,"50,414","50,448",99.93%,"9,741,113","28,226,062",34.51%,2023-12-31,2023,minority_shareholder
20250314001659,Y,00120526,롯데쇼핑,소액주주,"48,496","48,533",99.92%,"10,073,371","28,226,062",35.69%,2024-12-31,2024,minority_shareholder
20190401004298,Y,00360595,현대글로비스,소액주주,-,-,-,-,-,-,2018-12-31,2018,minority_shareholder
20200330004575,Y,00360595,현대글로비스,소액주주,-,-,-,-,-,-,2019-12-31,2019,minority_shareholder
20210316000884,Y,00360595,현대글로비스,소액주주,-,-,-,-,-,-,2020-12-31,2020,minority_shareholder
20220315001126,Y,00360595,현대글로비스,소액주주,"92,042","92,104",99.93%,"14,254,997","37,500,000",38.01%,2021-12-31,2021,minority_shareholder
20230321001449,Y,00360595,현대글로비스,소액주주,"60,406","60,470",99.89%,"14,037,288","37,500,000",37.43%,2022-12-31,2022,minority_shareholder
20240319000815,Y,00360595,현대글로비스,소액주주,"49,682","49,742",99.88%,"13,807,849","37,500,000",36.82%,2023-12-31,2023,minority_shareholder
20250317001025,Y,00360595,현대글로비스,소액주주,"36,889","36,957",99.82%,"29,741,867","75,000,000",39.66%,2024-12-31,2024,minority_shareholder
20190401002816,Y,00409672,티비에이치글로벌,소액주주,"5,215",-,99.58%,"8,339,135",-,39.98%,2018-12-31,2018,minority_shareholder
20200330001222,Y,00409672,티비에이치글로벌,소액주주,"5,959",-,99.67%,"9,182,350",-,44.03%,2019-12-31,2019,minority_shareholder
20210318001348,Y,00409672,티비에이치글로벌,소액주주,"5,414","5,445",99.4%,"9,409,060","20,856,819",45.1%,2020-12-31,2020,minority_shareholder
20220322000879,Y,00409672,티비에이치글로벌,소액주주,"5,740","5,772",99.5%,"8,969,164","20,856,819",43.0%,2021-12-31,2021,minority_shareholder
20230322000665,Y,00409672,티비에이치글로벌,소액주주,"5,872","5,901",99.51%,"9,494,575","20,856,819",45.52%,2022-12-31,2022,minority_shareholder
20240321000242,Y,00409672,티비에이치글로벌,소액주주,"5,561","5,587",99.5%,"9,395,497","20,856,819",45.1%,2023-12-31,2023,minority_shareholder
20250320000173,Y,00409672,티비에이치글로벌,소액주주,"4,649","4,677",99.4%,"8,666,580","20,856,819",41.6%,2024-12-31,2024,minority_shareholder
20190401000064,Y,00148461,제일연마,소액주주,"1,584",-,99.37%,"1,452,594",-,14.53%,2018-12-31,2018,minority_shareholder
20200327001819,Y,00148461,제일연마,소액주주,"2,502",-,99.60%,"1,418,759",-,14.19%,2019-12-31,2019,minority_shareholder
20210323000507,Y,00148461,제일연마,소액주주,"1,788","1,798",99.44%,"1,325,414","7,500,000",17.67%,2020-12-31,2020,minority_shareholder
20220323000156,Y,00148461,제일연마,소액주주,"1,894","1,903",99.53%,"1,368,015","7,387,700",18.52%,2021-12-31,2021,minority_shareholder
20230321000389,Y,00148461,제일연마,소액주주,"2,803","2,813",99.64%,"1,571,321","7,198,070",21.83%,2022-12-31,2022,minority_shareholder
20240321000824,Y,00148461,제일연마,소액주주,"2,360","2,368",99.66%,"1,381,537","6,877,849",20.09%,2023-12-31,2023,minority_shareholder
20250317000206,Y,00148461,제일연마,소액주주,"2,023","2,031",99.63%,"1,142,209","6,708,921",17.03%,2024-12-31,2024,minority_shareholder
20190401003206,Y,00300548,현대리바트,소액주주,"9,078",-,99.7%,"8,222,013",-,40.3%,2018-12-31,2018,minority_shareholder
20200330004325,Y,00300548,현대리바트,소액주주,"9,837",-,99.9%,"9,536,548",-,46.4%,2019-12-31,2019,minority_shareholder
20210319001159,Y,00300548,현대리바트,소액주주,"26,205","26,209",99.9%,"10,651,272","20,114,202",53.0%,2020-12-31,2020,minority_shareholder
20220321001411,Y,00300548,현대리바트,소액주주,"37,965","37,968",99.9%,"11,166,247","20,535,282",54.4%,2021-12-31,2021,minority_shareholder
20230321001080,Y,00300548,현대리바트,소액주주,"34,708","34,711",99.99%,"11,059,739","20,535,282",53.85%,2022-12-31,2022,minority_shareholder
20240320001190,Y,00300548,현대리바트,소액주주,"29,847","29,851",99.98%,"10,796,703","20,535,282",52.57%,2023-12-31,2023,minority_shareholder
20250829001312,Y,00300548,현대리바트,소액주주,"25,220","25,224",99.98%,"20,535,282","10,628,716",51.75%,2024-12-31,2024,minority_shareholder
20190329002303,Y,00113225,대한제강,소액주주,"5,224",-,99.54%,"8,075,711",-,32.77%,2018-12-31,2018,minority_shareholder
20200327000106,Y,00113225,대한제강,소액주주,"4,814",-,99.78%,"9,436,062",-,38.28%,2019-12-31,2019,minority_shareholder
20210318000302,Y,00113225,대한제강,소액주주,"6,105","6,126",99.67%,"8,815,473","24,646,734",35.78%,2020-12-31,2020,minority_shareholder
20220317000844,Y,00113225,대한제강,소액주주,"21,480","21,499",99.91%,"10,097,191","24,646,734",40.98%,2021-12-31,2021,minority_shareholder
20230331003410,Y,00113225,대한제강,소액주주,"13,556","13,575",99.86%,"7,106,461","24,646,734",28.83%,2022-12-31,2022,minority_shareholder
20240314001065,Y,00113225,대한제강,소액주주,"12,088","12,107",99.84%,"5,948,178","23,414,397",25.40%,2023-12-31,2023,minority_shareholder
20250320000395,Y,00113225,대한제강,소액주주,"8,167","8,187",99.77%,"5,148,430","23,414,397",22.00%,2024-12-31,2024,minority_shareholder
20190401002379,Y,00305668,새론오토모티브,소액주주,"2,381",-,99.67%,"2,570,195",-,13.39%,2018-12-31,2018,minority_shareholder
20200330002452,Y,00305668,새론오토모티브,소액주주,"1,912",-,99.58%,"2,133,881",-,11.11%,2019-12-31,2019,minority_shareholder
20210318000800,Y,00305668,새론오토모티브,소액주주,"1,515","1,521",99.61%,"1,818,270","19,200,000",9.47%,2020-12-31,2020,minority_shareholder
20220318001063,Y,00305668,새론오토모티브,소액주주,"2,313","2,318",99.78%,"1,818,270","19,200,000",9.60%,2021-12-31,2021,minority_shareholder
20230316000818,Y,00305668,새론오토모티브,소액주주,"2,390","2,395",99.79%,"1,996,743","19,200,000",10.40%,2022-12-31,2022,minority_shareholder
20240321000841,Y,00305668,새론오토모티브,소액주주,"2,089","2,094",99.76%,"2,015,836","19,200,000",10.50%,2023-12-31,2023,minority_shareholder
20250321000868,Y,00305668,새론오토모티브,소액주주,"1,963","1,968",99.75%,"2,025,395","19,200,000",10.55%,2024-12-31,2024,minority_shareholder
20190401002591,Y,00454946,그린케미칼,소액주주,"2,932",-,99.52%,"4,198,076",-,20.99%,2018-12-31,2018,minority_shareholder
20200330004168,Y,00454946,그린케미칼,소액주주,"2,751",-,99.53%,"6,377,169",-,26.57%,2019-12-31,2019,minority_shareholder
20210316000330,Y,00454946,그린케미칼,소액주주,"14,580","14,590",99.93%,"6,627,778","23,325,199",28.41%,2020-12-31,2020,minority_shareholder
20220315000608,Y,00454946,그린케미칼,소액주주,"29,170","29,180",99.97%,"8,195,626","23,325,199",35.14%,2021-12-31,2021,minority_shareholder
20230314000467,Y,00454946,그린케미칼,소액주주,"25,149","25,159",99.96%,"7,833,776","23,326,324",33.58%,2022-12-31,2022,minority_shareholder
20240319000484,Y,00454946,그린케미칼,소액주주,"22,226","22,234",99.96%,"8,076,677","23,326,324",34.62%,2023-12-31,2023,minority_shareholder
20250318000396,Y,00454946,그린케미칼,소액주주,"23,130","23,138",99.97%,"8,037,630","23,326,324",34.46%,2024-12-31,2024,minority_shareholder
20190329001431,Y,00210856,코아스,소액주주,"7,678",-,99.92%,"21,714,170",-,70.25%,2018-12-31,2018,minority_shareholder
20200330002014,Y,00210856,코아스,소액주주,"8,263",-,99.94%,"21,263,385",-,68.80%,2019-12-31,2019,minority_shareholder
20210318000429,Y,00210856,코아스,소액주주,"7,570","7,577",99.92%,"20,928,692","30,907,210",67.72%,2020-12-31,2020,minority_shareholder
20220318000115,Y,00210856,코아스,소액주주,"8,049","8,055",99.94%,"21,159,690","30,907,210",68.48%,2021-12-31,2021,minority_shareholder
20230320000316,Y,00210856,코아스,소액주주,"7,212","7,220",99.89%,"19,948,808","30,907,210",64.54%,2022-12-31,2022,minority_shareholder
20240321000499,Y,00210856,코아스,소액주주,"7,678","7,685",99.92%,"20,569,270","30,907,210",66.56%,2023-12-31,2023,minority_shareholder
20250320000653,Y,00210856,코아스,소액주주,"4,388","4,399",99.75%,"2,073,655","3,290,720",63.02%,2024-12-31,2024,minority_shareholder
20190401002934,Y,00540605,이월드,소액주주,"9,652",-,99.97% %,"23,140,906",-,25.56%,2018-12-31,2018,minority_shareholder
20200330003777,Y,00540605,이월드,소액주주,"14,511",-,99.97% %,"22,820,348",-,21.44%,2019-12-31,2019,minority_shareholder
20210318000901,Y,00540605,이월드,소액주주,"20,202","20,207",99.98%,"33,310,964","119,065,823",27.98%,2020-12-31,2020,minority_shareholder
20220317000602,Y,00540605,이월드,소액주주,"34,984","34,987",99.99%,"41,338,867","141,806,193",29.15%,2021-12-31,2021,minority_shareholder
20230316000969,Y,00540605,이월드,소액주주,"29,133","29,138",99.98%,"41,309,327","141,806,193",29.13%,2022-12-31,2022,minority_shareholder
20240314000693,Y,00540605,이월드,소액주주,"36,786","36,792",99.98%,"49,413,126","141,806,193",34.85%,2023-12-31,2023,minority_shareholder
20250313000580,Y,00540605,이월드,소액주주,"29,679","29,683",99.99%,"52,927,397","141,806,193",37.33%,2024-12-31,2024,minority_shareholder
20190401001476,Y,00540641,동양고속,소액주주,"1,345",-,99.11%,"537,782",-,18.57%,2018-12-31,2018,minority_shareholder
20200326000850,Y,00540641,동양고속,소액주주,"1,568",-,99.05%,"669,207",-,23.11%,2019-12-31,2019,minority_shareholder
20210317001230,Y,00540641,동양고속,소액주주,"5,636","5,650",99.75%,"796,856","2,620,521",30.41%,2020-12-31,2020,minority_shareholder
20221013000113,Y,00540641,동양고속,소액주주,"6,500","6,511",99.83%,"916,728","2,895,569",31.66%,2021-12-31,2021,minority_shareholder
20230321001090,Y,00540641,동양고속,소액주주,"5,858","5,869",99.81%,"943,294","2,609,000",36.16%,2022-12-31,2022,minority_shareholder
20240320000900,Y,00540641,동양고속,소액주주,"5,193","5,205",99.8%,"942,546","2,609,000",36.1%,2023-12-31,2023,minority_shareholder
20250321001272,Y,00540641,동양고속,소액주주,"4,636","4,646",99.78%,"934,057","2,609,000",35.80%,2024-12-31,2024,minority_shareholder
20190329001992,Y,00161383,한미반도체,소액주주,"6,896",-,99.78%,"16,742,346",-,29.26%,2018-12-31,2018,minority_shareholder
20200327001498,Y,00161383,한미반도체,소액주주,"9,364",-,99.85%,"17,891,056",-,31.27%,2019-12-31,2019,minority_shareholder
20210311000922,Y,00161383,한미반도체,소액주주,"21,338","21,354",99.93%,"17,307,636","51,501,501",33.61%,2020-12-31,2020,minority_shareholder
20220415000576,Y,00161383,한미반도체,소액주주,"70,139","70,153",99.98%,"19,899,097","49,459,877",40.23%,2021-12-31,2021,minority_shareholder
20230316001554,Y,00161383,한미반도체,소액주주,"80,543","80,556",99.98%,"39,308,635","97,339,302",40.38%,2022-12-31,2022,minority_shareholder
20240314001257,Y,00161383,한미반도체,소액주주,"110,619","110,630",99.99%,"39,661,482","97,339,302",40.75%,2023-12-31,2023,minority_shareholder
20250313001171,Y,00161383,한미반도체,소액주주,"204,761","204,769",99.99%,"40,099,161","96,614,259",41.50%,2024-12-31,2024,minority_shareholder
20190401003844,Y,00172936,동일산업,소액주주,"1,999",-,99.35%,"722,810",-,29.80%,2018-12-31,2018,minority_shareholder
20200330004274,Y,00172936,동일산업,소액주주,"1,706",-,99.36%,"713,125",-,29.39%,2019-12-31,2019,minority_shareholder
20210323000594,Y,00172936,동일산업,소액주주,"1,168","1,182",98.8%,"693,509","2,425,215",28.6%,2020-12-31,2020,minority_shareholder
20220325001115,Y,00172936,동일산업,소액주주,"1,274","1,291",98.7%,"604,174","2,425,215",24.9%,2021-12-31,2021,minority_shareholder
20240322000958,Y,00172936,동일산업,소액주주,"2,885","2,902",99.41%,"653,952","2,425,215",26.96%,2023-12-31,2023,minority_shareholder
20250328001290,Y,00172936,동일산업,소액주주,"2,200","2,222",99.02%,"602,913","2,425,215",24.86%,2024-12-31,2024,minority_shareholder
20190401000671,Y,00128980,삼호개발,소액주주,"8,398",-,99.9%,"13,247,861",-,52.99%,2018-12-31,2018,minority_shareholder
20200330000959,Y,00128980,삼호개발,소액주주,"8,439",-,99.93%,"14,122,864",-,56.49%,2019-12-31,2019,minority_shareholder
20210309000431,Y,00128980,삼호개발,소액주주,"10,028","10,033",99.95%,"14,140,000","23,000,000",61.48%,2020-12-31,2020,minority_shareholder
20220315000910,Y,00128980,삼호개발,소액주주,"13,456","13,464",99.94%,"12,899,709","25,000,000",51.60%,2021-12-31,2021,minority_shareholder
20230320000375,Y,00128980,삼호개발,소액주주,"14,221","14,230",99.94%,"12,368,866","25,000,000",49.48%,2022-12-31,2022,minority_shareholder
20240321001103,Y,00128980,삼호개발,소액주주,"12,312","12,321",99.93%,"12,168,477","25,000,000",48.67%,2023-12-31,2023,minority_shareholder
20250317000096,Y,00128980,삼호개발,소액주주,"10,873","10,881",99.93%,"12,287,904","25,000,000",49.15%,2024-12-31,2024,minority_shareholder
20200504000163,Y,00481454,금호타이어,소액주주,"32,868",-,99.97%,"97,768,154",-,34.03%,2018-12-31,2018,minority_shareholder
20200504000397,Y,00481454,금호타이어,소액주주,"29,293",-,99.97%,"92,856,624",-,32.32%,2019-12-31,2019,minority_shareholder
20210330001151,Y,00481454,금호타이어,소액주주,"35,627","35,635",99.97%,"87,357,124","287,260,287",30.41%,2020-12-31,2020,minority_shareholder
20220330001690,Y,00481454,금호타이어,소액주주,"97,452","97,461",99.99%,"81,413,922","287,260,287",28.34%,2021-12-31,2021,minority_shareholder
20230322001105,Y,00481454,금호타이어,소액주주,"107,134","107,142",99.99%,"89,932,141","287,260,287",31.30%,2022-12-31,2022,minority_shareholder
20240326000919,Y,00481454,금호타이어,소액주주,"107,103","107,111",99.99%,"92,610,084","287,260,287",32.23%,2023-12-31,2023,minority_shareholder
20250318001169,Y,00481454,금호타이어,소액주주,"101,114","101,122",99.99%,"106,614,486","287,260,287",37.11%,2024-12-31,2024,minority_shareholder
20190702000269,Y,00303873,CJ CGV,소액주주,"40,864",-,99.99%,"11,684,727",-,55.22%,2018-12-31,2018,minority_shareholder
20200330003232,Y,00303873,CJ CGV,소액주주,"39,121",-,99.97%,"11,844,960",-,55.97%,2019-12-31,2019,minority_shareholder
20210319001272,Y,00303873,CJ CGV,소액주주,"76,814","76,822",99.99%,"18,359,471","35,100,000",52.31%,2020-12-31,2020,minority_shareholder
20220321001182,Y,00303873,CJ CGV,소액주주,"123,169","123,172",99.99%,"22,025,387,000,000","40,806,712,000,000",53.97%,2021-12-31,2021,minority_shareholder
20230320001054,Y,00303873,CJ CGV,소액주주,-,-,-,-,-,-,2022-12-31,2022,minority_shareholder
20240318000720,Y,00303873,CJ CGV,소액주주,"127,313","127,322",99.99%,"70,757,157","122,431,562",57.81%,2023-12-31,2023,minority_shareholder
20250321001474,Y,00303873,CJ CGV,소액주주,"107,429","107,432",99.9%,"69,733,097","165,580,153",0.42%,2024-12-31,2024,minority_shareholder
20190401004836,Y,00508274,일진다이아,소액주주,"12,385",-,99.98%,"4,479,130",-,39.72%,2018-12-31,2018,minority_shareholder
20200330002763,Y,00508274,일진다이아,소액주주,"16,238",-,99.96%,"5,600,993",-,39.44%,2019-12-31,2019,minority_shareholder
20210318001295,Y,00508274,일진다이아,소액주주,"38,150","38,156",99.98%,"6,006,634","14,202,975",42.29%,2020-12-31,2020,minority_shareholder
20220316000616,Y,00508274,일진다이아,소액주주,"41,450","41,454",99.99%,"6,280,551","14,202,975",44.22%,2021-12-31,2021,minority_shareholder
20230315000563,Y,00508274,일진다이아,소액주주,"37,495","37,500",99.99%,"6,355,650","14,202,975",44.75%,2022-12-31,2022,minority_shareholder
20240313000713,Y,00508274,일진다이아,소액주주,"33,249","33,251",99.99%,"6,875,349","14,202,975",48.41%,2023-12-31,2023,minority_shareholder
20250312000641,Y,00508274,일진다이아,소액주주,"30,224","30,226",99.99%,"6,875,349","14,202,975",48.41%,2024-12-31,2024,minority_shareholder
20190329001635,Y,00159786,유니드,소액주주,"3,159",-,99.50%,"3,388,582",-,38.12%,2018-12-31,2018,minority_shareholder
20200330001244,Y,00159786,유니드,소액주주,"3,393",-,99.56%,"3,455,513",-,38.87%,2019-12-31,2019,minority_shareholder
20210310000439,Y,00159786,유니드,소액주주,"4,998","5,013",99.70%,"3,736,198","8,889,843",42.03%,2020-12-31,2020,minority_shareholder
20220308000942,Y,00159786,유니드,소액주주,"24,024","24,039",99.94%,"4,316,066","8,889,843",48.55%,2021-12-31,2021,minority_shareholder
20230308000675,Y,00159786,유니드,소액주주,"15,093","15,112",99.87%,"2,928,387","6,767,600",43.27%,2022-12-31,2022,minority_shareholder
20240320000795,Y,00159786,유니드,소액주주,"14,053","14,070",99.88%,"2,986,084","6,767,600",44.12%,2023-12-31,2023,minority_shareholder
20250318000116,Y,00159786,유니드,소액주주,"15,622","15,639",99.89%,"3,076,892","6,767,600",45.47%,2024-12-31,2024,minority_shareholder
20190401002381,Y,00129642,상신브레이크,소액주주,"4,726",-,99.43%,"5,240,233",-,24.41%,2018-12-31,2018,minority_shareholder
20200330003127,Y,00129642,상신브레이크,소액주주,"4,341",-,99.35%,"5,738,787",-,26.72%,2019-12-31,2019,minority_shareholder
20210319000704,Y,00129642,상신브레이크,소액주주,"4,931","4,951",99.60%,"9,266,584","21,471,450",43.16%,2020-12-31,2020,minority_shareholder
20220318000969,Y,00129642,상신브레이크,소액주주,"10,607","10,626",99.82%,"9,417,434","21,471,450",43.86%,2021-12-31,2021,minority_shareholder
20230317000349,Y,00129642,상신브레이크,소액주주,"12,431","12,448",99.86%,"9,442,434","21,471,450",43.98%,2022-12-31,2022,minority_shareholder
20240315000633,Y,00129642,상신브레이크,소액주주,"11,658","11,676",99.8%,"9,642,434","21,471,450",44.9%,2023-12-31,2023,minority_shareholder
20250314001195,Y,00129642,상신브레이크,소액주주,"10,961","10,981",99.8%,"9,642,434","21,471,450",44.9%,2024-12-31,2024,minority_shareholder
20190329003229,Y,00180795,인팩,소액주주,"2,243",-,99.47%,"3,364,928",-,33.65%,2018-12-31,2018,minority_shareholder
20200330003163,Y,00180795,인팩,소액주주,"2,141",-,99.40%,"3,100,858",-,31.01%,2019-12-31,2019,minority_shareholder
20210322001026,Y,00180795,인팩,소액주주,"2,137","2,150",99.40%,"3,041,557","10,000,000",30.42%,2020-12-31,2020,minority_shareholder
20220322000861,Y,00180795,인팩,소액주주,"6,569","6,581",99.82%,"4,056,852","10,000,000",40.57%,2021-12-31,2021,minority_shareholder
20230322000936,Y,00180795,인팩,소액주주,"7,594","7,603",99.88%,"4,140,291","10,000,000",41.40%,2022-12-31,2022,minority_shareholder
20240320001260,Y,00180795,인팩,소액주주,"6,338","6,348",99.84%,"4,017,305","10,000,000",40.17%,2023-12-31,2023,minority_shareholder
20250321001500,Y,00180795,인팩,소액주주,"5,777","5,788",99.81%,"3,850,754","10,000,000",38.51%,2024-12-31,2024,minority_shareholder
20190401002665,Y,00414601,유니퀘스트,소액주주,"4,723",-,99.92%,"12,441,259",-,45.76%,2018-12-31,2018,minority_shareholder
20200330004272,Y,00414601,유니퀘스트,소액주주,"5,515",-,99.78%,"11,305,378",-,41.51%,2019-12-31,2019,minority_shareholder
20210318000454,Y,00414601,유니퀘스트,소액주주,"16,509","16,517",99.95%,"11,572,317","26,721,112",43.31%,2020-12-31,2020,minority_shareholder
20220317000373,Y,00414601,유니퀘스트,소액주주,"21,660","21,663",99.99%,"12,335,210","26,610,461",46.35%,2021-12-31,2021,minority_shareholder
20230323001413,Y,00414601,유니퀘스트,소액주주,"21,523","21,526",99.99%,"11,970,185","26,226,249",45.64%,2022-12-31,2022,minority_shareholder
20240321001571,Y,00414601,유니퀘스트,소액주주,"9,793","9,799",99.94%,"8,938,671","21,600,102",41.38%,2023-12-31,2023,minority_shareholder
20250320001187,Y,00414601,유니퀘스트,소액주주,"12,254","12,258",99.97%,"9,321,084","21,600,102",43.15%,2024-12-31,2024,minority_shareholder
20200317000674,Y,00353878,다스코,소액주주,"7,570",-,99.88%,"7,702,701",-,50.02%,2018-12-31,2018,minority_shareholder
20200330001086,Y,00353878,다스코,소액주주,"7,404",-,99.88%,"7,217,506",-,46.87%,2019-12-31,2019,minority_shareholder
20210316001150,Y,00353878,다스코,소액주주,"6,360","6,368",99.87%,"7,728,364","15,400,000",50.18%,2020-12-31,2020,minority_shareholder
20220405002851,Y,00353878,다스코,소액주주,"6,691","6,700",99.87%,"8,946,636","16,876,561",53.01%,2021-12-31,2021,minority_shareholder
20230321001293,Y,00353878,다스코,소액주주,"15,226","15,233",99.95%,"11,223,081","19,396,941",57.86%,2022-12-31,2022,minority_shareholder
20240318000513,Y,00353878,다스코,소액주주,"12,312","12,318",99.95%,"11,471,655","19,396,941",59.14%,2023-12-31,2023,minority_shareholder
20250314000954,Y,00353878,다스코,소액주주,"11,913","11,920",99.94%,"11,242,600","18,796,941",59.81%,2024-12-31,2024,minority_shareholder
20190401004005,Y,00105873,LG디스플레이,소액주주,"185,401",-,99.99%,"170,515,847",-,47.65%,2018-12-31,2018,minority_shareholder
20200330004446,Y,00105873,LG디스플레이,소액주주,"175,137",-,99.99%,"1,184,301,788",-,51.51%,2019-12-31,2019,minority_shareholder
20210315000829,Y,00105873,LG디스플레이,소액주주,"235,224","235,228",99.99%,"197,537,691","357,815,700",55.21%,2020-12-31,2020,minority_shareholder
20220315000742,Y,00105873,LG디스플레이,소액주주,"434,073","434,079",99.99%,"200,404,818","357,815,700",56.01%,2021-12-31,2021,minority_shareholder
20230313000751,Y,00105873,LG디스플레이,소액주주,"452,717","452,720",99.99%,"202,715,211","357,815,700",56.65%,2022-12-31,2022,minority_shareholder
20240314000487,Y,00105873,LG디스플레이,소액주주,"394,245","394,250",99.99%,"199,655,588","357,815,700",55.81%,2023-12-31,2023,minority_shareholder
20250312000906,Y,00105873,LG디스플레이,소액주주,"361,832","361,837",99.99%,"259,789,801","500,000,000",51.96%,2024-12-31,2024,minority_shareholder
20190329003295,Y,00361488,텔코웨어,소액주주,"3,345",-,99.76%,"2,671,457",-,27.53%,2018-12-31,2018,minority_shareholder
20200327001757,Y,00361488,텔코웨어,소액주주,"3,542",-,99.77%,"2,678,393",-,27.60%,2019-12-31,2019,minority_shareholder
20210318000664,Y,00361488,텔코웨어,소액주주,"4,009","4,016",99.83%,"2,794,867","9,702,706",28.81%,2020-12-31,2020,minority_shareholder
20220310000802,Y,00361488,텔코웨어,소액주주,"4,680","4,688",99.83%,"2,615,738","9,702,706",26.96%,2021-12-31,2021,minority_shareholder
20230316001321,Y,00361488,텔코웨어,소액주주,"4,453","4,458",99.89%,"2,571,358","9,702,706",26.50%,2022-12-31,2022,minority_shareholder
20240321001401,Y,00361488,텔코웨어,소액주주,"4,147","4,153",99.86%,"2,531,028","9,702,706",26.09%,2023-12-31,2023,minority_shareholder
20250814001427,Y,00361488,텔코웨어,소액주주,"3,290","3,295",99.88%,"2,120,438","9,240,077",22.95%,2024-12-31,2024,minority_shareholder
20190708000358,Y,00480455,STX엔진,소액주주,"15,327",-,99.99%,"3,584,652",-,12.96%,2018-12-31,2018,minority_shareholder
20200330001693,Y,00480455,STX엔진,소액주주,"14,338",-,99.99%,"3,584,652",-,12.96%,2019-12-31,2019,minority_shareholder
20210322001089,Y,00480455,STX엔진,소액주주,"13,852","13,853",99.99%,"3,584,652","23,008,952",15.58%,2020-12-31,2020,minority_shareholder
20220322000774,Y,00480455,STX엔진,소액주주,"15,642","15,643",99.99%,"3,584,652","23,008,952",15.58%,2021-12-31,2021,minority_shareholder
20230322000972,Y,00480455,STX엔진,소액주주,"16,947","16,948",99.99%,"3,584,652","23,008,952",15.58%,2022-12-31,2022,minority_shareholder
20240320000369,Y,00480455,STX엔진,소액주주,"14,979","14,980",99.99%,"3,584,652","23,008,952",15.58%,2023-12-31,2023,minority_shareholder
20250321000939,Y,00480455,STX엔진,소액주주,"21,056","21,061",99.97%,"7,327,127","23,008,952",31.84%,2024-12-31,2024,minority_shareholder
20190401004798,Y,00108913,대교,소액주주,"5,466",-,99.64%,"15,143,647",-,17.86%,2018-12-31,2018,minority_shareholder
20200330004192,Y,00108913,대교,소액주주,"13,120",-,99.86%,"13,861,367",-,16.35%,2019-12-31,2019,minority_shareholder
20210318001424,Y,00108913,대교,소액주주,"27,421","27,434",99.96%,"12,675,651","84,702,850",14.97%,2020-12-31,2020,minority_shareholder
20220725000180,Y,00108913,대교,소액주주,"25,454","25,468",99.95%,"12,639,911","84,702,850",14.93%,2021-12-31,2021,minority_shareholder
20230713000378,Y,00108913,대교,소액주주,"23,848","23,861",99.95%,"12,013,675","84,702,850",14.18%,2022-12-31,2022,minority_shareholder
20240314001769,Y,00108913,대교,소액주주,"22,601","22,615",99.9%,"11,174,456","84,702,850",100.0%,2023-12-31,2023,minority_shareholder
20250819000071,Y,00108913,대교,소액주주,"20,667","20,673",99.96%,"10,961,539","84,702,850",12.93%,2024-12-31,2024,minority_shareholder
20190401003749,Y,00469799,이엔플러스,소액주주,"21,719",-,99.97%,"23,640,734",-,85.02%,2018-12-31,2018,minority_shareholder
20200330004023,Y,00469799,이엔플러스,소액주주,"32,885",-,99.98%,"32,167,988",-,86.42%,2019-12-31,2019,minority_shareholder
20210331001669,Y,00469799,이엔플러스,소액주주,"28,317","28,322",99.98%,"36,239,978","42,310,049",85.65%,2020-12-31,2020,minority_shareholder
20220331003484,Y,00469799,이엔플러스,소액주주,"24,806","24,814",99.97%,"37,036,393","51,499,987",71.92%,2021-12-31,2021,minority_shareholder
20230322001126,Y,00469799,이엔플러스,소액주주,"44,225","44,230",84.87%,"49,515,400","58,337,806",84.87%,2022-12-31,2022,minority_shareholder
20240321001446,Y,00469799,이엔플러스,소액주주,"65,734","65,737",99.99%,"65,191,529","69,831,953",93.35%,2023-12-31,2023,minority_shareholder
20250407004328,Y,00469799,이엔플러스,소액주주,"55,331","55,333",99.99%,"70,987,827","73,374,729",96.74%,2024-12-31,2024,minority_shareholder
20190401004409,Y,00203582,한솔홈데코,소액주주,"16,657",-,99.97%,"57,983,797",-,71.96%,2018-12-31,2018,minority_shareholder
20200330004417,Y,00203582,한솔홈데코,소액주주,"13,506",-,99.98%,"58,106,465",-,72.14%,2019-12-31,2019,minority_shareholder
20210331002373,Y,00203582,한솔홈데코,소액주주,"36,154","36,157",99.99%,"58,676,905","80,565,149",72.84%,2020-12-31,2020,minority_shareholder
20220315001058,Y,00203582,한솔홈데코,소액주주,"184,390","184,393",100.00%,"59,503,289","80,565,149",73.87%,2021-12-31,2021,minority_shareholder
20230314001292,Y,00203582,한솔홈데코,소액주주,"168,870","168,873",100.00%,"60,681,256","80,565,149",75.33%,2022-12-31,2022,minority_shareholder
20240329002820,Y,00203582,한솔홈데코,소액주주,"159,460","159,462",100.00%,"61,659,262","80,565,149",76.54%,2023-12-31,2023,minority_shareholder
20250311000946,Y,00203582,한솔홈데코,소액주주,"146,286","146,290",100.00%,"61,505,262","80,565,149",76.35%,2024-12-31,2024,minority_shareholder
20190401004375,Y,00107613,이수페타시스,소액주주,"9,688",-,99.90%,"23,414,339",-,56.74%,2018-12-31,2018,minority_shareholder
20200515001654,Y,00107613,이수페타시스,소액주주,"13,630",-,99.90%,"26,360,830",-,63.88%,2019-12-31,2019,minority_shareholder
20210405003044,Y,00107613,이수페타시스,소액주주,"17,082","17,089",99.96%,"28,451,698","41,268,398",68.94%,2020-12-31,2020,minority_shareholder
20220323001140,Y,00107613,이수페타시스,소액주주,-,-,-,-,-,-,2021-12-31,2021,minority_shareholder
20230323001183,Y,00107613,이수페타시스,소액주주,-,-,-,-,-,-,2022-12-31,2022,minority_shareholder
20240321001149,Y,00107613,이수페타시스,소액주주,-,-,-,-,-,-,2023-12-31,2023,minority_shareholder
20250321001007,Y,00107613,이수페타시스,소액주주,-,-,-,-,-,-,2024-12-31,2024,minority_shareholder
20190401000418,Y,00255619,강원랜드,소액주주,"39,949",-,99.96%,"77,999,191",-,36.45%,2018-12-31,2018,minority_shareholder
20200330003997,Y,00255619,강원랜드,소액주주,"39,497",-,99.97%,"79,522,519",-,37.17%,2019-12-31,2019,minority_shareholder
20210322001172,Y,00255619,강원랜드,소액주주,"93,151","93,162",99.99%,"77,104,990","202,738,998",38.03%,2020-12-31,2020,minority_shareholder
20220323000547,Y,00255619,강원랜드,소액주주,"129,307","129,317",99.99%,"81,133,482","202,738,998",40.02%,2021-12-31,2021,minority_shareholder
20230321000399,Y,00255619,강원랜드,소액주주,"96,699","96,712",99.99%,"74,714,820","202,738,998",36.85%,2022-12-31,2022,minority_shareholder
20240320001396,Y,00255619,강원랜드,소액주주,"123,928","123,937",99.99%,"85,429,717","213,940,500",39.93%,2023-12-31,2023,minority_shareholder
20250318001106,Y,00255619,강원랜드,소액주주,"104,936","104,946",99.99%,"80,597,254","213,940,500",37.67%,2024-12-31,2024,minority_shareholder
20190329004127,Y,00249247,YG PLUS,소액주주,"6,901",-,99.86%,"23,218,605",-,39.34%,2018-12-31,2018,minority_shareholder
20200330003419,Y,00249247,YG PLUS,소액주주,"8,189",-,99.91%,"25,152,171",-,42.61%,2019-12-31,2019,minority_shareholder
20210317001171,Y,00249247,YG PLUS,소액주주,"40,584","40,591",99.98%,"27,629,322","59,496,045",46.44%,2020-12-31,2020,minority_shareholder
20220316000889,Y,00249247,YG PLUS,소액주주,"44,417","44,428",99.98%,"24,150,065","63,429,410",38.07%,2021-12-31,2021,minority_shareholder
20230315001273,Y,00249247,YG PLUS,소액주주,"45,786","45,794",99.9%,"27,153,787","63,429,410",42.81%,2022-12-31,2022,minority_shareholder
20240321000750,Y,00249247,YG PLUS,소액주주,"42,024","42,032",99.98%,"26,961,950","63,429,410",42.51%,2023-12-31,2023,minority_shareholder
20250320001394,Y,00249247,YG PLUS,소액주주,"42,807","42,812",99.98%,"29,875,683","63,429,410",47.11%,2024-12-31,2024,minority_shareholder
20190329002033,Y,00416654,유엔젤,소액주주,"4,454",-,99.71%,"7,348,604",-,55.69%,2018-12-31,2018,minority_shareholder
20200327001543,Y,00416654,유엔젤,소액주주,"9,678",-,99.89%,"8,249,031",-,62.51%,2019-12-31,2019,minority_shareholder
20210504000460,Y,00416654,유엔젤,소액주주,"8,193","8,202",99.89%,"8,843,014","13,195,454",67.02%,2020-12-31,2020,minority_shareholder
20221007000390,Y,00416654,유엔젤,소액주주,"7,758","7,771",99.83%,"8,194,079","13,195,454",62.09%,2021-12-31,2021,minority_shareholder
20230323000494,Y,00416654,유엔젤,소액주주,"7,978","7,990",99.84%,"8,319,454","13,195,454",63.04%,2022-12-31,2022,minority_shareholder
20240321000806,Y,00416654,유엔젤,소액주주,"10,585","10,595",99.90%,"8,398,507","13,195,454",63.64%,2023-12-31,2023,minority_shareholder
20250328001604,Y,00416654,유엔젤,소액주주,"4,902","4,923",99.57%,"5,853,125","13,195,454",44.35%,2024-12-31,2024,minority_shareholder
20190401002685,Y,00130772,SBS,소액주주,"8,963",-,99.86%,"5,830,305",-,31.94%,2018-12-31,2018,minority_shareholder
20200330002425,Y,00130772,SBS,소액주주,"9,292",-,99.90%,"7,586,403",-,41.56%,2019-12-31,2019,minority_shareholder
20210318000400,Y,00130772,SBS,소액주주,"10,310","10,319",99.91%,"7,487,452","17,668,735",42.38%,2020-12-31,2020,minority_shareholder
20220317001064,Y,00130772,SBS,소액주주,"14,830","14,840",99.93%,"7,285,280","17,680,111",41.12%,2021-12-31,2021,minority_shareholder
20230316000964,Y,00130772,SBS,소액주주,"13,563","13,572",99.93%,"6,604,364","17,683,296",37.35%,2022-12-31,2022,minority_shareholder
20240321001674,Y,00130772,SBS,소액주주,"25,136","25,145",99.96%,"7,761,358","18,551,238",41.84%,2023-12-31,2023,minority_shareholder
20250320001108,Y,00130772,SBS,소액주주,"27,764","27,768",99.99%,"9,482,866","18,551,238",51.12%,2024-12-31,2024,minority_shareholder
20190531002169,Y,00261443,NC,소액주주,"15,892",-,99.8%,"11,756,938",-,53.6%,2018-12-31,2018,minority_shareholder
20200330004487,Y,00261443,NC,소액주주,"16,936",-,99.9%,"11,409,838",-,52.0%,2019-12-31,2019,minority_shareholder
20210316001082,Y,00261443,NC,소액주주,-,-,-,-,-,-,2020-12-31,2020,minority_shareholder
20220322000959,Y,00261443,NC,소액주주,-,-,-,-,-,-,2021-12-31,2021,minority_shareholder
20230321001334,Y,00261443,NC,소액주주,"140,015","140,029",99.9%,"12,365,678","21,954,022",56.3%,2022-12-31,2022,minority_shareholder
20240322000989,Y,00261443,NC,소액주주,"154,242","154,258",99.99%,"11,887,667","21,954,022",54.2%,2023-12-31,2023,minority_shareholder
20250328002285,Y,00261443,NC,소액주주,"124,979","125,002",99.98%,"11,049,535","21,954,022",50.33%,2024-12-31,2024,minority_shareholder
20190329001828,Y,00435312,하이스틸,소액주주,"4,606",-,99.67%,"911,257",-,45.56%,2018-12-31,2018,minority_shareholder
20200327000166,Y,00435312,하이스틸,소액주주,-,-,-,-,-,-,2019-12-31,2019,minority_shareholder
20210308000603,Y,00435312,하이스틸,소액주주,"2,944","2,964",99.34%,"891,932","1,999,944",44.61%,2020-12-31,2020,minority_shareholder
20220308000841,Y,00435312,하이스틸,소액주주,"10,972","10,989",99.85%,"9,390,320","19,999,440",46.96%,2021-12-31,2021,minority_shareholder
20230315000910,Y,00435312,하이스틸,소액주주,"15,409","15,427",99.88%,"9,205,909","20,191,471",45.82%,2022-12-31,2022,minority_shareholder
20240313001721,Y,00435312,하이스틸,소액주주,"15,067","15,084",99.89%,"8,960,159","20,191,471",44.39%,2023-12-31,2023,minority_shareholder
20250312001033,Y,00435312,하이스틸,소액주주,"13,884","13,901",99.88%,"9,163,082","20,191,471",45.38%,2024-12-31,2024,minority_shareholder
20190329002830,Y,00151298,DSR제강,소액주주,"7,084",-,99.9%,"6,093,576",-,42.3%,2018-12-31,2018,minority_shareholder
20200330001416,Y,00151298,DSR제강,소액주주,"6,832",-,99.8%,"5,883,323",-,40.9%,2019-12-31,2019,minority_shareholder
20210319000451,Y,00151298,DSR제강,소액주주,"6,077","6,087",99.84%,"5,711,518","13,939,000",40.98%,2020-12-31,2020,minority_shareholder
20220321000461,Y,00151298,DSR제강,소액주주,"8,914","8,927",99.85%,"5,063,724","13,939,000",36.33%,2021-12-31,2021,minority_shareholder
20230320000604,Y,00151298,DSR제강,소액주주,"12,202","12,213",99.90%,"5,777,043","13,939,000",41.45%,2022-12-31,2022,minority_shareholder
20240320001220,Y,00151298,DSR제강,소액주주,"9,023","9,034",99.88%,"5,597,801","13,939,000",40.16%,2023-12-31,2023,minority_shareholder
20250226005968,Y,00151298,DSR제강,소액주주,"8,221","8,240",99.77%,"5,644,976","14,400,000",39.20%,2024-12-31,2024,minority_shareholder
20190401003142,Y,00109161,태경케미컬,소액주주,"3,957",-,99.82%,"4,225,666",-,36.43%,2018-12-31,2018,minority_shareholder
20200330003736,Y,00109161,태경케미컬,소액주주,"4,379",-,99.79%,"3,727,867",-,32.14%,2019-12-31,2019,minority_shareholder
20210318001386,Y,00109161,태경케미컬,소액주주,"17,027","17,033",99.9%,"3,828,889","11,600,000",33.0%,2020-12-31,2020,minority_shareholder
20220816000755,Y,00109161,태경케미컬,소액주주,"16,098","16,105",99.9%,"3,650,034","11,600,000",31.5%,2021-12-31,2021,minority_shareholder
20230314000862,Y,00109161,태경케미컬,소액주주,"18,221","18,226",99.9%,"4,098,276","11,600,000",35.3%,2022-12-31,2022,minority_shareholder
20240314001217,Y,00109161,태경케미컬,소액주주,"14,055","14,060",99.9%,"4,141,034","11,600,000",35.70%,2023-12-31,2023,minority_shareholder
20250318000825,Y,00109161,태경케미컬,소액주주,"14,125","14,130",99.96%,"4,142,753","11,600,000",35.71%,2024-12-31,2024,minority_shareholder
20190329003612,Y,00160861,한농화성,소액주주,"2,826",-,99.6%,"4,474,345",-,28.6%,2018-12-31,2018,minority_shareholder
20200330000721,Y,00160861,한농화성,소액주주,"2,503",-,99.56%,"4,400,032",-,28.13%,2019-12-31,2019,minority_shareholder
20210318000587,Y,00160861,한농화성,소액주주,"5,459","5,471",99.78%,"4,095,954","15,637,042",26.19%,2020-12-31,2020,minority_shareholder
20220317000292,Y,00160861,한농화성,소액주주,"25,035","25,043",99.97%,"6,898,098","15,637,042",44.11%,2021-12-31,2021,minority_shareholder
20230316000728,Y,00160861,한농화성,소액주주,"21,596","21,604",99.96%,"7,032,555","15,637,042",44.97%,2022-12-31,2022,minority_shareholder
20240314000591,Y,00160861,한농화성,소액주주,"30,979","30,986",99.98%,"6,906,725","15,637,042",44.17%,2023-12-31,2023,minority_shareholder
20250320000501,Y,00160861,한농화성,소액주주,"28,698","28,707",99.98%,"6,846,298","15,637,042",43.79%,2024-12-31,2024,minority_shareholder
20190401003503,Y,00428251,현대백화점,소액주주,"14,587",-,99.93%,"11,909,202",-,50.89%,2018-12-31,2018,minority_shareholder
20200330004495,Y,00428251,현대백화점,소액주주,"12,985",-,99.93%,"11,894,605",-,50.83%,2019-12-31,2019,minority_shareholder
20210316001102,Y,00428251,현대백화점,소액주주,"58,811","58,818",99.99%,"11,911,170","23,402,441",50.90%,2020-12-31,2020,minority_shareholder
20220318000922,Y,00428251,현대백화점,소액주주,"79,998","80,007",99.99%,"11,176,425","23,402,441",47.76%,2021-12-31,2021,minority_shareholder
20230320001061,Y,00428251,현대백화점,소액주주,"70,395","70,405",99.99%,"11,051,076","23,402,441",47.22%,2022-12-31,2022,minority_shareholder
20240318000213,Y,00428251,현대백화점,소액주주,"62,901","62,910",99.99%,"11,088,604","23,402,441",47.38%,2023-12-31,2023,minority_shareholder
20250318001045,Y,00428251,현대백화점,소액주주,"53,870","53,879",99.98%,"10,940,670","22,628,813",48.35%,2024-12-31,2024,minority_shareholder
20190401002729,Y,00428729,대호에이엘,소액주주,"21,744",-,99.98%,"18,179,697",-,66.99%,2018-12-31,2018,minority_shareholder
20200330002479,Y,00428729,대호에이엘,소액주주,"13,204",-,99.99%,"21,849,748",-,80.52%,2019-12-31,2019,minority_shareholder
20210316000506,Y,00428729,대호에이엘,소액주주,"13,343","13,346",99.97%,"21,576,414","27,134,839",79.51%,2020-12-31,2020,minority_shareholder
20220316000652,Y,00428729,대호에이엘,소액주주,"11,580","11,581",99.99%,"43,384,148","50,535,136",85.85%,2021-12-31,2021,minority_shareholder
20240312000869,Y,00428729,대호에이엘,소액주주,"19,166","19,174",99.97%,"40,968,000","52,003,000",78.79%,2022-12-31,2022,minority_shareholder
20240320001502,Y,00428729,대호에이엘,소액주주,"14,182","14,189",99.97%,"50,881,861","67,544,896",75.34%,2023-12-31,2023,minority_shareholder
20250711000353,Y,00428729,대호에이엘,소액주주,"11,675","11,688",99.91%,"42,856,000","67,784,000",63.24%,2024-12-31,2024,minority_shareholder
20190401004265,Y,00427483,대웅제약,소액주주,"12,728",-,99.91%,"3,933,951",-,33.94%,2018-12-31,2018,minority_shareholder
20200330004401,Y,00427483,대웅제약,소액주주,"15,224",-,99.95%,"3,866,658",-,33.38%,2019-12-31,2019,minority_shareholder
20210817000156,Y,00427483,대웅제약,소액주주,"49,719","49,730",99.99%,"4,098,210","10,762,695",38.08%,2020-12-31,2020,minority_shareholder
20220321000922,Y,00427483,대웅제약,소액주주,"31,938","31,949",99.98%,"4,154,478","10,762,695",35.87%,2021-12-31,2021,minority_shareholder
20230321000740,Y,00427483,대웅제약,소액주주,"21,014","21,024",99.95%,"4,059,488","11,069,208",36.67%,2022-12-31,2022,minority_shareholder
20240320001120,Y,00427483,대웅제약,소액주주,"29,207","29,217",99.97%,"4,298,445","11,586,575",37.10%,2023-12-31,2023,minority_shareholder
20250814004375,Y,00427483,대웅제약,소액주주,"21,037","21,046",99.97%,"3,789,131","11,586,575",32.70%,2024-12-31,2024,minority_shareholder
20190329003768,Y,00204208,마니커,소액주주,"19,444",-,99.98%,"76,476,169",-,48.26%,2018-12-31,2018,minority_shareholder
20200330003792,Y,00204208,마니커,소액주주,"33,709",-,99.99%,"113,991,594",-,71.93%,2019-12-31,2019,minority_shareholder
20210419000434,Y,00204208,마니커,소액주주,"38,344","38,346",99.99%,"138,185,596","198,472,594",69.63%,2020-12-31,2020,minority_shareholder
20220318001071,Y,00204208,마니커,소액주주,"38,521","38,523",99.99%,"43,575,746","63,511,228",68.61%,2021-12-31,2021,minority_shareholder
20230317000904,Y,00204208,마니커,소액주주,"42,462","42,464",99.99%,"44,446,218","63,511,228",69.98%,2022-12-31,2022,minority_shareholder
20240315000872,Y,00204208,마니커,소액주주,"43,552","43,553",99.99%,"44,446,218","63,501,218",69.99%,2023-12-31,2023,minority_shareholder
20250324000626,Y,00204208,마니커,소액주주,"37,929","37,930",99.99%,"44,446,218","63,501,218",69.99%,2024-12-31,2024,minority_shareholder
20190401002595,Y,00426086,티케이지휴켐스,소액주주,"10,034",-,99.85%,"15,009,114",-,36.72%,2018-12-31,2018,minority_shareholder
20200330001051,Y,00426086,티케이지휴켐스,소액주주,"10,714",-,99.87%,"14,606,873",-,35.73%,2019-12-31,2019,minority_shareholder
20210318001017,Y,00426086,티케이지휴켐스,소액주주,"20,729","20,736",99.97%,"14,877,927","40,878,588",36.40%,2020-12-31,2020,minority_shareholder
20220317001002,Y,00426086,티케이지휴켐스,소액주주,"52,504","52,510",99.98%,"15,919,447","40,878,588",38.94%,2021-12-31,2021,minority_shareholder
20230316001190,Y,00426086,티케이지휴켐스,소액주주,"40,103","40,109",99.9%,"14,013,534","40,878,588",34.3%,2022-12-31,2022,minority_shareholder
20240314001436,Y,00426086,티케이지휴켐스,소액주주,"31,265","31,272",99.9%,"14,183,111","40,878,588",34.7%,2023-12-31,2023,minority_shareholder
20250313001222,Y,00426086,티케이지휴켐스,소액주주,"29,955","29,960",99.9%,"13,719,021","40,870,588",33.6%,2024-12-31,2024,minority_shareholder
20190329003628,Y,00134510,SJG세종,소액주주,"5,792",-,99.83%,"6,916,573",-,33.82%,2018-12-31,2018,minority_shareholder
20200330003652,Y,00134510,SJG세종,소액주주,"8,247",-,99.90%,"10,199,400",-,49.87%,2019-12-31,2019,minority_shareholder
20210319001017,Y,00134510,SJG세종,소액주주,"27,099","27,105",99.98%,"14,163,906","26,920,714",52.61%,2020-12-31,2020,minority_shareholder
20220324000888,Y,00134510,SJG세종,소액주주,"31,569","31,575",99.98%,"14,346,678","27,052,299",53.03%,2021-12-31,2021,minority_shareholder
20230726000502,Y,00134510,SJG세종,소액주주,"29,063","29,066",99.98%,"15,044,295","27,052,299",55.61%,2022-12-31,2022,minority_shareholder
20240318000878,Y,00134510,SJG세종,소액주주,"24,497","24,503",99.98%,"14,764,018","27,052,299",54.58%,2023-12-31,2023,minority_shareholder
20250317000672,Y,00134510,SJG세종,소액주주,"21,016","21,022",99.98%,"14,749,954","27,052,299",54.52%,2024-12-31,2024,minority_shareholder
20190329004089,Y,00155258,포스코스틸리온,소액주주,"4,163",-,99.74%,"1,466,679",-,24.44%,2018-12-31,2018,minority_shareholder
20200327001684,Y,00155258,포스코스틸리온,소액주주,"4,013",-,99.78%,"1,423,452",-,23.72%,2019-12-31,2019,minority_shareholder
20210305000745,Y,00155258,포스코스틸리온,소액주주,"7,508","7,511",99.96%,"2,341,316","6,000,000",39.02%,2020-12-31,2020,minority_shareholder
20220311000529,Y,00155258,포스코스틸리온,소액주주,"32,780","32,782",99.99%,"2,471,946","6,000,000",41.20%,2021-12-31,2021,minority_shareholder
20230313000443,Y,00155258,포스코스틸리온,소액주주,"32,511","32,514",99.99%,"2,564,900","6,000,000",42.75%,2022-12-31,2022,minority_shareholder
20240315000541,Y,00155258,포스코스틸리온,소액주주,"32,899","32,902",99.99%,"2,359,498","5,990,590",39.39%,2023-12-31,2023,minority_shareholder
20250408001924,Y,00155258,포스코스틸리온,소액주주,"29,215","29,217",99.99%,"2,588,000","5,990,590",43.20%,2024-12-31,2024,minority_shareholder
20190401003006,Y,00423690,삼성출판사,소액주주,"5,159",-,99.79%,"2,845,447",-,28.44%,2018-12-31,2018,minority_shareholder
20200330002632,Y,00423690,삼성출판사,소액주주,"11,741",-,99.9%,"3,505,868",-,35.1%,2019-12-31,2019,minority_shareholder
20210318000927,Y,00423690,삼성출판사,소액주주,"14,409","14,417",99.95%,"3,198,239","10,000,000",31.99%,2020-12-31,2020,minority_shareholder
20220323000869,Y,00423690,삼성출판사,소액주주,"32,525","32,532",99.98%,"3,291,770","10,000,000",32.92%,2021-12-31,2021,minority_shareholder
20230713000163,Y,00423690,삼성출판사,소액주주,"30,402","30,410",99.97%,"3,442,434","10,000,000",34.42%,2022-12-31,2022,minority_shareholder
20240321001078,Y,00423690,삼성출판사,소액주주,"29,685","29,693",99.98%,"3,412,439","10,000,000",34.14%,2023-12-31,2023,minority_shareholder
20251114002511,Y,00423690,삼성출판사,소액주주,"29,685","29,693",99.98%,"3,412,439","10,000,000",34.14%,2024-12-31,2024,minority_shareholder
20190401002810,Y,00422895,세이브존I&C,소액주주,"4,238",-,99.41%,"7,359,910",-,17.93%,2018-12-31,2018,minority_shareholder
20200330001195,Y,00422895,세이브존I&C,소액주주,"4,024",-,99.44%,"7,442,495",-,18.13%,2019-12-31,2019,minority_shareholder
20210318000729,Y,00422895,세이브존I&C,소액주주,"5,608","5,629",99.63%,"8,934,308","37,764,632",23.66%,2020-12-31,2020,minority_shareholder
20220317000879,Y,00422895,세이브존I&C,소액주주,"4,820","4,835",99.69%,"10,823,104","37,764,632",28.66%,2021-12-31,2021,minority_shareholder
20230316000461,Y,00422895,세이브존I&C,소액주주,"5,659","5,676",99.70%,"10,183,260","37,764,632",26.97%,2022-12-31,2022,minority_shareholder
20240314001058,Y,00422895,세이브존I&C,소액주주,"5,474","5,489",99.75%,"10,736,605","37,764,632",28.43%,2023-12-31,2023,minority_shareholder
20250320000981,Y,00422895,세이브존I&C,소액주주,"4,981","4,992",99.78%,"11,166,506","37,682,300",29.63%,2024-12-31,2024,minority_shareholder
20190401004239,Y,00161693,한샘,소액주주,"18,093",-,99.63%,"4,847,380",-,25.72%,2018-12-31,2018,minority_shareholder
20200330003663,Y,00161693,한샘,소액주주,"17,115",-,99.69%,"5,010,716",-,21.29%,2019-12-31,2019,minority_shareholder
20210319001191,Y,00161693,한샘,소액주주,"22,147","22,204",99.7%,"4,994,182","23,533,928",21.22%,2020-12-31,2020,minority_shareholder
20220816002277,Y,00161693,한샘,소액주주,"37,540","37,597",99.85%,"5,665,641","23,533,928",24.07%,2021-12-31,2021,minority_shareholder
20230314001297,Y,00161693,한샘,소액주주,"40,345","40,378",99.92%,"5,543,060","15,855,441",34.96%,2022-12-31,2022,minority_shareholder
20240328001271,Y,00161693,한샘,소액주주,"30,955","30,982",99.91%,"4,633,577","23,533,928",19.69%,2023-12-31,2023,minority_shareholder
20250313001195,Y,00161693,한샘,소액주주,"28,842","28,870",99.90%,"4,679,035","23,533,928",19.88%,2024-12-31,2024,minority_shareholder
20220429001414,Y,00142883,우신시스템,소액주주,"1,983",-,99.45%,"6,170,348",-,33.69%,2018-12-31,2018,minority_shareholder
20220429001462,Y,00142883,우신시스템,소액주주,"2,010",-,99.50%,"6,008,242",-,32.81%,2019-12-31,2019,minority_shareholder
20220429001497,Y,00142883,우신시스템,소액주주,"4,365","4,372",99.84%,"8,105,579","18,314,054",44.26%,2020-12-31,2020,minority_shareholder
20220331000022,Y,00142883,우신시스템,소액주주,"14,853","14,856",99.98%,"9,496,746","18,314,054",51.85%,2021-12-31,2021,minority_shareholder
20230331002732,Y,00142883,우신시스템,소액주주,"12,651","12,654",99.98%,"9,283,186","18,314,054",50.69%,2022-12-31,2022,minority_shareholder
20240322000845,Y,00142883,우신시스템,소액주주,"6,776","6,780",99.94%,"8,220,562","18,314,054",44.89%,2023-12-31,2023,minority_shareholder
20250318000772,Y,00142883,우신시스템,소액주주,"6,405","6,409",99.94%,"7,780,424","18,314,054",42.48%,2024-12-31,2024,minority_shareholder
20190401004344,Y,00401731,LG전자,소액주주,"186,183",-,99.99%,"105,644,688",-,58.42%,2018-12-31,2018,minority_shareholder
20200330004430,Y,00401731,LG전자,소액주주,"161,132",-,99.99%,"105,202,199",-,58.18%,2019-12-31,2019,minority_shareholder
20210316000661,Y,00401731,LG전자,소액주주,"222,315","222,321",99.99%,"95,623,721","163,647,814",58.43%,2020-12-31,2020,minority_shareholder
20220316000886,Y,00401731,LG전자,소액주주,"584,979","584,984",99.99%,"91,341,068","163,647,814",55.82%,2021-12-31,2021,minority_shareholder
20230317000955,Y,00401731,LG전자,소액주주,"626,609","626,616",99.99%,"92,325,947","163,647,814",56.42%,2022-12-31,2022,minority_shareholder
20240318000755,Y,00401731,LG전자,소액주주,"556,873","556,880",99.99%,"93,645,836","163,647,814",57.22%,2023-12-31,2023,minority_shareholder
20250317001029,Y,00401731,LG전자,소액주주,"493,648","493,655",99.99%,"93,302,713","163,647,814",57.01%,2024-12-31,2024,minority_shareholder
20190228005479,Y,00398792,SNT모티브,소액주주,"7,806",-,99.88%,"6,340,404",-,43.36%,2018-12-31,2018,minority_shareholder
20200302000174,Y,00398792,SNT모티브,소액주주,"6,904",-,99.91%,"7,013,036",-,47.96%,2019-12-31,2019,minority_shareholder
20210218000909,Y,00398792,SNT모티브,소액주주,"10,425","10,432",99.93%,"6,178,166","13,753,837",44.92%,2020-12-31,2020,minority_shareholder
20220218001046,Y,00398792,SNT모티브,소액주주,"27,124","27,132",99.97%,"6,483,472","13,909,358",46.61%,2021-12-31,2021,minority_shareholder
20230220001611,Y,00398792,SNT모티브,소액주주,"24,427","24,436",99.96%,"5,884,598","13,230,060",44.48%,2022-12-31,2022,minority_shareholder
20240221001626,Y,00398792,SNT모티브,소액주주,"21,685","21,694",99.96%,"5,840,537","13,100,582",44.58%,2023-12-31,2023,minority_shareholder
20250220001279,Y,00398792,SNT모티브,소액주주,"17,833","17,840",99.96%,"4,819,348","11,917,136",40.44%,2024-12-31,2024,minority_shareholder
20190401004895,Y,00220561,광주신세계,소액주주,"2,158",-,99.48%,"220,793",-,13.79%,2018-12-31,2018,minority_shareholder
20200330004082,Y,00220561,광주신세계,소액주주,"2,132",-,99.44%,"216,421",-,13.52%,2019-12-31,2019,minority_shareholder
20210315000505,Y,00220561,광주신세계,소액주주,"2,923","2,931",99.72%,"304,121","1,591,438",19.11%,2020-12-31,2020,minority_shareholder
20220816000334,Y,00220561,광주신세계,소액주주,"3,545","3,553",99.8%,"298,713","1,591,438",18.8%,2021-12-31,2021,minority_shareholder
20230314000982,Y,00220561,광주신세계,소액주주,"3,922","3,930",99.80%,"1,647,543","7,957,190",20.71%,2022-12-31,2022,minority_shareholder
20240312000761,Y,00220561,광주신세계,소액주주,"5,352","5,363",99.80%,"1,918,969","7,957,190",24.12%,2023-12-31,2023,minority_shareholder
20250313000495,Y,00220561,광주신세계,소액주주,"5,540","5,545",99.91%,"2,024,600","7,957,190",25.44%,2024-12-31,2024,minority_shareholder
20190814001365,Y,00198697,일진디스플,소액주주,"11,556",-,99.91%,"14,540,139",-,51.35%,2018-12-31,2018,minority_shareholder
20200330001399,Y,00198697,일진디스플,소액주주,"10,237",-,99.92%,"14,013,610",-,49.49%,2019-12-31,2019,minority_shareholder
20210322000864,Y,00198697,일진디스플,소액주주,"11,648","11,656",99.93%,"13,694,533","28,314,440",48.37%,2020-12-31,2020,minority_shareholder
20220322001113,Y,00198697,일진디스플,소액주주,"17,341","17,347",99.97%,"18,075,722","34,468,286",52.44%,2021-12-31,2021,minority_shareholder
20230714000395,Y,00198697,일진디스플,소액주주,"18,609","18,617",99.96%,"29,265,239","51,513,741",56.81%,2022-12-31,2022,minority_shareholder
20240321001473,Y,00198697,일진디스플,소액주주,"16,730","16,736",99.96%,"29,628,199","51,513,741",57.52%,2023-12-31,2023,minority_shareholder
20250320000779,Y,00198697,일진디스플,소액주주,"14,220","14,228",99.94%,"29,202,405","51,513,741",56.69%,2024-12-31,2024,minority_shareholder
20190703000468,Y,00390055,종근당바이오,소액주주,"6,644",-,99.89%,"2,856,839",-,54.63%,2018-12-31,2018,minority_shareholder
20200814001004,Y,00390055,종근당바이오,소액주주,"6,656",-,99.85 %,"2,580,280",-,49.34%,2019-12-31,2019,minority_shareholder
20210318000155,Y,00390055,종근당바이오,소액주주,"35,880","35,883",99.99%,"3,126,915","5,485,962",57.00%,2020-12-31,2020,minority_shareholder
20220317000204,Y,00390055,종근당바이오,소액주주,"31,765","31,771",99.99%,"3,055,870","5,485,962",55.72%,2021-12-31,2021,minority_shareholder
20230314000316,Y,00390055,종근당바이오,소액주주,-,-,-,-,-,-,2022-12-31,2022,minority_shareholder
20240320001689,Y,00390055,종근당바이오,소액주주,-,-,-,-,-,-,2023-12-31,2023,minority_shareholder
20250318001004,Y,00390055,종근당바이오,소액주주,-,-,-,-,-,-,2024-12-31,2024,minority_shareholder
20190814001347,Y,00170558,코웨이,소액주주,"9,586",-,99.87%,"37,403,968",-,50.68%,2018-12-31,2018,minority_shareholder
20200330002548,Y,00170558,코웨이,소액주주,"9,411",-,99.85%,"29,270,578",-,39.66%,2019-12-31,2019,minority_shareholder
20210323000600,Y,00170558,코웨이,소액주주,"24,174","24,189",99.94%,"39,109,070","73,799,619",52.99%,2020-12-31,2020,minority_shareholder
20220816001433,Y,00170558,코웨이,소액주주,"21,617","21,629",99.94%,"39,156,424","73,799,619",53.05%,2021-12-31,2021,minority_shareholder
20230321000862,Y,00170558,코웨이,소액주주,"25,676","25,687",99.95%,"41,461,682","73,799,619",56.18%,2022-12-31,2022,minority_shareholder
20240329002735,Y,00170558,코웨이,소액주주,"25,325","25,337",99.95%,"42,256,560","73,799,619",57.25%,2023-12-31,2023,minority_shareholder
20250321001734,Y,00170558,코웨이,소액주주,"16,376","16,386",99.93%,"43,344,260","73,799,619",58.73%,2024-12-31,2024,minority_shareholder
20190401004481,Y,00377610,세아홀딩스,소액주주,"1,798",-,99.01%,"349,647",-,8.74%,2018-12-31,2018,minority_shareholder
20200330002512,Y,00377610,세아홀딩스,소액주주,"1,805",-,99.07%,"349,647",-,8.74%,2019-12-31,2019,minority_shareholder
20210318000670,Y,00377610,세아홀딩스,소액주주,"1,767","1,784",99.05%,"329,807","4,000,000",8.25%,2020-12-31,2020,minority_shareholder
20220802000337,Y,00377610,세아홀딩스,소액주주,"2,082","2,099",99.19%,"262,499","4,000,000",6.56%,2021-12-31,2021,minority_shareholder
20230320001040,Y,00377610,세아홀딩스,소액주주,"2,146","2,166",99.08%,"208,045","4,000,000",5.20%,2022-12-31,2022,minority_shareholder
20240318000571,Y,00377610,세아홀딩스,소액주주,"2,092","2,110",99.15%,"297,180","4,000,000",7.43%,2023-12-31,2023,minority_shareholder
20250314001645,Y,00377610,세아홀딩스,소액주주,"1,948","1,967",99.03%,"445,376","4,000,000",11.13%,2024-12-31,2024,minority_shareholder
20190401004774,Y,00356370,LG생활건강,소액주주,"16,131",-,99.94%,"7,245,024",-,46.38%,2018-12-31,2018,minority_shareholder
20200330004543,Y,00356370,LG생활건강,소액주주,"14,435",-,99.94%,"7,393,764",-,47.34%,2019-12-31,2019,minority_shareholder
20210311001010,Y,00356370,LG생활건강,소액주주,"18,295","18,303",99.97%,"7,672,756","15,618,197",49.13%,2020-12-31,2020,minority_shareholder
20220516002048,Y,00356370,LG생활건강,소액주주,"88,973","88,981",99.99%,"7,907,439","15,618,197",50.63%,2021-12-31,2021,minority_shareholder
20230320000833,Y,00356370,LG생활건강,소액주주,"119,458","119,464",100.00%,"8,358,004","15,618,197",53.32%,2022-12-31,2022,minority_shareholder
20240318000511,Y,00356370,LG생활건강,소액주주,"139,062","139,070",100.00%,"8,167,755","15,618,197",52.31%,2023-12-31,2023,minority_shareholder
20250317000790,Y,00356370,LG생활건강,소액주주,"129,688","129,696",100.00%,"8,094,399","15,618,197",51.83%,2024-12-31,2024,minority_shareholder
20190401003134,Y,00356361,LG화학,소액주주,"103,772",-,99.99%,"46,098,348",-,58.88%,2018-12-31,2018,minority_shareholder
20200330004537,Y,00356361,LG화학,소액주주,"126,806",-,99.99%,"45,360,930",-,57.95%,2019-12-31,2019,minority_shareholder
20210317001094,Y,00356361,LG화학,소액주주,"180,484","180,494",99.99%,"40,218,803","70,592,343",56.97%,2020-12-31,2020,minority_shareholder
20220315001036,Y,00356361,LG화학,소액주주,"268,112","268,123",99.99%,"39,616,207","70,592,343",56.14%,2021-12-31,2021,minority_shareholder
20230324001178,Y,00356361,LG화학,소액주주,"204,417","204,426",99.99%,"38,653,424","70,592,343",54.76%,2022-12-31,2022,minority_shareholder
20240315000957,Y,00356361,LG화학,소액주주,"306,264","306,272",99.99%,"40,054,675","70,592,343",56.76%,2023-12-31,2023,minority_shareholder
20250731000339,Y,00356361,LG화학,소액주주,-,-,-,-,-,-,2024-12-31,2024,minority_shareholder
20190401003410,Y,00124540,대우건설,소액주주,"49,151",-,99.98%,"168,909,822",-,40.64%,2018-12-31,2018,minority_shareholder
20210120000065,Y,00124540,대우건설,소액주주,"48,317",-,99.9%,"156,821,528",-,41.7%,2019-12-31,2019,minority_shareholder
20210319001137,Y,00124540,대우건설,소액주주,"82,604","82,610",99.9%,"172,845,037","410,885,720",42.1%,2020-12-31,2020,minority_shareholder
20220321000645,Y,00124540,대우건설,소액주주,"359,736","359,741",99.99%,"170,800,190","415,622,638",41.09%,2021-12-31,2021,minority_shareholder
20230320000675,Y,00124540,대우건설,소액주주,"329,993","329,999",99.99%,"163,134,509","410,885,720",39.70%,2022-12-31,2022,minority_shareholder
20240320001313,Y,00124540,대우건설,소액주주,"315,176","315,182",99.99%,"163,767,825","410,885,720",39.86%,2023-12-31,2023,minority_shareholder
20250813000868,Y,00124540,대우건설,소액주주,"317,611","317,617",99.99%,"165,302,150","410,885,720",40.23%,2024-12-31,2024,minority_shareholder
20190401001008,Y,00124504,포스코인터내셔널,소액주주,"32,773",-,99.98%,"35,616,100",-,28.87%,2018-12-31,2018,minority_shareholder
20200330002757,Y,00124504,포스코인터내셔널,소액주주,"29,634",-,99.98%,"35,137,010",-,28.48%,2019-12-31,2019,minority_shareholder
20210305000796,Y,00124504,포스코인터내셔널,소액주주,"39,838","39,868",99.92%,"37,612,017","123,375,149",30.49%,2020-12-31,2020,minority_shareholder
20220311001166,Y,00124504,포스코인터내셔널,소액주주,"71,390","71,414",99.97%,"35,853,619","123,375,149",29.06%,2021-12-31,2021,minority_shareholder
20230310000736,Y,00124504,포스코인터내셔널,소액주주,"53,940","53,946",99.99%,"31,395,506","123,375,149",25.45%,2022-12-31,2022,minority_shareholder
20240329001908,Y,00124504,포스코인터내셔널,소액주주,"180,598","180,602",99.99%,"38,442,919","175,922,788",21.85%,2023-12-31,2023,minority_shareholder
20250314001718,Y,00124504,포스코인터내셔널,소액주주,"153,566","153,568",99.99%,"35,608,549","175,922,788",20.24%,2024-12-31,2024,minority_shareholder
20190329004102,Y,00111704,한화오션,소액주주,"75,551",-,99.99%,"29,953,471",-,27.94%,2018-12-31,2018,minority_shareholder
20200330003583,Y,00111704,한화오션,소액주주,"71,709",-,99.98%,"28,313,071",-,26.41%,2019-12-31,2019,minority_shareholder
20210317001184,Y,00111704,한화오션,소액주주,"81,875","81,882",99.99%,"29,309,964","107,290,669",27.31%,2020-12-31,2020,minority_shareholder
20220314001167,Y,00111704,한화오션,소액주주,"112,652","112,661",99.99%,"29,176,265","107,274,462",27.20%,2021-12-31,2021,minority_shareholder
20230313000849,Y,00111704,한화오션,소액주주,"110,861","110,870",99.99%,"29,073,332","107,274,462",27.10%,2022-12-31,2022,minority_shareholder
20240328000773,Y,00111704,한화오션,소액주주,"137,601","137,612",99.99%,"62,293,618","306,358,899",20.33%,2023-12-31,2023,minority_shareholder
20250314001630,Y,00111704,한화오션,소액주주,"216,730","216,738",99.99%,"89,254,060","306,413,394",29.12%,2024-12-31,2024,minority_shareholder
20190401001909,Y,00347734,진양화학,소액주주,"4,294",-,99.90%,"3,433,229",-,28.61%,2018-12-31,2018,minority_shareholder
20200330001232,Y,00347734,진양화학,소액주주,"3,655",-,99.89%,"4,166,424",-,34.72%,2019-12-31,2019,minority_shareholder
20210309000334,Y,00347734,진양화학,소액주주,"4,883","4,885",99.95%,"4,528,903","12,000,000",37.74%,2020-12-31,2020,minority_shareholder
20220304000705,Y,00347734,진양화학,소액주주,"4,231","4,235",99.91%,"4,237,112","12,000,000",35.31%,2021-12-31,2021,minority_shareholder
20230303000708,Y,00347734,진양화학,소액주주,"4,098","4,101",99.92%,"5,681,623","15,800,000",35.95%,2022-12-31,2022,minority_shareholder
20240305000512,Y,00347734,진양화학,소액주주,"4,785","4,787",99.96%,"5,874,552","15,800,000",37.18%,2023-12-31,2023,minority_shareholder
20250304000650,Y,00347734,진양화학,소액주주,"4,848","4,850",99.96%,"6,483,896","21,200,000",30.58%,2024-12-31,2024,minority_shareholder
20240327001230,Y,00159616,두산에너빌리티,소액주주,"77,114",-,99.97 %,"65,895,892",-,50.67%,2018-12-31,2018,minority_shareholder
20240327001231,Y,00159616,두산에너빌리티,소액주주,"91,529",-,99.99%,"116,279,119",-,57.52%,2019-12-31,2019,minority_shareholder
20240516002209,Y,00159616,두산에너빌리티,소액주주,-,-,-,-,-,-,2020-12-31,2020,minority_shareholder
20220322000017,Y,00159616,두산에너빌리티,소액주주,"492,222","492,226",99.99%,"282,787,370","522,220,786",54.15%,2021-12-31,2021,minority_shareholder
20230321001573,Y,00159616,두산에너빌리티,소액주주,"591,497","591,501",99.99%,"405,207,897","638,308,033",63.48%,2022-12-31,2022,minority_shareholder
20240327001226,Y,00159616,두산에너빌리티,소액주주,"510,070","510,075",99.99%,"402,223,627","640,561,146",62.79%,2023-12-31,2023,minority_shareholder
20250320001103,Y,00159616,두산에너빌리티,소액주주,"455,901","455,906",99.99%,"400,133,355","640,561,146",62.46%,2024-12-31,2024,minority_shareholder
20190619000060,Y,00160205,한국내화,소액주주,"6,976",-,99.84%,"7,073,805",-,30.94%,2018-12-31,2018,minority_shareholder
20200330001225,Y,00160205,한국내화,소액주주,"8,545",-,99.88%,"9,313,203",-,40.73%,2019-12-31,2019,minority_shareholder
20210322000191,Y,00160205,한국내화,소액주주,"9,121","9,133",99.87%,"9,190,873","22,863,632",40.20%,2020-12-31,2020,minority_shareholder
20220321001149,Y,00160205,한국내화,소액주주,"9,461","9,473",99.87%,"9,578,309","41,067,062",23.32%,2021-12-31,2021,minority_shareholder
20230320000791,Y,00160205,한국내화,소액주주,"10,546","10,558",99.89%,"9,829,928","41,067,062",23.94%,2022-12-31,2022,minority_shareholder
20240318000649,Y,00160205,한국내화,소액주주,"10,555","10,567",99.89%,"9,489,647","41,067,062",23.11%,2023-12-31,2023,minority_shareholder
20250318000918,Y,00160205,한국내화,소액주주,"8,868","8,880",99.86%,"9,369,574","41,067,062",22.82%,2024-12-31,2024,minority_shareholder
20190329003936,Y,00161976,한세예스24홀딩스,소액주주,"4,210",-,99.74%,"8,763,202",-,21.91%,2018-12-31,2018,minority_shareholder
20200330004378,Y,00161976,한세예스24홀딩스,소액주주,"3,617",-,99.72%,"8,823,655",-,22.05%,2019-12-31,2019,minority_shareholder
20210322000964,Y,00161976,한세예스24홀딩스,소액주주,"6,801","6,811",99.85%,"8,882,292","40,000,000",22.21%,2020-12-31,2020,minority_shareholder
20220321001517,Y,00161976,한세예스24홀딩스,소액주주,"8,137","8,158",99.74%,"7,373,954","40,000,000",18.43%,2021-12-31,2021,minority_shareholder
20230321000858,Y,00161976,한세예스24홀딩스,소액주주,"8,429","8,430",99.76%,"7,373,954","40,000,000",18.43%,2022-12-31,2022,minority_shareholder
20240320001679,Y,00161976,한세예스24홀딩스,소액주주,"8,151","8,172",99.74%,"7,407,042","40,000,000",18.52%,2023-12-31,2023,minority_shareholder
20250814003323,Y,00161976,한세예스24홀딩스,소액주주,"8,369","8,390",99.75%,"7,407,042","40,000,000",18.52%,2024-12-31,2024,minority_shareholder
20190329004002,Y,00111999,대원제약,소액주주,"5,945",-,99.70%,"7,976,529",-,41.76%,2018-12-31,2018,minority_shareholder
20200330004170,Y,00111999,대원제약,소액주주,"5,102",-,99.42%,"7,901,077",-,40.18%,2019-12-31,2019,minority_shareholder
20210416000487,Y,00111999,대원제약,소액주주,"17,564","17,575",99.8%,"9,171,634","19,624,408",46.74%,2020-12-31,2020,minority_shareholder
20220317001141,Y,00111999,대원제약,소액주주,"24,805","24,814",99.96%,"9,477,188","20,600,441",46.00%,2021-12-31,2021,minority_shareholder
20230317000005,Y,00111999,대원제약,소액주주,"18,825","18,921",99.49%,"9,803,091","20,970,526",46.75%,2022-12-31,2022,minority_shareholder
20240314001399,Y,00111999,대원제약,소액주주,"19,086","19,100",99.93%,"8,621,542","22,190,194",38.85%,2023-12-31,2023,minority_shareholder
20250320001537,Y,00111999,대원제약,소액주주,"21,236","21,306",99.67%,"9,627,448","21,296,481",42.93%,2024-12-31,2024,minority_shareholder
20190401004174,Y,00261285,한국가스공사,소액주주,"36,746",-,99.98%,"39,361,855",-,42.64%,2018-12-31,2018,minority_shareholder
20200330003924,Y,00261285,한국가스공사,소액주주,"47,351",-,99.98%,"34,162,892",-,37.01%,2019-12-31,2019,minority_shareholder
20210322001038,Y,00261285,한국가스공사,소액주주,"62,810","62,848",99.94%,"30,286,934","85,826,950",35.29%,2020-12-31,2020,minority_shareholder
20220325000211,Y,00261285,한국가스공사,소액주주,"73,169","73,215",99.94%,"28,208,152","85,826,950",32.87%,2021-12-31,2021,minority_shareholder
20230321001441,Y,00261285,한국가스공사,소액주주,"68,292","68,344",99.92%,"27,497,951","85,826,950",32.04%,2022-12-31,2022,minority_shareholder
20240325000966,Y,00261285,한국가스공사,소액주주,"81,033","81,040",99.99%,"35,075,035","92,313,000",38.00%,2023-12-31,2023,minority_shareholder
20250325000742,Y,00261285,한국가스공사,소액주주,"98,939","98,946",99.99%,"36,633,092","87,275,434",41.97%,2024-12-31,2024,minority_shareholder
20190401003430,Y,00104786,미래아이앤지,소액주주,"6,271",-,99.86%,"65,876,910",-,63.60%,2018-12-31,2018,minority_shareholder
20200330003259,Y,00104786,미래아이앤지,소액주주,"5,644",-,99.81%,"79,050,460",-,61.04%,2019-12-31,2019,minority_shareholder
20210319000715,Y,00104786,미래아이앤지,소액주주,"6,837","6,845",99.88%,"81,760,531","129,484,148",63.14%,2020-12-31,2020,minority_shareholder
20220318000627,Y,00104786,미래아이앤지,소액주주,"13,065","13,072",99.98%,"91,143,759","129,484,148",70.41%,2021-12-31,2021,minority_shareholder
20230321000867,Y,00104786,미래아이앤지,소액주주,"13,562","13,566",99.99%,"101,374,655","139,417,924",72.72%,2022-12-31,2022,minority_shareholder
20240320001445,Y,00104786,미래아이앤지,소액주주,"11,913","11,920",99.96%,"18,880,218","27,883,584",67.73%,2023-12-31,2023,minority_shareholder
20250814002870,Y,00104786,미래아이앤지,소액주주,"9,673","9,681",99.92%,"18,408,386","28,878,608",63.76%,2024-12-31,2024,minority_shareholder
20190329000849,Y,00166519,화천기공,소액주주,"1,553",-,98.5%,"387,521",-,17.61%,2018-12-31,2018,minority_shareholder
20200330001889,Y,00166519,화천기공,소액주주,"2,414",-,99.2%,"590,022",-,26.8%,2019-12-31,2019,minority_shareholder
20210317000394,Y,00166519,화천기공,소액주주,"2,238","2,255",99.3%,"687,102","2,200,000",31.2%,2020-12-31,2020,minority_shareholder
20220316000620,Y,00166519,화천기공,소액주주,"3,466","3,484",99.5%,"808,604","2,200,000",36.76%,2021-12-31,2021,minority_shareholder
20230315000315,Y,00166519,화천기공,소액주주,"3,628","3,644",99.5%,"801,680","2,200,000",36.4%,2022-12-31,2022,minority_shareholder
20240313000479,Y,00166519,화천기공,소액주주,"3,953","3,965",99.7%,"903,835","2,200,000",41.1%,2023-12-31,2023,minority_shareholder
20250312000803,Y,00166519,화천기공,소액주주,"3,607","3,621",99.6%,"835,995","2,200,000",38.0%,2024-12-31,2024,minority_shareholder
20190328000006,Y,00260408,팜스코,소액주주,"6,594",-,99.88%,"8,698,116",-,23.68%,2018-12-31,2018,minority_shareholder
20200331000162,Y,00260408,팜스코,소액주주,"8,823",-,98.20%,"8,857,624",-,24.12%,2019-12-31,2019,minority_shareholder
20210318000680,Y,00260408,팜스코,소액주주,"9,365","9,388",99.76%,"10,367,074","36,727,943",28.23%,2020-12-31,2020,minority_shareholder
20230228005108,Y,00260408,팜스코,소액주주,"12,933","12,965",99.75%,"10,737,054","36,727,943",29.23%,2021-12-31,2021,minority_shareholder
20230321001369,Y,00260408,팜스코,소액주주,"16,911","16,937",99.85%,"10,932,847","36,727,943",29.76%,2022-12-31,2022,minority_shareholder
20240315000769,Y,00260408,팜스코,소액주주,"14,206","14,225",99.87%,"11,579,896","36,727,943",31.53%,2023-12-31,2023,minority_shareholder
20250318001293,Y,00260408,팜스코,소액주주,"12,991","13,000",99.93%,"12,602,023","36,727,943",34.31%,2024-12-31,2024,minority_shareholder
20201230000709,Y,00244455,케이티앤지,소액주주,"72,841",-,99.90%,"73,608,491",-,53.61%,2018-12-31,2018,minority_shareholder
20201230000735,Y,00244455,케이티앤지,소액주주,"89,553",-,99.98%,"80,472,911",-,58.61%,2019-12-31,2019,minority_shareholder
20210311001208,Y,00244455,케이티앤지,소액주주,"157,398","157,412",99.99%,"80,355,581","137,292,497",58.53%,2020-12-31,2020,minority_shareholder
20220321001014,Y,00244455,케이티앤지,소액주주,"258,121","258,131",99.9%,"80,351,154","119,979,923",67.0%,2021-12-31,2021,minority_shareholder
20230320001005,Y,00244455,케이티앤지,소액주주,"175,669","175,680",99.9%,"73,129,143","116,279,923",62.9%,2022-12-31,2022,minority_shareholder
20240320001212,Y,00244455,케이티앤지,소액주주,"169,156","169,168",99.99%,"66,897,034","112,809,923",59.30%,2023-12-31,2023,minority_shareholder
20250318001223,Y,00244455,케이티앤지,소액주주,"127,873","127,888",99.99%,"58,982,259","125,362,497",47.05%,2024-12-31,2024,minority_shareholder
20190328001361,Y,00177199,디씨엠,소액주주,"1,898",-,99.06%,"2,427,933",-,20.75%,2018-12-31,2018,minority_shareholder
20200326000708,Y,00177199,디씨엠,소액주주,"1,840",-,98.66%,"2,401,569",-,20.53%,2019-12-31,2019,minority_shareholder
20210317000453,Y,00177199,디씨엠,소액주주,"2,408","2,435",98.89%,"2,233,683","11,700,000",19.09%,2020-12-31,2020,minority_shareholder
20220316000782,Y,00177199,디씨엠,소액주주,"4,304","4,332",99.35%,"2,811,828","11,700,000",24.03%,2021-12-31,2021,minority_shareholder
20230315000573,Y,00177199,디씨엠,소액주주,"6,028","6,056",99.54%,"3,127,638","11,400,000",27.44%,2022-12-31,2022,minority_shareholder
20240313000780,Y,00177199,디씨엠,소액주주,"5,717","5,745",99.51%,"2,877,755","11,400,000",25.24%,2023-12-31,2023,minority_shareholder
20250718000228,Y,00177199,디씨엠,소액주주,"4,315","4,343",99.36%,"2,506,647","11,400,000",21.99%,2024-12-31,2024,minority_shareholder
20190814000927,Y,00140168,HS애드,소액주주,"3,069",-,99.63%,"2,446,457",-,14.75%,2018-12-31,2018,minority_shareholder
20200330004399,Y,00140168,HS애드,소액주주,-,-,-,-,-,-,2019-12-31,2019,minority_shareholder
20210311001241,Y,00140168,HS애드,소액주주,"3,539","3,548",99.75%,"3,502,264","16,567,409",21.14%,2020-12-31,2020,minority_shareholder
20220317001091,Y,00140168,HS애드,소액주주,"6,031","6,036",99.92%,"5,241,508","16,567,409",31.64%,2021-12-31,2021,minority_shareholder
20230316000872,Y,00140168,HS애드,소액주주,"5,686","5,691",99.93%,"5,446,719","16,567,409",32.88%,2022-12-31,2022,minority_shareholder
20240314001521,Y,00140168,HS애드,소액주주,"5,312","5,316",99.92%,"5,446,534","16,567,409",32.87%,2023-12-31,2023,minority_shareholder
20250311001196,Y,00140168,HS애드,소액주주,-,-,-,-,-,-,2024-12-31,2024,minority_shareholder
20190329003092,Y,00260383,대한유화,소액주주,"14,309",-,99.88%,"3,174,905",-,48.84%,2018-12-31,2018,minority_shareholder
20200327002133,Y,00260383,대한유화,소액주주,"13,370",-,99.93%,"2,906,941",-,44.72%,2019-12-31,2019,minority_shareholder
20210311001060,Y,00260383,대한유화,소액주주,"17,073","17,080",99.96%,"3,243,752","6,500,000",49.90%,2020-12-31,2020,minority_shareholder
20220310001198,Y,00260383,대한유화,소액주주,"42,632","42,639",99.98%,"3,302,942","6,500,000",50.81%,2021-12-31,2021,minority_shareholder
20230309000833,Y,00260383,대한유화,소액주주,"36,466","36,473",99.98%,"3,299,660","6,500,000",50.76%,2022-12-31,2022,minority_shareholder
20240307000479,Y,00260383,대한유화,소액주주,"30,294","30,302",99.97%,"3,186,908","6,500,000",49.03%,2023-12-31,2023,minority_shareholder
20250306000568,Y,00260383,대한유화,소액주주,"29,585","29,594",99.97%,"3,287,321","6,500,000",50.57%,2024-12-31,2024,minority_shareholder
20190401002171,Y,00122551,백산,소액주주,-,-,-,-,-,-,2018-12-31,2018,minority_shareholder
20200330001401,Y,00122551,백산,소액주주,-,-,-,-,-,-,2019-12-31,2019,minority_shareholder
20210420000262,Y,00122551,백산,소액주주,-,-,-,-,-,-,2020-12-31,2020,minority_shareholder
20220712000592,Y,00122551,백산,소액주주,-,-,-,-,-,-,2021-12-31,2021,minority_shareholder
20230321000690,Y,00122551,백산,소액주주,-,-,-,-,-,-,2022-12-31,2022,minority_shareholder
20240319000327,Y,00122551,백산,소액주주,-,-,-,-,-,-,2023-12-31,2023,minority_shareholder
20250319000644,Y,00122551,백산,소액주주,-,-,-,-,-,-,2024-12-31,2024,minority_shareholder
20180928000563,Y,00125576,체시스,소액주주,"6,173",-,99.94%,"13,946,078",-,58.10%,2018-06-30,2018,minority_shareholder
20200103000436,Y,00125576,체시스,소액주주,-,-,-,-,-,-,2019-06-30,2019,minority_shareholder
20200928000395,Y,00125576,체시스,소액주주,-,-,-,-,-,-,2020-06-30,2020,minority_shareholder
20210917000616,Y,00125576,체시스,소액주주,-,-,-,-,-,-,2021-06-30,2021,minority_shareholder
20220920000356,Y,00125576,체시스,소액주주,-,-,-,-,-,-,2022-06-30,2022,minority_shareholder
20230918000095,Y,00125576,체시스,소액주주,-,-,-,-,-,-,2023-06-30,2023,minority_shareholder
20240321001312,Y,00125576,체시스,소액주주,-,-,-,-,-,-,2023-12-31,2023,minority_shareholder
20250321001138,Y,00125576,체시스,소액주주,-,-,-,-,-,-,2024-12-31,2024,minority_shareholder
20190401004365,Y,00146861,자화전자,소액주주,"11,849",-,99.88%,"8,158,201",-,45.58%,2018-12-31,2018,minority_shareholder
20200330003032,Y,00146861,자화전자,소액주주,"11,064",-,99.9%,"9,566,433",-,53.44%,2019-12-31,2019,minority_shareholder
20210317001223,Y,00146861,자화전자,소액주주,"13,445","13,456",99.99%,"8,615,484","17,900,000",48.13%,2020-12-31,2020,minority_shareholder
20220323000621,Y,00146861,자화전자,소액주주,"18,886","18,894",99.99%,"9,722,661","17,900,000",54.31%,2021-12-31,2021,minority_shareholder
20230321001537,Y,00146861,자화전자,소액주주,"21,096","21,103",99.99%,"10,728,396","20,250,944",52.98%,2022-12-31,2022,minority_shareholder
20240320001903,Y,00146861,자화전자,소액주주,"15,604","15,611",99.96%,"12,373,015","22,155,870",55.85%,2023-12-31,2023,minority_shareholder
20250320001727,Y,00146861,자화전자,소액주주,"19,220","19,231",99.94%,"11,345,134","22,155,870",51.21%,2024-12-31,2024,minority_shareholder
20190401004942,Y,00190321,케이티,소액주주,"139,652",-,99.98%,"125,601,832",-,48.10%,2018-12-31,2018,minority_shareholder
20200330004658,Y,00190321,케이티,소액주주,"150,774",-,100.00%,"130,903,127",-,50.13%,2019-12-31,2019,minority_shareholder
20210319001235,Y,00190321,케이티,소액주주,"186,299","186,308",100.0%,"139,007,171","241,842,130",57.5%,2020-12-31,2020,minority_shareholder
20221006000582,Y,00190321,케이티,소액주주,"230,207","230,217",100.0%,"143,023,522","235,808,146",60.7%,2021-12-31,2021,minority_shareholder
20230323001449,Y,00190321,케이티,소액주주,"201,733","201,746",100.0%,"144,497,740","256,042,678",56.4%,2022-12-31,2022,minority_shareholder
20240320002050,Y,00190321,케이티,소액주주,"187,233","187,244",99.9%,"132,164,467","246,413,422",53.6%,2023-12-31,2023,minority_shareholder
20250321001834,Y,00190321,케이티,소액주주,"154,431","154,444",99.99%,"130,330,962","245,832,946",53.02%,2024-12-31,2024,minority_shareholder
20190401001595,Y,00156150,엑시큐어하이트론,소액주주,"2,411",-,99.5%,"1,588,424",-,28.7%,2018-12-31,2018,minority_shareholder
20200330003390,Y,00156150,엑시큐어하이트론,소액주주,"2,471",-,99.64%,"1,785,295",-,32.27%,2019-12-31,2019,minority_shareholder
20210331002650,Y,00156150,엑시큐어하이트론,소액주주,"2,455","2,464",99.63%,"2,974,469","6,281,748",47.35%,2020-12-31,2020,minority_shareholder
20220720000259,Y,00156150,엑시큐어하이트론,소액주주,"5,276","5,277",99.98%,"7,321,344","9,611,224",76.17%,2021-12-31,2021,minority_shareholder
20231030000426,Y,00156150,엑시큐어하이트론,소액주주,"6,317","6,319",99.96%,"7,208,715","9,611,224",75%,2022-12-31,2022,minority_shareholder
20240731000687,Y,00156150,엑시큐어하이트론,소액주주,"5,894","5,896",99.97%,"9,611,224","27,611,224",34.81%,2023-12-31,2023,minority_shareholder
20250321001008,Y,00156150,엑시큐어하이트론,소액주주,"6,170","6,183",99.79%,"18,355,891","68,632,270",26.75%,2024-12-31,2024,minority_shareholder
20190401002642,Y,00148276,제일기획,소액주주,"7,743",-,99.81%,"34,885,681",-,30.33%,2018-12-31,2018,minority_shareholder
20200330002125,Y,00148276,제일기획,소액주주,"9,067",-,99.8%,"36,771,261",-,31.96%,2019-12-31,2019,minority_shareholder
20210409002715,Y,00148276,제일기획,소액주주,"25,174","25,192",99.93%,"35,808,106","115,041,225",31.13%,2020-12-31,2020,minority_shareholder
20220324000651,Y,00148276,제일기획,소액주주,"31,088","31,106",99.94%,"37,103,579","115,041,225",32.25%,2021-12-31,2021,minority_shareholder
20230308000451,Y,00148276,제일기획,소액주주,"22,624","22,640",99.93%,"39,004,330","115,041,225",33.90%,2022-12-31,2022,minority_shareholder
20240313001356,Y,00148276,제일기획,소액주주,"33,885","33,901",99.95%,"38,620,214","115,041,225",33.57%,2023-12-31,2023,minority_shareholder
20250311000974,Y,00148276,제일기획,소액주주,"34,977","34,991",99.96%,"39,778,754","115,041,225",34.58%,2024-12-31,2024,minority_shareholder
20190715000056,Y,00209780,케이씨,소액주주,"6,003",-,99.68%,"4,465,479",-,32.95%,2018-12-31,2018,minority_shareholder
20201222000443,Y,00209780,케이씨,소액주주,"6,855",-,99.58%,"5,214,206",-,38.47%,2019-12-31,2019,minority_shareholder
20210316000993,Y,00209780,케이씨,소액주주,"15,118","15,144",99.83%,"5,385,927","12,437,208",43.30%,2020-12-31,2020,minority_shareholder
20220321000938,Y,00209780,케이씨,소액주주,"19,094","19,116",99.88%,"6,051,027","12,437,208",43.30%,2021-12-31,2021,minority_shareholder
20230321001309,Y,00209780,케이씨,소액주주,"17,813","17,821",99.96%,"6,265,005","13,554,044",46.22%,2022-12-31,2022,minority_shareholder
20240320001938,Y,00209780,케이씨,소액주주,"14,195","14,214",99.87%,"6,626,053","13,554,044",44.57%,2023-12-31,2023,minority_shareholder
20250318001395,Y,00209780,케이씨,소액주주,"10,608","10,630",99.79%,"5,006,236","13,554,044",36.94%,2024-12-31,2024,minority_shareholder
20210506000547,Y,00112022,대원화성,소액주주,"5,054",-,99.86%,"21,775,771",-,52.79%,2018-12-31,2018,minority_shareholder
20210506000552,Y,00112022,대원화성,소액주주,"4,311",-,99.9%,"22,065,820",-,62.6%,2019-12-31,2019,minority_shareholder
20210507000170,Y,00112022,대원화성,소액주주,"6,558","6,565",99.89%,"19,305,623","41,249,152",46.80%,2020-12-31,2020,minority_shareholder
20220816001036,Y,00112022,대원화성,소액주주,"27,288","27,299",99.96%,"7,552,386","41,249,152",18.31%,2021-12-31,2021,minority_shareholder
20230316001139,Y,00112022,대원화성,소액주주,"21,144","21,157",99.94%,"3,876,608","41,249,152",9.40%,2022-12-31,2022,minority_shareholder
20240321001056,Y,00112022,대원화성,소액주주,"19,015","19,027",99.93%,"22,062,820","41,249,152",53.48%,2023-12-31,2023,minority_shareholder
20250320001317,Y,00112022,대원화성,소액주주,"16,048","16,054",99.96%,"21,573,210","41,249,152",52.3%,2024-12-31,2024,minority_shareholder
20190401003381,Y,00165583,E1,소액주주,"5,407",-,99.72%,"1,992,018",-,29.04%,2018-12-31,2018,minority_shareholder
20200330004150,Y,00165583,E1,소액주주,"6,400",-,99.76%,"2,048,932",-,29.86%,2019-12-31,2019,minority_shareholder
20210318000819,Y,00165583,E1,소액주주,"7,331","7,344",99.82%,"2,397,519","6,860,000",34.95%,2020-12-31,2020,minority_shareholder
20220317000782,Y,00165583,E1,소액주주,"14,885","14,898",99.91%,"2,524,876","6,860,000",36.81%,2021-12-31,2021,minority_shareholder
20230316000899,Y,00165583,E1,소액주주,"14,384","14,396",99.92%,"2,505,362","6,860,000",36.52%,2022-12-31,2022,minority_shareholder
20240321001440,Y,00165583,E1,소액주주,"11,115","11,128",99.88%,"2,498,572","6,860,000",36.42%,2023-12-31,2023,minority_shareholder
20250814000491,Y,00165583,E1,소액주주,"10,492","10,505",99.9%,"2,462,718","6,860,000",35.9%,2024-12-31,2024,minority_shareholder
20190401002132,Y,00144164,SK가스,소액주주,"10,883",-,99.93%,"3,359,265",-,37.10%,2018-12-31,2018,minority_shareholder
20200330004176,Y,00144164,SK가스,소액주주,"8,321",-,99.92%,"2,510,718",-,27.46%,2019-12-31,2019,minority_shareholder
20210322001027,Y,00144164,SK가스,소액주주,"12,395","12,402",99.94%,"2,376,612","8,975,046",26.48%,2020-12-31,2020,minority_shareholder
20220316001245,Y,00144164,SK가스,소액주주,"14,456","14,464",99.94%,"1,835,488","8,975,046",20.45%,2021-12-31,2021,minority_shareholder
20230315000990,Y,00144164,SK가스,소액주주,"14,245","14,252",99.95%,"1,756,066","8,975,046",19.57%,2022-12-31,2022,minority_shareholder
20240320001478,Y,00144164,SK가스,소액주주,"9,953","9,960",99.93%,"1,915,374","8,975,046",21.34%,2023-12-31,2023,minority_shareholder
20250312000964,Y,00144164,SK가스,소액주주,"8,496","8,502",99.93%,"1,947,427","8,975,046",21.70%,2024-12-31,2024,minority_shareholder
20210317001023,Y,00176914,다우기술,소액주주,"14,739",-,99.91%,"15,896,576",-,35.43%,2018-12-31,2018,minority_shareholder
20210317001042,Y,00176914,다우기술,소액주주,"15,028",-,99.87%,"16,512,647",-,36.80%,2019-12-31,2019,minority_shareholder
20240226005760,Y,00176914,다우기술,소액주주,"29,371","29,384",99.96%,"13,089,167","43,266,617",30.25%,2020-12-31,2020,minority_shareholder
20220324000698,Y,00176914,다우기술,소액주주,"43,276","43,291",99.97%,"14,199,775","43,266,617",32.82%,2021-12-31,2021,minority_shareholder
20230321001409,Y,00176914,다우기술,소액주주,"39,003","39,018",99.96%,"14,066,051","43,150,849",32.60%,2022-12-31,2022,minority_shareholder
20240320001719,Y,00176914,다우기술,소액주주,"33,666","33,681",99.96%,"14,815,800","43,150,849",34.33%,2023-12-31,2023,minority_shareholder
20250318001202,Y,00176914,다우기술,소액주주,"27,104","27,119",99.94%,"14,491,831","43,150,849",33.58%,2024-12-31,2024,minority_shareholder
20190401003815,Y,00140779,영보화학,소액주주,"4,193",-,99.81%,"5,523,744",-,27.62%,2018-12-31,2018,minority_shareholder
20200330001293,Y,00140779,영보화학,소액주주,"4,094",-,99.80%,"5,587,694",-,27.94%,2019-12-31,2019,minority_shareholder
20210316000221,Y,00140779,영보화학,소액주주,"5,453","5,461",99.85%,"5,985,803","20,000,000",29.93%,2020-12-31,2020,minority_shareholder
20220315000699,Y,00140779,영보화학,소액주주,"8,208","8,216",99.90%,"5,970,905","20,000,000",29.85%,2021-12-31,2021,minority_shareholder
20230315000345,Y,00140779,영보화학,소액주주,"7,585","7,593",99.89%,"6,056,004","20,000,000",30.28%,2022-12-31,2022,minority_shareholder
20240313001248,Y,00140779,영보화학,소액주주,"7,879","7,888",99.89%,"5,913,695","20,000,000",29.57%,2023-12-31,2023,minority_shareholder
20250312000962,Y,00140779,영보화학,소액주주,"6,158","6,165",99.89%,"6,023,748","20,000,000",30.12%,2024-12-31,2024,minority_shareholder
20190401004856,Y,00139889,SKC,소액주주,"18,204",-,99.89%,"10,398,313",-,27.70%,2018-12-31,2018,minority_shareholder
20200330004188,Y,00139889,SKC,소액주주,"18,418",-,99.91%,"11,685,826",-,31.13%,2019-12-31,2019,minority_shareholder
20210423000677,Y,00139889,SKC,소액주주,"63,829","63,838",99.99%,"15,716,519","37,868,298",41.50%,2020-12-31,2020,minority_shareholder
20220816001935,Y,00139889,SKC,소액주주,"99,013","99,016",99.99%,"19,206,340","37,868,298",50.72%,2021-12-31,2021,minority_shareholder
20230320000846,Y,00139889,SKC,소액주주,"98,199","98,211",99.99%,"13,646,813","37,868,298",36.04%,2022-12-31,2022,minority_shareholder
20240409003864,Y,00139889,SKC,소액주주,"105,539","105,551",99.9%,"14,750,725","37,868,298",38.95%,2023-12-31,2023,minority_shareholder
20250318001448,Y,00139889,SKC,소액주주,"106,074","107,694",98.5%,"10,678,162","37,868,298",28.2%,2024-12-31,2024,minority_shareholder
20190401003055,Y,00159564,한국주강,소액주주,"2,881",-,99.65%,"3,486,547",-,30.83%,2018-12-31,2018,minority_shareholder
20200330002660,Y,00159564,한국주강,소액주주,"2,656",-,99.70%,"3,443,194",-,30.45%,2019-12-31,2019,minority_shareholder
20210322000280,Y,00159564,한국주강,소액주주,"3,149","3,156",99.78%,"4,070,600","11,309,259",35.99%,2020-12-31,2020,minority_shareholder
20220325001050,Y,00159564,한국주강,소액주주,"4,318","4,326",99.81%,"3,559,486","11,309,259",31.47%,2021-12-31,2021,minority_shareholder
20230322000094,Y,00159564,한국주강,소액주주,"5,407","5,413",99.89%,"4,139,918","11,309,259",36.61%,2022-12-31,2022,minority_shareholder
20240321001460,Y,00159564,한국주강,소액주주,"5,280","5,286",99.89%,"4,132,322","11,309,259",36.54%,2023-12-31,2023,minority_shareholder
20250319000402,Y,00159564,한국주강,소액주주,"4,469","4,475",99.86%,"3,681,732","11,309,259",32.55%,2024-12-31,2024,minority_shareholder
20190401003060,Y,00114154,디와이덕양,소액주주,"5,278",-,99.74%,"16,259,780",-,"49,93%",2018-12-31,2018,minority_shareholder
20200330003839,Y,00114154,디와이덕양,소액주주,"5,959",-,99.77%,"14,926,269",-,45.84%,2019-12-31,2019,minority_shareholder
20210609000312,Y,00114154,디와이덕양,소액주주,"7,562","7,572",99.87%,"16,243,920","32,564,980",49.88%,2020-12-31,2020,minority_shareholder
20220404002273,Y,00114154,디와이덕양,소액주주,"12,065","12,078",99.89%,"16,263,287","32,564,980",49.94%,2021-12-31,2021,minority_shareholder
20230320000948,Y,00114154,디와이덕양,소액주주,"10,672","10,686",99.87%,"15,885,194","32,564,980",48.78%,2022-12-31,2022,minority_shareholder
20240318000799,Y,00114154,디와이덕양,소액주주,"26,312","26,321",99.97%,"18,466,200","32,564,980",56.71%,2023-12-31,2023,minority_shareholder
20250317000666,Y,00114154,디와이덕양,소액주주,"20,764","20,773",99.96%,"18,257,760","32,427,580",56.30%,2024-12-31,2024,minority_shareholder
20200228005967,Y,00121969,에쓰씨엔지니어링,소액주주,"3,463",-,99.9%,"13,601",-,54.42%,2018-12-31,2018,minority_shareholder
20200330002281,Y,00121969,에쓰씨엔지니어링,소액주주,"3,651",-,99.75%,"11,731",-,46.89%,2019-12-31,2019,minority_shareholder
20210319001248,Y,00121969,에쓰씨엔지니어링,소액주주,"4,234","4,239",99.88%,"12,955,491","25,016,587",51.79%,2020-12-31,2020,minority_shareholder
20220726000333,Y,00121969,에쓰씨엔지니어링,소액주주,"10,886","10,890",99.96%,"23,605,000","31,121,000",75.85%,2021-12-31,2021,minority_shareholder
20230321000863,Y,00121969,에쓰씨엔지니어링,소액주주,"10,687","10,692",99.95%,"22,723,969","31,249,355",72.72%,2022-12-31,2022,minority_shareholder
20240328001322,Y,00121969,에쓰씨엔지니어링,소액주주,"11,697","11,703",99.95%,"24,334,018","32,372,276",75.17%,2023-12-31,2023,minority_shareholder
20250326001145,Y,00121969,에쓰씨엔지니어링,소액주주,"9,925","9,930",99.94%,"26,922,709","35,058,587",76.79%,2024-12-31,2024,minority_shareholder
20190401000994,Y,00103510,인지컨트롤스,소액주주,"7,926",-,99.87%,"6,457,791",-,42.60%,2018-12-31,2018,minority_shareholder
20200330001978,Y,00103510,인지컨트롤스,소액주주,"8,048",-,99.86 %,"7,428,898",-,49.00 %,2019-12-31,2019,minority_shareholder
20210319001374,Y,00103510,인지컨트롤스,소액주주,"13,692","13,702",99.93%,"7,166,895","15,160,128",47.27%,2020-12-31,2020,minority_shareholder
20220321001159,Y,00103510,인지컨트롤스,소액주주,"16,759","16,768",99.95%,"7,710,329","15,333,213",50.29%,2021-12-31,2021,minority_shareholder
20230324001000,Y,00103510,인지컨트롤스,소액주주,"16,495","16,504",99.95%,"7,842,852","15,333,213",51.15%,2022-12-31,2022,minority_shareholder
20240320001757,Y,00103510,인지컨트롤스,소액주주,"17,100","17,110",99.94%,"8,345,608","15,809,197",52.78%,2023-12-31,2023,minority_shareholder
20250328001677,Y,00103510,인지컨트롤스,소액주주,"15,995","16,004",99.94%,"8,551,481","15,809,197",54.09%,2024-12-31,2024,minority_shareholder
20190401003105,Y,00186559,아이티센씨티에스,소액주주,"12,877",-,99.98%,"34,686,675",-,72.49%,2018-12-31,2018,minority_shareholder
20200330002789,Y,00186559,아이티센씨티에스,소액주주,"13,696",-,99.96%,"41,570,726",-,61.26%,2019-12-31,2019,minority_shareholder
20210322000972,Y,00186559,아이티센씨티에스,소액주주,"19,609","19,613",99.98%,"46,663,615","67,851,466",68.77%,2020-12-31,2020,minority_shareholder
20220328001029,Y,00186559,아이티센씨티에스,소액주주,"23,721","23,725",99.98%,"78,935,568","121,051,466",65.21%,2021-12-31,2021,minority_shareholder
20230330000235,Y,00186559,아이티센씨티에스,소액주주,"21,859","21,863",99.98%,"84,815,337","121,051,466",70.06%,2022-12-31,2022,minority_shareholder
20240327001197,Y,00186559,아이티센씨티에스,소액주주,"21,764","21,768",99.98%,"86,313,064","121,051,466",71.30%,2023-12-31,2023,minority_shareholder
20250319001103,Y,00186559,아이티센씨티에스,소액주주,"19,046","19,048",99.98%,"89,014,599","121,051,466",73.53%,2024-12-31,2024,minority_shareholder
20190401004451,Y,00181943,에스제이엠홀딩스,소액주주,"3,833",-,99.74%,"2,447,864",-,16.39%,2018-12-31,2018,minority_shareholder
20200330003230,Y,00181943,에스제이엠홀딩스,소액주주,"4,021",-,99.75%,"2,825,453",-,18.92%,2019-12-31,2019,minority_shareholder
20210318001401,Y,00181943,에스제이엠홀딩스,소액주주,"3,759","3,772",99.66%,"2,991,318","14,934,008",20.03%,2020-12-31,2020,minority_shareholder
20221223000367,Y,00181943,에스제이엠홀딩스,소액주주,"4,579","4,591",99.74%,"2,867,571","14,934,008",19.20%,2021-12-31,2021,minority_shareholder
20230322001299,Y,00181943,에스제이엠홀딩스,소액주주,"5,931","5,943",99.80%,"3,104,991","14,934,008",20.79%,2022-12-31,2022,minority_shareholder
20240321001861,Y,00181943,에스제이엠홀딩스,소액주주,"5,984","5,995",99.82%,"3,663,953","14,934,008",24.53%,2023-12-31,2023,minority_shareholder
20250320001596,Y,00181943,에스제이엠홀딩스,소액주주,"5,398","5,408",99.82%,"3,849,005","14,934,008",25.77%,2024-12-31,2024,minority_shareholder
20190404002329,Y,00164779,SK하이닉스,소액주주,"309,676",-,99.99%,"422,650,910",-,58.05%,2018-12-31,2018,minority_shareholder
20200330004441,Y,00164779,SK하이닉스,소액주주,"181,783",-,99.99%,"441,033,663",-,60.58%,2019-12-31,2019,minority_shareholder
20210330000776,Y,00164779,SK하이닉스,소액주주,"431,633","431,640",99.99%,"453,737,437","728,002,365",62.32%,2020-12-31,2020,minority_shareholder
20220322000590,Y,00164779,SK하이닉스,소액주주,"876,606","876,611",99.99%,"485,646,772","728,002,365",66.70%,2021-12-31,2021,minority_shareholder
20230321001209,Y,00164779,SK하이닉스,소액주주,"1,007,087","1,007,093",99.99%,"471,759,790","728,002,365",64.80%,2022-12-31,2022,minority_shareholder
20240319000684,Y,00164779,SK하이닉스,소액주주,"587,776","587,785",99.99%,"454,398,558","728,002,365",62.41%,2023-12-31,2023,minority_shareholder
20250319000665,Y,00164779,SK하이닉스,소액주주,"780,867","780,876",99.99%,"456,814,819","728,002,365",62.74%,2024-12-31,2024,minority_shareholder
20190329003110,Y,00121534,MH에탄올,소액주주,"3,160",-,99.87%,"2,658,611",-,36.03%,2018-12-31,2018,minority_shareholder
20200327001724,Y,00121534,MH에탄올,소액주주,"2,953",-,99.86%,"2,458,611",-,33.32%,2019-12-31,2019,minority_shareholder
20210316000829,Y,00121534,MH에탄올,소액주주,"7,288","7,294",99.92%,"2,861,128","7,378,526",38.78%,2020-12-31,2020,minority_shareholder
20220316000865,Y,00121534,MH에탄올,소액주주,"8,282","8,290",99.90%,"2,682,419","7,378,526",36.35%,2021-12-31,2021,minority_shareholder
20230315001383,Y,00121534,MH에탄올,소액주주,"9,662","9,669",99.93%,"2,880,710","7,378,526",39.04%,2022-12-31,2022,minority_shareholder
20240313001046,Y,00121534,MH에탄올,소액주주,"8,591","8,596",99.94%,"2,815,634","7,378,526",38.16%,2023-12-31,2023,minority_shareholder
20250312000625,Y,00121534,MH에탄올,소액주주,"7,107","7,112",99.93%,"2,705,183","7,378,526",36.66%,2024-12-31,2024,minority_shareholder
20190401001358,Y,00115065,동남합성,소액주주,-,-,-,-,-,-,2018-12-31,2018,minority_shareholder
20200330003292,Y,00115065,동남합성,소액주주,865,-,98.63%,"562,359",-,15.53%,2019-12-31,2019,minority_shareholder
20210316000282,Y,00115065,동남합성,소액주주,"1,673","1,686",99.2%,"641,018","3,610,000",17.8%,2020-12-31,2020,minority_shareholder
20220808000217,Y,00115065,동남합성,소액주주,"3,472","3,481",99.74%,"700,607","3,583,500",19.56%,2021-12-31,2021,minority_shareholder
20230314001293,Y,00115065,동남합성,소액주주,"2,976","2,985",99.7%,"665,425","3,502,916",19.0%,2022-12-31,2022,minority_shareholder
20240312000423,Y,00115065,동남합성,소액주주,-,-,-,-,-,-,2023-12-31,2023,minority_shareholder
20250311000605,Y,00115065,동남합성,소액주주,"2,586","2,596",99.6%,"682,975","3,500,000",19.5%,2024-12-31,2024,minority_shareholder
20210517002048,Y,00126308,삼성E&A,소액주주,"60,165",-,99.91%,"129,791,845",-,66.22%,2018-12-31,2018,minority_shareholder
20210517002064,Y,00126308,삼성E&A,소액주주,"53,653",-,99.91%,"135,067,080",-,68.91%,2019-12-31,2019,minority_shareholder
20210517002076,Y,00126308,삼성E&A,소액주주,"107,971","107,983",99.99%,"132,696,080","196,000,000",67.70%,2020-12-31,2020,minority_shareholder
20220308000672,Y,00126308,삼성E&A,소액주주,"170,609","170,622",99.99%,"132,650,522","196,000,000",67.68%,2021-12-31,2021,minority_shareholder
20230831001403,Y,00126308,삼성E&A,소액주주,"123,092","123,106",99.99%,"130,422,780","196,000,000",66.54%,2022-12-31,2022,minority_shareholder
20240329003421,Y,00126308,삼성E&A,소액주주,"97,167","97,180",99.99%,"133,154,125","196,000,000",67.94%,2023-12-31,2023,minority_shareholder
20250814003670,Y,00126308,삼성E&A,소액주주,"104,168","104,184",99.98%,"127,281,857","196,000,000",64.94%,2024-12-31,2024,minority_shareholder
20190329000035,Y,00135795,신도리코,소액주주,"3,804",-,99.17%,"2,186,306",-,21.69%,2018-12-31,2018,minority_shareholder
20200330000162,Y,00135795,신도리코,소액주주,"4,703",-,99.39%,"2,372,203",-,23.53%,2019-12-31,2019,minority_shareholder
20210310000864,Y,00135795,신도리코,소액주주,"5,311","5,343",99.42%,"2,514,887","10,080,029",24.96%,2020-12-31,2020,minority_shareholder
20220308000868,Y,00135795,신도리코,소액주주,"5,693","5,720",99.54%,"2,989,515","10,080,029",29.67%,2021-12-31,2021,minority_shareholder
20230313000388,Y,00135795,신도리코,소액주주,"5,548","5,574",99.56%,"2,537,124","10,080,029",25.19%,2022-12-31,2022,minority_shareholder
20240313000830,Y,00135795,신도리코,소액주주,"4,691","4,715",99.50%,"2,528,304","10,080,029",25.09%,2023-12-31,2023,minority_shareholder
20250715000025,Y,00135795,신도리코,소액주주,"4,399","4,423",99.45%,"1,190,648","10,080,029",11.81%,2024-12-31,2024,minority_shareholder
20220318001083,Y,00168331,온타이드,소액주주,"5,128",-,99.72%,"9,987,885",-,72.68%,2018-12-31,2018,minority_shareholder
20220318001089,Y,00168331,온타이드,소액주주,"6,699",-,99.79%,"22,159,302",-,80.29%,2019-12-31,2019,minority_shareholder
20220318001096,Y,00168331,온타이드,소액주주,"10,159","10,169",99.94%,"33,874,628","38,845,864",87.22%,2020-12-31,2020,minority_shareholder
20220322001089,Y,00168331,온타이드,소액주주,"14,540","14,545",99.99%,"40,238,686","54,962,976",73.23%,2021-12-31,2021,minority_shareholder
20230322001115,Y,00168331,온타이드,소액주주,"15,473","15,476",100%,"42,557,288","55,717,048",76.39%,2022-12-31,2022,minority_shareholder
20240320001042,Y,00168331,온타이드,소액주주,"14,190","14,254",99.5%,"43,014,384","66,606,397",64.6%,2023-12-31,2023,minority_shareholder
20250320000926,Y,00168331,온타이드,소액주주,"11,231","11,236",99.96%,"44,216,300","67,328,047",65.67%,2024-12-31,2024,minority_shareholder
20190401002604,Y,00161709,퍼시스,소액주주,"1,686",-,99.00%,"1,179,292",-,10.25%,2018-12-31,2018,minority_shareholder
20200330002912,Y,00161709,퍼시스,소액주주,"1,852",-,99.09%,"1,131,356",-,9.84%,2019-12-31,2019,minority_shareholder
20210318001322,Y,00161709,퍼시스,소액주주,"1,819","1,835",99.13%,"2,022,463","11,500,000",17.59%,2020-12-31,2020,minority_shareholder
20220317001198,Y,00161709,퍼시스,소액주주,"4,200","4,216",99.62%,"897,640","9,170,899",9.79%,2021-12-31,2021,minority_shareholder
20230316001331,Y,00161709,퍼시스,소액주주,"4,383","4,398",99.66%,"886,980","8,960,239",9.90%,2022-12-31,2022,minority_shareholder
20240321000997,Y,00161709,퍼시스,소액주주,"3,543","3,558",99.58%,"878,293","11,500,000",7.64%,2023-12-31,2023,minority_shareholder
20250814001419,Y,00161709,퍼시스,소액주주,"1,757","1,771",99.21%,"878,293","11,500,000",7.64%,2024-12-31,2024,minority_shareholder
20190401001399,Y,00142865,WISCOM,소액주주,"3,130",-,99.37%,"3,644,715",-,24.25%,2018-12-31,2018,minority_shareholder
20200330002728,Y,00142865,WISCOM,소액주주,"3,235",-,99.42%,"4,349,016",-,28.37%,2019-12-31,2019,minority_shareholder
20210318000396,Y,00142865,WISCOM,소액주주,"3,143","3,159",99.49%,"5,497,430","15,326,438",35.87%,2020-12-31,2020,minority_shareholder
20220317000365,Y,00142865,WISCOM,소액주주,"7,952","7,966",99.82%,"6,318,421","15,326,438",41.23%,2021-12-31,2021,minority_shareholder
20230316000445,Y,00142865,WISCOM,소액주주,"6,802","6,816",99.79%,"6,518,095","15,326,438",42.53%,2022-12-31,2022,minority_shareholder
20240314000549,Y,00142865,WISCOM,소액주주,"6,051","6,067",99.74%,"6,157,055","15,326,438",40.17%,2023-12-31,2023,minority_shareholder
20250320000660,Y,00142865,WISCOM,소액주주,"5,608","5,623",99.73%,"6,207,738","15,326,438",40.50%,2024-12-31,2024,minority_shareholder
20190401001636,Y,00118044,동원수산,소액주주,"5,996",-,99.80%,"2,900,374",-,62.32%,2018-12-31,2018,minority_shareholder
20200330001704,Y,00118044,동원수산,소액주주,"5,428",-,99.76%,"2,755,394",-,59.21%,2019-12-31,2019,minority_shareholder
20210318001363,Y,00118044,동원수산,소액주주,"7,760","7,778",99.77%,"2,216,077","4,653,805",47.62%,2020-12-31,2020,minority_shareholder
20220317000755,Y,00118044,동원수산,소액주주,"8,748","8,761",99.85%,"3,489,939","4,653,805",74.99%,2021-12-31,2021,minority_shareholder
20230316000263,Y,00118044,동원수산,소액주주,"13,640","13,653",99.90%,"3,564,729","4,653,805",76.60%,2022-12-31,2022,minority_shareholder
20240314001415,Y,00118044,동원수산,소액주주,"9,209","9,220",99.88%,"3,662,366","4,653,805",78.70%,2023-12-31,2023,minority_shareholder
20250404003738,Y,00118044,동원수산,소액주주,"8,250","8,262",99.85%,"3,522,053","4,653,805",75.68%,2024-12-31,2024,minority_shareholder
20190329003329,Y,00197759,미래산업,소액주주,"62,332",-,99.99%,"606,422,271",-,95.52%,2018-12-31,2018,minority_shareholder
20210111000674,Y,00197759,미래산업,소액주주,"73,215",-,99.99%,"812,034,647",-,96.3%,2019-12-31,2019,minority_shareholder
20210322001086,Y,00197759,미래산업,소액주주,"43,461","43,465",99.99%,"15,335,974","18,662,929",82.17%,2020-12-31,2020,minority_shareholder
20221006000468,Y,00197759,미래산업,소액주주,"29,869","29,872",99.99%,"3,967,568","4,452,007",89.12%,2021-12-31,2021,minority_shareholder
20230320000617,Y,00197759,미래산업,소액주주,"29,548","29,551",99.99%,"3,877,725","4,452,007",87.11%,2022-12-31,2022,minority_shareholder
20250205000477,Y,00197759,미래산업,소액주주,"39,796","39,799",99.99%,"27,501,732","30,429,770",90.38%,2023-12-31,2023,minority_shareholder
20250318001105,Y,00197759,미래산업,소액주주,"36,159","36,161",99.99%,"45,880,662","58,229,134",78.80%,2024-12-31,2024,minority_shareholder
20190329001631,Y,00152729,광전자,소액주주,"11,368",-,99.89%,"19,313,790",-,33.33%,2018-12-31,2018,minority_shareholder
20200330002920,Y,00152729,광전자,소액주주,"11,587",-,99.88%,"18,282,517",-,31.55%,2019-12-31,2019,minority_shareholder
20210318000782,Y,00152729,광전자,소액주주,"13,707","13,718",99.93%,"18,215,471","57,943,763",31.44%,2020-12-31,2020,minority_shareholder
20220321000459,Y,00152729,광전자,소액주주,"12,904","12,917",99.92%,"16,888,518","57,943,763",29.15%,2021-12-31,2021,minority_shareholder
20230316000645,Y,00152729,광전자,소액주주,"12,962","12,971",99.93%,"18,524,732","50,363,763",36.78%,2022-12-31,2022,minority_shareholder
20240315000438,Y,00152729,광전자,소액주주,"16,067","16,077",99.93%,"18,988,837","50,363,763",37.70%,2023-12-31,2023,minority_shareholder
20250320000952,Y,00152729,광전자,소액주주,"14,662","14,671",99.94%,"19,575,769","50,363,763",38.87%,2024-12-31,2024,minority_shareholder
20190329001399,Y,00157070,한국단자공업,소액주주,"4,767",-,  99.62%,"2,796,102",-, 26.85%,2018-12-31,2018,minority_shareholder
20200330003319,Y,00157070,한국단자공업,소액주주,"4,147",-,99.57%,"2,800,204",-,29.38%,2019-12-31,2019,minority_shareholder
20210311001113,Y,00157070,한국단자공업,소액주주,"6,960","6,980",99.71%,"3,158,453","10,415,000",30.33%,2020-12-31,2020,minority_shareholder
20220317000875,Y,00157070,한국단자공업,소액주주,"12,451","12,463",99.90%,"4,231,808","10,415,000",40.63%,2021-12-31,2021,minority_shareholder
20230323000756,Y,00157070,한국단자공업,소액주주,"14,474","14,490",99.88%,"3,876,514","10,415,000",37.22%,2022-12-31,2022,minority_shareholder
20240325000553,Y,00157070,한국단자공업,소액주주,"10,475","10,492",99.83%,"3,765,354","10,415,000",36.15%,2023-12-31,2023,minority_shareholder
20250320000091,Y,00157070,한국단자공업,소액주주,"8,894","8,910",99.82%,"3,789,790","10,415,000",36.38%,2024-12-31,2024,minority_shareholder
20230309000365,Y,00118275,디아이,소액주주,"12,341",-,99.9%,"18,713,489",-,59.4%,2018-12-31,2018,minority_shareholder
20230309000368,Y,00118275,디아이,소액주주,"11,770",-,99.9%,"18,606,055",-,59.1%,2019-12-31,2019,minority_shareholder
20230309000372,Y,00118275,디아이,소액주주,"10,561","10,567",99.9%,"15,778,722","31,496,785",50.1%,2020-12-31,2020,minority_shareholder
20230309000380,Y,00118275,디아이,소액주주,"15,466","15,474",99.9%,"14,306,242","31,496,785",45.4%,2021-12-31,2021,minority_shareholder
20230316001051,Y,00118275,디아이,소액주주,"13,955","13,964",99.9%,"13,305,068","28,300,000",47.0%,2022-12-31,2022,minority_shareholder
20240314001500,Y,00118275,디아이,소액주주,"13,251","13,259",99.9%,"14,000,062","28,300,000",49.5%,2023-12-31,2023,minority_shareholder
20250313001050,Y,00118275,디아이,소액주주,"29,566","29,577",99.9%,"12,835,834","28,300,000",45.4%,2024-12-31,2024,minority_shareholder
20190401003891,Y,00136271,신성이엔지,소액주주,"26,730",-,99.99%,"102,877,566",-,59.47%,2018-12-31,2018,minority_shareholder
20200330002132,Y,00136271,신성이엔지,소액주주,"24,999",-,99.98%,"102,770,262",-,59.16%,2019-12-31,2019,minority_shareholder
20210322000367,Y,00136271,신성이엔지,소액주주,"116,825","116,830",99.99%,"156,960,029","201,433,941",77.92%,2020-12-31,2020,minority_shareholder
20220713000340,Y,00136271,신성이엔지,소액주주,"328,440","328,461",99.99%,"158,754,669","204,217,781",77.74%,2021-12-31,2021,minority_shareholder
20230316001222,Y,00136271,신성이엔지,소액주주,"299,500","299,505",100.00%,"162,786,364","205,848,151",79.08%,2022-12-31,2022,minority_shareholder
20240314001609,Y,00136271,신성이엔지,소액주주,"278,886","278,898",99.99%,"162,978,177","203,565,999",79.17%,2023-12-31,2023,minority_shareholder
20250318001079,Y,00136271,신성이엔지,소액주주,"252,927","252,932",99.99%,"162,786,364","205,848,151",79.08%,2024-12-31,2024,minority_shareholder
20190401003708,Y,00118965,티에이치엔,소액주주,"2,463",-,99.76%,"9,719,067",-,57.19%,2018-12-31,2018,minority_shareholder
20200330004530,Y,00118965,티에이치엔,소액주주,"3,678",-,99.83%,"9,667,585",-,53.70%,2019-12-31,2019,minority_shareholder
20210322000959,Y,00118965,티에이치엔,소액주주,"4,703","4,707",99.92%,"10,337,720","18,000,000",57.43%,2020-12-31,2020,minority_shareholder
20220322000923,Y,00118965,티에이치엔,소액주주,"10,470","10,474",99.96%,"10,337,720","18,000,000",57.43%,2021-12-31,2021,minority_shareholder
20230322000844,Y,00118965,티에이치엔,소액주주,"11,832","11,836",99.96%,"10,337,720","18,000,000",57.43%,2022-12-31,2022,minority_shareholder
20240320001057,Y,00118965,티에이치엔,소액주주,"7,848","7,852",99.95%,"10,294,445","18,000,000",57.19%,2023-12-31,2023,minority_shareholder
20250319001022,Y,00118965,티에이치엔,소액주주,"8,048","8,052",99.95%,"10,294,445","18,000,000",57.19%,2024-12-31,2024,minority_shareholder
20190409002102,Y,00161125,한온시스템,소액주주,-,-,-,-,-,-,2018-12-31,2018,minority_shareholder
20200330003088,Y,00161125,한온시스템,소액주주,-,-,-,-,-,-,2019-12-31,2019,minority_shareholder
20210319001134,Y,00161125,한온시스템,소액주주,-,-,-,-,-,-,2020-12-31,2020,minority_shareholder
20220816000770,Y,00161125,한온시스템,소액주주,-,-,-,-,-,-,2021-12-31,2021,minority_shareholder
20230515000867,Y,00161125,한온시스템,소액주주,-,-,-,-,-,-,2022-12-31,2022,minority_shareholder
20240320000500,Y,00161125,한온시스템,소액주주,"115,830","115,834",100.00%,"133,550,511","533,800,000",25.02%,2023-12-31,2023,minority_shareholder
20260318000466,Y,00161125,한온시스템,소액주주,"127,942","127,946",100.0%,"130,239,351","678,762,552",19.19%,2024-12-31,2024,minority_shareholder
20190401002111,Y,00141404,블루산업개발,소액주주,"1,912",-,99.79 %,"5,617,541",-,25.30 %,2018-12-31,2018,minority_shareholder
20200330002643,Y,00141404,블루산업개발,소액주주,"3,352",-,99.91%,"5,888,630",-,26.53%,2019-12-31,2019,minority_shareholder
20210323000566,Y,00141404,블루산업개발,소액주주,"7,860","7,866",99.92%,"4,619,125","22,200,000",20.81%,2020-12-31,2020,minority_shareholder
20220318000643,Y,00141404,블루산업개발,소액주주,"10,584","10,588",99.96%,"5,611,051","22,200,000",25.28%,2021-12-31,2021,minority_shareholder
20230712000496,Y,00141404,블루산업개발,소액주주,"4,084","4,089",99.88%,"4,667,731","22,295,000",20.94%,2022-12-31,2022,minority_shareholder
20240320001681,Y,00141404,블루산업개발,소액주주,"43,900","43,904",99.99%,"35,334,050","46,482,148",76.02%,2023-12-31,2023,minority_shareholder
20250411003513,Y,00141404,블루산업개발,소액주주,"26,439","26,444",99.98%,"34,264,113","55,907,218",61.29%,2024-12-31,2024,minority_shareholder
20230228006791,Y,00134316,세원정공,소액주주,"1,555",-,98.67%,"2,199,384",-,21.99%,2018-06-30,2018,minority_shareholder
20230228006816,Y,00134316,세원정공,소액주주,"1,847",-,98.93%,"2,367,942",-,23.68%,2019-06-30,2019,minority_shareholder
20230228006838,Y,00134316,세원정공,소액주주,"2,526","2,543",99.33%,"2,504,649","10,000,000",25.05%,2020-06-30,2020,minority_shareholder
20230228006856,Y,00134316,세원정공,소액주주,"2,527","2,544",99.33%,"2,504,649","10,000,000",25.05%,2021-06-30,2021,minority_shareholder
20230228006867,Y,00134316,세원정공,소액주주,"2,515","2,538",99.09%,"2,466,915","10,000,000",24.67%,2022-06-30,2022,minority_shareholder
20230919000247,Y,00134316,세원정공,소액주주,"2,394","2,409",99.37%,"3,435,883","10,000,000",34.36%,2023-06-30,2023,minority_shareholder
20250808000388,Y,00134316,세원정공,소액주주,"2,040","2,054",99.32%,"3,855,057","10,000,000",38.55%,2024-06-30,2024,minority_shareholder
20190401004038,Y,00144252,유니온,소액주주,"6,082",-,99.75%,"6,259,127",-,40.09%,2018-12-31,2018,minority_shareholder
20200330002488,Y,00144252,유니온,소액주주,"9,034",-,99.88%,"7,309,454",-,46.82%,2019-12-31,2019,minority_shareholder
20210323001008,Y,00144252,유니온,소액주주,"16,805","16,813",99.95%,"8,756,317","15,611,619",56.09%,2020-12-31,2020,minority_shareholder
20220317001135,Y,00144252,유니온,소액주주,"24,579","24,587",99.97%,"8,578,573","15,611,619",54.95%,2021-12-31,2021,minority_shareholder
20230323001190,Y,00144252,유니온,소액주주,"20,968","20,976",99.96%,"8,554,995","15,611,619",54.80%,2022-12-31,2022,minority_shareholder
20240321001439,Y,00144252,유니온,소액주주,"25,459","25,467",99.97%,"8,527,057","15,611,619",54.62%,2023-12-31,2023,minority_shareholder
20250320001552,Y,00144252,유니온,소액주주,"20,729","20,736",99.97%,"8,934,624","15,611,619",57.23%,2024-12-31,2024,minority_shareholder
20190418000517,Y,00140131,키다리스튜디오,소액주주,"2,814",-,99.72%,"4,718,374",-,29.80%,2018-12-31,2018,minority_shareholder
20200330003517,Y,00140131,키다리스튜디오,소액주주,"2,488",-,99.52%,"5,154,332",-,30.39%,2019-12-31,2019,minority_shareholder
20210318000957,Y,00140131,키다리스튜디오,소액주주,"6,252","6,263",99.82%,"5,269,982","18,505,691",28.48%,2020-12-31,2020,minority_shareholder
20220317000876,Y,00140131,키다리스튜디오,소액주주,"21,505","21,515",99.95%,"9,207,058","34,709,306",26.53%,2021-12-31,2021,minority_shareholder
20230316001551,Y,00140131,키다리스튜디오,소액주주,"22,515","22,534",99.92%,"9,493,843","36,964,766",25.68%,2022-12-31,2022,minority_shareholder
20240318000710,Y,00140131,키다리스튜디오,소액주주,"19,923","19,942",99.90%,"10,113,155","36,990,766",27.34%,2023-12-31,2023,minority_shareholder
20250319000526,Y,00140131,키다리스튜디오,소액주주,"17,967","17,986",99.89%,"10,872,197","37,063,766",29.33%,2024-12-31,2024,minority_shareholder
20190329002920,Y,00133706,한국제지,소액주주,"3,906",-,99.90%,"7,694,657",-,26.03%,2018-12-31,2018,minority_shareholder
20200330004346,Y,00133706,한국제지,소액주주,"4,205",-,99.88%,"7,399,945",-,25.03%,2019-12-31,2019,minority_shareholder
20210318000861,Y,00133706,한국제지,소액주주,"11,487","11,491",99.97%,"26,796,424","57,561,692",46.55%,2020-12-31,2020,minority_shareholder
20220323000788,Y,00133706,한국제지,소액주주,"13,546","13,550",99.97%,"26,616,894","57,561,692",46.24%,2021-12-31,2021,minority_shareholder
20230316000858,Y,00133706,한국제지,소액주주,"12,531","12,535",99.97%,"26,181,850","57,562,997",45.48%,2022-12-31,2022,minority_shareholder
20240314001202,Y,00133706,한국제지,소액주주,"11,019","11,021",99.98%,"28,358,493","190,150,720",14.91%,2023-12-31,2023,minority_shareholder
20250314001620,Y,00133706,한국제지,소액주주,"10,519","10,522",99.97%,"29,089,701","190,150,720",15.30%,2024-12-31,2024,minority_shareholder
20190401003176,Y,00188089,한섬,소액주주,"4,158",-,99.88%,"7,732,008",-,31.39%,2018-12-31,2018,minority_shareholder
20200330003522,Y,00188089,한섬,소액주주,"5,955",-,99.92%,"7,947,234",-,32.27%,2019-12-31,2019,minority_shareholder
20210315000785,Y,00188089,한섬,소액주주,"13,193","13,198",99.96%,"7,775,160","24,640,000",31.56%,2020-12-31,2020,minority_shareholder
20220816002184,Y,00188089,한섬,소액주주,"19,248","19,253",99.97%,"10,574,800","21,969,594",48.13%,2021-12-31,2021,minority_shareholder
20230315001312,Y,00188089,한섬,소액주주,"18,842","18,868",99.86%,"9,357,526","21,969,594",42.59%,2022-12-31,2022,minority_shareholder
20240315000735,Y,00188089,한섬,소액주주,"20,263","20,271",99.96%,"9,754,639","21,969,594",44.40%,2023-12-31,2023,minority_shareholder
20250829000928,Y,00188089,한섬,소액주주,-,-,-,-,-,-,2024-12-31,2024,minority_shareholder
20190401004585,Y,00164724,현대엘리베이터,소액주주,"37,687",-,99.95%,"13,645,019",-,50.24%,2018-12-31,2018,minority_shareholder
20200330003349,Y,00164724,현대엘리베이터,소액주주,"47,232",-,99.96%,"13,826,184",-,50.83%,2019-12-31,2019,minority_shareholder
20210319001408,Y,00164724,현대엘리베이터,소액주주,"55,960","55,982",99.96%,"19,234,051","40,815,191",47.12%,2020-12-31,2020,minority_shareholder
20220321001512,Y,00164724,현대엘리베이터,소액주주,"67,909","67,932",99.97%,"19,166,113","40,815,191",46.96%,2021-12-31,2021,minority_shareholder
20230321001479,Y,00164724,현대엘리베이터,소액주주,"66,308","66,334",99.96%,"17,676,508","40,815,191",43.31%,2022-12-31,2022,minority_shareholder
20240320001956,Y,00164724,현대엘리베이터,소액주주,"38,326","38,351",99.93%,"13,292,546","39,092,385",34.00%,2023-12-31,2023,minority_shareholder
20250318000920,Y,00164724,현대엘리베이터,소액주주,"33,080","33,107",99.92%,"17,672,033","39,092,385",45.21%,2024-12-31,2024,minority_shareholder
20190329000435,Y,00166573,환인제약,소액주주,"6,181",-,99.8%,"4,435,607",-,23.85%,2018-12-31,2018,minority_shareholder
20200327000156,Y,00166573,환인제약,소액주주,"6,083",-,99.77%,"4,472,359",-,24.04%,2019-12-31,2019,minority_shareholder
20210311000726,Y,00166573,환인제약,소액주주,"12,858","12,871",99.90%,"6,387,429","18,600,070",34.34%,2020-12-31,2020,minority_shareholder
20220310000467,Y,00166573,환인제약,소액주주,"17,745","17,759",99.92%,"6,474,715","18,600,070",34.81%,2021-12-31,2021,minority_shareholder
20230316000803,Y,00166573,환인제약,소액주주,"15,040","15,057",99.89%,"5,365,828","18,600,070",28.85%,2022-12-31,2022,minority_shareholder
20240314001165,Y,00166573,환인제약,소액주주,"15,229","15,244",99.9%,"6,008,753","18,600,070",32.31%,2023-12-31,2023,minority_shareholder
20250813000488,Y,00166573,환인제약,소액주주,"13,366","13,381",99.9%,"6,013,421","18,600,070",32.33%,2024-12-31,2024,minority_shareholder
20190401005146,Y,00102432,계룡건설산업,소액주주,"3,705",-,99.46%,"2,470,302",-,27.66%,2018-12-31,2018,minority_shareholder
20200330004726,Y,00102432,계룡건설산업,소액주주,"3,800",-,99.45%,"2,067,804",-,23.15%,2019-12-31,2019,minority_shareholder
20211025000143,Y,00102432,계룡건설산업,소액주주,"13,464","13,487",99.83%,"3,565,184","8,857,797",40.25%,2020-12-31,2020,minority_shareholder
20220318000802,Y,00102432,계룡건설산업,소액주주,"19,543","19,566",99.88%,"3,666,953","8,857,797",41.40%,2021-12-31,2021,minority_shareholder
20230320000720,Y,00102432,계룡건설산업,소액주주,"16,139","16,162",99.85%,"3,518,261","8,857,797",39.72%,2022-12-31,2022,minority_shareholder
20240319000660,Y,00102432,계룡건설산업,소액주주,"15,311","15,333",99.86%,"4,179,143","8,857,797",47.18%,2023-12-31,2023,minority_shareholder
20250814001751,Y,00102432,계룡건설산업,소액주주,"12,762","12,783",99.84%,"4,348,740","8,857,797",49.10%,2024-12-31,2024,minority_shareholder
20190329002996,Y,00131197,서원,소액주주,-,-,-,-,-,-,2018-12-31,2018,minority_shareholder
20200330001276,Y,00131197,서원,소액주주,"12,237",-,99.94%,"26,815,419",-,56.48%,2019-12-31,2019,minority_shareholder
20210316000275,Y,00131197,서원,소액주주,"12,331","12,338",99.94%,"27,623,653","47,474,590",58.19%,2020-12-31,2020,minority_shareholder
20230309000649,Y,00131197,서원,소액주주,"17,452","17,458",99.97%,"27,917,183","47,474,590",58.80%,2021-12-31,2021,minority_shareholder
20230323000835,Y,00131197,서원,소액주주,"16,004","16,009",99.97%,"28,340,045","47,474,590",59.70%,2022-12-31,2022,minority_shareholder
20240320000669,Y,00131197,서원,소액주주,"23,314","23,318",99.98%,"29,128,987","47,474,590",61.36%,2023-12-31,2023,minority_shareholder
20250320001156,Y,00131197,서원,소액주주,"18,621","18,626",99.97%,"28,654,082","47,474,590",60.36%,2024-12-31,2024,minority_shareholder
20190401004677,Y,00158501,에스원,소액주주,"4,595",-,99.80%,"13,153,753",-,34.62%,2018-12-31,2018,minority_shareholder
20200330003830,Y,00158501,에스원,소액주주,"5,563",-,99.82%,"12,731,130",-,33.50%,2019-12-31,2019,minority_shareholder
20210310001205,Y,00158501,에스원,소액주주,"10,007","10,018",99.90%,"12,103,154","33,810,239",35.79%,2020-12-31,2020,minority_shareholder
20220308000980,Y,00158501,에스원,소액주주,"12,616","12,626",99.92%,"12,886,487","37,999,178",33.91%,2021-12-31,2021,minority_shareholder
20230307000691,Y,00158501,에스원,소액주주,"12,781","12,792",99.91%,"13,381,348","37,999,178",35.21%,2022-12-31,2022,minority_shareholder
20240313001360,Y,00158501,에스원,소액주주,"12,275","12,286",99.91%,"13,017,039","37,999,178",34.25%,2023-12-31,2023,minority_shareholder
20250312000984,Y,00158501,에스원,소액주주,"10,278","10,291",99.87%,"12,209,953","37,999,178",32.13%,2024-12-31,2024,minority_shareholder
20190401004123,Y,00153339,태경산업,소액주주,"3,019",-,99.47%,"5,181,618",-,17.73%,2018-12-31,2018,minority_shareholder
20200330003589,Y,00153339,태경산업,소액주주,"4,674",-,99.64%,"6,180,649",-,21.15%,2019-12-31,2019,minority_shareholder
20210323000904,Y,00153339,태경산업,소액주주,"5,173","5,188",99.71%,"6,217,160","29,228,750",21.27%,2020-12-31,2020,minority_shareholder
20220317000620,Y,00153339,태경산업,소액주주,"9,356","9,359",99.9%,"8,837,039","29,228,750",30.23%,2021-12-31,2021,minority_shareholder
20230323001143,Y,00153339,태경산업,소액주주,"8,525","8,536",99.9%,"8,377,437","29,228,750",28.66%,2022-12-31,2022,minority_shareholder
20240321001207,Y,00153339,태경산업,소액주주,"15,302","15,312",99.9%,"10,689,918","29,228,750",36.6%,2023-12-31,2023,minority_shareholder
20250321000898,Y,00153339,태경산업,소액주주,"12,166","12,176",99.9%,"10,780,218","29,228,750",36.8%,2024-12-31,2024,minority_shareholder
20230217001599,Y,00135777,신대양제지,소액주주,"6,233",-,99.8%,"1,625,132",-,40.3%,2018-12-31,2018,minority_shareholder
20200330003607,Y,00135777,신대양제지,소액주주,"6,680",-,99.85%,"1,781,777",-,44.22%,2019-12-31,2019,minority_shareholder
20210318000924,Y,00135777,신대양제지,소액주주,"5,607","5,621",99.75%,"1,429,049","4,029,782",35.46%,2020-12-31,2020,minority_shareholder
20220322000706,Y,00135777,신대양제지,소액주주,"2,345","2,359",99.41%,"1,094,587","4,029,782",27.16%,2021-12-31,2021,minority_shareholder
20230905000316,Y,00135777,신대양제지,소액주주,"1,739","1,754",99.14%,"945,861","4,029,782",23.47%,2022-12-31,2022,minority_shareholder
20240321001761,Y,00135777,신대양제지,소액주주,"5,000","5,010",99.80%,"9,549,141","40,297,820",23.70%,2023-12-31,2023,minority_shareholder
20250320001290,Y,00135777,신대양제지,소액주주,"2,585","2,595",99.61%,"5,813,125","40,297,820",14.43%,2024-12-31,2024,minority_shareholder
20190613000369,Y,00144720,와이투솔루션,소액주주,"7,544",-,99.97%,"48,983,181",-,86.62%,2018-12-31,2018,minority_shareholder
20200330003249,Y,00144720,와이투솔루션,소액주주,"8,435",-,99.96%,"55,615,780",-,95.57%,2019-12-31,2019,minority_shareholder
20210331002101,Y,00144720,와이투솔루션,소액주주,"12,322","12,325",99.97%,"55,615,780","58,494,201",95.08%,2020-12-31,2020,minority_shareholder
20220315001039,Y,00144720,와이투솔루션,소액주주,"11,725","11,727",99.98%,"90,684,168","159,235,637",43.05%,2021-12-31,2021,minority_shareholder
20230320000702,Y,00144720,와이투솔루션,소액주주,"13,123","13,127",99.97%,"81,892,127","159,235,637",51.43%,2022-12-31,2022,minority_shareholder
20240319000565,Y,00144720,와이투솔루션,소액주주,"13,092","13,097",99.96%,"21,498,727","36,574,394",58.78%,2023-12-31,2023,minority_shareholder
20250319001127,Y,00144720,와이투솔루션,소액주주,"11,926","11,934",99.93%,"20,481,975","36,574,394",56.00%,2024-12-31,2024,minority_shareholder
20190401004960,Y,00107987,남해화학,소액주주,"22,176",-,99.98%,"18,769,939",-,37.78%,2018-12-31,2018,minority_shareholder
20200330000605,Y,00107987,남해화학,소액주주,"29,254",-,99.98%,"19,355,923",-,38.96%,2019-12-31,2019,minority_shareholder
20210316000430,Y,00107987,남해화학,소액주주,"51,079","51,082",99.99%,"20,128,546","49,678,843",40.52%,2020-12-31,2020,minority_shareholder
20220317000080,Y,00107987,남해화학,소액주주,"54,379","54,384",99.99%,"17,585,718","49,678,843",35.4%,2021-12-31,2021,minority_shareholder
20230316001430,Y,00107987,남해화학,소액주주,"52,552","52,554",99.9%,"18,541,329","47,948,695",38.67%,2022-12-31,2022,minority_shareholder
20240314001607,Y,00107987,남해화학,소액주주,"53,168","53,170",99.9%,"20,128,546","49,678,843",40.5%,2023-12-31,2023,minority_shareholder
20250320001346,Y,00107987,남해화학,소액주주,"46,797","46,799",99.9%,"20,128,546","49,678,843",40.5%,2024-12-31,2024,minority_shareholder
20180629000437,Y,00118008,동원금속,소액주주,"7,752",-,99.80%,"27,716,678",-,59.28%,2018-03-31,2018,minority_shareholder
20200116000259,Y,00118008,동원금속,소액주주,"5,710",-,99.77%,"28,702,935",-,61.39%,2019-03-31,2019,minority_shareholder
20200629000448,Y,00118008,동원금속,소액주주,"5,325",-,99.73%,"28,836,417",-,61.68%,2020-03-31,2020,minority_shareholder
20210706000358,Y,00118008,동원금속,소액주주,"14,405","14,412",99.95%,"31,096,879","46,754,933",66.51%,2021-03-31,2021,minority_shareholder
20220620000208,Y,00118008,동원금속,소액주주,"10,457","10,467",99.90%,"27,518,804","46,754,933",58.85%,2022-03-31,2022,minority_shareholder
20230620000249,Y,00118008,동원금속,소액주주,"10,852","10,861",99.91%,"28,720,581","46,754,933",61.42%,2023-03-31,2023,minority_shareholder
20240619000177,Y,00118008,동원금속,소액주주,"11,364","11,371",99.94%,"31,610,775","46,754,933",67.61%,2024-03-31,2024,minority_shareholder
20190329001377,Y,00132868,우성머티리얼스,소액주주,"4,005",-,99.72%,"32,151,881",-,56.54%,2018-12-31,2018,minority_shareholder
20220218001138,Y,00132868,우성머티리얼스,소액주주,"5,101",-,99.73%,"31,040,157",-,54.59%,2019-12-31,2019,minority_shareholder
20210322001033,Y,00132868,우성머티리얼스,소액주주,"3,915","3,929",99.64%,"31,457,467","56,857,860",55.33%,2020-12-31,2020,minority_shareholder
20220322000888,Y,00132868,우성머티리얼스,소액주주,"17,860","17,872",99.94%,"38,976,120","56,857,860",68.55%,2021-12-31,2021,minority_shareholder
20230322000752,Y,00132868,우성머티리얼스,소액주주,"8,028","8,032",99.95%,"38,649,734","56,857,860",67.98%,2022-12-31,2022,minority_shareholder
20240321001113,Y,00132868,우성머티리얼스,소액주주,"11,060","11,061",99.99%,"51,621,715","67,351,047",76.65%,2023-12-31,2023,minority_shareholder
20250320000581,Y,00132868,우성머티리얼스,소액주주,"9,551","9,592",99.50%,"60,763,075","105,014,778",57.86%,2024-12-31,2024,minority_shareholder
20190401004468,Y,00164645,HMM,소액주주,"101,046",-,99.98%,"212,838,778",-,67.42%,2018-12-31,2018,minority_shareholder
20200330004588,Y,00164645,HMM,소액주주,"88,892",-,99.98%,"200,933,878",-,63.47%,2019-12-31,2019,minority_shareholder
20210318001102,Y,00164645,HMM,소액주주,"183,136","183,145",99.99%,"220,357,468","326,726,323",67.44%,2020-12-31,2020,minority_shareholder
20220321001124,Y,00164645,HMM,소액주주,"568,237","568,241",99.99%,"245,333,675","489,039,496",50.17%,2021-12-31,2021,minority_shareholder
20230714000061,Y,00164645,HMM,소액주주,"484,960","484,967",99.99%,"229,575,742","489,039,496",46.94%,2022-12-31,2022,minority_shareholder
20240328001188,Y,00164645,HMM,소액주주,"444,680","444,686",99.99%,"227,703,683","689,039,496",33.04%,2023-12-31,2023,minority_shareholder
20250318000828,Y,00164645,HMM,소액주주,"368,862","368,907",99.98%,"213,719,453","881,039,496",24.26%,2024-12-31,2024,minority_shareholder
20190329002398,Y,00102113,경인양행,소액주주,-,-,-,-,-,-,2018-12-31,2018,minority_shareholder
20200330000629,Y,00102113,경인양행,소액주주,-,-,-,-,-,-,2019-12-31,2019,minority_shareholder
20210331000615,Y,00102113,경인양행,소액주주,-,-,-,-,-,-,2020-12-31,2020,minority_shareholder
20220330000263,Y,00102113,경인양행,소액주주,-,-,-,-,-,-,2021-12-31,2021,minority_shareholder
20230316000324,Y,00102113,경인양행,소액주주,"23,590","23,600",99.96%,"25,876,596","41,616,365",62.18%,2022-12-31,2022,minority_shareholder
20240314001432,Y,00102113,경인양행,소액주주,"21,062","21,072",99.95%,"25,384,032","41,516,765",61.14%,2023-12-31,2023,minority_shareholder
20250320000738,Y,00102113,경인양행,소액주주,"18,121","18,133",99.93%,"24,922,802","41,202,283",60.48%,2024-12-31,2024,minority_shareholder
20190401004722,Y,00155355,풀무원,소액주주,"5,242",-,99.47%,"901,307",-,21.40%,2018-12-31,2018,minority_shareholder
20200330004464,Y,00155355,풀무원,소액주주,"7,526",-,99.80%,"7,840,950",-,20.58%,2019-12-31,2019,minority_shareholder
20210616000380,Y,00155355,풀무원,소액주주,"25,488","25,503",99.95%,"9,728,695","42,155,119",23.08%,2020-12-31,2020,minority_shareholder
20220322001067,Y,00155355,풀무원,소액주주,"50,283","50,295",99.98%,"8,020,647","42,155,122",19.03%,2021-12-31,2021,minority_shareholder
20230322001245,Y,00155355,풀무원,소액주주,"53,520","53,525",99.99%,"9,115,645","40,805,422",22.34%,2022-12-31,2022,minority_shareholder
20240320001580,Y,00155355,풀무원,소액주주,"48,230","48,264",99.92%,"7,887,798","36,770,842",21.45%,2023-12-31,2023,minority_shareholder
20250318001312,Y,00155355,풀무원,소액주주,"43,155","43,174",99.96%,"9,168,462","36,863,355",24.87%,2024-12-31,2024,minority_shareholder
20190401003436,Y,00130684,서울도시가스,소액주주,"1,426",-,97.27%,"362,507",-,7.25%,2018-12-31,2018,minority_shareholder
20200330002193,Y,00130684,서울도시가스,소액주주,"1,546",-,99.10%,"347,387",-,6.95%,2019-12-31,2019,minority_shareholder
20210315000572,Y,00130684,서울도시가스,소액주주,"1,790","1,780",99.44%,"473,210","3,882,792",12.19%,2020-12-31,2020,minority_shareholder
20220316001413,Y,00130684,서울도시가스,소액주주,"8,055","8,069",99.83%,"504,631","3,882,792",13.00%,2021-12-31,2021,minority_shareholder
20230315000963,Y,00130684,서울도시가스,소액주주,"4,229","4,260",99.27%,"613,133","3,882,792",15.79%,2022-12-31,2022,minority_shareholder
20240319000303,Y,00130684,서울도시가스,소액주주,"19,757","19,783",99.87%,"1,256,390","3,882,792",32.36%,2023-12-31,2023,minority_shareholder
20250703000161,Y,00130684,서울도시가스,소액주주,"16,490","16,519",99.82%,"1,371,757","3,932,792",34.88%,2024-12-31,2024,minority_shareholder
20190401003026,Y,00145464,이구산업,소액주주,"4,972",-,99.53%,"14,051,071",-,42.01%,2018-12-31,2018,minority_shareholder
20200330003616,Y,00145464,이구산업,소액주주,"6,447",-,99.59%,"14,654,886",-,43.81%,2019-12-31,2019,minority_shareholder
20210317001055,Y,00145464,이구산업,소액주주,"6,500","6,529",99.57%,"14,225,094","33,442,000",42.55%,2020-12-31,2020,minority_shareholder
20220316000677,Y,00145464,이구산업,소액주주,"19,009","19,036",99.86%,"15,670,844","33,442,000",46.86%,2021-12-31,2021,minority_shareholder
20230315000658,Y,00145464,이구산업,소액주주,"20,046","20,075",99.88%,"14,371,163","33,442,000",43.00%,2022-12-31,2022,minority_shareholder
20240318000443,Y,00145464,이구산업,소액주주,"25,381","25,407",99.91%,"15,686,192","33,442,000",46.93%,2023-12-31,2023,minority_shareholder
20250320000112,Y,00145464,이구산업,소액주주,"26,784","26,810",99.92%,"15,445,398","33,442,000",46.20%,2024-12-31,2024,minority_shareholder
20190401004740,Y,00139764,에넥스,소액주주,"15,178",-,99.93%,"33,550,063",-,55.92%,2018-12-31,2018,minority_shareholder
20200330004437,Y,00139764,에넥스,소액주주,"13,559",-,99.94%,"35,352,493",-,58.93%,2019-12-31,2019,minority_shareholder
20210317001212,Y,00139764,에넥스,소액주주,"16,140","16,147",99.96%,"36,443,828","59,991,641",60.75%,2020-12-31,2020,minority_shareholder
20220316001347,Y,00139764,에넥스,소액주주,"32,586","32,595",99.97%,"41,139,857","59,991,641",68.57%,2021-12-31,2021,minority_shareholder
20230315001362,Y,00139764,에넥스,소액주주,"32,149","32,157",99.98%,"42,928,405","59,991,641",71.56%,2022-12-31,2022,minority_shareholder
20240321001860,Y,00139764,에넥스,소액주주,"27,045","27,056",99.95%,"42,828,405","59,991,641",71.39%,2023-12-31,2023,minority_shareholder
20250318001112,Y,00139764,에넥스,소액주주,"23,714","23,725",99.95%,"42,828,405","59,991,641",71.39%,2024-12-31,2024,minority_shareholder
20190401000588,Y,00152385,에이프로젠,소액주주,"13,573",-,99.87%,"20,914,045",-,22.76%,2018-12-31,2018,minority_shareholder
20201113000797,Y,00152385,에이프로젠,소액주주,"39,349",-,99.97%,"96,958,634",-,63.07%,2019-12-31,2019,minority_shareholder
20210319000919,Y,00152385,에이프로젠,소액주주,"49,775","49,778",99.99%,"134,595,233","182,946,253",73.57%,2020-12-31,2020,minority_shareholder
20220331001224,Y,00152385,에이프로젠,소액주주,"47,873","47,885",99.97%,"155,735,965","199,153,367",78.20%,2021-12-31,2021,minority_shareholder
20230327000820,Y,00152385,에이프로젠,소액주주,"56,368","56,375",99.98%,"92,322,465","253,668,855",36.39%,2022-12-31,2022,minority_shareholder
20240328001313,Y,00152385,에이프로젠,소액주주,"52,908","52,914",99.98%,"120,049,277","264,837,258",45.32%,2023-12-31,2023,minority_shareholder
20250321001573,Y,00152385,에이프로젠,소액주주,"53,002","53,010",99.98%,"158,117,787","304,124,494",51.99%,2024-12-31,2024,minority_shareholder
20191031000400,Y,00136776,차AI헬스케어,소액주주,"32,096",-,99.98%,"19,047,149",-,71.81%,2018-12-31,2018,minority_shareholder
20200330003669,Y,00136776,차AI헬스케어,소액주주,"29,170",-,99.98%,"22,504,139",-,79.29%,2019-12-31,2019,minority_shareholder
20210329000647,Y,00136776,차AI헬스케어,소액주주,"24,080","24,086",99.98%,"31,269,377","36,909,430",84.72%,2020-12-31,2020,minority_shareholder
20220816002378,Y,00136776,차AI헬스케어,소액주주,"32,561","32,563",99.99%,"61,318,398","74,422,604",82.39%,2021-12-31,2021,minority_shareholder
20230322001335,Y,00136776,차AI헬스케어,소액주주,"23,333","23,336",99.99%,"3,152,734","3,849,138",81.91%,2022-12-31,2022,minority_shareholder
20240320001971,Y,00136776,차AI헬스케어,소액주주,"19,672","19,675",99.98%,"3,144,309","4,474,358",70.27%,2023-12-31,2023,minority_shareholder
20250319000718,Y,00136776,차AI헬스케어,소액주주,"17,147","17,152",99.97%,"3,029,043","4,474,358",67.70%,2024-12-31,2024,minority_shareholder
20190711000324,Y,00159795,한국카본,소액주주,"11,106",-,99.84%,"21,414,863",-,48.70%,2018-12-31,2018,minority_shareholder
20200330003498,Y,00159795,한국카본,소액주주,"13,089",-,99.87%,"21,819,724",-,49.63%,2019-12-31,2019,minority_shareholder
20210322000802,Y,00159795,한국카본,소액주주,-,-,-,-,-,-,2020-12-31,2020,minority_shareholder
20220322000780,Y,00159795,한국카본,소액주주,"52,902","52,913",99.98%,"30,077,108","43,960,757",68.42%,2021-12-31,2021,minority_shareholder
20230321001102,Y,00159795,한국카본,소액주주,"52,902","52,913",99.98%,"30,077,108","43,960,757",68.42%,2022-12-31,2022,minority_shareholder
20240321001829,Y,00159795,한국카본,소액주주,"42,903","42,935",99.93%,"31,011,570","51,908,452",59.74%,2023-12-31,2023,minority_shareholder
20250319000937,Y,00159795,한국카본,소액주주,"33,982","34,333",99.00%,"30,292,063","51,908,452",58.36%,2024-12-31,2024,minority_shareholder
20190401003132,Y,00191472,KPX케미칼,소액주주,"4,838",-,99.77% %,"1,040,307",-,21.49% %,2018-12-31,2018,minority_shareholder
20200330003515,Y,00191472,KPX케미칼,소액주주,"5,054",-,99.80%,"1,106,774",-,22.87%,2019-12-31,2019,minority_shareholder
20210318001183,Y,00191472,KPX케미칼,소액주주,"6,499","6,509",99.8%,"1,031,481","4,755,221",21.7%,2020-12-31,2020,minority_shareholder
20220317000976,Y,00191472,KPX케미칼,소액주주,"8,865","8,874",99.9%,"1,057,371","4,755,221",22.2%,2021-12-31,2021,minority_shareholder
20230316000950,Y,00191472,KPX케미칼,소액주주,"8,696","8,704",99.9%,"1,039,833","4,755,221",21.9%,2022-12-31,2022,minority_shareholder
20240314001246,Y,00191472,KPX케미칼,소액주주,"8,936","8,944",99.9%,"1,166,148","4,755,221",24.5%,2023-12-31,2023,minority_shareholder
20250313001177,Y,00191472,KPX케미칼,소액주주,"9,685","9,691",99.93%,"1,461,995","4,755,221",30.75%,2024-12-31,2024,minority_shareholder
20190401004462,Y,00154329,TP,소액주주,"5,596",-,99.61%,"20,791,719",-,41.66%,2018-12-31,2018,minority_shareholder
20200330004191,Y,00154329,TP,소액주주,"5,148",-,99.56%,"21,541,654",-,43.16%,2019-12-31,2019,minority_shareholder
20210323000572,Y,00154329,TP,소액주주,"12,120","12,146",99.78%,"24,740,036","48,149,587",51.40%,2020-12-31,2020,minority_shareholder
20220322000869,Y,00154329,TP,소액주주,"17,304","17,331",99.84%,"25,493,241","48,149,587",52.96%,2021-12-31,2021,minority_shareholder
20230322000780,Y,00154329,TP,소액주주,"16,673","16,682",99.95%,"26,838,487","48,636,071",55.18%,2022-12-31,2022,minority_shareholder
20240320001241,Y,00154329,TP,소액주주,"15,466","15,475",99.94%,"31,168,196","51,012,793",61.10%,2023-12-31,2023,minority_shareholder
20250319000833,Y,00154329,TP,소액주주,"11,754","11,766",99.90%,"30,367,320","51,175,130",59.33%,2024-12-31,2024,minority_shareholder
20190328001211,Y,00147860,에스엠벡셀,소액주주,"4,192",-,99.92%,"38,146,794",-,77.50%,2018-12-31,2018,minority_shareholder
20210811000351,Y,00147860,에스엠벡셀,소액주주,"4,004",-,99.77%,"36,682,339",-,62.10%,2019-12-31,2019,minority_shareholder
20210819000375,Y,00147860,에스엠벡셀,소액주주,"7,029","7,052",99.67%,"49,670,221","64,581,636",76.91%,2020-12-31,2020,minority_shareholder
20220323001138,Y,00147860,에스엠벡셀,소액주주,"6,432","6,436",99.94%,"15,753,882","65,497,372",24.05%,2021-12-31,2021,minority_shareholder
20230323001300,Y,00147860,에스엠벡셀,소액주주,"6,084","6,086",99.97%,"16,291,180","111,251,760",14.64%,2022-12-31,2022,minority_shareholder
20240321001504,Y,00147860,에스엠벡셀,소액주주,"8,613","8,615",99.97%,"18,736,245","111,251,760",16.84%,2023-12-31,2023,minority_shareholder
20250320001174,Y,00147860,에스엠벡셀,소액주주,"7,503","7,505",99.97%,"16,950,337","111,251,760",15.23%,2024-12-31,2024,minority_shareholder
20190618000154,Y,00121570,문배철강,소액주주,"10,305",-,99.91%,"10,154,893",-,49.53%,2018-12-31,2018,minority_shareholder
20200330001129,Y,00121570,문배철강,소액주주,"10,039",-,99.86%,"10,276,657",-,50.12%,2019-12-31,2019,minority_shareholder
20210311000730,Y,00121570,문배철강,소액주주,"13,551","13,563",99.91%,"10,520,557","20,503,505",51.31%,2020-12-31,2020,minority_shareholder
20220310001184,Y,00121570,문배철강,소액주주,"18,598","18,605",99.96%,"11,288,075","20,503,505",55.05%,2021-12-31,2021,minority_shareholder
20230316000931,Y,00121570,문배철강,소액주주,"20,134","20,141",99.97%,"10,743,285","20,503,505",52.4%,2022-12-31,2022,minority_shareholder
20240314000969,Y,00121570,문배철강,소액주주,"16,902","16,909",99.96%,"10,960,051","20,503,505",53.5%,2023-12-31,2023,minority_shareholder
20250708000057,Y,00121570,문배철강,소액주주,"14,567","14,574",99.95%,"10,263,164","20,503,505",50.06%,2024-12-31,2024,minority_shareholder
20190329003889,Y,00161116,HL D&I,소액주주,"12,098",-,99.90%,"18,185,375",-,46.78%,2018-12-31,2018,minority_shareholder
20200330003720,Y,00161116,HL D&I,소액주주,"10,799",-,99.94%,"18,711,885",-,48.13%,2019-12-31,2019,minority_shareholder
20210422000308,Y,00161116,HL D&I,소액주주,"12,573","12,582",99.93%,"17,573,631","37,858,601",46.42%,2020-12-31,2020,minority_shareholder
20220317001226,Y,00161116,HL D&I,소액주주,"20,022","20,024",99.95%,"17,935,045","37,858,601",47.37%,2021-12-31,2021,minority_shareholder
20230315001407,Y,00161116,HL D&I,소액주주,"18,611","18,621",99.95%,"18,446,984","37,858,601",48.73%,2022-12-31,2022,minority_shareholder
20240318000780,Y,00161116,HL D&I,소액주주,"16,392","16,401",99.95%,"18,801,521","37,858,601",49.66%,2023-12-31,2023,minority_shareholder
20250317000836,Y,00161116,HL D&I,소액주주,"14,093","14,099",99.96%,"17,694,215","37,858,601",46.74%,2024-12-31,2024,minority_shareholder
20190329002126,Y,00141529,오뚜기,소액주주,"9,246",-,99.85%,"981,624",-,27.23%,2018-12-31,2018,minority_shareholder
20200330002136,Y,00141529,오뚜기,소액주주,"12,362",-,99.85%,"1,054,322",-,29.24%,2019-12-31,2019,minority_shareholder
20210318000605,Y,00141529,오뚜기,소액주주,"20,037","20,065",99.86%,"983,241","3,671,981",26.78%,2020-12-31,2020,minority_shareholder
20220317000455,Y,00141529,오뚜기,소액주주,"33,586","33,614",99.92%,"976,256","3,671,981",26.59%,2021-12-31,2021,minority_shareholder
20230321000549,Y,00141529,오뚜기,소액주주,"28,984","28,996",99.96%,"1,143,085","4,007,830",28.52%,2022-12-31,2022,minority_shareholder
20240318000813,Y,00141529,오뚜기,소액주주,"32,688","32,699",99.97%,"1,285,485","4,007,830",32.07%,2023-12-31,2023,minority_shareholder
20250318000979,Y,00141529,오뚜기,소액주주,"27,594","27,606",99.96%,"1,230,387","4,007,830",30.70%,2024-12-31,2024,minority_shareholder
20190329004238,Y,00146542,일정실업,소액주주,"1,168",-,98.90%,"256,297",-,21.36%,2018-12-31,2018,minority_shareholder
20200327001147,Y,00146542,일정실업,소액주주,"1,017",-,98.55%,"190,580",-,15.88%,2019-12-31,2019,minority_shareholder
20210506000464,Y,00146542,일정실업,소액주주,"1,167","1,179",98.90%,"256,245","1,200,000",21.35%,2020-12-31,2020,minority_shareholder
20240321001893,Y,00146542,일정실업,소액주주,952,963,98.86%,"307,491","1,200,000",25.62%,2021-12-31,2021,minority_shareholder
20240321001879,Y,00146542,일정실업,소액주주,"1,076","1,087",98.99%,"384,213","1,200,000",32.02%,2022-12-31,2022,minority_shareholder
20240321001940,Y,00146542,일정실업,소액주주,"1,511","1,519",99.47%,"455,209","1,200,000",37.93%,2023-12-31,2023,minority_shareholder
20250320001689,Y,00146542,일정실업,소액주주,"1,693","1,707",99.18%,"362,219","1,200,000",30.18%,2024-12-31,2024,minority_shareholder
20190401004824,Y,00105855,엘에스일렉트릭,소액주주,"22,288",-,99.95%,"11,494,674",-,38.32%,2018-12-31,2018,minority_shareholder
20200330003270,Y,00105855,엘에스일렉트릭,소액주주,"21,613",-,99.95%,"10,688,668",-,35.62%,2019-12-31,2019,minority_shareholder
20210319001364,Y,00105855,엘에스일렉트릭,소액주주,"36,582","36,592",99.97%,"11,468,652","30,000,000",38.22%,2020-12-31,2020,minority_shareholder
20220318000964,Y,00105855,엘에스일렉트릭,소액주주,"39,299","39,309",99.97%,"11,830,110","30,000,000",39.43%,2021-12-31,2021,minority_shareholder
20230320000799,Y,00105855,엘에스일렉트릭,소액주주,"34,240","34,249",99.98%,"12,056,804","30,000,000",40.20%,2022-12-31,2022,minority_shareholder
20240326000494,Y,00105855,엘에스일렉트릭,소액주주,"50,463","50,471",99.98%,"12,592,375","30,000,000",41.97%,2023-12-31,2023,minority_shareholder
20250317000918,Y,00105855,엘에스일렉트릭,소액주주,"65,389","65,399",99.98%,"10,954,710","30,000,000",36.52%,2024-12-31,2024,minority_shareholder
20190329002816,Y,00111111,대양금속,소액주주,"4,771",-,99.8%,"1,959,532",-,15.9%,2018-12-31,2018,minority_shareholder
20200814001420,Y,00111111,대양금속,소액주주,"4,050",-,99.63%,"3,593,517",-,17.08%,2019-12-31,2019,minority_shareholder
20220422000699,Y,00111111,대양금속,소액주주,"18,518","18,527",99.9%,"22,235,265","42,311,276",52.6%,2020-12-31,2020,minority_shareholder
20220316001358,Y,00111111,대양금속,소액주주,"18,842","18,862",99.9%,"22,683,099","44,913,501",50.5%,2021-12-31,2021,minority_shareholder
20230322000926,Y,00111111,대양금속,소액주주,"22,075","22,082",99.97%,"27,184,060","46,107,680",58.96%,2022-12-31,2022,minority_shareholder
20240320001622,Y,00111111,대양금속,소액주주,"22,915","22,925",99.95%,"37,234,737","50,442,452",73.82%,2023-12-31,2023,minority_shareholder
20250731000398,Y,00111111,대양금속,소액주주,"16,765","16,775",99.94%,"32,974,311","55,109,986",59.83%,2024-12-31,2024,minority_shareholder
20200330002672,Y,00145686,이화산업,소액주주,"1,236",-,98.64%,"501,366",-,17.90%,2019-12-31,2019,minority_shareholder
20240314000617,Y,00145686,이화산업,소액주주,"1,236",-,98.64%,"501,366",-,17.90%,2019-12-31,2019,minority_shareholder
20240315000757,Y,00145686,이화산업,소액주주,"1,185","1,203",98.52%,"466,894","2,800,000",16.69%,2020-12-31,2020,minority_shareholder
20240315000770,Y,00145686,이화산업,소액주주,"1,561","1,578",98.93%,"500,989","2,800,000",17.91%,2021-12-31,2021,minority_shareholder
20240315000810,Y,00145686,이화산업,소액주주,"1,807","1,824",99.06%,"500,989","2,800,000",17.91%,2022-12-31,2022,minority_shareholder
20240321000690,Y,00145686,이화산업,소액주주,"2,750","2,767",99.3%,"500,989","2,800,000",17.91%,2023-12-31,2023,minority_shareholder
20250320000337,Y,00145686,이화산업,소액주주,"2,232","2,250",99.21%,"455,660","2,800,000",16.29%,2024-12-31,2024,minority_shareholder
20190329000207,Y,00132637,동원시스템즈,소액주주,"13,344",-,99.99%,"5,208,164",-,20.12%,2018-12-31,2018,minority_shareholder
20200330000451,Y,00132637,동원시스템즈,소액주주,"12,814",-,99.95%,"5,208,164",-,20.12%,2019-12-31,2019,minority_shareholder
20210317001135,Y,00132637,동원시스템즈,소액주주,"13,266","13,267",99.99%,"5,208,164","25,883,869",20.12%,2020-12-31,2020,minority_shareholder
20220510000724,Y,00132637,동원시스템즈,소액주주,"18,696","18,699",99.98%,"4,465,418","29,453,769",15.16%,2021-12-31,2021,minority_shareholder
20230320000820,Y,00132637,동원시스템즈,소액주주,"14,766","14,769",99.97%,"3,928,422","29,255,393",13.42%,2022-12-31,2022,minority_shareholder
20240319000775,Y,00132637,동원시스템즈,소액주주,"19,279","19,281",99.98%,"5,009,788","29,255,393",17.12%,2023-12-31,2023,minority_shareholder
20250318000868,Y,00132637,동원시스템즈,소액주주,"15,000","15,003",99.98%,"3,995,513","29,255,393",13.65%,2024-12-31,2024,minority_shareholder
20190401004680,Y,00126478,삼성중공업,소액주주,"152,677",-,99.99%,"386,712,751",-,61.38%,2018-12-31,2018,minority_shareholder
20200330004469,Y,00126478,삼성중공업,소액주주,"170,894",-,99.99%,"403,762,923",-,64.07%,2019-12-31,2019,minority_shareholder
20210311000965,Y,00126478,삼성중공업,소액주주,"296,747","296,754",99.99%,"421,047,413","630,114,845",66.82%,2020-12-31,2020,minority_shareholder
20220310001057,Y,00126478,삼성중공업,소액주주,"480,671","480,677",100.0%,"586,293,589","880,114,845",66.6%,2021-12-31,2021,minority_shareholder
20230309000699,Y,00126478,삼성중공업,소액주주,"435,439","435,445",100.0%,"619,326,344","880,114,845",70.4%,2022-12-31,2022,minority_shareholder
20240315000850,Y,00126478,삼성중공업,소액주주,"382,042","382,048",100.0%,"634,820,029","880,114,845",72.1%,2023-12-31,2023,minority_shareholder
20250319000397,Y,00126478,삼성중공업,소액주주,"339,947","339,955",100.0%,"573,526,476","880,114,845",65.2%,2024-12-31,2024,minority_shareholder
20190401001279,Y,00151128,모토닉,소액주주,"4,154",-,99.66%,"4,255,258",-,12.89%,2018-12-31,2018,minority_shareholder
20200330002313,Y,00151128,모토닉,소액주주,"5,169",-,99.75%,"4,575,746",-,13.87%,2019-12-31,2019,minority_shareholder
20210311000068,Y,00151128,모토닉,소액주주,"11,333","11,346",99.89%,"5,450,872","33,000,000",16.52%,2020-12-31,2020,minority_shareholder
20220310000288,Y,00151128,모토닉,소액주주,"12,587","12,600",99.90%,"5,803,654","33,000,000",17.59%,2021-12-31,2021,minority_shareholder
20230316000602,Y,00151128,모토닉,소액주주,"15,832","15,844",99.92%,"5,582,697","33,000,000",16.92%,2022-12-31,2022,minority_shareholder
20240314000922,Y,00151128,모토닉,소액주주,"11,171","11,183",99.89%,"5,709,407","33,000,000",17.30%,2023-12-31,2023,minority_shareholder
20250313000748,Y,00151128,모토닉,소액주주,"10,112","10,125",99.87%,"6,570,517","33,000,000",19.91%,2024-12-31,2024,minority_shareholder
20190329002808,Y,00166315,화신,소액주주,"5,666",-,99.56%,"10,670,652",-,30.55%,2018-12-31,2018,minority_shareholder
20200330003805,Y,00166315,화신,소액주주,"5,081",-,99.52%,"11,841,599",-,33.91%,2019-12-31,2019,minority_shareholder
20210322000570,Y,00166315,화신,소액주주,"8,618","8,642",99.74%,"12,829,144","34,920,410",36.75%,2020-12-31,2020,minority_shareholder
20220321001215,Y,00166315,화신,소액주주,"18,348","18,372",99.87%,"12,430,495","34,920,410",35.60%,2021-12-31,2021,minority_shareholder
20230320000645,Y,00166315,화신,소액주주,"18,821","18,845",99.87%,"12,942,194","34,920,410",37.06%,2022-12-31,2022,minority_shareholder
20240320000628,Y,00166315,화신,소액주주,"30,941","30,963",99.93%,"15,091,282","34,920,410",43.21%,2023-12-31,2023,minority_shareholder
20250317000376,Y,00166315,화신,소액주주,"30,672","30,692",99.93%,"16,158,710","34,920,410",46.27%,2024-12-31,2024,minority_shareholder
20190329001884,Y,00129387,SP삼화,소액주주,"5,007",-,99.80%,"6,060,470",-,22.92%,2018-12-31,2018,minority_shareholder
20200327000922,Y,00129387,SP삼화,소액주주,"5,130",-,99.81%,"5,807,977",-,21.97%,2019-12-31,2019,minority_shareholder
20210317000464,Y,00129387,SP삼화,소액주주,"17,647","17,656",99.95%,"6,794,314","23,064,737",29.46%,2020-12-31,2020,minority_shareholder
20220316000363,Y,00129387,SP삼화,소액주주,"20,199","20,210",99.95%,"8,120,247","23,590,670",34.42%,2021-12-31,2021,minority_shareholder
20230316001290,Y,00129387,SP삼화,소액주주,"19,526","19,537",99.94%,"8,523,152","23,590,670",36.13%,2022-12-31,2022,minority_shareholder
20240320000357,Y,00129387,SP삼화,소액주주,"17,881","17,891",99.94%,"9,240,247","23,590,670",39.17%,2023-12-31,2023,minority_shareholder
20250312000816,Y,00129387,SP삼화,소액주주,"18,825","18,835",99.95%,"10,136,605","24,814,827",40.85%,2024-12-31,2024,minority_shareholder
20190329002643,Y,00101488,경동나비엔,소액주주,"13,563",-,99.96%,"4,742,680",-,37.23%,2018-12-31,2018,minority_shareholder
20200327000060,Y,00101488,경동나비엔,소액주주,"15,327",-,99.96%,"5,414,866",-,42.50%,2019-12-31,2019,minority_shareholder
20210419000238,Y,00101488,경동나비엔,소액주주,"19,882","19,889",99.96%,"5,044,629","13,604,730",37.08%,2020-12-31,2020,minority_shareholder
20220321001363,Y,00101488,경동나비엔,소액주주,"25,841","25,846",99.98%,"9,445,743","14,568,592",64.84%,2021-12-31,2021,minority_shareholder
20230321001339,Y,00101488,경동나비엔,소액주주,"35,777","35,780",99.99%,"5,329,978","14,568,592",36.59%,2022-12-31,2022,minority_shareholder
20240319000499,Y,00101488,경동나비엔,소액주주,"21,243","21,248",99.99%,"5,308,014","14,568,592",36.43%,2023-12-31,2023,minority_shareholder
20250318000908,Y,00101488,경동나비엔,소액주주,"13,686","13,715",99.79%,"4,324,774","14,568,592",29.69%,2024-12-31,2024,minority_shareholder
20190329002927,Y,00163345,DB,소액주주,"7,002",-,99.73%,"102,960,953",-,51.17%,2018-12-31,2018,minority_shareholder
20200330003009,Y,00163345,DB,소액주주,"6,866",-,99.76%,"100,850,433",-,50.14%,2019-12-31,2019,minority_shareholder
20210322000448,Y,00163345,DB,소액주주,"8,762","8,780",99.80%,"100,492,844","201,173,933",49.97%,2020-12-31,2020,minority_shareholder
20220322000400,Y,00163345,DB,소액주주,"18,377","18,395",99.92%,"97,948,319","201,173,933",48.69%,2021-12-31,2021,minority_shareholder
20230321001132,Y,00163345,DB,소액주주,"16,566","16,582",99.90%,"100,731,661","201,173,933",50.07%,2022-12-31,2022,minority_shareholder
20240320000561,Y,00163345,DB,소액주주,"20,703","20,724",99.90%,"69,972,345","201,173,933",34.78%,2023-12-31,2023,minority_shareholder
20250320000879,Y,00163345,DB,소액주주,"17,405","17,427",99.87%,"59,804,164","201,173,933",29.73%,2024-12-31,2024,minority_shareholder
20190401003837,Y,00125150,SGC에너지,소액주주,"3,291",-,99.64%,"2,067,619",-,42.59%,2018-12-31,2018,minority_shareholder
20200313000766,Y,00125150,SGC에너지,소액주주,"3,140",-,99.59%,"2,048,028",-,42.19%,2019-12-31,2019,minority_shareholder
20210318001407,Y,00125150,SGC에너지,소액주주,"10,358","10,369",99.89%,"5,848,141","14,677,040",39.85%,2020-12-31,2020,minority_shareholder
20220812000745,Y,00125150,SGC에너지,소액주주,"19,061","19,078",99.91%,"5,460,348","14,677,004",37.20%,2021-12-31,2021,minority_shareholder
20230309000859,Y,00125150,SGC에너지,소액주주,"17,903","17,917",99.94%,"5,418,105","14,677,004",36.94%,2022-12-31,2022,minority_shareholder
20240313001769,Y,00125150,SGC에너지,소액주주,"17,563","17,571",99.97%,"6,380,861","14,409,333",44.3%,2023-12-31,2023,minority_shareholder
20250312001090,Y,00125150,SGC에너지,소액주주,"16,140","16,149",99.96%,"6,052,661","14,409,333",42.02%,2024-12-31,2024,minority_shareholder
20190401003654,Y,00109754,대림바스,소액주주,"7,302",-,99.86%,"8,167,344",-,48.99%,2018-12-31,2018,minority_shareholder
20200330004516,Y,00109754,대림바스,소액주주,"6,568",-,99.85%,"8,062,009",-,48.36%,2019-12-31,2019,minority_shareholder
20210318000985,Y,00109754,대림바스,소액주주,"5,364","5,380",99.7%,"5,965,491","16,672,240",35.8%,2020-12-31,2020,minority_shareholder
20220317001239,Y,00109754,대림바스,소액주주,"9,849","9,865",99.84%,"6,381,157","16,672,240",38.29%,2021-12-31,2021,minority_shareholder
20230323001091,Y,00109754,대림바스,소액주주,"10,321","10,336",99.89%,"6,660,637","16,672,240",39.97%,2022-12-31,2022,minority_shareholder
20240321001994,Y,00109754,대림바스,소액주주,"9,164","9,181",99.83%,"6,199,469","16,672,240",37.20%,2023-12-31,2023,minority_shareholder
20250321001769,Y,00109754,대림바스,소액주주,"7,650","7,665",99.8%,"5,529,951","16,672,240",33.17%,2024-12-31,2024,minority_shareholder
20200318000678,Y,00113535,대한해운,소액주주,"15,845",-,99.86%,"10,573,960",-,43.29%,2018-12-31,2018,minority_shareholder
20200330004691,Y,00113535,대한해운,소액주주,"13,193",-,99.63%,"8,678,999",-,35.53%,2019-12-31,2019,minority_shareholder
20210322000956,Y,00113535,대한해운,소액주주,"54,685","54,696",99.98%,"105,162,940","235,885,020",44.58%,2020-12-31,2020,minority_shareholder
20220322000863,Y,00113535,대한해운,소액주주,"325,313","325,323",99.99%,"145,662,390","310,791,390",46.87%,2021-12-31,2021,minority_shareholder
20230322001051,Y,00113535,대한해운,소액주주,"285,713","285,722",99.99%,"145,156,707","310,791,390",46.71%,2022-12-31,2022,minority_shareholder
20240321001983,Y,00113535,대한해운,소액주주,"261,745","261,752",99.99%,"144,353,369","310,791,390",46.45%,2023-12-31,2023,minority_shareholder
20250320001093,Y,00113535,대한해운,소액주주,"248,662","248,669",99.99%,"143,988,903","321,209,950",44.83%,2024-12-31,2024,minority_shareholder
20191016000377,Y,00111421,휴니드테크놀러지스,소액주주,"5,005",-,99.84%,"6,941,483",-,49.17%,2018-12-31,2018,minority_shareholder
20200330003158,Y,00111421,휴니드테크놀러지스,소액주주,"5,832",-,99.86%,"6,959,318",-,49.30%,2019-12-31,2019,minority_shareholder
20210317001215,Y,00111421,휴니드테크놀러지스,소액주주,"9,190","9,201",99.88%,"6,709,847","14,116,015",47.53%,2020-12-31,2020,minority_shareholder
20220308000872,Y,00111421,휴니드테크놀러지스,소액주주,"14,231","14,240",99.94%,"6,270,791","14,116,015",44.42%,2021-12-31,2021,minority_shareholder
20230313000533,Y,00111421,휴니드테크놀러지스,소액주주,"12,069","12,076",99.94%,"6,459,898","14,116,015",45.76%,2022-12-31,2022,minority_shareholder
20240311000760,Y,00111421,휴니드테크놀러지스,소액주주,"12,310","12,322",99.90%,"6,013,707","14,116,015",42.60%,2023-12-31,2023,minority_shareholder
20250310000706,Y,00111421,휴니드테크놀러지스,소액주주,"12,681","12,691",99.92%,"6,378,009","14,116,015",45.18%,2024-12-31,2024,minority_shareholder
20190401003226,Y,00135111,수산세보틱스,소액주주,"8,834",-,99.66%,"18,608,700",-,34.47%,2018-12-31,2018,minority_shareholder
20200330003516,Y,00135111,수산세보틱스,소액주주,"11,069",-,99.91%,"25,806,226",-,47.80%,2019-12-31,2019,minority_shareholder
20210323000785,Y,00135111,수산세보틱스,소액주주,"9,494","9,501",99.93%,"22,828,151","53,986,183",42.29%,2020-12-31,2020,minority_shareholder
20220323001120,Y,00135111,수산세보틱스,소액주주,"28,155","28,166",99.96%,"29,030,577","53,986,183",53.77%,2021-12-31,2021,minority_shareholder
20230323001156,Y,00135111,수산세보틱스,소액주주,"28,716","28,726",99.97%,"29,470,967","53,986,183",54.59%,2022-12-31,2022,minority_shareholder
20240320001315,Y,00135111,수산세보틱스,소액주주,"24,286","24,293",99.97%,"29,424,458","62,400,150",47.15%,2023-12-31,2023,minority_shareholder
20250321001765,Y,00135111,수산세보틱스,소액주주,"21,230","21,235",99.98%,"28,609,250","62,400,150",45.85%,2024-12-31,2024,minority_shareholder
20190726000472,Y,00165413,롯데케미칼,소액주주,"36,459",-,99.98%,"14,598,070",-,42.59%,2018-12-31,2018,minority_shareholder
20200331002363,Y,00165413,롯데케미칼,소액주주,"40,025",-,99.99%,"14,399,989",-,42.01%,2019-12-31,2019,minority_shareholder
20210315001080,Y,00165413,롯데케미칼,소액주주,"66,413","66,476",99.90%,"11,874,710","34,275,419",34.64%,2020-12-31,2020,minority_shareholder
20220316001034,Y,00165413,롯데케미칼,소액주주,"124,798","124,804",99.99%,"13,779,432","34,275,419",40.20%,2021-12-31,2021,minority_shareholder
20230321001511,Y,00165413,롯데케미칼,소액주주,"112,762","112,787",99.98%,"14,099,660","34,275,419",41.14%,2022-12-31,2022,minority_shareholder
20240401004380,Y,00165413,롯데케미칼,소액주주,"104,581","104,589",99.99%,"16,127,324","42,775,419",37.7%,2023-12-31,2023,minority_shareholder
20250725000806,Y,00165413,롯데케미칼,소액주주,"108,117","108,125",99.99%,"16,539,788","42,155,652",39.24%,2024-12-31,2024,minority_shareholder
20190401005181,Y,00106669,세아베스틸지주,소액주주,"9,404",-,99.90%,"9,350,938",-,26.07%,2018-12-31,2018,minority_shareholder
20200330001553,Y,00106669,세아베스틸지주,소액주주,-,-,-,-,-,-,2019-12-31,2019,minority_shareholder
20210311000591,Y,00106669,세아베스틸지주,소액주주,"23,447","23,451",99.9%,"11,844,422","35,862,119",33.02%,2020-12-31,2020,minority_shareholder
20220317000967,Y,00106669,세아베스틸지주,소액주주,"28,705","28,711",99.98%,"12,473,422","35,862,119",34.78%,2021-12-31,2021,minority_shareholder
20230321001452,Y,00106669,세아베스틸지주,소액주주,"29,261","29,264",99.99%,"11,665,633","35,862,119",32.53%,2022-12-31,2022,minority_shareholder
20240312000629,Y,00106669,세아베스틸지주,소액주주,"22,161","22,188",99.88%,"9,811,072","35,862,119",27.36%,2023-12-31,2023,minority_shareholder
20250318000465,Y,00106669,세아베스틸지주,소액주주,"22,326","22,355",99.87%,"10,229,038","35,862,119",28.52%,2024-12-31,2024,minority_shareholder
20190401003563,Y,00165680,호텔신라,소액주주,-,-,-,-,-,-,2018-12-31,2018,minority_shareholder
20200330004268,Y,00165680,호텔신라,소액주주,"63,334",-,99.97%,"24,726,031",-,61.81%,2019-12-31,2019,minority_shareholder
20210310001048,Y,00165680,호텔신라,소액주주,"147,397","147,407",99.99%,"26,969,243","39,248,121",68.71%,2020-12-31,2020,minority_shareholder
20220310000632,Y,00165680,호텔신라,소액주주,"257,917","257,925",100.00%,"26,171,369","39,248,121",66.68%,2021-12-31,2021,minority_shareholder
20230308000580,Y,00165680,호텔신라,소액주주,"196,158","196,165",100.00%,"26,386,002","39,248,121",67.23%,2022-12-31,2022,minority_shareholder
20240313001634,Y,00165680,호텔신라,소액주주,"175,066","175,073",100.00%,"26,501,846","39,248,121",67.52%,2023-12-31,2023,minority_shareholder
20250515002269,Y,00165680,호텔신라,소액주주,"189,927","189,934",100.00%,"28,823,751","39,248,121",73.44%,2024-12-31,2024,minority_shareholder
20190401004359,Y,00122481,태경비케이,소액주주,"3,490",-,99.74%,"8,645,089",-,31.34%,2018-12-31,2018,minority_shareholder
20200330003942,Y,00122481,태경비케이,소액주주,"12,010",-,99.95%,"13,060,012",-, 47.35%,2019-12-31,2019,minority_shareholder
20210319000931,Y,00122481,태경비케이,소액주주,"10,889","10,894",99.95%,"14,069,863","27,583,100",51.01%,2020-12-31,2020,minority_shareholder
20220315000630,Y,00122481,태경비케이,소액주주,"16,512","16,519",99.96%,"12,555,211","27,583,100",45.52%,2021-12-31,2021,minority_shareholder
20230316001157,Y,00122481,태경비케이,소액주주,"15,909","15,914",99.99%,"13,097,096","27,583,100",47.48%,2022-12-31,2022,minority_shareholder
20240319000625,Y,00122481,태경비케이,소액주주,"20,117","20,122",99.98%,"13,439,470","27,583,100",48.72%,2023-12-31,2023,minority_shareholder
20250320001058,Y,00122481,태경비케이,소액주주,"18,231","18,236",99.97%,"13,966,888","27,583,100",50.64%,2024-12-31,2024,minority_shareholder
20190401004004,Y,00166272,화승코퍼레이션,소액주주,"3,363",-,99.64%,"22,305,718",-,34.54%,2018-12-31,2018,minority_shareholder
20200330003618,Y,00166272,화승코퍼레이션,소액주주,-,-,-,-,-,-,2019-12-31,2019,minority_shareholder
20210323000769,Y,00166272,화승코퍼레이션,소액주주,"3,669","3,681",99.67%,"22,490,581","69,044,875",32.57%,2020-12-31,2020,minority_shareholder
20220325001293,Y,00166272,화승코퍼레이션,소액주주,"9,426","9,433",99.93%,"20,834,260","50,051,252",41.63%,2021-12-31,2021,minority_shareholder
20230321001153,Y,00166272,화승코퍼레이션,소액주주,"10,451","10,454",99.97%,"22,035,147","50,051,252",44.03%,2022-12-31,2022,minority_shareholder
20240320001210,Y,00166272,화승코퍼레이션,소액주주,"8,713","8,721",99.91%,"18,896,953","50,051,252",37.80%,2023-12-31,2023,minority_shareholder
20250321001555,Y,00166272,화승코퍼레이션,소액주주,"7,331","7,339",99.89%,"19,288,197","50,051,252",38.54%,2024-12-31,2024,minority_shareholder
20190401000879,Y,00173795,신흥,소액주주,"2,270",-,99.26%,"1,928,948",-,20.29%,2018-12-31,2018,minority_shareholder
20200330001110,Y,00173795,신흥,소액주주,"2,126",-,99.11%,"1,882,356",-,19.61%,2019-12-31,2019,minority_shareholder
20210323001129,Y,00173795,신흥,소액주주,"2,622","2,643",99.21%,"1,926,015","9,600,000",20.06%,2020-12-31,2020,minority_shareholder
20220321000785,Y,00173795,신흥,소액주주,"2,275","2,298",99.00%,"1,840,288","9,500,000",19.37%,2021-12-31,2021,minority_shareholder
20230411002838,Y,00173795,신흥,소액주주,"2,239","2,263",98.94%,"1,796,679","9,500,000",18.91%,2022-12-31,2022,minority_shareholder
20240314000810,Y,00173795,신흥,소액주주,"2,109","21,383",98.64%,"1,600,055","9,500,000",16.84%,2023-12-31,2023,minority_shareholder
20250320000945,Y,00173795,신흥,소액주주,"1,889","1,919",98.44%,"1,567,987","9,500,000",16.51%,2024-12-31,2024,minority_shareholder
20190329002878,Y,00166227,화승인더스트리,소액주주,"5,900",-,99.73%,"24,177,257",-,43.70%,2018-12-31,2018,minority_shareholder
20200402002415,Y,00166227,화승인더스트리,소액주주,"4,695",-,99.60%,"20,098,682",-,36.33%,2019-12-31,2019,minority_shareholder
20210319000897,Y,00166227,화승인더스트리,소액주주,"14,554","14,568",99.90%,"25,935,516","55,320,000",46.88%,2020-12-31,2020,minority_shareholder
20220812000471,Y,00166227,화승인더스트리,소액주주,"20,197","20,207",99.95%,"30,053,277","55,320,000",54.33%,2021-12-31,2021,minority_shareholder
20230317000128,Y,00166227,화승인더스트리,소액주주,"19,211","19,220",99.95%,"28,766,977","55,320,000",52.01%,2022-12-31,2022,minority_shareholder
20240315000083,Y,00166227,화승인더스트리,소액주주,"17,101","17,111",99.94%,"27,740,752","55,320,000",50.15%,2023-12-31,2023,minority_shareholder
20250317000314,Y,00166227,화승인더스트리,소액주주,"13,640","13,648",99.94%,"26,938,796","55,320,000",48.70%,2024-12-31,2024,minority_shareholder
20190401003446,Y,00105156,극동유화,소액주주,"2,900",-,99.72%,"11,014,910",-,31.58%,2018-12-31,2018,minority_shareholder
20200330001608,Y,00105156,극동유화,소액주주,"4,057",-,99.78%,"10,194,452",-,29.25%,2019-12-31,2019,minority_shareholder
20210323000729,Y,00105156,극동유화,소액주주,"6,138","6,150",99.80%,"11,486,871","34,869,420",32.94%,2020-12-31,2020,minority_shareholder
20220323000781,Y,00105156,극동유화,소액주주,"16,764","16,778",99.92%,"14,608,617","34,869,420",41.90%,2021-12-31,2021,minority_shareholder
20230323000821,Y,00105156,극동유화,소액주주,"16,062","16,077",99.91%,"13,656,253","34,869,420",39.16%,2022-12-31,2022,minority_shareholder
20240321000846,Y,00105156,극동유화,소액주주,"14,621","14,634",99.91%,"13,995,988","34,869,420",40.14%,2023-12-31,2023,minority_shareholder
20250320001025,Y,00105156,극동유화,소액주주,"13,550","13,563",99.90%,"14,196,542","34,869,420",40.71%,2024-12-31,2024,minority_shareholder
20190401001840,Y,00102751,고려산업,소액주주,"7,810",-,99.88%,"11,351,780",-,45.51%,2018-12-31,2018,minority_shareholder
20200330002135,Y,00102751,고려산업,소액주주,"8,757",-,    99.90 %,"10,870,270",-,43.58%,2019-12-31,2019,minority_shareholder
20210318000784,Y,00102751,고려산업,소액주주,"9,037","9,044",99.92%,"11,824,440","24,671,420",47.93%,2020-12-31,2020,minority_shareholder
20220317000641,Y,00102751,고려산업,소액주주,"12,862","12,867",99.96%,"12,228,326","24,671,420",49.56%,2021-12-31,2021,minority_shareholder
20230316000629,Y,00102751,고려산업,소액주주,"23,830","23,835",99.98%,"11,796,606","24,671,420",47.81%,2022-12-31,2022,minority_shareholder
20240318000158,Y,00102751,고려산업,소액주주,"19,813","19,818",99.97%,"11,846,917","24,671,420",48.02%,2023-12-31,2023,minority_shareholder
20250312000333,Y,00102751,고려산업,소액주주,"18,156","18,162",99.97%,"11,898,945","24,671,420",48.23%,2024-12-31,2024,minority_shareholder
20190401000558,Y,00113614,대현,소액주주,"5,928",-,99.88%,"20,047,019",-,45.27%,2018-12-31,2018,minority_shareholder
20200327000703,Y,00113614,대현,소액주주,"5,328",-,99.81%,"17,744,343",-,40.07%,2019-12-31,2019,minority_shareholder
20210419000142,Y,00113614,대현,소액주주,"6,351","6,360",99.86%,"19,175,462","44,282,310",43.30%,2020-12-31,2020,minority_shareholder
20220317000488,Y,00113614,대현,소액주주,"11,348","11,358",99.91%,"18,672,190","44,282,310",42.17%,2021-12-31,2021,minority_shareholder
20230316001384,Y,00113614,대현,소액주주,"13,452","13,460",99.94%,"20,446,011","44,282,310",46.17%,2022-12-31,2022,minority_shareholder
20240329000905,Y,00113614,대현,소액주주,"11,601","11,607",99.95%,"21,565,656","44,282,310",48.70%,2023-12-31,2023,minority_shareholder
20250321001236,Y,00113614,대현,소액주주,"8,945","8,953",99.91%,"19,760,960","44,282,310",44.62%,2024-12-31,2024,minority_shareholder
20190329000883,Y,00114765,케이비아이동국실업,소액주주,"5,614",-,99.84%,"34,516,993",-,64.75%,2018-12-31,2018,minority_shareholder
20200330001427,Y,00114765,케이비아이동국실업,소액주주,"4,909",-,99.86%,"35,700,395",-,54.06%,2019-12-31,2019,minority_shareholder
20210323000916,Y,00114765,케이비아이동국실업,소액주주,"4,164","4,173",99.79%,"33,145,604","66,042,072",50.19%,2020-12-31,2020,minority_shareholder
20220323000961,Y,00114765,케이비아이동국실업,소액주주,"9,668","9,679",99.89%,"44,587,179","87,217,977",51.12%,2021-12-31,2021,minority_shareholder
20230323001211,Y,00114765,케이비아이동국실업,소액주주,"8,394","8,405",99.87%,"44,466,141","100,273,016",44.35%,2022-12-31,2022,minority_shareholder
20240321000932,Y,00114765,케이비아이동국실업,소액주주,"7,673","7,684",99.86%,"52,051,827","111,293,031",46.77%,2023-12-31,2023,minority_shareholder
20250319000773,Y,00114765,케이비아이동국실업,소액주주,"6,900","6,912",99.83%,"51,714,553","111,293,031",46.47%,2024-12-31,2024,minority_shareholder
20241114000237,Y,00103662,광명전기,소액주주,"12,496",-,99.96%,"27,425,426",-,63.28%,2018-12-31,2018,minority_shareholder
20241114000265,Y,00103662,광명전기,소액주주,"10,827",-,99.95%,"27,352,342",-,63.11%,2019-12-31,2019,minority_shareholder
20241114000271,Y,00103662,광명전기,소액주주,"10,692","10,701",99.92%,"26,039,190","43,337,615",60.08%,2020-12-31,2020,minority_shareholder
20241114000278,Y,00103662,광명전기,소액주주,"23,748","23,752",99.98%,"28,825,661","43,337,615",66.15%,2021-12-31,2021,minority_shareholder
20241113000753,Y,00103662,광명전기,소액주주,"24,747","24,752",99.98%,"27,752,628","43,337,615",64.04%,2022-12-31,2022,minority_shareholder
20241113000752,Y,00103662,광명전기,소액주주,"25,408","25,411",99.99%,"29,087,571","43,337,615",67.12%,2023-12-31,2023,minority_shareholder
20250814002376,Y,00103662,광명전기,소액주주,"23,076","23,080",99.98%,"28,630,812","43,337,615",66.06%,2024-12-31,2024,minority_shareholder
20190329001292,Y,00124027,부산산업,소액주주,"8,889",-,99.94%,"460,837",-,43.63%,2018-12-31,2018,minority_shareholder
20200327000526,Y,00124027,부산산업,소액주주,"7,369",-,99.96%,"428,964",-,40.63%,2019-12-31,2019,minority_shareholder
20210318000217,Y,00124027,부산산업,소액주주,"7,517","7,520",99.96%,"473,081","1,056,000",44.80%,2020-12-31,2020,minority_shareholder
20220317000676,Y,00124027,부산산업,소액주주,"7,810","7,814",99.95%,"476,224","1,056,000",45.10%,2021-12-31,2021,minority_shareholder
20230316000697,Y,00124027,부산산업,소액주주,"8,451","8,453",99.98%,"484,040","1,056,000",45.84%,2022-12-31,2022,minority_shareholder
20240321000638,Y,00124027,부산산업,소액주주,"7,603","7,604",99.99%,"509,511","1,056,000",48.25%,2023-12-31,2023,minority_shareholder
20250320000250,Y,00124027,부산산업,소액주주,"6,877","6,879",99.97%,"480,818","1,056,000",45.53%,2024-12-31,2024,minority_shareholder
20190709000327,Y,00138297,STX,소액주주,"15,242",-,99.99%,"2,513,338",-,12.74%,2018-12-31,2018,minority_shareholder
20200330001871,Y,00138297,STX,소액주주,"13,548",-,99.95%,"3,502,402",-,17.75%,2019-12-31,2019,minority_shareholder
20210323001172,Y,00138297,STX,소액주주,"13,172","13,177",99.96%,"4,156,359","19,726,902",21.07%,2020-12-31,2020,minority_shareholder
20220331003200,Y,00138297,STX,소액주주,"20,696","20,699",99.99%,"11,010,249","28,621,454",38.47%,2021-12-31,2021,minority_shareholder
20230323001138,Y,00138297,STX,소액주주,"26,418","26,421",99.98%,"11,010,249","28,621,454",38.46%,2022-12-31,2022,minority_shareholder
20240321001859,Y,00138297,STX,소액주주,"67,137","67,138",99.99%,"19,022,270","30,980,050",61.40%,2023-12-31,2023,minority_shareholder
20250320001714,Y,00138297,STX,소액주주,"49,932","49,933",99.99%,"19,022,270","31,017,927",61.32%,2024-12-31,2024,minority_shareholder
20190401003964,Y,00102858,고려아연,소액주주,"15,551",-,99.64%,"7,463,522",-,39.54%,2018-12-31,2018,minority_shareholder
20200330003334,Y,00102858,고려아연,소액주주,"13,662",-,99.62%,"7,634,311",-,40.47%,2019-12-31,2019,minority_shareholder
20210316000528,Y,00102858,고려아연,소액주주,"35,949","36,008",99.85%,"7,335,224","18,870,000",38.88%,2020-12-31,2020,minority_shareholder
20220315001010,Y,00102858,고려아연,소액주주,"33,783","33,843",99.84%,"7,233,965","18,870,000",38.34%,2021-12-31,2021,minority_shareholder
20230309000731,Y,00102858,고려아연,소액주주,"26,053","26,112",99.77%,"8,951,977","19,863,158",45.07%,2022-12-31,2022,minority_shareholder
20240328001400,Y,00102858,고려아연,소액주주,"39,303","39,378",99.81%,"6,456,899","20,908,588",30.88%,2023-12-31,2023,minority_shareholder
20250331003521,Y,00102858,고려아연,소액주주,"13,791","13,823",99.77%,"3,156,310","20,703,283",15.25%,2024-12-31,2024,minority_shareholder
20190401003189,Y,00135050,팜젠사이언스,소액주주,"16,667",-,99.97%,"9,686,406",-,83.72%,2018-12-31,2018,minority_shareholder
20200330004642,Y,00135050,팜젠사이언스,소액주주,"15,392",-,99.99%,"10,092,559",-,86.37%,2019-12-31,2019,minority_shareholder
20210317000938,Y,00135050,팜젠사이언스,소액주주,"34,009","34,015",99.97%,"12,759,631","14,712,933",86.71%,2020-12-31,2020,minority_shareholder
20220321001357,Y,00135050,팜젠사이언스,소액주주,"27,640","27,650",99.96%,"12,830,101","15,191,503",84.45%,2021-12-31,2021,minority_shareholder
20230321000651,Y,00135050,팜젠사이언스,소액주주,"25,543","25,551",99.99%,"13,570,467","15,830,890",85.73%,2022-12-31,2022,minority_shareholder
20240320000880,Y,00135050,팜젠사이언스,소액주주,"25,148","25,158",99.98%,"14,076,157","17,960,559",78.21%,2023-12-31,2023,minority_shareholder
20250321000584,Y,00135050,팜젠사이언스,소액주주,"21,103","21,113",99.98%,"14,258,973","18,159,394",78.52%,2024-12-31,2024,minority_shareholder
20190401004435,Y,00136086,무림페이퍼,소액주주,"5,213",-,99.87%,"18,624,772",-,44.77%,2018-12-31,2018,minority_shareholder
20200330001861,Y,00136086,무림페이퍼,소액주주,"6,856",-,99.91%,"19,112,823",-,45.94%,2019-12-31,2019,minority_shareholder
20210317001154,Y,00136086,무림페이퍼,소액주주,"9,415","9,423",99.92%,"18,167,059","41,609,310",43.66%,2020-12-31,2020,minority_shareholder
20220315000719,Y,00136086,무림페이퍼,소액주주,"12,180","12,187",99.94%,"18,619,685","41,609,310",44.75%,2021-12-31,2021,minority_shareholder
20230320000891,Y,00136086,무림페이퍼,소액주주,"14,917","14,926",99.94%,"17,947,431","41,609,310",43.13%,2022-12-31,2022,minority_shareholder
20240318000526,Y,00136086,무림페이퍼,소액주주,"12,572","12,577",99.96%,"19,115,215","41,609,310",45.93%,2023-12-31,2023,minority_shareholder
20250317000368,Y,00136086,무림페이퍼,소액주주,"11,076","11,080",99.96%,"19,830,702","41,609,310",47.66%,2024-12-31,2024,minority_shareholder
20191230000117,Y,00168401,금비,소액주주,-,-,-,-,-,-,2018-09-30,2018,minority_shareholder
20191230000130,Y,00168401,금비,소액주주,-,-,-,-,-,-,2019-09-30,2019,minority_shareholder
20201229000327,Y,00168401,금비,소액주주,-,-,-,-,-,-,2020-09-30,2020,minority_shareholder
20211222000233,Y,00168401,금비,소액주주,-,-,-,-,-,-,2021-09-30,2021,minority_shareholder
20221215000437,Y,00168401,금비,소액주주,-,-,-,-,-,-,2022-09-30,2022,minority_shareholder
20231214000541,Y,00168401,금비,소액주주,-,-,-,-,-,-,2023-09-30,2023,minority_shareholder
20241219000451,Y,00168401,금비,소액주주,-,-,-,-,-,-,2024-09-30,2024,minority_shareholder
20190401003881,Y,00143794,원림,소액주주,"1,802",-,99.39%,"581,075",-,26.41%,2018-12-31,2018,minority_shareholder
20200330000701,Y,00143794,원림,소액주주,"1,650",-,99.22%,"501,158",-,22.78%,2019-12-31,2019,minority_shareholder
20210319000654,Y,00143794,원림,소액주주,"1,841","1,853",99.35%,"540,704","2,200,000",24.58%,2020-12-31,2020,minority_shareholder
20220930000156,Y,00143794,원림,소액주주,"2,572","2,583",99.57%,"608,540","2,297,970",26.48%,2021-12-31,2021,minority_shareholder
20230321000959,Y,00143794,원림,소액주주,"2,200","2,212",99.46%,"509,622","2,297,970",22.18%,2022-12-31,2022,minority_shareholder
20240326000661,Y,00143794,원림,소액주주,"2,609","2,620",99.58%,"575,998","2,297,970",25.07%,2023-12-31,2023,minority_shareholder
20250321000993,Y,00143794,원림,소액주주,"2,216","2,227",99.51%,"559,951","2,297,970",24.37%,2024-12-31,2024,minority_shareholder
20190329003967,Y,00131692,서흥,소액주주,"4,401",-,98.83%,"2,616,379",-,22.61%,2018-12-31,2018,minority_shareholder
20200327001226,Y,00131692,서흥,소액주주,"4,667",-,98.54%,"2,684,266",-,23.20%,2019-12-31,2019,minority_shareholder
20210318000555,Y,00131692,서흥,소액주주,"14,188","14,227",99.7%,"3,553,088","11,569,113",30.71%,2020-12-31,2020,minority_shareholder
20220317000935,Y,00131692,서흥,소액주주,"21,112","21,147",99.8%,"4,147,553","11,569,113",35.85%,2021-12-31,2021,minority_shareholder
20230316001280,Y,00131692,서흥,소액주주,"21,246","21,270",99.9%,"4,440,882","11,569,113",38.4%,2022-12-31,2022,minority_shareholder
20240321001350,Y,00131692,서흥,소액주주,-,-,-,-,-,-,2023-12-31,2023,minority_shareholder
20250320000847,Y,00131692,서흥,소액주주,"18,076","18,098",99.9%,"3,929,467","11,569,113",33.97%,2024-12-31,2024,minority_shareholder
20190401001555,Y,00132628,성문전자,소액주주,"10,347",-,99.95%,"12,226,409",-,62.74%,2018-12-31,2018,minority_shareholder
20200330001505,Y,00132628,성문전자,소액주주,"10,541",-,99.94%,"13,507,617",-,67.25%,2019-12-31,2019,minority_shareholder
20210318000527,Y,00132628,성문전자,소액주주,"7,399","7,403",99.94%,"12,106,271","18,243,129",66.36%,2020-12-31,2020,minority_shareholder
20220331000062,Y,00132628,성문전자,소액주주,"8,044","8,052",99.90%,"11,053,680","18,243,129",60.59%,2021-12-31,2021,minority_shareholder
20230317000008,Y,00132628,성문전자,소액주주,"8,351","8,358",99.92%,"12,083,524","18,083,129",66.82%,2022-12-31,2022,minority_shareholder
20240315000212,Y,00132628,성문전자,소액주주,"10,652","10,664",99.8%,"13,624,932","22,460,985",60.66%,2023-12-31,2023,minority_shareholder
20250320000385,Y,00132628,성문전자,소액주주,"9,685","9,692",99.93%,"15,555,358","22,460,985",69.25%,2024-12-31,2024,minority_shareholder
20190329002181,Y,00169048,HLB글로벌,소액주주,"7,292",-,99.87%,"16,343,333",-,72.60%,2018-12-31,2018,minority_shareholder
20200515002473,Y,00169048,HLB글로벌,소액주주,"19,350",-,99.98%,"25,213,090",-,88.67%,2019-12-31,2019,minority_shareholder
20210330001057,Y,00169048,HLB글로벌,소액주주,"16,876","16,884",99.97%,"28,098,007","32,699,622",85.94%,2020-12-31,2020,minority_shareholder
20220322000988,Y,00169048,HLB글로벌,소액주주,"48,928","48,933",99.99%,"37,609,486","42,065,837",89.43%,2021-12-31,2021,minority_shareholder
20230322000937,Y,00169048,HLB글로벌,소액주주,"50,348","50,351",99.99%,"39,209,234","42,367,042",92.55%,2022-12-31,2022,minority_shareholder
20240320001129,Y,00169048,HLB글로벌,소액주주,"43,193","43,196",99.99%,"39,244,772","42,380,273",92.60%,2023-12-31,2023,minority_shareholder
20250319000687,Y,00169048,HLB글로벌,소액주주,"43,539","43,543",99.99%,"44,482,864","48,772,799",91.20%,2024-12-31,2024,minority_shareholder
20190401003444,Y,00111458,대영포장,소액주주,"10,280",-,99.94%,"45,471,870",-,41.95%,2018-12-31,2018,minority_shareholder
20200330002888,Y,00111458,대영포장,소액주주,"11,555",-,99.96%,"50,085,758",-,46.21%,2019-12-31,2019,minority_shareholder
20210318000495,Y,00111458,대영포장,소액주주,"29,389","29,394",99.99%,"47,351,773","108,394,549",43.69%,2020-12-31,2020,minority_shareholder
20220322000600,Y,00111458,대영포장,소액주주,"53,622","53,627",99.99%,"47,351,773","108,394,549",43.69%,2021-12-31,2021,minority_shareholder
20230322000585,Y,00111458,대영포장,소액주주,"44,403","44,409",99.99%,"38,064,667","108,394,549",35.12%,2022-12-31,2022,minority_shareholder
20240321000763,Y,00111458,대영포장,소액주주,"36,514","36,520",99.98%,"38,195,553","108,394,549",35.24%,2023-12-31,2023,minority_shareholder
20250320001314,Y,00111458,대영포장,소액주주,"34,016","34,021",99.98%,"39,501,317","108,394,549",36.44%,2024-12-31,2024,minority_shareholder
20190401002165,Y,00141413,영화금속,소액주주,"7,471",-,99.80%,"26,981,373",-,59.36%,2018-12-31,2018,minority_shareholder
20200330001272,Y,00141413,영화금속,소액주주,"7,214",-,99.82%,"27,617,693",-,60.76%,2019-12-31,2019,minority_shareholder
20210316000467,Y,00141413,영화금속,소액주주,"20,280","20,293",99.94%,"34,728,198","53,394,505",65.04%,2020-12-31,2020,minority_shareholder
20220321000789,Y,00141413,영화금속,소액주주,"24,102","20,293",99.97%,"37,866,026","53,394,505",70.93%,2021-12-31,2021,minority_shareholder
20230315000988,Y,00141413,영화금속,소액주주,"21,895","21,904",99.97%,"39,200,365","53,394,505",73.42%,2022-12-31,2022,minority_shareholder
20240313001079,Y,00141413,영화금속,소액주주,"19,610","19,618",99.96%,"38,308,141","53,394,505",71.75%,2023-12-31,2023,minority_shareholder
20250318000559,Y,00141413,영화금속,소액주주,"16,120","16,129",99.96%,"36,047,384","51,664,505",69.78%,2024-12-31,2024,minority_shareholder
20230502000014,Y,00137359,신풍제약,소액주주,"16,264",-,99.88%,"22,189,849",-,41.87%,2018-12-31,2018,minority_shareholder
20230502000016,Y,00137359,신풍제약,소액주주,"17,698",-,99.88%,"22,681,246",-,42.79%,2019-12-31,2019,minority_shareholder
20230502000018,Y,00137359,신풍제약,소액주주,"169,735","177,324",95.72%,"31,379,163","55,184,990",56.86%,2020-12-31,2020,minority_shareholder
20230502000020,Y,00137359,신풍제약,소액주주,"184,527","184,544",99.99%,"32,516,948","52,984,990",61.39%,2021-12-31,2021,minority_shareholder
20230712000270,Y,00137359,신풍제약,소액주주,"168,763","168,779",100.00%,"32,516,948","52,984,990",61.39%,2022-12-31,2022,minority_shareholder
20240322000888,Y,00137359,신풍제약,소액주주,"146,214","146,231",99.99%,"31,886,138","52,984,990",60.20%,2023-12-31,2023,minority_shareholder
20250814002067,Y,00137359,신풍제약,소액주주,"146,214","146,231",99.99%,"31,886,138","52,984,990",60.20%,2024-12-31,2024,minority_shareholder
20190710000329,Y,00116268,동성제약,소액주주,"30,979",-,99.9%,"15,673,948",-,63.31%,2018-12-31,2018,minority_shareholder
20200330000769,Y,00116268,동성제약,소액주주,"30,781",-,99.94%,"16,667,880",-,63.93%,2019-12-31,2019,minority_shareholder
20210319000344,Y,00116268,동성제약,소액주주,"28,054","28,060",99.98%,"17,321,372","26,100,970",66.36%,2020-12-31,2020,minority_shareholder
20220328000201,Y,00116268,동성제약,소액주주,"25,943","25,961",99.93%,"16,889,640","26,100,970",64.71%,2021-12-31,2021,minority_shareholder
20230331003352,Y,00116268,동성제약,소액주주,"23,328","23,347",99.92%,"16,198,855","26,100,970",62.06%,2022-12-31,2022,minority_shareholder
20260506000528,Y,00116268,동성제약,소액주주,"23,893","23,902",99.96%,"16,061,415","26,100,970",61.53%,2023-12-31,2023,minority_shareholder
20260506000539,Y,00116268,동성제약,소액주주,"20,163","20,182",99.92%,"15,422,702","26,100,970",59.09%,2024-12-31,2024,minority_shareholder
20190329004118,Y,00145437,아센디오,소액주주,"17,677",-,99.96%,"164,376,332",-,83.32%,2018-12-31,2018,minority_shareholder
20250819000195,Y,00145437,아센디오,소액주주,"21,900",-,99.98%,"186,902,808",-,94.74%,2019-12-31,2019,minority_shareholder
20210416000602,Y,00145437,아센디오,소액주주,"16,670","16,681",99.93%,"10,022,534","62,022,534",16.16%,2020-12-31,2020,minority_shareholder
20220816002550,Y,00145437,아센디오,소액주주,"21,580","21,588",99.96%,"30,700,944","80,509,196",38.13%,2021-12-31,2021,minority_shareholder
20230320000827,Y,00145437,아센디오,소액주주,"18,768","18,776",99.96%,"30,400,094","84,590,828",35.94%,2022-12-31,2022,minority_shareholder
20240801000257,Y,00145437,아센디오,소액주주,"16,245","16,257",99.93%,"47,280,706","103,569,488",45.65%,2023-12-31,2023,minority_shareholder
20250321000735,Y,00145437,아센디오,소액주주,"22,313","22,322",99.96%,"71,572,774","103,569,488",69.10%,2024-12-31,2024,minority_shareholder
20190401002117,Y,00162586,한올바이오파마,소액주주,"26,499",-,99.96%,"27,082,303",-,51.84%,2018-12-31,2018,minority_shareholder
20200330001849,Y,00162586,한올바이오파마,소액주주,"20,610",-,99.95%,"26,238,445",-,50.23%,2019-12-31,2019,minority_shareholder
20210318000891,Y,00162586,한올바이오파마,소액주주,"29,077","29,085",99.97%,"27,081,539","52,240,638",51.84%,2020-12-31,2020,minority_shareholder
20220816001546,Y,00162586,한올바이오파마,소액주주,"40,218","40,226",99.98%,"28,834,812","52,240,638",55.20%,2021-12-31,2021,minority_shareholder
20230321000255,Y,00162586,한올바이오파마,소액주주,"35,910","35,918",99.98%,"28,197,798","52,204,638",53.98%,2022-12-31,2022,minority_shareholder
20240320000734,Y,00162586,한올바이오파마,소액주주,"27,246","27,255",99.98%,"27,258,021","52,240,638",52.20%,2023-12-31,2023,minority_shareholder
20250318000750,Y,00162586,한올바이오파마,소액주주,"38,909","38,919",99.97%,"27,760,007","52,240,638",53.14%,2024-12-31,2024,minority_shareholder
20190401003277,Y,00137207,유니켐,소액주주,"4,275",-,99.93%,"42,434,322",-,70.29%,2018-12-31,2018,minority_shareholder
20200514000338,Y,00137207,유니켐,소액주주,"6,942",-,99.86%,"40,680,607",-,60.47%,2019-12-31,2019,minority_shareholder
20210319000979,Y,00137207,유니켐,소액주주,"7,280","7,291",99.85%,"42,757,000","68,710,000",62.23%,2020-12-31,2020,minority_shareholder
20220321001005,Y,00137207,유니켐,소액주주,"9,631","9,644",99.86%,"46,319,000","72,688,000",63.72%,2021-12-31,2021,minority_shareholder
20230329000065,Y,00137207,유니켐,소액주주,"8,188","8,205",99.79%,"40,184,000","72,921,000",55.10%,2022-12-31,2022,minority_shareholder
20240327000002,Y,00137207,유니켐,소액주주,"10,650","10,659",99.92%,"57,552,000","96,722,000",59.20%,2023-12-31,2023,minority_shareholder
20250807000215,Y,00137207,유니켐,소액주주,"8,538","8,555",99.80%,"51,355,000","96,997,000",52.95%,2024-12-31,2024,minority_shareholder
20190625000399,Y,00112651,대창,소액주주,"8,745",-,99.9%,"46,151,639",-,50.6%,2018-12-31,2018,minority_shareholder
20200330001326,Y,00112651,대창,소액주주,"14,558",-,99.9%,"44,466,721",-,57.8%,2019-12-31,2019,minority_shareholder
20210316000786,Y,00112651,대창,소액주주,"13,929","13,934",99.96%,"45,780,441","76,815,872",59.59%,2020-12-31,2020,minority_shareholder
20220322000499,Y,00112651,대창,소액주주,"33,400","33,404",99.99%,"45,291,023","76,320,126",59.34%,2021-12-31,2021,minority_shareholder
20230321001144,Y,00112651,대창,소액주주,"31,460","31,464",99.99%,"46,513,636","76,320,126",60.95%,2022-12-31,2022,minority_shareholder
20240319000397,Y,00112651,대창,소액주주,"31,460","31,464",99.99%,"46,513,636","76,320,126",60.95%,2023-12-31,2023,minority_shareholder
20250318001233,Y,00112651,대창,소액주주,"28,979","28,983",99.99%,"46,513,636","76,320,126",60.95%,2024-12-31,2024,minority_shareholder
20190401003165,Y,00146232,일성건설,소액주주,"5,854",-,99.98%,"19,512,280",-,36.12%,2018-12-31,2018,minority_shareholder
20200327001907,Y,00146232,일성건설,소액주주,"5,908",-,99.97%,"18,826,358",-,34.85%,2019-12-31,2019,minority_shareholder
20210319000523,Y,00146232,일성건설,소액주주,"7,015","7,016",99.99%,"19,512,280","54,024,880",36.11%,2020-12-31,2020,minority_shareholder
20220318000548,Y,00146232,일성건설,소액주주,"23,956","23,957",99.99%,"19,512,280","54,024,880",36.12%,2021-12-31,2021,minority_shareholder
20230317000389,Y,00146232,일성건설,소액주주,"27,215","27,217",99.99%,"18,658,802","54,024,880",34.54%,2022-12-31,2022,minority_shareholder
20240315000734,Y,00146232,일성건설,소액주주,"22,273","22,274",99.99%,"19,512,280","54,024,880",36.11%,2023-12-31,2023,minority_shareholder
20250808000499,Y,00146232,일성건설,소액주주,"25,446","25,447",99.99%,"19,512,280","54,024,880",36.11%,2024-12-31,2024,minority_shareholder
20190401001396,Y,00129420,까뮤이앤씨,소액주주,"3,367",-,99.82%,"16,838,861",-,37.29%,2018-12-31,2018,minority_shareholder
20200330002403,Y,00129420,까뮤이앤씨,소액주주,"7,031",-,99.90%,"21,718,177",-,48.10%,2019-12-31,2019,minority_shareholder
20210316001027,Y,00129420,까뮤이앤씨,소액주주,"17,048","17,054",99.96%,"25,426,391","45,152,280",56.31%,2020-12-31,2020,minority_shareholder
20220711000510,Y,00129420,까뮤이앤씨,소액주주,"13,877","13,883",99.96%,"23,619,118","45,152,280",52.31%,2021-12-31,2021,minority_shareholder
20230321000720,Y,00129420,까뮤이앤씨,소액주주,"18,811","18,817",99.97%,"24,511,941","45,152,280",54.29%,2022-12-31,2022,minority_shareholder
20240320001782,Y,00129420,까뮤이앤씨,소액주주,"14,593","14,600",99.95%,"24,813,619","45,152,280",54.95%,2023-12-31,2023,minority_shareholder
20250321001470,Y,00129420,까뮤이앤씨,소액주주,"13,166","13,175",99.93%,"25,538,227","59,750,830",42.74%,2024-12-31,2024,minority_shareholder
20190329000531,Y,00123107,보락,소액주주,"14,859",-,99.94%,"32,930,668",-,54.98%,2018-12-31,2018,minority_shareholder
20200327000685,Y,00123107,보락,소액주주,"12,667",-,99.90%,"32,511,142",-,54.26%,2019-12-31,2019,minority_shareholder
20210310000273,Y,00123107,보락,소액주주,"19,083","19,091",99.96%,"34,834,752","59,900,000",58.15%,2020-12-31,2020,minority_shareholder
20220317000649,Y,00123107,보락,소액주주,"17,352","17,362",99.96%,"34,487,519","59,900,000",57.59%,2021-12-31,2021,minority_shareholder
20230316000878,Y,00123107,보락,소액주주,"19,334","19,342",99.96%,"36,112,667","59,900,000",60.29%,2022-12-31,2022,minority_shareholder
20240314000488,Y,00123107,보락,소액주주,"16,873","16,882",99.95%,"35,738,092","59,900,000",59.66%,2023-12-31,2023,minority_shareholder
20250321000822,Y,00123107,보락,소액주주,"15,396","15,406",99.94%,"34,986,028","59,900,000",58.41%,2024-12-31,2024,minority_shareholder
20190401000901,Y,00131939,선도전기,소액주주,"9,597",-,99.94%,"11,441,892",-,63.57%,2018-12-31,2018,minority_shareholder
20200330002025,Y,00131939,선도전기,소액주주,"8,315",-,99.94%,"11,960,072",-,66.44%,2019-12-31,2019,minority_shareholder
20210326000766,Y,00131939,선도전기,소액주주,"7,230","7,235",99.93%,"12,002,265","18,000,000",66.68%,2020-12-31,2020,minority_shareholder
20231229000030,Y,00131939,선도전기,소액주주,"10,750","10,757",99.97%,"12,831,565","18,000,000",71.28%,2021-12-31,2021,minority_shareholder
20240502000538,Y,00131939,선도전기,소액주주,"10,333","10,337",99.96%,"11,861,207","18,000,000",65.90%,2022-12-31,2022,minority_shareholder
20240502000551,Y,00131939,선도전기,소액주주,"10,332","10,337",99.95%,"11,730,083","18,000,000",65.17%,2023-12-31,2023,minority_shareholder
20250926000794,Y,00131939,선도전기,소액주주,"10,330","10,335",99.95%,"12,761,064","18,000,000",70.89%,2024-12-31,2024,minority_shareholder
20190401001359,Y,00127158,씨아이테크,소액주주,"5,871",-,99.84%,"36,589,440",-,67.49%,2018-12-31,2018,minority_shareholder
20200330001199,Y,00127158,씨아이테크,소액주주,"5,423",-,99.83%,"35,933,038",-,66.28%,2019-12-31,2019,minority_shareholder
20210517001174,Y,00127158,씨아이테크,소액주주,"5,220","5,226",99.89%,"13,253,172","24,382,390",54.36%,2020-12-31,2020,minority_shareholder
20220323000416,Y,00127158,씨아이테크,소액주주,"5,904","5,917",99.78%,"21,306,146","39,263,337",54.26%,2021-12-31,2021,minority_shareholder
20230320000388,Y,00127158,씨아이테크,소액주주,"7,132","7,140",99.89%,"27,947,689","43,610,063",64.09%,2022-12-31,2022,minority_shareholder
20240312000745,Y,00127158,씨아이테크,소액주주,"5,845","5,863",99.69%,"23,376,769","50,065,793",46.69%,2023-12-31,2023,minority_shareholder
20250321000753,Y,00127158,씨아이테크,소액주주,"4,346","4,365",99.56%,"17,770,526","50,065,793",35.49%,2024-12-31,2024,minority_shareholder
20190329002653,Y,00103592,광동제약,소액주주,"21,659",-,99.92 %,"21,947,934",-,41.87 %,2018-12-31,2018,minority_shareholder
20200330002372,Y,00103592,광동제약,소액주주,"22,212",-,99.90%,"24,780,339",-,47.27%,2019-12-31,2019,minority_shareholder
20210405002921,Y,00103592,광동제약,소액주주,"31,824","31,847",99.93%,"22,824,921","52,420,851",43.54%,2020-12-31,2020,minority_shareholder
20220317000780,Y,00103592,광동제약,소액주주,"37,608","37,630",99.94%,"23,615,024","52,420,851",45.05%,2021-12-31,2021,minority_shareholder
20230321001353,Y,00103592,광동제약,소액주주,"36,304","36,327",99.94%,"23,921,539","52,420,851",45.63%,2022-12-31,2022,minority_shareholder
20240322001015,Y,00103592,광동제약,소액주주,"33,470","33,495",99.93%,"22,801,223","52,420,851",43.50%,2023-12-31,2023,minority_shareholder
20250325000803,Y,00103592,광동제약,소액주주,"30,414","30,439",99.92%,"21,773,867","52,420,851",41.54%,2024-12-31,2024,minority_shareholder
20190401004346,Y,00129554,갤럭시아에스엠,소액주주,"3,763",-,99.7%,"11,366,723",-,41.3%,2018-12-31,2018,minority_shareholder
20200331002273,Y,00129554,갤럭시아에스엠,소액주주,"3,280",-,99.67%,"11,855,054",-,43.03%,2019-12-31,2019,minority_shareholder
20210318001168,Y,00129554,갤럭시아에스엠,소액주주,"3,710","3,716",99.8%,"13,063,450","27,549,644",47.4%,2020-12-31,2020,minority_shareholder
20220323000490,Y,00129554,갤럭시아에스엠,소액주주,"12,817","12,826",99.9%,"12,440,770","27,549,644",45.1%,2021-12-31,2021,minority_shareholder
20230322000815,Y,00129554,갤럭시아에스엠,소액주주,"12,817","12,826",99.9%,"12,440,770","27,549,644",45.1%,2022-12-31,2022,minority_shareholder
20240321000774,Y,00129554,갤럭시아에스엠,소액주주,"9,965","9,970",99.9%,"12,582,710","27,549,644",45.7%,2023-12-31,2023,minority_shareholder
20250814002546,Y,00129554,갤럭시아에스엠,소액주주,"10,868","10,877",99.9%,"14,277,483","27,549,644",51.8%,2024-12-31,2024,minority_shareholder
20190401002929,Y,00172185,남성,소액주주,"4,245",-,99.75%,"13,011,950",-,35.92%,2018-12-31,2018,minority_shareholder
20200330003756,Y,00172185,남성,소액주주,"10,188",-,99.88%,"15,089,225",-,41.66%,2019-12-31,2019,minority_shareholder
20210319001297,Y,00172185,남성,소액주주,"22,013","22,024",99.96%,"17,408,475","36,212,160",48.08%,2020-12-31,2020,minority_shareholder
20220329001016,Y,00172185,남성,소액주주,"18,892","18,902",99.95%,"18,002,397","36,212,160",49.71%,2021-12-31,2021,minority_shareholder
20230321001012,Y,00172185,남성,소액주주,"17,887","17,898",99.94%,"17,622,132","36,212,160",48.66%,2022-12-31,2022,minority_shareholder
20240320000908,Y,00172185,남성,소액주주,"17,653","17,664",99.94%,"17,596,225","36,212,160",48.59%,2023-12-31,2023,minority_shareholder
20250319000945,Y,00172185,남성,소액주주,"14,452","14,463",99.92%,"17,932,397","36,212,160",49.52%,2024-12-31,2024,minority_shareholder
20190418000391,Y,00159740,KISCO홀딩스,소액주주,"3,028",-,99.63%,"3,713,508",-,20.09%,2018-12-31,2018,minority_shareholder
20200330003442,Y,00159740,KISCO홀딩스,소액주주,"3,053",-,99.61%,"3,141,743",-,17.00%,2019-12-31,2019,minority_shareholder
20210326000432,Y,00159740,KISCO홀딩스,소액주주,"2,944","2,959",99.5%,"2,821,081","18,476,380",15.3%,2020-12-31,2020,minority_shareholder
20220317000898,Y,00159740,KISCO홀딩스,소액주주,"4,180","4,192",99.7%,"3,370,268","18,476,380",18.2%,2021-12-31,2021,minority_shareholder
20230324001226,Y,00159740,KISCO홀딩스,소액주주,"4,767","4,780",99.73%,"3,688,598","16,176,380",22.80%,2022-12-31,2022,minority_shareholder
20240314001743,Y,00159740,KISCO홀딩스,소액주주,"3,782","3,796",99.63%,"3,342,548","16,176,380",20.66%,2023-12-31,2023,minority_shareholder
20250320001326,Y,00159740,KISCO홀딩스,소액주주,"3,466","3,479",99.63%,"2,759,747","14,176,380",19.47%,2024-12-31,2024,minority_shareholder
20190401003614,Y,00153861,태영건설,소액주주,-,-,-,-,-,-,2018-12-31,2018,minority_shareholder
20200330003911,Y,00153861,태영건설,소액주주,-,-,-,-,-,-,2019-12-31,2019,minority_shareholder
20210311001176,Y,00153861,태영건설,소액주주,-,-,-,-,-,-,2020-12-31,2020,minority_shareholder
20220310001209,Y,00153861,태영건설,소액주주,"19,578","19,586",99.9%,"14,811,916","38,899,098",38.1%,2021-12-31,2021,minority_shareholder
20230317000233,Y,00153861,태영건설,소액주주,"27,443","27,450",99.9%,"15,777,388","38,899,098",40.6%,2022-12-31,2022,minority_shareholder
20240927000935,Y,00153861,태영건설,소액주주,"25,763","25,769",99.98%,"17,491,147","21,400,171",45.00%,2023-12-31,2023,minority_shareholder
20250814003344,Y,00153861,태영건설,소액주주,"25,232","25,246",99.94%,"38,862,465","294,505,595",13.20%,2024-12-31,2024,minority_shareholder
20190401004388,Y,00124090,한국특강,소액주주,"3,642",-,99.67%,"16,009,229",-,49.48%,2018-12-31,2018,minority_shareholder
20200330004264,Y,00124090,한국특강,소액주주,"3,660",-,99.73%,"16,881,594",-,52.18%,2019-12-31,2019,minority_shareholder
20210818000238,Y,00124090,한국특강,소액주주,"3,829","3,843",99.64%,"23,885,082","53,242,476",44.86%,2020-12-31,2020,minority_shareholder
20220318001034,Y,00124090,한국특강,소액주주,"7,230","7,243",99.82%,"22,710,239","53,242,476",42.65%,2021-12-31,2021,minority_shareholder
20240318000532,Y,00124090,한국특강,소액주주,"8,671","8,686",99.83%,"27,896,791","60,589,598",46.04%,2022-12-31,2022,minority_shareholder
20240318000647,Y,00124090,한국특강,소액주주,"7,506","7,522",99.79%,"26,777,037","60,589,598",44.19%,2023-12-31,2023,minority_shareholder
20250321001284,Y,00124090,한국특강,소액주주,"6,608","6,613",99.92%,"28,141,794","60,607,117",46.43%,2024-12-31,2024,minority_shareholder
20190401002294,Y,00140946,한솔로지스틱스,소액주주,"12,898",-,99.90%,"16,314,731",-,59.36%,2018-12-31,2018,minority_shareholder
20200330002411,Y,00140946,한솔로지스틱스,소액주주,"12,684",-,99.94%,"17,974,891",-,65.43%,2019-12-31,2019,minority_shareholder
20210316000126,Y,00140946,한솔로지스틱스,소액주주,-,-,-,-,-,-,2020-12-31,2020,minority_shareholder
20220222001884,Y,00140946,한솔로지스틱스,소액주주,"163,188","163,193",100.00%,"20,111,089","27,477,425",73.20%,2021-12-31,2021,minority_shareholder
20230314000521,Y,00140946,한솔로지스틱스,소액주주,"143,001","143,008",100.00%,"20,124,381","27,477,425",73.24%,2022-12-31,2022,minority_shareholder
20240312000456,Y,00140946,한솔로지스틱스,소액주주,"130,263","130,271",99.99%,"20,536,631","27,752,225",73.99%,2023-12-31,2023,minority_shareholder
20250311001053,Y,00140946,한솔로지스틱스,소액주주,"118,747","118,753",99.99%,"16,481,214","28,155,825",58.54%,2024-12-31,2024,minority_shareholder
20190401002594,Y,00127042,SYTS,소액주주,"3,678",-,99.73%,"1,189,019",-,39.63%,2018-12-31,2018,minority_shareholder
20200401002788,Y,00127042,SYTS,소액주주,"3,102",-,99.65%,"1,081,465",-,36.05%,2019-12-31,2019,minority_shareholder
20210311001144,Y,00127042,SYTS,소액주주,"5,010","5,022",99.76%,"851,651","3,000,000",28.38%,2020-12-31,2020,minority_shareholder
20220331003424,Y,00127042,SYTS,소액주주,"8,658","8,670",99.86%,"864,840","3,000,000",28.83%,2021-12-31,2021,minority_shareholder
20230315001242,Y,00127042,SYTS,소액주주,"7,816","7,827",99.86%,"835,082","3,000,000",27.84%,2022-12-31,2022,minority_shareholder
20240314001152,Y,00127042,SYTS,소액주주,"6,468","6,479",99.83%,"778,727","3,000,000",25.96%,2023-12-31,2023,minority_shareholder
20250321001357,Y,00127042,SYTS,소액주주,"5,070","5,084",99.72%,"611,767","3,000,000",20.39%,2024-12-31,2024,minority_shareholder
20190401004425,Y,00159023,SK텔레콤,소액주주,-,-,-,-,-,-,2018-12-31,2018,minority_shareholder
20200330003443,Y,00159023,SK텔레콤,소액주주,"70,697",-,99.99%,"33,249,477",-,41.17%,2019-12-31,2019,minority_shareholder
20210317000804,Y,00159023,SK텔레콤,소액주주,"156,093","156,099",99.9%,"31,513,010","80,745,711",39.0%,2020-12-31,2020,minority_shareholder
20220812000185,Y,00159023,SK텔레콤,소액주주,"188,155","188,162",99.9%,"112,345,220","218,833,144",52.8%,2021-12-31,2021,minority_shareholder
20230320000235,Y,00159023,SK텔레콤,소액주주,"203,268","203,335",99.97%,"109,394,365","218,833,144",50.0%,2022-12-31,2022,minority_shareholder
20240318000570,Y,00159023,SK텔레콤,소액주주,"212,691","212,700",99.9%,"104,391,612","218,833,144",47.7%,2023-12-31,2023,minority_shareholder
20250317000684,Y,00159023,SK텔레콤,소액주주,"195,721","195,727",99.9%,"113,131,436","212,886,342",53.1%,2024-12-31,2024,minority_shareholder
20190401001510,Y,00160375,진양폴리우레탄,소액주주,"2,311",-,99.69%,"3,581,562",-,35.81%,2018-12-31,2018,minority_shareholder
20200330001282,Y,00160375,진양폴리우레탄,소액주주,"2,751",-,99.75%,"2,956,793",-,29.56%,2019-12-31,2019,minority_shareholder
20210308000592,Y,00160375,진양폴리우레탄,소액주주,"3,338","3,345",99.82%,"3,859,753","10,000,000",38.62%,2020-12-31,2020,minority_shareholder
20220729000335,Y,00160375,진양폴리우레탄,소액주주,"4,792","4,801",99.82%,"3,526,987","10,000,000",35.28%,2021-12-31,2021,minority_shareholder
20230306000422,Y,00160375,진양폴리우레탄,소액주주,"3,759","3,767",99.79%,"3,641,094","10,000,000",36.41%,2022-12-31,2022,minority_shareholder
20240304000316,Y,00160375,진양폴리우레탄,소액주주,"3,572","3,578",99.83%,"3,721,938","10,000,000",37.22%,2023-12-31,2023,minority_shareholder
20250228006453,Y,00160375,진양폴리우레탄,소액주주,"3,722","3,727",99.87%,"4,088,895","10,000,000",40.89%,2024-12-31,2024,minority_shareholder
20190328001124,Y,00122056,미창석유공업,소액주주,"1,748",-,99.32%,"303,243",-,17.43%,2018-12-31,2018,minority_shareholder
20200330000417,Y,00122056,미창석유공업,소액주주,"1,315",-,99.08%,"268,615",-,15.43%,2019-12-31,2019,minority_shareholder
20210325000207,Y,00122056,미창석유공업,소액주주,"1,582","1,594",99.26%,"314,297","1,739,672",18.07%,2020-12-31,2020,minority_shareholder
20220324000331,Y,00122056,미창석유공업,소액주주,"2,380","2,391",99.54%,"334,298","1,739,672",19.22%,2021-12-31,2021,minority_shareholder
20230327000678,Y,00122056,미창석유공업,소액주주,"1,920","1,931",99.43%,"345,411","1,739,672",19.85%,2022-12-31,2022,minority_shareholder
20240321000804,Y,00122056,미창석유공업,소액주주,"1,992","2,001",99.57%,"381,506","1,739,672",21.94%,2023-12-31,2023,minority_shareholder
20250321001415,Y,00122056,미창석유공업,소액주주,"1,644","1,654",99.40%,"363,530","1,739,672",20.90%,2024-12-31,2024,minority_shareholder
20190626000068,Y,00127802,삼익THK,소액주주,"5,390",-,99.47%,"5,446,068",-,25.92%,2018-12-31,2018,minority_shareholder
20200330000263,Y,00127802,삼익THK,소액주주,"5,650",-,99.51%,"4,910,955",-,23.38%,2019-12-31,2019,minority_shareholder
20210318000062,Y,00127802,삼익THK,소액주주,"5,778","5,805",99.55%,"4,849,759","21,000,000",23.11%,2020-12-31,2020,minority_shareholder
20220329000395,Y,00127802,삼익THK,소액주주,"8,423","8,452",99.65%,"5,118,499","21,000,000",24.38%,2021-12-31,2021,minority_shareholder
20230316001338,Y,00127802,삼익THK,소액주주,"8,358","8,388",99.6%,"5,067,437","21,000,000",24.1%,2022-12-31,2022,minority_shareholder
20240314001617,Y,00127802,삼익THK,소액주주,"11,001","11,031",99.8%,"5,409,179","21,000,000",25.8%,2023-12-31,2023,minority_shareholder
20250313001328,Y,00127802,삼익THK,소액주주,"14,023","14,049",99.8%,"6,511,022","21,000,000",31.0%,2024-12-31,2024,minority_shareholder
20190401001195,Y,00121932,미원상사,소액주주,824,-,95.81%,"299,032",-,"38,59%",2018-12-31,2018,minority_shareholder
20200401003109,Y,00121932,미원상사,소액주주,"1,650",-,97.81%,"2,057,581",-,40.44%,2019-12-31,2019,minority_shareholder
20210419000194,Y,00121932,미원상사,소액주주,"2,555","2,595",98.46%,"1,884,342","4,970,000",37.91%,2020-12-31,2020,minority_shareholder
20220728000426,Y,00121932,미원상사,소액주주,"4,174","4,218",98.96%,"1,894,439","4,970,000",38.12%,2021-12-31,2021,minority_shareholder
20230320000972,Y,00121932,미원상사,소액주주,"4,458","4,504",98.98%,"1,910,138","4,850,000",39.38%,2022-12-31,2022,minority_shareholder
20240318000694,Y,00121932,미원상사,소액주주,"3,924","3,969",98.87%,"1,807,998","4,750,000",38.06%,2023-12-31,2023,minority_shareholder
20250317000651,Y,00121932,미원상사,소액주주,"3,459","3,502",98.77%,"1,751,459","4,750,000",36.87%,2024-12-31,2024,minority_shareholder
20190401001998,Y,00134176,세우글로벌,소액주주,"9,511",-,99.94%,"16,302,221",-,68.81%,2018-12-31,2018,minority_shareholder
20200330000852,Y,00134176,세우글로벌,소액주주,"10,809",-,99.97%,"17,117,421",-,59.62%,2019-12-31,2019,minority_shareholder
20210910000001,Y,00134176,세우글로벌,소액주주,"10,809","10,812",99.97%,"17,117,421","28,709,665",59.62%,2020-12-31,2020,minority_shareholder
20220728000414,Y,00134176,세우글로벌,소액주주,"10,678","10,683",99.95%,"16,572,702","28,709,665",57.73%,2021-12-31,2021,minority_shareholder
20230724000235,Y,00134176,세우글로벌,소액주주,"15,143","15,147",99.97%,"17,972,632","28,709,665",62.60%,2022-12-31,2022,minority_shareholder
20240318000681,Y,00134176,세우글로벌,소액주주,"10,967","10,970",99.97%,"18,246,238","28,709,665",63.55%,2023-12-31,2023,minority_shareholder
20250321001830,Y,00134176,세우글로벌,소액주주,"8,720","8,726",99.93%,"16,816,505","28,709,665",58.57%,2024-12-31,2024,minority_shareholder
20190401004112,Y,00164788,현대모비스,소액주주,"46,507",-,99.96%,"48,686,671",-,50.01%,2018-12-31,2018,minority_shareholder
20200330001532,Y,00164788,현대모비스,소액주주,"34,375",-,99.98%,"52,038,697",-,54.61%,2019-12-31,2019,minority_shareholder
20210326001090,Y,00164788,현대모비스,소액주주,"113,939","113,951",99.99%,"42,368,747","95,054,694",44.57%,2020-12-31,2020,minority_shareholder
20221005000463,Y,00164788,현대모비스,소액주주,"411,565","411,578",99.99%,"53,668,445","94,573,094",56.76%,2021-12-31,2021,minority_shareholder
20230321001162,Y,00164788,현대모비스,소액주주,"369,653","369,669",99.996%,"52,408,460","94,285,094",55.59%,2022-12-31,2022,minority_shareholder
20240319000626,Y,00164788,현대모비스,소액주주,"301,728","301,742",99.995%,"50,170,134","93,655,094",53.57%,2023-12-31,2023,minority_shareholder
20250311001180,Y,00164788,현대모비스,소액주주,"240,485","240,503",99.99%,"49,831,622","92,995,094",53.59%,2024-12-31,2024,minority_shareholder
20190401004993,Y,00101220,KG케미칼,소액주주,"6,519",-,99.78%,"5,571,813",-,44.73%,2018-12-31,2018,minority_shareholder
20200330004224,Y,00101220,KG케미칼,소액주주,"7,490",-,99.75%,"5,555,536",-,42.69%,2019-12-31,2019,minority_shareholder
20210319001296,Y,00101220,KG케미칼,소액주주,"18,899","18,908",99.95%,"6,353,542","13,013,232",48.82%,2020-12-31,2020,minority_shareholder
20220321001518,Y,00101220,KG케미칼,소액주주,"33,906","33,916",99.97%,"5,953,433","13,866,096",42.93%,2021-12-31,2021,minority_shareholder
20230321001469,Y,00101220,KG케미칼,소액주주,"29,489","29,502",99.96%,"6,650,881","13,866,096",47.97%,2022-12-31,2022,minority_shareholder
20240321001911,Y,00101220,KG케미칼,소액주주,"39,849","39,857",99.97%,"32,643,330","68,469,040",47.67%,2023-12-31,2023,minority_shareholder
20250814004193,Y,00101220,KG케미칼,소액주주,"31,608","31,624",99.95%,"32,140,449","68,469,040",46.27%,2024-12-31,2024,minority_shareholder
20190401002086,Y,00111689,아진전자부품,소액주주,"16,300",-,99.98%,"31,788,705",-,66.72%,2018-12-31,2018,minority_shareholder
20200330002739,Y,00111689,아진전자부품,소액주주,"19,072",-,99.98%,"30,668,137",-,64.37%,2019-12-31,2019,minority_shareholder
20210325000667,Y,00111689,아진전자부품,소액주주,"26,590","26,594",99.98%,"30,666,782","47,646,375",64.36%,2020-12-31,2020,minority_shareholder
20220323001221,Y,00111689,아진전자부품,소액주주,"26,482","26,486",99.98%,"31,478,376","47,646,375",66.1%,2021-12-31,2021,minority_shareholder
20230321001100,Y,00111689,아진전자부품,소액주주,"23,842","23,846",99.98%,"30,943,316","47,646,375",64.9%,2022-12-31,2022,minority_shareholder
20240319000483,Y,00111689,아진전자부품,소액주주,"21,290","21,293",99.9%,"31,670,544","49,299,770",64.2%,2023-12-31,2023,minority_shareholder
20250321001016,Y,00111689,아진전자부품,소액주주,"18,757","18,760",99.9%,"30,557,720","49,299,770",62.0%,2024-12-31,2024,minority_shareholder
20190401001643,Y,00159193,한국전력공사,소액주주,-,-,-,-,-,-,2018-12-31,2018,minority_shareholder
20200402000541,Y,00159193,한국전력공사,소액주주,"432,683",-,99.99%,"251,430,816",-,39.17%,2019-12-31,2019,minority_shareholder
20210514000023,Y,00159193,한국전력공사,소액주주,"581,649","581,653",99.99%,"260,624,829","641,964,077",40.60%,2020-12-31,2020,minority_shareholder
20220516001505,Y,00159193,한국전력공사,소액주주,"746,421","746,426",99.9%,"271,408,224","641,964,077",42.28%,2021-12-31,2021,minority_shareholder
20230525000309,Y,00159193,한국전력공사,소액주주,"694,648","694,654",99.99%,"242,496,922","641,964,077",37.77%,2022-12-31,2022,minority_shareholder
20240329002856,Y,00159193,한국전력공사,소액주주,"655,134","655,140",99.99%,"244,064,194","641,964,077",38.02%,2023-12-31,2023,minority_shareholder
20250318000747,Y,00159193,한국전력공사,소액주주,"565,423","565,428",99.99%,"268,576,176","641,964,077",41.84%,2024-12-31,2024,minority_shareholder
20190329001968,Y,00104388,국도화학,소액주주,"3,752",-,99.63%,"1,912,199",-,32.91%,2018-12-31,2018,minority_shareholder
20200330001259,Y,00104388,국도화학,소액주주,"4,175",-,99.69%,"1,944,597",-,33.47%,2019-12-31,2019,minority_shareholder
20210312000286,Y,00104388,국도화학,소액주주,"6,413","6,424",99.83%,"2,002,363","5,810,616",34.46%,2020-12-31,2020,minority_shareholder
20220310001195,Y,00104388,국도화학,소액주주,"15,852","15,864",99.92%,"3,778,326","9,010,616",41.93%,2021-12-31,2021,minority_shareholder
20230302000553,Y,00104388,국도화학,소액주주,"17,150","17,168",99.90%,"3,413,461","9,010,616",37.88%,2022-12-31,2022,minority_shareholder
20240307000864,Y,00104388,국도화학,소액주주,"14,726","14,745",99.87%,"3,038,345","9,010,616",33.72%,2023-12-31,2023,minority_shareholder
20250321001221,Y,00104388,국도화학,소액주주,"13,073","13,109",99.73%,"2,313,835","9,010,616",25.68%,2024-12-31,2024,minority_shareholder
20190401004454,Y,00129679,녹십자,소액주주,"21,907",-,99.90%,"4,022,459",-,"34,42%",2018-12-31,2018,minority_shareholder
20200330003929,Y,00129679,녹십자,소액주주,"19,981",-,99.91%,"4,476,571",-,38.31%,2019-12-31,2019,minority_shareholder
20210428000731,Y,00129679,녹십자,소액주주,"49,011","49,024",99.99%,"4,734,208","11,686,538",40.52%,2020-12-31,2020,minority_shareholder
20220321001318,Y,00129679,녹십자,소액주주,"65,196","65,207",99.99%,"4,979,790","11,686,538",42.62%,2021-12-31,2021,minority_shareholder
20230321001403,Y,00129679,녹십자,소액주주,"63,262","63,276",99.99%,"4,788,073","11,686,538",40.98%,2022-12-31,2022,minority_shareholder
20240320001551,Y,00129679,녹십자,소액주주,"60,796","60,799",99.99%,"4,738,466","11,686,538",40.55%,2023-12-31,2023,minority_shareholder
20250318001288,Y,00129679,녹십자,소액주주,"48,606","48,622",99.98%,"4,911,622","11,686,538",42.04%,2024-12-31,2024,minority_shareholder
20190401003035,Y,00138260,SIMPAC,소액주주,"6,124",-,99.76%,"14,015,832",-,21.42%,2018-12-31,2018,minority_shareholder
20200330004376,Y,00138260,SIMPAC,소액주주,"6,526",-,"99,79%","13,812,863",-,21.12%,2019-12-31,2019,minority_shareholder
20210322001035,Y,00138260,SIMPAC,소액주주,"5,500","5,507",99.87%,"13,214,258","57,486,292",22.99%,2020-12-31,2020,minority_shareholder
20220321000935,Y,00138260,SIMPAC,소액주주,"8,495","8,506",99.87%,"13,010,120","55,860,643",23.29%,2021-12-31,2021,minority_shareholder
20230320000844,Y,00138260,SIMPAC,소액주주,"7,971","7,981",99.99%,"13,818,993","65,429,516",21.14%,2022-12-31,2022,minority_shareholder
20240320001579,Y,00138260,SIMPAC,소액주주,"12,285","12,295",99.94%,"13,835,993","65,429,516",21.16%,2023-12-31,2023,minority_shareholder
20250814003101,Y,00138260,SIMPAC,소액주주,"8,394","8,405",99.88%,"13,886,324","65,429,516",21.24%,2024-12-31,2024,minority_shareholder
20190401001566,Y,00104999,윌비스,소액주주,"14,935",-,99.95%,"39,823,768",-,69.87%,2018-12-31,2018,minority_shareholder
20200330003123,Y,00104999,윌비스,소액주주,"14,701",-,99.96%,"44,321,730",-,72.41%,2019-12-31,2019,minority_shareholder
20210323000575,Y,00104999,윌비스,소액주주,"15,411","15,416",99.97%,"49,080,456","65,157,878",75.33%,2020-12-31,2020,minority_shareholder
20221226000298,Y,00104999,윌비스,소액주주,"163,573","163,577",99.99%,"57,864,876","67,236,039",86.06%,2021-12-31,2021,minority_shareholder
20230321001489,Y,00104999,윌비스,소액주주,"148,756","148,760",99.99%,"57,864,876","67,236,039",86.06%,2022-12-31,2022,minority_shareholder
20240321001447,Y,00104999,윌비스,소액주주,"136,475","136,479",99.99%,"57,864,876","67,236,039",86.06%,2023-12-31,2023,minority_shareholder
20250327001289,Y,00104999,윌비스,소액주주,"126,278","126,282",99.99%,"57,864,876","67,236,039",86.06%,2024-12-31,2024,minority_shareholder
20190401002257,Y,00112679,대창단조,소액주주,"2,275",-,99.26%,"560,867",-,28.04%,2018-12-31,2018,minority_shareholder
20200330001443,Y,00112679,대창단조,소액주주,"2,080",-,99.19%,"764,370",-,26.75%,2019-12-31,2019,minority_shareholder
20210318000405,Y,00112679,대창단조,소액주주,"2,995","3,008",99.57%,"3,974,159","14,286,115",27.82%,2020-12-31,2020,minority_shareholder
20220930000113,Y,00112679,대창단조,소액주주,"5,518","5,534",99.71%,"4,999,706","14,286,115",35.0%,2021-12-31,2021,minority_shareholder
20230323000406,Y,00112679,대창단조,소액주주,"7,956","7,967",99.86%,"10,327,363","28,572,230",36.14%,2022-12-31,2022,minority_shareholder
20240321000893,Y,00112679,대창단조,소액주주,"10,697","10,708",99.89%,"10,661,978","28,572,230",37.32%,2023-12-31,2023,minority_shareholder
20250320000634,Y,00112679,대창단조,소액주주,"7,744","7,755",99.86%,"9,662,196","28,572,230",33.82%,2024-12-31,2024,minority_shareholder
20190401004361,Y,00124799,사조산업,소액주주,"5,181",-,99.75%,"1,766,813",-,35.34%,2018-12-31,2018,minority_shareholder
20200330004050,Y,00124799,사조산업,소액주주,"5,162",-,99.77%,"1,828,122",-,36.56%,2019-12-31,2019,minority_shareholder
20210318001287,Y,00124799,사조산업,소액주주,"5,727","5,737",99.82%,"1,935,390","5,000,000",38.70%,2020-12-31,2020,minority_shareholder
20220316001349,Y,00124799,사조산업,소액주주,"7,341","7,353",99.84%,"1,976,099","5,000,000",39.52%,2021-12-31,2021,minority_shareholder
20230315001388,Y,00124799,사조산업,소액주주,"6,601","6,612",99.83%,"1,993,357","5,000,000",39.87%,2022-12-31,2022,minority_shareholder
20240313000865,Y,00124799,사조산업,소액주주,"6,074","6,086",99.80%,"1,692,255","5,000,000",33.85%,2023-12-31,2023,minority_shareholder
20250312000903,Y,00124799,사조산업,소액주주,"6,095","6,106",99.82%,"1,570,570","5,000,000",31.41%,2024-12-31,2024,minority_shareholder
20190401000750,Y,00129509,한익스프레스,소액주주,"2,508",-,99.67%,"4,241,305",-,35.33%,2018-12-31,2018,minority_shareholder
20200330001105,Y,00129509,한익스프레스,소액주주,"4,286",-,99.73%,"5,386,219",-,44.87%,2019-12-31,2019,minority_shareholder
20210317000465,Y,00129509,한익스프레스,소액주주,"11,703","11,713",99.91%,"5,754,404","12,000,000",47.95%,2020-12-31,2020,minority_shareholder
20220317000917,Y,00129509,한익스프레스,소액주주,"10,017","10,027",99.90%,"6,123,821","12,000,000",51.04%,2021-12-31,2021,minority_shareholder
20230711000198,Y,00129509,한익스프레스,소액주주,"10,115","10,125",99.90%,"6,163,848","12,000,000",51.37%,2022-12-31,2022,minority_shareholder
20240416000412,Y,00129509,한익스프레스,소액주주,"10,102","10,114",99.80%,"5,461,516","12,000,000",45.51%,2023-12-31,2023,minority_shareholder
20250319000814,Y,00129509,한익스프레스,소액주주,-,-,-,-,-,-,2024-12-31,2024,minority_shareholder
20190329002623,Y,00137252,사조동아원,소액주주,"6,711",-,99.93%,"37,699,770",-,26.71%,2018-12-31,2018,minority_shareholder
20200330003954,Y,00137252,사조동아원,소액주주,"11,164",-,99.94%,"54,981,146",-,38.95%,2019-12-31,2019,minority_shareholder
20210318000423,Y,00137252,사조동아원,소액주주,"9,555","9,560",99.95%,"57,334,220","141,144,600",40.62%,2020-12-31,2020,minority_shareholder
20220316000709,Y,00137252,사조동아원,소액주주,"14,265","14,270",99.96%,"57,334,220","141,144,600",40.62%,2021-12-31,2021,minority_shareholder
20230315000694,Y,00137252,사조동아원,소액주주,"30,432","30,436",99.98%,"67,468,216","141,144,600",47.80%,2022-12-31,2022,minority_shareholder
20240313001271,Y,00137252,사조동아원,소액주주,"23,536","23,541",99.98%,"67,467,516","141,144,600",47.80%,2023-12-31,2023,minority_shareholder
20250312000522,Y,00137252,사조동아원,소액주주,"19,722","19,729",99.98%,"53,954,574","141,144,600",38.23%,2024-12-31,2024,minority_shareholder
20190328001394,Y,00102140,경인전자,소액주주,"1,126",-,98.51%,"148,637",-,9.46%,2018-12-31,2018,minority_shareholder
20200327001187,Y,00102140,경인전자,소액주주,"1,219",-,98.70%,"261,981",-,16.68%,2019-12-31,2019,minority_shareholder
20210318000118,Y,00102140,경인전자,소액주주,"1,216","1,232",98.70%,"233,055","1,570,797",14.84%,2020-12-31,2020,minority_shareholder
20220317000142,Y,00102140,경인전자,소액주주,"1,899","1,913",99.27%,"383,089","1,570,797",24.39%,2021-12-31,2021,minority_shareholder
20230315000359,Y,00102140,경인전자,소액주주,"1,819","1,833",99.24%,"362,974","1,570,797",23.11%,2022-12-31,2022,minority_shareholder
20240313000049,Y,00102140,경인전자,소액주주,"2,264","2,276",99.47%,"381,267","1,570,797",24.27%,2023-12-31,2023,minority_shareholder
20250312000686,Y,00102140,경인전자,소액주주,"2,753","2,762",99.67%,"480,741","1,570,797",30.60%,2024-12-31,2024,minority_shareholder
20190401004203,Y,00119007,무림P&P,소액주주,"8,709",-,99.97%,"19,059,235",-,30.56%,2018-12-31,2018,minority_shareholder
20200330001796,Y,00119007,무림P&P,소액주주,"11,949",-,99.97%,"20,596,971",-,33.02%,2019-12-31,2019,minority_shareholder
20210317001126,Y,00119007,무림P&P,소액주주,"12,408","12,410",99.98%,"20,596,971","62,368,324",33.02%,2020-12-31,2020,minority_shareholder
20220315000694,Y,00119007,무림P&P,소액주주,"16,258","16,260",99.98%,"20,596,971","62,368,324",33.02%,2021-12-31,2021,minority_shareholder
20230320000856,Y,00119007,무림P&P,소액주주,"15,458","15,460",99.99%,"20,596,971","62,368,324",33.02%,2022-12-31,2022,minority_shareholder
20240315000661,Y,00119007,무림P&P,소액주주,"15,073","15,074",99.99%,"20,601,517","62,368,324",33.03%,2023-12-31,2023,minority_shareholder
20250314001672,Y,00119007,무림P&P,소액주주,"13,044","13,045",99.99%,"20,601,517","62,368,324",33.03%,2024-12-31,2024,minority_shareholder
20190401002234,Y,00106881,인디에프,소액주주,"9,831",-,99.98%,"18,208,716",-,30.90%,2018-12-31,2018,minority_shareholder
20200330001519,Y,00106881,인디에프,소액주주,"11,092",-,99.97%,"22,640,303",-,38.42%,2019-12-31,2019,minority_shareholder
20210419000150,Y,00106881,인디에프,소액주주,"10,415","10,416",99.99%,"24,781,312","58,932,995",42.05%,2020-12-31,2020,minority_shareholder
20220317001075,Y,00106881,인디에프,소액주주,"11,944","11,945",99.99%,"24,781,312","70,712,995",35.04%,2021-12-31,2021,minority_shareholder
20230316001226,Y,00106881,인디에프,소액주주,"14,516","14,517",99.99%,"24,781,312","70,712,995",35.04%,2022-12-31,2022,minority_shareholder
20240321001639,Y,00106881,인디에프,소액주주,"12,471","12,472",99.99%,"24,781,312","75,112,995",32.99%,2023-12-31,2023,minority_shareholder
20250320001282,Y,00106881,인디에프,소액주주,"12,119","12,121",99.98%,"24,781,312","75,112,995",32.99%,2024-12-31,2024,minority_shareholder
20191216000262,Y,00122348,방림,소액주주,"2,577",-,99.68%,"1,880,991",-,"44,44%",2018-09-30,2018,minority_shareholder
20191230000107,Y,00122348,방림,소액주주,"2,764",-,99.56%,"19,042,045",-,44.99%,2019-09-30,2019,minority_shareholder
20201229000102,Y,00122348,방림,소액주주,"3,881","3,894",99.68%,"20,055,527","42,314,090",47.41%,2020-09-30,2020,minority_shareholder
20211222000216,Y,00122348,방림,소액주주,"5,376","5,389",99.76%,"19,248,398","42,314,090",45.49%,2021-09-30,2021,minority_shareholder
20221230000430,Y,00122348,방림,소액주주,"3,540","3,556",99.55%,"15,957,636","42,314,090",37.71%,2022-09-30,2022,minority_shareholder
20231221000198,Y,00122348,방림,소액주주,"5,991","6,003",99.80%,"15,887,292","42,314,090",37.55%,2023-09-30,2023,minority_shareholder
20241219000406,Y,00122348,방림,소액주주,"4,043","4,055",99.73%,"16,300,812","42,314,090",38.54%,2024-09-30,2024,minority_shareholder
20190401002397,Y,00108746,DKME,소액주주,"7,269",-,99.88%,"53,515,309",-,42.90%,2018-12-31,2018,minority_shareholder
20200330001894,Y,00108746,DKME,소액주주,"7,767",-,99.90%,"65,823,539",-,44.45%,2019-12-31,2019,minority_shareholder
20210317000619,Y,00108746,DKME,소액주주,"11,086","11,090",99.9%,"119,233,233","227,211,638",52.48%,2020-12-31,2020,minority_shareholder
20220316000975,Y,00108746,DKME,소액주주,"13,727","13,732",99.96%,"128,784,069","231,211,638",55.70%,2021-12-31,2021,minority_shareholder
20230317000466,Y,00108746,DKME,소액주주,"12,886","12,892",99.95%,"127,363,978","231,211,638",55.08%,2022-12-31,2022,minority_shareholder
20250320001662,Y,00108746,DKME,소액주주,"12,381","12,392",99.91%,"139,807,684","236,931,544",59.01%,2023-12-31,2023,minority_shareholder
20250812000680,Y,00108746,DKME,소액주주,"13,545","13,553",99.94%,"160,679,031","236,981,544",67.80%,2024-12-31,2024,minority_shareholder
20190329002337,Y,00140955,한솔케미칼,소액주주,-,-,-,-,-,-,2018-12-31,2018,minority_shareholder
20200331002450,Y,00140955,한솔케미칼,소액주주,-,-,-,-,-,-,2019-12-31,2019,minority_shareholder
20210316001222,Y,00140955,한솔케미칼,소액주주,"19,135","19,148",99.93%,"6,830,841","11,295,195",60.48%,2020-12-31,2020,minority_shareholder
20220315000012,Y,00140955,한솔케미칼,소액주주,"25,014","25,027",99.98%,"7,035,214","11,335,195",62.07%,2021-12-31,2021,minority_shareholder
20230313000732,Y,00140955,한솔케미칼,소액주주,"28,800","28,812",99.96%,"7,459,085","11,335,195",65.8%,2022-12-31,2022,minority_shareholder
20240312000921,Y,00140955,한솔케미칼,소액주주,"29,345","29,358",99.95%,"6,304,752","11,335,195",55.62%,2023-12-31,2023,minority_shareholder
20250310000865,Y,00140955,한솔케미칼,소액주주,"26,970","26,993",99.91%,"6,632,012","11,335,195",58.51%,2024-12-31,2024,minority_shareholder
20190401002903,Y,00148522,퍼스텍,소액주주,"19,137",-,99.98%,"23,913,627",-,51.14%,2018-12-31,2018,minority_shareholder
20200330002717,Y,00148522,퍼스텍,소액주주,"19,137",-,99.98%,"23,913,627",-,51.14%,2019-12-31,2019,minority_shareholder
20210317001246,Y,00148522,퍼스텍,소액주주,"17,412","17,419",99.97%,"25,670,870","48,061,460",53.41%,2020-12-31,2020,minority_shareholder
20220318000974,Y,00148522,퍼스텍,소액주주,"19,698","19,704",99.5%,"21,893,255","48,061,460",45.6%,2021-12-31,2021,minority_shareholder
20230321001315,Y,00148522,퍼스텍,소액주주,"33,372","33,379",99.98%,"24,774,951","48,061,460",51.55%,2022-12-31,2022,minority_shareholder
20240319000584,Y,00148522,퍼스텍,소액주주,"30,444","30,451",99.98%,"25,769,998","48,771,938",52.84%,2023-12-31,2023,minority_shareholder
20250312000567,Y,00148522,퍼스텍,소액주주,"26,182","26,189",99.97%,"26,136,292","48,771,938",53.59%,2024-12-31,2024,minority_shareholder
20190401003721,Y,00161860,한성기업,소액주주,"4,110",-,99.71%,"2,591,582",-,43.67%,2018-12-31,2018,minority_shareholder
20200330004211,Y,00161860,한성기업,소액주주,"4,460",-,99.66%,"2,857,214",-,46.30%,2019-12-31,2019,minority_shareholder
20210322000152,Y,00161860,한성기업,소액주주,"10,232","10,242",99.90%,"3,217,848","6,209,515",51.82%,2020-12-31,2020,minority_shareholder
20220321001488,Y,00161860,한성기업,소액주주,"10,211","10,223",99.88%,"3,066,576","6,209,515",49.39%,2021-12-31,2021,minority_shareholder
20230320000677,Y,00161860,한성기업,소액주주,"10,627","10,637",99.91%,"3,148,392","6,209,515",50.70%,2022-12-31,2022,minority_shareholder
20240320000851,Y,00161860,한성기업,소액주주,"10,823","10,830",99.94%,"3,209,428","6,209,515",51.69%,2023-12-31,2023,minority_shareholder
20250318001322,Y,00161860,한성기업,소액주주,"7,569","7,582",99.83%,"2,920,419","6,209,515",47.03%,2024-12-31,2024,minority_shareholder
20190823000331,Y,00153524,태림포장,소액주주,"5,165",-,99.92%,"19,579,089",-,27.65%,2018-12-31,2018,minority_shareholder
20200330004333,Y,00153524,태림포장,소액주주,"12,046",-,99.95%,"17,289,558",-,24.42%,2019-12-31,2019,minority_shareholder
20210318000939,Y,00153524,태림포장,소액주주,"31,622","31,625",99.99%,"19,409,439","70,805,940",27.41%,2020-12-31,2020,minority_shareholder
20220317001089,Y,00153524,태림포장,소액주주,"28,685","28,687",99.99%,"20,137,771","70,805,940",28.44%,2021-12-31,2021,minority_shareholder
20230316001205,Y,00153524,태림포장,소액주주,"27,182","27,184",99.99%,"20,137,771","70,805,940",28.44%,2022-12-31,2022,minority_shareholder
20240314001580,Y,00153524,태림포장,소액주주,"23,144","23,146",99.99%,"20,137,771","70,805,940",28.44%,2023-12-31,2023,minority_shareholder
20250327000507,Y,00153524,태림포장,소액주주,"23,144","23,146",99.99%,"20,137,771","70,805,940",28.44%,2024-12-31,2024,minority_shareholder
20190329003134,Y,00138729,아세아제지,소액주주,"5,614",-,99.73%,"3,005,748",-,33.56%,2018-12-31,2018,minority_shareholder
20200330003410,Y,00138729,아세아제지,소액주주,"6,435",-,99.80%,"3,507,938",-,39.17%,2019-12-31,2019,minority_shareholder
20210311001209,Y,00138729,아세아제지,소액주주,"9,688","9,701",99.87%,"4,016,761","8,956,502",44.86%,2020-12-31,2020,minority_shareholder
20220310001190,Y,00138729,아세아제지,소액주주,"11,633","11,644",99.91%,"4,089,458","8,956,502",45.66%,2021-12-31,2021,minority_shareholder
20230309000717,Y,00138729,아세아제지,소액주주,"14,761","14,770",99.94%,"4,285,355","8,956,502",47.85%,2022-12-31,2022,minority_shareholder
20240314001117,Y,00138729,아세아제지,소액주주,"12,310","12,320",99.91%,"3,872,367","8,956,502",43.24%,2023-12-31,2023,minority_shareholder
20250312000916,Y,00138729,아세아제지,소액주주,"11,612","11,621",99.94%,"17,024,290","42,782,510",39.80%,2024-12-31,2024,minority_shareholder
20190401002801,Y,00166500,화천기계,소액주주,"2,397",-,99.42%,"718,414",-,32.66%,2018-12-31,2018,minority_shareholder
20200330003584,Y,00166500,화천기계,소액주주,"10,629",-,99.92%,"10,880,426",-,49.46%,2019-12-31,2019,minority_shareholder
20210317000728,Y,00166500,화천기계,소액주주,"10,060","10,066",99.94%,"12,201,840","22,000,000",55.46%,2020-12-31,2020,minority_shareholder
20220316000724,Y,00166500,화천기계,소액주주,"8,978","8,984",99.93%,"11,854,449","22,000,000",53.88%,2021-12-31,2021,minority_shareholder
20230315000727,Y,00166500,화천기계,소액주주,"14,005","14,011",99.96%,"10,227,270","22,000,000",46.49%,2022-12-31,2022,minority_shareholder
20240312000425,Y,00166500,화천기계,소액주주,"13,935","13,940",99.96%,"11,250,091","22,000,000",51.14%,2023-12-31,2023,minority_shareholder
20250814002772,Y,00166500,화천기계,소액주주,"16,902","16,905",99.98%,"12,454,186","22,000,000",56.61%,2024-12-31,2024,minority_shareholder
20190401003597,Y,00129013,CJ씨푸드,소액주주,"12,214",-,99.98%,"19,004,897",-,52.60%,2018-12-31,2018,minority_shareholder
20200330002361,Y,00129013,CJ씨푸드,소액주주,"15,525",-,99.99%,"18,237,586",-,50.48%,2019-12-31,2019,minority_shareholder
20210319000697,Y,00129013,CJ씨푸드,소액주주,"34,862","34,864",99.99%,"18,751,000","36,131,000",51.90%,2020-12-31,2020,minority_shareholder
20220321000834,Y,00129013,CJ씨푸드,소액주주,"94,654","94,655",99.99%,"19,417,000","36,131,000",53.74%,2021-12-31,2021,minority_shareholder
20230320000740,Y,00129013,CJ씨푸드,소액주주,"85,609","85,610",99.99%,"19,417,000","36,131,000",53.74%,2022-12-31,2022,minority_shareholder
20240319000639,Y,00129013,CJ씨푸드,소액주주,"77,360","77,362",99.9%,"18,510,000","36,131,000",51.23%,2023-12-31,2023,minority_shareholder
20250317000808,Y,00129013,CJ씨푸드,소액주주,"74,161","74,164",99.9%,"18,438,000","36,131,000",51.03%,2024-12-31,2024,minority_shareholder
20200131000232,Y,00137809,SHD,소액주주,"1,578",-,98.87%,"321,160",-,26.44%,2018-12-31,2018,minority_shareholder
20200330003465,Y,00137809,SHD,소액주주,"2,286",-,99.30%,"411,394",-,33.86%,2019-12-31,2019,minority_shareholder
20210317000596,Y,00137809,SHD,소액주주,"1,927","1,942",99.43%,"584,874","1,214,878",48.14%,2020-12-31,2020,minority_shareholder
20220321000833,Y,00137809,SHD,소액주주,"3,117","3,134",99.46%,"440,520","1,214,878",36.26%,2021-12-31,2021,minority_shareholder
20230321000569,Y,00137809,SHD,소액주주,"6,171","6,184",99.79%,"476,733","1,214,878",39.24%,2022-12-31,2022,minority_shareholder
20240320000855,Y,00137809,SHD,소액주주,"3,229","3,238",99.72%,"597,943","1,214,878",49.22%,2023-12-31,2023,minority_shareholder
20250318000112,Y,00137809,SHD,소액주주,"2,431","2,444",99.47%,"438,255","1,214,878",36.07%,2024-12-31,2024,minority_shareholder
20190401003688,Y,00149239,조일알미늄,소액주주,"5,683",-,99.95%,"23,611,050",-,33.92%,2018-12-31,2018,minority_shareholder
20200330003222,Y,00149239,조일알미늄,소액주주,"4,996",-,99.94%,"24,166,605",-,34.44%,2019-12-31,2019,minority_shareholder
20210318000382,Y,00149239,조일알미늄,소액주주,"4,945","4,955",99.80%,"27,305,887","83,774,593",32.59%,2020-12-31,2020,minority_shareholder
20220318000042,Y,00149239,조일알미늄,소액주주,"57,294","57,299",99.99%,"68,139,207","122,631,721",55.56%,2021-12-31,2021,minority_shareholder
20230316000927,Y,00149239,조일알미늄,소액주주,"48,911","48,914",99.99%,"73,473,223","126,631,721",58.02%,2022-12-31,2022,minority_shareholder
20240314001198,Y,00149239,조일알미늄,소액주주,"47,700","47,703",99.99%,"73,473,223","126,631,721",58.02%,2023-12-31,2023,minority_shareholder
20250313000809,Y,00149239,조일알미늄,소액주주,"42,746","42,748",99.99%,"73,473,223","126,631,721",58.02%,2024-12-31,2024,minority_shareholder
20200625000452,Y,00125521,에스엘,소액주주,-,-,-,-,-,-,2018-12-31,2018,minority_shareholder
20200515001539,Y,00125521,에스엘,소액주주,"6,035",-,99.23%,"7,052,278",-,14.63%,2019-12-31,2019,minority_shareholder
20210323000911,Y,00125521,에스엘,소액주주,"12,583","12,614",99.75%,"9,672,741","48,203,277",20.07%,2020-12-31,2020,minority_shareholder
20220930000533,Y,00125521,에스엘,소액주주,"17,633","17,673",99.77%,"8,563,982","48,203,277",17.77%,2021-12-31,2021,minority_shareholder
20230321001134,Y,00125521,에스엘,소액주주,"26,842","26,882",99.85%,"8,710,155","46,448,520",18.75%,2022-12-31,2022,minority_shareholder
20240318000589,Y,00125521,에스엘,소액주주,"19,610","19,655",99.77%,"8,992,606","46,448,520",19.36%,2023-12-31,2023,minority_shareholder
20250318000826,Y,00125521,에스엘,소액주주,"20,148","20,189",99.80%,"9,776,805","46,448,520",21.05%,2024-12-31,2024,minority_shareholder
20190401001908,Y,00172291,더존비즈온,소액주주,"10,138",-,99.89%,"13,514,795",-,45.55%,2018-12-31,2018,minority_shareholder
20200330003794,Y,00172291,더존비즈온,소액주주,"10,158",-,99.90%,"14,336,978",-,45.55%,2019-12-31,2019,minority_shareholder
20210706000401,Y,00172291,더존비즈온,소액주주,"30,363","30,373",99.97%,"15,972,528","31,477,993",50.74%,2020-12-31,2020,minority_shareholder
20220330001628,Y,00172291,더존비즈온,소액주주,"46,879","46,892",99.97%,"16,260,505","31,477,993",51.69%,2021-12-31,2021,minority_shareholder
20230315001173,Y,00172291,더존비즈온,소액주주,"55,158","55,169",99.98%,"13,996,200","31,477,993",44.46%,2022-12-31,2022,minority_shareholder
20240313001285,Y,00172291,더존비즈온,소액주주,"48,360","48,371",99.98%,"13,432,181","31,477,993",42.67%,2023-12-31,2023,minority_shareholder
20250317001028,Y,00172291,더존비즈온,소액주주,"39,854","39,866",99.97%,"14,630,138","31,477,993",46.48%,2024-12-31,2024,minority_shareholder
20190329003943,Y,00123143,보령,소액주주,"9,150",-,99.90%,"18,113,013",-,40.98%,2018-12-31,2018,minority_shareholder
20200330004296,Y,00123143,보령,소액주주,"10,297",-,99.72%,"16,055,470",-,36.32%,2019-12-31,2019,minority_shareholder
20210318000772,Y,00123143,보령,소액주주,"22,578","22,605",99.88%,"16,136,070","47,620,000",33.89%,2020-12-31,2020,minority_shareholder
20220317001028,Y,00123143,보령,소액주주,"37,046","37,077",99.97%,"23,796,157","68,690,000",34.64%,2021-12-31,2021,minority_shareholder
20230313000894,Y,00123143,보령,소액주주,"35,185","35,212",99.92%,"24,563,265","68,690,000",35.76%,2022-12-31,2022,minority_shareholder
20240311000918,Y,00123143,보령,소액주주,"40,284","40,311",99.93%,"24,146,873","68,690,000",35.15%,2023-12-31,2023,minority_shareholder
20250320001237,Y,00123143,보령,소액주주,"35,826","35,834",99.98%,"26,052,968","86,787,207",30.01%,2024-12-31,2024,minority_shareholder
20190329001544,Y,00145446,이건산업,소액주주,"10,940",-,99.89%,"5,358,278",-,48.91%,2018-12-31,2018,minority_shareholder
20200330001648,Y,00145446,이건산업,소액주주,"10,940",-,99.89%,"5,358,278",-,48.91%,2019-12-31,2019,minority_shareholder
20210319000632,Y,00145446,이건산업,소액주주,"10,247","10,255",99.95%,"6,517,019","10,952,635",59.51%,2020-12-31,2020,minority_shareholder
20220321000977,Y,00145446,이건산업,소액주주,"16,733","16,741",99.95%,"6,661,304","10,952,635",60.82%,2021-12-31,2021,minority_shareholder
20230321000996,Y,00145446,이건산업,소액주주,"16,397","16,404",99.96%,"6,787,042","10,952,635",61.97%,2022-12-31,2022,minority_shareholder
20240320001861,Y,00145446,이건산업,소액주주,"14,815","14,823",99.95%,"6,472,942","10,952,635",59.10%,2023-12-31,2023,minority_shareholder
20250321001836,Y,00145446,이건산업,소액주주,"12,890","12,896",99.97%,"6,369,405","10,952,635",58.16%,2024-12-31,2024,minority_shareholder
20190401002993,Y,00173102,모나리자,소액주주,"12,177",-,99.9%,"11,873,750",-,"32,46%",2018-12-31,2018,minority_shareholder
20200330001690,Y,00173102,모나리자,소액주주,"11,764",-,99.9%,"12,057,178",-,32.97%,2019-12-31,2019,minority_shareholder
20210317000615,Y,00173102,모나리자,소액주주,"25,592","25,593",99.99%,"17,925,260","36,571,255",49.01%,2020-12-31,2020,minority_shareholder
20221114000745,Y,00173102,모나리자,소액주주,"21,676","21,677",99.99%,"17,925,260","36,571,255",49.01%,2021-12-31,2021,minority_shareholder
20230320000922,Y,00173102,모나리자,소액주주,"23,014","23,016",99.99%,"17,336,386","36,571,255",47.40%,2022-12-31,2022,minority_shareholder
20240315000868,Y,00173102,모나리자,소액주주,"19,912","19,913",99.99%,"17,925,260","36,571,255",49.01%,2023-12-31,2023,minority_shareholder
20250314001404,Y,00173102,모나리자,소액주주,"17,874","17,875",99.99%,"17,925,260","36,571,255",49.01%,2024-12-31,2024,minority_shareholder
20190329000487,Y,00108977,대구백화점,소액주주,"2,265",-,99.34%,"2,639,257",-,24.39%,2018-12-31,2018,minority_shareholder
20200330000599,Y,00108977,대구백화점,소액주주,"2,958",-,99.33%,"2,978,298",-,27.52%,2019-12-31,2019,minority_shareholder
20210318000578,Y,00108977,대구백화점,소액주주,"2,380","2,397",99.29%,"2,867,204","10,821,611",26.50%,2020-12-31,2020,minority_shareholder
20220317000591,Y,00108977,대구백화점,소액주주,"2,796","2,813",99.40%,"2,933,563","10,821,611",27.11%,2021-12-31,2021,minority_shareholder
20230412001808,Y,00108977,대구백화점,소액주주,"2,279","2,297",99.22%,"2,991,123","10,821,611",27.64%,2022-12-31,2022,minority_shareholder
20240321000387,Y,00108977,대구백화점,소액주주,"2,905","2,925",99.32%,"3,537,925","10,821,611",32.69%,2023-12-31,2023,minority_shareholder
20250321000349,Y,00108977,대구백화점,소액주주,"3,165","3,182",99.46%,"4,641,406","10,821,611",42.89%,2024-12-31,2024,minority_shareholder
20190401003473,Y,00142661,우성,소액주주,"8,766",-,99.73%,"14,192,925",-,45.93%,2018-12-31,2018,minority_shareholder
20200330003834,Y,00142661,우성,소액주주,"11,878",-,99.87%,"14,237,969",-,46.08%,2019-12-31,2019,minority_shareholder
20210311001051,Y,00142661,우성,소액주주,"12,471","12,487",99.87%,"14,526,641","30,900,000",47.01%,2020-12-31,2020,minority_shareholder
20220816000325,Y,00142661,우성,소액주주,"12,785","12,801",99.88%,"1,564,115","3,090,000",50.62%,2021-12-31,2021,minority_shareholder
20230316001415,Y,00142661,우성,소액주주,"9,494","9,507",99.86%,"1,386,015","3,090,000",44.85%,2022-12-31,2022,minority_shareholder
20240314001149,Y,00142661,우성,소액주주,"8,906","8,927",99.76%,"1,252,683","3,090,000",40.54%,2023-12-31,2023,minority_shareholder
20250814003765,Y,00142661,우성,소액주주,"7,392","7,405",99.82%,"1,222,916","3,090,000",39.58%,2024-12-31,2024,minority_shareholder
20210429000883,Y,00174004,유성기업,소액주주,"3,590",-,99.34%,"8,795,234",-,33.90%,2018-12-31,2018,minority_shareholder
20210429000887,Y,00174004,유성기업,소액주주,"3,764",-,99.34%,"9,293,443",-,35.82%,2019-12-31,2019,minority_shareholder
20210317001075,Y,00174004,유성기업,소액주주,"4,858","4,882",99.51%,"9,565,464","25,947,500",36.86%,2020-12-31,2020,minority_shareholder
20220321001007,Y,00174004,유성기업,소액주주,"5,813","5,834",99.64%,"10,866,318","25,947,500",41.88%,2021-12-31,2021,minority_shareholder
20230321000741,Y,00174004,유성기업,소액주주,"6,315","6,336",99.67%,"10,425,693","25,947,500",40.18%,2022-12-31,2022,minority_shareholder
20240320001744,Y,00174004,유성기업,소액주주,"6,057","6,077",99.67%,"10,878,388","25,947,500",41.92%,2023-12-31,2023,minority_shareholder
20250317000557,Y,00174004,유성기업,소액주주,"5,214","5,235",99.60%,"10,705,332","25,947,500",41.26%,2024-12-31,2024,minority_shareholder
20190329003707,Y,00163196,한일철강,소액주주,"1,547",-,98.84%,"775,408",-,34.72%,2018-12-31,2018,minority_shareholder
20200330004000,Y,00163196,한일철강,소액주주,"1,401",-,98.74%,"7,487,635",-,33.56%,2019-12-31,2019,minority_shareholder
20210311001048,Y,00163196,한일철강,소액주주,"1,750","1,770",98.89%,"8,362,931","24,882,353",33.62%,2020-12-31,2020,minority_shareholder
20220310001096,Y,00163196,한일철강,소액주주,"4,614","4,635",99.55%,"9,206,291","26,697,460",34.48%,2021-12-31,2021,minority_shareholder
20230322001313,Y,00163196,한일철강,소액주주,"5,167","5,190",99.56%,"8,172,201","26,697,460",30.62%,2022-12-31,2022,minority_shareholder
20240319000754,Y,00163196,한일철강,소액주주,"5,445","5,467",99.60%,"8,551,574","26,697,460",32.03%,2023-12-31,2023,minority_shareholder
20250715000144,Y,00163196,한일철강,소액주주,"4,422","4,444",99.50%,"8,151,651","26,697,460",30.53%,2024-12-31,2024,minority_shareholder
20190423000250,Y,00127857,삼익악기,소액주주,"12,770",-,99.94%,"46,782,461",-,51.68%,2018-12-31,2018,minority_shareholder
20200330001798,Y,00127857,삼익악기,소액주주,"12,300",-,99.92%,"45,735,141",-,50.52%,2019-12-31,2019,minority_shareholder
20210322000347,Y,00127857,삼익악기,소액주주,"10,880","10,889",99.92%,"45,407,461","90,530,915",50.16%,2020-12-31,2020,minority_shareholder
20220322000742,Y,00127857,삼익악기,소액주주,"11,328","11,337",99.95%,"44,547,598","90,530,915",49.21%,2021-12-31,2021,minority_shareholder
20230322000313,Y,00127857,삼익악기,소액주주,"11,148","11,154",99.95%,"43,525,099","90,530,915",48.08%,2022-12-31,2022,minority_shareholder
20240321000882,Y,00127857,삼익악기,소액주주,"10,288","10,296",99.92%,"43,525,099","90,530,915",48.08%,2023-12-31,2023,minority_shareholder
20250710000455,Y,00127857,삼익악기,소액주주,"8,711","8,719",99.91%,"36,324,944","90,530,915",40.12%,2024-12-31,2024,minority_shareholder
20190401003746,Y,00174527,HS화성,소액주주,"6,360",-,99.4%,"6,076,351",-,48.8%,2018-12-31,2018,minority_shareholder
20200330004341,Y,00174527,HS화성,소액주주,"8,199",-,99.89%,"7,418,906",-,59.58%,2019-12-31,2019,minority_shareholder
20210318000688,Y,00174527,HS화성,소액주주,"9,502","9,513",99.88%,"7,251,364","12,450,800",58.24%,2020-12-31,2020,minority_shareholder
20220331003395,Y,00174527,HS화성,소액주주,"9,073","9,084",99.88%,"6,959,249","12,450,800",55.89%,2021-12-31,2021,minority_shareholder
20230316001392,Y,00174527,HS화성,소액주주,"8,001","8,032",99.61%,"3,868,057","10,150,000",38.11%,2022-12-31,2022,minority_shareholder
20240314001502,Y,00174527,HS화성,소액주주,"6,696","6,709",99.81%,"3,966,578","10,150,000",39.08%,2023-12-31,2023,minority_shareholder
20250320001481,Y,00174527,HS화성,소액주주,"5,464","5,479",99.73%,"3,450,726","10,150,000",34.00%,2024-12-31,2024,minority_shareholder
20190701000100,Y,00116949,DN오토모티브,소액주주,"2,343",-,99.52%,"1,662,060",-,16.62%,2018-12-31,2018,minority_shareholder
20200330002898,Y,00116949,DN오토모티브,소액주주,-,-,-,-,-,-,2019-12-31,2019,minority_shareholder
20210323000549,Y,00116949,DN오토모티브,소액주주,-,-,-,-,-,-,2020-12-31,2020,minority_shareholder
20220321001500,Y,00116949,DN오토모티브,소액주주,"5,800","5,810",99.84%,"2,655,492","9,994,005",26.58%,2021-12-31,2021,minority_shareholder
20230322001200,Y,00116949,DN오토모티브,소액주주,"6,923","6,933",99.86%,"2,833,118","9,994,005",28.36%,2022-12-31,2022,minority_shareholder
20240315000015,Y,00116949,DN오토모티브,소액주주,"6,286","6,298",99.82%,"2,485,278","9,994,005",24.88%,2023-12-31,2023,minority_shareholder
20250313001452,Y,00116949,DN오토모티브,소액주주,"7,222","7,234",99.83%,"16,087,345","59,065,865",27.24%,2024-12-31,2024,minority_shareholder
20190822000198,Y,00123541,보해양조,소액주주,"20,661",-,99.98%,"57,568,566",-,59.60%,2018-12-31,2018,minority_shareholder
20210319000374,Y,00123541,보해양조,소액주주,"27,015",-,99.96%,"87,377,513",-,69.34%,2019-12-31,2019,minority_shareholder
20210319001392,Y,00123541,보해양조,소액주주,"23,459","23,462",99.98%,"92,323,787","127,474,883",72.42%,2020-12-31,2020,minority_shareholder
20220315001204,Y,00123541,보해양조,소액주주,"29,670","29,672",99.99%,"106,450,091","137,995,452",77.14%,2021-12-31,2021,minority_shareholder
20230321001480,Y,00123541,보해양조,소액주주,"28,268","28,270",99.99%,"107,555,741","139,101,102",77.32%,2022-12-31,2022,minority_shareholder
20240318000717,Y,00123541,보해양조,소액주주,"25,757","25,760",99.99%,"106,030,164","139,101,102",76.23%,2023-12-31,2023,minority_shareholder
20250318001002,Y,00123541,보해양조,소액주주,"22,733","22,743",99.96%,"104,944,856","139,101,102",75.45%,2024-12-31,2024,minority_shareholder
20190401003779,Y,00165343,혜인,소액주주,"9,930",-,99.89%,"8,474,068",-,66.66%,2018-12-31,2018,minority_shareholder
20200330003786,Y,00165343,혜인,소액주주,"9,309",-,99.9%,"8,476,981",-,66.7%,2019-12-31,2019,minority_shareholder
20210318001310,Y,00165343,혜인,소액주주,"11,092","11,105",99.88%,"6,912,049","12,712,747",54.37%,2020-12-31,2020,minority_shareholder
20220812000292,Y,00165343,혜인,소액주주,"12,447","12,464",99.86%,"7,002,398","12,712,747",55.08%,2021-12-31,2021,minority_shareholder
20230316001218,Y,00165343,혜인,소액주주,"16,746","16,760",99.92%,"7,073,527","12,712,747",55.64%,2022-12-31,2022,minority_shareholder
20240314001031,Y,00165343,혜인,소액주주,"16,746","16,760",99.92%,"7,073,527","12,712,747",55.64%,2023-12-31,2023,minority_shareholder
20250804000178,Y,00165343,혜인,소액주주,"14,396","14,413",99.88%,"7,258,079","12,712,747",57.09%,2024-12-31,2024,minority_shareholder
20190814001512,Y,00105299,금강공업,소액주주,"4,055",-,96.55%,"1,767,738",-,35.53%,2018-12-31,2018,minority_shareholder
20200330003571,Y,00105299,금강공업,소액주주,"5,352",-,97.15%,"11,891,575",-,47.54%,2019-12-31,2019,minority_shareholder
20210318001269,Y,00105299,금강공업,소액주주,"9,273","9,471",97.91%,"12,544,097","27,272,761",45.99%,2020-12-31,2020,minority_shareholder
20220317000899,Y,00105299,금강공업,소액주주,"14,099","14,108",99.94%,"15,589,143","29,329,357",53.15%,2021-12-31,2021,minority_shareholder
20230316000643,Y,00105299,금강공업,소액주주,"19,467","19,479",99.94%,"15,589,143","29,329,357",53.15%,2022-12-31,2022,minority_shareholder
20240314000999,Y,00105299,금강공업,소액주주,"17,732","17,742",99.94%,"15,562,143","29,329,357",53.06%,2023-12-31,2023,minority_shareholder
20250319000431,Y,00105299,금강공업,소액주주,"14,412","14,422",99.93%,"15,264,060","29,329,357",52.04%,2024-12-31,2024,minority_shareholder
20201023000294,Y,00103130,플레이그램,소액주주,"6,776",-,99.90%,"52,928,550",-,65.15%,2018-12-31,2018,minority_shareholder
20201023000315,Y,00103130,플레이그램,소액주주,"8,329",-,99.93%,"68,778,146",-,82.30%,2019-12-31,2019,minority_shareholder
20210319001422,Y,00103130,플레이그램,소액주주,"7,825","7,834",99.89%,"58,866,596","79,439,295",74.10%,2020-12-31,2020,minority_shareholder
20220321000756,Y,00103130,플레이그램,소액주주,"9,662","9,669",99.93%,"59,554,227","89,717,151",66.38%,2021-12-31,2021,minority_shareholder
20230321001524,Y,00103130,플레이그램,소액주주,"10,155","10,160",99.91%,"66,536,543","111,441,649",59.71%,2022-12-31,2022,minority_shareholder
20240320001345,Y,00103130,플레이그램,소액주주,"9,008","9,019",99.88%,"77,747,432","126,750,187",61.34%,2023-12-31,2023,minority_shareholder
20250320001095,Y,00103130,플레이그램,소액주주,"10,267","10,274",99.93%,"109,498,285","151,887,500",72.09%,2024-12-31,2024,minority_shareholder
20190401001155,Y,00145260,율촌화학,소액주주,"6,253",-,99.87%,"7,332,956",-,29.57%,2018-12-31,2018,minority_shareholder
20200330001484,Y,00145260,율촌화학,소액주주,"8,848",-,99.86% %,"7,777,397",-,31.36% %,2019-12-31,2019,minority_shareholder
20210317000892,Y,00145260,율촌화학,소액주주,"7,419","7,426",99.90%,"8,059,419","24,800,000",32.50%,2020-12-31,2020,minority_shareholder
20220321000632,Y,00145260,율촌화학,소액주주,"11,132","11,138",99.95%,"8,284,525","24,000,000",33.41%,2021-12-31,2021,minority_shareholder
20230328000998,Y,00145260,율촌화학,소액주주,"11,002","11,013",99.90%,"8,335,271","24,800,000",33.61%,2022-12-31,2022,minority_shareholder
20240318000653,Y,00145260,율촌화학,소액주주,"15,030","15,039",99.94%,"8,633,496","24,800,000",34.81%,2023-12-31,2023,minority_shareholder
20250317000659,Y,00145260,율촌화학,소액주주,"14,660","14,665",99.97%,"9,425,976","24,800,000",38.01%,2024-12-31,2024,minority_shareholder
20190329002559,Y,00136864,신원,소액주주,"16,312",-,99.96%,"41,203,971",-,53.63%,2018-12-31,2018,minority_shareholder
20200327001319,Y,00136864,신원,소액주주,"17,151",-,99.97%,"47,817,345",-,56.17%,2019-12-31,2019,minority_shareholder
20210318001202,Y,00136864,신원,소액주주,"15,167","15,175",99.95%,"43,030,118","71,874,517",59.87%,2020-12-31,2020,minority_shareholder
20220816000032,Y,00136864,신원,소액주주,"36,496","36,502",99.98%,"56,871,318","81,159,553",70.07%,2021-12-31,2021,minority_shareholder
20230324000944,Y,00136864,신원,소액주주,"28,717","28,723",99.98%,"52,619,637","80,586,356",65.30%,2022-12-31,2022,minority_shareholder
20240730000041,Y,00136864,신원,소액주주,"24,354","24,360",99.98%,"47,546,712","75,052,356",63.35%,2023-12-31,2023,minority_shareholder
20250814002561,Y,00136864,신원,소액주주,"22,969","22,975",99.97%,"45,839,925","75,052,356",61.08%,2024-12-31,2024,minority_shareholder
20190401004968,Y,00115287,동방,소액주주,-,-,-,-,-,-,2018-12-31,2018,minority_shareholder
20200330003987,Y,00115287,동방,소액주주,"7,086",-,99.83%,"24,059,118",-,71.89%,2019-12-31,2019,minority_shareholder
20210707000184,Y,00115287,동방,소액주주,"18,161","18,168",99.96%,"27,065,664","39,469,498",68.57%,2020-12-31,2020,minority_shareholder
20220317001208,Y,00115287,동방,소액주주,"75,826","75,833",99.99%,"35,817,083","47,794,806",74.94%,2021-12-31,2021,minority_shareholder
20230323001509,Y,00115287,동방,소액주주,"65,218","65,221",99.99%,"36,308,835","47,794,806",75.97%,2022-12-31,2022,minority_shareholder
20240321001580,Y,00115287,동방,소액주주,"55,886","55,890",99.99%,"36,354,059","47,794,806",76.06%,2023-12-31,2023,minority_shareholder
20250320001398,Y,00115287,동방,소액주주,"50,826","50,830",99.99%,"35,977,992","47,794,806",75.28%,2024-12-31,2024,minority_shareholder
20190401001204,Y,00158149,한국쉘석유,소액주주,"7,058",-,99.90%,"478,849",-,36.83%,2018-12-31,2018,minority_shareholder
20200403002403,Y,00158149,한국쉘석유,소액주주,"7,195",-,99.92%,"499,143",-,38.38%,2019-12-31,2019,minority_shareholder
20210318001135,Y,00158149,한국쉘석유,소액주주,"9,848","9,852",99.96%,"536,553","1,300,000",41.28%,2020-12-31,2020,minority_shareholder
20220317000845,Y,00158149,한국쉘석유,소액주주,"10,929","10,932",99.97%,"542,736","1,300,000",41.75%,2021-12-31,2021,minority_shareholder
20230323000970,Y,00158149,한국쉘석유,소액주주,"11,153","11,157",99.96%,"546,889","1,300,000",42.06%,2022-12-31,2022,minority_shareholder
20240321000514,Y,00158149,한국쉘석유,소액주주,"12,798","12,799",99.99%,"600,000","1,300,000",46.15%,2023-12-31,2023,minority_shareholder
20250320000876,Y,00158149,한국쉘석유,소액주주,"12,781","12,782",100%,"600,000","1,300,000",46.16%,2024-12-31,2024,minority_shareholder
20190814001961,Y,00123718,부광약품,소액주주,"15,848",-,99.89%,"20,371,810",-,41.69%,2018-12-31,2018,minority_shareholder
20200327001176,Y,00123718,부광약품,소액주주,"20,855",-,99.91%,"26,769,960",-,42.14%,2019-12-31,2019,minority_shareholder
20210324000661,Y,00123718,부광약품,소액주주,"87,340","87,375",99.99%,"33,033,517","64,837,978",50.95%,2020-12-31,2020,minority_shareholder
20220812001267,Y,00123718,부광약품,소액주주,"88,902","88,919",99.98%,"41,195,994","71,063,049",57.97%,2021-12-31,2021,minority_shareholder
20230328001033,Y,00123718,부광약품,소액주주,"84,188","84,194",99.99%,"44,971,011","71,063,049",63.28%,2022-12-31,2022,minority_shareholder
20240322000905,Y,00123718,부광약품,소액주주,"76,263","76,270",99.99%,"45,154,294","71,063,049",63.54%,2023-12-31,2023,minority_shareholder
20250318000877,Y,00123718,부광약품,소액주주,"68,636","68,640",99.99%,"46,098,314","68,454,671",67.34%,2024-12-31,2024,minority_shareholder
20220420000289,Y,00102618,계양전기,소액주주,"6,140",-,99.79%,"14,945,630",-,45.85%,2018-12-31,2018,minority_shareholder
20220420000292,Y,00102618,계양전기,소액주주,"6,623",-,99.77%,"14,235,355",-,43.67%,2019-12-31,2019,minority_shareholder
20220420000327,Y,00102618,계양전기,소액주주,"11,981","11,994",99.40%,"14,456,027","32,600,000",44.34%,2020-12-31,2020,minority_shareholder
20220407002814,Y,00102618,계양전기,소액주주,"14,374","14,384",99.93%,"15,113,397","32,600,000",46.36%,2021-12-31,2021,minority_shareholder
20230323000476,Y,00102618,계양전기,소액주주,"12,969","12,979",99.92%,"15,210,936","32,600,000",46.66%,2022-12-31,2022,minority_shareholder
20240314001603,Y,00102618,계양전기,소액주주,"10,199","10,209",99.90%,"12,383,425","27,222,829",45.49%,2023-12-31,2023,minority_shareholder
20250314001765,Y,00102618,계양전기,소액주주,"11,469","11,481",99.90%,"14,192,706","27,222,829",52.14%,2024-12-31,2024,minority_shareholder
20190625000013,Y,00157399,한솔테크닉스,소액주주,"16,533",-,99.96%,"16,746,307",-,75.73%,2018-12-31,2018,minority_shareholder
20200330002060,Y,00157399,한솔테크닉스,소액주주,"17,468",-,99.95%,"21,680,082",-,67.51%,2019-12-31,2019,minority_shareholder
20210316000802,Y,00157399,한솔테크닉스,소액주주,"23,273","23,279",99.99%,"23,496,521","32,109,871",73.19%,2020-12-31,2020,minority_shareholder
20220315001175,Y,00157399,한솔테크닉스,소액주주,"31,730","31,735",99.98%,"24,132,006","32,109,878",75.15%,2021-12-31,2021,minority_shareholder
20230328000853,Y,00157399,한솔테크닉스,소액주주,"27,597","27,601",99.99%,"24,580,513","32,109,878",76.55%,2022-12-31,2022,minority_shareholder
20240312001055,Y,00157399,한솔테크닉스,소액주주,"23,584","23,589",99.98%,"24,255,503","32,109,878",75.55%,2023-12-31,2023,minority_shareholder
20250311001184,Y,00157399,한솔테크닉스,소액주주,"21,600","21,604",99.98%,"24,580,513","32,109,878",76.55%,2024-12-31,2024,minority_shareholder
20190401003543,Y,00128412,삼진제약,소액주주,"5,797",-,99.78%,"6,589,846",-,47.41%,2018-12-31,2018,minority_shareholder
20200928000419,Y,00128412,삼진제약,소액주주,"10,027",-,99.89%,"7,704,183",-,55.42%,2019-12-31,2019,minority_shareholder
20210318000733,Y,00128412,삼진제약,소액주주,"10,732","10,748",99.85%,"7,593,107","13,900,000",54.63%,2020-12-31,2020,minority_shareholder
20220317000889,Y,00128412,삼진제약,소액주주,"13,172","13,190",99.86%,"7,336,432","13,900,000",52.78%,2021-12-31,2021,minority_shareholder
20230410003453,Y,00128412,삼진제약,소액주주,"12,957","12,972",99.88%,"7,132,820","13,900,000",51.32%,2022-12-31,2022,minority_shareholder
20240314001307,Y,00128412,삼진제약,소액주주,"12,084","12,097",99.89%,"6,760,581","13,900,000",48.64%,2023-12-31,2023,minority_shareholder
20250313001200,Y,00128412,삼진제약,소액주주,"11,436","11,451",99.87%,"6,497,116","13,900,000",46.74%,2024-12-31,2024,minority_shareholder
20190401002526,Y,00155319,POSCO홀딩스,소액주주,"166,761",-,99.99%,"57,664,054",-,66.14%,2018-12-31,2018,minority_shareholder
20200320000059,Y,00155319,POSCO홀딩스,소액주주,"165,829",-,99.99%,"57,168,759",-,65.57%,2019-12-31,2019,minority_shareholder
20210304000604,Y,00155319,POSCO홀딩스,소액주주,"181,772","181,787",99.99%,"56,559,431","76,125,472",74.30%,2020-12-31,2020,minority_shareholder
20221114000599,Y,00155319,POSCO홀딩스,소액주주,"308,551","308,619",99.98%,"49,942,837","75,625,572",66.04%,2021-12-31,2021,minority_shareholder
20230309000896,Y,00155319,POSCO홀딩스,소액주주,"313,370","313,381",100%,"50,911,719","75,849,177",67%,2022-12-31,2022,minority_shareholder
20240322000986,Y,00155319,POSCO홀딩스,소액주주,"795,935","796,001",99.99%,"57,535,687","75,876,207",75.83%,2023-12-31,2023,minority_shareholder
20250312001016,Y,00155319,POSCO홀딩스,소액주주,"782,476","782,543",99.99%,"59,996,442","75,620,779",79.34%,2024-12-31,2024,minority_shareholder
20190401004898,Y,00122694,범양건영,소액주주,"4,493",-,99.86%,"15,621,097",-,62.91%,2018-12-31,2018,minority_shareholder
20200330002312,Y,00122694,범양건영,소액주주,-,-,-,-,-,-,2019-12-31,2019,minority_shareholder
20250605000472,Y,00122694,범양건영,소액주주,"11,741","11,742",99.99%,"16,582,298","24,831,982",66.78%,2020-12-31,2020,minority_shareholder
20250605000491,Y,00122694,범양건영,소액주주,"21,906","21,907",99.99%,"17,780,268","24,831,982",71.60%,2021-12-31,2021,minority_shareholder
20250605000501,Y,00122694,범양건영,소액주주,"26,408","26,409",99.99%,"16,482,408","24,831,982",71.61%,2022-12-31,2022,minority_shareholder
20250605000503,Y,00122694,범양건영,소액주주,"21,775","21,778",99.99%,"17,129,503","24,829,952",69.0%,2023-12-31,2023,minority_shareholder
20250814003868,Y,00122694,범양건영,소액주주,"22,700","22,703",99.9%,"20,250,766","27,479,820",73.7%,2024-12-31,2024,minority_shareholder
20190718000369,Y,00145163,파미셀,소액주주,"42,527",-,99.99%,"53,161,720",-,88.66%,2018-12-31,2018,minority_shareholder
20200330004368,Y,00145163,파미셀,소액주주,"48,070",-,99.99%,"53,931,145",-,89.95%,2019-12-31,2019,minority_shareholder
20210316000706,Y,00145163,파미셀,소액주주,"104,640","104,647",99.99%,"52,830,864","59,958,950",88.11%,2020-12-31,2020,minority_shareholder
20220315000612,Y,00145163,파미셀,소액주주,"80,215","80,225",99.99%,"51,496,296","59,958,950",85.89%,2021-12-31,2021,minority_shareholder
20230314000892,Y,00145163,파미셀,소액주주,"68,319","68,330",99.98%,"49,765,478","60,016,964",82.92%,2022-12-31,2022,minority_shareholder
20240320001254,Y,00145163,파미셀,소액주주,"64,398","64,409",99.98%,"49,310,740","60,016,964",84.53%,2023-12-31,2023,minority_shareholder
20250813000184,Y,00145163,파미셀,소액주주,"56,576","56,582",99.99%,"49,663,789","60,016,964",82.75%,2024-12-31,2024,minority_shareholder
20190329000086,Y,00260392,대원전선,소액주주,"13,825",-,97.24%,"41,882,393",-,59.22%,2018-12-31,2018,minority_shareholder
20200330001463,Y,00260392,대원전선,소액주주,"10,792",-,99.94%,"41,031,837",-,60.24%,2019-12-31,2019,minority_shareholder
20210318000043,Y,00260392,대원전선,소액주주,"13,170","13,176",99.95%,"45,235,259","73,638,167",61.43%,2020-12-31,2020,minority_shareholder
20220317000144,Y,00260392,대원전선,소액주주,"41,499","42,119",98.53%,"53,116,349","73,638,167",72.13%,2021-12-31,2021,minority_shareholder
20230316000192,Y,00260392,대원전선,소액주주,"36,395","39,305",92.60%,"49,494,112","74,585,734",66.36%,2022-12-31,2022,minority_shareholder
20240313000480,Y,00260392,대원전선,소액주주,"33,646","33,648",99.99%,"53,218,254","74,585,734",71.35%,2023-12-31,2023,minority_shareholder
20250313000035,Y,00260392,대원전선,소액주주,"62,223","63,385",98.17%,"51,610,412","77,600,375",66.51%,2024-12-31,2024,minority_shareholder
20190401004921,Y,00145552,이수화학,소액주주,"9,260",-,99.85%,"7,466,778",-,48.87%,2018-12-31,2018,minority_shareholder
20200330004635,Y,00145552,이수화학,소액주주,"8,498",-,99.81%,"7,402,498",-,48.45%,2019-12-31,2019,minority_shareholder
20220315001199,Y,00145552,이수화학,소액주주,"21,952","21,965",99.94%,"14,389,461","24,315,017",59.18%,2020-12-31,2020,minority_shareholder
20220323001389,Y,00145552,이수화학,소액주주,"31,296","31,308",99.96%,"17,929,049","27,205,956",65.90%,2021-12-31,2021,minority_shareholder
20230320000747,Y,00145552,이수화학,소액주주,"47,689","47,700",99.98%,"17,331,973","27,959,544",61.99%,2022-12-31,2022,minority_shareholder
20240321001863,Y,00145552,이수화학,소액주주,"81,538","81,549",99.99%,"14,968,886","22,722,739",65.88%,2023-12-31,2023,minority_shareholder
20250814003414,Y,00145552,이수화학,소액주주,-,-,-,-,-,-,2024-12-31,2024,minority_shareholder
20190329001574,Y,00127167,삼영무역,소액주주,"3,430",-,99.36%,"5,492,644",-,33.36%,2018-12-31,2018,minority_shareholder
20200330001486,Y,00127167,삼영무역,소액주주,"2,920",-,99.35%,"5,377,812",-,30.54%,2019-12-31,2019,minority_shareholder
20210324000625,Y,00127167,삼영무역,소액주주,"3,640","3,661",99.40%,"4,873,908","18,466,948",26.39%,2020-12-31,2020,minority_shareholder
20220317000637,Y,00127167,삼영무역,소액주주,"5,080","5,101",99.59%,"4,975,596","17,628,104",28.23%,2021-12-31,2021,minority_shareholder
20230524000304,Y,00127167,삼영무역,소액주주,"4,822","4,843",99.57%,"4,980,239","18,466,948",26.97%,2022-12-31,2022,minority_shareholder
20240320000814,Y,00127167,삼영무역,소액주주,"4,858","4,879",99.57%,"5,526,776","18,466,948",29.93%,2023-12-31,2023,minority_shareholder
20250318000675,Y,00127167,삼영무역,소액주주,"4,174","4,195",99.50%,"5,638,307","18,466,948",30.53%,2024-12-31,2024,minority_shareholder
20190401004932,Y,00106368,금호석유화학,소액주주,"18,664",-,99.95%,"15,063,601",-,49.44%,2018-12-31,2018,minority_shareholder
20200330004439,Y,00106368,금호석유화학,소액주주,"17,979",-,99.94%,"15,378,659",-,50.48%,2019-12-31,2019,minority_shareholder
20210330001578,Y,00106368,금호석유화학,소액주주,"31,951","31,964",99.96%,"15,466,600","30,467,691",50.76%,2020-12-31,2020,minority_shareholder
20220328000826,Y,00106368,금호석유화학,소액주주,"139,548","139,568",99.99%,"16,116,108","30,295,844",53.20%,2021-12-31,2021,minority_shareholder
20230316001213,Y,00106368,금호석유화학,소액주주,"119,567","119,588",99.98%,"15,285,951","29,314,312",52.15%,2022-12-31,2022,minority_shareholder
20240328001337,Y,00106368,금호석유화학,소액주주,"96,784","96,804",99.98%,"14,363,466","28,547,679",50.31%,2023-12-31,2023,minority_shareholder
20250317000810,Y,00106368,금호석유화학,소액주주,"85,662","85,681",99.98%,"13,959,400","27,334,587",51.07%,2024-12-31,2024,minority_shareholder
20210713000097,Y,00143314,에이엔피,소액주주,"10,004",-,99.94%,"62,474,715",-,75.46%,2018-12-31,2018,minority_shareholder
20210713000103,Y,00143314,에이엔피,소액주주,"9,390",-,99.93%,"63,823,365",-,77.08%,2019-12-31,2019,minority_shareholder
20210331002532,Y,00143314,에이엔피,소액주주,"9,055","9,064",99.90%,"17,308,994","21,826,409",79.30%,2020-12-31,2020,minority_shareholder
20220322000949,Y,00143314,에이엔피,소액주주,"7,072","7,083",99.84%,"17,827,194","22,336,409",79.81%,2021-12-31,2021,minority_shareholder
20230713000295,Y,00143314,에이엔피,소액주주,"6,653","6,661",99.9%,"15,561,521","40,581,153",38.37%,2022-12-31,2022,minority_shareholder
20240322000018,Y,00143314,에이엔피,소액주주,"7,611","7,621",99.89%,"17,953,575","45,116,894",39.80%,2023-12-31,2023,minority_shareholder
20250321001897,Y,00143314,에이엔피,소액주주,"7,032","7,042",99.87%,"18,411,575","45,116,894",40.82%,2024-12-31,2024,minority_shareholder
20190401003076,Y,00163761,한창제지,소액주주,"9,523",-,99.9%,"35,016,623",-,58.7%,2018-12-31,2018,minority_shareholder
20200330002731,Y,00163761,한창제지,소액주주,"14,908",-,99.93%,"33,813,674",-,56.67%,2019-12-31,2019,minority_shareholder
20210317000550,Y,00163761,한창제지,소액주주,"19,898","19,908",99.95%,"34,575,907","59,667,486",57.95%,2020-12-31,2020,minority_shareholder
20220316000600,Y,00163761,한창제지,소액주주,"20,439","20,450",99.9%,"34,990,762","59,667,486",58.6%,2021-12-31,2021,minority_shareholder
20230321001020,Y,00163761,한창제지,소액주주,"19,642","19,652",99.95%,"35,027,482","59,667,486",58.70%,2022-12-31,2022,minority_shareholder
20240320000842,Y,00163761,한창제지,소액주주,"20,088","20,098",99.95%,"34,043,729","59,667,486",57.06%,2023-12-31,2023,minority_shareholder
20250318001122,Y,00163761,한창제지,소액주주,"17,088","17,096",99.95%,"35,179,135","59,667,486",58.96%,2024-12-31,2024,minority_shareholder
20190329000311,Y,00167192,넥센,소액주주,"5,324",-,99.85%,"14,869,300",-,26.02%,2018-12-31,2018,minority_shareholder
20200330000591,Y,00167192,넥센,소액주주,"4,442",-,99.80%,"14,228,983",-,24.90%,2019-12-31,2019,minority_shareholder
20210322000283,Y,00167192,넥센,소액주주,"3,718","3,726",99.79%,"10,459,929","52,579,183",19.89%,2020-12-31,2020,minority_shareholder
20220321000535,Y,00167192,넥센,소액주주,"5,709","5,718",99.84%,"12,215,005","51,841,138",23.56%,2021-12-31,2021,minority_shareholder
20230321000737,Y,00167192,넥센,소액주주,"5,586","5,597",99.80%,"11,624,911","50,603,138",22.97%,2022-12-31,2022,minority_shareholder
20240320000622,Y,00167192,넥센,소액주주,"4,744","4,754",99.79%,"10,937,713","49,489,138",22.10%,2023-12-31,2023,minority_shareholder
20250318000857,Y,00167192,넥센,소액주주,"4,032","4,040",99.80%,"13,350,133","48,446,010",27.56%,2024-12-31,2024,minority_shareholder
20190401001498,Y,00126201,삼성공조,소액주주,"1,777",-,99.22%,"2,594,980",-,31.93%,2018-12-31,2018,minority_shareholder
20200330003960,Y,00126201,삼성공조,소액주주,"1,912",-,99.27%,"2,583,559",-,31.79%,2019-12-31,2019,minority_shareholder
20210318000391,Y,00126201,삼성공조,소액주주,"2,745","2,757",99.56%,"2,859,099","8,126,314",35.18%,2020-12-31,2020,minority_shareholder
20220317001008,Y,00126201,삼성공조,소액주주,"5,823","5,837",99.76%,"3,258,429","8,126,314",40.10%,2021-12-31,2021,minority_shareholder
20230321001375,Y,00126201,삼성공조,소액주주,"6,176","6,190",99.77%,"3,081,393","8,126,314",37.92%,2022-12-31,2022,minority_shareholder
20240319000751,Y,00126201,삼성공조,소액주주,"7,324","7,337",99.82%,"3,340,412","8,126,314",41.11%,2023-12-31,2023,minority_shareholder
20250320001319,Y,00126201,삼성공조,소액주주,"11,943","11,957",99.88%,"3,161,264","8,126,314",38.90%,2024-12-31,2024,minority_shareholder
20190401001699,Y,00133858,세방전지,소액주주,"3,899",-,99.48%,"3,647,046",-,26.05%,2018-12-31,2018,minority_shareholder
20200330002420,Y,00133858,세방전지,소액주주,"3,937",-,99.54%,"3,731,419",-,26.65%,2019-12-31,2019,minority_shareholder
20210316001173,Y,00133858,세방전지,소액주주,"9,730","9,775",99.54%,"4,089,786","14,000,000",29.21%,2020-12-31,2020,minority_shareholder
20220315000920,Y,00133858,세방전지,소액주주,"25,486","25,505",99.93%,"3,976,003","14,000,000",28.40%,2021-12-31,2021,minority_shareholder
20230308000717,Y,00133858,세방전지,소액주주,"27,471","27,550",99.71%,"2,821,393","14,000,000",20.15%,2022-12-31,2022,minority_shareholder
20240313000935,Y,00133858,세방전지,소액주주,"22,839","22,884",99.80%,"4,169,367","13,140,453",31.73%,2023-12-31,2023,minority_shareholder
20250312000986,Y,00133858,세방전지,소액주주,"17,663","17,768",99.92%,"3,950,973","14,000,000",28.22%,2024-12-31,2024,minority_shareholder
20190401002738,Y,00118521,진원생명과학,소액주주,"18,516",-,99.96%,"18,522,634",-,87.48%,2018-12-31,2018,minority_shareholder
20200330002504,Y,00118521,진원생명과학,소액주주,"17,482",-,99.97%,"18,551,967",-,84.61%,2019-12-31,2019,minority_shareholder
20210323000614,Y,00118521,진원생명과학,소액주주,"131,542","131,549",99.99%,"41,091,111","44,771,008",91.78%,2020-12-31,2020,minority_shareholder
20220322000627,Y,00118521,진원생명과학,소액주주,"181,526","181,533",99.99%,"71,296,667","77,479,055",92.02%,2021-12-31,2021,minority_shareholder
20230711000247,Y,00118521,진원생명과학,소액주주,"151,553","151,560",99.99%,"71,569,211","77,751,599",92.05%,2022-12-31,2022,minority_shareholder
20240327000694,Y,00118521,진원생명과학,소액주주,"132,317","132,324",99.99%,"71,613,069","78,473,817",91.25%,2023-12-31,2023,minority_shareholder
20250814002621,Y,00118521,진원생명과학,소액주주,"118,181","118,188",99.99%,"71,661,765","80,039,035",89.53%,2024-12-31,2024,minority_shareholder
20190329002374,Y,00153621,참엔지니어링,소액주주,"5,978",-,99.82%,"33,158,456",-,67.41%,2018-12-31,2018,minority_shareholder
20200330001335,Y,00153621,참엔지니어링,소액주주,"5,511",-,99.76%,"36,461,750",-,69.53%,2019-12-31,2019,minority_shareholder
20210805000106,Y,00153621,참엔지니어링,소액주주,"5,915","5,932",99.71%,"34,223,401","55,445,022",61.71%,2020-12-31,2020,minority_shareholder
20220318000816,Y,00153621,참엔지니어링,소액주주,"7,654","7,668",99.82%,"36,592,985","55,528,564",65.90%,2021-12-31,2021,minority_shareholder
20230320000425,Y,00153621,참엔지니어링,소액주주,"9,801","9,805",99.95%,"40,719,552","58,867,419",69.17%,2022-12-31,2022,minority_shareholder
20240730000237,Y,00153621,참엔지니어링,소액주주,"7,850","7,855",99.94%,"40,692,002","84,096,404",48.39%,2023-12-31,2023,minority_shareholder
20250318000654,Y,00153621,참엔지니어링,소액주주,"10,006","10,010",99.96%,"40,030,659","84,867,419",47.17%,2024-12-31,2024,minority_shareholder
20190401002189,Y,00160418,한국무브넥스,소액주주,"3,097",-,99.68%,"14,516,839",-,47.67%,2018-12-31,2018,minority_shareholder
20200330002133,Y,00160418,한국무브넥스,소액주주,"4,929",-,99.82%,"15,211,781",-,49.96%,2019-12-31,2019,minority_shareholder
20210318000594,Y,00160418,한국무브넥스,소액주주,"6,201","6,208",99.89%,"16,266,198","30,450,420",53.42%,2020-12-31,2020,minority_shareholder
20220317000361,Y,00160418,한국무브넥스,소액주주,"7,929","7,936",99.91%,"16,251,457","30,450,420",53.37%,2021-12-31,2021,minority_shareholder
20230323000478,Y,00160418,한국무브넥스,소액주주,"8,130","8,138",99.90%,"15,738,412","30,450,420",51.69%,2022-12-31,2022,minority_shareholder
20240321000675,Y,00160418,한국무브넥스,소액주주,"7,131","7,137",99.92%,"15,747,047","30,450,420",51.71%,2023-12-31,2023,minority_shareholder
20250318000552,Y,00160418,한국무브넥스,소액주주,"8,111","8,117",99.93%,"16,679,075","30,450,420",54.77%,2024-12-31,2024,minority_shareholder
20190329004028,Y,00129989,코스모신소재,소액주주,"18,357",-,99.95%,"11,742,401",-,59.47%,2018-12-31,2018,minority_shareholder
20210217000607,Y,00129989,코스모신소재,소액주주,"23,801",-,99.95%,"17,437,438",-,59.62%,2019-12-31,2019,minority_shareholder
20210315000702,Y,00129989,코스모신소재,소액주주,"43,096","43,101",99.99%,"10,107,317","29,247,965",65.44%,2020-12-31,2020,minority_shareholder
20220408002366,Y,00129989,코스모신소재,소액주주,"80,839","80,845",99.99%,"21,441,261","30,086,889",71.26%,2021-12-31,2021,minority_shareholder
20230315000297,Y,00129989,코스모신소재,소액주주,"72,882","72,890",99.99%,"19,261,793","30,650,756",62.84%,2022-12-31,2022,minority_shareholder
20240315000492,Y,00129989,코스모신소재,소액주주,"156,526","156,532",99.99%,"22,136,118","32,510,756",68.08%,2023-12-31,2023,minority_shareholder
20250314000812,Y,00129989,코스모신소재,소액주주,"140,412","140,426",99.99%,"19,438,792","32,510,756",59.79%,2024-12-31,2024,minority_shareholder
20190401002504,Y,00114093,덕성,소액주주,"5,118",-,99.71%,"8,513,332",-,54.29%,2018-12-31,2018,minority_shareholder
20200330001224,Y,00114093,덕성,소액주주,"5,408",-,99.72%,"8,720,669",-,55.62%,2019-12-31,2019,minority_shareholder
20210319000522,Y,00114093,덕성,소액주주,"17,553","17,565",99.93%,"9,557,371","15,680,000",60.95%,2020-12-31,2020,minority_shareholder
20220318000680,Y,00114093,덕성,소액주주,"32,858","32,867",99.97%,"10,916,862","15,680,000",69.62%,2021-12-31,2021,minority_shareholder
20230317000725,Y,00114093,덕성,소액주주,"28,145","28,155",99.96%,"10,622,735","15,680,000",67.75%,2022-12-31,2022,minority_shareholder
20240318000444,Y,00114093,덕성,소액주주,"37,470","37,478",99.98%,"10,737,993","15,680,000",68.48%,2023-12-31,2023,minority_shareholder
20250317000503,Y,00114093,덕성,소액주주,"31,412","31,422",99.97%,"10,165,494","15,680,000",64.83%,2024-12-31,2024,minority_shareholder
20190401005094,Y,00162072,한신기계공업,소액주주,"6,331",-,99.84%,"18,076,048",-,55.71%,2018-12-31,2018,minority_shareholder
20200330004763,Y,00162072,한신기계공업,소액주주,"6,688",-,99.88%,"21,672,913",-,66.80%,2019-12-31,2019,minority_shareholder
20210325000723,Y,00162072,한신기계공업,소액주주,"6,342","6,350",99.99%,"21,387,712","32,446,151",65.92%,2020-12-31,2020,minority_shareholder
20220322000815,Y,00162072,한신기계공업,소액주주,-,-,-,-,-,-,2021-12-31,2021,minority_shareholder
20251024000392,Y,00162072,한신기계공업,소액주주,-,-,-,-,-,-,2022-12-31,2022,minority_shareholder
20251024000397,Y,00162072,한신기계공업,소액주주,-,-,-,-,-,-,2023-12-31,2023,minority_shareholder
20251107000545,Y,00162072,한신기계공업,소액주주,-,-,-,-,-,-,2024-12-31,2024,minority_shareholder
20190401004109,Y,00160302,코스모화학,소액주주,"21,026",-,99.98%,"10,608,344",-,66.97%,2018-12-31,2018,minority_shareholder
20210330001285,Y,00160302,코스모화학,소액주주,"23,151",-,99.96%,"17,126,396",-,65.59%,2019-12-31,2019,minority_shareholder
20210317001274,Y,00160302,코스모화학,소액주주,"35,676","35,684",99.99%,"16,723,418","26,110,825",64.05%,2020-12-31,2020,minority_shareholder
20220322001034,Y,00160302,코스모화학,소액주주,"51,434","51,441",99.9%,"18,813,415","27,860,157",67.5%,2021-12-31,2021,minority_shareholder
20240327000855,Y,00160302,코스모화학,소액주주,"62,241","62,251",99.99%,"24,285,375","35,008,228",69.37%,2022-12-31,2022,minority_shareholder
20240320001341,Y,00160302,코스모화학,소액주주,"127,188","127,197",99.99%,"24,825,071","38,408,228",64.63%,2023-12-31,2023,minority_shareholder
20250318000926,Y,00160302,코스모화학,소액주주,"107,082","107,092",99.99%,"24,333,981","38,408,228",63.36%,2024-12-31,2024,minority_shareholder
20190515001469,Y,00104768,가온전선,소액주주,"3,129",-,99.8%,"1,873,051",-,45.0%,2018-12-31,2018,minority_shareholder
20200330000754,Y,00104768,가온전선,소액주주,"2,954",-,99.76%,"1,591,425",-,38.25%,2019-12-31,2019,minority_shareholder
20210317001186,Y,00104768,가온전선,소액주주,"4,555","4,562",99.85%,"1,611,918","4,160,347",38.74%,2020-12-31,2020,minority_shareholder
20220816001768,Y,00104768,가온전선,소액주주,"9,535","9,540",99.95%,"1,773,709","4,160,347",42.63%,2021-12-31,2021,minority_shareholder
20230315001078,Y,00104768,가온전선,소액주주,"11,481","11,485",99.97%,"2,942,903","6,358,926",46.28%,2022-12-31,2022,minority_shareholder
20240318000764,Y,00104768,가온전선,소액주주,"9,328","9,334",99.94%,"3,188,777","7,357,946",43.34%,2023-12-31,2023,minority_shareholder
20250320000299,Y,00104768,가온전선,소액주주,"15,427","15,431",99.97%,"2,875,197","9,858,379",29.17%,2024-12-31,2024,minority_shareholder
20190401004049,Y,00138279,S-Oil,소액주주,"49,460",-,99.99%,"40,128,234",-,34.41%,2018-12-31,2018,minority_shareholder
20200330003105,Y,00138279,S-Oil,소액주주,-,-,-,-,-,-,2019-12-31,2019,minority_shareholder
20210322000581,Y,00138279,S-Oil,소액주주,-,-,-,-,-,-,2020-12-31,2020,minority_shareholder
20220314000379,Y,00138279,S-Oil,소액주주,-,-,-,-,-,-,2021-12-31,2021,minority_shareholder
20230320000502,Y,00138279,S-Oil,소액주주,-,-,-,-,-,-,2022-12-31,2022,minority_shareholder
20240320001242,Y,00138279,S-Oil,소액주주,"95,335","95,337",99.99%,"33,520,002","112,582,792",29.8%,2023-12-31,2023,minority_shareholder
20250319000503,Y,00138279,S-Oil,소액주주,"106,717","106,719",99.99%,"37,507,348","112,582,792",33.32%,2024-12-31,2024,minority_shareholder
20190329003444,Y,00126566,한화에어로스페이스,소액주주,"49,899",-,99.99%,"16,878,132",-,32.43%,2018-12-31,2018,minority_shareholder
20200330004485,Y,00126566,한화에어로스페이스,소액주주,"43,244",-,99.9%,"26,763,000",-,51.91%,2019-12-31,2019,minority_shareholder
20210319000790,Y,00126566,한화에어로스페이스,소액주주,"60,193","60,219",99.9%,"27,317,576","50,630,000",53.96%,2020-12-31,2020,minority_shareholder
20220812000030,Y,00126566,한화에어로스페이스,소액주주,"130,582","130,584",99.99%,"27,537,220","50,569,412",54.45%,2021-12-31,2021,minority_shareholder
20230321001337,Y,00126566,한화에어로스페이스,소액주주,"104,327","104,335",99.99%,"26,896,510","50,569,412",53.19%,2022-12-31,2022,minority_shareholder
20240329000902,Y,00126566,한화에어로스페이스,소액주주,"108,501","108,508",99.99%,"27,473,188","50,569,412",54.33%,2023-12-31,2023,minority_shareholder
20250317000990,Y,00126566,한화에어로스페이스,소액주주,"116,816","116,823",99.99%,"24,595,339","45,466,548",54.10%,2024-12-31,2024,minority_shareholder
20190401002352,Y,00129280,삼화전자공업,소액주주,"6,089",-,99.78%,"6,068,949",-,58.02%,2018-12-31,2018,minority_shareholder
20200331002426,Y,00129280,삼화전자공업,소액주주,"5,255",-,99.80%,"6,572,011",-,62.83%,2019-12-31,2019,minority_shareholder
20210318000832,Y,00129280,삼화전자공업,소액주주,"4,758","4,774",99.66%,"5,518,396","10,457,940",52.77%,2020-12-31,2020,minority_shareholder
20220317000960,Y,00129280,삼화전자공업,소액주주,"4,413","4,426",99.71%,"5,660,396","10,456,148",54.13%,2021-12-31,2021,minority_shareholder
20231017000217,Y,00129280,삼화전자공업,소액주주,"5,524","5,539",99.74%,"5,659,219","12,100,908",46.77%,2022-12-31,2022,minority_shareholder
20240314000709,Y,00129280,삼화전자공업,소액주주,"23,523","23,533",41.50%,"9,887,744","16,900,908",58.50%,2023-12-31,2023,minority_shareholder
20250313000955,Y,00129280,삼화전자공업,소액주주,"15,776","15,786",99.94%,"9,687,744","16,900,908",57.32%,2024-12-31,2024,minority_shareholder
20190401004415,Y,00145880,현대제철,소액주주,-,-,-,-,-,-,2018-12-31,2018,minority_shareholder
20200330003634,Y,00145880,현대제철,소액주주,-,-,-,-,-,-,2019-12-31,2019,minority_shareholder
20210315000949,Y,00145880,현대제철,소액주주,"137,536","137,542",99.99%,"74,774,402","133,445,785",56.03%,2020-12-31,2020,minority_shareholder
20220315000651,Y,00145880,현대제철,소액주주,"190,025","190,034",99.99%,"73,140,636","133,445,785",54.81%,2021-12-31,2021,minority_shareholder
20230314001097,Y,00145880,현대제철,소액주주,"177,276","177,284",100.00%,"75,437,897","133,445,785",56.53%,2022-12-31,2022,minority_shareholder
20240318000916,Y,00145880,현대제철,소액주주,"149,353","149,360",99.99%,"76,719,333","133,445,785",57.49%,2023-12-31,2023,minority_shareholder
20250317000668,Y,00145880,현대제철,소액주주,"153,912","153,919",100%,"76,108,336","133,445,785",57.03%,2024-12-31,2024,minority_shareholder
20190329001062,Y,00138057,써니전자,소액주주,"18,906",-,99.97%,"25,638,752",-,85.53%,2018-12-31,2018,minority_shareholder
20200327001141,Y,00138057,써니전자,소액주주,"20,725",-,99.95%,"27,804,116",-,82.44%,2019-12-31,2019,minority_shareholder
20210318001127,Y,00138057,써니전자,소액주주,"33,545","33,551",99.98%,"32,640,107","34,845,009",93.67%,2020-12-31,2020,minority_shareholder
20220317001263,Y,00138057,써니전자,소액주주,"25,869","25,875",99.98%,"32,083,588","34,845,009",92.08%,2021-12-31,2021,minority_shareholder
20230317001042,Y,00138057,써니전자,소액주주,"29,720","29,727",99.98%,"32,295,706","34,845,009",92.68%,2022-12-31,2022,minority_shareholder
20240315000788,Y,00138057,써니전자,소액주주,"25,262","25,269",99.97%,"31,901,996","36,702,884",86.92%,2023-12-31,2023,minority_shareholder
20250317000934,Y,00138057,써니전자,소액주주,"26,008","26,013",99.98%,"32,625,802","36,702,884",88.89%,2024-12-31,2024,minority_shareholder
20190329003440,Y,00125743,현대비앤지스틸,소액주주,"10,461",-,99.95%,"7,381,671",-,48.95%,2018-12-31,2018,minority_shareholder
20200330003864,Y,00125743,현대비앤지스틸,소액주주,"9,806",-,99.96%,"7,722,070",-,"51,21%",2019-12-31,2019,minority_shareholder
20210317001107,Y,00125743,현대비앤지스틸,소액주주,"10,995","10,999",99.96%,"7,898,011","15,078,811",52.37%,2020-12-31,2020,minority_shareholder
20220321000797,Y,00125743,현대비앤지스틸,소액주주,"25,666","25,671",98.98%,"7,777,268","15,078,811",51.58%,2021-12-31,2021,minority_shareholder
20230317000757,Y,00125743,현대비앤지스틸,소액주주,"23,564","23,667",99.56%,"7,824,685","15,078,811",51.89%,2022-12-31,2022,minority_shareholder
20240318000828,Y,00125743,현대비앤지스틸,소액주주,"22,569","22,576",99.97%,"7,241,131","15,078,811",48.02%,2023-12-31,2023,minority_shareholder
20250321001499,Y,00125743,현대비앤지스틸,소액주주,"19,050","19,055",99.97%,"7,968,174","15,188,663",52.46%,2024-12-31,2024,minority_shareholder
20190401003846,Y,00141875,사조오양,소액주주,-,-,-,-,-,-,2018-12-31,2018,minority_shareholder
20200330002828,Y,00141875,사조오양,소액주주,-,-,-,-,-,-,2019-12-31,2019,minority_shareholder
20210318001029,Y,00141875,사조오양,소액주주,"7,385","7,389",99.95%,"3,444,976","9,422,739",36.56%,2020-12-31,2020,minority_shareholder
20220331002835,Y,00141875,사조오양,소액주주,"7,985","7,988",99.95%,"3,442,022","9,422,739",36.53%,2021-12-31,2021,minority_shareholder
20230315001257,Y,00141875,사조오양,소액주주,"7,530","7,535",99.95%,"3,317,754","9,422,739",35.21%,2022-12-31,2022,minority_shareholder
20240313001533,Y,00141875,사조오양,소액주주,"6,397","6,402",99.92%,"2,984,100","9,422,739",31.67%,2023-12-31,2023,minority_shareholder
20250703000352,Y,00141875,사조오양,소액주주,"5,257","5,265",99.85%,"2,232,006","9,422,739",23.69%,2024-12-31,2024,minority_shareholder
20190329002072,Y,00129271,삼화전기,소액주주,"12,298",-,99.94%,"3,175,732",-,48.00%,2018-12-31,2018,minority_shareholder
20200330002109,Y,00129271,삼화전기,소액주주,"10,349",-,99.96%,"3,467,180",-,52.42%,2019-12-31,2019,minority_shareholder
20210318000581,Y,00129271,삼화전기,소액주주,"11,718","11,723",99.96%,"3,354,951","6,613,820",50.73%,2020-12-31,2020,minority_shareholder
20220317001080,Y,00129271,삼화전기,소액주주,"9,742","9,748",99.94%,"3,281,619","6,613,820",49.62%,2021-12-31,2021,minority_shareholder
20230316001182,Y,00129271,삼화전기,소액주주,"10,398","10,404",99.94%,"3,326,102","6,613,820",50.29%,2022-12-31,2022,minority_shareholder
20240314000726,Y,00129271,삼화전기,소액주주,"16,901","16,906",99.98%,"3,229,021","6,613,820",48.83%,2023-12-31,2023,minority_shareholder
20250313000817,Y,00129271,삼화전기,소액주주,"13,349","13,360",99.93%,"2,516,204","6,613,820",38.05%,2024-12-31,2024,minority_shareholder
20191031000206,Y,00155124,평화홀딩스,소액주주,-,-,-,-,-,-,2018-12-31,2018,minority_shareholder
20200330004442,Y,00155124,평화홀딩스,소액주주,"4,931",-,99.9%,"4,091,896",-,27.98%,2019-12-31,2019,minority_shareholder
20210331003227,Y,00155124,평화홀딩스,소액주주,"4,007","4,014",99.83%,"3,404,458","14,625,466",23.28%,2020-12-31,2020,minority_shareholder
20220321001469,Y,00155124,평화홀딩스,소액주주,"5,448","5,455",99.87%,"3,223,316","14,625,466",22.04%,2021-12-31,2021,minority_shareholder
20240312000938,Y,00155124,평화홀딩스,소액주주,"6,973","6,981",99.89%,"3,136,331","14,625,466",21.44%,2022-12-31,2022,minority_shareholder
20240319000675,Y,00155124,평화홀딩스,소액주주,"6,047","6,053",99.90%,"3,719,351","14,625,466",25.43%,2023-12-31,2023,minority_shareholder
20250317000760,Y,00155124,평화홀딩스,소액주주,"5,059","5,063",99.92%,"4,547,285","14,625,466",31.09%,2024-12-31,2024,minority_shareholder
20190401004379,Y,00146296,일신석재,소액주주,"12,252",-,99.99%,"44,061,559",-,56.88%,2018-12-31,2018,minority_shareholder
20200330003220,Y,00146296,일신석재,소액주주,"18,247",-,99.99%,"42,466,149",-,54.83%,2019-12-31,2019,minority_shareholder
20210322000616,Y,00146296,일신석재,소액주주,"17,299","17,301",99.99%,"44,470,190","77,456,610",57.41%,2020-12-31,2020,minority_shareholder
20220317001166,Y,00146296,일신석재,소액주주,"39,159","39,161",99.99%,"43,414,836","77,456,610",56.05%,2021-12-31,2021,minority_shareholder
20230323001151,Y,00146296,일신석재,소액주주,"33,534","33,536",99.99%,"44,632,871","77,456,610",57.62%,2022-12-31,2022,minority_shareholder
20240321001230,Y,00146296,일신석재,소액주주,"30,516","30,517",99.99%,"45,452,790","77,456,610",58.68%,2023-12-31,2023,minority_shareholder
20250320001261,Y,00146296,일신석재,소액주주,"36,089","36,091",99.99%,"42,076,011","77,456,610",54.32%,2024-12-31,2024,minority_shareholder
20200416000248,Y,00115676,KG스틸,소액주주,"7,488",-,99.85%,"3,459,628",-,12.69%,2018-12-31,2018,minority_shareholder
20200330003574,Y,00115676,KG스틸,소액주주,"7,253",-,99.88%,"2,858,353",-,2.86%,2019-12-31,2019,minority_shareholder
20210311001031,Y,00115676,KG스틸,소액주주,"16,692","16,701",99.95%,"7,089,714","100,008,897",7.09%,2020-12-31,2020,minority_shareholder
20220316001244,Y,00115676,KG스틸,소액주주,"46,862","46,871",99.98%,"17,727,228","100,008,897",17.73%,2021-12-31,2021,minority_shareholder
20230315000071,Y,00115676,KG스틸,소액주주,"56,790","56,795",99.99%,"28,015,243","100,008,897",28.01%,2022-12-31,2022,minority_shareholder
20240318000890,Y,00115676,KG스틸,소액주주,"56,746","56,751",99.99%,"35,364,699","100,008,897",35.37%,2023-12-31,2023,minority_shareholder
20250318001327,Y,00115676,KG스틸,소액주주,"50,993","51,200",99.60%,"35,789,687","100,062,282",35.77%,2024-12-31,2024,minority_shareholder
20190401004757,Y,00115977,아이에스동서,소액주주,"11,688",-,99.92%,"12,863,430",-,41.69%,2018-12-31,2018,minority_shareholder
20200330004452,Y,00115977,아이에스동서,소액주주,"10,262",-,99.92%,"12,851,079",-,41.60%,2019-12-31,2019,minority_shareholder
20210318001311,Y,00115977,아이에스동서,소액주주,"23,606","23,615",99.96%,"12,066,505","30,892,606",39.06%,2020-12-31,2020,minority_shareholder
20220317001305,Y,00115977,아이에스동서,소액주주,"22,783","22,793",99.96%,"12,034,001","30,892,606",38.95%,2021-12-31,2021,minority_shareholder
20230323001296,Y,00115977,아이에스동서,소액주주,"22,125","22,136",99.95%,"11,314,005","30,892,606",36.63%,2022-12-31,2022,minority_shareholder
20240321001950,Y,00115977,아이에스동서,소액주주,"31,263","31,274",99.96%,"10,960,202","30,892,606",35.48%,2023-12-31,2023,minority_shareholder
20250319001050,Y,00115977,아이에스동서,소액주주,"28,440","28,449",99.97%,"10,737,173","30,186,976",35.57%,2024-12-31,2024,minority_shareholder
20190401004897,Y,00136457,SH에너지화학,소액주주,"17,673",-,99.97%,"74,455,388",-,66.99%,2018-12-31,2018,minority_shareholder
20200330003034,Y,00136457,SH에너지화학,소액주주,"18,322",-,99.97%,"74,139,733",-,66.71%,2019-12-31,2019,minority_shareholder
20210322000488,Y,00136457,SH에너지화학,소액주주,"18,088","18,092",99.98%,"73,361,482","111,139,950",66.01%,2020-12-31,2020,minority_shareholder
20220322000701,Y,00136457,SH에너지화학,소액주주,"29,916","29,920",99.98%,"73,313,564","111,139,950",65.97%,2021-12-31,2021,minority_shareholder
20230322000490,Y,00136457,SH에너지화학,소액주주,"32,185","32,188",99.99%,"73,385,002","111,139,950",66.02%,2022-12-31,2022,minority_shareholder
20240321001086,Y,00136457,SH에너지화학,소액주주,"27,043","27,046",99.98%,"72,978,014","111,139,950",65.67%,2023-12-31,2023,minority_shareholder
20250320000777,Y,00136457,SH에너지화학,소액주주,"25,367","25,370",99.98%,"72,520,338","111,139,950",62.25%,2024-12-31,2024,minority_shareholder
20190417000580,Y,00113544,대한화섬,소액주주,818,-,97.73%,"245,019",-,18.45%,2018-12-31,2018,minority_shareholder
20200330003649,Y,00113544,대한화섬,소액주주,"1,075",-,99.17%,"227,900",-,17.16%,2019-12-31,2019,minority_shareholder
20210318001220,Y,00113544,대한화섬,소액주주,967,976,99.08%,"221,135","1,328,000",16.65%,2020-12-31,2020,minority_shareholder
20220323001348,Y,00113544,대한화섬,소액주주,"1,368","1,376",99.42%,"239,082","1,328,000",18.00%,2021-12-31,2021,minority_shareholder
20230323001351,Y,00113544,대한화섬,소액주주,"1,390","1,398",99.43%,"239,082","1,328,000",18.00%,2022-12-31,2022,minority_shareholder
20240321001909,Y,00113544,대한화섬,소액주주,"2,618","2,628",99.62%,"225,734","1,328,000",17.00%,2023-12-31,2023,minority_shareholder
20250814002004,Y,00113544,대한화섬,소액주주,"1,371","1,380",99.35%,"183,661","1,328,000",13.83%,2024-12-31,2024,minority_shareholder
20190401003463,Y,00152686,코리아써키트,소액주주,-,-,-,-,-,-,2018-12-31,2018,minority_shareholder
20200330003759,Y,00152686,코리아써키트,소액주주,"9,167",-,95.4%,"9,512,709",-,34.74%,2019-12-31,2019,minority_shareholder
20210326000871,Y,00152686,코리아써키트,소액주주,"22,850","22,866",99.94%,"9,488,360","23,620,751",40.18%,2020-12-31,2020,minority_shareholder
20220318000919,Y,00152686,코리아써키트,소액주주,"21,345","22,059",96.76%,"11,364,560","27,369,140",41.52%,2021-12-31,2021,minority_shareholder
20230317001037,Y,00152686,코리아써키트,소액주주,"35,863","36,530",98.17%,"12,037,942","27,369,140",43.98%,2022-12-31,2022,minority_shareholder
20240315000596,Y,00152686,코리아써키트,소액주주,"39,048","39,920",97.82%,"12,176,476","27,369,140",44.49%,2023-12-31,2023,minority_shareholder
20250320001351,Y,00152686,코리아써키트,소액주주,"32,737","33,456",97.85%,"11,892,990","27,369,140",43.45%,2024-12-31,2024,minority_shareholder
20190401004311,Y,00136378,신세계,소액주주,"24,561",-,99.96%,"5,857,837",-,59.49%,2018-12-31,2018,minority_shareholder
20200330003822,Y,00136378,신세계,소액주주,"17,725",-,99.94%,"5,414,150",-,54.98%,2019-12-31,2019,minority_shareholder
20210316000687,Y,00136378,신세계,소액주주,"59,611","59,619",99.99%,"5,671,551","9,836,407",57.66%,2020-12-31,2020,minority_shareholder
20220316000691,Y,00136378,신세계,소액주주,"104,439","104,447",99.99%,"5,855,569","9,836,407",59.53%,2021-12-31,2021,minority_shareholder
20230315001319,Y,00136378,신세계,소액주주,"88,049","88,056",99.99%,"6,202,346","9,836,407",63.01%,2022-12-31,2022,minority_shareholder
20240313001406,Y,00136378,신세계,소액주주,"86,072","86,080",99.99%,"5,753,289","9,436,407",60.97%,2023-12-31,2023,minority_shareholder
20250312001128,Y,00136378,신세계,소액주주,"79,349","79,355",99.99%,"5,495,871","8,767,681",62.68%,2024-12-31,2024,minority_shareholder
20190712000396,Y,00128032,삼일제약,소액주주,"11,340",-,99.89%,"3,341,694",-,51.41%,2018-12-31,2018,minority_shareholder
20200330000442,Y,00128032,삼일제약,소액주주,"9,701",-,99.84%,"3,262,132",-,50.18%,2019-12-31,2019,minority_shareholder
20210311000157,Y,00128032,삼일제약,소액주주,"10,553","10,567",99.87%,"3,660,254","6,694,896",54.68%,2020-12-31,2020,minority_shareholder
20220316000554,Y,00128032,삼일제약,소액주주,"11,497","11,512",99.89%,"7,096,928","13,537,283",52.44%,2021-12-31,2021,minority_shareholder
20230316001021,Y,00128032,삼일제약,소액주주,"13,207","13,222",99.90%,"6,814,420","13,714,450",52.35%,2022-12-31,2022,minority_shareholder
20240314001673,Y,00128032,삼일제약,소액주주,"9,922","9,937",99.85%,"8,243,272","15,226,786",54.15%,2023-12-31,2023,minority_shareholder
20250328001724,Y,00128032,삼일제약,소액주주,"12,772","12,788",99.87%,"14,158,379","21,691,811",65.27%,2024-12-31,2024,minority_shareholder
20190401002590,Y,00122825,인스코비,소액주주,"48,746",-,99.99%,"78,061,156",-,87.00%,2018-12-31,2018,minority_shareholder
20200330002658,Y,00122825,인스코비,소액주주,"46,748",-,99.9%,"86,958,919",-,89.43%,2019-12-31,2019,minority_shareholder
20220317000545,Y,00122825,인스코비,소액주주,"35,410","35,414",99.9%,"90,631,104","100,909,096",89.8%,2020-12-31,2020,minority_shareholder
20220321001203,Y,00122825,인스코비,소액주주,"37,466","37,474",99.98%,"97,735,493","109,848,100",88.97%,2021-12-31,2021,minority_shareholder
20230322001015,Y,00122825,인스코비,소액주주,"35,929","35,938",99.97%,"99,842,653","112,008,577",89.14%,2022-12-31,2022,minority_shareholder
20240321001916,Y,00122825,인스코비,소액주주,"31,776","31,778",99.9%,"105,575,943","114,975,050",91.83%,2023-12-31,2023,minority_shareholder
20250321001886,Y,00122825,인스코비,소액주주,"30,582","30,584",99.99%,"109,788,568","119,368,998",91.97%,2024-12-31,2024,minority_shareholder
20190329003847,Y,00146214,일성아이에스,소액주주,"1,581",-,98.80%,"194,322",-,7.29%,2018-12-31,2018,minority_shareholder
20200330002483,Y,00146214,일성아이에스,소액주주,"1,576",-,98.80%,"222,128",-,8.34%,2019-12-31,2019,minority_shareholder
20210311000554,Y,00146214,일성아이에스,소액주주,"2,915","2,932",99.42%,"417,287","1,533,768",27.21%,2020-12-31,2020,minority_shareholder
20220317000838,Y,00146214,일성아이에스,소액주주,"2,952","2,969",99.44%,"419,628","1,533,768",27.36%,2021-12-31,2021,minority_shareholder
20230316000522,Y,00146214,일성아이에스,소액주주,"2,701","2,719",99.34%,"329,714","2,660,000",12.40%,2022-12-31,2022,minority_shareholder
20240314000706,Y,00146214,일성아이에스,소액주주,"4,648","4,665",99.65%,"1,321,768","13,300,000",9.96%,2023-12-31,2023,minority_shareholder
20250814002739,Y,00146214,일성아이에스,소액주주,"4,262","4,275",99.70%,"1,540,223","13,300,000",11.58%,2024-12-31,2024,minority_shareholder
20190401004695,Y,00164478,현대건설,소액주주,"108,762",-,99.99%,"64,739,011",-,58.14%,2018-12-31,2018,minority_shareholder
20200330004026,Y,00164478,현대건설,소액주주,"103,932",-,99.99%,"63,803,716",-,57.25%,2019-12-31,2019,minority_shareholder
20210317001019,Y,00164478,현대건설,소액주주,"143,883","143,934",99.96%,"59,935,561","111,355,765",53.82%,2020-12-31,2020,minority_shareholder
20220325001068,Y,00164478,현대건설,소액주주,-,-,-,-,-,-,2021-12-31,2021,minority_shareholder
20230315001104,Y,00164478,현대건설,소액주주,"185,135","185,190",99.97%,"63,057,720","111,355,765",56.63%,2022-12-31,2022,minority_shareholder
20240329003141,Y,00164478,현대건설,소액주주,"177,064","177,116",99.97%,"63,185,362","111,355,765",56.74%,2023-12-31,2023,minority_shareholder
20251017000151,Y,00164478,현대건설,소액주주,"177,966","178,049",99.95%,"53,851,717","111,355,765",48.36%,2024-12-31,2024,minority_shareholder
20190719000107,Y,00117300,TCC스틸,소액주주,"3,218",-,99.11%,"8,282,558",-,37.07%,2018-12-31,2018,minority_shareholder
20200330002852,Y,00117300,TCC스틸,소액주주,"2,621",-,98.91%,"8,154,434",-,36.50%,2019-12-31,2019,minority_shareholder
20210319000905,Y,00117300,TCC스틸,소액주주,"12,094","12,118",99.80%,"9,522,741,000,000","23,000,000,000,000",41.40%,2020-12-31,2020,minority_shareholder
20220812000477,Y,00117300,TCC스틸,소액주주,"10,716","10,738",99.79%,"9,535,704","23,500,000",40.58%,2021-12-31,2021,minority_shareholder
20230316000854,Y,00117300,TCC스틸,소액주주,"17,839","17,859",99.89%,"12,158,314","25,386,019",47.89%,2022-12-31,2022,minority_shareholder
20240320000816,Y,00117300,TCC스틸,소액주주,"73,521","73,541",99.97%,"14,587,148","26,213,697",55.65%,2023-12-31,2023,minority_shareholder
20250319000643,Y,00117300,TCC스틸,소액주주,"74,893","74,909",99.97%,"15,209,947","26,213,697",58.02%,2024-12-31,2024,minority_shareholder
20190626000095,Y,00101044,에이프로젠바이오로직스,소액주주,"35,043",-,99.99%,"76,476,293",-,70.89%,2018-12-31,2018,minority_shareholder
20200327001415,Y,00101044,에이프로젠바이오로직스,소액주주,"45,213",-,99.99%,"130,647,746",-,54.07%,2019-12-31,2019,minority_shareholder
20210318000458,Y,00101044,에이프로젠바이오로직스,소액주주,"63,042","63,043",99.99%,"219,227,490","398,570,406",55.00%,2020-12-31,2020,minority_shareholder
20220314001107,Y,00101044,에이프로젠바이오로직스,소액주주,"51,841","51,842",99%,"219,227,490","398,570,406",55%,2021-12-31,2021,minority_shareholder
20230317000440,Y,00101044,에이프로젠바이오로직스,소액주주,"48,064","48,065",99.99%,"229,648,633","585,754,688",39.21%,2022-12-31,2022,minority_shareholder
20240313001273,Y,00101044,에이프로젠바이오로직스,소액주주,"52,013","52,017",99.99%,"299,356,803","665,754,689",44.97%,2023-12-31,2023,minority_shareholder
20250314001189,Y,00101044,에이프로젠바이오로직스,소액주주,"46,020","46,025",99.99%,"81,291,791","197,572,806",41.15%,2024-12-31,2024,minority_shareholder
20190329002528,Y,00138516,아남전자,소액주주,-,-,-,-,-,-,2018-12-31,2018,minority_shareholder
20200330003085,Y,00138516,아남전자,소액주주,-,-,-,-,-,-,2019-12-31,2019,minority_shareholder
20210318001139,Y,00138516,아남전자,소액주주,-,-,-,-,-,-,2020-12-31,2020,minority_shareholder
20220317000536,Y,00138516,아남전자,소액주주,-,-,-,-,-,-,2021-12-31,2021,minority_shareholder
20230316000657,Y,00138516,아남전자,소액주주,-,-,-,-,-,-,2022-12-31,2022,minority_shareholder
20240314000188,Y,00138516,아남전자,소액주주,-,-,-,-,-,-,2023-12-31,2023,minority_shareholder
20250326000254,Y,00138516,아남전자,소액주주,-,-,-,-,-,-,2024-12-31,2024,minority_shareholder
20190401002616,Y,00120030,GS건설,소액주주,"35,713",-,99.97%,"52,070,366",-,66.13%,2018-12-31,2018,minority_shareholder
20200327001130,Y,00120030,GS건설,소액주주,"38,832",-,99.97%,"52,416,800",-,66.01%,2019-12-31,2019,minority_shareholder
20210318000969,Y,00120030,GS건설,소액주주,"75,053","75,066",99.98%,"52,887,686","80,015,608",66.10%,2020-12-31,2020,minority_shareholder
20220317001128,Y,00120030,GS건설,소액주주,"105,178","105,191",99.99%,"57,267,256","84,888,895",67.46%,2021-12-31,2021,minority_shareholder
20230316001014,Y,00120030,GS건설,소액주주,"116,159","116,171",99.99%,"55,387,013","84,888,895",65.25%,2022-12-31,2022,minority_shareholder
20240329002822,Y,00120030,GS건설,소액주주,"131,070","131,090",99.98%,"58,488,053","84,888,895",68.90%,2023-12-31,2023,minority_shareholder
20250813000906,Y,00120030,GS건설,소액주주,"101,890","101,913",99.98%,"54,500,175","84,888,895",64.20%,2024-12-31,2024,minority_shareholder
20190401003923,Y,00126779,삼아알미늄,소액주주,"2,623",-,99.62%,"5,225,552",-,47.51%,2018-12-31,2018,minority_shareholder
20200330003037,Y,00126779,삼아알미늄,소액주주,-,-,-,-,-,-,2019-12-31,2019,minority_shareholder
20210318000648,Y,00126779,삼아알미늄,소액주주,-,-,-,-,-,-,2020-12-31,2020,minority_shareholder
20220317001139,Y,00126779,삼아알미늄,소액주주,-,-,-,-,-,-,2021-12-31,2021,minority_shareholder
20230315001212,Y,00126779,삼아알미늄,소액주주,"16,793","16,799",99.96%,"4,323,094","11,000,000",39.30%,2022-12-31,2022,minority_shareholder
20240314001254,Y,00126779,삼아알미늄,소액주주,"32,167","32,174",99.98%,"5,195,513","14,711,916",35.31%,2023-12-31,2023,minority_shareholder
20250313001287,Y,00126779,삼아알미늄,소액주주,-,-,-,-,-,-,2024-12-31,2024,minority_shareholder
20190329003979,Y,00126362,삼성SDI,소액주주,"80,816",-,99.89%,"40,607,778",-,59.05%,2018-12-31,2018,minority_shareholder
20200330003729,Y,00126362,삼성SDI,소액주주,"75,580",-,99.87%,"38,518,984",-,56.02%,2019-12-31,2019,minority_shareholder
20210309000252,Y,00126362,삼성SDI,소액주주,"201,566","201,669",99.95%,"39,378,129","68,764,530",57.27%,2020-12-31,2020,minority_shareholder
20220308000915,Y,00126362,삼성SDI,소액주주,"280,422","280,520",99.97%,"40,760,669","68,764,530",59.28%,2021-12-31,2021,minority_shareholder
20230313000726,Y,00126362,삼성SDI,소액주주,"233,909","233,919",99.99%,"43,580,655","68,764,530",63.38%,2022-12-31,2022,minority_shareholder
20240312000853,Y,00126362,삼성SDI,소액주주,"285,618","285,627",99.99%,"44,609,648","68,764,530",64.87%,2023-12-31,2023,minority_shareholder
20250311001275,Y,00126362,삼성SDI,소액주주,"390,852","390,943",99.98%,"42,443,181","68,764,530",61.72%,2024-12-31,2024,minority_shareholder
20190401003500,Y,00126371,삼성전기,소액주주,"139,306",-,99.98%,"49,288,865",-,65.97%,2018-12-31,2018,minority_shareholder
20200330003915,Y,00126371,삼성전기,소액주주,"104,438",-,99.98%,"49,344,063",-,66.05%,2019-12-31,2019,minority_shareholder
20210309000338,Y,00126371,삼성전기,소액주주,"145,756","145,767",100.00%,"47,714,478","74,693,696",63.89%,2020-12-31,2020,minority_shareholder
20220308000667,Y,00126371,삼성전기,소액주주,"255,068","255,079",100.00%,"49,680,955","74,693,696",66.53%,2021-12-31,2021,minority_shareholder
20230307000653,Y,00126371,삼성전기,소액주주,"302,731","302,741",100.00%,"50,052,720","74,693,696",67.02%,2022-12-31,2022,minority_shareholder
20240329002895,Y,00126371,삼성전기,소액주주,"236,377","236,387",100.00%,"50,007,139","74,693,696",66.95%,2023-12-31,2023,minority_shareholder
20250311001190,Y,00126371,삼성전기,소액주주,"225,811","225,821",100.00%,"50,338,483","74,693,696",67.39%,2024-12-31,2024,minority_shareholder
20190401001418,Y,00115612,동부건설,소액주주,"8,487",-,99.95%,"6,753,702",-,32.37%,2018-12-31,2018,minority_shareholder
20200330004362,Y,00115612,동부건설,소액주주,"7,381",-,99.95%,"7,115,349",-,32.27%,2019-12-31,2019,minority_shareholder
20210423000012,Y,00115612,동부건설,소액주주,"10,769","10,777",99.95%,"6,999,593","22,702,024",30.84%,2020-12-31,2020,minority_shareholder
20220713000108,Y,00115612,동부건설,소액주주,"15,880","15,887",99.97%,"8,141,444","22,964,576",35.82%,2021-12-31,2021,minority_shareholder
20230314001212,Y,00115612,동부건설,소액주주,"23,321","23,327",99.99%,"8,778,908","22,870,466",38.39%,2022-12-31,2022,minority_shareholder
20240318000506,Y,00115612,동부건설,소액주주,"21,097","21,102",99.99%,"9,578,002","22,907,016",41.82%,2023-12-31,2023,minority_shareholder
20250812000691,Y,00115612,동부건설,소액주주,"17,779","17,782",99.98%,"9,649,484","22,978,498",41.99%,2024-12-31,2024,minority_shareholder
20190401000765,Y,00103042,케이씨티시,소액주주,"3,524",-,99.38%,"8,938,182",-,29.79%,2018-12-31,2018,minority_shareholder
20200330000999,Y,00103042,케이씨티시,소액주주,"3,784",-,99.42%,"10,133,843",-,33.78%,2019-12-31,2019,minority_shareholder
20210330001143,Y,00103042,케이씨티시,소액주주,"11,855","11,875",99.83%,"12,841,140","30,000,000",42.80%,2020-12-31,2020,minority_shareholder
20220317000546,Y,00103042,케이씨티시,소액주주,"28,559","28,580",99.93%,"12,845,748","30,000,000",42.82%,2021-12-31,2021,minority_shareholder
20230316001262,Y,00103042,케이씨티시,소액주주,"25,777","25,797",99.92%,"13,197,397","30,000,000",43.99%,2022-12-31,2022,minority_shareholder
20240322000946,Y,00103042,케이씨티시,소액주주,"21,906","21,928",99.90%,"13,138,260","30,000,000",43.79%,2023-12-31,2023,minority_shareholder
20250313001313,Y,00103042,케이씨티시,소액주주,"18,730","18,753",99.88%,"11,655,460","30,000,000",38.85%,2024-12-31,2024,minority_shareholder
20190401004169,Y,00152880,코오롱글로벌,소액주주,"13,732",-,99.99%,"6,538,650",-,25.61%,2018-12-31,2018,minority_shareholder
20201116002152,Y,00152880,코오롱글로벌,소액주주,"11,441",-,99.99%,"6,245,730",-,24.77%,2019-12-31,2019,minority_shareholder
20210319000967,Y,00152880,코오롱글로벌,소액주주,"19,933","19,935",99.99%,"5,238,256","25,210,438",20.78%,2020-12-31,2020,minority_shareholder
20220321001348,Y,00152880,코오롱글로벌,소액주주,"20,016","20,018",99.9%,"5,855,864","25,210,438",23.2%,2021-12-31,2021,minority_shareholder
20230814002221,Y,00152880,코오롱글로벌,소액주주,"26,361","26,363",99.99%,"6,245,730","25,210,438",23.28%,2022-12-31,2022,minority_shareholder
20240326000552,Y,00152880,코오롱글로벌,소액주주,"21,889","21,901",99.95%,"4,481,461","18,932,713",23.67%,2023-12-31,2023,minority_shareholder
20250814003343,Y,00152880,코오롱글로벌,소액주주,"19,630","19,631",99.99%,"4,690,462","18,932,713",24.77%,2024-12-31,2024,minority_shareholder
20190401002912,Y,00124726,빙그레,소액주주,"7,415",-,99.82%,"3,422,013",-,34.74%,2018-12-31,2018,minority_shareholder
20200330001985,Y,00124726,빙그레,소액주주,"8,579",-,99.87%,"3,623,203",-,36.78%,2019-12-31,2019,minority_shareholder
20210317000510,Y,00124726,빙그레,소액주주,"17,485","17,495",99.94%,"3,760,435","9,851,241",38.17%,2020-12-31,2020,minority_shareholder
20220812000681,Y,00124726,빙그레,소액주주,"35,165","35,175",99.97%,"3,994,177","9,851,241",40.54%,2021-12-31,2021,minority_shareholder
20230315000500,Y,00124726,빙그레,소액주주,"34,898","34,908",99.97%,"3,992,518","9,851,241",40.53%,2022-12-31,2022,minority_shareholder
20240313000739,Y,00124726,빙그레,소액주주,"25,057","25,066",99.96%,"4,134,493","9,851,241",41.97%,2023-12-31,2023,minority_shareholder
20250312000859,Y,00124726,빙그레,소액주주,"21,385","21,392",99.97%,"4,349,990","8,841,801",49.20%,2024-12-31,2024,minority_shareholder
20190401004999,Y,00148984,시알홀딩스,소액주주,"1,860",-,97.74%,"618,653",-,15.47%,2018-12-31,2018,minority_shareholder
20200402000570,Y,00148984,시알홀딩스,소액주주,"2,506",-,97.89%,"660,824",-,16.52%,2019-12-31,2019,minority_shareholder
20210311001234,Y,00148984,시알홀딩스,소액주주,"2,304","2,354",97.88%,"548,246","4,000,000",13.71%,2020-12-31,2020,minority_shareholder
20220314000889,Y,00148984,시알홀딩스,소액주주,"3,324","3,538",93.95%,"356,573","4,000,000",8.91%,2021-12-31,2021,minority_shareholder
20230315001326,Y,00148984,시알홀딩스,소액주주,"4,070","4,133",98.48%,"543,869","4,000,000",13.60%,2022-12-31,2022,minority_shareholder
20240315000607,Y,00148984,시알홀딩스,소액주주,"7,788","7,840",99.34%,"4,721,385","46,890,490",10.07%,2023-12-31,2023,minority_shareholder
20250311001197,Y,00148984,시알홀딩스,소액주주,"6,078","6,127",99.20%,"4,653,587","46,890,490",9.92%,2024-12-31,2024,minority_shareholder
20210218000001,Y,00164706,현대약품,소액주주,"16,077",-,"99,90%","14,807,584",-,"46,27%",2018-11-30,2018,minority_shareholder
20210218000002,Y,00164706,현대약품,소액주주,"13,997",-,"99,91%","15,818,808",-,"49,43%",2019-11-30,2019,minority_shareholder
20210218000003,Y,00164706,현대약품,소액주주,"23,910","23,919",99.96%,"17,593,380","27,878,362",63.11%,2020-11-30,2020,minority_shareholder
20220216001148,Y,00164706,현대약품,소액주주,"28,057","28,065",99.97%,"16,815,358","27,878,362",60.32%,2021-11-30,2021,minority_shareholder
20230216001304,Y,00164706,현대약품,소액주주,"27,642","27,650",99.97%,"16,152,052","32,000,000",50.48%,2022-11-30,2022,minority_shareholder
20240221001706,Y,00164706,현대약품,소액주주,"23,225","23,232",99.97%,"15,696,636","32,000,000",49.05%,2023-11-30,2023,minority_shareholder
20250219001662,Y,00164706,현대약품,소액주주,"24,475","24,487",99.95%,"15,749,255","32,000,000",49.22%,2024-11-30,2024,minority_shareholder
20190401004914,Y,00107598,남양유업,소액주주,"2,475",-,97.71%,"235,637",-,26.57%,2018-12-31,2018,minority_shareholder
20200330004386,Y,00107598,남양유업,소액주주,"2,938",-,96.96%,"249,276",-,28.11%,2019-12-31,2019,minority_shareholder
20210318001132,Y,00107598,남양유업,소액주주,"4,102","4,115",99.6%,"169,514","720,000",23.5%,2020-12-31,2020,minority_shareholder
20220323001322,Y,00107598,남양유업,소액주주,"8,219","8,228",99.8%,"246,467","720,000",34.2%,2021-12-31,2021,minority_shareholder
20230323001233,Y,00107598,남양유업,소액주주,"6,388","6,396",99.9%,"261,888","720,000",36.4%,2022-12-31,2022,minority_shareholder
20240321001747,Y,00107598,남양유업,소액주주,"5,608","5,616",99.9%,"261,351","720,000",36.3%,2023-12-31,2023,minority_shareholder
20250328000090,Y,00107598,남양유업,소액주주,"4,387","4,393",99.87%,"2,197,030","6,797,310",32.34%,2024-12-31,2024,minority_shareholder
20190401001558,Y,00107224,남선알미늄,소액주주,"23,432",-,98.07%,"53,414,324",-,48.33%,2018-12-31,2018,minority_shareholder
20200429000592,Y,00107224,남선알미늄,소액주주,"38,634",-,99.96%,"52,288,010",-,47.45%,2019-12-31,2019,minority_shareholder
20210322000948,Y,00107224,남선알미늄,소액주주,"70,640","71,488",98.81%,"81,014,755","110,486,980",73.33%,2020-12-31,2020,minority_shareholder
20220322000939,Y,00107224,남선알미늄,소액주주,"124,499","127,514",97.64%,"87,958,938","1,110,486,980",79.61%,2021-12-31,2021,minority_shareholder
20230322000952,Y,00107224,남선알미늄,소액주주,"118,835","118,839",99.99%,"85,975,247","129,079,090",66.62%,2022-12-31,2022,minority_shareholder
20240604000282,Y,00107224,남선알미늄,소액주주,"111,200","111,202",99.99%,"87,386,904","129,079,090",67.7%,2023-12-31,2023,minority_shareholder
20250320001238,Y,00107224,남선알미늄,소액주주,"106,200","106,205",99.99%,"87,387,210","129,386,980",67.5%,2024-12-31,2024,minority_shareholder
20190401002068,Y,00160621,한국화장품제조,소액주주,"8,176",-,99.82%,"1,344,035",-,29.66%,2018-12-31,2018,minority_shareholder
20200330003688,Y,00160621,한국화장품제조,소액주주,"8,178",-,99.80%,"1,337,643",-,29.52%,2019-12-31,2019,minority_shareholder
20210318000787,Y,00160621,한국화장품제조,소액주주,"9,128","9,144",99.83%,"1,351,797","4,532,000",29.83%,2020-12-31,2020,minority_shareholder
20220318000130,Y,00160621,한국화장품제조,소액주주,"9,556","9,572",99.83%,"1,373,655","4,532,000",30.31%,2021-12-31,2021,minority_shareholder
20230316001365,Y,00160621,한국화장품제조,소액주주,"10,421","10,437",99.85%,"1,352,865","4,532,000",29.85%,2022-12-31,2022,minority_shareholder
20240320001586,Y,00160621,한국화장품제조,소액주주,"9,359","9,375",99.83%,"1,310,795","4,532,000",28.92%,2023-12-31,2023,minority_shareholder
20250814003121,Y,00160621,한국화장품제조,소액주주,"8,416","8,435",99.78%,"1,294,488","4,532,000",28.57%,2024-12-31,2024,minority_shareholder
20190401003531,Y,00164812,현대코퍼레이션,소액주주,"15,894",-,99.94%,"6,798,587",-,51.39%,2018-12-31,2018,minority_shareholder
20200330004653,Y,00164812,현대코퍼레이션,소액주주,"14,142",-,99.94%,"7,018,405",-,53.05%,2019-12-31,2019,minority_shareholder
20210316000887,Y,00164812,현대코퍼레이션,소액주주,"12,767","12,777",99.92%,"6,286,450","12,010,966",52.34%,2020-12-31,2020,minority_shareholder
20220322000850,Y,00164812,현대코퍼레이션,소액주주,"16,603","16,613",99.94%,"6,190,421","12,010,966",51.54%,2021-12-31,2021,minority_shareholder
20230321001082,Y,00164812,현대코퍼레이션,소액주주,"15,546","15,558",99.92%,"5,875,618","12,010,966",48.92%,2022-12-31,2022,minority_shareholder
20240318000785,Y,00164812,현대코퍼레이션,소액주주,"13,482","13,490",99.94%,"5,533,465","12,010,966",46.07%,2023-12-31,2023,minority_shareholder
20250324000696,Y,00164812,현대코퍼레이션,소액주주,"12,538","12,546",99.94%,"5,714,857","12,010,966",52.42%,2024-12-31,2024,minority_shareholder
20190401003606,Y,00131780,SK네트웍스,소액주주,-,-,-,-,-,-,2018-12-31,2018,minority_shareholder
20200330003870,Y,00131780,SK네트웍스,소액주주,-,-,-,-,-,-,2019-12-31,2019,minority_shareholder
20210319000703,Y,00131780,SK네트웍스,소액주주,-,-,-,-,-,-,2020-12-31,2020,minority_shareholder
20220404002305,Y,00131780,SK네트웍스,소액주주,-,-,-,-,-,-,2021-12-31,2021,minority_shareholder
20231114001467,Y,00131780,SK네트웍스,소액주주,-,-,-,-,-,-,2022-12-31,2022,minority_shareholder
20240319000871,Y,00131780,SK네트웍스,소액주주,-,-,-,-,-,-,2023-12-31,2023,minority_shareholder
20250318000975,Y,00131780,SK네트웍스,소액주주,-,-,-,-,-,-,2024-12-31,2024,minority_shareholder
20190403001952,Y,00101433,경농,소액주주,"7,532",-,99.90%,"4,349,190",-,20.04%,2018-12-31,2018,minority_shareholder
20200330002765,Y,00101433,경농,소액주주,"9,345",-,99.92%,"4,687,470",-,21.6%,2019-12-31,2019,minority_shareholder
20210322000474,Y,00101433,경농,소액주주,"8,636","11,755",73.47%,"4,822,420","17,864,650",10.3%,2020-12-31,2020,minority_shareholder
20220322000678,Y,00101433,경농,소액주주,"13,538","13,544",99.96%,"4,822,420","19,522,575",24.70%,2021-12-31,2021,minority_shareholder
20230322000774,Y,00101433,경농,소액주주,"13,504","13,510",99.95%,"4,822,420","19,522,575",24.70%,2022-12-31,2022,minority_shareholder
20240320000825,Y,00101433,경농,소액주주,"14,584","14,591",99.95%,"4,582,015","19,522,575",23.47%,2023-12-31,2023,minority_shareholder
20250317000859,Y,00101433,경농,소액주주,"12,295","12,301",99.95%,"4,822,420","19,522,575",24.70%,2024-12-31,2024,minority_shareholder
20190329003693,Y,00109514,티웨이홀딩스,소액주주,"16,887",-,99.9%,"25,915,552",-,34.34%,2018-12-31,2018,minority_shareholder
20200330002095,Y,00109514,티웨이홀딩스,소액주주,"15,786",-,99.9%,"29,251,163",-,38.14%,2019-12-31,2019,minority_shareholder
20210319000958,Y,00109514,티웨이홀딩스,소액주주,"12,957","12,970",99.89%,"30,051,071","76,680,856",39.19%,2020-12-31,2020,minority_shareholder
20220323000447,Y,00109514,티웨이홀딩스,소액주주,"18,432","18,444",99.93%,"46,806,818","109,472,167",42.76%,2021-12-31,2021,minority_shareholder
20230323000588,Y,00109514,티웨이홀딩스,소액주주,"17,124","17,137",99.92%,"57,128,096","109,472,167",52.18%,2022-12-31,2022,minority_shareholder
20240321001723,Y,00109514,티웨이홀딩스,소액주주,"15,438","15,444",99.96%,"59,267,185","111,611,693",53.10%,2023-12-31,2023,minority_shareholder
20250321001276,Y,00109514,티웨이홀딩스,소액주주,"16,579","16,594",99.9%,"55,676,666","112,419,447",49.52%,2024-12-31,2024,minority_shareholder
20190401003899,Y,00115384,동방아그로,소액주주,"2,713",-,99.74%,"2,457,818",-,23.34%,2018-12-31,2018,minority_shareholder
20200330001035,Y,00115384,동방아그로,소액주주,"2,699",-,99.70%,"2,241,496",-,21.29%,2019-12-31,2019,minority_shareholder
20210311000942,Y,00115384,동방아그로,소액주주,"2,716","2,727",99.6%,"2,404,311","13,617,577",17.6%,2020-12-31,2020,minority_shareholder
20220317000463,Y,00115384,동방아그로,소액주주,"6,496","6,504",99.9%,"3,385,650","13,617,577",24.9%,2021-12-31,2021,minority_shareholder
20230316000733,Y,00115384,동방아그로,소액주주,"6,455","6,461",99.9%,"3,949,272","13,617,577",29.0%,2022-12-31,2022,minority_shareholder
20240314000783,Y,00115384,동방아그로,소액주주,"5,805","5,811",99.9%,"3,949,272","13,617,577",29.0%,2023-12-31,2023,minority_shareholder
20250313000657,Y,00115384,동방아그로,소액주주,"4,981","4,989",99.8%,"3,956,446","13,617,577",29.1%,2024-12-31,2024,minority_shareholder
20190329000586,Y,00134963,송원산업,소액주주,"9,098",-,99.84%,"10,040,552",-,41.84%,2018-12-31,2018,minority_shareholder
20200327001345,Y,00134963,송원산업,소액주주,"11,605",-,99.86%,"9,949,343",-,41.46%,2019-12-31,2019,minority_shareholder
20210304000035,Y,00134963,송원산업,소액주주,"17,389","17,401",99.93%,"11,676,524","24,000,000",48.65%,2020-12-31,2020,minority_shareholder
20220303000087,Y,00134963,송원산업,소액주주,"23,440","23,453",99.94%,"10,966,869","24,000,000",45.70%,2021-12-31,2021,minority_shareholder
20230302000104,Y,00134963,송원산업,소액주주,"18,162","18,175",99.93%,"11,222,201","24,000,000",46.76%,2022-12-31,2022,minority_shareholder
20240229001224,Y,00134963,송원산업,소액주주,"12,882","12,897",99.88%,"9,944,378","24,000,000",41.43%,2023-12-31,2023,minority_shareholder
20250311000263,Y,00134963,송원산업,소액주주,"14,461","14,474",99.91%,"10,629,373","24,000,000",44.29%,2024-12-31,2024,minority_shareholder
20190329003093,Y,00150828,진흥기업,소액주주,"15,799",-,97.27%,"11,004,019",-,7.50%,2018-12-31,2018,minority_shareholder
20200330004077,Y,00150828,진흥기업,소액주주,"15,861",-,96.70%,"11,004,019",-,7.50%,2019-12-31,2019,minority_shareholder
20210316001199,Y,00150828,진흥기업,소액주주,"17,509","17,523",99.92%,"11,282,356","146,565,567",7.70%,2020-12-31,2020,minority_shareholder
20220811000367,Y,00150828,진흥기업,소액주주,"39,424","40,117",98.27%,"63,131,254","146,623,771",43.06%,2021-12-31,2021,minority_shareholder
20230320000418,Y,00150828,진흥기업,소액주주,"41,903","42,589",98.39%,"72,842,488","146,623,771",49.68%,2022-12-31,2022,minority_shareholder
20240319000644,Y,00150828,진흥기업,소액주주,"39,318","39,323",99.99%,"74,434,237","146,565,567",50.79%,2023-12-31,2023,minority_shareholder
20250331002970,Y,00150828,진흥기업,소액주주,"34,293","34,296",99.99%,"75,767,696","146,565,567",51.70%,2024-12-31,2024,minority_shareholder
20190329004185,Y,00157991,한국석유공업,소액주주,"3,571",-,99.27%,"265,663",-,40.53%,2018-12-31,2018,minority_shareholder
20200330004175,Y,00157991,한국석유공업,소액주주,"3,424",-,99.27%,"275,031",-,41.97%,2019-12-31,2019,minority_shareholder
20210318000919,Y,00157991,한국석유공업,소액주주,"3,313","3,334",99.37%,"266,180","614,212",43.34%,2020-12-31,2020,minority_shareholder
20220317000638,Y,00157991,한국석유공업,소액주주,"21,017","21,035",99.91%,"6,361,140","12,284,240",51.78%,2021-12-31,2021,minority_shareholder
20230316000676,Y,00157991,한국석유공업,소액주주,"24,359","24,377",99.93%,"6,349,020","12,694,120",50.02%,2022-12-31,2022,minority_shareholder
20240314001322,Y,00157991,한국석유공업,소액주주,"21,372","21,396",99.90%,"4,764,175","12,694,120",37.54%,2023-12-31,2023,minority_shareholder
20250320000921,Y,00157991,한국석유공업,소액주주,"27,151","27,159",99.97%,"5,932,034","12,694,120",46.73%,2024-12-31,2024,minority_shareholder
20190329003364,Y,00151395,천일고속,소액주주,"2,984",-,99.82%,"202,753",-,14.18%,2018-12-31,2018,minority_shareholder
20200330003314,Y,00151395,천일고속,소액주주,"2,993",-,99.83%,"202,753",-,14.18%,2019-12-31,2019,minority_shareholder
20210317000820,Y,00151395,천일고속,소액주주,"2,682","2,687",99.83%,"202,753","1,427,054",14.20%,2020-12-31,2020,minority_shareholder
20220810000340,Y,00151395,천일고속,소액주주,"2,923","2,928",99.83%,"202,753","1,427,054",14.20%,2021-12-31,2021,minority_shareholder
20230316001173,Y,00151395,천일고속,소액주주,"2,641","2,646",99.82%,"202,753","1,427,054",14.20%,2022-12-31,2022,minority_shareholder
20240321001343,Y,00151395,천일고속,소액주주,"2,426","2,430",99.84%,"203,753","1,429,220",14.26%,2023-12-31,2023,minority_shareholder
20250320001184,Y,00151395,천일고속,소액주주,"2,189","2,192",99.87%,"203,753","1,429,220",14.26%,2024-12-31,2024,minority_shareholder
20190401003195,Y,00111847,대원강업,소액주주,"4,481",-,98.61%,"11,761,123",-,18.96%,2018-12-31,2018,minority_shareholder
20200330000894,Y,00111847,대원강업,소액주주,"4,870",-,98.82%,"13,526,528",-,21.81%,2019-12-31,2019,minority_shareholder
20210318000163,Y,00111847,대원강업,소액주주,"6,878","6,934",99.19%,"15,371,185","60,174,336",25.54%,2020-12-31,2020,minority_shareholder
20220317000256,Y,00111847,대원강업,소액주주,"12,938","12,992",99.58%,"21,665,014","62,000,000",34.94%,2021-12-31,2021,minority_shareholder
20230324000880,Y,00111847,대원강업,소액주주,"11,458","11,485",99.76%,"23,087,682","62,000,000",37.24%,2022-12-31,2022,minority_shareholder
20240315000516,Y,00111847,대원강업,소액주주,"14,426","14,449",99.84%,"23,752,312","62,000,000",38.31%,2023-12-31,2023,minority_shareholder
20250814001679,Y,00111847,대원강업,소액주주,"12,927","12,950",99.82%,"23,687,454","62,000,000",38.21%,2024-12-31,2024,minority_shareholder
20180928000504,Y,00120872,만호제강,소액주주,"2,336",-,99.03%,"1,374,994",-,33.13%,2018-06-30,2018,minority_shareholder
20190930000522,Y,00120872,만호제강,소액주주,"1,696",-,98.59%,"1,292,690",-,31.14%,2019-06-30,2019,minority_shareholder
20200928000311,Y,00120872,만호제강,소액주주,"1,512","1,532",98.69%,"1,300,508","4,150,000",31.34%,2020-06-30,2020,minority_shareholder
20210916000086,Y,00120872,만호제강,소액주주,"2,606","2,629",99.13%,"1,218,047","4,150,000",29.35%,2021-06-30,2021,minority_shareholder
20220915000334,Y,00120872,만호제강,소액주주,"1,797","1,820",98.74%,"979,262","4,150,000",23.60%,2022-06-30,2022,minority_shareholder
20231005000147,Y,00120872,만호제강,소액주주,"2,019","2,039",99.02%,"1,033,626","4,150,000",24.91%,2023-06-30,2023,minority_shareholder
20250930000631,Y,00120872,만호제강,소액주주,"1,708","1,733",98.56%,"729,950","4,150,000",17.59%,2024-06-30,2024,minority_shareholder
20220818000282,Y,00148939,조광피혁,소액주주,"2,834",-,99.75%,"684,646",-,10.30%,2018-12-31,2018,minority_shareholder
20220818000294,Y,00148939,조광피혁,소액주주,"2,482",-,99.72%,"636,297",-,9.57%,2019-12-31,2019,minority_shareholder
20220818000308,Y,00148939,조광피혁,소액주주,"2,214","2,222",99.64%,"499,877","3,552,923",14.07%,2020-12-31,2020,minority_shareholder
20220818000327,Y,00148939,조광피혁,소액주주,"2,970","2,978",99.73%,"493,969","3,552,923",13.90%,2021-12-31,2021,minority_shareholder
20230316001017,Y,00148939,조광피혁,소액주주,"2,878","2,886",99.75%,"496,327","6,649,138",7.46%,2022-12-31,2022,minority_shareholder
20240320001147,Y,00148939,조광피혁,소액주주,"2,628","2,636",99.72%,"477,686","6,649,138",7.20%,2023-12-31,2023,minority_shareholder
20250814000431,Y,00148939,조광피혁,소액주주,"2,047","2,055",99.61%,"456,549","6,649,138",6.87%,2024-12-31,2024,minority_shareholder
20190403000746,Y,00133812,세방,소액주주,"2,745",-,99.16%,"4,951,006",-,25.64%,2018-12-31,2018,minority_shareholder
20200330003854,Y,00133812,세방,소액주주,"2,668",-,99.24%,"5,299,709",-,27.46%,2019-12-31,2019,minority_shareholder
20210319000002,Y,00133812,세방,소액주주,"6,475","6,497",99.67%,"5,996,842","19,308,690",31.06%,2020-12-31,2020,minority_shareholder
20220812000769,Y,00133812,세방,소액주주,"10,726","10,746",99.83%,"8,045,182","19,308,690",41.67%,2021-12-31,2021,minority_shareholder
20230316000928,Y,00133812,세방,소액주주,"8,950","8,969",99.79%,"7,029,021","19,308,690",36.40%,2022-12-31,2022,minority_shareholder
20240314000749,Y,00133812,세방,소액주주,"17,141","17,156",99.91%,"9,097,469","19,308,690",47.12%,2023-12-31,2023,minority_shareholder
20250814002055,Y,00133812,세방,소액주주,"13,038","13,051",99.91%,"8,998,161","19,308,690",46.60%,2024-12-31,2024,minority_shareholder
20190401004995,Y,00117629,KBI동양철관,소액주주,"38,863",-,99.98%,"92,949,808",-,78.17%,2018-12-31,2018,minority_shareholder
20200330001936,Y,00117629,KBI동양철관,소액주주,"30,876",-,78.03%,"92,768,172",-,78.02%,2019-12-31,2019,minority_shareholder
20210315001021,Y,00117629,KBI동양철관,소액주주,"24,936","24,941",99.97%,"90,426,169","118,908,480",76.05%,2020-12-31,2020,minority_shareholder
20220321001370,Y,00117629,KBI동양철관,소액주주,"36,626","36,630",99.97%,"89,859,456","118,908,480",75.58%,2021-12-31,2021,minority_shareholder
20230320000536,Y,00117629,KBI동양철관,소액주주,"36,501","36,505",99.98%,"88,628,172","118,908,480",74.53%,2022-12-31,2022,minority_shareholder
20240318000933,Y,00117629,KBI동양철관,소액주주,"32,382","32,385",100.00%,"87,956,492","118,908,480",73.99%,2023-12-31,2023,minority_shareholder
20250317000788,Y,00117629,KBI동양철관,소액주주,"35,945","35,951",99.99%,"109,636,300","157,079,645",69.80%,2024-12-31,2024,minority_shareholder
20190409001913,Y,00149804,디와이에이,소액주주,"13,075",-,99.94%,"47,953,161",-,46.42%,2018-12-31,2018,minority_shareholder
20200330002434,Y,00149804,디와이에이,소액주주,"11,158",-,99.89%,"52,682,376",-,48.25%,2019-12-31,2019,minority_shareholder
20210319001336,Y,00149804,디와이에이,소액주주,"10,284","10,294",99.90%,"48,682,615","109,195,590",44.58%,2020-12-31,2020,minority_shareholder
20220324000531,Y,00149804,디와이에이,소액주주,"41,193","41,201",99.98%,"55,442,848","115,094,014",48.17%,2021-12-31,2021,minority_shareholder
20230323001273,Y,00149804,디와이에이,소액주주,"34,188","3,195",99.97%,"57,868,596","115,341,128",50.17%,2022-12-31,2022,minority_shareholder
20240320001199,Y,00149804,디와이에이,소액주주,"22,331","22,430",99.56%,"24,908,545","45,739,450",54.46%,2023-12-31,2023,minority_shareholder
20250317000599,Y,00149804,디와이에이,소액주주,"15,277","15,293",99.90%,"19,682,698","46,744,020",42.11%,2024-12-31,2024,minority_shareholder
20190401000725,Y,00107066,남광토건,소액주주,"13,192",-,99.97%,"3,697,396",-,37.62%,2018-12-31,2018,minority_shareholder
20200330002543,Y,00107066,남광토건,소액주주,"11,232",-,99.96%,"3,689,753",-,37.54%,2019-12-31,2019,minority_shareholder
20210319000418,Y,00107066,남광토건,소액주주,"10,765","10,770",99.95%,"3,690,043","9,828,901",37.54%,2020-12-31,2020,minority_shareholder
20220322000463,Y,00107066,남광토건,소액주주,"11,968","11,973",99.96%,"3,443,375","9,829,014",35.03%,2021-12-31,2021,minority_shareholder
20230712000089,Y,00107066,남광토건,소액주주,"12,731","12,736",99.96%,"3,415,540","9,829,014",34.75%,2022-12-31,2022,minority_shareholder
20240320000911,Y,00107066,남광토건,소액주주,"11,534","11,539",99.96%,"3,365,841","9,832,572",34.23%,2023-12-31,2023,minority_shareholder
20250814001709,Y,00107066,남광토건,소액주주,"10,602","10,609",99.93%,"3,291,962","9,832,572",37.55%,2024-12-31,2024,minority_shareholder
20190626000070,Y,00127200,삼영전자공업,소액주주,"4,091",-,99.78%,"6,951,912",-,34.76%,2018-12-31,2018,minority_shareholder
20200330000493,Y,00127200,삼영전자공업,소액주주,"4,542",-,99.80%,"6,856,214",-,34.28%,2019-12-31,2019,minority_shareholder
20210311000178,Y,00127200,삼영전자공업,소액주주,"5,817","5,835",99.7%,"6,630,000","20,000,000",33.1%,2020-12-31,2020,minority_shareholder
20220310001191,Y,00127200,삼영전자공업,소액주주,"7,825","7,837",99.8%,"7,706,000","20,000,000",38.5%,2021-12-31,2021,minority_shareholder
20230316001053,Y,00127200,삼영전자공업,소액주주,"7,736","7,747",99.86%,"7,933,000","20,000,000",39.67%,2022-12-31,2022,minority_shareholder
20240326000917,Y,00127200,삼영전자공업,소액주주,"8,066","8,070",99.95%,"8,544,000","20,000,000",42.72%,2023-12-31,2023,minority_shareholder
20250320001464,Y,00127200,삼영전자공업,소액주주,"6,500","6,534",99.48%,"6,411,000","20,000,000",32.05%,2024-12-31,2024,minority_shareholder
20190401000131,Y,00136624,신영와코루,소액주주,812,-,98.42%,"110,125",-,12.24%,2018-12-31,2018,minority_shareholder
20210317000431,Y,00136624,신영와코루,소액주주,852,-,98.61%,"117,186",-,13.02%,2019-12-31,2019,minority_shareholder
20210318000310,Y,00136624,신영와코루,소액주주,956,969,98.66%,"136,938","900,000",15.21%,2020-12-31,2020,minority_shareholder
20220317000404,Y,00136624,신영와코루,소액주주,"1,298","1,312",98.93%,"152,448","900,000",16.94%,2021-12-31,2021,minority_shareholder
20230316001089,Y,00136624,신영와코루,소액주주,"1,763","1,777",99.21%,"1,517,750","9,000,000",16.87%,2022-12-31,2022,minority_shareholder
20240314000193,Y,00136624,신영와코루,소액주주,"1,896","1,905",99.53%,"1,685,091","9,000,000",18.72%,2023-12-31,2023,minority_shareholder
20250313000876,Y,00136624,신영와코루,소액주주,"1,589","1,598",99.4%,"1,685,082","9,000,000",18.72%,2024-12-31,2024,minority_shareholder
20180629000787,Y,00141626,오리엔트바이오,소액주주,"24,926",-,99.98%,"123,174,392",-,75.49%,2018-03-31,2018,minority_shareholder
20250613000401,Y,00141626,오리엔트바이오,소액주주,"27,961",-,99.98%,"173,706,876",-,76.01%,2019-03-31,2019,minority_shareholder
20200629000463,Y,00141626,오리엔트바이오,소액주주,"25,223",-,99.98%,"77,244,970",-,75.87%,2020-03-31,2020,minority_shareholder
20211111000394,Y,00141626,오리엔트바이오,소액주주,"33,129","33,136",99.97%,"74,893,513","118,572,049",63.18%,2021-03-31,2021,minority_shareholder
20220621000039,Y,00141626,오리엔트바이오,소액주주,"26,979","26,986",99.98%,"76,347,354","118,583,005",64.39%,2022-03-31,2022,minority_shareholder
20230620000166,Y,00141626,오리엔트바이오,소액주주,"25,796","25,800",99.99%,"76,362,277","118,583,005",64.40%,2023-03-31,2023,minority_shareholder
20240620000211,Y,00141626,오리엔트바이오,소액주주,"22,632","22,636",99.98%,"76,347,354","118,583,005",64.38%,2024-03-31,2024,minority_shareholder
20190403002082,Y,00148948,조비,소액주주,"7,692",-,99.97%,"1,715,991",-,33.05%,2018-12-31,2018,minority_shareholder
20200330002859,Y,00148948,조비,소액주주,"6,886",-,99.97%,"1,715,991",-,33.05%,2019-12-31,2019,minority_shareholder
20210322000475,Y,00148948,조비,소액주주,"8,633","8,636",99.9%,"1,715,580","5,191,828",33.0%,2020-12-31,2020,minority_shareholder
20220322000340,Y,00148948,조비,소액주주,"11,872","11,876",99.9%,"2,071,680","5,191,828",39.9%,2021-12-31,2021,minority_shareholder
20230322000622,Y,00148948,조비,소액주주,"11,875","11,877",99.9%,"2,234,803","5,191,828",43.0%,2022-12-31,2022,minority_shareholder
20240320000563,Y,00148948,조비,소액주주,"11,753","11,755",99.9%,"2,234,803","5,191,828",43.0%,2023-12-31,2023,minority_shareholder
20250317000781,Y,00148948,조비,소액주주,"9,991","9,993",99.9%,"2,234,803","5,191,828",43.0%,2024-12-31,2024,minority_shareholder
20190401004885,Y,00156691,한국공항,소액주주,"2,658",-,99.63%,"797,313",-,25.18%,2018-12-31,2018,minority_shareholder
20200330004590,Y,00156691,한국공항,소액주주,"3,066",-,99.74%,"812,251",-,25.65%,2019-12-31,2019,minority_shareholder
20210318001204,Y,00156691,한국공항,소액주주,"6,421","6,429",99.89%,"850,283","3,166,355",26.87%,2020-12-31,2020,minority_shareholder
20220315001111,Y,00156691,한국공항,소액주주,"9,218","9,226",99.91%,"928,146","3,166,355",29.31%,2021-12-31,2021,minority_shareholder
20230314001107,Y,00156691,한국공항,소액주주,"10,245","10,253",99.92%,"896,050","3,166,355",28.30%,2022-12-31,2022,minority_shareholder
20240313001250,Y,00156691,한국공항,소액주주,"6,750","6,756",99.93%,"1,033,019","3,166,355",32.64%,2023-12-31,2023,minority_shareholder
20250318000741,Y,00156691,한국공항,소액주주,"6,337","6,342",99.94%,"1,090,847","3,166,355",34.45%,2024-12-31,2024,minority_shareholder
20190329002931,Y,00148920,조광페인트,소액주주,"5,371",-,99.68%,"5,240,835",-,40.94%,2018-12-31,2018,minority_shareholder
20200330000972,Y,00148920,조광페인트,소액주주,"4,271",-,99.57%,"4,905,827",-,38.31%,2019-12-31,2019,minority_shareholder
20210419000042,Y,00148920,조광페인트,소액주주,"5,251","5,268",99.68%,"4,785,119","12,800,000",37.38%,2020-12-31,2020,minority_shareholder
20220321001064,Y,00148920,조광페인트,소액주주,"7,957","7,973",99.80%,"5,085,635","12,800,000",39.73%,2021-12-31,2021,minority_shareholder
20230327000842,Y,00148920,조광페인트,소액주주,"8,397","8,415",99.8%,"4,883,350","12,800,000",38.2%,2022-12-31,2022,minority_shareholder
20240320000988,Y,00148920,조광페인트,소액주주,"6,964","6,981",99.76%,"5,134,098","12,800,000",40.11%,2023-12-31,2023,minority_shareholder
20250811000086,Y,00148920,조광페인트,소액주주,-,-,-,-,-,-,2024-12-31,2024,minority_shareholder
20190401002423,Y,00132725,SB성보,소액주주,"2,676",-,99.22%,"5,867,045",-,29.31%,2018-12-31,2018,minority_shareholder
20200330002569,Y,00132725,SB성보,소액주주,"2,755",-,99.17%,"4,934,952",-,24.65%,2019-12-31,2019,minority_shareholder
20210316000693,Y,00132725,SB성보,소액주주,"2,934","2,959",99.16%,"4,291,776","20,020,000",21.44%,2020-12-31,2020,minority_shareholder
20220315000678,Y,00132725,SB성보,소액주주,"6,993","7,012",99.73%,"7,713,033","20,020,000",38.53%,2021-12-31,2021,minority_shareholder
20230310001031,Y,00132725,SB성보,소액주주,"7,410","7,427",99.77%,"7,992,055","20,020,000",39.92%,2022-12-31,2022,minority_shareholder
20240320000890,Y,00132725,SB성보,소액주주,"7,223","7,240",99.77%,"7,893,302","20,020,000",39.43%,2023-12-31,2023,minority_shareholder
20250318000798,Y,00132725,SB성보,소액주주,"5,793","5,810",99.71%,"7,897,989","20,020,000",39.45%,2024-12-31,2024,minority_shareholder
20190329004306,Y,00128555,삼천리,소액주주,"3,821",-,99.32%,"1,595,010",-,39.33%,2018-12-31,2018,minority_shareholder
20200330002931,Y,00128555,삼천리,소액주주,"4,488",-,99.66%,"1,588,974",-,39.18%,2019-12-31,2019,minority_shareholder
20210318001068,Y,00128555,삼천리,소액주주,"5,441","5,455",99.74%,"1,363,004","3,424,025",39.81%,2020-12-31,2020,minority_shareholder
20220317001251,Y,00128555,삼천리,소액주주,"7,312","7,324",99.84%,"1,492,072","4,055,025",36.80%,2021-12-31,2021,minority_shareholder
20230316001421,Y,00128555,삼천리,소액주주,"4,280","4,310",99.30%,"1,164,639","4,055,025",28.72%,2022-12-31,2022,minority_shareholder
20240319000801,Y,00128555,삼천리,소액주주,"22,128","22,135",99.9%,"1,813,073","3,424,025",53.0%,2023-12-31,2023,minority_shareholder
20250813001129,Y,00128555,삼천리,소액주주,"16,978","16,986",99.9%,"1,836,901","3,424,025",53.6%,2024-12-31,2024,minority_shareholder
20190401001921,Y,00149345,조흥,소액주주,"1,115",-,98.48%,"136,171",-,22.69%,2018-12-31,2018,minority_shareholder
20200330001073,Y,00149345,조흥,소액주주,"1,134",-,98.95%,"149,367",-,24.88%,2019-12-31,2019,minority_shareholder
20210305000380,Y,00149345,조흥,소액주주,"1,155","1,171",98.63%,"150,767","600,000",25.12%,2020-12-31,2020,minority_shareholder
20220310000270,Y,00149345,조흥,소액주주,"1,474","1,491",98.86%,"130,071","600,000",21.69%,2021-12-31,2021,minority_shareholder
20230309000626,Y,00149345,조흥,소액주주,"1,270","1,285",98.83%,"123,646","600,000",20.61%,2022-12-31,2022,minority_shareholder
20240314001089,Y,00149345,조흥,소액주주,"1,057","1,072",98.60%,"121,654","600,000",35.44%,2023-12-31,2023,minority_shareholder
20250312000526,Y,00149345,조흥,소액주주,"1,041","1,055",98.69%,"118,833","600,000",19.81%,2024-12-31,2024,minority_shareholder
20190619000318,Y,00106119,금양,소액주주,"4,541",-,99.69%,"14,565,627",-,33.70%,2018-12-31,2018,minority_shareholder
20200330002102,Y,00106119,금양,소액주주,"4,612",-,99.65%,"14,432,920",-,32.76%,2019-12-31,2019,minority_shareholder
20210322000736,Y,00106119,금양,소액주주,"12,073","12,086",99.89%,"17,611,685","44,048,135",39.98%,2020-12-31,2020,minority_shareholder
20220322000647,Y,00106119,금양,소액주주,"15,784","15,805",99.87%,"20,119,768","48,806,004",41.22%,2021-12-31,2021,minority_shareholder
20240313001231,Y,00106119,금양,소액주주,"83,428","83,440",99.99%,"28,647,434","58,050,037",49.35%,2022-12-31,2022,minority_shareholder
20240417000287,Y,00106119,금양,소액주주,"221,218","221,228",99.99%,"32,469,507","58,050,037",55.93%,2023-12-31,2023,minority_shareholder
20250321001823,Y,00106119,금양,소액주주,"242,305","242,318",99.99%,"41,584,517","63,967,196",65.01%,2024-12-31,2024,minority_shareholder
20190329003245,Y,00109718,사조대림,소액주주,-,-,-,-,-,-,2018-12-31,2018,minority_shareholder
20200330003481,Y,00109718,사조대림,소액주주,-,-,-,-,-,-,2019-12-31,2019,minority_shareholder
20210318001107,Y,00109718,사조대림,소액주주,"6,847","6,855",99.88%,"3,056,991","9,164,467",33.36%,2020-12-31,2020,minority_shareholder
20220929000312,Y,00109718,사조대림,소액주주,"6,742","6,750",99.88%,"2,977,569","9,164,467",32.49%,2021-12-31,2021,minority_shareholder
20230315001368,Y,00109718,사조대림,소액주주,"7,804","7,814",99.87%,"2,688,547","9,164,467",29.34%,2022-12-31,2022,minority_shareholder
20240313001702,Y,00109718,사조대림,소액주주,"6,109","6,121",99.80%,"2,470,926","9,164,467",26.96%,2023-12-31,2023,minority_shareholder
20250312000891,Y,00109718,사조대림,소액주주,"13,711","13,723",99.91%,"2,492,782","9,164,467",27.20%,2024-12-31,2024,minority_shareholder
20200327001440,Y,00107677,비비안,소액주주,"1,728",-,99.01%,"1,057,646",-,15.39%,2018-12-31,2018,minority_shareholder
20200331001822,Y,00107677,비비안,소액주주,"4,388",-,99.76%,"1,247,531",-,18.16%,2019-12-31,2019,minority_shareholder
20210817001926,Y,00107677,비비안,소액주주,"18,106","18,109",99.99%,"20,758,167","26,735,890",77.65%,2020-12-31,2020,minority_shareholder
20220323000957,Y,00107677,비비안,소액주주,"22,293","22,296",99.99%,"24,335,892","29,793,990",81.69%,2021-12-31,2021,minority_shareholder
20230323000796,Y,00107677,비비안,소액주주,"21,440","21,442",99.99%,"24,637,266","29,793,990",82.69%,2022-12-31,2022,minority_shareholder
20240321001726,Y,00107677,비비안,소액주주,"19,262","19,264",99.9%,"24,637,266","29,793,990",82.7%,2023-12-31,2023,minority_shareholder
20250321001351,Y,00107677,비비안,소액주주,"17,314","17,317",99.98%,"24,337,266","29,793,990",81.68%,2024-12-31,2024,minority_shareholder
20190228005328,Y,00134477,SNT다이내믹스,소액주주,"3,797",-,99.73%,"5,434,704",-,16.74%,2018-12-31,2018,minority_shareholder
20200302000172,Y,00134477,SNT다이내믹스,소액주주,"4,024",-,99.78%,"6,410,910",-,19.28%,2019-12-31,2019,minority_shareholder
20210218001086,Y,00134477,SNT다이내믹스,소액주주,"5,313","5,320",99.87%,"7,726,706","33,252,697",23.24%,2020-12-31,2020,minority_shareholder
20220218001040,Y,00134477,SNT다이내믹스,소액주주,"4,996","5,001",99.90%,"6,930,101","22,393,851",30.95%,2021-12-31,2021,minority_shareholder
20230220001625,Y,00134477,SNT다이내믹스,소액주주,"7,458","7,463",99.93%,"7,000,486","22,393,851",31.26%,2022-12-31,2022,minority_shareholder
20240221001483,Y,00134477,SNT다이내믹스,소액주주,"7,975","7,980",99.94%,"6,910,922","22,393,851",30.86%,2023-12-31,2023,minority_shareholder
20250220001259,Y,00134477,SNT다이내믹스,소액주주,"7,823","7,828",99.94%,"6,407,153","22,393,851",28.61%,2024-12-31,2024,minority_shareholder
20190329002098,Y,00162063,한신공영,소액주주,"8,026",-,99.96%,"6,256,118",-,54.07%,2018-12-31,2018,minority_shareholder
20200330002370,Y,00162063,한신공영,소액주주,"6,399",-,99.97%,"6,580,740",-,56.87%,2019-12-31,2019,minority_shareholder
20210315000770,Y,00162063,한신공영,소액주주,"7,923","7,937",99.8%,"4,014,213","11,570,702",34.7%,2020-12-31,2020,minority_shareholder
20220713000230,Y,00162063,한신공영,소액주주,"15,602","15,613",99.9%,"5,050,385","11,570,702",43.7%,2021-12-31,2021,minority_shareholder
20230315001227,Y,00162063,한신공영,소액주주,"17,978","17,989",99.9%,"5,668,997","11,574,274",49.0%,2022-12-31,2022,minority_shareholder
20240321001712,Y,00162063,한신공영,소액주주,"15,931","15,939",99.9%,"6,305,570","11,570,702",54.50%,2023-12-31,2023,minority_shareholder
20250814002318,Y,00162063,한신공영,소액주주,"13,803","13,809",99.98%,"6,740,502","11,570,702",58.25%,2024-12-31,2024,minority_shareholder
20190329002205,Y,00108241,농심,소액주주,"13,909",-,99.92%,"2,397,724",-,39.41%,2018-12-31,2018,minority_shareholder
20200330002440,Y,00108241,농심,소액주주,"13,193",-,99.94%,"2,373,599",-,39.04%,2019-12-31,2019,minority_shareholder
20210317000609,Y,00108241,농심,소액주주,"38,667","38,678",99.98%,"2,455,114","5,782,624",42.46%,2020-12-31,2020,minority_shareholder
20220317000469,Y,00108241,농심,소액주주,"40,513","40,526",99.99%,"2,401,889","5,782,624",41.54%,2021-12-31,2021,minority_shareholder
20230316000448,Y,00108241,농심,소액주주,"20,335","20,349",99.96%,"2,302,043","5,782,624",39.81%,2022-12-31,2022,minority_shareholder
20240314000698,Y,00108241,농심,소액주주,"22,140","22,152",99.95%,"2,271,109","6,082,642",37.34%,2023-12-31,2023,minority_shareholder
20250312000711,Y,00108241,농심,소액주주,"24,445","24,457",99.9%,"2,292,211","6,082,642",37.6%,2024-12-31,2024,minority_shareholder
20190401001710,Y,00127255,삼영,소액주주,"7,246",-,99.94%,"25,242,662",-,74.23%,2018-12-31,2018,minority_shareholder
20200330004600,Y,00127255,삼영,소액주주,"5,850",-,99.97%,"26,847,740",-,78.96%,2019-12-31,2019,minority_shareholder
20210325000502,Y,00127255,삼영,소액주주,"6,738","6,744",99.93%,"24,101,700","34,000,000",70.91%,2020-12-31,2020,minority_shareholder
20220322000953,Y,00127255,삼영,소액주주,"12,857","12,861",99.97%,"24,978,923","34,000,000",73.47%,2021-12-31,2021,minority_shareholder
20230713000197,Y,00127255,삼영,소액주주,"11,539","11,544",99.96%,"24,184,661","34,000,000",71.13%,2022-12-31,2022,minority_shareholder
20240321001477,Y,00127255,삼영,소액주주,"11,149","11,156",99.97%,"23,049,046","34,000,000",67.79%,2023-12-31,2023,minority_shareholder
20250320000750,Y,00127255,삼영,소액주주,"8,971","8,979",99.92%,"23,212,013","34,000,000",68.30%,2024-12-31,2024,minority_shareholder
20190401004219,Y,00132804,성신양회,소액주주,"19,020",-,99.9%,"16,157,941",-,63.99%,2018-12-31,2018,minority_shareholder
20200330003294,Y,00132804,성신양회,소액주주,"15,657",-,99.91%,"15,424,721",-,62.91%,2019-12-31,2019,minority_shareholder
20210318001113,Y,00132804,성신양회,소액주주,"15,657","15,671",99.91%,"15,424,721","24,516,073",62.91%,2020-12-31,2020,minority_shareholder
20220322000761,Y,00132804,성신양회,소액주주,"21,017","21,034",99.9%,"12,672,219","25,251,718",50.2%,2021-12-31,2021,minority_shareholder
20230314001035,Y,00132804,성신양회,소액주주,"25,336","25,353",99.9%,"13,348,476","25,251,718",52.9%,2022-12-31,2022,minority_shareholder
20240313001512,Y,00132804,성신양회,소액주주,"24,169","24,186",99.9%,"13,119,357","25,251,718",51.95%,2023-12-31,2023,minority_shareholder
20250312000954,Y,00132804,성신양회,소액주주,"19,625","19,643",99.9%,"12,673,539","25,251,718",50.18%,2024-12-31,2024,minority_shareholder
20190401002094,Y,00135962,신라교역,소액주주,"3,408",-,99.53%,"4,869,881",-,30.44%,2018-12-31,2018,minority_shareholder
20210317000593,Y,00135962,신라교역,소액주주,"2,904",-,99.55%,"5,099,148",-,31.87%,2019-12-31,2019,minority_shareholder
20210317000776,Y,00135962,신라교역,소액주주,"3,413","3,431",99.48%,"3,318,610","16,000,000",20.74%,2020-12-31,2020,minority_shareholder
20220930000044,Y,00135962,신라교역,소액주주,"3,514","3,526",99.66%,"3,716,091","16,000,000",23.23%,2021-12-31,2021,minority_shareholder
20230315001315,Y,00135962,신라교역,소액주주,"4,636","4,563",99.63%,"3,652,229","16,000,000",22.83%,2022-12-31,2022,minority_shareholder
20240313001013,Y,00135962,신라교역,소액주주,"4,546","4,561",99.68%,"4,085,454","16,000,000",25.56%,2023-12-31,2023,minority_shareholder
20250515002241,Y,00135962,신라교역,소액주주,"3,903","3,912",99.76%,"4,492,490","16,000,000",28.07%,2024-12-31,2024,minority_shareholder
20190329000498,Y,00137368,신풍,소액주주,"1,995",-,99.40%,"11,309,145",-,32.35%,2018-12-31,2018,minority_shareholder
20200330004354,Y,00137368,신풍,소액주주,"2,119",-,99.4%,"11,687,180",-,33.4%,2019-12-31,2019,minority_shareholder
20210319001036,Y,00137368,신풍,소액주주,"19,654","19,668",99.95%,"12,859,159","34,958,700",36.80%,2020-12-31,2020,minority_shareholder
20220318000615,Y,00137368,신풍,소액주주,"15,817","15,828",99.93%,"13,738,538","34,958,700",39.30%,2021-12-31,2021,minority_shareholder
20230320001017,Y,00137368,신풍,소액주주,"16,235","16,245",99.94%,"15,290,005","34,958,700",43.74%,2022-12-31,2022,minority_shareholder
20240319000558,Y,00137368,신풍,소액주주,"14,271","14,281",99.93%,"15,391,183","34,958,700",44.03%,2023-12-31,2023,minority_shareholder
20250813000090,Y,00137368,신풍,소액주주,"10,980","10,988",99.93%,"15,778,561","34,958,700",45.13%,2024-12-31,2024,minority_shareholder
20190401005001,Y,00149354,종근당홀딩스,소액주주,"6,036",-,99.74%,"1,791,353",-,35.76%,2018-12-31,2018,minority_shareholder
20200429001407,Y,00149354,종근당홀딩스,소액주주,"6,258",-,99.79%,"1,911,762",-,38.15%,2019-12-31,2019,minority_shareholder
20210318001133,Y,00149354,종근당홀딩스,소액주주,"12,404","12,419",99.88%,"1,927,646","5,009,861",38.48%,2020-12-31,2020,minority_shareholder
20220317001328,Y,00149354,종근당홀딩스,소액주주,"15,710","15,724",99.91%,"1,946,819","5,009,861",38.86%,2021-12-31,2021,minority_shareholder
20230314001191,Y,00149354,종근당홀딩스,소액주주,"14,476","14,489",99.91%,"1,859,081","5,009,861",37.11%,2022-12-31,2022,minority_shareholder
20240320001873,Y,00149354,종근당홀딩스,소액주주,"12,537","12,551",99.89%,"1,755,375","5,009,861",35.04%,2023-12-31,2023,minority_shareholder
20250318001235,Y,00149354,종근당홀딩스,소액주주,"10,958","10,972",99.87%,"1,615,591","5,009,861",32.25%,2024-12-31,2024,minority_shareholder
20190619000218,Y,00161046,한독,소액주주,"6,185",-,99.79%,"6,525,925",-,47.4%,2018-12-31,2018,minority_shareholder
20200330001420,Y,00161046,한독,소액주주,"7,548",-,99.67%,"7,043,464",-,51.17%,2019-12-31,2019,minority_shareholder
20210318000282,Y,00161046,한독,소액주주,"15,136","15,157",99.86%,"5,700,287","13,763,533",41.42%,2020-12-31,2020,minority_shareholder
20220316001089,Y,00161046,한독,소액주주,"18,520","18,560",99.78%,"6,360,374","13,763,533",46.21%,2021-12-31,2021,minority_shareholder
20230316000780,Y,00161046,한독,소액주주,"17,289","17,310",99.88%,"6,401,840","13,763,533",46.51%,2022-12-31,2022,minority_shareholder
20240314000463,Y,00161046,한독,소액주주,"16,046","16,068",99.87%,"6,637,220","13,763,533",48.22%,2023-12-31,2023,minority_shareholder
20250312000222,Y,00161046,한독,소액주주,"16,544","16,578",99.79%,"6,397,075","13,763,533",46.48%,2024-12-31,2024,minority_shareholder
20190401002749,Y,00152039,SG글로벌,소액주주,"8,665",-,99.93%,"14,999,746",-,33.36%,2018-12-31,2018,minority_shareholder
20200330002853,Y,00152039,SG글로벌,소액주주,"7,846",-,99.92%,"17,968,151",-,39.96%,2019-12-31,2019,minority_shareholder
20210317000661,Y,00152039,SG글로벌,소액주주,"8,000","8,005",99.94%,"17,660,275","44,964,253",39.28%,2020-12-31,2020,minority_shareholder
20220315000715,Y,00152039,SG글로벌,소액주주,"10,703","10,710",99.93%,"16,648,837","44,964,153",37.03%,2021-12-31,2021,minority_shareholder
20230314000627,Y,00152039,SG글로벌,소액주주,"10,915","10,920",99.95%,"17,732,641","44,964,153",39.44%,2022-12-31,2022,minority_shareholder
20240319000089,Y,00152039,SG글로벌,소액주주,"10,049","10,054",99.95%,"18,144,602","44,964,153",40.35%,2023-12-31,2023,minority_shareholder
20250319000355,Y,00152039,SG글로벌,소액주주,"15,461","15,466",99.97%,"16,512,745","44,964,153",36.72%,2024-12-31,2024,minority_shareholder
20191120000137,Y,00167208,흥아해운,소액주주,"18,543",-,99.94%,"122,326,053",-,69.64%,2018-12-31,2018,minority_shareholder
20200409002668,Y,00167208,흥아해운,소액주주,"20,196",-,99.97%,"73,786,971",-,65.83%,2019-12-31,2019,minority_shareholder
20210729000451,Y,00167208,흥아해운,소액주주,"19,984","19,991",99.96%,"84,787,403","116,732,559",72.63%,2020-12-31,2020,minority_shareholder
20220816000435,Y,00167208,흥아해운,소액주주,"34,246","34,248",99.99%,"33,405,099","204,424,899",13.89%,2021-12-31,2021,minority_shareholder
20230320001057,Y,00167208,흥아해운,소액주주,"31,837","31,840",99.99%,"33,225,986","240,424,899",13.82%,2022-12-31,2022,minority_shareholder
20240320001803,Y,00167208,흥아해운,소액주주,"34,006","34,009",99.99%,"33,225,986","240,424,899",13.84%,2023-12-31,2023,minority_shareholder
20250317000787,Y,00167208,흥아해운,소액주주,"49,802","49,806",99.99%,"64,624,894","240,424,899",26.88%,2024-12-31,2024,minority_shareholder
20190401001129,Y,00138190,GS글로벌,소액주주,"12,607",-,99.93%,"39,927,721",-,48.37%,2018-12-31,2018,minority_shareholder
20200327001789,Y,00138190,GS글로벌,소액주주,"11,945",-,99.94%,"39,947,458",-,48.39%,2019-12-31,2019,minority_shareholder
20210318000483,Y,00138190,GS글로벌,소액주주,"11,997","12,004",99.96%,"39,098,562","82,533,764",47.38%,2020-12-31,2020,minority_shareholder
20220317000701,Y,00138190,GS글로벌,소액주주,"166,998","167,005",99.99%,"39,317,117","82,533,764",47.64%,2021-12-31,2021,minority_shareholder
20230406002879,Y,00138190,GS글로벌,소액주주,"153,881","153,887",99.99%,"38,279,078","82,533,764",46.39%,2022-12-31,2022,minority_shareholder
20240328001504,Y,00138190,GS글로벌,소액주주,"139,399","139,405",99.99%,"38,247,071","82,533,764",46.34%,2023-12-31,2023,minority_shareholder
20250318001328,Y,00138190,GS글로벌,소액주주,"126,888","126,895",100.00%,"37,566,621","82,533,764",45.53%,2024-12-31,2024,minority_shareholder
20190401003919,Y,00106313,금호건설,소액주주,"22,683",-,99.93%,"15,463,070",-,42.9%,2018-12-31,2018,minority_shareholder
20200330002924,Y,00106313,금호건설,소액주주,"24,127",-,99.95%,"16,431,378",-,45.59%,2019-12-31,2019,minority_shareholder
20210318000696,Y,00106313,금호건설,소액주주,"29,360","29,369",99.98%,"17,433,856","36,633,924",47.60%,2020-12-31,2020,minority_shareholder
20220322000355,Y,00106313,금호건설,소액주주,"32,433","32,441",99.99%,"17,903,965","36,633,924",48.89%,2021-12-31,2021,minority_shareholder
20230320000409,Y,00106313,금호건설,소액주주,"34,232","34,240",99.99%,"18,223,636","36,953,595",49.32%,2022-12-31,2022,minority_shareholder
20240318000777,Y,00106313,금호건설,소액주주,"32,544","32,552",99.99%,"18,223,660","36,953,595",49.32%,2023-12-31,2023,minority_shareholder
20250814001090,Y,00106313,금호건설,소액주주,"30,020","30,029",99.99%,"17,713,659","36,953,595",47.94%,2024-12-31,2024,minority_shareholder
20231212000324,Y,00125974,삼부토건,소액주주,"13,657",-,99.9%,"13,250,059",-,53.41%,2018-12-31,2018,minority_shareholder
20231212000328,Y,00125974,삼부토건,소액주주,"15,370",-,99.9%,"86,187,180",-,63.3%,2019-12-31,2019,minority_shareholder
20231212000331,Y,00125974,삼부토건,소액주주,"46,283","46,291",99.97%,"96,753,500","137,546,368",70.33%,2020-12-31,2020,minority_shareholder
20231212000335,Y,00125974,삼부토건,소액주주,"56,010","56,017",99.99%,"114,364,481","148,956,269",76.78%,2021-12-31,2021,minority_shareholder
20240821000566,Y,00125974,삼부토건,소액주주,"91,208","91,218",99.99%,"164,367,130","197,673,375",83.15%,2022-12-31,2022,minority_shareholder
20240821000569,Y,00125974,삼부토건,소액주주,"137,653","137,654",100.00%,"187,673,375","204,259,254",91.88%,2023-12-31,2023,minority_shareholder
20250814002051,Y,00125974,삼부토건,소액주주,"125,302","125,304",100.00%,"221,903,321","229,681,824",96.61%,2024-12-31,2024,minority_shareholder
20190329003368,Y,00129350,삼화콘덴서공업,소액주주,"34,924",-,99.98%,"6,842,022",-,65.82%,2018-12-31,2018,minority_shareholder
20200330002899,Y,00129350,삼화콘덴서공업,소액주주,"30,402",-,99.98%,"6,968,730",-,67.04%,2019-12-31,2019,minority_shareholder
20210318000813,Y,00129350,삼화콘덴서공업,소액주주,"40,422","40,431",99.98%,"6,666,426","10,395,000",64.13%,2020-12-31,2020,minority_shareholder
20220317000863,Y,00129350,삼화콘덴서공업,소액주주,"46,218","46,224",99.99%,"7,206,568","10,395,000",69.33%,2021-12-31,2021,minority_shareholder
20230316001232,Y,00129350,삼화콘덴서공업,소액주주,"46,205","46,211",99.99%,"7,230,574","10,395,000",69.56%,2022-12-31,2022,minority_shareholder
20240314001464,Y,00129350,삼화콘덴서공업,소액주주,"41,174","41,180",99.99%,"7,187,838","10,395,000",69.15%,2023-12-31,2023,minority_shareholder
20250313000953,Y,00129350,삼화콘덴서공업,소액주주,"35,970","35,977",99.99%,"6,925,209","10,395,000",66.62%,2024-12-31,2024,minority_shareholder
20190814002034,Y,00134723,페이퍼코리아,소액주주,"11,177",-,99.96%,"31,028,837",-,42.29%,2018-12-31,2018,minority_shareholder
20200330001413,Y,00134723,페이퍼코리아,소액주주,"10,088",-,99.94%,"31,688,642",-,35.24%,2019-12-31,2019,minority_shareholder
20210503000454,Y,00134723,페이퍼코리아,소액주주,"12,302","12,304",99.98%,"11,286,536","37,502,728",30.10%,2020-12-31,2020,minority_shareholder
20220330001348,Y,00134723,페이퍼코리아,소액주주,"11,019","11,023",99.96%,"13,442,147","40,900,159",32.87%,2021-12-31,2021,minority_shareholder
20230323001248,Y,00134723,페이퍼코리아,소액주주,"13,406","13,411",99.96%,"18,926,716","47,566,810",39.78%,2022-12-31,2022,minority_shareholder
20240321001475,Y,00134723,페이퍼코리아,소액주주,"11,115","11,117",99.98%,"23,781,146","177,983,313",13.36%,2023-12-31,2023,minority_shareholder
20250320001403,Y,00134723,페이퍼코리아,소액주주,"9,525","9,528",99.97%,"21,735,668","177,983,313",13.36%,2024-12-31,2024,minority_shareholder
20190814001889,Y,00117337,동양,소액주주,"21,827",-,99.95%,"115,313,641",-,48.31%,2018-12-31,2018,minority_shareholder
20200330004448,Y,00117337,동양,소액주주,"20,674",-,99.95%,"116,067,630",-,48.63%,2019-12-31,2019,minority_shareholder
20210322001119,Y,00117337,동양,소액주주,"21,776","21,787",99.95%,"112,483,822","238,684,063",47.13%,2020-12-31,2020,minority_shareholder
20220323000930,Y,00117337,동양,소액주주,"35,975","35,984",99.97%,"117,616,415","238,684,063",49.28%,2021-12-31,2021,minority_shareholder
20230403003757,Y,00117337,동양,소액주주,"32,305","32,315",99.97%,"112,370,346","238,684,063",47.08%,2022-12-31,2022,minority_shareholder
20240320001400,Y,00117337,동양,소액주주,"29,048","29,058",99.97%,"105,503,628","238,684,063",44.23%,2023-12-31,2023,minority_shareholder
20250814004295,Y,00117337,동양,소액주주,"26,901","26,911",99.97%,"105,638,738","238,684,063",44.28%,2024-12-31,2024,minority_shareholder
20190730000354,Y,00149947,JW중외제약,소액주주,"19,032",-,99.91%,"10,263,905",-,51.82%,2018-12-31,2018,minority_shareholder
20200330004416,Y,00149947,JW중외제약,소액주주,"19,473",-,99.95%,"10,159,033",-,50.02%,2019-12-31,2019,minority_shareholder
20210318000866,Y,00149947,JW중외제약,소액주주,"28,876","28,891",99.96%,"10,526,229","20,920,054",50.33%,2020-12-31,2020,minority_shareholder
20220321001347,Y,00149947,JW중외제약,소액주주,"31,501","31,516",99.95%,"11,217,965","21,539,926",52.08%,2021-12-31,2021,minority_shareholder
20230321001149,Y,00149947,JW중외제약,소액주주,"31,140","31,147",99.98%,"12,565,810","23,241,616",54.07%,2022-12-31,2022,minority_shareholder
20240318000800,Y,00149947,JW중외제약,소액주주,"29,955","29,970",99.96%,"11,535,055","23,898,571",48.27%,2023-12-31,2023,minority_shareholder
20250318001192,Y,00149947,JW중외제약,소액주주,"26,551","26,566",99.94%,"11,761,694","24,349,465",48.30%,2024-12-31,2024,minority_shareholder
20190401004367,Y,00141307,영풍,소액주주,"3,042",-,99.31%,"206,352",-,14.13%,2018-12-31,2018,minority_shareholder
20200330002771,Y,00141307,영풍,소액주주,"2,956",-,99.39%,"272,682",-,14.80%,2019-12-31,2019,minority_shareholder
20210316000780,Y,00141307,영풍,소액주주,"3,813","3,833",99.50%,"256,220","1,842,040",13.91%,2020-12-31,2020,minority_shareholder
20220315000564,Y,00141307,영풍,소액주주,"3,894","3,915",99.46%,"244,123","1,842,040",13.25%,2021-12-31,2021,minority_shareholder
20230713000143,Y,00141307,영풍,소액주주,"5,821","5,842",99.64%,"296,213","1,842,040",16.08%,2022-12-31,2022,minority_shareholder
20240814004220,Y,00141307,영풍,소액주주,"5,309","5,330",99.61%,"295,251","1,842,040",16.03%,2023-12-31,2023,minority_shareholder
20250401003228,Y,00141307,영풍,소액주주,"5,877","5,896",99.68%,"361,616","1,842,040",19.63%,2024-12-31,2024,minority_shareholder
20200330002989,Y,00122472,PKC,소액주주,"3,654",-,99.56%,"18,586,144",-,41.38%,2018-12-31,2018,minority_shareholder
20200330003056,Y,00122472,PKC,소액주주,"5,592",-,99.78%,"19,680,772",-,43.83%,2019-12-31,2019,minority_shareholder
20210317000563,Y,00122472,PKC,소액주주,"13,377","13,389",99.91%,"23,287,593","44,918,407",51.84%,2020-12-31,2020,minority_shareholder
20220316000411,Y,00122472,PKC,소액주주,"23,816","23,827",99.95%,"23,951,341","44,918,407",53.32%,2021-12-31,2021,minority_shareholder
20240315000854,Y,00122472,PKC,소액주주,"22,016","22,027",99.95%,"24,188,482","44,918,407",53.85%,2022-12-31,2022,minority_shareholder
20240320001979,Y,00122472,PKC,소액주주,"31,985","31,997",99.96%,"24,681,042","44,918,407",54.95%,2023-12-31,2023,minority_shareholder
20250318001326,Y,00122472,PKC,소액주주,"20,901","20,912",99.94%,"24,766,272","44,918,407",55.1%,2024-12-31,2024,minority_shareholder
20190401003814,Y,00163716,한창,소액주주,"13,309",-,99.96%,"27,445,421",-,79.65%,2018-12-31,2018,minority_shareholder
20200330001841,Y,00163716,한창,소액주주,"18,213",-,99.97%,"29,376,766",-,84.46%,2019-12-31,2019,minority_shareholder
20210817001332,Y,00163716,한창,소액주주,"17,892","17,899",99.96%,"60,065,687","66,790,269",89.94%,2020-12-31,2020,minority_shareholder
20220323001074,Y,00163716,한창,소액주주,"18,901","18,907",99.97%,"61,791,242","66,790,269",92.52%,2021-12-31,2021,minority_shareholder
20230330001135,Y,00163716,한창,소액주주,"23,904","23,909",99.98%,"71,637,268","79,395,668",90.23%,2022-12-31,2022,minority_shareholder
20240328001679,Y,00163716,한창,소액주주,"17,458","17,463",99.97%,"14,847,415","18,606,407",79.80%,2023-12-31,2023,minority_shareholder
20250801000425,Y,00163716,한창,소액주주,"16,785","16,791",99.98%,"14,430,711","18,606,407",77.58%,2024-12-31,2024,minority_shareholder
20190626000216,Y,00129235,삼화왕관,소액주주,"1,092",-,99.27%,"308,296",-,14.31%,2018-12-31,2018,minority_shareholder
20200330000650,Y,00129235,삼화왕관,소액주주,"1,068",-,98.98%,"312,622",-,14.51%,2019-12-31,2019,minority_shareholder
20210608000200,Y,00129235,삼화왕관,소액주주,"1,350","1,359",99.34%,"299,001","2,154,379",13.88%,2020-12-31,2020,minority_shareholder
20220317000402,Y,00129235,삼화왕관,소액주주,"1,485","1,493",99.46%,"338,470","2,154,379",15.71%,2021-12-31,2021,minority_shareholder
20230316000542,Y,00129235,삼화왕관,소액주주,"3,170","3,177",99.77%,"378,684","2,154,379",17.57%,2022-12-31,2022,minority_shareholder
20240314001652,Y,00129235,삼화왕관,소액주주,"2,726","2,733",99.74%,"361,992","2,154,379",16.80%,2023-12-31,2023,minority_shareholder
20250320000947,Y,00129235,삼화왕관,소액주주,"2,257","2,264",99.69%,"351,052","2,154,379",16.29%,2024-12-31,2024,minority_shareholder
20190402001474,Y,00103006,고려제강,소액주주,"4,195",-,99.56%,"4,386,584",-,21.93%,2018-12-31,2018,minority_shareholder
20200330003620,Y,00103006,고려제강,소액주주,"4,264",-,99.59%,"4,514,667",-,22.56%,2019-12-31,2019,minority_shareholder
20210318001381,Y,00103006,고려제강,소액주주,"6,903","6,920",99.75%,"4,958,756","20,000,000",24.79%,2020-12-31,2020,minority_shareholder
20220317001248,Y,00103006,고려제강,소액주주,"8,721","8,739",99.81%,"5,614,828","23,000,000",24.43%,2021-12-31,2021,minority_shareholder
20230316001326,Y,00103006,고려제강,소액주주,"9,494","9,512",99.81%,"5,614,922","23,000,000",24.41%,2022-12-31,2022,minority_shareholder
20240321001689,Y,00103006,고려제강,소액주주,"11,932","11,950",99.85%,"6,099,290","25,000,000",24.40%,2023-12-31,2023,minority_shareholder
20250515002790,Y,00103006,고려제강,소액주주,"11,005","11,024",99.83%,"5,814,695","25,000,000",23.26%,2024-12-31,2024,minority_shareholder
20220630000603,Y,00153755,태양금속공업,소액주주,"8,304",-,96.99%,"20,217,044",-,50.54%,2018-12-31,2018,minority_shareholder
20220630000614,Y,00153755,태양금속공업,소액주주,"6,684",-,99.81%,"16,320,062",-,44.45%,2019-12-31,2019,minority_shareholder
20210318001136,Y,00153755,태양금속공업,소액주주,"5,161","5,172",99.79%,"17,281,818","36,700,000",47.09%,2020-12-31,2020,minority_shareholder
20220315000922,Y,00153755,태양금속공업,소액주주,"26,141","26,154",99.96%,"16,136,188","36,700,000",43.97%,2021-12-31,2021,minority_shareholder
20230323000932,Y,00153755,태양금속공업,소액주주,"21,363","21,374",99.95%,"17,388,432","36,700,000",47.38%,2022-12-31,2022,minority_shareholder
20240321001287,Y,00153755,태양금속공업,소액주주,"26,227","26,335",99.59%,"19,681,171","36,700,000",53.63%,2023-12-31,2023,minority_shareholder
20250317000712,Y,00153755,태양금속공업,소액주주,"21,045","21,052",99.9%,"18,774,176","36,700,000",51.2%,2024-12-31,2024,minority_shareholder
20190401002093,Y,00132211,SUN&L,소액주주,-,-,-,-,-,-,2018-12-31,2018,minority_shareholder
20200330001226,Y,00132211,SUN&L,소액주주,-,-,-,-,-,-,2019-12-31,2019,minority_shareholder
20210322001090,Y,00132211,SUN&L,소액주주,"3,152","3,175",99.28%,"5,411,637","12,607,989",42.92%,2020-12-31,2020,minority_shareholder
20220812000487,Y,00132211,SUN&L,소액주주,"2,947","2,970",99.24%,"5,250,383","12,607,989",41.66%,2021-12-31,2021,minority_shareholder
20230515001480,Y,00132211,SUN&L,소액주주,"3,130","3,155",99.21%,"5,076,304","12,607,989",40.26%,2022-12-31,2022,minority_shareholder
20240321001713,Y,00132211,SUN&L,소액주주,"2,993","3,018",99.17%,"5,062,834","12,607,989",40.16%,2023-12-31,2023,minority_shareholder
20250321001205,Y,00132211,SUN&L,소액주주,"2,747","2,772",99.11%,"5,283,593","12,607,989",41.93%,2024-12-31,2024,minority_shareholder
20190329003135,Y,00118266,DRB동일,소액주주,-,-,-,-,-,-,2018-12-31,2018,minority_shareholder
20200330002489,Y,00118266,DRB동일,소액주주,-,-,-,-,-,-,2019-12-31,2019,minority_shareholder
20210316000835,Y,00118266,DRB동일,소액주주,"5,561","5,569",99.88%,"4,966,718","19,930,000",24.94%,2020-12-31,2020,minority_shareholder
20220316000864,Y,00118266,DRB동일,소액주주,"5,427","5,435",99.85%,"4,948,910","19,930,000",24.83%,2021-12-31,2021,minority_shareholder
20230315000744,Y,00118266,DRB동일,소액주주,"6,332","6,338",99.90%,"5,246,081","19,930,000",26.32%,2022-12-31,2022,minority_shareholder
20240313001071,Y,00118266,DRB동일,소액주주,"5,211","5,217",99.9%,"5,245,593","19,930,000",26.3%,2023-12-31,2023,minority_shareholder
20250313000850,Y,00118266,DRB동일,소액주주,"5,429","5,437",99.85%,"4,792,888","19,930,000",24.05%,2024-12-31,2024,minority_shareholder
20190401005208,Y,00173874,넥센타이어,소액주주,"8,811",-,99.91%,"19,880,000",-,20.36%,2018-12-31,2018,minority_shareholder
20200330004584,Y,00173874,넥센타이어,소액주주,"15,962",-,99.95%,"26,585,015,000",-,25.52%,2019-12-31,2019,minority_shareholder
20210318000728,Y,00173874,넥센타이어,소액주주,"37,434","37,443",99.98%,"30,770,742","97,667,877",31.51%,2020-12-31,2020,minority_shareholder
20220318000955,Y,00173874,넥센타이어,소액주주,"56,848","56,859",99.98%,"20,835,202,000","97,667,877,000",21.33%,2021-12-31,2021,minority_shareholder
20230320000888,Y,00173874,넥센타이어,소액주주,"53,751","53,762",99.98%,"19,976,065","97,667,877",20.45%,2022-12-31,2022,minority_shareholder
20240318000903,Y,00173874,넥센타이어,소액주주,"46,730","46,739",99.98%,"16,153,489","97,667,877",16.54%,2023-12-31,2023,minority_shareholder
20250318001449,Y,00173874,넥센타이어,소액주주,"44,337","44,349",99.99%,"17,568,775","97,667,877",18.01%,2024-12-31,2024,minority_shareholder
20190401001719,Y,00133511,SG세계물산,소액주주,-,-,-,-,-,-,2018-12-31,2018,minority_shareholder
20200330002963,Y,00133511,SG세계물산,소액주주,"12,238",-,99.96%,"91,732,157",-,45.31%,2019-12-31,2019,minority_shareholder
20210316000692,Y,00133511,SG세계물산,소액주주,"13,230","13,233",99.9%,"97,843,840","202,424,960",48.33%,2020-12-31,2020,minority_shareholder
20220316000435,Y,00133511,SG세계물산,소액주주,"15,594","15,597",99.9%,"99,972,113","202,424,960",49.39%,2021-12-31,2021,minority_shareholder
20230317000464,Y,00133511,SG세계물산,소액주주,"16,570","16,574",99.99%,"96,657,103","202,424,960",47.76%,2022-12-31,2022,minority_shareholder
20240318000337,Y,00133511,SG세계물산,소액주주,"16,467","16,471",99.99%,"96,324,389","202,424,960",47.59%,2023-12-31,2023,minority_shareholder
20250318000626,Y,00133511,SG세계물산,소액주주,"14,135","14,139",99.97%,"96,324,389","202,424,960",47.59%,2024-12-31,2024,minority_shareholder
20190401002360,Y,00157681,롯데정밀화학,소액주주,"21,441",-,99.9%,"11,696,616",-,45.3%,2018-12-31,2018,minority_shareholder
20200330004434,Y,00157681,롯데정밀화학,소액주주,"19,126",-,99.9%,"13,078,150",-,50.7%,2019-12-31,2019,minority_shareholder
20210311001146,Y,00157681,롯데정밀화학,소액주주,"24,733","24,739",99.98%,"13,359,293","25,470,000",52.45%,2020-12-31,2020,minority_shareholder
20220310001085,Y,00157681,롯데정밀화학,소액주주,"57,107","57,114",99.99%,"13,678,328","25,800,000",53.03%,2021-12-31,2021,minority_shareholder
20230314001159,Y,00157681,롯데정밀화학,소액주주,"43,073","43,087",99.98%,"11,031,145","25,800,000",42.77%,2022-12-31,2022,minority_shareholder
20240329003375,Y,00157681,롯데정밀화학,소액주주,"39,367","39,381",99.98%,"11,120,282","25,800,000",43.12%,2023-12-31,2023,minority_shareholder
20250327000664,Y,00157681,롯데정밀화학,소액주주,"40,641","40,652",99.97%,"11,318,341","25,800,000",43.87%,2024-12-31,2024,minority_shareholder
20190401001980,Y,00119195,동화약품,소액주주,"6,778",-,99.59%,"13,491,325",-,48.29%,2018-12-31,2018,minority_shareholder
20200330001229,Y,00119195,동화약품,소액주주,"6,500",-,99.62%,"11,986,674",-,"42,91%",2019-12-31,2019,minority_shareholder
20210317000578,Y,00119195,동화약품,소액주주,"35,012","35,032",99.96%,"15,540,826","27,931,470",55.66%,2020-12-31,2020,minority_shareholder
20220322000889,Y,00119195,동화약품,소액주주,"33,833","33,852",99.96%,"15,797,905","27,931,470",56.56%,2021-12-31,2021,minority_shareholder
20230315001100,Y,00119195,동화약품,소액주주,"30,393","30,411",99.94%,"16,645,223","27,931,470",59.59%,2022-12-31,2022,minority_shareholder
20240319000652,Y,00119195,동화약품,소액주주,"27,182","27,201",99.93%,"15,927,153","27,931,470",57.02%,2023-12-31,2023,minority_shareholder
20250318000739,Y,00119195,동화약품,소액주주,"27,515","27,524",99.96%,"16,701,566","27,931,470",59.79%,2024-12-31,2024,minority_shareholder
20190401005101,Y,00109693,DL,소액주주,"15,721",-,95.19%,"22,927,864",-,59.39%,2018-12-31,2018,minority_shareholder
20200515001792,Y,00109693,DL,소액주주,"14,656",-,"95,44%","23,484,306",-,60.83%,2019-12-31,2019,minority_shareholder
20210405003117,Y,00109693,DL,소액주주,"48,969","48,982",99.97%,"21,744,876","34,800,000",62.49%,2020-12-31,2020,minority_shareholder
20230728000642,Y,00109693,DL,소액주주,"42,151","42,161",99.98%,"10,459,844","20,955,884",49.91%,2021-12-31,2021,minority_shareholder
20230728000644,Y,00109693,DL,소액주주,"33,320","33,332",99.96%,"9,739,910","20,955,884",46.48%,2022-12-31,2022,minority_shareholder
20240329002623,Y,00109693,DL,소액주주,"30,824","30,837",99.96%,"8,417,478","20,955,884",40.17%,2023-12-31,2023,minority_shareholder
20250317000751,Y,00109693,DL,소액주주,"27,576","27,588",99.96%,"8,239,753","20,955,884",39.32%,2024-12-31,2024,minority_shareholder
20190401001745,Y,00120076,LX인터내셔널,소액주주,"23,586",-,99.95%,"24,251,630",-,62.57%,2018-12-31,2018,minority_shareholder
20200330001639,Y,00120076,LX인터내셔널,소액주주,"23,061",-,99.96%,"25,034,795",-,64.59%,2019-12-31,2019,minority_shareholder
20210316000546,Y,00120076,LX인터내셔널,소액주주,"36,512","36,520",99.98%,"22,976,527","38,760,000",59.28%,2020-12-31,2020,minority_shareholder
20220316000964,Y,00120076,LX인터내셔널,소액주주,"43,718","43,725",99.98%,"24,480,708","38,760,000",63.16%,2021-12-31,2021,minority_shareholder
20230315000850,Y,00120076,LX인터내셔널,소액주주,"33,935","33,943",99.98%,"23,068,486","38,760,000",59.52%,2022-12-31,2022,minority_shareholder
20240320000868,Y,00120076,LX인터내셔널,소액주주,"50,077","50,082",99.99%,"24,526,850","38,760,000",63.28%,2023-12-31,2023,minority_shareholder
20250320000626,Y,00120076,LX인터내셔널,소액주주,"39,672","39,677",99.99%,"24,526,207","38,760,000",63.28%,2024-12-31,2024,minority_shareholder
20190401000181,Y,00104722,국제약품,소액주주,-,-,-,-,-,-,2018-12-31,2018,minority_shareholder
20200330000537,Y,00104722,국제약품,소액주주,-,-,-,-,-,-,2019-12-31,2019,minority_shareholder
20210317000306,Y,00104722,국제약품,소액주주,-,-,-,-,-,-,2020-12-31,2020,minority_shareholder
20220317000400,Y,00104722,국제약품,소액주주,"19,420","19,439",99.90%,"10,254,833","18,381,192",55.79%,2021-12-31,2021,minority_shareholder
20230316000069,Y,00104722,국제약품,소액주주,"20,895","20,915",99.92%,"10,371,557","19,293,679",53.76%,2022-12-31,2022,minority_shareholder
20240321001179,Y,00104722,국제약품,소액주주,"21,330","21,345",99.95%,"10,708,931","21,159,832",50.62%,2023-12-31,2023,minority_shareholder
20250320000537,Y,00104722,국제약품,소액주주,"19,083","19,097",99.93%,"11,411,830","21,159,832",53.95%,2024-12-31,2024,minority_shareholder
20190417000571,Y,00153393,태광산업,소액주주,"1,330",-,90.97%,"201,171",-,18.07%,2018-12-31,2018,minority_shareholder
20200330002868,Y,00153393,태광산업,소액주주,"2,075",-,99.43%,"201,416",-,18.09%,2019-12-31,2019,minority_shareholder
20220225006914,Y,00153393,태광산업,소액주주,"3,014","3,027",99.57%,"178,132","1,113,400",16.00%,2020-12-31,2020,minority_shareholder
20220317001199,Y,00153393,태광산업,소액주주,"3,134","3,145",99.66%,"158,049","1,113,400",14.20%,2021-12-31,2021,minority_shareholder
20230323001281,Y,00153393,태광산업,소액주주,"2,905","2,916",99.64%,"146,419","1,113,400",13.16%,2022-12-31,2022,minority_shareholder
20240329003575,Y,00153393,태광산업,소액주주,"3,588","3,599",99.72%,"156,445","1,113,400",14.06%,2023-12-31,2023,minority_shareholder
20250814001448,Y,00153393,태광산업,소액주주,"3,048","3,060",99.61%,"158,033","1,113,400",14.21%,2024-12-31,2024,minority_shareholder
20210420000231,Y,00124151,부산주공,소액주주,"5,835",-,99.40%,"29,362,678",-,69.33%,2018-12-31,2018,minority_shareholder
20210420000234,Y,00124151,부산주공,소액주주,"6,183",-,99.83%,"30,376,073",-,71.64%,2019-12-31,2019,minority_shareholder
20210420000237,Y,00124151,부산주공,소액주주,"7,690","7,705",99.82%,"39,280,306","56,849,517",69.11%,2020-12-31,2020,minority_shareholder
20220322000532,Y,00124151,부산주공,소액주주,"7,562","7,580",99.78%,"36,413,439","65,973,604",55.21%,2021-12-31,2021,minority_shareholder
20230323001492,Y,00124151,부산주공,소액주주,"14,341","14,354",99.91%,"43,739,309","72,928,988",59.98%,2022-12-31,2022,minority_shareholder
20250521000331,Y,00124151,부산주공,소액주주,"14,889","14,903",99.89%,"54,752,249","78,782,988",69.49%,2023-12-31,2023,minority_shareholder
20250521000343,Y,00124151,부산주공,소액주주,"14,903","14,916",99.9%,"55,648,010","78,782,988",70.63%,2024-12-31,2024,minority_shareholder
20190329003805,Y,00160843,DB하이텍,소액주주,"19,817",-,99.91%,"24,692,322",-,55.62%,2018-12-31,2018,minority_shareholder
20200330004051,Y,00160843,DB하이텍,소액주주,"22,259",-,99.92%,"26,191,704",-,58.99%,2019-12-31,2019,minority_shareholder
20210319001013,Y,00160843,DB하이텍,소액주주,"60,815","60,822",99.99%,"31,641,129","43,332,624",73.02%,2020-12-31,2020,minority_shareholder
20220321001280,Y,00160843,DB하이텍,소액주주,"111,281","111,290",99.99%,"30,010,597","43,358,698",67.59%,2021-12-31,2021,minority_shareholder
20230321001125,Y,00160843,DB하이텍,소액주주,"128,399","128,405",99.99%,"33,398,576","43,358,698",77.03%,2022-12-31,2022,minority_shareholder
20240327001130,Y,00160843,DB하이텍,소액주주,"85,336","85,348",99.98%,"27,154,303","44,398,588",61.16%,2023-12-31,2023,minority_shareholder
20250312001130,Y,00160843,DB하이텍,소액주주,"88,239","88,248",99.99%,"28,022,088","44,398,588",63.11%,2024-12-31,2024,minority_shareholder
20190619000229,Y,00109824,대림통상,소액주주,"1,368",-,99.35%,"1,574,843",-,0.34%,2018-12-31,2018,minority_shareholder
20200330002810,Y,00109824,대림통상,소액주주,"1,413",-,99.44%,"1,648,822",-,10.83%,2019-12-31,2019,minority_shareholder
20210318001276,Y,00109824,대림통상,소액주주,"1,197","1,206",99.2%,"1,644,138","15,225,000",10.7%,2020-12-31,2020,minority_shareholder
20220323000843,Y,00109824,대림통상,소액주주,"2,904","2,913",99.69%,"2,455,695","15,225,000",16.13%,2021-12-31,2021,minority_shareholder
20230322000569,Y,00109824,대림통상,소액주주,"3,059","3,068",99.71%,"2,454,243","15,225,000",16.12%,2022-12-31,2022,minority_shareholder
20240321001877,Y,00109824,대림통상,소액주주,"3,065","3,076",99.64%,"2,443,129","15,225,000",16.05%,2023-12-31,2023,minority_shareholder
20250320001663,Y,00109824,대림통상,소액주주,"2,449","2,460",99.55%,"2,150,650","15,225,000",14.13%,2024-12-31,2024,minority_shareholder
20190401002021,Y,00144818,유유제약,소액주주,"6,594",-,99.85%,"3,392,545",-,53.26%,2018-12-31,2018,minority_shareholder
20200330003454,Y,00144818,유유제약,소액주주,-,-,-,-,-,-,2019-12-31,2019,minority_shareholder
20210317001204,Y,00144818,유유제약,소액주주,-,-,-,-,-,-,2020-12-31,2020,minority_shareholder
20220323000620,Y,00144818,유유제약,소액주주,"27,642","27,662",99.94%,"10,009,465","17,232,351",58.10%,2021-12-31,2021,minority_shareholder
20230322001027,Y,00144818,유유제약,소액주주,"23,906","23,925",99.93%,"10,089,631","16,350,924",61.71%,2022-12-31,2022,minority_shareholder
20240320001162,Y,00144818,유유제약,소액주주,"23,962","23,979",99.94%,"9,726,145","16,182,673",57.11%,2023-12-31,2023,minority_shareholder
20250319000817,Y,00144818,유유제약,소액주주,"19,664","19,680",99.92%,"10,185,026","16,182,673",62.94%,2024-12-31,2024,minority_shareholder
20190401003049,Y,00100939,강남제비스코,소액주주,"2,678",-,99.33%,"2,143,472",-,32.98%,2018-12-31,2018,minority_shareholder
20200330002287,Y,00100939,강남제비스코,소액주주,"3,013",-,99.37%,"2,170,589",-,33.39%,2019-12-31,2019,minority_shareholder
20210317000299,Y,00100939,강남제비스코,소액주주,"3,272","3,288",99.51%,"2,413,407","6,405,130",37.68%,2020-12-31,2020,minority_shareholder
20220321000879,Y,00100939,강남제비스코,소액주주,"5,415","5,431",99.71%,"2,511,666","6,405,130",39.21%,2021-12-31,2021,minority_shareholder
20230320000691,Y,00100939,강남제비스코,소액주주,"6,413","6,430",99.73%,"2,441,486","6,405,130",38.11%,2022-12-31,2022,minority_shareholder
20240320001810,Y,00100939,강남제비스코,소액주주,"4,847","4,863",99.67%,"2,353,216","6,405,130",36.74%,2023-12-31,2023,minority_shareholder
20250318001036,Y,00100939,강남제비스코,소액주주,"3,356","3,373",99.50%,"2,231,919","6,405,130",34.85%,2024-12-31,2024,minority_shareholder
20190626000411,Y,00173698,신일전자,소액주주,"13,363",-,99.89%,"58,628,779",-,82.52%,2018-12-31,2018,minority_shareholder
20200330002582,Y,00173698,신일전자,소액주주,"21,978",-,99.94%,"60,178,382",-,84.70%,2019-12-31,2019,minority_shareholder
20210322000414,Y,00173698,신일전자,소액주주,"28,269","28,274",99.98%,"57,042,503","71,047,521",80.28%,2020-12-31,2020,minority_shareholder
20220321000808,Y,00173698,신일전자,소액주주,"134,737","134,774",99.99%,"56,027,262","71,047,521",78.85%,2021-12-31,2021,minority_shareholder
20230323000459,Y,00173698,신일전자,소액주주,"123,002","123,006",99.99%,"58,026,921","71,047,521",81.67%,2022-12-31,2022,minority_shareholder
20240320000394,Y,00173698,신일전자,소액주주,"112,813","112,824",99.99%,"61,140,695","71,047,521",86.06%,2023-12-31,2023,minority_shareholder
20250320000612,Y,00173698,신일전자,소액주주,"105,844","105,850",99.99%,"57,438,930","71,047,521",80.84%,2024-12-31,2024,minority_shareholder
20190401003716,Y,00126414,삼성제약,소액주주,"26,869",-,99.98%,"48,184,975",-,82.74%,2018-12-31,2018,minority_shareholder
20200330004313,Y,00126414,삼성제약,소액주주,"35,777",-,99.98%,"51,444,259",-,87.20%,2019-12-31,2019,minority_shareholder
20210707000529,Y,00126414,삼성제약,소액주주,"50,384","50,389",99.99%,"48,828,168","61,549,713",79.33%,2020-12-31,2020,minority_shareholder
20220812000933,Y,00126414,삼성제약,소액주주,"93,067","93,070",99.99%,"56,020,502","67,162,079",83.41%,2021-12-31,2021,minority_shareholder
20230320001021,Y,00126414,삼성제약,소액주주,"31,652","31,660",99.97%,"31,857,866","39,857,956",79.93%,2022-12-31,2022,minority_shareholder
20240320002024,Y,00126414,삼성제약,소액주주,"78,458","78,461",99.99%,"58,294,994","67,162,079",86.79%,2023-12-31,2023,minority_shareholder
20250814003559,Y,00126414,삼성제약,소액주주,"73,707","73,711",99.99%,"81,075,334","94,162,079",86.10%,2024-12-31,2024,minority_shareholder
20190401002128,Y,00126955,삼양식품,소액주주,"10,285",-,99.88%,"2,468,153",-,32.75%,2018-12-31,2018,minority_shareholder
20200331001835,Y,00126955,삼양식품,소액주주,"6,909",-,99.74%,"2,227,531",-,29.56%,2019-12-31,2019,minority_shareholder
20210318001425,Y,00126955,삼양식품,소액주주,"26,060","26,071",99.96%,"3,235,941","7,533,015",42.96%,2020-12-31,2020,minority_shareholder
20220315001195,Y,00126955,삼양식품,소액주주,"29,750","29,767",99.94%,"3,029,127","7,533,015",40.21%,2021-12-31,2021,minority_shareholder
20251112000498,Y,00126955,삼양식품,소액주주,"17,365","17,384",99.90%,"3,432,095","7,533,015",45.57%,2022-12-31,2022,minority_shareholder
20240320001358,Y,00126955,삼양식품,소액주주,"18,039","18,053",99.92%,"3,332,476","7,533,015",44.24%,2023-12-31,2023,minority_shareholder
20250318001186,Y,00126955,삼양식품,소액주주,"32,616","32,630",99.97%,"3,408,786","7,533,015",45.26%,2024-12-31,2024,minority_shareholder
20190618000170,Y,00116301,NI스틸,소액주주,"5,440",-,99.87%,"11,981,730",-,41.89%,2018-12-31,2018,minority_shareholder
20200330002169,Y,00116301,NI스틸,소액주주,"5,096",-,99.87%,"11,981,730",-,41.89%,2019-12-31,2019,minority_shareholder
20210311000847,Y,00116301,NI스틸,소액주주,"6,742","6,751",99.85%,"11,373,082","28,600,117",39.76%,2020-12-31,2020,minority_shareholder
20220310001141,Y,00116301,NI스틸,소액주주,"14,441","14,451",99.95%,"10,891,995","28,600,117",38.10%,2021-12-31,2021,minority_shareholder
20230316000724,Y,00116301,NI스틸,소액주주,-,-,-,-,-,-,2022-12-31,2022,minority_shareholder
20240314000638,Y,00116301,NI스틸,소액주주,"9,174","9,185",99.89%,"9,772,369","28,600,117",34.18%,2023-12-31,2023,minority_shareholder
20250313000820,Y,00116301,NI스틸,소액주주,"8,633","8,642",99.90%,"11,367,701","28,600,117",39.76%,2024-12-31,2024,minority_shareholder
20190401003491,Y,00146083,일동홀딩스,소액주주,-,-,-,-,-,-,2018-12-31,2018,minority_shareholder
20200330004764,Y,00146083,일동홀딩스,소액주주,"5,349",-,99.53%,"2,869,153",-,26.07%,2019-12-31,2019,minority_shareholder
20210319000013,Y,00146083,일동홀딩스,소액주주,"5,881","5,909",99.55%,"2,793,856","11,540,400",24.23%,2020-12-31,2020,minority_shareholder
20220317001050,Y,00146083,일동홀딩스,소액주주,"9,453","9,478",99.74%,"3,793,244","11,540,400",32.87%,2021-12-31,2021,minority_shareholder
20230316001183,Y,00146083,일동홀딩스,소액주주,"21,977","21,997",99.91%,"5,567,779","11,540,400",48.25%,2022-12-31,2022,minority_shareholder
20240314001097,Y,00146083,일동홀딩스,소액주주,"18,593","18,683",99.52%,"5,591,113","11,540,400",48.45%,2023-12-31,2023,minority_shareholder
20250318001009,Y,00146083,일동홀딩스,소액주주,"16,071","16,087",99.92%,"5,590,604","11,540,400",48.46%,2024-12-31,2024,minority_shareholder
20190329003355,Y,00109286,대동,소액주주,"6,605",-,99.79%,"10,775,919",-,45.40%,2018-12-31,2018,minority_shareholder
20200330002463,Y,00109286,대동,소액주주,"6,533",-,99.78%,"11,358,657",-,47.89%,2019-12-31,2019,minority_shareholder
20210318001361,Y,00109286,대동,소액주주,"9,364","9,376",99.87%,"12,105,728","23,728,210",51.02%,2020-12-31,2020,minority_shareholder
20220317001231,Y,00109286,대동,소액주주,"15,504","15,513",99.93%,"13,214,991","23,728,210",55.69%,2021-12-31,2021,minority_shareholder
20230322000832,Y,00109286,대동,소액주주,"20,959","20,973",99.93%,"11,228,360","23,932,354",46.91%,2022-12-31,2022,minority_shareholder
20240320002054,Y,00109286,대동,소액주주,"35,138","35,164",99.93%,"13,152,640","25,392,588",51.80%,2023-12-31,2023,minority_shareholder
20250318001356,Y,00109286,대동,소액주주,-,-,-,-,-,-,2024-12-31,2024,minority_shareholder
20200709000357,Y,00113492,깨끗한나라,소액주주,"11,080",-,99.87%,"12,386,194",-,33.25%,2018-12-31,2018,minority_shareholder
20200330004535,Y,00113492,깨끗한나라,소액주주,"10,251",-,99.87%,"12,045,220",-,32.33%,2019-12-31,2019,minority_shareholder
20210317001261,Y,00113492,깨끗한나라,소액주주,"11,794","11,807",99.89%,"11,040,641","37,239,247",29.65%,2020-12-31,2020,minority_shareholder
20220317000954,Y,00113492,깨끗한나라,소액주주,"23,114","23,126",99.95%,"14,020,023","37,240,693",37.65%,2021-12-31,2021,minority_shareholder
20230316000673,Y,00113492,깨끗한나라,소액주주,"22,982","22,993",99.95%,"14,318,147","37,240,693",38.44%,2022-12-31,2022,minority_shareholder
20240401001062,Y,00113492,깨끗한나라,소액주주,-,-,-,-,-,-,2023-12-31,2023,minority_shareholder
20250320000849,Y,00113492,깨끗한나라,소액주주,"19,552","19,563",99.94%,"14,039,495","37,240,693",37.70%,2024-12-31,2024,minority_shareholder
20190401001985,Y,00154055,태원물산,소액주주,"2,491",-,99.1%,"3,726,041",-,49.0%,2018-12-31,2018,minority_shareholder
20200330001221,Y,00154055,태원물산,소액주주,"2,179",-,99.1%,"3,548,380",-,46.6%,2019-12-31,2019,minority_shareholder
20210318000347,Y,00154055,태원물산,소액주주,"2,429","2,450",99.1%,"3,191,595","7,600,000",42.0%,2020-12-31,2020,minority_shareholder
20220317000490,Y,00154055,태원물산,소액주주,"2,577","2,594",99.3%,"3,205,486","7,600,000",42.2%,2021-12-31,2021,minority_shareholder
20230316000393,Y,00154055,태원물산,소액주주,"2,184","2,205",99.0%,"2,534,018","7,600,000",33.3%,2022-12-31,2022,minority_shareholder
20240320000726,Y,00154055,태원물산,소액주주,"1,842","1,863",98.8%,"2,093,149","7,600,000",27.5%,2023-12-31,2023,minority_shareholder
20250320001049,Y,00154055,태원물산,소액주주,"1,699","1,720",98.7%,"1,962,311","7,600,000",25.8%,2024-12-31,2024,minority_shareholder
20190401004781,Y,00126380,삼성전자,소액주주,-,-,-,-,-,-,2018-12-31,2018,minority_shareholder
20200330003851,Y,00126380,삼성전자,소액주주,-,-,-,-,-,-,2019-12-31,2019,minority_shareholder
20210309000744,Y,00126380,삼성전자,소액주주,"2,153,969","2,154,081",99.99%,"3,737,268,243","5,969,782,550",62.60%,2020-12-31,2020,minority_shareholder
20220308000798,Y,00126380,삼성전자,소액주주,"5,066,351","5,066,466",99.99%,"3,922,911,893","5,969,782,550",65.71%,2021-12-31,2021,minority_shareholder
20230307000542,Y,00126380,삼성전자,소액주주,"5,813,977","5,814,080",99.99%,"3,992,080,268","5,969,782,550",66.87%,2022-12-31,2022,minority_shareholder
20240312000736,Y,00126380,삼성전자,소액주주,"4,672,039","4,672,130",99.99%,"4,017,892,514","5,969,782,550",67.30%,2023-12-31,2023,minority_shareholder
20250311001085,Y,00126380,삼성전자,소액주주,"5,160,210","5,160,297",99.99%,"4,073,349,914","5,969,782,550",68.23%,2024-12-31,2024,minority_shareholder
20220503000008,Y,00126089,DH오토넥스,소액주주,-,-,-,-,-,-,2018-12-31,2018,minority_shareholder
20220503000009,Y,00126089,DH오토넥스,소액주주,"9,495",-,99.86%,"55,284,314",-,51.85%,2019-12-31,2019,minority_shareholder
20210406002956,Y,00126089,DH오토넥스,소액주주,"13,990","13,998",99.94%,"64,187,141","116,662,887",55.01%,2020-12-31,2020,minority_shareholder
20220322000990,Y,00126089,DH오토넥스,소액주주,"31,048","31,057",99.97%,"66,503,596","120,998,774",54.96%,2021-12-31,2021,minority_shareholder
20230324000003,Y,00126089,DH오토넥스,소액주주,"27,939","27,947",99.97%,"67,799,028","120,998,774",56.03%,2022-12-31,2022,minority_shareholder
20250331004364,Y,00126089,DH오토넥스,소액주주,"31,718","31,720",99.99%,"109,769,604","126,454,909",86.80%,2023-12-31,2023,minority_shareholder
20250604000001,Y,00126089,DH오토넥스,소액주주,"22,784","22,790",99.99%,"19,267,045","81,451,691",23.65%,2024-12-31,2024,minority_shareholder
20190401003573,Y,00122579,BYC,소액주주,"2,366",-,99.12%,"264,631",-,31.50%,2018-12-31,2018,minority_shareholder
20200330003485,Y,00122579,BYC,소액주주,"2,794",-,99.22%,"307,074",-,36.55%,2019-12-31,2019,minority_shareholder
20210318001376,Y,00122579,BYC,소액주주,"2,431","2,689",90.40%,"306,284","840,000",36.46%,2020-12-31,2020,minority_shareholder
20220317001262,Y,00122579,BYC,소액주주,"2,420","2,678",90.37%,"289,195","840,000",34.43%,2021-12-31,2021,minority_shareholder
20230316001312,Y,00122579,BYC,소액주주,"2,068","2,316",89.29%,"282,518","840,000",33.63%,2022-12-31,2022,minority_shareholder
20240314001341,Y,00122579,BYC,소액주주,"1,772","2,007",88.29%,"262,544","840,000",31.25%,2023-12-31,2023,minority_shareholder
20250320001026,Y,00122579,BYC,소액주주,"2,490","2,811",88.58%,"2,792,466","8,400,000",33.24%,2024-12-31,2024,minority_shareholder
20190401003283,Y,00138242,KG모빌리티,소액주주,"31,707",-,99.98%,"36,048,379",-,26.13%,2018-12-31,2018,minority_shareholder
20200330002307,Y,00138242,KG모빌리티,소액주주,"31,833",-,99.98%,"35,791,356",-,23.87%,2019-12-31,2019,minority_shareholder
20210323000883,Y,00138242,KG모빌리티,소액주주,"48,381","48,383",99.99%,"37,983,069","149,840,002",25.34%,2020-12-31,2020,minority_shareholder
20220427000218,Y,00138242,KG모빌리티,소액주주,"48,452","48,454",99.99%,"37,984,894","149,840,002",25.35%,2021-12-31,2021,minority_shareholder
20230314001136,Y,00138242,KG모빌리티,소액주주,"43,160","43,170",99.99%,"40,490,942","186,956,024",21.67%,2022-12-31,2022,minority_shareholder
20240318000335,Y,00138242,KG모빌리티,소액주주,"72,996","73,007",99.99%,"46,407,411","186,956,024",24.83%,2023-12-31,2023,minority_shareholder
20250318000528,Y,00138242,KG모빌리티,소액주주,"79,625","79,637",99.99%,"52,725,357","196,404,254",26.85%,2024-12-31,2024,minority_shareholder
20190401003336,Y,00125530,삼립,소액주주,"8,765",-,99.93%,"1,611,167",-,18.67%,2018-12-31,2018,minority_shareholder
20200330003345,Y,00125530,삼립,소액주주,"10,193",-,99.94%,"1,578,215",-,18.29%,2019-12-31,2019,minority_shareholder
20210318000643,Y,00125530,삼립,소액주주,"16,489","16,499",99.94%,"1,548,210","8,105,223",19.10%,2020-12-31,2020,minority_shareholder
20220317001271,Y,00125530,삼립,소액주주,"24,302","24,312",99.96%,"1,545,724","8,629,009",17.91%,2021-12-31,2021,minority_shareholder
20230316001219,Y,00125530,삼립,소액주주,"20,865","20,874",99.96%,"1,471,284","8,629,009",17.06%,2022-12-31,2022,minority_shareholder
20240321001513,Y,00125530,삼립,소액주주,"19,371","19,380",99.95%,"1,446,020","8,629,009",16.76%,2023-12-31,2023,minority_shareholder
20250318001175,Y,00125530,삼립,소액주주,"20,065","20,073",99.96%,"1,756,712","8,629,009",20.36%,2024-12-31,2024,minority_shareholder
20190813000206,Y,00146454,일양약품,소액주주,"21,540",-,99.95%,"12,038,933",-,61.64%,2018-12-31,2018,minority_shareholder
20200330000518,Y,00146454,일양약품,소액주주,"19,669",-,99.94%,"11,454,695",-,60.02%,2019-12-31,2019,minority_shareholder
20210318001085,Y,00146454,일양약품,소액주주,"48,166","48,172",99.98%,"12,156,189","19,085,664",62.24%,2020-12-31,2020,minority_shareholder
20220317000353,Y,00146454,일양약품,소액주주,"46,641","46,652",99.97%,"12,651,341","19,085,664",66.28%,2021-12-31,2021,minority_shareholder
20250327000896,Y,00146454,일양약품,소액주주,"45,185","45,188",99.99%,"13,182,822","19,085,664",69.06%,2022-12-31,2022,minority_shareholder
20250327000993,Y,00146454,일양약품,소액주주,"40,756","40,759",99.99%,"13,066,742","19,085,664",68.46%,2023-12-31,2023,minority_shareholder
20250327001173,Y,00146454,일양약품,소액주주,-,-,-,-,-,-,2024-12-31,2024,minority_shareholder
20190401004919,Y,00163512,한진,소액주주,"4,914",-,99.58%,"5,465,111",-,45.63%,2018-12-31,2018,minority_shareholder
20200330004261,Y,00163512,한진,소액주주,"6,633",-,99.69%,"5,292,408",-,44.19%,2019-12-31,2019,minority_shareholder
20210325000974,Y,00163512,한진,소액주주,"12,443","12,461",99.88%,"6,402,129","14,947,628",42.84%,2020-12-31,2020,minority_shareholder
20220812000715,Y,00163512,한진,소액주주,"18,261","18,277",99.93%,"7,179,950","14,947,628",48.05%,2021-12-31,2021,minority_shareholder
20230315001412,Y,00163512,한진,소액주주,"17,798","17,820",99.89%,"6,797,180","14,947,628",45.49%,2022-12-31,2022,minority_shareholder
20240328001771,Y,00163512,한진,소액주주,"16,557","16,579",99.89%,"6,745,251","14,947,628",45.15%,2023-12-31,2023,minority_shareholder
20250317000904,Y,00163512,한진,소액주주,"16,146","16,166",99.89%,"6,635,599","14,947,628",44.41%,2024-12-31,2024,minority_shareholder
20190401002821,Y,00158112,한국수출포장공업,소액주주,"2,022",-,99.65%,"1,820,177",-,45.50%,2018-12-31,2018,minority_shareholder
20200330002791,Y,00158112,한국수출포장공업,소액주주,"2,522",-,99.72%,"1,842,590",-,46.06%,2019-12-31,2019,minority_shareholder
20210316000316,Y,00158112,한국수출포장공업,소액주주,"3,392","3,401",99.73%,"1,842,590","4,000,000",46.06%,2020-12-31,2020,minority_shareholder
20220316000914,Y,00158112,한국수출포장공업,소액주주,"5,470","5,480",99.81%,"1,640,933","4,000,000",41.02%,2021-12-31,2021,minority_shareholder
20230315000812,Y,00158112,한국수출포장공업,소액주주,"5,215","4,224",99.78%,"1,685,832","4,000,000",42.14%,2022-12-31,2022,minority_shareholder
20240313000870,Y,00158112,한국수출포장공업,소액주주,"5,215","4,224",99.78%,"16,858,320","40,000,000",42.14%,2023-12-31,2023,minority_shareholder
20250312000675,Y,00158112,한국수출포장공업,소액주주,"4,965","4,972",99.85%,"17,018,529","40,000,000",42.54%,2024-12-31,2024,minority_shareholder
20220217000981,Y,00164742,현대자동차,소액주주,"138,334",-,99.99%,"109,022,125",-,51.02%,2018-12-31,2018,minority_shareholder
20220217001012,Y,00164742,현대자동차,소액주주,"141,067",-,99.94%,"105,279,706",-,49.27%,2019-12-31,2019,minority_shareholder
20220217001036,Y,00164742,현대자동차,소액주주,"581,803","581,875",99.99%,"111,742,403","213,668,187",52.30%,2020-12-31,2020,minority_shareholder
20240314001466,Y,00164742,현대자동차,소액주주,"1,062,211","1,062,281",99.99%,"115,164,267","213,668,187",53.90%,2021-12-31,2021,minority_shareholder
20240314001531,Y,00164742,현대자동차,소액주주,"1,082,890","1,082,966",99.99%,"111,531,693","213,668,187",52.20%,2022-12-31,2022,minority_shareholder
20240313001451,Y,00164742,현대자동차,소액주주,"889,224","889,298",99.99%,"111,113,584","211,531,506",52.53%,2023-12-31,2023,minority_shareholder
20250312001148,Y,00164742,현대자동차,소액주주,"636,165","636,174",99.99%,"117,492,541","209,416,191",56.10%,2024-12-31,2024,minority_shareholder
20190401001824,Y,00121288,모나미,소액주주,"7,296",-,99.86%,"12,125,478",-,64.17%,2018-12-31,2018,minority_shareholder
20200330001879,Y,00121288,모나미,소액주주,"16,631",-,99.94%,"11,407,258",-,60.36%,2019-12-31,2019,minority_shareholder
20210331000541,Y,00121288,모나미,소액주주,"31,961","31,966",99.98%,"13,362,073","18,897,307",70.70%,2020-12-31,2020,minority_shareholder
20220321000384,Y,00121288,모나미,소액주주,"31,961","31,966",99.98%,"13,613,395","18,897,307",72.03%,2021-12-31,2021,minority_shareholder
20230321000713,Y,00121288,모나미,소액주주,"29,733","29,739",99.97%,"13,708,842","18,897,307",72.54%,2022-12-31,2022,minority_shareholder
20240320000713,Y,00121288,모나미,소액주주,"28,262","28,271",99.97%,"13,336,324","18,897,307",70.57%,2023-12-31,2023,minority_shareholder
20250321000631,Y,00121288,모나미,소액주주,"25,211","25,219",99.97%,"13,567,646","18,897,307",71.80%,2024-12-31,2024,minority_shareholder
20190329004259,Y,00162461,한화솔루션,소액주주,"89,129",-,99.99%,"96,494,016",-,58.75%,2018-12-31,2018,minority_shareholder
20200402001215,Y,00162461,한화솔루션,소액주주,"76,123",-,99.9%,"93,925,808",-,57.7%,2019-12-31,2019,minority_shareholder
20210316001231,Y,00162461,한화솔루션,소액주주,"247,406","247,408",99.99%,"92,854,650","160,988,234",57.67%,2020-12-31,2020,minority_shareholder
20220728000033,Y,00162461,한화솔루션,소액주주,"368,534","368,538",99.99%,"99,860,287","192,402,234",51.9%,2021-12-31,2021,minority_shareholder
20230315001436,Y,00162461,한화솔루션,소액주주,"238,874","238,881",99.99%,"101,171,809","192,402,234",52.58%,2022-12-31,2022,minority_shareholder
20240328000654,Y,00162461,한화솔루션,소액주주,"272,971","272,978",99.99%,"90,570,151","174,467,885",51.91%,2023-12-31,2023,minority_shareholder
20250317001024,Y,00162461,한화솔루션,소액주주,"291,065","291,070",99.99%,"92,860,981","171,892,536",54.02%,2024-12-31,2024,minority_shareholder
20190329001193,Y,00159810,카프로,소액주주,"18,129",-,99.99%,"31,516,043",-,78.79%,2018-12-31,2018,minority_shareholder
20200327000455,Y,00159810,카프로,소액주주,"16,241",-,99.98%,"31,504,733",-,78.76%,2019-12-31,2019,minority_shareholder
20210316000698,Y,00159810,카프로,소액주주,"15,086","15,089",99.98%,"31,064,733","40,000,000",77.66%,2020-12-31,2020,minority_shareholder
20220315000294,Y,00159810,카프로,소액주주,"19,834","19,838",99.98%,"30,027,821","40,000,000",75.07%,2021-12-31,2021,minority_shareholder
20230711000073,Y,00159810,카프로,소액주주,"17,620","17,624",99.97%,"30,584,848","40,000,000",76.46%,2022-12-31,2022,minority_shareholder
20240813001630,Y,00159810,카프로,소액주주,"17,781","17,782",99.99%,"36,174,260","40,000,000",90.43%,2023-12-31,2023,minority_shareholder
20250320001650,Y,00159810,카프로,소액주주,"16,058","16,065",99.96%,"9,775,292","168,999,996",5.78%,2024-12-31,2024,minority_shareholder
20190814000012,Y,00112970,대한방직,소액주주,"1,460",-,98.72%,"2,133,903",-,40.26%,2018-12-31,2018,minority_shareholder
20200330004651,Y,00112970,대한방직,소액주주,983,-,98.79%,"2,233,876",-,42.15%,2019-12-31,2019,minority_shareholder
20210329000181,Y,00112970,대한방직,소액주주,"1,172","1,190",98.49%,"1,688,401","5,300,000",31.86%,2020-12-31,2020,minority_shareholder
20220328001072,Y,00112970,대한방직,소액주주,934,955,97.80%,"1,500,803","5,300,000",28.32%,2021-12-31,2021,minority_shareholder
20230316001199,Y,00112970,대한방직,소액주주,761,784,97.06%,"1,492,634","5,300,000",28.16%,2022-12-31,2022,minority_shareholder
20240314001520,Y,00112970,대한방직,소액주주,"2,759","2,774",99.46%,"1,520,516","5,300,000",28.69%,2023-12-31,2023,minority_shareholder
20250814002484,Y,00112970,대한방직,소액주주,"2,252","2,266",99.38%,"1,539,554","5,300,000",29.05%,2024-12-31,2024,minority_shareholder
20190329002468,Y,00130879,서울식품공업,소액주주,"14,908",-,99.93%,"270,347,350",-,80.12%,2018-12-31,2018,minority_shareholder
20200330002064,Y,00130879,서울식품공업,소액주주,"15,381",-,99.93%,"265,760,334",-,78.76%,2019-12-31,2019,minority_shareholder
20210317000932,Y,00130879,서울식품공업,소액주주,"39,480","39,491",99.97%,"286,686,644","362,085,308",79.18%,2020-12-31,2020,minority_shareholder
20220323000713,Y,00130879,서울식품공업,소액주주,"79,781","79,791",99.99%,"304,250,432","372,316,535",81.72%,2021-12-31,2021,minority_shareholder
20230323000423,Y,00130879,서울식품공업,소액주주,"77,508","77,518",99.99%,"306,118,956","374,755,559",81.68%,2022-12-31,2022,minority_shareholder
20240320001070,Y,00130879,서울식품공업,소액주주,"71,847","71,855",99.99%,"314,923,152","374,755,559",84.04%,2023-12-31,2023,minority_shareholder
20250320000850,Y,00130879,서울식품공업,소액주주,"65,935","65,944",99.99%,"314,793,840","374,755,559",84.00%,2024-12-31,2024,minority_shareholder
20190328001598,Y,00106395,금호전기,소액주주,"6,667",-,99.84%,"3,441,968",-,49.34%,2018-12-31,2018,minority_shareholder
20200330004549,Y,00106395,금호전기,소액주주,"8,351",-,99.78%,"6,615,325",-,63.45%,2019-12-31,2019,minority_shareholder
20210331002867,Y,00106395,금호전기,소액주주,"6,687","6,698",99.87%,"6,805,724","11,981,820",56.82%,2020-12-31,2020,minority_shareholder
20220811000312,Y,00106395,금호전기,소액주주,"7,258","7,273",99.82%,"10,872,418","20,670,065",52.61%,2021-12-31,2021,minority_shareholder
20230321001127,Y,00106395,금호전기,소액주주,"10,375","10,388",99.87%,"16,684,759","27,554,191",60.57%,2022-12-31,2022,minority_shareholder
20240320001009,Y,00106395,금호전기,소액주주,"10,388","10,404",99.88%,"20,180,912","37,043,013",54.50%,2023-12-31,2023,minority_shareholder
20250318000723,Y,00106395,금호전기,소액주주,"9,002","9,022",99.78%,"24,240,887","56,089,833",43.22%,2024-12-31,2024,minority_shareholder
20211210000468,Y,00106641,기아,소액주주,"158,871",-,99.99%,"210,805,485",-,52.00%,2018-12-31,2018,minority_shareholder
20211210000477,Y,00106641,기아,소액주주,"126,510",-,99.99%,"215,205,690",-,53.09%,2019-12-31,2019,minority_shareholder
20211210000500,Y,00106641,기아,소액주주,"248,759","248,765",99.99%,"219,517,507","405,363,347",54.15%,2020-12-31,2020,minority_shareholder
20220321000650,Y,00106641,기아,소액주주,"597,198","597,205",99.99%,"226,433,293","405,363,347",55.85%,2021-12-31,2021,minority_shareholder
20230309000734,Y,00106641,기아,소액주주,"620,723","620,730",99.99%,"223,469,217","405,363,347",55.12%,2022-12-31,2022,minority_shareholder
20240312000909,Y,00106641,기아,소액주주,"395,265","395,271",99.99%,"222,360,477","402,044,203",55.30%,2023-12-31,2023,minority_shareholder
20250313001390,Y,00106641,기아,소액주주,"385,235","385,241",99.99%,"218,320,550","397,672,632",54.89%,2024-12-31,2024,minority_shareholder
20190401004479,Y,00156488,휴스틸,소액주주,"6,060",-,99.77%,"3,283,247",-,43.57%,2018-12-31,2018,minority_shareholder
20200330004131,Y,00156488,휴스틸,소액주주,"5,512",-,99.73%,"3,099,349",-,40.66%,2019-12-31,2019,minority_shareholder
20210323001094,Y,00156488,휴스틸,소액주주,"4,830","4,842",99.75%,"3,495,146","7,621,668",45.86%,2020-12-31,2020,minority_shareholder
20220323001079,Y,00156488,휴스틸,소액주주,"8,494","8,508",99.84%,"3,623,485","7,837,615",46.23%,2021-12-31,2021,minority_shareholder
20230322001091,Y,00156488,휴스틸,소액주주,"14,399","14,412",99.91%,"26,487,272","56,188,075",47.14%,2022-12-31,2022,minority_shareholder
20240320001603,Y,00156488,휴스틸,소액주주,"18,919","18,932",99.93%,"27,345,077","56,188,075",48.67%,2023-12-31,2023,minority_shareholder
20250318001178,Y,00156488,휴스틸,소액주주,"18,585","18,596",99.94%,"29,186,465","56,188,075",51.94%,2024-12-31,2024,minority_shareholder
20190408002703,Y,00117230,TYM,소액주주,"10,940",-,99.87%,"39,610,547",-,60.58%,2018-12-31,2018,minority_shareholder
20200331001605,Y,00117230,TYM,소액주주,"15,490",-,99.93%,"69,446,962",-,55.16%,2019-12-31,2019,minority_shareholder
20210319000739,Y,00117230,TYM,소액주주,"15,523","15,533",99.93%,"68,506,222","134,954,490",50.76%,2020-12-31,2020,minority_shareholder
20220321001204,Y,00117230,TYM,소액주주,"38,403","38,414",99.97%,"84,544,394","151,529,572",55.79%,2021-12-31,2021,minority_shareholder
20230322001174,Y,00117230,TYM,소액주주,"41,557","41,566",99.97%,"87,951,614","152,353,747",57.72%,2022-12-31,2022,minority_shareholder
20240321000848,Y,00117230,TYM,소액주주,"34,252","34,262",99.97%,"25,997,402","45,050,956",57.70%,2023-12-31,2023,minority_shareholder
20250319000651,Y,00117230,TYM,소액주주,"31,594","31,604",99.97%,"25,100,243","45,050,956",55.72%,2024-12-31,2024,minority_shareholder
20190401004314,Y,00111810,대웅,소액주주,"6,087",-,99.67%,"14,259,948",-,24.52%,2018-12-31,2018,minority_shareholder
20200330004505,Y,00111810,대웅,소액주주,"5,899",-,99.65%,"14,425,619",-,24.81%,2019-12-31,2019,minority_shareholder
20210318001277,Y,00111810,대웅,소액주주,"43,456","43,475",99.96%,"13,239,297","41,548,566",31.86%,2020-12-31,2020,minority_shareholder
20220321000991,Y,00111810,대웅,소액주주,"36,302","36,320",99.95%,"13,201,416","41,565,691",22.71%,2021-12-31,2021,minority_shareholder
20230321000752,Y,00111810,대웅,소액주주,"33,261","33,278",99.95%,"16,072,376","41,851,340",38.40%,2022-12-31,2022,minority_shareholder
20240320001160,Y,00111810,대웅,소액주주,"31,038","31,055",99.95%,"16,604,990","58,141,980",28.56%,2023-12-31,2023,minority_shareholder
20250814004337,Y,00111810,대웅,소액주주,"24,274","24,292",99.94%,"12,703,191","58,141,980",21.86%,2024-12-31,2024,minority_shareholder
20190401001557,Y,00150439,진양산업,소액주주,"5,595",-,99.9%,"7,375,181",-,56.74%,2018-12-31,2018,minority_shareholder
20200330001309,Y,00150439,진양산업,소액주주,"5,063",-,99.9%,"6,684,780",-,51.42%,2019-12-31,2019,minority_shareholder
20210310000533,Y,00150439,진양산업,소액주주,"6,579","6,580",99.98%,"7,126,210","13,000,000",54.82%,2020-12-31,2020,minority_shareholder
20220308000794,Y,00150439,진양산업,소액주주,"5,831","5,837",99.90%,"6,027,912","13,000,000",46.37%,2021-12-31,2021,minority_shareholder
20230308000725,Y,00150439,진양산업,소액주주,"7,829","7,832",99.96%,"6,703,695","13,000,000",51.56%,2022-12-31,2022,minority_shareholder
20240306000492,Y,00150439,진양산업,소액주주,"7,891","7,894",99.96%,"6,640,415","13,000,000",51.08%,2023-12-31,2023,minority_shareholder
20250305000675,Y,00150439,진양산업,소액주주,"7,762","7,763",99.98%,"7,126,210","13,000,000",54.82%,2024-12-31,2024,minority_shareholder
20190401002575,Y,00141149,영진약품,소액주주,"55,746",-,99.99%,"86,958,196",-,47.55%,2018-12-31,2018,minority_shareholder
20200330001716,Y,00141149,영진약품,소액주주,"52,485",-,99.99%,"83,915,852",-,45.89%,2019-12-31,2019,minority_shareholder
20210311000691,Y,00141149,영진약품,소액주주,"86,763","86,768",99.99%,"80,723,245","182,892,731",44.14%,2020-12-31,2020,minority_shareholder
20220318000145,Y,00141149,영진약품,소액주주,"98,527","98,531",100.00%,"81,176,112","182,892,731",44.38%,2021-12-31,2021,minority_shareholder
20230315001174,Y,00141149,영진약품,소액주주,"99,322","99,325",100.00%,"84,395,101","182,892,731",46.14%,2022-12-31,2022,minority_shareholder
20240320001268,Y,00141149,영진약품,소액주주,"90,848","90,850",100.00%,"86,963,799","182,892,731",47.55%,2023-12-31,2023,minority_shareholder
20250814000584,Y,00141149,영진약품,소액주주,"82,673","82,676",100.00%,"86,963,799","182,892,731",47.55%,2024-12-31,2024,minority_shareholder
20210317000416,Y,00105271,케이씨씨,소액주주,"12,458",-,99.85%,"4,229,015",-,40.06%,2018-12-31,2018,minority_shareholder
20210317000457,Y,00105271,케이씨씨,소액주주,"13,188",-,99.86%,"4,337,160",-,41.09%,2019-12-31,2019,minority_shareholder
20210318000812,Y,00105271,케이씨씨,소액주주,"18,489","18,507",99.90%,"3,219,555","7,658,153",42.04%,2020-12-31,2020,minority_shareholder
20220317001213,Y,00105271,케이씨씨,소액주주,"29,026","29,042",99.94%,"3,410,320","7,658,153",44.53%,2021-12-31,2021,minority_shareholder
20230316000762,Y,00105271,케이씨씨,소액주주,"32,740","32,758",99.95%,"3,165,120","7,354,171",43.04%,2022-12-31,2022,minority_shareholder
20240327001177,Y,00105271,케이씨씨,소액주주,"26,405","26,424",99.93%,"3,094,447","7,354,171",42.08%,2023-12-31,2023,minority_shareholder
20250313001099,Y,00105271,케이씨씨,소액주주,"20,695","20,713",99.91%,"3,364,573","8,886,471",37.86%,2024-12-31,2024,minority_shareholder
20190401004636,Y,00120571,롯데칠성음료,소액주주,"4,438",-,99.62%,"238,573",-, 29.85%,2018-12-31,2018,minority_shareholder
20200330003627,Y,00120571,롯데칠성음료,소액주주,"5,864",-,99.76%,"2,465,480",-,30.87%,2019-12-31,2019,minority_shareholder
20210315000941,Y,00120571,롯데칠성음료,소액주주,"15,034","15,055",99.86%,"2,912,765","8,975,123",32.45%,2020-12-31,2020,minority_shareholder
20220317000852,Y,00120571,롯데칠성음료,소액주주,"15,517","15,537",99.87%,"2,737,283","9,278,884",29.50%,2021-12-31,2021,minority_shareholder
20230314001296,Y,00120571,롯데칠성음료,소액주주,"10,476","10,493",99.84%,"3,038,828","9,278,884",32.75%,2022-12-31,2022,minority_shareholder
20240326000264,Y,00120571,롯데칠성음료,소액주주,"11,702","11,721",99.84%,"2,813,212","9,278,884",30.32%,2023-12-31,2023,minority_shareholder
20250317000932,Y,00120571,롯데칠성음료,소액주주,-,-,-,-,-,-,2024-12-31,2024,minority_shareholder
20190401001048,Y,00146269,일신방직,소액주주,"1,722",-,98.34%,"804,135",-,33.51%,2018-12-31,2018,minority_shareholder
20200330002341,Y,00146269,일신방직,소액주주,"1,870",-,98.47%,"796,716",-,33.20%,2019-12-31,2019,minority_shareholder
20210317000634,Y,00146269,일신방직,소액주주,"2,288","2,317",98.75%,"1,046,518","2,400,000",43.6%,2020-12-31,2020,minority_shareholder
20220725000075,Y,00146269,일신방직,소액주주,"2,945","2,973",99.06%,"1,057,178","2,400,000",44.05%,2021-12-31,2021,minority_shareholder
20230315001185,Y,00146269,일신방직,소액주주,"2,746","2,774",98.99%,"1,057,298","2,400,000",44.05%,2022-12-31,2022,minority_shareholder
20240320001530,Y,00146269,일신방직,소액주주,"2,746","2,774",98.99%,"10,572,980","23,280,000",45.41%,2023-12-31,2023,minority_shareholder
20250319000250,Y,00146269,일신방직,소액주주,"2,398","2,431",98.64%,"6,881,974","23,280,000",29.56%,2024-12-31,2024,minority_shareholder
20190401002539,Y,00154462,아모레퍼시픽홀딩스,소액주주,"18,105",-,99.92%,"19,754,070",-,23.95%,2018-12-31,2018,minority_shareholder
20200429000864,Y,00154462,아모레퍼시픽홀딩스,소액주주,"13,895",-,99.91%,"19,401,483",-,23.52%,2019-12-31,2019,minority_shareholder
20210311001021,Y,00154462,아모레퍼시픽홀딩스,소액주주,"30,066","30,076",99.95%,"20,144,327","82,458,180",24.42%,2020-12-31,2020,minority_shareholder
20220316000873,Y,00154462,아모레퍼시픽홀딩스,소액주주,"55,715","55,730",99.99%,"19,509,649","82,458,180",23.68%,2021-12-31,2021,minority_shareholder
20230309000832,Y,00154462,아모레퍼시픽홀딩스,소액주주,"56,261","56,276",99.97%,"20,456,163","82,458,180",24.81%,2022-12-31,2022,minority_shareholder
20240307000584,Y,00154462,아모레퍼시픽홀딩스,소액주주,"51,867","51,882",99.98%,"20,860,534","82,458,180",25.30%,2023-12-31,2023,minority_shareholder
20250317000463,Y,00154462,아모레퍼시픽홀딩스,소액주주,"48,364","48,382",99.96%,"22,093,435","82,458,180",26.79%,2024-12-31,2024,minority_shareholder
20190401003706,Y,00122898,벽산,소액주주,"10,313",-,99.81%,"30,256,538",-,44.13%,2018-12-31,2018,minority_shareholder
20200330003664,Y,00122898,벽산,소액주주,"9,914",-,99.82%,"33,504,356",-,48.87%,2019-12-31,2019,minority_shareholder
20210319000834,Y,00122898,벽산,소액주주,"12,410","12,428",99.87%,"33,937,746","56,154,920",60.44%,2020-12-31,2020,minority_shareholder
20220321000885,Y,00122898,벽산,소액주주,"27,184","27,198",99.95%,"34,044,669","56,154,920",60.63%,2021-12-31,2021,minority_shareholder
20230321000942,Y,00122898,벽산,소액주주,"24,536","24,552",99.93%,"35,819,376","56,154,920",63.79%,2022-12-31,2022,minority_shareholder
20240320001583,Y,00122898,벽산,소액주주,"18,655","18,673",99.90%,"33,498,651","55,045,902",60.86%,2023-12-31,2023,minority_shareholder
20250321001224,Y,00122898,벽산,소액주주,"17,960","17,980",99.89%,"34,144,656","55,981,885",60.99%,2024-12-31,2024,minority_shareholder
20190329002583,Y,00113243,대한제분,소액주주,"2,012",-,98.72%,"609,173",-,36.05%,2018-12-31,2018,minority_shareholder
20200330002496,Y,00113243,대한제분,소액주주,-,-,-,-,-,-,2019-12-31,2019,minority_shareholder
20210318001080,Y,00113243,대한제분,소액주주,"4,561","4,591",99.35%,"606,525","1,690,000",35.89%,2020-12-31,2020,minority_shareholder
20220317001052,Y,00113243,대한제분,소액주주,"11,479","11,505",99.79%,"714,850","1,690,000",42.31%,2021-12-31,2021,minority_shareholder
20230316001412,Y,00113243,대한제분,소액주주,"7,709","7,735",99.68%,"692,460","1,690,000",40.98%,2022-12-31,2022,minority_shareholder
20240510001061,Y,00113243,대한제분,소액주주,"7,567","7,593",99.67%,"671,272","1,690,000",39.72%,2023-12-31,2023,minority_shareholder
20250313001408,Y,00113243,대한제분,소액주주,"5,559","5,583",99.59%,"718,876","1,690,000",42.54%,2024-12-31,2024,minority_shareholder
20190401002441,Y,00121941,대상,소액주주,"17,929",-,99.96%,"14,352,997",-,41.43%,2018-12-31,2018,minority_shareholder
20200330003287,Y,00121941,대상,소액주주,"17,972",-,99.97%,"14,584,091",-,42.09%,2019-12-31,2019,minority_shareholder
20210318001155,Y,00121941,대상,소액주주,"38,562","38,567",99.99%,"14,658,051","34,648,025",42.31%,2020-12-31,2020,minority_shareholder
20220816001426,Y,00121941,대상,소액주주,"64,515","64,520",99.99%,"15,322,198","34,648,025",44.22%,2021-12-31,2021,minority_shareholder
20230316001258,Y,00121941,대상,소액주주,"56,228","56,233",99.99%,"15,001,199","34,648,025",43.30%,2022-12-31,2022,minority_shareholder
20240327000761,Y,00121941,대상,소액주주,"50,946","50,951",99.99%,"14,907,968","34,648,025",43.03%,2023-12-31,2023,minority_shareholder
20250321000555,Y,00121941,대상,소액주주,"38,691","38,696",99.99%,"12,774,997","34,648,025",36.87%,2024-12-31,2024,minority_shareholder
20180629000806,Y,00159573,한국주철관공업,소액주주,"4,798",-,99.62%,"4,221,184",-,18.50%,2018-03-31,2018,minority_shareholder
20190701000238,Y,00159573,한국주철관공업,소액주주,"5,377",-,99.68%,"4,251,454",-,18.64%,2019-03-31,2019,minority_shareholder
20200629000304,Y,00159573,한국주철관공업,소액주주,"5,894",-,99.73%,"4,499,017",-,19.74%,2020-03-31,2020,minority_shareholder
20210317000600,Y,00159573,한국주철관공업,소액주주,"9,123","9,138",99.85%,"6,667,925","22,800,500",29.25%,2020-12-31,2020,minority_shareholder
20220317000790,Y,00159573,한국주철관공업,소액주주,"11,749","11,763",99.89%,"7,648,946","22,800,500",33.55%,2021-12-31,2021,minority_shareholder
20230316000941,Y,00159573,한국주철관공업,소액주주,"13,543","13,557",99.91%,"7,826,244","22,800,500",34.33%,2022-12-31,2022,minority_shareholder
20240321000781,Y,00159573,한국주철관공업,소액주주,"11,559","11,572",99.89%,"7,952,480","22,800,500",34.88%,2023-12-31,2023,minority_shareholder
20250320000304,Y,00159573,한국주철관공업,소액주주,"10,854","10,867",99.89%,"8,400,169","22,800,500",36.86%,2024-12-31,2024,minority_shareholder
20210624000368,Y,00162993,한일홀딩스,소액주주,"2,871",-,99.07%,"1,287,466",-,21.47%,2018-12-31,2018,minority_shareholder
20200330004587,Y,00162993,한일홀딩스,소액주주,"3,134",-,99.15%,"1,113,197",-,18.57%,2019-12-31,2019,minority_shareholder
20210317001064,Y,00162993,한일홀딩스,소액주주,"2,966","2,986",99.40%,"5,313,405","28,815,780",18.44%,2020-12-31,2020,minority_shareholder
20220321000887,Y,00162993,한일홀딩스,소액주주,"3,685","3,701",99.57%,"5,706,412","28,815,780",19.80%,2021-12-31,2021,minority_shareholder
20230717000230,Y,00162993,한일홀딩스,소액주주,"3,791","3,808",99.55%,"6,112,467","30,832,884",19.82%,2022-12-31,2022,minority_shareholder
20240320001809,Y,00162993,한일홀딩스,소액주주,"4,298","4,325",99.38%,"4,913,423","30,832,884",15.94%,2023-12-31,2023,minority_shareholder
20250318001319,Y,00162993,한일홀딩스,소액주주,"3,733","3,761",99.26%,"4,587,025","30,832,884",14.88%,2024-12-31,2024,minority_shareholder
20190401002787,Y,00108038,엔피씨,소액주주,"1,641",-,98.97%,"5,366,307",-,14.61%,2018-12-31,2018,minority_shareholder
20200330003696,Y,00108038,엔피씨,소액주주,"2,040",-,98.69%,"4,929,851",-,13.43%,2019-12-31,2019,minority_shareholder
20210323000416,Y,00108038,엔피씨,소액주주,"3,132","3,178",99.49%,"7,662,784","36,720,000",20.86%,2020-12-31,2020,minority_shareholder
20220323001097,Y,00108038,엔피씨,소액주주,"24,283","24,302",99.92%,"12,781,388","36,720,000",34.81%,2021-12-31,2021,minority_shareholder
20230323001360,Y,00108038,엔피씨,소액주주,"27,409","27,429",99.93%,"13,252,599","36,720,000",36.09%,2022-12-31,2022,minority_shareholder
20240321001040,Y,00108038,엔피씨,소액주주,"25,401","25,421",99.92%,"13,180,399","36,720,000",35.89%,2023-12-31,2023,minority_shareholder
20250321001553,Y,00108038,엔피씨,소액주주,"19,035","19,053",99.91%,"10,594,419","36,720,000",28.85%,2024-12-31,2024,minority_shareholder
20190329003853,Y,00113207,대한전선,소액주주,"54,662",-,99.98%,"113,908,009",-,12.37%,2018-12-31,2018,minority_shareholder
20200327002123,Y,00113207,대한전선,소액주주,"54,930",-,99.98%,"168,305,949",-,19.65%,2019-12-31,2019,minority_shareholder
20210318001288,Y,00113207,대한전선,소액주주,"83,160","83,168",99.99%,"241,291,367","856,473,009",28.17%,2020-12-31,2020,minority_shareholder
20220322001052,Y,00113207,대한전선,소액주주,"465,852","465,856",99.99%,"461,648,442","856,473,009",53.90%,2021-12-31,2021,minority_shareholder
20230322001136,Y,00113207,대한전선,소액주주,"479,734","479,737",99.99%,"701,790,573","1,244,473,009",56.39%,2022-12-31,2022,minority_shareholder
20240321001692,Y,00113207,대한전선,소액주주,"236,776","236,778",99.99%,"72,492,641","123,675,213",58.62%,2023-12-31,2023,minority_shareholder
20250325001056,Y,00113207,대한전선,소액주주,"234,902","234,905",99.99%,"98,807,541","185,758,009",53.19%,2024-12-31,2024,minority_shareholder
20190408002984,Y,00113234,대한제당,소액주주,"2,061",-,99.32%,"2,146,467",-,24.28%,2018-12-31,2018,minority_shareholder
20200330002117,Y,00113234,대한제당,소액주주,"2,329",-,98.64%,"1,938,339",-,21.93%,2019-12-31,2019,minority_shareholder
20210419000297,Y,00113234,대한제당,소액주주,"2,499","2,531",98.74%,"2,048,507","8,969,658",22.84%,2020-12-31,2020,minority_shareholder
20220317000728,Y,00113234,대한제당,소액주주,"15,125","15,206",99.47%,"28,440,225","89,696,580",31.71%,2021-12-31,2021,minority_shareholder
20230316001046,Y,00113234,대한제당,소액주주,"29,267","35,657",99.96%,"32,389,330","89,696,580",36.10%,2022-12-31,2022,minority_shareholder
20240314001234,Y,00113234,대한제당,소액주주,"31,676","31,688",99.96%,"34,020,017","89,696,580",37.92%,2023-12-31,2023,minority_shareholder
20250313001084,Y,00113234,대한제당,소액주주,"25,350","25,363",99.95%,"30,050,822","89,696,580",33.50%,2024-12-31,2024,minority_shareholder
20190329001777,Y,00133618,세기상사,소액주주,790,-,98.25%,"121,244",-,29.74%,2018-12-31,2018,minority_shareholder
20200512000314,Y,00133618,세기상사,소액주주,980,-,99.98%,"151,547",-,37.18%,2019-12-31,2019,minority_shareholder
20210326001276,Y,00133618,세기상사,소액주주,940,946,99.37%,"180,748","407,592",44.35%,2020-12-31,2020,minority_shareholder
20220310000216,Y,00133618,세기상사,소액주주,"2,331","2,338",99.70%,"179,891","4,075,920",44.14%,2021-12-31,2021,minority_shareholder
20230322000452,Y,00133618,세기상사,소액주주,"1,808","1,819",99.39%,"1,954,395","5,293,148",36.92%,2022-12-31,2022,minority_shareholder
20240315000554,Y,00133618,세기상사,소액주주,"1,522","1,533",99.28%,"1,829,247","5,558,848",32.90%,2023-12-31,2023,minority_shareholder
20250318000783,Y,00133618,세기상사,소액주주,"1,726","1,734",99.53%,"2,012,152","5,558,848",36.19%,2024-12-31,2024,minority_shareholder
20190628000036,Y,00147222,전방,소액주주,-,-,-,-,-,-,2018-12-31,2018,minority_shareholder
20210215001241,Y,00147222,전방,소액주주,"1,347",-,99.18%,"576,918",-,34.34%,2019-12-31,2019,minority_shareholder
20210318001043,Y,00147222,전방,소액주주,"1,430","1,445",98.96%,"543,977","1,680,000",32.38%,2020-12-31,2020,minority_shareholder
20220317000094,Y,00147222,전방,소액주주,"1,187","1,203",98.67%,"519,977","1,680,000",30.95%,2021-12-31,2021,minority_shareholder
20260602000419,Y,00147222,전방,소액주주,"1,488","1,501",99.13%,"565,713","1,680,000",33.67%,2022-12-31,2022,minority_shareholder
20260602000431,Y,00147222,전방,소액주주,"1,493","1,505",99.20%,"550,510","1,680,000",32.76%,2023-12-31,2023,minority_shareholder
20260602000444,Y,00147222,전방,소액주주,"1,358","1,370",99.12%,"568,227","1,680,000",33.82%,2024-12-31,2024,minority_shareholder
20200409002561,Y,00113526,대한항공,소액주주,"71,162",-,97.81%,"55,300,817",-,57.62%,2018-12-31,2018,minority_shareholder
20200414002243,Y,00113526,대한항공,소액주주,"81,739",-,97.78%,"56,323,320",-,58.69%,2019-12-31,2019,minority_shareholder
20210318001404,Y,00113526,대한항공,소액주주,"364,757","370,840",98.36%,"99,693,540","175,320,507",56.86%,2020-12-31,2020,minority_shareholder
20220315001120,Y,00113526,대한항공,소액주주,"878,262","888,423",98.85%,"202,463,650","348,931,619",58.02%,2021-12-31,2021,minority_shareholder
20230314000740,Y,00113526,대한항공,소액주주,"822,797","832,009",98.89%,"220,353,118","369,331,455",59.66%,2022-12-31,2022,minority_shareholder
20240313001650,Y,00113526,대한항공,소액주주,"718,523","726,695",98.88%,"222,111,851","369,331,455",60.14%,2023-12-31,2023,minority_shareholder
20250318001334,Y,00113526,대한항공,소액주주,-,-,-,-,-,-,2024-12-31,2024,minority_shareholder
20190401004773,Y,00118345,디아이동일,소액주주,"1,678",-,98.53%,"789,804",-,33.21%,2018-12-31,2018,minority_shareholder
20200330004220,Y,00118345,디아이동일,소액주주,"2,371",-,99.12%,"689,884",-,28.49%,2019-12-31,2019,minority_shareholder
20210318001236,Y,00118345,디아이동일,소액주주,"3,739","3,761",99.42%,"886,382","2,465,609",35.95%,2020-12-31,2020,minority_shareholder
20220317000939,Y,00118345,디아이동일,소액주주,"12,336","12,355",99.84%,"956,474","2,510,655",38.10%,2021-12-31,2021,minority_shareholder
20230316001325,Y,00118345,디아이동일,소액주주,"15,293","15,310",99.89%,"10,781,980","25,568,270",42.17%,2022-12-31,2022,minority_shareholder
20240314001589,Y,00118345,디아이동일,소액주주,"12,905","12,924",99.85%,"10,646,227","24,738,643",43.03%,2023-12-31,2023,minority_shareholder
20250331004012,Y,00118345,디아이동일,소액주주,"7,543","7,556",99.82%,"10,267,504","21,433,322",47.9%,2024-12-31,2024,minority_shareholder
20190401002104,Y,00145109,유한양행,소액주주,"25,782",-,99.9%,"6,068,541",-,49.7%,2018-12-31,2018,minority_shareholder
20200330002408,Y,00145109,유한양행,소액주주,"20,008",-,99.7%,"5,524,694",-,43.2%,2019-12-31,2019,minority_shareholder
20210311000883,Y,00145109,유한양행,소액주주,"69,674","69,685",99.98%,"35,132,249","66,856,810",52.55%,2020-12-31,2020,minority_shareholder
20220310001178,Y,00145109,유한양행,소액주주,"87,266","87,327",99.93%,"31,459,743","69,972,959",44.96%,2021-12-31,2021,minority_shareholder
20230315001431,Y,00145109,유한양행,소액주주,"81,590","81,654",99.92%,"34,728,777","73,231,476",47.42%,2022-12-31,2022,minority_shareholder
20240307000960,Y,00145109,유한양행,소액주주,"85,928","85,991",99.93%,"35,956,079","76,638,657",46.92%,2023-12-31,2023,minority_shareholder
20250312001137,Y,00145109,유한양행,소액주주,"141,174","141,237",99.96%,"38,693,228","80,209,064",48.24%,2024-12-31,2024,minority_shareholder
20191002000600,Y,00113410,CJ대한통운,소액주주,"11,045",-,99.93%,"6,913,818",-,30.30%,2018-12-31,2018,minority_shareholder
20200330003195,Y,00113410,CJ대한통운,소액주주,"11,775",-,99.92%,"6,655,188",-,29.17%,2019-12-31,2019,minority_shareholder
20210319001047,Y,00113410,CJ대한통운,소액주주,"31,171","31,177",99.98%,"7,590,771","22,812,344",33.27%,2020-12-31,2020,minority_shareholder
20220318000927,Y,00113410,CJ대한통운,소액주주,"42,618","42,639",99.95%,"7,068,531","22,812,344",30.99%,2021-12-31,2021,minority_shareholder
20230317000857,Y,00113410,CJ대한통운,소액주주,"42,386","42,394",99.98%,"7,049,848","22,812,344",30.90%,2022-12-31,2022,minority_shareholder
20240320001789,Y,00113410,CJ대한통운,소액주주,"35,026","35,030",99.95%,"6,649,616","22,812,344",29.15%,2023-12-31,2023,minority_shareholder
20250317000953,Y,00113410,CJ대한통운,소액주주,"39,344","39,366",99.94%,"5,966,047","22,812,344",26.15%,2024-12-31,2024,minority_shareholder
20190401001920,Y,00101628,경방,소액주주,"2,182",-,99.27%,"5,890,813",-,21.48%,2018-12-31,2018,minority_shareholder
20200330002419,Y,00101628,경방,소액주주,"2,847",-,99.40%,"5,560,312",-,20.28%,2019-12-31,2019,minority_shareholder
20210316000402,Y,00101628,경방,소액주주,"2,690","2,719",98.93%,"4,268,335","26,015,270",16.41%,2020-12-31,2020,minority_shareholder
20220805000069,Y,00101628,경방,소액주주,"2,533","2,566",98.71%,"3,453,653","25,044,840",13.79%,2021-12-31,2021,minority_shareholder
20230317000682,Y,00101628,경방,소액주주,"2,384","2,417",98.63%,"2,951,410","24,915,270",11.85%,2022-12-31,2022,minority_shareholder
20240320000197,Y,00101628,경방,소액주주,"2,290","2,321",98.66%,"2,792,296","24,915,270",10.19%,2023-12-31,2023,minority_shareholder
20250320001362,Y,00101628,경방,소액주주,"2,300","2,333",98.59%,"2,791,144","24,915,270",10.18%,2024-12-31,2024,minority_shareholder
20190401004678,Y,00163673,한진중공업홀딩스,소액주주,"9,445",-,99.89%,"7,787,024",-,26.37%,2018-12-31,2018,minority_shareholder
20200330002029,Y,00163673,한진중공업홀딩스,소액주주,"9,084",-,99.89%,"8,053,483",-,27.27%,2019-12-31,2019,minority_shareholder
20210318000611,Y,00163673,한진중공업홀딩스,소액주주,"9,882","9,888",99.94%,"9,479,936","26,089,504",36.34%,2020-12-31,2020,minority_shareholder
20220323000386,Y,00163673,한진중공업홀딩스,소액주주,"10,805","10,809",99.96%,"11,806,911","26,089,504",45.26%,2021-12-31,2021,minority_shareholder
20230323001291,Y,00163673,한진중공업홀딩스,소액주주,"11,330","11,334",99.96%,"11,238,911","26,089,504",43.07%,2022-12-31,2022,minority_shareholder
20240321000495,Y,00163673,한진중공업홀딩스,소액주주,"10,734","10,738",99.96%,"11,206,911","26,089,504",42.96%,2023-12-31,2023,minority_shareholder
20250320000396,Y,00163673,한진중공업홀딩스,소액주주,"9,673","9,678",99.95%,"10,648,132","26,089,504",40.81%,2024-12-31,2024,minority_shareholder
